PitchNo,Date,Time,PAofInning,PitchofPA,Pitcher,PitcherId,PitcherThrows,PitcherTeam,Batter,BatterId,BatterSide,BatterTeam,PitcherSet,Inning,Top/Bottom,Outs,Balls,Strikes,TaggedPitchType,AutoPitchType,PitchCall,KorBB,TaggedHitType,PlayResult,OutsOnPlay,RunsScored,Notes,RelSpeed,VertRelAngle,HorzRelAngle,SpinRate,SpinAxis,Tilt,RelHeight,RelSide,Extension,VertBreak,InducedVertBreak,HorzBreak,PlateLocHeight,PlateLocSide,ZoneSpeed,VertApprAngle,HorzApprAngle,ZoneTime,ExitSpeed,Angle,Direction,HitSpinRate,PositionAt110X,PositionAt110Y,PositionAt110Z,Distance,LastTrackedDistance,Bearing,HangTime,pfxx,pfxz,x0,y0,z0,vx0,vy0,vz0,ax0,ay0,az0,HomeTeam,AwayTeam,Stadium,Level,League,GameID,PitchUID,EffectiveVelo,MaxHeight,MeasuredDuration,SpeedDrop,PitchLastMeasuredX,PitchLastMeasuredY,PitchLastMeasuredZ,ContactPositionX,ContactPositionY,ContactPositionZ,GameUID,UTCDate,UTCTime,LocalDateTime,UTCDateTime,AutoHitType,System,HomeTeamForeignID,AwayTeamForeignID,GameForeignID,Catcher,CatcherId,CatcherThrows,CatcherTeam,PlayID,PitchTrajectoryXc0,PitchTrajectoryXc1,PitchTrajectoryXc2,PitchTrajectoryYc0,PitchTrajectoryYc1,PitchTrajectoryYc2,PitchTrajectoryZc0,PitchTrajectoryZc1,PitchTrajectoryZc2,HitSpinAxis,HitTrajectoryXc0,HitTrajectoryXc1,HitTrajectoryXc2,HitTrajectoryXc3,HitTrajectoryXc4,HitTrajectoryXc5,HitTrajectoryXc6,HitTrajectoryXc7,HitTrajectoryXc8,HitTrajectoryYc0,HitTrajectoryYc1,HitTrajectoryYc2,HitTrajectoryYc3,HitTrajectoryYc4,HitTrajectoryYc5,HitTrajectoryYc6,HitTrajectoryYc7,HitTrajectoryYc8,HitTrajectoryZc0,HitTrajectoryZc1,HitTrajectoryZc2,HitTrajectoryZc3,HitTrajectoryZc4,HitTrajectoryZc5,HitTrajectoryZc6,HitTrajectoryZc7,HitTrajectoryZc8,ThrowSpeed,PopTime,ExchangeTime,TimeToBase,CatchPositionX,CatchPositionY,CatchPositionZ,ThrowPositionX,ThrowPositionY,ThrowPositionZ,BasePositionX,BasePositionY,BasePositionZ,ThrowTrajectoryXc0,ThrowTrajectoryXc1,ThrowTrajectoryXc2,ThrowTrajectoryYc0,ThrowTrajectoryYc1,ThrowTrajectoryYc2,ThrowTrajectoryZc0,ThrowTrajectoryZc1,ThrowTrajectoryZc2,PitchReleaseConfidence,PitchLocationConfidence,PitchMovementConfidence,HitLaunchConfidence,HitLandingConfidence,CatcherThrowCatchConfidence,CatcherThrowReleaseConfidence,CatcherThrowLocationConfidence
1,2026-09-10,14:26:40.64,,,,,Undefined,FOR_RAM,"Beaudreau, Bradley",1000297368,Left,FOR_RAM,Undefined,1,Bottom,0,0,0,Undefined,Curveball,Undefined,Undefined,Undefined,Undefined,0,0,,60.6243,3.597319,0.318604,1642.571109,32.262298,7:00,4.41207,0.1511,16.90934,-60.58425,-12.65001,-8.91898,2.01521,-0.3576,55.8827,-10.368279,-1.70355,0.498304,,,,,,,,,,,,7.05489,-10.08749,-0.11553,50,3.9547,-0.77385,-89.88116,8.06748,5.61487,16.3153,-40.20253,FOR_RAM,,FordhamUniversity,,,20260910-FordhamUniversity-BP-1,283c38a0-ad45-11f1-884b-8d6b77d225c8,75.64149,,,4.74161,,,,,,,ba7bdbee-570e-4ce4-ad5b-c43f8345b719,2026-09-10,18:26:40.64,2026-09-10T14:26:40.6417408-04:00,2026-09-10T18:26:40.6417408Z,,v3,471298,,,,,Undefined,FOR_RAM,1415ea7e-ea1e-48b1-af73-9fe9b888a74a,43.59579,-88.71105,8.15765,4.4299,5.18421,-20.10127,-0.15659,-0.37115,2.80743,,,,,,,,,,,,,,,,,,,,,,,,,,,,,,,,,,,,,,,,,,,,,,,,,,,High,High,High,,,,,
2,2026-09-10,14:26:51.53,,,,,Undefined,FOR_RAM,"Beaudreau, Bradley",1000297368,Left,FOR_RAM,Undefined,1,Bottom,0,0,0,Undefined,Curveball,Undefined,Undefined,Undefined,Undefined,0,0,,61.15225,3.977815,-0.354658,1830.162748,33.414992,7:00,4.43388,0.15189,17.13584,-58.84428,-12.16524,-8.98363,2.44762,-0.85644,56.21855,-9.673076,-2.400417,0.491736,,,,,,,,,,,,6.93052,-9.9669,-0.19227,50,3.9127,0.26663,-90.66262,8.79427,5.60586,16.73643,-40.23591,FOR_RAM,,FordhamUniversity,,,20260910-FordhamUniversity-BP-1,2eb8d5d0-ad45-11f1-884b-8d6b77d225c8,76.6517,,,4.9337,,,,,,,ba7bdbee-570e-4ce4-ad5b-c43f8345b719,2026-09-10,18:26:51.53,2026-09-10T14:26:51.5359232-04:00,2026-09-10T18:26:51.5359232Z,,v3,471298,,,,,Undefined,FOR_RAM,b05efc7a-e562-42df-897f-8b51b067cc5d,43.36868,-89.4301,8.36822,4.45124,5.83116,-20.11796,-0.15744,0.67946,2.80293,,,,,,,,,,,,,,,,,,,,,,,,,,,,,,,,,,,,,,,,,,,,,,,,,,,High,High,High,,,,,
3,2026-09-10,14:27:01.06,,,,,Undefined,FOR_RAM,"Beaudreau, Bradley",1000297368,Left,FOR_RAM,Undefined,1,Bottom,0,0,0,Undefined,Curveball,Undefined,Undefined,Undefined,Undefined,0,0,,58.13166,3.87933,1.10121,1607.092626,28.729672,7:00,4.43151,0.1453,17.01875,-58.5942,-7.0804,-4.6926,2.40204,0.56294,53.89064,-9.673279,0.03609,0.516575,,,,,,,,,,,,4.04847,-5.79386,-0.01923,50,3.92303,-1.80364,-86.0217,8.24518,2.98525,13.70403,-36.44633,FOR_RAM,,FordhamUniversity,,,20260910-FordhamUniversity-BP-1,347c8340-ad45-11f1-884b-8d6b77d225c8,72.96607,,,4.24101,,,,,,,ba7bdbee-570e-4ce4-ad5b-c43f8345b719,2026-09-10,18:27:01.06,2026-09-10T14:27:01.0688000-04:00,2026-09-10T18:27:01.0688000Z,,v3,471298,,,,,Undefined,FOR_RAM,7bcf3c7c-be41-4eae-86ba-d2f2867663b4,43.48434,-84.97735,6.85201,4.44554,5.46771,-18.22316,-0.14801,-1.57614,1.49262,,,,,,,,,,,,,,,,,,,,,,,,,,,,,,,,,,,,,,,,,,,,,,,,,,,High,Medium,Medium,,,,,
4,2026-09-10,14:27:10.35,,,,,Undefined,FOR_RAM,"Beaudreau, Bradley",1000297368,Left,FOR_RAM,Undefined,1,Bottom,0,0,0,Undefined,Curveball,Undefined,Undefined,Undefined,Undefined,0,0,,58.80146,4.230236,0.270197,1716.227673,40.383365,7:15,4.41319,0.14369,16.97187,-59.52755,-8.48363,-8.61134,2.56787,-0.3753,53.89288,-9.560797,-1.682343,0.514214,,,,,,,,,,,,6.78902,-6.96359,-0.11388,50,3.87713,-0.66287,-87.08062,8.79195,5.05855,15.60323,-37.36268,FOR_RAM,,FordhamUniversity,,,20260910-FordhamUniversity-BP-1,39f481b0-ad45-11f1-884b-8d6b77d225c8,73.30114,,,4.90858,,,,,,,ba7bdbee-570e-4ce4-ad5b-c43f8345b719,2026-09-10,18:27:10.35,2026-09-10T14:27:10.3549440-04:00,2026-09-10T18:27:10.3549440Z,,v3,471298,,,,,Undefined,FOR_RAM,cdf97268-e6e1-422f-985a-df16e59bc47c,43.53021,-85.91353,7.80161,4.43023,5.99731,-18.68134,-0.14931,-0.2845,2.52928,,,,,,,,,,,,,,,,,,,,,,,,,,,,,,,,,,,,,,,,,,,,,,,,,,,High,High,High,,,,,
5,2026-09-10,14:33:12.79,,,,,Undefined,FOR_RAM,"Beaudreau, Bradley",1000297368,Left,FOR_RAM,Undefined,1,Bottom,0,0,0,Undefined,Curveball,Undefined,Undefined,Undefined,Undefined,0,0,,60.3786,4.724717,1.474057,1709.195668,32.620721,7:00,4.44059,0.10413,17.12611,-55.00082,-7.83571,-5.79906,3.3266,0.70072,56.19363,-8.010863,0.156364,0.49429,,,,,,,,,,,,5.0276,-6.71193,0.06817,50,3.825,-2.50064,-89.17873,9.81709,4.03223,13.31361,-37.55715,FOR_RAM,,FordhamUniversity,,,20260910-FordhamUniversity-BP-1,11f1c7d0-ad46-11f1-884b-8d6b77d225c8,76.25574,,,4.18497,,,,,,,ba7bdbee-570e-4ce4-ad5b-c43f8345b719,2026-09-10,18:33:12.79,2026-09-10T14:33:12.7941632-04:00,2026-09-10T18:33:12.7941632Z,,v3,471298,,,,,Undefined,FOR_RAM,0cb5673b-0578-4312-9a2a-306ffbb3e0e0,43.37845,-88.18465,6.6568,4.45332,7.01283,-18.77858,-0.1073,-2.19957,2.01612,,,,,,,,,,,,,,,,,,,,,,,,,,,,,,,,,,,,,,,,,,,,,,,,,,,High,High,High,,,,,
6,2026-09-10,14:33:28.25,,,,,Undefined,FOR_RAM,"Beaudreau, Bradley",1000297368,Left,FOR_RAM,Undefined,1,Bottom,0,0,0,Undefined,Curveball,Undefined,Undefined,Undefined,Undefined,0,0,,62.79624,3.118262,0.24879,2036.202725,40.12611,7:15,4.42959,0.1093,16.97332,-52.45633,-8.34355,-8.08512,2.35266,-0.38157,58.22827,-8.996982,-1.586174,0.478028,,,,,,,,,,,,6.44622,-6.71162,-0.07931,50,4.01971,-0.68593,-93.01158,7.36894,5.56271,15.89414,-37.96578,FOR_RAM,,FordhamUniversity,,,20260910-FordhamUniversity-BP-1,1b315590-ad46-11f1-884b-8d6b77d225c8,78.84984,,,4.56797,,,,,,,ba7bdbee-570e-4ce4-ad5b-c43f8345b719,2026-09-10,18:33:28.25,2026-09-10T14:33:28.2520000-04:00,2026-09-10T18:33:28.2520000Z,,v3,471298,,,,,Undefined,FOR_RAM,038b42e1-6d6a-4912-8fd6-a9e9e4a339ae,43.53028,-91.89936,7.94707,4.44241,4.71222,-18.98289,-0.11369,-0.29667,2.78136,,,,,,,,,,,,,,,,,,,,,,,,,,,,,,,,,,,,,,,,,,,,,,,,,,,High,High,High,,,,,
7,2026-09-10,14:33:57.10,,,,,Undefined,FOR_RAM,"Beaudreau, Bradley",1000297368,Left,FOR_RAM,Undefined,1,Bottom,0,0,0,Undefined,Curveball,Undefined,Undefined,Undefined,Undefined,0,0,,61.8066,4.017154,0.400391,1930.484399,2.602959,6:00,4.41196,0.11259,17.01071,-66.33893,-21.33001,-1.01937,1.83889,0.3217,58.1582,-11.192771,0.168478,0.482859,,,,,,,,,,,,0.92618,-17.32883,-0.06674,50,3.88595,-0.67725,-91.60723,9.29093,0.78263,14.23747,-46.81736,FOR_RAM,,FordhamUniversity,,,20260910-FordhamUniversity-BP-1,2c716160-ad46-11f1-884b-8d6b77d225c8,78.06089,,,3.6484,,,,,,,ba7bdbee-570e-4ce4-ad5b-c43f8345b719,2026-09-10,18:33:57.10,2026-09-10T14:33:57.1030000-04:00,2026-09-10T18:33:57.1030000Z,,v3,471298,,,,,Undefined,FOR_RAM,af69168b-96d4-447e-92b4-ff3e2b2f39cc,43.50304,-90.59185,7.11874,4.42949,5.95205,-23.40868,-0.11304,-0.62143,0.39132,,,,,,,,,,,,,,,,,,,,,,,,,,,,,,,,,,,,,,,,,,,,,,,,,,,High,Medium,Medium,,,,,
8,2026-09-10,14:34:10.59,,,,,Undefined,FOR_RAM,"Beaudreau, Bradley",1000297368,Left,FOR_RAM,Undefined,1,Bottom,0,0,0,Undefined,Curveball,Undefined,Undefined,Undefined,Undefined,0,0,,60.07139,3.805344,0.584591,1746.886788,33.273201,7:00,4.4255,0.12993,17.06477,-56.20062,-8.58693,-6.43079,2.53748,0.02282,56.19505,-9.170588,-0.877319,0.496635,,,,,,,,,,,,5.27949,-7.07804,-0.06035,50,3.92009,-1.13693,-88.86053,8.3791,4.20639,13.15386,-37.81344,FOR_RAM,,FordhamUniversity,,,20260910-FordhamUniversity-BP-1,34816fd0-ad46-11f1-884b-8d6b77d225c8,75.89563,,,3.87634,,,,,,,ba7bdbee-570e-4ce4-ad5b-c43f8345b719,2026-09-10,18:34:10.59,2026-09-10T14:34:10.5990000-04:00,2026-09-10T18:34:10.5990000Z,,v3,471298,,,,,Undefined,FOR_RAM,6e477c35-7c71-466c-a98f-5c2f39eea235,43.44065,-87.8842,6.57693,4.43786,5.57244,-18.90672,-0.13315,-0.82471,2.1032,,,,,,,,,,,,,,,,,,,,,,,,,,,,,,,,,,,,,,,,,,,,,,,,,,,High,Medium,Medium,,,,,
9,2026-09-10,14:34:20.73,,,,,Undefined,FOR_RAM,"Beaudreau, Bradley",1000297368,Left,FOR_RAM,Undefined,1,Bottom,0,0,0,Undefined,Curveball,Undefined,Undefined,Undefined,Undefined,0,0,,59.35945,4.182304,0.364753,1886.634032,11.740333,6:30,4.39449,0.12644,16.84378,-71.62319,-22.67572,-4.94323,1.51518,-0.01655,56.29472,-12.137569,-0.756351,0.503543,,,,,,,,,,,,4.01394,-18.35509,-0.08387,50,3.85698,-0.73224,-87.94706,9.34745,3.14418,12.45733,-46.55193,FOR_RAM,,FordhamUniversity,,,20260910-FordhamUniversity-BP-1,3a7b6f80-ad46-11f1-884b-8d6b77d225c8,74.85446,,,3.06474,,,,,,,ba7bdbee-570e-4ce4-ad5b-c43f8345b719,2026-09-10,18:34:20.73,2026-09-10T14:34:20.7320000-04:00,2026-09-10T18:34:20.7320000Z,,v3,471298,,,,,Undefined,FOR_RAM,19d3257a-b6c5-410e-a73d-7eac7ac20113,43.6726,-87.04619,6.22867,4.41123,5.981,-23.27597,-0.12861,-0.50486,1.57209,,,,,,,,,,,,,,,,,,,,,,,,,,,,,,,,,,,,,,,,,,,,,,,,,,,High,Medium,Medium,,,,,
10,2026-09-10,14:37:05.17,,,,,Undefined,FOR_RAM,"Rubin, Jack",10076675,Right,FOR_RAM,Undefined,1,Bottom,0,0,0,Undefined,Curveball,Undefined,Undefined,GroundBall,Undefined,0,0,,62.14119,4.350787,0.728548,1956.581991,26.169923,6:45,4.43341,0.12489,17.00738,-53.22952,-7.49713,-4.42355,3.19957,0.29139,56.60908,-8.019442,-0.274444,0.486725,86.84399,-17.94942,12.362079,,,,,11.17156,10.86388,10.742084,0.078311,3.82799,-7.00122,-0.03968,50,3.87114,-1.33422,-92.03376,9.37527,3.17716,17.76888,-37.9849,FOR_RAM,,FordhamUniversity,,,20260910-FordhamUniversity-BP-1,9c816e00-ad46-11f1-884b-8d6b77d225c8,77.44097,3.08244,,5.5321,,,,1.68105,3.08244,0.04511,ba7bdbee-570e-4ce4-ad5b-c43f8345b719,2026-09-10,18:37:05.17,2026-09-10T14:37:05.1710000-04:00,2026-09-10T18:37:05.1710000Z,GroundBall,v3,471298,,,,,Undefined,FOR_RAM,9b017f88-974d-48a1-b376-5da3a40ad38c,43.49532,-90.76922,8.88444,4.44215,6.67203,-18.99245,-0.12659,-1.10811,1.58858,180,1.67692,118.68952,,,,,,,,3.08381,-39.36138,,,,,,,,0.04421,26.01325,,,,,,,,,,,,,,,,,,,,,,,,,,,,,,High,Medium,Medium,High,High,,,
11,2026-09-10,14:37:09.69,,,,,Undefined,FOR_RAM,"Rubin, Jack",10076675,Right,FOR_RAM,Undefined,1,Bottom,0,0,0,Undefined,Curveball,Undefined,Undefined,Undefined,Undefined,0,0,,62.68507,2.659439,1.084794,1977.409344,17.4885,6:30,4.41906,0.11821,17.10375,-58.66657,-14.78887,-5.0367,1.48075,0.49351,58.51052,-10.864905,-0.063966,0.476753,,,,,,,,,,,,4.41733,-12.18418,0.01033,50,4.03689,-1.96233,-92.97389,7.02825,3.81017,15.83528,-42.68351,FOR_RAM,,FordhamUniversity,,,20260910-FordhamUniversity-BP-1,9f205bd0-ad46-11f1-884b-8d6b77d225c8,79.06075,,,4.17455,,,,,,,ba7bdbee-570e-4ce4-ad5b-c43f8345b719,2026-09-10,18:37:09.69,2026-09-10T14:37:09.6920000-04:00,2026-09-10T18:37:09.6920000Z,,v3,471298,,,,,Undefined,FOR_RAM,f6775000-4024-4220-8283-deb57ad55239,43.40339,-91.84349,7.91764,4.42985,3.98128,-21.34176,-0.12004,-1.69033,1.90509,,,,,,,,,,,,,,,,,,,,,,,,,,,,,,,,,,,,,,,,,,,,,,,,,,,High,Medium,Medium,,,,,
12,2026-09-10,14:37:14.18,,,,,Undefined,FOR_RAM,"Rubin, Jack",10076675,Right,FOR_RAM,Undefined,1,Bottom,0,0,0,Undefined,Curveball,Undefined,Undefined,LineDrive,Undefined,0,0,,61.63715,3.9636,0.348824,2036.291322,18.029117,6:30,4.40953,0.11884,17.04244,-59.21196,-13.61914,-4.84118,2.38865,-0.0286,57.30629,-9.69654,-0.751739,0.485981,90.05606,23.6519,-1.547865,3067.664651,109.96402,42.52872,2.78848,314.15172,314.15172,8.770658,4.15224,4.04315,-11.79717,-0.07499,50,3.87654,-0.75037,-91.27808,9.03201,3.36585,15.09847,-41.99498,FOR_RAM,,FordhamUniversity,,,20260910-FordhamUniversity-BP-1,a1e1c5c0-ad46-11f1-884b-8d6b77d225c8,77.55942,53.36735,,4.33086,,,,2.12057,2.50741,0.01948,ba7bdbee-570e-4ce4-ad5b-c43f8345b719,2026-09-10,18:37:14.18,2026-09-10T14:37:14.1820000-04:00,2026-09-10T18:37:14.1820000Z,LineDrive,v3,471298,,,,,Undefined,FOR_RAM,c48d9ee7-7d20-4ed4-bbd8-44c5a0b79d65,43.46416,-90.1905,7.54924,4.41819,6.00699,-20.99749,-0.12031,-0.50792,1.68293,210.819318,2.1205,120.94389,-21.81835,4.84052,-1.02225,0.19664,-0.02981,0.00278,-0.0001,2.50735,52.99068,-14.88671,0.69417,-0.10245,0.0264,-0.00797,0.00165,-0.00013,0.01945,-3.26692,6.9711,-1.62314,0.36343,-0.07006,0.01022,-0.00092,4E-05,,,,,,,,,,,,,,,,,,,,,,,High,Medium,Medium,High,High,,,
13,2026-09-10,14:37:19.60,,,,,Undefined,FOR_RAM,"Rubin, Jack",10076675,Right,FOR_RAM,Undefined,1,Bottom,0,0,0,Undefined,Curveball,Undefined,Undefined,FlyBall,Undefined,0,0,,59.16915,3.612413,0.840936,1806.830757,37.972413,7:15,4.40431,0.12272,17.00034,-56.7946,-7.10378,-6.65103,2.3289,0.18626,54.89261,-9.516884,-0.66894,0.507352,92.32037,38.521997,-31.562598,4269.997524,97.33517,84.83257,-51.24256,302.18594,160.00093,-24.973976,5.688632,5.68941,-6.43831,-0.02153,50,3.91363,-1.54371,-87.61435,8.05069,4.35235,14.20811,-37.09929,FOR_RAM,,FordhamUniversity,,,20260910-FordhamUniversity-BP-1,a5021890-ad46-11f1-884b-8d6b77d225c8,74.29248,111.0084,,4.27654,,,,3.46511,2.49843,0.72593,ba7bdbee-570e-4ce4-ad5b-c43f8345b719,2026-09-10,18:37:19.60,2026-09-10T14:37:19.6080000-04:00,2026-09-10T18:37:19.6080000Z,FlyBall,v3,471298,,,,,Undefined,FOR_RAM,39d496d7-a41c-4370-a57b-2ececc71e13e,43.50439,-86.55457,7.10406,4.41092,5.28346,-18.54965,-0.12457,-1.21907,2.17618,,3.47005,90.17257,-20.13151,4.76779,-0.75136,0.05695,0.00217,-0.00067,3E-05,2.49487,84.38742,-17.54047,0.09335,0.31807,-0.1276,0.0292,-0.00351,0.00017,0.72206,-55.37502,17.27459,-4.67665,0.87243,-0.09836,0.0041,0.00023,-2E-05,,,,,,,,,,,,,,,,,,,,,,,High,Medium,Medium,Low,Low,,,
14,2026-09-10,14:37:40.69,,,,,Undefined,FOR_RAM,"Maryott, Gavin",1000410374,Right,FOR_RAM,Undefined,1,Bottom,0,0,0,Undefined,,Undefined,Undefined,GroundBall,Undefined,0,0,,65.85358,-0.932705,-3.641495,2320.848884,,,4.97816,0.26409,16.87664,,,,2.34087,-0.75992,58.66213,-6.56727,0.86268,0.465396,80.59926,-10.215326,-0.970375,,,,,11.40206,7.14848,3.839965,0.09437,-17.41966,15.78469,-0.67437,50,5.03794,6.89994,-97.65099,-0.34875,-15.87457,23.40071,-17.78943,FOR_RAM,,FordhamUniversity,,,20260910-FordhamUniversity-BP-1,b196ebd0-ad46-11f1-884b-8d6b77d225c8,80.99005,1.88555,,7.19144,,,,0.59454,1.88555,0.96569,ba7bdbee-570e-4ce4-ad5b-c43f8345b719,2026-09-10,18:37:40.69,2026-09-10T14:37:40.6950000-04:00,2026-09-10T18:37:40.6950000Z,GroundBall,v3,471298,,,,,Undefined,FOR_RAM,25df9a9f-22d9-455a-83c6-e97c11a18124,43.62033,-96.11004,11.70036,4.9764,-1.5202,-8.89471,-0.25442,5.85458,-7.93729,,0.59472,116.2961,-21.70042,,,,,,,1.88526,-20.92352,10.07817,,,,,,,0.96572,-1.97458,-1.77535,,,,,,,,,,,,,,,,,,,,,,,,,,,,,Low,Low,Low,Low,Low,,,
15,2026-09-10,14:37:47.14,,,,,Undefined,FOR_RAM,"Maryott, Gavin",1000410374,Right,FOR_RAM,Undefined,1,Bottom,0,0,0,Undefined,Other,Undefined,Undefined,GroundBall,Undefined,0,0,,63.50196,4.073713,0.338827,2152.646836,32.309782,7:00,4.42085,0.11371,17.01783,-56.6768,-13.26824,-9.2265,2.69419,-0.40636,58.41629,-9.030624,-1.756516,0.474197,92.32108,1.117213,-16.30158,2101.239182,,,,47.39054,47.06062,-16.014419,0.350382,7.57044,-11.58099,-0.06881,50,3.8856,-0.92049,-94.10175,9.29334,6.62161,17.54629,-42.30354,FOR_RAM,,FordhamUniversity,,,20260910-FordhamUniversity-BP-1,b5923550-ad46-11f1-884b-8d6b77d225c8,79.48683,2.74975,,5.08566,,,,2.01538,2.69404,0.37292,ba7bdbee-570e-4ce4-ad5b-c43f8345b719,2026-09-10,18:37:47.14,2026-09-10T14:37:47.1490000-04:00,2026-09-10T18:37:47.1490000Z,GroundBall,v3,471298,,,,,Undefined,FOR_RAM,82252a39-bfac-4030-a255-d095448b99b4,43.48782,-92.87955,8.77314,4.43031,6.34664,-21.15177,-0.11686,-0.45925,3.31081,23.35194,2.01609,129.90927,-16.1543,,,,,,,2.702,2.33789,-28.74416,,,,,,,0.3752,-38.08656,-0.86845,,,,,,,,,,,,,,,,,,,,,,,,,,,,,High,High,High,Medium,Medium,,,
16,2026-09-10,14:38:02.68,,,,,Undefined,FOR_RAM,"Velit, Liam",1000239563,Right,FOR_RAM,Undefined,1,Bottom,0,0,0,Undefined,Other,Undefined,Undefined,LineDrive,Undefined,0,0,,62.38024,2.180645,0.654183,2059.336362,38.740845,7:15,4.40855,0.11048,16.95911,-55.58775,-10.09217,-9.32792,1.38059,-0.18579,57.10318,-10.674866,-1.465846,0.485463,87.95609,9.932838,-15.483289,934.081984,105.01751,6.55042,-32.73079,144.93477,135.53107,-18.194691,1.353158,7.79189,-8.42103,-0.03065,50,4.09371,-1.41059,-92.66911,5.98509,6.51258,18.85024,-39.21247,FOR_RAM,,FordhamUniversity,,,20260910-FordhamUniversity-BP-1,bea81b00-ad46-11f1-884b-8d6b77d225c8,77.64228,8.55052,,5.27706,,,,2.90243,1.74119,0.21021,ba7bdbee-570e-4ce4-ad5b-c43f8345b719,2026-09-10,18:38:02.68,2026-09-10T14:38:02.6890000-04:00,2026-09-10T18:38:02.6890000Z,LineDrive,v3,471298,,,,,Undefined,FOR_RAM,4a757aca-57c5-42cf-86a5-29b874757c8d,43.54473,-91.34657,9.42512,4.41711,3.23394,-19.60623,-0.11359,-0.95366,3.25629,99.254633,2.90243,122.45686,-22.20567,5.13266,-1.1466,0.24552,-0.04746,0.00564,-5E-05,1.74119,22.25204,-18.93827,1.36332,-0.19603,0.02904,-0.00829,0.004,-0.00087,0.21021,-33.92184,-0.44695,0.81954,-0.32744,0.09288,-0.01817,0.00088,0.00039,,,,,,,,,,,,,,,,,,,,,,,High,Medium,Medium,High,Medium,,,
17,2026-09-10,14:38:07.64,,,,,Undefined,FOR_RAM,"Velit, Liam",1000239563,Right,FOR_RAM,Undefined,1,Bottom,0,0,0,Undefined,Curveball,Undefined,Undefined,Popup,Undefined,0,0,,60.44657,4.527747,1.483248,1750.753555,30.856555,7:00,4.40194,0.12096,16.95711,-61.28405,-13.47993,-8.86701,2.63248,0.473,55.98848,-9.593336,-0.526292,0.497627,67.19833,60.830303,6.571838,,104.54474,71.83799,34.21104,139.64399,84.68049,18.81741,4.92159,7.64162,-11.79107,0.05264,50,3.81214,-2.65226,-89.43463,9.76345,6.08991,14.82942,-41.5708,FOR_RAM,,FordhamUniversity,,,20260910-FordhamUniversity-BP-1,c1c20530-ad46-11f1-884b-8d6b77d225c8,75.74433,96.85267,,4.45809,,,,2.70759,2.8126,-0.51962,ba7bdbee-570e-4ce4-ad5b-c43f8345b719,2026-09-10,18:38:07.64,2026-09-10T14:38:07.6480000-04:00,2026-09-10T18:38:07.6480000Z,Popup,v3,471298,,,,,Undefined,FOR_RAM,131fe40c-8868-4522-bd4d-22489c89b258,43.5496,-88.3586,7.41471,4.41115,6.74705,-20.7854,-0.12378,-2.21038,3.04496,198.408913,2.70792,47.69662,-12.56108,3.35956,-0.36924,-0.11152,0.05379,-0.00839,0.00046,2.80797,86.15213,-23.45578,2.53506,-0.603,0.10904,-0.00277,-0.00247,0.00026,-0.51934,5.50428,3.76904,-1.37761,0.14829,0.08346,-0.03948,0.00656,-0.00039,,,,,,,,,,,,,,,,,,,,,,,High,High,High,Medium,Low,,,
18,2026-09-10,14:38:32.06,,,,,Undefined,FOR_RAM,"Reina, Braedon",10305192,Left,FOR_RAM,Undefined,1,Bottom,0,0,0,Undefined,Curveball,Undefined,Undefined,FlyBall,Undefined,0,0,,61.69861,2.060267,0.519689,1994.869743,40.337823,7:15,4.39177,0.12074,17.0763,-54.96204,-9.808,-9.33536,1.32305,-0.27612,57.82166,-10.606889,-1.60797,0.483637,69.43015,55.958643,-32.809471,,92.75729,97.20188,-59.12752,199.45647,116.68535,-33.031297,4.998798,7.79347,-8.17977,-0.05204,50,4.07541,-1.22173,-91.48037,5.88247,6.5419,14.68551,-39.04019,FOR_RAM,,FordhamUniversity,,,20260910-FordhamUniversity-BP-1,d033d5d0-ad46-11f1-884b-8d6b77d225c8,77.93536,97.22369,,3.87695,,,,2.27128,0.97077,0.36236,ba7bdbee-570e-4ce4-ad5b-c43f8345b719,2026-09-10,18:38:32.06,2026-09-10T14:38:32.0610000-04:00,2026-09-10T18:38:32.0610000Z,Popup,v3,471298,,,,,Undefined,FOR_RAM,85fd2f87-4467-4359-a7d6-7b9bfbffdf53,43.4297,-90.41948,7.34275,4.39849,3.06217,-19.5201,-0.12323,-0.74913,3.27095,177.427022,2.27366,47.86128,-7.4842,1.60354,-0.14103,-0.02006,0.00597,-0.00032,-1E-05,0.97169,84.35154,-21.49389,1.65027,0.00337,-0.15694,0.05407,-0.00794,0.00044,0.36092,-30.85747,4.47435,-0.93864,0.07598,0.01364,-0.00354,0.00014,1E-05,,,,,,,,,,,,,,,,,,,,,,,High,High,High,Low,Low,,,
19,2026-09-10,14:38:37.69,,,,,Undefined,FOR_RAM,"Reina, Braedon",10305192,Left,FOR_RAM,Undefined,1,Bottom,0,0,0,Undefined,Curveball,Undefined,Undefined,GroundBall,Undefined,0,0,,60.98883,3.355037,1.183436,1765.258748,37.670515,7:15,4.4175,0.11304,16.99053,-51.90837,-4.92819,-4.89095,2.56033,0.57514,56.23932,-8.676306,0.073939,0.49332,105.65765,3.392754,-7.308871,1669.723442,,,,94.57625,88.09128,-11.717884,0.663568,4.335,-4.44823,0.02409,50,3.96793,-2.04911,-90.3174,7.61804,3.50792,15.64845,-35.77361,FOR_RAM,,FordhamUniversity,,,20260910-FordhamUniversity-BP-1,d3a61930-ad46-11f1-884b-8d6b77d225c8,76.40567,3.29541,,4.74951,,,,1.04025,2.23794,-0.58038,ba7bdbee-570e-4ce4-ad5b-c43f8345b719,2026-09-10,18:38:37.69,2026-09-10T14:38:37.6950000-04:00,2026-09-10T18:38:37.6950000Z,GroundBall,v3,471298,,,,,Undefined,FOR_RAM,6549f3b6-3c18-40f1-af1b-ee7827e27753,43.51238,-89.18627,7.82423,4.42513,5.03218,-17.8868,-0.11487,-1.79555,1.75396,81.36112,1.08108,152.6095,-22.21371,,,,,,,2.26582,8.60237,-18.16883,,,,,,,-0.52826,-20.75011,-11.25992,,,,,,,,,,,,,,,,,,,,,,,,,,,,,High,Medium,Medium,Medium,Medium,,,
20,2026-09-10,14:38:43.75,,,,,Undefined,FOR_RAM,"Wansaw, Michael",1000503198,Right,FOR_RAM,Undefined,1,Bottom,0,0,0,Undefined,Curveball,Undefined,Undefined,LineDrive,Undefined,0,0,,61.15387,3.794089,0.498495,1854.771823,25.189173,6:45,4.41185,0.11449,17.05869,-59.33232,-12.66863,-6.61898,2.25493,-0.0714,56.43207,-9.929306,-1.006873,0.491656,108.49038,22.097644,19.790912,1698.628824,101.90241,47.11737,41.42317,,386.6366,,,5.54662,-11.04284,-0.05236,50,3.89842,-1.04684,-90.65315,8.67664,4.50477,16.21997,-41.14262,FOR_RAM,,FordhamUniversity,,,20260910-FordhamUniversity-BP-1,d729c1b0-ad46-11f1-884b-8d6b77d225c8,76.66431,58.70039,,4.7218,,,,1.73836,2.68416,0.35542,ba7bdbee-570e-4ce4-ad5b-c43f8345b719,2026-09-10,18:38:43.75,2026-09-10T14:38:43.7560000-04:00,2026-09-10T18:38:43.7560000Z,,v3,471298,,,,,Undefined,FOR_RAM,f6d493cc-a167-4d02-aec1-1b5bd4511f16,43.44696,-89.47297,8.10999,4.42083,5.68307,-20.57131,-0.1166,-0.71907,2.25239,,1.73836,138.72266,-29.04206,7.02381,-1.4861,0.29573,-0.05637,0.00916,-0.00087,2.68416,59.85835,-7.15127,-2.48961,1.04962,-0.32546,0.08748,-0.01808,0.00208,0.35542,49.91838,-1.30901,-0.59111,0.35159,-0.1254,0.03602,-0.00784,0.00093,,,,,,,,,,,,,,,,,,,,,,,High,Medium,Medium,Medium,Undefined,,,
21,2026-09-10,14:38:57.26,,,,,Undefined,FOR_RAM,"Checkmayan, Luke",1000610172,Left,FOR_RAM,Undefined,1,Bottom,0,0,0,Undefined,Curveball,Undefined,Undefined,GroundBall,Undefined,0,0,,63.32807,2.292236,0.60199,2017.264733,0.531037,6:00,4.41419,0.12488,17.07705,-52.36141,-9.08623,-0.09598,1.73253,0.55831,58.65445,-9.823397,0.58013,0.473468,43.61993,-50.836593,7.77886,,,,,3.4431,3.4431,-5.863364,0.036527,0.28157,-7.58772,-0.05576,50,4.07997,-0.9909,-93.93639,6.22514,0.24641,16.9662,-38.81403,FOR_RAM,,FordhamUniversity,,,20260910-FordhamUniversity-BP-1,df356350-ad46-11f1-884b-8d6b77d225c8,79.60923,1.82455,,4.67362,,,,1.95263,1.82455,-0.55288,ba7bdbee-570e-4ce4-ad5b-c43f8345b719,2026-09-10,18:38:57.26,2026-09-10T14:38:57.2670000-04:00,2026-09-10T18:38:57.2670000Z,GroundBall,v3,471298,,,,,Undefined,FOR_RAM,51fd8f9f-ce2b-49cd-bf54-efbc67610c1d,43.42716,-92.74165,8.4831,4.4221,3.4919,-19.40702,-0.12493,-0.97355,0.1232,,1.95099,40.3109,,,,,,,,1.82659,-49.95019,,,,,,,,-0.55311,5.50676,,,,,,,,,,,,,,,,,,,,,,,,,,,,,,High,Medium,Medium,Estimated,Estimated,,,
22,2026-09-10,14:39:03.72,,,,,Undefined,FOR_RAM,"Checkmayan, Luke",1000610172,Left,FOR_RAM,Undefined,1,Bottom,0,0,0,Undefined,Curveball,Undefined,Undefined,GroundBall,Undefined,0,0,,62.01531,2.893345,0.492562,1880.413286,46.376926,7:30,4.41151,0.10049,16.97878,-54.02097,-8.52221,-10.38756,2.03819,-0.40311,57.23853,-9.596613,-1.866371,0.48548,48.45331,-40.558054,18.235016,,,,,5.06847,5.06847,13.446708,0.047583,8.57209,-7.33524,-0.03721,50,4.01324,-1.19409,-91.96684,7.08734,7.16525,16.69203,-38.30544,FOR_RAM,,FordhamUniversity,,,20260910-FordhamUniversity-BP-1,e3105390-ad46-11f1-884b-8d6b77d225c8,77.63955,2.21369,,4.77678,,,,2.47283,2.21369,0.36924,ba7bdbee-570e-4ce4-ad5b-c43f8345b719,2026-09-10,18:39:03.72,2026-09-10T14:39:03.7220000-04:00,2026-09-10T18:39:03.7220000Z,GroundBall,v3,471298,,,,,Undefined,FOR_RAM,6e6b3c7b-552e-4a3c-ab61-95fbe92bd1c5,43.5257,-90.78414,8.34601,4.41925,4.37326,-19.15272,-0.10383,-0.6864,3.58262,,2.47015,51.63018,,,,,,,,2.21611,-46.52324,,,,,,,,0.36836,17.01011,,,,,,,,,,,,,,,,,,,,,,,,,,,,,,High,High,High,Estimated,Estimated,,,
23,2026-09-10,14:39:09.56,,,,,Undefined,FOR_RAM,"Checkmayan, Luke",1000610172,Left,FOR_RAM,Undefined,1,Bottom,0,0,0,Undefined,Curveball,Undefined,Undefined,GroundBall,Undefined,0,0,,61.70618,2.841834,0.663995,1951.831229,8.211988,6:15,4.3864,0.12076,17.04753,-69.66248,-24.69245,-3.71721,0.66831,0.29823,58.49037,-13.08736,-0.185341,0.482651,33.80335,-32.426034,-8.270595,,,,,2.10494,2.10494,-11.875722,0.02249,3.22587,-20.50033,-0.04136,50,3.96814,-1.21714,-91.5662,7.75033,2.72473,14.16777,-49.48975,FOR_RAM,,FordhamUniversity,,,20260910-FordhamUniversity-BP-1,e6a205d0-ad46-11f1-884b-8d6b77d225c8,78.09464,0.60017,,3.21581,,,,1.12495,0.60017,-0.29727,ba7bdbee-570e-4ce4-ad5b-c43f8345b719,2026-09-10,18:39:09.56,2026-09-10T14:39:09.5670000-04:00,2026-09-10T18:39:09.5670000Z,GroundBall,v3,471298,,,,,Undefined,FOR_RAM,39537b89-ef00-4669-8658-dbd3ff9c5139,43.46482,-90.54938,7.08388,4.39692,4.19847,-24.74488,-0.1217,-1.02158,1.36237,,1.12438,41.5716,,,,,,,,0.60053,-26.68619,,,,,,,,-0.29719,-6.04285,,,,,,,,,,,,,,,,,,,,,,,,,,,,,,High,Medium,Medium,Estimated,Estimated,,,
24,2026-09-10,14:39:32.29,,,,,Undefined,FOR_RAM,"Rubin, Jack",10076675,Right,FOR_RAM,Undefined,1,Bottom,0,0,0,Undefined,Curveball,Undefined,Undefined,FlyBall,Undefined,0,0,,62.56463,2.64211,0.742623,2027.843087,22.103332,6:45,4.41431,0.11184,17.08815,-59.17554,-14.07076,-6.34843,1.42139,0.12722,57.12451,-11.072135,-0.705324,0.483373,82.27072,32.131847,-3.714781,4677.300811,109.94551,57.5529,3.45638,280.75519,256.13255,12.437729,4.602629,5.42965,-11.77776,-0.02268,50,4.03876,-1.44539,-92.99439,6.91869,4.55026,19.52086,-42.04428,FOR_RAM,,FordhamUniversity,,,20260910-FordhamUniversity-BP-1,f41f3d40-ad46-11f1-884b-8d6b77d225c8,77.97791,67.80205,,5.44012,,,,2.52999,1.77695,-0.15109,ba7bdbee-570e-4ce4-ad5b-c43f8345b719,2026-09-10,18:39:32.29,2026-09-10T14:39:32.2920000-04:00,2026-09-10T18:39:32.2920000Z,FlyBall,v3,471298,,,,,Undefined,FOR_RAM,6c0923c0-7866-4f98-9e31-e0c7fe20edf2,43.41626,-91.60195,9.76043,4.42531,3.91962,-21.02214,-0.11421,-1.12081,2.27513,220.570969,2.53,101.9698,-18.27674,3.80779,-0.80263,0.17242,-0.03449,0.00472,-0.00028,1.77826,64.13925,-17.24459,0.80654,0.12021,-0.12113,0.03955,-0.00583,0.00032,-0.15084,-6.63262,9.93506,-2.66653,0.6297,-0.12661,0.02116,-0.00248,0.00013,,,,,,,,,,,,,,,,,,,,,,,High,Medium,Medium,High,Medium,,,
25,2026-09-10,14:39:44.16,,,,,Undefined,FOR_RAM,"Rubin, Jack",10076675,Right,FOR_RAM,Undefined,1,Bottom,0,0,0,Undefined,,Undefined,Undefined,Undefined,Undefined,0,0,,62.39976,-0.797597,-3.648927,1751.412866,,,4.90843,0.08545,16.74381,,,,1.30459,0.26329,56.42025,-9.250232,4.142942,0.490609,73.53063,-21.781886,-76.545058,,,,,6.3277,6.3277,-41.402489,0.04183,-29.03824,9.24414,-0.49781,50,4.94494,7.07979,-92.60493,0.32857,-23.97668,20.14339,-24.54123,FOR_RAM,,FordhamUniversity,,,20260910-FordhamUniversity-BP-1,fb4253a0-ad46-11f1-884b-8d6b77d225c8,76.82781,1.6776,,5.97951,,,,3.76947,1.6776,-0.10187,ba7bdbee-570e-4ce4-ad5b-c43f8345b719,2026-09-10,18:39:44.16,2026-09-10T14:39:44.1660000-04:00,2026-09-10T18:39:44.1660000Z,GroundBall,v3,471298,,,,,Undefined,FOR_RAM,652e1e8b-2bdf-4149-8d6c-74f310d85e00,43.75936,-91.23737,10.0717,4.91069,-1.33757,-12.27062,-0.07241,5.45199,-11.98834,,3.76913,23.35223,,,,,,,,1.67818,-40.10503,,,,,,,,-0.10045,-97.60713,,,,,,,,,,,,,,,,,,,,,,,,,,,,,,Low,Low,Low,Estimated,Estimated,,,
26,2026-09-10,14:39:56.27,,,,,Undefined,FOR_RAM,"Maryott, Gavin",1000410374,Right,FOR_RAM,Undefined,1,Bottom,0,0,0,Undefined,Curveball,Undefined,Undefined,FlyBall,Undefined,0,0,,61.63637,3.131695,0.978754,1825.068015,52.930614,7:45,4.42042,0.11538,17.11076,-54.97617,-9.24213,-14.03879,2.1362,-0.33735,56.94712,-9.611891,-2.218426,0.486734,100.03595,29.251554,-21.146227,1508.419557,100.99421,56.2374,-43.59026,347.69665,334.27567,-28.290845,4.950576,11.76914,-8.05508,0.00896,50,3.98213,-2.12417,-91.41236,7.5446,9.7299,16.3586,-38.83343,FOR_RAM,,FordhamUniversity,,,20260910-FordhamUniversity-BP-1,02614b50-ad47-11f1-884b-8d6b77d225c8,77.43958,80.16178,,4.68926,,,,2.08287,2.61384,-0.27806,ba7bdbee-570e-4ce4-ad5b-c43f8345b719,2026-09-10,18:39:56.27,2026-09-10T14:39:56.2770000-04:00,2026-09-10T18:39:56.2770000Z,FlyBall,v3,471298,,,,,Undefined,FOR_RAM,8c465f60-cbf4-471c-b60a-033ae4ace68c,43.39454,-90.22254,8.1793,4.42816,4.72011,-19.41671,-0.1198,-1.41648,4.86495,,2.05796,119.85781,-25.84971,8.04306,-3.14164,1.00399,-0.19934,0.02,-0.0007,2.61877,71.58683,-18.44895,0.55776,0.5266,-0.32659,0.09414,-0.01325,0.00073,-0.29335,-45.87844,0.8696,2.50598,-1.74881,0.70208,-0.15956,0.01862,-0.00085,,,,,,,,,,,,,,,,,,,,,,,High,Medium,Medium,Low,Medium,,,
27,2026-09-10,14:40:04.07,,,,,Undefined,FOR_RAM,"Maryott, Gavin",1000410374,Right,FOR_RAM,Undefined,1,Bottom,0,0,0,Undefined,Curveball,Undefined,Undefined,GroundBall,Undefined,0,0,,63.19517,2.792662,0.538191,1951.65449,27.411171,7:00,4.38481,0.1155,16.93093,-58.83889,-15.29276,-8.54937,1.53815,-0.20093,58.93956,-10.718731,-1.403855,0.474948,94.39432,-6.698736,-25.879542,,,,,20.86605,16.52543,-21.478226,0.140154,7.0902,-12.77579,-0.04828,50,3.99646,-1.22554,-93.70979,7.25464,6.21116,16.12233,-43.36592,FOR_RAM,,FordhamUniversity,,,20260910-FordhamUniversity-BP-1,07222ec0-ad47-11f1-884b-8d6b77d225c8,79.36119,2.26657,,4.25561,,,,2.05434,2.26657,0.78316,ba7bdbee-570e-4ce4-ad5b-c43f8345b719,2026-09-10,18:40:04.07,2026-09-10T14:40:04.0700000-04:00,2026-09-10T18:40:04.0700000Z,GroundBall,v3,471298,,,,,Undefined,FOR_RAM,c433ee58-c7e9-4363-941b-24d40c5a6869,43.57632,-92.59803,8.06116,4.39362,4.26422,-21.68296,-0.11802,-0.79723,3.10558,180,2.05045,123.88284,,,,,,,,2.26707,-16.17194,,,,,,,,0.78505,-60.09962,,,,,,,,,,,,,,,,,,,,,,,,,,,,,,High,Medium,Medium,High,Medium,,,
28,2026-09-10,14:40:10.64,,,,,Undefined,FOR_RAM,"Maryott, Gavin",1000410374,Right,FOR_RAM,Undefined,1,Bottom,0,0,0,Undefined,,Undefined,Undefined,FlyBall,Undefined,0,0,,58.36992,2.494248,0.703483,1856.215055,,,3.43672,-0.96149,32.94314,,,,1.98562,-0.99846,57.90959,-8.852559,-0.869495,0.308207,83.6044,51.303092,-18.118828,,108.55769,114.9274,-17.7544,198.99806,90.04903,-5.785053,5.534998,9.27713,-27.48009,1.48668,50.00023,0.63783,-3.0019,-86.98069,17.85743,7.54461,5.12574,-54.52222,FOR_RAM,,FordhamUniversity,,,20260910-FordhamUniversity-BP-1,0ae24400-ad47-11f1-884b-8d6b77d225c8,122.29568,116.3683,,0.46034,,,,2.71737,1.82389,0.11767,ba7bdbee-570e-4ce4-ad5b-c43f8345b719,2026-09-10,18:40:10.64,2026-09-10T14:40:10.6450000-04:00,2026-09-10T18:40:10.6450000Z,FlyBall,v3,471298,,,,,Undefined,FOR_RAM,37648d7d-392a-43db-8c73-5af0bfd4c705,27.56602,-85.64845,2.56287,3.43759,3.68643,-27.26111,0.96129,-1.04096,3.7723,200.215873,2.71812,72.82879,-19.86731,5.33141,-0.95535,0.08025,0.00588,-0.00175,0.0001,1.81902,95.78875,-23.83565,1.98871,-0.20617,-0.01441,0.01608,-0.00322,0.0002,0.11728,-23.81531,13.35655,-4.33817,0.87645,-0.07802,-0.00786,0.00235,-0.00014,,,,,,,,,,,,,,,,,,,,,,,Low,Low,Low,Medium,Low,,,
29,2026-09-10,14:40:39.29,,,,,Undefined,FOR_RAM,"Velit, Liam",1000239563,Right,FOR_RAM,Undefined,1,Bottom,0,0,0,Undefined,Other,Undefined,Undefined,LineDrive,Undefined,0,0,,62.9551,1.945601,0.616349,2128.084347,26.506683,7:00,4.38005,0.11764,16.90411,-58.31692,-15.32119,-8.08378,0.95344,-0.10218,60.07911,-11.352088,-1.220891,0.471937,91.52389,13.472022,-4.86985,7235.715783,109.94458,13.34116,-3.48903,187.49335,159.00709,0.283134,1.694763,6.7515,-12.6365,-0.04,50,4.07949,-1.35798,-93.20854,5.94741,6.00833,12.48918,-43.41962,FOR_RAM,,FordhamUniversity,,,20260910-FordhamUniversity-BP-1,1c124a40-ad47-11f1-884b-8d6b77d225c8,79.8675,13.59051,,2.87599,,,,2.18291,1.63765,0.16096,ba7bdbee-570e-4ce4-ad5b-c43f8345b719,2026-09-10,18:40:39.29,2026-09-10T14:40:39.2910000-04:00,2026-09-10T18:40:39.2910000Z,LineDrive,v3,471298,,,,,Undefined,FOR_RAM,1461ec6e-bc19-4e35-94e0-7020e4fd142e,43.60473,-92.34765,6.24459,4.3863,2.95446,-21.70981,-0.11933,-0.94382,3.00417,286.154497,2.1829,130.07068,-15.30627,2.60085,-0.77887,0.36151,-0.16836,0.04836,-0.00602,1.63765,31.27192,-22.03187,2.3178,-0.33587,-0.05752,0.07106,-0.02381,0.00307,0.16094,-11.07573,9.07187,-1.14592,-1.08481,1.36121,-0.77632,0.2331,-0.02924,,,,,,,,,,,,,,,,,,,,,,,High,Medium,Medium,High,Medium,,,
30,2026-09-10,14:40:45.33,,,,,Undefined,FOR_RAM,"Velit, Liam",1000239563,Right,FOR_RAM,Undefined,1,Bottom,0,0,0,Undefined,Other,Undefined,Undefined,FlyBall,Undefined,0,0,,62.20833,3.684186,0.557705,2031.919461,30.529042,7:00,4.40096,0.13393,17.02821,-58.7868,-13.41583,-8.75918,2.21053,-0.18657,57.13195,-9.914822,-1.433651,0.484797,73.37969,64.7788,12.568644,,,,,119.50304,69.28748,30.270718,5.263336,7.3002,-11.65453,-0.06413,50,3.90599,-1.23819,-92.2731,8.57783,6.10388,17.59213,-41.9187,FOR_RAM,,FordhamUniversity,,,20260910-FordhamUniversity-BP-1,1fac12d0-ad47-11f1-884b-8d6b77d225c8,77.74884,113.88562,,5.07638,,,,2.92765,2.69862,0.60285,ba7bdbee-570e-4ce4-ad5b-c43f8345b719,2026-09-10,18:40:45.33,2026-09-10T14:40:45.3310000-04:00,2026-09-10T18:40:45.3310000Z,Popup,v3,471298,,,,,Undefined,FOR_RAM,335d32c0-5e5c-4106-9228-7f040cd8050c,43.47726,-91.02103,8.79606,4.41032,5.59437,-20.95935,-0.13679,-0.80376,3.05194,,2.92466,44.78458,-16.05371,4.86255,-0.79636,-0.03804,0.0503,-0.00924,0.00056,2.6789,97.74514,-27.39404,4.86966,-2.03627,0.69507,-0.14029,0.01434,-0.00057,0.60906,9.87299,3.13956,-1.90157,0.70993,-0.17281,0.02298,-0.00121,-0,,,,,,,,,,,,,,,,,,,,,,,High,Medium,Medium,Medium,Low,,,
31,2026-09-10,14:40:53.48,,,,,Undefined,FOR_RAM,"Velit, Liam",1000239563,Right,FOR_RAM,Undefined,1,Bottom,0,0,0,Undefined,Other,Undefined,Undefined,LineDrive,Undefined,0,0,,62.61185,1.707797,0.483474,2092.295697,48.098964,7:30,4.39803,0.10818,16.97556,-53.25357,-8.88052,-11.31241,1.21593,-0.47915,58.26306,-10.560225,-2.089185,0.479437,97.20336,23.598609,-16.912804,1951.088698,105.79984,44.21841,-30.10636,355.70151,344.10363,-17.402991,4.579981,9.35678,-7.29504,-0.04389,50,4.13255,-1.24405,-92.89974,5.23223,8.0239,16.34772,-38.4299,FOR_RAM,,FordhamUniversity,,,20260910-FordhamUniversity-BP-1,24825300-ad47-11f1-884b-8d6b77d225c8,78.61821,63.11412,,4.34879,,,,3.02282,1.50839,0.42195,ba7bdbee-570e-4ce4-ad5b-c43f8345b719,2026-09-10,18:40:53.48,2026-09-10T14:40:53.4820000-04:00,2026-09-10T18:40:53.4820000Z,LineDrive,v3,471298,,,,,Undefined,FOR_RAM,705a664e-e200-4a67-8dec-f39f9d8c254a,43.52966,-91.75408,8.17386,4.40486,2.53904,-19.21495,-0.11137,-0.68172,4.01195,185.69652,3.02278,124.99307,-23.78714,5.28696,-1.04907,0.19894,-0.034,0.00408,-0.00022,1.50926,57.04942,-13.30919,-0.28381,0.33254,-0.14872,0.04141,-0.00584,0.00032,0.42138,-37.9935,8.58985,-2.33655,0.43432,-0.05809,0.00616,-0.00065,4E-05,,,,,,,,,,,,,,,,,,,,,,,High,High,High,High,Medium,,,
32,2026-09-10,14:41:17.24,,,,,Undefined,FOR_RAM,"Reina, Braedon",10305192,Left,FOR_RAM,Undefined,1,Bottom,0,0,0,Undefined,Curveball,Undefined,Undefined,Undefined,Undefined,0,0,,62.07687,1.405821,0.203495,2016.569165,23.731262,6:45,4.37937,0.12109,17.11513,-54.90204,-10.75812,-5.18764,0.83431,-0.16213,58.75462,-11.211575,-0.981205,0.478197,,,,,,,,,,,,4.29697,-8.69138,-0.09242,50,4.13625,-0.5501,-92.00982,4.89848,3.68526,13.59324,-39.62812,FOR_RAM,,FordhamUniversity,,,20260910-FordhamUniversity-BP-1,32ae6810-ad47-11f1-884b-8d6b77d225c8,78.82201,,,3.32225,,,,,,,ba7bdbee-570e-4ce4-ad5b-c43f8345b719,2026-09-10,18:41:17.24,2026-09-10T14:41:17.2430000-04:00,2026-09-10T18:41:17.2430000Z,,v3,471298,,,,,Undefined,FOR_RAM,52b14206-ae47-4730-ae0d-d1a00cf05112,43.3916,-91.02828,6.79662,4.38665,2.03701,-19.81406,-0.12254,-0.284,1.84263,,,,,,,,,,,,,,,,,,,,,,,,,,,,,,,,,,,,,,,,,,,,,,,,,,,High,Medium,Medium,,,,,
33,2026-09-10,14:41:23.88,,,,,Undefined,FOR_RAM,"Reina, Braedon",10305192,Left,FOR_RAM,Undefined,1,Bottom,0,0,0,Undefined,Other,Undefined,Undefined,GroundBall,Undefined,0,0,,63.33319,3.505713,0.549419,2109.343319,23.084592,6:45,4.38923,0.11308,16.97922,-57.73413,-14.73674,-6.74697,2.15798,-0.04535,59.28963,-9.764437,-0.983066,0.471946,97.13547,-2.636514,19.866887,2021.49874,,,,55.63413,55.63413,18.84792,0.326169,5.63988,-12.53638,-0.04502,50,3.91502,-1.18143,-93.77592,8.45195,4.99574,14.87815,-43.27861,FOR_RAM,,FordhamUniversity,,,20260910-FordhamUniversity-BP-1,36a2acb0-ad47-11f1-884b-8d6b77d225c8,79.86598,3.02567,,4.04356,,,,,,,ba7bdbee-570e-4ce4-ad5b-c43f8345b719,2026-09-10,18:41:23.88,2026-09-10T14:41:23.8820000-04:00,2026-09-10T18:41:23.8820000Z,GroundBall,v3,471298,,,,,Undefined,FOR_RAM,2fdb0c9b-ccd3-438f-ace6-d667bd1eb88f,43.52827,-92.74346,7.43908,4.39734,5.44864,-21.63931,-0.11498,-0.83475,2.49787,,11.16745,133.5636,-19.62067,,,,,,,3.02481,-6.51754,-8.4428,,,,,,,3.30763,48.20053,-9.96315,,,,,,,,,,,,,,,,,,,,,,,,,,,,,High,Medium,Medium,Low,Medium,,,
34,2026-09-10,14:41:45.95,,,,,Undefined,FOR_RAM,"Reina, Braedon",10305192,Left,FOR_RAM,Undefined,1,Bottom,0,0,0,Undefined,Curveball,Undefined,Undefined,GroundBall,Undefined,0,0,,60.57944,3.909228,1.174672,1789.954244,30.019353,7:00,4.40522,0.11043,16.98746,-59.03995,-11.80753,-7.55839,2.36288,0.34385,56.44475,-9.693439,-0.54089,0.494643,88.45065,4.238487,33.89611,3815.40945,,,,75.21253,69.39542,34.057387,0.622455,6.48756,-10.23847,0.02872,50,3.88247,-2.13511,-89.65907,8.77233,5.22728,14.19228,-40.4236,FOR_RAM,,FordhamUniversity,,,20260910-FordhamUniversity-BP-1,43c2f710-ad47-11f1-884b-8d6b77d225c8,76.20137,3.39514,,4.1347,,,,1.99509,2.39045,-0.07014,ba7bdbee-570e-4ce4-ad5b-c43f8345b719,2026-09-10,18:41:45.95,2026-09-10T14:41:45.9550000-04:00,2026-09-10T18:41:45.9550000Z,GroundBall,v3,471298,,,,,Undefined,FOR_RAM,757f3f72-0c24-44a5-aa9f-4fd1f4a8745f,43.51899,-88.62725,7.09614,4.41342,5.8334,-20.2118,-0.11269,-1.75507,2.61364,,2.02486,106.73767,-15.95014,,,,,,,2.42262,8.8872,-20.60796,,,,,,,-0.06344,72.00537,-6.81948,,,,,,,,,,,,,,,,,,,,,,,,,,,,,High,Medium,Medium,High,High,,,
35,2026-09-10,14:42:11.49,,,,,Undefined,FOR_RAM,"Checkmayan, Luke",1000610172,Left,FOR_RAM,Undefined,1,Bottom,0,0,0,Undefined,Curveball,Undefined,Undefined,Undefined,Undefined,0,0,,62.86322,3.619601,0.985069,1894.532542,9.411406,6:15,4.39212,0.12061,17.04808,-62.32873,-18.21501,-3.23587,1.85792,0.57384,58.18077,-10.748972,0.248374,0.478033,79.63794,1.944363,-55.463868,3508.052539,,,,58.36895,58.36895,-57.223912,0.525725,2.95398,-15.36398,-0.00591,50,3.90208,-1.73016,-93.24228,8.70632,2.53955,17.08915,-45.38261,FOR_RAM,,FordhamUniversity,,,20260910-FordhamUniversity-BP-1,53049ad0-ad47-11f1-884b-8d6b77d225c8,78.84896,2.68686,,4.68245,,,,0.90694,2.4569,-0.46453,ba7bdbee-570e-4ce4-ad5b-c43f8345b719,2026-09-10,18:42:11.49,2026-09-10T14:42:11.4960000-04:00,2026-09-10T18:42:11.4960000Z,GroundBall,v3,471298,,,,,Undefined,FOR_RAM,f9985636-4410-4f3d-b06d-7c570abe6813,43.45949,-92.03575,8.54458,4.40365,5.50221,-22.6913,-0.12173,-1.55087,1.26977,,0.90694,66.18023,-16.04192,2.45344,0.14938,-2.29286,4.72623,-5.02581,2.20819,2.4569,3.96303,-17.15931,1.49875,-0.11272,-0.50676,1.11926,-1.19685,0.52628,-0.46453,-96.16235,7.34961,-0.74307,0.72432,-2.16461,4.26942,-4.52404,1.98692,,,,,,,,,,,,,,,,,,,,,,,High,Medium,Medium,Medium,High,,,
36,2026-09-10,14:42:16.26,,,,,Undefined,FOR_RAM,"Checkmayan, Luke",1000610172,Left,FOR_RAM,Undefined,1,Bottom,0,0,0,Undefined,Curveball,Undefined,Undefined,Undefined,Undefined,0,0,,62.17023,1.506687,0.453445,1953.606498,353.867644,5:45,4.40242,0.12982,17.17886,-55.55255,-9.8863,1.23976,0.87545,0.56482,56.60984,-11.415056,0.737001,0.486372,,,,,,,,,,,,-0.81327,-7.98032,-0.0778,50,4.15489,-0.68474,-92.49888,4.94418,-0.67002,20.09005,-38.74865,FOR_RAM,,FordhamUniversity,,,20260910-FordhamUniversity-BP-1,55e2b480-ad47-11f1-884b-8d6b77d225c8,77.49708,,,5.56039,,,,,,,ba7bdbee-570e-4ce4-ad5b-c43f8345b719,2026-09-10,18:42:16.26,2026-09-10T14:42:16.2620000-04:00,2026-09-10T18:42:16.2620000Z,,v3,471298,,,,,Undefined,FOR_RAM,6c52419c-d4fe-4fa5-be76-10547888893d,43.32355,-91.03726,10.04503,4.41204,2.12508,-19.37432,-0.12939,-0.73349,-0.33501,,,,,,,,,,,,,,,,,,,,,,,,,,,,,,,,,,,,,,,,,,,,,,,,,,,High,Medium,Medium,,,,,
37,2026-09-10,14:42:21.47,,,,,Undefined,FOR_RAM,"Checkmayan, Luke",1000610172,Left,FOR_RAM,Undefined,1,Bottom,0,0,0,Undefined,Curveball,Undefined,Undefined,GroundBall,Undefined,0,0,,60.78997,3.072137,0.822145,1877.544278,22.576933,6:45,4.38592,0.11153,16.96523,-63.73161,-17.16363,-7.60898,1.33602,0.08194,57.33356,-11.525377,-0.908537,0.491151,72.26553,-13.356746,-5.172762,,,,,13.34848,11.09383,2.353456,0.095488,6.44008,-14.4406,-0.01139,50,3.95137,-1.60508,-90.06384,7.72495,5.27215,13.48602,-43.99577,FOR_RAM,,FordhamUniversity,,,20260910-FordhamUniversity-BP-1,59026b10-ad47-11f1-884b-8d6b77d225c8,76.74308,2.34504,,3.45641,,,,3.50092,2.34504,1.4386,ba7bdbee-570e-4ce4-ad5b-c43f8345b719,2026-09-10,18:42:21.47,2026-09-10T14:42:21.4780000-04:00,2026-09-10T18:42:21.4780000Z,GroundBall,v3,471298,,,,,Undefined,FOR_RAM,fe1a9751-18c3-453b-80c7-b49898687d38,43.54362,-89.09182,6.74301,4.39388,4.55392,-21.99789,-0.11338,-1.22509,2.63607,180,3.49618,103.0108,,,,,,,,2.34617,-24.55849,,,,,,,,1.43903,-9.32534,,,,,,,,,,,,,,,,,,,,,,,,,,,,,,High,Medium,Medium,Low,Low,,,
38,2026-09-10,14:42:37.72,,,,,Undefined,FOR_RAM,"Rubin, Jack",10076675,Right,FOR_RAM,Undefined,1,Bottom,0,0,0,Undefined,,Undefined,Undefined,Undefined,Undefined,0,0,,62.24279,0.389671,-3.92724,1937.660513,,,4.89569,0.12379,16.80441,,,,1.73062,0.16917,58.31662,-9.143007,4.063897,0.482147,,,,,,,,,,,,-29.44072,3.22449,-0.57993,50,4.79495,7.67493,-92.11874,2.53588,-25.18906,14.23388,-29.41523,FOR_RAM,,FordhamUniversity,,,20260910-FordhamUniversity-BP-1,62a17df0-ad47-11f1-884b-8d6b77d225c8,78.17625,,,3.92617,,,,,,,ba7bdbee-570e-4ce4-ad5b-c43f8345b719,2026-09-10,18:42:37.72,2026-09-10T14:42:37.7220000-04:00,2026-09-10T18:42:37.7220000Z,,v3,471298,,,,,Undefined,FOR_RAM,f1effaff-7b69-4652-aef7-c7578ff84d7b,43.70446,-91.14079,7.11694,4.89975,0.51487,-14.70762,-0.11207,5.94428,-12.59453,,,,,,,,,,,,,,,,,,,,,,,,,,,,,,,,,,,,,,,,,,,,,,,,,,,Low,Low,Low,,,,,
39,2026-09-10,14:42:42.15,,,,,Undefined,FOR_RAM,"Rubin, Jack",10076675,Right,FOR_RAM,Undefined,1,Bottom,0,0,0,Undefined,Curveball,Undefined,Undefined,LineDrive,Undefined,0,0,,60.53729,3.870107,0.610149,1902.113299,26.033569,6:45,4.38704,0.11607,17.03998,-67.95354,-20.23848,-10.58776,1.56904,-0.31844,56.06209,-11.778539,-1.801738,0.497163,98.37376,16.437717,-12.162652,1718.83879,108.482,30.4691,-18.2074,418.30236,189.80269,-2.944402,4.509696,8.7941,-17.18769,-0.03869,50,3.86073,-1.36013,-89.84663,9.02806,6.99193,16.33299,-45.83944,FOR_RAM,,FordhamUniversity,,,20260910-FordhamUniversity-BP-1,65507150-ad47-11f1-884b-8d6b77d225c8,75.81501,45.88525,,4.47521,,,,2.29286,2.15596,0.21973,ba7bdbee-570e-4ce4-ad5b-c43f8345b719,2026-09-10,18:42:42.15,2026-09-10T14:42:42.1530000-04:00,2026-09-10T18:42:42.1530000Z,LineDrive,v3,471298,,,,,Undefined,FOR_RAM,847a2013-846f-4cab-9a9a-b3058c251a73,43.46894,-88.65142,8.16649,4.39865,5.67363,-22.91972,-0.1195,-0.84847,3.49596,210.832363,2.29243,135.28919,-17.3302,3.1952,-0.6643,0.15316,-0.03083,0.00399,-0.00022,2.15689,40.80464,-9.11758,-0.63308,0.40682,-0.15864,0.04193,-0.00592,0.00033,0.21975,-29.15646,10.94034,-2.47924,0.54944,-0.11044,0.01799,-0.00199,0.0001,,,,,,,,,,,,,,,,,,,,,,,High,Medium,Medium,High,Low,,,
40,2026-09-10,14:42:55.20,,,,,Undefined,FOR_RAM,"Rubin, Jack",10076675,Right,FOR_RAM,Undefined,1,Bottom,0,0,0,Undefined,Curveball,Undefined,Undefined,FlyBall,Undefined,0,0,,61.15066,2.839716,0.459063,1944.243607,23.167651,6:45,4.40798,0.12623,17.02866,-55.89436,-9.01351,-4.49103,1.83654,0.08898,56.26676,-10.104861,-0.56229,0.492798,79.91795,42.381938,8.968248,,105.61363,80.25649,30.75306,259.56801,256.29777,24.870813,4.831885,3.82567,-7.85398,-0.0703,50,4.00819,-0.90294,-90.73814,7.01861,3.09511,16.93779,-38.52823,FOR_RAM,,FordhamUniversity,,,20260910-FordhamUniversity-BP-1,6d11c380-ad47-11f1-884b-8d6b77d225c8,76.48655,87.65433,,4.8839,,,,2.28318,1.86424,0.05189,ba7bdbee-570e-4ce4-ad5b-c43f8345b719,2026-09-10,18:42:55.20,2026-09-10T14:42:55.2060000-04:00,2026-09-10T18:42:55.2060000Z,FlyBall,v3,471298,,,,,Undefined,FOR_RAM,bdb24cf8-b4f6-42d0-aa24-be11dec2b721,43.47553,-89.51195,8.46889,4.41533,4.22941,-19.26411,-0.12755,-0.67887,1.54755,213.982312,2.28553,85.47058,-18.49461,4.28757,-0.69011,0.09246,-0.01631,0.00262,-0.00018,1.86532,78.98379,-20.75138,1.38222,0.04684,-0.14681,0.04983,-0.00721,0.00039,0.0508,13.52272,5.32415,-1.47414,0.25974,-0.0329,0.00464,-0.00068,5E-05,,,,,,,,,,,,,,,,,,,,,,,High,Medium,Medium,High,Medium,,,
41,2026-09-10,14:43:19.25,,,,,Undefined,FOR_RAM,"Maryott, Gavin",1000410374,Right,FOR_RAM,Undefined,1,Bottom,0,0,0,Undefined,Curveball,Undefined,Undefined,GroundBall,Undefined,0,0,,63.10785,3.687625,1.043873,1875.769344,24.560925,6:45,4.39268,0.11675,16.95841,-60.5335,-16.68021,-8.20229,2.06405,0.2009,58.47636,-10.242725,-0.818553,0.47662,71.12797,-22.075474,-35.547523,,,,,8.29613,5.5309,-24.808874,0.059474,7.00075,-14.27898,0.00743,50,3.8997,-2.0346,-93.53589,8.78099,6.08057,16.68687,-44.57621,FOR_RAM,,FordhamUniversity,,,20260910-FordhamUniversity-BP-1,7b690740-ad47-11f1-884b-8d6b77d225c8,79.08276,2.3393,,4.6315,,,,2.83739,2.3393,-0.12755,ba7bdbee-570e-4ce4-ad5b-c43f8345b719,2026-09-10,18:43:19.25,2026-09-10T14:43:19.2550000-04:00,2026-09-10T18:43:19.2550000Z,GroundBall,v3,471298,,,,,Undefined,FOR_RAM,908d2b07-c18f-4efc-8197-2d2d805d7af2,43.54883,-92.37783,8.34344,4.40175,5.68742,-22.28811,-0.11913,-1.61261,3.04029,,2.83495,78.91066,,,,,,,,2.34052,-39.33337,,,,,,,,-0.12581,-56.38523,,,,,,,,,,,,,,,,,,,,,,,,,,,,,,High,Medium,Medium,Low,Low,,,
42,2026-09-10,14:43:24.77,,,,,Undefined,FOR_RAM,"Maryott, Gavin",1000410374,Right,FOR_RAM,Undefined,1,Bottom,0,0,0,Undefined,Curveball,Undefined,Undefined,LineDrive,Undefined,0,0,,61.0618,3.277257,0.705432,1803.114088,38.209767,7:15,4.40648,0.1215,17.08384,-54.35704,-7.84524,-7.23406,2.28223,0.03587,56.54799,-9.316417,-0.940389,0.490855,100.75604,12.429987,-28.663129,1842.763153,95.41217,11.21193,-54.74024,170.22341,170.22341,-31.42703,1.410063,6.15701,-7.03914,-0.0337,50,3.95031,-1.41008,-90.48808,7.70804,5.01207,15.44504,-37.90422,FOR_RAM,,FordhamUniversity,,,20260910-FordhamUniversity-BP-1,7ea21230-ad47-11f1-884b-8d6b77d225c8,76.7894,12.09216,,4.51381,,,,2.56208,2.30423,0.40168,ba7bdbee-570e-4ce4-ad5b-c43f8345b719,2026-09-10,18:43:24.77,2026-09-10T14:43:24.7760000-04:00,2026-09-10T18:43:24.7760000Z,LineDrive,v3,471298,,,,,Undefined,FOR_RAM,1f963169-532b-48cc-bd8d-9a4200a2cc90,43.42093,-89.35807,7.72252,4.41281,4.93484,-18.95211,-0.12345,-1.04338,2.50603,,2.56208,126.62675,-22.92547,4.73894,-1.21745,0.30301,-0.07288,0.01383,-0.00139,2.30423,31.8081,-28.1181,4.19835,-1.0492,0.27184,-0.06388,0.01212,-0.00124,0.40168,-69.22025,5.26146,-0.99759,0.26601,-0.06539,0.01574,-0.003,0.0003,,,,,,,,,,,,,,,,,,,,,,,High,Medium,Medium,Low,High,,,
43,2026-09-10,14:43:30.42,,,,,Undefined,FOR_RAM,"Maryott, Gavin",1000410374,Right,FOR_RAM,Undefined,1,Bottom,0,0,0,Undefined,Curveball,Undefined,Undefined,LineDrive,Undefined,0,0,,60.50602,1.794648,0.608223,1754.783459,52.177135,7:45,4.38559,0.13032,17.02847,-49.91392,-2.91791,-5.35067,1.54407,0.13095,56.66715,-9.731306,-0.608674,0.493403,94.63751,24.773862,-5.358268,2535.932445,109.91099,45.74134,-4.42011,356.03393,348.35124,4.878567,4.500303,4.55004,-2.42878,-0.0559,50,4.10615,-1.17077,-89.63469,5.13639,3.67745,13.75022,-34.13705,FOR_RAM,,FordhamUniversity,,,20260910-FordhamUniversity-BP-1,82051350-ad47-11f1-884b-8d6b77d225c8,76.39279,63.19316,,3.83887,,,,2.24241,1.5928,0.19525,ba7bdbee-570e-4ce4-ad5b-c43f8345b719,2026-09-10,18:43:30.42,2026-09-10T14:43:30.4220000-04:00,2026-09-10T18:43:30.4220000Z,LineDrive,v3,471298,,,,,Undefined,FOR_RAM,7bd282cf-49e3-4288-b4e1-e222172e7bcf,43.47553,-88.62816,6.87511,4.39068,2.63754,-17.06852,-0.13175,-0.90158,1.83872,209.933084,2.24181,125.4905,-22.2467,5.22987,-1.18172,0.26627,-0.0498,0.00584,-0.0003,1.59438,58.12661,-14.11934,-0.16505,0.38799,-0.16938,0.03943,-0.00456,0.0002,0.19561,-11.77677,9.0336,-2.35335,0.59583,-0.13952,0.02526,-0.0028,0.00013,,,,,,,,,,,,,,,,,,,,,,,High,Medium,Medium,High,High,,,
44,2026-09-10,14:43:51.96,,,,,Undefined,FOR_RAM,"Velit, Liam",1000239563,Right,FOR_RAM,Undefined,1,Bottom,0,0,0,Undefined,Curveball,Undefined,Undefined,Undefined,Undefined,0,0,,64.04525,2.898507,0.698245,2072.572224,36.584192,7:15,4.39013,0.11362,17.01973,-55.67168,-12.65083,-10.45678,1.88106,-0.24506,58.53723,-9.99262,-1.680227,0.472075,56.86684,60.038475,59.638458,5758.228926,,,,131.18864,131.18864,67.371941,4.170896,8.72056,-10.77197,-0.02745,50,3.99188,-1.5669,-95.11185,7.34728,7.68844,19.68213,-41.67113,FOR_RAM,,FordhamUniversity,,,20260910-FordhamUniversity-BP-1,8edff040-ad47-11f1-884b-8d6b77d225c8,79.84419,70.87935,,5.50802,,,,2.76144,2.11278,0.20651,ba7bdbee-570e-4ce4-ad5b-c43f8345b719,2026-09-10,18:43:51.96,2026-09-10T14:43:51.9600000-04:00,2026-09-10T18:43:51.9600000Z,Popup,v3,471298,,,,,Undefined,FOR_RAM,978d128b-81c0-44f6-b19b-c37db7f3e568,43.48483,-93.75393,9.84107,4.39961,4.47228,-20.83556,-0.11725,-1.03645,3.84422,,2.76236,21.03281,-4.796,0.9277,-0.12888,0.05341,-0.02413,0.00489,-0.00035,2.11305,72.24789,-21.85746,1.96137,-0.15928,-0.11615,0.04981,-0.00806,0.00048,0.2073,35.92208,-3.65501,0.6983,-0.05804,0.01731,-0.01117,0.00259,-0.0002,,,,,,,,,,,,,,,,,,,,,,,High,Medium,Medium,Medium,Medium,,,
45,2026-09-10,14:43:59.72,,,,,Undefined,FOR_RAM,"Velit, Liam",1000239563,Right,FOR_RAM,Undefined,1,Bottom,0,0,0,Undefined,Curveball,Undefined,Undefined,FlyBall,Undefined,0,0,,61.11417,2.400686,0.713345,1674.938885,17.809728,6:30,4.36982,0.129,17.01087,-66.82114,-19.9693,-6.87008,0.56566,0.08041,56.79969,-12.944804,-0.854401,0.492646,93.90016,31.012475,-29.294734,2223.582764,95.8622,62.38628,-53.9474,348.99604,256.32092,-32.925474,5.324445,5.85859,-16.64328,-0.04217,50,4.01128,-1.40211,-90.82103,6.75781,4.74935,16.94649,-45.6662,FOR_RAM,,FordhamUniversity,,,20260910-FordhamUniversity-BP-1,937c34b0-ad47-11f1-884b-8d6b77d225c8,76.51024,90.14819,,4.31448,,,,3.88252,1.70162,0.5952,ba7bdbee-570e-4ce4-ad5b-c43f8345b719,2026-09-10,18:43:59.72,2026-09-10T14:43:59.7230000-04:00,2026-09-10T18:43:59.7230000Z,FlyBall,v3,471298,,,,,Undefined,FOR_RAM,e58de622-c0fa-4358-87e3-899daf92cfa8,43.49723,-89.59945,8.47324,4.37977,3.46597,-22.8331,-0.1309,-1.05976,2.37468,,3.88504,102.88872,-22.71048,5.20305,-0.84345,0.09087,-0.00698,0.00058,-3E-05,1.70159,70.95305,-14.75696,0.08405,0.14222,-0.07658,0.0228,-0.0032,0.00017,0.59427,-57.73681,9.50705,-1.99985,0.32062,-0.0408,0.00513,-0.00059,3E-05,,,,,,,,,,,,,,,,,,,,,,,High,Medium,Medium,Low,Low,,,
46,2026-09-10,14:44:07.46,,,,,Undefined,FOR_RAM,"Velit, Liam",1000239563,Right,FOR_RAM,Undefined,1,Bottom,0,0,0,Undefined,Curveball,Undefined,Undefined,LineDrive,Undefined,0,0,,61.40988,3.065459,0.116533,1923.798184,343.535645,5:30,4.36668,0.14363,17.05292,-72.82146,-27.72883,8.47768,0.54945,0.9356,58.69517,-13.547534,2.054938,0.483308,81.44866,26.898888,-10.579104,2120.533192,108.67069,46.13505,-17.04718,290.74449,282.64632,-5.32399,4.090581,-6.93485,-23.24434,-0.14,50,3.91122,0.18608,-91.08434,8.30099,-5.8452,12.96403,-51.76606,FOR_RAM,,FordhamUniversity,,,20260910-FordhamUniversity-BP-1,98287eb0-ad47-11f1-884b-8d6b77d225c8,77.9884,53.73077,,2.71471,,,,2.61365,1.88713,0.07207,ba7bdbee-570e-4ce4-ad5b-c43f8345b719,2026-09-10,18:44:07.46,2026-09-10T14:44:07.4640000-04:00,2026-09-10T18:44:07.4640000Z,LineDrive,v3,471298,,,,,Undefined,FOR_RAM,4b24240b-1788-4c2f-bc12-1bbdae93ce89,43.46077,-90.14881,6.48201,4.37546,4.56535,-25.88303,-0.14179,-0.23573,-2.9226,191.959747,2.61379,104.72067,-17.69389,4.08032,-0.77491,0.14489,-0.02787,0.00406,-0.00027,1.88737,54.03454,-14.69681,0.20927,0.18368,-0.12749,0.04421,-0.00728,0.00046,0.07238,-19.56732,5.40701,-1.04848,0.27323,-0.08861,0.02352,-0.00354,0.00022,,,,,,,,,,,,,,,,,,,,,,,High,Medium,Medium,High,High,,,
47,2026-09-10,14:44:32.45,,,,,Undefined,FOR_RAM,"Reina, Braedon",10305192,Left,FOR_RAM,Undefined,1,Bottom,0,0,0,Undefined,,Undefined,Undefined,LineDrive,Undefined,0,0,,59.74756,1.601299,-0.962581,1783.50419,,,3.97306,-0.80088,34.42298,,,,2.4718,-0.77204,59.31881,-8.570073,1.102354,0.283855,95.79537,16.14137,-18.10676,3153.878967,101.50425,22.37652,-42.38882,232.24572,227.96721,-28.958179,2.400726,-12.88201,-25.86726,0.00469,50.0003,1.3398,4.43401,-89.22652,17.08037,-11.00615,5.60773,-54.27457,FOR_RAM,,FordhamUniversity,,,20260910-FordhamUniversity-BP-1,a6e254d0-ad47-11f1-884b-8d6b77d225c8,132.7877,22.91817,,0.42875,,,,0.54749,1.9844,0.12691,ba7bdbee-570e-4ce4-ad5b-c43f8345b719,2026-09-10,18:44:32.45,2026-09-10T14:44:32.4580000-04:00,2026-09-10T18:44:32.4580000Z,LineDrive,v3,471298,,,,,Undefined,FOR_RAM,96547ef3-3e14-4ee1-b995-cef921240b4d,26.08618,-87.71068,2.80387,3.97394,2.4093,-27.13729,0.80116,1.45891,-5.50307,,0.5475,128.27737,-25.62208,4.74639,-1.03251,0.20216,-0.0367,0.00495,-0.00034,1.9844,39.06,-20.18015,2.18602,-0.45318,0.09683,-0.01675,0.00221,-0.00016,0.12692,-41.94462,-5.44255,2.46909,-0.73488,0.186,-0.03705,0.0052,-0.00035,,,,,,,,,,,,,,,,,,,,,,,Low,Low,Low,Medium,Medium,,,
48,2026-09-10,14:44:37.89,,,,,Undefined,FOR_RAM,"Reina, Braedon",10305192,Left,FOR_RAM,Undefined,1,Bottom,0,0,0,Undefined,Curveball,Undefined,Undefined,Undefined,Undefined,0,0,,61.31887,1.247845,0.087327,1876.670447,44.799468,7:30,4.40207,0.12158,17.13159,-53.18117,-6.99733,-8.34949,0.88426,-0.51026,56.83328,-11.063018,-1.819386,0.489121,,,,,,,,,,,,6.74863,-5.30681,-0.10659,50,4.18807,-0.45374,-91.04709,4.38986,5.51842,16.58753,-36.51345,FOR_RAM,,FordhamUniversity,,,20260910-FordhamUniversity-BP-1,aa686e50-ad47-11f1-884b-8d6b77d225c8,77.06155,,,4.48558,,,,,,,ba7bdbee-570e-4ce4-ad5b-c43f8345b719,2026-09-10,18:44:37.89,2026-09-10T14:44:37.8920000-04:00,2026-09-10T18:44:37.8920000Z,,v3,471298,,,,,Undefined,FOR_RAM,60bfd601-eb52-42a2-9b83-1c0c9518291e,43.37155,-89.83136,8.29377,4.41175,1.71373,-18.25673,-0.12502,-0.04929,2.75921,,,,,,,,,,,,,,,,,,,,,,,,,,,,,,,,,,,,,,,,,,,,,,,,,,,High,High,High,,,,,
49,2026-09-10,14:44:43.17,,,,,Undefined,FOR_RAM,"Reina, Braedon",10305192,Left,FOR_RAM,Undefined,1,Bottom,0,0,0,Undefined,Curveball,Undefined,Undefined,LineDrive,Undefined,0,0,,60.10093,3.69623,0.475465,1681.558857,349.302207,5:45,4.40343,0.13649,17.05794,-59.14239,-11.52103,2.40693,2.19028,0.68587,56.2706,-9.936791,1.022857,0.496675,100.8813,21.990214,-7.575546,2950.765742,107.27373,38.23652,-24.33689,313.56052,153.8931,-22.006526,3.532317,-1.81504,-9.89477,-0.0842,50,3.89742,-0.64253,-88.96165,8.42846,-1.44622,13.44691,-40.05823,FOR_RAM,,FordhamUniversity,,,20260910-FordhamUniversity-BP-1,ad66ba30-ad47-11f1-884b-8d6b77d225c8,75.88954,46.76047,,3.83033,,,,0.86249,2.09218,-0.6958,ba7bdbee-570e-4ce4-ad5b-c43f8345b719,2026-09-10,18:44:43.17,2026-09-10T14:44:43.1750000-04:00,2026-09-10T18:44:43.1750000Z,LineDrive,v3,471298,,,,,Undefined,FOR_RAM,6f96d97d-ae55-4276-9dca-0b3e7f97b7ad,43.44858,-87.9658,6.72345,4.41176,5.46183,-20.02911,-0.13575,-0.74963,-0.72311,121.633793,0.86254,135.99366,-28.32069,6.57513,-1.42825,0.30491,-0.0573,0.00699,-0.00037,2.09218,55.4055,-18.76162,1.15032,-0.11868,-0.00576,0.00621,-0.0008,3E-05,-0.69579,-18.09023,-10.56371,3.65934,-1.02092,0.26115,-0.05454,0.00708,-0.0004,,,,,,,,,,,,,,,,,,,,,,,High,Medium,Medium,Medium,Low,,,
50,2026-09-10,14:44:50.45,,,,,Undefined,FOR_RAM,"Reina, Braedon",10305192,Left,FOR_RAM,Undefined,1,Bottom,0,0,0,Undefined,,Undefined,Undefined,LineDrive,Undefined,0,0,,59.40215,1.246794,-4.956474,1731.866768,,,4.93587,0.45758,16.99754,,,,2.45196,-0.30609,57.1789,-8.119437,2.881426,0.49563,96.95401,23.088392,-7.011885,2938.983618,107.96937,41.24151,-21.0384,342.22621,315.04045,-18.969958,4.047065,-29.27324,5.54095,-1.06385,50,4.72315,9.10899,-87.45708,3.913,-23.55725,7.81347,-27.71506,FOR_RAM,,FordhamUniversity,,,20260910-FordhamUniversity-BP-1,b1c8dbd0-ad47-11f1-884b-8d6b77d225c8,76.04954,52.98694,,2.22325,,,,1.05776,2.40298,-0.17191,ba7bdbee-570e-4ce4-ad5b-c43f8345b719,2026-09-10,18:44:50.45,2026-09-10T14:44:50.4590000-04:00,2026-09-10T18:44:50.4590000Z,LineDrive,v3,471298,,,,,Undefined,FOR_RAM,7cea0fc8-3351-4fa8-bbfb-fe78dec8da2a,43.51252,-86.87555,3.90674,4.93762,1.85027,-13.85753,-0.45115,7.35571,-11.77863,130.025555,1.05714,129.84829,-23.23208,5.18707,-1.2318,0.31249,-0.0721,0.0106,-0.00065,2.40366,55.74445,-16.35721,0.26278,0.35695,-0.18825,0.05423,-0.00778,0.00043,-0.17185,-15.97079,-8.53009,3.36593,-0.96777,0.2139,-0.0353,0.0036,-0.00016,,,,,,,,,,,,,,,,,,,,,,,Low,Low,Low,Medium,Medium,,,
51,2026-09-10,14:45:12.36,,,,,Undefined,FOR_RAM,"Checkmayan, Luke",1000610172,Left,FOR_RAM,Undefined,1,Bottom,0,0,0,Undefined,Curveball,Undefined,Undefined,GroundBall,Undefined,0,0,,63.51616,2.582715,0.581635,2105.266961,24.067127,6:45,4.39412,0.11947,17.05349,-55.39385,-10.96064,-5.66713,1.67421,0.07395,57.11673,-10.316332,-0.708722,0.479761,51.36399,-12.623685,-39.48936,,,,,11.0758,3.57067,-25.182211,0.140348,4.79233,-9.15016,-0.05098,50,4.03762,-1.15829,-94.4634,6.66322,4.07825,22.15882,-39.96083,FOR_RAM,,FordhamUniversity,,,20260910-FordhamUniversity-BP-1,bee30bb0-ad47-11f1-884b-8d6b77d225c8,78.565,2.32465,,6.39944,,,,2.01268,2.32465,1.88808,ba7bdbee-570e-4ce4-ad5b-c43f8345b719,2026-09-10,18:45:12.36,2026-09-10T14:45:12.3670000-04:00,2026-09-10T18:45:12.3670000Z,GroundBall,v3,471298,,,,,Undefined,FOR_RAM,e541d349-c629-4c9e-a369-8ccc23ec1469,43.44771,-92.91367,11.07941,4.4059,3.86848,-19.98042,-0.12201,-0.87307,2.03912,180,2.00494,57.07573,,,,,,,,2.32689,-16.56344,,,,,,,,1.89447,-47.0318,,,,,,,,,,,,,,,,,,,,,,,,,,,,,,High,Medium,Medium,Low,Low,,,
52,2026-09-10,14:45:17.51,,,,,Undefined,FOR_RAM,"Checkmayan, Luke",1000610172,Left,FOR_RAM,Undefined,1,Bottom,0,0,0,Undefined,,Undefined,Undefined,GroundBall,Undefined,0,0,,60.10968,1.669736,-4.552753,1915.838404,,,4.76088,0.3624,17.03414,,,,0.99233,-0.68932,55.59331,-12.14638,1.715009,0.501787,57.0639,-51.020235,-11.554992,,,,,3.89126,3.89126,7.676956,0.019785,-23.96911,-9.17693,-0.90193,50,4.49237,8.12867,-89.10412,5.2172,-18.70953,16.27317,-39.33728,FOR_RAM,,FordhamUniversity,,,20260910-FordhamUniversity-BP-1,c1dd5ff0-ad47-11f1-884b-8d6b77d225c8,75.1164,1.29091,,4.51637,,,,2.83295,1.29091,0.72907,ba7bdbee-570e-4ce4-ad5b-c43f8345b719,2026-09-10,18:45:17.51,2026-09-10T14:45:17.5110000-04:00,2026-09-10T18:45:17.5110000Z,GroundBall,v3,471298,,,,,Undefined,FOR_RAM,a6f8f5d7-fc35-45a5-920c-3a051138e36f,43.47433,-87.90425,8.13658,4.77012,2.31675,-19.66864,-0.35343,6.74916,-9.35476,,2.83247,51.7289,,,,,,,,1.29151,-65.24841,,,,,,,,0.72916,-10.57608,,,,,,,,,,,,,,,,,,,,,,,,,,,,,,Low,Low,Low,Estimated,Estimated,,,
53,2026-09-10,14:45:23.55,,,,,Undefined,FOR_RAM,"Checkmayan, Luke",1000610172,Left,FOR_RAM,Undefined,1,Bottom,0,0,0,Undefined,Curveball,Undefined,Undefined,FlyBall,Undefined,0,0,,60.12621,3.592844,0.725152,1790.758849,24.804228,6:45,4.38306,0.12662,17.05871,-68.66712,-20.6008,-10.15465,1.30011,-0.18761,56.03875,-12.198716,-1.590776,0.49899,73.65825,33.397002,-36.686916,4686.579097,91.00879,44.75182,-61.78442,194.92717,108.2207,-33.802334,3.215285,8.50941,-17.44009,-0.03516,50,3.88215,-1.52671,-89.23008,8.6228,6.71338,15.40799,-45.93316,FOR_RAM,,FordhamUniversity,,,20260910-FordhamUniversity-BP-1,c5772880-ad47-11f1-884b-8d6b77d225c8,75.53744,44.75145,,4.08746,,,,2.33113,2.0591,0.87994,ba7bdbee-570e-4ce4-ad5b-c43f8345b719,2026-09-10,18:45:23.55,2026-09-10T14:45:23.5530000-04:00,2026-09-10T18:45:23.5530000Z,FlyBall,v3,471298,,,,,Undefined,FOR_RAM,7de8b885-b718-4be7-8203-8bb553f0c812,43.45079,-88.09193,7.70399,4.39378,5.22981,-22.96658,-0.12962,-1.03081,3.35669,,2.33127,72.32301,-12.94438,3.07648,-0.68089,0.17708,-0.04457,0.00722,-0.00051,2.05887,59.47107,-23.67685,2.60484,-0.4493,0.00634,0.02476,-0.00654,0.00058,0.87967,-53.87754,11.97086,-3.11797,0.78411,-0.25173,0.07457,-0.01328,0.00099,,,,,,,,,,,,,,,,,,,,,,,High,Medium,Medium,Low,Low,,,
54,2026-09-10,14:46:00.04,,,,,Undefined,FOR_RAM,"Rubin, Jack",10076675,Right,FOR_RAM,Undefined,1,Bottom,0,0,0,Undefined,Curveball,Undefined,Undefined,GroundBall,Undefined,0,0,,64.88436,4.023186,0.672466,2144.160691,25.317419,6:45,4.38464,0.12882,16.93754,-54.68735,-12.21394,-6.49957,2.79227,0.08194,58.60723,-8.660964,-0.800277,0.469062,88.64892,-16.609249,12.680666,,,,,10.32145,9.61623,11.696515,0.077568,5.45114,-10.68969,-0.05089,50,3.87362,-1.36307,-96.2473,9.16319,4.88314,21.19011,-41.74988,FOR_RAM,,FordhamUniversity,,,20260910-FordhamUniversity-BP-1,db5bb620-ad47-11f1-884b-8d6b77d225c8,80.35709,2.8899,,6.27713,,,,0.65518,2.8899,-0.03429,ba7bdbee-570e-4ce4-ad5b-c43f8345b719,2026-09-10,18:46:00.04,2026-09-10T14:46:00.0470000-04:00,2026-09-10T18:46:00.0470000Z,GroundBall,v3,471298,,,,,Undefined,FOR_RAM,1ed3dbf0-f4e6-45c7-98f5-ffad7079f2e6,43.56518,-94.82001,10.59506,4.39612,6.35106,-20.87494,-0.13162,-1.03416,2.44157,180,0.65144,121.85384,,,,,,,,2.89104,-37.25636,,,,,,,,-0.03513,27.41774,,,,,,,,,,,,,,,,,,,,,,,,,,,,,,High,Medium,Medium,High,High,,,
55,2026-09-10,14:46:06.41,,,,,Undefined,FOR_RAM,"Rubin, Jack",10076675,Right,FOR_RAM,Undefined,1,Bottom,0,0,0,Undefined,Curveball,Undefined,Undefined,Undefined,Undefined,0,0,,60.71391,2.500621,0.831662,1764.876723,29.558147,7:00,4.39721,0.13095,17.04042,-55.69042,-8.15083,-5.47882,1.5929,0.28478,55.89944,-10.398947,-0.415025,0.496248,39.03027,30.005272,106.117216,1921.106557,,,,,14.03002,,,4.75299,-6.94583,-0.03195,50,4.03666,-1.51811,-90.10632,6.42044,3.78994,16.76619,-37.71251,FOR_RAM,,FordhamUniversity,,,20260910-FordhamUniversity-BP-1,df053620-ad47-11f1-884b-8d6b77d225c8,75.95477,8.44497,,4.81447,,,,3.14639,1.79578,-0.2807,ba7bdbee-570e-4ce4-ad5b-c43f8345b719,2026-09-10,18:46:06.41,2026-09-10T14:46:06.4150000-04:00,2026-09-10T18:46:06.4150000Z,,v3,471298,,,,,Undefined,FOR_RAM,bc2cc97e-1036-4e19-a0c8-f5209c749712,43.4634,-88.88172,8.38309,4.40501,3.66594,-18.85626,-0.13272,-1.2413,1.89497,27.421605,3.14669,-13.77496,0.25658,,,,,,,1.79646,28.5965,-20.90523,,,,,,,-0.28232,47.6966,1.37887,,,,,,,,,,,,,,,,,,,,,,,,,,,,,High,Medium,Medium,Medium,Undefined,,,
56,2026-09-10,14:46:13.25,,,,,Undefined,FOR_RAM,"Rubin, Jack",10076675,Right,FOR_RAM,Undefined,1,Bottom,0,0,0,Undefined,Curveball,Undefined,Undefined,GroundBall,Undefined,0,0,,62.03853,2.763167,0.648302,1922.187228,35.119321,7:15,4.38348,0.12535,17.01089,-54.18129,-8.80705,-7.15823,1.89939,0.00497,57.29443,-9.768732,-0.978847,0.484815,99.84655,1.929256,-26.393182,1780.492434,,,,44.49738,41.68534,-27.778645,0.296777,6.04859,-7.61599,-0.04581,50,3.99549,-1.32717,-92.0117,6.92319,5.06229,16.67306,-38.54813,FOR_RAM,,FordhamUniversity,,,20260910-FordhamUniversity-BP-1,e322fbc0-ad47-11f1-884b-8d6b77d225c8,77.746,1.99485,,4.7441,,,,2.97378,1.83968,-0.22938,ba7bdbee-570e-4ce4-ad5b-c43f8345b719,2026-09-10,18:46:13.25,2026-09-10T14:46:13.2550000-04:00,2026-09-10T18:46:13.2550000Z,GroundBall,v3,471298,,,,,Undefined,FOR_RAM,c5cbcbdf-6391-4522-91b4-ff7a76718bd2,43.49363,-90.82506,8.33653,4.39059,4.17967,-19.27407,-0.12745,-0.96688,2.53115,,2.97371,131.10856,-28.54917,,,,,,,1.84761,4.57545,-36.48213,,,,,,,-0.22083,-65.44441,-12.52712,,,,,,,,,,,,,,,,,,,,,,,,,,,,,High,Medium,Medium,Low,Medium,,,
57,2026-09-10,14:46:36.20,,,,,Undefined,FOR_RAM,"Maryott, Gavin",1000410374,Right,FOR_RAM,Undefined,1,Bottom,0,0,0,Undefined,Curveball,Undefined,Undefined,LineDrive,Undefined,0,0,,63.07181,1.782909,0.554425,1983.732067,53.917395,7:45,4.37454,0.1301,17.09634,-50.12018,-6.69036,-10.87489,1.50507,-0.36977,58.64043,-9.814968,-1.924178,0.474313,98.68237,14.962815,-6.899733,1070.023981,109.69736,24.57181,-8.15253,283.77456,282.96741,-0.629816,2.878862,9.04024,-5.50756,-0.05694,50,4.09762,-1.35825,-93.56209,5.31047,7.87782,16.34503,-36.97345,FOR_RAM,,FordhamUniversity,,,20260910-FordhamUniversity-BP-1,f0e30890-ad47-11f1-884b-8d6b77d225c8,79.46738,28.09532,,4.43138,,,,2.05585,1.64649,0.35868,ba7bdbee-570e-4ce4-ad5b-c43f8345b719,2026-09-10,18:46:36.20,2026-09-10T14:46:36.2090000-04:00,2026-09-10T18:46:36.2090000Z,LineDrive,v3,471298,,,,,Undefined,FOR_RAM,8fdfcf8d-b85b-4181-8924-0273e3d7be04,43.40814,-92.40333,8.17252,4.38119,2.68929,-18.48672,-0.13343,-0.79976,3.93891,216.003015,2.05581,138.81328,-24.7244,5.70866,-0.95978,0.06794,0.01873,-0.00619,0.00058,1.6466,37.36857,-12.68975,-0.49996,-0.05686,0.21485,-0.10076,0.02135,-0.00177,0.35873,-16.79763,10.24263,-2.79275,0.50406,-0.00657,-0.02726,0.00725,-0.00065,,,,,,,,,,,,,,,,,,,,,,,High,High,High,High,High,,,
58,2026-09-10,14:46:41.79,,,,,Undefined,FOR_RAM,"Maryott, Gavin",1000410374,Right,FOR_RAM,Undefined,1,Bottom,0,0,0,Undefined,Curveball,Undefined,Undefined,Undefined,Undefined,0,0,,61.20752,1.439076,0.999984,1854.791768,83.164624,8:45,4.39686,0.10434,17.13118,-46.63892,-0.82551,-17.2471,1.56452,-0.60053,57.16778,-9.374109,-2.931655,0.487156,,,,,,,,,,,,14.37064,-0.55224,0.02675,50,4.15867,-2.29256,-90.74295,4.51157,11.85696,14.57757,-32.62971,FOR_RAM,,FordhamUniversity,,,20260910-FordhamUniversity-BP-1,f41d4c00-ad47-11f1-884b-8d6b77d225c8,77.37247,,,4.03974,,,,,,,ba7bdbee-570e-4ce4-ad5b-c43f8345b719,2026-09-10,18:46:41.79,2026-09-10T14:46:41.7900000-04:00,2026-09-10T18:46:41.7900000Z,,v3,471298,,,,,Undefined,FOR_RAM,ca05b6c2-4194-49fb-a47d-3039cf3c2b34,43.37305,-89.67203,7.28879,4.40206,2.11448,-16.31485,-0.10967,-1.42151,5.92848,,,,,,,,,,,,,,,,,,,,,,,,,,,,,,,,,,,,,,,,,,,,,,,,,,,High,Medium,Medium,,,,,
59,2026-09-10,14:46:46.35,,,,,Undefined,FOR_RAM,"Maryott, Gavin",1000410374,Right,FOR_RAM,Undefined,1,Bottom,0,0,0,Undefined,Curveball,Undefined,Undefined,GroundBall,Undefined,0,0,,59.41753,4.692617,0.753361,1817.735758,33.457197,7:00,4.39603,0.11995,16.98839,-63.57185,-14.15501,-10.28237,2.55457,-0.1833,55.07955,-9.961666,-1.579452,0.505951,82.20702,-11.982223,-44.309053,,,,,15.81781,14.77829,-35.582719,0.119136,8.598,-12.51005,-0.02617,50,3.77885,-1.55006,-87.93749,9.98933,6.61914,14.4309,-41.8049,FOR_RAM,,FordhamUniversity,,,20260910-FordhamUniversity-BP-1,f6d54010-ad47-11f1-884b-8d6b77d225c8,74.49814,3.52215,,4.33798,,,,2.94649,3.52215,0.56124,ba7bdbee-570e-4ce4-ad5b-c43f8345b719,2026-09-10,18:46:46.35,2026-09-10T14:46:46.3590000-04:00,2026-09-10T18:46:46.3590000Z,GroundBall,v3,471298,,,,,Undefined,FOR_RAM,d564f8b5-a9bb-4791-8fa4-1c32055726f4,43.51872,-86.86738,7.21545,4.40466,6.88931,-20.90245,-0.12291,-1.05922,3.30957,,2.94623,84.42619,-9.85777,,,,,,,3.52231,-25.04902,-37.92199,,,,,,,0.5615,-82.41562,3.72435,,,,,,,,,,,,,,,,,,,,,,,,,,,,,High,Medium,Medium,Low,Low,,,
60,2026-09-10,14:46:55.03,,,,,Undefined,FOR_RAM,"Maryott, Gavin",1000410374,Right,FOR_RAM,Undefined,1,Bottom,0,0,0,Undefined,Curveball,Undefined,Undefined,LineDrive,Undefined,0,0,,62.21431,3.326101,0.701289,2059.876882,43.182737,7:30,4.3862,0.1221,17.00904,-53.1579,-8.32248,-8.99083,2.40215,-0.11205,57.72712,-8.959956,-1.340605,0.481928,89.25204,26.025568,-8.673845,2505.369369,109.56101,48.80948,-9.81105,319.07372,300.20026,1.686135,4.385623,7.52945,-7.32229,-0.03488,50,3.9344,-1.49223,-92.15038,7.8226,6.3822,15.51235,-38.38065,FOR_RAM,,FordhamUniversity,,,20260910-FordhamUniversity-BP-1,fbfd70d0-ad47-11f1-884b-8d6b77d225c8,78.21181,62.35596,,4.48719,,,,2.46802,2.53004,0.14268,ba7bdbee-570e-4ce4-ad5b-c43f8345b719,2026-09-10,18:46:55.03,2026-09-10T14:46:55.0300000-04:00,2026-09-10T18:46:55.0300000Z,FlyBall,v3,471298,,,,,Undefined,FOR_RAM,73721886-58fb-472f-85d0-1967899f365d,43.49596,-91.04892,7.75618,4.39309,5.09738,-19.19032,-0.12475,-1.03906,3.1911,208.600589,2.46784,116.28883,-21.57932,5.0172,-1.00518,0.19992,-0.03782,0.0049,-0.00028,2.53043,57.42561,-13.91462,-0.13216,0.19244,-0.08337,0.02316,-0.00314,0.00016,0.14256,-17.73726,10.19649,-2.58538,0.54129,-0.10206,0.01758,-0.00214,0.00012,,,,,,,,,,,,,,,,,,,,,,,High,Medium,Medium,High,Medium,,,
61,2026-09-10,14:47:19.70,,,,,Undefined,FOR_RAM,"Velit, Liam",1000239563,Right,FOR_RAM,Undefined,1,Bottom,0,0,0,Undefined,Curveball,Undefined,Undefined,Undefined,Undefined,0,0,,61.74815,5.142753,1.33446,1850.351297,52.378798,7:45,4.42399,0.11316,17.00411,-54.53491,-8.74154,-13.05036,3.66813,0.00601,56.88576,-7.477671,-1.621611,0.487049,,,,,,,,,,,,10.82662,-7.89559,0.0443,50,3.77205,-2.59944,-91.23916,10.63076,8.98716,15.33385,-38.72818,FOR_RAM,,FordhamUniversity,,,20260910-FordhamUniversity-BP-1,0af142b0-ad48-11f1-884b-8d6b77d225c8,77.3894,,,4.86239,,,,,,,ba7bdbee-570e-4ce4-ad5b-c43f8345b719,2026-09-10,18:47:19.70,2026-09-10T14:47:19.7050000-04:00,2026-09-10T18:47:19.7050000Z,,v3,471298,,,,,Undefined,FOR_RAM,1f552b78-41b2-46f1-a4c9-1daebd263ed8,43.50086,-90.14029,7.66693,4.43444,7.85536,-19.36409,-0.11891,-1.95539,4.49358,,,,,,,,,,,,,,,,,,,,,,,,,,,,,,,,,,,,,,,,,,,,,,,,,,,High,Medium,Medium,,,,,
62,2026-09-10,14:47:24.79,,,,,Undefined,FOR_RAM,"Velit, Liam",1000239563,Right,FOR_RAM,Undefined,1,Bottom,0,0,0,Undefined,Curveball,Undefined,Undefined,Undefined,Undefined,0,0,,61.17561,4.819826,0.183721,1929.606029,42.418342,7:30,4.40209,0.13414,16.98959,-54.89255,-8.67174,-9.01012,3.37764,-0.48171,56.94666,-7.847476,-1.857439,0.489317,,,,,,,,,,,,7.38276,-7.99457,-0.10518,50,3.7771,-0.65501,-90.3789,10.15166,6.07982,13.70934,-38.75773,FOR_RAM,,FordhamUniversity,,,20260910-FordhamUniversity-BP-1,0dc0b660-ad48-11f1-884b-8d6b77d225c8,77.03076,,,4.22895,,,,,,,ba7bdbee-570e-4ce4-ad5b-c43f8345b719,2026-09-10,18:47:24.79,2026-09-10T14:47:24.7930000-04:00,2026-09-10T18:47:24.7930000Z,,v3,471298,,,,,Undefined,FOR_RAM,ed600772-36e6-4b3e-8916-b5641bf04e33,43.51616,-89.38997,6.85467,4.40856,7.35586,-19.37887,-0.13661,-0.21644,3.03991,,,,,,,,,,,,,,,,,,,,,,,,,,,,,,,,,,,,,,,,,,,,,,,,,,,High,High,High,,,,,
63,2026-09-10,14:47:30.75,,,,,Undefined,FOR_RAM,"Velit, Liam",1000239563,Right,FOR_RAM,Undefined,1,Bottom,0,0,0,Undefined,Curveball,Undefined,Undefined,FlyBall,Undefined,0,0,,59.40342,3.818432,1.298414,1632.6527,44.486845,7:30,4.39876,0.11427,17.02426,-57.53798,-8.98634,-9.9669,2.41222,0.23712,55.87518,-9.429391,-0.965047,0.501503,93.27845,28.934471,-21.938699,1731.756475,102.80106,55.84065,-39.13836,363.38297,217.05444,-18.785438,4.994422,8.49378,-7.91839,0.04357,50,3.87809,-2.39733,-87.81989,8.49434,6.65196,12.10848,-38.37539,FOR_RAM,,FordhamUniversity,,,20260910-FordhamUniversity-BP-1,11635890-ad48-11f1-884b-8d6b77d225c8,75.15899,79.00069,,3.52824,,,,3.22146,2.79176,-1.02633,ba7bdbee-570e-4ce4-ad5b-c43f8345b719,2026-09-10,18:47:30.75,2026-09-10T14:47:30.7510000-04:00,2026-09-10T18:47:30.7510000Z,FlyBall,v3,471298,,,,,Undefined,FOR_RAM,5faf1add-4d37-4376-8838-e3c8562c7659,43.48235,-86.9166,6.05424,4.40498,5.63155,-19.18769,-0.11676,-1.9011,3.32598,,3.22188,111.05354,-19.28204,4.41817,-0.9189,0.18391,-0.03192,0.00366,-0.00019,2.79327,66.15503,-15.26536,0.16307,0.29451,-0.15208,0.03895,-0.00493,0.00025,-1.02657,-44.72827,10.16175,-2.48137,0.5326,-0.10304,0.01635,-0.00173,8E-05,,,,,,,,,,,,,,,,,,,,,,,High,High,High,Low,Low,,,
64,2026-09-10,14:47:39.69,,,,,Undefined,FOR_RAM,"Velit, Liam",1000239563,Right,FOR_RAM,Undefined,1,Bottom,0,0,0,Undefined,,Undefined,Undefined,LineDrive,Undefined,0,0,,61.03558,-1.047164,-3.856897,1698.73974,,,4.883,0.226,16.94897,,,,1.66686,-0.69988,54.81691,-8.049459,1.341814,0.500116,96.14914,16.617867,-30.522026,1709.399267,94.06022,15.06861,-57.03223,171.47745,141.72376,-32.908275,1.628318,-20.18946,16.43304,-0.67281,50,4.94863,6.91242,-90.51008,-0.23258,-15.88372,19.53986,-19.24561,FOR_RAM,,FordhamUniversity,,,20260910-FordhamUniversity-BP-1,169c5230-ad48-11f1-884b-8d6b77d225c8,75.36744,15.81155,,6.21867,,,,3.61774,1.46446,0.36284,ba7bdbee-570e-4ce4-ad5b-c43f8345b719,2026-09-10,18:47:39.69,2026-09-10T14:47:39.6920000-04:00,2026-09-10T18:47:39.6920000Z,LineDrive,v3,471298,,,,,Undefined,FOR_RAM,80ebb814-9f9f-4573-a050-155d3a737893,43.55055,-89.10686,9.76993,4.8823,-1.61467,-9.62281,-0.21737,5.77175,-7.94186,,3.61774,116.40436,-26.45538,6.93436,-1.86443,0.51757,-0.13049,0.02426,-0.00231,1.46446,40.32945,-31.90643,5.86214,-1.62052,0.4458,-0.11228,0.02091,-0.00198,0.36284,-68.62771,9.85369,-2.60581,0.69377,-0.19264,0.04858,-0.00903,0.00086,,,,,,,,,,,,,,,,,,,,,,,Low,Low,Low,Low,Medium,,,
65,2026-09-10,14:48:07.07,,,,,Undefined,FOR_RAM,"Reina, Braedon",10305192,Left,FOR_RAM,Undefined,1,Bottom,0,0,0,Undefined,Curveball,Undefined,Undefined,FlyBall,Undefined,0,0,,62.38333,2.311089,0.253598,2005.171213,36.664886,7:15,4.38478,0.12858,17.01579,-53.59168,-9.63741,-7.95504,1.61684,-0.34811,58.818,-10.00874,-1.556095,0.477169,101.11203,28.62103,11.704904,2661.899667,108.19883,58.92557,19.82457,378.84489,375.3037,7.806127,5.324556,6.56437,-8.06729,-0.09176,50,4.044,-0.74951,-92.38567,6.28618,5.68014,13.6101,-39.15464,FOR_RAM,,FordhamUniversity,,,20260910-FordhamUniversity-BP-1,26fb9af0-ad48-11f1-884b-8d6b77d225c8,78.99187,90.4636,,3.56533,,,,1.82387,1.75063,0.37164,ba7bdbee-570e-4ce4-ad5b-c43f8345b719,2026-09-10,18:48:07.07,2026-09-10T14:48:07.0710000-04:00,2026-09-10T18:48:07.0710000Z,FlyBall,v3,471298,,,,,Undefined,FOR_RAM,23994f19-a8ee-4680-aef6-32c6ff0b7d20,43.49061,-91.42169,6.80505,4.39103,3.51292,-19.57732,-0.1306,-0.3472,2.84007,168.668052,1.82658,127.41773,-27.5112,6.81651,-1.32061,0.20139,-0.02436,0.00219,-0.0001,1.75067,71.03097,-13.55268,-1.28038,0.82101,-0.27338,0.05724,-0.00654,0.0003,0.37269,26.38742,-9.24602,2.68986,-0.59145,0.09731,-0.0113,0.00086,-3E-05,,,,,,,,,,,,,,,,,,,,,,,High,High,High,High,Medium,,,
66,2026-09-10,14:48:13.46,,,,,Undefined,FOR_RAM,"Reina, Braedon",10305192,Left,FOR_RAM,Undefined,1,Bottom,0,0,0,Undefined,Curveball,Undefined,Undefined,Undefined,Undefined,0,0,,61.99005,3.438846,1.496008,1825.429085,46.108092,7:30,4.38673,0.11964,16.97706,-51.66101,-7.25642,-8.56304,2.61312,0.50588,58.51756,-8.439797,-0.445512,0.479607,,,,,,,,,,,,7.403,-6.49008,0.0592,50,3.91804,-2.76883,-91.5824,8.00286,6.35562,12.15099,-37.74589,FOR_RAM,,FordhamUniversity,,,20260910-FordhamUniversity-BP-1,2ab372d0-ad48-11f1-884b-8d6b77d225c8,78.59029,,,3.47249,,,,,,,ba7bdbee-570e-4ce4-ad5b-c43f8345b719,2026-09-10,18:48:13.46,2026-09-10T14:48:13.4620000-04:00,2026-09-10T18:48:13.4620000Z,,v3,471298,,,,,Undefined,FOR_RAM,51ba917d-9e44-4ee8-90a0-3075e05bad44,43.52913,-90.7198,6.07549,4.39105,5.32325,-18.87294,-0.12135,-2.31764,3.17781,,,,,,,,,,,,,,,,,,,,,,,,,,,,,,,,,,,,,,,,,,,,,,,,,,,High,High,High,,,,,
67,2026-09-10,14:48:20.66,,,,,Undefined,FOR_RAM,"Reina, Braedon",10305192,Left,FOR_RAM,Undefined,1,Bottom,0,0,0,Undefined,Curveball,Undefined,Undefined,Undefined,Undefined,0,0,,60.57499,3.433357,0.389067,1819.097748,38.727546,7:15,4.40902,0.13787,17.08381,-53.68491,-6.46075,-6.26544,2.45549,-0.09901,56.11614,-9.012362,-1.035965,0.494599,104.30141,29.045932,37.433843,2538.6591,81.14497,53.34458,74.2659,346.42724,176.46815,55.912944,4.286134,5.23429,-5.85154,-0.08774,50,3.93657,-0.85951,-89.72873,7.85403,4.19705,14.97947,-36.86603,FOR_RAM,,FordhamUniversity,,,20260910-FordhamUniversity-BP-1,2f19b320-ad48-11f1-884b-8d6b77d225c8,76.20803,71.58577,,4.45884,,,,2.1414,2.60058,0.48179,ba7bdbee-570e-4ce4-ad5b-c43f8345b719,2026-09-10,18:48:20.66,2026-09-10T14:48:20.6680000-04:00,2026-09-10T18:48:20.6680000Z,FlyBall,v3,471298,,,,,Undefined,FOR_RAM,49a8c38b-620e-449a-9a14-5f431ef1002f,43.42045,-88.62352,7.48973,4.4157,5.13399,-18.43302,-0.13973,-0.54984,2.09853,,2.14083,106.20402,-28.91721,7.12087,-1.73948,0.41277,-0.08266,0.01016,-0.00053,2.60106,74.26013,-23.4896,2.42446,-0.38952,0.04078,-0.00041,-6E-05,-3E-05,0.48075,81.3207,-2.33586,-0.74308,0.13148,0.04484,-0.02587,0.00488,-0.00034,,,,,,,,,,,,,,,,,,,,,,,High,Medium,Medium,High,Low,,,
68,2026-09-10,14:48:33.87,,,,,Undefined,FOR_RAM,"Checkmayan, Luke",1000610172,Left,FOR_RAM,Undefined,1,Bottom,0,0,0,Undefined,Curveball,Undefined,Undefined,LineDrive,Undefined,0,0,,60.85304,2.6719,0.3524,1977.030875,31.597706,7:00,4.38678,0.12156,16.97857,-55.20515,-9.16981,-6.26756,1.7516,-0.14173,57.67845,-9.99391,-1.071622,0.488334,76.97578,12.469841,-0.040863,962.526657,109.95792,9.98845,-3.04098,157.65516,156.52524,-2.385206,1.709373,5.20803,-7.74658,-0.07514,50,4.00298,-0.81877,-90.02718,6.78742,4.31224,11.9822,-38.58821,FOR_RAM,,FordhamUniversity,,,20260910-FordhamUniversity-BP-1,36eabcc0-ad48-11f1-884b-8d6b77d225c8,77.18576,11.41007,,3.17459,,,,2.33183,1.94719,0.15816,ba7bdbee-570e-4ce4-ad5b-c43f8345b719,2026-09-10,18:48:33.87,2026-09-10T14:48:33.8780000-04:00,2026-09-10T18:48:33.8780000Z,LineDrive,v3,471298,,,,,Undefined,FOR_RAM,4d159169-ec28-4aec-bd57-02ee69ae4cca,43.52811,-89.16164,5.9911,4.39259,3.99998,-19.2941,-0.12304,-0.50728,2.15612,131.268937,2.33182,110.23453,-14.36054,2.28328,-0.31141,-0.07564,0.07926,-0.02765,0.00378,1.94719,24.37706,-16.52427,1.28926,-0.45947,0.31838,-0.17086,0.05351,-0.00708,0.15814,-0.07754,-3.12141,0.4426,0.47716,-0.65556,0.406,-0.13095,0.01745,,,,,,,,,,,,,,,,,,,,,,,High,Medium,Medium,High,High,,,
69,2026-09-10,14:48:38.62,,,,,Undefined,FOR_RAM,"Checkmayan, Luke",1000610172,Left,FOR_RAM,Undefined,1,Bottom,0,0,0,Undefined,,Undefined,Undefined,GroundBall,Undefined,0,0,,61.19192,-0.175076,-4.11776,1646.371803,,,4.93424,0.31305,17.08763,,,,1.21654,-0.81104,56.15009,-10.209029,1.064873,0.493032,37.98238,-49.87821,-41.979129,,,,,3.03143,3.03143,1.169728,0.031551,-20.01281,3.85984,-0.80291,50,4.88994,7.39889,-90.67422,1.72907,-16.12896,17.20467,-29.0633,FOR_RAM,,FordhamUniversity,,,20260910-FordhamUniversity-BP-1,39b8d0e0-ad48-11f1-884b-8d6b77d225c8,76.45024,1.35321,,5.04183,,,,2.18304,1.35321,0.82465,ba7bdbee-570e-4ce4-ad5b-c43f8345b719,2026-09-10,18:48:38.62,2026-09-10T14:48:38.6210000-04:00,2026-09-10T18:48:38.6210000Z,GroundBall,v3,471298,,,,,Undefined,FOR_RAM,64dcf561-01f7-45a0-8f3f-66304506fb53,43.41508,-89.41606,8.60234,4.93867,-0.3963,-14.53165,-0.30496,6.21939,-8.06448,,2.18211,26.86952,,,,,,,,1.35469,-42.89004,,,,,,,,0.82548,-24.17571,,,,,,,,,,,,,,,,,,,,,,,,,,,,,,Low,Low,Low,Estimated,Estimated,,,
70,2026-09-10,14:48:45.25,,,,,Undefined,FOR_RAM,"Checkmayan, Luke",1000610172,Left,FOR_RAM,Undefined,1,Bottom,0,0,0,Undefined,Curveball,Undefined,Undefined,LineDrive,Undefined,0,0,,60.46007,3.502637,1.267081,1790.961445,69.016829,8:15,4.39776,0.10428,17.02925,-55.27019,-7.51272,-23.30104,2.36701,-0.90716,55.84601,-9.295679,-4.025967,0.497384,78.11891,17.394179,-6.011144,1593.191439,108.49026,21.73742,-18.16098,211.11139,205.13766,-12.967081,2.470239,19.38812,-6.78681,0.05908,50,3.9215,-2.88949,-89.64636,7.97344,15.40821,15.78766,-37.56768,FOR_RAM,,FordhamUniversity,,,20260910-FordhamUniversity-BP-1,3dc35ca0-ad48-11f1-884b-8d6b77d225c8,75.78133,21.75003,,4.61406,,,,2.36389,2.44895,-0.05874,ba7bdbee-570e-4ce4-ad5b-c43f8345b719,2026-09-10,18:48:45.25,2026-09-10T14:48:45.2540000-04:00,2026-09-10T18:48:45.2540000Z,LineDrive,v3,471298,,,,,Undefined,FOR_RAM,e76f29b4-8fa5-4348-9cb8-a105e9e8d732,43.47717,-88.49016,7.89383,4.40468,5.22221,-18.78384,-0.1112,-1.76108,7.7041,122.720608,2.36392,108.73237,-15.00346,2.56624,-0.37109,-0.03968,0.04848,-0.01478,0.00172,2.44893,34.25197,-16.07825,0.8746,-0.14775,0.08982,-0.04317,0.01228,-0.00142,-0.05874,-11.44842,-5.82444,1.93603,-0.50627,0.08607,-0.00617,-0.00124,0.00026,,,,,,,,,,,,,,,,,,,,,,,High,Medium,Medium,High,High,,,
71,2026-09-10,14:50:21.11,,,,,Undefined,FOR_RAM,"Hanawalt, Chase",1000367090,Left,FOR_RAM,Undefined,1,Bottom,0,0,0,Undefined,Curveball,Undefined,Undefined,Undefined,Undefined,0,0,,62.09955,4.531297,0.888676,1864.039118,43.510028,7:30,4.41613,0.11057,17.08274,-52.01637,-7.75083,-8.33508,3.41094,0.06758,58.23884,-7.479094,-1.004075,0.478855,,,,,,,,,,,,6.97307,-6.8913,-0.00179,50,3.82027,-1.76442,-91.69086,9.74449,5.97459,12.73847,-38.07859,FOR_RAM,,FordhamUniversity,,,20260910-FordhamUniversity-BP-1,76f95ba0-ad48-11f1-884b-8d6b77d225c8,78.71362,,,3.86071,,,,,,,ba7bdbee-570e-4ce4-ad5b-c43f8345b719,2026-09-10,18:50:21.11,2026-09-10T14:50:21.1190000-04:00,2026-09-10T18:50:21.1190000Z,,v3,471298,,,,,Undefined,FOR_RAM,32458036-1ec0-4f00-8730-9a8b9406e671,43.42318,-90.77255,6.36924,4.42379,6.99943,-19.03929,-0.11346,-1.33372,2.9873,,,,,,,,,,,,,,,,,,,,,,,,,,,,,,,,,,,,,,,,,,,,,,,,,,,High,Medium,Medium,,,,,
72,2026-09-10,14:50:26.49,,,,,Undefined,FOR_RAM,"Hanawalt, Chase",1000367090,Left,FOR_RAM,Undefined,1,Bottom,0,0,0,Undefined,Curveball,Undefined,Undefined,LineDrive,Undefined,0,0,,61.36799,3.546544,1.156405,1778.511753,42.283057,7:30,4.38239,0.12209,17.00283,-56.1368,-10.50461,-10.57355,2.31332,0.09052,57.57027,-9.37545,-1.244311,0.486191,96.1407,26.719075,-4.927208,3365.015382,108.93601,50.7684,-15.26188,302.68793,302.33847,-14.891905,4.341129,8.91607,-9.04532,0.01863,50,3.90058,-2.26531,-90.79381,8.22708,7.43508,13.41895,-39.7169,FOR_RAM,,FordhamUniversity,,,20260910-FordhamUniversity-BP-1,7a13bb00-ad48-11f1-884b-8d6b77d225c8,77.52595,64.96292,,3.79773,,,,1.18542,2.45482,-0.10414,ba7bdbee-570e-4ce4-ad5b-c43f8345b719,2026-09-10,18:50:26.49,2026-09-10T14:50:26.4950000-04:00,2026-09-10T18:50:26.4950000Z,FlyBall,v3,471298,,,,,Undefined,FOR_RAM,80532864-6853-4d3f-904e-0fd18f6a992c,43.50399,-89.82859,6.70948,4.3896,5.37028,-19.85845,-0.12509,-1.73051,3.71754,150.933489,1.18564,125.47142,-28.21386,6.58173,-1.28441,0.19553,-0.02041,0.00111,-1E-05,2.4548,63.40947,-18.05719,1.56621,-0.53914,0.19567,-0.04773,0.00664,-0.00039,-0.1041,-10.82452,-4.41282,1.28178,-0.20866,0.0035,0.00584,-0.00105,6E-05,,,,,,,,,,,,,,,,,,,,,,,High,Medium,Medium,Medium,High,,,
73,2026-09-10,14:50:31.55,,,,,Undefined,FOR_RAM,"Hanawalt, Chase",1000367090,Left,FOR_RAM,Undefined,1,Bottom,0,0,0,Undefined,Curveball,Undefined,Undefined,FlyBall,Undefined,0,0,,59.44792,3.782584,1.693309,1608.645545,56.26841,8:00,4.37901,0.11778,17.03601,-56.77145,-7.91485,-13.79426,2.42964,0.21146,55.45535,-9.326723,-1.439319,0.503075,92.66653,38.932049,2.073886,5052.882154,109.99997,88.15586,0.05588,293.65464,288.37947,-2.277649,5.73911,11.70847,-7.0037,0.08702,50,3.8664,-3.13848,-87.9523,8.36717,9.10115,13.36615,-37.61814,FOR_RAM,,FordhamUniversity,,,20260910-FordhamUniversity-BP-1,7d3a0140-ad48-11f1-884b-8d6b77d225c8,74.92403,113.42781,,3.99257,,,,1.23988,2.57113,-0.3515,ba7bdbee-570e-4ce4-ad5b-c43f8345b719,2026-09-10,18:50:31.55,2026-09-10T14:50:31.5500000-04:00,2026-09-10T18:50:31.5500000Z,FlyBall,v3,471298,,,,,Undefined,FOR_RAM,40a351ed-afe5-480a-9e2d-a7013c07fe13,43.47003,-86.95428,6.68307,4.3863,5.5583,-18.80907,-0.12196,-2.45891,4.55058,172.013871,1.24673,105.5272,-27.04274,6.81514,-1.16552,0.11235,-0.00211,-0.00052,3E-05,2.56736,85.46519,-17.55505,0.00543,0.36685,-0.14167,0.03139,-0.00367,0.00017,-0.35085,3.81198,-3.87908,1.30316,-0.2986,0.04619,-0.0042,0.00018,0,,,,,,,,,,,,,,,,,,,,,,,High,Medium,Medium,Medium,Low,,,
74,2026-09-10,14:50:38.69,,,,,Undefined,FOR_RAM,"Hanawalt, Chase",1000367090,Left,FOR_RAM,Undefined,1,Bottom,0,0,0,Undefined,Curveball,Undefined,Undefined,FlyBall,Undefined,0,0,,58.23778,-1.802765,-0.106236,911.260875,57.964791,8:00,4.65317,0.13752,34.3165,-19.46678,-2.36874,-4.24764,2.25122,-0.26239,56.08349,-9.338924,-1.749454,0.297608,97.79406,31.956427,21.870487,2849.064285,100.71113,67.5805,44.2396,387.5032,381.16418,28.500091,5.739713,9.78284,-4.59205,0.10046,50,4.07157,-1.93832,-89.25152,7.02397,7.79776,14.2634,-35.83429,FOR_RAM,,FordhamUniversity,,,20260910-FordhamUniversity-BP-1,8143c9b0-ad48-11f1-884b-8d6b77d225c8,126.65138,104.10432,,2.15429,,,,2.25178,2.8827,0.54669,ba7bdbee-570e-4ce4-ad5b-c43f8345b719,2026-09-10,18:50:38.69,2026-09-10T14:50:38.6970000-04:00,2026-09-10T18:50:38.6970000Z,FlyBall,v3,471298,,,,,Undefined,FOR_RAM,688ac50c-539e-4695-b448-41a9c55253ad,26.18957,-85.36158,7.1317,4.65453,-2.74883,-17.91715,-0.13818,0.1883,3.89888,,2.25577,112.85804,-24.79776,5.67744,-0.84925,0.05272,0.00513,-0.00103,5E-05,2.88144,75.93392,-14.57948,-0.07086,0.13254,-0.04373,0.01188,-0.00168,9E-05,0.54805,45.30871,-5.08678,0.85925,-0.06937,-0.00875,0.00299,-0.00028,1E-05,,,,,,,,,,,,,,,,,,,,,,,High,High,High,Medium,Medium,,,
75,2026-09-10,14:50:57.93,,,,,Undefined,FOR_RAM,"Chavez, Carson",1000156814,Right,FOR_RAM,Undefined,1,Bottom,0,0,0,Undefined,Curveball,Undefined,Undefined,LineDrive,Undefined,0,0,,62.95937,3.689444,0.361029,1947.227176,41.67023,7:30,4.39484,0.12227,16.94539,-52.109,-8.49245,-8.55359,2.77003,-0.32496,58.74071,-8.318978,-1.577107,0.475332,93.76238,8.537756,1.585303,1122.151552,,,,125.71098,125.71098,5.470513,1.062127,7.01304,-7.42445,-0.07489,50,3.90914,-0.93309,-93.13612,8.43308,6.13248,14.57205,-38.66628,FOR_RAM,,FordhamUniversity,,,20260910-FordhamUniversity-BP-1,8cd9f1a0-ad48-11f1-884b-8d6b77d225c8,79.29706,7.22292,,4.21866,,,,0.74015,2.72777,0.36146,ba7bdbee-570e-4ce4-ad5b-c43f8345b719,2026-09-10,18:50:57.93,2026-09-10T14:50:57.9340000-04:00,2026-09-10T18:50:57.9340000Z,LineDrive,v3,471298,,,,,Undefined,FOR_RAM,8c356560-3ffc-414b-94e6-714cad1284bf,43.56008,-92.12302,7.28603,4.40199,5.74487,-19.33314,-0.12494,-0.50675,3.06624,298.782135,0.74015,135.94195,-20.81921,3.66667,-0.8816,0.20988,-0.04985,0.01008,-0.00117,2.72777,20.41606,-24.51953,3.34383,-0.75552,0.18814,-0.04355,0.00879,-0.00104,0.36146,3.7623,7.94895,-1.42794,0.36328,-0.08508,0.01995,-0.00402,0.00047,,,,,,,,,,,,,,,,,,,,,,,High,High,High,High,High,,,
76,2026-09-10,14:51:04.25,,,,,Undefined,FOR_RAM,"Chavez, Carson",1000156814,Right,FOR_RAM,Undefined,1,Bottom,0,0,0,Undefined,Curveball,Undefined,Undefined,FlyBall,Undefined,0,0,,62.12172,3.48275,0.327309,1911.591164,328.068026,5:00,4.37243,0.13973,16.84445,-53.84952,-8.54977,6.11004,2.45608,0.89024,57.6807,-8.911298,1.709036,0.484417,83.85147,31.034189,-4.08428,2399.189476,109.98981,56.58855,-1.47621,316.5255,314.71086,6.078164,4.595975,-4.80059,-7.40004,-0.10771,50,3.91879,-0.29249,-91.95743,7.98701,-4.05813,15.26284,-38.42958,FOR_RAM,,FordhamUniversity,,,20260910-FordhamUniversity-BP-1,9093c550-ad48-11f1-884b-8d6b77d225c8,77.80994,69.18939,,4.44101,,,,1.15182,2.49498,-0.17596,ba7bdbee-570e-4ce4-ad5b-c43f8345b719,2026-09-10,18:51:04.25,2026-09-10T14:51:04.2570000-04:00,2026-09-10T18:51:04.2570000Z,FlyBall,v3,471298,,,,,Undefined,FOR_RAM,8bf4ba58-b2ea-48cc-8b06-baeed698739f,43.66033,-90.8991,7.63142,4.38023,5.32228,-19.21479,-0.13775,-0.57388,-2.02907,210.746173,1.15212,105.10359,-16.60861,3.59206,-0.70365,0.14235,-0.02861,0.00394,-0.00023,2.49495,63.40625,-16.71735,1.05131,-0.12354,-0.03456,0.02126,-0.00375,0.00023,-0.17638,-7.49409,6.71346,-1.45057,0.25929,-0.04203,0.00744,-0.00105,7E-05,,,,,,,,,,,,,,,,,,,,,,,High,Medium,Medium,Medium,High,,,
77,2026-09-10,14:51:17.43,,,,,Undefined,FOR_RAM,"Chavez, Carson",1000156814,Right,FOR_RAM,Undefined,1,Bottom,0,0,0,Undefined,Other,Undefined,Undefined,LineDrive,Undefined,0,0,,62.60323,2.508221,0.682255,2073.742812,24.166558,6:45,4.36359,0.13107,16.95531,-58.34046,-13.888,-6.7989,1.3477,0.06624,58.24899,-10.907752,-0.863333,0.479865,95.92537,8.214651,-12.884244,859.358113,,,,121.61689,114.46347,-14.467406,0.987581,5.71721,-11.49717,-0.04921,50,4.00749,-1.37384,-92.8674,6.69714,4.89921,16.34031,-42.02626,FOR_RAM,,FordhamUniversity,,,20260910-FordhamUniversity-BP-1,987326d0-ad48-11f1-884b-8d6b77d225c8,78.54795,5.98619,,4.35424,,,,1.17901,1.6583,-0.08078,ba7bdbee-570e-4ce4-ad5b-c43f8345b719,2026-09-10,18:51:17.43,2026-09-10T14:51:17.4390000-04:00,2026-09-10T18:51:17.4390000Z,LineDrive,v3,471298,,,,,Undefined,FOR_RAM,8683af83-fd52-496c-8f0d-17e4294d1a67,43.55111,-91.72568,8.17016,4.37284,3.76071,-21.01313,-0.13325,-1.03153,2.44961,41.797212,1.17901,135.74091,-21.61222,4.60422,-1.06737,0.24445,-0.05764,0.01149,-0.00133,1.6583,20.10212,-24.59158,3.15489,-0.73316,0.17287,-0.03978,0.00819,-0.00098,-0.08078,-31.04954,-0.24415,0.87406,-0.33443,0.1029,-0.02812,0.0063,-0.0008,,,,,,,,,,,,,,,,,,,,,,,High,Medium,Medium,High,Medium,,,
78,2026-09-10,14:51:37.32,,,,,Undefined,FOR_RAM,"Dieguez, Matthew",10131275,Right,FOR_RAM,Undefined,1,Bottom,0,0,0,Undefined,Curveball,Undefined,Undefined,Undefined,Undefined,0,0,,61.54037,3.708482,0.337287,1956.760682,18.298111,6:30,4.37156,0.12661,16.92818,-58.08338,-12.90572,-4.5967,2.26405,-0.00825,58.20661,-9.600401,-0.704962,0.483764,85.35376,29.613615,9.185005,3311.487154,106.66559,52.68312,26.87757,321.21601,315.70376,22.836255,4.37839,3.82244,-11.00808,-0.08428,50,3.87348,-0.72771,-90.97316,8.59096,3.23294,12.1927,-41.4844,FOR_RAM,,FordhamUniversity,,,20260910-FordhamUniversity-BP-1,a461cf00-ad48-11f1-884b-8d6b77d225c8,77.91496,63.69192,,3.33376,,,,1.52975,2.65029,0.08799,ba7bdbee-570e-4ce4-ad5b-c43f8345b719,2026-09-10,18:51:37.32,2026-09-10T14:51:37.3270000-04:00,2026-09-10T18:51:37.3270000Z,FlyBall,v3,471298,,,,,Undefined,FOR_RAM,fb3b29d4-df63-4c93-9a69-50ec235a2bd7,43.57961,-90.10856,6.09635,4.37838,5.64924,-20.7422,-0.12776,-0.49846,1.61647,225.452208,1.53038,107.42164,-18.36875,3.855,-0.65267,0.09375,-0.01814,0.00341,-0.00026,2.65105,61.84247,-16.95958,0.61626,0.13741,-0.12844,0.0467,-0.00762,0.00046,0.08782,17.38111,6.7741,-2.06115,0.40691,-0.04965,0.00521,-0.00071,5E-05,,,,,,,,,,,,,,,,,,,,,,,High,Medium,Medium,High,Medium,,,
79,2026-09-10,14:51:44.27,,,,,Undefined,FOR_RAM,"Dieguez, Matthew",10131275,Right,FOR_RAM,Undefined,1,Bottom,0,0,0,Undefined,,Undefined,Undefined,Undefined,Undefined,0,0,,57.57432,-0.946177,-1.544273,1630.065211,,,4.39273,-0.56898,,,,,2.00539,-0.28849,57.38791,-9.722018,2.819841,0.305061,,,,,,,,,,,,-26.32057,-12.45083,-0.80457,50.00023,3.23803,7.89777,-85.83708,9.95655,-20.84548,4.99495,-42.03492,FOR_RAM,,FordhamUniversity,,,20260910-FordhamUniversity-BP-1,a860c200-ad48-11f1-884b-8d6b77d225c8,123.55688,,,0.18642,,,,,,,ba7bdbee-570e-4ce4-ad5b-c43f8345b719,2026-09-10,18:51:44.27,2026-09-10T14:51:44.2740000-04:00,2026-09-10T18:51:44.2740000Z,,v3,471298,,,,,Undefined,FOR_RAM,505574df-d4cd-4535-b63f-48301ebfc8f1,26.95455,-84.48538,2.49748,4.39327,-1.41862,-21.01746,0.5694,2.25673,-10.42274,,,,,,,,,,,,,,,,,,,,,,,,,,,,,,,,,,,,,,,,,,,,,,,,,,,Low,Low,Low,,,,,
80,2026-09-10,14:51:50.23,,,,,Undefined,FOR_RAM,"Dieguez, Matthew",10131275,Right,FOR_RAM,Undefined,1,Bottom,0,0,0,Undefined,,Undefined,Undefined,GroundBall,Undefined,0,0,,62.77982,-0.604529,-4.760355,1773.133411,,,4.81872,0.35166,16.68062,,,,1.65509,-0.39474,55.15227,-8.360941,2.750048,0.495099,93.84322,-10.636139,-16.292009,,,,,11.20846,11.20846,-6.951271,0.068135,-28.48265,12.78347,-0.86491,50,4.83753,8.70228,-93.12488,0.46357,-23.10507,23.8525,-21.80412,FOR_RAM,,FordhamUniversity,,,20260910-FordhamUniversity-BP-1,abffe1c0-ad48-11f1-884b-8d6b77d225c8,76.13109,1.73299,,7.62755,,,,2.26866,1.73299,1.23224,ba7bdbee-570e-4ce4-ad5b-c43f8345b719,2026-09-10,18:51:50.23,2026-09-10T14:51:50.2370000-04:00,2026-09-10T18:51:50.2370000Z,GroundBall,v3,471298,,,,,Undefined,FOR_RAM,54cd497f-c892-4944-9bbb-70521970bd00,43.81732,-91.52758,11.92625,4.81969,-0.99655,-10.90206,-0.33396,7.15504,-11.55254,180,2.26692,129.99875,,,,,,,,1.73333,-25.43483,,,,,,,,1.23275,-37.99461,,,,,,,,,,,,,,,,,,,,,,,,,,,,,,Low,Low,Low,Low,Low,,,
81,2026-09-10,14:52:16.64,,,,,Undefined,FOR_RAM,"Grabau, Anthony",1000407420,Left,FOR_RAM,Undefined,1,Bottom,0,0,0,Undefined,Curveball,Undefined,Undefined,GroundBall,Undefined,0,0,,61.23433,3.521526,0.633277,1848.569138,29.457642,7:00,4.3964,0.13693,17.02321,-54.24999,-8.20622,-5.32418,2.46449,0.15822,57.08305,-9.005921,-0.575936,0.488379,27.14854,-66.050078,-1.707716,,,,,5.08691,5.08689,-2.461059,0.075679,4.5402,-7.31811,-0.05977,50,3.91633,-1.22152,-90.63468,8.10394,3.74646,14.23419,-38.2128,FOR_RAM,,FordhamUniversity,,,20260910-FordhamUniversity-BP-1,bbba5f00-ad48-11f1-884b-8d6b77d225c8,77.17871,2.83005,,4.15128,,,,3.8257,2.83005,-0.18097,ba7bdbee-570e-4ce4-ad5b-c43f8345b719,2026-09-10,18:52:16.64,2026-09-10T14:52:16.6440000-04:00,2026-09-10T18:52:16.6440000Z,GroundBall,v3,471298,,,,,Undefined,FOR_RAM,4dac203c-833d-424c-9c5a-172dc3d4ff47,43.48209,-89.60519,7.11709,4.40251,5.3402,-19.1064,-0.13832,-0.95055,1.87323,,3.82025,16.60331,,,,,,,,2.84231,-37.39615,,,,,,,,-0.18081,-0.49501,,,,,,,,,,,,,,,,,,,,,,,,,,,,,,High,Medium,Medium,Estimated,Estimated,,,
82,2026-09-10,14:52:23.30,,,,,Undefined,FOR_RAM,"Grabau, Anthony",1000407420,Left,FOR_RAM,Undefined,1,Bottom,0,0,0,Undefined,Curveball,Undefined,Undefined,FlyBall,Undefined,0,0,,60.90953,2.263099,0.894013,1735.592093,22.393871,6:45,4.35276,0.12573,17.06714,-61.56074,-15.27792,-6.78126,0.88359,0.21637,57.35226,-11.87422,-0.653356,0.489645,97.07353,31.539951,12.256225,2916.938173,107.39935,65.20738,23.77652,343.21124,343.21124,14.580123,5.297942,5.81835,-12.71717,-0.01657,50,4.00579,-1.69234,-90.33102,6.41519,4.76827,14.15916,-42.59606,FOR_RAM,,FordhamUniversity,,,20260910-FordhamUniversity-BP-1,bfe0b020-ad48-11f1-884b-8d6b77d225c8,76.97912,91.5579,,3.55727,,,,1.95698,1.40945,-0.09321,ba7bdbee-570e-4ce4-ad5b-c43f8345b719,2026-09-10,18:52:23.30,2026-09-10T14:52:23.3070000-04:00,2026-09-10T18:52:23.3070000Z,FlyBall,v3,471298,,,,,Undefined,FOR_RAM,9c34e615-67fa-42c5-8647-85e16c24f826,43.44076,-89.29695,7.07958,4.36071,3.30434,-21.29803,-0.12745,-1.3441,2.38414,182.64504,1.96166,118.48253,-28.81562,7.45833,-1.36314,0.15801,-0.00875,5E-05,1E-05,1.40717,74.51281,-15.52709,-0.75798,0.67241,-0.23095,0.05035,-0.00606,0.0003,-0.09252,25.74442,-5.4037,1.53366,-0.30053,0.03847,-0.0024,-0,1E-05,,,,,,,,,,,,,,,,,,,,,,,High,Medium,Medium,High,High,,,
83,2026-09-10,14:52:31.97,,,,,Undefined,FOR_RAM,"Grabau, Anthony",1000407420,Left,FOR_RAM,Undefined,1,Bottom,0,0,0,Undefined,Curveball,Undefined,Undefined,Undefined,Undefined,0,0,,61.13215,3.318716,0.545129,1746.325593,15.088219,6:30,4.37948,0.12678,16.96958,-62.69078,-16.46462,-4.75843,1.59779,0.131,57.35418,-11.06709,-0.536568,0.489345,94.02944,10.398693,44.195492,3963.600419,,,,122.44172,122.24476,49.688854,1.003136,4.04193,-13.97457,-0.06077,50,3.91902,-1.05626,-90.57178,8.09666,3.33154,14.18279,-43.69253,FOR_RAM,,FordhamUniversity,,,20260910-FordhamUniversity-BP-1,c5005560-ad48-11f1-884b-8d6b77d225c8,77.02627,7.26802,,3.77797,,,,2.40691,1.9209,0.72201,ba7bdbee-570e-4ce4-ad5b-c43f8345b719,2026-09-10,18:52:31.97,2026-09-10T14:52:31.9750000-04:00,2026-09-10T18:52:31.9750000Z,LineDrive,v3,471298,,,,,Undefined,FOR_RAM,da08496e-3f50-406d-87ac-16baca8cb4e4,43.53845,-89.55424,7.09139,4.38746,4.96195,-21.84627,-0.12798,-0.81724,1.66577,,2.40691,97.25319,-23.27915,3.28201,-1.02275,0.66323,-0.31081,0.00467,0.03259,1.92089,24.89408,-31.08902,5.54591,-2.2978,2.15232,-1.48672,0.4743,-0.03558,0.72201,94.55782,-0.33512,-2.555,1.47908,-1.62911,1.30156,-0.53412,0.08171,,,,,,,,,,,,,,,,,,,,,,,High,Medium,Medium,High,High,,,
84,2026-09-10,14:52:48.73,,,,,Undefined,FOR_RAM,"Palmer, Owen",10100501,Left,FOR_RAM,Undefined,1,Bottom,0,0,0,Undefined,Other,Undefined,Undefined,Bunt,Undefined,0,0,,63.98462,1.089369,0.217057,2208.172878,51.838376,7:45,4.35828,0.11542,16.9863,-51.18944,-9.05922,-12.92532,0.89311,-0.80219,60.04075,-10.66946,-2.72447,0.467163,,,,,,,,,,,,10.638,-7.34571,-0.07787,50,4.16164,-0.92171,-94.90263,4.27838,9.60986,15.80974,-38.80982,FOR_RAM,,FordhamUniversity,,,20260910-FordhamUniversity-BP-1,cec5b4f0-ad48-11f1-884b-8d6b77d225c8,80.6837,,,3.94387,,,,,,,ba7bdbee-570e-4ce4-ad5b-c43f8345b719,2026-09-10,18:52:48.73,2026-09-10T14:52:48.7330000-04:00,2026-09-10T18:52:48.7330000Z,,v3,471298,,,,,Undefined,FOR_RAM,52acb1f3-4fa4-413b-8ab9-939e04cd9976,43.51972,-93.81688,7.90487,4.36394,1.61306,-19.40491,-0.1185,-0.26174,4.80493,,,,,,,,,,,,,,,,,,,,,,,,,,,,,,,,,,,,,,,,,,,,,,,,,,,High,High,High,,,,,
85,2026-09-10,14:52:56.28,,,,,Undefined,FOR_RAM,"Palmer, Owen",10100501,Left,FOR_RAM,Undefined,1,Bottom,0,0,0,Undefined,Curveball,Undefined,Undefined,GroundBall,Undefined,0,0,,60.86745,2.867765,0.647079,1789.204257,36.470252,7:15,4.37859,0.13336,17.01488,-54.51798,-7.81252,-6.72087,1.94324,0.04849,56.71967,-9.717922,-0.880587,0.491875,93.27364,5.019207,37.077061,2497.80631,,,,89.00312,84.44187,38.52103,0.688788,5.67961,-6.77083,-0.05373,50,3.97475,-1.28993,-90.17648,7.01898,4.62086,14.57621,-37.68269,FOR_RAM,,FordhamUniversity,,,20260910-FordhamUniversity-BP-1,d351a5b0-ad48-11f1-884b-8d6b77d225c8,76.63005,3.50722,,4.14778,,,,2.78265,1.91442,0.41414,ba7bdbee-570e-4ce4-ad5b-c43f8345b719,2026-09-10,18:52:56.28,2026-09-10T14:52:56.2880000-04:00,2026-09-10T18:52:56.2880000Z,GroundBall,v3,471298,,,,,Undefined,FOR_RAM,ecc5dc67-67ea-42a7-9427-c84c6223cbea,43.49017,-89.11801,7.28811,4.38509,4.28261,-18.84135,-0.13521,-0.95438,2.31043,,2.81649,108.06085,-16.11364,,,,,,,1.94916,11.28732,-20.56413,,,,,,,0.40665,82.30938,-3.50391,,,,,,,,,,,,,,,,,,,,,,,,,,,,,High,Medium,Medium,High,High,,,
86,2026-09-10,14:53:02.25,,,,,Undefined,FOR_RAM,"Palmer, Owen",10100501,Left,FOR_RAM,Undefined,1,Bottom,0,0,0,Undefined,Curveball,Undefined,Undefined,FlyBall,Undefined,0,0,,60.12589,3.63112,0.424176,1684.155688,24.640916,6:45,4.3953,0.13171,17.03686,-54.36424,-6.85658,-3.69083,2.53368,0.13548,56.30765,-8.917512,-0.414207,0.496082,81.2194,38.207733,7.374027,,109.64874,76.89699,8.78291,256.07208,256.07208,-0.095662,5.088505,3.13488,-6.163,-0.07971,50,3.89975,-0.80969,-88.93028,8.16057,2.50654,12.94072,-37.10177,FOR_RAM,,FordhamUniversity,,,20260910-FordhamUniversity-BP-1,d6f35d80-ad48-11f1-884b-8d6b77d225c8,75.98029,88.32082,,3.81824,,,,2.3579,2.78629,0.14427,ba7bdbee-570e-4ce4-ad5b-c43f8345b719,2026-09-10,18:53:02.25,2026-09-10T14:53:02.2530000-04:00,2026-09-10T18:53:02.2530000Z,FlyBall,v3,471298,,,,,Undefined,FOR_RAM,f4b412c4-807b-40ed-a6a0-dc195bebdf4f,43.46839,-87.9747,6.47036,4.4012,5.42086,-18.55089,-0.13267,-0.6246,1.25327,167.506426,2.35952,92.79906,-20.15211,4.7627,-0.9562,0.18343,-0.03176,0.00372,-0.00019,2.7876,73.64373,-17.42727,0.53699,0.29392,-0.1895,0.05069,-0.00647,0.00032,0.14473,12.00544,-5.81737,1.45937,-0.32044,0.06565,-0.0113,0.00127,-6E-05,,,,,,,,,,,,,,,,,,,,,,,High,Medium,Medium,High,High,,,
87,2026-09-10,14:53:08.52,,,,,Undefined,FOR_RAM,"Palmer, Owen",10100501,Left,FOR_RAM,Undefined,1,Bottom,0,0,0,Undefined,Curveball,Undefined,Undefined,LineDrive,Undefined,0,0,,59.21553,3.74534,1.029319,1801.607232,44.376957,7:30,4.37761,0.11546,17.13345,-63.79228,-15.05702,-15.89954,1.80856,-0.45568,55.76272,-10.94333,-2.596635,0.50245,101.96185,16.821878,19.377241,1529.039544,104.58265,33.09389,34.09402,366.20404,359.4098,16.723103,4.147705,13.33812,-12.95603,0.02011,50,3.84897,-2.2316,-87.69936,8.66677,10.35383,12.78217,-42.2313,FOR_RAM,,FordhamUniversity,,,20260910-FordhamUniversity-BP-1,daa45790-ad48-11f1-884b-8d6b77d225c8,75.01725,48.07179,,3.45282,,,,2.47149,2.51097,0.00192,ba7bdbee-570e-4ce4-ad5b-c43f8345b719,2026-09-10,18:53:08.52,2026-09-10T14:53:08.5210000-04:00,2026-09-10T18:53:08.5210000Z,LineDrive,v3,471298,,,,,Undefined,FOR_RAM,fe40f4f5-33b3-4232-9014-2ce1e91af7cf,43.37576,-86.7285,6.39109,4.38543,5.45914,-21.11565,-0.11952,-1.44519,5.17691,,2.47133,135.0414,-24.89072,5.63499,-1.1125,0.19579,-0.02844,0.00277,-0.00012,2.51122,43.26577,-8.08956,-2.10111,0.79023,-0.18895,0.02915,-0.0022,4E-05,0.00186,47.4971,-12.02559,3.24301,-0.73928,0.14387,-0.02185,0.00218,-0.0001,,,,,,,,,,,,,,,,,,,,,,,High,Medium,Medium,Medium,Medium,,,
88,2026-09-10,14:53:37.36,,,,,Undefined,FOR_RAM,"Hanawalt, Chase",1000367090,Left,FOR_RAM,Undefined,1,Bottom,0,0,0,Undefined,Curveball,Undefined,Undefined,GroundBall,Undefined,0,0,,62.79993,3.07758,0.578703,1932.567527,55.684458,7:45,4.36535,0.12222,16.96124,-50.30763,-6.56689,-11.25516,2.43823,-0.39018,58.69492,-8.52236,-1.973897,0.476008,,,,,,,,,,,,9.26646,-5.68418,-0.04786,50,3.94868,-1.39674,-92.94664,7.35719,8.07421,14.44571,-37.1269,FOR_RAM,,FordhamUniversity,,,20260910-FordhamUniversity-BP-1,ebd40fb0-ad48-11f1-884b-8d6b77d225c8,79.18442,,,4.10502,,,,,,,ba7bdbee-570e-4ce4-ad5b-c43f8345b719,2026-09-10,18:53:37.36,2026-09-10T14:53:37.3640000-04:00,2026-09-10T18:53:37.3640000Z,,v3,471298,,,,,Undefined,FOR_RAM,0495befb-a93e-4d1c-9ddb-566824962040,43.54395,-91.93777,7.22285,4.37196,4.7643,-18.56345,-0.12572,-0.83285,4.0371,,,,,,,,,,,,,,,,,,,,,,,,,,,,,,,,,,,,,,,,,,,,,,,,,,,High,High,High,,,,,
89,2026-09-10,14:53:43.22,,,,,Undefined,FOR_RAM,"Hanawalt, Chase",1000367090,Left,FOR_RAM,Undefined,1,Bottom,0,0,0,Undefined,Curveball,Undefined,Undefined,Undefined,Undefined,0,0,,62.91758,1.568114,0.66269,2022.315616,60.433415,8:00,4.37788,0.11164,17.16373,-49.10951,-5.74721,-12.23009,1.43325,-0.42259,58.689,-9.806041,-2.12931,0.473945,,,,,,,,,,,,10.11819,-4.51941,-0.02541,50,4.12573,-1.58002,-93.31359,4.91558,8.80635,15.73104,-36.10753,FOR_RAM,,FordhamUniversity,,,20260910-FordhamUniversity-BP-1,ef621870-ad48-11f1-884b-8d6b77d225c8,79.52922,,,4.22858,,,,,,,ba7bdbee-570e-4ce4-ad5b-c43f8345b719,2026-09-10,18:53:43.22,2026-09-10T14:53:43.2260000-04:00,2026-09-10T18:53:43.2260000Z,,v3,471298,,,,,Undefined,FOR_RAM,248b5335-f89e-45ff-b83a-0ca8c7914f48,43.34055,-92.18408,7.86552,4.3856,2.32302,-18.05376,-0.11615,-0.94771,4.40318,,,,,,,,,,,,,,,,,,,,,,,,,,,,,,,,,,,,,,,,,,,,,,,,,,,High,High,High,,,,,
90,2026-09-10,14:53:48.73,,,,,Undefined,FOR_RAM,"Hanawalt, Chase",1000367090,Left,FOR_RAM,Undefined,1,Bottom,0,0,0,Undefined,Curveball,Undefined,Undefined,LineDrive,Undefined,0,0,,59.89687,2.738728,0.8077,1765.143014,55.759731,7:45,4.3727,0.13179,16.87486,-55.10617,-6.99485,-12.00847,1.80011,-0.27377,56.36688,-9.907035,-1.912853,0.499224,103.79354,15.094361,22.117494,1124.469454,99.57258,25.17,46.74642,326.61314,313.5867,30.622207,2.978963,9.95934,-5.95465,-0.03109,50,3.9912,-1.72376,-88.64863,6.69906,7.92308,12.70485,-36.91122,FOR_RAM,,FordhamUniversity,,,20260910-FordhamUniversity-BP-1,f2a02c70-ad48-11f1-884b-8d6b77d225c8,75.50212,30.28657,,3.52999,,,,1.76171,2.0036,0.65987,ba7bdbee-570e-4ce4-ad5b-c43f8345b719,2026-09-10,18:53:48.73,2026-09-10T14:53:48.7390000-04:00,2026-09-10T18:53:48.7390000Z,LineDrive,v3,471298,,,,,Undefined,FOR_RAM,35992ab4-f1dd-42af-81f1-e7cedaf9e6a7,43.63117,-87.73112,6.35242,4.37874,4.03344,-18.45561,-0.13491,-1.15157,3.96154,,1.76158,136.16896,-24.90983,5.88345,-1.15609,0.17137,-0.01578,0.00028,8E-05,2.00379,39.63207,-13.76375,-0.3329,0.20842,-0.01232,-0.01258,0.00415,-0.0004,0.65998,55.33242,1.7858,-1.29511,0.4177,-0.0781,0.00577,0.00069,-0.00012,,,,,,,,,,,,,,,,,,,,,,,High,High,High,Medium,Medium,,,
91,2026-09-10,14:53:58.20,,,,,Undefined,FOR_RAM,"Hanawalt, Chase",1000367090,Left,FOR_RAM,Undefined,1,Bottom,0,0,0,Undefined,Curveball,Undefined,Undefined,GroundBall,Undefined,0,0,,59.39252,3.581684,0.710843,1804.980638,13.251471,6:30,4.37567,0.12962,17.03522,-58.55306,-9.91741,-2.61697,2.1288,0.43331,55.80923,-9.902085,0.116041,0.501936,98.57177,6.980247,32.147184,3158.443195,,,,109.22319,103.82303,36.49817,0.825439,2.33398,-8.60457,-0.04607,50,3.88153,-1.19582,-87.86788,8.16031,1.82335,12.53797,-38.89609,FOR_RAM,,FordhamUniversity,,,20260910-FordhamUniversity-BP-1,f8402540-ad48-11f1-884b-8d6b77d225c8,75.09404,4.88695,,3.58328,,,,2.09499,1.86231,0.44941,ba7bdbee-570e-4ce4-ad5b-c43f8345b719,2026-09-10,18:53:58.20,2026-09-10T14:53:58.2040000-04:00,2026-09-10T18:53:58.2040000Z,LineDrive,v3,471298,,,,,Undefined,FOR_RAM,623dd0b5-02f2-4e44-95ab-e9a752365146,43.4711,-86.93127,6.26899,4.38259,5.2547,-19.44805,-0.13031,-1.05961,0.91168,,2.16047,120.42748,-20.29064,,,,,,,1.93615,16.35374,-22.75374,,,,,,,0.39232,77.30728,1.19172,,,,,,,,,,,,,,,,,,,,,,,,,,,,,High,Medium,Medium,High,High,,,
92,2026-09-10,14:54:33.84,,,,,Undefined,FOR_RAM,"Chavez, Carson",1000156814,Right,FOR_RAM,Undefined,1,Bottom,0,0,0,Undefined,Other,Undefined,Undefined,LineDrive,Undefined,0,0,,62.23576,2.497938,0.185447,2056.155912,33.027481,7:00,4.36558,0.12604,16.95553,-55.52113,-10.94068,-7.858,1.57693,-0.39242,58.33912,-10.261383,-1.599552,0.480556,95.39609,16.88178,-16.092606,740.383894,104.92685,26.11701,-33.02054,267.05079,264.34817,-21.196649,2.847338,6.42063,-9.10241,-0.09851,50,4.00944,-0.61732,-92.21882,6.5778,5.49003,14.61959,-39.95716,FOR_RAM,,FordhamUniversity,,,20260910-FordhamUniversity-BP-1,0d7fe760-ad49-11f1-884b-8d6b77d225c8,78.43513,28.59495,,3.89665,,,,1.17916,1.53375,0.39907,ba7bdbee-570e-4ce4-ad5b-c43f8345b719,2026-09-10,18:54:33.84,2026-09-10T14:54:33.8470000-04:00,2026-09-10T18:54:33.8470000Z,LineDrive,v3,471298,,,,,Undefined,FOR_RAM,55f3b55c-a214-4842-ad64-7ce31275432e,43.55078,-91.19068,7.3098,4.37322,3.76777,-19.97858,-0.12835,-0.23123,2.74501,147.551246,1.17915,128.63627,-24.62942,5.51292,-0.95027,0.06716,0.02239,-0.00726,0.00068,1.53379,40.63311,-16.29232,1.18147,-0.60369,0.35111,-0.12497,0.02396,-0.0019,0.39909,-37.11031,2.61175,-0.76506,-0.01119,0.10772,-0.04789,0.00966,-0.00078,,,,,,,,,,,,,,,,,,,,,,,High,High,High,Medium,High,,,
93,2026-09-10,14:54:39.98,,,,,Undefined,FOR_RAM,"Chavez, Carson",1000156814,Right,FOR_RAM,Undefined,1,Bottom,0,0,0,Undefined,Curveball,Undefined,Undefined,FlyBall,Undefined,0,0,,61.4477,3.60272,0.54047,1931.591179,6.931073,6:15,4.36191,0.14647,16.97889,-53.78656,-8.3354,-1.14539,2.53121,0.44826,57.71454,-8.778905,0.280649,0.485226,77.68579,41.424613,22.168325,,96.14873,74.51401,53.43583,251.77638,166.16792,36.540955,4.658247,1.07673,-7.28063,-0.08434,50,3.87716,-0.90428,-90.85132,8.22869,0.90256,12.94475,-38.27705,FOR_RAM,,FordhamUniversity,,,20260910-FordhamUniversity-BP-1,112d5f00-ad49-11f1-884b-8d6b77d225c8,77.68022,79.34756,,3.73316,,,,1.47688,2.5405,-0.44797,ba7bdbee-570e-4ce4-ad5b-c43f8345b719,2026-09-10,18:54:39.98,2026-09-10T14:54:39.9860000-04:00,2026-09-10T18:54:39.9860000Z,FlyBall,v3,471298,,,,,Undefined,FOR_RAM,1be25e2b-5ecf-4fcf-b2a7-9876ee26f336,43.52684,-89.92427,6.47238,4.3683,5.48747,-19.13852,-0.14679,-0.83965,0.45128,,1.48297,78.99239,-17.19304,3.47291,-0.12159,-0.18295,0.0487,-0.00409,5E-05,2.54354,75.30237,-20.66516,0.70849,0.66238,-0.44552,0.13581,-0.01992,0.00113,-0.44668,32.19769,2.61748,-1.86023,0.80659,-0.28854,0.07307,-0.01043,0.00061,,,,,,,,,,,,,,,,,,,,,,,High,Medium,Medium,Medium,Medium,,,
94,2026-09-10,14:54:47.03,,,,,Undefined,FOR_RAM,"Chavez, Carson",1000156814,Right,FOR_RAM,Undefined,1,Bottom,0,0,0,Undefined,Curveball,Undefined,Undefined,FlyBall,Undefined,0,0,,60.04428,2.50811,0.703596,1800.866985,33.479517,7:00,4.37062,0.12667,17.04795,-58.1685,-10.54571,-7.77327,1.36493,-0.0048,56.45833,-10.876144,-1.066668,0.496682,88.70905,30.936419,-4.398604,2860.421453,109.98418,59.47284,-1.85869,332.55403,327.91592,7.228819,5.067252,6.53851,-8.80162,-0.03912,50,4.00111,-1.40647,-88.97135,6.54877,5.21221,13.4208,-39.19033,FOR_RAM,,FordhamUniversity,,,20260910-FordhamUniversity-BP-1,156e8b20-ad49-11f1-884b-8d6b77d225c8,75.88842,79.54258,,3.58596,,,,1.61961,1.68341,-0.0571,ba7bdbee-570e-4ce4-ad5b-c43f8345b719,2026-09-10,18:54:47.03,2026-09-10T14:54:47.0370000-04:00,2026-09-10T18:54:47.0370000Z,FlyBall,v3,471298,,,,,Undefined,FOR_RAM,53d711a9-38da-409c-8e98-504e7c03406e,43.4586,-87.97908,6.7104,4.37818,3.65123,-19.59517,-0.12886,-1.02111,2.60611,206.45095,1.61994,111.26164,-20.15136,4.3892,-0.83394,0.1439,-0.02258,0.00256,-0.00013,1.68525,66.84994,-15.67434,0.70133,-0.03678,-0.03445,0.01529,-0.00241,0.00013,-0.057,-8.55839,7.70768,-1.78894,0.32382,-0.04238,0.00414,-0.00034,2E-05,,,,,,,,,,,,,,,,,,,,,,,High,Medium,Medium,High,Medium,,,
95,2026-09-10,14:55:09.56,,,,,Undefined,FOR_RAM,"Dieguez, Matthew",10131275,Right,FOR_RAM,Undefined,1,Bottom,0,0,0,Undefined,Curveball,Undefined,Undefined,Undefined,Undefined,0,0,,62.73651,0.972136,0.416398,2046.478183,32.999497,7:00,4.35241,0.12385,16.94167,-50.89026,-7.25276,-5.39933,0.82677,-0.01978,59.22211,-10.695058,-0.811004,0.475446,,,,,,,,,,,,4.50866,-5.72166,-0.07189,50,4.17087,-0.90359,-92.94529,3.98543,3.94224,13.99026,-37.17689,FOR_RAM,,FordhamUniversity,,,20260910-FordhamUniversity-BP-1,22c35300-ad49-11f1-884b-8d6b77d225c8,79.27803,,,3.5144,,,,,,,ba7bdbee-570e-4ce4-ad5b-c43f8345b719,2026-09-10,18:55:09.56,2026-09-10T14:55:09.5650000-04:00,2026-09-10T18:55:09.5650000Z,,v3,471298,,,,,Undefined,FOR_RAM,430b8d48-7bee-4299-a4a7-7e35b3691831,43.56373,-91.9714,6.99513,4.35823,1.39745,-18.58845,-0.12524,-0.62916,1.97112,,,,,,,,,,,,,,,,,,,,,,,,,,,,,,,,,,,,,,,,,,,,,,,,,,,High,Medium,Medium,,,,,
96,2026-09-10,14:55:19.82,,,,,Undefined,FOR_RAM,"Dieguez, Matthew",10131275,Right,FOR_RAM,Undefined,1,Bottom,0,0,0,Undefined,Curveball,Undefined,Undefined,GroundBall,Undefined,0,0,,60.14508,3.245682,0.757216,1713.45899,30.272777,7:00,4.37548,0.11792,17.0051,-57.14401,-10.12497,-6.50024,2.00024,0.13245,57.05867,-9.869174,-0.71958,0.493524,94.97095,-5.100423,-24.492299,,,,,25.04013,25.04013,-23.010525,0.167592,5.50225,-8.6663,-0.02501,50,3.921,-1.44954,-88.9221,7.70956,4.456,11.38249,-39.19248,FOR_RAM,,FordhamUniversity,,,20260910-FordhamUniversity-BP-1,28dd0fb0-ad49-11f1-884b-8d6b77d225c8,76.37409,2.07763,,3.08641,,,,1.86485,2.07763,-0.13802,ba7bdbee-570e-4ce4-ad5b-c43f8345b719,2026-09-10,18:55:19.82,2026-09-10T14:55:19.8280000-04:00,2026-09-10T18:55:19.8280000Z,GroundBall,v3,471298,,,,,Undefined,FOR_RAM,9646bd32-51ed-4d70-9c40-5081c98a0efa,43.50207,-88.0864,5.69124,4.3814,4.83207,-19.59624,-0.11943,-1.12239,2.228,,1.86105,126.3958,,,,,,,,2.07801,-12.39698,,,,,,,,-0.13629,-57.58137,,,,,,,,,,,,,,,,,,,,,,,,,,,,,,High,Medium,Medium,Estimated,Estimated,,,
97,2026-09-10,14:55:28.45,,,,,Undefined,FOR_RAM,"Dieguez, Matthew",10131275,Right,FOR_RAM,Undefined,1,Bottom,0,0,0,Undefined,,Undefined,Undefined,GroundBall,Undefined,0,0,,59.16795,0.953082,1.794978,1804.764594,,,3.85646,-1.16891,35.40792,,,,2.17055,-0.75271,58.8279,-9.094508,0.212974,0.275191,88.4978,-14.671684,-23.030274,,,,,9.73016,9.73016,-15.147369,0.066974,10.4052,-26.98954,2.2918,50.00028,1.24375,-5.19162,-88.40882,16.98386,8.72548,5.53756,-54.80668,FOR_RAM,,FordhamUniversity,,,20260910-FordhamUniversity-BP-1,2de53550-ad49-11f1-884b-8d6b77d225c8,136.96817,2.20586,,0.34006,,,,1.63843,2.20586,0.75356,ba7bdbee-570e-4ce4-ad5b-c43f8345b719,2026-09-10,18:55:28.45,2026-09-10T14:55:28.4590000-04:00,2026-09-10T18:55:28.4590000Z,GroundBall,v3,471298,,,,,Undefined,FOR_RAM,e24fcd51-733f-4b14-9202-95dba571c638,25.10068,-86.8352,2.76878,3.85716,1.40941,-27.40334,1.1688,-2.7121,4.36274,,1.63611,115.77162,,,,,,,,2.20652,-32.93603,,,,,,,,0.75455,-49.21435,,,,,,,,,,,,,,,,,,,,,,,,,,,,,,Low,Low,Low,Estimated,Estimated,,,
98,2026-09-10,14:55:57.97,,,,,Undefined,FOR_RAM,"Grabau, Anthony",1000407420,Left,FOR_RAM,Undefined,1,Bottom,0,0,0,Undefined,Curveball,Undefined,Undefined,FlyBall,Undefined,0,0,,61.78419,2.251581,0.532424,1900.821038,31.215157,7:00,4.36917,0.12111,17.09198,-55.13471,-10.23422,-6.89772,1.42593,-0.06342,57.99164,-10.455998,-1.039998,0.482277,93.25587,41.665836,-3.502888,4618.070179,109.36398,90.57779,-11.81066,260.9982,260.9982,-11.517444,5.508816,5.80729,-8.59461,-0.05295,50,4.02884,-1.14438,-91.57317,6.2227,4.89963,14.32968,-39.42536,FOR_RAM,,FordhamUniversity,,,20260910-FordhamUniversity-BP-1,3fb04310-ad49-11f1-884b-8d6b77d225c8,78.1551,110.99864,,3.79254,,,,1.68776,1.59105,0.27531,ba7bdbee-570e-4ce4-ad5b-c43f8345b719,2026-09-10,18:55:57.97,2026-09-10T14:55:57.9780000-04:00,2026-09-10T18:55:57.9780000Z,FlyBall,v3,471298,,,,,Undefined,FOR_RAM,a981b0d8-1d11-418a-b48f-d90c9ea68a28,43.41415,-90.53673,7.16484,4.37579,3.37113,-19.71268,-0.1229,-0.79,2.44982,,1.69036,101.92812,-25.7813,6.27218,-1.28239,0.23377,-0.03542,0.00355,-0.00016,1.59231,90.90827,-22.9412,2.37406,-0.3572,0.00817,0.00923,-0.00156,8E-05,0.27657,-6.27115,-2.19689,0.61177,-0.07536,-0.00583,0.0036,-0.00048,2E-05,,,,,,,,,,,,,,,,,,,,,,,High,Medium,Medium,Medium,Medium,,,
99,2026-09-10,14:56:04.74,,,,,Undefined,FOR_RAM,"Grabau, Anthony",1000407420,Left,FOR_RAM,Undefined,1,Bottom,0,0,0,Undefined,Curveball,Undefined,Undefined,GroundBall,Undefined,0,0,,60.81219,3.155761,0.903444,1801.262053,35.543895,7:15,4.37621,0.10572,17.08848,-59.61409,-12.35772,-9.88634,1.72436,-0.05581,56.05205,-10.642821,-1.349221,0.494768,73.7345,-7.637291,52.638289,,,,,17.15426,3.56811,43.634633,0.141732,8.36544,-10.60642,0.00571,50,3.9338,-1.80654,-90.24924,7.64136,6.69758,16.71403,-40.66583,FOR_RAM,,FordhamUniversity,,,20260910-FordhamUniversity-BP-1,43ac9e00-ad49-11f1-884b-8d6b77d225c8,76.18207,2.0417,,4.76014,,,,3.17553,2.0417,-0.26469,ba7bdbee-570e-4ce4-ad5b-c43f8345b719,2026-09-10,18:56:04.74,2026-09-10T14:56:04.7490000-04:00,2026-09-10T18:56:04.7490000Z,GroundBall,v3,471298,,,,,Undefined,FOR_RAM,e3a38b99-c799-4ca9-bec7-4976bd82c2b8,43.41704,-89.02174,8.35701,4.38532,4.65479,-20.33291,-0.1089,-1.31466,3.34879,,3.17213,65.19331,,,,,,,,2.04245,-14.40539,,,,,,,,-0.26914,85.38751,,,,,,,,,,,,,,,,,,,,,,,,,,,,,,High,Medium,Medium,Low,Low,,,
100,2026-09-10,14:56:29.54,,,,,Undefined,FOR_RAM,"Palmer, Owen",10100501,Left,FOR_RAM,Undefined,1,Bottom,0,0,0,Undefined,,Undefined,Undefined,GroundBall,Undefined,0,0,,59.24993,2.309406,-0.183618,1896.655186,,,4.25393,-0.7963,35.7592,,,,3.11462,-1.00542,57.35936,-7.955809,-0.844882,0.274006,72.3899,-15.570959,35.942811,,,,,13.92454,5.48355,33.232476,0.111286,4.16229,-27.72738,0.854,50,1.05118,-0.69703,-90.5728,19.12786,3.46834,12.84272,-55.27871,FOR_RAM,,FordhamUniversity,,,20260910-FordhamUniversity-BP-1,525f2120-ad49-11f1-884b-8d6b77d225c8,137.56058,3.18472,,1.89057,,,,2.39449,3.18472,0.92276,ba7bdbee-570e-4ce4-ad5b-c43f8345b719,2026-09-10,18:56:29.54,2026-09-10T14:56:29.5460000-04:00,2026-09-10T18:56:29.5460000Z,GroundBall,v3,471298,,,,,Undefined,FOR_RAM,8f37da2a-1a6d-4bf9-b177-8a9d921f15ec,24.74896,-86.91863,6.42136,4.25603,3.39927,-27.63935,0.79606,0.28982,1.73417,,2.38838,83.14368,,,,,,,,3.18682,-28.61737,,,,,,,,0.91832,60.28072,,,,,,,,,,,,,,,,,,,,,,,,,,,,,,Low,Low,Low,Low,Low,,,
101,2026-09-10,14:56:34.86,,,,,Undefined,FOR_RAM,"Palmer, Owen",10100501,Left,FOR_RAM,Undefined,1,Bottom,0,0,0,Undefined,Curveball,Undefined,Undefined,Undefined,Undefined,0,0,,61.45257,2.979917,1.316883,1864.49886,69.700826,8:15,4.38162,0.10768,17.03661,-52.63704,-6.50992,-21.28017,2.1849,-0.69895,56.81608,-9.212225,-3.519141,0.488821,74.28133,25.343341,-17.198941,4399.852556,103.30632,35.42982,-37.78596,221.93354,221.93354,-24.205583,3.19441,17.66725,-5.69386,0.05805,50,3.96969,-2.92071,-91.13102,7.14252,14.53227,16.12394,-36.85757,FOR_RAM,,FordhamUniversity,,,20260910-FordhamUniversity-BP-1,5599b2b0-ad49-11f1-884b-8d6b77d225c8,77.10893,35.99422,,4.63648,,,,1.57759,2.21098,0.68908,ba7bdbee-570e-4ce4-ad5b-c43f8345b719,2026-09-10,18:56:34.86,2026-09-10T14:56:34.8620000-04:00,2026-09-10T18:56:34.8620000Z,LineDrive,v3,471298,,,,,Undefined,FOR_RAM,6edffb26-709e-4361-b0f6-9b0773d29b46,43.46911,-89.96808,8.06197,4.38897,4.48416,-18.42878,-0.1148,-1.87256,7.26614,137.517549,1.57718,94.07191,-15.54635,3.17402,-0.78793,0.2385,-0.07151,0.01317,-0.00097,2.2113,46.62253,-17.41558,0.99426,-0.01212,-0.07346,0.0351,-0.00649,0.00042,0.68895,-29.11083,-0.9812,0.71676,-0.11533,-0.03948,0.02694,-0.00631,0.00054,,,,,,,,,,,,,,,,,,,,,,,High,Medium,Medium,Medium,Medium,,,
102,2026-09-10,14:56:41.48,,,,,Undefined,FOR_RAM,"Palmer, Owen",10100501,Left,FOR_RAM,Undefined,1,Bottom,0,0,0,Undefined,Curveball,Undefined,Undefined,Undefined,Undefined,0,0,,60.81586,2.964915,0.314706,1874.692723,38.762973,7:15,4.36964,0.12452,16.97909,-54.75893,-8.10134,-7.4765,1.98749,-0.26722,56.91689,-9.649862,-1.383103,0.491623,99.94271,29.980364,36.980473,2569.673438,85.43984,59.54094,69.28166,384.83698,227.53412,46.607419,5.308053,6.19197,-7.03544,-0.08177,50,3.95557,-0.8003,-90.05366,7.1822,5.05317,13.83644,-37.91556,FOR_RAM,,FordhamUniversity,,,20260910-FordhamUniversity-BP-1,59906850-ad49-11f1-884b-8d6b77d225c8,76.66935,89.99102,,3.89897,,,,2.98916,2.32893,0.46995,ba7bdbee-570e-4ce4-ad5b-c43f8345b719,2026-09-10,18:56:41.48,2026-09-10T14:56:41.4840000-04:00,2026-09-10T18:56:41.4840000Z,FlyBall,v3,471298,,,,,Undefined,FOR_RAM,c699b4fb-9312-4ce9-bcb6-4dd9066bf07d,43.52647,-89.05347,6.91822,4.37569,4.44141,-18.95778,-0.12641,-0.43502,2.52658,,2.99186,101.37784,-23.88843,5.72883,-1.16655,0.20311,-0.02905,0.00292,-0.00014,2.3297,73.22457,-16.72291,0.41589,0.28326,-0.16498,0.04352,-0.00552,0.00027,0.47048,76.3681,-9.20702,1.66862,-0.25203,0.03391,-0.00494,0.00062,-4E-05,,,,,,,,,,,,,,,,,,,,,,,High,High,High,High,Low,,,
103,2026-09-10,14:57:02.63,,,,,Undefined,FOR_RAM,"Hanawalt, Chase",1000367090,Left,FOR_RAM,Undefined,1,Bottom,0,0,0,Undefined,Curveball,Undefined,Undefined,GroundBall,Undefined,0,0,,61.50905,2.951274,0.56511,1890.836217,58.911566,8:00,4.4047,0.10747,17.1416,-50.5153,-4.57992,-9.92886,2.35783,-0.30619,56.63026,-8.806952,-1.696443,0.487804,102.23073,0.484812,28.490048,2330.88976,,,,56.56295,54.23966,27.992161,0.388326,8.30674,-4.23091,-0.03357,50,3.98815,-1.30052,-91.21597,7.07723,6.82535,16.51314,-35.65042,FOR_RAM,,FordhamUniversity,,,20260910-FordhamUniversity-BP-1,662cb5a0-ad49-11f1-884b-8d6b77d225c8,77.2697,2.26504,,4.87879,,,,1.72888,2.24471,0.45858,ba7bdbee-570e-4ce4-ad5b-c43f8345b719,2026-09-10,18:57:02.63,2026-09-10T14:57:02.6350000-04:00,2026-09-10T18:57:02.6350000Z,GroundBall,v3,471298,,,,,Undefined,FOR_RAM,433648df-21a0-4ee4-8c98-3050d317959a,43.36185,-90.00622,8.25657,4.41096,4.46549,-17.82521,-0.11053,-0.8005,3.41267,,1.73855,131.44254,-18.86351,,,,,,,2.2507,1.06205,-17.69823,,,,,,,0.46424,71.3235,-10.73323,,,,,,,,,,,,,,,,,,,,,,,,,,,,,High,Medium,Medium,Medium,High,,,
104,2026-09-10,14:57:07.86,,,,,Undefined,FOR_RAM,"Hanawalt, Chase",1000367090,Left,FOR_RAM,Undefined,1,Bottom,0,0,0,Undefined,Curveball,Undefined,Undefined,FlyBall,Undefined,0,0,,61.26962,3.685112,0.414387,2007.344246,42.231334,7:30,4.38468,0.11586,17.01896,-56.18952,-9.70142,-10.05504,2.4119,-0.41778,56.57943,-9.313709,-1.869155,0.49073,94.59618,29.730399,18.309303,2800.354167,104.71518,61.49358,33.6853,342.43449,338.39993,17.75598,5.28784,8.27481,-8.52126,-0.06137,50,3.89056,-1.0446,-90.78874,8.37147,6.75875,15.94372,-39.13412,FOR_RAM,,FordhamUniversity,,,20260910-FordhamUniversity-BP-1,694d7da0-ad49-11f1-884b-8d6b77d225c8,76.80898,88.14554,,4.69019,,,,1.47638,2.43854,0.38722,ba7bdbee-570e-4ce4-ad5b-c43f8345b719,2026-09-10,18:57:07.86,2026-09-10T14:57:07.8690000-04:00,2026-09-10T18:57:07.8690000Z,FlyBall,v3,471298,,,,,Undefined,FOR_RAM,bf7df897-6c04-473c-b160-69e8ee39dd81,43.48606,-89.63751,7.97186,4.39302,5.54574,-19.56706,-0.11918,-0.55657,3.37938,176.271591,1.47822,114.3427,-24.22956,5.51672,-0.96547,0.13637,-0.01729,0.00179,-9E-05,2.43907,68.79064,-13.98409,-0.18008,0.23388,-0.10122,0.02698,-0.00358,0.00018,0.38811,37.82928,-9.07538,2.2113,-0.37315,0.04183,-0.00302,0.00018,-1E-05,,,,,,,,,,,,,,,,,,,,,,,High,High,High,High,High,,,
105,2026-09-10,14:57:13.47,,,,,Undefined,FOR_RAM,"Hanawalt, Chase",1000367090,Left,FOR_RAM,Undefined,1,Bottom,0,0,0,Undefined,Curveball,Undefined,Undefined,Undefined,Undefined,0,0,,61.60096,0.975833,0.190282,1892.333451,51.383838,7:45,4.37553,0.10815,17.12674,-51.72093,-6.18339,-9.39689,0.78022,-0.53556,57.37549,-10.979996,-1.955645,0.485687,,,,,,,,,,,,7.78796,-4.94445,-0.07672,50,4.18498,-0.69972,-91.44793,4.01471,6.46169,16.02657,-36.27645,FOR_RAM,,FordhamUniversity,,,20260910-FordhamUniversity-BP-1,6c9618f0-ad49-11f1-884b-8d6b77d225c8,77.6065,,,4.22547,,,,,,,ba7bdbee-570e-4ce4-ad5b-c43f8345b719,2026-09-10,18:57:13.47,2026-09-10T14:57:13.4700000-04:00,2026-09-10T18:57:13.4700000Z,,v3,471298,,,,,Undefined,FOR_RAM,53d96449-a753-41cc-b208-7c94b5fa9c4a,43.37774,-90.27989,8.01328,4.38123,1.37084,-18.13823,-0.11055,-0.22879,3.23084,,,,,,,,,,,,,,,,,,,,,,,,,,,,,,,,,,,,,,,,,,,,,,,,,,,High,High,High,,,,,
106,2026-09-10,14:57:20.03,,,,,Undefined,FOR_RAM,"Hanawalt, Chase",1000367090,Left,FOR_RAM,Undefined,1,Bottom,0,0,0,Undefined,Curveball,Undefined,Undefined,LineDrive,Undefined,0,0,,60.48097,2.898942,0.276716,1875.733627,31.731389,7:00,4.35995,0.12847,17.02318,-57.42916,-10.03532,-7.02552,1.70443,-0.25383,56.32325,-10.349648,-1.321323,0.495487,103.16504,19.056248,30.883972,1873.642431,90.47362,30.58041,62.56467,323.73348,286.27422,42.786952,3.194627,5.79618,-8.53788,-0.09109,50,3.95098,-0.70961,-89.65261,7.12534,4.64481,14.82351,-39.01594,FOR_RAM,,FordhamUniversity,,,20260910-FordhamUniversity-BP-1,70c60700-ad49-11f1-884b-8d6b77d225c8,76.07148,36.98087,,4.15772,,,,2.12298,1.86735,0.66235,ba7bdbee-570e-4ce4-ad5b-c43f8345b719,2026-09-10,18:57:20.03,2026-09-10T14:57:20.0380000-04:00,2026-09-10T18:57:20.0380000Z,LineDrive,v3,471298,,,,,Undefined,FOR_RAM,895147c5-8195-4429-a7f7-21e6ba2a1b3c,43.48235,-88.5684,7.41176,4.36777,4.27167,-19.50797,-0.13057,-0.36989,2.3224,,2.12292,122.73958,-24.72316,5.18745,-1.11658,0.19219,-0.02428,0.00094,0.00014,1.86738,49.40105,-19.42342,1.70318,-0.25444,0.04366,-0.0088,0.00207,-0.00025,0.66232,73.41171,1.71532,-2.35505,0.84012,-0.22496,0.04549,-0.00634,0.00042,,,,,,,,,,,,,,,,,,,,,,,High,High,High,Medium,Medium,,,
107,2026-09-10,14:57:51.60,,,,,Undefined,FOR_RAM,"Chavez, Carson",1000156814,Right,FOR_RAM,Undefined,1,Bottom,0,0,0,Undefined,,Undefined,Undefined,LineDrive,Undefined,0,0,,60.81026,1.029371,1.949164,2225.217625,,,3.90342,-0.97269,35.74361,,,,2.48844,-0.72642,59.8374,-7.985725,-0.747329,0.265018,92.23221,11.95705,3.499038,1052.821654,108.86039,11.6237,15.7929,171.56403,171.56403,10.893758,1.616974,17.77977,-22.46206,2.42331,50,1.44655,-7.39037,-91.57973,16.06518,15.70344,8.44135,-52.01297,FOR_RAM,,FordhamUniversity,,,20260910-FordhamUniversity-BP-1,8335b930-ad49-11f1-884b-8d6b77d225c8,142.22577,12.36856,,0.97287,,,,0.62127,2.37464,0.73744,ba7bdbee-570e-4ce4-ad5b-c43f8345b719,2026-09-10,18:57:51.60,2026-09-10T14:57:51.6010000-04:00,2026-09-10T18:57:51.6010000Z,LineDrive,v3,471298,,,,,Undefined,FOR_RAM,fdf85f9f-c75c-49eb-90f8-d6aa5d93537f,24.7648,-89.22336,4.22068,3.90459,1.54598,-26.00649,0.97215,-3.00683,7.85172,271.778333,0.62127,132.09197,-22.30352,4.04511,-0.88409,0.18616,-0.03918,0.00651,-0.00057,2.37464,28.02578,-21.18409,2.46106,-0.55124,0.12908,-0.0268,0.00456,-0.00042,0.73744,8.07688,10.35153,-2.88003,0.77184,-0.19362,0.0443,-0.00775,0.00071,,,,,,,,,,,,,,,,,,,,,,,Low,Low,Low,High,High,,,
108,2026-09-10,14:58:04.68,,,,,Undefined,FOR_RAM,"Chavez, Carson",1000156814,Right,FOR_RAM,Undefined,1,Bottom,0,0,0,Undefined,Curveball,Undefined,Undefined,Undefined,Undefined,0,0,,61.15076,1.516799,0.702102,1811.263691,49.628072,7:45,4.37266,0.12527,17.14143,-53.34011,-7.85217,-10.52945,1.0385,-0.23813,57.76187,-10.770143,-1.702543,0.485422,,,,,,,,,,,,8.80756,-6.32504,-0.03346,50,4.11651,-1.55727,-90.62322,4.94945,7.32097,13.30182,-37.43152,FOR_RAM,,FordhamUniversity,,,20260910-FordhamUniversity-BP-1,8b52bff0-ad49-11f1-884b-8d6b77d225c8,77.64882,,,3.38889,,,,,,,ba7bdbee-570e-4ce4-ad5b-c43f8345b719,2026-09-10,18:58:04.68,2026-09-10T14:58:04.6840000-04:00,2026-09-10T18:58:04.6840000Z,,v3,471298,,,,,Undefined,FOR_RAM,00160e1e-2e5c-44e8-8ab3-385a99194409,43.36471,-89.64399,6.65091,4.37944,2.19388,-18.71576,-0.12826,-1.01832,3.66049,,,,,,,,,,,,,,,,,,,,,,,,,,,,,,,,,,,,,,,,,,,,,,,,,,,High,High,High,,,,,
109,2026-09-10,14:58:13.41,,,,,Undefined,FOR_RAM,"Chavez, Carson",1000156814,Right,FOR_RAM,Undefined,1,Bottom,0,0,0,Undefined,Curveball,Undefined,Undefined,LineDrive,Undefined,0,0,,60.80533,4.081437,1.774252,1704.940144,48.157246,7:30,4.38121,0.09973,16.99899,-56.42743,-9.2404,-11.8532,2.68376,0.41578,56.192,-8.963808,-0.914215,0.494405,91.04054,10.745609,-39.815352,3074.981087,,,,108.67159,101.82625,-37.914711,0.930619,10.1526,-8.20445,0.10989,50,3.84298,-3.23912,-89.98739,8.93641,8.17937,15.18785,-38.7839,FOR_RAM,,FordhamUniversity,,,20260910-FordhamUniversity-BP-1,905a4950-ad49-11f1-884b-8d6b77d225c8,76.23801,7.49856,,4.61333,,,,1.91255,2.70209,-0.09873,ba7bdbee-570e-4ce4-ad5b-c43f8345b719,2026-09-10,18:58:13.41,2026-09-10T14:58:13.4130000-04:00,2026-09-10T18:58:13.4130000Z,LineDrive,v3,471298,,,,,Undefined,FOR_RAM,95e19ff7-6795-43a8-8d39-3d70dac33ea0,43.50633,-88.88465,7.59393,4.3896,6.12043,-19.39195,-0.10374,-2.64524,4.08968,,1.91255,100.76438,-12.66758,1.47137,-0.24655,0.02793,-0.00196,-0.00068,0.00022,2.70209,24.89574,-34.43397,6.08095,-1.57988,0.41861,-0.10765,0.02399,-0.0031,-0.09873,-83.99947,15.69749,-3.19781,0.7756,-0.18852,0.04698,-0.00996,0.00122,,,,,,,,,,,,,,,,,,,,,,,High,High,High,Medium,Medium,,,
110,2026-09-10,14:58:35.95,,,,,Undefined,FOR_RAM,"Dieguez, Matthew",10131275,Right,FOR_RAM,Undefined,1,Bottom,0,0,0,Undefined,Curveball,Undefined,Undefined,GroundBall,Undefined,0,0,,61.60876,3.280122,0.545286,1891.711418,44.924535,7:30,4.38769,0.11634,17.0441,-55.67952,-9.42729,-10.88237,2.15754,-0.39036,56.52246,-9.630515,-1.929223,0.489483,98.93198,2.3523,-20.179112,2800.21291,,,,41.50012,41.50012,-17.596328,0.288551,8.99103,-8.19662,-0.04695,50,3.941,-1.28213,-91.40138,7.72502,7.36768,17.40168,-38.89077,FOR_RAM,,FordhamUniversity,,,20260910-FordhamUniversity-BP-1,9dccab50-ad49-11f1-884b-8d6b77d225c8,77.00456,2.38377,,5.0863,,,,1.83779,2.20564,0.5974,ba7bdbee-570e-4ce4-ad5b-c43f8345b719,2026-09-10,18:58:35.95,2026-09-10T14:58:35.9590000-04:00,2026-09-10T18:58:35.9590000Z,GroundBall,v3,471298,,,,,Undefined,FOR_RAM,6955467e-c07b-458a-a7cc-a4ca3b73ac82,43.46008,-90.14766,8.70084,4.39662,4.9231,-19.44538,-0.1202,-0.75132,3.68384,,1.83432,136.2416,-19.04198,,,,,,,2.21767,5.40038,-45.48999,,,,,,,0.59572,-49.93419,15.23727,,,,,,,,,,,,,,,,,,,,,,,,,,,,,High,High,High,Low,Medium,,,
111,2026-09-10,14:58:42.15,,,,,Undefined,FOR_RAM,"Dieguez, Matthew",10131275,Right,FOR_RAM,Undefined,1,Bottom,0,0,0,Undefined,Curveball,Undefined,Undefined,GroundBall,Undefined,0,0,,61.86567,3.615137,0.746558,1907.815245,24.142125,6:45,4.36154,0.12462,17.00497,-64.7722,-18.23493,-8.91465,1.62299,-0.06988,56.27494,-11.360883,-1.281933,0.490989,92.97602,-9.883439,-25.822737,,,,,13.47281,9.19619,-21.76134,0.087048,7.45902,-15.41863,-0.03571,50,3.88047,-1.51465,-91.93424,8.53623,6.08053,19.64439,-44.74323,FOR_RAM,,FordhamUniversity,,,20260910-FordhamUniversity-BP-1,a177d900-ad49-11f1-884b-8d6b77d225c8,76.76837,2.04041,,5.59073,,,,1.97105,2.04041,0.10626,ba7bdbee-570e-4ce4-ad5b-c43f8345b719,2026-09-10,18:58:42.15,2026-09-10T14:58:42.1590000-04:00,2026-09-10T18:58:42.1590000Z,GroundBall,v3,471298,,,,,Undefined,FOR_RAM,6edbbb1a-437c-45db-a5bc-569a2334dc0f,43.50089,-90.53487,9.8222,4.37503,5.34893,-22.37161,-0.12818,-1.0815,3.04027,180,1.9686,121.10158,,,,,,,,2.04089,-23.44013,,,,,,,,0.10745,-58.60209,,,,,,,,,,,,,,,,,,,,,,,,,,,,,,High,Medium,Medium,High,Medium,,,
112,2026-09-10,14:58:48.94,,,,,Undefined,FOR_RAM,"Dieguez, Matthew",10131275,Right,FOR_RAM,Undefined,1,Bottom,0,0,0,Undefined,Curveball,Undefined,Undefined,Undefined,Undefined,0,0,,61.44595,1.117396,1.358845,1930.029606,62.525731,8:00,4.35284,0.09738,17.06639,-57.03031,-10.12847,-22.65115,0.4202,-0.79339,56.24186,-12.075366,-3.811274,0.492909,,,,,,,,,,,,18.86505,-7.9567,0.0718,50,4.15409,-3.00516,-91.45418,4.27837,15.21566,19.46165,-38.59154,FOR_RAM,,FordhamUniversity,,,20260910-FordhamUniversity-BP-1,a58523e0-ad49-11f1-884b-8d6b77d225c8,76.46944,,,5.20409,,,,,,,ba7bdbee-570e-4ce4-ad5b-c43f8345b719,2026-09-10,18:58:48.94,2026-09-10T14:58:48.9430000-04:00,2026-09-10T18:58:48.9430000Z,,v3,471298,,,,,Undefined,FOR_RAM,1d3a40c9-dd69-4716-a4e4-4c15d4362a29,43.43882,-90.04713,9.73082,4.36255,1.48823,-19.29577,-0.1057,-1.90508,7.60783,,,,,,,,,,,,,,,,,,,,,,,,,,,,,,,,,,,,,,,,,,,,,,,,,,,High,Medium,Medium,,,,,
113,2026-09-10,14:58:57.84,,,,,Undefined,FOR_RAM,"Dieguez, Matthew",10131275,Right,FOR_RAM,Undefined,1,Bottom,0,0,0,Undefined,Other,Undefined,Undefined,LineDrive,Undefined,0,0,,62.77205,3.974151,0.917161,2033.788794,37.253592,7:15,4.36627,0.1067,16.98026,-60.16708,-15.33765,-12.77851,2.27821,-0.28405,57.44562,-9.929112,-1.98435,0.481896,90.09723,22.326129,-12.212221,1550.051113,108.31449,39.04222,-19.18059,328.96123,317.89602,-6.781396,3.974975,10.64568,-13.27465,0.00495,50,3.84471,-1.97436,-93.11731,9.12028,9.02661,18.44425,-43.42977,FOR_RAM,,FordhamUniversity,,,20260910-FordhamUniversity-BP-1,aacff7d0-ad49-11f1-884b-8d6b77d225c8,78.21698,48.94583,,5.32643,,,,2.60344,2.48163,0.24379,ba7bdbee-570e-4ce4-ad5b-c43f8345b719,2026-09-10,18:58:57.84,2026-09-10T14:58:57.8480000-04:00,2026-09-10T18:58:57.8480000Z,LineDrive,v3,471298,,,,,Undefined,FOR_RAM,0589164f-ce6f-415f-9123-667ebdaf375c,43.52584,-91.82598,9.22213,4.3768,6.07966,-21.71489,-0.11115,-1.34238,4.5133,205.019371,2.60312,119.47877,-17.92992,3.87787,-0.84004,0.18853,-0.03718,0.00475,-0.00026,2.48204,50.18722,-14.17378,0.21869,0.15309,-0.08252,0.02262,-0.00291,0.00013,0.24386,-25.8589,8.25559,-2.07181,0.48635,-0.10601,0.01909,-0.00229,0.00012,,,,,,,,,,,,,,,,,,,,,,,High,Medium,Medium,High,High,,,
114,2026-09-10,14:59:27.89,,,,,Undefined,FOR_RAM,"Grabau, Anthony",1000407420,Left,FOR_RAM,Undefined,1,Bottom,0,0,0,Undefined,Curveball,Undefined,Undefined,FlyBall,Undefined,0,0,,62.16158,3.931587,1.24118,1818.762062,28.946443,7:00,4.3573,0.12021,17.01379,-57.38003,-12.96158,-7.76225,2.46806,0.38498,58.34009,-9.267663,-0.521223,0.479682,89.55518,37.62307,-29.365523,4965.873137,95.29823,69.96595,-54.93858,272.53476,252.11336,-32.177465,4.565153,6.65528,-11.16536,0.02797,50,3.8295,-2.3156,-91.92697,9.00949,5.69957,13.52434,-41.73601,FOR_RAM,,FordhamUniversity,,,20260910-FordhamUniversity-BP-1,bcba7470-ad49-11f1-884b-8d6b77d225c8,78.57804,80.89198,,3.82149,,,,1.16608,2.61648,0.07818,ba7bdbee-570e-4ce4-ad5b-c43f8345b719,2026-09-10,18:59:27.89,2026-09-10T14:59:27.8970000-04:00,2026-09-10T18:59:27.8970000Z,FlyBall,v3,471298,,,,,Undefined,FOR_RAM,e94efb36-29fe-4159-966a-6ace32020747,43.49365,-90.96472,6.76217,4.36489,6.03998,-20.86801,-0.12236,-1.91008,2.84978,,1.16512,90.68663,-18.58428,4.45017,-1.10044,0.26707,-0.04974,0.00546,-0.00025,2.61804,80.14945,-25.34299,3.41208,-0.69657,0.12193,-0.02074,0.00286,-0.00018,0.0786,-51.0249,8.88442,-2.13249,0.52604,-0.12862,0.02432,-0.00271,0.00013,,,,,,,,,,,,,,,,,,,,,,,High,Medium,Medium,Medium,Medium,,,
115,2026-09-10,14:59:36.36,,,,,Undefined,FOR_RAM,"Grabau, Anthony",1000407420,Left,FOR_RAM,Undefined,1,Bottom,0,0,0,Undefined,,Undefined,Undefined,LineDrive,Undefined,0,0,,61.8771,-0.127581,-3.618817,1740.746067,,,4.89512,0.41325,16.92657,,,,2.69712,-0.7415,54.87428,-6.257547,0.479632,0.495767,102.85428,14.532029,34.550144,2437.232594,87.35433,19.12062,66.85193,227.6705,206.46856,41.594984,2.010794,-16.13591,18.57784,-0.82494,50,4.85918,6.40472,-91.80242,1.08658,-12.92101,21.36286,-17.29765,FOR_RAM,,FordhamUniversity,,,20260910-FordhamUniversity-BP-1,c1e4ef20-ad49-11f1-884b-8d6b77d225c8,76.02851,19.2891,,7.00283,,,,2.49614,2.54083,0.74434,ba7bdbee-570e-4ce4-ad5b-c43f8345b719,2026-09-10,18:59:36.36,2026-09-10T14:59:36.3660000-04:00,2026-09-10T18:59:36.3660000Z,LineDrive,v3,471298,,,,,Undefined,FOR_RAM,388c6020-2e3f-4c61-8703-1161fc94609f,43.56976,-90.29367,10.68143,4.89278,-0.13506,-8.64883,-0.40483,5.49218,-6.46051,,2.49614,120.27175,-25.91205,5.65242,-1.36766,0.31328,-0.06487,0.00959,-0.00069,2.54083,37.85209,-23.69535,3.08699,-0.7245,0.17011,-0.03477,0.00544,-0.00044,0.74434,82.81569,-4.01357,-0.17747,0.18144,-0.06603,0.01521,-0.00223,0.00014,,,,,,,,,,,,,,,,,,,,,,,Low,Low,Low,Medium,Medium,,,
116,2026-09-10,14:59:44.26,,,,,Undefined,FOR_RAM,"Grabau, Anthony",1000407420,Left,FOR_RAM,Undefined,1,Bottom,0,0,0,Undefined,Other,Undefined,Undefined,Undefined,Undefined,0,0,,63.51728,1.479517,0.499926,2114.149069,48.370123,7:30,4.34246,0.12276,17.02294,-50.51259,-7.69823,-9.9756,1.21963,-0.34149,59.31403,-10.164953,-1.770927,0.470941,,,,,,,,,,,,8.21213,-6.09737,-0.05846,50,4.1064,-1.2266,-94.19305,4.81134,7.2859,15.97228,-37.58372,FOR_RAM,,FordhamUniversity,,,20260910-FordhamUniversity-BP-1,c6b31900-ad49-11f1-884b-8d6b77d225c8,80.03652,,,4.20325,,,,,,,ba7bdbee-570e-4ce4-ad5b-c43f8345b719,2026-09-10,18:59:44.26,2026-09-10T14:59:44.2650000-04:00,2026-09-10T18:59:44.2650000Z,,v3,471298,,,,,Undefined,FOR_RAM,e2a34a5e-9e3a-456f-a124-bc12c13efb91,43.48182,-93.0812,7.98614,4.35027,2.19509,-18.79186,-0.12619,-0.71943,3.64295,,,,,,,,,,,,,,,,,,,,,,,,,,,,,,,,,,,,,,,,,,,,,,,,,,,High,High,High,,,,,
117,2026-09-10,14:59:51.39,,,,,Undefined,FOR_RAM,"Grabau, Anthony",1000407420,Left,FOR_RAM,Undefined,1,Bottom,0,0,0,Undefined,Curveball,Undefined,Undefined,Undefined,Undefined,0,0,,60.45026,3.167851,0.423613,1842.176594,34.257236,7:15,4.37613,0.12994,17.06206,-56.06361,-8.50603,-6.7413,2.03028,-0.1211,55.9895,-9.808322,-1.110065,0.496342,80.00127,7.311659,61.140835,3590.993795,,,,81.55035,80.2374,62.795503,0.723778,5.64422,-7.49296,-0.0755,50,3.93354,-0.93091,-89.60972,7.5096,4.4977,15.36096,-38.14494,FOR_RAM,,FordhamUniversity,,,20260910-FordhamUniversity-BP-1,cab76330-ad49-11f1-884b-8d6b77d225c8,75.9404,4.30233,,4.46076,,,,3.12713,2.14998,0.60931,ba7bdbee-570e-4ce4-ad5b-c43f8345b719,2026-09-10,18:59:51.39,2026-09-10T14:59:51.3970000-04:00,2026-09-10T18:59:51.3970000Z,GroundBall,v3,471298,,,,,Undefined,FOR_RAM,ca1f5d8e-e3a3-451d-9939-ed4bfb33aba4,43.44274,-88.47853,7.68048,4.38312,4.70058,-19.07247,-0.13186,-0.59969,2.24885,,3.12713,56.1722,-13.52827,1.78905,-0.35526,-0.02609,0.13017,-0.10744,0.03326,2.14998,14.93278,-26.77639,3.22584,-0.60255,-0.06624,0.32021,-0.26959,0.08481,0.60931,101.92743,-3.06025,-0.75861,0.14726,0.06647,-0.20922,0.17939,-0.05768,,,,,,,,,,,,,,,,,,,,,,,High,Medium,Medium,Medium,High,,,
118,2026-09-10,15:00:13.94,,,,,Undefined,FOR_RAM,"Palmer, Owen",10100501,Left,FOR_RAM,Undefined,1,Bottom,0,0,0,Undefined,Curveball,Undefined,Undefined,GroundBall,Undefined,0,0,,63.79397,3.374855,0.915586,2030.962798,50.887871,7:45,4.36446,0.11739,17.02376,-53.23589,-10.73926,-14.61725,2.4091,-0.42844,59.34661,-8.912239,-2.40508,0.46919,80.88788,-7.707129,35.324694,,,,,23.34379,14.09568,32.587562,0.181564,12.18323,-9.33839,-0.00024,50,3.90607,-2.12616,-94.49819,8.11395,10.89161,15.92586,-40.5224,FOR_RAM,,FordhamUniversity,,,20260910-FordhamUniversity-BP-1,d83780d0-ad49-11f1-884b-8d6b77d225c8,80.33517,2.89636,,4.44736,,,,2.20722,2.89636,0.19792,ba7bdbee-570e-4ce4-ad5b-c43f8345b719,2026-09-10,19:00:13.94,2026-09-10T15:00:13.9470000-04:00,2026-09-10T19:00:13.9470000Z,GroundBall,v3,471298,,,,,Undefined,FOR_RAM,7cfd1997-fafb-4b1a-a7ee-07fbb85106a4,43.48268,-93.39337,7.96293,4.37145,5.30278,-20.2612,-0.12153,-1.37058,5.44581,180,2.19981,96.17271,,,,,,,,2.89759,-15.95224,,,,,,,,0.19267,68.15632,,,,,,,,,,,,,,,,,,,,,,,,,,,,,,High,Medium,Medium,High,Medium,,,
119,2026-09-10,15:00:19.39,,,,,Undefined,FOR_RAM,"Palmer, Owen",10100501,Left,FOR_RAM,Undefined,1,Bottom,0,0,0,Undefined,Curveball,Undefined,Undefined,GroundBall,Undefined,0,0,,60.51789,3.358342,0.603586,1789.115768,29.889981,7:00,4.3683,0.11881,17.02645,-55.62708,-8.26457,-5.51618,2.20118,0.10226,56.20997,-9.498886,-0.649928,0.495323,90.54687,6.134136,38.026495,2594.122267,,,,91.23026,87.53973,40.517439,0.73064,4.68878,-7.30811,-0.0452,50,3.90671,-1.16448,-89.6412,7.79136,3.75913,14.73423,-38.03317,FOR_RAM,,FordhamUniversity,,,20260910-FordhamUniversity-BP-1,db84d710-ad49-11f1-884b-8d6b77d225c8,76.09663,3.98908,,4.30792,,,,2.65354,1.90613,0.50581,ba7bdbee-570e-4ce4-ad5b-c43f8345b719,2026-09-10,19:00:19.39,2026-09-10T15:00:19.3970000-04:00,2026-09-10T19:00:19.3970000Z,GroundBall,v3,471298,,,,,Undefined,FOR_RAM,7969a0fc-47d1-4e75-9f8c-a0404260eb00,43.4785,-88.56278,7.36711,4.3751,5.00766,-19.01659,-0.12036,-0.88934,1.87957,,2.68985,103.34164,-16.62538,,,,,,,1.95128,13.35541,-22.01318,,,,,,,0.48395,81.75015,-1.73005,,,,,,,,,,,,,,,,,,,,,,,,,,,,,High,Medium,Medium,High,High,,,
120,2026-09-10,15:00:28.44,,,,,Undefined,FOR_RAM,"Palmer, Owen",10100501,Left,FOR_RAM,Undefined,1,Bottom,0,0,0,Undefined,Other,Undefined,Undefined,GroundBall,Undefined,0,0,,60.81849,1.858807,0.278408,2033.879095,26.613393,7:00,4.34194,0.12545,17.07916,-57.25413,-11.33682,-6.19831,0.93417,-0.18694,57.76976,-11.277963,-1.135658,0.487708,,,,,,,,,,,,5.17236,-9.41902,-0.08638,50,4.04062,-0.70795,-90.08965,5.65513,4.2733,12.44119,-39.95588,FOR_RAM,,FordhamUniversity,,,20260910-FordhamUniversity-BP-1,e0d52940-ad49-11f1-884b-8d6b77d225c8,77.28488,,,3.04873,,,,,,,ba7bdbee-570e-4ce4-ad5b-c43f8345b719,2026-09-10,19:00:28.44,2026-09-10T15:00:28.4470000-04:00,2026-09-10T19:00:28.4470000Z,,v3,471298,,,,,Undefined,FOR_RAM,48d4cd2d-ad98-4289-b236-854399125b3d,43.42807,-89.17746,6.22059,4.34786,2.72556,-19.97794,-0.1268,-0.39463,2.13665,,,,,,,,,,,,,,,,,,,,,,,,,,,,,,,,,,,,,,,,,,,,,,,,,,,High,Medium,Medium,,,,,
121,2026-09-10,15:00:51.25,,,,,Undefined,FOR_RAM,"Chavez, Carson",1000156814,Right,FOR_RAM,Undefined,1,Bottom,0,0,0,Undefined,Curveball,Undefined,Undefined,GroundBall,Undefined,0,0,,62.5511,3.231021,0.543973,1962.69593,48.013932,7:30,4.37654,0.12857,17.03994,-54.12082,-9.1913,-11.83426,2.24036,-0.45838,57.27841,-9.325235,-2.146428,0.482433,92.05164,3.704117,-9.857956,1814.455658,,,,71.73873,71.73873,-10.372477,0.569435,9.70796,-7.90792,-0.05998,50,3.94049,-1.32325,-92.80559,7.66254,8.19032,18.11059,-38.84573,FOR_RAM,,FordhamUniversity,,,20260910-FordhamUniversity-BP-1,ee6f5e90-ad49-11f1-884b-8d6b77d225c8,78.12985,3.00532,,5.27269,,,,1.05959,2.19023,0.45553,ba7bdbee-570e-4ce4-ad5b-c43f8345b719,2026-09-10,19:00:51.25,2026-09-10T15:00:51.2530000-04:00,2026-09-10T19:00:51.2530000Z,GroundBall,v3,471298,,,,,Undefined,FOR_RAM,592f671b-b5c7-4ba0-94f5-7af4092a97e1,43.46381,-91.5212,9.0553,4.38622,4.90761,-19.42286,-0.13323,-0.74239,4.09516,35.545829,1.08236,132.19831,-17.9352,,,,,,,2.21562,8.11968,-21.16566,,,,,,,0.46087,-23.19353,-0.53925,,,,,,,,,,,,,,,,,,,,,,,,,,,,,High,High,High,Medium,Medium,,,
122,2026-09-10,15:00:59.23,,,,,Undefined,FOR_RAM,"Chavez, Carson",1000156814,Right,FOR_RAM,Undefined,1,Bottom,0,0,0,Undefined,Curveball,Undefined,Undefined,Undefined,Undefined,0,0,,61.00861,3.789821,0.377375,1907.299374,42.7846,7:30,4.37609,0.13184,17.00409,-53.92877,-7.78138,-8.24457,2.6699,-0.27801,57.18743,-8.641921,-1.493452,0.488928,66.81016,59.5975,63.954643,5485.9631,26.96445,84.88203,106.64376,168.0196,67.9153,77.609432,4.585427,6.79658,-6.85914,-0.08169,50,3.86845,-0.92865,-90.21086,8.47276,5.60406,13.05268,-37.82966,FOR_RAM,,FordhamUniversity,,,20260910-FordhamUniversity-BP-1,f344db70-ad49-11f1-884b-8d6b77d225c8,77.09198,89.44556,,3.82117,,,,0.91366,2.59268,0.29123,ba7bdbee-570e-4ce4-ad5b-c43f8345b719,2026-09-10,19:00:59.23,2026-09-10T15:00:59.2380000-04:00,2026-09-10T19:00:59.2380000Z,Popup,v3,471298,,,,,Undefined,FOR_RAM,c5919337-2c60-4545-bf80-356f35c06ac3,43.50167,-89.26566,6.52634,4.38282,5.73335,-18.91483,-0.13425,-0.52283,2.80203,,0.93865,21.1594,-5.55227,-3.21013,4.6865,-2.46209,0.66256,-0.08947,0.0048,2.60327,84.29702,-23.37219,1.12144,0.53357,-0.29444,0.05302,-0.0028,-0.0001,0.29231,44.55925,-2.65812,0.70713,-0.71093,0.47061,-0.15972,0.02602,-0.00162,,,,,,,,,,,,,,,,,,,,,,,High,High,High,Medium,Low,,,
123,2026-09-10,15:01:07.65,,,,,Undefined,FOR_RAM,"Chavez, Carson",1000156814,Right,FOR_RAM,Undefined,1,Bottom,0,0,0,Undefined,Curveball,Undefined,Undefined,LineDrive,Undefined,0,0,,60.73965,2.740634,1.098927,1708.487349,37.984118,7:15,4.36787,0.10552,17.09718,-61.91988,-14.77725,-12.6356,1.21842,-0.14194,56.35809,-11.5493,-1.783945,0.494172,92.5549,20.921658,-37.303696,2532.641085,86.00895,18.26767,-68.57371,171.9813,131.12424,-40.173739,1.728489,10.6604,-12.39493,0.03096,50,3.9701,-2.22465,-90.18053,7.08919,8.55568,16.22147,-42.1218,FOR_RAM,,FordhamUniversity,,,20260910-FordhamUniversity-BP-1,f8455ff0-ad49-11f1-884b-8d6b77d225c8,76.27392,19.26907,,4.38155,,,,2.05207,1.0422,0.35917,ba7bdbee-570e-4ce4-ad5b-c43f8345b719,2026-09-10,19:01:07.65,2026-09-10T15:01:07.6560000-04:00,2026-09-10T19:01:07.6560000Z,LineDrive,v3,471298,,,,,Undefined,FOR_RAM,45c55513-4a7f-41f6-97de-f70124bc5f6c,43.40992,-88.98723,8.11074,4.37763,3.99057,-21.0609,-0.10954,-1.59526,4.27784,,2.05207,100.85872,-22.02062,5.88429,-1.59898,0.44637,-0.11137,0.02018,-0.00185,1.0422,48.47396,-36.8556,7.25648,-2.02666,0.56031,-0.13982,0.02535,-0.00231,0.35917,-76.84406,10.58861,-2.84874,0.76757,-0.21435,0.05348,-0.00969,0.00089,,,,,,,,,,,,,,,,,,,,,,,High,Medium,Medium,Low,Medium,,,
124,2026-09-10,15:01:37.99,,,,,Undefined,FOR_RAM,"Hanawalt, Chase",1000367090,Left,FOR_RAM,Undefined,1,Bottom,0,0,0,Undefined,Curveball,Undefined,Undefined,GroundBall,Undefined,0,0,,63.34687,3.705458,1.070889,2346.921679,59.688613,8:00,4.34279,0.11808,16.93159,-54.53448,-10.62737,-20.51222,2.529,-0.80322,58.15814,-8.898115,-3.576951,0.476913,100.43682,5.89072,11.953934,2502.585589,,,,119.23394,119.23394,14.377092,0.90749,16.83706,-9.25981,0.01394,50,3.86079,-2.52905,-93.93138,8.51723,14.61361,18.00907,-40.21104,FOR_RAM,,FordhamUniversity,,,20260910-FordhamUniversity-BP-1,0a654470-ad4a-11f1-884b-8d6b77d225c8,79.03425,5.20647,,5.18873,,,,0.87916,2.46325,0.22226,ba7bdbee-570e-4ce4-ad5b-c43f8345b719,2026-09-10,19:01:37.99,2026-09-10T15:01:37.9960000-04:00,2026-09-10T19:01:37.9960000Z,GroundBall,v3,471298,,,,,Undefined,FOR_RAM,461f5e23-e9bd-48ef-a26a-3a4b1da39c2e,43.57448,-92.69126,9.00453,4.35196,5.74825,-20.10552,-0.12557,-1.52274,7.3068,293.723974,0.87916,143.35166,-21.02337,2.93608,-0.59791,0.10465,-0.01937,0.0036,-0.0004,2.46325,15.11834,-21.7743,2.7831,-0.5978,0.14438,-0.03069,0.00601,-0.00075,0.22226,30.34989,3.4408,-1.64937,0.44248,-0.11719,0.02718,-0.00559,0.0007,,,,,,,,,,,,,,,,,,,,,,,High,Medium,Medium,High,High,,,
125,2026-09-10,15:01:43.61,,,,,Undefined,FOR_RAM,"Hanawalt, Chase",1000367090,Left,FOR_RAM,Undefined,1,Bottom,0,0,0,Undefined,Curveball,Undefined,Undefined,LineDrive,Undefined,0,0,,60.56111,2.435578,0.586036,1838.303356,61.115052,8:00,4.37981,0.11924,17.06901,-50.88196,-3.67925,-9.11764,1.92707,-0.21075,56.22668,-9.358477,-1.488623,0.494487,98.11269,20.863091,30.184931,1920.466843,91.93066,37.66207,60.40478,359.07309,323.09793,41.308491,3.894459,7.60855,-3.21953,-0.04438,50,4.02642,-1.27998,-89.76396,6.16445,6.10757,14.95264,-34.75845,FOR_RAM,,FordhamUniversity,,,20260910-FordhamUniversity-BP-1,0da37f80-ad4a-11f1-884b-8d6b77d225c8,76.22532,50.16089,,4.33443,,,,1.94496,1.93185,0.46401,ba7bdbee-570e-4ce4-ad5b-c43f8345b719,2026-09-10,19:01:43.61,2026-09-10T15:01:43.6130000-04:00,2026-09-10T19:01:43.6130000Z,LineDrive,v3,471298,,,,,Undefined,FOR_RAM,808942cd-864c-472b-a840-3f9401d817a8,43.43462,-88.66357,7.47632,4.38595,3.60653,-17.37923,-0.12203,-0.83051,3.05378,,1.94493,116.22692,-24.93703,5.91843,-1.07011,0.13395,-0.00851,-0.00034,8E-05,1.93183,51.25646,-13.43241,-0.18146,-0.0636,0.11782,-0.04568,0.00828,-0.00059,0.46399,67.60838,-3.38387,0.59061,-0.05518,0.00632,-0.00235,0.00051,-4E-05,,,,,,,,,,,,,,,,,,,,,,,High,Medium,Medium,Medium,Medium,,,
126,2026-09-10,15:01:51.08,,,,,Undefined,FOR_RAM,"Hanawalt, Chase",1000367090,Left,FOR_RAM,Undefined,1,Bottom,0,0,0,Undefined,,Undefined,Undefined,GroundBall,Undefined,0,0,,59.63669,-2.22916,1.374742,1824.838695,,,4.26325,-0.7438,34.49349,,,,1.35647,-0.96507,55.53808,-11.376506,-2.427721,0.294347,59.52337,-13.084416,25.948857,,,,,6.06137,2.91298,25.020802,0.042451,22.75289,-13.30851,1.91376,50,3.70354,-6.90216,-94.17478,7.82423,18.65531,25.80223,-43.08584,FOR_RAM,,FordhamUniversity,,,20260910-FordhamUniversity-BP-1,1204b6c0-ad4a-11f1-884b-8d6b77d225c8,128.05463,0.84034,,4.0986,,,,2.24144,0.84034,0.98156,ba7bdbee-570e-4ce4-ad5b-c43f8345b719,2026-09-10,19:01:51.08,2026-09-10T15:01:51.0880000-04:00,2026-09-10T19:01:51.0880000Z,GroundBall,v3,471298,,,,,Undefined,FOR_RAM,135b3ded-a152-4764-9c89-003e98896b6f,26.0124,-87.35572,12.90112,4.26668,-3.56257,-21.54292,0.74114,-1.9719,9.32766,,2.24059,76.58523,,,,,,,,0.84056,-19.79569,,,,,,,,0.98115,37.26852,,,,,,,,,,,,,,,,,,,,,,,,,,,,,,Low,Low,Low,Low,Low,,,
127,2026-09-10,15:02:13.72,,,,,Undefined,FOR_RAM,"Dieguez, Matthew",10131275,Right,FOR_RAM,Undefined,1,Bottom,0,0,0,Undefined,Other,Undefined,Undefined,LineDrive,Undefined,0,0,,63.23325,2.030885,0.38659,2090.451245,40.439711,7:15,4.34598,0.12906,16.91798,-54.86094,-10.13292,-10.01957,1.2697,-0.42136,57.41946,-10.669088,-1.888888,0.48135,96.56624,16.679891,5.272213,2713.739502,108.7,26.55213,16.86075,277.99904,277.99904,14.256959,2.983153,8.14142,-8.18099,-0.08193,50,4.05884,-0.98503,-93.99178,5.67907,6.92981,20.66959,-39.13752,FOR_RAM,,FordhamUniversity,,,20260910-FordhamUniversity-BP-1,1fa5c9e0-ad4a-11f1-884b-8d6b77d225c8,78.30564,30.07777,,5.81379,,,,1.29854,1.33116,0.42522,ba7bdbee-570e-4ce4-ad5b-c43f8345b719,2026-09-10,19:02:13.72,2026-09-10T15:02:13.7260000-04:00,2026-09-10T19:02:13.7260000Z,LineDrive,v3,471298,,,,,Undefined,FOR_RAM,63dd7ace-41df-49c7-b5ee-b0df00e12b77,43.58432,-92.57017,10.33479,4.35686,2.98726,-19.56876,-0.13329,-0.50841,3.4649,227.66686,1.29869,135.09171,-25.56319,5.6824,-1.18732,0.24813,-0.04872,0.0068,-0.00044,1.33086,40.66248,-14.9518,0.42721,-0.01949,0.00188,-3E-05,9E-05,0,0.42496,12.4762,7.33766,-2.3485,0.58895,-0.12754,0.02351,-0.00309,0.00021,,,,,,,,,,,,,,,,,,,,,,,High,High,High,High,High,,,
128,2026-09-10,15:02:19.89,,,,,Undefined,FOR_RAM,"Dieguez, Matthew",10131275,Right,FOR_RAM,Undefined,1,Bottom,0,0,0,Undefined,Curveball,Undefined,Undefined,FlyBall,Undefined,0,0,,60.6181,3.021604,0.983999,1719.31846,6.194749,6:15,4.35136,0.13311,17.09964,-75.80311,-28.34442,-3.23024,0.25124,0.58513,56.53654,-14.368011,0.24391,0.495826,76.65578,36.320491,-18.255752,3510.641158,106.92439,62.41775,-25.82891,270.02778,264.64537,-8.955674,4.550509,2.99925,-23.6806,-0.01717,50,3.90838,-1.67593,-90.17353,8.07651,2.39136,16.97656,-51.05495,FOR_RAM,,FordhamUniversity,,,20260910-FordhamUniversity-BP-1,23422a80-ad4a-11f1-884b-8d6b77d225c8,76.01951,69.28108,,4.08157,,,,3.08258,0.66684,-0.5776,ba7bdbee-570e-4ce4-ad5b-c43f8345b719,2026-09-10,19:02:19.89,2026-09-10T15:02:19.8980000-04:00,2026-09-10T19:02:19.8980000Z,FlyBall,v3,471298,,,,,Undefined,FOR_RAM,29d24765-78ba-4a84-98aa-ce4c31f66f66,43.41221,-88.92463,8.48828,4.36439,4.32059,-25.52748,-0.13399,-1.50001,1.19568,216.00823,3.08453,85.97833,-13.37975,2.71418,-0.19315,-0.10854,0.04167,-0.00587,0.0003,0.66523,66.62423,-17.72243,0.83704,-0.02947,-0.04032,0.02369,-0.00489,0.00034,-0.57924,-28.33594,10.85129,-2.87296,0.40856,0.03267,-0.026,0.0041,-0.00022,,,,,,,,,,,,,,,,,,,,,,,High,Medium,Medium,High,High,,,
129,2026-09-10,15:02:32.57,,,,,Undefined,FOR_RAM,"Dieguez, Matthew",10131275,Right,FOR_RAM,Undefined,1,Bottom,0,0,0,Undefined,Curveball,Undefined,Undefined,GroundBall,Undefined,0,0,,63.33222,2.646479,0.797417,1981.425504,48.450124,7:30,4.33829,0.11643,16.89024,-55.30487,-11.53709,-14.49162,1.68031,-0.50385,58.56808,-10.086225,-2.488873,0.476155,82.33471,-24.102099,-0.781362,,,,,3.71927,3.71927,7.808011,0.030139,11.8676,-9.52343,-0.01931,50,3.97827,-1.85286,-93.95357,6.79182,10.35546,17.3919,-40.48405,FOR_RAM,,FordhamUniversity,,,20260910-FordhamUniversity-BP-1,2ae56d60-ad4a-11f1-884b-8d6b77d225c8,79.15996,1.48853,,4.76414,,,,0.35776,1.48853,0.55065,ba7bdbee-570e-4ce4-ad5b-c43f8345b719,2026-09-10,19:02:32.57,2026-09-10T15:02:32.5720000-04:00,2026-09-10T19:02:32.5720000Z,GroundBall,v3,471298,,,,,Undefined,FOR_RAM,3bff65a8-f90f-4446-b552-ed7fa83cf8a6,43.61554,-92.7642,8.69595,4.34807,4.02327,-20.24202,-0.12181,-1.14469,5.17773,,0.35694,110.38815,,,,,,,,1.4889,-49.38845,,,,,,,,0.55066,-1.5055,,,,,,,,,,,,,,,,,,,,,,,,,,,,,,High,Medium,Medium,Estimated,Estimated,,,
130,2026-09-10,15:03:03.84,,,,,Undefined,FOR_RAM,"Grabau, Anthony",1000407420,Left,FOR_RAM,Undefined,1,Bottom,0,0,0,Undefined,Curveball,Undefined,Undefined,LineDrive,Undefined,0,0,,63.65947,2.876756,0.27806,1991.702885,22.102724,6:45,4.36543,0.13696,17.10065,-53.26223,-9.85552,-4.59709,2.03693,-0.04235,58.07786,-9.504733,-0.768991,0.474187,93.33873,23.055636,-0.961421,2683.895791,109.76607,39.89841,-7.16672,302.83565,300.97788,-7.819812,3.742848,3.82575,-8.47016,-0.10204,50,3.9658,-0.63782,-94.52536,7.20427,3.33024,19.48792,-39.5472,FOR_RAM,,FordhamUniversity,,,20260910-FordhamUniversity-BP-1,3d7774a0-ad4a-11f1-884b-8d6b77d225c8,79.4885,47.68109,,5.58161,,,,1.75613,2.0542,0.22243,ba7bdbee-570e-4ce4-ad5b-c43f8345b719,2026-09-10,19:03:03.84,2026-09-10T15:03:03.8440000-04:00,2026-09-10T19:03:03.8440000Z,LineDrive,v3,471298,,,,,Undefined,FOR_RAM,389fc63f-15f4-4395-b824-706f98c473dd,43.40244,-93.15524,9.74396,4.37456,4.42386,-19.7736,-0.13866,-0.40368,1.66512,141.754063,1.75576,125.95514,-24.40868,6.04161,-1.42713,0.34679,-0.07811,0.01186,-0.00078,2.05463,53.60021,-16.42514,-0.00097,0.44653,-0.19287,0.04817,-0.00584,0.00024,0.2224,-2.11288,-7.44748,3.10604,-0.94823,0.23793,-0.04719,0.00605,-0.00034,,,,,,,,,,,,,,,,,,,,,,,High,Medium,Medium,High,High,,,
131,2026-09-10,15:03:10.09,,,,,Undefined,FOR_RAM,"Grabau, Anthony",1000407420,Left,FOR_RAM,Undefined,1,Bottom,0,0,0,Undefined,Curveball,Undefined,Undefined,GroundBall,Undefined,0,0,,61.51094,3.144501,0.928285,1880.636784,39.105905,7:15,4.36439,0.11679,17.09246,-62.19787,-15.95855,-14.15158,1.48874,-0.38203,56.70967,-11.229194,-2.298674,0.489415,71.66888,-21.493743,46.467346,,,,,6.94989,6.94989,37.424517,0.051281,11.83512,-13.53918,0.00043,50,3.92267,-2.03044,-91.35604,7.79728,9.6823,17.46399,-43.25042,FOR_RAM,,FordhamUniversity,,,20260910-FordhamUniversity-BP-1,412f4c80-ad4a-11f1-884b-8d6b77d225c8,77.01532,1.98032,,4.80127,,,,2.05551,1.98032,0.57766,ba7bdbee-570e-4ce4-ad5b-c43f8345b719,2026-09-10,19:03:10.09,2026-09-10T15:03:10.0910000-04:00,2026-09-10T19:03:10.0910000Z,GroundBall,v3,471298,,,,,Undefined,FOR_RAM,5dbef8e3-2538-41da-ac2d-3cee42116d50,43.41459,-90.08835,8.732,4.37472,4.65779,-21.62521,-0.12145,-1.32761,4.84115,180,2.05401,67.54569,,,,,,,,1.98118,-38.61741,,,,,,,,0.57608,71.09711,,,,,,,,,,,,,,,,,,,,,,,,,,,,,,High,Medium,Medium,Medium,High,,,
132,2026-09-10,15:03:16.46,,,,,Undefined,FOR_RAM,"Grabau, Anthony",1000407420,Left,FOR_RAM,Undefined,1,Bottom,0,0,0,Undefined,Curveball,Undefined,Undefined,LineDrive,Undefined,0,0,,61.06524,3.471464,0.288391,1923.998955,15.616648,6:30,4.35247,0.13327,17.02645,-62.01023,-15.08855,-4.61898,1.73665,-0.03992,56.40194,-10.840032,-0.762737,0.493013,96.65728,14.949366,27.900772,2034.546252,94.31759,18.9583,56.60521,231.0392,200.49895,34.971279,2.069941,3.85839,-12.97024,-0.09674,50,3.87588,-0.63639,-90.59305,8.2507,3.12069,16.5359,-42.66446,FOR_RAM,,FordhamUniversity,,,20260910-FordhamUniversity-BP-1,44f61880-ad4a-11f1-884b-8d6b77d225c8,76.45326,19.11597,,4.6633,,,,2.21484,2.18805,0.53481,ba7bdbee-570e-4ce4-ad5b-c43f8345b719,2026-09-10,19:03:16.46,2026-09-10T15:03:16.4600000-04:00,2026-09-10T19:03:16.4600000Z,LineDrive,v3,471298,,,,,Undefined,FOR_RAM,3b6cf96f-0ccd-4053-bcf0-5eeefada54b6,43.47982,-89.39501,8.26795,4.36168,5.15961,-21.33223,-0.13466,-0.41029,1.56034,,2.21484,121.04471,-19.84236,3.5727,-0.76344,0.1467,-0.02968,0.00492,-0.00042,2.18805,36.57013,-21.58993,2.32913,-0.48204,0.10211,-0.01827,0.00274,-0.00023,0.53481,64.09194,1.48694,-1.37091,0.43906,-0.12022,0.02747,-0.00483,0.00043,,,,,,,,,,,,,,,,,,,,,,,High,Medium,Medium,Medium,Medium,,,
133,2026-09-10,15:04:12.56,,,,,Undefined,FOR_RAM,"Palmer, Owen",10100501,Left,FOR_RAM,Undefined,1,Bottom,0,0,0,Undefined,Curveball,Undefined,Undefined,GroundBall,Undefined,0,0,,64.55604,2.689444,0.345009,2157.30647,27.573154,7:00,4.37094,0.11858,17.11846,-50.37467,-8.6015,-5.16595,2.14465,-0.05918,59.37736,-9.00789,-0.831926,0.465179,48.03925,-19.529632,29.431363,,,,,10.59109,5.2911,22.71709,0.110522,4.32366,-7.41559,-0.07474,50,3.99109,-0.79108,-95.78053,6.92389,3.91063,18.42696,-38.88121,FOR_RAM,,FordhamUniversity,,,20260910-FordhamUniversity-BP-1,669d3540-ad4a-11f1-884b-8d6b77d225c8,81.0278,2.62411,,5.17868,,,,3.32613,2.62411,0.4548,ba7bdbee-570e-4ce4-ad5b-c43f8345b719,2026-09-10,19:04:12.56,2026-09-10T15:04:12.5620000-04:00,2026-09-10T19:04:12.5620000Z,GroundBall,v3,471298,,,,,Undefined,FOR_RAM,6b667f7c-a21a-47e6-adeb-4b012c1fd0d9,43.38527,-94.49938,9.21348,4.37851,4.22062,-19.4406,-0.12029,-0.51919,1.95532,180,3.31787,58.29897,,,,,,,,2.62747,-23.74282,,,,,,,,0.45014,32.89184,,,,,,,,,,,,,,,,,,,,,,,,,,,,,,High,Medium,Medium,Low,Low,,,
134,2026-09-10,15:04:17.52,,,,,Undefined,FOR_RAM,"Palmer, Owen",10100501,Left,FOR_RAM,Undefined,1,Bottom,0,0,0,Undefined,Curveball,Undefined,Undefined,LineDrive,Undefined,0,0,,61.23749,2.935137,0.283363,1925.415651,45.307454,7:30,4.36652,0.12871,17.02259,-52.69412,-6.83351,-8.08965,2.13226,-0.33738,57.33203,-9.222706,-1.554825,0.487407,99.87285,7.370244,23.897026,7420.088533,99.47455,7.4599,46.95378,168.82374,158.76478,26.276693,1.376137,6.68367,-5.96737,-0.08868,50,3.95501,-0.78346,-90.66302,7.11608,5.53867,13.79809,-37.11913,FOR_RAM,,FordhamUniversity,,,20260910-FordhamUniversity-BP-1,69652ee0-ad4a-11f1-884b-8d6b77d225c8,77.33265,8.15946,,3.90546,,,,2.10343,2.46847,0.44763,ba7bdbee-570e-4ce4-ad5b-c43f8345b719,2026-09-10,19:04:17.52,2026-09-10T15:04:17.5280000-04:00,2026-09-10T19:04:17.5280000Z,LineDrive,v3,471298,,,,,Undefined,FOR_RAM,cef9ba45-5c41-4523-bcd6-a5f293b50353,43.48268,-89.66566,6.89905,4.3724,4.433,-18.55957,-0.13084,-0.38311,2.76934,,2.10343,132.81646,-23.22462,5.28135,-1.20454,0.27818,-0.06246,0.01123,-0.0011,2.46847,18.79053,-16.03489,0.92969,-0.12359,0.01178,0.00054,-0.00029,4E-05,0.44763,58.84791,-4.39235,0.75526,-0.11345,0.01588,-0.00217,0.00022,-1E-05,,,,,,,,,,,,,,,,,,,,,,,High,High,High,Medium,Medium,,,
135,2026-09-10,15:04:23.35,,,,,Undefined,FOR_RAM,"Palmer, Owen",10100501,Left,FOR_RAM,Undefined,1,Bottom,0,0,0,Undefined,Curveball,Undefined,Undefined,FlyBall,Undefined,0,0,,61.11754,3.329213,0.419257,1932.579111,28.553229,7:00,4.3523,0.14187,16.99084,-55.02342,-8.57252,-5.36492,2.21602,0.00285,56.82322,-9.373284,-0.798877,0.490533,86.43509,38.280785,16.386222,,105.49218,82.15845,31.16644,271.09952,208.68082,16.913249,5.38528,4.48953,-7.49859,-0.08986,50,3.89883,-0.87584,-90.5157,7.76993,3.67647,14.80756,-38.31466,FOR_RAM,,FordhamUniversity,,,20260910-FordhamUniversity-BP-1,6cf3d3e0-ad4a-11f1-884b-8d6b77d225c8,76.83972,98.74007,,4.29431,,,,2.39466,2.48099,0.28261,ba7bdbee-570e-4ce4-ad5b-c43f8345b719,2026-09-10,19:04:23.35,2026-09-10T15:04:23.3510000-04:00,2026-09-10T19:04:23.3510000Z,FlyBall,v3,471298,,,,,Undefined,FOR_RAM,4bf781e8-1f91-4564-b6ef-02298dca8b61,43.51419,-89.44838,7.40378,4.35934,5.00825,-19.15733,-0.14344,-0.61085,1.83824,181.274745,2.39945,95.37727,-24.05849,6.05402,-1.0272,0.09534,-0.0008,-0.00055,3E-05,2.47883,78.57045,-16.92803,-0.05941,0.39885,-0.16284,0.03857,-0.0048,0.00024,0.28398,28.04715,-6.64851,1.62589,-0.26455,0.02178,0.00039,-0.00019,1E-05,,,,,,,,,,,,,,,,,,,,,,,High,Medium,Medium,Medium,Medium,,,
136,2026-09-10,15:06:42.29,,,,,Undefined,FOR_RAM,"Forney, Colden",1000306564,Right,FOR_RAM,Undefined,1,Bottom,0,0,0,Undefined,Other,Undefined,Undefined,GroundBall,Undefined,0,0,,63.32466,3.007654,0.569008,2098.414986,48.809813,7:45,4.36121,0.12594,16.98165,-50.72719,-7.87437,-10.20461,2.34648,-0.30626,59.36061,-8.678344,-1.747198,0.471152,83.48437,12.679556,19.138331,3184.121137,100.06063,15.00487,45.69263,190.47649,181.64934,28.857961,2.034293,8.44237,-6.76599,-0.05248,50,3.9493,-1.36008,-93.71673,7.34751,7.50336,14.24944,-38.18748,FOR_RAM,,FordhamUniversity,,,20260910-FordhamUniversity-BP-1,bfab8470-ad4a-11f1-884b-8d6b77d225c8,80.00059,15.13599,,3.96404,,,,0.87575,2.31861,0.40064,ba7bdbee-570e-4ce4-ad5b-c43f8345b719,2026-09-10,19:06:42.29,2026-09-10T15:06:42.2980000-04:00,2026-09-10T19:06:42.2980000Z,LineDrive,v3,471298,,,,,Undefined,FOR_RAM,1a8b6cd9-5b34-43b9-a0f6-f8ef3125704c,43.52409,-92.72685,7.12472,4.36758,4.6947,-19.09374,-0.12885,-0.83883,3.75168,,0.87575,112.85573,-22.97945,5.37452,-1.15249,0.24228,-0.04655,0.00665,-0.0005,2.31862,26.87462,-14.31233,0.1573,0.12324,-0.05734,0.01707,-0.00372,0.00044,0.40065,39.16399,3.99498,-0.88196,0.24684,-0.06368,0.01473,-0.00255,0.00023,,,,,,,,,,,,,,,,,,,,,,,High,High,High,High,High,,,
137,2026-09-10,15:06:47.76,,,,,Undefined,FOR_RAM,"Forney, Colden",1000306564,Right,FOR_RAM,Undefined,1,Bottom,0,0,0,Undefined,Curveball,Undefined,Undefined,GroundBall,Undefined,0,0,,60.81393,3.810275,0.976462,1708.818725,57.227463,8:00,4.36468,0.09851,17.06719,-56.36641,-10.41997,-17.74119,2.46658,-0.66368,57.53295,-9.156396,-3.057109,0.487862,85.82001,-42.883582,-78.798353,,,,,4.47129,3.0341,-37.201232,0.036747,14.80934,-9.12414,0.03321,50,3.84074,-2.30008,-89.90817,8.67964,12.23881,11.85881,-39.71446,FOR_RAM,,FordhamUniversity,,,20260910-FordhamUniversity-BP-1,c2ed1ae0-ad4a-11f1-884b-8d6b77d225c8,77.26039,3.1572,,3.28098,,,,2.90106,3.1572,0.63133,ba7bdbee-570e-4ce4-ad5b-c43f8345b719,2026-09-10,19:06:47.76,2026-09-10T15:06:47.7610000-04:00,2026-09-10T19:06:47.7610000Z,GroundBall,v3,471298,,,,,Undefined,FOR_RAM,7979114c-7a49-48a7-9b35-a771eec030fb,43.4411,-89.03885,5.9294,4.3703,5.76834,-19.85723,-0.10252,-1.40291,6.11941,,2.90074,17.97155,,,,,,,,3.15875,-85.91772,,,,,,,,0.63297,-90.74924,,,,,,,,,,,,,,,,,,,,,,,,,,,,,,High,Medium,Medium,Low,Low,,,
138,2026-09-10,15:06:57.18,,,,,Undefined,FOR_RAM,"Forney, Colden",1000306564,Right,FOR_RAM,Undefined,1,Bottom,0,0,0,Undefined,Curveball,Undefined,Undefined,Undefined,Undefined,0,0,,60.35701,1.962384,0.909894,1719.729765,59.384954,8:00,4.34429,0.12211,16.92673,-52.90897,-5.17252,-10.99552,1.38004,-0.12455,56.27873,-10.227877,-1.585594,0.497275,34.58857,27.567252,-76.583313,3656.336105,,,,61.69019,61.6746,-72.593175,1.574757,9.22268,-4.32595,-0.01052,50,4.05026,-1.85265,-89.46655,5.43952,7.36949,14.60967,-35.63073,FOR_RAM,,FordhamUniversity,,,20260910-FordhamUniversity-BP-1,c8857290-ad4a-11f1-884b-8d6b77d225c8,75.79801,10.27602,,4.07827,,,,3.33046,1.71539,0.07349,ba7bdbee-570e-4ce4-ad5b-c43f8345b719,2026-09-10,19:06:57.18,2026-09-10T15:06:57.1830000-04:00,2026-09-10T19:06:57.1830000Z,GroundBall,v3,471298,,,,,Undefined,FOR_RAM,662721ea-633c-4039-8a46-3bb5e5b78888,43.57787,-88.41162,7.30483,4.35015,2.86669,-17.81536,-0.12509,-1.32051,3.68475,,3.33046,10.43431,-0.82508,0.22268,0.01621,-0.08916,0.0799,-0.03253,0.00518,1.71539,23.47789,-16.63964,0.87915,-0.32119,0.29798,-0.22126,0.08982,-0.01454,0.07349,-43.74278,5.33905,-1.07225,0.12231,0.08575,-0.09091,0.03987,-0.00689,,,,,,,,,,,,,,,,,,,,,,,High,Medium,Medium,Low,High,,,
139,2026-09-10,15:07:07.45,,,,,Undefined,FOR_RAM,"Forney, Colden",1000306564,Right,FOR_RAM,Undefined,1,Bottom,0,0,0,Undefined,Curveball,Undefined,Undefined,Undefined,Undefined,0,0,,59.69743,1.435281,0.502547,1903.978905,47.543186,7:30,4.36861,0.11823,17.07649,-55.71479,-7.5002,-9.58847,0.77842,-0.3123,56.11291,-11.391415,-1.684759,0.499759,,,,,,,,,,,,7.95445,-5.94776,-0.05212,50,4.12414,-1.158,-88.52825,4.74992,6.25289,13.75576,-36.8495,FOR_RAM,,FordhamUniversity,,,20260910-FordhamUniversity-BP-1,ceaebfa0-ad4a-11f1-884b-8d6b77d225c8,75.42123,,,3.58453,,,,,,,ba7bdbee-570e-4ce4-ad5b-c43f8345b719,2026-09-10,19:07:07.45,2026-09-10T15:07:07.4520000-04:00,2026-09-10T19:07:07.4520000Z,,v3,471298,,,,,Undefined,FOR_RAM,ed9ebafa-a09d-4009-96f8-b6ac0740965c,43.42894,-87.50127,6.87788,4.37607,1.99879,-18.42475,-0.12115,-0.69117,3.12645,,,,,,,,,,,,,,,,,,,,,,,,,,,,,,,,,,,,,,,,,,,,,,,,,,,High,High,High,,,,,
140,2026-09-10,15:07:14.11,,,,,Undefined,FOR_RAM,"Beaudreau, Bradley",1000297368,Left,FOR_RAM,Undefined,1,Bottom,0,0,0,Undefined,Curveball,Undefined,Undefined,LineDrive,Undefined,0,0,,60.72872,3.367216,0.810527,1798.811698,47.491891,7:30,4.35966,0.12609,16.98941,-55.96814,-9.30154,-11.41745,2.17294,-0.22976,56.95153,-9.51804,-1.781488,0.491671,83.15586,-4.061896,58.193603,4724.254628,,,,39.59816,34.07423,51.52579,0.330643,9.56201,-8.14323,-0.02289,50,3.89651,-1.74386,-89.87654,7.87576,7.80078,13.34574,-38.81739,FOR_RAM,,FordhamUniversity,,,20260910-FordhamUniversity-BP-1,d2a1cbc0-ad4a-11f1-884b-8d6b77d225c8,76.66192,2.74071,,3.77719,,,,3.45949,2.74071,0.06061,ba7bdbee-570e-4ce4-ad5b-c43f8345b719,2026-09-10,19:07:14.11,2026-09-10T15:07:14.1130000-04:00,2026-09-10T19:07:14.1130000Z,GroundBall,v3,471298,,,,,Undefined,FOR_RAM,410a4ce6-4a9d-4713-8541-f169a0c0c39d,43.51702,-88.90867,6.67287,4.3656,5.06063,-19.40869,-0.12885,-1.17812,3.90039,,3.4554,64.28803,-0.65522,,,,,,,2.73347,-8.34381,0.29112,,,,,,,0.07404,102.8433,-28.26756,,,,,,,,,,,,,,,,,,,,,,,,,,,,,High,Medium,Medium,Medium,Medium,,,
141,2026-09-10,15:07:20.12,,,,,Undefined,FOR_RAM,"Beaudreau, Bradley",1000297368,Left,FOR_RAM,Undefined,1,Bottom,0,0,0,Undefined,Curveball,Undefined,Undefined,LineDrive,Undefined,0,0,,61.95217,3.297477,0.349194,1894.617181,58.044369,8:00,4.35567,0.12741,16.95261,-49.81829,-5.26091,-10.04186,2.63194,-0.4526,58.39789,-8.166369,-1.92668,0.480431,82.66066,19.517375,-15.985668,3202.36736,104.10002,24.80259,-35.54106,209.70409,157.25906,-23.353494,2.409486,8.26233,-4.69595,-0.07817,50,3.91041,-0.98225,-91.57024,7.64588,7.07564,12.4337,-36.19555,FOR_RAM,,FordhamUniversity,,,20260910-FordhamUniversity-BP-1,d636b250-ad4a-11f1-884b-8d6b77d225c8,78.45544,24.81355,,3.55428,,,,1.66153,2.66694,0.44439,ba7bdbee-570e-4ce4-ad5b-c43f8345b719,2026-09-10,19:07:20.12,2026-09-10T15:07:20.1240000-04:00,2026-09-10T19:07:20.1240000Z,LineDrive,v3,471298,,,,,Undefined,FOR_RAM,42c6562b-c200-40f0-81e8-c3e5fcc51801,43.553,-90.69062,6.21685,4.36074,5.08523,-18.09778,-0.12995,-0.48169,3.53782,114.3262,1.66143,109.85868,-19.50947,4.5793,-1.3673,0.56874,-0.21659,0.0483,-0.00451,2.66698,40.5008,-19.88977,1.34619,-0.02463,-0.12674,0.06942,-0.01673,0.0016,0.44447,-31.47667,-0.2145,-1.09643,0.68563,-0.42155,0.1792,-0.04152,0.00395,,,,,,,,,,,,,,,,,,,,,,,High,High,High,Medium,Medium,,,
142,2026-09-10,15:07:26.91,,,,,Undefined,FOR_RAM,"Beaudreau, Bradley",1000297368,Left,FOR_RAM,Undefined,1,Bottom,0,0,0,Undefined,Curveball,Undefined,Undefined,FlyBall,Undefined,0,0,,60.44719,2.436439,0.54988,1810.541283,26.550656,7:00,4.3493,0.13358,17.07468,-56.58755,-9.79623,-5.46851,1.42147,0.08111,56.95491,-10.589641,-0.696132,0.492327,82.81721,45.957576,-12.923891,,,,,,95.66976,,,4.63784,-8.26953,-0.0648,50,3.98498,-1.08937,-89.5387,6.45898,3.75895,13.125,-38.87649,FOR_RAM,,FordhamUniversity,,,20260910-FordhamUniversity-BP-1,da42ebc0-ad4a-11f1-884b-8d6b77d225c8,76.55969,83.65214,,3.49228,,,,2.30237,1.48969,0.04439,ba7bdbee-570e-4ce4-ad5b-c43f8345b719,2026-09-10,19:07:26.91,2026-09-10T15:07:26.9170000-04:00,2026-09-10T19:07:26.9170000Z,,v3,471298,,,,,Undefined,FOR_RAM,7d41911e-df61-4eb2-994a-1923b2c43218,43.43163,-88.57064,6.5625,4.35563,3.59159,-19.43825,-0.13492,-0.81212,1.87948,149.993308,2.30237,82.30176,-17.02714,4.1503,-0.7995,0.09299,-0.03773,0.04901,-0.01612,1.48968,87.31257,-22.04976,2.00698,-0.40584,0.12114,-0.00513,-0.03382,0.01238,0.04439,-18.88633,-3.0822,1.21175,-0.26623,0.00701,-0.01993,0.03981,-0.01344,,,,,,,,,,,,,,,,,,,,,,,High,Medium,Medium,Medium,Undefined,,,
143,2026-09-10,15:07:46.53,,,,,Undefined,FOR_RAM,"Wansaw, Michael",1000503198,Right,FOR_RAM,Undefined,1,Bottom,0,0,0,Undefined,Curveball,Undefined,Undefined,FlyBall,Undefined,0,0,,61.53291,3.562205,0.447631,2049.669806,51.039207,7:45,4.37358,0.11771,17.04001,-51.90747,-6.41059,-9.39315,2.66573,-0.33653,57.38717,-8.437872,-1.68586,0.48547,76.60308,29.767235,8.288135,3525.843234,107.31907,48.25718,24.13718,262.39781,262.39781,18.810969,3.929357,7.77024,-5.75563,-0.05834,50,3.89166,-1.09497,-91.05144,8.09994,6.48477,14.10052,-36.9775,FOR_RAM,,FordhamUniversity,,,20260910-FordhamUniversity-BP-1,e61e8120-ad4a-11f1-884b-8d6b77d225c8,77.64119,52.12352,,4.14575,,,,1.08548,2.66037,0.33072,ba7bdbee-570e-4ce4-ad5b-c43f8345b719,2026-09-10,19:07:46.53,2026-09-10T15:07:46.5370000-04:00,2026-09-10T19:07:46.5370000Z,LineDrive,v3,471298,,,,,Undefined,FOR_RAM,bc104d12-3a96-4ecb-ade5-3e48f3893a82,43.46498,-90.03372,7.05026,4.37997,5.43104,-18.48875,-0.12048,-0.62692,3.24238,220.111661,1.08527,96.51518,-15.46261,3.27774,-0.77383,0.21165,-0.05456,0.00899,-0.00062,2.66092,55.7631,-17.15929,0.81828,0.11457,-0.13787,0.05135,-0.00861,0.00054,0.33071,14.05864,4.276,-1.29284,0.33361,-0.07266,0.01342,-0.00175,0.0001,,,,,,,,,,,,,,,,,,,,,,,High,High,High,High,Medium,,,
144,2026-09-10,15:07:51.81,,,,,Undefined,FOR_RAM,"Wansaw, Michael",1000503198,Right,FOR_RAM,Undefined,1,Bottom,0,0,0,Undefined,Curveball,Undefined,Undefined,GroundBall,Undefined,0,0,,61.33038,4.316028,1.013458,1851.306037,62.457654,8:00,4.36679,0.1073,17.01265,-53.00117,-6.58894,-15.23713,3.12615,-0.41812,56.51648,-7.969283,-2.441342,0.490329,85.05861,-9.374127,-17.985346,,,,,20.58284,20.58284,-15.491237,0.15498,12.64934,-6.18292,0.01878,50,3.80346,-2.19197,-90.76576,9.2534,10.35299,15.62655,-37.23451,FOR_RAM,,FordhamUniversity,,,20260910-FordhamUniversity-BP-1,e93b0360-ad4a-11f1-884b-8d6b77d225c8,76.87171,3.15764,,4.8139,,,,1.6424,3.15764,0.40853,ba7bdbee-570e-4ce4-ad5b-c43f8345b719,2026-09-10,19:07:51.81,2026-09-10T15:07:51.8130000-04:00,2026-09-10T19:07:51.8130000Z,GroundBall,v3,471298,,,,,Undefined,FOR_RAM,6be9182f-5b88-439f-8826-720da5617154,43.49209,-89.63833,7.81328,4.37417,6.567,-18.61726,-0.11242,-1.44502,5.17649,,1.63452,117.38748,,,,,,,,3.159,-20.3745,,,,,,,,0.41109,-38.10831,,,,,,,,,,,,,,,,,,,,,,,,,,,,,,High,Medium,Medium,Estimated,Estimated,,,
145,2026-09-10,15:07:58.72,,,,,Undefined,FOR_RAM,"Wansaw, Michael",1000503198,Right,FOR_RAM,Undefined,1,Bottom,0,0,0,Undefined,Curveball,Undefined,Undefined,GroundBall,Undefined,0,0,,61.43132,1.569694,0.717704,1797.901038,52.040198,7:45,4.33993,0.12641,17.09903,-52.46593,-6.86036,-10.38768,1.11854,-0.21322,57.4381,-10.544849,-1.651258,0.486049,91.48952,4.243806,-30.105373,2862.405692,,,,69.85082,63.86742,-23.448197,0.547173,8.70083,-5.55788,-0.03434,50,4.08277,-1.5693,-91.10885,4.9627,7.22168,14.95315,-36.78709,FOR_RAM,,FordhamUniversity,,,20260910-FordhamUniversity-BP-1,ed460450-ad4a-11f1-884b-8d6b77d225c8,77.54857,2.25422,,3.99322,,,,2.38291,1.18479,1.4297,ba7bdbee-570e-4ce4-ad5b-c43f8345b719,2026-09-10,19:07:58.72,2026-09-10T15:07:58.7230000-04:00,2026-09-10T19:07:58.7230000Z,GroundBall,v3,471298,,,,,Undefined,FOR_RAM,07f9e03a-afc6-4e15-8c87-658cd5bdb5e7,43.40594,-90.0201,7.47658,4.34659,2.2842,-18.39355,-0.12946,-1.04348,3.61084,,2.36738,116.15345,-6.10152,,,,,,,1.20449,9.44609,-21.34882,,,,,,,1.39685,-66.31619,23.80017,,,,,,,,,,,,,,,,,,,,,,,,,,,,,High,Medium,Medium,Low,Medium,,,
146,2026-09-10,15:08:26.23,,,,,Undefined,FOR_RAM,"Forney, Colden",1000306564,Right,FOR_RAM,Undefined,1,Bottom,0,0,0,Undefined,Curveball,Undefined,Undefined,GroundBall,Undefined,0,0,,60.00617,3.845314,0.846645,1776.28777,11.744647,6:30,4.34176,0.12115,16.93516,-66.68047,-18.18525,-4.0663,1.61875,0.40524,55.87398,-11.463729,-0.076916,0.501211,76.86409,-15.68075,-45.438126,,,,,11.82447,4.09757,-34.00742,0.080332,3.57681,-15.49769,-0.02281,50,3.8245,-1.47033,-88.93615,8.85905,2.81287,14.91056,-44.36175,FOR_RAM,,FordhamUniversity,,,20260910-FordhamUniversity-BP-1,fd9b6200-ad4a-11f1-884b-8d6b77d225c8,75.20269,2.45453,,4.13219,,,,3.66692,2.45453,-0.38372,ba7bdbee-570e-4ce4-ad5b-c43f8345b719,2026-09-10,19:08:26.23,2026-09-10T15:08:26.2380000-04:00,2026-09-10T19:08:26.2380000Z,GroundBall,v3,471298,,,,,Undefined,FOR_RAM,79cb687b-58c2-44ad-8fe0-64fb1ed19511,43.573,-87.85203,7.45528,4.35137,5.63358,-22.18087,-0.12227,-1.26581,1.40644,,3.66415,76.37283,,,,,,,,2.45563,-30.55492,,,,,,,,-0.38092,-77.54986,,,,,,,,,,,,,,,,,,,,,,,,,,,,,,High,Medium,Medium,Low,Low,,,
147,2026-09-10,15:08:34.62,,,,,Undefined,FOR_RAM,"Forney, Colden",1000306564,Right,FOR_RAM,Undefined,1,Bottom,0,0,0,Undefined,Curveball,Undefined,Undefined,GroundBall,Undefined,0,0,,60.39013,3.552863,0.912562,1872.642539,54.116883,7:45,4.3539,0.11247,17.08247,-55.8292,-8.66741,-13.68217,2.30997,-0.3586,56.4165,-9.345948,-2.199849,0.494273,84.40178,-8.985057,-26.665129,,,,,17.87208,11.81699,-20.477627,0.128079,11.44753,-7.64741,0.00528,50,3.86346,-1.98302,-89.40638,8.13768,9.19895,13.76026,-38.3193,FOR_RAM,,FordhamUniversity,,,20260910-FordhamUniversity-BP-1,029c82c0-ad4b-11f1-884b-8d6b77d225c8,76.25838,2.48145,,3.97363,,,,2.71808,2.48145,0.79057,ba7bdbee-570e-4ce4-ad5b-c43f8345b719,2026-09-10,19:08:34.62,2026-09-10T15:08:34.6210000-04:00,2026-09-10T19:08:34.6210000Z,GroundBall,v3,471298,,,,,Undefined,FOR_RAM,5652e4c9-f268-493d-a194-d441ce475b68,43.42378,-88.38846,6.88013,4.3606,5.303,-19.15965,-0.11625,-1.30253,4.59948,180,2.71327,109.49957,,,,,,,,2.4823,-19.37431,,,,,,,,0.79299,-54.98907,,,,,,,,,,,,,,,,,,,,,,,,,,,,,,High,Medium,Medium,Low,Low,,,
148,2026-09-10,15:08:51.29,,,,,Undefined,FOR_RAM,"Beaudreau, Bradley",1000297368,Left,FOR_RAM,Undefined,1,Bottom,0,0,0,Undefined,Curveball,Undefined,Undefined,Popup,Undefined,0,0,,62.44265,4.092896,0.983431,1993.929946,58.767922,8:00,4.35786,0.11272,16.91959,-50.61081,-6.40587,-12.32028,3.15827,-0.19008,58.44994,-7.562215,-1.804375,0.478527,,,,,,,,,,,,10.23686,-5.82579,0.00809,50,3.82767,-2.08824,-92.25215,8.97227,8.84691,13.35879,-37.20883,FOR_RAM,,FordhamUniversity,,,20260910-FordhamUniversity-BP-1,0c8e97a0-ad4b-11f1-884b-8d6b77d225c8,78.76757,,,3.9927,,,,,,,ba7bdbee-570e-4ce4-ad5b-c43f8345b719,2026-09-10,19:08:51.29,2026-09-10T15:08:51.2990000-04:00,2026-09-10T19:08:51.2990000Z,,v3,471298,,,,,Undefined,FOR_RAM,a2af5a72-9273-4484-87e2-14e13a3be828,43.58614,-91.31865,6.6794,4.3638,6.37216,-18.60441,-0.11623,-1.47003,4.42345,,,,,,,,,,,,,,,,,,,,,,,,,,,,,,,,,,,,,,,,,,,,,,,,,,,High,Medium,Medium,,,,,
149,2026-09-10,15:08:57.90,,,,,Undefined,FOR_RAM,"Beaudreau, Bradley",1000297368,Left,FOR_RAM,Undefined,1,Bottom,0,0,0,Undefined,Curveball,Undefined,Undefined,LineDrive,Undefined,0,0,,62.2076,4.024606,0.947067,1945.11824,40.547936,7:15,4.36656,0.1086,17.05021,-57.89696,-13.64792,-12.57993,2.50005,-0.24478,58.43222,-9.300132,-1.912121,0.478766,90.77445,22.252326,-3.797609,2844.994486,108.85328,36.29355,-15.84112,264.35794,262.75849,-15.641711,3.297322,10.53292,-11.8226,0.01205,50,3.82265,-2.05692,-92.01593,9.22339,9.04073,13.50929,-42.32175,FOR_RAM,,FordhamUniversity,,,20260910-FordhamUniversity-BP-1,1081f1e0-ad4b-11f1-884b-8d6b77d225c8,78.72832,40.24109,,3.77538,,,,2.28685,2.64037,0.21618,ba7bdbee-570e-4ce4-ad5b-c43f8345b719,2026-09-10,19:08:57.90,2026-09-10T15:08:57.9030000-04:00,2026-09-10T19:08:57.9030000Z,LineDrive,v3,471298,,,,,Undefined,FOR_RAM,1c73cc07-dd41-48b4-b73f-baf3a497d420,43.45789,-91.05038,6.75465,4.37377,6.19854,-21.16088,-0.11188,-1.41076,4.52036,123.11136,2.28689,122.95061,-23.78112,4.98836,-1.01667,0.20505,-0.03993,0.00524,-0.00029,2.64036,50.41422,-18.42336,1.18302,-0.1268,-0.00365,0.0081,-0.00145,9E-05,0.2161,-8.15324,-9.8175,3.46696,-1.02212,0.3067,-0.08106,0.01331,-0.00094,,,,,,,,,,,,,,,,,,,,,,,High,Medium,Medium,High,High,,,
150,2026-09-10,15:09:04.07,,,,,Undefined,FOR_RAM,"Beaudreau, Bradley",1000297368,Left,FOR_RAM,Undefined,1,Bottom,0,0,0,Undefined,Curveball,Undefined,Undefined,Undefined,Undefined,0,0,,60.01956,1.707006,0.907388,1828.160994,41.602862,7:30,4.33832,0.11352,17.08051,-57.26212,-9.69615,-9.6841,0.81858,-0.02813,56.55622,-11.462138,-1.302062,0.496386,,,,,,,,,,,,8.18788,-7.92764,0.00021,50,4.05833,-1.80782,-88.9837,5.29235,6.52478,13.49806,-38.49145,FOR_RAM,,FordhamUniversity,,,20260910-FordhamUniversity-BP-1,142d46a0-ad4b-11f1-884b-8d6b77d225c8,75.93372,,,3.46334,,,,,,,ba7bdbee-570e-4ce4-ad5b-c43f8345b719,2026-09-10,19:09:04.07,2026-09-10T15:09:04.0740000-04:00,2026-09-10T19:09:04.0740000Z,,v3,471298,,,,,Undefined,FOR_RAM,e937aba4-950f-4f6e-b2ec-99ebc75d3097,43.42592,-87.98082,6.74903,4.34531,2.4325,-19.24573,-0.1161,-1.32304,3.26239,,,,,,,,,,,,,,,,,,,,,,,,,,,,,,,,,,,,,,,,,,,,,,,,,,,High,Medium,Medium,,,,,
151,2026-09-10,15:09:20.07,,,,,Undefined,FOR_RAM,"Beaudreau, Bradley",1000297368,Left,FOR_RAM,Undefined,1,Bottom,0,0,0,Undefined,Curveball,Undefined,Undefined,LineDrive,Undefined,0,0,,61.77989,3.341486,0.60537,2013.711302,35.253181,7:15,4.34576,0.12448,17.00933,-55.80649,-10.60355,-8.32898,2.15227,-0.12498,57.72378,-9.519632,-1.287009,0.483899,91.75824,27.212614,3.052563,2312.772632,109.99952,47.37958,0.16794,310.84453,302.37771,-4.352841,4.081852,6.96516,-9.16871,-0.04808,50,3.88741,-1.30983,-91.47729,7.93467,5.85907,14.41005,-39.88675,FOR_RAM,,FordhamUniversity,,,20260910-FordhamUniversity-BP-1,1db63970-ad4b-11f1-884b-8d6b77d225c8,77.8932,57.63216,,4.0561,,,,2.22314,2.43157,0.11679,ba7bdbee-570e-4ce4-ad5b-c43f8345b719,2026-09-10,19:09:20.07,2026-09-10T15:09:20.0700000-04:00,2026-09-10T19:09:20.0700000Z,FlyBall,v3,471298,,,,,Undefined,FOR_RAM,eca629f1-5335-47c1-8e4a-f2794225f43f,43.49686,-90.44707,7.20502,4.35274,5.08305,-19.94337,-0.12675,-0.89095,2.92953,133.935479,2.223,119.51875,-20.02835,4.35757,-0.98166,0.23162,-0.05327,0.0079,-0.00046,2.43173,61.5358,-19.0078,1.03521,0.09038,-0.10844,0.0379,-0.00594,0.00035,0.11733,6.35829,-8.60091,3.17821,-0.77324,0.10562,-0.00128,-0.00215,0.00025,,,,,,,,,,,,,,,,,,,,,,,High,Medium,Medium,Medium,High,,,
152,2026-09-10,15:09:38.08,,,,,Undefined,FOR_RAM,"Wansaw, Michael",1000503198,Right,FOR_RAM,Undefined,1,Bottom,0,0,0,Undefined,Curveball,Undefined,Undefined,Undefined,Undefined,0,0,,64.30923,4.130434,0.728,2060.434166,41.949727,7:30,4.35226,0.12391,16.91829,-53.65153,-11.06028,-11.12335,2.92694,-0.26718,58.98086,-8.266882,-1.790432,0.469712,,,,,,,,,,,,9.09882,-9.56973,-0.03761,50,3.82873,-1.6194,-95.24324,9.26469,8.14713,18.06488,-40.74281,FOR_RAM,,FordhamUniversity,,,20260910-FordhamUniversity-BP-1,28a63650-ad4b-11f1-884b-8d6b77d225c8,80.24587,,,5.32836,,,,,,,ba7bdbee-570e-4ce4-ad5b-c43f8345b719,2026-09-10,19:09:38.08,2026-09-10T15:09:38.0830000-04:00,2026-09-10T19:09:38.0830000Z,,v3,471298,,,,,Undefined,FOR_RAM,258753b5-7b81-4575-8937-0c437fbee50c,43.58623,-94.01887,9.03244,4.36308,6.50328,-20.3714,-0.12866,-1.06721,4.07357,,,,,,,,,,,,,,,,,,,,,,,,,,,,,,,,,,,,,,,,,,,,,,,,,,,High,Medium,Medium,,,,,
153,2026-09-10,15:09:44.15,,,,,Undefined,FOR_RAM,"Wansaw, Michael",1000503198,Right,FOR_RAM,Undefined,1,Bottom,0,0,0,Undefined,Curveball,Undefined,Undefined,Undefined,Undefined,0,0,,60.94218,3.541693,0.870811,1707.359143,19.792271,6:45,4.37191,0.11648,17.06931,-55.05653,-8.5615,-3.53697,2.38494,0.46043,56.705,-9.189522,0.066566,0.490766,75.9889,49.768581,13.157389,,102.07827,94.82832,40.98761,225.50414,149.32604,26.878696,5.051566,3.1511,-7.55311,-0.01357,50,3.88667,-1.51448,-90.22383,8.12992,2.56912,14.46293,-38.33215,FOR_RAM,,FordhamUniversity,,,20260910-FordhamUniversity-BP-1,2c341800-ad4b-11f1-884b-8d6b77d225c8,76.80325,96.72164,,4.23718,,,,0.87833,2.45832,-0.13979,ba7bdbee-570e-4ce4-ad5b-c43f8345b719,2026-09-10,19:09:44.15,2026-09-10T15:09:44.1580000-04:00,2026-09-10T19:09:44.1580000Z,Popup,v3,471298,,,,,Undefined,FOR_RAM,54461a0c-a4fb-429a-899c-fc59395e5863,43.43576,-89.16538,7.23146,4.379,5.32461,-19.16608,-0.11753,-1.32646,1.28456,211.925707,0.88727,69.89056,-14.5813,2.22107,0.78601,-0.61869,0.17032,-0.02185,0.00109,2.45227,85.18974,-22.76691,2.3694,-0.52936,0.06436,0.01129,-0.0041,0.00031,-0.14538,16.50313,3.65266,-0.78207,-0.3845,0.29235,-0.07847,0.0097,-0.00046,,,,,,,,,,,,,,,,,,,,,,,High,Medium,Medium,Medium,Medium,,,
154,2026-09-10,15:09:51.44,,,,,Undefined,FOR_RAM,"Wansaw, Michael",1000503198,Right,FOR_RAM,Undefined,1,Bottom,0,0,0,Undefined,Curveball,Undefined,Undefined,LineDrive,Undefined,0,0,,60.87054,3.082818,0.516002,1875.836529,49.651045,7:45,4.35687,0.1186,17.03961,-54.30869,-7.87819,-10.67953,2.09594,-0.39265,56.9626,-9.4486,-1.911706,0.490426,92.7145,7.40402,-22.663825,1470.47807,,,,94.69833,92.6458,-23.159949,0.776576,8.85146,-6.82804,-0.0499,50,3.92636,-1.24734,-90.13363,7.37231,7.23921,13.81313,-37.75841,FOR_RAM,,FordhamUniversity,,,20260910-FordhamUniversity-BP-1,30669e20-ad4b-11f1-884b-8d6b77d225c8,76.8566,4.99517,,3.90794,,,,2.03719,2.2666,0.43156,ba7bdbee-570e-4ce4-ad5b-c43f8345b719,2026-09-10,19:09:51.44,2026-09-10T15:09:51.4490000-04:00,2026-09-10T19:09:51.4490000Z,GroundBall,v3,471298,,,,,Undefined,FOR_RAM,af55ed96-1d73-4e8e-9f71-0a0873e72cbe,43.46611,-89.12668,6.90657,4.36346,4.61978,-18.87921,-0.1216,-0.71962,3.61961,,2.03719,124.43457,-21.14949,2.85469,-0.58216,0.10446,-0.0189,0.00337,-0.00034,2.2666,17.52328,-29.5925,4.97123,-1.17966,0.30377,-0.07217,0.01564,-0.00214,0.43156,-51.95978,4.19771,0.40332,-0.16872,0.06698,-0.01995,0.00498,-0.00079,,,,,,,,,,,,,,,,,,,,,,,High,High,High,Medium,Medium,,,
155,2026-09-10,15:09:59.32,,,,,Undefined,FOR_RAM,"Wansaw, Michael",1000503198,Right,FOR_RAM,Undefined,1,Bottom,0,0,0,Undefined,,Undefined,Undefined,LineDrive,Undefined,0,0,,57.34085,4.688415,2.542943,1825.179631,,,3.02908,-1.35104,30.45263,,,,2.13776,0.13037,56.67976,-8.269606,3.380474,0.344718,94.14117,13.204743,-42.782389,2952.970302,,,,124.67748,124.67748,-45.304301,1.058671,-4.22555,-28.86828,2.14133,50.0002,-0.1048,-2.9565,-84.98863,19.72754,-3.28855,4.61786,-54.64082,FOR_RAM,,FordhamUniversity,,,20260910-FordhamUniversity-BP-1,35262200-ad4b-11f1-884b-8d6b77d225c8,109.34277,8.85581,,0.6611,,,,2.32307,1.56967,0.14336,ba7bdbee-570e-4ce4-ad5b-c43f8345b719,2026-09-10,19:09:59.32,2026-09-10T15:09:59.3220000-04:00,2026-09-10T19:09:59.3220000Z,LineDrive,v3,471298,,,,,Undefined,FOR_RAM,72ba4ddb-07ea-4deb-8963-7838b99a277b,30.05782,-83.89807,2.30893,3.03037,6.82341,-27.32041,1.3514,-3.73313,-1.64428,,2.32307,98.65811,-21.83231,5.83337,-1.59298,0.46219,-0.12976,0.02953,-0.00374,1.56967,31.54033,-37.17655,7.32164,-2.05467,0.58998,-0.16572,0.03769,-0.00476,0.14336,-91.3021,9.07692,-2.45795,0.657,-0.19049,0.0533,-0.01204,0.00151,,,,,,,,,,,,,,,,,,,,,,,Low,Low,Low,Low,Medium,,,
156,2026-09-10,15:10:33.82,,,,,Undefined,FOR_RAM,"Forney, Colden",1000306564,Right,FOR_RAM,Undefined,1,Bottom,0,0,0,Undefined,Curveball,Undefined,Undefined,LineDrive,Undefined,0,0,,61.33391,3.929864,0.74215,1932.698519,35.45693,7:15,4.35792,0.12094,17.03095,-59.02039,-12.89587,-10.10091,2.3291,-0.17598,56.96863,-9.688865,-1.553445,0.488807,97.45556,12.822631,-8.45259,1033.409516,109.48695,18.80044,-10.60982,248.28589,248.28589,-1.905247,2.31504,8.42808,-11.17075,-0.02833,50,3.83074,-1.57621,-90.8403,8.91216,6.93836,15.14251,-41.3703,FOR_RAM,,FordhamUniversity,,,20260910-FordhamUniversity-BP-1,49c648c0-ad4b-11f1-884b-8d6b77d225c8,77.1111,19.40308,,4.36527,,,,1.77559,2.67468,0.14498,ba7bdbee-570e-4ce4-ad5b-c43f8345b719,2026-09-10,19:10:33.82,2026-09-10T15:10:33.8210000-04:00,2026-09-10T19:10:33.8210000Z,LineDrive,v3,471298,,,,,Undefined,FOR_RAM,8c064d84-3271-49cb-9d8f-d5f63112ad88,43.47572,-89.74615,7.57125,4.36671,5.92288,-20.68515,-0.1241,-1.07487,3.46918,241.128591,1.77559,137.85615,-19.77536,3.98148,-0.83301,0.17142,-0.03291,0.00475,-0.00034,2.67467,31.72216,-15.97939,1.02691,-0.16972,0.03801,-0.00964,0.00235,-0.00027,0.14498,-20.48588,11.37194,-2.78759,0.67092,-0.14273,0.02379,-0.00232,6E-05,,,,,,,,,,,,,,,,,,,,,,,High,Medium,Medium,High,Medium,,,
157,2026-09-10,15:10:39.30,,,,,Undefined,FOR_RAM,"Forney, Colden",1000306564,Right,FOR_RAM,Undefined,1,Bottom,0,0,0,Undefined,Curveball,Undefined,Undefined,FlyBall,Undefined,0,0,,60.06714,4.139098,1.014228,1685.057878,33.457519,7:00,4.35293,0.11225,16.98346,-60.43456,-11.96556,-8.85217,2.36429,0.12,55.51944,-9.812352,-0.994433,0.501076,89.86611,39.312546,-29.931729,4018.479049,98.71184,86.14965,-48.53827,292.56511,202.46308,-23.193383,5.598289,7.50701,-10.51249,0.0091,50,3.80497,-1.90996,-88.95798,9.07915,5.89131,15.21884,-40.42398,FOR_RAM,,FordhamUniversity,,,20260910-FordhamUniversity-BP-1,4cf25b60-ad4b-11f1-884b-8d6b77d225c8,75.22304,108.46591,,4.5477,,,,3.09328,3.02088,0.38964,ba7bdbee-570e-4ce4-ad5b-c43f8345b719,2026-09-10,19:10:39.30,2026-09-10T15:10:39.3090000-04:00,2026-09-10T19:10:39.3090000Z,FlyBall,v3,471298,,,,,Undefined,FOR_RAM,d81ae646-fa1a-4e3c-aab9-f04b9665de59,43.52245,-87.84281,7.60942,4.36172,6.11708,-20.21199,-0.11504,-1.47827,2.94565,,3.09787,88.28819,-19.3527,4.55296,-0.69507,0.04255,0.00495,-0.00097,4E-05,3.01751,83.55831,-17.8837,0.28192,0.24729,-0.11064,0.02695,-0.00339,0.00016,0.3862,-50.81519,16.05049,-4.35255,0.8,-0.08372,0.00166,0.00049,-3E-05,,,,,,,,,,,,,,,,,,,,,,,High,Medium,Medium,Low,Low,,,
158,2026-09-10,15:10:45.57,,,,,Undefined,FOR_RAM,"Forney, Colden",1000306564,Right,FOR_RAM,Undefined,1,Bottom,0,0,0,Undefined,Curveball,Undefined,Undefined,Undefined,Undefined,0,0,,59.93338,0.980503,0.715196,1676.01082,47.594338,7:30,4.34718,0.11377,17.09292,-56.90487,-8.14811,-10.65922,0.32393,-0.25024,55.37539,-12.171251,-1.719491,0.502561,,,,,,,,,,,,8.9643,-6.41386,-0.02291,50,4.15602,-1.52264,-89.0849,4.05407,6.95102,16.97793,-37.14743,FOR_RAM,,FordhamUniversity,,,20260910-FordhamUniversity-BP-1,50a8fac0-ad4b-11f1-884b-8d6b77d225c8,75.00074,,,4.55799,,,,,,,ba7bdbee-570e-4ce4-ad5b-c43f8345b719,2026-09-10,19:10:45.57,2026-09-10T15:10:45.5730000-04:00,2026-09-10T19:10:45.5730000Z,,v3,471298,,,,,Undefined,FOR_RAM,6c47052b-2872-4cda-b371-a475d8b8de9f,43.4112,-87.82022,8.48897,4.35495,1.28697,-18.57371,-0.11705,-1.00486,3.47551,,,,,,,,,,,,,,,,,,,,,,,,,,,,,,,,,,,,,,,,,,,,,,,,,,,High,High,High,,,,,
159,2026-09-10,15:11:23.51,,,,,Undefined,FOR_RAM,"Beaudreau, Bradley",1000297368,Left,FOR_RAM,Undefined,1,Bottom,0,0,0,Undefined,Curveball,Undefined,Undefined,Bunt,Undefined,0,0,,62.39874,4.884018,0.376821,1980.925326,38.423856,7:15,4.36546,0.12459,16.96458,-56.83389,-11.68166,-10.35898,3.22893,-0.46161,57.2634,-8.255862,-1.96953,0.483627,,,,,,,,,,,,8.37201,-10.26441,-0.07762,50,3.74834,-0.97949,-92.33013,10.36645,7.05735,16.75441,-40.82664,FOR_RAM,,FordhamUniversity,,,20260910-FordhamUniversity-BP-1,674a48b0-ad4b-11f1-884b-8d6b77d225c8,77.93692,,,5.13534,,,,,,,ba7bdbee-570e-4ce4-ad5b-c43f8345b719,2026-09-10,19:11:23.51,2026-09-10T15:11:23.5180000-04:00,2026-09-10T19:11:23.5180000Z,,v3,471298,,,,,Undefined,FOR_RAM,8c047dba-2bec-48e0-9af5-47ec4228531d,43.54048,-91.15044,8.3772,4.37705,7.49181,-20.41332,-0.12909,-0.48258,3.52867,,,,,,,,,,,,,,,,,,,,,,,,,,,,,,,,,,,,,,,,,,,,,,,,,,,High,High,High,,,,,
160,2026-09-10,15:11:29.05,,,,,Undefined,FOR_RAM,"Beaudreau, Bradley",1000297368,Left,FOR_RAM,Undefined,1,Bottom,0,0,0,Undefined,Other,Undefined,Undefined,FlyBall,Undefined,0,0,,61.03108,4.477044,0.590005,2029.403047,31.197068,7:00,4.34656,0.11884,16.99651,-64.0187,-16.78615,-11.06083,2.30768,-0.36943,56.10802,-10.298368,-1.921968,0.494643,89.3315,49.193674,24.077809,4486.90886,101.42929,119.13383,42.56875,251.98046,207.99584,22.482237,5.991209,9.16252,-14.63745,-0.04416,50,3.75896,-1.34987,-90.4684,9.86768,7.37155,16.79344,-43.95032,FOR_RAM,,FordhamUniversity,,,20260910-FordhamUniversity-BP-1,6aa0edc0-ad4b-11f1-884b-8d6b77d225c8,76.20126,135.12199,,4.92306,,,,3.03985,2.66466,0.15288,ba7bdbee-570e-4ce4-ad5b-c43f8345b719,2026-09-10,19:11:29.05,2026-09-10T15:11:29.0510000-04:00,2026-09-10T19:11:29.0510000Z,FlyBall,v3,471298,,,,,Undefined,FOR_RAM,926366d0-bb4c-42a8-8ba1-402299f1a7ae,43.51058,-89.25565,8.39672,4.35696,6.69379,-21.97516,-0.12241,-0.81753,3.68577,177.727397,3.04391,78.09962,-20.42455,5.20245,-0.81841,0.05817,0.00256,-0.00064,2E-05,2.66757,99.10402,-21.27091,0.93489,0.25906,-0.1712,0.04331,-0.00527,0.00025,0.15461,34.90067,-9.95404,2.61151,-0.42692,0.03368,0.00082,-0.00032,1E-05,,,,,,,,,,,,,,,,,,,,,,,High,Medium,Medium,Medium,Low,,,
161,2026-09-10,15:11:36.81,,,,,Undefined,FOR_RAM,"Beaudreau, Bradley",1000297368,Left,FOR_RAM,Undefined,1,Bottom,0,0,0,Undefined,Curveball,Undefined,Undefined,GroundBall,Undefined,0,0,,61.16136,4.03637,0.816198,1782.340427,29.766174,7:00,4.35389,0.12692,16.97722,-57.92007,-11.06772,-7.14052,2.49917,0.13182,56.35374,-9.34959,-0.803707,0.492649,95.69573,4.544048,17.216444,1249.909985,,,,91.16702,91.16702,15.986548,0.688195,6.05508,-9.77497,-0.02953,50,3.82212,-1.56331,-90.59449,8.95765,4.91606,16.0837,-40.11024,FOR_RAM,,FordhamUniversity,,,20260910-FordhamUniversity-BP-1,6f63a5f0-ad4b-11f1-884b-8d6b77d225c8,76.50979,4.20056,,4.80762,,,,2.35143,2.88164,-0.40806,ba7bdbee-570e-4ce4-ad5b-c43f8345b719,2026-09-10,19:11:36.81,2026-09-10T15:11:36.8140000-04:00,2026-09-10T19:11:36.8140000Z,GroundBall,v3,471298,,,,,Undefined,FOR_RAM,abb3001c-42e3-43f8-abef-0ce59ccb6d83,43.52792,-89.43809,8.04185,4.36249,6.07377,-20.05512,-0.12922,-1.20985,2.45803,18.386385,2.3718,133.24397,-13.61331,,,,,,,2.91836,10.39876,-21.3445,,,,,,,-0.39529,41.16059,-5.98512,,,,,,,,,,,,,,,,,,,,,,,,,,,,,High,Medium,Medium,High,High,,,
162,2026-09-10,15:11:44.62,,,,,Undefined,FOR_RAM,"Beaudreau, Bradley",1000297368,Left,FOR_RAM,Undefined,1,Bottom,0,0,0,Undefined,Curveball,Undefined,Undefined,Undefined,Undefined,0,0,,60.82641,4.962086,0.844539,1796.297767,24.516158,6:45,4.36903,0.12886,16.96583,-59.01889,-11.65469,-5.95193,3.10845,0.25382,56.04072,-8.669004,-0.503605,0.495332,,,,,,,,,,,,5.03154,-10.24197,-0.03062,50,3.73761,-1.53947,-89.95136,10.35185,4.04432,15.35469,-40.40646,FOR_RAM,,FordhamUniversity,,,20260910-FordhamUniversity-BP-1,73f67480-ad4b-11f1-884b-8d6b77d225c8,76.09527,,,4.78569,,,,,,,ba7bdbee-570e-4ce4-ad5b-c43f8345b719,2026-09-10,19:11:44.62,2026-09-10T15:11:44.6280000-04:00,2026-09-10T19:11:44.6280000Z,,v3,471298,,,,,Undefined,FOR_RAM,6b7f6e1b-e20d-43f8-8956-9037687a4699,43.5395,-88.84171,7.67734,4.3802,7.43176,-20.20323,-0.13131,-1.24719,2.02216,,,,,,,,,,,,,,,,,,,,,,,,,,,,,,,,,,,,,,,,,,,,,,,,,,,High,Medium,Medium,,,,,
163,2026-09-10,15:11:52.12,,,,,Undefined,FOR_RAM,"Beaudreau, Bradley",1000297368,Left,FOR_RAM,Undefined,1,Bottom,0,0,0,Undefined,,Undefined,Undefined,LineDrive,Undefined,0,0,,57.56109,3.085916,-0.014932,1883.801137,,,3.974,-0.56629,,,,,2.95873,-0.76948,57.05783,-7.850349,-0.938424,0.292193,96.31546,13.326144,33.161103,1829.466873,89.46977,16.52938,63.99332,216.71759,172.20775,39.388878,1.908427,5.77969,-28.45234,0.74235,50.00018,0.49558,-1.27043,-85.7387,20.0261,4.57812,4.69101,-54.71131,FOR_RAM,,FordhamUniversity,,,20260910-FordhamUniversity-BP-1,7833d010-ad4b-11f1-884b-8d6b77d225c8,128.9984,16.53251,,0.50327,,,,2.68476,2.77868,0.25691,ba7bdbee-570e-4ce4-ad5b-c43f8345b719,2026-09-10,19:11:52.12,2026-09-10T15:11:52.1220000-04:00,2026-09-10T19:11:52.1220000Z,LineDrive,v3,471298,,,,,Undefined,FOR_RAM,79383db2-2165-447c-b51f-fa43fe014817,25.8753,-84.40843,2.3455,3.97469,4.51124,-27.35566,0.56616,0.02782,2.28906,,2.68474,115.0733,-19.11472,3.0981,-0.70258,0.06896,0.07143,-0.04134,0.00691,2.77866,32.56169,-20.87116,2.20875,-0.49088,0.07969,0.04079,-0.02837,0.00501,0.25696,75.18587,-1.56386,-0.11162,0.12106,-0.0375,-0.06095,0.04263,-0.0079,,,,,,,,,,,,,,,,,,,,,,,Low,Low,Low,Medium,Medium,,,
164,2026-09-10,15:12:28.31,,,,,Undefined,FOR_RAM,"Wansaw, Michael",1000503198,Right,FOR_RAM,Undefined,1,Bottom,0,0,0,Undefined,Other,Undefined,Undefined,Undefined,Undefined,0,0,,63.86902,3.848558,0.559565,2179.643071,49.207233,7:45,4.37722,0.11641,17.02688,-50.69507,-7.9865,-10.70237,2.98239,-0.36465,58.87386,-7.898094,-1.869676,0.470358,76.71406,33.348039,56.072929,4845.856415,49.57056,50.98938,98.19745,256.72222,121.0814,71.092937,3.605764,8.81599,-7.145,-0.04542,50,3.87155,-1.34976,-94.57675,8.73841,7.8362,16.93222,-38.52498,FOR_RAM,,FordhamUniversity,,,20260910-FordhamUniversity-BP-1,8df4d020-ad4b-11f1-884b-8d6b77d225c8,80.13558,52.81965,,4.99515,,,,0.25366,2.57072,0.61454,ba7bdbee-570e-4ce4-ad5b-c43f8345b719,2026-09-10,19:12:28.31,2026-09-10T15:12:28.3110000-04:00,2026-09-10T19:12:28.3110000Z,FlyBall,v3,471298,,,,,Undefined,FOR_RAM,d7be90b6-be05-4c18-b035-39373a4c08a4,43.47742,-93.4017,8.46611,4.3852,6.06489,-19.26249,-0.12022,-0.80595,3.9181,,0.25379,52.45511,-16.37862,4.07576,-0.88905,0.17872,-0.02511,0.00142,3E-05,2.57063,61.85286,-21.43515,1.78252,-0.21686,0.00216,0.00335,-0.00033,0,0.61462,77.98517,-7.39191,2.14736,-0.49006,0.11797,-0.02257,0.00269,-0.00015,,,,,,,,,,,,,,,,,,,,,,,High,High,High,Medium,Low,,,
165,2026-09-10,15:12:37.61,,,,,Undefined,FOR_RAM,"Wansaw, Michael",1000503198,Right,FOR_RAM,Undefined,1,Bottom,0,0,0,Undefined,Curveball,Undefined,Undefined,GroundBall,Undefined,0,0,,61.80912,3.254015,0.475203,1951.057103,30.178418,7:00,4.34786,0.11952,17.06778,-59.68822,-12.87796,-8.52339,1.76305,-0.24223,55.7436,-10.629672,-1.465699,0.492427,87.17772,-1.494345,-39.880204,3991.883027,,,,35.65113,35.65113,-40.45321,0.265253,7.08587,-11.14174,-0.06067,50,3.90453,-1.06872,-91.90146,7.79301,5.72143,20.68333,-41.17036,FOR_RAM,,FordhamUniversity,,,20260910-FordhamUniversity-BP-1,939fec80-ad4b-11f1-884b-8d6b77d225c8,76.54423,2.23755,,6.06552,,,,2.5946,2.23755,-0.22868,ba7bdbee-570e-4ce4-ad5b-c43f8345b719,2026-09-10,19:12:37.61,2026-09-10T15:12:37.6160000-04:00,2026-09-10T19:12:37.6160000Z,GroundBall,v3,471298,,,,,Undefined,FOR_RAM,c6688f5b-72c4-49ce-a157-99b76be6c150,43.43534,-90.41194,10.34167,4.35898,4.82811,-20.58518,-0.1228,-0.65669,2.86071,,2.59319,98.15557,-21.31402,,,,,,,2.23815,-3.36399,-19.13672,,,,,,,-0.22552,-82.11072,-16.0452,,,,,,,,,,,,,,,,,,,,,,,,,,,,,High,High,High,Low,Medium,,,
166,2026-09-10,15:12:47.62,,,,,Undefined,FOR_RAM,"Wansaw, Michael",1000503198,Right,FOR_RAM,Undefined,1,Bottom,0,0,0,Undefined,Curveball,Undefined,Undefined,GroundBall,Undefined,0,0,,58.54994,-3.357211,-0.737129,1842.069352,53.463405,7:45,4.24494,0.08521,37.59952,-15.23292,-2.47957,-3.62614,1.71478,-0.49346,56.50279,-10.120146,-2.354501,0.25703,79.98055,-18.848876,-34.889374,,,,,8.41466,2.75907,-26.49361,0.058348,10.77335,-6.07087,-0.02001,50,4.05751,-1.55874,-90.73575,6.31183,8.7574,16.3653,-37.10891,FOR_RAM,,FordhamUniversity,,,20260910-FordhamUniversity-BP-1,994e1620-ad4b-11f1-884b-8d6b77d225c8,146.64611,2.21653,,2.04715,,,,2.20519,2.21653,-0.0399,ba7bdbee-570e-4ce4-ad5b-c43f8345b719,2026-09-10,19:12:47.62,2026-09-10T15:12:47.6270000-04:00,2026-09-10T19:12:47.6270000Z,GroundBall,v3,471298,,,,,Undefined,FOR_RAM,19ff7fc9-e39b-4ae4-8aac-ec6bc2c4f72a,22.90663,-85.70994,8.18265,4.24599,-5.08437,-18.55446,-0.08574,1.13067,4.3787,,2.20316,91.27638,,,,,,,,2.21737,-37.98796,,,,,,,,-0.03848,-63.65012,,,,,,,,,,,,,,,,,,,,,,,,,,,,,,High,High,High,Low,Low,,,
167,2026-09-10,15:13:13.11,,,,,Undefined,FOR_RAM,"Forney, Colden",1000306564,Right,FOR_RAM,Undefined,1,Bottom,0,0,0,Undefined,Other,Undefined,Undefined,LineDrive,Undefined,0,0,,63.04288,2.417233,0.167432,2162.77499,51.916315,7:45,4.35033,0.11081,16.99793,-51.03979,-7.30453,-10.91745,1.87388,-0.67597,58.48699,-9.376255,-2.313112,0.475978,91.61503,14.854741,10.109171,2639.004125,106.41888,20.46667,27.83881,231.94773,230.62726,19.13611,2.431089,8.88756,-6.15733,-0.08349,50,4.00737,-0.7111,-93.47489,6.32118,7.72505,16.40309,-37.52596,FOR_RAM,,FordhamUniversity,,,20260910-FordhamUniversity-BP-1,a897a920-ad4b-11f1-884b-8d6b77d225c8,79.18938,20.89681,,4.55589,,,,1.28118,1.81207,0.66498,ba7bdbee-570e-4ce4-ad5b-c43f8345b719,2026-09-10,19:13:13.11,2026-09-10T15:13:13.1160000-04:00,2026-09-10T19:13:13.1160000Z,LineDrive,v3,471298,,,,,Undefined,FOR_RAM,03b1b3c7-6011-4224-a1bd-2ae54a1c1ffe,43.50656,-92.32839,8.20155,4.35753,3.69827,-18.76298,-0.11432,-0.17115,3.86252,244.205724,1.28118,127.86141,-23.78566,5.01873,-0.99069,0.16458,-0.0256,0.00327,-0.00021,1.81207,34.44801,-16.46394,0.79434,0.05561,-0.04076,0.01279,-0.0018,0.0001,0.66498,22.79693,8.23781,-3.73469,1.1768,-0.29642,0.06074,-0.00846,0.00057,,,,,,,,,,,,,,,,,,,,,,,High,High,High,High,High,,,
168,2026-09-10,15:13:18.72,,,,,Undefined,FOR_RAM,"Forney, Colden",1000306564,Right,FOR_RAM,Undefined,1,Bottom,0,0,0,Undefined,Other,Undefined,Undefined,Undefined,Undefined,0,0,,61.17218,3.861589,0.953317,2016.305242,40.653856,7:15,4.34294,0.11549,16.96259,-59.97987,-12.58331,-12.17823,2.18857,-0.19837,55.83311,-10.01873,-1.81024,0.495501,,,,,,,,,,,,10.19882,-11.05532,-0.00031,50,3.83382,-1.95795,-90.75319,8.70956,8.18277,17.97365,-41.04402,FOR_RAM,,FordhamUniversity,,,20260910-FordhamUniversity-BP-1,abf9e6f0-ad4b-11f1-884b-8d6b77d225c8,76.06928,,,5.33907,,,,,,,ba7bdbee-570e-4ce4-ad5b-c43f8345b719,2026-09-10,19:13:18.72,2026-09-10T15:13:18.7270000-04:00,2026-09-10T19:13:18.7270000Z,,v3,471298,,,,,Undefined,FOR_RAM,2147c91a-ac84-478c-812d-512b955f0074,43.54241,-89.46512,8.98682,4.35258,5.76817,-20.52201,-0.11961,-1.37154,4.09138,,,,,,,,,,,,,,,,,,,,,,,,,,,,,,,,,,,,,,,,,,,,,,,,,,,High,Medium,Medium,,,,,
169,2026-09-10,15:13:25.74,,,,,Undefined,FOR_RAM,"Forney, Colden",1000306564,Right,FOR_RAM,Undefined,1,Bottom,0,0,0,Undefined,Curveball,Undefined,Undefined,Undefined,Undefined,0,0,,60.82757,1.34757,0.61682,1758.057223,32.972919,7:00,4.32723,0.12426,17.03703,-56.34649,-9.82552,-7.16579,0.62099,-0.02015,57.19352,-11.599736,-1.016972,0.490903,,,,,,,,,,,,6.0439,-7.95615,-0.04696,50,4.09257,-1.26685,-90.2152,4.72377,4.93302,14.30491,-38.66782,FOR_RAM,,FordhamUniversity,,,20260910-FordhamUniversity-BP-1,b01ed880-ad4b-11f1-884b-8d6b77d225c8,76.78183,,,3.63404,,,,,,,ba7bdbee-570e-4ce4-ad5b-c43f8345b719,2026-09-10,19:13:25.74,2026-09-10T15:13:25.7430000-04:00,2026-09-10T19:13:25.7430000Z,,v3,471298,,,,,Undefined,FOR_RAM,826dd8a4-e981-42f9-b01b-8ee8b937cb7f,43.46895,-89.1736,7.15246,4.33402,1.90819,-19.33391,-0.12613,-0.90766,2.46651,,,,,,,,,,,,,,,,,,,,,,,,,,,,,,,,,,,,,,,,,,,,,,,,,,,High,Medium,Medium,,,,,
170,2026-09-10,15:13:35.29,,,,,Undefined,FOR_RAM,"Forney, Colden",1000306564,Right,FOR_RAM,Undefined,1,Bottom,0,0,0,Undefined,Curveball,Undefined,Undefined,GroundBall,Undefined,0,0,,62.52076,2.824049,0.314125,2103.789712,23.103491,6:45,4.36074,0.12971,17.00513,-52.71121,-7.91906,-3.97063,2.04416,0.02955,57.55413,-9.383884,-0.588117,0.481695,95.62849,-0.558281,-30.27558,1908.661699,,,,86.4275,68.18424,-23.36175,0.668656,3.32319,-6.83296,-0.09122,50,3.97048,-0.66346,-92.72375,6.97878,2.81763,17.23863,-37.96749,FOR_RAM,,FordhamUniversity,,,20260910-FordhamUniversity-BP-1,b601f4d0-ad4b-11f1-884b-8d6b77d225c8,78.24956,3.44975,,4.96663,,,,2.61059,3.44975,1.76987,ba7bdbee-570e-4ce4-ad5b-c43f8345b719,2026-09-10,19:13:35.29,2026-09-10T15:13:35.2990000-04:00,2026-09-10T19:13:35.2990000Z,GroundBall,v3,471298,,,,,Undefined,FOR_RAM,1b1e0696-70f2-4a5d-899b-de0be43d13ce,43.49849,-91.50704,8.61931,4.36847,4.29903,-18.98375,-0.13103,-0.46459,1.40882,,2.61051,121.13731,-9.54872,,,,,,,3.43179,-0.99832,-6.14654,,,,,,,1.6931,-69.15176,23.13829,,,,,,,,,,,,,,,,,,,,,,,,,,,,,High,Medium,Medium,Low,Medium,,,
171,2026-09-10,15:14:00.27,,,,,Undefined,FOR_RAM,"Beaudreau, Bradley",1000297368,Left,FOR_RAM,Undefined,1,Bottom,0,0,0,Undefined,Other,Undefined,Undefined,Bunt,Undefined,0,0,,63.456,4.186202,0.34921,2121.204165,54.583057,7:45,4.36861,0.11967,17.03546,-49.81585,-7.22304,-11.60548,3.29543,-0.59114,59.34744,-7.316648,-2.283955,0.469721,,,,,,,,,,,,9.45623,-6.41788,-0.07106,50,3.82146,-1.04826,-93.77601,9.25033,8.4363,13.9326,-37.89972,FOR_RAM,,FordhamUniversity,,,20260910-FordhamUniversity-BP-1,c4b9f630-ad4b-11f1-884b-8d6b77d225c8,80.24438,,,4.10857,,,,,,,ba7bdbee-570e-4ce4-ad5b-c43f8345b719,2026-09-10,19:14:00.27,2026-09-10T15:14:00.2740000-04:00,2026-09-10T19:14:00.2740000Z,,v3,471298,,,,,Undefined,FOR_RAM,8ad4ac4d-8bfc-4e46-a4c0-c1f701b2ca67,43.4702,-92.80078,6.9663,4.3761,6.59751,-18.94986,-0.12377,-0.45776,4.21815,,,,,,,,,,,,,,,,,,,,,,,,,,,,,,,,,,,,,,,,,,,,,,,,,,,High,High,High,,,,,
172,2026-09-10,15:14:05.14,,,,,Undefined,FOR_RAM,"Beaudreau, Bradley",1000297368,Left,FOR_RAM,Undefined,1,Bottom,0,0,0,Undefined,Other,Undefined,Undefined,FlyBall,Undefined,0,0,,61.91351,4.638295,0.873495,2118.671456,39.798142,7:15,4.35779,0.11273,16.98684,-58.27987,-12.63654,-11.64568,2.91737,-0.21582,57.07488,-8.822711,-1.766802,0.486251,83.99113,45.400671,5.780865,4082.491515,109.90432,96.40623,4.58708,249.22805,224.6183,0.102035,5.493577,9.73831,-11.30418,-0.00475,50,3.75514,-1.85548,-91.63773,10.06451,8.11479,16.07309,-41.59364,FOR_RAM,,FordhamUniversity,,,20260910-FordhamUniversity-BP-1,c7d4f1d0-ad4b-11f1-884b-8d6b77d225c8,77.5165,108.10751,,4.83862,,,,2.33999,3.0953,0.0922,ba7bdbee-570e-4ce4-ad5b-c43f8345b719,2026-09-10,19:14:05.14,2026-09-10T15:14:05.1480000-04:00,2026-09-10T19:14:05.1480000Z,FlyBall,v3,471298,,,,,Undefined,FOR_RAM,6474945b-d512-4b3d-98bc-330ee84fb43f,43.51933,-90.49389,8.03655,4.36605,7.10451,-20.79682,-0.11624,-1.27799,4.0574,163.866344,2.34621,85.93236,-18.16884,3.71049,-0.34173,-0.08,0.03246,-0.0042,0.00019,3.0912,87.77619,-21.86016,2.07885,-0.34359,0.01622,0.01128,-0.0025,0.00015,0.09572,8.64245,-5.51295,1.45329,-0.12601,-0.05432,0.02077,-0.00273,0.00013,,,,,,,,,,,,,,,,,,,,,,,High,Medium,Medium,High,Medium,,,
173,2026-09-10,15:14:15.19,,,,,Undefined,FOR_RAM,"Beaudreau, Bradley",1000297368,Left,FOR_RAM,Undefined,1,Bottom,0,0,0,Undefined,Curveball,Undefined,Undefined,GroundBall,Undefined,0,0,,61.86188,4.295557,0.78839,1892.874917,29.012072,7:00,4.36095,0.1216,17.03855,-57.88857,-12.32808,-7.57851,2.69576,0.06872,57.09422,-9.089758,-0.932786,0.485809,92.6994,5.328392,6.234449,1089.528672,,,,87.78907,87.78907,6.932584,0.704442,6.40768,-10.88859,-0.0259,50,3.79348,-1.559,-91.60121,9.50897,5.33639,16.03175,-41.24221,FOR_RAM,,FordhamUniversity,,,20260910-FordhamUniversity-BP-1,cdb91f90-ad4b-11f1-884b-8d6b77d225c8,77.58692,4.49938,,4.76766,,,,1.76349,2.94619,0.11451,ba7bdbee-570e-4ce4-ad5b-c43f8345b719,2026-09-10,19:14:15.19,2026-09-10T15:14:15.1910000-04:00,2026-09-10T19:14:15.1910000Z,GroundBall,v3,471298,,,,,Undefined,FOR_RAM,159ae161-d0e6-4fba-8ab1-1901acb379c5,43.4672,-90.45064,8.01588,4.36971,6.54907,-20.62111,-0.12404,-1.17601,2.6682,341.718672,1.80516,133.7673,-17.99049,,,,,,,3.00297,11.52708,-22.5197,,,,,,,0.1084,14.82058,0.10697,,,,,,,,,,,,,,,,,,,,,,,,,,,,,High,Medium,Medium,Medium,Medium,,,
174,2026-09-10,15:14:22.41,,,,,Undefined,FOR_RAM,"Beaudreau, Bradley",1000297368,Left,FOR_RAM,Undefined,1,Bottom,0,0,0,Undefined,Curveball,Undefined,Undefined,FlyBall,Undefined,0,0,,62.87217,3.604172,0.624528,2000.539002,37.804647,7:15,4.34656,0.1254,16.97941,-56.48424,-12.31808,-10.5593,2.29213,-0.29552,58.13333,-9.43119,-1.772705,0.478318,73.34384,34.742117,-39.242539,5325.722103,88.58091,47.50487,-65.21817,193.41167,109.55111,-35.515126,3.300921,8.73922,-10.61316,-0.04715,50,3.86659,-1.43176,-93.17467,8.43598,7.52813,16.62414,-41.31644,FOR_RAM,,FordhamUniversity,,,20260910-FordhamUniversity-BP-1,d21574d0-ad4b-11f1-884b-8d6b77d225c8,78.80211,47.51062,,4.73884,,,,1.7926,2.58846,0.81861,ba7bdbee-570e-4ce4-ad5b-c43f8345b719,2026-09-10,19:14:22.41,2026-09-10T15:14:22.4130000-04:00,2026-09-10T19:14:22.4130000Z,FlyBall,v3,471298,,,,,Undefined,FOR_RAM,917b48b0-831f-47dd-adc5-57a353a83995,43.5265,-92.01242,8.31207,4.35541,5.54742,-20.65822,-0.12885,-0.90544,3.76407,,1.79271,68.45575,-11.98383,2.85047,-0.63681,0.16416,-0.0396,0.00607,-0.0004,2.58827,61.30725,-24.01542,2.65686,-0.43471,-0.0034,0.02585,-0.00627,0.00052,0.81837,-55.9123,12.86051,-3.3903,0.88889,-0.28994,0.0831,-0.01415,0.00101,,,,,,,,,,,,,,,,,,,,,,,High,Medium,Medium,Low,Low,,,
175,2026-09-10,15:15:02.42,,,,,Undefined,FOR_RAM,"Wansaw, Michael",1000503198,Right,FOR_RAM,Undefined,1,Bottom,0,0,0,Undefined,Curveball,Undefined,Undefined,GroundBall,Undefined,0,0,,62.30433,3.020684,0.231635,1886.043264,36.311199,7:15,4.36921,0.1155,17.08535,-54.24141,-9.55394,-7.97583,2.06566,-0.37934,57.69576,-9.536046,-1.584108,0.481132,97.64895,0.881845,-8.882233,868.375836,,,,39.37672,39.37672,-8.712383,0.283282,6.53626,-8.15339,-0.08296,50,3.9488,-0.69053,-92.37503,7.38398,5.53775,16.26084,-39.08187,FOR_RAM,,FordhamUniversity,,,20260910-FordhamUniversity-BP-1,e9c72150-ad4b-11f1-884b-8d6b77d225c8,78.34115,2.17973,,4.60858,,,,0.85282,2.14663,0.47424,ba7bdbee-570e-4ce4-ad5b-c43f8345b719,2026-09-10,19:15:02.42,2026-09-10T15:15:02.4200000-04:00,2026-09-10T19:15:02.4200000Z,GroundBall,v3,471298,,,,,Undefined,FOR_RAM,d125ce09-64ed-4e9b-8f4f-254649f9239f,43.41944,-91.2093,8.13042,4.37773,4.58221,-19.54094,-0.11823,-0.29353,2.76887,18.180294,0.85529,141.36868,-24.70567,,,,,,,2.15479,1.81994,-33.37319,,,,,,,0.47595,-22.19182,-1.93889,,,,,,,,,,,,,,,,,,,,,,,,,,,,,High,High,High,Low,Medium,,,
176,2026-09-10,15:15:15.83,,,,,Undefined,FOR_RAM,"Wansaw, Michael",1000503198,Right,FOR_RAM,Undefined,1,Bottom,0,0,0,Undefined,Curveball,Undefined,Undefined,LineDrive,Undefined,0,0,,61.34036,2.928766,1.165462,1871.700467,35.14422,7:15,4.33574,0.12082,16.99824,-57.03987,-10.84749,-8.55784,1.73631,0.26398,57.01804,-10.224661,-0.779472,0.489166,95.72083,11.983633,-33.789291,2274.635912,89.00982,7.08579,-64.63159,142.83779,140.83412,-37.00763,1.223329,7.30985,-9.18032,0.01795,50,3.92766,-2.18518,-90.91863,7.22273,6.01666,15.40242,-39.73026,FOR_RAM,,FordhamUniversity,,,20260910-FordhamUniversity-BP-1,f1c3f5e0-ad4b-11f1-884b-8d6b77d225c8,77.05443,9.76798,,4.32232,,,,1.94126,1.97798,-0.29766,ba7bdbee-570e-4ce4-ad5b-c43f8345b719,2026-09-10,19:15:15.83,2026-09-10T15:15:15.8370000-04:00,2026-09-10T19:15:15.8370000Z,LineDrive,v3,471298,,,,,Undefined,FOR_RAM,a09375bb-7b09-4aa2-b8a6-97bbe3095dbc,43.50747,-89.81201,7.70121,4.34405,4.3682,-19.86513,-0.12352,-1.75289,3.00833,,1.94126,114.13403,-22.70016,4.67264,-1.21864,0.30989,-0.07721,0.01557,-0.00172,1.97798,29.14956,-29.46804,4.59544,-1.15561,0.30455,-0.07469,0.01507,-0.00168,-0.29766,-76.37518,6.28073,-1.18549,0.30796,-0.07962,0.01967,-0.00392,0.00043,,,,,,,,,,,,,,,,,,,,,,,High,Medium,Medium,Low,Medium,,,
177,2026-09-10,15:17:37.17,,,,,Undefined,FOR_RAM,"Hanawalt, Chase",1000367090,Left,FOR_RAM,Undefined,1,Bottom,0,0,0,Undefined,Curveball,Undefined,Undefined,GroundBall,Undefined,0,0,,60.87994,4.241006,0.595884,1864.82807,42.274848,7:30,4.35956,0.11913,16.94912,-53.91467,-7.41532,-7.77355,2.99178,-0.09039,56.98676,-8.177751,-1.164593,0.490789,82.71324,-14.691852,47.520271,,,,,13.4833,13.21431,42.155118,0.099953,6.47205,-6.70989,-0.04509,50,3.80495,-1.24913,-89.94977,9.14526,5.30957,12.8849,-37.67872,FOR_RAM,,FordhamUniversity,,,20260910-FordhamUniversity-BP-1,46061700-ad4c-11f1-884b-8d6b77d225c8,76.7997,3.08451,,3.89318,,,,2.05084,3.08451,0.37285,ba7bdbee-570e-4ce4-ad5b-c43f8345b719,2026-09-10,19:17:37.17,2026-09-10T15:17:37.1770000-04:00,2026-09-10T19:17:37.1770000Z,GroundBall,v3,471298,,,,,Undefined,FOR_RAM,64a1b1e1-d89e-4d16-862c-8ace9ea303a3,43.55652,-89.02199,6.44245,4.36578,6.43218,-18.83936,-0.12127,-0.86681,2.65478,180,2.04701,79.48504,,,,,,,,3.08599,-30.85965,,,,,,,,0.36867,86.80433,,,,,,,,,,,,,,,,,,,,,,,,,,,,,,High,Medium,Medium,Low,Low,,,
178,2026-09-10,15:17:49.57,,,,,Undefined,FOR_RAM,"Hanawalt, Chase",1000367090,Left,FOR_RAM,Undefined,1,Bottom,0,0,0,Undefined,Curveball,Undefined,Undefined,LineDrive,Undefined,0,0,,62.24925,2.409411,0.456041,1913.216432,49.110338,7:45,4.34529,0.12211,17.04225,-53.09593,-8.713,-11.38922,1.68991,-0.49231,58.29614,-9.831382,-2.135553,0.47949,94.58539,16.29958,27.803031,1816.257968,93.18029,25.55428,58.45868,285.44279,182.54706,38.645005,2.876084,9.41788,-7.33867,-0.05952,50,3.99412,-1.21013,-92.24673,6.39127,8.05632,14.65074,-38.45174,FOR_RAM,,FordhamUniversity,,,20260910-FordhamUniversity-BP-1,4d64d6d0-ad4c-11f1-884b-8d6b77d225c8,78.60947,28.46674,,3.9531,,,,1.7639,1.92378,0.87811,ba7bdbee-570e-4ce4-ad5b-c43f8345b719,2026-09-10,19:17:49.57,2026-09-10T15:17:49.5730000-04:00,2026-09-10T19:17:49.5730000Z,LineDrive,v3,471298,,,,,Undefined,FOR_RAM,852469da-743f-4bde-943f-e13c7ee5ee11,43.46364,-91.20271,7.32537,4.35194,3.65118,-19.22587,-0.1253,-0.63604,4.02816,,1.76387,117.78112,-24.20685,5.69856,-1.19355,0.21682,-0.03401,0.00388,-0.00021,1.92382,38.93047,-14.4003,-0.14578,0.25468,-0.07614,0.01438,-0.00123,2E-05,0.87813,62.10236,1.66575,-1.49087,0.55295,-0.14381,0.02685,-0.00309,0.00016,,,,,,,,,,,,,,,,,,,,,,,High,High,High,Medium,Medium,,,
179,2026-09-10,15:18:22.39,,,,,Undefined,FOR_RAM,"Ford, Tim",1000142266,Right,FOR_RAM,Undefined,1,Bottom,0,0,0,Undefined,Curveball,Undefined,Undefined,Undefined,Undefined,0,0,,63.03294,3.955993,1.525381,1911.457679,45.383081,7:30,4.34558,0.10973,16.95311,-48.94239,-6.34701,-7.25008,3.18204,0.62762,59.93929,-7.271939,-0.116312,0.469735,,,,,,,,,,,,6.19878,-5.54772,0.06913,50,3.82684,-2.79025,-92.93885,8.8213,5.55883,10.62571,-37.14901,FOR_RAM,,FordhamUniversity,,,20260910-FordhamUniversity-BP-1,60f25510-ad4c-11f1-884b-8d6b77d225c8,80.24196,,,3.09365,,,,,,,ba7bdbee-570e-4ce4-ad5b-c43f8345b719,2026-09-10,19:18:22.39,2026-09-10T15:18:22.3900000-04:00,2026-09-10T19:18:22.3900000Z,,v3,471298,,,,,Undefined,FOR_RAM,0caefddd-1047-454c-bc9e-eebbb5789958,43.55337,-92.19886,5.31285,4.35109,6.23419,-18.57451,-0.11171,-2.40312,2.77942,,,,,,,,,,,,,,,,,,,,,,,,,,,,,,,,,,,,,,,,,,,,,,,,,,,High,High,High,,,,,
180,2026-09-10,15:18:36.81,,,,,Undefined,FOR_RAM,"Ford, Tim",1000142266,Right,FOR_RAM,Undefined,1,Bottom,0,0,0,Undefined,Curveball,Undefined,Undefined,Undefined,Undefined,0,0,,62.12834,2.2829,0.605099,2016.454721,47.92973,7:30,4.3358,0.12766,16.96592,-53.40251,-8.56764,-10.82005,1.56496,-0.32913,58.05318,-10.012965,-1.852805,0.481925,,,,,,,,,,,,8.95945,-7.14185,-0.05029,50,4.00516,-1.40988,-92.08172,6.13375,7.61164,15.01497,-38.24152,FOR_RAM,,FordhamUniversity,,,20260910-FordhamUniversity-BP-1,69888370-ad4c-11f1-884b-8d6b77d225c8,78.21226,,,4.07516,,,,,,,ba7bdbee-570e-4ce4-ad5b-c43f8345b719,2026-09-10,19:18:36.81,2026-09-10T15:18:36.8110000-04:00,2026-09-10T19:18:36.8110000Z,,v3,471298,,,,,Undefined,FOR_RAM,60de4f8a-11ca-4931-8454-e1bb76a7f8e1,43.53963,-91.02219,7.50749,4.34278,3.43524,-19.12076,-0.13082,-0.87277,3.80582,,,,,,,,,,,,,,,,,,,,,,,,,,,,,,,,,,,,,,,,,,,,,,,,,,,High,High,High,,,,,
181,2026-09-10,15:18:44.13,,,,,Undefined,FOR_RAM,"Ford, Tim",1000142266,Right,FOR_RAM,Undefined,1,Bottom,0,0,0,Undefined,Curveball,Undefined,Undefined,Undefined,Undefined,0,0,,62.5704,1.352487,0.265605,1918.734268,50.784797,7:45,4.34483,0.13156,17.07683,-51.71582,-7.30658,-10.59036,1.0271,-0.55621,57.99351,-10.606371,-2.148831,0.479632,,,,,,,,,,,,8.70997,-5.86693,-0.09241,50,4.11773,-0.86025,-92.8996,4.61214,7.42556,17.0897,-37.17582,FOR_RAM,,FordhamUniversity,,,20260910-FordhamUniversity-BP-1,6e181db0-ad4c-11f1-884b-8d6b77d225c8,78.58621,,,4.57689,,,,,,,ba7bdbee-570e-4ce4-ad5b-c43f8345b719,2026-09-10,19:18:44.13,2026-09-10T15:18:44.1360000-04:00,2026-09-10T19:18:44.1360000Z,,v3,471298,,,,,Undefined,FOR_RAM,2b31ed94-278c-4f2e-b4d3-084f13957564,43.42737,-91.68253,8.54485,4.35191,1.96461,-18.58791,-0.13485,-0.33143,3.71278,,,,,,,,,,,,,,,,,,,,,,,,,,,,,,,,,,,,,,,,,,,,,,,,,,,High,High,High,,,,,
182,2026-09-10,15:18:56.58,,,,,Undefined,FOR_RAM,"Caron, Michael",1000322224,Right,FOR_RAM,Undefined,1,Bottom,0,0,0,Undefined,Other,Undefined,Undefined,Undefined,Undefined,0,0,,63.24922,4.184772,0.366532,2144.044384,55.365619,7:45,4.34955,0.11954,16.863,-50.95967,-7.04028,-12.04595,3.19263,-0.61415,58.26398,-7.585005,-2.355356,0.476979,,,,,,,,,,,,9.73528,-6.38949,-0.07221,50,3.82197,-1.04837,-93.58212,9.12741,8.47802,16.49071,-37.73839,FOR_RAM,,FordhamUniversity,,,20260910-FordhamUniversity-BP-1,75637c90-ad4c-11f1-884b-8d6b77d225c8,79.0232,,,4.98524,,,,,,,ba7bdbee-570e-4ce4-ad5b-c43f8345b719,2026-09-10,19:18:56.58,2026-09-10T15:18:56.5800000-04:00,2026-09-10T19:18:56.5800000Z,,v3,471298,,,,,Undefined,FOR_RAM,30fc4bce-3a96-409b-949e-9392aacb34b6,43.64106,-92.45478,8.24535,4.35775,6.54754,-18.86919,-0.12406,-0.4688,4.23901,,,,,,,,,,,,,,,,,,,,,,,,,,,,,,,,,,,,,,,,,,,,,,,,,,,High,High,High,,,,,
183,2026-09-10,15:19:02.92,,,,,Undefined,FOR_RAM,"Caron, Michael",1000322224,Right,FOR_RAM,Undefined,1,Bottom,0,0,0,Undefined,Curveball,Undefined,Undefined,Undefined,Undefined,0,0,,60.18266,2.032666,0.613994,1812.77462,28.54819,7:00,4.33324,0.12641,17.10672,-62.7296,-14.658,-8.77186,0.5959,-0.15466,55.90007,-12.430524,-1.390837,0.499017,,,,,,,,,,,,7.41465,-12.24949,-0.04751,50,4.01157,-1.31013,-89.42686,5.99485,5.83177,16.3486,-41.80856,FOR_RAM,,FordhamUniversity,,,20260910-FordhamUniversity-BP-1,79559e50-ad4c-11f1-884b-8d6b77d225c8,75.53331,,,4.28259,,,,,,,ba7bdbee-570e-4ce4-ad5b-c43f8345b719,2026-09-10,19:19:02.92,2026-09-10T15:19:02.9210000-04:00,2026-09-10T19:19:02.9210000Z,,v3,471298,,,,,Undefined,FOR_RAM,719e2a3d-af11-4b22-a03e-07de7f3b253c,43.39978,-88.21199,8.1743,4.34162,2.88804,-20.90428,-0.12877,-0.87677,2.91588,,,,,,,,,,,,,,,,,,,,,,,,,,,,,,,,,,,,,,,,,,,,,,,,,,,High,Medium,Medium,,,,,
184,2026-09-10,15:19:09.61,,,,,Undefined,FOR_RAM,"Caron, Michael",1000322224,Right,FOR_RAM,Undefined,1,Bottom,0,0,0,Undefined,Curveball,Undefined,Undefined,Undefined,Undefined,0,0,,59.82229,2.217781,0.777454,1842.440443,40.318571,7:15,4.34626,0.10957,16.97596,-59.68629,-11.20028,-10.64323,1.00349,-0.20589,55.95817,-11.500701,-1.644415,0.501164,,,,,,,,,,,,8.90579,-9.29697,-0.0124,50,4.01425,-1.62114,-88.7311,6.07883,6.9917,14.50463,-39.47286,FOR_RAM,,FordhamUniversity,,,20260910-FordhamUniversity-BP-1,7d4a7f30-ad4c-11f1-884b-8d6b77d225c8,75.20985,,,3.86411,,,,,,,ba7bdbee-570e-4ce4-ad5b-c43f8345b719,2026-09-10,19:19:09.61,2026-09-10T15:19:09.6160000-04:00,2026-09-10T19:19:09.6160000Z,,v3,471298,,,,,Undefined,FOR_RAM,83c14302-7a09-481e-a46e-1188bbea9d70,43.53044,-87.66716,7.25232,4.35395,3.18343,-19.73643,-0.1125,-1.10829,3.49585,,,,,,,,,,,,,,,,,,,,,,,,,,,,,,,,,,,,,,,,,,,,,,,,,,,High,High,High,,,,,
185,2026-09-10,15:19:20.97,,,,,Undefined,FOR_RAM,"Checkmayan, Luke",1000610172,Left,FOR_RAM,Undefined,1,Bottom,0,0,0,Undefined,Curveball,Undefined,Undefined,Undefined,Undefined,0,0,,60.36565,4.402871,0.850225,1799.299243,41.404754,7:30,4.34685,0.10915,16.95991,-57.26208,-9.68445,-9.64296,2.8192,-0.06921,56.22355,-8.795414,-1.334573,0.496447,,,,,,,,,,,,7.99138,-8.44693,-0.00702,50,3.7758,-1.68561,-89.25153,9.39531,6.40131,13.6778,-38.94028,FOR_RAM,,FordhamUniversity,,,20260910-FordhamUniversity-BP-1,84018d50-ad4c-11f1-884b-8d6b77d225c8,75.9244,,,4.1421,,,,,,,ba7bdbee-570e-4ce4-ad5b-c43f8345b719,2026-09-10,19:19:20.97,2026-09-10T15:19:20.9720000-04:00,2026-09-10T19:19:20.9720000Z,,v3,471298,,,,,Undefined,FOR_RAM,9bbc45f5-0bc8-419a-aebe-3e94fb971f17,43.54612,-88.25693,6.8389,4.35604,6.56372,-19.47014,-0.11267,-1.22013,3.20065,,,,,,,,,,,,,,,,,,,,,,,,,,,,,,,,,,,,,,,,,,,,,,,,,,,High,Medium,Medium,,,,,
186,2026-09-10,15:19:25.43,,,,,Undefined,FOR_RAM,"Checkmayan, Luke",1000610172,Left,FOR_RAM,Undefined,1,Bottom,0,0,0,Undefined,Curveball,Undefined,Undefined,LineDrive,Undefined,0,0,,60.11897,4.275315,0.683533,1837.554909,40.542032,7:15,4.33568,0.12419,16.98671,-60.04027,-11.07453,-10.86355,2.48004,-0.2788,54.90484,-9.636002,-1.78124,0.503637,65.74198,21.774429,5.674207,1223.809418,109.77541,24.09233,7.02355,172.33397,172.08449,2.704154,2.679498,9.07268,-10.05347,-0.03903,50,3.77358,-1.4668,-89.12579,9.25545,7.03901,17.03455,-39.97398,FOR_RAM,,FordhamUniversity,,,20260910-FordhamUniversity-BP-1,8681a880-ad4c-11f1-884b-8d6b77d225c8,74.84051,24.75684,,5.21413,,,,2.44899,3.00911,0.04986,ba7bdbee-570e-4ce4-ad5b-c43f8345b719,2026-09-10,19:19:25.43,2026-09-10T15:19:25.4300000-04:00,2026-09-10T19:19:25.4300000Z,LineDrive,v3,471298,,,,,Undefined,FOR_RAM,c0b68f37-9432-4d5a-bdf5-af18918fe8b0,43.51807,-87.87817,8.51728,4.34424,6.32774,-19.98699,-0.12758,-0.95127,3.5195,156.194862,2.44892,89.10581,-14.06726,2.52548,-0.43892,0.04154,0.00543,-0.00315,0.00051,3.00917,35.7656,-15.52957,0.75212,-0.13149,0.08592,-0.03806,0.01052,-0.00122,0.04979,8.85605,-4.27092,1.33539,-0.21848,-0.04297,0.03493,-0.00872,0.00085,,,,,,,,,,,,,,,,,,,,,,,High,Medium,Medium,High,High,,,
187,2026-09-10,15:20:08.19,,,,,Undefined,FOR_RAM,"Hanawalt, Chase",1000367090,Left,FOR_RAM,Undefined,1,Bottom,0,0,0,Undefined,Curveball,Undefined,Undefined,GroundBall,Undefined,0,0,,63.18885,3.195308,0.155912,2164.747882,43.960401,7:30,4.34864,0.12164,16.94931,-50.43349,-7.55111,-8.23012,2.49841,-0.44953,59.5091,-8.40179,-1.710095,0.471315,90.03312,3.418891,-6.016517,1985.587079,,,,44.05846,28.93423,-4.140874,0.352794,6.71701,-6.50508,-0.0965,50,3.91714,-0.60276,-93.43531,7.6294,5.97737,13.20348,-37.96282,FOR_RAM,,FordhamUniversity,,,20260910-FordhamUniversity-BP-1,a005a400-ad4c-11f1-884b-8d6b77d225c8,79.97299,2.70828,,3.67975,,,,0.21248,2.35633,0.5165,ba7bdbee-570e-4ce4-ad5b-c43f8345b719,2026-09-10,19:20:08.19,2026-09-10T15:20:08.1960000-04:00,2026-09-10T19:20:08.1960000Z,GroundBall,v3,471298,,,,,Undefined,FOR_RAM,87eefd18-da74-4ec3-af27-c1c7a519a757,43.55659,-92.5203,6.60174,4.3547,4.99856,-18.98141,-0.12391,-0.18852,2.98868,343.396897,0.20979,131.19314,-20.4728,,,,,,,2.37525,7.15747,-39.51701,,,,,,,0.51201,-13.64628,9.04029,,,,,,,,,,,,,,,,,,,,,,,,,,,,,High,High,High,Medium,Low,,,
188,2026-09-10,15:20:13.40,,,,,Undefined,FOR_RAM,"Hanawalt, Chase",1000367090,Left,FOR_RAM,Undefined,1,Bottom,0,0,0,Undefined,,Undefined,Undefined,FlyBall,Undefined,0,0,,58.36566,-1.356717,-1.346475,3516.395481,,,4.80529,-0.24653,,,,,2.84742,0.21677,58.05772,-7.476449,3.449406,0.298267,105.59248,33.330169,11.571451,3296.081706,107.9646,77.78193,21.06144,344.03305,189.0419,10.686978,6.09574,-29.22246,2.21453,-1.15615,50.00012,4.25027,8.41175,-86.73691,6.15441,-23.80135,4.22159,-30.37033,FOR_RAM,,FordhamUniversity,,,20260910-FordhamUniversity-BP-1,a303efe0-ad4c-11f1-884b-8d6b77d225c8,126.3714,121.26072,,0.30794,,,,,,,ba7bdbee-570e-4ce4-ad5b-c43f8345b719,2026-09-10,19:20:13.40,2026-09-10T15:20:13.4010000-04:00,2026-09-10T19:20:13.4010000Z,FlyBall,v3,471298,,,,,Undefined,FOR_RAM,374829ff-090e-44e5-886b-751856bf8a0a,26.75778,-85.5982,2.11079,4.80551,-2.03751,-15.18516,0.24693,1.99171,-11.90068,178.568364,-2.03369,126.60568,-34.31045,8.84781,-1.67288,0.22272,-0.01979,0.00114,-4E-05,0.59911,85.16688,-14.20453,-1.51447,0.86868,-0.25022,0.04496,-0.00446,0.00018,-0.91513,25.91981,-7.65121,2.04841,-0.40302,0.05634,-0.00526,0.00031,-1E-05,,,,,,,,,,,,,,,,,,,,,,,Low,Low,Low,High,Low,,,
189,2026-09-10,15:20:19.72,,,,,Undefined,FOR_RAM,"Hanawalt, Chase",1000367090,Left,FOR_RAM,Undefined,1,Bottom,0,0,0,Undefined,Curveball,Undefined,Undefined,Undefined,Undefined,0,0,,61.5419,1.592064,0.24597,1902.572588,30.515731,7:00,4.34012,0.14006,17.11213,-48.29345,-3.585,-2.7078,1.4824,0.09462,58.28202,-9.541712,-0.371247,0.481245,,,,,,,,,,,,2.27264,-2.81677,-0.10899,50,4.08162,-0.50708,-91.07374,4.88212,1.9254,12.28515,-34.56045,FOR_RAM,,FordhamUniversity,,,20260910-FordhamUniversity-BP-1,a6faf3a0-ad4c-11f1-884b-8d6b77d225c8,78.32275,,,3.25988,,,,,,,ba7bdbee-570e-4ce4-ad5b-c43f8345b719,2026-09-10,19:20:19.72,2026-09-10T15:20:19.7220000-04:00,2026-09-10T19:20:19.7220000Z,,v3,471298,,,,,Undefined,FOR_RAM,bdbb89fc-3e4b-4739-b5d9-3601d6fc226d,43.39239,-90.17802,6.14258,4.34572,2.36228,-17.28022,-0.14085,-0.3667,0.9627,,,,,,,,,,,,,,,,,,,,,,,,,,,,,,,,,,,,,,,,,,,,,,,,,,,High,Medium,Medium,,,,,
190,2026-09-10,15:20:26.73,,,,,Undefined,FOR_RAM,"Hanawalt, Chase",1000367090,Left,FOR_RAM,Undefined,1,Bottom,0,0,0,Undefined,Curveball,Undefined,Undefined,Undefined,Undefined,0,0,,60.86305,3.685373,0.220059,1864.612967,15.414543,6:30,4.34906,0.14659,17.14703,-59.40775,-13.64973,-4.04437,2.09999,-0.02935,57.5617,-9.993914,-0.701946,0.486861,90.97129,11.221329,41.96021,3163.485441,73.91534,6.32658,81.46451,141.60191,127.53393,49.83203,1.229148,3.38697,-11.79292,-0.11645,50,3.8289,-0.52299,-90.02776,8.65981,2.79974,12.18854,-41.9224,FOR_RAM,,FordhamUniversity,,,20260910-FordhamUniversity-BP-1,ab1277b0-ad4c-11f1-884b-8d6b77d225c8,77.41931,9.07428,,3.30135,,,,2.11873,2.15471,0.77093,ba7bdbee-570e-4ce4-ad5b-c43f8345b719,2026-09-10,19:20:26.73,2026-09-10T15:20:26.7330000-04:00,2026-09-10T19:20:26.7330000Z,LineDrive,v3,471298,,,,,Undefined,FOR_RAM,fe7c21f5-111f-4a74-b799-9f75f0b22350,43.36086,-89.12437,6.09427,4.35559,5.55263,-20.9612,-0.14752,-0.31548,1.39987,,2.11873,97.32017,-23.7346,3.88976,-1.4506,1.24227,-0.95169,0.40214,-0.06986,2.1547,25.9657,-26.16521,3.88771,-1.54176,1.42553,-1.1089,0.47783,-0.08466,0.77094,87.5021,1.99281,-2.48388,1.65768,-1.99221,1.65574,-0.73412,0.13272,,,,,,,,,,,,,,,,,,,,,,,High,Medium,Medium,Medium,High,,,
191,2026-09-10,15:20:41.21,,,,,Undefined,FOR_RAM,"Ford, Tim",1000142266,Right,FOR_RAM,Undefined,1,Bottom,0,0,0,Undefined,,Undefined,Undefined,Undefined,Undefined,0,0,,60.60942,1.905905,-0.734178,2081.281312,,,3.82315,-0.75422,,,,,2.31558,-0.61511,60.12811,-8.597285,1.357515,0.292874,,,,,,,,,,,,-12.42103,-26.00053,0.11949,50,1.31847,3.88715,-90.53547,16.85537,-10.90561,6.01855,-55.00236,FOR_RAM,,FordhamUniversity,,,20260910-FordhamUniversity-BP-1,b3ac76a0-ad4c-11f1-884b-8d6b77d225c8,128.69846,,,0.48131,,,,,,,ba7bdbee-570e-4ce4-ad5b-c43f8345b719,2026-09-10,19:20:41.21,2026-09-10T15:20:41.2150000-04:00,2026-09-10T19:20:41.2150000Z,,v3,471298,,,,,Undefined,FOR_RAM,5c140488-3c7d-4134-83ed-9533c9a803ed,27.22768,-89.00875,3.00927,3.82451,2.90303,-27.50118,0.75467,1.12075,-5.45281,,,,,,,,,,,,,,,,,,,,,,,,,,,,,,,,,,,,,,,,,,,,,,,,,,,Low,Low,Low,,,,,
192,2026-09-10,15:20:46.28,,,,,Undefined,FOR_RAM,"Ford, Tim",1000142266,Right,FOR_RAM,Undefined,1,Bottom,0,0,0,Undefined,Curveball,Undefined,Undefined,LineDrive,Undefined,0,0,,59.02219,4.258545,0.716745,1682.170133,27.78963,7:00,4.34455,0.11506,17.13324,-58.17019,-10.12284,-5.78614,2.62147,0.15776,56.4884,-9.103454,-0.600068,0.498892,98.68432,23.02012,-31.683971,2107.384438,89.94331,31.53405,-63.32608,240.73399,217.32083,-41.78155,2.525829,4.92091,-8.86402,-0.02474,50,3.75426,-1.34528,-87.0545,9.28661,3.88083,9.04688,-39.16455,FOR_RAM,,FordhamUniversity,,,20260910-FordhamUniversity-BP-1,b6c9bc30-ad4c-11f1-884b-8d6b77d225c8,75.55236,32.41953,,2.53379,,,,1.4786,2.88036,-0.22693,ba7bdbee-570e-4ce4-ad5b-c43f8345b719,2026-09-10,19:20:46.28,2026-09-10T15:20:46.2860000-04:00,2026-09-10T19:20:46.2860000Z,LineDrive,v3,471298,,,,,Undefined,FOR_RAM,feb241d4-29b4-415e-a067-c7bd4c7760d3,43.3747,-86.36324,4.52344,4.3495,6.29411,-19.58228,-0.1162,-1.04875,1.94041,,1.47861,113.35623,-20.93877,2.41659,-0.46484,0.04939,0.00646,-0.00321,0.00038,2.88036,56.59998,-31.83933,5.40791,-1.23821,0.31103,-0.06192,0.00864,-0.00062,-0.22693,-69.96681,1.04604,1.05828,-0.32073,0.10015,-0.02556,0.00422,-0.00033,,,,,,,,,,,,,,,,,,,,,,,High,Medium,Medium,Low,Low,,,
193,2026-09-10,15:20:53.78,,,,,Undefined,FOR_RAM,"Ford, Tim",1000142266,Right,FOR_RAM,Undefined,1,Bottom,0,0,0,Undefined,Curveball,Undefined,Undefined,FlyBall,Undefined,0,0,,60.56086,2.742809,1.306446,1596.922342,56.958488,8:00,4.35843,0.11206,17.12333,-49.22648,-3.23488,-6.46256,2.26726,0.53058,57.44754,-8.613694,-0.164445,0.488102,90.81487,40.013613,-11.987116,3617.06784,109.12377,88.73557,-13.85572,274.95466,164.34261,-1.165155,5.568306,5.61166,-2.86571,0.04615,50,3.96113,-2.32268,-89.48652,6.69239,4.62113,11.03336,-34.53392,FOR_RAM,,FordhamUniversity,,,20260910-FordhamUniversity-BP-1,bb31aa30-ad4c-11f1-884b-8d6b77d225c8,77.22246,107.43419,,3.11332,,,,0.74297,2.29886,-0.68823,ba7bdbee-570e-4ce4-ad5b-c43f8345b719,2026-09-10,19:20:53.78,2026-09-10T15:20:53.7880000-04:00,2026-09-10T19:20:53.7880000Z,FlyBall,v3,471298,,,,,Undefined,FOR_RAM,4f6cfc12-4bf7-4859-ab33-e0e03769efc4,43.38186,-88.66677,5.51668,4.36304,4.12662,-17.26696,-0.11366,-1.97935,2.31056,202.362969,0.74837,99.67911,-24.52818,5.91789,-0.89121,0.02693,0.01736,-0.00289,0.00014,2.29259,85.74866,-19.47036,0.78019,0.05135,-0.04329,0.01442,-0.00226,0.00013,-0.69133,-21.12061,12.59984,-3.90741,0.76467,-0.07057,-0.0038,0.00137,-8E-05,,,,,,,,,,,,,,,,,,,,,,,High,High,High,Low,Low,,,
194,2026-09-10,15:21:02.94,,,,,Undefined,FOR_RAM,"Ford, Tim",1000142266,Right,FOR_RAM,Undefined,1,Bottom,0,0,0,Undefined,Curveball,Undefined,Undefined,LineDrive,Undefined,0,0,,61.1864,3.532466,1.084906,1753.816559,45.780256,7:30,4.35271,0.11217,17.04089,-51.59755,-6.58382,-7.64941,2.6491,0.27101,58.29149,-8.322637,-0.652234,0.482885,97.81514,23.799139,-29.758707,1424.380493,91.19083,29.96051,-61.51609,230.27236,230.27236,-37.242861,2.26152,6.50843,-5.79292,0.02059,50,3.86686,-2.04969,-90.30725,8.0964,5.50007,10.27615,-37.06944,FOR_RAM,,FordhamUniversity,,,20260910-FordhamUniversity-BP-1,c0cbfdb0-ad4c-11f1-884b-8d6b77d225c8,78.05675,30.17631,,2.89491,,,,1.28357,2.80897,-0.65852,ba7bdbee-570e-4ce4-ad5b-c43f8345b719,2026-09-10,19:21:02.94,2026-09-10T15:21:02.9440000-04:00,2026-09-10T19:21:02.9440000Z,LineDrive,v3,471298,,,,,Undefined,FOR_RAM,41202d03-7e97-472b-a8f5-2170106cb7b0,43.46571,-89.56062,5.13808,4.35728,5.40306,-18.53472,-0.11381,-1.65007,2.75003,,1.28357,113.95236,-22.25537,4.92023,-0.95981,0.14162,-0.01832,0.00125,6E-05,2.80897,57.89131,-35.93082,6.67884,-1.5747,0.34628,-0.06747,0.00993,-0.00071,-0.65852,-65.15242,-3.5634,4.66975,-1.82283,0.54702,-0.12659,0.02047,-0.00158,,,,,,,,,,,,,,,,,,,,,,,High,Medium,Medium,Low,Medium,,,
195,2026-09-10,15:21:40.19,,,,,Undefined,FOR_RAM,"Caron, Michael",1000322224,Right,FOR_RAM,Undefined,1,Bottom,0,0,0,Undefined,Other,Undefined,Undefined,FlyBall,Undefined,0,0,,63.06943,3.197514,0.429552,2227.401318,36.627079,7:15,4.33049,0.1242,16.95041,-53.9803,-10.6154,-8.7043,2.18631,-0.28523,59.05278,-9.218924,-1.545266,0.473959,82.68474,41.11828,-11.41089,,105.94611,83.58624,-29.58752,265.87654,169.88486,-20.486328,5.212956,7.18902,-9.08461,-0.06811,50,3.8963,-1.06232,-93.36368,7.74985,6.32218,14.5389,-40.16325,FOR_RAM,,FordhamUniversity,,,20260910-FordhamUniversity-BP-1,d6e4bab0-ad4c-11f1-884b-8d6b77d225c8,79.52685,95.23636,,4.01665,,,,2.19606,2.04645,0.32976,ba7bdbee-570e-4ce4-ad5b-c43f8345b719,2026-09-10,19:21:40.19,2026-09-10T15:21:40.1970000-04:00,2026-09-10T19:21:40.1970000Z,FlyBall,v3,471298,,,,,Undefined,FOR_RAM,332ed5ad-56fd-492c-a067-51f5489724e4,43.55591,-92.35473,7.26945,4.3374,4.96267,-20.08163,-0.12661,-0.62359,3.16109,159.726966,2.2005,89.46006,-21.03683,5.04122,-0.69244,-0.01637,0.02504,-0.00372,0.00018,2.04347,79.80139,-18.99121,0.87579,0.02087,-0.05652,0.02113,-0.00339,0.0002,0.33019,-18.08611,-1.66305,0.94336,-0.24246,0.03137,-0.00025,-0.00038,3E-05,,,,,,,,,,,,,,,,,,,,,,,High,High,High,Medium,Medium,,,
196,2026-09-10,15:21:46.17,,,,,Undefined,FOR_RAM,"Caron, Michael",1000322224,Right,FOR_RAM,Undefined,1,Bottom,0,0,0,Undefined,Curveball,Undefined,Undefined,LineDrive,Undefined,0,0,,61.6199,2.571994,0.758024,1964.953406,68.295487,8:15,4.36131,0.12197,17.00238,-49.24829,-3.73646,-12.46949,2.14801,-0.36031,57.42337,-8.815449,-2.073721,0.485549,94.59441,7.51755,3.961197,1686.1575,,,,136.51635,45.27922,0.874146,1.125628,10.348,-3.28626,-0.02548,50,3.99868,-1.70947,-91.26819,6.3958,8.64571,14.62093,-34.91969,FOR_RAM,,FordhamUniversity,,,20260910-FordhamUniversity-BP-1,da6ca8f0-ad4c-11f1-884b-8d6b77d225c8,77.62842,6.44397,,4.19653,,,,1.33812,2.06,0.12149,ba7bdbee-570e-4ce4-ad5b-c43f8345b719,2026-09-10,19:21:46.17,2026-09-10T15:21:46.1730000-04:00,2026-09-10T19:21:46.1730000Z,GroundBall,v3,471298,,,,,Undefined,FOR_RAM,8345baf4-2006-4276-aacb-5dd1bb184de4,43.50194,-90.22121,7.31046,4.36714,3.89527,-17.45985,-0.12573,-1.09037,4.32285,80.391831,1.46667,135.6448,-14.02187,,,,,,,2.15701,16.96763,-16.84551,,,,,,,0.2204,8.27997,-5.95421,,,,,,,,,,,,,,,,,,,,,,,,,,,,,High,Medium,Medium,Medium,Low,,,
197,2026-09-10,15:21:52.77,,,,,Undefined,FOR_RAM,"Caron, Michael",1000322224,Right,FOR_RAM,Undefined,1,Bottom,0,0,0,Undefined,Curveball,Undefined,Undefined,FlyBall,Undefined,0,0,,61.45202,3.209572,0.681538,1940.445744,35.241334,7:15,4.32539,0.12665,17.01989,-56.91334,-11.78989,-9.04142,1.9419,-0.12635,58.13881,-9.860352,-1.374022,0.483473,94.41117,35.628869,6.940753,3143.487828,109.14872,76.64449,13.65768,325.97483,323.68826,8.198425,5.861366,7.58461,-10.10316,-0.03925,50,3.8749,-1.47239,-90.90665,7.80504,6.395,12.3815,-40.69257,FOR_RAM,,FordhamUniversity,,,20260910-FordhamUniversity-BP-1,de538010-ad4c-11f1-884b-8d6b77d225c8,77.96177,109.8404,,3.31321,,,,2.15939,2.52557,0.10561,ba7bdbee-570e-4ce4-ad5b-c43f8345b719,2026-09-10,19:21:52.77,2026-09-10T15:21:52.7750000-04:00,2026-09-10T19:21:52.7750000Z,FlyBall,v3,471298,,,,,Undefined,FOR_RAM,fe55c18d-6d14-4fb3-9d14-ed447aec039e,43.48762,-90.01529,6.19075,4.33135,4.87554,-20.34628,-0.12867,-1.012,3.1975,,2.16235,111.67757,-24.76158,5.65146,-1.0181,0.14272,-0.01573,0.00128,-5E-05,2.52791,80.60648,-16.81735,0.71978,0.02111,-0.05031,0.0151,-0.00192,9E-05,0.10586,13.59686,-2.56827,0.59988,-0.10761,0.01467,-0.00149,0.00011,-0,,,,,,,,,,,,,,,,,,,,,,,High,Medium,Medium,Medium,Medium,,,
198,2026-09-10,15:22:15.78,,,,,Undefined,FOR_RAM,"Checkmayan, Luke",1000610172,Left,FOR_RAM,Undefined,1,Bottom,0,0,0,Undefined,Curveball,Undefined,Undefined,LineDrive,Undefined,0,0,,62.86821,2.925058,1.069912,2000.08542,56.019869,7:45,4.33832,0.12282,17.03989,-53.0916,-9.25827,-15.55379,2.06298,-0.38802,58.39811,-9.342859,-2.466583,0.476512,62.07517,18.557035,-25.898013,2641.620083,95.22442,14.16541,-55.06615,147.40808,106.40989,-32.39096,2.243029,12.9815,-7.95536,0.01218,50,3.93107,-2.3772,-93.18918,7.2539,11.2397,16.01618,-39.062,FOR_RAM,,FordhamUniversity,,,20260910-FordhamUniversity-BP-1,ec103180-ad4c-11f1-884b-8d6b77d225c8,79.10076,17.01147,,4.4701,,,,1.72949,2.21048,0.32583,ba7bdbee-570e-4ce4-ad5b-c43f8345b719,2026-09-10,19:22:15.78,2026-09-10T15:22:15.7880000-04:00,2026-09-10T19:22:15.7880000Z,LineDrive,v3,471298,,,,,Undefined,FOR_RAM,2b255ea6-a964-4ba6-b915-d00a3dbe4690,43.46605,-92.05935,8.00809,4.34559,4.49837,-19.531,-0.12755,-1.58433,5.61985,138.414434,1.72942,77.6463,-12.83086,1.88956,-0.64631,0.34407,-0.16312,0.04295,-0.00446,2.21053,28.97186,-14.95523,0.76306,0.07199,-0.14159,0.08333,-0.02228,0.00219,0.32585,-37.69879,0.70193,0.25419,-0.02341,-0.05094,0.03559,-0.00994,0.00103,,,,,,,,,,,,,,,,,,,,,,,High,Medium,Medium,High,Medium,,,
199,2026-09-10,15:22:21.39,,,,,Undefined,FOR_RAM,"Checkmayan, Luke",1000610172,Left,FOR_RAM,Undefined,1,Bottom,0,0,0,Undefined,Curveball,Undefined,Undefined,Undefined,Undefined,0,0,,60.04518,3.696631,0.827398,1758.144756,64.89092,8:15,4.33101,0.11933,17.06742,-51.2155,-4.39465,-11.36906,2.77831,-0.22121,57.03905,-8.096884,-1.755258,0.492483,52.70616,64.848454,-60.064623,,,,,78.77688,33.58998,-76.147223,4.113937,9.51938,-4.0439,-0.01135,50,3.82412,-1.77359,-88.63789,8.19483,7.72263,10.32765,-35.45468,FOR_RAM,,FordhamUniversity,,,20260910-FordhamUniversity-BP-1,ef6db460-ad4c-11f1-884b-8d6b77d225c8,76.53555,67.77589,,3.00614,,,,1.81438,2.83451,0.20911,ba7bdbee-570e-4ce4-ad5b-c43f8345b719,2026-09-10,19:22:21.39,2026-09-10T15:22:21.3950000-04:00,2026-09-10T19:22:21.3950000Z,Popup,v3,471298,,,,,Undefined,FOR_RAM,0a01b124-2bb5-4051-b4ee-ccf3aa7877c1,43.43878,-87.87008,5.16383,4.33538,5.55896,-17.72734,-0.12187,-1.19945,3.86132,,1.81449,16.39391,-5.73468,1.22419,-0.24282,0.05916,-0.01616,0.00276,-0.00019,2.83343,69.99863,-21.69647,2.21877,-0.58949,0.14648,-0.02335,0.00162,-1E-05,0.20852,-28.45291,5.61319,-1.14052,-0.12114,0.21826,-0.08451,0.0145,-0.00094,,,,,,,,,,,,,,,,,,,,,,,High,Medium,Medium,Medium,Low,,,
200,2026-09-10,15:22:28.53,,,,,Undefined,FOR_RAM,"Checkmayan, Luke",1000610172,Left,FOR_RAM,Undefined,1,Bottom,0,0,0,Undefined,Curveball,Undefined,Undefined,GroundBall,Undefined,0,0,,60.31056,2.859315,0.733846,1868.613489,15.431551,6:30,4.32873,0.13479,17.02347,-53.54227,-6.84847,-2.16894,1.96808,0.49286,57.19075,-9.447864,0.240963,0.491814,46.56048,-53.272005,8.684693,,,,,3.47122,2.05739,-0.553561,0.037328,1.95319,-5.87492,-0.04897,50,3.92107,-1.23411,-89.16285,6.98107,1.59134,11.37148,-36.96052,FOR_RAM,,FordhamUniversity,,,20260910-FordhamUniversity-BP-1,f3a78d80-ad4c-11f1-884b-8d6b77d225c8,76.63958,2.05714,,3.11982,,,,1.95375,2.05714,-0.2653,ba7bdbee-570e-4ce4-ad5b-c43f8345b719,2026-09-10,19:22:28.53,2026-09-10T15:22:28.5310000-04:00,2026-09-10T19:22:28.5310000Z,GroundBall,v3,471298,,,,,Undefined,FOR_RAM,8e156788-b424-44f0-8b68-f3d89b5430d7,43.4825,-88.32772,5.68574,4.33409,4.26667,-18.48026,-0.13531,-1.11724,0.79567,,1.95208,40.64854,,,,,,,,2.05941,-55.11051,,,,,,,,-0.26556,6.20899,,,,,,,,,,,,,,,,,,,,,,,,,,,,,,High,Medium,Medium,Low,Low,,,
201,2026-09-10,15:22:51.83,,,,,Undefined,FOR_RAM,"Hanawalt, Chase",1000367090,Left,FOR_RAM,Undefined,1,Bottom,0,0,0,Undefined,Curveball,Undefined,Undefined,LineDrive,Undefined,0,0,,60.80855,3.518597,0.665401,1839.590363,33.842089,7:15,4.34368,0.12094,17.02362,-55.36334,-9.03394,-6.80363,2.31682,0.04253,57.15155,-9.232826,-0.880117,0.489891,104.38408,14.418362,-0.582901,1529.79986,109.84787,23.95577,-5.77519,295.14488,293.59734,-7.747488,2.899489,5.71469,-7.81032,-0.03894,50,3.86308,-1.32312,-89.9419,8.09815,4.68981,12.82139,-38.58366,FOR_RAM,,FordhamUniversity,,,20260910-FordhamUniversity-BP-1,019e13a0-ad4d-11f1-884b-8d6b77d225c8,76.9404,27.64732,,3.65701,,,,0.96465,2.24272,-0.03552,ba7bdbee-570e-4ce4-ad5b-c43f8345b719,2026-09-10,19:22:51.83,2026-09-10T15:22:51.8360000-04:00,2026-09-10T19:22:51.8360000Z,LineDrive,v3,471298,,,,,Undefined,FOR_RAM,916b626e-f5fd-4cb2-b7ff-af381f944c2a,43.48259,-89.00798,6.4107,4.3506,5.28769,-19.29183,-0.12287,-0.98151,2.34491,133.034621,0.96466,148.26611,-26.61433,5.80663,-1.30694,0.27981,-0.05102,0.00642,-0.00038,2.24272,38.12122,-15.31558,0.87962,-0.11747,0.01908,-0.00339,0.00081,-9E-05,-0.03551,-1.50901,-7.8848,2.31437,-0.62341,0.14444,-0.02585,0.00292,-0.00014,,,,,,,,,,,,,,,,,,,,,,,High,Medium,Medium,Medium,High,,,
202,2026-09-10,15:22:57.97,,,,,Undefined,FOR_RAM,"Hanawalt, Chase",1000367090,Left,FOR_RAM,Undefined,1,Bottom,0,0,0,Undefined,Curveball,Undefined,Undefined,LineDrive,Undefined,0,0,,60.04644,3.148815,0.747709,1775.810372,35.996253,7:15,4.32158,0.12538,16.95686,-63.83161,-16.9678,-12.95198,1.32031,-0.40408,57.69333,-11.404647,-2.197225,0.492709,103.64812,8.050261,22.577776,1126.827751,98.79248,7.20367,48.37364,166.78985,156.50349,28.093525,1.290844,10.76379,-14.21513,-0.02625,50,3.87184,-1.71576,-88.79972,7.85314,8.77335,10.23645,-43.76054,FOR_RAM,,FordhamUniversity,,,20260910-FordhamUniversity-BP-1,0537dc30-ad4d-11f1-884b-8d6b77d225c8,76.50046,7.97505,,2.3531,,,,1.40709,1.89931,0.2933,ba7bdbee-570e-4ce4-ad5b-c43f8345b719,2026-09-10,19:22:57.97,2026-09-10T15:22:57.9790000-04:00,2026-09-10T19:22:57.9790000Z,LineDrive,v3,471298,,,,,Undefined,FOR_RAM,41ea1ec9-8504-4479-8d27-fa7d5aa63fdf,43.55415,-88.05353,5.11823,4.32803,4.66322,-21.88027,-0.12801,-1.07623,4.38668,,1.40708,138.985,-25.40659,5.41374,-2.07834,1.77548,-1.32571,0.54844,-0.09354,1.89931,21.2877,-19.68027,1.89951,0.06591,-0.74799,0.70321,-0.3088,0.05414,0.29332,57.78619,3.89238,-2.26401,2.33139,-3.15409,2.59882,-1.11212,0.19334,,,,,,,,,,,,,,,,,,,,,,,High,Medium,Medium,Medium,High,,,
203,2026-09-10,15:23:04.55,,,,,Undefined,FOR_RAM,"Hanawalt, Chase",1000367090,Left,FOR_RAM,Undefined,1,Bottom,0,0,0,Undefined,Curveball,Undefined,Undefined,LineDrive,Undefined,0,0,,60.52908,2.953662,0.291741,1847.705062,49.696138,7:45,4.35096,0.12379,17.03574,-56.3942,-9.35296,-12.47745,1.82132,-0.70186,56.64577,-10.046628,-2.545929,0.493641,99.9171,18.294616,26.029687,1186.351455,95.73213,30.14903,54.1782,344.4628,318.84646,36.687461,3.401079,10.23461,-7.97248,-0.07952,50,3.93441,-0.95689,-89.68256,7.20249,8.26225,14.03293,-38.61012,FOR_RAM,,FordhamUniversity,,,20260910-FordhamUniversity-BP-1,0922aaf0-ad4d-11f1-884b-8d6b77d225c8,76.35605,37.50768,,3.88331,,,,1.38251,1.87776,1.08612,ba7bdbee-570e-4ce4-ad5b-c43f8345b719,2026-09-10,19:23:04.55,2026-09-10T15:23:04.5500000-04:00,2026-09-10T19:23:04.5500000Z,LineDrive,v3,471298,,,,,Undefined,FOR_RAM,3c261dae-d03e-41b6-a659-4b8e66c55bb6,43.47054,-88.65499,7.01646,4.35831,4.37522,-19.30506,-0.12744,-0.35188,4.13113,,1.3826,125.02142,-21.45095,4.30169,-0.84399,0.12408,-0.0092,-0.00071,0.00017,1.87768,46.00387,-16.1167,0.98313,-0.17733,0.06225,-0.01969,0.00417,-0.00037,1.08611,61.05893,1.12647,-1.01028,0.35248,-0.09559,0.02086,-0.003,0.0002,,,,,,,,,,,,,,,,,,,,,,,High,High,High,Medium,Medium,,,
204,2026-09-10,15:23:29.67,,,,,Undefined,FOR_RAM,"Ford, Tim",1000142266,Right,FOR_RAM,Undefined,1,Bottom,0,0,0,Undefined,Curveball,Undefined,Undefined,Undefined,Undefined,0,0,,61.08822,4.167022,0.639407,1817.942399,32.152431,7:00,4.34788,0.1184,16.98807,-56.39601,-10.99843,-7.47197,2.71579,-0.0344,58.1036,-8.762948,-1.055388,0.48494,90.79413,29.872904,-20.601097,2022.004555,102.63165,61.76669,-39.58157,325.18307,140.97028,-22.282239,5.145071,6.24347,-9.51634,-0.03792,50,3.79069,-1.32828,-90.16235,9.25032,5.24402,10.60852,-40.16702,FOR_RAM,,FordhamUniversity,,,20260910-FordhamUniversity-BP-1,181655c0-ad4d-11f1-884b-8d6b77d225c8,77.72604,83.33622,,2.98462,,,,0.84045,2.6395,-0.00568,ba7bdbee-570e-4ce4-ad5b-c43f8345b719,2026-09-10,19:23:29.67,2026-09-10T15:23:29.6700000-04:00,2026-09-10T19:23:29.6700000Z,FlyBall,v3,471298,,,,,Undefined,FOR_RAM,d7677d0b-5d65-49da-beb4-797d34e1adbe,43.51986,-89.39664,5.30426,4.35373,6.35113,-20.08351,-0.12013,-0.94977,2.62201,,0.84159,108.07141,-23.852,5.79768,-1.10496,0.16885,-0.02151,0.00211,-0.0001,2.64101,66.27945,-13.04811,-1.00827,0.64759,-0.22555,0.0502,-0.00604,0.0003,-0.0061,-40.62309,7.60223,-1.72295,0.30877,-0.04596,0.00626,-0.00069,4E-05,,,,,,,,,,,,,,,,,,,,,,,High,Medium,Medium,Medium,Low,,,
205,2026-09-10,15:23:37.31,,,,,Undefined,FOR_RAM,"Ford, Tim",1000142266,Right,FOR_RAM,Undefined,1,Bottom,0,0,0,Undefined,Curveball,Undefined,Undefined,Undefined,Undefined,0,0,,59.94443,4.794119,0.870182,1804.195785,36.197263,7:15,4.35777,0.11768,17.06252,-58.19822,-10.91505,-8.72347,3.0331,0.02906,56.67327,-8.591636,-1.110594,0.494908,,,,,,,,,,,,7.28922,-9.48312,-0.0101,50,3.72316,-1.6991,-88.46255,10.11233,5.85554,10.99463,-39.79198,FOR_RAM,,FordhamUniversity,,,20260910-FordhamUniversity-BP-1,1cb83f80-ad4d-11f1-884b-8d6b77d225c8,76.16045,,,3.27117,,,,,,,ba7bdbee-570e-4ce4-ad5b-c43f8345b719,2026-09-10,19:23:37.31,2026-09-10T15:23:37.3100000-04:00,2026-09-10T19:23:37.3100000Z,,v3,471298,,,,,Undefined,FOR_RAM,425a5f81-8e72-406d-a298-5d3e45cb11d8,43.44557,-87.64414,5.49731,4.36565,7.15033,-19.89599,-0.12035,-1.26323,2.92777,,,,,,,,,,,,,,,,,,,,,,,,,,,,,,,,,,,,,,,,,,,,,,,,,,,High,Medium,Medium,,,,,
206,2026-09-10,15:24:18.39,,,,,Undefined,FOR_RAM,"Caron, Michael",1000322224,Right,FOR_RAM,Undefined,1,Bottom,0,0,0,Undefined,Curveball,Undefined,Undefined,Popup,Undefined,0,0,,60.29024,3.268428,0.752052,1952.92101,41.431882,7:30,4.33685,0.1149,17.05158,-56.04227,-9.37835,-9.15611,2.06753,-0.0963,57.19782,-9.611519,-1.330034,0.491657,,,,,,,,,,,,7.70748,-8.12851,-0.0184,50,3.87558,-1.56615,-89.13194,7.75488,6.27634,11.34138,-38.79323,FOR_RAM,,FordhamUniversity,,,20260910-FordhamUniversity-BP-1,35226690-ad4d-11f1-884b-8d6b77d225c8,76.66413,,,3.09242,,,,,,,ba7bdbee-570e-4ce4-ad5b-c43f8345b719,2026-09-10,19:24:18.39,2026-09-10T15:24:18.3900000-04:00,2026-09-10T19:24:18.3900000Z,,v3,471298,,,,,Undefined,FOR_RAM,c3673d1a-ca00-435c-84ad-3ef50b657cb8,43.45551,-88.29528,5.67069,4.34211,4.89307,-19.39661,-0.11685,-1.10314,3.13817,,,,,,,,,,,,,,,,,,,,,,,,,,,,,,,,,,,,,,,,,,,,,,,,,,,High,Medium,Medium,,,,,
207,2026-09-10,15:24:26.32,,,,,Undefined,FOR_RAM,"Caron, Michael",1000322224,Right,FOR_RAM,Undefined,1,Bottom,0,0,0,Undefined,Curveball,Undefined,Undefined,LineDrive,Undefined,0,0,,61.78733,2.831465,0.844763,1993.910485,54.865063,7:45,4.3574,0.10526,17.07526,-54.11763,-8.81445,-14.32576,1.9258,-0.46906,57.44758,-9.68165,-2.415962,0.484435,90.44758,25.006277,-1.456676,2613.283085,109.85075,45.70286,-5.7269,290.33291,289.70962,-7.994522,4.242509,11.93599,-7.56721,0.00393,50,3.95604,-1.93316,-91.60326,7.05172,9.98265,15.51385,-38.50287,FOR_RAM,,FordhamUniversity,,,20260910-FordhamUniversity-BP-1,39db5ac0-ad4d-11f1-884b-8d6b77d225c8,77.80697,56.96474,,4.33975,,,,2.19324,2.0567,0.4367,ba7bdbee-570e-4ce4-ad5b-c43f8345b719,2026-09-10,19:24:26.32,2026-09-10T15:24:26.3200000-04:00,2026-09-10T19:24:26.3200000Z,LineDrive,v3,471298,,,,,Undefined,FOR_RAM,184061bb-1983-4516-a6d1-7323519ced64,43.43047,-90.48382,7.75693,4.36464,4.27342,-19.25143,-0.10957,-1.21283,4.99133,163.723435,2.19333,120.17897,-25.15047,5.81731,-1.25284,0.23832,-0.03429,0.00294,-0.0001,2.05636,56.0867,-15.64527,0.90778,-0.22093,0.08677,-0.02651,0.00448,-0.0003,0.43674,-3.05722,-2.90777,0.64193,-0.13918,0.02415,-0.00282,0.00015,0,,,,,,,,,,,,,,,,,,,,,,,High,Medium,Medium,High,High,,,
208,2026-09-10,15:24:33.03,,,,,Undefined,FOR_RAM,"Caron, Michael",1000322224,Right,FOR_RAM,Undefined,1,Bottom,0,0,0,Undefined,Curveball,Undefined,Undefined,FlyBall,Undefined,0,0,,61.46649,3.4997,1.278801,1869.422344,43.00404,7:30,4.34695,0.12424,17.03257,-52.40645,-7.50831,-7.88406,2.55248,0.40607,58.22664,-8.553713,-0.511392,0.482265,96.6189,40.187769,-10.280159,4727.261524,,,,,242.27404,,,6.76469,-6.60481,0.03031,50,3.8662,-2.37169,-90.78873,8.09005,5.7307,11.42656,-37.76928,FOR_RAM,,FordhamUniversity,,,20260910-FordhamUniversity-BP-1,3deb8bd0-ad4d-11f1-884b-8d6b77d225c8,78.15713,93.37083,,3.23984,,,,1.73802,2.68862,-0.2571,ba7bdbee-570e-4ce4-ad5b-c43f8345b719,2026-09-10,19:24:33.03,2026-09-10T15:24:33.0320000-04:00,2026-09-10T19:24:33.0320000Z,,v3,471298,,,,,Undefined,FOR_RAM,fb7d5e56-d014-44bf-88ce-33230b01a9ad,43.47389,-89.96361,5.71328,4.35191,5.36271,-18.88464,-0.12601,-1.95787,2.86535,,1.73802,106.51544,-28.5862,7.3008,-0.38077,-1.44702,1.25321,-0.50629,0.08332,2.68862,91.44493,-18.77654,0.87793,-1.27462,1.92067,-1.46379,0.58036,-0.09517,-0.2571,-19.31994,-0.55422,0.55051,0.19752,-0.53887,0.43261,-0.17332,0.02852,,,,,,,,,,,,,,,,,,,,,,,High,High,High,Medium,Undefined,,,
209,2026-09-10,15:24:53.69,,,,,Undefined,FOR_RAM,"Checkmayan, Luke",1000610172,Left,FOR_RAM,Undefined,1,Bottom,0,0,0,Undefined,Curveball,Undefined,Undefined,FlyBall,Undefined,0,0,,62.79271,3.233652,0.250014,2136.076208,22.760548,6:45,4.35288,0.14311,17.06481,-47.71066,-4.44351,-2.29232,2.75133,0.13546,58.95284,-7.792293,-0.270846,0.473424,70.40457,32.176054,-19.700858,3325.935296,101.80316,49.88177,-41.66667,261.76058,125.59046,-35.855695,4.027823,1.94099,-4.06709,-0.11213,50,3.90866,-0.50503,-92.84314,7.59326,1.70242,13.26699,-35.74128,FOR_RAM,,FordhamUniversity,,,20260910-FordhamUniversity-BP-1,4a485f20-ad4d-11f1-884b-8d6b77d225c8,79.61661,51.639,,3.83988,,,,2.03793,2.8354,-0.13836,ba7bdbee-570e-4ce4-ad5b-c43f8345b719,2026-09-10,19:24:53.69,2026-09-10T15:24:53.6920000-04:00,2026-09-10T19:24:53.6920000Z,FlyBall,v3,471298,,,,,Undefined,FOR_RAM,3b75e8a7-b004-450d-8801-187f1c35d1c6,43.43987,-91.90094,6.6335,4.35779,5.05496,-17.87064,-0.14371,-0.38412,0.85121,156.843175,2.01591,82.87142,-14.4756,7.11925,-5.32952,2.07667,-0.36735,0.02345,0.00018,2.82476,55.22989,-18.09957,2.56129,-0.58553,-0.37273,0.2836,-0.06393,0.00489,-0.11899,-30.10287,6.2781,-10.43887,10.81587,-6.25293,1.86312,-0.27646,0.01631,,,,,,,,,,,,,,,,,,,,,,,High,Medium,Medium,Medium,Low,,,
210,2026-09-10,15:24:59.78,,,,,Undefined,FOR_RAM,"Checkmayan, Luke",1000610172,Left,FOR_RAM,Undefined,1,Bottom,0,0,0,Undefined,Curveball,Undefined,Undefined,GroundBall,Undefined,0,0,,61.47903,2.807109,0.438294,1772.487511,36.778276,7:15,4.32592,0.12771,17.00349,-54.04373,-9.25859,-7.59678,1.88593,-0.18341,58.55225,-9.58571,-1.28809,0.481658,74.0662,-4.314004,0.61659,,,,,18.60777,18.31882,0.773262,0.153042,6.33028,-7.87705,-0.06925,50,3.92409,-1.02991,-90.8849,7.0633,5.38443,11.20556,-38.87413,FOR_RAM,,FordhamUniversity,,,20260910-FordhamUniversity-BP-1,4dd6b600-ad4d-11f1-884b-8d6b77d225c8,78.25568,2.06412,,2.92678,,,,2.15207,2.06412,0.14689,ba7bdbee-570e-4ce4-ad5b-c43f8345b719,2026-09-10,19:24:59.78,2026-09-10T15:24:59.7850000-04:00,2026-09-10T19:24:59.7850000Z,GroundBall,v3,471298,,,,,Undefined,FOR_RAM,b7f67c2c-0fc6-4e77-ba9c-c4260723ca6f,43.50363,-90.08037,5.60278,4.33102,4.27226,-19.43706,-0.12931,-0.64333,2.69221,9.243694,2.15143,108.37125,-5.55361,,,,,,,2.06436,-8.19197,-34.62091,,,,,,,0.14691,1.16443,-3.15965,,,,,,,,,,,,,,,,,,,,,,,,,,,,,High,Medium,Medium,High,High,,,
211,2026-09-10,15:25:05.31,,,,,Undefined,FOR_RAM,"Checkmayan, Luke",1000610172,Left,FOR_RAM,Undefined,1,Bottom,0,0,0,Undefined,Curveball,Undefined,Undefined,Undefined,Undefined,0,0,,58.5028,2.385262,0.455505,1706.206488,22.387042,6:45,4.34929,0.13902,17.1143,-54.90885,-4.33284,-2.39421,1.52208,0.27322,54.3473,-10.34302,-0.090172,0.511851,,,,,,,,,,,,2.11083,-3.77815,-0.08428,50,3.9918,-0.78339,-86.7501,6.08475,1.57777,14.30066,-34.9981,FOR_RAM,,FordhamUniversity,,,20260910-FordhamUniversity-BP-1,5136d0f0-ad4d-11f1-884b-8d6b77d225c8,73.63946,,,4.1555,,,,,,,ba7bdbee-570e-4ce4-ad5b-c43f8345b719,2026-09-10,19:25:05.31,2026-09-10T15:25:05.3110000-04:00,2026-09-10T19:25:05.3110000Z,,v3,471298,,,,,Undefined,FOR_RAM,7b26d111-f590-4b5c-b76b-de51ea3986e2,43.38937,-85.65342,7.15033,4.35552,3.40082,-17.49905,-0.13972,-0.66239,0.78888,,,,,,,,,,,,,,,,,,,,,,,,,,,,,,,,,,,,,,,,,,,,,,,,,,,High,Medium,Medium,,,,,
212,2026-09-10,15:25:24.05,,,,,Undefined,FOR_RAM,"Hanawalt, Chase",1000367090,Left,FOR_RAM,Undefined,1,Bottom,0,0,0,Undefined,Curveball,Undefined,Undefined,Undefined,Undefined,0,0,,62.62787,1.985292,0.178234,2011.17004,33.420025,7:00,4.34882,0.13554,17.00761,-45.38042,-1.62646,-1.80091,2.02585,0.11637,58.67775,-8.501979,-0.230847,0.47608,,,,,,,,,,,,1.50469,-1.30059,-0.11388,50,4.05767,-0.36172,-92.69504,5.38257,1.30802,13.97136,-33.30464,FOR_RAM,,FordhamUniversity,,,20260910-FordhamUniversity-BP-1,5c6843a0-ad4d-11f1-884b-8d6b77d225c8,79.17246,,,3.95012,,,,,,,ba7bdbee-570e-4ce4-ad5b-c43f8345b719,2026-09-10,19:25:24.05,2026-09-10T15:25:24.0570000-04:00,2026-09-10T19:25:24.0570000Z,,v3,471298,,,,,Undefined,FOR_RAM,ea24b873-6691-43a9-a109-4ba89c2486b1,43.49534,-91.70939,6.98568,4.35452,3.033,-16.65232,-0.13615,-0.26945,0.65401,,,,,,,,,,,,,,,,,,,,,,,,,,,,,,,,,,,,,,,,,,,,,,,,,,,High,Medium,Medium,,,,,
213,2026-09-10,15:25:29.03,,,,,Undefined,FOR_RAM,"Hanawalt, Chase",1000367090,Left,FOR_RAM,Undefined,1,Bottom,0,0,0,Undefined,Curveball,Undefined,Undefined,LineDrive,Undefined,0,0,,60.0559,3.859449,1.313512,1793.282304,46.888034,7:30,4.36452,0.09736,17.03741,-57.61617,-9.90516,-11.87237,2.40086,0.07222,56.20559,-9.424856,-1.383183,0.497142,97.91755,23.625062,30.519937,2348.877143,91.07563,45.24078,61.68654,349.24257,319.6647,45.201491,4.268424,10.04957,-8.68717,0.06337,50,3.84091,-2.51501,-88.8427,8.62458,8.00105,13.18811,-39.09041,FOR_RAM,,FordhamUniversity,,,20260910-FordhamUniversity-BP-1,5f412d30-ad4d-11f1-884b-8d6b77d225c8,75.81822,60.91923,,3.85031,,,,1.75529,2.82128,-0.22693,ba7bdbee-570e-4ce4-ad5b-c43f8345b719,2026-09-10,19:25:29.03,2026-09-10T15:25:29.0320000-04:00,2026-09-10T19:25:29.0320000Z,LineDrive,v3,471298,,,,,Undefined,FOR_RAM,837f3dbf-6851-44d7-a7c5-bbb0dca54154,43.46925,-87.8679,6.59406,4.37161,5.73523,-19.54521,-0.10067,-1.92362,4.00053,,1.75535,113.3449,-28.17289,6.99222,-1.60259,0.34756,-0.05978,0.00628,-0.00028,2.82117,57.554,-14.64654,-0.0584,0.25843,-0.09403,0.01515,-0.00064,-4E-05,-0.22696,66.81999,-4.47846,0.9699,-0.15977,0.03076,-0.00643,0.00089,-5E-05,,,,,,,,,,,,,,,,,,,,,,,High,Medium,Medium,Medium,Medium,,,
214,2026-09-10,15:25:36.96,,,,,Undefined,FOR_RAM,"Hanawalt, Chase",1000367090,Left,FOR_RAM,Undefined,1,Bottom,0,0,0,Undefined,Curveball,Undefined,Undefined,LineDrive,Undefined,0,0,,60.17961,3.775008,0.862701,1818.004319,39.305282,7:15,4.33956,0.11248,17.05351,-56.99531,-10.12489,-9.10965,2.36389,-0.01367,57.021,-9.327788,-1.207907,0.492743,108.74288,7.28347,18.671005,1178.181531,101.73065,4.90602,41.84331,143.69012,138.77877,23.722671,1.064743,7.67217,-8.79867,-0.0039,50,3.82021,-1.72705,-88.92399,8.55579,6.21964,11.26531,-39.3069,FOR_RAM,,FordhamUniversity,,,20260910-FordhamUniversity-BP-1,63feb540-ad4d-11f1-884b-8d6b77d225c8,76.49506,6.91647,,3.15861,,,,1.18579,2.45798,-0.10406,ba7bdbee-570e-4ce4-ad5b-c43f8345b719,2026-09-10,19:25:36.96,2026-09-10T15:25:36.9680000-04:00,2026-09-10T19:25:36.9680000Z,GroundBall,v3,471298,,,,,Undefined,FOR_RAM,dad7a82b-2373-4d98-b4ae-48638c4a7be4,43.45389,-88.09079,5.63265,4.3455,5.64861,-19.65345,-0.11463,-1.26704,3.10982,284.858624,1.18579,149.87663,-30.2105,5.17626,-1.20542,0.37041,-0.18919,0.08394,-0.01725,2.45798,20.21984,-24.48631,3.93464,-1.02333,0.38389,-0.2041,0.09145,-0.01899,-0.10406,50.64583,6.07246,-3.19119,1.07654,-0.5523,0.37582,-0.18402,0.03942,,,,,,,,,,,,,,,,,,,,,,,High,Medium,Medium,High,High,,,
215,2026-09-10,15:25:46.31,,,,,Undefined,FOR_RAM,"Hanawalt, Chase",1000367090,Left,FOR_RAM,Undefined,1,Bottom,0,0,0,Undefined,Curveball,Undefined,Undefined,Undefined,Undefined,0,0,,60.35242,1.611771,0.684706,1951.730252,40.216416,7:15,4.3354,0.129,17.14183,-54.46794,-8.04579,-7.67713,0.97682,-0.00944,57.36353,-10.91297,-1.068477,0.490382,,,,,,,,,,,,6.47898,-6.54855,-0.04124,50,4.06352,-1.39925,-89.37354,5.12534,5.27948,11.98088,-37.51024,FOR_RAM,,FordhamUniversity,,,20260910-FordhamUniversity-BP-1,698fe100-ad4d-11f1-884b-8d6b77d225c8,76.8635,,,2.98889,,,,,,,ba7bdbee-570e-4ce4-ad5b-c43f8345b719,2026-09-10,19:25:46.31,2026-09-10T15:25:46.3170000-04:00,2026-09-10T19:25:46.3170000Z,,v3,471298,,,,,Undefined,FOR_RAM,2990c2f9-40d8-4459-a66c-ca41f8c2151b,43.36467,-88.47958,5.99044,4.34153,2.32649,-18.75512,-0.13095,-1.00531,2.63974,,,,,,,,,,,,,,,,,,,,,,,,,,,,,,,,,,,,,,,,,,,,,,,,,,,High,Medium,Medium,,,,,
216,2026-09-10,15:25:57.40,,,,,Undefined,FOR_RAM,"Hanawalt, Chase",1000367090,Left,FOR_RAM,Undefined,1,Bottom,0,0,0,Undefined,Curveball,Undefined,Undefined,FlyBall,Undefined,0,0,,59.82503,3.267659,1.030271,1773.047545,36.344393,7:15,4.35339,0.12789,17.07503,-57.54932,-10.0078,-8.15953,1.95675,0.2035,56.5673,-9.973415,-0.826891,0.496259,88.5505,42.963825,20.148683,4873.951223,102.2233,99.16118,40.62425,269.56888,263.4677,25.116613,5.878007,6.95552,-8.61213,-0.00094,50,3.89055,-1.93518,-88.48891,7.74417,5.5515,11.84496,-39.04775,FOR_RAM,,FordhamUniversity,,,20260910-FordhamUniversity-BP-1,702891b0-ad4d-11f1-884b-8d6b77d225c8,75.95322,119.11809,,3.25773,,,,2.21431,2.11149,-0.28356,ba7bdbee-570e-4ce4-ad5b-c43f8345b719,2026-09-10,19:25:57.40,2026-09-10T15:25:57.4040000-04:00,2026-09-10T19:25:57.4040000Z,FlyBall,v3,471298,,,,,Undefined,FOR_RAM,7b0fa50d-468a-473d-8161-6aee74843106,43.432,-87.60531,5.92248,4.3596,4.83135,-19.52388,-0.12985,-1.52106,2.77575,186.569406,2.22099,89.09506,-24.24019,6.14321,-0.98013,0.05988,0.00865,-0.00174,9E-05,2.10419,88.63446,-18.5637,0.66422,0.03365,-0.03151,0.0102,-0.00153,8E-05,-0.2817,32.70177,-6.35318,1.47632,-0.19387,-0.001,0.0049,-0.00068,3E-05,,,,,,,,,,,,,,,,,,,,,,,High,Medium,Medium,High,Medium,,,
217,2026-09-10,15:26:41.16,,,,,Undefined,FOR_RAM,"Ford, Tim",1000142266,Right,FOR_RAM,Undefined,1,Bottom,0,0,0,Undefined,Curveball,Undefined,Undefined,Undefined,Undefined,0,0,,61.32287,-2.541008,-0.71527,2151.212435,47.749328,7:30,4.30319,0.00369,33.38337,-20.41351,-3.61835,-4.3474,1.46118,-0.67952,58.57369,-10.150314,-2.336416,0.29496,,,,,,,,,,,,8.90693,-6.21563,-0.05491,50,4.16244,-0.76757,-94.31463,5.25097,7.79762,18.09472,-37.61558,FOR_RAM,,FordhamUniversity,,,20260910-FordhamUniversity-BP-1,8a471f80-ad4d-11f1-884b-8d6b77d225c8,127.78825,,,2.74918,,,,,,,ba7bdbee-570e-4ce4-ad5b-c43f8345b719,2026-09-10,19:26:41.16,2026-09-10T15:26:41.1680000-04:00,2026-09-10T19:26:41.1680000Z,,v3,471298,,,,,Undefined,FOR_RAM,123d6a8e-bfff-405b-a674-7a525e093570,27.12229,-89.81825,9.04736,4.30592,-4.09617,-18.80779,-0.0049,1.17007,3.89881,,,,,,,,,,,,,,,,,,,,,,,,,,,,,,,,,,,,,,,,,,,,,,,,,,,High,High,High,,,,,
218,2026-09-10,15:26:47.00,,,,,Undefined,FOR_RAM,"Ford, Tim",1000142266,Right,FOR_RAM,Undefined,1,Bottom,0,0,0,Undefined,Curveball,Undefined,Undefined,Undefined,Undefined,0,0,,60.39869,2.832425,0.394074,1903.483487,20.865459,6:45,4.34274,0.14657,16.92527,-58.27062,-10.86158,-4.60654,1.57301,0.0527,56.65909,-10.548059,-0.651661,0.495567,80.43646,-3.046795,-55.539813,,,,,34.95328,17.72774,-52.618335,0.286656,3.85693,-9.16997,-0.09828,50,3.94545,-0.79842,-89.4599,7.03297,3.10556,13.67955,-39.55761,FOR_RAM,,FordhamUniversity,,,20260910-FordhamUniversity-BP-1,8de63f40-ad4d-11f1-884b-8d6b77d225c8,76.05928,1.79934,,3.7396,,,,2.09278,1.79934,0.09886,ba7bdbee-570e-4ce4-ad5b-c43f8345b719,2026-09-10,19:26:47.00,2026-09-10T15:26:47.0010000-04:00,2026-09-10T19:26:47.0010000Z,GroundBall,v3,471298,,,,,Undefined,FOR_RAM,e5302efc-604c-440e-9412-7713279c82ab,43.58103,-88.47292,6.83977,4.34992,4.17886,-19.7788,-0.1478,-0.57435,1.55278,180,2.08956,66.72853,,,,,,,,1.79965,-6.27702,,,,,,,,0.10355,-97.2353,,,,,,,,,,,,,,,,,,,,,,,,,,,,,,High,Medium,Medium,Low,Low,,,
219,2026-09-10,15:26:54.16,,,,,Undefined,FOR_RAM,"Ford, Tim",1000142266,Right,FOR_RAM,Undefined,1,Bottom,0,0,0,Undefined,Curveball,Undefined,Undefined,Undefined,Undefined,0,0,,59.80736,2.930521,0.910574,1669.047448,23.153452,6:45,4.35176,0.12376,17.02959,-55.72712,-8.02182,-3.90138,1.86124,0.46715,56.49882,-9.887561,0.023711,0.497113,101.92806,21.959134,-39.24528,2632.223416,82.30573,27.84459,-72.97774,217.11411,192.93775,-43.857969,2.331364,3.42071,-6.82874,-0.0162,50,3.93501,-1.56645,-88.4717,7.10316,2.72608,11.97484,-37.6161,FOR_RAM,,FordhamUniversity,,,20260910-FordhamUniversity-BP-1,91fed4c0-ad4d-11f1-884b-8d6b77d225c8,75.82273,28.12853,,3.30853,,,,1.54289,1.82305,-0.05429,ba7bdbee-570e-4ce4-ad5b-c43f8345b719,2026-09-10,19:26:54.16,2026-09-10T15:26:54.1630000-04:00,2026-09-10T19:26:54.1630000Z,LineDrive,v3,471298,,,,,Undefined,FOR_RAM,553a72af-b084-42dd-ab55-d15b2ee6f58e,43.47648,-87.58427,5.98742,4.35811,4.31553,-18.80805,-0.1248,-1.36443,1.36304,,1.54289,107.37562,-25.14607,4.94675,-1.04036,0.18458,-0.02814,0.00397,-0.00032,1.82305,55.90231,-35.87062,7.86,-2.01901,0.49453,-0.09574,0.01344,-0.00098,-0.05428,-87.71524,7.98518,2.08307,-1.05573,0.36762,-0.08522,0.01242,-0.00089,,,,,,,,,,,,,,,,,,,,,,,High,Medium,Medium,Low,Low,,,
220,2026-09-10,15:27:04.06,,,,,Undefined,FOR_RAM,"Ford, Tim",1000142266,Right,FOR_RAM,Undefined,1,Bottom,0,0,0,Undefined,Curveball,Undefined,Undefined,LineDrive,Undefined,0,0,,61.79014,3.508117,0.705089,1822.672995,40.189215,7:15,4.34135,0.12646,16.97929,-52.38763,-7.64993,-7.31166,2.55748,0.03539,58.27332,-8.541507,-0.953401,0.481402,99.83084,23.635959,-11.940117,1459.388348,108.35773,45.57873,-18.93579,364.09632,354.24753,-6.9035,4.55515,6.14654,-6.72906,-0.03922,50,3.86645,-1.43595,-91.32092,8.09305,5.23645,12.33403,-37.90677,FOR_RAM,,FordhamUniversity,,,20260910-FordhamUniversity-BP-1,97e21820-ad4d-11f1-884b-8d6b77d225c8,78.29717,65.01388,,3.51682,,,,2.35803,2.69652,-0.05075,ba7bdbee-570e-4ce4-ad5b-c43f8345b719,2026-09-10,19:27:04.06,2026-09-10T15:27:04.0690000-04:00,2026-09-10T19:27:04.0690000Z,FlyBall,v3,471298,,,,,Undefined,FOR_RAM,3358f390-0bc8-4085-ba73-0b1e0a9c60b3,43.52682,-90.44241,6.16701,4.34674,5.39309,-18.95339,-0.12822,-1.06298,2.61823,,2.35809,131.23136,-24.31623,5.43255,-1.06123,0.1938,-0.03295,0.00409,-0.00023,2.69725,58.68603,-13.98765,-0.22368,0.28196,-0.11436,0.03094,-0.00427,0.00023,-0.05141,-27.73465,10.51721,-2.95386,0.5682,-0.07348,0.00696,-0.00066,4E-05,,,,,,,,,,,,,,,,,,,,,,,High,Medium,Medium,Medium,Medium,,,
221,2026-09-10,15:27:37.23,,,,,Undefined,FOR_RAM,"Caron, Michael",1000322224,Right,FOR_RAM,Undefined,1,Bottom,0,0,0,Undefined,Curveball,Undefined,Undefined,Undefined,Undefined,0,0,,62.45067,1.856845,0.478362,1908.731484,37.403994,7:15,4.34774,0.12626,17.0547,-51.71208,-8.43339,-7.12374,1.4012,-0.11642,59.54583,-10.006917,-1.144112,0.473487,,,,,,,,,,,,5.93894,-6.90784,-0.06382,50,4.0565,-1.08758,-92.39229,5.53374,5.21443,11.73342,-38.2392,FOR_RAM,,FordhamUniversity,,,20260910-FordhamUniversity-BP-1,abc92810-ad4d-11f1-884b-8d6b77d225c8,79.60601,,,2.90483,,,,,,,ba7bdbee-570e-4ce4-ad5b-c43f8345b719,2026-09-10,19:27:37.23,2026-09-10T15:27:37.2340000-04:00,2026-09-10T19:27:37.2340000Z,,v3,471298,,,,,Undefined,FOR_RAM,3c88534f-8397-4354-8092-2530891453dc,43.45217,-91.55696,5.86671,4.35355,2.81143,-19.1196,-0.12803,-0.71636,2.60721,,,,,,,,,,,,,,,,,,,,,,,,,,,,,,,,,,,,,,,,,,,,,,,,,,,High,Medium,Medium,,,,,
222,2026-09-10,15:27:43.46,,,,,Undefined,FOR_RAM,"Caron, Michael",1000322224,Right,FOR_RAM,Undefined,1,Bottom,0,0,0,Undefined,Curveball,Undefined,Undefined,Undefined,Undefined,0,0,,59.81602,2.392553,0.336744,1850.861325,62.336835,8:00,4.36531,0.1126,17.07763,-51.13097,-3.80799,-9.21898,1.85978,-0.40873,56.75513,-9.382927,-1.761081,0.495117,78.70182,-6.631975,60.473521,,,,,20.27993,20.27993,54.436347,0.16169,7.66359,-3.31532,-0.06328,50,4.00833,-0.91727,-88.46882,6.14127,6.14495,11.23366,-34.83241,FOR_RAM,,FordhamUniversity,,,20260910-FordhamUniversity-BP-1,af6142f0-ad4d-11f1-884b-8d6b77d225c8,76.12842,2.15986,,3.06089,,,,2.64008,2.15986,0.33336,ba7bdbee-570e-4ce4-ad5b-c43f8345b719,2026-09-10,19:27:43.46,2026-09-10T15:27:43.4610000-04:00,2026-09-10T19:27:43.4610000Z,GroundBall,v3,471298,,,,,Undefined,FOR_RAM,7904a80f-d183-4390-8c20-bdc5b5310c66,43.42793,-87.63033,5.61683,4.36969,3.54136,-17.4162,-0.11463,-0.45861,3.07248,,2.63711,56.61989,,,,,,,,2.16056,-13.358,,,,,,,,0.32812,99.96749,,,,,,,,,,,,,,,,,,,,,,,,,,,,,,High,High,High,Low,Low,,,
223,2026-09-10,15:27:50.39,,,,,Undefined,FOR_RAM,"Caron, Michael",1000322224,Right,FOR_RAM,Undefined,1,Bottom,0,0,0,Undefined,Curveball,Undefined,Undefined,FlyBall,Undefined,0,0,,60.90831,1.995805,0.499578,1728.634291,18.390629,6:30,4.33293,0.14291,17.00719,-53.31141,-7.495,-2.82528,1.35683,0.27441,57.85022,-10.236967,-0.143065,0.487172,99.82882,28.890253,24.355685,2060.610584,96.70604,57.43087,52.4195,411.37079,357.15163,40.593793,5.290525,2.44201,-6.26079,-0.08303,50,4.0245,-0.90816,-90.12702,5.67881,2.02901,11.85405,-37.37595,FOR_RAM,,FordhamUniversity,,,20260910-FordhamUniversity-BP-1,b3b69350-ad4d-11f1-884b-8d6b77d225c8,77.36994,88.60224,,3.05808,,,,2.79288,1.82937,0.12344,ba7bdbee-570e-4ce4-ad5b-c43f8345b719,2026-09-10,19:27:50.39,2026-09-10T15:27:50.3990000-04:00,2026-09-10T19:27:50.3990000Z,FlyBall,v3,471298,,,,,Undefined,FOR_RAM,55d6fb5e-f982-4a0a-80dd-792e1786fbf6,43.49892,-89.26786,5.92703,4.33792,2.96988,-18.68798,-0.14352,-0.7611,1.0145,,2.79552,116.74145,-27.47205,6.68409,-1.24976,0.17148,-0.01786,0.00152,-8E-05,1.83004,70.70738,-14.23465,-0.81514,0.63034,-0.22534,0.05062,-0.0061,0.0003,0.12352,52.8624,0.75041,-0.96713,0.36438,-0.08519,0.01274,-0.00109,4E-05,,,,,,,,,,,,,,,,,,,,,,,High,Medium,Medium,Medium,Medium,,,
224,2026-09-10,15:28:06.00,,,,,Undefined,FOR_RAM,"Checkmayan, Luke",1000610172,Left,FOR_RAM,Undefined,1,Bottom,0,0,0,Undefined,Other,Undefined,Undefined,GroundBall,Undefined,0,0,,62.10832,1.731419,0.475368,2072.753174,26.300992,7:00,4.33018,0.12501,17.00398,-56.17452,-11.5928,-6.28729,0.92119,-0.04975,58.4487,-11.164751,-0.956386,0.480562,33.23051,-69.853019,92.440877,,,,,2.25594,2.25594,11.046073,0.023436,5.26083,-9.47623,-0.0652,50,4.05531,-1.02608,-92.08022,5.405,4.48861,14.46825,-40.2593,FOR_RAM,,FordhamUniversity,,,20260910-FordhamUniversity-BP-1,bcd18210-ad4d-11f1-884b-8d6b77d225c8,78.43401,1.08001,,3.65962,,,,2.23101,1.08001,0.03636,ba7bdbee-570e-4ce4-ad5b-c43f8345b719,2026-09-10,19:28:06.00,2026-09-10T15:28:06.0000000-04:00,2026-09-10T19:28:06.0000000Z,GroundBall,v3,471298,,,,,Undefined,FOR_RAM,f7bb0eac-77f4-4e77-a55e-b705e241caba,43.50258,-91.05358,7.23412,4.33748,2.54827,-20.12965,-0.12671,-0.70757,2.2443,,2.23103,-0.72006,,,,,,,,1.08125,-46.08423,,,,,,,,0.03591,16.89195,,,,,,,,,,,,,,,,,,,,,,,,,,,,,,High,High,High,Estimated,Estimated,,,
225,2026-09-10,15:28:17.73,,,,,Undefined,FOR_RAM,"Checkmayan, Luke",1000610172,Left,FOR_RAM,Undefined,1,Bottom,0,0,0,Undefined,Other,Undefined,Undefined,GroundBall,Undefined,0,0,,63.0848,1.55337,0.479347,2144.830077,44.651416,7:30,4.32351,0.12812,17.01667,-52.94987,-9.36914,-10.47591,1.052,-0.39288,58.76708,-10.648656,-1.906082,0.475137,75.70628,-9.273097,-6.283232,,,,,10.92029,10.10917,0.243787,0.079645,8.65595,-7.57642,-0.06512,50,4.07548,-1.21029,-93.60769,5.00908,7.54441,16.46173,-38.77758,FOR_RAM,,FordhamUniversity,,,20260910-FordhamUniversity-BP-1,c3f6bb50-ad4d-11f1-884b-8d6b77d225c8,79.32964,1.42728,,4.31772,,,,2.23108,1.42728,1.00318,ba7bdbee-570e-4ce4-ad5b-c43f8345b719,2026-09-10,19:28:17.73,2026-09-10T15:28:17.7370000-04:00,2026-09-10T19:28:17.7370000Z,GroundBall,v3,471298,,,,,Undefined,FOR_RAM,201ef3c1-e8ce-4313-aa8f-2224ebeb1edb,43.48855,-92.4555,8.23087,4.33109,2.29497,-19.38879,-0.13135,-0.68224,3.77221,180,2.22888,109.09762,,,,,,,,1.42764,-17.92047,,,,,,,,1.00342,-12.01218,,,,,,,,,,,,,,,,,,,,,,,,,,,,,,High,High,High,Medium,Medium,,,
226,2026-09-10,15:29:40.10,,,,,Undefined,FOR_RAM,"Rubin, Jack",10076675,Right,FOR_RAM,Undefined,1,Bottom,0,0,0,Undefined,Curveball,Undefined,Undefined,LineDrive,Undefined,0,0,,63.53461,2.879776,0.556249,1986.304072,43.567193,7:30,4.35414,0.13427,17.01085,-53.81141,-10.12941,-11.01115,1.98669,-0.37479,58.09831,-9.59256,-1.946659,0.475688,92.48571,10.18748,2.85921,2651.294091,109.17435,13.50885,13.44612,218.894,218.894,11.52712,2.106991,9.08729,-8.65528,-0.06435,50,3.96015,-1.3379,-94.31906,7.18025,7.89424,19.10466,-39.69298,FOR_RAM,,FordhamUniversity,,,20260910-FordhamUniversity-BP-1,f4f85b00-ad4d-11f1-884b-8d6b77d225c8,79.23765,13.56181,,5.4363,,,,1.77999,2.07514,0.35597,ba7bdbee-570e-4ce4-ad5b-c43f8345b719,2026-09-10,19:29:40.10,2026-09-10T15:29:40.1050000-04:00,2026-09-10T19:29:40.1050000Z,LineDrive,v3,471298,,,,,Undefined,FOR_RAM,666b9daa-ad21-4089-bb7b-2ba6923faeca,43.49303,-92.99171,9.55233,4.36322,4.42246,-19.84649,-0.13825,-0.78942,3.94712,240.36798,1.77998,133.34198,-19.39129,2.70026,-0.54256,0.12802,-0.03285,0.0051,-0.00029,2.07515,23.99079,-13.16751,0.69027,-0.00557,-0.04576,0.02751,-0.00695,0.00067,0.35603,6.65466,10.54447,-3.04455,1.08891,-0.5048,0.19206,-0.04198,0.00378,,,,,,,,,,,,,,,,,,,,,,,High,High,High,High,High,,,
227,2026-09-10,15:29:45.73,,,,,Undefined,FOR_RAM,"Rubin, Jack",10076675,Right,FOR_RAM,Undefined,1,Bottom,0,0,0,Undefined,Curveball,Undefined,Undefined,GroundBall,Undefined,0,0,,62.67939,3.622944,0.729851,1929.798004,36.007902,7:15,4.34253,0.11595,17.0036,-57.46999,-11.9639,-9.91819,2.21833,-0.17443,56.59417,-9.730102,-1.523285,0.485519,105.33565,2.066007,-8.080485,3873.290569,,,,70.21931,70.21931,-6.169693,0.520317,8.26142,-10.43158,-0.02869,50,3.86579,-1.53936,-93.08779,8.37064,6.88437,20.50269,-40.86683,FOR_RAM,,FordhamUniversity,,,20260910-FordhamUniversity-BP-1,f844edf0-ad4d-11f1-884b-8d6b77d225c8,77.6333,2.77115,,6.08522,,,,2.24588,2.35846,0.1527,ba7bdbee-570e-4ce4-ad5b-c43f8345b719,2026-09-10,19:29:45.73,2026-09-10T15:29:45.7340000-04:00,2026-09-10T19:29:45.7340000Z,GroundBall,v3,471298,,,,,Undefined,FOR_RAM,7ca909b9-a1e3-4fa5-b937-4962d2a7eee8,43.49941,-91.64485,10.25134,4.35369,5.49449,-20.43341,-0.11998,-1.05485,3.44219,275.848698,2.24588,152.85875,-51.71023,16.55567,-4.69737,1.3008,-0.35723,0.09187,-0.01651,2.35846,5.56956,-18.38778,-3.01052,2.49324,-1.17428,0.46648,-0.15489,0.03143,0.1527,-21.7019,16.38276,-7.17027,2.70921,-0.97356,0.33838,-0.10415,0.02025,,,,,,,,,,,,,,,,,,,,,,,High,Medium,Medium,Low,Medium,,,
228,2026-09-10,15:29:52.13,,,,,Undefined,FOR_RAM,"Rubin, Jack",10076675,Right,FOR_RAM,Undefined,1,Bottom,0,0,0,Undefined,Curveball,Undefined,Undefined,Undefined,Undefined,0,0,,61.53633,1.698533,0.150149,1954.444335,46.602047,7:30,4.33574,0.11694,16.98861,-55.04794,-8.79311,-10.80969,0.99687,-0.67354,56.9265,-11.003774,-2.309397,0.489497,,,,,,,,,,,,8.84245,-7.23374,-0.09115,50,4.06953,-0.66434,-91.37919,5.18936,7.26507,17.01483,-38.11738,FOR_RAM,,FordhamUniversity,,,20260910-FordhamUniversity-BP-1,fc2bec20-ad4d-11f1-884b-8d6b77d225c8,77.00242,,,4.60983,,,,,,,ba7bdbee-570e-4ce4-ad5b-c43f8345b719,2026-09-10,19:29:52.13,2026-09-10T15:29:52.1390000-04:00,2026-09-10T19:29:52.1390000Z,,v3,471298,,,,,Undefined,FOR_RAM,a685d4bd-6377-4393-8909-ee14a3bdc237,43.51602,-90.16379,8.50741,4.34297,2.46656,-19.05869,-0.12008,-0.14539,3.63253,,,,,,,,,,,,,,,,,,,,,,,,,,,,,,,,,,,,,,,,,,,,,,,,,,,High,High,High,,,,,
229,2026-09-10,15:29:59.04,,,,,Undefined,FOR_RAM,"Rubin, Jack",10076675,Right,FOR_RAM,Undefined,1,Bottom,0,0,0,Undefined,Curveball,Undefined,Undefined,FlyBall,Undefined,0,0,,61.21653,3.464888,1.112849,1920.719264,45.704813,7:30,4.34258,0.12178,16.98815,-56.97365,-11.37453,-12.71654,2.1444,-0.1201,57.824,-9.616901,-1.774776,0.486015,94.04189,28.498587,-23.960745,3361.195146,103.93671,57.2163,-36.01508,311.11094,264.37628,-9.741861,5.026966,10.67516,-9.78095,0.01737,50,3.86663,-2.29698,-90.53378,8.15377,8.9196,12.38535,-40.3465,FOR_RAM,,FordhamUniversity,,,20260910-FordhamUniversity-BP-1,00336aa0-ad4e-11f1-884b-8d6b77d225c8,77.55408,78.02007,,3.39252,,,,2.39939,2.48452,0.20286,ba7bdbee-570e-4ce4-ad5b-c43f8345b719,2026-09-10,19:29:59.04,2026-09-10T15:29:59.0460000-04:00,2026-09-10T19:29:59.0460000Z,FlyBall,v3,471298,,,,,Undefined,FOR_RAM,3cf177aa-6754-4543-bee0-98c9686a9571,43.5196,-89.64285,6.19268,4.34878,5.25149,-20.17325,-0.12479,-1.65536,4.4598,,2.39991,110.7585,-21.24793,4.4544,-0.85605,0.15694,-0.02619,0.0031,-0.00016,2.48616,65.77604,-14.98437,-0.03013,0.36391,-0.18081,0.04866,-0.00642,0.00032,0.20157,-49.1965,19.34852,-4.9921,1.04478,-0.18973,0.03018,-0.00343,0.00018,,,,,,,,,,,,,,,,,,,,,,,High,Medium,Medium,Low,Low,,,
230,2026-09-10,15:30:18.94,,,,,Undefined,FOR_RAM,"Crang, Mason",10913432,Right,FOR_RAM,Undefined,1,Bottom,0,0,0,Undefined,Curveball,Undefined,Undefined,Undefined,Undefined,0,0,,62.10769,3.000139,0.761252,1933.367233,43.469434,7:30,4.36098,0.11649,16.94111,-55.51578,-10.28993,-10.98123,1.94388,-0.23858,57.61754,-9.796517,-1.730398,0.484022,64.6662,-42.751791,-68.980566,,,,,4.61471,2.99669,-39.440567,0.039688,9.13977,-8.80284,-0.02234,50,3.95062,-1.65631,-92.05875,7.33535,7.70283,15.95112,-39.59291,FOR_RAM,,FordhamUniversity,,,20260910-FordhamUniversity-BP-1,0c0c19d0-ad4e-11f1-884b-8d6b77d225c8,77.87344,2.56649,,4.49014,,,,2.56807,2.56649,-0.34011,ba7bdbee-570e-4ce4-ad5b-c43f8345b719,2026-09-10,19:30:18.94,2026-09-10T15:30:18.9490000-04:00,2026-09-10T19:30:18.9490000Z,GroundBall,v3,471298,,,,,Undefined,FOR_RAM,21241be1-faf3-4438-9a29-fbc840fb9fbb,43.56448,-90.93682,7.97556,4.36862,4.55057,-19.79645,-0.11978,-1.11453,3.85142,,2.56737,25.09072,,,,,,,,2.56831,-64.66706,,,,,,,,-0.33828,-65.29735,,,,,,,,,,,,,,,,,,,,,,,,,,,,,,High,Medium,Medium,Low,Low,,,
231,2026-09-10,15:30:24.47,,,,,Undefined,FOR_RAM,"Crang, Mason",10913432,Right,FOR_RAM,Undefined,1,Bottom,0,0,0,Undefined,Curveball,Undefined,Undefined,GroundBall,Undefined,0,0,,60.88792,3.613905,1.129687,1756.716816,43.334306,7:30,4.346,0.12117,17.00263,-60.04133,-12.30296,-13.12863,2.00122,-0.14295,55.61993,-10.290767,-1.853465,0.497285,97.89637,0.684175,-25.39761,2941.342976,,,,52.78675,47.82,-26.999248,0.382839,10.99465,-10.61312,0.01426,50,3.86362,-2.25484,-90.36189,8.27882,8.74239,17.85929,-40.61305,FOR_RAM,,FordhamUniversity,,,20260910-FordhamUniversity-BP-1,0f64e1c0-ad4e-11f1-884b-8d6b77d225c8,75.79647,2.23621,,5.26799,,,,1.52289,2.20069,-0.30521,ba7bdbee-570e-4ce4-ad5b-c43f8345b719,2026-09-10,19:30:24.47,2026-09-10T15:30:24.4700000-04:00,2026-09-10T19:30:24.4700000Z,GroundBall,v3,471298,,,,,Undefined,FOR_RAM,4068b0a6-b243-49be-941c-d3939d2926b8,43.50228,-89.06841,8.92965,4.3567,5.33737,-20.30653,-0.12613,-1.62166,4.37119,,1.53834,129.15398,-27.0495,,,,,,,2.20852,1.4397,-18.87954,,,,,,,-0.30023,-61.75405,-0.18128,,,,,,,,,,,,,,,,,,,,,,,,,,,,,High,Medium,Medium,Low,Medium,,,
232,2026-09-10,15:30:30.44,,,,,Undefined,FOR_RAM,"Crang, Mason",10913432,Right,FOR_RAM,Undefined,1,Bottom,0,0,0,Undefined,Curveball,Undefined,Undefined,Undefined,Undefined,0,0,,60.52857,1.662873,0.515529,1807.1171,48.989002,7:45,4.33294,0.13586,17.08113,-56.64212,-8.76792,-11.88678,0.83236,-0.47671,55.74901,-11.448234,-2.196441,0.497992,,,,,,,,,,,,9.72272,-6.8452,-0.0708,50,4.0726,-1.2351,-89.93863,5.06722,7.68289,17.3261,-37.58312,FOR_RAM,,FordhamUniversity,,,20260910-FordhamUniversity-BP-1,12f05270-ad4e-11f1-884b-8d6b77d225c8,75.68887,,,4.77956,,,,,,,ba7bdbee-570e-4ce4-ad5b-c43f8345b719,2026-09-10,19:30:30.44,2026-09-10T15:30:30.4470000-04:00,2026-09-10T19:30:30.4470000Z,,v3,471298,,,,,Undefined,FOR_RAM,f99c54ec-62ad-4527-9532-b6fd5f31eaff,43.42239,-88.66245,8.66305,4.34389,2.29896,-18.79156,-0.14094,-0.6692,3.84144,,,,,,,,,,,,,,,,,,,,,,,,,,,,,,,,,,,,,,,,,,,,,,,,,,,High,High,High,,,,,
233,2026-09-10,15:30:37.25,,,,,Undefined,FOR_RAM,"Crang, Mason",10913432,Right,FOR_RAM,Undefined,1,Bottom,0,0,0,Undefined,Curveball,Undefined,Undefined,FlyBall,Undefined,0,0,,59.76936,1.912311,0.297739,1787.010444,47.680767,7:30,4.33844,0.13186,17.02756,-54.67227,-6.70902,-8.66835,1.18683,-0.37193,56.35286,-10.663166,-1.675232,0.498455,84.13133,41.1784,3.940723,,,,,,77.19274,,,7.14961,-5.49544,-0.08965,50,4.04049,-0.81156,-88.54426,5.46148,5.66487,12.87427,-36.52827,FOR_RAM,,FordhamUniversity,,,20260910-FordhamUniversity-BP-1,1712d300-ad4e-11f1-884b-8d6b77d225c8,75.61857,64.52139,,3.4165,,,,1.50917,1.30304,0.36577,ba7bdbee-570e-4ce4-ad5b-c43f8345b719,2026-09-10,19:30:37.25,2026-09-10T15:30:37.2560000-04:00,2026-09-10T19:30:37.2560000Z,,v3,471298,,,,,Undefined,FOR_RAM,0b7a62ec-fcbb-4a4a-9cab-1b56cbf4ba4a,43.47801,-87.59084,6.43713,4.34478,2.75632,-18.26413,-0.13421,-0.39203,2.83243,206.751989,1.50917,92.65334,-20.03814,3.37292,-0.7944,0.17162,-0.03839,0.00771,-0.00087,1.30304,81.24227,-19.08151,1.88663,-0.3991,0.09874,-0.02069,0.00427,-0.00053,0.36577,6.38263,6.94474,-1.37481,0.28702,-0.06817,0.01453,-0.00298,0.00039,,,,,,,,,,,,,,,,,,,,,,,High,High,High,High,Undefined,,,
234,2026-09-10,15:30:57.10,,,,,Undefined,FOR_RAM,"Forney, Colden",1000306564,Right,FOR_RAM,Undefined,1,Bottom,0,0,0,Undefined,,Undefined,Undefined,GroundBall,Undefined,0,0,,59.54201,3.43099,0.848754,1989.066789,,,3.40986,-0.98505,33.66271,,,,2.61876,-0.08998,58.91599,-7.009014,3.184989,0.293946,86.89258,2.413527,-31.990939,2483.193111,,,,52.46847,50.58011,-35.606287,0.404158,-13.97891,-25.40525,0.92098,50.00022,0.18599,1.8008,-88.6448,19.31278,-11.82124,5.17522,-53.65796,FOR_RAM,,FordhamUniversity,,,20260910-FordhamUniversity-BP-1,22b1d490-ad4e-11f1-884b-8d6b77d225c8,128.22905,2.45369,,0.62602,,,,1.85651,2.18712,-0.49949,ba7bdbee-570e-4ce4-ad5b-c43f8345b719,2026-09-10,19:30:57.10,2026-09-10T15:30:57.1040000-04:00,2026-09-10T19:30:57.1040000Z,GroundBall,v3,471298,,,,,Undefined,FOR_RAM,ff0dc88c-f35e-4031-b7bd-3fa0c3f404ab,26.84625,-87.28257,2.58761,3.41068,5.18883,-26.82898,0.98548,-1.31081,-5.91062,,1.84897,108.23974,-17.9303,,,,,,,2.19037,5.26136,-26.44789,,,,,,,-0.48816,-67.82623,-16.27481,,,,,,,,,,,,,,,,,,,,,,,,,,,,,Low,Low,Low,Low,Medium,,,
235,2026-09-10,15:31:02.77,,,,,Undefined,FOR_RAM,"Forney, Colden",1000306564,Right,FOR_RAM,Undefined,1,Bottom,0,0,0,Undefined,,Undefined,Undefined,FlyBall,Undefined,0,0,,58.28833,1.652423,0.064549,1738.845916,,,3.37748,-0.6043,,,,,2.08545,-0.62356,57.11062,-7.15053,-0.146237,0.321451,88.3177,29.548249,1.0309,3686.851251,109.17496,54.57335,13.44487,335.94782,275.25828,20.50119,4.839896,1.19209,-9.86296,0.65727,50,1.53636,-0.33258,-87.29209,12.39575,0.95968,7.27996,-40.11406,FOR_RAM,,FordhamUniversity,,,20260910-FordhamUniversity-BP-1,2618f460-ad4e-11f1-884b-8d6b77d225c8,117.25706,71.07276,,1.17771,,,,2.14299,1.89789,0.14929,ba7bdbee-570e-4ce4-ad5b-c43f8345b719,2026-09-10,19:31:02.77,2026-09-10T15:31:02.7780000-04:00,2026-09-10T19:31:02.7780000Z,FlyBall,v3,471298,,,,,Undefined,FOR_RAM,23a3ebf8-51df-4975-8f08-5e84b2c9b736,28.51798,-85.48177,3.63998,3.37855,2.4205,-20.05703,0.60424,-0.09394,0.47984,226.176278,2.14414,112.64375,-19.82081,3.89126,-0.68546,0.11108,-0.0195,0.00285,-0.00018,1.89877,63.8587,-16.07623,0.54633,0.16983,-0.13211,0.04245,-0.00622,0.00034,0.14904,2.03628,11.26326,-3.04524,0.68991,-0.13823,0.02446,-0.00296,0.00016,,,,,,,,,,,,,,,,,,,,,,,Low,Low,Low,High,Medium,,,
236,2026-09-10,15:31:09.04,,,,,Undefined,FOR_RAM,"Forney, Colden",1000306564,Right,FOR_RAM,Undefined,1,Bottom,0,0,0,Undefined,Curveball,Undefined,Undefined,GroundBall,Undefined,0,0,,61.89458,1.409935,1.544164,1714.45718,77.019704,8:30,4.33631,0.08774,17.00201,-49.0553,-4.115,-22.91021,1.28465,-0.68687,58.06807,-9.891183,-3.665358,0.482491,89.43464,6.464918,-25.159562,1187.438448,,,,85.3065,80.13657,-25.257046,0.708017,19.15222,-3.31827,0.10945,50,4.10401,-3.43016,-91.75554,4.57965,16.21113,14.48102,-34.98276,FOR_RAM,,FordhamUniversity,,,20260910-FordhamUniversity-BP-1,2a121b00-ad4e-11f1-884b-8d6b77d225c8,78.12049,3.57777,,3.8265,,,,2.2986,1.41802,0.08308,ba7bdbee-570e-4ce4-ad5b-c43f8345b719,2026-09-10,19:31:09.04,2026-09-10T15:31:09.0490000-04:00,2026-09-10T19:31:09.0490000Z,GroundBall,v3,471298,,,,,Undefined,FOR_RAM,c0b280b3-6aca-4b78-8234-d4bad8b99d99,43.50453,-90.72462,7.24051,4.34139,2.0892,-17.49138,-0.09366,-2.27607,8.10556,,2.33925,117.19001,-16.35303,,,,,,,1.47443,13.68252,-22.36955,,,,,,,0.07629,-55.28254,5.33128,,,,,,,,,,,,,,,,,,,,,,,,,,,,,High,Medium,Medium,Low,Medium,,,
237,2026-09-10,15:31:29.09,,,,,Undefined,FOR_RAM,"Rubin, Jack",10076675,Right,FOR_RAM,Undefined,1,Bottom,0,0,0,Undefined,Curveball,Undefined,Undefined,Undefined,Undefined,0,0,,60.88821,1.889929,0.718253,1860.227808,27.75441,7:00,4.35496,0.12386,17.14451,-54.21987,-8.44394,-5.00855,1.22083,0.23234,57.59906,-10.598883,-0.425243,0.486956,,,,,,,,,,,,4.29213,-6.90811,-0.03554,50,4.05351,-1.34378,-90.18366,5.56763,3.54544,12.74708,-37.88034,FOR_RAM,,FordhamUniversity,,,20260910-FordhamUniversity-BP-1,35f8fb00-ad4e-11f1-884b-8d6b77d225c8,77.40414,,,3.28915,,,,,,,ba7bdbee-570e-4ce4-ad5b-c43f8345b719,2026-09-10,19:31:29.09,2026-09-10T15:31:29.0910000-04:00,2026-09-10T19:31:29.0910000Z,,v3,471298,,,,,Undefined,FOR_RAM,6aa155dc-eee8-4be3-b9a4-5383c2fbb8aa,43.3616,-89.24042,6.37354,4.36179,2.76461,-18.94017,-0.12527,-1.08143,1.77272,,,,,,,,,,,,,,,,,,,,,,,,,,,,,,,,,,,,,,,,,,,,,,,,,,,High,Medium,Medium,,,,,
238,2026-09-10,15:31:33.02,,,,,Undefined,FOR_RAM,"Rubin, Jack",10076675,Right,FOR_RAM,Undefined,1,Bottom,0,0,0,Undefined,Curveball,Undefined,Undefined,LineDrive,Undefined,0,0,,60.1824,2.696938,1.354838,1764.099516,70.097155,8:15,4.35247,0.09499,17.02359,-55.11499,-7.05504,-23.36131,1.74164,-0.85689,55.8441,-10.042079,-3.956838,0.498957,94.30558,15.693726,-21.944397,1292.164898,102.21066,27.75302,-40.65663,302.15296,298.88902,-20.841276,3.481153,19.57245,-6.22382,0.08103,50,3.96594,-3.04546,-89.28189,6.70487,15.46317,15.39699,-37.09115,FOR_RAM,,FordhamUniversity,,,20260910-FordhamUniversity-BP-1,382ca3e0-ad4e-11f1-884b-8d6b77d225c8,75.54247,33.84223,,4.3383,,,,2.60464,1.93519,-0.13805,ba7bdbee-570e-4ce4-ad5b-c43f8345b719,2026-09-10,19:31:33.02,2026-09-10T15:31:33.0220000-04:00,2026-09-10T19:31:33.0220000Z,LineDrive,v3,471298,,,,,Undefined,FOR_RAM,1d68dc2c-a1a1-47e0-ae8f-5243ba9a4907,43.48293,-88.15083,7.6985,4.3584,3.98017,-18.54558,-0.10096,-1.90954,7.73158,,2.60472,123.50779,-23.84369,5.77387,-1.18407,0.20049,-0.025,0.00207,-8E-05,1.93504,37.41884,-9.89106,-1.28398,0.53195,-0.10623,0.00972,0.00073,-0.00018,-0.13809,-49.7608,8.33013,-1.12493,0.06381,0.02837,-0.0124,0.00231,-0.00017,,,,,,,,,,,,,,,,,,,,,,,High,Medium,Medium,Medium,High,,,
239,2026-09-10,15:31:39.60,,,,,Undefined,FOR_RAM,"Rubin, Jack",10076675,Right,FOR_RAM,Undefined,1,Bottom,0,0,0,Undefined,Curveball,Undefined,Undefined,GroundBall,Undefined,0,0,,59.33791,3.295851,0.802888,1788.562789,58.930402,8:00,4.33572,0.12964,16.97834,-53.43991,-4.74012,-9.79115,2.30769,-0.09615,55.83192,-9.013898,-1.418271,0.502267,88.91467,6.173871,-20.990622,5000.175823,,,,95.54345,89.41892,-20.041898,0.797139,8.20721,-4.30449,-0.02901,50,3.88258,-1.62739,-87.73976,7.49795,6.42087,11.99456,-35.54162,FOR_RAM,,FordhamUniversity,,,20260910-FordhamUniversity-BP-1,3c32e9e0-ad4e-11f1-884b-8d6b77d225c8,75.04456,4.47806,,3.50599,,,,2.48942,2.2988,0.10906,ba7bdbee-570e-4ce4-ad5b-c43f8345b719,2026-09-10,19:31:39.60,2026-09-10T15:31:39.6070000-04:00,2026-09-10T19:31:39.6070000Z,GroundBall,v3,471298,,,,,Undefined,FOR_RAM,7c48471e-428e-44b6-8f77-210e94e79098,43.52706,-86.85037,5.99728,4.34085,4.86253,-17.77081,-0.13203,-1.15128,3.21043,,2.48942,121.04781,-15.09621,0.81895,-0.11202,-0.00669,0.00604,-0.00073,-2E-05,2.2988,14.02486,-23.51818,3.31199,-0.62892,0.14966,-0.02883,0.00505,-0.00067,0.10906,-46.44317,7.44624,-1.28404,0.25239,-0.04867,0.00791,-0.00153,0.00023,,,,,,,,,,,,,,,,,,,,,,,High,Medium,Medium,Medium,Medium,,,
240,2026-09-10,15:31:47.34,,,,,Undefined,FOR_RAM,"Rubin, Jack",10076675,Right,FOR_RAM,Undefined,1,Bottom,0,0,0,Undefined,Other,Undefined,Undefined,GroundBall,Undefined,0,0,,62.31776,2.52852,1.064622,2044.396868,62.25803,8:00,4.34343,0.1098,16.91977,-51.93129,-6.73296,-15.41961,1.87836,-0.39151,57.48928,-9.470973,-2.431829,0.483874,88.05929,-11.440248,-13.102917,,,,,12.68895,12.68895,-8.950828,0.080615,12.81926,-5.76922,0.02043,50,3.99235,-2.31208,-92.42701,6.42012,10.81497,16.951,-37.04123,FOR_RAM,,FordhamUniversity,,,20260910-FordhamUniversity-BP-1,40c62da0-ad4e-11f1-884b-8d6b77d225c8,77.89717,2.06864,,4.82848,,,,2.57831,2.06864,0.34316,ba7bdbee-570e-4ce4-ad5b-c43f8345b719,2026-09-10,19:31:47.34,2026-09-10T15:31:47.3470000-04:00,2026-09-10T19:31:47.3470000Z,GroundBall,v3,471298,,,,,Undefined,FOR_RAM,b0902def-5050-4ab3-808d-29883033ac7c,43.58474,-91.24288,8.4755,4.35046,3.83256,-18.52062,-0.1147,-1.55658,5.40748,,2.57559,123.50134,,,,,,,,2.06921,-25.66062,,,,,,,,0.3438,-28.74629,,,,,,,,,,,,,,,,,,,,,,,,,,,,,,High,Medium,Medium,Estimated,Estimated,,,
241,2026-09-10,15:32:07.21,,,,,Undefined,FOR_RAM,"Crang, Mason",10913432,Right,FOR_RAM,Undefined,1,Bottom,0,0,0,Undefined,Curveball,Undefined,Undefined,LineDrive,Undefined,0,0,,60.37903,2.597292,0.634702,1883.19734,23.856771,6:45,4.34827,0.13084,17.08451,-62.56275,-14.72371,-7.15894,1.04029,-0.0004,55.94499,-11.839911,-0.99899,0.497809,101.94532,13.370137,-39.399734,2771.276848,82.27718,6.52628,-73.00984,137.83367,125.47498,-42.542983,1.125051,6.06937,-12.39965,-0.0519,50,3.96561,-1.27464,-89.67073,6.85522,4.80176,16.38979,-41.98394,FOR_RAM,,FordhamUniversity,,,20260910-FordhamUniversity-BP-1,4c8f7380-ad4e-11f1-884b-8d6b77d225c8,75.71669,9.79178,,4.43405,,,,2.15971,1.26623,-0.05134,ba7bdbee-570e-4ce4-ad5b-c43f8345b719,2026-09-10,19:32:07.21,2026-09-10T15:32:07.2130000-04:00,2026-09-10T19:32:07.2130000Z,LineDrive,v3,471298,,,,,Undefined,FOR_RAM,f589072f-34e7-428d-bd1d-8d3fc1fc67a8,43.42186,-88.46023,8.1949,4.35741,3.7544,-20.99197,-0.13295,-0.91999,2.40088,,2.15971,112.40771,-28.06334,7.84594,-2.28865,0.70225,-0.20518,0.04725,-0.00589,1.26623,34.57502,-38.6117,8.14791,-2.42656,0.73939,-0.21609,0.04981,-0.0062,-0.05134,-92.33186,11.17709,-3.15575,0.90782,-0.27857,0.08145,-0.01877,0.00234,,,,,,,,,,,,,,,,,,,,,,,High,Medium,Medium,Low,Medium,,,
242,2026-09-10,15:32:22.02,,,,,Undefined,FOR_RAM,"Crang, Mason",10913432,Right,FOR_RAM,Undefined,1,Bottom,0,0,0,Undefined,Curveball,Undefined,Undefined,GroundBall,Undefined,0,0,,60.34179,2.332799,0.76617,1931.853068,19.449675,6:45,4.3156,0.10233,16.97019,-71.62984,-23.98029,-8.91619,0.06244,-0.07742,56.86296,-14.022583,-1.270038,0.496822,39.11105,-8.903276,-63.161753,,,,,3.37535,3.37373,-25.975024,0.030367,7.48201,-19.66576,-0.00846,50,3.96301,-1.54705,-89.66224,6.7608,5.98055,15.15346,-47.89338,FOR_RAM,,FordhamUniversity,,,20260910-FordhamUniversity-BP-1,556ae840-ad4e-11f1-884b-8d6b77d225c8,75.8671,0.2696,,3.47883,,,,2.25648,0.2696,0.05911,ba7bdbee-570e-4ce4-ad5b-c43f8345b719,2026-09-10,19:32:22.02,2026-09-10T15:32:22.0210000-04:00,2026-09-10T19:32:22.0210000Z,GroundBall,v3,471298,,,,,Undefined,FOR_RAM,853174e6-ffa6-47ce-8aeb-b5dbfc89b808,43.54151,-88.56399,7.57673,4.32721,3.28972,-23.94669,-0.10488,-1.11361,2.99027,,2.25633,25.61665,,,,,,,,0.26965,-8.88859,,,,,,,,0.05941,-50.62833,,,,,,,,,,,,,,,,,,,,,,,,,,,,,,High,Medium,Medium,Estimated,Estimated,,,
243,2026-09-10,15:32:43.98,,,,,Undefined,FOR_RAM,"Forney, Colden",1000306564,Right,FOR_RAM,Undefined,1,Bottom,0,0,0,Undefined,Other,Undefined,Undefined,LineDrive,Undefined,0,0,,62.45754,2.56115,-0.019344,2177.265553,35.211006,7:15,4.34157,0.13567,17.04802,-53.07932,-8.3404,-6.85115,1.79883,-0.44945,57.61717,-9.731648,-1.578104,0.481409,88.08384,23.625174,-2.008342,2851.56716,109.95298,39.88046,3.20733,286.90354,286.90354,8.754197,3.733035,5.54441,-7.08489,-0.13279,50,3.97769,-0.23923,-92.66416,6.58611,4.69776,17.14005,-38.17703,FOR_RAM,,FordhamUniversity,,,20260910-FordhamUniversity-BP-1,62b772c0-ad4e-11f1-884b-8d6b77d225c8,78.29608,46.50435,,4.84037,,,,1.98421,1.93261,0.44476,ba7bdbee-570e-4ce4-ad5b-c43f8345b719,2026-09-10,19:32:43.98,2026-09-10T15:32:43.9890000-04:00,2026-09-10T19:32:43.9890000Z,LineDrive,v3,471298,,,,,Undefined,FOR_RAM,5f9fc964-26ef-4068-a1ea-6ef156b48773,43.45595,-91.4457,8.57002,4.34943,3.87216,-19.08851,-0.13792,0.09473,2.34888,217.796985,1.98436,118.28397,-21.64773,4.91696,-1.00886,0.1758,-0.02172,0.00131,-0,1.9324,51.77916,-16.43122,1.04452,-0.21045,0.05992,-0.01611,0.00274,-0.00019,0.44469,-4.14553,7.67491,-1.72335,0.36981,-0.06535,0.00813,-0.00052,1E-05,,,,,,,,,,,,,,,,,,,,,,,High,High,High,High,High,,,
244,2026-09-10,15:32:49.86,,,,,Undefined,FOR_RAM,"Forney, Colden",1000306564,Right,FOR_RAM,Undefined,1,Bottom,0,0,0,Undefined,Curveball,Undefined,Undefined,GroundBall,Undefined,0,0,,60.4423,3.47003,1.153651,1794.701898,56.742472,8:00,4.35461,0.11587,17.04489,-53.52058,-6.48929,-11.71158,2.44457,-0.01341,56.5586,-8.889943,-1.507066,0.493588,83.82792,-10.149364,-30.366957,,,,,16.86863,7.18387,-25.009922,0.11597,9.89552,-5.82599,0.02724,50,3.87822,-2.28205,-89.42192,7.91423,7.98903,13.24692,-36.87759,FOR_RAM,,FordhamUniversity,,,20260910-FordhamUniversity-BP-1,6609d210-ad4e-11f1-884b-8d6b77d225c8,76.36413,2.51819,,3.8837,,,,3.15002,2.51819,-0.02036,ba7bdbee-570e-4ce4-ad5b-c43f8345b719,2026-09-10,19:32:49.86,2026-09-10T15:32:49.8630000-04:00,2026-09-10T19:32:49.8630000Z,GroundBall,v3,471298,,,,,Undefined,FOR_RAM,36007e20-8f38-443e-9278-70a858d04f08,43.46072,-88.44789,6.62346,4.36045,5.20266,-18.4388,-0.11896,-1.69463,3.99451,180,3.14562,104.65529,,,,,,,,2.5191,-21.71404,,,,,,,,-0.01778,-61.31979,,,,,,,,,,,,,,,,,,,,,,,,,,,,,,High,Medium,Medium,Low,Low,,,
245,2026-09-10,15:32:55.75,,,,,Undefined,FOR_RAM,"Forney, Colden",1000306564,Right,FOR_RAM,Undefined,1,Bottom,0,0,0,Undefined,Curveball,Undefined,Undefined,LineDrive,Undefined,0,0,,60.1851,1.589878,0.401414,1874.701442,51.612192,7:45,4.34387,0.12904,17.06331,-53.95141,-6.57248,-9.84178,1.01443,-0.39667,56.58564,-10.83619,-1.841637,0.495409,87.67233,22.275146,-3.142696,2219.561436,109.98995,35.83636,1.47692,301.98451,293.19357,7.57551,3.598797,8.1702,-5.35662,-0.07328,50,4.08151,-1.03059,-89.21764,4.97836,6.54055,13.64991,-36.4622,FOR_RAM,,FordhamUniversity,,,20260910-FordhamUniversity-BP-1,698cde50-ad4e-11f1-884b-8d6b77d225c8,76.08348,42.21529,,3.59946,,,,2.46459,1.21203,0.36349,ba7bdbee-570e-4ce4-ad5b-c43f8345b719,2026-09-10,19:32:55.75,2026-09-10T15:32:55.7570000-04:00,2026-09-10T19:32:55.7570000Z,LineDrive,v3,471298,,,,,Undefined,FOR_RAM,bdc0f640-1dab-4dcf-8283-46b7ddfdfc21,43.44207,-88.2086,6.82496,4.3499,2.28297,-18.2311,-0.13159,-0.54709,3.27028,225.924281,2.46472,118.80506,-18.01894,3.71833,-0.62477,0.06332,0.00205,-0.00173,0.00018,1.21169,48.75725,-15.70171,1.15426,-0.49961,0.2196,-0.06217,0.01007,-0.00069,0.3633,-6.51373,9.0378,-1.94009,0.25023,0.0211,-0.01725,0.00326,-0.00023,,,,,,,,,,,,,,,,,,,,,,,High,High,High,High,High,,,
246,2026-09-10,15:33:13.77,,,,,Undefined,FOR_RAM,"Rubin, Jack",10076675,Right,FOR_RAM,Undefined,1,Bottom,0,0,0,Undefined,Curveball,Undefined,Undefined,Undefined,Undefined,0,0,,60.36089,2.127629,0.448939,1886.956702,7.546767,6:15,4.32643,0.13246,17.06327,-68.56138,-20.8847,-2.94748,0.17436,0.21614,56.49107,-13.598742,-0.225188,0.496963,,,,,,,,,,,,2.53634,-16.91938,-0.07907,50,4.00023,-0.81456,-89.73139,6.29666,2.01624,16.00834,-45.624,FOR_RAM,,FordhamUniversity,,,20260910-FordhamUniversity-BP-1,74790aa0-ad4e-11f1-884b-8d6b77d225c8,75.84552,,,3.86982,,,,,,,ba7bdbee-570e-4ce4-ad5b-c43f8345b719,2026-09-10,19:33:13.77,2026-09-10T15:33:13.7720000-04:00,2026-09-10T19:33:13.7720000Z,,v3,471298,,,,,Undefined,FOR_RAM,06241ffe-c249-4e49-964b-0513180ad571,43.44656,-88.55452,8.00417,4.33985,2.94257,-22.812,-0.13351,-0.66634,1.00812,,,,,,,,,,,,,,,,,,,,,,,,,,,,,,,,,,,,,,,,,,,,,,,,,,,High,Medium,Medium,,,,,
247,2026-09-10,15:33:21.55,,,,,Undefined,FOR_RAM,"Rubin, Jack",10076675,Right,FOR_RAM,Undefined,1,Bottom,0,0,0,Undefined,Curveball,Undefined,Undefined,GroundBall,Undefined,0,0,,63.31865,2.440501,0.25177,2000.026091,47.92876,7:30,4.33494,0.13326,16.89481,-51.31381,-7.89772,-10.07367,1.85718,-0.5208,58.9343,-9.374251,-2.031704,0.474239,94.71927,-11.039185,-8.880213,,,,,11.63293,11.38483,-3.918111,0.073433,8.20126,-6.61492,-0.09759,50,3.99564,-0.81377,-93.83171,6.3583,7.21703,15.91371,-37.99513,FOR_RAM,,FordhamUniversity,,,20260910-FordhamUniversity-BP-1,78df9910-ad4e-11f1-884b-8d6b77d225c8,79.47992,1.95603,,4.38435,,,,1.69965,1.95603,0.75286,ba7bdbee-570e-4ce4-ad5b-c43f8345b719,2026-09-10,19:33:21.55,2026-09-10T15:33:21.5530000-04:00,2026-09-10T19:33:21.5530000Z,GroundBall,v3,471298,,,,,Undefined,FOR_RAM,9f2d5ab4-33b3-4cf5-acb8-08ad9995e4db,43.61009,-92.74166,7.95686,4.34203,3.75573,-18.99757,-0.13639,-0.31943,3.60852,180,1.69748,134.90011,,,,,,,,1.95646,-26.63697,,,,,,,,0.7532,-21.07706,,,,,,,,,,,,,,,,,,,,,,,,,,,,,,High,High,High,Medium,High,,,
248,2026-09-10,15:33:27.62,,,,,Undefined,FOR_RAM,"Rubin, Jack",10076675,Right,FOR_RAM,Undefined,1,Bottom,0,0,0,Undefined,Curveball,Undefined,Undefined,GroundBall,Undefined,0,0,,61.98878,2.903303,0.724679,1944.51275,44.194182,7:30,4.35472,0.10621,16.96271,-55.68798,-10.30965,-11.29642,1.85073,-0.3023,57.49621,-9.939036,-1.840391,0.484837,98.01532,8.052022,-17.789443,4294.133328,,,,75.56409,75.56409,-16.960016,0.554935,9.38209,-8.77087,-0.01582,50,3.95404,-1.60632,-91.90385,7.17726,7.87227,16.02698,-39.53345,FOR_RAM,,FordhamUniversity,,,20260910-FordhamUniversity-BP-1,7c97bf10-ad4e-11f1-884b-8d6b77d225c8,77.74251,3.54136,,4.49257,,,,2.31065,1.15992,0.43833,ba7bdbee-570e-4ce4-ad5b-c43f8345b719,2026-09-10,19:33:27.62,2026-09-10T15:33:27.6200000-04:00,2026-09-10T19:33:27.6200000Z,LineDrive,v3,471298,,,,,Undefined,FOR_RAM,65d2523f-93f2-4efb-a698-f0c9e6ec6c50,43.54285,-90.77081,8.01349,4.36265,4.38241,-19.76673,-0.10971,-1.04979,3.93614,0.259106,2.30289,135.72972,-17.3396,,,,,,,1.21814,18.72254,-37.87132,,,,,,,0.44104,-43.5559,5.4715,,,,,,,,,,,,,,,,,,,,,,,,,,,,,High,Medium,Medium,Medium,Medium,,,
249,2026-09-10,15:33:35.43,,,,,Undefined,FOR_RAM,"Rubin, Jack",10076675,Right,FOR_RAM,Undefined,1,Bottom,0,0,0,Undefined,Curveball,Undefined,Undefined,FlyBall,Undefined,0,0,,60.58707,2.345524,0.446903,1935.833768,53.117093,7:45,4.34016,0.13281,16.98159,-54.05424,-7.32221,-11.26666,1.56044,-0.47763,57.0961,-10.080669,-2.113158,0.492015,78.76321,43.562351,5.664429,,107.40718,83.28842,23.74143,263.94744,222.29333,19.895241,4.997485,9.31008,-6.16244,-0.0712,50,3.99605,-1.16375,-89.71795,6.17309,7.58819,12.98351,-37.19677,FOR_RAM,,FordhamUniversity,,,20260910-FordhamUniversity-BP-1,812a6690-ad4e-11f1-884b-8d6b77d225c8,76.60826,91.45784,,3.49098,,,,2.26336,1.71005,0.43779,ba7bdbee-570e-4ce4-ad5b-c43f8345b719,2026-09-10,19:33:35.43,2026-09-10T15:33:35.4320000-04:00,2026-09-10T19:33:35.4320000Z,FlyBall,v3,471298,,,,,Undefined,FOR_RAM,b4f35db6-df68-42bc-a899-78a34eb23320,43.52447,-88.7759,6.49176,4.34605,3.47418,-18.59839,-0.13567,-0.61317,3.79409,211.128853,2.26729,83.21433,-16.4012,3.48687,-0.34551,-0.03856,0.01561,-0.00153,4E-05,1.70943,79.61731,-20.22016,1.47569,-0.09885,-0.08177,0.03519,-0.00555,0.00031,0.43614,8.29946,5.34355,-1.33581,0.16244,0.00729,-0.00508,0.00055,-2E-05,,,,,,,,,,,,,,,,,,,,,,,High,High,High,High,Medium,,,
250,2026-09-10,15:34:09.20,,,,,Undefined,FOR_RAM,"Crang, Mason",10913432,Right,FOR_RAM,Undefined,1,Bottom,0,0,0,Undefined,Curveball,Undefined,Undefined,LineDrive,Undefined,0,0,,60.53139,3.192397,0.77173,1884.084327,4.67361,6:15,4.32641,0.12686,16.94646,-66.3537,-19.35009,-1.67476,1.14771,0.55496,57.16826,-11.983873,0.390837,0.493443,104.13629,11.770681,-27.620037,1440.211761,97.51311,8.69004,-50.90369,158.41286,158.41286,-28.110235,1.262509,1.57996,-16.09906,-0.03864,50,3.88044,-1.27498,-89.69925,7.94825,1.28254,13.42041,-45.24244,FOR_RAM,,FordhamUniversity,,,20260910-FordhamUniversity-BP-1,9552ec50-ad4e-11f1-884b-8d6b77d225c8,76.38662,9.96825,,3.36313,,,,1.81394,1.3,0.33064,ba7bdbee-570e-4ce4-ad5b-c43f8345b719,2026-09-10,19:34:09.20,2026-09-10T15:34:09.2020000-04:00,2026-09-10T19:34:09.2020000Z,LineDrive,v3,471298,,,,,Undefined,FOR_RAM,14f033df-ab20-48ce-a42b-58befe3c8c3b,43.56354,-88.73103,6.71021,4.33613,4.68422,-22.62122,-0.12728,-1.18245,0.64127,,1.81394,132.48207,-21.31406,2.96864,-0.66861,0.13845,-0.02881,0.00529,-0.00054,1.3,31.15678,-30.61283,5.27216,-1.29542,0.34385,-0.08222,0.01604,-0.00175,0.33064,-69.31896,9.50906,-1.68013,0.39427,-0.09345,0.02128,-0.00406,0.00043,,,,,,,,,,,,,,,,,,,,,,,High,Medium,Medium,Low,Medium,,,
251,2026-09-10,15:34:15.64,,,,,Undefined,FOR_RAM,"Crang, Mason",10913432,Right,FOR_RAM,Undefined,1,Bottom,0,0,0,Undefined,Curveball,Undefined,Undefined,GroundBall,Undefined,0,0,,60.20546,3.330523,1.02347,1661.291618,26.842648,7:00,4.34421,0.11258,17.01889,-62.64204,-14.17517,-7.95201,1.57271,0.2015,55.46093,-11.135774,-0.78584,0.501065,90.79007,-5.545689,-43.341124,,,,,25.74756,15.98018,-42.303885,0.215557,6.80902,-12.0676,0.00927,50,3.88642,-1.89223,-89.34635,7.90423,5.33174,16.62474,-41.62345,FOR_RAM,,FordhamUniversity,,,20260910-FordhamUniversity-BP-1,99213260-ad4e-11f1-884b-8d6b77d225c8,75.22467,2.58132,,4.74453,,,,,,,ba7bdbee-570e-4ce4-ad5b-c43f8345b719,2026-09-10,19:34:15.64,2026-09-10T15:34:15.6480000-04:00,2026-09-10T19:34:15.6480000Z,GroundBall,v3,471298,,,,,Undefined,FOR_RAM,d3bf3f7f-d6a2-4210-976a-0f48f243949d,43.48703,-88.12615,8.31237,4.35445,4.84919,-20.81172,-0.11525,-1.5009,2.66587,,-0.94858,96.41564,-17.03633,,,,,,,2.58106,-12.85305,4.08427,,,,,,,2.87958,-91.03653,-12.6311,,,,,,,,,,,,,,,,,,,,,,,,,,,,,High,Medium,Medium,Low,Low,,,
252,2026-09-10,15:34:59.57,,,,,Undefined,FOR_RAM,"Forney, Colden",1000306564,Right,FOR_RAM,Undefined,1,Bottom,0,0,0,Undefined,Curveball,Undefined,Undefined,Popup,Undefined,0,0,,64.64533,3.326745,0.33688,2294.103263,46.087784,7:30,4.34353,0.12026,16.91127,-50.96743,-8.77111,-10.49288,2.54803,-0.50615,59.24959,-8.46338,-2.040026,0.467529,69.02891,36.633885,62.763761,4918.562093,39.74877,46.95904,102.56705,197.94279,95.1572,72.92176,3.294,8.55158,-7.68689,-0.07611,50,3.90852,-0.97036,-95.83863,7.9005,7.72866,18.71482,-39.12125,FOR_RAM,,FordhamUniversity,,,20260910-FordhamUniversity-BP-1,b3580320-ad4e-11f1-884b-8d6b77d225c8,80.62052,47.054,,5.39574,,,,0.81911,2.28899,0.69297,ba7bdbee-570e-4ce4-ad5b-c43f8345b719,2026-09-10,19:34:59.57,2026-09-10T15:34:59.5790000-04:00,2026-09-10T19:34:59.5790000Z,FlyBall,v3,471298,,,,,Undefined,FOR_RAM,a7dbf267-f395-4513-bc00-4ff31e67d6a0,43.59256,-94.57915,9.35741,4.35162,5.26769,-19.56062,-0.12391,-0.45023,3.86433,,0.81914,37.1833,-12.10395,3.19798,-0.60491,0.04876,0.01637,-0.00582,0.00056,2.28888,60.41314,-23.07972,2.36149,-0.56936,0.18642,-0.0582,0.01054,-0.00076,0.69297,72.23696,-9.01531,2.25079,-0.40514,0.04251,0.00531,-0.00282,0.00031,,,,,,,,,,,,,,,,,,,,,,,High,High,High,Medium,Low,,,
253,2026-09-10,15:35:07.46,,,,,Undefined,FOR_RAM,"Forney, Colden",1000306564,Right,FOR_RAM,Undefined,1,Bottom,0,0,0,Undefined,Curveball,Undefined,Undefined,Undefined,Undefined,0,0,,61.28014,3.011336,0.611104,1851.683435,22.652212,6:45,4.36703,0.11517,17.12713,-57.28019,-11.51087,-5.31382,1.8013,0.11993,57.23936,-10.219309,-0.600374,0.486921,,,,,,,,,,,,4.53532,-9.85052,-0.03949,50,3.93549,-1.18971,-90.81737,7.46555,3.74685,14.64168,-40.31205,FOR_RAM,,FordhamUniversity,,,20260910-FordhamUniversity-BP-1,b806e530-ad4e-11f1-884b-8d6b77d225c8,77.40976,,,4.04077,,,,,,,ba7bdbee-570e-4ce4-ad5b-c43f8345b719,2026-09-10,19:35:07.46,2026-09-10T15:35:07.4690000-04:00,2026-09-10T19:35:07.4690000Z,,v3,471298,,,,,Undefined,FOR_RAM,db435944-9539-401a-ba1b-0132b085a57c,43.37904,-89.74358,7.32084,4.37459,4.50916,-20.15603,-0.11667,-0.91492,1.87343,,,,,,,,,,,,,,,,,,,,,,,,,,,,,,,,,,,,,,,,,,,,,,,,,,,High,Medium,Medium,,,,,
254,2026-09-10,15:35:16.87,,,,,Undefined,FOR_RAM,"Forney, Colden",1000306564,Right,FOR_RAM,Undefined,1,Bottom,0,0,0,Undefined,Other,Undefined,Undefined,LineDrive,Undefined,0,0,,62.81165,1.583338,0.800478,2102.148223,49.499643,7:45,4.35998,0.12344,17.2106,-51.7016,-8.00241,-10.87634,1.20923,-0.19779,58.28654,-10.407302,-1.686704,0.475782,91.64088,15.180515,-13.476002,1364.386119,108.06119,21.69995,-20.55752,267.65455,264.57211,-7.320885,2.697186,9.18701,-6.57181,-0.01977,50,4.09819,-1.76403,-93.25332,5.08268,7.91267,16.88725,-37.83429,FOR_RAM,,FordhamUniversity,,,20260910-FordhamUniversity-BP-1,be05edf0-ad4e-11f1-884b-8d6b77d225c8,79.22208,23.34837,,4.52511,,,,2.46193,1.3983,0.16759,ba7bdbee-570e-4ce4-ad5b-c43f8345b719,2026-09-10,19:35:16.87,2026-09-10T15:35:16.8740000-04:00,2026-09-10T19:35:16.8740000Z,LineDrive,v3,471298,,,,,Undefined,FOR_RAM,cd0424cb-65f2-47ef-826a-67bf3282fe20,43.29405,-92.03092,8.44363,4.36698,2.34403,-18.91714,-0.12674,-1.19126,3.95634,231.202315,2.46192,126.14523,-15.15751,2.56343,-0.48624,0.08649,-0.01398,0.00173,-0.0001,1.39822,35.19894,-15.09574,0.93387,-0.13496,-0.00928,0.02248,-0.00667,0.00068,0.16745,-30.2231,10.12551,-2.1282,0.48434,-0.16189,0.06301,-0.01483,0.00141,,,,,,,,,,,,,,,,,,,,,,,High,Medium,Medium,High,High,,,
255,2026-09-10,15:35:56.16,,,,,Undefined,FOR_RAM,"Rubin, Jack",10076675,Right,FOR_RAM,Undefined,1,Bottom,0,0,0,Undefined,Other,Undefined,Undefined,GroundBall,Undefined,0,0,,62.48132,3.089664,0.509789,2143.41013,44.578487,7:30,4.36564,0.11482,17.05217,-52.53924,-8.43245,-9.45245,2.25652,-0.29885,58.31161,-9.04522,-1.639685,0.477996,84.58025,-19.289081,1.434164,,,,,8.04408,8.04408,3.265568,0.055396,7.84493,-7.2917,-0.04814,50,3.93735,-1.21616,-92.53092,7.48305,6.74926,14.79614,-38.44737,FOR_RAM,,FordhamUniversity,,,20260910-FordhamUniversity-BP-1,d52b11e0-ad4e-11f1-884b-8d6b77d225c8,78.85514,2.27497,,4.16971,,,,1.53278,2.27497,0.29553,ba7bdbee-570e-4ce4-ad5b-c43f8345b719,2026-09-10,19:35:56.16,2026-09-10T15:35:56.1690000-04:00,2026-09-10T19:35:56.1690000Z,GroundBall,v3,471298,,,,,Undefined,FOR_RAM,e47aa788-ed38-4665-975b-5f39d27c348c,43.4533,-91.47809,7.39807,4.37248,4.74728,-19.22368,-0.11759,-0.73591,3.37463,,1.53051,117.3048,,,,,,,,2.27577,-41.06732,,,,,,,,0.29548,2.93686,,,,,,,,,,,,,,,,,,,,,,,,,,,,,,High,High,High,Estimated,Estimated,,,
256,2026-09-10,15:36:02.58,,,,,Undefined,FOR_RAM,"Rubin, Jack",10076675,Right,FOR_RAM,Undefined,1,Bottom,0,0,0,Undefined,Curveball,Undefined,Undefined,FlyBall,Undefined,0,0,,61.93546,2.906315,0.591205,1924.797086,47.869707,7:30,4.35697,0.10911,17.08539,-53.53058,-8.40245,-10.71256,2.02869,-0.35017,57.47009,-9.484564,-1.847636,0.483498,94.27542,26.98334,-11.649976,3364.653656,108.87036,53.38967,-15.72399,343.74037,323.56371,-0.355143,5.241291,8.93851,-7.31166,-0.0316,50,3.94618,-1.388,-91.81847,7.17233,7.49996,15.7678,-38.30899,FOR_RAM,,FordhamUniversity,,,20260910-FordhamUniversity-BP-1,d8e55ac0-ad4e-11f1-884b-8d6b77d225c8,77.95773,77.63365,,4.46536,,,,2.24115,2.11071,0.35717,ba7bdbee-570e-4ce4-ad5b-c43f8345b719,2026-09-10,19:36:02.58,2026-09-10T15:36:02.5830000-04:00,2026-09-10T19:36:02.5830000Z,FlyBall,v3,471298,,,,,Undefined,FOR_RAM,b14663b2-08f5-4843-9996-39126089c9d2,43.41971,-90.68141,7.8839,4.36379,4.40976,-19.15449,-0.11219,-0.84715,3.74998,206.01587,2.24169,120.67221,-22.98511,4.93386,-0.99369,0.18166,-0.02751,0.00283,-0.00013,2.11217,62.69578,-13.52357,-0.09872,0.30422,-0.13029,0.03216,-0.00405,0.0002,0.3568,-24.88058,11.74965,-3.06354,0.67453,-0.11803,0.01517,-0.0013,5E-05,,,,,,,,,,,,,,,,,,,,,,,High,High,High,Medium,Medium,,,
257,2026-09-10,15:36:35.17,,,,,Undefined,FOR_RAM,"Crang, Mason",10913432,Right,FOR_RAM,Undefined,1,Bottom,0,0,0,Undefined,Curveball,Undefined,Undefined,LineDrive,Undefined,0,0,,62.0613,2.678957,0.350568,2032.31504,44.932491,7:30,4.34861,0.12909,17.00755,-52.52483,-8.1993,-9.19941,1.94063,-0.38005,58.5764,-9.400401,-1.740133,0.47918,85.7379,18.674269,16.987444,2901.549321,101.90723,28.93475,41.41114,282.0179,269.33142,29.345801,3.153622,7.58453,-6.9252,-0.08032,50,3.96773,-0.95175,-91.84067,6.79663,6.51185,12.93759,-38.11981,FOR_RAM,,FordhamUniversity,,,20260910-FordhamUniversity-BP-1,ec69ff60-ad4e-11f1-884b-8d6b77d225c8,78.66034,31.76806,,3.48491,,,,0.60383,1.87431,0.40934,ba7bdbee-570e-4ce4-ad5b-c43f8345b719,2026-09-10,19:36:35.17,2026-09-10T15:36:35.1730000-04:00,2026-09-10T19:36:35.1730000Z,LineDrive,v3,471298,,,,,Undefined,FOR_RAM,884ebca1-6b49-43bf-83fc-219d307d0daf,43.49873,-90.92022,6.46879,4.35481,4.08459,-19.05991,-0.13155,-0.48846,3.25593,233.363648,0.60385,113.93062,-19.19362,3.98147,-0.70637,0.07932,0.00121,-0.00219,0.00027,1.87427,40.26295,-13.82046,0.05169,0.08367,0.01715,-0.01846,0.00553,-0.00058,0.40936,34.80244,6.26986,-2.18265,0.59765,-0.12577,0.01967,-0.00184,7E-05,,,,,,,,,,,,,,,,,,,,,,,High,High,High,Medium,High,,,
258,2026-09-10,15:36:41.10,,,,,Undefined,FOR_RAM,"Crang, Mason",10913432,Right,FOR_RAM,Undefined,1,Bottom,0,0,0,Undefined,Curveball,Undefined,Undefined,LineDrive,Undefined,0,0,,60.55284,3.641489,0.916473,1717.424583,43.331313,7:30,4.34567,0.11799,17.0036,-56.96416,-10.01953,-10.5669,2.27743,-0.08934,56.73856,-9.47772,-1.483157,0.493133,86.82309,20.732061,4.443679,2616.261099,108.48681,34.23848,18.18268,292.27986,289.06765,17.787281,3.534189,8.83508,-8.6456,-0.00487,50,3.85261,-1.85548,-89.59767,8.29491,7.16029,13.3112,-39.18078,FOR_RAM,,FordhamUniversity,,,20260910-FordhamUniversity-BP-1,efe395c0-ad4e-11f1-884b-8d6b77d225c8,76.43459,38.86907,,3.81428,,,,0.80652,2.40229,0.01211,ba7bdbee-570e-4ce4-ad5b-c43f8345b719,2026-09-10,19:36:41.10,2026-09-10T15:36:41.1010000-04:00,2026-09-10T19:36:41.1010000Z,LineDrive,v3,471298,,,,,Undefined,FOR_RAM,bd0cb3b4-dadb-4188-8a1b-6b91d59d80cf,43.50302,-88.62718,6.6556,4.35324,5.43833,-19.59039,-0.12112,-1.33344,3.58014,232.509608,0.80625,118.74528,-19.56621,4.01271,-0.85848,0.20373,-0.04802,0.00766,-0.00051,2.40257,45.06966,-14.44079,0.05452,0.29924,-0.13591,0.03864,-0.00543,0.00027,0.01216,9.22589,10.23175,-3.36732,0.92943,-0.2162,0.04132,-0.00522,0.00029,,,,,,,,,,,,,,,,,,,,,,,High,Medium,Medium,High,High,,,
259,2026-09-10,15:36:47.50,,,,,Undefined,FOR_RAM,"Crang, Mason",10913432,Right,FOR_RAM,Undefined,1,Bottom,0,0,0,Undefined,Curveball,Undefined,Undefined,GroundBall,Undefined,0,0,,60.11124,1.515283,0.579919,1802.300983,29.16724,7:00,4.34747,0.11823,17.09952,-58.64058,-11.5452,-7.0602,0.57157,-0.0451,57.05016,-11.938277,-1.032859,0.493925,64.47991,-29.581842,-65.654667,,,,,3.29819,2.48541,-22.025621,0.016855,5.963,-9.46658,-0.04363,50,4.08388,-1.20334,-89.09755,5.11101,4.79756,12.69517,-39.7904,FOR_RAM,,FordhamUniversity,,,20260910-FordhamUniversity-BP-1,f3b7f650-ad4e-11f1-884b-8d6b77d225c8,76.31214,0.78796,,3.06108,,,,2.48525,0.78796,0.02777,ba7bdbee-570e-4ce4-ad5b-c43f8345b719,2026-09-10,19:36:47.50,2026-09-10T15:36:47.5000000-04:00,2026-09-10T19:36:47.5000000Z,GroundBall,v3,471298,,,,,Undefined,FOR_RAM,563ac9ec-2377-458d-a155-9d9933bfa0ff,43.40774,-88.15324,6.34759,4.35397,2.15127,-19.8952,-0.11987,-0.84648,2.39878,,2.48512,33.94951,,,,,,,,0.78814,-46.74945,,,,,,,,0.02804,-75.03149,,,,,,,,,,,,,,,,,,,,,,,,,,,,,,High,Medium,Medium,Estimated,Estimated,,,
260,2026-09-10,15:37:39.82,,,,,Undefined,FOR_RAM,"Forney, Colden",1000306564,Right,FOR_RAM,Undefined,1,Bottom,0,0,0,Undefined,Other,Undefined,Undefined,GroundBall,Undefined,0,0,,63.90142,1.647297,0.078919,2215.301073,44.794185,7:30,4.3552,0.11483,17.15496,-51.19676,-8.988,-10.11138,1.2948,-0.67003,59.44383,-10.198825,-2.229756,0.467598,77.82433,-39.193721,-55.49518,,,,,3.54289,2.52767,-17.779574,0.023554,8.27508,-7.35229,-0.09687,50,4.09091,-0.56041,-94.84096,5.21739,7.39966,16.97168,-38.74853,FOR_RAM,,FordhamUniversity,,,20260910-FordhamUniversity-BP-1,12dcfc10-ad4f-11f1-884b-8d6b77d225c8,80.60865,1.7024,,4.45759,,,,2.19098,1.7024,0.63868,ba7bdbee-570e-4ce4-ad5b-c43f8345b719,2026-09-10,19:37:39.82,2026-09-10T15:37:39.8260000-04:00,2026-09-10T19:37:39.8260000Z,GroundBall,v3,471298,,,,,Undefined,FOR_RAM,a441350c-33d9-4b04-82d4-71a7fa6bb24b,43.34998,-93.64338,8.48584,4.3626,2.48317,-19.37427,-0.11799,-0.03827,3.69983,,2.1906,50.21229,,,,,,,,1.70295,-72.27669,,,,,,,,0.63924,-73.04617,,,,,,,,,,,,,,,,,,,,,,,,,,,,,,High,High,High,Low,Low,,,
261,2026-09-10,15:37:46.56,,,,,Undefined,FOR_RAM,"Forney, Colden",1000306564,Right,FOR_RAM,Undefined,1,Bottom,0,0,0,Undefined,Curveball,Undefined,Undefined,Undefined,Undefined,0,0,,62.03775,1.616312,0.336648,1939.367646,55.903515,7:45,4.33917,0.12721,17.05786,-49.99928,-5.51654,-9.79473,1.35862,-0.44205,58.32892,-9.909343,-1.893755,0.480029,,,,,,,,,,,,8.01804,-4.32343,-0.08091,50,4.08362,-0.93796,-91.91145,4.95155,6.84008,13.96923,-35.86231,FOR_RAM,,FordhamUniversity,,,20260910-FordhamUniversity-BP-1,16ea1fe0-ad4f-11f1-884b-8d6b77d225c8,78.52124,,,3.70883,,,,,,,ba7bdbee-570e-4ce4-ad5b-c43f8345b719,2026-09-10,19:37:46.56,2026-09-10T15:37:46.5630000-04:00,2026-09-10T19:37:46.5630000Z,,v3,471298,,,,,Undefined,FOR_RAM,ad75efc3-e51a-4345-9218-eb9515d46d75,43.44689,-90.91001,6.98461,4.34644,2.38063,-17.93116,-0.13058,-0.44761,3.42004,,,,,,,,,,,,,,,,,,,,,,,,,,,,,,,,,,,,,,,,,,,,,,,,,,,High,High,High,,,,,
262,2026-09-10,15:37:53.69,,,,,Undefined,FOR_RAM,"Forney, Colden",1000306564,Right,FOR_RAM,Undefined,1,Bottom,0,0,0,Undefined,Curveball,Undefined,Undefined,GroundBall,Undefined,0,0,,62.2026,2.245406,0.893609,1964.584012,28.184451,7:00,4.31443,0.14018,16.93093,-61.53452,-16.90233,-9.65831,0.83979,-0.0071,58.59542,-11.832668,-1.303559,0.480834,87.21466,-2.591334,-48.899937,3661.371624,,,,41.00435,41.00435,-43.13516,0.317805,8.1113,-13.93922,-0.0312,50,3.9812,-1.83563,-92.24187,6.42361,6.93702,14.66539,-44.09526,FOR_RAM,,FordhamUniversity,,,20260910-FordhamUniversity-BP-1,1b687c10-ad4f-11f1-884b-8d6b77d225c8,78.38965,2.3389,,3.60719,,,,2.91909,2.3389,0.44259,ba7bdbee-570e-4ce4-ad5b-c43f8345b719,2026-09-10,19:37:53.69,2026-09-10T15:37:53.6960000-04:00,2026-09-10T19:37:53.6960000Z,GroundBall,v3,471298,,,,,Undefined,FOR_RAM,c5254cea-07e1-4c22-a508-fd5bad37ede3,43.57774,-91.21509,7.33269,4.32287,3.33633,-22.04763,-0.14271,-1.34994,3.46851,,2.91619,84.12419,2.71442,,,,,,,2.33737,-5.71917,-5.13284,,,,,,,0.43838,-96.11818,20.56422,,,,,,,,,,,,,,,,,,,,,,,,,,,,,High,Medium,Medium,Low,Medium,,,
263,2026-09-10,15:38:01.90,,,,,Undefined,FOR_RAM,"Forney, Colden",1000306564,Right,FOR_RAM,Undefined,1,Bottom,0,0,0,Undefined,Curveball,Undefined,Undefined,LineDrive,Undefined,0,0,,60.8132,2.757588,0.552618,1903.341768,19.786782,6:45,4.33888,0.11536,17.04959,-59.96133,-14.14867,-5.43603,1.36711,0.06785,57.93081,-10.981728,-0.685821,0.487152,94.52964,22.194895,-28.665065,1684.836367,97.61085,40.05383,-50.71579,327.1748,320.03468,-29.452602,4.180141,4.60496,-11.9432,-0.04588,50,3.93196,-1.10628,-89.99295,7.19181,3.82036,11.63676,-42.08239,FOR_RAM,,FordhamUniversity,,,20260910-FordhamUniversity-BP-1,1fffde80-ad4f-11f1-884b-8d6b77d225c8,77.3731,51.75432,,2.88239,,,,2.8025,2.10507,0.03835,ba7bdbee-570e-4ce4-ad5b-c43f8345b719,2026-09-10,19:38:01.90,2026-09-10T15:38:01.9080000-04:00,2026-09-10T19:38:01.9080000Z,LineDrive,v3,471298,,,,,Undefined,FOR_RAM,8cc67a04-b3f4-4c24-b298-8b54c4f36b6b,43.45879,-89.14311,5.81838,4.34496,4.11851,-21.04119,-0.11649,-0.82728,1.91018,,2.80228,112.64426,-20.24003,4.14148,-0.87906,0.20768,-0.04864,0.0079,-0.00054,2.1064,52.33809,-14.01258,-0.534,0.70623,-0.32141,0.08919,-0.01277,0.00072,0.0386,-61.58514,13.585,-4.22345,1.16659,-0.29932,0.06536,-0.00941,0.00059,,,,,,,,,,,,,,,,,,,,,,,High,Medium,Medium,Medium,Medium,,,
264,2026-09-10,15:38:27.44,,,,,Undefined,FOR_RAM,"Crang, Mason",10913432,Right,FOR_RAM,Undefined,1,Bottom,0,0,0,Undefined,Curveball,Undefined,Undefined,FlyBall,Undefined,0,0,,60.96732,2.931165,0.710382,1727.749461,356.276177,6:00,4.34472,0.11879,17.13645,-74.92087,-29.76419,1.99039,0.24962,0.80483,58.89908,-14.146501,1.166808,0.483651,93.58767,39.239019,-23.721728,3673.343269,101.61798,85.6308,-42.1163,321.36408,192.64037,-20.654697,5.808572,-1.4787,-25.01104,-0.03917,50,3.88852,-1.02952,-90.38151,8.26163,-1.24075,11.39523,-53.16057,FOR_RAM,,FordhamUniversity,,,20260910-FordhamUniversity-BP-1,2f4a0dc0-ad4f-11f1-884b-8d6b77d225c8,77.93307,116.12367,,2.06824,,,,1.4256,1.08824,-0.65459,ba7bdbee-570e-4ce4-ad5b-c43f8345b719,2026-09-10,19:38:27.44,2026-09-10T15:38:27.4450000-04:00,2026-09-10T19:38:27.4450000Z,FlyBall,v3,471298,,,,,Undefined,FOR_RAM,33bdec2d-7c6d-492f-98a7-2f47c5c1c364,43.37865,-89.5428,5.69762,4.35261,4.34893,-26.58029,-0.1183,-1.12085,-0.62038,,1.43079,97.23303,-21.37106,4.82454,-0.63749,0.01442,0.00908,-0.00121,5E-05,1.08712,86.83764,-18.18285,0.84901,-0.05955,-0.02296,0.01123,-0.00174,9E-05,-0.65699,-42.72237,11.54948,-2.77083,0.39209,-0.0141,-0.0049,0.00074,-3E-05,,,,,,,,,,,,,,,,,,,,,,,High,Medium,Medium,Low,Low,,,
265,2026-09-10,15:38:33.60,,,,,Undefined,FOR_RAM,"Crang, Mason",10913432,Right,FOR_RAM,Undefined,1,Bottom,0,0,0,Undefined,Curveball,Undefined,Undefined,GroundBall,Undefined,0,0,,61.00771,2.471262,0.914472,1818.504556,66.0216,8:15,4.35063,0.11965,17.0649,-50.45979,-4.79551,-13.10139,1.9596,-0.30134,57.6668,-9.157155,-2.065705,0.486362,,,,,,,,,,,,10.94245,-4.09402,-0.00141,50,3.98969,-1.99798,-90.26203,6.31379,9.09641,12.19941,-35.57738,FOR_RAM,,FordhamUniversity,,,20260910-FordhamUniversity-BP-1,32e6bc80-ad4f-11f1-884b-8d6b77d225c8,77.49874,,,3.34091,,,,,,,ba7bdbee-570e-4ce4-ad5b-c43f8345b719,2026-09-10,19:38:33.60,2026-09-10T15:38:33.6030000-04:00,2026-09-10T19:38:33.6030000Z,,v3,471298,,,,,Undefined,FOR_RAM,be15a256-b2cf-4ce2-9203-884481811973,43.441,-89.37115,6.0997,4.3559,3.71569,-17.78869,-0.12306,-1.3337,4.54821,,,,,,,,,,,,,,,,,,,,,,,,,,,,,,,,,,,,,,,,,,,,,,,,,,,High,Medium,Medium,,,,,
266,2026-09-10,15:38:40.26,,,,,Undefined,FOR_RAM,"Crang, Mason",10913432,Right,FOR_RAM,Undefined,1,Bottom,0,0,0,Undefined,Curveball,Undefined,Undefined,FlyBall,Undefined,0,0,,60.32263,2.454595,0.851732,1810.534723,49.807814,7:45,4.35144,0.12184,17.12116,-55.36172,-7.47367,-10.62075,1.53723,-0.13929,55.64651,-10.389692,-1.570147,0.498064,87.77574,31.858237,20.446861,4805.963891,97.51569,57.92507,50.89813,294.76803,258.36926,39.073171,4.496912,8.91012,-6.26162,-0.01602,50,3.99241,-1.73482,-89.5304,6.32139,7.02871,16.31272,-37.11351,FOR_RAM,,FordhamUniversity,,,20260910-FordhamUniversity-BP-1,36e428e0-ad4f-11f1-884b-8d6b77d225c8,75.67792,68.60083,,4.67613,,,,0.98198,1.40823,-0.00706,ba7bdbee-570e-4ce4-ad5b-c43f8345b719,2026-09-10,19:38:40.26,2026-09-10T15:38:40.2690000-04:00,2026-09-10T19:38:40.2690000Z,FlyBall,v3,471298,,,,,Undefined,FOR_RAM,3c0f5da4-0ac1-46fc-a92b-91d1956a7b3a,43.38272,-88.31648,8.15636,4.36006,3.55957,-18.55676,-0.12566,-1.21178,3.51435,225.668739,0.9827,102.44254,-25.60912,6.47494,-1.47501,0.32704,-0.06994,0.01043,-0.00067,1.41001,67.90395,-18.62184,0.23002,0.64726,-0.3468,0.09707,-0.01355,0.00073,-0.00665,38.18886,5.05261,-2.85599,1.0006,-0.27092,0.05343,-0.00628,0.00031,,,,,,,,,,,,,,,,,,,,,,,High,Medium,Medium,High,Medium,,,
267,2026-09-10,15:40:41.12,,,,,Undefined,FOR_RAM,"Hanawalt, Chase",1000367090,Left,FOR_RAM,Undefined,1,Bottom,0,0,0,Undefined,,Undefined,Undefined,Undefined,Undefined,0,0,,62.39705,0.96802,-3.186062,1951.084286,,,4.78731,0.46752,16.99522,,,,2.45688,-0.42626,56.49776,-7.630764,0.754645,0.486163,,,,,,,,,,,,-15.06387,7.70721,-0.83423,50,4.6229,5.74703,-92.48113,3.28256,-12.53071,18.86055,-25.76288,FOR_RAM,,FordhamUniversity,,,20260910-FordhamUniversity-BP-1,7f1c0380-ad4f-11f1-884b-8d6b77d225c8,77.53039,,,5.89929,,,,,,,ba7bdbee-570e-4ce4-ad5b-c43f8345b719,2026-09-10,19:40:41.12,2026-09-10T15:40:41.1280000-04:00,2026-09-10T19:40:41.1280000Z,,v3,471298,,,,,Undefined,FOR_RAM,c2600dae-83c4-4d1e-b62f-01f01df311c9,43.50286,-91.14648,9.43028,4.79068,1.45947,-12.88144,-0.45892,4.8603,-6.26535,,,,,,,,,,,,,,,,,,,,,,,,,,,,,,,,,,,,,,,,,,,,,,,,,,,Low,Low,Low,,,,,
268,2026-09-10,15:40:46.12,,,,,Undefined,FOR_RAM,"Crang, Mason",10913432,Right,FOR_RAM,Undefined,1,Bottom,0,0,0,Undefined,Curveball,Undefined,Undefined,GroundBall,Undefined,0,0,,60.63555,3.577022,0.62847,1896.919036,52.444211,7:45,4.35421,0.12509,16.99997,-55.62275,-8.05878,-12.34009,2.35025,-0.44156,55.93886,-9.297245,-2.172741,0.496376,96.93114,4.610493,35.504386,3407.41415,,,,86.06423,81.42693,37.349594,0.649968,10.21701,-7.20083,-0.04442,50,3.87304,-1.45899,-89.85958,8.0974,8.16223,15.80682,-37.92668,FOR_RAM,,FordhamUniversity,,,20260910-FordhamUniversity-BP-1,81e0c8d0-ad4f-11f1-884b-8d6b77d225c8,75.93532,3.41746,,4.69669,,,,2.08374,2.04346,0.64899,ba7bdbee-570e-4ce4-ad5b-c43f8345b719,2026-09-10,19:40:46.12,2026-09-10T15:40:46.1280000-04:00,2026-09-10T19:40:46.1280000Z,GroundBall,v3,471298,,,,,Undefined,FOR_RAM,9474c4ec-a8db-40ad-a793-dda4df9baf39,43.5048,-88.70968,7.90341,4.36175,5.33834,-18.96334,-0.12896,-0.86521,4.08112,,2.12569,114.48425,-19.31309,,,,,,,2.08179,10.62781,-21.36313,,,,,,,0.64403,82.4053,-4.70453,,,,,,,,,,,,,,,,,,,,,,,,,,,,,High,Medium,Medium,High,High,,,
269,2026-09-10,15:40:55.18,,,,,Undefined,FOR_RAM,"Hanawalt, Chase",1000367090,Left,FOR_RAM,Undefined,1,Bottom,0,0,0,Undefined,Curveball,Undefined,Undefined,FlyBall,Undefined,0,0,,61.18902,3.419483,0.237329,1882.098567,50.120055,7:45,4.36221,0.11854,17.03044,-50.72337,-4.73244,-7.08764,2.64842,-0.29788,57.09851,-8.310991,-1.37196,0.488099,94.35493,34.96954,2.525477,,109.99994,71.06275,0.10676,315.42105,313.60697,-7.783599,5.415236,5.82937,-4.32725,-0.08525,50,3.89817,-0.66255,-90.5296,7.78017,4.8149,13.79873,-35.74824,FOR_RAM,,FordhamUniversity,,,20260910-FordhamUniversity-BP-1,876a5370-ad4f-11f1-884b-8d6b77d225c8,77.223,96.29298,,4.09051,,,,0.74075,2.28493,0.21765,ba7bdbee-570e-4ce4-ad5b-c43f8345b719,2026-09-10,19:40:55.18,2026-09-10T15:40:55.1880000-04:00,2026-09-10T19:40:55.1880000Z,FlyBall,v3,471298,,,,,Undefined,FOR_RAM,e0073dff-2f62-4774-8275-7a60d67890ec,43.47393,-89.52936,6.89936,4.36822,5.18884,-17.87412,-0.12063,-0.31353,2.40745,159.704903,0.74288,113.24779,-23.11615,5.01647,-0.96855,0.17172,-0.02688,0.00286,-0.00013,2.28293,79.35923,-20.71781,2.73931,-0.67865,0.10697,-0.00627,-0.00035,4E-05,0.21891,4.9698,-5.29479,1.04601,-0.15232,0.01635,-0.00187,0.00023,-1E-05,,,,,,,,,,,,,,,,,,,,,,,High,High,High,Low,Medium,,,
270,2026-09-10,15:41:20.67,,,,,Undefined,FOR_RAM,"Markey, Tommy",10084492,Left,FOR_RAM,Undefined,1,Bottom,0,0,0,Undefined,Curveball,Undefined,Undefined,LineDrive,Undefined,0,0,,61.29733,3.477254,0.830717,1727.566146,31.277591,7:00,4.36192,0.12,17.00516,-55.39357,-9.1913,-6.36878,2.30329,0.19948,56.91733,-9.316338,-0.615542,0.489219,93.82077,6.350609,-4.06109,2053.60231,,,,136.92219,37.09533,2.957987,1.116809,5.413,-7.95973,-0.02094,50,3.89261,-1.5647,-90.77454,8.02246,4.45351,15.01857,-38.72288,FOR_RAM,,FordhamUniversity,,,20260910-FordhamUniversity-BP-1,96813db0-ad4f-11f1-884b-8d6b77d225c8,77.04618,5.99662,,4.38,,,,1.27185,2.40736,0.85614,ba7bdbee-570e-4ce4-ad5b-c43f8345b719,2026-09-10,19:41:20.67,2026-09-10T15:41:20.6770000-04:00,2026-09-10T19:41:20.6770000Z,GroundBall,v3,471298,,,,,Undefined,FOR_RAM,6e6996c9-e606-4de5-9a88-772dd0f296ca,43.49989,-89.69266,7.50928,4.37005,5.233,-19.36144,-0.1221,-1.24388,2.22676,266.063515,1.33475,135.66362,-12.96045,,,,,,,2.45937,14.59076,-15.07548,,,,,,,0.68147,-7.53295,11.98871,,,,,,,,,,,,,,,,,,,,,,,,,,,,,High,Medium,Medium,Medium,Low,,,
271,2026-09-10,15:41:27.54,,,,,Undefined,FOR_RAM,"Markey, Tommy",10084492,Left,FOR_RAM,Undefined,1,Bottom,0,0,0,Undefined,Curveball,Undefined,Undefined,LineDrive,Undefined,0,0,,59.18735,3.105141,0.917091,1603.834845,49.59673,7:45,4.37102,0.11969,17.14305,-57.72275,-7.59422,-10.90819,1.83661,-0.11786,54.14283,-10.329066,-1.569759,0.509582,92.14822,6.880326,29.299782,1483.505849,93.16261,7.2997,58.48683,173.34283,161.35199,34.258799,1.529339,9.19552,-6.64626,-0.00628,50,3.93304,-1.80595,-87.8695,7.28848,6.91816,16.82124,-37.1743,FOR_RAM,,FordhamUniversity,,,20260910-FordhamUniversity-BP-1,9a94a310-ad4f-11f1-884b-8d6b77d225c8,73.96741,7.75173,,5.04452,,,,1.91738,2.00511,0.3966,ba7bdbee-570e-4ce4-ad5b-c43f8345b719,2026-09-10,19:41:27.54,2026-09-10T15:41:27.5450000-04:00,2026-09-10T19:41:27.5450000Z,GroundBall,v3,471298,,,,,Undefined,FOR_RAM,e48135cd-e297-4e04-ad1b-14c22f08c385,43.36029,-86.5891,8.41062,4.38013,4.45885,-18.58715,-0.1237,-1.27936,3.45908,,1.91738,117.01208,-21.48859,4.64609,-0.95187,0.19661,-0.03942,0.00631,-0.00055,2.00511,16.19049,-11.24619,-0.3448,0.21705,-0.07118,0.01823,-0.00323,0.00031,0.3966,65.66353,-2.18621,0.6614,-0.11489,0.02069,-0.00336,0.00045,-4E-05,,,,,,,,,,,,,,,,,,,,,,,High,Medium,Medium,Medium,Medium,,,
272,2026-09-10,15:42:06.00,,,,,Undefined,FOR_RAM,"Kaufman, Taylor",10314665,Right,FOR_RAM,Undefined,1,Bottom,0,0,0,Undefined,Curveball,Undefined,Undefined,Undefined,Undefined,0,0,,59.83718,3.509475,1.245911,1727.94887,51.797308,7:45,4.36206,0.1183,17.01726,-55.47727,-7.1037,-10.71229,2.31981,0.14063,55.67881,-9.309556,-1.186657,0.500582,,,,,,,,,,,,9.14658,-6.44288,0.03363,50,3.88147,-2.35711,-88.58206,7.9559,7.18441,14.00547,-37.23475,FOR_RAM,,FordhamUniversity,,,20260910-FordhamUniversity-BP-1,b176f1a0-ad4f-11f1-884b-8d6b77d225c8,75.29719,,,4.15836,,,,,,,ba7bdbee-570e-4ce4-ad5b-c43f8345b719,2026-09-10,19:42:06.00,2026-09-10T15:42:06.0070000-04:00,2026-09-10T19:42:06.0070000Z,,v3,471298,,,,,Undefined,FOR_RAM,a9225f0e-0cbc-49f4-a680-fdacd9c7277b,43.48805,-87.54642,7.00274,4.36798,5.20256,-18.61738,-0.12103,-1.82586,3.5922,,,,,,,,,,,,,,,,,,,,,,,,,,,,,,,,,,,,,,,,,,,,,,,,,,,High,Medium,Medium,,,,,
273,2026-09-10,15:42:14.56,,,,,Undefined,FOR_RAM,"Kaufman, Taylor",10314665,Right,FOR_RAM,Undefined,1,Bottom,0,0,0,Undefined,Curveball,Undefined,Undefined,Undefined,Undefined,0,0,,60.61499,2.263625,0.996651,1795.806609,68.938043,8:15,4.34635,0.1182,16.99556,-51.65621,-4.25949,-14.67292,1.70583,-0.37225,56.19899,-9.687076,-2.33725,0.495502,56.45002,-25.62813,-68.466904,,,,,5.26182,2.69103,-39.518716,0.050468,12.25296,-3.67331,0.00684,50,4.01688,-2.13734,-89.8827,5.89363,9.82665,15.41763,-35.11996,FOR_RAM,,FordhamUniversity,,,20260910-FordhamUniversity-BP-1,b69ed440-ad4f-11f1-884b-8d6b77d225c8,76.06916,1.8146,,4.41599,,,,2.6707,1.8146,0.17033,ba7bdbee-570e-4ce4-ad5b-c43f8345b719,2026-09-10,19:42:14.56,2026-09-10T15:42:14.5690000-04:00,2026-09-10T19:42:14.5690000Z,GroundBall,v3,471298,,,,,Undefined,FOR_RAM,972c69c4-f9b8-4436-92b6-38d2b801a495,43.50875,-88.76227,7.70882,4.35244,3.34139,-17.55998,-0.12254,-1.42321,4.91333,,2.6698,27.50993,,,,,,,,1.81578,-35.95578,,,,,,,,0.17262,-69.71989,,,,,,,,,,,,,,,,,,,,,,,,,,,,,,High,Medium,Medium,Low,Low,,,
274,2026-09-10,15:42:30.00,,,,,Undefined,FOR_RAM,"Dean, Mason",1000150670,Left,FOR_RAM,Undefined,1,Bottom,0,0,0,Undefined,Curveball,Undefined,Undefined,GroundBall,Undefined,0,0,,61.47926,3.603863,0.608817,1825.570154,43.792682,7:30,4.36311,0.12021,16.91279,-56.74413,-10.35016,-11.23701,2.29099,-0.36803,56.80309,-9.484205,-1.937329,0.490233,56.24371,-49.495463,77.193305,,,,,4.92475,4.70939,43.121998,0.051926,9.2702,-9.01941,-0.04407,50,3.88716,-1.39575,-91.0939,8.2413,7.62412,16.02969,-39.59192,FOR_RAM,,FordhamUniversity,,,20260910-FordhamUniversity-BP-1,bfc95360-ad4f-11f1-884b-8d6b77d225c8,76.88685,3.28136,,4.67617,,,,2.97325,3.28136,0.63306,ba7bdbee-570e-4ce4-ad5b-c43f8345b719,2026-09-10,19:42:30.00,2026-09-10T15:42:30.0090000-04:00,2026-09-10T19:42:30.0090000Z,GroundBall,v3,471298,,,,,Undefined,FOR_RAM,e490f61b-844f-4bde-a2e3-ac738075e24d,43.59259,-89.95933,8.01485,4.3713,5.43901,-19.79596,-0.12377,-0.85613,3.81206,180,2.97251,11.96551,,,,,,,,3.2853,-63.19325,,,,,,,,0.62978,52.63793,,,,,,,,,,,,,,,,,,,,,,,,,,,,,,High,High,High,Low,Low,,,
275,2026-09-10,15:42:35.44,,,,,Undefined,FOR_RAM,"Dean, Mason",1000150670,Left,FOR_RAM,Undefined,1,Bottom,0,0,0,Undefined,,Undefined,Undefined,GroundBall,Undefined,0,0,,58.99101,1.96305,0.245519,2028.60792,,,4.10476,-0.58692,33.82277,,,,2.54102,-0.64565,58.57392,-9.048224,-0.514278,0.29461,69.00453,-28.301189,36.371497,,,,,7.27723,6.45694,29.292658,0.065224,4.61799,-28.53828,0.8214,50.00029,1.33311,-1.3916,-88.07573,17.84989,3.8423,5.53177,-55.91865,FOR_RAM,,FordhamUniversity,,,20260910-FordhamUniversity-BP-1,c2f05cf0-ad4f-11f1-884b-8d6b77d225c8,127.94017,3.17177,,0.41709,,,,1.70723,3.17177,0.05897,ba7bdbee-570e-4ce4-ad5b-c43f8345b719,2026-09-10,19:42:35.44,2026-09-10T15:42:35.4410000-04:00,2026-09-10T19:42:35.4410000Z,GroundBall,v3,471298,,,,,Undefined,FOR_RAM,6e15649c-a697-49e1-a7ec-0c788a0d1dad,26.68645,-86.59908,2.76589,4.10566,2.92297,-27.95933,0.58682,-0.36594,1.92115,,1.70721,71.75294,-9.524,,,,,,,3.17178,-47.98561,-9.86896,,,,,,,0.05896,52.84354,12.90371,,,,,,,,,,,,,,,,,,,,,,,,,,,,,Low,Low,Low,Low,Low,,,
276,2026-09-10,15:42:41.42,,,,,Undefined,FOR_RAM,"Dean, Mason",1000150670,Left,FOR_RAM,Undefined,1,Bottom,0,0,0,Undefined,Curveball,Undefined,Undefined,Undefined,Undefined,0,0,,59.90194,1.574892,0.460352,1810.335758,48.573274,7:30,4.34157,0.13997,17.03229,-54.59338,-6.41839,-8.78504,0.94848,-0.25419,56.02551,-11.008069,-1.540618,0.499554,,,,,,,,,,,,7.28122,-5.12516,-0.08011,50,4.08523,-1.05813,-88.8376,4.90242,5.73798,14.37771,-36.21294,FOR_RAM,,FordhamUniversity,,,20260910-FordhamUniversity-BP-1,c69d3850-ad4f-11f1-884b-8d6b77d225c8,75.45221,,,3.87643,,,,,,,ba7bdbee-570e-4ce4-ad5b-c43f8345b719,2026-09-10,19:42:41.42,2026-09-10T15:42:41.4250000-04:00,2026-09-10T19:42:41.4250000Z,,v3,471298,,,,,Undefined,FOR_RAM,e06bc631-9f44-48f0-a25b-f8f8d24f29b1,43.47235,-87.7748,7.18885,4.34868,2.22554,-18.10647,-0.14265,-0.63397,2.86899,,,,,,,,,,,,,,,,,,,,,,,,,,,,,,,,,,,,,,,,,,,,,,,,,,,High,High,High,,,,,
277,2026-09-10,15:42:51.86,,,,,Undefined,FOR_RAM,"Dean, Mason",1000150670,Left,FOR_RAM,Undefined,1,Bottom,0,0,0,Undefined,Curveball,Undefined,Undefined,FlyBall,Undefined,0,0,,59.24445,-1.320895,-0.141674,1857.817017,53.892645,7:45,4.64819,0.1732,33.34758,-20.17832,-2.38563,-3.66445,2.37309,-0.19582,57.10762,-8.846411,-1.504911,0.303593,96.19435,29.02941,17.559323,3148.327967,105.32274,58.25013,31.73476,373.2197,234.43086,15.677266,5.253682,7.84162,-4.46933,-0.02074,50,3.98965,-1.42622,-90.36896,7.18108,6.46066,13.62333,-35.85632,FOR_RAM,,FordhamUniversity,,,20260910-FordhamUniversity-BP-1,cccacb20-ad4f-11f1-884b-8d6b77d225c8,124.15432,86.32459,,2.13684,,,,2.319,2.68066,0.24541,ba7bdbee-570e-4ce4-ad5b-c43f8345b719,2026-09-10,19:42:51.86,2026-09-10T15:42:51.8670000-04:00,2026-09-10T19:42:51.8670000Z,FlyBall,v3,471298,,,,,Undefined,FOR_RAM,06418bf9-1872-4c40-8a31-905452e06be8,27.15849,-86.85732,6.81167,4.64948,-2.06148,-17.92816,-0.17374,0.23912,3.23033,174.588583,2.32061,117.58332,-22.34335,5.14973,-1.02769,0.19062,-0.03065,0.00332,-0.00016,2.68147,68.43914,-14.66567,-0.05824,0.38491,-0.18522,0.04579,-0.00561,0.00027,0.24611,37.20434,-8.41768,2.02806,-0.41865,0.07835,-0.01223,0.00127,-6E-05,,,,,,,,,,,,,,,,,,,,,,,High,High,High,High,Low,,,
278,2026-09-10,15:43:25.21,,,,,Undefined,FOR_RAM,"Hanawalt, Chase",1000367090,Left,FOR_RAM,Undefined,1,Bottom,0,0,0,Undefined,Curveball,Undefined,Undefined,GroundBall,Undefined,0,0,,61.98352,3.636597,0.713065,1910.31442,17.910864,6:30,4.3602,0.13019,17.04594,-61.01787,-16.01072,-5.56898,1.94772,0.18939,57.79614,-10.416803,-0.554284,0.48285,59.02687,-18.303249,55.844037,,,,,9.75627,3.0904,44.102217,0.094736,4.75473,-13.66768,-0.04396,50,3.86239,-1.37032,-91.84345,8.64184,4.00965,15.21625,-43.69995,FOR_RAM,,FordhamUniversity,,,20260910-FordhamUniversity-BP-1,e0ca9330-ad4f-11f1-884b-8d6b77d225c8,78.06246,2.58901,,4.18738,,,,2.61154,2.58901,0.31287,ba7bdbee-570e-4ce4-ad5b-c43f8345b719,2026-09-10,19:43:25.21,2026-09-10T15:43:25.2120000-04:00,2026-09-10T19:43:25.2120000Z,GroundBall,v3,471298,,,,,Undefined,FOR_RAM,ebcbb8e3-2fb2-4ce5-b0af-2851cd2475fc,43.46164,-90.75373,7.60812,4.36921,5.51226,-21.84998,-0.13181,-1.08317,2.00482,,2.60789,46.38619,,,,,,,,2.59116,-27.32879,,,,,,,,0.30749,68.36817,,,,,,,,,,,,,,,,,,,,,,,,,,,,,,High,Medium,Medium,Low,Low,,,
279,2026-09-10,15:43:39.54,,,,,Undefined,FOR_RAM,"Hanawalt, Chase",1000367090,Left,FOR_RAM,Undefined,1,Bottom,0,0,0,Undefined,Curveball,Undefined,Undefined,LineDrive,Undefined,0,0,,62.46371,2.839453,0.395295,2059.844658,38.752508,7:15,4.34673,0.13197,16.95792,-52.76278,-8.68985,-7.84197,2.03954,-0.23085,58.65429,-9.296761,-1.384409,0.477812,,,,,,,,,,,,6.47918,-7.39,-0.08028,50,3.95253,-0.96405,-92.45873,7.06379,5.60529,13.8615,-38.56729,FOR_RAM,,FordhamUniversity,,,20260910-FordhamUniversity-BP-1,e9580f00-ad4f-11f1-884b-8d6b77d225c8,78.88545,,,3.80942,,,,,,,ba7bdbee-570e-4ce4-ad5b-c43f8345b719,2026-09-10,19:43:39.54,2026-09-10T15:43:39.5460000-04:00,2026-09-10T19:43:39.5460000Z,,v3,471298,,,,,Undefined,FOR_RAM,6818012a-6131-465b-a583-b3d2a1fe53ff,43.54798,-91.48632,6.93075,4.35317,4.35823,-19.28364,-0.13412,-0.57083,2.80264,,,,,,,,,,,,,,,,,,,,,,,,,,,,,,,,,,,,,,,,,,,,,,,,,,,High,High,High,,,,,
280,2026-09-10,15:44:17.90,,,,,Undefined,FOR_RAM,"Markey, Tommy",10084492,Left,FOR_RAM,Undefined,1,Bottom,0,0,0,Undefined,Curveball,Undefined,Undefined,Undefined,Undefined,0,0,,62.21184,1.480183,0.516759,1908.020871,19.783228,6:45,4.36179,0.11635,17.1496,-56.29164,-12.18107,-4.78044,0.75459,0.09625,58.61457,-11.476216,-0.576129,0.478016,,,,,,,,,,,,4.07492,-9.96272,-0.05151,50,4.10663,-1.03942,-92.27435,5.09868,3.49058,14.56184,-40.70809,FOR_RAM,,FordhamUniversity,,,20260910-FordhamUniversity-BP-1,007a25b0-ad50-11f1-884b-8d6b77d225c8,78.85177,,,3.59727,,,,,,,ba7bdbee-570e-4ce4-ad5b-c43f8345b719,2026-09-10,19:44:17.90,2026-09-10T15:44:17.9020000-04:00,2026-09-10T19:44:17.9020000Z,,v3,471298,,,,,Undefined,FOR_RAM,4b987790-95dd-4cb9-9a9a-17be6dc1752d,43.3571,-91.22001,7.28092,4.3691,2.15124,-20.35405,-0.11762,-0.78669,1.74529,,,,,,,,,,,,,,,,,,,,,,,,,,,,,,,,,,,,,,,,,,,,,,,,,,,High,Medium,Medium,,,,,
281,2026-09-10,15:44:23.73,,,,,Undefined,FOR_RAM,"Markey, Tommy",10084492,Left,FOR_RAM,Undefined,1,Bottom,0,0,0,Undefined,Curveball,Undefined,Undefined,LineDrive,Undefined,0,0,,59.94689,2.955846,1.300015,1740.580624,31.281274,7:00,4.36986,0.11533,17.01435,-55.16405,-7.73524,-5.34689,1.94597,0.62459,56.71875,-9.723622,0.085348,0.49567,82.91576,14.516185,7.466971,1612.102911,109.45885,22.3798,10.8977,258.40426,256.14415,4.371267,2.949265,4.69925,-6.62969,0.03795,50,3.95061,-2.2344,-88.63965,7.14351,3.77014,11.67302,-37.49296,FOR_RAM,,FordhamUniversity,,,20260910-FordhamUniversity-BP-1,039b3bd0-ad50-11f1-884b-8d6b77d225c8,76.04343,23.89595,,3.22813,,,,1.77047,1.99473,-0.61415,ba7bdbee-570e-4ce4-ad5b-c43f8345b719,2026-09-10,19:44:23.73,2026-09-10T15:44:23.7310000-04:00,2026-09-10T19:44:23.7310000Z,LineDrive,v3,471298,,,,,Undefined,FOR_RAM,3d8a1016-538c-498c-a85a-cf12ad235ceb,43.49185,-87.7784,5.83651,4.37562,4.37724,-18.74648,-0.11664,-1.95623,1.88507,162.693102,1.77048,116.72903,-16.41576,3.22739,-0.51313,0.04082,0.00875,-0.00328,0.00034,1.99478,30.47782,-10.15261,-0.5232,0.1241,0.04841,-0.03408,0.0087,-0.00084,-0.61419,15.30207,-5.35245,1.42401,-0.28949,0.03531,0.00095,-0.00107,0.00012,,,,,,,,,,,,,,,,,,,,,,,High,High,High,High,High,,,
282,2026-09-10,15:44:29.78,,,,,Undefined,FOR_RAM,"Markey, Tommy",10084492,Left,FOR_RAM,Undefined,1,Bottom,0,0,0,Undefined,Curveball,Undefined,Undefined,GroundBall,Undefined,0,0,,60.71763,3.477281,0.944317,1872.194743,48.985906,7:45,4.35087,0.12218,16.92209,-53.19235,-5.47532,-7.99418,2.48082,0.15104,55.82316,-8.839573,-0.866503,0.497174,82.83613,-13.860965,-11.540949,,,,,13.65028,13.65028,-3.099977,0.09954,6.753,-4.97646,-0.01141,50,3.89224,-1.77538,-89.94171,7.7904,5.39537,16.04146,-36.15004,FOR_RAM,,FordhamUniversity,,,20260910-FordhamUniversity-BP-1,074027f0-ad50-11f1-884b-8d6b77d225c8,75.81341,2.90527,,4.89447,,,,2.09431,2.90527,1.61743,ba7bdbee-570e-4ce4-ad5b-c43f8345b719,2026-09-10,19:44:29.78,2026-09-10T15:44:29.7820000-04:00,2026-09-10T19:44:29.7820000Z,GroundBall,v3,471298,,,,,Undefined,FOR_RAM,efc4cb8c-f4bb-48ff-b07b-bd3b798fd800,43.58103,-88.78948,8.02073,4.35856,5.19381,-18.07502,-0.12502,-1.38784,2.69768,180,2.08913,115.89356,,,,,,,,2.90657,-29.18708,,,,,,,,1.61848,-23.66508,,,,,,,,,,,,,,,,,,,,,,,,,,,,,,High,Medium,Medium,Low,Low,,,
283,2026-09-10,15:44:36.93,,,,,Undefined,FOR_RAM,"Markey, Tommy",10084492,Left,FOR_RAM,Undefined,1,Bottom,0,0,0,Undefined,Curveball,Undefined,Undefined,GroundBall,Undefined,0,0,,61.50091,2.878719,0.608702,1981.068598,33.074894,7:00,4.34764,0.13881,16.96993,-55.45889,-9.88973,-7.19532,1.8442,-0.01331,57.66588,-9.878592,-1.0255,0.485855,84.42969,-21.881816,1.670827,,,,,9.00534,9.00534,9.164389,0.062209,6.01886,-8.37343,-0.06371,50,3.94567,-1.26008,-91.06993,7.12997,5.03222,13.93196,-39.17489,FOR_RAM,,FordhamUniversity,,,20260910-FordhamUniversity-BP-1,0b767ea0-ad50-11f1-884b-8d6b77d225c8,77.57956,2.879,,3.83502,,,,1.72512,2.879,1.22525,ba7bdbee-570e-4ce4-ad5b-c43f8345b719,2026-09-10,19:44:36.93,2026-09-10T15:44:36.9310000-04:00,2026-09-10T19:44:36.9310000Z,GroundBall,v3,471298,,,,,Undefined,FOR_RAM,a95f0a33-7381-417c-a1b5-3f902da54e9b,43.53618,-90.07566,6.96598,4.35475,4.33422,-19.58744,-0.14083,-0.90095,2.51611,180,1.72192,115.17993,,,,,,,,2.88029,-46.27926,,,,,,,,1.22516,3.35976,,,,,,,,,,,,,,,,,,,,,,,,,,,,,,High,Medium,Medium,Low,Medium,,,
284,2026-09-10,15:44:54.53,,,,,Undefined,FOR_RAM,"Kaufman, Taylor",10314665,Right,FOR_RAM,Undefined,1,Bottom,0,0,0,Undefined,Curveball,Undefined,Undefined,GroundBall,Undefined,0,0,,59.9687,-1.996717,-0.387769,1894.664553,36.311462,7:15,4.45804,0.15591,35.34647,-18.62379,-3.88414,-3.01599,2.07827,-0.25612,58.05174,-9.499083,-1.605396,0.276322,87.71089,-10.975595,-8.372127,,,,,12.27244,12.27244,-6.171208,0.085379,7.48556,-8.93024,-0.08355,50,3.80561,-1.14228,-91.85977,7.86002,6.36052,14.31553,-39.76216,FOR_RAM,,FordhamUniversity,,,20260910-FordhamUniversity-BP-1,15eae2e0-ad50-11f1-884b-8d6b77d225c8,136.40775,2.09473,,1.91696,,,,1.51542,2.09473,0.25336,ba7bdbee-570e-4ce4-ad5b-c43f8345b719,2026-09-10,19:44:54.53,2026-09-10T15:44:54.5320000-04:00,2026-09-10T19:44:54.5320000Z,GroundBall,v3,471298,,,,,Undefined,FOR_RAM,7f0da1dd-3327-42f4-8ec4-e1ac9dbe57d5,25.15995,-87.90347,7.15777,4.45937,-3.12881,-19.88108,-0.15634,0.61554,3.18026,,1.51246,125.15902,,,,,,,,2.09531,-24.53459,,,,,,,,0.2538,-18.41967,,,,,,,,,,,,,,,,,,,,,,,,,,,,,,High,High,High,Estimated,Estimated,,,
285,2026-09-10,15:44:59.81,,,,,Undefined,FOR_RAM,"Kaufman, Taylor",10314665,Right,FOR_RAM,Undefined,1,Bottom,0,0,0,Undefined,Curveball,Undefined,Undefined,LineDrive,Undefined,0,0,,60.61385,3.823383,1.33659,1800.529482,55.00407,7:45,4.35884,0.11796,17.02859,-56.22472,-9.03863,-14.77202,2.48515,-0.13166,56.30905,-9.168412,-2.017883,0.4944,99.95274,22.530709,-17.69833,2085.802747,104.94135,42.27553,-32.97417,337.79779,335.13937,-19.763073,4.197921,12.4204,-8.01634,0.04662,50,3.84437,-2.67696,-89.7351,8.54892,9.99659,14.55113,-38.62601,FOR_RAM,,FordhamUniversity,,,20260910-FordhamUniversity-BP-1,191f8100-ad50-11f1-884b-8d6b77d225c8,76.23877,56.15702,,4.30481,,,,1.44733,2.9584,-0.16718,ba7bdbee-570e-4ce4-ad5b-c43f8345b719,2026-09-10,19:44:59.81,2026-09-10T15:44:59.8130000-04:00,2026-09-10T19:44:59.8130000Z,LineDrive,v3,471298,,,,,Undefined,FOR_RAM,45f486ce-a34f-460d-829d-c0df41260c16,43.47749,-88.67113,7.27556,4.36621,5.7246,-19.31301,-0.1224,-1.94601,4.99829,,1.44657,129.0175,-24.72024,5.48795,-1.29441,0.3314,-0.07463,0.01064,-0.00064,2.95939,56.15052,-15.80555,0.38945,0.18332,-0.10627,0.02913,-0.00343,0.00012,-0.16664,-41.17592,8.95659,-2.89813,0.79099,-0.2104,0.04673,-0.00638,0.00036,,,,,,,,,,,,,,,,,,,,,,,High,Medium,Medium,Medium,Medium,,,
286,2026-09-10,15:45:05.55,,,,,Undefined,FOR_RAM,"Kaufman, Taylor",10314665,Right,FOR_RAM,Undefined,1,Bottom,0,0,0,Undefined,Curveball,Undefined,Undefined,Undefined,Undefined,0,0,,59.99588,1.601554,0.843557,3436.836712,29.268933,7:00,4.351,0.12803,17.14437,-58.41468,-10.93926,-6.80906,0.65601,0.17821,56.57049,-11.841649,-0.71306,0.495913,,,,,,,,,,,,5.83288,-8.92666,-0.02339,50,4.07845,-1.59335,-88.97803,5.20531,4.64322,13.60633,-39.28005,FOR_RAM,,FordhamUniversity,,,20260910-FordhamUniversity-BP-1,1c8456e0-ad50-11f1-884b-8d6b77d225c8,76.00612,,,3.42539,,,,,,,ba7bdbee-570e-4ce4-ad5b-c43f8345b719,2026-09-10,19:45:05.55,2026-09-10T15:45:05.5550000-04:00,2026-09-10T19:45:05.5550000Z,,v3,471298,,,,,Undefined,FOR_RAM,dd13279b-4ec8-4231-b4ab-e1d950afd1de,43.36225,-87.95714,6.80316,4.35844,2.25811,-19.64003,-0.12987,-1.24497,2.32161,,,,,,,,,,,,,,,,,,,,,,,,,,,,,,,,,,,,,,,,,,,,,,,,,,,High,Medium,Medium,,,,,
287,2026-09-10,15:45:17.17,,,,,Undefined,FOR_RAM,"Kaufman, Taylor",10314665,Right,FOR_RAM,Undefined,1,Bottom,0,0,0,Undefined,Curveball,Undefined,Undefined,Undefined,Undefined,0,0,,60.18618,4.094649,0.765905,1907.495214,21.223659,6:45,4.34286,0.11996,16.96554,-65.71149,-17.79863,-7.40867,1.88271,0.0657,56.23434,-10.99497,-0.916814,0.498193,67.19006,-32.685532,-85.90551,,,,,4.34373,2.43828,-52.057358,0.041462,6.24898,-15.20749,-0.02733,50,3.79439,-1.4811,-89.13882,9.26924,4.96931,14.20537,-44.26738,FOR_RAM,,FordhamUniversity,,,20260910-FordhamUniversity-BP-1,23720560-ad50-11f1-884b-8d6b77d225c8,75.65833,2.21425,,3.95184,,,,2.42444,2.21425,0.01657,ba7bdbee-570e-4ce4-ad5b-c43f8345b719,2026-09-10,19:45:17.17,2026-09-10T15:45:17.1730000-04:00,2026-09-10T19:45:17.1730000Z,GroundBall,v3,471298,,,,,Undefined,FOR_RAM,9727865c-19a5-4127-985c-69afa5c8a29c,43.54313,-88.10383,7.10268,4.35224,6.04396,-22.13369,-0.12205,-1.11904,2.48466,,2.4243,5.94282,,,,,,,,2.2155,-53.40373,,,,,,,,0.01851,-83.01864,,,,,,,,,,,,,,,,,,,,,,,,,,,,,,High,Medium,Medium,Low,Low,,,
288,2026-09-10,15:45:31.00,,,,,Undefined,FOR_RAM,"Dean, Mason",1000150670,Left,FOR_RAM,Undefined,1,Bottom,0,0,0,Undefined,Curveball,Undefined,Undefined,Undefined,Undefined,0,0,,63.4339,2.202115,0.208605,2144.564014,52.037303,7:45,4.34856,0.13131,17.03372,-49.20684,-6.53122,-9.76477,1.86518,-0.5293,59.41667,-9.150677,-2.012167,0.470177,,,,,,,,,,,,7.95213,-5.35555,-0.09989,50,4.02929,-0.74438,-93.96321,5.96365,7.07823,14.82235,-36.94105,FOR_RAM,,FordhamUniversity,,,20260910-FordhamUniversity-BP-1,2bcb2ac0-ad50-11f1-884b-8d6b77d225c8,80.16651,,,4.01723,,,,,,,ba7bdbee-570e-4ce4-ad5b-c43f8345b719,2026-09-10,19:45:31.00,2026-09-10T15:45:31.0090000-04:00,2026-09-10T19:45:31.0090000Z,,v3,471298,,,,,Undefined,FOR_RAM,d605d3fb-be16-4158-89bd-199d5891fe55,43.47114,-92.9276,7.41117,4.3558,3.38264,-18.47053,-0.13462,-0.24984,3.53911,,,,,,,,,,,,,,,,,,,,,,,,,,,,,,,,,,,,,,,,,,,,,,,,,,,High,High,High,,,,,
289,2026-09-10,15:45:36.82,,,,,Undefined,FOR_RAM,"Dean, Mason",1000150670,Left,FOR_RAM,Undefined,1,Bottom,0,0,0,Undefined,Curveball,Undefined,Undefined,GroundBall,Undefined,0,0,,60.51882,2.762816,0.538322,1912.33281,32.137313,7:00,4.34009,0.12779,17.04677,-59.32633,-12.96725,-8.77756,1.42521,-0.20865,57.52749,-10.841647,-1.460922,0.490048,104.16326,-1.338586,31.823873,2004.944613,,,,40.459,39.72415,29.537659,0.266144,7.33367,-10.92331,-0.05657,50,3.93513,-1.21858,-89.57481,7.11703,6.012,11.84942,-41.12878,FOR_RAM,,FordhamUniversity,,,20260910-FordhamUniversity-BP-1,2f4adba0-ad50-11f1-884b-8d6b77d225c8,76.91579,1.81039,,2.99134,,,,2.09927,1.81039,0.01362,ba7bdbee-570e-4ce4-ad5b-c43f8345b719,2026-09-10,19:45:36.82,2026-09-10T15:45:36.8240000-04:00,2026-09-10T19:45:36.8240000Z,GroundBall,v3,471298,,,,,Undefined,FOR_RAM,e70b0079-e845-4e69-a347-185404194448,43.46145,-88.70564,5.92471,4.34653,4.10018,-20.56439,-0.12978,-0.77759,3.006,,2.10303,129.58328,-19.6783,,,,,,,1.81098,-3.59822,-12.05595,,,,,,,0.01865,80.28392,-20.39261,,,,,,,,,,,,,,,,,,,,,,,,,,,,,High,Medium,Medium,Medium,Medium,,,
290,2026-09-10,15:45:44.44,,,,,Undefined,FOR_RAM,"Dean, Mason",1000150670,Left,FOR_RAM,Undefined,1,Bottom,0,0,0,Undefined,Curveball,Undefined,Undefined,LineDrive,Undefined,0,0,,59.83015,4.006253,0.640557,1994.179045,41.969184,7:30,4.34921,0.12514,16.93707,-56.70956,-8.20843,-8.54674,2.57581,-0.11581,55.73201,-9.064998,-1.29575,0.501242,94.01777,10.137787,32.055437,1230.550946,90.42028,10.79427,62.64312,181.28058,172.44917,37.045166,1.585016,7.12642,-7.36595,-0.0459,50,3.82019,-1.32189,-88.50341,8.71868,5.60468,13.62624,-37.96711,FOR_RAM,,FordhamUniversity,,,20260910-FordhamUniversity-BP-1,33aed200-ad50-11f1-884b-8d6b77d225c8,75.19812,11.24063,,4.09814,,,,2.10392,2.66982,0.27877,ba7bdbee-570e-4ce4-ad5b-c43f8345b719,2026-09-10,19:45:44.44,2026-09-10T15:45:44.4410000-04:00,2026-09-10T19:45:44.4410000Z,LineDrive,v3,471298,,,,,Undefined,FOR_RAM,95560877-8aee-47d5-9c3d-cd96bf06ae27,43.56843,-87.50758,6.81312,4.35598,5.94399,-18.98355,-0.12754,-0.91229,2.80234,,2.10392,115.04407,-21.69588,5.02958,-1.13811,0.25911,-0.05644,0.00948,-0.00084,2.66982,24.27128,-18.02446,1.32239,-0.22065,0.03221,-0.00418,0.00059,-4E-05,0.27877,72.04239,-2.81911,0.56193,-0.07724,0.00898,-0.00089,2E-05,1E-05,,,,,,,,,,,,,,,,,,,,,,,High,Medium,Medium,Medium,Medium,,,
291,2026-09-10,15:45:51.96,,,,,Undefined,FOR_RAM,"Dean, Mason",1000150670,Left,FOR_RAM,Undefined,1,Bottom,0,0,0,Undefined,Curveball,Undefined,Undefined,FlyBall,Undefined,0,0,,60.83326,2.355575,0.306523,1944.136111,35.439145,7:15,4.35202,0.12684,17.12943,-54.59845,-8.87808,-7.03587,1.52824,-0.235,57.7092,-10.210806,-1.298154,0.486661,78.54492,28.893691,15.935822,3569.209182,106.3489,51.16929,28.10443,265.99753,256.22188,13.063409,4.272126,5.88138,-7.54036,-0.08303,50,3.99229,-0.79325,-90.04351,6.35736,4.86928,12.04409,-38.41679,FOR_RAM,,FordhamUniversity,,,20260910-FordhamUniversity-BP-1,384ac850-ad50-11f1-884b-8d6b77d225c8,77.45115,57.89704,,3.12405,,,,2.28486,1.73224,0.23017,ba7bdbee-570e-4ce4-ad5b-c43f8345b719,2026-09-10,19:45:51.96,2026-09-10T15:45:51.9630000-04:00,2026-09-10T19:45:51.9630000Z,LineDrive,v3,471298,,,,,Undefined,FOR_RAM,334cdf90-68f5-4a8c-a4c2-9e8cd0cbe460,43.37719,-89.15325,6.02204,4.35726,3.51772,-19.2084,-0.12836,-0.43333,2.43464,174.305692,2.28502,96.98029,-18.97377,4.68392,-0.98476,0.19905,-0.03807,0.00521,-0.00032,1.73303,55.63995,-13.69389,-0.63882,0.62245,-0.27432,0.07458,-0.01072,0.00061,0.23019,27.69209,-6.73236,1.61156,-0.35203,0.07802,-0.01633,0.00232,-0.00014,,,,,,,,,,,,,,,,,,,,,,,High,High,High,High,High,,,
292,2026-09-10,15:46:16.59,,,,,Undefined,FOR_RAM,"Hanawalt, Chase",1000367090,Left,FOR_RAM,Undefined,1,Bottom,0,0,0,Undefined,Curveball,Undefined,Undefined,GroundBall,Undefined,0,0,,60.99195,2.637071,0.24528,1948.505394,34.043814,7:15,4.37093,0.1245,17.08846,-54.76282,-8.6504,-6.64678,1.74188,-0.24959,57.163,-10.000693,-1.268729,0.488743,84.3134,3.486059,25.31039,1961.865096,,,,63.58277,62.89201,24.15556,0.537573,5.50929,-7.37634,-0.08979,50,3.98667,-0.66403,-90.36088,6.73459,4.52659,13.93598,-38.23465,FOR_RAM,,FordhamUniversity,,,20260910-FordhamUniversity-BP-1,46fb76b0-ad50-11f1-884b-8d6b77d225c8,77.12123,2.54884,,3.82895,,,,2.10174,1.89374,0.09732,ba7bdbee-570e-4ce4-ad5b-c43f8345b719,2026-09-10,19:46:16.59,2026-09-10T15:46:16.5970000-04:00,2026-09-10T19:46:16.5970000Z,GroundBall,v3,471298,,,,,Undefined,FOR_RAM,e7ea8950-e414-42de-a042-340bc183478a,43.41719,-89.33987,6.96799,4.37745,3.93336,-19.11733,-0.12629,-0.3324,2.2633,,2.11536,111.2405,-13.53939,,,,,,,1.91179,7.06665,-19.81969,,,,,,,0.10719,52.52157,-8.06797,,,,,,,,,,,,,,,,,,,,,,,,,,,,,High,High,High,Medium,High,,,
293,2026-09-10,15:46:21.81,,,,,Undefined,FOR_RAM,"Hanawalt, Chase",1000367090,Left,FOR_RAM,Undefined,1,Bottom,0,0,0,Undefined,Curveball,Undefined,Undefined,GroundBall,Undefined,0,0,,61.06138,3.065073,0.885468,1809.848335,59.335255,8:00,4.36543,0.11248,17.02652,-52.88345,-6.20126,-12.76465,2.21109,-0.30113,56.49202,-9.182319,-2.014715,0.491753,96.95021,5.903491,7.103007,2265.930281,,,,96.67215,96.67215,6.11066,0.745443,10.6256,-5.45012,-0.00216,50,3.9436,-1.89283,-90.49474,7.24452,8.64035,15.59505,-36.6059,FOR_RAM,,FordhamUniversity,,,20260910-FordhamUniversity-BP-1,49f778a0-ad50-11f1-884b-8d6b77d225c8,76.64912,4.37382,,4.56936,,,,0.98926,2.25588,0.15942,ba7bdbee-570e-4ce4-ad5b-c43f8345b719,2026-09-10,19:46:21.81,2026-09-10T15:46:21.8110000-04:00,2026-09-10T19:46:21.8110000Z,GroundBall,v3,471298,,,,,Undefined,FOR_RAM,2f7756f5-8d66-4c6b-be03-b1e1b0b16679,43.47784,-89.3637,7.79753,4.37274,4.58965,-18.30295,-0.11671,-1.26619,4.32018,24.490284,1.02629,139.68046,-16.30669,,,,,,,2.31519,13.54253,-22.43192,,,,,,,0.17927,17.12635,-4.811,,,,,,,,,,,,,,,,,,,,,,,,,,,,,High,Medium,Medium,Medium,Medium,,,
294,2026-09-10,15:46:28.56,,,,,Undefined,FOR_RAM,"Hanawalt, Chase",1000367090,Left,FOR_RAM,Undefined,1,Bottom,0,0,0,Undefined,Curveball,Undefined,Undefined,GroundBall,Undefined,0,0,,61.80952,2.62437,0.48805,1889.749923,54.327782,7:45,4.34395,0.12315,16.92725,-52.8792,-7.10056,-11.76808,1.86998,-0.49838,57.22034,-9.582667,-2.181109,0.486971,98.8884,0.991068,27.300793,1803.249186,,,,62.34448,60.93062,26.034398,0.456916,9.63902,-6.00965,-0.06036,50,3.98111,-1.2292,-91.63874,6.56418,8.02847,16.13136,-37.17955,FOR_RAM,,FordhamUniversity,,,20260910-FordhamUniversity-BP-1,4dfc3800-ad50-11f1-884b-8d6b77d225c8,77.40185,1.95045,,4.58918,,,,1.73297,1.84523,0.27377,ba7bdbee-570e-4ce4-ad5b-c43f8345b719,2026-09-10,19:46:28.56,2026-09-10T15:46:28.5620000-04:00,2026-09-10T19:46:28.5620000Z,GroundBall,v3,471298,,,,,Undefined,FOR_RAM,6ac2449e-e9eb-4045-973f-569f22be690c,43.57709,-90.50104,8.06568,4.3516,3.94201,-18.58978,-0.12709,-0.66298,4.01424,,1.75517,128.20553,-20.77207,,,,,,,1.85118,2.33351,-14.00094,,,,,,,0.29233,65.96265,-14.77827,,,,,,,,,,,,,,,,,,,,,,,,,,,,,High,High,High,High,High,,,
295,2026-09-10,15:46:57.07,,,,,Undefined,FOR_RAM,"Markey, Tommy",10084492,Left,FOR_RAM,Undefined,1,Bottom,0,0,0,Undefined,Curveball,Undefined,Undefined,LineDrive,Undefined,0,0,,61.15123,3.176984,0.512553,1860.796481,40.326169,7:15,4.36543,0.13643,17.02084,-55.99818,-9.51646,-9.21008,2.03407,-0.25473,56.72912,-9.76044,-1.580975,0.490696,,,,,,,,,,,,7.56067,-7.99237,-0.07257,50,3.93268,-1.15575,-90.62744,7.51832,6.17751,15.41759,-38.70427,FOR_RAM,,FordhamUniversity,,,20260910-FordhamUniversity-BP-1,5f34a2b0-ad50-11f1-884b-8d6b77d225c8,76.81426,,,4.42211,,,,,,,ba7bdbee-570e-4ce4-ad5b-c43f8345b719,2026-09-10,19:46:57.07,2026-09-10T15:46:57.0770000-04:00,2026-09-10T19:46:57.0770000Z,,v3,471298,,,,,Undefined,FOR_RAM,00d98142-a7d6-426f-a644-42d6f6a6cba0,43.48415,-89.5121,7.70879,4.37529,4.71836,-19.35213,-0.14001,-0.70886,3.08876,,,,,,,,,,,,,,,,,,,,,,,,,,,,,,,,,,,,,,,,,,,,,,,,,,,High,High,High,,,,,
296,2026-09-10,15:47:10.62,,,,,Undefined,FOR_RAM,"Markey, Tommy",10084492,Left,FOR_RAM,Undefined,1,Bottom,0,0,0,Undefined,Curveball,Undefined,Undefined,LineDrive,Undefined,0,0,,60.12434,3.82903,1.255268,1693.550314,41.665474,7:30,4.34533,0.12145,16.93044,-58.34641,-10.42579,-10.38438,2.30548,0.17988,56.19891,-9.591232,-1.09821,0.498233,88.91467,18.717115,0.569918,1555.662233,109.9328,30.34451,-3.84451,283.70931,280.96431,-6.11232,3.272196,8.74937,-8.98091,0.02744,50,3.83779,-2.34775,-88.9473,8.52941,6.96847,13.45444,-39.3269,FOR_RAM,,FordhamUniversity,,,20260910-FordhamUniversity-BP-1,672b35b0-ad50-11f1-884b-8d6b77d225c8,75.65223,34.13994,,3.92543,,,,0.82255,2.20401,-0.16832,ba7bdbee-570e-4ce4-ad5b-c43f8345b719,2026-09-10,19:47:10.62,2026-09-10T15:47:10.6230000-04:00,2026-09-10T19:47:10.6230000Z,LineDrive,v3,471298,,,,,Undefined,FOR_RAM,d49ce908-2495-42cf-ae3a-bc2977d3360e,43.57613,-87.97024,6.72722,4.35349,5.67349,-19.66345,-0.12468,-1.8417,3.48424,144.34425,0.82258,123.50297,-19.27384,3.86811,-0.65115,0.0619,0.00482,-0.00237,0.00023,2.20405,41.84903,-14.54886,0.8323,-0.37955,0.19939,-0.06346,0.01118,-0.00082,-0.16838,1.22819,-5.99227,1.39078,-0.14919,-0.05135,0.02762,-0.00531,0.00039,,,,,,,,,,,,,,,,,,,,,,,High,Medium,Medium,High,High,,,
297,2026-09-10,15:47:16.90,,,,,Undefined,FOR_RAM,"Markey, Tommy",10084492,Left,FOR_RAM,Undefined,1,Bottom,0,0,0,Undefined,Curveball,Undefined,Undefined,GroundBall,Undefined,0,0,,60.04386,1.904296,1.072162,1719.931355,49.471702,7:45,4.35485,0.12378,17.12779,-54.97814,-7.47193,-10.18938,1.16875,0.05998,56.37631,-10.782475,-1.252942,0.496074,51.13882,-18.437761,32.107042,,,,,6.87919,4.82307,18.635949,0.060229,8.68457,-6.21898,0.01065,50,4.05092,-2.09038,-89.00532,5.53288,6.91307,13.69131,-37.12446,FOR_RAM,,FordhamUniversity,,,20260910-FordhamUniversity-BP-1,6afa1800-ad50-11f1-884b-8d6b77d225c8,75.98147,1.43427,,3.66755,,,,2.87438,1.43427,-0.0883,ba7bdbee-570e-4ce4-ad5b-c43f8345b719,2026-09-10,19:47:16.90,2026-09-10T15:47:16.9060000-04:00,2026-09-10T19:47:16.9060000Z,GroundBall,v3,471298,,,,,Undefined,FOR_RAM,a197cced-51f3-45d8-8f1b-8a2b5b3f5f6f,43.37786,-87.98077,6.84566,4.36102,2.75476,-18.56223,-0.12642,-1.57306,3.45654,,2.87212,60.50407,,,,,,,,1.43516,-23.81343,,,,,,,,-0.08972,37.9645,,,,,,,,,,,,,,,,,,,,,,,,,,,,,,High,Medium,Medium,Estimated,Estimated,,,
298,2026-09-10,15:47:44.39,,,,,Undefined,FOR_RAM,"Kaufman, Taylor",10314665,Right,FOR_RAM,Undefined,1,Bottom,0,0,0,Undefined,Curveball,Undefined,Undefined,Undefined,Undefined,0,0,,62.82825,2.538055,0.357101,2123.443814,28.476105,7:00,4.35479,0.14018,17.08675,-53.16196,-9.40752,-5.76674,1.7865,-0.07859,58.43605,-9.752493,-0.956571,0.476083,,,,,,,,,,,,4.77,-7.78335,-0.0951,50,3.99233,-0.81064,-93.14633,6.60818,4.12846,15.93041,-38.91061,FOR_RAM,,FordhamUniversity,,,20260910-FordhamUniversity-BP-1,7b47fba0-ad50-11f1-884b-8d6b77d225c8,79.17205,,,4.3922,,,,,,,ba7bdbee-570e-4ce4-ad5b-c43f8345b719,2026-09-10,19:47:44.39,2026-09-10T15:47:44.3900000-04:00,2026-09-10T19:47:44.3900000Z,,v3,471298,,,,,Undefined,FOR_RAM,b7c2a46b-cff3-4e34-bca9-4851dbc08cb5,43.41802,-92.01375,7.9652,4.3638,3.84183,-19.45531,-0.14231,-0.51713,2.06423,,,,,,,,,,,,,,,,,,,,,,,,,,,,,,,,,,,,,,,,,,,,,,,,,,,High,High,High,,,,,
299,2026-09-10,15:47:51.75,,,,,Undefined,FOR_RAM,"Kaufman, Taylor",10314665,Right,FOR_RAM,Undefined,1,Bottom,0,0,0,Undefined,Curveball,Undefined,Undefined,GroundBall,Undefined,0,0,,61.24002,3.538506,0.772293,1774.441721,27.895823,7:00,4.34585,0.13061,16.96548,-58.74732,-12.86961,-7.40752,2.05532,0.08115,57.55105,-9.954715,-0.909473,0.487497,97.80486,6.436605,-17.271025,1795.660311,,,,120.46242,44.7962,-24.822071,0.916146,6.24091,-10.99989,-0.03659,50,3.86477,-1.52528,-90.62401,8.29806,5.18568,13.34857,-41.31402,FOR_RAM,,FordhamUniversity,,,20260910-FordhamUniversity-BP-1,7f95d1f0-ad50-11f1-884b-8d6b77d225c8,77.31824,5.40202,,3.68898,,,,1.28281,2.3603,-0.06663,ba7bdbee-570e-4ce4-ad5b-c43f8345b719,2026-09-10,19:47:51.75,2026-09-10T15:47:51.7520000-04:00,2026-09-10T19:47:51.7520000Z,LineDrive,v3,471298,,,,,Undefined,FOR_RAM,e3ac4f37-ff41-4282-a799-70fa836c9d19,43.54189,-89.66771,6.67428,4.35323,5.33829,-20.65701,-0.13256,-1.15377,2.59284,,1.31537,135.65555,-19.41474,,,,,,,2.41518,15.27396,-19.61095,,,,,,,0.06814,-44.3212,-12.10186,,,,,,,,,,,,,,,,,,,,,,,,,,,,,High,Medium,Medium,Low,Low,,,
300,2026-09-10,15:47:57.54,,,,,Undefined,FOR_RAM,"Kaufman, Taylor",10314665,Right,FOR_RAM,Undefined,1,Bottom,0,0,0,Undefined,Curveball,Undefined,Undefined,LineDrive,Undefined,0,0,,59.74433,3.268851,0.609812,1697.296646,52.003664,7:45,4.35809,0.13344,16.92913,-56.40224,-7.17315,-11.11339,2.06601,-0.34394,55.0969,-9.767874,-1.909611,0.504989,101.34271,12.327377,-29.8696,2423.55108,95.78492,7.50953,-54.08537,143.84985,143.84985,-29.879277,1.207623,9.15741,-6.28075,-0.05778,50,3.91856,-1.34685,-88.55775,7.48309,7.08985,15.60185,-37.03673,FOR_RAM,,FordhamUniversity,,,20260910-FordhamUniversity-BP-1,8309ea10-ad50-11f1-884b-8d6b77d225c8,74.64006,10.13281,,4.64743,,,,1.75614,1.81954,1.15292,ba7bdbee-570e-4ce4-ad5b-c43f8345b719,2026-09-10,19:47:57.54,2026-09-10T15:47:57.5460000-04:00,2026-09-10T19:47:57.5460000Z,LineDrive,v3,471298,,,,,Undefined,FOR_RAM,70ae66e1-a947-4b42-9e48-040e48824ec3,43.57502,-87.41848,7.80093,4.36624,4.77864,-18.51837,-0.13722,-0.82914,3.54493,,1.75614,125.91936,-26.39199,7.0717,-1.94273,0.56501,-0.15604,0.03384,-0.00396,1.81954,31.73331,-33.21241,6.30033,-1.77549,0.51165,-0.14141,0.03071,-0.00359,1.15292,-72.31797,13.18857,-3.54781,0.97427,-0.28344,0.07828,-0.01699,0.00199,,,,,,,,,,,,,,,,,,,,,,,High,High,High,Low,Medium,,,
301,2026-09-10,15:48:04.04,,,,,Undefined,FOR_RAM,"Kaufman, Taylor",10314665,Right,FOR_RAM,Undefined,1,Bottom,0,0,0,Undefined,Curveball,Undefined,Undefined,Undefined,Undefined,0,0,,62.10852,1.957693,0.428252,1901.353825,43.801467,7:30,4.34044,0.13391,16.9568,-54.07794,-8.45556,-9.50638,1.27415,-0.34337,57.18305,-10.536374,-1.732012,0.486139,,,,,,,,,,,,7.77122,-6.79957,-0.08054,50,4.0544,-1.0381,-92.20609,5.52663,6.48162,17.69276,-37.84529,FOR_RAM,,FordhamUniversity,,,20260910-FordhamUniversity-BP-1,870b2700-ad50-11f1-884b-8d6b77d225c8,77.53428,,,4.92547,,,,,,,ba7bdbee-570e-4ce4-ad5b-c43f8345b719,2026-09-10,19:48:04.04,2026-09-10T15:48:04.0450000-04:00,2026-09-10T19:48:04.0450000Z,,v3,471298,,,,,Undefined,FOR_RAM,d29ef08b-4159-4702-bc16-a7c45a720aaa,43.54666,-90.95938,8.84638,4.34988,2.85987,-18.92264,-0.1376,-0.58138,3.24081,,,,,,,,,,,,,,,,,,,,,,,,,,,,,,,,,,,,,,,,,,,,,,,,,,,High,High,High,,,,,
302,2026-09-10,15:48:11.64,,,,,Undefined,FOR_RAM,"Kaufman, Taylor",10314665,Right,FOR_RAM,Undefined,1,Bottom,0,0,0,Undefined,Curveball,Undefined,Undefined,GroundBall,Undefined,0,0,,59.34363,2.609197,0.503027,1732.362588,43.947426,7:30,4.35723,0.12269,16.9979,-59.17818,-9.72103,-10.75843,1.34394,-0.40429,55.19313,-11.034127,-1.944288,0.506158,25.46062,-58.036039,53.56024,,,,,3.82083,3.04641,17.964271,0.050908,8.91134,-8.2165,-0.05673,50,3.98076,-1.18518,-88.02726,6.60567,6.84896,14.88313,-38.48899,FOR_RAM,,FordhamUniversity,,,20260910-FordhamUniversity-BP-1,8b74e9c0-ad50-11f1-884b-8d6b77d225c8,74.46778,1.64249,,4.1505,,,,3.02578,1.64249,0.35391,ba7bdbee-570e-4ce4-ad5b-c43f8345b719,2026-09-10,19:48:11.64,2026-09-10T15:48:11.6440000-04:00,2026-09-10T19:48:11.6440000Z,GroundBall,v3,471298,,,,,Undefined,FOR_RAM,caaa4428-38b2-46bc-8a48-e99532a8a3ca,43.50768,-86.92264,7.44156,4.36502,3.74905,-19.24449,-0.12583,-0.67685,3.42448,,3.02401,11.95827,,,,,,,,1.64727,-32.26394,,,,,,,,0.35151,16.19626,,,,,,,,,,,,,,,,,,,,,,,,,,,,,,High,High,High,Estimated,Estimated,,,
303,2026-09-10,15:48:34.01,,,,,Undefined,FOR_RAM,"Dean, Mason",1000150670,Left,FOR_RAM,Undefined,1,Bottom,0,0,0,Undefined,Curveball,Undefined,Undefined,GroundBall,Undefined,0,0,,61.12898,2.066146,0.81839,1898.896526,33.207126,7:00,4.33397,0.147,17.05495,-56.13243,-9.66646,-7.21315,1.17289,0.14635,56.81941,-10.891855,-0.824926,0.490613,81.60366,-6.849574,16.718179,,,,,13.30815,12.31086,13.799521,0.094162,6.14059,-7.9954,-0.04751,50,4.02063,-1.58174,-90.70145,5.82611,5.00996,15.81564,-38.69729,FOR_RAM,,FordhamUniversity,,,20260910-FordhamUniversity-BP-1,98c8a030-ad50-11f1-884b-8d6b77d225c8,76.82725,1.34564,,4.30958,,,,2.1951,1.34564,-0.04821,ba7bdbee-570e-4ce4-ad5b-c43f8345b719,2026-09-10,19:48:34.01,2026-09-10T15:48:34.0170000-04:00,2026-09-10T19:48:34.0170000Z,GroundBall,v3,471298,,,,,Undefined,FOR_RAM,58534e90-c5a0-40ed-8fce-c5afdd1ed404,43.45009,-89.55206,7.90782,4.34185,3.0138,-19.34865,-0.14923,-1.21764,2.50498,180,2.19308,113.94127,,,,,,,,1.3459,-14.29072,,,,,,,,-0.04882,34.22343,,,,,,,,,,,,,,,,,,,,,,,,,,,,,,High,Medium,Medium,High,Medium,,,
304,2026-09-10,15:48:40.05,,,,,Undefined,FOR_RAM,"Dean, Mason",1000150670,Left,FOR_RAM,Undefined,1,Bottom,0,0,0,Undefined,Curveball,Undefined,Undefined,LineDrive,Undefined,0,0,,61.86071,3.772778,1.161904,1971.07424,53.243279,7:45,4.3504,0.12101,16.97284,-56.12475,-9.86497,-15.27217,2.45121,-0.29746,56.44536,-9.236975,-2.302334,0.489523,98.0642,6.42956,18.088592,3575.780028,104.31062,5.0923,34.91773,150.81624,148.65239,18.846223,1.196929,12.74272,-8.76934,0.01935,50,3.85443,-2.42527,-91.74738,8.51101,10.47112,18.11419,-39.38009,FOR_RAM,,FordhamUniversity,,,20260910-FordhamUniversity-BP-1,9c5a2b60-ad50-11f1-884b-8d6b77d225c8,76.99828,6.57234,,5.41534,,,,1.81957,2.49205,0.03634,ba7bdbee-570e-4ce4-ad5b-c43f8345b719,2026-09-10,19:48:40.05,2026-09-10T15:48:40.0590000-04:00,2026-09-10T19:48:40.0590000Z,GroundBall,v3,471298,,,,,Undefined,FOR_RAM,172e91f5-754c-443d-a993-ff695a779cf8,43.53163,-90.46128,9.0571,4.35945,5.71504,-19.69005,-0.12645,-1.68183,5.23556,234.23088,1.99555,133.82626,-13.68151,,,,,,,2.56368,15.28936,-14.6091,,,,,,,0.06178,44.08468,-2.88481,,,,,,,,,,,,,,,,,,,,,,,,,,,,,High,Medium,Medium,High,High,,,
305,2026-09-10,15:48:46.99,,,,,Undefined,FOR_RAM,"Dean, Mason",1000150670,Left,FOR_RAM,Undefined,1,Bottom,0,0,0,Undefined,Other,Undefined,Undefined,GroundBall,Undefined,0,0,,61.62316,2.671191,0.390934,2043.670577,48.730068,7:30,4.33921,0.11531,16.90702,-53.89326,-8.11331,-10.66178,1.81618,-0.48536,57.45831,-9.733626,-2.026313,0.486978,90.72516,-3.398607,41.818795,2910.318934,,,,27.73544,27.73544,37.068023,0.204638,8.75111,-6.89725,-0.06285,50,3.96805,-1.04455,-91.30507,6.69674,7.29989,14.93009,-37.92751,FOR_RAM,,FordhamUniversity,,,20260910-FordhamUniversity-BP-1,a0833ba0-ad50-11f1-884b-8d6b77d225c8,77.40073,2.13832,,4.16484,,,,2.1493,2.13832,0.32309,ba7bdbee-570e-4ce4-ad5b-c43f8345b719,2026-09-10,19:48:46.99,2026-09-10T15:48:46.9950000-04:00,2026-09-10T19:48:46.9950000Z,GroundBall,v3,471298,,,,,Undefined,FOR_RAM,484bff9e-faba-4c70-9551-bc01b4f8caab,43.59832,-90.2522,7.46504,4.34599,4.0221,-18.96375,-0.11837,-0.52976,3.64994,,2.14802,99.07711,-6.95103,,,,,,,2.13889,-7.9255,-12.36327,,,,,,,0.32843,88.2204,-39.85266,,,,,,,,,,,,,,,,,,,,,,,,,,,,,High,High,High,Medium,High,,,
306,2026-09-10,15:49:11.05,,,,,Undefined,FOR_RAM,"Hanawalt, Chase",1000367090,Left,FOR_RAM,Undefined,1,Bottom,0,0,0,Undefined,Other,Undefined,Undefined,GroundBall,Undefined,0,0,,62.22417,3.246838,0.759292,2038.780279,42.546266,7:30,4.34882,0.11611,16.97451,-57.08905,-12.12099,-12.29855,1.98074,-0.35062,57.76734,-9.911372,-2.034017,0.48264,63.9924,-19.57646,45.7307,,,,,7.33016,7.33016,37.470437,0.064873,10.18174,-10.29552,-0.02127,50,3.90836,-1.70473,-92.23343,7.81009,8.6181,15.94584,-40.88845,FOR_RAM,,FordhamUniversity,,,20260910-FordhamUniversity-BP-1,aee1ab50-ad50-11f1-884b-8d6b77d225c8,78.09636,2.04721,,4.45682,,,,1.79933,2.04721,0.33711,ba7bdbee-570e-4ce4-ad5b-c43f8345b719,2026-09-10,19:49:11.05,2026-09-10T15:49:11.0550000-04:00,2026-09-10T19:49:11.0550000Z,GroundBall,v3,471298,,,,,Undefined,FOR_RAM,01823130-ac7c-452f-a158-1a85541ec44a,43.53186,-91.10831,7.97292,4.35764,4.92507,-20.44423,-0.1201,-1.09665,4.30905,,1.79708,61.94251,,,,,,,,2.04836,-31.5574,,,,,,,,0.33481,63.54293,,,,,,,,,,,,,,,,,,,,,,,,,,,,,,High,Medium,Medium,Estimated,Estimated,,,
307,2026-09-10,15:49:17.63,,,,,Undefined,FOR_RAM,"Hanawalt, Chase",1000367090,Left,FOR_RAM,Undefined,1,Bottom,0,0,0,Undefined,Curveball,Undefined,Undefined,Undefined,Undefined,0,0,,60.89565,2.596114,0.639194,1775.442428,68.311678,8:15,4.37028,0.13038,17.12576,-49.47822,-3.39914,-11.47386,2.14993,-0.3576,57.06069,-8.860573,-1.974124,0.488566,94.08792,13.303122,44.979934,3170.433149,71.34249,9.47661,83.72705,158.63011,146.59784,51.998251,1.354744,9.5952,-3.06654,-0.04463,50,3.99231,-1.49259,-90.16591,6.46718,7.87667,13.45807,-34.69136,FOR_RAM,,FordhamUniversity,,,20260910-FordhamUniversity-BP-1,b2d4de80-ad50-11f1-884b-8d6b77d225c8,77.14909,11.05958,,3.83497,,,,2.00815,1.74608,0.76998,ba7bdbee-570e-4ce4-ad5b-c43f8345b719,2026-09-10,19:49:17.63,2026-09-10T15:49:17.6340000-04:00,2026-09-10T19:49:17.6340000Z,LineDrive,v3,471298,,,,,Undefined,FOR_RAM,f0b50ef7-f6a8-4e24-95ae-293d3d605296,43.379,-89.17219,6.72904,4.37527,3.90563,-17.34568,-0.13337,-0.91098,3.93834,,2.00815,94.99237,-21.55896,3.3427,-0.62273,0.07805,-0.00726,0.00143,-0.00012,1.74608,31.75312,-29.82602,5.23777,-1.20373,0.28013,-0.05548,0.0103,-0.00114,0.76998,94.92586,0.28972,-2.89655,1.00359,-0.31822,0.07703,-0.01489,0.0017,,,,,,,,,,,,,,,,,,,,,,,High,High,High,High,High,,,
308,2026-09-10,15:49:24.49,,,,,Undefined,FOR_RAM,"Hanawalt, Chase",1000367090,Left,FOR_RAM,Undefined,1,Bottom,0,0,0,Undefined,Curveball,Undefined,Undefined,GroundBall,Undefined,0,0,,63.22953,3.026313,0.505692,1999.622641,66.673223,8:15,4.33577,0.12455,16.88795,-48.06762,-4.49721,-13.20272,2.56136,-0.6032,58.6925,-8.071293,-2.482218,0.475081,84.86721,4.39248,16.521847,3023.135972,,,,86.42213,85.50451,18.47551,0.764062,10.7891,-4.03965,-0.05852,50,3.9339,-1.34845,-93.62057,7.17416,9.46386,15.67414,-35.71751,FOR_RAM,,FordhamUniversity,,,20260910-FordhamUniversity-BP-1,b6dde3a0-ad50-11f1-884b-8d6b77d225c8,79.33904,3.96018,,4.53704,,,,1.1178,2.69731,0.44871,ba7bdbee-570e-4ce4-ad5b-c43f8345b719,2026-09-10,19:49:24.49,2026-09-10T15:49:24.4960000-04:00,2026-09-10T19:49:24.4960000Z,GroundBall,v3,471298,,,,,Undefined,FOR_RAM,6ad30559-5674-49ad-adb8-46ea98d31496,43.61631,-92.54563,7.83707,4.34191,4.72464,-17.85876,-0.12874,-0.69942,4.73193,277.955056,1.17708,117.92333,-16.03991,,,,,,,2.73076,8.93817,-16.4287,,,,,,,0.4386,35.47698,-0.25564,,,,,,,,,,,,,,,,,,,,,,,,,,,,,High,High,High,High,High,,,
309,2026-09-10,15:49:43.71,,,,,Undefined,FOR_RAM,"Markey, Tommy",10084492,Left,FOR_RAM,Undefined,1,Bottom,0,0,0,Undefined,Curveball,Undefined,Undefined,GroundBall,Undefined,0,0,,62.91807,2.675838,0.4351,1994.264012,52.799398,7:45,4.3472,0.13212,16.91132,-51.57306,-7.95571,-11.92414,2.02075,-0.54125,58.96771,-9.182236,-2.267978,0.475336,85.8037,-12.294316,-8.122797,,,,,9.81561,9.81561,-3.782389,0.072835,9.75922,-6.70162,-0.07364,50,3.97805,-1.19274,-93.16022,6.75238,8.54781,14.43388,-38.04382,FOR_RAM,,FordhamUniversity,,,20260910-FordhamUniversity-BP-1,c26ba720-ad50-11f1-884b-8d6b77d225c8,79.29636,1.95508,,3.95036,,,,0.91314,1.95508,0.62006,ba7bdbee-570e-4ce4-ad5b-c43f8345b719,2026-09-10,19:49:43.71,2026-09-10T15:49:43.7180000-04:00,2026-09-10T19:49:43.7180000Z,GroundBall,v3,471298,,,,,Undefined,FOR_RAM,16b373b6-da96-4269-b546-0a3328d8dfa8,43.59451,-92.16244,7.21694,4.35393,4.12249,-19.02191,-0.13566,-0.60184,4.2739,180,0.91069,121.93494,,,,,,,,1.95562,-26.84275,,,,,,,,0.62041,-17.40342,,,,,,,,,,,,,,,,,,,,,,,,,,,,,,High,High,High,High,High,,,
310,2026-09-10,15:49:50.22,,,,,Undefined,FOR_RAM,"Markey, Tommy",10084492,Left,FOR_RAM,Undefined,1,Bottom,0,0,0,Undefined,Curveball,Undefined,Undefined,GroundBall,Undefined,0,0,,61.31101,3.278454,1.059615,1891.855332,55.569103,7:45,4.3325,0.11964,16.94901,-57.7842,-11.17733,-18.33292,1.93147,-0.62868,56.69365,-10.049259,-3.100859,0.491356,96.08584,5.994711,14.082954,690.1142,,,,128.65899,128.65899,15.563132,1.006982,15.12792,-9.53205,0.01178,50,3.89091,-2.37126,-90.92795,7.74499,12.36412,16.28744,-39.96462,FOR_RAM,,FordhamUniversity,,,20260910-FordhamUniversity-BP-1,c6418e50-ad50-11f1-884b-8d6b77d225c8,76.71103,5.31227,,4.61736,,,,1.62758,2.22523,0.03177,ba7bdbee-570e-4ce4-ad5b-c43f8345b719,2026-09-10,19:49:50.22,2026-09-10T15:49:50.2290000-04:00,2026-09-10T19:49:50.2290000Z,GroundBall,v3,471298,,,,,Undefined,FOR_RAM,7570f8ef-366e-4ce0-8364-7f0b98c3b5d9,43.55756,-89.76653,8.14372,4.34158,4.89521,-19.98231,-0.12587,-1.4896,6.18206,273.436927,1.71355,134.77567,-13.37891,,,,,,,2.27908,13.99176,-16.19153,,,,,,,0.01757,34.29879,-0.02378,,,,,,,,,,,,,,,,,,,,,,,,,,,,,High,Medium,Medium,High,High,,,
311,2026-09-10,15:49:58.05,,,,,Undefined,FOR_RAM,"Markey, Tommy",10084492,Left,FOR_RAM,Undefined,1,Bottom,0,0,0,Undefined,Curveball,Undefined,Undefined,GroundBall,Undefined,0,0,,61.62139,3.833796,0.961544,1796.43454,27.056868,7:00,4.34482,0.13568,17.02607,-69.85815,-22.27903,-12.35138,1.34249,-0.18762,55.37539,-12.341746,-1.853274,0.496455,88.79191,-2.054924,54.986249,,,,,39.62667,5.27335,51.512363,0.298064,10.33182,-18.84359,-0.02203,50,3.83978,-1.95425,-91.72717,8.96583,8.22075,21.88003,-47.16741,FOR_RAM,,FordhamUniversity,,,20260910-FordhamUniversity-BP-1,cadc7330-ad50-11f1-884b-8d6b77d225c8,75.92323,1.3922,,6.246,,,,2.39857,1.3922,-0.76104,ba7bdbee-570e-4ce4-ad5b-c43f8345b719,2026-09-10,19:49:58.05,2026-09-10T15:49:58.0560000-04:00,2026-09-10T19:49:58.0560000Z,GroundBall,v3,471298,,,,,Undefined,FOR_RAM,b468c8f0-9530-4eed-8a2a-1818882dbeec,43.48008,-90.15854,10.94002,4.36135,5.58428,-23.58371,-0.14101,-1.36489,4.11037,180,2.39768,74.69166,,,,,,,,1.39225,-4.6708,,,,,,,,-0.7623,106.61628,,,,,,,,,,,,,,,,,,,,,,,,,,,,,,High,Medium,Medium,Low,Low,,,
312,2026-09-10,15:50:22.25,,,,,Undefined,FOR_RAM,"Kaufman, Taylor",10314665,Right,FOR_RAM,Undefined,1,Bottom,0,0,0,Undefined,Curveball,Undefined,Undefined,GroundBall,Undefined,0,0,,60.86763,3.103213,0.164467,1918.523541,57.981065,8:00,4.35788,0.13177,16.93333,-51.42408,-4.81197,-9.58717,2.35803,-0.54615,56.95366,-8.749854,-2.008027,0.491384,95.81554,3.034885,-23.541221,2675.149921,,,,62.59847,60.29659,-22.274016,0.462047,7.81504,-4.28729,-0.10502,50,3.93651,-0.6403,-90.06591,7.2339,6.39809,13.48585,-35.684,FOR_RAM,,FordhamUniversity,,,20260910-FordhamUniversity-BP-1,d94b0f80-ad50-11f1-884b-8d6b77d225c8,76.70671,2.81254,,3.91397,,,,1.98534,2.32543,0.9882,ba7bdbee-570e-4ce4-ad5b-c43f8345b719,2026-09-10,19:50:22.25,2026-09-10T15:50:22.2540000-04:00,2026-09-10T19:50:22.2540000Z,GroundBall,v3,471298,,,,,Undefined,FOR_RAM,a5e0b6d1-4611-4826-956e-1cc6bef63585,43.57143,-89.09814,6.74293,4.36375,4.67316,-17.842,-0.13449,-0.18116,3.19904,,1.99163,128.47097,-16.06546,,,,,,,2.34303,6.92946,-26.05066,,,,,,,0.98724,-56.02256,5.48808,,,,,,,,,,,,,,,,,,,,,,,,,,,,,High,High,High,Low,Medium,,,
313,2026-09-10,15:50:28.23,,,,,Undefined,FOR_RAM,"Kaufman, Taylor",10314665,Right,FOR_RAM,Undefined,1,Bottom,0,0,0,Undefined,Curveball,Undefined,Undefined,Undefined,Undefined,0,0,,61.33771,3.116593,0.217942,1941.961153,54.564152,7:45,4.3575,0.11862,16.99243,-54.43924,-8.11221,-13.28761,2.11304,-0.82856,56.81515,-9.464641,-2.799079,0.489879,,,,,,,,,,,,10.67816,-6.77536,-0.08726,50,3.93732,-0.82959,-90.91621,7.34746,8.76411,15.74161,-37.73491,FOR_RAM,,FordhamUniversity,,,20260910-FordhamUniversity-BP-1,dceb67c0-ad50-11f1-884b-8d6b77d225c8,76.94236,,,4.52256,,,,,,,ba7bdbee-570e-4ce4-ad5b-c43f8345b719,2026-09-10,19:50:28.23,2026-09-10T15:50:28.2330000-04:00,2026-09-10T19:50:28.2330000Z,,v3,471298,,,,,Undefined,FOR_RAM,65f19d33-14cb-4d83-a542-3886786e07d1,43.51224,-89.78586,7.8708,4.36763,4.63786,-18.86745,-0.12424,-0.20028,4.38206,,,,,,,,,,,,,,,,,,,,,,,,,,,,,,,,,,,,,,,,,,,,,,,,,,,High,High,High,,,,,
314,2026-09-10,15:50:36.59,,,,,Undefined,FOR_RAM,"Kaufman, Taylor",10314665,Right,FOR_RAM,Undefined,1,Bottom,0,0,0,Undefined,Curveball,Undefined,Undefined,GroundBall,Undefined,0,0,,61.3159,2.80214,-0.167957,2000.913261,56.775722,8:00,4.35937,0.12678,16.96579,-51.14652,-5.21032,-9.77497,2.15895,-0.81128,57.31434,-8.995189,-2.38541,0.487808,89.23463,-11.219864,-9.57951,,,,,13.11717,13.11717,-6.273305,0.094461,7.86233,-4.51051,-0.13762,50,3.97133,-0.12318,-90.78173,6.79572,6.52072,14.05844,-35.91489,FOR_RAM,,FordhamUniversity,,,20260910-FordhamUniversity-BP-1,e1fbf1d0-ad50-11f1-884b-8d6b77d225c8,77.26899,2.4101,,4.00157,,,,1.05825,2.4101,0.58859,ba7bdbee-570e-4ce4-ad5b-c43f8345b719,2026-09-10,19:50:36.59,2026-09-10T15:50:36.5970000-04:00,2026-09-10T19:50:36.5970000Z,GroundBall,v3,471298,,,,,Undefined,FOR_RAM,65a07770-bdf7-4e45-b864-81ffabbe01a2,43.53884,-89.77558,7.02922,4.36572,4.22532,-17.95745,-0.12973,0.34351,3.26036,180,1.05456,126.82865,,,,,,,,2.41085,-25.51423,,,,,,,,0.58922,-21.40481,,,,,,,,,,,,,,,,,,,,,,,,,,,,,,High,High,High,Medium,Low,,,
315,2026-09-10,15:50:44.31,,,,,Undefined,FOR_RAM,"Kaufman, Taylor",10314665,Right,FOR_RAM,Undefined,1,Bottom,0,0,0,Undefined,Curveball,Undefined,Undefined,GroundBall,Undefined,0,0,,60.54887,3.36547,0.47364,1771.924742,42.310085,7:30,4.35736,0.12966,17.02456,-54.78499,-8.09638,-8.38449,2.26572,-0.22131,56.96087,-9.253496,-1.431375,0.491787,,,,,,,,,,,,6.96445,-7.04087,-0.06758,50,3.89338,-1.08656,-89.56648,7.815,5.67135,12.6376,-37.90765,FOR_RAM,,FordhamUniversity,,,20260910-FordhamUniversity-BP-1,e672fb00-ad50-11f1-884b-8d6b77d225c8,76.64384,,,3.588,,,,,,,ba7bdbee-570e-4ce4-ad5b-c43f8345b719,2026-09-10,19:50:44.31,2026-09-10T15:50:44.3170000-04:00,2026-09-10T19:50:44.3170000Z,,v3,471298,,,,,Undefined,FOR_RAM,9d41a09c-361e-4754-9b31-e9935b82a88b,43.48154,-88.64196,6.3188,4.36365,5.04185,-18.95382,-0.13189,-0.67167,2.83568,,,,,,,,,,,,,,,,,,,,,,,,,,,,,,,,,,,,,,,,,,,,,,,,,,,High,High,High,,,,,
316,2026-09-10,15:51:08.69,,,,,Undefined,FOR_RAM,"Dean, Mason",1000150670,Left,FOR_RAM,Undefined,1,Bottom,0,0,0,Undefined,Curveball,Undefined,Undefined,FlyBall,Undefined,0,0,,62.6245,2.680911,0.261819,2023.218701,57.725095,8:00,4.35876,0.12838,16.99221,-48.18503,-4.81859,-9.11977,2.31458,-0.43923,59.25007,-8.405599,-1.808405,0.473967,69.59276,57.433059,16.746241,,102.68594,80.45378,39.44083,144.20483,114.49803,21.369035,5.012373,7.52685,-4.22197,-0.08877,50,3.98084,-0.82489,-92.5917,6.69501,6.61205,12.2835,-35.88288,FOR_RAM,,FordhamUniversity,,,20260910-FordhamUniversity-BP-1,f50e2590-ad50-11f1-884b-8d6b77d225c8,79.52542,98.50593,,3.37444,,,,1.79811,2.32019,0.43642,ba7bdbee-570e-4ce4-ad5b-c43f8345b719,2026-09-10,19:51:08.69,2026-09-10T15:51:08.6930000-04:00,2026-09-10T19:51:08.6930000Z,Popup,v3,471298,,,,,Undefined,FOR_RAM,b3e18b89-0bc8-4faf-b13f-0709032567d8,43.51341,-91.72713,6.14175,4.36318,4.16941,-17.94144,-0.13045,-0.3595,3.30603,186.182573,1.80243,52.51547,-15.40341,4.07144,-0.45252,-0.09011,0.04258,-0.00605,0.0003,2.31997,86.01249,-22.26128,1.41269,0.22207,-0.24362,0.08081,-0.01261,0.00075,0.43764,15.80509,-2.53136,0.44852,0.02476,-0.03902,0.00961,-0.00098,3E-05,,,,,,,,,,,,,,,,,,,,,,,High,High,High,High,Medium,,,
317,2026-09-10,15:51:16.29,,,,,Undefined,FOR_RAM,"Dean, Mason",1000150670,Left,FOR_RAM,Undefined,1,Bottom,0,0,0,Undefined,Curveball,Undefined,Undefined,LineDrive,Undefined,0,0,,60.78449,3.482537,0.29371,1857.225925,18.046881,6:30,4.34855,0.15331,17.0453,-54.22424,-8.19036,-3.00075,2.38858,0.11877,57.44613,-8.998361,-0.38826,0.488326,98.42355,22.095244,24.835966,2000.409644,98.23736,43.99766,49.49119,413.40794,386.77783,33.788118,4.880642,2.53244,-7.17685,-0.1165,50,3.86726,-0.58928,-89.84478,8.04884,2.09052,11.80628,-38.09853,FOR_RAM,,FordhamUniversity,,,20260910-FordhamUniversity-BP-1,f97bdff0-ad50-11f1-884b-8d6b77d225c8,77.187,67.78624,,3.33836,,,,1.93779,2.88561,0.2946,ba7bdbee-570e-4ce4-ad5b-c43f8345b719,2026-09-10,19:51:16.29,2026-09-10T15:51:16.2900000-04:00,2026-09-10T19:51:16.2900000Z,LineDrive,v3,471298,,,,,Undefined,FOR_RAM,7941f44d-e635-4e28-8f84-3d9c40733b52,43.46092,-88.98134,5.90314,4.35401,5.26256,-19.04927,-0.15401,-0.4364,1.04526,,1.93777,121.38129,-23.53522,5.31474,-1.00063,0.16688,-0.02543,0.00289,-0.00015,2.88755,54.26129,-10.1126,-1.17522,0.49665,-0.15477,0.0358,-0.0046,0.00024,0.2947,56.1772,-4.35759,0.90097,-0.12371,0.01186,-0.001,0.00013,-1E-05,,,,,,,,,,,,,,,,,,,,,,,High,Medium,Medium,Medium,Medium,,,
318,2026-09-10,15:51:25.45,,,,,Undefined,FOR_RAM,"Dean, Mason",1000150670,Left,FOR_RAM,Undefined,1,Bottom,0,0,0,Undefined,Curveball,Undefined,Undefined,FlyBall,Undefined,0,0,,61.16684,3.160445,0.814718,1923.746986,57.422159,8:00,4.35637,0.10204,17.1251,-53.45849,-8.04725,-14.23288,2.21885,-0.48727,57.68826,-9.173185,-2.427155,0.485013,81.66955,34.378067,-4.378482,4928.020849,109.11795,66.82441,-13.90174,247.75187,237.7167,-12.512562,4.684953,11.89875,-7.00831,0.00752,50,3.90763,-1.90339,-90.50598,7.58032,9.91833,12.59723,-38.01592,FOR_RAM,,FordhamUniversity,,,20260910-FordhamUniversity-BP-1,ff0c9680-ad50-11f1-884b-8d6b77d225c8,77.71434,75.47678,,3.47858,,,,1.2149,2.34242,0.33211,ba7bdbee-570e-4ce4-ad5b-c43f8345b719,2026-09-10,19:51:25.45,2026-09-10T15:51:25.4520000-04:00,2026-09-10T19:51:25.4520000Z,FlyBall,v3,471298,,,,,Undefined,FOR_RAM,1c7afe01-1b04-449a-9591-53759f0b7b95,43.38175,-89.58007,6.29862,4.3621,4.78612,-19.00796,-0.10558,-1.17438,4.95917,164.965126,1.21499,98.57037,-23.05687,5.67146,-1.29113,0.30418,-0.0611,0.0076,-0.0004,2.34379,67.602,-16.84187,0.35116,0.35754,-0.21614,0.0581,-0.0075,0.00037,0.33219,-7.54917,-2.22682,0.67621,-0.18501,0.04683,-0.00908,0.00106,-5E-05,,,,,,,,,,,,,,,,,,,,,,,High,Medium,Medium,Low,Medium,,,