PitchNo,Date,Time,PAofInning,PitchofPA,Pitcher,PitcherId,PitcherThrows,PitcherTeam,Batter,BatterId,BatterSide,BatterTeam,PitcherSet,Inning,Top/Bottom,Outs,Balls,Strikes,TaggedPitchType,AutoPitchType,PitchCall,KorBB,TaggedHitType,PlayResult,OutsOnPlay,RunsScored,Notes,RelSpeed,VertRelAngle,HorzRelAngle,SpinRate,SpinAxis,Tilt,RelHeight,RelSide,Extension,VertBreak,InducedVertBreak,HorzBreak,PlateLocHeight,PlateLocSide,ZoneSpeed,VertApprAngle,HorzApprAngle,ZoneTime,ExitSpeed,Angle,Direction,HitSpinRate,PositionAt110X,PositionAt110Y,PositionAt110Z,Distance,LastTrackedDistance,Bearing,HangTime,pfxx,pfxz,x0,y0,z0,vx0,vy0,vz0,ax0,ay0,az0,HomeTeam,AwayTeam,Stadium,Level,League,GameID,PitchUID,EffectiveVelo,MaxHeight,MeasuredDuration,SpeedDrop,PitchLastMeasuredX,PitchLastMeasuredY,PitchLastMeasuredZ,ContactPositionX,ContactPositionY,ContactPositionZ,GameUID,UTCDate,UTCTime,LocalDateTime,UTCDateTime,AutoHitType,System,HomeTeamForeignID,AwayTeamForeignID,GameForeignID,Catcher,CatcherId,CatcherThrows,CatcherTeam,PlayID,PitchTrajectoryXc0,PitchTrajectoryXc1,PitchTrajectoryXc2,PitchTrajectoryYc0,PitchTrajectoryYc1,PitchTrajectoryYc2,PitchTrajectoryZc0,PitchTrajectoryZc1,PitchTrajectoryZc2,HitSpinAxis,HitTrajectoryXc0,HitTrajectoryXc1,HitTrajectoryXc2,HitTrajectoryXc3,HitTrajectoryXc4,HitTrajectoryXc5,HitTrajectoryXc6,HitTrajectoryXc7,HitTrajectoryXc8,HitTrajectoryYc0,HitTrajectoryYc1,HitTrajectoryYc2,HitTrajectoryYc3,HitTrajectoryYc4,HitTrajectoryYc5,HitTrajectoryYc6,HitTrajectoryYc7,HitTrajectoryYc8,HitTrajectoryZc0,HitTrajectoryZc1,HitTrajectoryZc2,HitTrajectoryZc3,HitTrajectoryZc4,HitTrajectoryZc5,HitTrajectoryZc6,HitTrajectoryZc7,HitTrajectoryZc8,ThrowSpeed,PopTime,ExchangeTime,TimeToBase,CatchPositionX,CatchPositionY,CatchPositionZ,ThrowPositionX,ThrowPositionY,ThrowPositionZ,BasePositionX,BasePositionY,BasePositionZ,ThrowTrajectoryXc0,ThrowTrajectoryXc1,ThrowTrajectoryXc2,ThrowTrajectoryYc0,ThrowTrajectoryYc1,ThrowTrajectoryYc2,ThrowTrajectoryZc0,ThrowTrajectoryZc1,ThrowTrajectoryZc2,PitchReleaseConfidence,PitchLocationConfidence,PitchMovementConfidence,HitLaunchConfidence,HitLandingConfidence,CatcherThrowCatchConfidence,CatcherThrowReleaseConfidence,CatcherThrowLocationConfidence
1,2026-09-28,14:19:46.19,,,,,Undefined,FOR_RAM,"Young, Caden",10264258,Right,FOR_RAM,Undefined,1,Bottom,0,0,0,Undefined,Slider,Undefined,Undefined,GroundBall,Undefined,0,0,,50.86294,-1.428473,1.847664,1162.67875,125.896307,10:15,5.88536,-1.40933,27.12042,-33.72655,3.67685,-4.13378,2.27719,-0.72252,49.26909,-11.527041,0.609236,0.440177,97.89072,4.19949,6.554832,1086.784864,,,,73.86408,73.86408,9.05489,0.543042,6.27926,6.03142,2.02414,50,5.61593,-3.20675,-76.35427,4.3794,3.74586,8.47696,-28.57604,FOR_RAM,,FordhamUniversity,,,20260928-FordhamUniversity-BP-1,2093bfb0-bb69-11f1-93a8-090a75922668,85.63027,3.06918,,1.59385,,,,0.77953,2.07141,0.78193,3737a129-c7b8-45bf-aff7-ddc2ce9649b7,2026-09-28,18:19:46.19,2026-09-28T14:19:46.1940000-04:00,2026-09-28T18:19:46.1940000Z,GroundBall,v3,471298,,,,,Undefined,FOR_RAM,79b623a5-e315-45a6-a6e1-667a010e47d8,33.38423,-74.48672,4.23848,5.88726,-1.91614,-14.28802,1.40858,-2.38151,1.87293,318.252936,0.78758,142.05424,-16.93188,,,,,,,2.09669,9.88859,-25.40071,,,,,,,0.76807,16.68928,6.12677,,,,,,,,,,,,,,,,,,,,,,,,,,,,,High,High,High,Medium,High,,,
2,2026-09-28,14:20:25.99,,,,,Undefined,FOR_RAM,"Rubin, Jack",10076675,Right,FOR_RAM,Undefined,1,Bottom,0,0,0,Undefined,Slider,Undefined,Undefined,GroundBall,Undefined,0,0,,50.07367,-0.270431,1.832342,1067.645302,133.49213,10:30,6.04225,-1.3531,26.36683,-35.65616,5.39532,-4.67575,2.91637,-0.6959,47.65487,-10.800844,0.464992,0.461143,97.14951,4.84181,-5.453926,2219.460227,,,,102.83679,29.65136,-1.948433,0.803843,6.80882,7.91792,1.93361,50,5.50377,-3.14229,-75.5156,5.48475,3.88141,10.29478,-27.66039,FOR_RAM,,FordhamUniversity,,,20260928-FordhamUniversity-BP-1,3858cd20-bb69-11f1-93a8-090a75922668,81.73695,4.70414,,2.4188,,,,1.50671,2.97562,0.70988,3737a129-c7b8-45bf-aff7-ddc2ce9649b7,2026-09-28,18:20:25.99,2026-09-28T14:20:25.9930000-04:00,2026-09-28T18:20:25.9930000Z,GroundBall,v3,471298,,,,,Undefined,FOR_RAM,996f1610-f426-414a-a36b-395e821be4be,34.13671,-73.32112,5.14739,6.04449,-0.41144,-13.8302,1.35197,-2.31491,1.94071,289.766722,1.57253,140.21972,-17.90582,,,,,,,3.03157,11.07499,-18.54789,,,,,,,0.64639,-12.40745,9.11151,,,,,,,,,,,,,,,,,,,,,,,,,,,,,High,High,High,Medium,Low,,,
3,2026-09-28,14:20:29.94,,,,,Undefined,FOR_RAM,"Rubin, Jack",10076675,Right,FOR_RAM,Undefined,1,Bottom,0,0,0,Undefined,Curveball,Undefined,Undefined,LineDrive,Undefined,0,0,,49.61511,-0.557752,1.547038,2010.339146,131.831887,10:30,5.94526,-1.24701,26.10528,-36.17742,6.50189,-6.07004,2.60926,-0.86202,47.06111,-11.167779,-0.214645,0.470197,81.78847,28.275418,-17.559447,2654.017476,105.78533,51.83534,-30.15713,275.86362,271.88955,-14.657751,4.379244,8.4728,9.38371,1.7574,50,5.50802,-2.91962,-74.90955,4.92708,4.72065,10.69209,-26.9459,FOR_RAM,,FordhamUniversity,,,20260928-FordhamUniversity-BP-1,3abab1f0-bb69-11f1-93a8-090a75922668,80.16303,60.89814,,2.554,,,,2.69889,2.8536,0.87149,3737a129-c7b8-45bf-aff7-ddc2ce9649b7,2026-09-28,18:20:29.94,2026-09-28T14:20:29.9480000-04:00,2026-09-28T18:20:29.9480000Z,LineDrive,v3,471298,,,,,Undefined,FOR_RAM,4ab0e412-0b94-44a2-91dc-d697a40e17a6,34.39795,-72.6485,5.34604,5.94745,-0.77116,-13.47295,1.24554,-1.92135,2.36032,185.957757,2.69839,100.73311,-19.30501,4.52952,-1.0291,0.24028,-0.04765,0.00594,-0.00032,2.85437,56.80604,-14.55004,0.14384,0.22363,-0.11588,0.03027,-0.00387,0.00019,0.8717,-31.87722,7.39789,-1.72457,0.39865,-0.09459,0.01895,-0.00237,0.00013,,,,,,,,,,,,,,,,,,,,,,,High,High,High,High,High,,,
4,2026-09-28,14:20:35.05,,,,,Undefined,FOR_RAM,"Rubin, Jack",10076675,Right,FOR_RAM,Undefined,1,Bottom,0,0,0,Undefined,Slider,Undefined,Undefined,GroundBall,Undefined,0,0,,49.53197,-0.566125,1.636038,1121.057586,128.244856,10:15,5.96911,-1.35665,26.65997,-33.95848,5.72185,-6.68508,2.81867,-0.98748,48.89694,-10.546929,-0.336535,0.453377,94.24465,1.659835,6.620289,1126.759238,,,,60.82585,60.82585,9.679597,0.456132,9.54961,8.28355,1.94502,50,5.46501,-3.27243,-73.61866,5.31278,5.49936,4.68353,-27.40377,FOR_RAM,,FordhamUniversity,,,20260928-FordhamUniversity-BP-1,3db33170-bb69-11f1-93a8-090a75922668,83.13714,2.86725,,0.63504,,,,1.36623,2.6924,1.00696,3737a129-c7b8-45bf-aff7-ddc2ce9649b7,2026-09-28,18:20:35.05,2026-09-28T14:20:35.0520000-04:00,2026-09-28T18:20:35.0520000Z,GroundBall,v3,471298,,,,,Undefined,FOR_RAM,af80f5d4-0392-4b12-b9a2-a537813e1412,33.8454,-72.58365,2.34176,5.96992,-0.74317,-13.70188,1.35614,-2.05714,2.74968,296.107677,1.37518,136.98415,-18.77747,,,,,,,2.70441,3.65119,-21.05795,,,,,,,0.99509,16.27902,8.73741,,,,,,,,,,,,,,,,,,,,,,,,,,,,,High,High,High,Medium,Medium,,,
5,2026-09-28,14:20:39.08,,,,,Undefined,FOR_RAM,"Rubin, Jack",10076675,Right,FOR_RAM,Undefined,1,Bottom,0,0,0,Undefined,Slider,Undefined,Undefined,Undefined,Undefined,0,0,,51.0492,-2.505982,2.998999,1169.006931,136.412648,10:30,5.96201,-1.37723,26.63873,-32.35525,6.85804,-5.5591,1.84356,-0.14037,48.45334,-12.105288,1.360037,0.4507,,,,,,,,,,,,8.54481,10.81709,2.31267,50,6.08805,-4.93779,-77.07258,2.16282,5.0228,11.61079,-25.81554,FOR_RAM,,FordhamUniversity,,,20260928-FordhamUniversity-BP-1,40293a80-bb69-11f1-93a8-090a75922668,83.6308,,,2.59585,,,,,,,3737a129-c7b8-45bf-aff7-ddc2ce9649b7,2026-09-28,18:20:39.08,2026-09-28T14:20:39.0840000-04:00,2026-09-28T18:20:39.0840000Z,,v3,471298,,,,,Undefined,FOR_RAM,0898391a-38cb-447d-bb33-b3b94f0a209c,33.86441,-74.6022,5.8054,5.9639,-3.32984,-12.90777,1.37576,-3.86911,2.5114,,,,,,,,,,,,,,,,,,,,,,,,,,,,,,,,,,,,,,,,,,,,,,,,,,,High,High,High,,,,,
6,2026-09-28,14:20:43.11,,,,,Undefined,FOR_RAM,"Rubin, Jack",10076675,Right,FOR_RAM,Undefined,1,Bottom,0,0,0,Undefined,Slider,Undefined,Undefined,Undefined,Undefined,0,0,,49.74265,0.18574,2.925355,1134.089147,110.868214,9:45,5.47568,-1.53744,26.91725,-37.08518,2.9548,-5.49866,2.48969,-0.35161,47.58983,-10.920831,1.290561,0.455427,,,,,,,,,,,,8.48292,4.57721,2.47442,50,4.71036,-4.75461,-74.92896,6.74165,4.79435,9.54938,-29.58711,FOR_RAM,,FordhamUniversity,,,20260928-FordhamUniversity-BP-1,4283cc50-bb69-11f1-93a8-090a75922668,82.76293,,,2.15282,,,,,,,3737a129-c7b8-45bf-aff7-ddc2ce9649b7,2026-09-28,18:20:43.11,2026-09-28T14:20:43.1110000-04:00,2026-09-28T18:20:43.1110000Z,,v3,471298,,,,,Undefined,FOR_RAM,23c5df8d-90e0-4f5c-905e-7844d652edb8,33.58733,-72.80719,4.77469,5.47796,0.16772,-14.79356,1.53634,-3.68935,2.39718,,,,,,,,,,,,,,,,,,,,,,,,,,,,,,,,,,,,,,,,,,,,,,,,,,,High,High,High,,,,,
7,2026-09-28,14:20:51.39,,,,,Undefined,FOR_RAM,"Rubin, Jack",10076675,Right,FOR_RAM,Undefined,1,Bottom,0,0,0,Undefined,Slider,Undefined,Undefined,Undefined,Undefined,0,0,,48.44719,-1.563799,4.052333,1066.550911,126.636139,10:15,6.05505,-1.11423,25.97902,-38.6986,6.06922,-6.8554,1.92398,0.6602,46.70608,-12.741337,2.07392,0.481564,,,,,,,,,,,,10.02461,9.1578,2.31006,50,5.85761,-6.12565,-72.58393,3.87416,5.35459,8.39689,-27.28245,FOR_RAM,,FordhamUniversity,,,20260928-FordhamUniversity-BP-1,478bcae0-bb69-11f1-93a8-090a75922668,78.27083,,,1.74111,,,,,,,3737a129-c7b8-45bf-aff7-ddc2ce9649b7,2026-09-28,18:20:51.39,2026-09-28T14:20:51.3950000-04:00,2026-09-28T18:20:51.3950000Z,,v3,471298,,,,,Undefined,FOR_RAM,ed017081-b2b0-4e37-9f89-048af0f61fb4,34.52412,-70.77096,4.19845,6.05816,-2.01639,-13.64123,1.11228,-4.96954,2.67729,,,,,,,,,,,,,,,,,,,,,,,,,,,,,,,,,,,,,,,,,,,,,,,,,,,High,High,High,,,,,
8,2026-09-28,14:20:59.58,,,,,Undefined,FOR_RAM,"Hanawalt, Chase",1000367090,Left,FOR_RAM,Undefined,1,Bottom,0,0,0,Undefined,Slider,Undefined,Undefined,LineDrive,Undefined,0,0,,49.54876,-0.367187,2.88261,1297.384084,126.503178,10:15,6.3376,-0.95427,26.43043,-38.33522,4.02126,-3.87154,2.93343,0.3676,46.69503,-11.72298,1.748305,0.468416,,,,,,,,,,,,6.21709,6.27323,1.81472,50,5.7915,-4.36041,-75.03662,5.64402,3.42901,11.83718,-28.71407,FOR_RAM,,FordhamUniversity,,,20260928-FordhamUniversity-BP-1,4c69d340-bb69-11f1-93a8-090a75922668,80.46793,,,2.85374,,,,,,,3737a129-c7b8-45bf-aff7-ddc2ce9649b7,2026-09-28,18:20:59.58,2026-09-28T14:20:59.5810000-04:00,2026-09-28T18:20:59.5810000Z,,v3,471298,,,,,Undefined,FOR_RAM,8bf63d36-fb15-47a2-9740-99372b5561ee,34.0725,-72.48049,5.91859,6.3408,-0.55652,-14.35703,0.95308,-3.61994,1.7145,,,,,,,,,,,,,,,,,,,,,,,,,,,,,,,,,,,,,,,,,,,,,,,,,,,High,High,High,,,,,
9,2026-09-28,14:21:03.79,,,,,Undefined,FOR_RAM,"Hanawalt, Chase",1000367090,Left,FOR_RAM,Undefined,1,Bottom,0,0,0,Undefined,Slider,Undefined,Undefined,LineDrive,Undefined,0,0,,49.07303,-0.90895,3.70985,1089.568558,117.702833,10:00,5.85066,-1.20653,26.6378,-38.73786,2.92898,-4.02756,2.10656,0.56201,47.47879,-12.320298,2.524032,0.464587,100.58049,7.863004,-1.922586,2281.748325,,,,,30.59365,,,6.49327,4.72886,2.32261,50,5.39181,-5.42951,-73.61203,5.35766,3.58201,8.29855,-29.56537,FOR_RAM,,FordhamUniversity,,,20260928-FordhamUniversity-BP-1,4edef1f0-bb69-11f1-93a8-090a75922668,81.13112,5.95291,,1.59424,,,,0.92721,2.17118,0.08136,3737a129-c7b8-45bf-aff7-ddc2ce9649b7,2026-09-28,18:21:03.79,2026-09-28T14:21:03.7990000-04:00,2026-09-28T18:21:03.7990000Z,,v3,471298,,,,,Undefined,FOR_RAM,1f91bdcf-fc91-41fc-96b2-ba38cb70e2e4,33.86709,-71.77027,4.14928,5.85274,-1.20401,-14.78269,1.20581,-4.63452,1.79101,,0.92556,146.15453,-9.59695,,,,,,,2.17077,20.20733,-8.62498,,,,,,,0.08281,-4.9948,-33.35926,,,,,,,,,,,,,,,,,,,,,,,,,,,,,High,High,High,Low,Undefined,,,
10,2026-09-28,14:21:08.33,,,,,Undefined,FOR_RAM,"Hanawalt, Chase",1000367090,Left,FOR_RAM,Undefined,1,Bottom,0,0,0,Undefined,Curveball,Undefined,Undefined,LineDrive,Undefined,0,0,,48.92666,-4.600115,2.759425,2171.822142,123.880422,10:15,5.33951,-0.68353,37.13345,-16.908,2.04091,-2.63776,2.16186,0.15491,47.92614,-11.888358,1.609354,0.313302,95.87262,20.959233,-28.762012,3199.044572,94.45842,32.84209,-56.36926,277.7074,271.15789,-32.666932,3.135724,8.52434,7.6604,2.25506,50,5.59766,-5.18733,-74.54513,4.37383,4.81906,8.56949,-27.84339,FOR_RAM,,FordhamUniversity,,,20260928-FordhamUniversity-BP-1,517e2de0-bb69-11f1-93a8-090a75922668,120.30697,36.88815,,1.00052,,,,0.24862,1.65842,-0.0841,3737a129-c7b8-45bf-aff7-ddc2ce9649b7,2026-09-28,18:21:08.33,2026-09-28T14:21:08.3350000-04:00,2026-09-28T18:21:08.3350000Z,LineDrive,v3,471298,,,,,Undefined,FOR_RAM,331b6061-f3f7-48a0-809b-0271aa0d59e5,23.37224,-71.41851,4.28474,5.34023,-5.78496,-13.92169,0.68319,-3.42907,2.40953,,0.24845,115.11521,-21.67355,5.11445,-1.2826,0.30333,-0.06559,0.00901,-0.00048,1.65852,50.29437,-20.02547,1.70152,-0.18085,-0.01361,0.01359,-0.00236,9E-05,-0.08397,-63.18732,4.33506,0.73105,-0.35553,0.07556,-0.00506,-0.00045,8E-05,,,,,,,,,,,,,,,,,,,,,,,High,High,High,Low,Medium,,,
11,2026-09-28,14:21:26.10,,,,,Undefined,FOR_RAM,"Young, Caden",10264258,Right,FOR_RAM,Undefined,1,Bottom,0,0,0,Undefined,Slider,Undefined,Undefined,Undefined,Undefined,0,0,,51.34297,0.48867,0.499757,1168.514721,132.686831,10:30,5.84583,-1.23082,26.49628,-32.97915,5.5052,-5.0804,3.37557,-1.36989,48.94136,-9.311021,-0.990848,0.446492,,,,,,,,,,,,6.96367,7.86296,1.45221,50,5.12218,-1.50174,-77.31096,6.33693,4.19846,9.98364,-27.4334,FOR_RAM,,FordhamUniversity,,,20260928-FordhamUniversity-BP-1,5c2d0310-bb69-11f1-93a8-090a75922668,84.41908,,,2.40161,,,,,,,3737a129-c7b8-45bf-aff7-ddc2ce9649b7,2026-09-28,18:21:26.10,2026-09-28T14:21:26.1010000-04:00,2026-09-28T18:21:26.1010000Z,,v3,471298,,,,,Undefined,FOR_RAM,ccf23223-0bb5-4e1c-ba10-99a702550a4c,34.00729,-75.21737,4.99182,5.84785,0.5841,-13.7167,1.22961,-0.62132,2.09923,,,,,,,,,,,,,,,,,,,,,,,,,,,,,,,,,,,,,,,,,,,,,,,,,,,High,High,High,,,,,
12,2026-09-28,14:21:31.68,,,,,Undefined,FOR_RAM,"Young, Caden",10264258,Right,FOR_RAM,Undefined,1,Bottom,0,0,0,Undefined,Curveball,Undefined,Undefined,Undefined,Undefined,0,0,,50.94056,0.115713,0.986745,1983.29378,133.324122,10:30,5.84696,-1.29121,26.43883,-34.72195,4.18319,-3.66858,3.01941,-1.03456,49.07338,-10.125092,-0.088393,0.448926,,,,,,,,,,,,5.18508,6.14402,1.62611,50,5.19564,-1.91812,-76.44331,6.10372,3.09871,8.54367,-28.50226,FOR_RAM,,FordhamUniversity,,,20260928-FordhamUniversity-BP-1,5f897480-bb69-11f1-93a8-090a75922668,83.96134,,,1.86718,,,,,,,3737a129-c7b8-45bf-aff7-ddc2ce9649b7,2026-09-28,18:21:31.68,2026-09-28T14:21:31.6810000-04:00,2026-09-28T18:21:31.6810000Z,,v3,471298,,,,,Undefined,FOR_RAM,75fa4adc-3498-42a4-84c6-8332af5a4ef7,34.0654,-74.64114,4.27184,5.84904,0.09156,-14.25113,1.29045,-1.26449,1.54935,,,,,,,,,,,,,,,,,,,,,,,,,,,,,,,,,,,,,,,,,,,,,,,,,,,High,High,High,,,,,
13,2026-09-28,14:21:36.02,,,,,Undefined,FOR_RAM,"Young, Caden",10264258,Right,FOR_RAM,Undefined,1,Bottom,0,0,0,Undefined,Slider,Undefined,Undefined,Undefined,Undefined,0,0,,51.94584,-0.577833,0.911556,1165.585503,132.105454,10:30,5.76269,-1.29472,26.65458,-33.16226,4.26453,-3.76732,2.67201,-1.09259,49.42243,-10.458876,-0.200461,0.440314,,,,,,,,,,,,5.38051,6.59225,1.61349,50,5.32549,-1.87497,-78.40775,5.0422,3.30738,11.07801,-28.12183,FOR_RAM,,FordhamUniversity,,,20260928-FordhamUniversity-BP-1,6218f900-bb69-11f1-93a8-090a75922668,85.6035,,,2.52341,,,,,,,3737a129-c7b8-45bf-aff7-ddc2ce9649b7,2026-09-28,18:21:36.02,2026-09-28T14:21:36.0280000-04:00,2026-09-28T18:21:36.0280000Z,,v3,471298,,,,,Undefined,FOR_RAM,75402cc9-bd5d-4153-93a4-990c5b57d7f1,33.84898,-76.09161,5.53901,5.76505,-0.83739,-14.06092,1.29377,-1.18348,1.65369,,,,,,,,,,,,,,,,,,,,,,,,,,,,,,,,,,,,,,,,,,,,,,,,,,,High,High,High,,,,,
14,2026-09-28,14:21:40.88,,,,,Undefined,FOR_RAM,"Young, Caden",10264258,Right,FOR_RAM,Undefined,1,Bottom,0,0,0,Undefined,Slider,Undefined,Undefined,GroundBall,Undefined,0,0,,51.05332,-0.140776,2.406365,1021.032297,132.299014,10:30,5.84741,-1.33859,26.72306,-33.32435,4.81567,-4.49422,2.99079,-0.35295,49.11868,-10.056735,1.079284,0.44449,90.71789,4.982768,3.366978,1132.141255,,,,89.81464,89.81464,6.76371,0.728672,6.77276,7.1554,2.09853,50,5.25985,-3.98566,-76.62319,5.73813,4.05961,8.73824,-27.88509,FOR_RAM,,FordhamUniversity,,,20260928-FordhamUniversity-BP-1,64ef7190-bb69-11f1-93a8-090a75922668,84.79933,4.36653,,1.93464,,,,1.03078,2.87964,0.34242,3737a129-c7b8-45bf-aff7-ddc2ce9649b7,2026-09-28,18:21:40.88,2026-09-28T14:21:40.8800000-04:00,2026-09-28T18:21:40.8800000Z,GroundBall,v3,471298,,,,,Undefined,FOR_RAM,2aa8db2f-f76f-4095-82a2-e0dcc88c34fb,33.78121,-74.75069,4.36912,5.84923,-0.23731,-13.94254,1.33765,-3.11574,2.0298,296.322355,1.05434,131.88637,-15.04609,,,,,,,2.91948,10.8172,-20.41381,,,,,,,0.30499,8.483,7.77079,,,,,,,,,,,,,,,,,,,,,,,,,,,,,High,High,High,High,High,,,
15,2026-09-28,14:21:49.76,,,,,Undefined,FOR_RAM,"Reina, Braedon",10305192,Left,FOR_RAM,Undefined,1,Bottom,0,0,0,Undefined,Curveball,Undefined,Undefined,GroundBall,Undefined,0,0,,49.628,-0.938479,2.822437,1982.358218,121.01356,10:00,5.98719,-1.12483,26.63403,-37.03246,3.77158,-4.87922,2.36885,0.06865,47.80408,-11.880606,1.383896,0.459751,101.80526,3.619791,6.094803,1547.365171,,,,66.98622,65.56747,7.125198,0.477239,7.41823,5.99146,2.00276,50,5.57443,-4.46935,-74.58151,5.04974,4.18184,8.89925,-28.79651,FOR_RAM,,FordhamUniversity,,,20260928-FordhamUniversity-BP-1,6a41bf90-bb69-11f1-93a8-090a75922668,81.98441,2.87367,,1.82392,,,,0.75112,2.15881,-0.09591,3737a129-c7b8-45bf-aff7-ddc2ce9649b7,2026-09-28,18:21:49.76,2026-09-28T14:21:49.7640000-04:00,2026-09-28T18:21:49.7640000Z,GroundBall,v3,471298,,,,,Undefined,FOR_RAM,90b5f293-c64f-4163-9738-83f317000bde,33.87028,-72.63137,4.44963,5.9896,-1.26057,-14.39826,1.12378,-3.55296,2.09092,334.013093,0.76286,147.84522,-21.35043,,,,,,,2.18454,8.70105,-27.92972,,,,,,,-0.10343,16.0347,3.36712,,,,,,,,,,,,,,,,,,,,,,,,,,,,,High,High,High,Low,Medium,,,
16,2026-09-28,14:21:54.12,,,,,Undefined,FOR_RAM,"Reina, Braedon",10305192,Left,FOR_RAM,Undefined,1,Bottom,0,0,0,Undefined,Slider,Undefined,Undefined,GroundBall,Undefined,0,0,,50.00636,-0.178536,2.262227,1138.430553,123.808447,10:15,5.87836,-1.17502,26.51855,-35.61624,4.87059,-6.00406,2.80877,-0.38867,47.92784,-10.717408,0.499338,0.457961,101.2771,1.932682,4.701941,1937.175349,,,,66.64965,66.64965,5.697987,0.443642,8.7363,7.21756,1.90638,50,5.29023,-3.93468,-75.20467,5.76134,4.99858,9.20056,-28.04443,FOR_RAM,,FordhamUniversity,,,20260928-FordhamUniversity-BP-1,6ce679c0-bb69-11f1-93a8-090a75922668,82.30493,3.14987,,2.07851,,,,4.52473,2.92275,0.81713,3737a129-c7b8-45bf-aff7-ddc2ce9649b7,2026-09-28,18:21:54.12,2026-09-28T14:21:54.1260000-04:00,2026-09-28T18:21:54.1260000Z,GroundBall,v3,471298,,,,,Undefined,FOR_RAM,6110f837-1ea7-49b3-9190-c33e2f12144b,33.98551,-73.21925,4.60028,5.88053,-0.29048,-14.02222,1.17368,-2.85601,2.49929,340.007733,4.53286,147.71075,-19.0585,,,,,,,2.93834,4.53848,-25.23493,,,,,,,0.81408,12.2616,1.86118,,,,,,,,,,,,,,,,,,,,,,,,,,,,,High,High,High,Low,Medium,,,
17,2026-09-28,14:21:58.95,,,,,Undefined,FOR_RAM,"Reina, Braedon",10305192,Left,FOR_RAM,Undefined,1,Bottom,0,0,0,Undefined,Slider,Undefined,Undefined,GroundBall,Undefined,0,0,,51.39521,-0.288562,2.855645,1139.052289,131.695457,10:30,5.77005,-1.17976,26.55903,-33.06695,5.66225,-5.27366,2.85043,0.00345,48.58238,-10.143267,1.307055,0.44791,100.90301,4.363581,-6.728203,1506.214683,,,,83.38778,83.38778,-8.399975,0.62949,8.01756,8.40008,2.06359,50,5.26653,-4.71645,-77.60207,5.26012,4.79317,11.48777,-27.15218,FOR_RAM,,FordhamUniversity,,,20260928-FordhamUniversity-BP-1,6fc44550-bb69-11f1-93a8-090a75922668,84.15186,3.93375,,2.81282,,,,0.41569,2.73436,-0.0237,3737a129-c7b8-45bf-aff7-ddc2ce9649b7,2026-09-28,18:21:58.95,2026-09-28T14:21:58.9540000-04:00,2026-09-28T18:21:58.9540000Z,GroundBall,v3,471298,,,,,Undefined,FOR_RAM,03281784-ee15-4e3b-9005-0a30e233dee4,33.94396,-75.18766,5.74388,5.77237,-0.4465,-13.57609,1.17819,-3.70906,2.39658,40.494876,0.41569,146.54561,-28.28568,4.72559,-1.01859,0.20872,-0.04367,0.00751,-0.0005,2.73436,11.25992,-27.41337,4.8409,-1.2477,0.33921,-0.08835,0.02117,-0.00324,-0.0237,-17.28829,-4.56168,2.55448,-0.79248,0.2364,-0.0662,0.01671,-0.00268,,,,,,,,,,,,,,,,,,,,,,,High,High,High,High,Medium,,,
18,2026-09-28,14:22:03.71,,,,,Undefined,FOR_RAM,"Reina, Braedon",10305192,Left,FOR_RAM,Undefined,1,Bottom,0,0,0,Undefined,Slider,Undefined,Undefined,Undefined,Undefined,0,0,,51.68604,-0.251727,4.634118,1183.355287,121.038644,10:00,5.6087,-1.26771,26.92345,-32.3038,4.93851,-6.82666,2.77494,0.77071,49.21517,-9.94807,2.613843,0.439228,,,,,,,,,,,,10.64418,7.65339,2.71276,50,5.06708,-7.44284,-77.65331,5.49133,6.46557,10.19613,-27.52515,FOR_RAM,,FordhamUniversity,,,20260928-FordhamUniversity-BP-1,72971460-bb69-11f1-93a8-090a75922668,85.81527,,,2.47087,,,,,,,3737a129-c7b8-45bf-aff7-ddc2ce9649b7,2026-09-28,18:22:03.71,2026-09-28T14:22:03.7110000-04:00,2026-09-28T18:22:03.7110000Z,,v3,471298,,,,,Undefined,FOR_RAM,e4571480-272a-4a34-a8b0-04f507a977d3,33.57943,-75.46644,5.09806,5.61176,-0.41227,-13.76258,1.26513,-6.05611,3.23279,,,,,,,,,,,,,,,,,,,,,,,,,,,,,,,,,,,,,,,,,,,,,,,,,,,High,High,High,,,,,
19,2026-09-28,14:22:08.41,,,,,Undefined,FOR_RAM,"Reina, Braedon",10305192,Left,FOR_RAM,Undefined,1,Bottom,0,0,0,Undefined,Slider,Undefined,Undefined,Undefined,Undefined,0,0,,50.58145,-2.620177,5.138817,1117.113883,123.728628,10:00,5.94294,-1.24551,26.37466,-35.149,5.08725,-6.31811,1.51069,1.17006,48.76193,-12.861963,3.298011,0.456541,,,,,,,,,,,,9.86579,8.19626,2.77365,50,6.0615,-7.81002,-75.69087,2.3649,5.72806,9.16879,-27.41531,FOR_RAM,,FordhamUniversity,,,20260928-FordhamUniversity-BP-1,757220d0-bb69-11f1-93a8-090a75922668,82.56082,,,1.81952,,,,,,,3737a129-c7b8-45bf-aff7-ddc2ce9649b7,2026-09-28,18:22:08.41,2026-09-28T14:22:08.4150000-04:00,2026-09-28T18:22:08.4150000Z,,v3,471298,,,,,Undefined,FOR_RAM,2eb8a1ba-f501-41a9-9dbc-12cd359bcbe1,34.12928,-73.74332,4.58439,5.94536,-3.45842,-13.70765,1.24394,-6.59332,2.86403,,,,,,,,,,,,,,,,,,,,,,,,,,,,,,,,,,,,,,,,,,,,,,,,,,,High,High,High,,,,,
20,2026-09-28,14:22:13.09,,,,,Undefined,FOR_RAM,"Reina, Braedon",10305192,Left,FOR_RAM,Undefined,1,Bottom,0,0,0,Undefined,Slider,Undefined,Undefined,GroundBall,Undefined,0,0,,50.26058,-0.610718,3.500427,1142.197543,131.161968,10:15,5.95754,-1.18434,26.90316,-35.09825,4.11461,-3.76914,2.68896,0.47042,48.2328,-11.092756,2.382246,0.450698,,,,,,,,,,,,6.21744,6.39079,2.25505,50,5.45603,-5.26556,-75.57462,5.42164,3.58938,9.36527,-28.4846,FOR_RAM,,FordhamUniversity,,,20260928-FordhamUniversity-BP-1,782077f0-bb69-11f1-93a8-090a75922668,83.63124,,,2.02778,,,,,,,3737a129-c7b8-45bf-aff7-ddc2ce9649b7,2026-09-28,18:22:13.09,2026-09-28T14:22:13.0970000-04:00,2026-09-28T18:22:13.0970000Z,,v3,471298,,,,,Undefined,FOR_RAM,61b5df23-4257-4ec6-b037-852e95a8402f,33.60124,-73.51439,4.68263,5.95947,-0.84459,-14.2423,1.18355,-4.47594,1.79469,,,,,,,,,,,,,,,,,,,,,,,,,,,,,,,,,,,,,,,,,,,,,,,,,,,High,High,High,,,,,
21,2026-09-28,14:22:25.68,,,,,Undefined,FOR_RAM,"Rubin, Jack",10076675,Right,FOR_RAM,Undefined,1,Bottom,0,0,0,Undefined,Slider,Undefined,Undefined,LineDrive,Undefined,0,0,,50.80969,-2.016695,2.379474,1058.683831,140.367076,10:45,5.93661,-1.30268,26.32404,-32.66281,7.09248,-5.16481,2.05996,-0.37156,48.81061,-11.587167,0.870793,0.453805,86.30736,23.162855,-0.927004,2315.356447,109.88899,39.35578,4.93824,277.06824,277.06824,9.055656,3.698279,7.58217,10.59843,2.04292,50,5.9267,-3.99896,-76.32373,2.77701,4.46898,9.46304,-25.92726,FOR_RAM,,FordhamUniversity,,,20260928-FordhamUniversity-BP-1,7fa3fdd0-bb69-11f1-93a8-090a75922668,83.05875,45.20268,,1.99907,,,,1.89151,2.18758,0.36594,3737a129-c7b8-45bf-aff7-ddc2ce9649b7,2026-09-28,18:22:25.68,2026-09-28T14:22:25.6840000-04:00,2026-09-28T18:22:25.6840000Z,LineDrive,v3,471298,,,,,Undefined,FOR_RAM,4280f654-d01f-4f7c-8397-aea48498251f,34.17984,-74.33639,4.73152,5.93814,-2.66801,-12.96363,1.30165,-3.06042,2.23449,213.179752,1.89192,116.35218,-21.84012,4.85969,-0.94151,0.16318,-0.02373,0.00228,-0.0001,2.18673,49.81571,-15.61269,0.97342,-0.2291,0.03768,-0.00084,-0.00052,5E-05,0.36573,-1.87676,6.71307,-1.48649,0.30828,-0.05933,0.01011,-0.00117,6E-05,,,,,,,,,,,,,,,,,,,,,,,High,High,High,High,Medium,,,
22,2026-09-28,14:22:29.86,,,,,Undefined,FOR_RAM,"Rubin, Jack",10076675,Right,FOR_RAM,Undefined,1,Bottom,0,0,0,Undefined,Slider,Undefined,Undefined,Undefined,Undefined,0,0,,50.65423,-0.447791,0.575378,1087.21938,133.042232,10:30,5.94904,-1.35009,26.28108,-35.53561,4.4726,-3.89284,2.73131,-1.34501,48.57508,-10.881039,-0.560953,0.455246,,,,,,,,,,,,5.23351,6.98252,1.56504,50,5.47819,-1.35405,-76.13491,5.21117,3.07325,9.3069,-28.07371,FOR_RAM,,FordhamUniversity,,,20260928-FordhamUniversity-BP-1,8242eba0-bb69-11f1-93a8-090a75922668,82.79581,,,2.07914,,,,,,,3737a129-c7b8-45bf-aff7-ddc2ce9649b7,2026-09-28,18:22:29.86,2026-09-28T14:22:29.8690000-04:00,2026-09-28T18:22:29.8690000Z,,v3,471298,,,,,Undefined,FOR_RAM,c8389d74-5ff8-455d-b083-6a520aaf9f8e,34.22069,-74.18094,4.65345,5.95355,-0.68287,-14.03685,1.34849,-0.70882,1.53663,,,,,,,,,,,,,,,,,,,,,,,,,,,,,,,,,,,,,,,,,,,,,,,,,,,High,High,High,,,,,
23,2026-09-28,14:22:34.01,,,,,Undefined,FOR_RAM,"Rubin, Jack",10076675,Right,FOR_RAM,Undefined,1,Bottom,0,0,0,Undefined,Slider,Undefined,Undefined,LineDrive,Undefined,0,0,,49.50357,-0.230506,1.735019,1054.421025,126.738627,10:15,5.99407,-1.41212,26.48553,-36.99219,4.57004,-4.87969,2.78015,-0.83115,47.31512,-11.169874,0.302431,0.464003,83.89158,19.371643,7.718586,2943.339323,107.74959,32.99005,22.13636,264.80379,264.1268,16.447936,3.465547,7.08359,6.84646,1.97501,50,5.40562,-3.02579,-74.60116,5.79901,3.95878,9.67072,-28.3478,FOR_RAM,,FordhamUniversity,,,20260928-FordhamUniversity-BP-1,84b439c0-bb69-11f1-93a8-090a75922668,81.23316,36.394,,2.18845,,,,1.68917,2.85208,0.83329,3737a129-c7b8-45bf-aff7-ddc2ce9649b7,2026-09-28,18:22:34.01,2026-09-28T14:22:34.0180000-04:00,2026-09-28T18:22:34.0180000Z,LineDrive,v3,471298,,,,,Undefined,FOR_RAM,cda566c5-c548-4def-9954-b685d7774205,34.01833,-72.49983,4.83536,5.99646,-0.36064,-14.1739,1.411,-2.16559,1.97939,212.165268,1.68909,115.02557,-22.93171,5.39778,-1.11412,0.21111,-0.03554,0.00438,-0.00025,2.85216,40.81004,-11.9195,-0.83506,0.49512,-0.13947,0.02537,-0.00191,-3E-05,0.83328,15.59022,4.61676,-1.83563,0.54394,-0.13008,0.02431,-0.00301,0.00017,,,,,,,,,,,,,,,,,,,,,,,High,High,High,High,High,,,
24,2026-09-28,14:22:38.47,,,,,Undefined,FOR_RAM,"Rubin, Jack",10076675,Right,FOR_RAM,Undefined,1,Bottom,0,0,0,Undefined,Slider,Undefined,Undefined,GroundBall,Undefined,0,0,,49.64905,-1.872943,2.696676,1041.120857,131.034383,10:15,5.86593,-1.35593,26.31627,-36.25108,5.33587,-5.13776,1.77211,-0.24043,47.92982,-12.452227,1.195799,0.464141,90.30272,-4.077882,-32.776619,,,,,30.86748,24.76187,-29.641256,0.216831,7.62481,8.19052,2.18382,50,5.75489,-4.31883,-74.52636,3.48646,4.2971,8.7849,-27.55813,FOR_RAM,,FordhamUniversity,,,20260928-FordhamUniversity-BP-1,87451dd0-bb69-11f1-93a8-090a75922668,81.20902,2.04443,,1.71923,,,,2.71726,2.04443,0.25841,3737a129-c7b8-45bf-aff7-ddc2ce9649b7,2026-09-28,18:22:38.47,2026-09-28T14:22:38.4730000-04:00,2026-09-28T18:22:38.4730000Z,GroundBall,v3,471298,,,,,Undefined,FOR_RAM,c4540636-52b3-4eba-9101-c9933a2ead33,34.18803,-72.63859,4.39245,5.86782,-2.43544,-13.77907,1.35497,-3.39543,2.14855,180,2.71303,111.19642,,,,,,,,2.04479,-9.42867,,,,,,,,0.26114,-71.597,,,,,,,,,,,,,,,,,,,,,,,,,,,,,,High,High,High,High,Medium,,,
25,2026-09-28,14:22:42.50,,,,,Undefined,FOR_RAM,"Rubin, Jack",10076675,Right,FOR_RAM,Undefined,1,Bottom,0,0,0,Undefined,Slider,Undefined,Undefined,LineDrive,Undefined,0,0,,49.43116,-1.495623,2.101059,1129.806477,134.87492,10:30,5.98037,-1.41236,26.3118,-36.29624,5.5863,-4.75158,2.0993,-0.6058,47.71712,-12.102255,0.712737,0.465788,90.6569,23.353438,0.808181,2742.102502,109.57555,42.86507,9.65283,329.65438,319.46861,12.624021,4.287753,6.93681,8.41256,2.06926,50,5.76309,-3.46842,-74.21965,3.97787,3.88227,8.60514,-27.46585,FOR_RAM,,FordhamUniversity,,,20260928-FordhamUniversity-BP-1,89b53370-bb69-11f1-93a8-090a75922668,80.92193,55.28946,,1.71404,,,,2.20883,2.35086,0.61814,3737a129-c7b8-45bf-aff7-ddc2ce9649b7,2026-09-28,18:22:42.50,2026-09-28T14:22:42.5020000-04:00,2026-09-28T18:22:42.5020000Z,LineDrive,v3,471298,,,,,Undefined,FOR_RAM,be68735f-401c-4561-97ad-dfadec2373f0,34.19245,-72.3637,4.30257,5.98221,-1.94597,-13.73293,1.41149,-2.63109,1.94114,216.497015,2.20844,122.07118,-22.29925,4.99035,-1.05707,0.22407,-0.04381,0.00593,-0.00035,2.35203,52.67151,-12.80573,-0.80212,0.6337,-0.25067,0.06411,-0.00876,0.00048,0.61824,1.71517,9.11498,-2.96652,0.77953,-0.16812,0.02856,-0.00324,0.00017,,,,,,,,,,,,,,,,,,,,,,,High,High,High,High,High,,,
26,2026-09-28,14:22:50.69,,,,,Undefined,FOR_RAM,"Hanawalt, Chase",1000367090,Left,FOR_RAM,Undefined,1,Bottom,0,0,0,Undefined,Slider,Undefined,Undefined,Undefined,Undefined,0,0,,48.73369,-0.019033,3.645597,992.626064,129.067122,10:15,5.94304,-1.17714,26.40681,-37.58856,5.2863,-5.45307,2.79979,0.45079,46.90635,-11.073063,2.053163,0.471273,,,,,,,,,,,,8.28937,7.69552,2.27934,50,5.284,-5.50379,-73.07118,6.08449,4.50566,8.18123,-27.99118,FOR_RAM,,FordhamUniversity,,,20260928-FordhamUniversity-BP-1,8ea6eae0-bb69-11f1-93a8-090a75922668,79.98001,,,1.82733,,,,,,,3737a129-c7b8-45bf-aff7-ddc2ce9649b7,2026-09-28,18:22:50.69,2026-09-28T14:22:50.6930000-04:00,2026-09-28T18:22:50.6930000Z,,v3,471298,,,,,Undefined,FOR_RAM,99239b37-9cac-4a76-bf84-125ca18333b4,34.09731,-71.26844,4.09061,5.94518,-0.08339,-13.99559,1.17596,-4.51096,2.25283,,,,,,,,,,,,,,,,,,,,,,,,,,,,,,,,,,,,,,,,,,,,,,,,,,,High,High,High,,,,,
27,2026-09-28,14:22:54.92,,,,,Undefined,FOR_RAM,"Hanawalt, Chase",1000367090,Left,FOR_RAM,Undefined,1,Bottom,0,0,0,Undefined,Slider,Undefined,Undefined,LineDrive,Undefined,0,0,,49.00693,-0.392219,3.559687,1039.31266,126.173641,10:15,5.89777,-1.28921,26.741,-38.14163,3.39622,-3.51725,2.49743,0.43005,47.27055,-11.695261,2.521327,0.463867,103.83359,18.613971,5.585245,1320.788513,109.81558,34.82956,6.3667,349.26142,348.42512,0.19158,3.846887,5.79197,5.29103,2.36101,50,5.29277,-5.1537,-73.57292,5.98687,3.18585,8.4416,-29.26373,FOR_RAM,,FordhamUniversity,,,20260928-FordhamUniversity-BP-1,911097e0-bb69-11f1-93a8-090a75922668,81.25701,46.88028,,1.73638,,,,1.40853,2.48567,-0.43086,3737a129-c7b8-45bf-aff7-ddc2ce9649b7,2026-09-28,18:22:54.92,2026-09-28T14:22:54.9200000-04:00,2026-09-28T18:22:54.9200000Z,LineDrive,v3,471298,,,,,Undefined,FOR_RAM,12506109-beb7-4395-93db-d94a0e0f6fcb,33.76363,-71.6858,4.2208,5.89991,-0.55507,-14.63187,1.2885,-4.4415,1.59293,150.810887,1.40847,143.64125,-26.8987,6.19633,-1.25109,0.2166,-0.03049,0.00299,-0.00013,2.48571,48.60332,-12.7865,-0.85426,0.46735,-0.10599,0.01162,0.00034,-0.00014,-0.43096,14.05333,-9.58135,3.44412,-0.95375,0.21299,-0.03637,0.00405,-0.00021,,,,,,,,,,,,,,,,,,,,,,,High,High,High,High,High,,,
28,2026-09-28,14:23:05.79,,,,,Undefined,FOR_RAM,"Hanawalt, Chase",1000367090,Left,FOR_RAM,Undefined,1,Bottom,0,0,0,Undefined,Slider,Undefined,Undefined,Undefined,Undefined,0,0,,49.12744,-1.753,4.395345,988.356963,135.523897,10:30,5.95013,-1.13542,26.07095,-37.91049,5.25055,-4.30386,1.7774,1.04388,47.56637,-12.702868,3.151131,0.472844,,,,,,,,,,,,6.78083,8.07142,2.39701,50,5.80355,-6.28956,-73.4703,3.6695,3.73429,8.08974,-27.72899,FOR_RAM,,FordhamUniversity,,,20260928-FordhamUniversity-BP-1,979ff9c0-bb69-11f1-93a8-090a75922668,79.7144,,,1.56107,,,,,,,3737a129-c7b8-45bf-aff7-ddc2ce9649b7,2026-09-28,18:23:05.79,2026-09-28T14:23:05.7910000-04:00,2026-09-28T18:23:05.7910000Z,,v3,471298,,,,,Undefined,FOR_RAM,eaca409d-22df-4880-a2e4-c5db8ebc7630,34.43261,-71.73572,4.04487,5.95294,-2.27609,-13.8645,1.13426,-5.48886,1.86715,,,,,,,,,,,,,,,,,,,,,,,,,,,,,,,,,,,,,,,,,,,,,,,,,,,High,High,High,,,,,
29,2026-09-28,14:23:09.66,,,,,Undefined,FOR_RAM,"Hanawalt, Chase",1000367090,Left,FOR_RAM,Undefined,1,Bottom,0,0,0,Undefined,Slider,Undefined,Undefined,FlyBall,Undefined,0,0,,49.47972,-1.394148,3.838414,1065.224676,127.098675,10:15,5.98431,-1.2286,26.64858,-35.49033,5.17488,-5.90272,2.23548,0.45609,48.14183,-11.837038,2.100342,0.458969,87.70991,39.024411,-5.057287,,109.077,77.8581,-14.2196,270.69501,270.69501,-14.381792,5.114173,8.99812,7.84827,2.4174,50,5.70945,-5.95022,-73.94619,4.31399,5.07554,7.26945,-27.7471,FOR_RAM,,FordhamUniversity,,,20260928-FordhamUniversity-BP-1,99dc2e20-bb69-11f1-93a8-090a75922668,82.12421,93.39804,,1.33788,,,,3.38615,2.63694,-0.38202,3737a129-c7b8-45bf-aff7-ddc2ce9649b7,2026-09-28,18:23:09.66,2026-09-28T14:23:09.6610000-04:00,2026-09-28T18:23:09.6610000Z,FlyBall,v3,471298,,,,,Undefined,FOR_RAM,75e481f1-1506-4201-973d-a0b2f9fe8c82,33.85631,-72.34174,3.63472,5.98577,-1.81011,-13.87355,1.22774,-4.82999,2.53777,166.364444,3.38591,99.56139,-22.33307,5.47514,-1.26393,0.27097,-0.04586,0.00485,-0.00022,2.6388,80.95149,-21.3757,1.90137,-0.18855,-0.03074,0.01501,-0.0021,0.0001,-0.38236,-8.8044,-0.95366,0.07764,-0.04955,0.02812,-0.00829,0.00114,-6E-05,,,,,,,,,,,,,,,,,,,,,,,High,High,High,Medium,Medium,,,
30,2026-09-28,14:23:14.93,,,,,Undefined,FOR_RAM,"Hanawalt, Chase",1000367090,Left,FOR_RAM,Undefined,1,Bottom,0,0,0,Undefined,Slider,Undefined,Undefined,LineDrive,Undefined,0,0,,48.80157,0.103102,3.326343,1057.401446,136.085006,10:30,5.70646,-1.40303,26.99897,-35.48254,6.17107,-4.99646,2.80742,0.04573,46.39685,-10.588039,1.840163,0.464513,98.1922,10.947595,29.637551,1424.218459,92.94491,13.32488,58.83209,194.50719,177.98838,35.006374,1.719951,7.98689,9.15827,2.45018,50,4.98807,-5.09943,-73.6287,6.26272,4.32142,9.91427,-27.21884,FOR_RAM,,FordhamUniversity,,,20260928-FordhamUniversity-BP-1,9d0b9c20-bb69-11f1-93a8-090a75922668,81.14404,13.43409,,2.40472,,,,2.15417,2.88332,0.2828,3737a129-c7b8-45bf-aff7-ddc2ce9649b7,2026-09-28,18:23:14.93,2026-09-28T14:23:14.9320000-04:00,2026-09-28T18:23:14.9320000Z,LineDrive,v3,471298,,,,,Undefined,FOR_RAM,2a8aaa30-98fc-4c47-8df5-f6c3c7c1f282,33.50459,-71.37301,4.95714,5.70847,0.06989,-13.60942,1.4018,-4.11621,2.16071,,2.15416,122.89589,-26.22148,6.48221,-1.55702,0.3778,-0.08495,0.01304,-0.00085,2.88332,27.34981,-18.56561,1.16067,-0.09054,-0.02508,0.01336,-0.0018,-5E-05,0.2828,69.92088,-3.24782,-0.07062,0.21893,-0.09632,0.02818,-0.00476,0.0003,,,,,,,,,,,,,,,,,,,,,,,High,High,High,Medium,Medium,,,
31,2026-09-28,14:23:24.86,,,,,Undefined,FOR_RAM,"Hanawalt, Chase",1000367090,Left,FOR_RAM,Undefined,1,Bottom,0,0,0,Undefined,Curveball,Undefined,Undefined,FlyBall,Undefined,0,0,,48.03291,-1.411409,3.502623,2130.480242,130.366668,10:15,6.28185,-1.09219,26.93377,-35.6238,7.09859,-7.32532,2.51944,0.26558,46.3854,-12.022477,1.324436,0.470435,85.48555,33.162278,-13.349919,4216.227586,104.90772,63.95888,-33.08095,299.23773,170.77225,-23.563186,4.856408,11.19808,10.72568,2.23421,50,5.98683,-5.63511,-72.10954,4.34273,5.91822,8.09132,-26.50551,FOR_RAM,,FordhamUniversity,,,20260928-FordhamUniversity-BP-1,a2ea99c0-bb69-11f1-93a8-090a75922668,80.1226,77.87755,,1.64751,,,,1.00188,2.18196,-0.24319,3737a129-c7b8-45bf-aff7-ddc2ce9649b7,2026-09-28,18:23:24.86,2026-09-28T14:23:24.8670000-04:00,2026-09-28T18:23:24.8670000Z,FlyBall,v3,471298,,,,,Undefined,FOR_RAM,08d874fb-be8d-47cb-a0d1-84fc6edcf76e,33.57088,-70.24186,4.04566,6.28313,-1.7754,-13.25275,1.09115,-4.26903,2.95911,153.188852,1.0034,102.09265,-21.94431,5.07113,-0.81554,0.06247,0.00245,-0.00056,1E-05,2.18309,68.54832,-16.44515,0.13141,0.32782,-0.1674,0.04774,-0.00684,0.00038,-0.2434,-24.22803,-2.00544,1.0921,-0.28204,0.04166,-0.00288,1E-05,1E-05,,,,,,,,,,,,,,,,,,,,,,,High,High,High,Medium,Low,,,
32,2026-09-28,14:23:34.55,,,,,Undefined,FOR_RAM,"Young, Caden",10264258,Right,FOR_RAM,Undefined,1,Bottom,0,0,0,Undefined,Slider,Undefined,Undefined,LineDrive,Undefined,0,0,,49.84637,-1.95536,3.899791,1054.43903,125.971908,10:15,6.08301,-1.10177,26.51176,-35.17754,6.18181,-7.09559,2.03673,0.52775,47.48769,-12.333279,1.818093,0.462869,101.86278,23.449072,-39.045142,1668.993995,84.07761,38.73774,-70.92866,284.45676,145.80254,-45.385729,3.305638,10.85658,9.58603,2.3079,50,6.00999,-6.23966,-75.11349,3.24578,6.09295,10.59763,-26.79417,FOR_RAM,,FordhamUniversity,,,20260928-FordhamUniversity-BP-1,a8af0a80-bb69-11f1-93a8-090a75922668,81.43216,44.97837,,2.35867,,,,3.26931,2.43159,-0.467,3737a129-c7b8-45bf-aff7-ddc2ce9649b7,2026-09-28,18:23:34.55,2026-09-28T14:23:34.5580000-04:00,2026-09-28T18:23:34.5580000Z,FlyBall,v3,471298,,,,,Undefined,FOR_RAM,f062e03b-f4e7-442f-80cb-11283a6b37b0,33.99207,-72.81995,5.29881,6.08495,-2.55303,-13.39709,1.1002,-4.92102,3.04647,,3.26905,106.46002,-26.23132,6.81438,-2.02397,0.66165,-0.17062,0.02613,-0.00172,2.43244,59.41278,-24.60422,3.06546,0.04239,-0.45331,0.19068,-0.03515,0.00252,-0.4668,-86.34799,14.33619,-3.81658,1.18614,-0.41665,0.11269,-0.01773,0.00118,,,,,,,,,,,,,,,,,,,,,,,High,High,High,Low,Low,,,
33,2026-09-28,14:23:40.45,,,,,Undefined,FOR_RAM,"Young, Caden",10264258,Right,FOR_RAM,Undefined,1,Bottom,0,0,0,Undefined,Slider,Undefined,Undefined,LineDrive,Undefined,0,0,,51.15996,-2.101253,4.035505,1213.190638,122.439243,10:00,5.87029,-1.16929,26.32607,-33.8727,6.27264,-8.07662,1.84247,0.46911,48.17659,-12.085777,1.680968,0.456026,96.90214,15.909055,-40.465136,2240.034682,81.98259,13.97666,-73.34033,166.38196,141.784,-43.273474,1.571476,12.23902,9.75378,2.40749,50,5.88437,-6.70447,-77.33625,2.69573,7.16561,12.63288,-26.46348,FOR_RAM,,FordhamUniversity,,,20260928-FordhamUniversity-BP-1,ac410ae0-bb69-11f1-93a8-090a75922668,82.65423,15.04284,,2.98337,,,,2.06272,1.72963,-0.18006,3737a129-c7b8-45bf-aff7-ddc2ce9649b7,2026-09-28,18:23:40.45,2026-09-28T14:23:40.4510000-04:00,2026-09-28T18:23:40.4510000Z,LineDrive,v3,471298,,,,,Undefined,FOR_RAM,2d0603cd-f9bd-4c62-9da1-50f315d0b59b,34.17735,-74.70692,6.31644,5.87225,-2.81221,-13.23174,1.16727,-5.21306,3.58281,,2.06272,103.98573,-25.38193,6.70896,-1.82428,0.51339,-0.13176,0.02508,-0.00245,1.72963,38.95745,-31.98213,5.93489,-1.65535,0.46171,-0.11844,0.02258,-0.0022,-0.18006,-88.70284,14.67271,-3.90406,1.05352,-0.29657,0.07612,-0.01449,0.00142,,,,,,,,,,,,,,,,,,,,,,,High,High,High,Low,Medium,,,
34,2026-09-28,14:23:45.37,,,,,Undefined,FOR_RAM,"Young, Caden",10264258,Right,FOR_RAM,Undefined,1,Bottom,0,0,0,Undefined,Slider,Undefined,Undefined,LineDrive,Undefined,0,0,,51.21533,0.05275,2.307073,1059.526144,110.598695,9:45,5.86035,-1.22279,26.5822,-35.90793,2.73236,-4.97524,2.89798,-0.32774,48.81677,-10.60983,0.843278,0.447395,101.74895,23.201463,-14.714728,4148.648013,105.69383,41.83793,-30.47394,360.47939,360.47939,-20.206174,4.065983,7.42831,4.26252,1.95212,50,5.20297,-3.92665,-77.20547,6.25305,4.44055,10.47355,-29.62598,FOR_RAM,,FordhamUniversity,,,20260928-FordhamUniversity-BP-1,af240690-bb69-11f1-93a8-090a75922668,84.2486,55.89195,,2.39856,,,,1.78499,2.96656,0.33321,3737a129-c7b8-45bf-aff7-ddc2ce9649b7,2026-09-28,18:23:45.37,2026-09-28T14:23:45.3780000-04:00,2026-09-28T18:23:45.3780000Z,LineDrive,v3,471298,,,,,Undefined,FOR_RAM,739baee8-5bbb-4582-bd09-64d97a4d65f6,33.92206,-74.99265,5.23678,5.86288,-0.00622,-14.81299,1.22162,-2.98846,2.22028,143.101972,1.78417,132.68928,-22.43245,4.93545,-1.17943,0.27903,-0.05701,0.00743,-0.00041,2.96733,58.76858,-18.22904,1.22424,-0.07075,-0.04253,0.01877,-0.00283,0.00015,0.33312,-34.83306,0.06124,0.68787,-0.17603,0.00754,0.00682,-0.00166,0.00012,,,,,,,,,,,,,,,,,,,,,,,High,High,High,Medium,Medium,,,
35,2026-09-28,14:23:49.99,,,,,Undefined,FOR_RAM,"Young, Caden",10264258,Right,FOR_RAM,Undefined,1,Bottom,0,0,0,Undefined,Slider,Undefined,Undefined,LineDrive,Undefined,0,0,,51.77237,-2.056915,2.667297,1121.159337,130.087183,10:15,5.89942,-1.25665,26.60058,-31.47962,6.4002,-6.55146,2.108,-0.28904,49.39799,-11.385272,0.737915,0.442971,98.38009,9.691492,-27.027431,,,,,116.01351,116.01351,-30.75733,0.927604,9.69249,9.89969,2.11453,50,5.90937,-4.72142,-77.98268,2.69866,5.90419,10.79425,-26.14365,FOR_RAM,,FordhamUniversity,,,20260928-FordhamUniversity-BP-1,b1ee2310-bb69-11f1-93a8-090a75922668,85.09009,6.59944,,2.37438,,,,1.70027,1.83073,0.17549,3737a129-c7b8-45bf-aff7-ddc2ce9649b7,2026-09-28,18:23:49.99,2026-09-28T14:23:49.9910000-04:00,2026-09-28T18:23:49.9910000Z,LineDrive,v3,471298,,,,,Undefined,FOR_RAM,58ceef04-de21-4365-9998-9609d9f4e053,33.90313,-75.7218,5.39713,5.90115,-2.77719,-13.07182,1.25513,-3.48477,2.9521,,1.70027,126.6981,-25.68925,3.74345,-0.60782,0.04743,0.00827,-0.00436,0.00082,1.83073,24.29031,-33.36486,6.72772,-1.72079,0.44629,-0.10628,0.02247,-0.00287,0.17549,-64.63233,-1.71842,3.23402,-1.15713,0.37153,-0.10221,0.02328,-0.0031,,,,,,,,,,,,,,,,,,,,,,,High,High,High,Medium,Medium,,,
36,2026-09-28,14:23:54.51,,,,,Undefined,FOR_RAM,"Young, Caden",10264258,Right,FOR_RAM,Undefined,1,Bottom,0,0,0,Undefined,Slider,Undefined,Undefined,LineDrive,Undefined,0,0,,51.54638,-1.635721,3.101223,1132.820926,143.348693,10:45,5.93974,-1.17471,26.57077,-32.36895,5.81079,-3.69303,2.31234,0.2794,49.32077,-11.209076,2.015783,0.444721,,,,,,,,,,,,5.9326,8.88327,2.10691,50,5.81362,-4.81746,-77.54164,3.4233,3.58989,10.25135,-26.79866,FOR_RAM,,FordhamUniversity,,,20260928-FordhamUniversity-BP-1,b49e27e0-bb69-11f1-93a8-090a75922668,84.75519,,,2.22561,,,,,,,3737a129-c7b8-45bf-aff7-ddc2ce9649b7,2026-09-28,18:23:54.51,2026-09-28T14:23:54.5180000-04:00,2026-09-28T18:23:54.5180000Z,,v3,471298,,,,,Undefined,FOR_RAM,3daea429-2efe-4c6c-aeec-c72f0ff50de8,33.93327,-75.38763,5.12568,5.94134,-2.20763,-13.39933,1.17391,-4.06316,1.79495,,,,,,,,,,,,,,,,,,,,,,,,,,,,,,,,,,,,,,,,,,,,,,,,,,,High,High,High,,,,,
37,2026-09-28,14:24:05.45,,,,,Undefined,FOR_RAM,"Reina, Braedon",10305192,Left,FOR_RAM,Undefined,1,Bottom,0,0,0,Undefined,Curveball,Undefined,Undefined,Undefined,Undefined,0,0,,51.21443,-2.068732,3.408653,2118.853266,129.996035,10:15,6.06405,-0.94035,26.6343,-33.59541,5.27646,-5.13969,2.09,0.56446,48.72745,-12.023852,1.894209,0.448734,,,,,,,,,,,,7.99461,8.64544,1.98175,50,6.0511,-5.41882,-77.2001,2.94596,4.7401,11.183,-27.04806,FOR_RAM,,FordhamUniversity,,,20260928-FordhamUniversity-BP-1,bb217bd0-bb69-11f1-93a8-090a75922668,83.99723,,,2.48699,,,,,,,3737a129-c7b8-45bf-aff7-ddc2ce9649b7,2026-09-28,18:24:05.45,2026-09-28T14:24:05.4510000-04:00,2026-09-28T18:24:05.4510000Z,,v3,471298,,,,,Undefined,FOR_RAM,2521d3d5-f361-4333-ba5b-c4a11301da54,33.86807,-74.8268,5.5915,6.0672,-2.7943,-13.52403,0.93848,-4.41285,2.37005,,,,,,,,,,,,,,,,,,,,,,,,,,,,,,,,,,,,,,,,,,,,,,,,,,,High,High,High,,,,,
38,2026-09-28,14:24:10.38,,,,,Undefined,FOR_RAM,"Reina, Braedon",10305192,Left,FOR_RAM,Undefined,1,Bottom,0,0,0,Undefined,Slider,Undefined,Undefined,LineDrive,Undefined,0,0,,50.89246,-1.210597,2.266336,1203.234916,126.934655,10:15,5.8799,-1.16157,26.3668,-34.22577,5.53028,-6.11579,2.33571,-0.37619,48.51667,-11.293994,0.477654,0.453809,108.91722,16.877991,23.960861,1332.908045,97.27371,25.44351,51.35785,279.51194,202.82012,33.056608,2.472508,8.86654,8.37599,1.88526,50,5.62594,-4.00315,-76.70333,4.07865,5.21879,10.55208,-27.244,FOR_RAM,,FordhamUniversity,,,20260928-FordhamUniversity-BP-1,be128140-bb69-11f1-93a8-090a75922668,83.05794,27.70201,,2.3758,,,,1.21519,2.28205,0.71487,3737a129-c7b8-45bf-aff7-ddc2ce9649b7,2026-09-28,18:24:10.38,2026-09-28T14:24:10.3850000-04:00,2026-09-28T18:24:10.3850000Z,LineDrive,v3,471298,,,,,Undefined,FOR_RAM,f640af9b-63b4-4824-a987-1b8719598a09,34.13691,-74.48908,5.27604,5.88199,-1.63823,-13.622,1.16013,-2.90804,2.6094,,1.21534,139.68415,-28.79814,6.61579,-1.59032,0.51017,-0.18646,0.04365,-0.00431,2.282,46.3816,-23.61314,2.67838,-0.52236,0.08185,0.0002,-0.00329,0.00049,0.71468,62.08915,3.45631,-2.92888,1.06966,-0.42993,0.16878,-0.04127,0.00421,,,,,,,,,,,,,,,,,,,,,,,High,High,High,Medium,Medium,,,
39,2026-09-28,14:24:16.09,,,,,Undefined,FOR_RAM,"Reina, Braedon",10305192,Left,FOR_RAM,Undefined,1,Bottom,0,0,0,Undefined,Slider,Undefined,Undefined,GroundBall,Undefined,0,0,,49.69515,-3.607638,2.628865,1087.230204,137.167428,10:30,5.28671,-0.82102,36.7888,-16.16418,2.86134,-2.36248,2.53218,0.00604,48.19649,-10.527019,1.615672,0.313935,96.65236,-1.516279,28.709448,3370.436452,,,,39.49204,39.35056,28.55874,0.286339,7.52823,9.66654,2.26697,50,5.26145,-4.87025,-76.2233,4.75956,4.38793,10.18155,-26.53975,FOR_RAM,,FordhamUniversity,,,20260928-FordhamUniversity-BP-1,c16073c0-bb69-11f1-93a8-090a75922668,120.06446,2.38374,,1.49867,,,,1.22863,2.38374,0.15206,3737a129-c7b8-45bf-aff7-ddc2ce9649b7,2026-09-28,18:24:16.09,2026-09-28T14:24:16.0980000-04:00,2026-09-28T18:24:16.0980000Z,GroundBall,v3,471298,,,,,Undefined,FOR_RAM,16f5b751-8bec-4f47-b19f-af6432d14bed,23.71665,-72.62769,5.09077,5.28733,-4.61295,-13.26988,0.82066,-3.32065,2.19397,,1.23565,123.95883,-24.99812,,,,,,,2.38605,-3.85898,-15.65186,,,,,,,0.15393,67.98409,-9.05802,,,,,,,,,,,,,,,,,,,,,,,,,,,,,High,High,High,Medium,High,,,
40,2026-09-28,14:24:20.94,,,,,Undefined,FOR_RAM,"Reina, Braedon",10305192,Left,FOR_RAM,Undefined,1,Bottom,0,0,0,Undefined,Slider,Undefined,Undefined,LineDrive,Undefined,0,0,,50.62356,-0.887287,2.86448,1110.208799,129.965001,10:15,5.76804,-1.24392,26.6185,-33.74762,5.8841,-5.89296,2.45222,-0.11026,48.14595,-10.924139,1.129674,0.453099,106.49011,21.445613,15.939278,2816.234729,103.91672,39.57296,36.07354,354.09097,348.73462,25.969288,4.008712,8.8691,8.90256,2.14618,50,5.41003,-4.77037,-76.33861,4.57306,5.16013,10.63005,-26.99446,FOR_RAM,,FordhamUniversity,,,20260928-FordhamUniversity-BP-1,c456d060-bb69-11f1-93a8-090a75922668,83.18817,53.91558,,2.47761,,,,1.31017,2.5036,0.15078,3737a129-c7b8-45bf-aff7-ddc2ce9649b7,2026-09-28,18:24:20.94,2026-09-28T14:24:20.9460000-04:00,2026-09-28T18:24:20.9460000Z,LineDrive,v3,471298,,,,,Undefined,FOR_RAM,db923c05-ed7e-46f6-bf2a-6732f0705adc,33.88491,-74.06062,5.31503,5.77019,-1.21178,-13.49723,1.24238,-3.66457,2.58007,227.228675,1.30976,139.79572,-29.64,7.16577,-1.66045,0.34956,-0.06183,0.00707,-0.00034,2.50394,57.09307,-16.88561,0.32549,0.27158,-0.11842,0.02762,-0.00307,0.00012,0.15057,39.92477,3.68171,-2.77671,0.92291,-0.20939,0.03218,-0.00291,0.00012,,,,,,,,,,,,,,,,,,,,,,,High,High,High,High,Medium,,,
41,2026-09-28,14:24:28.98,,,,,Undefined,FOR_RAM,"Reina, Braedon",10305192,Left,FOR_RAM,Undefined,1,Bottom,0,0,0,Undefined,Slider,Undefined,Undefined,GroundBall,Undefined,0,0,,50.33325,-2.108985,2.850958,1171.295783,123.56388,10:00,6.03716,-1.04345,26.46099,-35.02699,5.32878,-6.65252,1.91519,0.02707,48.28703,-12.398498,0.898743,0.457219,94.29034,-3.267847,29.280294,,,,,37.51565,34.09026,27.759101,0.258802,9.79182,8.42737,1.94558,50,6.00969,-4.83125,-75.72009,3.05787,5.64363,9.87307,-27.31684,FOR_RAM,,FordhamUniversity,,,20260928-FordhamUniversity-BP-1,c92c4d40-bb69-11f1-93a8-090a75922668,82.43852,2.04178,,2.04621,,,,2.0068,2.04178,-0.01654,3737a129-c7b8-45bf-aff7-ddc2ce9649b7,2026-09-28,18:24:28.98,2026-09-28T14:24:28.9850000-04:00,2026-09-28T18:24:28.9850000Z,GroundBall,v3,471298,,,,,Undefined,FOR_RAM,0152ce30-3ae4-4e87-a2a4-cea7e9383dcc,34.04291,-73.61006,4.93654,6.03936,-2.78016,-13.65842,1.04195,-3.62512,2.82181,,2.00287,120.52194,,,,,,,,2.04204,-7.88936,,,,,,,,-0.01874,67.57926,,,,,,,,,,,,,,,,,,,,,,,,,,,,,,High,High,High,Estimated,Estimated,,,
42,2026-09-28,14:24:38.07,,,,,Undefined,FOR_RAM,"Rubin, Jack",10076675,Right,FOR_RAM,Undefined,1,Bottom,0,0,0,Undefined,Curveball,Undefined,Undefined,FlyBall,Undefined,0,0,,49.03214,-2.882589,3.432356,2364.872913,130.848371,10:15,6.19043,-1.07955,26.15841,-35.95923,7.57705,-7.55252,1.53266,0.26621,47.04739,-13.319843,1.235965,0.474895,85.16612,47.787552,-18.610414,,107.70768,104.51984,-22.33945,233.88284,217.80317,-7.342654,5.496321,11.05501,11.55284,2.1341,50,6.38242,-5.5494,-73.69053,1.90703,6.01415,9.62706,-25.88908,FOR_RAM,,FordhamUniversity,,,20260928-FordhamUniversity-BP-1,ce9e5840-bb69-11f1-93a8-090a75922668,79.37013,112.30326,,1.98475,,,,2.29965,1.63851,-0.49106,3737a129-c7b8-45bf-aff7-ddc2ce9649b7,2026-09-28,18:24:38.07,2026-09-28T14:24:38.0750000-04:00,2026-09-28T18:24:38.0750000Z,FlyBall,v3,471298,,,,,Undefined,FOR_RAM,6e364f48-be44-4821-93de-39ad49bdd282,34.34526,-71.61617,4.81353,6.19234,-3.67134,-12.94454,1.07797,-4.25352,3.00707,,2.30368,79.446,-18.45086,4.30599,-0.49835,-0.06683,0.03546,-0.005,0.00025,1.62934,92.67836,-23.04267,2.21044,-0.50558,0.1132,-0.01309,0.00033,3E-05,-0.49526,-26.68644,13.38814,-3.90352,0.545,0.05329,-0.03583,0.00536,-0.00027,,,,,,,,,,,,,,,,,,,,,,,High,High,High,Low,Medium,,,
43,2026-09-28,14:24:42.80,,,,,Undefined,FOR_RAM,"Rubin, Jack",10076675,Right,FOR_RAM,Undefined,1,Bottom,0,0,0,Undefined,Slider,Undefined,Undefined,GroundBall,Undefined,0,0,,48.56258,-1.243368,4.222069,1087.520537,112.914628,9:45,5.97462,-1.15046,26.73004,-40.01435,2.18976,-3.3611,1.93584,0.95832,47.28353,-13.011235,3.230013,0.467572,91.71172,0.734396,-64.274554,3174.584748,,,,49.09971,49.09971,-61.507134,0.374706,5.69087,3.74658,2.4089,50,5.57,-5.92239,-72.70338,5.20414,3.08041,7.62124,-30.14607,FOR_RAM,,FordhamUniversity,,,20260928-FordhamUniversity-BP-1,d16ce190-bb69-11f1-93a8-090a75922668,80.61307,2.45557,,1.27905,,,,3.2066,2.42375,-0.65884,3737a129-c7b8-45bf-aff7-ddc2ce9649b7,2026-09-28,18:24:42.80,2026-09-28T14:24:42.8030000-04:00,2026-09-28T18:24:42.8030000Z,GroundBall,v3,471298,,,,,Undefined,FOR_RAM,341de7db-7a04-4ae1-a6be-d53f5fd657da,33.77522,-70.98222,3.81062,5.97653,-1.60397,-15.07304,1.14995,-5.22672,1.5402,,3.21276,58.15988,-11.31335,,,,,,,2.43313,1.38737,-21.09505,,,,,,,-0.66846,-120.82374,19.9308,,,,,,,,,,,,,,,,,,,,,,,,,,,,,High,High,High,Low,High,,,
44,2026-09-28,14:24:47.72,,,,,Undefined,FOR_RAM,"Rubin, Jack",10076675,Right,FOR_RAM,Undefined,1,Bottom,0,0,0,Undefined,Slider,Undefined,Undefined,GroundBall,Undefined,0,0,,49.46761,-1.40704,1.925956,1116.331896,136.595084,10:30,6.00943,-1.20669,26.50257,-35.44096,6.14201,-4.92764,2.25514,-0.52152,47.42168,-11.859976,0.477628,0.464119,93.74892,5.464564,1.614646,,,,,111.18538,110.64265,5.731414,0.885365,7.2354,9.29178,1.8258,50,5.77113,-3.28676,-74.49735,4.04187,4.03674,9.55405,-26.99003,FOR_RAM,,FordhamUniversity,,,20260928-FordhamUniversity-BP-1,d45ab2b0-bb69-11f1-93a8-090a75922668,81.21292,4.55871,,2.04593,,,,1.96679,2.23816,0.55445,3737a129-c7b8-45bf-aff7-ddc2ce9649b7,2026-09-28,18:24:47.72,2026-09-28T14:24:47.7220000-04:00,2026-09-28T18:24:47.7220000Z,GroundBall,v3,471298,,,,,Undefined,FOR_RAM,bc42983c-60dc-4201-aa5a-df3b79db19ef,34.00132,-72.41651,4.77702,6.01129,-1.83648,-13.49501,1.20569,-2.40757,2.01837,276.474138,2.02412,135.94144,-15.06026,,,,,,,2.28413,12.38924,-16.9615,,,,,,,0.48588,4.91851,8.06868,,,,,,,,,,,,,,,,,,,,,,,,,,,,,High,High,High,Medium,Medium,,,
45,2026-09-28,14:24:52.38,,,,,Undefined,FOR_RAM,"Rubin, Jack",10076675,Right,FOR_RAM,Undefined,1,Bottom,0,0,0,Undefined,Slider,Undefined,Undefined,LineDrive,Undefined,0,0,,47.89605,-1.287264,4.368795,1043.708097,124.822956,10:15,5.70732,-1.49875,26.52808,-38.06884,6.2026,-7.54906,1.80111,0.3598,46.16971,-12.476952,2.156121,0.478887,,,,,,,,,,,,11.47308,9.31906,2.85026,50,5.38076,-6.66427,-71.84217,4.53808,5.99848,8.29362,-27.30175,FOR_RAM,,FordhamUniversity,,,20260928-FordhamUniversity-BP-1,d711e370-bb69-11f1-93a8-090a75922668,78.70838,,,1.72634,,,,,,,3737a129-c7b8-45bf-aff7-ddc2ce9649b7,2026-09-28,18:24:52.38,2026-09-28T14:24:52.3840000-04:00,2026-09-28T18:24:52.3840000Z,,v3,471298,,,,,Undefined,FOR_RAM,7f6681e5-ec6a-441f-b989-a51a18154d67,33.97631,-69.96791,4.14681,5.70915,-1.63179,-13.65088,1.49738,-5.30869,2.99924,,,,,,,,,,,,,,,,,,,,,,,,,,,,,,,,,,,,,,,,,,,,,,,,,,,High,High,High,,,,,
46,2026-09-28,14:24:56.59,,,,,Undefined,FOR_RAM,"Rubin, Jack",10076675,Right,FOR_RAM,Undefined,1,Bottom,0,0,0,Undefined,Slider,Undefined,Undefined,FlyBall,Undefined,0,0,,48.95385,-0.426703,2.549761,1104.143587,138.439051,10:30,6.15703,-1.1413,26.71565,-36.42856,5.38319,-3.97933,2.87998,-0.03126,46.95159,-11.256716,1.374065,0.465394,84.23997,36.505451,-11.16865,,108.95802,74.42654,-15.10373,283.51272,280.88403,-4.224304,5.299712,6.18256,8.06556,1.93164,50,5.60062,-3.92412,-73.67594,5.5993,3.38593,9.0507,-27.7569,FOR_RAM,,FordhamUniversity,,,20260928-FordhamUniversity-BP-1,d9964460-bb69-11f1-93a8-090a75922668,80.99041,91.27004,,2.00227,,,,2.76536,3.13891,0.1304,3737a129-c7b8-45bf-aff7-ddc2ce9649b7,2026-09-28,18:24:56.59,2026-09-28T14:24:56.5950000-04:00,2026-09-28T18:24:56.5950000Z,FlyBall,v3,471298,,,,,Undefined,FOR_RAM,0fb744dd-7c28-42ef-be18-59d166238893,33.78834,-71.65675,4.52535,6.15904,-0.59318,-13.87845,1.14045,-3.16873,1.69296,197.418553,2.76898,97.35578,-19.59001,4.01387,-0.4916,-0.00574,0.01262,-0.00165,7E-05,3.13648,73.544,-17.02381,0.9709,-0.1508,-0.00176,0.01136,-0.00235,0.00014,0.12844,-19.1931,8.20613,-2.0013,0.253,0.01083,-0.00977,0.00135,-6E-05,,,,,,,,,,,,,,,,,,,,,,,High,High,High,Medium,High,,,
47,2026-09-28,14:25:06.77,,,,,Undefined,FOR_RAM,"Hanawalt, Chase",1000367090,Left,FOR_RAM,Undefined,1,Bottom,0,0,0,Undefined,Slider,Undefined,Undefined,FlyBall,Undefined,0,0,,49.25691,0.476744,1.191704,1062.185354,149.171063,11:00,6.11646,-1.00028,25.96403,-37.03238,5.77181,-2.97646,3.30613,-0.55923,47.52199,-10.287655,0.33187,0.470885,,,,,,,,,,,,4.20902,7.94296,1.36754,50,5.37872,-1.98523,-73.80934,6.42838,2.35068,7.76496,-27.73802,FOR_RAM,,FordhamUniversity,,,20260928-FordhamUniversity-BP-1,dfc97c80-bb69-11f1-93a8-090a75922668,80.04601,,,1.73492,,,,,,,3737a129-c7b8-45bf-aff7-ddc2ce9649b7,2026-09-28,18:25:06.77,2026-09-28T14:25:06.7750000-04:00,2026-09-28T18:25:06.7750000Z,,v3,471298,,,,,Undefined,FOR_RAM,77256cea-6268-4221-8303-a1b4c3f0bcbf,34.54024,-72.1646,3.88248,6.11811,0.55304,-13.86901,0.99977,-1.48732,1.17534,,,,,,,,,,,,,,,,,,,,,,,,,,,,,,,,,,,,,,,,,,,,,,,,,,,High,High,High,,,,,
48,2026-09-28,14:25:11.23,,,,,Undefined,FOR_RAM,"Hanawalt, Chase",1000367090,Left,FOR_RAM,Undefined,1,Bottom,0,0,0,Undefined,Slider,Undefined,Undefined,FlyBall,Undefined,0,0,,49.7438,-1.505983,1.675803,1094.237363,137.317535,10:30,6.18925,-0.98179,26.31155,-34.90045,6.41914,-5.1478,2.41876,-0.4518,47.98535,-11.717011,0.17127,0.462647,74.03667,50.960277,-14.108988,,102.39988,97.07608,-40.17752,194.45669,102.7935,-24.365416,5.07553,7.3443,9.53575,1.52756,50,5.99793,-2.99741,-74.68326,3.76881,4.16598,8.62893,-26.76499,FOR_RAM,,FordhamUniversity,,,20260928-FordhamUniversity-BP-1,e26499c0-bb69-11f1-93a8-090a75922668,81.47133,97.09285,,1.75845,,,,1.70951,2.52445,0.48106,3737a129-c7b8-45bf-aff7-ddc2ce9649b7,2026-09-28,18:25:11.23,2026-09-28T14:25:11.2380000-04:00,2026-09-28T18:25:11.2380000Z,Popup,v3,471298,,,,,Undefined,FOR_RAM,27026b75-5e6f-4837-8f21-a912fea23bff,34.1925,-72.83396,4.31447,6.19097,-1.9673,-13.38249,0.98084,-2.10459,2.08299,161.00185,1.71254,66.25435,-17.294,4.32965,-0.46397,-0.1187,0.05525,-0.00816,0.00043,2.51889,84.44909,-22.08762,2.12264,-0.52718,0.12599,-0.0158,0.00048,3E-05,0.48131,-16.68211,-1.31515,0.80117,-0.16429,-0.00544,0.01015,-0.00186,0.00011,,,,,,,,,,,,,,,,,,,,,,,High,High,High,High,Low,,,
49,2026-09-28,14:25:17.21,,,,,Undefined,FOR_RAM,"Hanawalt, Chase",1000367090,Left,FOR_RAM,Undefined,1,Bottom,0,0,0,Undefined,Slider,Undefined,Undefined,LineDrive,Undefined,0,0,,48.69615,-2.227707,3.319329,1051.319076,124.748524,10:15,6.03204,-1.22127,26.84536,-37.5816,4.52213,-5.16772,1.64382,0.21819,46.93511,-13.351872,1.784755,0.467016,101.24364,13.132688,4.97678,3438.305459,109.92825,18.0004,3.96479,243.07146,243.07146,-1.44297,2.218955,8.11867,7.51957,2.26008,50,5.95805,-5.09204,-73.27,3.51767,4.38291,9.21605,-28.11455,FOR_RAM,,FordhamUniversity,,,20260928-FordhamUniversity-BP-1,e5eeaae0-bb69-11f1-93a8-090a75922668,80.70914,18.597,,1.76104,,,,1.89918,1.69639,-0.22933,3737a129-c7b8-45bf-aff7-ddc2ce9649b7,2026-09-28,18:25:17.21,2026-09-28T14:25:17.2160000-04:00,2026-09-28T18:25:17.2160000Z,LineDrive,v3,471298,,,,,Undefined,FOR_RAM,41f5e98c-961a-40c3-80b1-2f545ecb5f89,33.65885,-71.1849,4.60803,6.03436,-2.84313,-14.05727,1.2202,-4.10043,2.19146,106.281633,1.89918,144.06183,-21.01133,3.33044,-0.64575,0.10191,-0.01333,0.00101,-1E-05,1.69639,33.73786,-18.34971,1.77401,-0.35483,0.08099,-0.01568,0.00243,-0.0002,-0.22941,12.55037,-11.03946,2.84738,-0.47123,-0.08308,0.08924,-0.02628,0.00291,,,,,,,,,,,,,,,,,,,,,,,High,High,High,High,High,,,
50,2026-09-28,14:25:21.81,,,,,Undefined,FOR_RAM,"Hanawalt, Chase",1000367090,Left,FOR_RAM,Undefined,1,Bottom,0,0,0,Undefined,Slider,Undefined,Undefined,LineDrive,Undefined,0,0,,49.49982,-2.143413,3.238578,1094.108834,132.593975,10:30,5.9767,-1.33622,26.23183,-35.91569,6.45138,-5.95646,1.75198,0.02664,47.50662,-12.614348,1.50409,0.468474,104.04066,18.778899,9.680294,962.60617,108.99774,33.53383,14.81281,343.46591,171.6945,0.555069,3.872648,8.86934,9.84701,2.31831,50,5.96036,-5.11703,-74.39628,2.94703,4.93543,9.51952,-26.69456,FOR_RAM,,FordhamUniversity,,,20260928-FordhamUniversity-BP-1,e8ae1900-bb69-11f1-93a8-090a75922668,80.45788,44.98813,,1.99321,,,,1.8113,1.86327,-0.02516,3737a129-c7b8-45bf-aff7-ddc2ce9649b7,2026-09-28,18:25:21.81,2026-09-28T14:25:21.8150000-04:00,2026-09-28T18:25:21.8150000Z,LineDrive,v3,471298,,,,,Undefined,FOR_RAM,8b0f96ca-53d8-4a13-a6d5-e5135c65bea3,34.27181,-72.35576,4.75976,5.97881,-2.77496,-13.34728,1.33486,-4.05912,2.46772,148.064994,1.81215,142.38557,-25.97036,5.60766,-1.08849,0.17433,-0.0232,0.00233,-0.0001,1.86247,49.14764,-15.36591,1.12232,-0.37105,0.14448,-0.03656,0.00556,-0.00037,-0.02559,24.30706,-9.4796,1.62367,-0.39425,0.09633,-0.01687,0.00174,-8E-05,,,,,,,,,,,,,,,,,,,,,,,High,High,High,High,Medium,,,
51,2026-09-28,14:25:32.39,,,,,Undefined,FOR_RAM,"Hanawalt, Chase",1000367090,Left,FOR_RAM,Undefined,1,Bottom,0,0,0,Undefined,Slider,Undefined,Undefined,FlyBall,Undefined,0,0,,47.87561,-3.877362,1.878784,1049.56867,137.65104,10:30,5.29767,-1.07624,,-17.3421,1.95445,-1.56575,2.37601,-0.49251,47.13701,-11.421001,1.189908,0.316163,103.93963,36.427491,28.707953,2656.185449,94.85327,82.93129,55.70303,356.78965,277.22513,34.809624,6.178966,5.18138,7.09819,2.13589,50,5.09204,-3.35011,-72.70296,5.86774,2.81939,7.19486,-28.31164,FOR_RAM,,FordhamUniversity,,,20260928-FordhamUniversity-BP-1,eedcbd40-bb69-11f1-93a8-090a75922668,119.21837,129.23184,,0.7386,,,,1.84734,1.97015,0.21953,3737a129-c7b8-45bf-aff7-ddc2ce9649b7,2026-09-28,18:25:32.39,2026-09-28T14:25:32.3960000-04:00,2026-09-28T18:25:32.3960000Z,FlyBall,v3,471298,,,,,Undefined,FOR_RAM,45c9d30a-a3ca-4ebb-9d92-dc591a9d25b9,23.18931,-69.99944,3.59743,5.29818,-4.77055,-14.15582,1.07611,-2.2907,1.4097,,1.85313,107.4781,-29.24029,7.35152,-1.26138,0.12834,-0.00476,-0.00025,2E-05,1.96929,90.52407,-16.96036,-0.07035,0.29347,-0.09998,0.0206,-0.00227,0.0001,0.22282,58.86368,-10.90858,2.28012,-0.30819,0.01721,0.00127,-0.00021,1E-05,,,,,,,,,,,,,,,,,,,,,,,High,High,High,Medium,Low,,,
52,2026-09-28,14:25:46.38,,,,,Undefined,FOR_RAM,"Young, Caden",10264258,Right,FOR_RAM,Undefined,1,Bottom,0,0,0,Undefined,Slider,Undefined,Undefined,Undefined,Undefined,0,0,,49.3337,0.261248,2.828777,1140.184039,129.773152,10:15,5.67775,-1.36105,26.67814,-36.58057,4.51697,-4.44323,2.77733,-0.12981,47.41124,-10.605431,1.519189,0.461402,,,,,,,,,,,,6.8367,6.63178,2.23694,50,4.92361,-4.38745,-74.09974,6.56745,3.81502,8.5527,-28.47338,FOR_RAM,,FordhamUniversity,,,20260928-FordhamUniversity-BP-1,f753f1f0-bb69-11f1-93a8-090a75922668,81.69115,,,1.92247,,,,,,,3737a129-c7b8-45bf-aff7-ddc2ce9649b7,2026-09-28,18:25:46.38,2026-09-28T14:25:46.3820000-04:00,2026-09-28T18:25:46.3820000Z,,v3,471298,,,,,Undefined,FOR_RAM,c2fcabfc-3c9e-4598-8432-f3a228a586a7,33.82623,-72.20881,4.27635,5.67971,0.27224,-14.23669,1.36015,-3.54398,1.90751,,,,,,,,,,,,,,,,,,,,,,,,,,,,,,,,,,,,,,,,,,,,,,,,,,,High,High,High,,,,,
53,2026-09-28,14:25:51.16,,,,,Undefined,FOR_RAM,"Young, Caden",10264258,Right,FOR_RAM,Undefined,1,Bottom,0,0,0,Undefined,Slider,Undefined,Undefined,FlyBall,Undefined,0,0,,49.50899,-1.770993,3.209249,996.91212,135.138368,10:30,6.04486,-1.1753,26.53173,-36.09093,5.06827,-4.24225,2.02903,0.29672,47.94792,-12.358812,1.962767,0.461748,100.9003,30.675494,-37.441466,1935.428108,85.18757,51.93293,-69.59223,303.94951,150.16686,-45.345057,3.735891,6.60422,7.84087,2.1465,50,5.88511,-4.85159,-74.21775,3.77407,3.71069,8.27155,-27.76852,FOR_RAM,,FordhamUniversity,,,20260928-FordhamUniversity-BP-1,fa3259c0-bb69-11f1-93a8-090a75922668,81.62993,61.48007,,1.56108,,,,2.35329,2.01448,-0.10323,3737a129-c7b8-45bf-aff7-ddc2ce9649b7,2026-09-28,18:25:51.16,2026-09-28T14:25:51.1660000-04:00,2026-09-28T18:25:51.1660000Z,FlyBall,v3,471298,,,,,Undefined,FOR_RAM,297128ba-c62e-44fd-9449-ef99123d913c,33.97277,-72.40949,4.13577,6.04661,-2.29646,-13.88426,1.17455,-4.04039,1.85534,,2.35269,101.07301,-23.57258,6.10293,-1.63196,0.41574,-0.07706,0.00817,-0.00036,2.01571,75.46393,-29.63409,4.71629,-0.97296,0.15898,-0.02734,0.00439,-0.00033,-0.10297,-77.38707,10.56909,-2.77338,0.74169,-0.19367,0.0372,-0.00412,0.00019,,,,,,,,,,,,,,,,,,,,,,,High,High,High,Medium,Low,,,
54,2026-09-28,14:25:57.79,,,,,Undefined,FOR_RAM,"Young, Caden",10264258,Right,FOR_RAM,Undefined,1,Bottom,0,0,0,Undefined,Curveball,Undefined,Undefined,Undefined,Undefined,0,0,,51.63925,-3.858047,3.256907,2199.7844,111.35355,9:45,5.96879,-1.06975,26.08814,-36.45167,2.90083,-5.18181,0.70201,0.37639,49.87022,-14.333295,1.750881,0.4515,,,,,,,,,,,,7.75985,5.63177,2.03418,50,6.42976,-5.21349,-77.45567,0.68798,4.6883,10.16896,-28.77146,FOR_RAM,,FordhamUniversity,,,20260928-FordhamUniversity-BP-1,fe2a20d0-bb69-11f1-93a8-090a75922668,83.48274,,,1.76903,,,,,,,3737a129-c7b8-45bf-aff7-ddc2ce9649b7,2026-09-28,18:25:57.79,2026-09-28T14:25:57.7930000-04:00,2026-09-28T18:25:57.7930000Z,,v3,471298,,,,,Undefined,FOR_RAM,18178dd9-8bfa-4fb7-8d6b-8a71bc3343a3,34.41599,-75.38192,5.08448,5.9718,-5.17936,-14.38573,1.06848,-4.25741,2.34415,,,,,,,,,,,,,,,,,,,,,,,,,,,,,,,,,,,,,,,,,,,,,,,,,,,High,High,High,,,,,
55,2026-09-28,14:26:01.84,,,,,Undefined,FOR_RAM,"Young, Caden",10264258,Right,FOR_RAM,Undefined,1,Bottom,0,0,0,Undefined,Slider,Undefined,Undefined,LineDrive,Undefined,0,0,,50.63538,-3.054837,1.668124,1126.287652,144.538485,10:45,6.20463,-0.95012,26.32356,-32.74868,7.23662,-4.55693,1.72618,-0.37563,48.8958,-12.597425,0.33458,0.455115,97.20104,9.280274,-21.142538,1927.149601,,,,109.48232,107.35179,-24.916099,0.847854,6.57382,11.05682,1.485,50,6.47855,-2.94636,-75.98147,1.41725,3.85131,9.1218,-25.69636,FOR_RAM,,FordhamUniversity,,,20260928-FordhamUniversity-BP-1,007cea70-bb6a-11f1-93a8-090a75922668,82.81951,5.61854,,1.73958,,,,1.94309,1.36861,-0.04983,3737a129-c7b8-45bf-aff7-ddc2ce9649b7,2026-09-28,18:26:01.84,2026-09-28T14:26:01.8420000-04:00,2026-09-28T18:26:01.8420000Z,LineDrive,v3,471298,,,,,Undefined,FOR_RAM,a84d4dce-5af4-4744-96ad-9644b384d100,34.18045,-74.05794,4.5609,6.20609,-4.00139,-12.84818,0.94932,-2.13423,1.92565,,1.98291,130.5966,-18.7175,,,,,,,1.48225,21.16281,-27.16694,,,,,,,0.01856,-51.85697,-3.11125,,,,,,,,,,,,,,,,,,,,,,,,,,,,,High,High,High,Low,Medium,,,
56,2026-09-28,14:26:06.30,,,,,Undefined,FOR_RAM,"Young, Caden",10264258,Right,FOR_RAM,Undefined,1,Bottom,0,0,0,Undefined,Slider,Undefined,Undefined,Undefined,Undefined,0,0,,50.5783,-2.949269,3.426608,1208.321802,134.126929,10:30,5.91924,-1.0928,26.94269,-32.97258,5.92772,-5.18835,1.51236,0.3997,48.54228,-12.755279,1.882581,0.448898,87.20817,42.943417,-41.007713,2121.359504,,,,,115.06898,,,8.2517,9.68134,2.17019,50,6.13117,-5.44546,-76.10837,1.95064,4.7944,10.16295,-26.54899,FOR_RAM,,FordhamUniversity,,,20260928-FordhamUniversity-BP-1,032af370-bb6a-11f1-93a8-090a75922668,83.96659,95.81545,,2.03602,,,,2.44989,1.58846,-0.30062,3737a129-c7b8-45bf-aff7-ddc2ce9649b7,2026-09-28,18:26:06.30,2026-09-28T14:26:06.3020000-04:00,2026-09-28T18:26:06.3020000Z,,v3,471298,,,,,Undefined,FOR_RAM,102ac59a-4880-4793-b772-8dffad70c907,33.5614,-73.88068,5.08147,5.92094,-3.86884,-13.27449,1.09174,-4.39454,2.3972,,2.4499,70.65303,-13.91346,3.14521,-0.07193,-0.6622,0.55075,-0.21227,0.03236,1.58844,87.1433,-19.50224,1.73448,-1.52677,1.83348,-1.32275,0.49532,-0.07476,-0.30063,-61.43225,16.23811,-3.82963,-0.2579,1.34893,-1.07628,0.41154,-0.06257,,,,,,,,,,,,,,,,,,,,,,,High,High,High,Low,Undefined,,,
57,2026-09-28,14:26:15.63,,,,,Undefined,FOR_RAM,"Young, Caden",10264258,Right,FOR_RAM,Undefined,1,Bottom,0,0,0,Undefined,Slider,Undefined,Undefined,LineDrive,Undefined,0,0,,50.61893,-2.31478,2.898941,1086.174299,135.754705,10:30,5.85436,-1.35318,26.58926,-32.31911,7.393,-6.27823,1.84567,-0.23057,48.34068,-11.875392,1.050946,0.453558,100.4312,13.022793,-27.497084,1643.488991,98.80664,10.41991,-48.34455,161.79183,151.22093,-26.664909,1.400228,9.39611,11.36079,2.27089,50,5.92258,-4.87721,-76.22605,2.42714,5.4636,10.39401,-25.56804,FOR_RAM,,FordhamUniversity,,,20260928-FordhamUniversity-BP-1,08c8a250-bb6a-11f1-93a8-090a75922668,83.1039,11.58483,,2.27824,,,,1.82272,1.42991,1.04826,3737a129-c7b8-45bf-aff7-ddc2ce9649b7,2026-09-28,18:26:15.63,2026-09-28T14:26:15.6340000-04:00,2026-09-28T18:26:15.6340000Z,LineDrive,v3,471298,,,,,Undefined,FOR_RAM,d9666ebd-0651-40bd-976d-e482da608307,33.9142,-74.00013,5.197,5.85606,-3.04837,-12.78402,1.3517,-3.70716,2.7318,,1.82272,127.29865,-21.13196,2.43198,-0.10446,-0.10497,0.04351,-0.01029,0.00119,1.42991,33.19211,-30.04028,5.41842,-1.37098,0.34169,-0.07723,0.01427,-0.00143,1.04826,-66.25924,15.28059,-5.63819,1.65507,-0.42757,0.09887,-0.0181,0.00178,,,,,,,,,,,,,,,,,,,,,,,High,High,High,Low,Medium,,,
58,2026-09-28,14:26:25.09,,,,,Undefined,FOR_RAM,"Reina, Braedon",10305192,Left,FOR_RAM,Undefined,1,Bottom,0,0,0,Undefined,Slider,Undefined,Undefined,LineDrive,Undefined,0,0,,50.00748,-1.636836,2.76265,1113.250346,142.804981,10:45,6.0661,-1.04,26.44871,-36.12935,4.45087,-2.76614,2.12149,0.30457,48.34213,-12.220797,1.951448,0.458489,100.16725,10.857817,16.965383,1909.105337,103.25152,8.01261,37.93424,157.00755,153.67896,21.767647,1.259585,4.46756,6.97989,1.85536,50,5.87944,-4.06738,-75.03417,3.90821,2.55939,8.66552,-28.17539,FOR_RAM,,FordhamUniversity,,,20260928-FordhamUniversity-BP-1,0e582060-bb6a-11f1-93a8-090a75922668,82.21018,9.50261,,1.66535,,,,1.13908,1.9188,-0.1708,3737a129-c7b8-45bf-aff7-ddc2ce9649b7,2026-09-28,18:26:25.09,2026-09-28T14:26:25.0960000-04:00,2026-09-28T18:26:25.0960000Z,LineDrive,v3,471298,,,,,Undefined,FOR_RAM,60921837-03be-413d-a8ae-43b1648935b3,34.05559,-73.16962,4.33276,6.06814,-2.15425,-14.0877,1.03943,-3.51668,1.27969,,1.13908,138.00184,-20.91277,2.39003,-0.04564,-0.64373,0.64185,-0.29878,0.0547,1.91881,27.67285,-27.3055,4.02296,-0.34219,-0.86751,1.005,-0.49569,0.09449,-0.17081,42.10193,5.93955,-2.5444,0.05762,1.06084,-1.17998,0.58523,-0.11262,,,,,,,,,,,,,,,,,,,,,,,High,High,High,Medium,High,,,
59,2026-09-28,14:26:30.29,,,,,Undefined,FOR_RAM,"Reina, Braedon",10305192,Left,FOR_RAM,Undefined,1,Bottom,0,0,0,Undefined,Slider,Undefined,Undefined,LineDrive,Undefined,0,0,,50.16345,-0.809181,2.924642,1061.037042,120.365547,10:00,5.81482,-1.24186,26.71448,-35.58675,3.90292,-5.4104,2.3914,-0.03871,48.53288,-11.34342,1.326852,0.452286,103.43244,8.863736,20.570645,1655.746117,102.03731,5.44859,41.08919,142.32352,137.64418,22.627375,1.098792,8.15012,6.07193,2.16522,50,5.37434,-4.75243,-75.20171,5.15412,4.71936,8.16531,-28.65806,FOR_RAM,,FordhamUniversity,,,20260928-FordhamUniversity-BP-1,117a47f0-bb6a-11f1-93a8-090a75922668,83.33766,7.82707,,1.63058,,,,0.98913,2.33918,-0.08955,3737a129-c7b8-45bf-aff7-ddc2ce9649b7,2026-09-28,18:26:30.29,2026-09-28T14:26:30.2910000-04:00,2026-09-28T18:26:30.2910000Z,LineDrive,v3,471298,,,,,Undefined,FOR_RAM,0e769629-199c-43f9-901a-c7be1a46165b,33.79017,-73.42057,4.08265,5.81682,-1.0972,-14.32903,1.24084,-3.72297,2.35968,,0.98914,140.33121,-23.91131,4.68525,-1.23093,1.0744,-1.19363,0.70256,-0.16303,2.33918,23.37467,-26.49441,3.7632,-0.93614,0.35978,-0.2381,0.12321,-0.02753,-0.08953,52.66313,-4.27871,1.9713,-0.76406,1.60275,-2.23311,1.41025,-0.33835,,,,,,,,,,,,,,,,,,,,,,,High,High,High,Medium,High,,,
60,2026-09-28,14:26:35.73,,,,,Undefined,FOR_RAM,"Reina, Braedon",10305192,Left,FOR_RAM,Undefined,1,Bottom,0,0,0,Undefined,Slider,Undefined,Undefined,Undefined,Undefined,0,0,,50.93717,-2.237908,3.652076,1053.633896,129.223692,10:15,5.83757,-1.26891,26.40329,-33.80167,5.41674,-5.69414,1.74082,0.34286,49.28638,-12.114777,1.987164,0.45073,,,,,,,,,,,,8.5152,8.53079,2.37491,50,5.86656,-5.78086,-76.21492,2.73632,5.05913,8.48141,-27.10564,FOR_RAM,,FordhamUniversity,,,20260928-FordhamUniversity-BP-1,14bd6500-bb6a-11f1-93a8-090a75922668,83.62533,,,1.65079,,,,,,,3737a129-c7b8-45bf-aff7-ddc2ce9649b7,2026-09-28,18:26:35.73,2026-09-28T14:26:35.7320000-04:00,2026-09-28T18:26:35.7320000Z,,v3,471298,,,,,Undefined,FOR_RAM,f3c07ff7-062b-458b-9e27-04e3f5ed3509,34.10017,-74.42451,4.24071,5.84024,-2.98563,-13.55282,1.26731,-4.71289,2.52956,,,,,,,,,,,,,,,,,,,,,,,,,,,,,,,,,,,,,,,,,,,,,,,,,,,High,High,High,,,,,
61,2026-09-28,14:26:41.09,,,,,Undefined,FOR_RAM,"Reina, Braedon",10305192,Left,FOR_RAM,Undefined,1,Bottom,0,0,0,Undefined,Slider,Undefined,Undefined,LineDrive,Undefined,0,0,,51.03116,-1.66568,2.454014,1040.965531,138.199244,10:30,5.90087,-1.18802,26.95172,-31.90651,5.88296,-4.57051,2.30657,-0.19156,49.10901,-11.197736,1.093541,0.442442,104.75831,18.112129,24.440822,1439.844663,96.47342,27.04513,52.84766,271.22209,197.02216,34.341712,2.535315,7.02146,9.15497,1.97605,50,5.75499,-4.08595,-76.69397,3.58063,4.19197,9.27452,-26.70832,FOR_RAM,,FordhamUniversity,,,20260928-FordhamUniversity-BP-1,17eb7370-bb6a-11f1-93a8-090a75922668,85.19174,29.16881,,1.92215,,,,1.48589,2.11576,0.49258,3737a129-c7b8-45bf-aff7-ddc2ce9649b7,2026-09-28,18:26:41.09,2026-09-28T14:26:41.0990000-04:00,2026-09-28T18:26:41.0990000Z,LineDrive,v3,471298,,,,,Undefined,FOR_RAM,971750db-5017-4b5b-b30e-0416d3a9e6ec,33.55242,-74.6785,4.63726,5.90246,-2.22343,-13.35416,1.1871,-3.17499,2.09598,,1.48586,132.94941,-29.50942,7.45589,-1.70302,0.33438,-0.05551,0.00625,-0.00033,2.11578,47.76308,-23.24409,2.15718,-0.27455,0.02475,-0.00157,0.00046,-6E-05,0.4926,60.41736,4.09594,-3.55541,1.34724,-0.37848,0.07887,-0.01067,0.00068,,,,,,,,,,,,,,,,,,,,,,,High,High,High,Medium,Medium,,,
62,2026-09-28,14:26:47.20,,,,,Undefined,FOR_RAM,"Reina, Braedon",10305192,Left,FOR_RAM,Undefined,1,Bottom,0,0,0,Undefined,Slider,Undefined,Undefined,LineDrive,Undefined,0,0,,50.48837,-1.372129,2.645559,1171.013848,137.021128,10:30,5.92782,-1.188,26.88919,-32.35966,6.39323,-5.21988,2.45907,-0.13512,48.56692,-11.029687,1.095379,0.448047,106.60057,19.961662,20.66821,898.408458,100.2957,34.91914,45.1747,339.43727,333.97903,31.804515,3.460214,7.94839,9.75477,2.03903,50,5.69355,-4.40167,-75.85954,3.97441,4.64465,9.03718,-26.47388,FOR_RAM,,FordhamUniversity,,,20260928-FordhamUniversity-BP-1,1b8a4510-bb6a-11f1-93a8-090a75922668,84.1261,44.31956,,1.92145,,,,1.41565,2.53006,0.32294,3737a129-c7b8-45bf-aff7-ddc2ce9649b7,2026-09-28,18:26:47.20,2026-09-28T14:26:47.2050000-04:00,2026-09-28T18:26:47.2050000Z,LineDrive,v3,471298,,,,,Undefined,FOR_RAM,1457e598-b5ed-481e-a800-a4ac60af646c,33.61492,-73.8818,4.51859,5.92937,-1.81927,-13.23694,1.18697,-3.38521,2.32232,,1.41549,137.5008,-28.70208,6.68003,-1.47327,0.3179,-0.06194,0.0079,-0.00043,2.53021,53.37093,-18.6616,1.22299,-0.15211,0.01012,0.0026,-0.00036,0,0.32323,51.85929,2.93025,-2.04431,0.70131,-0.21052,0.05125,-0.00769,0.0005,,,,,,,,,,,,,,,,,,,,,,,High,High,High,High,Medium,,,
63,2026-09-28,14:26:57.74,,,,,Undefined,FOR_RAM,"Rubin, Jack",10076675,Right,FOR_RAM,Undefined,1,Bottom,0,0,0,Undefined,Slider,Undefined,Undefined,Undefined,Undefined,0,0,,49.99434,-2.333936,5.741719,1056.669103,127.010657,10:15,5.99129,-1.35341,26.56031,-34.30785,6.58122,-7.49174,1.79981,1.29306,47.97307,-12.418277,3.551214,0.46023,,,,,,,,,,,,11.73166,10.30745,3.08933,50,6.03424,-8.71262,-74.84019,2.67899,6.63173,9.31173,-26.34741,FOR_RAM,,FordhamUniversity,,,20260928-FordhamUniversity-BP-1,21db8c80-bb6a-11f1-93a8-090a75922668,81.89914,,,2.02126,,,,,,,3737a129-c7b8-45bf-aff7-ddc2ce9649b7,2026-09-28,18:26:57.74,2026-09-28T14:26:57.7420000-04:00,2026-09-28T18:26:57.7420000Z,,v3,471298,,,,,Undefined,FOR_RAM,ca07c4f0-7e16-4453-8e82-f0c9755a3e78,33.94302,-72.81495,4.65587,5.99374,-3.05138,-13.17371,1.35124,-7.27027,3.31586,,,,,,,,,,,,,,,,,,,,,,,,,,,,,,,,,,,,,,,,,,,,,,,,,,,High,High,High,,,,,
64,2026-09-28,14:27:01.77,,,,,Undefined,FOR_RAM,"Rubin, Jack",10076675,Right,FOR_RAM,Undefined,1,Bottom,0,0,0,Undefined,Slider,Undefined,Undefined,GroundBall,Undefined,0,0,,50.6828,-1.036984,2.790886,1167.394361,118.610138,10:00,6.05949,-1.22929,26.38633,-36.36734,3.42965,-4.74969,2.43623,-0.03085,48.69736,-11.711195,1.401067,0.454042,96.96242,-5.278997,-12.918534,,,,,24.74023,24.74023,-11.070715,0.165903,7.15914,5.45776,2.08007,50,5.71401,-4.47584,-76.18444,4.70662,4.20052,9.50613,-28.97179,FOR_RAM,,FordhamUniversity,,,20260928-FordhamUniversity-BP-1,243952a0-bb6a-11f1-93a8-090a75922668,83.01524,2.2248,,1.98544,,,,1.49991,2.2248,0.40953,3737a129-c7b8-45bf-aff7-ddc2ce9649b7,2026-09-28,18:27:01.77,2026-09-28T14:27:01.7710000-04:00,2026-09-28T18:27:01.7710000Z,GroundBall,v3,471298,,,,,Undefined,FOR_RAM,394161ff-384a-4e02-be88-d2c39fdd007d,34.11803,-74.17626,4.75306,6.06183,-1.41371,-14.48589,1.22827,-3.58847,2.10026,189.819723,1.49997,138.01884,-4.28506,,,,,,,2.22469,-13.07499,-2.01382,,,,,,,0.40948,-31.6547,3.32622,,,,,,,,,,,,,,,,,,,,,,,,,,,,,High,High,High,Medium,Medium,,,
65,2026-09-28,14:27:06.35,,,,,Undefined,FOR_RAM,"Rubin, Jack",10076675,Right,FOR_RAM,Undefined,1,Bottom,0,0,0,Undefined,Slider,Undefined,Undefined,LineDrive,Undefined,0,0,,51.02458,-1.871437,4.277864,1098.827037,119.046071,10:00,5.81264,-1.37617,26.49582,-34.48415,4.86315,-7.10536,1.871,0.46979,48.77545,-12.025801,2.196811,0.45147,98.45521,7.821654,-27.631355,1019.111354,,,,110.40363,110.40363,-25.882918,0.876535,10.93221,7.65024,2.68938,50,5.72472,-6.8989,-76.72523,3.34856,6.45044,10.39335,-27.6601,FOR_RAM,,FordhamUniversity,,,20260928-FordhamUniversity-BP-1,26ff2960-bb6a-11f1-93a8-090a75922668,83.48826,5.5514,,2.24912,,,,2.32299,1.92496,0.22111,3737a129-c7b8-45bf-aff7-ddc2ce9649b7,2026-09-28,18:27:06.35,2026-09-28T14:27:06.3510000-04:00,2026-09-28T18:27:06.3510000Z,LineDrive,v3,471298,,,,,Undefined,FOR_RAM,967d0e91-b53b-4940-9fd5-f37d33660ab4,34.00862,-74.52754,5.19668,5.81442,-2.50024,-13.83005,1.3748,-5.53494,3.22522,,2.32299,126.74161,-21.19424,3.88622,-0.84841,0.18676,-0.04415,0.00924,-0.00119,1.92496,19.6515,-28.11572,4.45971,-1.15196,0.30467,-0.07911,0.01807,-0.00244,0.22111,-66.34725,15.72576,-4.33075,1.20492,-0.32992,0.08962,-0.02083,0.00285,,,,,,,,,,,,,,,,,,,,,,,High,High,High,Low,Medium,,,
66,2026-09-28,14:27:10.48,,,,,Undefined,FOR_RAM,"Rubin, Jack",10076675,Right,FOR_RAM,Undefined,1,Bottom,0,0,0,Undefined,Slider,Undefined,Undefined,GroundBall,Undefined,0,0,,49.76971,-1.679142,4.005534,1131.909677,140.960372,10:45,6.09515,-1.29355,26.78107,-35.60297,4.52945,-3.0502,2.1788,0.71464,48.22119,-12.196554,3.104064,0.455952,73.64266,-7.886956,-66.942933,,,,,17.12423,8.32933,-56.964465,0.17522,5.24488,7.1402,2.48829,50,5.89396,-5.73753,-74.56321,4.0252,2.97712,8.27239,-28.12112,FOR_RAM,,FordhamUniversity,,,20260928-FordhamUniversity-BP-1,2961d180-bb6a-11f1-93a8-090a75922668,82.66754,3.33581,,1.54852,,,,,,,3737a129-c7b8-45bf-aff7-ddc2ce9649b7,2026-09-28,18:27:10.48,2026-09-28T14:27:10.4850000-04:00,2026-09-28T18:27:10.4850000Z,GroundBall,v3,471298,,,,,Undefined,FOR_RAM,abd021d0-7aab-4eee-a9ab-f9eac0329534,33.72362,-72.73502,4.1362,6.0968,-2.18954,-14.06056,1.293,-5.07959,1.48856,,2.53324,41.91342,-17.6447,,,,,,,3.33606,-14.83954,-23.98016,,,,,,,2.96066,-98.49372,-1.92407,,,,,,,,,,,,,,,,,,,,,,,,,,,,,High,High,High,Low,Low,,,
67,2026-09-28,14:27:15.24,,,,,Undefined,FOR_RAM,"Rubin, Jack",10076675,Right,FOR_RAM,Undefined,1,Bottom,0,0,0,Undefined,Slider,Undefined,Undefined,GroundBall,Undefined,0,0,,50.63118,-1.166877,3.085215,1155.674085,129.419591,10:15,5.69443,-1.49828,26.86718,-34.13777,4.51091,-4.52307,2.19233,-0.13844,48.69633,-11.337496,1.743281,0.447444,97.50031,2.273515,-8.442873,7159.94102,,,,79.02754,74.33831,-9.270983,0.581366,7.11319,7.07205,2.46124,50,5.37246,-4.87782,-76.09646,4.53925,4.17434,9.2662,-28.02384,FOR_RAM,,FordhamUniversity,,,20260928-FordhamUniversity-BP-1,2c36c370-bb6a-11f1-93a8-090a75922668,84.23944,3.02964,,1.93485,,,,2.07183,2.58704,0.07119,3737a129-c7b8-45bf-aff7-ddc2ce9649b7,2026-09-28,18:27:15.24,2026-09-28T14:27:15.2420000-04:00,2026-09-28T18:27:15.2420000Z,GroundBall,v3,471298,,,,,Undefined,FOR_RAM,2983de10-615b-47a5-b1ae-a8722e2aeea5,33.63724,-74.07719,4.6331,5.69625,-1.56765,-14.01192,1.4974,-3.96815,2.08717,73.223126,2.09759,140.74188,-17.60156,,,,,,,2.60195,5.32788,-16.90446,,,,,,,0.07758,-21.12839,-1.57338,,,,,,,,,,,,,,,,,,,,,,,,,,,,,High,High,High,Low,Medium,,,
68,2026-09-28,14:27:20.91,,,,,Undefined,FOR_RAM,"Rubin, Jack",10076675,Right,FOR_RAM,Undefined,1,Bottom,0,0,0,Undefined,Slider,Undefined,Undefined,Undefined,Undefined,0,0,,48.95538,-1.380353,4.137473,1175.613454,132.714628,10:30,5.91965,-1.33349,26.48444,-38.56841,4.03264,-3.36351,1.91789,0.74482,47.12525,-12.691208,3.152307,0.469766,97.17523,14.199587,-45.153764,2494.947773,,,,130.07425,113.78371,-46.51368,1.128925,5.77733,6.34583,2.54565,50,5.61906,-5.85259,-73.55047,4.53601,3.14889,9.13126,-28.7153,FOR_RAM,,FordhamUniversity,,,20260928-FordhamUniversity-BP-1,2fa9f130-bb6a-11f1-93a8-090a75922668,80.23664,10.27126,,1.83013,,,,3.18917,1.73339,-0.13291,3737a129-c7b8-45bf-aff7-ddc2ce9649b7,2026-09-28,18:27:20.91,2026-09-28T14:27:20.9120000-04:00,2026-09-28T18:27:20.9120000Z,LineDrive,v3,471298,,,,,Undefined,FOR_RAM,2261c77c-987b-44dc-a39f-e84a4f1b843e,34.02016,-71.53908,4.56563,5.92157,-1.78927,-14.35765,1.33286,-5.15897,1.57445,,3.18917,97.43764,-24.42124,6.85674,-2.00502,0.61701,-0.18051,0.04157,-0.00517,1.73339,34.96105,-39.44652,8.41081,-2.50871,0.76666,-0.22439,0.05172,-0.00643,-0.13291,-97.96203,16.90027,-4.76612,1.38576,-0.42654,0.1248,-0.02875,0.00358,,,,,,,,,,,,,,,,,,,,,,,High,High,High,Low,Medium,,,
69,2026-09-28,14:27:30.52,,,,,Undefined,FOR_RAM,"Hanawalt, Chase",1000367090,Left,FOR_RAM,Undefined,1,Bottom,0,0,0,Undefined,Slider,Undefined,Undefined,LineDrive,Undefined,0,0,,48.6593,-0.882386,2.579439,1082.522656,137.517213,10:30,5.94323,-1.15725,25.9997,-39.44467,4.65087,-3.43181,2.14602,0.04747,46.97392,-12.300389,1.586709,0.477935,102.13698,24.442697,11.854626,1794.752124,108.32711,49.39249,19.10889,418.29551,347.04998,5.848958,5.181099,5.20276,6.93496,1.90709,50,5.53986,-3.79606,-73.01988,4.94131,2.81731,8.36072,-28.41876,FOR_RAM,,FordhamUniversity,,,20260928-FordhamUniversity-BP-1,35765130-bb6a-11f1-93a8-090a75922668,78.86523,78.63402,,1.68537,,,,1.82956,2.25142,-0.02203,3737a129-c7b8-45bf-aff7-ddc2ce9649b7,2026-09-28,18:27:30.52,2026-09-28T14:27:30.5290000-04:00,2026-09-28T18:27:30.5290000Z,LineDrive,v3,471298,,,,,Undefined,FOR_RAM,0baf2d15-f272-40a6-8c4b-4b1ef6077519,34.50441,-71.22355,4.18036,5.94559,-1.16456,-14.20938,1.15652,-3.19075,1.40865,163.631526,1.83205,133.41662,-25.33114,5.97867,-1.0583,0.13221,-0.01126,0.00077,-4E-05,2.25034,62.00167,-11.38529,-1.48654,0.76135,-0.23531,0.04999,-0.006,0.0003,-0.021,27.99391,-10.14315,2.74729,-0.57678,0.09049,-0.01011,0.00077,-3E-05,,,,,,,,,,,,,,,,,,,,,,,High,High,High,High,Low,,,
70,2026-09-28,14:27:39.13,,,,,Undefined,FOR_RAM,"Hanawalt, Chase",1000367090,Left,FOR_RAM,Undefined,1,Bottom,0,0,0,Undefined,Slider,Undefined,Undefined,FlyBall,Undefined,0,0,,48.80995,-1.347644,1.948539,1138.298953,135.886439,10:30,6.07231,-1.10778,26.17678,-38.23014,5.18032,-4.13311,2.11174,-0.33245,47.0668,-12.473069,0.74515,0.474208,95.56878,39.141971,30.108865,2487.686658,93.91071,86.06655,57.27791,336.99166,228.43052,34.366016,5.905286,6.04185,7.80252,1.70587,50,5.79738,-3.12279,-73.35389,4.30176,3.28978,8.73045,-27.92557,FOR_RAM,,FordhamUniversity,,,20260928-FordhamUniversity-BP-1,3a86db40-bb6a-11f1-93a8-090a75922668,79.48508,120.52007,,1.74315,,,,2.20442,2.37046,0.48457,3737a129-c7b8-45bf-aff7-ddc2ce9649b7,2026-09-28,18:27:39.13,2026-09-28T14:27:39.1360000-04:00,2026-09-28T18:27:39.1360000Z,FlyBall,v3,471298,,,,,Undefined,FOR_RAM,560369ff-1742-4b8d-baef-7d4eb88e265e,34.32744,-71.46423,4.36522,6.07434,-1.74259,-13.96279,1.10701,-2.41073,1.64489,,2.21173,93.90424,-22.12362,4.96608,-0.63892,0.01076,0.0098,-0.00128,5E-05,2.36681,88.54128,-18.91896,1.28085,-0.20777,0.00795,0.00717,-0.00142,8E-05,0.48783,54.47576,-9.65248,1.98875,-0.23539,0.00103,0.00372,-0.00042,1E-05,,,,,,,,,,,,,,,,,,,,,,,High,High,High,High,Low,,,
71,2026-09-28,14:27:47.62,,,,,Undefined,FOR_RAM,"Hanawalt, Chase",1000367090,Left,FOR_RAM,Undefined,1,Bottom,0,0,0,Undefined,Slider,Undefined,Undefined,LineDrive,Undefined,0,0,,49.95084,-2.079103,2.112839,1006.886559,127.553498,10:15,5.90502,-1.18869,26.23443,-37.09561,4.14807,-4.30481,1.62016,-0.33531,48.32606,-12.857368,0.856672,0.462222,100.73261,17.699487,25.914559,987.917797,96.97105,25.82761,51.92876,271.96348,250.73964,33.269548,2.617048,6.31894,6.61339,1.83784,50,5.84375,-3.44257,-74.98116,3.31443,3.60805,8.81447,-28.39786,FOR_RAM,,FordhamUniversity,,,20260928-FordhamUniversity-BP-1,3f86c380-bb6a-11f1-93a8-090a75922668,81.54627,27.99711,,1.62478,,,,2.56665,1.87858,0.35295,3737a129-c7b8-45bf-aff7-ddc2ce9649b7,2026-09-28,18:27:47.62,2026-09-28T14:27:47.6220000-04:00,2026-09-28T18:27:47.6220000Z,LineDrive,v3,471298,,,,,Undefined,FOR_RAM,48ff2c8c-b94e-4a2f-8b01-614b30e5771b,34.27007,-73.10863,4.40723,5.90707,-2.71835,-14.19893,1.18793,-2.67608,1.80403,,2.56647,126.60396,-23.45276,5.03399,-1.40166,0.43049,-0.10377,0.01378,-0.00066,1.87867,44.91249,-21.77066,2.56617,-0.48338,0.04647,0.00547,-0.00139,3E-05,0.35327,61.49513,-2.11645,-0.06002,0.44432,-0.32916,0.10904,-0.01643,0.00083,,,,,,,,,,,,,,,,,,,,,,,High,High,High,Medium,Medium,,,
72,2026-09-28,14:27:53.63,,,,,Undefined,FOR_RAM,"Hanawalt, Chase",1000367090,Left,FOR_RAM,Undefined,1,Bottom,0,0,0,Undefined,Slider,Undefined,Undefined,Undefined,Undefined,0,0,,48.967,-2.468407,3.547376,1186.411499,143.745889,10:45,6.2429,-1.01938,26.36864,-36.37667,6.29217,-3.97079,1.79825,0.67818,47.42362,-13.060186,2.386327,0.47014,,,,,,,,,,,,6.23701,9.82457,2.06629,50,6.29528,-5.15871,-73.33911,2.70769,3.41448,8.25383,-26.79552,FOR_RAM,,FordhamUniversity,,,20260928-FordhamUniversity-BP-1,432bfdc0-bb6a-11f1-93a8-090a75922668,80.17288,,,1.54339,,,,,,,3737a129-c7b8-45bf-aff7-ddc2ce9649b7,2026-09-28,18:27:53.63,2026-09-28T14:27:53.6300000-04:00,2026-09-28T18:27:53.6300000Z,,v3,471298,,,,,Undefined,FOR_RAM,0eaebff1-7e1b-433b-b13e-538ddcefd023,34.1345,-71.53128,4.12692,6.24559,-3.16135,-13.39776,1.01828,-4.41083,1.70724,,,,,,,,,,,,,,,,,,,,,,,,,,,,,,,,,,,,,,,,,,,,,,,,,,,High,High,High,,,,,
73,2026-09-28,14:28:02.28,,,,,Undefined,FOR_RAM,"Hanawalt, Chase",1000367090,Left,FOR_RAM,Undefined,1,Bottom,0,0,0,Undefined,Slider,Undefined,Undefined,LineDrive,Undefined,0,0,,49.13492,-2.457166,3.032639,1131.52273,134.265216,10:30,5.89381,-1.44805,26.38766,-35.43884,7.18162,-6.3465,1.5353,-0.24441,47.16378,-12.83187,1.174822,0.469873,90.52807,23.112686,-0.509297,1987.191308,109.69196,38.07947,-8.22011,285.73277,181.61756,-11.587126,3.580068,9.42355,11.00953,2.39104,50,5.9601,-4.89463,-73.89217,2.55425,5.16544,9.51044,-26.13926,FOR_RAM,,FordhamUniversity,,,20260928-FordhamUniversity-BP-1,485280d0-bb6a-11f1-93a8-090a75922668,80.21837,44.10694,,1.97113,,,,1.60447,1.67721,0.2807,3737a129-c7b8-45bf-aff7-ddc2ce9649b7,2026-09-28,18:28:02.28,2026-09-28T14:28:02.2830000-04:00,2026-09-28T18:28:02.2830000Z,LineDrive,v3,471298,,,,,Undefined,FOR_RAM,4df761b7-f349-4783-8f0c-ce3b2f75e15c,34.11596,-71.81869,4.75522,5.89574,-3.14467,-13.06963,1.44667,-3.76845,2.58272,130.395302,1.60456,122.1104,-21.61264,4.51261,-0.87802,0.13322,-0.01208,0,9E-05,1.67717,52.118,-17.54066,1.15284,-0.20626,0.06489,-0.01981,0.00396,-0.00032,0.28063,-1.07983,-8.97181,2.68918,-0.68828,0.14215,-0.02207,0.00214,-9E-05,,,,,,,,,,,,,,,,,,,,,,,High,High,High,High,Medium,,,
74,2026-09-28,14:28:06.86,,,,,Undefined,FOR_RAM,"Hanawalt, Chase",1000367090,Left,FOR_RAM,Undefined,1,Bottom,0,0,0,Undefined,Slider,Undefined,Undefined,FlyBall,Undefined,0,0,,48.47643,-1.380331,2.204247,1090.571042,146.643971,11:00,5.92858,-1.40113,26.4415,-36.89797,6.30386,-3.56918,2.06648,-0.44193,46.83077,-12.202926,1.15742,0.473067,93.51393,39.884481,19.956487,2695.749492,106.11813,87.6344,28.96374,303.68678,194.76286,8.7796,5.718342,5.42453,9.40843,2.07417,50,5.65475,-3.36212,-72.79864,4.24797,2.92045,8.28758,-27.10876,FOR_RAM,,FordhamUniversity,,,20260928-FordhamUniversity-BP-1,4b11a0d0-bb6a-11f1-93a8-090a75922668,79.67676,113.72495,,1.64566,,,,2.36118,2.29438,0.70729,3737a129-c7b8-45bf-aff7-ddc2ce9649b7,2026-09-28,18:28:06.86,2026-09-28T14:28:06.8620000-04:00,2026-09-28T18:28:06.8620000Z,FlyBall,v3,471298,,,,,Undefined,FOR_RAM,2442ce46-efe8-4644-afca-678eca738c69,34.06267,-70.96111,4.14379,5.93028,-1.76263,-13.55438,1.4005,-2.71459,1.46022,,2.36678,98.81664,-21.66081,4.96072,-0.69402,0.00999,0.01504,-0.00226,0.0001,2.2884,88.046,-19.37555,0.75729,0.06802,-0.05524,0.01687,-0.00242,0.00013,0.71195,35.82786,-15.82918,4.55468,-0.83073,0.06609,0.00567,-0.00151,8E-05,,,,,,,,,,,,,,,,,,,,,,,High,High,High,Medium,Low,,,
75,2026-09-28,14:28:20.76,,,,,Undefined,FOR_RAM,"Ford, Tim",1000142266,Right,FOR_RAM,Undefined,1,Bottom,0,0,0,Undefined,Slider,Undefined,Undefined,LineDrive,Undefined,0,0,,49.55382,-2.241523,2.215207,1021.821966,154.220124,11:15,6.06748,-1.21504,26.6528,-35.62089,5.27414,-2.13858,1.82849,-0.13854,47.89349,-12.727921,1.583479,0.460263,97.51253,11.63596,-29.324679,2001.841117,97.68354,5.90236,-50.57445,138.98307,138.98307,-27.407898,1.149063,3.5324,8.39091,1.87645,50,6.04363,-3.22957,-74.44901,3.1352,1.98447,8.85734,-27.46012,FOR_RAM,,FordhamUniversity,,,20260928-FordhamUniversity-BP-1,535e9130-bb6a-11f1-93a8-090a75922668,81.89318,8.70202,,1.66033,,,,2.07088,1.35939,1.33348,3737a129-c7b8-45bf-aff7-ddc2ce9649b7,2026-09-28,18:28:20.76,2026-09-28T14:28:20.7610000-04:00,2026-09-28T18:28:20.7610000Z,LineDrive,v3,471298,,,,,Undefined,FOR_RAM,aa68460a-a541-4d88-83b3-63879546ca5a,33.85125,-72.50231,4.42867,6.06947,-2.90009,-13.73006,1.21458,-2.79342,0.99223,,2.07088,122.12901,-16.39975,2.16736,-0.45337,0.08177,-0.01628,0.00293,-0.00029,1.35939,28.84571,-30.60043,4.97284,-1.22867,0.31656,-0.07542,0.01527,-0.00175,1.33348,-68.60479,12.39942,-2.40028,0.57646,-0.13641,0.03212,-0.00641,0.00072,,,,,,,,,,,,,,,,,,,,,,,High,High,High,Low,Medium,,,
76,2026-09-28,14:28:24.84,,,,,Undefined,FOR_RAM,"Ford, Tim",1000142266,Right,FOR_RAM,Undefined,1,Bottom,0,0,0,Undefined,Slider,Undefined,Undefined,Undefined,Undefined,0,0,,50.24833,0.252096,0.616769,1046.34495,114.921175,9:45,5.93275,-1.4275,26.51614,-36.78915,3.40075,-5.44437,3.01032,-1.53054,48.00818,-10.648909,-0.98352,0.456278,,,,,,,,,,,,7.34619,5.49642,1.68105,50,5.22603,-1.64733,-75.67118,6.4296,4.23736,9.68265,-29.00364,FOR_RAM,,FordhamUniversity,,,20260928-FordhamUniversity-BP-1,55d6bd20-bb6a-11f1-93a8-090a75922668,82.60843,,,2.24015,,,,,,,3737a129-c7b8-45bf-aff7-ddc2ce9649b7,2026-09-28,18:28:24.84,2026-09-28T14:28:24.8400000-04:00,2026-09-28T18:28:24.8400000Z,,v3,471298,,,,,Undefined,FOR_RAM,31d9536a-07e4-459b-b92d-ca01a88501fd,33.98591,-73.59355,4.84133,5.93797,0.2062,-14.50182,1.42512,-0.7381,2.11868,,,,,,,,,,,,,,,,,,,,,,,,,,,,,,,,,,,,,,,,,,,,,,,,,,,High,High,High,,,,,
77,2026-09-28,14:28:29.02,,,,,Undefined,FOR_RAM,"Ford, Tim",1000142266,Right,FOR_RAM,Undefined,1,Bottom,0,0,0,Undefined,Slider,Undefined,Undefined,FlyBall,Undefined,0,0,,50.08531,-0.866615,1.40492,1101.501143,124.05445,10:15,5.94773,-1.31276,26.49055,-35.67715,4.69036,-5.70717,2.48138,-0.98885,48.16477,-11.385195,-0.272128,0.457285,83.95814,42.158282,22.174821,,94.80659,83.10582,55.78191,261.51676,125.89719,38.709183,5.055729,8.09434,7.14189,1.7991,50,5.55296,-2.76727,-75.32785,4.86356,4.65215,9.126,-28.06932,FOR_RAM,,FordhamUniversity,,,20260928-FordhamUniversity-BP-1,583dab00-bb6a-11f1-93a8-090a75922668,82.4265,92.24645,,1.92054,,,,1.18045,2.53332,1.01739,3737a129-c7b8-45bf-aff7-ddc2ce9649b7,2026-09-28,18:28:29.02,2026-09-28T14:28:29.0200000-04:00,2026-09-28T18:28:29.0200000Z,FlyBall,v3,471298,,,,,Undefined,FOR_RAM,f72b4afc-074f-42cc-8f6c-b20d19f4d1d4,34.01365,-73.36553,4.563,5.94984,-1.17202,-14.03466,1.31161,-1.76695,2.32608,215.243955,1.1959,84.20698,-21.17701,3.81496,0.48629,-0.55668,0.15186,-0.01831,0.00084,2.53261,82.64119,-21.81405,1.11565,0.42332,-0.32948,0.10356,-0.01527,0.00085,1.0146,34.50382,2.06882,-1.56761,0.47508,-0.11159,0.02385,-0.00348,0.00021,,,,,,,,,,,,,,,,,,,,,,,High,High,High,High,Low,,,
78,2026-09-28,14:28:33.67,,,,,Undefined,FOR_RAM,"Ford, Tim",1000142266,Right,FOR_RAM,Undefined,1,Bottom,0,0,0,Undefined,Slider,Undefined,Undefined,GroundBall,Undefined,0,0,,49.58454,-2.461317,3.301009,1189.187553,133.244747,10:30,5.88991,-1.41879,26.85905,-34.57073,5.65461,-5.17347,1.6213,0.00906,48.08877,-12.684981,1.765266,0.456479,69.19959,-14.945307,-58.291356,,,,,7.59605,1.87138,-46.169781,0.065596,8.01122,9.01965,2.45568,50,5.927,-5.16068,-74.30938,2.86022,4.51581,8.22771,-27.08979,FOR_RAM,,FordhamUniversity,,,20260928-FordhamUniversity-BP-1,5afddc70-bb6a-11f1-93a8-090a75922668,82.57204,1.72115,,1.49577,,,,1.87137,1.72115,0.00578,3737a129-c7b8-45bf-aff7-ddc2ce9649b7,2026-09-28,18:28:33.67,2026-09-28T14:28:33.6790000-04:00,2026-09-28T18:28:33.6790000Z,GroundBall,v3,471298,,,,,Undefined,FOR_RAM,55d80f57-1e90-4feb-b1f4-1c015b7e47dd,33.64521,-72.47591,4.11386,5.89177,-3.17646,-13.5449,1.4178,-4.15437,2.25791,,1.87004,51.66598,,,,,,,,1.72182,-26.23861,,,,,,,,0.00793,-83.62612,,,,,,,,,,,,,,,,,,,,,,,,,,,,,,High,High,High,Estimated,Estimated,,,
79,2026-09-28,14:28:38.15,,,,,Undefined,FOR_RAM,"Ford, Tim",1000142266,Right,FOR_RAM,Undefined,1,Bottom,0,0,0,Undefined,Slider,Undefined,Undefined,GroundBall,Undefined,0,0,,49.21244,-0.726435,1.79783,1168.75951,108.137489,9:30,5.45289,-1.60173,26.74955,-39.0914,2.09075,-3.80441,1.78503,-0.90366,47.44354,-12.311304,0.669794,0.461876,66.77831,-23.883964,-39.912413,,,,,4.59842,1.55718,-20.788442,0.043992,5.7265,3.66284,2.17774,50,4.93159,-2.9481,-74.08692,5.70725,3.17742,8.9917,-30.14169,FOR_RAM,,FordhamUniversity,,,20260928-FordhamUniversity-BP-1,5db0a060-bb6a-11f1-93a8-090a75922668,81.60718,1.74935,,1.76889,,,,1.26883,1.74935,0.90272,3737a129-c7b8-45bf-aff7-ddc2ce9649b7,2026-09-28,18:28:38.15,2026-09-28T14:28:38.1560000-04:00,2026-09-28T18:28:38.1560000Z,GroundBall,v3,471298,,,,,Undefined,FOR_RAM,b13321f9-3701-4254-8e40-5d86c1520166,33.75511,-72.08838,4.49585,5.45558,-0.99222,-15.07085,1.60096,-2.24187,1.58871,,1.26748,68.8806,,,,,,,,1.75013,-39.76477,,,,,,,,0.90384,-57.61848,,,,,,,,,,,,,,,,,,,,,,,,,,,,,,High,High,High,Estimated,Estimated,,,
80,2026-09-28,14:28:42.90,,,,,Undefined,FOR_RAM,"Ford, Tim",1000142266,Right,FOR_RAM,Undefined,1,Bottom,0,0,0,Undefined,Slider,Undefined,Undefined,Undefined,Undefined,0,0,,49.76788,0.670562,-0.360383,1116.224215,130.659418,10:15,5.8163,-1.48757,26.66195,-35.59116,4.78276,-4.63819,3.22992,-2.07805,47.73685,-9.923678,-1.728378,0.457322,,,,,,,,,,,,6.10095,7.19996,1.45948,50,4.98141,-0.25929,-74.78466,6.90635,3.46922,8.67426,-28.0799,FOR_RAM,,FordhamUniversity,,,20260928-FordhamUniversity-BP-1,608ee120-bb6a-11f1-93a8-090a75922668,82.41996,,,2.03103,,,,,,,3737a129-c7b8-45bf-aff7-ddc2ce9649b7,2026-09-28,18:28:42.90,2026-09-28T14:28:42.9080000-04:00,2026-09-28T18:28:42.9080000Z,,v3,471298,,,,,Undefined,FOR_RAM,a1fcf938-457c-479d-b968-a9db581adc36,33.84007,-72.88617,4.33713,5.82042,0.76066,-14.03995,1.48582,0.5,1.73461,,,,,,,,,,,,,,,,,,,,,,,,,,,,,,,,,,,,,,,,,,,,,,,,,,,High,High,High,,,,,
81,2026-09-28,14:28:48.11,,,,,Undefined,FOR_RAM,"Ford, Tim",1000142266,Right,FOR_RAM,Undefined,1,Bottom,0,0,0,Undefined,Slider,Undefined,Undefined,LineDrive,Undefined,0,0,,50.66263,-2.045295,1.776129,1204.556802,130.817184,10:15,6.06746,-1.17748,26.36992,-34.47994,4.99059,-4.94729,2.02508,-0.57514,49.22254,-12.105306,0.32702,0.452176,95.64305,18.78426,-4.57398,1439.359749,109.86155,35.41145,-5.50317,332.78559,330.8214,0.302318,4.009915,7.09229,7.70819,1.75187,50,6.02347,-3.16329,-75.86613,3.13686,4.19305,8.02923,-27.61686,FOR_RAM,,FordhamUniversity,,,20260928-FordhamUniversity-BP-1,63962db0-bb6a-11f1-93a8-090a75922668,83.35781,47.25805,,1.44009,,,,1.27319,2.04096,0.58574,3737a129-c7b8-45bf-aff7-ddc2ce9649b7,2026-09-28,18:28:48.11,2026-09-28T14:28:48.1130000-04:00,2026-09-28T18:28:48.1130000Z,LineDrive,v3,471298,,,,,Undefined,FOR_RAM,2440e3c9-55a8-42db-969c-00fceec213ce,34.13456,-74.16802,4.01462,6.06926,-2.70386,-13.80843,1.17663,-2.2765,2.09653,193.684467,1.2735,132.37332,-24.87731,5.59374,-1.0226,0.15645,-0.01977,0.00172,-7E-05,2.04004,45.19394,-10.33492,-0.74583,0.11091,0.03426,-0.01731,0.0033,-0.00024,0.58562,-10.58743,5.46219,-1.28607,0.25404,-0.04055,0.00504,-0.0004,1E-05,,,,,,,,,,,,,,,,,,,,,,,High,High,High,High,High,,,
82,2026-09-28,14:28:59.15,,,,,Undefined,FOR_RAM,"Grabau, Anthony",1000407420,Left,FOR_RAM,Undefined,1,Bottom,0,0,0,Undefined,Curveball,Undefined,Undefined,GroundBall,Undefined,0,0,,49.17503,-1.237521,3.753062,1989.149685,126.210306,10:15,5.82247,-1.14244,26.43355,-36.45057,5.8302,-6.69237,2.07797,0.44201,47.21777,-11.949766,1.795442,0.467997,31.54805,-41.037199,67.777666,,,,,5.91978,4.38678,23.406735,0.081879,10.12796,8.72394,2.29775,50,5.5223,-5.90126,-73.87949,4.37201,5.57789,9.09246,-27.36941,FOR_RAM,,FordhamUniversity,,,20260928-FordhamUniversity-BP-1,6a2df400-bb6a-11f1-93a8-090a75922668,80.53992,2.5331,,1.95726,,,,4.33199,2.5331,-0.34237,3737a129-c7b8-45bf-aff7-ddc2ce9649b7,2026-09-28,18:28:59.15,2026-09-28T14:28:59.1530000-04:00,2026-09-28T18:28:59.1530000Z,GroundBall,v3,471298,,,,,Undefined,FOR_RAM,3a0f85f4-5d10-4c94-ba9a-6f3f8597e4bf,34.07085,-71.89234,4.54623,5.82417,-1.60955,-13.68471,1.14124,-4.68221,2.78895,,4.32879,13.44235,,,,,,,,2.54046,-30.93743,,,,,,,,-0.3502,32.90281,,,,,,,,,,,,,,,,,,,,,,,,,,,,,,High,High,High,Low,Low,,,
83,2026-09-28,14:29:03.43,,,,,Undefined,FOR_RAM,"Grabau, Anthony",1000407420,Left,FOR_RAM,Undefined,1,Bottom,0,0,0,Undefined,Slider,Undefined,Undefined,LineDrive,Undefined,0,0,,49.57741,-0.609355,3.640075,1023.360111,132.323012,10:30,5.75949,-1.30645,26.53935,-34.8788,6.30985,-5.98134,2.50603,0.26586,47.58504,-10.919623,1.885911,0.461913,85.46142,23.338864,-19.84522,2760.653498,99.83685,39.03813,-46.18012,290.78271,116.06002,-35.086321,3.787616,9.09363,9.29493,2.42609,50,5.29955,-5.6922,-74.41536,5.05759,5.10656,8.80922,-26.95447,FOR_RAM,,FordhamUniversity,,,20260928-FordhamUniversity-BP-1,6cbc8e20-bb6a-11f1-93a8-090a75922668,81.60075,44.99896,,1.99236,,,,1.50273,2.50854,-0.21417,3737a129-c7b8-45bf-aff7-ddc2ce9649b7,2026-09-28,18:29:03.43,2026-09-28T14:29:03.4380000-04:00,2026-09-28T18:29:03.4380000Z,LineDrive,v3,471298,,,,,Undefined,FOR_RAM,b7919a5c-d8bc-41a6-b679-3efb5b3bde92,33.96455,-72.49225,4.40461,5.76136,-0.82675,-13.47723,1.30512,-4.57741,2.55328,131.318877,1.50242,108.26148,-20.79364,4.23095,-0.95157,0.21611,-0.04336,0.00569,-0.00031,2.50881,49.64911,-15.72539,0.76131,-0.00466,-0.0354,0.0132,-0.00174,6E-05,-0.2141,-39.07113,-3.70012,1.4152,-0.38906,0.07963,-0.01199,0.00115,-5E-05,,,,,,,,,,,,,,,,,,,,,,,High,High,High,High,Low,,,
84,2026-09-28,14:29:07.99,,,,,Undefined,FOR_RAM,"Grabau, Anthony",1000407420,Left,FOR_RAM,Undefined,1,Bottom,0,0,0,Undefined,Slider,Undefined,Undefined,LineDrive,Undefined,0,0,,48.89971,0.135857,3.57405,1089.198556,108.107404,9:30,5.67995,-1.3868,26.72046,-39.45463,2.32697,-4.57949,2.46897,0.25336,47.11477,-11.560718,2.222806,0.465226,96.75983,9.591653,5.415362,751.214907,109.79179,6.83218,6.75549,148.74979,147.04693,2.910693,1.231614,7.24473,3.69512,2.47934,50,4.90567,-5.33132,-73.42615,6.8445,3.96703,8.4501,-30.15071,FOR_RAM,,FordhamUniversity,,,20260928-FordhamUniversity-BP-1,6f6dcb70-bb6a-11f1-93a8-090a75922668,81.01962,8.83942,,1.78494,,,,1.93256,2.5925,-0.22071,3737a129-c7b8-45bf-aff7-ddc2ce9649b7,2026-09-28,18:29:07.99,2026-09-28T14:29:07.9930000-04:00,2026-09-28T18:29:07.9930000Z,LineDrive,v3,471298,,,,,Undefined,FOR_RAM,3807b0a5-bdd7-4b31-b153-6dbf89c2b273,33.78436,-71.53567,4.22505,5.6824,0.0991,-15.07535,1.38589,-4.4438,1.98352,49.268117,1.93256,139.30544,-19.21828,2.90646,-0.58635,-0.05839,0.1559,-0.07443,0.01265,2.59251,23.64447,-23.72232,2.56299,0.5779,-2.16018,2.33792,-1.20172,0.24179,-0.2207,13.20363,-6.89733,0.97446,1.11292,-2.63899,2.76428,-1.41506,0.28465,,,,,,,,,,,,,,,,,,,,,,,High,High,High,High,High,,,
85,2026-09-28,14:29:12.75,,,,,Undefined,FOR_RAM,"Grabau, Anthony",1000407420,Left,FOR_RAM,Undefined,1,Bottom,0,0,0,Undefined,Slider,Undefined,Undefined,FlyBall,Undefined,0,0,,48.78742,-1.088008,3.884313,1052.791402,134.494689,10:30,6.0509,-1.15228,26.76561,-37.1723,5.00721,-4.13752,2.33791,0.69767,46.80434,-12.119792,2.661974,0.467436,69.20124,35.848044,-51.186981,3455.464929,,,,,112.28756,,,6.83339,7.81154,2.32762,50,5.66724,-5.6494,-73.39232,4.85737,3.70014,9.2741,-27.94428,FOR_RAM,,FordhamUniversity,,,20260928-FordhamUniversity-BP-1,72492600-bb6a-11f1-93a8-090a75922668,80.63657,58.94252,,1.98307,,,,2.16071,2.49607,-0.66289,3737a129-c7b8-45bf-aff7-ddc2ce9649b7,2026-09-28,18:29:12.75,2026-09-28T14:29:12.7550000-04:00,2026-09-28T18:29:12.7550000Z,,v3,471298,,,,,Undefined,FOR_RAM,d0917085-94a6-4c84-895e-a35bcd5132bf,33.73833,-71.30783,4.63705,6.05315,-1.42349,-13.97214,1.15131,-4.81774,1.85007,,2.1607,51.56655,-5.0616,0.44023,-0.74749,1.0759,-0.89079,0.35502,-0.04464,2.49607,59.43907,-14.43371,0.40301,0.14459,-0.50346,0.52998,-0.31729,0.07595,-0.66291,-64.10056,0.87404,0.37614,-1.08844,1.98178,-1.89292,0.97239,-0.19342,,,,,,,,,,,,,,,,,,,,,,,High,High,High,Medium,Undefined,,,
86,2026-09-28,14:29:26.95,,,,,Undefined,FOR_RAM,"Chavez, Carson",1000156814,Right,FOR_RAM,Undefined,1,Bottom,0,0,0,Undefined,Slider,Undefined,Undefined,Undefined,Undefined,0,0,,49.83335,-0.267802,0.583088,954.481083,120.871512,10:00,5.93751,-1.12986,26.20388,-37.03774,4.37351,-5.93225,2.69731,-1.28953,47.964,-11.100015,-1.14465,0.463159,,,,,,,,,,,,8.02012,6.46764,1.38208,50,5.38432,-1.67886,-74.88204,5.64092,4.56919,8.75673,-28.48933,FOR_RAM,,FordhamUniversity,,,20260928-FordhamUniversity-BP-1,7acc8fb0-bb6a-11f1-93a8-090a75922668,81.38113,,,1.86936,,,,,,,3737a129-c7b8-45bf-aff7-ddc2ce9649b7,2026-09-28,18:29:26.95,2026-09-28T14:29:26.9500000-04:00,2026-09-28T18:29:26.9500000Z,,v3,471298,,,,,Undefined,FOR_RAM,1c1e2cec-8d37-43bb-b22c-f2d46214a410,34.30028,-73.02303,4.37837,5.93987,-0.40721,-14.24467,1.12864,-0.70885,2.28459,,,,,,,,,,,,,,,,,,,,,,,,,,,,,,,,,,,,,,,,,,,,,,,,,,,High,High,High,,,,,
87,2026-09-28,14:29:30.67,,,,,Undefined,FOR_RAM,"Chavez, Carson",1000156814,Right,FOR_RAM,Undefined,1,Bottom,0,0,0,Undefined,Slider,Undefined,Undefined,GroundBall,Undefined,0,0,,50.40544,-1.905715,1.781973,1120.958257,134.708497,10:30,6.00528,-1.19613,26.28467,-35.56423,4.70681,-3.95449,1.94954,-0.50507,48.77265,-12.269665,0.626701,0.456739,90.44953,6.055012,-17.179317,2050.483398,,,,81.63446,78.86581,-17.068462,0.657259,5.75776,7.31087,1.75102,50,5.91572,-2.98483,-75.62275,3.38111,3.35589,8.66177,-27.91294,FOR_RAM,,FordhamUniversity,,,20260928-FordhamUniversity-BP-1,7cfe8ae0-bb6a-11f1-93a8-090a75922668,82.52517,3.51353,,1.6328,,,,1.83691,1.66683,0.88569,3737a129-c7b8-45bf-aff7-ddc2ce9649b7,2026-09-28,18:29:30.67,2026-09-28T14:29:30.6710000-04:00,2026-09-28T18:29:30.6710000Z,GroundBall,v3,471298,,,,,Undefined,FOR_RAM,4e2b1d71-13fa-43f5-9a83-51b8ab502bde,34.2197,-73.79315,4.33089,6.0072,-2.51484,-13.95647,1.19541,-2.27598,1.67795,20.033524,1.85466,125.66936,-14.884,,,,,,,1.70905,13.1249,-24.01643,,,,,,,0.88963,-39.04605,1.87342,,,,,,,,,,,,,,,,,,,,,,,,,,,,,High,High,High,Medium,Medium,,,
88,2026-09-28,14:29:34.40,,,,,Undefined,FOR_RAM,"Chavez, Carson",1000156814,Right,FOR_RAM,Undefined,1,Bottom,0,0,0,Undefined,Slider,Undefined,Undefined,FlyBall,Undefined,0,0,,50.05589,-1.970737,1.922842,1059.393902,137.042516,10:30,6.15584,-1.14366,26.42973,-35.23419,5.99969,-4.60205,2.09522,-0.43069,47.57648,-12.355519,0.572172,0.462167,82.08269,32.919091,21.19638,2379.030596,97.5444,56.37493,50.8432,269.56017,260.32677,36.069173,4.177894,6.8017,9.4054,1.74991,50,6.09816,-3.25073,-75.62801,3.15327,3.84972,11.17927,-26.85066,FOR_RAM,,FordhamUniversity,,,20260928-FordhamUniversity-BP-1,7f317070-bb6a-11f1-93a8-090a75922668,81.55596,62.48184,,2.47941,,,,1.41001,2.18428,0.47642,3737a129-c7b8-45bf-aff7-ddc2ce9649b7,2026-09-28,18:29:34.40,2026-09-28T14:29:34.4060000-04:00,2026-09-28T18:29:34.4060000Z,FlyBall,v3,471298,,,,,Undefined,FOR_RAM,56031960-c2d7-47ef-b353-e8caede607d6,34.07336,-73.23591,5.58964,6.15819,-2.59212,-13.42533,1.14247,-2.42698,1.92486,226.667333,1.40939,94.24114,-21.01111,5.38357,-1.44209,0.42038,-0.10838,0.0171,-0.0011,2.1852,65.39952,-19.60641,0.8789,0.27669,-0.2054,0.06289,-0.00895,0.00048,0.47663,36.53461,3.41693,-2.08528,0.7,-0.17195,0.02958,-0.00281,9E-05,,,,,,,,,,,,,,,,,,,,,,,High,High,High,Medium,Medium,,,
89,2026-09-28,14:29:38.74,,,,,Undefined,FOR_RAM,"Chavez, Carson",1000156814,Right,FOR_RAM,Undefined,1,Bottom,0,0,0,Undefined,Slider,Undefined,Undefined,FlyBall,Undefined,0,0,,50.52461,-0.079242,1.547922,1020.584145,123.313371,10:00,5.87184,-1.25493,26.59837,-35.13667,4.6652,-5.6578,2.89883,-0.84841,47.96919,-10.543446,-0.118248,0.45407,78.09794,38.108301,30.617973,3030.033886,88.03548,66.63015,65.95265,256.65216,237.90586,44.174671,4.36632,8.1363,6.9617,1.78165,50,5.2656,-2.97137,-76.3109,5.85435,4.72025,10.80637,-28.13526,FOR_RAM,,FordhamUniversity,,,20260928-FordhamUniversity-BP-1,81d0fa80-bb6a-11f1-93a8-090a75922668,83.01013,71.56525,,2.55541,,,,1.17258,2.91148,0.84645,3737a129-c7b8-45bf-aff7-ddc2ce9649b7,2026-09-28,18:29:38.74,2026-09-28T14:29:38.7410000-04:00,2026-09-28T18:29:38.7410000Z,FlyBall,v3,471298,,,,,Undefined,FOR_RAM,e68b68a8-c644-4111-8786-de43694cbe31,33.90531,-73.99665,5.40319,5.87417,-0.171,-14.06763,1.25356,-1.9605,2.36012,218.331006,1.17238,77.57197,-17.80056,4.5235,-1.1588,0.32432,-0.07774,0.01134,-0.00069,2.91309,70.64719,-20.5311,1.23216,0.20906,-0.22153,0.06972,-0.00997,0.00054,0.84648,45.90218,-1.40639,-0.12589,0.12614,-0.0407,0.00729,-0.00064,2E-05,,,,,,,,,,,,,,,,,,,,,,,High,High,High,High,Medium,,,
90,2026-09-28,14:29:42.94,,,,,Undefined,FOR_RAM,"Chavez, Carson",1000156814,Right,FOR_RAM,Undefined,1,Bottom,0,0,0,Undefined,Slider,Undefined,Undefined,LineDrive,Undefined,0,0,,51.27323,-0.064275,3.437745,1075.857744,127.243784,10:15,5.77448,-1.41164,26.77402,-32.78962,5.44626,-5.99166,3.00569,0.03032,48.66776,-9.886747,1.668834,0.445048,90.26844,15.787615,-10.31355,1901.733995,108.88561,23.0221,-15.61747,228.94965,228.94965,-5.325189,2.491955,9.23461,8.08937,2.48941,50,5.18329,-5.6398,-77.27106,5.69776,5.51629,10.70753,-27.34187,FOR_RAM,,FordhamUniversity,,,20260928-FordhamUniversity-BP-1,8452ea70-bb6a-11f1-93a8-090a75922668,84.69296,23.43073,,2.60547,,,,1.12655,2.95485,-0.03873,3737a129-c7b8-45bf-aff7-ddc2ce9649b7,2026-09-28,18:29:42.94,2026-09-28T14:29:42.9480000-04:00,2026-09-28T18:29:42.9480000Z,LineDrive,v3,471298,,,,,Undefined,FOR_RAM,72e4d643-48b5-48a5-90e9-2c30c2c13ef1,33.72952,-74.98255,5.35376,5.77658,-0.14599,-13.67093,1.41002,-4.46081,2.75815,222.625405,1.12655,125.34073,-22.09474,5.21295,-1.17961,0.26602,-0.05356,0.00768,-0.00054,2.95487,36.0196,-16.90845,1.05539,-0.1035,-0.0213,0.01489,-0.00327,0.00025,-0.03874,-22.80882,8.8458,-1.94398,0.43362,-0.09457,0.01831,-0.00249,0.00017,,,,,,,,,,,,,,,,,,,,,,,High,High,High,Medium,Medium,,,
91,2026-09-28,14:29:53.63,,,,,Undefined,FOR_RAM,"Maryott, Gavin",1000410374,Right,FOR_RAM,Undefined,1,Bottom,0,0,0,Undefined,Slider,Undefined,Undefined,Undefined,Undefined,0,0,,50.2616,-0.079022,0.933953,969.609733,133.693893,10:30,5.87215,-1.32094,26.32689,-35.174,5.79563,-5.0163,2.89579,-1.20487,47.62294,-10.481882,-0.531475,0.460683,,,,,,,,,,,,6.94607,8.41441,1.65495,50,5.29785,-2.00549,-75.91672,5.61955,3.97921,10.88763,-27.35365,FOR_RAM,,FordhamUniversity,,,20260928-FordhamUniversity-BP-1,8aba7900-bb6a-11f1-93a8-090a75922668,81.81857,,,2.63866,,,,,,,3737a129-c7b8-45bf-aff7-ddc2ce9649b7,2026-09-28,18:29:53.63,2026-09-28T14:29:53.6380000-04:00,2026-09-28T18:29:53.6380000Z,,v3,471298,,,,,Undefined,FOR_RAM,464905c2-1312-4aaf-b842-06cbbd126474,34.17614,-73.61236,5.44382,5.87456,-0.16983,-13.67683,1.31962,-1.16329,1.98961,,,,,,,,,,,,,,,,,,,,,,,,,,,,,,,,,,,,,,,,,,,,,,,,,,,High,High,High,,,,,
92,2026-09-28,14:29:57.59,,,,,Undefined,FOR_RAM,"Maryott, Gavin",1000410374,Right,FOR_RAM,Undefined,1,Bottom,0,0,0,Undefined,Slider,Undefined,Undefined,Undefined,Undefined,0,0,,49.44654,1.812276,0.294535,971.734961,114.023593,9:45,5.81328,-1.41992,26.55833,-37.77726,4.24878,-7.08,3.69451,-1.84269,46.41416,-9.496241,-1.785577,0.466585,,,,,,,,,,,,9.57875,5.7517,1.61274,50,4.64514,-1.46891,-74.90733,8.5329,5.28274,11.52179,-29.00195,FOR_RAM,,FordhamUniversity,,,20260928-FordhamUniversity-BP-1,8d0c3130-bb6a-11f1-93a8-090a75922668,80.78367,,,3.03238,,,,,,,3737a129-c7b8-45bf-aff7-ddc2ce9649b7,2026-09-28,18:29:57.59,2026-09-28T14:29:57.5940000-04:00,2026-09-28T18:29:57.5940000Z,,v3,471298,,,,,Undefined,FOR_RAM,968a2def-7a0c-4464-9d63-da14b6b105f5,33.94497,-72.39574,5.76089,5.81614,2.21087,-14.50097,1.41804,-0.31735,2.64137,,,,,,,,,,,,,,,,,,,,,,,,,,,,,,,,,,,,,,,,,,,,,,,,,,,High,High,High,,,,,
93,2026-09-28,14:30:02.59,,,,,Undefined,FOR_RAM,"Maryott, Gavin",1000410374,Right,FOR_RAM,Undefined,1,Bottom,0,0,0,Undefined,Slider,Undefined,Undefined,LineDrive,Undefined,0,0,,49.88775,-0.650795,1.993568,1032.37002,127.169074,10:15,5.52211,-1.38942,26.44454,-36.87089,4.41044,-4.49764,2.0785,-0.6279,47.46443,-11.546425,0.674871,0.462432,91.61508,11.922873,-5.133953,2859.575849,109.66192,9.30031,-8.61323,158.39108,158.27306,-4.394432,1.418774,6.66741,6.78359,2.01498,50,5.06476,-3.32079,-75.32445,5.18573,3.76413,10.63094,-28.34434,FOR_RAM,,FordhamUniversity,,,20260928-FordhamUniversity-BP-1,900a07e0-bb6a-11f1-93a8-090a75922668,81.5091,10.76334,,2.42332,,,,1.7492,2.13027,0.63944,3737a129-c7b8-45bf-aff7-ddc2ce9649b7,2026-09-28,18:30:02.59,2026-09-28T14:30:02.5900000-04:00,2026-09-28T18:30:02.5900000Z,LineDrive,v3,471298,,,,,Undefined,FOR_RAM,d98d82c8-fbc3-4f9b-b21d-cd5c36ec0c8d,34.05906,-73.03998,5.31547,5.52468,-0.90516,-14.17217,1.38829,-2.51193,1.88206,355.73687,1.7492,130.94234,-17.01825,2.13933,-0.45112,0.08156,-0.01492,0.00261,-0.00025,2.13027,27.75984,-24.03964,3.08272,-0.64402,0.15243,-0.03016,0.00502,-0.00049,0.63944,-11.76451,1.79648,0.13432,-0.03691,0.01569,-0.00387,0.00067,-7E-05,,,,,,,,,,,,,,,,,,,,,,,High,High,High,High,High,,,
94,2026-09-28,14:30:06.75,,,,,Undefined,FOR_RAM,"Maryott, Gavin",1000410374,Right,FOR_RAM,Undefined,1,Bottom,0,0,0,Undefined,Slider,Undefined,Undefined,Undefined,Undefined,0,0,,50.21538,-1.172564,0.595601,1072.9436,131.057413,10:15,5.98899,-1.3148,26.43345,-34.56785,6.13469,-5.92296,2.43989,-1.4689,47.8248,-11.384468,-1.141934,0.459179,,,,,,,,,,,,7.91489,9.5839,1.56541,50,5.72823,-1.67035,-75.71066,4.09136,4.5337,10.37741,-26.68433,FOR_RAM,,FordhamUniversity,,,20260928-FordhamUniversity-BP-1,929a0190-bb6a-11f1-93a8-090a75922668,82.08657,,,2.39058,,,,,,,3737a129-c7b8-45bf-aff7-ddc2ce9649b7,2026-09-28,18:30:06.75,2026-09-28T14:30:06.7560000-04:00,2026-09-28T18:30:06.7560000Z,,v3,471298,,,,,Undefined,FOR_RAM,55694df6-4c12-4b59-8b49-6604013db619,34.06701,-73.49433,5.18871,5.99346,-1.60766,-13.34217,1.31207,-0.70208,2.26685,,,,,,,,,,,,,,,,,,,,,,,,,,,,,,,,,,,,,,,,,,,,,,,,,,,High,High,High,,,,,
95,2026-09-28,14:30:10.46,,,,,Undefined,FOR_RAM,"Maryott, Gavin",1000410374,Right,FOR_RAM,Undefined,1,Bottom,0,0,0,Undefined,Slider,Undefined,Undefined,Undefined,Undefined,0,0,,49.55161,-0.327476,1.294881,1097.911747,140.086092,10:45,6.21527,-1.38587,26.70404,-34.05907,6.46615,-4.75449,3.19187,-1.05004,47.71832,-10.454318,-0.110357,0.458178,,,,,,,,,,,,6.83697,9.51426,1.83442,50,5.66882,-2.46512,-74.41967,5.44098,3.86165,8.33303,-26.80021,FOR_RAM,,FordhamUniversity,,,20260928-FordhamUniversity-BP-1,94bd08a0-bb6a-11f1-93a8-090a75922668,82.26593,,,1.83329,,,,,,,3737a129-c7b8-45bf-aff7-ddc2ce9649b7,2026-09-28,18:30:10.46,2026-09-28T14:30:10.4600000-04:00,2026-09-28T18:30:10.4600000Z,,v3,471298,,,,,Undefined,FOR_RAM,4cdffb0a-6e57-4436-abac-6c38a2d5f581,33.79972,-72.58301,4.16652,6.21709,-0.466,-13.40011,1.38488,-1.61399,1.93082,,,,,,,,,,,,,,,,,,,,,,,,,,,,,,,,,,,,,,,,,,,,,,,,,,,High,High,High,,,,,
96,2026-09-28,14:30:14.66,,,,,Undefined,FOR_RAM,"Maryott, Gavin",1000410374,Right,FOR_RAM,Undefined,1,Bottom,0,0,0,Undefined,Slider,Undefined,Undefined,LineDrive,Undefined,0,0,,50.46594,-0.355182,1.760514,1072.854587,111.458038,9:45,5.66048,-1.43037,26.52313,-36.56522,2.55087,-4.91894,2.4114,-0.8393,49.17088,-11.100052,0.314513,0.450142,93.26323,14.719752,13.265985,2289.143948,104.07187,25.34765,35.62345,273.02099,261.00172,26.880909,3.045564,7.07859,3.99103,2.00827,50,5.08753,-3.14723,-75.47438,5.87779,4.18067,7.12653,-29.81692,FOR_RAM,,FordhamUniversity,,,20260928-FordhamUniversity-BP-1,973d9900-bb6a-11f1-93a8-090a75922668,83.73462,28.32757,,1.29505,,,,1.02417,2.42374,0.84453,3737a129-c7b8-45bf-aff7-ddc2ce9649b7,2026-09-28,18:30:14.66,2026-09-28T14:30:14.6610000-04:00,2026-09-28T18:30:14.6610000Z,LineDrive,v3,471298,,,,,Undefined,FOR_RAM,2e996638-152c-441f-9dc4-034271b35e5e,33.98204,-73.94644,3.56326,5.66242,-0.51498,-14.90846,1.42959,-2.2509,2.09033,228.553307,1.02417,128.76611,-28.56507,6.75899,-1.38579,0.25281,-0.04079,0.00497,-0.0003,2.42373,34.75695,-10.49285,-1.55986,0.76146,-0.21667,0.04396,-0.00523,0.00027,0.84451,30.3593,8.19358,-3.3731,1.06262,-0.26947,0.05212,-0.00647,0.00037,,,,,,,,,,,,,,,,,,,,,,,High,High,High,High,High,,,
97,2026-09-28,14:30:19.38,,,,,Undefined,FOR_RAM,"Maryott, Gavin",1000410374,Right,FOR_RAM,Undefined,1,Bottom,0,0,0,Undefined,Slider,Undefined,Undefined,FlyBall,Undefined,0,0,,49.7685,-1.692506,2.018218,1077.0219,133.783443,10:30,6.04936,-1.32491,26.50219,-35.45797,5.32658,-4.70906,2.13103,-0.56898,48.10542,-12.106092,0.633904,0.459642,87.68849,29.236844,1.779102,2484.208697,109.334,52.71802,12.08412,267.26451,257.97787,14.797228,4.171839,6.91823,8.19394,1.96797,50,5.88354,-3.39596,-74.71343,3.75661,3.93071,8.56605,-27.51853,FOR_RAM,,FordhamUniversity,,,20260928-FordhamUniversity-BP-1,9a0c4960-bb6a-11f1-93a8-090a75922668,82.00399,61.34239,,1.66308,,,,1.83291,2.19698,0.56915,3737a129-c7b8-45bf-aff7-ddc2ce9649b7,2026-09-28,18:30:19.38,2026-09-28T14:30:19.3810000-04:00,2026-09-28T18:30:19.3810000Z,FlyBall,v3,471298,,,,,Undefined,FOR_RAM,38bec3c5-24a4-471e-a495-848d12bfd639,34.0021,-72.85615,4.28302,6.05121,-2.20992,-13.75927,1.32405,-2.54372,1.96535,214.119728,1.83284,112.17312,-24.75301,5.94032,-1.36047,0.28914,-0.0478,0.00479,-0.0002,2.1977,62.79545,-18.77725,1.29583,-0.04432,-0.05808,0.01648,-0.00157,3E-05,0.56947,3.47524,6.7506,-1.93808,0.56809,-0.15404,0.03045,-0.00352,0.00017,,,,,,,,,,,,,,,,,,,,,,,High,High,High,High,Medium,,,
98,2026-09-28,14:30:30.85,,,,,Undefined,FOR_RAM,"Palmer, Owen",10100501,Left,FOR_RAM,Undefined,1,Bottom,0,0,0,Undefined,Curveball,Undefined,Undefined,GroundBall,Undefined,0,0,,48.59404,-0.552586,3.370991,1945.919115,127.766176,10:15,5.71287,-1.19191,26.38375,-36.85219,5.43315,-6.2704,2.32587,0.21203,47.77003,-11.290854,1.539863,0.468022,103.68099,3.941715,7.870391,2807.027604,,,,65.41472,65.41472,9.014364,0.447221,9.09977,7.86485,2.23699,50,5.19203,-5.27613,-72.27046,5.44188,5.00511,5.25947,-27.84818,FOR_RAM,,FordhamUniversity,,,20260928-FordhamUniversity-BP-1,a0e20310-bb6a-11f1-93a8-090a75922668,80.5356,2.74136,,0.82401,,,,1.4748,1.95982,0.01123,3737a129-c7b8-45bf-aff7-ddc2ce9649b7,2026-09-28,18:30:30.85,2026-09-28T14:30:30.8590000-04:00,2026-09-28T18:30:30.8590000Z,GroundBall,v3,471298,,,,,Undefined,FOR_RAM,a05bf4da-013d-40bb-a6c8-7c66cde246e3,34.12121,-71.1055,2.62974,5.71426,-0.72645,-13.92409,1.19112,-4.1675,2.50256,335.140114,1.4785,150.16814,-20.16813,,,,,,,1.98284,9.76297,-31.85366,,,,,,,0.00363,21.00193,4.30163,,,,,,,,,,,,,,,,,,,,,,,,,,,,,High,High,High,Low,Medium,,,
99,2026-09-28,14:30:34.53,,,,,Undefined,FOR_RAM,"Palmer, Owen",10100501,Left,FOR_RAM,Undefined,1,Bottom,0,0,0,Undefined,Slider,Undefined,Undefined,LineDrive,Undefined,0,0,,49.13006,-1.353733,3.709663,1123.875279,135.027373,10:30,5.96866,-1.04171,26.28184,-35.23305,6.74508,-6.06099,2.25565,0.58035,47.99083,-11.59721,1.945181,0.466319,97.32633,20.251669,21.490933,797.987317,102.30652,35.50708,40.41501,315.49199,314.13804,25.563926,3.616497,8.93922,9.7578,2.1674,50,5.71579,-5.72157,-73.23403,4.07494,4.98859,6.41219,-26.72865,FOR_RAM,,FordhamUniversity,,,20260928-FordhamUniversity-BP-1,a300eb70-bb6a-11f1-93a8-090a75922668,80.82976,43.99281,,1.13923,,,,3.60309,2.69077,-0.50383,3737a129-c7b8-45bf-aff7-ddc2ce9649b7,2026-09-28,18:30:34.53,2026-09-28T14:30:34.5300000-04:00,2026-09-28T18:30:34.5300000Z,LineDrive,v3,471298,,,,,Undefined,FOR_RAM,2fc2aa98-a040-4dfd-ac47-35d80522fd58,34.22294,-71.83935,3.2061,5.96987,-1.73866,-13.36433,1.04093,-4.63653,2.4943,,3.60297,124.61385,-24.14505,5.44637,-1.07569,0.17091,-0.01816,0.0009,0,2.69122,49.39529,-15.76168,0.74982,-0.19458,0.09654,-0.03108,0.00537,-0.00038,-0.5041,49.07132,-6.96135,1.92779,-0.377,0.04285,0.00078,-0.00085,8E-05,,,,,,,,,,,,,,,,,,,,,,,High,High,High,Medium,High,,,
100,2026-09-28,14:30:38.68,,,,,Undefined,FOR_RAM,"Palmer, Owen",10100501,Left,FOR_RAM,Undefined,1,Bottom,0,0,0,Undefined,Slider,Undefined,Undefined,LineDrive,Undefined,0,0,,50.05582,-1.214576,3.617533,1438.227079,105.76378,9:30,5.90939,-1.08883,26.12663,-39.31793,3.30705,-7.23721,1.93264,0.39206,46.9945,-12.734222,1.516956,0.469898,95.85021,23.755454,-23.252888,3230.772665,98.53113,40.39303,-48.90347,279.69116,275.88706,-30.293097,3.701081,10.86642,5.61536,2.17767,50,5.62207,-5.83919,-75.8545,4.43161,6.06804,12.86573,-29.03832,FOR_RAM,,FordhamUniversity,,,20260928-FordhamUniversity-BP-1,a5952ae0-bb6a-11f1-93a8-090a75922668,80.21409,47.7298,,3.06132,,,,0.9926,1.6758,-0.10917,3737a129-c7b8-45bf-aff7-ddc2ce9649b7,2026-09-28,18:30:38.68,2026-09-28T14:30:38.6820000-04:00,2026-09-28T18:30:38.6820000Z,LineDrive,v3,471298,,,,,Undefined,FOR_RAM,be3450df-7ce0-4e0d-a8a0-dc64c3384f77,34.37641,-73.15659,6.43286,5.91292,-1.65764,-14.51916,1.08663,-4.56674,3.03402,,0.99434,118.16559,-27.0294,6.22972,-0.85323,-0.15693,0.11209,-0.02416,0.00194,1.67535,56.64463,-19.6052,1.58087,-0.29078,0.13909,-0.05528,0.01239,-0.00115,-0.10691,-50.86857,1.76645,0.92248,0.33991,-0.52699,0.22907,-0.04632,0.0037,,,,,,,,,,,,,,,,,,,,,,,High,High,High,Medium,Medium,,,
101,2026-09-28,14:30:42.58,,,,,Undefined,FOR_RAM,"Palmer, Owen",10100501,Left,FOR_RAM,Undefined,1,Bottom,0,0,0,Undefined,Slider,Undefined,Undefined,LineDrive,Undefined,0,0,,49.2212,-0.885579,3.778059,1139.588114,128.764985,10:15,5.82146,-1.18519,26.50268,-37.44215,4.47922,-4.48547,2.19647,0.59291,47.37977,-11.90062,2.463687,0.466004,100.7952,8.647078,5.617567,,,,,131.84582,131.84582,6.672042,1.028275,7.13122,6.83414,2.31658,50,5.39808,-5.59442,-73.89908,5.0534,3.9437,8.80181,-28.39464,FOR_RAM,,FordhamUniversity,,,20260928-FordhamUniversity-BP-1,a7d752b0-bb6a-11f1-93a8-090a75922668,80.88445,7.0525,,1.84144,,,,1.27217,2.18432,-0.58735,3737a129-c7b8-45bf-aff7-ddc2ce9649b7,2026-09-28,18:30:42.58,2026-09-28T14:30:42.5820000-04:00,2026-09-28T18:30:42.5820000Z,LineDrive,v3,471298,,,,,Undefined,FOR_RAM,cc16db06-1cac-465d-9893-1247f0107fb2,34.00175,-71.96837,4.40091,5.82345,-1.17506,-14.19732,1.18431,-4.72935,1.97185,334.681277,1.27217,145.45043,-23.04402,5.17297,-1.28465,0.32585,-0.08291,0.01748,-0.0021,2.18432,22.22631,-26.97121,4.03387,-1.02638,0.26435,-0.06637,0.01424,-0.00174,-0.58735,14.30657,1.43985,-0.38018,0.09682,-0.02469,0.00626,-0.00133,0.00016,,,,,,,,,,,,,,,,,,,,,,,High,High,High,High,High,,,
102,2026-09-28,14:30:46.54,,,,,Undefined,FOR_RAM,"Palmer, Owen",10100501,Left,FOR_RAM,Undefined,1,Bottom,0,0,0,Undefined,Slider,Undefined,Undefined,LineDrive,Undefined,0,0,,49.29027,-0.255384,4.740494,1096.698597,108.303518,9:30,5.49139,-1.31414,26.34321,-38.9536,3.36634,-7.46359,2.0988,0.77944,47.33148,-11.671427,2.56671,0.468213,99.06083,8.907031,3.796978,4216.563966,109.89365,7.52262,4.83253,159.17997,159.17997,2.278062,1.318176,11.36591,5.07079,2.74911,50,4.8851,-7.29862,-73.9212,5.99017,6.28625,8.84744,-29.36951,FOR_RAM,,FordhamUniversity,,,20260928-FordhamUniversity-BP-1,aa2a1c50-bb6a-11f1-93a8-090a75922668,80.50269,8.68978,,1.95879,,,,1.37746,2.13006,-0.76625,3737a129-c7b8-45bf-aff7-ddc2ce9649b7,2026-09-28,18:30:46.54,2026-09-28T14:30:46.5420000-04:00,2026-09-28T18:30:46.5420000Z,LineDrive,v3,471298,,,,,Undefined,FOR_RAM,c40d3894-94d2-4671-a2a6-d4050496bcd5,34.1617,-72.0006,4.42372,5.49345,-0.38534,-14.68475,1.31285,-5.93401,3.14312,75.69243,1.37744,143.22368,-23.55843,5.34668,-0.56285,-0.7236,0.742,-0.32876,0.05824,2.13008,22.49221,-20.37573,2.41942,-1.64837,1.82233,-1.38736,0.57916,-0.10068,-0.76626,9.50686,-4.31255,0.99795,0.33659,-0.84678,0.71366,-0.30476,0.05338,,,,,,,,,,,,,,,,,,,,,,,High,High,High,High,Medium,,,
103,2026-09-28,14:30:55.59,,,,,Undefined,FOR_RAM,"Ford, Tim",1000142266,Right,FOR_RAM,Undefined,1,Bottom,0,0,0,Undefined,Slider,Undefined,Undefined,FlyBall,Undefined,0,0,,50.93692,-0.627338,1.701159,1023.059381,105.229568,9:30,5.89727,-1.2713,26.81723,-35.55758,2.43673,-6.40323,2.58061,-0.84642,49.26546,-11.19455,-0.198931,0.44364,84.84151,32.790864,37.153362,2755.645633,80.85572,59.35844,74.58114,297.50399,180.2238,50.727908,4.501436,9.25626,4.04032,1.87012,50,5.39681,-3.37692,-76.47009,5.5409,5.53729,8.52245,-29.75705,FOR_RAM,,FordhamUniversity,,,20260928-FordhamUniversity-BP-1,af90dcb0-bb6a-11f1-93a8-090a75922668,84.96178,69.82446,,1.67146,,,,0.35217,2.42888,1.03465,3737a129-c7b8-45bf-aff7-ddc2ce9649b7,2026-09-28,18:30:55.59,2026-09-28T14:30:55.5960000-04:00,2026-09-28T18:30:55.5960000Z,FlyBall,v3,471298,,,,,Undefined,FOR_RAM,f60bf57d-4596-45d8-afd3-a4ca6a4d11ac,33.68773,-74.62997,4.26123,5.89955,-0.88406,-14.87853,1.27007,-2.18135,2.76865,,0.35303,83.35752,-19.85953,4.62105,-0.91563,0.1835,-0.04223,0.00697,-0.00047,2.42994,67.35987,-18.69611,0.9469,0.14617,-0.16472,0.05704,-0.00874,0.0005,1.03492,63.17066,-3.84412,0.19792,0.04828,-0.01625,0.00143,0.00029,-5E-05,,,,,,,,,,,,,,,,,,,,,,,High,High,High,Medium,Low,,,
104,2026-09-28,14:30:59.90,,,,,Undefined,FOR_RAM,"Ford, Tim",1000142266,Right,FOR_RAM,Undefined,1,Bottom,0,0,0,Undefined,Slider,Undefined,Undefined,LineDrive,Undefined,0,0,,51.16863,-1.724335,1.829862,1095.248039,134.66424,10:30,5.97383,-1.14553,26.5001,-33.19545,5.49343,-4.74422,2.22595,-0.49971,49.21579,-11.501306,0.435537,0.447677,94.48272,9.495203,-12.702747,780.750589,,,,134.09322,129.76358,-14.769964,1.13026,6.91559,8.4526,1.73519,50,5.86101,-3.23936,-76.90179,3.40048,4.14448,9.46884,-27.10845,FOR_RAM,,FordhamUniversity,,,20260928-FordhamUniversity-BP-1,b2280250-bb6a-11f1-93a8-090a75922668,84.19567,7.5955,,1.95285,,,,1.26456,2.02643,0.53593,3737a129-c7b8-45bf-aff7-ddc2ce9649b7,2026-09-28,18:30:59.90,2026-09-28T14:30:59.9080000-04:00,2026-09-28T18:30:59.9080000Z,LineDrive,v3,471298,,,,,Undefined,FOR_RAM,e8611a24-340d-4da4-ae52-2d2b6808208d,34.00392,-74.90632,4.73442,5.97567,-2.31238,-13.55423,1.14455,-2.36595,2.07224,47.678115,1.26456,133.3306,-19.63354,2.38259,-0.47799,0.07732,-0.0126,0.00225,-0.00022,2.02643,22.85994,-25.03455,3.52031,-0.76015,0.18442,-0.03828,0.00701,-0.00079,0.53593,-30.05407,-1.70139,1.26059,-0.32462,0.08964,-0.02058,0.00395,-0.00046,,,,,,,,,,,,,,,,,,,,,,,High,High,High,High,High,,,
105,2026-09-28,14:31:04.28,,,,,Undefined,FOR_RAM,"Ford, Tim",1000142266,Right,FOR_RAM,Undefined,1,Bottom,0,0,0,Undefined,Slider,Undefined,Undefined,LineDrive,Undefined,0,0,,50.64818,-0.377858,2.340722,1070.748752,139.614485,10:45,5.91735,-1.29051,26.15325,-36.33333,4.13603,-2.77417,2.67218,-0.17538,48.47436,-11.00369,1.535021,0.457862,99.54269,23.461935,-15.349451,1385.165971,106.28121,45.84364,-28.35927,335.32028,334.98903,-15.432201,4.434846,4.33488,6.17985,1.97222,50,5.4173,-3.54151,-76.17042,5.3865,2.53642,9.71139,-28.55809,FOR_RAM,,FordhamUniversity,,,20260928-FordhamUniversity-BP-1,b4c51b60-bb6a-11f1-93a8-090a75922668,82.32271,63.20319,,2.17382,,,,1.04766,2.59996,0.16552,3737a129-c7b8-45bf-aff7-ddc2ce9649b7,2026-09-28,18:31:04.28,2026-09-28T14:31:04.2890000-04:00,2026-09-28T18:31:04.2890000Z,FlyBall,v3,471298,,,,,Undefined,FOR_RAM,c56793b2-1658-4d43-886c-9c2faebc8539,34.35058,-74.14835,4.8557,5.91981,-0.55977,-14.27905,1.2898,-3.01339,1.26821,182.832652,1.04746,129.15156,-27.3846,6.63754,-1.48425,0.30361,-0.0483,0.00474,-0.0002,2.60076,58.10921,-14.25808,-0.18565,0.32317,-0.11014,0.01857,-0.00122,0,0.16567,-35.454,8.22818,-2.28134,0.56504,-0.12498,0.02081,-0.00213,0.0001,,,,,,,,,,,,,,,,,,,,,,,High,High,High,Medium,High,,,
106,2026-09-28,14:31:09.21,,,,,Undefined,FOR_RAM,"Ford, Tim",1000142266,Right,FOR_RAM,Undefined,1,Bottom,0,0,0,Undefined,Slider,Undefined,Undefined,FlyBall,Undefined,0,0,,51.4528,-2.184297,2.001241,1263.052101,129.865098,10:15,5.79577,-1.31183,26.61589,-32.85636,5.05646,-5.14843,1.81839,-0.60615,49.67064,-11.868185,0.482494,0.443164,72.90723,46.257106,26.354192,,92.91991,80.88632,58.87171,222.16284,187.94563,39.819179,4.793219,7.54059,8.00859,1.96272,50,5.80741,-3.56957,-77.23822,2.83855,4.57791,9.17228,-27.31203,FOR_RAM,,FordhamUniversity,,,20260928-FordhamUniversity-BP-1,b7b07b80-bb6a-11f1-93a8-090a75922668,85.05301,83.21056,,1.78216,,,,1.05473,1.83593,0.63336,3737a129-c7b8-45bf-aff7-ddc2ce9649b7,2026-09-28,18:31:09.21,2026-09-28T14:31:09.2160000-04:00,2026-09-28T18:31:09.2160000Z,FlyBall,v3,471298,,,,,Undefined,FOR_RAM,5f53846c-831d-4c2e-b697-278c81b6484b,33.88833,-75.30061,4.58614,5.79764,-2.93103,-13.65601,1.3108,-2.6025,2.28896,209.680571,1.05699,66.2008,-12.21787,2.10741,-0.18267,-0.04418,0.01603,-0.00177,6E-05,1.83556,77.25636,-21.71481,2.24573,-0.41874,0.04022,0.00606,-0.00194,0.00014,0.63376,32.81255,-1.06781,0.15313,-0.00421,-0.00516,0.00038,0.0001,-1E-05,,,,,,,,,,,,,,,,,,,,,,,High,High,High,High,Low,,,
107,2026-09-28,14:31:14.15,,,,,Undefined,FOR_RAM,"Ford, Tim",1000142266,Right,FOR_RAM,Undefined,1,Bottom,0,0,0,Undefined,Slider,Undefined,Undefined,FlyBall,Undefined,0,0,,50.82615,-1.882585,3.080269,1197.784596,123.050997,10:00,5.46221,-1.60714,26.59361,-34.19065,5.06532,-6.42642,1.54333,-0.39398,48.68994,-11.981436,1.18703,0.450946,87.28712,31.684435,-5.145339,2388.942595,109.85201,60.75147,-5.70303,270.50501,269.61858,1.610778,4.725157,9.65146,8.00922,2.5804,50,5.3742,-5.17307,-76.48809,3.35183,5.67369,10.11201,-27.46575,FOR_RAM,,FordhamUniversity,,,20260928-FordhamUniversity-BP-1,bab3d070-bb6a-11f1-93a8-090a75922668,83.58535,73.95795,,2.13622,,,,1.41073,1.69379,0.40261,3737a129-c7b8-45bf-aff7-ddc2ce9649b7,2026-09-28,18:31:14.15,2026-09-28T14:31:14.1500000-04:00,2026-09-28T18:31:14.1500000Z,FlyBall,v3,471298,,,,,Undefined,FOR_RAM,17fd8890-100f-48e6-9a57-74f96b08f4be,33.91053,-74.33057,5.05601,5.46419,-2.50831,-13.73287,1.60581,-3.96252,2.83685,192.603998,1.41007,108.51634,-23.92293,5.80944,-1.39552,0.32742,-0.06068,0.00682,-0.00033,1.69561,67.19683,-17.43743,0.80935,0.20161,-0.15973,0.04273,-0.00527,0.00025,0.40281,-9.77479,5.11691,-1.25403,0.31891,-0.07821,0.01478,-0.00167,8E-05,,,,,,,,,,,,,,,,,,,,,,,High,High,High,Medium,Medium,,,
108,2026-09-28,14:31:25.35,,,,,Undefined,FOR_RAM,"Grabau, Anthony",1000407420,Left,FOR_RAM,Undefined,1,Bottom,0,0,0,Undefined,Slider,Undefined,Undefined,GroundBall,Undefined,0,0,,48.90843,-0.701555,3.569895,1085.795419,113.332922,9:45,5.89424,-1.16616,26.39957,-39.4036,3.1861,-5.41772,2.20954,0.4218,47.251,-12.238908,1.985603,0.469703,,,,,,,,,,,,8.17087,5.19902,2.24415,50,5.40317,-5.40981,-73.3389,5.4712,4.47352,8.24718,-29.32761,FOR_RAM,,FordhamUniversity,,,20260928-FordhamUniversity-BP-1,c15ad900-bb6a-11f1-93a8-090a75922668,80.24732,,,1.65742,,,,,,,3737a129-c7b8-45bf-aff7-ddc2ce9649b7,2026-09-28,18:31:25.35,2026-09-28T14:31:25.3520000-04:00,2026-09-28T18:31:25.3520000Z,,v3,471298,,,,,Undefined,FOR_RAM,20a1ffd1-d4b5-46ef-8de3-4d7772190ae8,34.1045,-71.52907,4.12359,5.89764,-0.96469,-14.66381,1.1647,-4.4281,2.23676,,,,,,,,,,,,,,,,,,,,,,,,,,,,,,,,,,,,,,,,,,,,,,,,,,,High,High,High,,,,,
109,2026-09-28,14:31:29.27,,,,,Undefined,FOR_RAM,"Grabau, Anthony",1000407420,Left,FOR_RAM,Undefined,1,Bottom,0,0,0,Undefined,Slider,Undefined,Undefined,GroundBall,Undefined,0,0,,50.30667,-1.136368,3.981592,1091.219585,133.259009,10:30,5.85594,-1.17417,26.5762,-35.93596,3.89685,-3.31024,2.21478,0.81304,48.56904,-11.714523,3.009869,0.454247,,,,,,,,,,,,5.56166,6.07548,2.34963,50,5.51834,-5.79758,-75.41342,4.66474,3.22102,8.68507,-28.65547,FOR_RAM,,FordhamUniversity,,,20260928-FordhamUniversity-BP-1,c3ec0b30-bb6a-11f1-93a8-090a75922668,82.97786,,,1.73763,,,,,,,3737a129-c7b8-45bf-aff7-ddc2ce9649b7,2026-09-28,18:31:29.27,2026-09-28T14:31:29.2740000-04:00,2026-09-28T18:31:29.2740000Z,,v3,471298,,,,,Undefined,FOR_RAM,c765afea-b534-4bae-a104-aa263c8046d6,33.92847,-73.53923,4.34253,5.85776,-1.51893,-14.32773,1.17354,-5.1025,1.61051,,,,,,,,,,,,,,,,,,,,,,,,,,,,,,,,,,,,,,,,,,,,,,,,,,,High,High,High,,,,,
110,2026-09-28,14:31:34.87,,,,,Undefined,FOR_RAM,"Grabau, Anthony",1000407420,Left,FOR_RAM,Undefined,1,Bottom,0,0,0,Undefined,Slider,Undefined,Undefined,LineDrive,Undefined,0,0,,50.435,0.351279,3.186687,1099.764992,128.813397,10:15,5.84276,-1.2645,26.27836,-35.99911,4.30894,-4.36614,3.04432,0.19844,48.42224,-10.218175,1.916496,0.456949,,,,,,,,,,,,6.65965,6.18863,2.21213,50,5.12515,-4.9028,-75.64279,6.42461,3.87983,8.75074,-28.56863,FOR_RAM,,FordhamUniversity,,,20260928-FordhamUniversity-BP-1,c6fdb800-bb6a-11f1-93a8-090a75922668,82.48727,,,2.01276,,,,,,,3737a129-c7b8-45bf-aff7-ddc2ce9649b7,2026-09-28,18:31:34.87,2026-09-28T14:31:34.8740000-04:00,2026-09-28T18:31:34.8740000Z,,v3,471298,,,,,Undefined,FOR_RAM,32757bc6-df36-40fb-bb2b-877926b5e926,34.22592,-73.7954,4.37537,5.84483,0.39344,-14.28431,1.26355,-4.08372,1.93991,,,,,,,,,,,,,,,,,,,,,,,,,,,,,,,,,,,,,,,,,,,,,,,,,,,High,High,High,,,,,
111,2026-09-28,14:31:39.45,,,,,Undefined,FOR_RAM,"Grabau, Anthony",1000407420,Left,FOR_RAM,Undefined,1,Bottom,0,0,0,Undefined,Slider,Undefined,Undefined,Undefined,Undefined,0,0,,50.09945,-0.687406,5.213508,1127.531871,123.757571,10:15,5.48379,-1.4374,26.5478,-34.86155,5.52063,-7.02315,2.1866,0.94661,48.15411,-10.970772,3.16063,0.457369,,,,,,,,,,,,10.78693,8.37083,3.01514,50,5.04971,-7.95769,-74.94268,4.98321,6.17304,8.52752,-27.38368,FOR_RAM,,FordhamUniversity,,,20260928-FordhamUniversity-BP-1,c9c75f50-bb6a-11f1-93a8-090a75922668,82.41153,,,1.94535,,,,,,,3737a129-c7b8-45bf-aff7-ddc2ce9649b7,2026-09-28,18:31:39.45,2026-09-28T14:31:39.4530000-04:00,2026-09-28T18:31:39.4530000Z,,v3,471298,,,,,Undefined,FOR_RAM,3c62db40-cb6a-44ee-b768-2b02695e3fc5,33.95562,-73.09424,4.26376,5.48657,-0.95253,-13.69184,1.43524,-6.61961,3.08652,,,,,,,,,,,,,,,,,,,,,,,,,,,,,,,,,,,,,,,,,,,,,,,,,,,High,High,High,,,,,
112,2026-09-28,14:31:47.82,,,,,Undefined,FOR_RAM,"Grabau, Anthony",1000407420,Left,FOR_RAM,Undefined,1,Bottom,0,0,0,Undefined,Slider,Undefined,Undefined,Undefined,Undefined,0,0,,50.9872,-0.431558,2.626978,1061.623853,134.52355,10:30,5.85743,-1.31412,26.30343,-34.34884,5.36996,-4.5341,2.74782,-0.18768,48.55575,-10.551934,1.305222,0.453596,,,,,,,,,,,,6.81445,7.9052,2.10875,50,5.39163,-4.23325,-76.7779,5.11242,4.02885,10.35304,-27.50032,FOR_RAM,,FordhamUniversity,,,20260928-FordhamUniversity-BP-1,cec85900-bb6a-11f1-93a8-090a75922668,83.09688,,,2.43145,,,,,,,3737a129-c7b8-45bf-aff7-ddc2ce9649b7,2026-09-28,18:31:47.82,2026-09-28T14:31:47.8200000-04:00,2026-09-28T18:31:47.8200000Z,,v3,471298,,,,,Undefined,FOR_RAM,b94d805c-a060-45f6-9c68-f5fd33d17c10,34.20003,-74.61695,5.17652,5.85968,-0.62759,-13.75016,1.31292,-3.39233,2.01443,,,,,,,,,,,,,,,,,,,,,,,,,,,,,,,,,,,,,,,,,,,,,,,,,,,High,High,High,,,,,
113,2026-09-28,14:31:52.79,,,,,Undefined,FOR_RAM,"Grabau, Anthony",1000407420,Left,FOR_RAM,Undefined,1,Bottom,0,0,0,Undefined,Slider,Undefined,Undefined,FlyBall,Undefined,0,0,,49.4783,-2.088317,3.062008,1342.166576,136.541816,10:30,6.15657,-1.08689,25.97499,-37.55325,5.44402,-4.25012,1.8179,0.33034,47.61944,-12.930892,1.833096,0.471946,81.37712,40.737427,-36.783599,4303.645459,79.30326,62.46409,-76.22983,167.80105,91.82489,-44.641795,3.796152,6.45933,8.34512,1.97762,50,6.11734,-4.60525,-74.30455,3.10078,3.59469,9.28464,-27.5299,FOR_RAM,,FordhamUniversity,,,20260928-FordhamUniversity-BP-1,d1b6ed70-bb6a-11f1-93a8-090a75922668,79.86606,62.63525,,1.85886,,,,1.02202,1.39115,-0.45807,3737a129-c7b8-45bf-aff7-ddc2ce9649b7,2026-09-28,18:31:52.79,2026-09-28T14:31:52.7930000-04:00,2026-09-28T18:31:52.7930000Z,FlyBall,v3,471298,,,,,Undefined,FOR_RAM,22c25b06-db66-4761-bff8-76a7837755db,34.52889,-72.34555,4.64232,6.1588,-2.70785,-13.76495,1.08596,-3.84679,1.79735,,1.02405,72.36953,-20.83941,4.62014,-0.52602,-0.16862,0.07806,-0.0103,0.00039,1.3919,77.86632,-30.23555,4.30568,-0.62935,-0.01192,0.02688,-0.00368,0.00011,-0.45801,-54.16101,2.68813,2.05245,-0.5145,-0.08396,0.10345,-0.02499,0.00196,,,,,,,,,,,,,,,,,,,,,,,High,High,High,Medium,Low,,,
114,2026-09-28,14:32:05.08,,,,,Undefined,FOR_RAM,"Chavez, Carson",1000156814,Right,FOR_RAM,Undefined,1,Bottom,0,0,0,Undefined,Slider,Undefined,Undefined,Undefined,Undefined,0,0,,51.14748,-1.045438,0.438908,1114.771658,112.861287,9:45,5.93813,-1.13481,25.83316,-35.32352,5.16957,-10.12839,2.38761,-1.72408,48.9378,-11.270772,-2.479106,0.457996,,,,,,,,,,,,12.97745,7.89453,1.38534,50,5.67864,-2.04149,-76.93739,4.07955,7.73491,10.04656,-27.46868,FOR_RAM,,FordhamUniversity,,,20260928-FordhamUniversity-BP-1,d91b2b80-bb6a-11f1-93a8-090a75922668,82.29858,,,2.20967,,,,,,,3737a129-c7b8-45bf-aff7-ddc2ce9649b7,2026-09-28,18:32:05.08,2026-09-28T14:32:05.0800000-04:00,2026-09-28T18:32:05.0800000Z,,v3,471298,,,,,Undefined,FOR_RAM,986e14ab-924b-4a64-ad11-4d105108fe3c,34.66924,-74.90874,5.02328,5.9424,-1.46706,-13.73434,1.1308,-0.47962,3.86745,,,,,,,,,,,,,,,,,,,,,,,,,,,,,,,,,,,,,,,,,,,,,,,,,,,High,High,High,,,,,
115,2026-09-28,14:32:08.64,,,,,Undefined,FOR_RAM,"Chavez, Carson",1000156814,Right,FOR_RAM,Undefined,1,Bottom,0,0,0,Undefined,Slider,Undefined,Undefined,FlyBall,Undefined,0,0,,50.59284,-3.828993,1.487241,1116.426531,136.958073,10:30,6.23756,-0.99767,26.26597,-35.18203,5.18792,-4.02563,1.10816,-0.48094,48.94641,-14.004911,0.309296,0.457299,74.88551,32.283845,26.829889,2343.815123,93.03154,49.4529,58.69517,261.78159,211.2247,39.080565,3.903292,5.78859,8.62638,1.47059,50,6.6948,-2.60706,-75.94288,0.69157,3.37233,9.51199,-27.14849,FOR_RAM,,FordhamUniversity,,,20260928-FordhamUniversity-BP-1,db21d0f0-bb6a-11f1-93a8-090a75922668,82.424,52.78633,,1.64643,,,,1.33005,1.09971,0.58254,3737a129-c7b8-45bf-aff7-ddc2ce9649b7,2026-09-28,18:32:08.64,2026-09-28T14:32:08.6410000-04:00,2026-09-28T18:32:08.6410000Z,FlyBall,v3,471298,,,,,Undefined,FOR_RAM,802daf74-8092-4f8f-b0a0-84aae781d0a2,34.23794,-73.9423,4.75599,6.23979,-5.01835,-13.57425,0.99685,-1.89779,1.68616,,1.33062,82.84068,-14.69154,3.02043,-0.48908,0.06662,-0.02092,0.00559,-0.00051,1.0998,58.66016,-18.32739,1.1108,-0.05564,-0.07178,0.0389,-0.00754,0.00051,0.58251,41.91272,1.40017,-0.81993,0.17383,-0.01145,-0.00221,0.00073,-7E-05,,,,,,,,,,,,,,,,,,,,,,,High,High,High,Medium,Medium,,,
116,2026-09-28,14:32:15.70,,,,,Undefined,FOR_RAM,"Chavez, Carson",1000156814,Right,FOR_RAM,Undefined,1,Bottom,0,0,0,Undefined,Slider,Undefined,Undefined,LineDrive,Undefined,0,0,,50.89433,-1.130187,1.360622,1098.104867,125.881104,10:15,5.64878,-1.35981,26.72036,-35.23947,3.46914,-3.62855,2.07339,-0.89336,48.77123,-11.596179,0.286544,0.447791,83.67802,10.858844,-9.754436,1004.2081,,,,127.44477,123.3969,-11.438883,1.194402,5.37382,5.6178,1.80725,50,5.31742,-2.43119,-76.7242,4.64813,3.17949,10.14953,-28.85022,FOR_RAM,,FordhamUniversity,,,20260928-FordhamUniversity-BP-1,df6260d0-bb6a-11f1-93a8-090a75922668,84.17421,8.53315,,2.1231,,,,1.61357,2.68072,0.607,3737a129-c7b8-45bf-aff7-ddc2ce9649b7,2026-09-28,18:32:15.70,2026-09-28T14:32:15.7060000-04:00,2026-09-28T18:32:15.7060000Z,LineDrive,v3,471298,,,,,Undefined,FOR_RAM,a5a46d46-36a5-4cd1-82fd-24be7498e38a,33.78399,-74.54819,5.07477,5.6509,-1.53721,-14.42511,1.35908,-1.74953,1.58975,39.45274,1.71679,117.5893,-12.15656,,,,,,,2.84613,21.20759,-19.8541,,,,,,,0.64718,-20.89132,-0.70408,,,,,,,,,,,,,,,,,,,,,,,,,,,,,High,High,High,Medium,Medium,,,
117,2026-09-28,14:32:19.53,,,,,Undefined,FOR_RAM,"Chavez, Carson",1000156814,Right,FOR_RAM,Undefined,1,Bottom,0,0,0,Undefined,Slider,Undefined,Undefined,LineDrive,Undefined,0,0,,51.3081,-1.769134,1.847618,1152.684081,139.741408,10:45,6.03644,-1.21218,26.41584,-32.9099,6.00843,-4.33638,2.28423,-0.51954,49.04675,-11.461428,0.576684,0.449002,95.64446,23.449862,2.945892,1632.803693,109.08699,41.17586,14.14251,304.57148,275.3565,15.107658,3.850563,6.36866,9.18898,1.79466,50,5.95353,-3.19215,-77.27058,3.19098,3.81683,10.41407,-26.66695,FOR_RAM,,FordhamUniversity,,,20260928-FordhamUniversity-BP-1,e1a488a0-bb6a-11f1-93a8-090a75922668,83.94712,50.51744,,2.26136,,,,1.44571,2.33309,0.53682,3737a129-c7b8-45bf-aff7-ddc2ce9649b7,2026-09-28,18:32:19.53,2026-09-28T14:32:19.5310000-04:00,2026-09-28T18:32:19.5310000Z,LineDrive,v3,471298,,,,,Undefined,FOR_RAM,14b5a5a3-93bf-480f-9a97-698223827183,34.08776,-75.0954,5.20703,6.03834,-2.37891,-13.33347,1.21117,-2.39493,1.90842,231.592674,1.44503,128.54161,-24.25914,5.11296,-1.08605,0.22509,-0.0439,0.00572,-0.00031,2.33377,55.80325,-17.54617,0.7783,0.06399,-0.05661,0.01671,-0.00208,8E-05,0.53741,6.59586,10.11463,-3.72427,0.93326,-0.1569,0.01632,-0.00071,-1E-05,,,,,,,,,,,,,,,,,,,,,,,High,High,High,High,Medium,,,
118,2026-09-28,14:32:23.21,,,,,Undefined,FOR_RAM,"Chavez, Carson",1000156814,Right,FOR_RAM,Undefined,1,Bottom,0,0,0,Undefined,Slider,Undefined,Undefined,LineDrive,Undefined,0,0,,51.44991,-0.964305,1.868459,1083.361077,110.339727,9:45,6.00605,-1.24719,26.53972,-35.52927,2.76063,-5.21642,2.49711,-0.62004,49.2956,-11.459735,0.333403,0.445363,92.82195,14.713372,-0.481432,7332.698919,109.90021,19.57864,4.67779,229.98751,229.98751,5.029976,2.238277,7.59516,4.58595,1.85609,50,5.64304,-3.38907,-77.49311,4.82636,4.59173,10.20853,-29.40158,FOR_RAM,,FordhamUniversity,,,20260928-FordhamUniversity-BP-1,e3cf09c0-bb6a-11f1-93a8-090a75922668,84.63316,19.78384,,2.15431,,,,1.25152,2.4832,0.62905,3737a129-c7b8-45bf-aff7-ddc2ce9649b7,2026-09-28,18:32:23.21,2026-09-28T14:32:23.2170000-04:00,2026-09-28T18:32:23.2170000Z,LineDrive,v3,471298,,,,,Undefined,FOR_RAM,903b3ecb-e1f1-4158-8d98-8c7715db03a6,33.96468,-75.35109,5.10427,6.00851,-1.34284,-14.70079,1.24606,-2.4256,2.29587,256.91642,1.25153,131.66984,-16.74796,2.25447,-0.4558,0.09267,-0.02037,0.00145,0.00024,2.48319,34.57784,-18.75396,1.73842,-0.37683,0.1374,-0.05045,0.01258,-0.00139,0.62907,-1.10888,7.73819,-2.51009,0.953,-0.50371,0.22118,-0.05562,0.00574,,,,,,,,,,,,,,,,,,,,,,,High,High,High,High,High,,,
119,2026-09-28,14:32:27.17,,,,,Undefined,FOR_RAM,"Chavez, Carson",1000156814,Right,FOR_RAM,Undefined,1,Bottom,0,0,0,Undefined,Slider,Undefined,Undefined,LineDrive,Undefined,0,0,,52.03236,-1.357042,2.913979,1197.215035,120.094799,10:00,5.67423,-1.39484,26.73795,-32.1699,4.62366,-6.71843,2.22602,-0.30792,50.07344,-10.908137,0.927898,0.436574,90.63529,20.363634,-11.781183,2151.369978,107.84552,33.95837,-21.66391,295.76511,291.7921,-13.164406,3.554987,10.00528,7.18622,2.33928,50,5.45322,-5.14697,-78.11373,3.97415,6.21317,9.37377,-27.71147,FOR_RAM,,FordhamUniversity,,,20260928-FordhamUniversity-BP-1,e62ccfe0-bb6a-11f1-93a8-090a75922668,86.33698,39.60041,,1.95892,,,,1.86082,2.33877,0.34615,3737a129-c7b8-45bf-aff7-ddc2ce9649b7,2026-09-28,18:32:27.17,2026-09-28T14:32:27.1740000-04:00,2026-09-28T18:32:27.1740000Z,LineDrive,v3,471298,,,,,Undefined,FOR_RAM,46e79378-ee3d-4483-9aa9-b411c67dff88,33.76667,-76.14078,4.68689,5.67588,-1.85841,-13.85574,1.3936,-3.83926,3.10658,183.525928,1.86056,122.00487,-19.62817,3.88784,-0.82644,0.19762,-0.04932,0.00819,-0.00053,2.33894,46.25442,-15.2796,0.58218,-0.00579,-0.01205,0.00703,-0.00087,0,0.34592,-25.4333,4.87828,-1.6098,0.21251,0.04855,-0.02779,0.00534,-0.00041,,,,,,,,,,,,,,,,,,,,,,,High,High,High,High,Medium,,,
120,2026-09-28,14:32:36.23,,,,,Undefined,FOR_RAM,"Maryott, Gavin",1000410374,Right,FOR_RAM,Undefined,1,Bottom,0,0,0,Undefined,Slider,Undefined,Undefined,GroundBall,Undefined,0,0,,51.63844,-0.819839,1.726202,1034.732393,130.730537,10:15,5.76005,-1.29131,26.38932,-33.81069,4.30311,-4.12607,2.47434,-0.64966,49.68836,-10.762143,0.518463,0.444337,,,,,,,,,,,,5.99646,6.51461,1.83729,50,5.39244,-3.01714,-77.54589,4.70478,3.67048,9.22123,-28.18641,FOR_RAM,,FordhamUniversity,,,20260928-FordhamUniversity-BP-1,eb9739c0-bb6a-11f1-93a8-090a75922668,84.82848,,,1.95008,,,,,,,3737a129-c7b8-45bf-aff7-ddc2ce9649b7,2026-09-28,18:32:36.23,2026-09-28T14:32:36.2310000-04:00,2026-09-28T18:32:36.2310000Z,,v3,471298,,,,,Undefined,FOR_RAM,2ae1909d-a2ee-4fc5-941b-f3dccad11748,34.11497,-75.63337,4.61062,5.76199,-1.1412,-14.09321,1.29047,-2.25587,1.83524,,,,,,,,,,,,,,,,,,,,,,,,,,,,,,,,,,,,,,,,,,,,,,,,,,,High,High,High,,,,,
121,2026-09-28,14:32:39.94,,,,,Undefined,FOR_RAM,"Maryott, Gavin",1000410374,Right,FOR_RAM,Undefined,1,Bottom,0,0,0,Undefined,Slider,Undefined,Undefined,FlyBall,Undefined,0,0,,51.05978,-1.466371,1.770718,1173.00472,126.464579,10:15,5.80711,-1.38975,26.2031,-34.89474,5.15626,-5.63709,2.05697,-0.84283,48.54027,-11.696177,0.1287,0.455489,76.9131,40.721663,21.323837,,97.11324,76.44526,51.66221,223.94627,132.79579,32.91437,4.78911,8.01201,7.94725,1.95936,50,5.63216,-3.24978,-77.06192,3.69952,4.72948,11.2161,-27.48279,FOR_RAM,,FordhamUniversity,,,20260928-FordhamUniversity-BP-1,edc78740-bb6a-11f1-93a8-090a75922668,82.75155,79.64048,,2.5195,,,,1.504,2.08178,0.82081,3737a129-c7b8-45bf-aff7-ddc2ce9649b7,2026-09-28,18:32:39.94,2026-09-28T14:32:39.9420000-04:00,2026-09-28T18:32:39.9420000Z,FlyBall,v3,471298,,,,,Undefined,FOR_RAM,0422097d-21e3-4fcf-885c-da07001d297d,34.30034,-74.74197,5.60805,5.80947,-1.98506,-13.74139,1.38834,-2.27153,2.36474,204.667794,1.5083,79.53815,-21.43049,5.14622,-0.53095,-0.15443,0.07043,-0.01044,0.00055,2.07849,73.65722,-19.64661,1.1796,-0.08543,-0.0275,0.02127,-0.00457,0.00032,0.82034,31.10064,-0.8319,-0.49171,0.18305,-0.02728,0.00064,0.00027,-2E-05,,,,,,,,,,,,,,,,,,,,,,,High,High,High,High,Medium,,,
122,2026-09-28,14:32:43.96,,,,,Undefined,FOR_RAM,"Maryott, Gavin",1000410374,Right,FOR_RAM,Undefined,1,Bottom,0,0,0,Undefined,Slider,Undefined,Undefined,LineDrive,Undefined,0,0,,50.65271,-1.100726,2.276763,1073.172311,134.95624,10:30,5.9141,-1.28372,26.45433,-34.45718,4.84882,-4.13229,2.41513,-0.33056,49.0296,-11.219986,1.065183,0.451233,100.11802,14.021058,0.803632,1182.512307,109.69873,22.39705,8.13306,260.41688,260.41688,9.974121,2.622046,6.14587,7.31453,1.98742,50,5.60087,-3.6999,-75.90228,4.44218,3.63093,8.1839,-27.85266,FOR_RAM,,FordhamUniversity,,,20260928-FordhamUniversity-BP-1,f03aaa20-bb6a-11f1-93a8-090a75922668,83.5321,24.14054,,1.62311,,,,1.74221,2.47942,0.33665,3737a129-c7b8-45bf-aff7-ddc2ce9649b7,2026-09-28,18:32:43.96,2026-09-28T14:32:43.9650000-04:00,2026-09-28T18:32:43.9650000Z,LineDrive,v3,471298,,,,,Undefined,FOR_RAM,6fde5572-29d6-4459-ab19-131242a36bb9,34.05012,-74.1626,4.09195,5.91586,-1.47855,-13.92633,1.28296,-2.92806,1.81547,232.921259,1.74221,142.45048,-28.60527,7.01762,-1.68742,0.40409,-0.08504,0.01261,-0.00092,2.47949,35.57238,-15.30777,0.51372,0.1859,-0.19611,0.09231,-0.02257,0.00223,0.33666,1.99786,9.26404,-2.24515,0.58569,-0.1558,0.03763,-0.00638,0.00051,,,,,,,,,,,,,,,,,,,,,,,High,High,High,Medium,High,,,
123,2026-09-28,14:32:52.20,,,,,Undefined,FOR_RAM,"Maryott, Gavin",1000410374,Right,FOR_RAM,Undefined,1,Bottom,0,0,0,Undefined,Slider,Undefined,Undefined,LineDrive,Undefined,0,0,,50.66198,-2.388956,2.627858,1285.409396,129.291382,10:15,5.95381,-1.28984,26.41041,-34.21336,5.46012,-5.68488,1.7379,-0.2637,48.9512,-12.392428,0.961952,0.453338,93.8152,11.972259,-8.411214,5968.841899,108.86138,10.89183,-15.78263,171.13326,171.13326,-8.433858,1.541684,8.36504,8.51634,2.11379,50,6.0129,-4.41319,-75.99568,2.60902,4.91312,8.93681,-27.17207,FOR_RAM,,FordhamUniversity,,,20260928-FordhamUniversity-BP-1,f516b6b0-bb6a-11f1-93a8-090a75922668,83.14432,11.59651,,1.71078,,,,1.61693,1.761,0.26765,3737a129-c7b8-45bf-aff7-ddc2ce9649b7,2026-09-28,18:32:52.20,2026-09-28T14:32:52.2090000-04:00,2026-09-28T18:32:52.2090000Z,LineDrive,v3,471298,,,,,Undefined,FOR_RAM,d8e83d02-1765-4f3d-829e-b455375dfea4,34.09392,-74.10157,4.46841,5.95558,-3.14993,-13.58603,1.28879,-3.37188,2.45656,6.780354,1.61693,133.15462,-20.25878,3.91522,-0.90637,0.20311,-0.04451,0.00769,-0.0007,1.761,28.54252,-22.33194,2.68727,-0.61681,0.14569,-0.03069,0.00533,-0.0005,0.26765,-19.68919,2.78461,-0.6026,0.13783,-0.03122,0.00678,-0.00118,0.00011,,,,,,,,,,,,,,,,,,,,,,,High,High,High,High,Medium,,,
124,2026-09-28,14:33:05.85,,,,,Undefined,FOR_RAM,"Palmer, Owen",10100501,Left,FOR_RAM,Undefined,1,Bottom,0,0,0,Undefined,Slider,Undefined,Undefined,LineDrive,Undefined,0,0,,49.70155,-0.302455,3.453728,1081.197381,137.005503,10:30,5.79333,-1.23873,26.18904,-37.50604,6.02504,-4.27162,2.49384,0.39092,45.97752,-11.419642,2.214004,0.474866,102.60646,15.835302,11.941091,1015.33886,107.91735,28.32724,21.30169,298.76393,298.76393,9.885968,3.281487,7.09099,8.89406,2.24294,50,5.28539,-5.16151,-75.60809,5.30656,3.86884,14.13369,-27.32144,FOR_RAM,,FordhamUniversity,,,20260928-FordhamUniversity-BP-1,fd3432a0-bb6a-11f1-93a8-090a75922668,79.37489,34.42827,,3.72403,,,,1.6558,2.61139,-0.34721,3737a129-c7b8-45bf-aff7-ddc2ce9649b7,2026-09-28,18:33:05.85,2026-09-28T14:33:05.8510000-04:00,2026-09-28T18:33:05.8510000Z,LineDrive,v3,471298,,,,,Undefined,FOR_RAM,c3abec80-bedb-4b91-90b2-522b760d71c3,34.31223,-72.61633,7.06685,5.79657,-0.47674,-13.66072,1.23704,-4.34258,1.93442,173.993434,1.65572,141.64975,-29.00714,7.10346,-1.82069,0.50184,-0.11696,0.01717,-0.00111,2.61172,41.04829,-13.63051,-0.1143,0.61605,-0.41232,0.14143,-0.02468,0.00175,-0.34716,29.95258,-7.19964,1.43227,-0.22926,0.00623,0.00917,-0.00232,0.00019,,,,,,,,,,,,,,,,,,,,,,,High,High,High,High,High,,,
125,2026-09-28,14:33:09.82,,,,,Undefined,FOR_RAM,"Palmer, Owen",10100501,Left,FOR_RAM,Undefined,1,Bottom,0,0,0,Undefined,Slider,Undefined,Undefined,LineDrive,Undefined,0,0,,50.15842,-0.284714,3.738633,1042.445707,127.786224,10:15,5.94021,-1.11124,26.24645,-36.1875,4.80969,-5.09965,2.76104,0.6099,48.1085,-10.88594,2.256526,0.460838,92.31915,18.974019,-29.090523,3274.479775,95.50962,29.42129,-54.5697,241.39289,232.16474,-31.390189,2.945188,7.81308,7.04355,2.21996,50,5.40143,-5.71359,-75.26074,5.533,4.48567,9.04914,-28.13017,FOR_RAM,,FordhamUniversity,,,20260928-FordhamUniversity-BP-1,ff9442b0-bb6a-11f1-93a8-090a75922668,81.79107,31.18295,,2.04991,,,,0.78783,2.38207,-0.07037,3737a129-c7b8-45bf-aff7-ddc2ce9649b7,2026-09-28,18:33:09.82,2026-09-28T14:33:09.8290000-04:00,2026-09-28T18:33:09.8290000Z,LineDrive,v3,471298,,,,,Undefined,FOR_RAM,ff901991-c78f-49c5-a2b1-bcc1165ba5e8,34.25767,-73.34351,4.52457,5.94234,-0.42692,-14.06509,1.11011,-4.76322,2.24283,,0.78786,111.89065,-23.87165,5.43831,-1.24097,0.26333,-0.04392,0.00451,-0.0002,2.38181,44.03439,-19.202,2.46962,-0.79785,0.29187,-0.08172,0.01271,-0.00077,-0.07043,-62.2512,11.2139,-2.55203,0.53486,-0.0882,0.00751,0.00016,-5E-05,,,,,,,,,,,,,,,,,,,,,,,High,High,High,Low,Medium,,,
126,2026-09-28,14:33:14.88,,,,,Undefined,FOR_RAM,"Palmer, Owen",10100501,Left,FOR_RAM,Undefined,1,Bottom,0,0,0,Undefined,Slider,Undefined,Undefined,LineDrive,Undefined,0,0,,50.00462,-0.082517,2.96049,1015.362752,139.734419,10:45,5.88722,-1.20253,26.40106,-35.59785,5.0937,-3.62878,2.8736,0.18561,48.06566,-10.564141,1.900184,0.459117,78.64115,25.532132,-20.778897,3735.883732,101.19889,38.52913,-43.1129,248.99262,247.13705,-28.798356,3.383484,5.6917,7.32949,2.08487,50,5.27839,-4.46673,-75.05406,5.8459,3.26082,8.71167,-27.97494,FOR_RAM,,FordhamUniversity,,,20260928-FordhamUniversity-BP-1,02965f20-bb6b-11f1-93a8-090a75922668,82.09765,41.07187,,1.93895,,,,4.09699,3.35227,-0.09463,3737a129-c7b8-45bf-aff7-ddc2ce9649b7,2026-09-28,18:33:14.88,2026-09-28T14:33:14.8810000-04:00,2026-09-28T18:33:14.8810000Z,LineDrive,v3,471298,,,,,Undefined,FOR_RAM,7f79d607-5cea-4e07-a8bc-ce6108321e81,34.10348,-73.18566,4.35583,5.88877,-0.1539,-13.98747,1.20188,-3.76738,1.63041,,4.09756,97.2885,-13.58722,1.70239,-0.12288,-0.09694,0.03624,-0.00477,0.0002,3.35208,49.719,-18.10396,1.4261,-0.28188,0.05508,0.00032,-0.00258,0.00032,-0.09476,-36.91831,-0.48338,0.51083,-0.1782,0.05829,-0.0116,0.00121,-3E-05,,,,,,,,,,,,,,,,,,,,,,,High,High,High,Medium,Medium,,,
127,2026-09-28,14:33:19.04,,,,,Undefined,FOR_RAM,"Palmer, Owen",10100501,Left,FOR_RAM,Undefined,1,Bottom,0,0,0,Undefined,Slider,Undefined,Undefined,Undefined,Undefined,0,0,,49.84923,-1.913154,4.967613,1146.757379,144.84409,10:45,5.8774,-1.03828,26.53865,-33.20734,8.14402,-5.01315,2.01872,1.37326,47.45814,-11.725186,3.50154,0.462824,,,,,,,,,,,,8.26213,12.38099,2.50994,50,5.82772,-7.28321,-74.89717,2.98211,4.62905,10.19843,-25.23731,FOR_RAM,,FordhamUniversity,,,20260928-FordhamUniversity-BP-1,051ac010-bb6b-11f1-93a8-090a75922668,81.44006,,,2.39109,,,,,,,3737a129-c7b8-45bf-aff7-ddc2ce9649b7,2026-09-28,18:33:19.04,2026-09-28T14:33:19.0460000-04:00,2026-09-28T18:33:19.0460000Z,,v3,471298,,,,,Undefined,FOR_RAM,ca88ed3e-70be-4866-806a-206e58fdd126,33.96328,-72.68072,5.09921,5.87981,-2.50278,-12.61866,1.03639,-6.27717,2.31453,,,,,,,,,,,,,,,,,,,,,,,,,,,,,,,,,,,,,,,,,,,,,,,,,,,High,High,High,,,,,
128,2026-09-28,14:33:23.10,,,,,Undefined,FOR_RAM,"Palmer, Owen",10100501,Left,FOR_RAM,Undefined,1,Bottom,0,0,0,Undefined,Slider,Undefined,Undefined,LineDrive,Undefined,0,0,,50.0334,-2.076621,4.557504,1172.054903,124.101894,10:15,5.65178,-1.24184,26.5905,-34.87825,5.56134,-6.94532,1.56311,0.76995,48.21272,-12.3363,2.518279,0.457693,83.6442,14.472595,4.980278,1167.327027,109.92822,18.96488,3.97172,211.39815,211.39815,0.212457,2.407647,10.72473,8.66178,2.64266,50,5.59963,-7.11625,-74.99254,3.20734,6.11539,8.95901,-27.23498,FOR_RAM,,FordhamUniversity,,,20260928-FordhamUniversity-BP-1,0779beb0-bb6b-11f1-93a8-090a75922668,82.35302,19.04756,,1.82067,,,,1.50432,1.6087,-0.78986,3737a129-c7b8-45bf-aff7-ddc2ce9649b7,2026-09-28,18:33:23.10,2026-09-28T14:33:23.1080000-04:00,2026-09-28T18:33:23.1080000Z,LineDrive,v3,471298,,,,,Undefined,FOR_RAM,771b9b7d-3aeb-466c-8bff-cb7dbed8024e,33.91398,-73.04554,4.4795,5.65351,-2.71144,-13.61749,1.24055,-5.78723,3.05769,141.544776,1.5043,118.33816,-19.15149,3.75141,-0.63918,0.06209,0.00573,-0.00306,0.00036,1.60875,30.65556,-13.72042,0.16589,0.00907,0.06833,-0.03997,0.01066,-0.0011,-0.78992,10.31644,-7.50302,2.37143,-0.48492,0.00506,0.03497,-0.0109,0.00116,,,,,,,,,,,,,,,,,,,,,,,High,High,High,High,High,,,
129,2026-09-28,14:33:33.75,,,,,Undefined,FOR_RAM,"Ford, Tim",1000142266,Right,FOR_RAM,Undefined,1,Bottom,0,0,0,Undefined,Slider,Undefined,Undefined,Undefined,Undefined,0,0,,51.20554,-3.145154,3.389639,1133.52869,120.893501,10:00,6.02817,-1.16257,26.09086,-36.41478,3.17685,-4.04036,1.17719,0.45523,49.81109,-13.61282,2.216793,0.45287,,,,,,,,,,,,6.16177,5.6552,2.14748,50,6.28593,-5.16754,-76.56203,1.72748,3.69432,8.55877,-28.78345,FOR_RAM,,FordhamUniversity,,,20260928-FordhamUniversity-BP-1,0de2acd0-bb6b-11f1-93a8-090a75922668,83.23021,,,1.39445,,,,,,,3737a129-c7b8-45bf-aff7-ddc2ce9649b7,2026-09-28,18:33:33.75,2026-09-28T14:33:33.7500000-04:00,2026-09-28T18:33:33.7500000Z,,v3,471298,,,,,Undefined,FOR_RAM,21285199-3039-4b86-b86b-6d7e17d396bd,34.41328,-74.79931,4.27938,6.03126,-4.20058,-14.39173,1.16155,-4.40668,1.84716,,,,,,,,,,,,,,,,,,,,,,,,,,,,,,,,,,,,,,,,,,,,,,,,,,,High,High,High,,,,,
130,2026-09-28,14:33:37.30,,,,,Undefined,FOR_RAM,"Ford, Tim",1000142266,Right,FOR_RAM,Undefined,1,Bottom,0,0,0,Undefined,Slider,Undefined,Undefined,LineDrive,Undefined,0,0,,51.2479,-1.852399,2.326777,1076.000266,132.176268,10:30,6.08591,-1.12413,26.50607,-31.88766,6.67906,-6.48126,2.37393,-0.34029,49.25585,-11.253691,0.422886,0.446969,93.65354,23.936276,-1.890038,2288.752516,109.99917,45.32395,0.27954,329.7581,323.00962,6.073612,4.408572,9.3839,10.10788,1.88139,50,6.03081,-4.19598,-76.96844,3.01826,5.63902,9.39853,-26.09999,FOR_RAM,,FordhamUniversity,,,20260928-FordhamUniversity-BP-1,10073a80-bb6b-11f1-93a8-090a75922668,84.3289,59.93252,,1.99204,,,,0.91422,2.30054,0.34527,3737a129-c7b8-45bf-aff7-ddc2ce9649b7,2026-09-28,18:33:37.30,2026-09-28T14:33:37.3090000-04:00,2026-09-28T18:33:37.3090000Z,FlyBall,v3,471298,,,,,Undefined,FOR_RAM,b1513ea6-9292-4ce8-a425-58fe75f2f51f,33.99775,-74.98898,4.69927,6.08762,-2.47879,-13.04999,1.12272,-3.00832,2.81951,197.376503,0.91384,125.489,-24.60865,5.81351,-1.26623,0.25361,-0.04022,0.00404,-0.00018,2.30124,55.70526,-13.91277,0.02132,0.18779,-0.0677,0.0129,-0.00109,2E-05,0.34538,-4.14201,4.65038,-0.84933,0.18231,-0.04085,0.00769,-0.00084,4E-05,,,,,,,,,,,,,,,,,,,,,,,High,High,High,High,High,,,
131,2026-09-28,14:33:42.63,,,,,Undefined,FOR_RAM,"Ford, Tim",1000142266,Right,FOR_RAM,Undefined,1,Bottom,0,0,0,Undefined,Slider,Undefined,Undefined,LineDrive,Undefined,0,0,,50.63106,0.372227,3.129325,1182.991996,121.341648,10:00,5.69271,-1.29135,26.78603,-33.89191,4.70886,-6.55559,3.07857,-0.07157,48.72687,-9.735717,1.192038,0.447167,92.00997,26.478327,-14.515317,1451.299293,107.1013,50.85936,-25.08541,337.46071,330.26503,-11.300616,4.740941,9.79804,6.90059,2.29773,50,4.93896,-5.26895,-75.89884,6.5309,5.77921,8.31869,-28.10386,FOR_RAM,,FordhamUniversity,,,20260928-FordhamUniversity-BP-1,13220f10-bb6b-11f1-93a8-090a75922668,84.29173,68.36024,,1.90419,,,,1.34199,3.06574,0.07002,3737a129-c7b8-45bf-aff7-ddc2ce9649b7,2026-09-28,18:33:42.63,2026-09-28T14:33:42.6370000-04:00,2026-09-28T18:33:42.6370000Z,LineDrive,v3,471298,,,,,Undefined,FOR_RAM,068b5f82-6962-4915-8a52-abde440e683c,33.71848,-74.09287,4.15935,5.69452,0.42958,-14.05193,1.29004,-4.01429,2.8896,,1.34187,116.93787,-20.65886,4.47541,-0.93526,0.19389,-0.03511,0.00418,-0.00022,3.0659,60.16931,-15.1527,0.77983,-0.08577,-0.02247,0.01447,-0.00252,0.00015,0.06937,-30.25697,7.88852,-1.79549,0.29718,-0.03309,0.00236,-0.00017,1E-05,,,,,,,,,,,,,,,,,,,,,,,High,High,High,High,High,,,
132,2026-09-28,14:33:47.83,,,,,Undefined,FOR_RAM,"Ford, Tim",1000142266,Right,FOR_RAM,Undefined,1,Bottom,0,0,0,Undefined,Slider,Undefined,Undefined,Undefined,Undefined,0,0,,51.12681,-1.036346,2.993387,1063.241139,151.964469,11:00,6.05808,-1.10319,26.56951,-30.11486,9.005,-4.27268,2.95944,0.24131,48.3442,-10.023327,1.738778,0.450163,,,,,,,,,,,,6.93559,12.91414,2.01718,50,5.80165,-4.76163,-77.26732,3.80832,4.10003,11.6158,-24.53977,FOR_RAM,,FordhamUniversity,,,20260928-FordhamUniversity-BP-1,1631c010-bb6b-11f1-93a8-090a75922668,83.73058,,,2.78261,,,,,,,3737a129-c7b8-45bf-aff7-ddc2ce9649b7,2026-09-28,18:33:47.83,2026-09-28T14:33:47.8340000-04:00,2026-09-28T18:33:47.8340000Z,,v3,471298,,,,,Undefined,FOR_RAM,149f5a67-75a1-4d2c-bb15-b377cc27491c,33.93541,-74.81332,5.8079,6.05857,-1.37605,-12.26989,1.10271,-3.89544,2.05001,,,,,,,,,,,,,,,,,,,,,,,,,,,,,,,,,,,,,,,,,,,,,,,,,,,High,High,High,,,,,
133,2026-09-28,14:33:54.01,,,,,Undefined,FOR_RAM,"Ford, Tim",1000142266,Right,FOR_RAM,Undefined,1,Bottom,0,0,0,Undefined,Slider,Undefined,Undefined,GroundBall,Undefined,0,0,,50.90665,-3.161599,3.097524,1101.067091,130.378653,10:15,5.99756,-1.1698,26.15703,-34.12108,6.14189,-6.14071,1.3324,0.10062,48.93872,-13.054152,1.311933,0.456693,78.06989,-1.62941,-45.518763,,,,,33.08313,11.23285,-45.832722,0.332338,9.01733,9.6865,2.11046,50,6.29636,-5.08793,-76.42211,1.31971,5.30281,9.91317,-26.47771,FOR_RAM,,FordhamUniversity,,,20260928-FordhamUniversity-BP-1,19eb1e90-bb6b-11f1-93a8-090a75922668,82.53342,1.69768,,1.96793,,,,,,,3737a129-c7b8-45bf-aff7-ddc2ce9649b7,2026-09-28,18:33:54.01,2026-09-28T14:33:54.0110000-04:00,2026-09-28T18:33:54.0110000Z,GroundBall,v3,471298,,,,,Undefined,FOR_RAM,f0b521bd-f753-4cb3-83f1-072ef0bb1501,34.34665,-74.3639,4.95658,5.99967,-4.17768,-13.23886,1.16838,-3.98695,2.6514,,-1.84875,80.21527,-15.92201,,,,,,,1.69732,-3.24181,-5.60962,,,,,,,4.54302,-81.78302,-9.93436,,,,,,,,,,,,,,,,,,,,,,,,,,,,,High,High,High,Low,Low,,,
134,2026-09-28,14:33:58.77,,,,,Undefined,FOR_RAM,"Ford, Tim",1000142266,Right,FOR_RAM,Undefined,1,Bottom,0,0,0,Undefined,Slider,Undefined,Undefined,FlyBall,Undefined,0,0,,52.07706,-1.156907,2.874395,1138.410503,125.802604,10:15,5.89563,-1.2009,26.78329,-31.1934,5.33847,-6.43225,2.64295,-0.11483,50.1703,-10.438024,0.971479,0.435018,83.47751,42.386121,10.559917,,103.92781,86.47117,36.04177,261.14016,252.21451,29.958925,5.293103,9.60347,8.10969,2.13309,50,5.62837,-5.05575,-78.11298,4.13413,5.98735,9.00394,-27.11801,FOR_RAM,,FordhamUniversity,,,20260928-FordhamUniversity-BP-1,1cc93840-bb6b-11f1-93a8-090a75922668,86.6457,97.43213,,1.90676,,,,1.17637,2.59191,0.10745,3737a129-c7b8-45bf-aff7-ddc2ce9649b7,2026-09-28,18:33:58.77,2026-09-28T14:33:58.7740000-04:00,2026-09-28T18:33:58.7740000Z,FlyBall,v3,471298,,,,,Undefined,FOR_RAM,5ea6ade9-51e2-4a63-8097-f75cae0e7c1f,33.7213,-76.21347,4.50197,5.89707,-1.58681,-13.55901,1.19974,-3.79263,2.99367,214.741938,1.18752,88.67399,-20.27413,3.47288,0.2501,-0.36441,0.09674,-0.01118,0.00049,2.59152,82.52842,-20.55728,1.24593,0.08879,-0.15102,0.05338,-0.00807,0.00045,0.10398,16.64161,6.26515,-1.97468,0.23582,0.03265,-0.01281,0.00115,-2E-05,,,,,,,,,,,,,,,,,,,,,,,High,High,High,High,Medium,,,
135,2026-09-28,14:34:11.16,,,,,Undefined,FOR_RAM,"Grabau, Anthony",1000407420,Left,FOR_RAM,Undefined,1,Bottom,0,0,0,Undefined,Slider,Undefined,Undefined,LineDrive,Undefined,0,0,,48.95052,-1.563317,2.098742,1105.716678,127.629248,10:15,6.09076,-1.08044,26.28868,-38.36793,4.2041,-4.41906,1.99764,-0.24666,47.57779,-12.723368,0.807295,0.469606,100.66366,23.552004,10.082084,1685.102397,108.96561,44.95918,15.04742,355.43332,349.03181,1.334621,4.547825,6.44827,6.54603,1.73114,50,5.85547,-3.3796,-73.36399,4.19969,3.55288,7.78865,-28.56731,FOR_RAM,,FordhamUniversity,,,20260928-FordhamUniversity-BP-1,24214150-bb6b-11f1-93a8-090a75922668,80.26397,64.50507,,1.37273,,,,1.66939,2.12111,0.25572,3737a129-c7b8-45bf-aff7-ddc2ce9649b7,2026-09-28,18:34:11.16,2026-09-28T14:34:11.1610000-04:00,2026-09-28T18:34:11.1610000Z,FlyBall,v3,471298,,,,,Undefined,FOR_RAM,3b13b9e8-c197-4c08-8902-f21d780b1548,34.21589,-71.66869,3.89433,6.09286,-2.01835,-14.28366,1.07969,-2.60628,1.77644,154.183317,1.66981,133.23956,-25.6661,5.92917,-1.27026,0.24988,-0.03941,0.00393,-0.00017,2.11981,59.02376,-15.17848,0.77184,-0.1055,-0.00461,0.00604,-0.00087,4E-05,0.25634,23.67786,-10.50688,2.56655,-0.57576,0.11967,-0.02027,0.00219,-0.0001,,,,,,,,,,,,,,,,,,,,,,,High,High,High,High,High,,,
136,2026-09-28,14:34:18.49,,,,,Undefined,FOR_RAM,"Grabau, Anthony",1000407420,Left,FOR_RAM,Undefined,1,Bottom,0,0,0,Undefined,Slider,Undefined,Undefined,Undefined,Undefined,0,0,,49.24843,-2.677408,3.623065,1143.208603,138.979239,10:45,5.88203,-1.23307,26.44999,-36.22931,5.60233,-4.16941,1.33351,0.48619,47.896,-13.226777,2.40103,0.465505,,,,,,,,,,,,6.51044,8.90138,2.31161,50,5.98472,-5.3244,-73.65778,2.52515,3.61587,7.85238,-27.23026,FOR_RAM,,FordhamUniversity,,,20260928-FordhamUniversity-BP-1,288f49d0-bb6b-11f1-93a8-090a75922668,80.97115,,,1.35243,,,,,,,3737a129-c7b8-45bf-aff7-ddc2ce9649b7,2026-09-28,18:34:18.49,2026-09-28T14:34:18.4970000-04:00,2026-09-28T18:34:18.4970000Z,,v3,471298,,,,,Undefined,FOR_RAM,674b9ede-7dea-4b07-8cc3-418a0b47c89e,34.05369,-71.93772,3.92619,5.88456,-3.43963,-13.61513,1.23205,-4.53235,1.80793,,,,,,,,,,,,,,,,,,,,,,,,,,,,,,,,,,,,,,,,,,,,,,,,,,,High,High,High,,,,,
137,2026-09-28,14:34:22.20,,,,,Undefined,FOR_RAM,"Grabau, Anthony",1000407420,Left,FOR_RAM,Undefined,1,Bottom,0,0,0,Undefined,Slider,Undefined,Undefined,LineDrive,Undefined,0,0,,49.46565,-0.66459,3.035912,1170.932452,133.520596,10:30,5.84345,-1.39188,26.72021,-35.19951,5.64158,-5.05599,2.53415,-0.09646,47.55772,-11.119102,1.543265,0.45996,101.69139,16.850896,24.27692,861.15013,97.67581,25.74088,50.59072,283.93811,264.23433,32.857324,2.676883,7.7593,8.46516,2.33964,50,5.37282,-4.77197,-74.31358,5.1695,4.34681,8.75682,-27.43181,FOR_RAM,,FordhamUniversity,,,20260928-FordhamUniversity-BP-1,2ac00c80-bb6b-11f1-93a8-090a75922668,81.94723,28.31808,,1.90793,,,,2.27068,2.60987,0.43704,3737a129-c7b8-45bf-aff7-ddc2ce9649b7,2026-09-28,18:34:22.20,2026-09-28T14:34:22.2050000-04:00,2026-09-28T18:34:22.2050000Z,LineDrive,v3,471298,,,,,Undefined,FOR_RAM,1f7d0168-a709-4443-9e56-f499d5d2c828,33.78391,-72.37752,4.37841,5.8453,-0.89544,-13.71591,1.39084,-3.81093,2.17341,,2.27083,130.11116,-22.90483,4.11341,-0.55502,-0.06177,0.05225,-0.01209,0.00108,2.60986,43.23593,-20.16128,2.00705,-0.40935,0.10806,-0.02725,0.00508,-0.00045,0.4369,58.6981,2.41009,-1.8082,0.23844,0.10661,-0.06272,0.01308,-0.00106,,,,,,,,,,,,,,,,,,,,,,,High,High,High,High,High,,,
138,2026-09-28,14:34:28.41,,,,,Undefined,FOR_RAM,"Grabau, Anthony",1000407420,Left,FOR_RAM,Undefined,1,Bottom,0,0,0,Undefined,Slider,Undefined,Undefined,LineDrive,Undefined,0,0,,49.20214,-2.408953,2.954299,1128.097806,136.140627,10:30,5.92199,-1.16547,26.2483,-36.16754,6.57055,-5.39681,1.52459,0.07968,47.38642,-12.934678,1.381024,0.470521,98.88963,21.869566,13.885112,1245.899668,107.22342,40.91236,24.55689,331.14994,330.94309,11.486249,4.177371,8.03863,10.05654,2.06279,50,5.97024,-4.63898,-73.898,2.6613,4.42849,9.11428,-26.63388,FOR_RAM,,FordhamUniversity,,,20260928-FordhamUniversity-BP-1,2e6c99c0-bb6b-11f1-93a8-090a75922668,80.10786,55.73193,,1.81572,,,,1.86202,1.69645,-0.04969,3737a129-c7b8-45bf-aff7-ddc2ce9649b7,2026-09-28,18:34:28.41,2026-09-28T14:34:28.4190000-04:00,2026-09-28T18:34:28.4190000Z,LineDrive,v3,471298,,,,,Undefined,FOR_RAM,229cfc3e-6aaf-4400-9d8a-f8b08ac409ef,34.25549,-71.92993,4.55714,5.92398,-3.08983,-13.31694,1.16433,-3.68272,2.21425,171.238571,1.86215,130.66402,-26.64635,6.39697,-1.40532,0.29082,-0.04822,0.00495,-0.00022,1.69613,54.03265,-13.64694,-0.20173,0.24807,-0.07539,0.0096,0.00012,-9E-05,-0.04963,32.29957,-8.66526,2.26187,-0.53933,0.11958,-0.02066,0.00219,-0.0001,,,,,,,,,,,,,,,,,,,,,,,High,High,High,High,High,,,
139,2026-09-28,14:34:33.84,,,,,Undefined,FOR_RAM,"Grabau, Anthony",1000407420,Left,FOR_RAM,Undefined,1,Bottom,0,0,0,Undefined,Slider,Undefined,Undefined,FlyBall,Undefined,0,0,,49.43383,-0.927095,3.435809,1186.052072,128.727911,10:15,5.60293,-1.43302,26.74391,-35.53348,5.06469,-5.37839,2.11744,0.06076,47.88052,-11.446545,1.847441,0.45859,88.67304,47.235574,-5.891583,3526.052896,106.91247,106.77714,-25.87869,254.72334,136.34582,-20.106541,5.691598,8.25599,7.68056,2.50427,50,5.18997,-5.34634,-74.04283,4.9593,4.64091,7.7991,-27.85661,FOR_RAM,,FordhamUniversity,,,20260928-FordhamUniversity-BP-1,31b89070-bb6b-11f1-93a8-090a75922668,82.192,119.7172,,1.55331,,,,1.49062,2.20659,-0.23552,3737a129-c7b8-45bf-aff7-ddc2ce9649b7,2026-09-28,18:34:33.84,2026-09-28T14:34:33.8430000-04:00,2026-09-28T18:34:33.8430000Z,FlyBall,v3,471298,,,,,Undefined,FOR_RAM,a9a9bfa1-9099-443a-84af-10c1b958f90e,33.76072,-72.31209,3.89955,5.60459,-1.22254,-13.92831,1.4321,-4.31644,2.32045,,1.4969,87.69852,-23.18577,5.62682,-0.6559,-0.09562,0.04885,-0.00677,0.00033,2.19441,95.68802,-23.344,2.38158,-0.60141,0.14492,-0.01908,0.00096,-0,-0.23191,-9.14259,-5.98883,2.16136,-0.32928,-0.02989,0.02097,-0.00309,0.00015,,,,,,,,,,,,,,,,,,,,,,,High,High,High,Medium,Low,,,
140,2026-09-28,14:34:41.79,,,,,Undefined,FOR_RAM,"Grabau, Anthony",1000407420,Left,FOR_RAM,Undefined,1,Bottom,0,0,0,Undefined,Slider,Undefined,Undefined,FlyBall,Undefined,0,0,,49.06872,-1.381922,2.00248,1053.227689,124.777538,10:15,5.68592,-1.50716,26.36123,-36.0773,6.37134,-7.8778,1.88947,-1.01932,47.25024,-11.958466,-0.302471,0.468925,95.55539,30.000579,29.201706,1656.348141,93.85083,58.16175,57.37608,332.36119,326.49687,35.439203,5.083368,11.14048,9.48394,2.18953,50,5.43768,-3.80754,-73.75286,4.08305,6.13579,8.77702,-26.95062,FOR_RAM,,FordhamUniversity,,,20260928-FordhamUniversity-BP-1,366acde0-bb6b-11f1-93a8-090a75922668,80.38052,80.80568,,1.81848,,,,2.0861,1.87892,1.27935,3737a129-c7b8-45bf-aff7-ddc2ce9649b7,2026-09-28,18:34:41.79,2026-09-28T14:34:41.7920000-04:00,2026-09-28T18:34:41.7920000Z,FlyBall,v3,471298,,,,,Undefined,FOR_RAM,70763cfa-9e20-406e-a2be-c7c175b2db15,34.14303,-71.84101,4.38851,5.68769,-1.78746,-13.47531,1.50572,-2.47101,3.0679,,2.08788,105.91267,-24.00506,5.69339,-1.21213,0.22761,-0.03646,0.00421,-0.00022,1.88094,70.02631,-17.12256,0.46352,0.36323,-0.21436,0.05866,-0.00774,0.00039,1.28003,59.20127,-7.44554,0.96522,-0.04739,-0.02053,0.00576,-0.00057,2E-05,,,,,,,,,,,,,,,,,,,,,,,High,High,High,High,Medium,,,
141,2026-09-28,14:34:54.53,,,,,Undefined,FOR_RAM,"Chavez, Carson",1000156814,Right,FOR_RAM,Undefined,1,Bottom,0,0,0,Undefined,Slider,Undefined,Undefined,LineDrive,Undefined,0,0,,49.0527,-0.839541,2.908893,1039.221562,120.578177,10:00,6.10969,-1.22283,26.58238,-37.27069,4.80811,-6.56626,2.52683,-0.11822,47.04551,-11.857781,0.976023,0.466878,93.95108,26.616052,-18.66411,915.601458,105.40289,50.41433,-31.46736,309.37098,304.24266,-14.285762,4.36833,9.74823,7.39847,2.14873,50,5.67412,-4.78958,-73.82182,5.08764,5.34878,9.25546,-28.11457,FOR_RAM,,FordhamUniversity,,,20260928-FordhamUniversity-BP-1,3e0cd840-bb6b-11f1-93a8-090a75922668,80.73301,64.48173,,2.0072,,,,1.6058,2.56644,0.12146,3737a129-c7b8-45bf-aff7-ddc2ce9649b7,2026-09-28,18:34:54.53,2026-09-28T14:34:54.5390000-04:00,2026-09-28T18:34:54.5390000Z,FlyBall,v3,471298,,,,,Undefined,FOR_RAM,4b18d80f-f7e7-48f5-9e67-357f94ca0361,33.92166,-71.77768,4.62773,6.11208,-1.12166,-14.05728,1.22137,-3.60826,2.67439,,1.60568,116.71583,-23.13709,5.38063,-1.18765,0.2646,-0.05055,0.00618,-0.00033,2.56699,61.7211,-16.48757,0.42434,0.21353,-0.13253,0.03564,-0.00442,0.0002,0.12125,-39.41826,12.13958,-3.40367,0.84662,-0.20391,0.04032,-0.00501,0.00027,,,,,,,,,,,,,,,,,,,,,,,High,High,High,Medium,High,,,
142,2026-09-28,14:34:58.74,,,,,Undefined,FOR_RAM,"Chavez, Carson",1000156814,Right,FOR_RAM,Undefined,1,Bottom,0,0,0,Undefined,Slider,Undefined,Undefined,Undefined,Undefined,0,0,,50.3261,-2.224239,3.936585,1100.615947,128.65124,10:15,5.93063,-1.12524,26.31856,-35.31722,5.30335,-5.55296,1.7117,0.66715,48.51509,-12.52177,2.317146,0.458717,,,,,,,,,,,,8.44973,8.40497,2.30022,50,5.94085,-6.0573,-75.42225,2.86656,4.87539,9.02884,-27.32449,FOR_RAM,,FordhamUniversity,,,20260928-FordhamUniversity-BP-1,4085c780-bb6b-11f1-93a8-090a75922668,82.16933,,,1.81101,,,,,,,3737a129-c7b8-45bf-aff7-ddc2ce9649b7,2026-09-28,18:34:58.74,2026-09-28T14:34:58.7420000-04:00,2026-09-28T18:34:58.7420000Z,,v3,471298,,,,,Undefined,FOR_RAM,e9aa20d6-50ac-42ee-be0f-57b8c02a3b6c,34.18487,-73.50463,4.51442,5.93339,-2.93683,-13.66224,1.12369,-5.02182,2.43769,,,,,,,,,,,,,,,,,,,,,,,,,,,,,,,,,,,,,,,,,,,,,,,,,,,High,High,High,,,,,
143,2026-09-28,14:35:03.96,,,,,Undefined,FOR_RAM,"Chavez, Carson",1000156814,Right,FOR_RAM,Undefined,1,Bottom,0,0,0,Undefined,Slider,Undefined,Undefined,FlyBall,Undefined,0,0,,50.10817,-1.476211,3.083756,1095.290069,133.718504,10:30,5.917,-1.11661,26.68508,-33.94809,6.35158,-5.63634,2.25171,0.15945,47.77335,-11.56673,1.420695,0.456901,96.80787,34.47198,-30.31921,1716.337979,97.98212,67.69185,-49.99505,301.08568,294.9143,-30.253156,4.913785,8.65595,9.72741,2.08281,50,5.71294,-4.98535,-75.53959,3.84256,4.93256,10.38623,-26.63094,FOR_RAM,,FordhamUniversity,,,20260928-FordhamUniversity-BP-1,43aa3900-bb6b-11f1-93a8-090a75922668,82.49584,86.36136,,2.33482,,,,2.01616,2.2954,0.31844,3737a129-c7b8-45bf-aff7-ddc2ce9649b7,2026-09-28,18:35:03.96,2026-09-28T14:35:03.9670000-04:00,2026-09-28T18:35:03.9670000Z,FlyBall,v3,471298,,,,,Undefined,FOR_RAM,1a2986f6-e101-42c6-aaa7-7d778a64ab36,33.8186,-73.28098,5.19312,5.91886,-1.94866,-13.31547,1.11531,-3.91271,2.46628,,2.07126,99.97552,-15.08172,-2.6517,4.03132,-1.6969,0.3402,-0.03129,0.00097,2.29554,80.47708,-23.48356,4.09967,-2.67059,1.43903,-0.42694,0.06317,-0.00365,0.193,-56.39431,7.73024,13.13214,-14.89356,7.16599,-1.78888,0.22416,-0.01115,,,,,,,,,,,,,,,,,,,,,,,High,High,High,Low,Low,,,
144,2026-09-28,14:35:11.00,,,,,Undefined,FOR_RAM,"Chavez, Carson",1000156814,Right,FOR_RAM,Undefined,1,Bottom,0,0,0,Undefined,Slider,Undefined,Undefined,LineDrive,Undefined,0,0,,50.59391,-1.913781,3.463162,1336.493538,123.170682,10:00,5.9349,-1.10508,26.52,-34.93407,4.60197,-5.81689,1.93345,0.38121,48.85015,-12.170434,1.75531,0.452552,93.21964,26.532076,-30.62302,1578.891174,90.13607,38.3895,-63.05117,272.08049,186.46405,-42.083082,2.989506,8.81898,7.25855,2.17253,50,5.84043,-5.55077,-75.87606,3.43507,5.1639,8.90069,-27.92385,FOR_RAM,,FordhamUniversity,,,20260928-FordhamUniversity-BP-1,47d12660-bb6b-11f1-93a8-090a75922668,83.28873,41.53022,,1.74376,,,,1.72557,1.46785,-0.80333,3737a129-c7b8-45bf-aff7-ddc2ce9649b7,2026-09-28,18:35:11.00,2026-09-28T14:35:11.0020000-04:00,2026-09-28T18:35:11.0020000Z,FlyBall,v3,471298,,,,,Undefined,FOR_RAM,893dc874-f9cf-4305-89b0-edc49d815bfb,33.98455,-73.97351,4.45034,5.93676,-2.53376,-13.96193,1.104,-4.44697,2.58195,,1.72561,105.26201,-19.7011,3.96116,-0.86968,0.15883,-0.02289,0.00177,-2E-05,1.46785,61.07336,-27.03392,3.65209,-0.84539,0.18268,-0.03324,0.00444,-0.00029,-0.80333,-62.30964,-1.06326,1.0929,-0.36573,0.10153,-0.02157,0.00316,-0.00021,,,,,,,,,,,,,,,,,,,,,,,High,High,High,Low,Low,,,
145,2026-09-28,14:35:15.46,,,,,Undefined,FOR_RAM,"Chavez, Carson",1000156814,Right,FOR_RAM,Undefined,1,Bottom,0,0,0,Undefined,Slider,Undefined,Undefined,Undefined,Undefined,0,0,,51.89941,-1.679197,2.38631,1066.158216,125.74884,10:15,5.65711,-1.31465,26.75366,-31.95277,5.43823,-6.31398,2.04559,-0.49327,49.39348,-11.207087,0.517818,0.440104,72.11995,47.275196,30.5382,,83.20227,79.31731,71.95385,218.86557,188.82873,45.400998,4.721797,9.36918,8.57662,2.0978,50,5.5439,-4.32822,-78.31222,3.38337,5.73187,11.26131,-26.92705,FOR_RAM,,FordhamUniversity,,,20260928-FordhamUniversity-BP-1,4a8067e0-bb6b-11f1-93a8-090a75922668,85.64446,80.20168,,2.50593,,,,1.36559,2.06988,0.51108,3737a129-c7b8-45bf-aff7-ddc2ce9649b7,2026-09-28,18:35:15.46,2026-09-28T14:35:15.4620000-04:00,2026-09-28T18:35:15.4620000Z,Popup,v3,471298,,,,,Undefined,FOR_RAM,9ee1ff99-b12e-4bda-b8d9-0d74dac6c01f,33.75001,-75.93952,5.63066,5.65909,-2.29001,-13.46352,1.3131,-3.12054,2.86594,221.925563,1.38487,61.19063,-11.86809,-3.57889,6.96446,-4.09571,1.19552,-0.17156,0.00965,2.05139,78.09967,-24.50493,4.92552,-2.49408,0.947,-0.20092,0.02154,-0.00092,0.48468,37.14534,-1.13289,4.73644,-5.64313,3.02239,-0.83772,0.11603,-0.00635,,,,,,,,,,,,,,,,,,,,,,,High,High,High,High,Medium,,,
146,2026-09-28,14:35:21.55,,,,,Undefined,FOR_RAM,"Chavez, Carson",1000156814,Right,FOR_RAM,Undefined,1,Bottom,0,0,0,Undefined,Slider,Undefined,Undefined,LineDrive,Undefined,0,0,,52.01842,-1.436061,3.961475,1016.306367,125.45939,10:15,5.62747,-1.42816,26.7029,-31.51191,5.48366,-6.64382,2.18762,0.26101,49.98732,-10.7838,2.003949,0.43777,92.13613,20.310709,-32.459568,1042.479221,95.23158,22.97018,-55.05402,192.28657,192.28657,-29.5597,2.034565,10.15847,8.38595,2.66544,50,5.44438,-6.55021,-78.00528,3.71554,6.28732,9.39887,-26.98379,FOR_RAM,,FordhamUniversity,,,20260928-FordhamUniversity-BP-1,4e19e250-bb6b-11f1-93a8-090a75922668,86.10096,23.06746,,2.0311,,,,1.86906,1.89119,0.6162,3737a129-c7b8-45bf-aff7-ddc2ce9649b7,2026-09-28,18:35:21.55,2026-09-28T14:35:21.5510000-04:00,2026-09-28T18:35:21.5510000Z,LineDrive,v3,471298,,,,,Undefined,FOR_RAM,3164d3cc-6352-4c8f-82ba-2aaafdf8bcac,33.80154,-76.02847,4.69943,5.62902,-1.95979,-13.49189,1.42684,-5.22783,3.14366,,1.86905,106.93263,-18.87744,4.52084,-1.10681,0.35016,-0.12597,0.03268,-0.00384,1.8912,46.9049,-28.85943,3.65272,-0.60014,-0.01452,0.0708,-0.02737,0.00372,0.61623,-68.01995,17.82048,-5.98739,2.02678,-0.8552,0.359,-0.09913,0.01192,,,,,,,,,,,,,,,,,,,,,,,High,High,High,Low,Medium,,,
147,2026-09-28,14:35:31.79,,,,,Undefined,FOR_RAM,"Chavez, Carson",1000156814,Right,FOR_RAM,Undefined,1,Bottom,0,0,0,Undefined,Slider,Undefined,Undefined,Undefined,Undefined,0,0,,51.28764,-2.955281,3.756309,1107.602399,139.048772,10:45,6.05844,-1.05213,25.95672,-32.05825,8.0976,-6.2304,1.67274,0.60398,49.19118,-12.222539,1.959237,0.456085,,,,,,,,,,,,9.153,12.11894,2.15603,50,6.344,-5.98363,-76.84987,1.14949,5.45944,9.7571,-24.94554,FOR_RAM,,FordhamUniversity,,,20260928-FordhamUniversity-BP-1,544419c0-bb6b-11f1-93a8-090a75922668,82.64345,,,2.09646,,,,,,,3737a129-c7b8-45bf-aff7-ddc2ce9649b7,2026-09-28,18:35:31.79,2026-09-28T14:35:31.7900000-04:00,2026-09-28T18:35:31.7900000Z,,v3,471298,,,,,Undefined,FOR_RAM,171aa528-d904-40e8-9ac4-7ba2f6220fd0,34.54597,-74.86207,4.87855,6.0605,-3.93263,-12.47277,1.05029,-4.87139,2.72972,,,,,,,,,,,,,,,,,,,,,,,,,,,,,,,,,,,,,,,,,,,,,,,,,,,High,High,High,,,,,
148,2026-09-28,14:35:35.74,,,,,Undefined,FOR_RAM,"Maryott, Gavin",1000410374,Right,FOR_RAM,Undefined,1,Bottom,0,0,0,Undefined,Slider,Undefined,Undefined,LineDrive,Undefined,0,0,,51.48423,-1.562691,1.879886,1080.750348,132.470189,10:30,5.92893,-1.12497,26.42273,-33.63376,4.68803,-4.2813,2.23446,-0.40955,49.6005,-11.439772,0.624609,0.445548,100.98201,17.128648,-17.819908,2793.854209,105.19032,29.59497,-32.17123,324.26052,315.62203,-17.115093,3.51592,6.28512,7.21563,1.71842,50,5.76686,-3.24834,-77.32561,3.68227,3.81912,9.31629,-27.7895,FOR_RAM,,FordhamUniversity,,,20260928-FordhamUniversity-BP-1,5699a280-bb6b-11f1-93a8-090a75922668,84.59797,37.12081,,1.88373,,,,2.75585,2.50038,0.42476,3737a129-c7b8-45bf-aff7-ddc2ce9649b7,2026-09-28,18:35:35.74,2026-09-28T14:35:35.7470000-04:00,2026-09-28T18:35:35.7470000Z,LineDrive,v3,471298,,,,,Undefined,FOR_RAM,bd05ff23-34b0-440b-8974-8f055ff52c5a,34.08173,-75.38336,4.65814,5.93062,-2.11124,-13.89475,1.12421,-2.45214,1.90956,,2.75586,134.74625,-23.43742,5.03712,-1.10129,0.22381,-0.03628,0.00372,-0.00017,2.50022,43.62489,-15.41584,1.44381,-0.37104,0.09659,-0.01832,0.00197,-8E-05,0.42471,-43.31243,8.06666,-1.74356,0.36604,-0.06906,0.01016,-0.00101,5E-05,,,,,,,,,,,,,,,,,,,,,,,High,High,High,Medium,High,,,
149,2026-09-28,14:35:40.08,,,,,Undefined,FOR_RAM,"Maryott, Gavin",1000410374,Right,FOR_RAM,Undefined,1,Bottom,0,0,0,Undefined,Slider,Undefined,Undefined,LineDrive,Undefined,0,0,,51.44516,-2.279121,3.201617,1156.658989,129.522201,10:15,5.79123,-1.29922,26.71835,-32.15447,5.6954,-5.93721,1.82134,0.01676,49.50157,-11.795293,1.447835,0.442796,97.89719,14.940447,-31.199213,2161.562046,89.79397,10.95833,-63.5365,159.31724,137.94175,-37.562444,1.375537,9.0341,8.94583,2.30963,50,5.8359,-5.3367,-77.24826,2.64383,5.46224,9.56679,-26.76518,FOR_RAM,,FordhamUniversity,,,20260928-FordhamUniversity-BP-1,5935aa20-bb6b-11f1-93a8-090a75922668,85.12373,12.5134,,1.94359,,,,2.42198,1.56613,-0.11698,3737a129-c7b8-45bf-aff7-ddc2ce9649b7,2026-09-28,18:35:40.08,2026-09-28T14:35:40.0880000-04:00,2026-09-28T18:35:40.0880000Z,LineDrive,v3,471298,,,,,Undefined,FOR_RAM,4dba8801-434a-4235-a9f4-50528ed5f529,33.78598,-75.21344,4.7834,5.79281,-3.04902,-13.38259,1.29809,-4.1749,2.73112,,2.42198,118.66432,-25.55403,4.33531,-0.7344,0.06826,0.00281,-0.00264,0.00048,1.56613,37.01766,-35.07905,7.20372,-1.83726,0.45995,-0.10407,0.01955,-0.002,-0.11698,-71.86345,-2.8129,4.25993,-1.6074,0.5145,-0.1356,0.02755,-0.00298,,,,,,,,,,,,,,,,,,,,,,,High,High,High,Low,Medium,,,
150,2026-09-28,14:35:44.89,,,,,Undefined,FOR_RAM,"Maryott, Gavin",1000410374,Right,FOR_RAM,Undefined,1,Bottom,0,0,0,Undefined,Slider,Undefined,Undefined,LineDrive,Undefined,0,0,,51.76399,-2.422761,2.665646,1133.962785,126.136165,10:15,5.99439,-1.08188,26.77103,-33.18726,4.14095,-4.57453,1.8599,0.0416,49.77704,-12.249744,1.309975,0.439734,97.47694,13.280295,-28.543939,1451.168272,94.74919,11.09194,-55.87943,164.68651,164.68651,-32.501356,1.457783,7.05996,6.91126,1.91916,50,6.06142,-4.41368,-77.85309,2.6531,4.31678,10.11677,-27.94819,FOR_RAM,,FordhamUniversity,,,20260928-FordhamUniversity-BP-1,5c01c270-bb6b-11f1-93a8-090a75922668,85.71645,12.15406,,1.98695,,,,2.13082,1.77429,0.02875,3737a129-c7b8-45bf-aff7-ddc2ce9649b7,2026-09-28,18:35:44.89,2026-09-28T14:35:44.8940000-04:00,2026-09-28T18:35:44.8940000Z,LineDrive,v3,471298,,,,,Undefined,FOR_RAM,eb574adb-7480-4473-ac86-251d591004f2,33.73335,-75.70979,5.05839,5.99629,-3.2679,-13.97409,1.08097,-3.49914,2.15839,,2.13082,122.23007,-23.08402,3.26601,-0.71926,0.15164,-0.03117,0.00538,-0.0005,1.77429,32.84142,-28.74018,4.92942,-1.18234,0.30662,-0.07061,0.01286,-0.00127,0.02875,-66.48693,4.97107,-0.90776,0.19462,-0.0458,0.0102,-0.00181,0.00017,,,,,,,,,,,,,,,,,,,,,,,High,High,High,Low,High,,,
151,2026-09-28,14:35:49.19,,,,,Undefined,FOR_RAM,"Maryott, Gavin",1000410374,Right,FOR_RAM,Undefined,1,Bottom,0,0,0,Undefined,Slider,Undefined,Undefined,GroundBall,Undefined,0,0,,50.25792,-1.858284,2.68497,1112.455536,139.383082,10:45,5.82445,-1.20717,26.51817,-36.50104,3.48815,-2.31906,1.72477,0.12705,48.664,-12.555794,2.003291,0.455138,91.63621,3.737206,-46.69898,3727.594048,,,,76.33903,76.33903,-48.651473,0.56573,3.86008,5.71276,1.99747,50,5.6859,-3.91805,-75.41792,3.75686,2.23473,8.72843,-28.86676,FOR_RAM,,FordhamUniversity,,,20260928-FordhamUniversity-BP-1,5e95b3c0-bb6b-11f1-93a8-090a75922668,82.81549,3.34172,,1.59391,,,,,,,3737a129-c7b8-45bf-aff7-ddc2ce9649b7,2026-09-28,18:35:49.19,2026-09-28T14:35:49.1970000-04:00,2026-09-28T18:35:49.1970000Z,GroundBall,v3,471298,,,,,Undefined,FOR_RAM,5f5c8e24-4389-4443-b349-29a4fede946f,33.98649,-73.54126,4.36422,5.82642,-2.44965,-14.43338,1.20672,-3.43758,1.11736,,4.99719,91.38985,-19.6537,,,,,,,2.59295,8.15902,-22.59806,,,,,,,-3.31584,-97.86216,4.25421,,,,,,,,,,,,,,,,,,,,,,,,,,,,,High,High,High,Low,High,,,
152,2026-09-28,14:35:55.28,,,,,Undefined,FOR_RAM,"Maryott, Gavin",1000410374,Right,FOR_RAM,Undefined,1,Bottom,0,0,0,Undefined,Slider,Undefined,Undefined,LineDrive,Undefined,0,0,,51.01913,-2.187744,3.30732,1071.154968,122.433935,10:00,5.94687,-1.1428,26.47689,-34.85581,3.92268,-5.05028,1.79427,0.32096,49.55657,-12.375808,1.825732,0.448195,91.44182,8.266763,-37.463555,2373.725156,,,,89.83135,89.83135,-40.231285,0.739751,7.66957,6.28611,2.15231,50,5.92765,-5.25959,-76.35126,3.10512,4.58646,8.25053,-28.4149,FOR_RAM,,FordhamUniversity,,,20260928-FordhamUniversity-BP-1,623e2250-bb6b-11f1-93a8-090a75922668,84.09834,4.76759,,1.46256,,,,2.24986,1.85433,-0.49728,3737a129-c7b8-45bf-aff7-ddc2ce9649b7,2026-09-28,18:35:55.28,2026-09-28T14:35:55.2850000-04:00,2026-09-28T18:35:55.2850000Z,GroundBall,v3,471298,,,,,Undefined,FOR_RAM,639dc04c-409a-412e-81b7-b22f9f9ad30d,34.02804,-74.60536,4.12527,5.94853,-2.90775,-14.20745,1.14201,-4.28905,2.29323,,2.3054,104.32735,-20.01291,,,,,,,1.9505,17.50484,-27.38725,,,,,,,-0.4694,-81.25556,4.63149,,,,,,,,,,,,,,,,,,,,,,,,,,,,,High,High,High,Medium,High,,,
153,2026-09-28,14:36:06.70,,,,,Undefined,FOR_RAM,"Palmer, Owen",10100501,Left,FOR_RAM,Undefined,1,Bottom,0,0,0,Undefined,Slider,Undefined,Undefined,LineDrive,Undefined,0,0,,50.7109,-1.445666,2.55237,1131.653827,118.364456,10:00,6.00176,-1.08648,26.30179,-35.92663,3.8654,-5.69461,2.17959,-0.09945,48.95813,-11.938752,0.889355,0.454014,104.22324,10.742681,28.217693,816.007716,93.82656,15.39887,57.41408,243.61051,187.21273,35.739664,1.991684,8.29922,6.06764,1.88266,50,5.77926,-4.3072,-76.09488,4.0737,4.89121,8.88762,-28.59803,FOR_RAM,,FordhamUniversity,,,20260928-FordhamUniversity-BP-1,69147840-bb6b-11f1-93a8-090a75922668,83.0204,15.7254,,1.75277,,,,1.68128,2.15239,0.44129,3737a129-c7b8-45bf-aff7-ddc2ce9649b7,2026-09-28,18:36:06.70,2026-09-28T14:36:06.7080000-04:00,2026-09-28T18:36:06.7080000Z,LineDrive,v3,471298,,,,,Undefined,FOR_RAM,bf75db6f-6c76-4ff6-8cdc-0ac49b90eca5,34.20282,-74.2269,4.44381,6.00381,-1.93698,-14.29902,1.08542,-3.27918,2.4456,,1.68128,132.33546,-26.49915,6.9173,-1.52356,0.29586,-0.04525,0.00399,-9E-05,2.1524,28.49006,-14.62573,-0.71903,0.53523,-0.1631,0.02776,-0.00178,-8E-05,0.44129,71.00925,0.0216,-0.12813,0.17747,-0.07558,0.02106,-0.00375,0.00032,,,,,,,,,,,,,,,,,,,,,,,High,High,High,Medium,Medium,,,
154,2026-09-28,14:36:11.26,,,,,Undefined,FOR_RAM,"Palmer, Owen",10100501,Left,FOR_RAM,Undefined,1,Bottom,0,0,0,Undefined,Slider,Undefined,Undefined,Undefined,Undefined,0,0,,51.91179,-1.572017,2.730626,1049.96265,124.986935,10:15,5.88209,-1.21379,26.21086,-33.35506,4.64524,-5.6437,2.19916,-0.11596,50.25832,-11.285653,1.088101,0.443675,100.00339,21.121712,39.395819,1791.482672,80.559,35.74858,74.90145,322.60047,247.68949,51.120489,3.477871,8.20323,7.00524,2.05444,50,5.73885,-4.63688,-77.70367,3.55269,5.08549,8.46201,-27.83123,FOR_RAM,,FordhamUniversity,,,20260928-FordhamUniversity-BP-1,6bc392b0-bb6b-11f1-93a8-090a75922668,84.95511,43.88235,,1.65347,,,,2.55345,2.1724,0.50344,3737a129-c7b8-45bf-aff7-ddc2ce9649b7,2026-09-28,18:36:11.26,2026-09-28T14:36:11.2610000-04:00,2026-09-28T18:36:11.2610000Z,LineDrive,v3,471298,,,,,Undefined,FOR_RAM,35f25682-8d49-4824-bbf2-b01d1f807062,34.29392,-75.97401,4.23101,5.88363,-2.1361,-13.91562,1.21289,-3.59739,2.54274,,2.55376,105.71331,-25.99576,6.05898,-0.9755,0.0165,0.0359,-0.00844,0.00068,2.17221,52.86332,-18.24725,1.24312,-0.37266,0.18158,-0.05863,0.01058,-0.00079,0.5034,86.83945,-4.7919,-0.09437,0.08742,0.01976,-0.01416,0.00264,-0.00016,,,,,,,,,,,,,,,,,,,,,,,High,High,High,Medium,Medium,,,
155,2026-09-28,14:36:17.15,,,,,Undefined,FOR_RAM,"Palmer, Owen",10100501,Left,FOR_RAM,Undefined,1,Bottom,0,0,0,Undefined,Slider,Undefined,Undefined,FlyBall,Undefined,0,0,,52.95187,-0.798148,2.443538,1102.805863,131.898727,10:30,6.01189,-1.07437,26.42105,-31.51431,5.09512,-4.72638,2.93017,-0.07415,50.28329,-10.129416,1.060296,0.43548,88.42537,28.569231,12.744951,2474.283554,108.02426,54.74162,20.75227,275.09919,272.23624,7.645754,4.538173,7.14701,7.53619,1.83024,50,5.6818,-4.20158,-79.85453,4.4073,4.55359,11.55822,-27.3725,FOR_RAM,,FordhamUniversity,,,20260928-FordhamUniversity-BP-1,6f349d90-bb6b-11f1-93a8-090a75922668,86.55385,66.86276,,2.66858,,,,1.51122,3.06227,0.09532,3737a129-c7b8-45bf-aff7-ddc2ce9649b7,2026-09-28,18:36:17.15,2026-09-28T14:36:17.1540000-04:00,2026-09-28T18:36:17.1540000Z,FlyBall,v3,471298,,,,,Undefined,FOR_RAM,98e2e7c7-be7b-4a09-a9aa-9cba39e59133,34.08328,-77.5165,5.77911,6.0133,-1.12969,-13.68625,1.07349,-3.28047,2.27679,164.856729,1.51101,111.09784,-23.45718,5.41654,-1.23639,0.27444,-0.04929,0.00551,-0.00027,3.06263,62.00741,-16.71103,0.85256,0.0927,-0.11481,0.03471,-0.00462,0.00023,0.09556,25.12412,-8.64685,2.28026,-0.58523,0.14712,-0.02885,0.00344,-0.00018,,,,,,,,,,,,,,,,,,,,,,,High,High,High,High,High,,,
156,2026-09-28,14:36:23.10,,,,,Undefined,FOR_RAM,"Palmer, Owen",10100501,Left,FOR_RAM,Undefined,1,Bottom,0,0,0,Undefined,Slider,Undefined,Undefined,FlyBall,Undefined,0,0,,51.06475,-1.5926,2.204825,1191.824141,134.65301,10:30,6.08456,-1.08801,25.95057,-33.30313,6.71548,-6.0004,2.38725,-0.31217,49.26534,-11.235569,0.47151,0.455305,94.74773,37.738143,26.790533,3710.42417,97.94661,86.65011,50.06367,285.91813,201.76218,28.077279,5.773374,8.44784,9.69906,1.77404,50,5.96998,-3.88019,-76.51956,3.26122,5.05219,8.67519,-26.37356,FOR_RAM,,FordhamUniversity,,,20260928-FordhamUniversity-BP-1,72c53e60-bb6b-11f1-93a8-090a75922668,82.78504,113.53914,,1.79941,,,,2.27368,2.59161,0.49862,3737a129-c7b8-45bf-aff7-ddc2ce9649b7,2026-09-28,18:36:23.10,2026-09-28T14:36:23.1010000-04:00,2026-09-28T18:36:23.1010000Z,FlyBall,v3,471298,,,,,Undefined,FOR_RAM,25270b60-8a07-44d7-ac6b-757875620e25,34.55369,-74.74786,4.3376,6.08601,-2.12493,-13.18678,1.08697,-2.84841,2.5261,,2.28066,97.96807,-27.81477,7.28802,-1.32449,0.14925,-0.00752,-8E-05,2E-05,2.58716,85.12416,-16.97953,-0.42286,0.54385,-0.18476,0.03802,-0.00426,0.00019,0.50202,49.46998,-12.94232,3.25727,-0.56012,0.05592,-0.00161,-0.00017,1E-05,,,,,,,,,,,,,,,,,,,,,,,High,High,High,High,Medium,,,
157,2026-09-28,14:36:29.41,,,,,Undefined,FOR_RAM,"Palmer, Owen",10100501,Left,FOR_RAM,Undefined,1,Bottom,0,0,0,Undefined,Slider,Undefined,Undefined,GroundBall,Undefined,0,0,,51.15177,-2.319465,2.653001,1066.249718,136.833491,10:30,6.06118,-1.09187,26.37302,-33.4823,5.78473,-4.59855,1.9444,0.0409,49.05829,-12.131375,1.307302,0.451009,99.92989,-1.269136,34.374148,3077.180817,,,,47.65187,42.15806,34.85107,0.327498,6.95465,8.99319,1.90106,50,6.12258,-4.30614,-76.9238,2.51998,4.14043,10.11258,-26.81997,FOR_RAM,,FordhamUniversity,,,20260928-FordhamUniversity-BP-1,768f3eb0-bb6b-11f1-93a8-090a75922668,83.57356,1.9038,,2.09348,,,,1.87547,1.9038,0.46041,3737a129-c7b8-45bf-aff7-ddc2ce9649b7,2026-09-28,18:36:29.41,2026-09-28T14:36:29.4100000-04:00,2026-09-28T18:36:29.4100000Z,GroundBall,v3,471298,,,,,Undefined,FOR_RAM,7af78188-fd74-4ecc-9ee4-33262c335924,34.13095,-74.80853,5.05629,6.06296,-3.09,-13.40999,1.09091,-3.44008,2.07022,,1.88236,120.65929,-21.44098,,,,,,,1.90273,-3.20237,-7.95289,,,,,,,0.45991,82.74966,-3.07111,,,,,,,,,,,,,,,,,,,,,,,,,,,,,High,High,High,Medium,Medium,,,
158,2026-09-28,14:36:40.17,,,,,Undefined,FOR_RAM,"Ford, Tim",1000142266,Right,FOR_RAM,Undefined,1,Bottom,0,0,0,Undefined,Slider,Undefined,Undefined,Undefined,Undefined,0,0,,50.67761,-3.309348,3.228403,992.265373,135.676642,10:30,6.09212,-0.9836,26.39625,-33.9384,5.95989,-4.98374,1.37047,0.44519,48.94369,-13.194842,1.768786,0.45462,,,,,,,,,,,,7.53386,9.64048,1.95896,50,6.42275,-5.07494,-75.95345,1.26528,4.40557,9.21255,-26.5366,FOR_RAM,,FordhamUniversity,,,20260928-FordhamUniversity-BP-1,7cfbfd60-bb6b-11f1-93a8-090a75922668,82.90976,,,1.73392,,,,,,,3737a129-c7b8-45bf-aff7-ddc2ce9649b7,2026-09-28,18:36:40.17,2026-09-28T14:36:40.1720000-04:00,2026-09-28T18:36:40.1720000Z,,v3,471298,,,,,Undefined,FOR_RAM,a7f511f3-a790-4252-b967-18d32e2cd1a0,34.10687,-74.00064,4.60628,6.09478,-4.35977,-13.2683,0.98218,-4.14108,2.20279,,,,,,,,,,,,,,,,,,,,,,,,,,,,,,,,,,,,,,,,,,,,,,,,,,,High,High,High,,,,,
159,2026-09-28,14:36:43.91,,,,,Undefined,FOR_RAM,"Ford, Tim",1000142266,Right,FOR_RAM,Undefined,1,Bottom,0,0,0,Undefined,Slider,Undefined,Undefined,FlyBall,Undefined,0,0,,50.7048,-1.965118,2.545855,1367.598388,129.377132,10:15,6.02857,-1.04624,26.27584,-34.86234,5.10374,-5.21122,1.99638,-0.02152,48.88826,-12.135473,1.024956,0.455006,87.62856,34.266629,-39.949675,2205.495373,81.74079,57.59998,-73.61001,258.50877,134.16578,-47.320909,3.915205,7.65788,7.88048,1.83092,50,5.9708,-4.21597,-76.10879,3.17431,4.50159,9.14957,-27.54159,FOR_RAM,,FordhamUniversity,,,20260928-FordhamUniversity-BP-1,7f2ce720-bb6b-11f1-93a8-090a75922668,82.8394,63.1833,,1.81654,,,,1.89849,1.97282,0.10251,3737a129-c7b8-45bf-aff7-ddc2ce9649b7,2026-09-28,18:36:43.91,2026-09-28T14:36:43.9170000-04:00,2026-09-28T18:36:43.9170000Z,FlyBall,v3,471298,,,,,Undefined,FOR_RAM,a2767df2-c9d5-46bf-88e8-1f7b2db99fe0,34.22844,-74.18856,4.57479,6.03045,-2.60589,-13.77079,1.04525,-3.27122,2.25079,,1.89846,81.42887,-18.7137,4.54326,-1.18648,0.33535,-0.07405,0.0095,-0.00051,1.97338,72.33955,-25.92689,3.40526,-0.41691,-0.09508,0.05175,-0.00872,0.00054,0.10252,-68.20381,10.12068,-2.49386,0.65058,-0.18785,0.0425,-0.00559,0.00031,,,,,,,,,,,,,,,,,,,,,,,High,High,High,Medium,Low,,,
160,2026-09-28,14:36:49.66,,,,,Undefined,FOR_RAM,"Ford, Tim",1000142266,Right,FOR_RAM,Undefined,1,Bottom,0,0,0,Undefined,Slider,Undefined,Undefined,Undefined,Undefined,0,0,,50.51949,-0.041382,1.609531,1070.565773,124.580124,10:15,6.03298,-1.19515,26.15526,-36.31073,3.80949,-4.50925,2.98329,-0.6455,48.90709,-10.62909,0.299039,0.455883,,,,,,,,,,,,6.26953,5.82721,1.70255,50,5.43741,-2.81831,-75.6013,5.87199,3.69269,7.68976,-28.74189,FOR_RAM,,FordhamUniversity,,,20260928-FordhamUniversity-BP-1,82b71f50-bb6b-11f1-93a8-090a75922668,82.68012,,,1.6124,,,,,,,3737a129-c7b8-45bf-aff7-ddc2ce9649b7,2026-09-28,18:36:49.66,2026-09-28T14:36:49.6640000-04:00,2026-09-28T18:36:49.6640000Z,,v3,471298,,,,,Undefined,FOR_RAM,91cd9c74-edb3-4515-adf4-7e873aafee45,34.34791,-73.99212,3.84488,6.03688,-0.14259,-14.37095,1.19364,-2.04557,1.84635,,,,,,,,,,,,,,,,,,,,,,,,,,,,,,,,,,,,,,,,,,,,,,,,,,,High,High,High,,,,,
161,2026-09-28,14:36:53.49,,,,,Undefined,FOR_RAM,"Ford, Tim",1000142266,Right,FOR_RAM,Undefined,1,Bottom,0,0,0,Undefined,Slider,Undefined,Undefined,Undefined,Undefined,0,0,,50.55412,-2.798677,4.117477,1057.139701,124.285197,10:15,5.97469,-1.23305,25.99961,-35.61352,5.21843,-6.49489,1.38511,0.60777,49.11,-13.032626,2.241339,0.459908,,,,,,,,,,,,9.51638,8.1715,2.4469,50,6.15182,-6.43162,-75.48593,2.00246,5.56054,8.09702,-27.39935,FOR_RAM,,FordhamUniversity,,,20260928-FordhamUniversity-BP-1,84f8f900-bb6b-11f1-93a8-090a75922668,81.9564,,,1.44412,,,,,,,3737a129-c7b8-45bf-aff7-ddc2ce9649b7,2026-09-28,18:36:53.49,2026-09-28T14:36:53.4910000-04:00,2026-09-28T18:36:53.4910000Z,,v3,471298,,,,,Undefined,FOR_RAM,58e32ba7-348e-41f3-af0d-43af0b0f74d8,34.50444,-73.80508,4.04851,5.97715,-3.68534,-13.69968,1.23158,-5.27731,2.78027,,,,,,,,,,,,,,,,,,,,,,,,,,,,,,,,,,,,,,,,,,,,,,,,,,,High,High,High,,,,,
162,2026-09-28,14:36:57.83,,,,,Undefined,FOR_RAM,"Ford, Tim",1000142266,Right,FOR_RAM,Undefined,1,Bottom,0,0,0,Undefined,Slider,Undefined,Undefined,FlyBall,Undefined,0,0,,50.97046,-0.91991,3.397751,1066.721365,131.628417,10:30,5.9366,-1.20635,26.43986,-34.65616,4.63299,-4.26488,2.52341,0.37671,48.8437,-11.127359,2.149888,0.451136,95.20518,32.559729,-31.831831,2143.930065,89.76094,62.48905,-63.58414,361.65742,215.85671,-43.139187,5.001251,6.71296,7.03863,2.22192,50,5.58157,-5.24,-76.59593,4.6456,3.97717,9.7029,-28.00394,FOR_RAM,,FordhamUniversity,,,20260928-FordhamUniversity-BP-1,878940d0-bb6b-11f1-93a8-090a75922668,83.55,85.11045,,2.12676,,,,1.40481,2.43005,-0.68646,3737a129-c7b8-45bf-aff7-ddc2ce9649b7,2026-09-28,18:36:57.83,2026-09-28T14:36:57.8350000-04:00,2026-09-28T18:36:57.8350000Z,FlyBall,v3,471298,,,,,Undefined,FOR_RAM,818daa47-284c-4316-b565-5d876ff0c299,34.0643,-74.54993,4.85145,5.93858,-1.25946,-14.00197,1.20541,-4.40136,1.98858,,1.4063,99.96213,-21.47641,5.0679,-1.0528,0.19199,-0.03136,0.00379,-0.00021,2.43154,75.10893,-19.40085,1.12665,0.11184,-0.1378,0.0429,-0.00594,0.00031,-0.68679,-62.06459,4.13067,-0.36969,-0.02254,0.01395,-0.00147,-8E-05,2E-05,,,,,,,,,,,,,,,,,,,,,,,High,High,High,Low,Low,,,
163,2026-09-28,14:37:06.31,,,,,Undefined,FOR_RAM,"Ford, Tim",1000142266,Right,FOR_RAM,Undefined,1,Bottom,0,0,0,Undefined,Slider,Undefined,Undefined,LineDrive,Undefined,0,0,,51.27777,-2.152245,3.753438,1065.921145,139.255125,10:45,5.95504,-1.22837,26.04077,-32.16954,7.93445,-5.99973,2.02955,0.43978,48.86248,-11.523496,2.01989,0.45579,100.98578,24.265883,-41.752349,2517.620102,80.31123,31.79896,-75.16667,224.60457,145.0486,-45.994253,2.386037,9.03166,11.66709,2.3363,50,6.01586,-5.97459,-77.06995,2.29003,5.37108,10.58457,-25.23567,FOR_RAM,,FordhamUniversity,,,20260928-FordhamUniversity-BP-1,8c89c550-bb6b-11f1-93a8-090a75922668,82.69686,32.21152,,2.41529,,,,1.72894,1.5467,-0.00698,3737a129-c7b8-45bf-aff7-ddc2ce9649b7,2026-09-28,18:37:06.31,2026-09-28T14:37:06.3190000-04:00,2026-09-28T18:37:06.3190000Z,FlyBall,v3,471298,,,,,Undefined,FOR_RAM,b05c6537-3e02-455f-a3a5-3bf3c1317a01,34.46267,-74.90571,5.29228,5.95657,-2.86994,-12.61784,1.22694,-4.87636,2.68554,,1.72896,100.73248,-24.9378,6.76279,-1.82477,0.45812,-0.08657,0.00922,-0.00029,1.54669,60.87085,-36.04467,7.26436,-2.13896,0.65396,-0.18477,0.03714,-0.00358,-0.00699,-89.91486,15.45102,-4.21366,1.12868,-0.28022,0.05125,-0.00498,9E-05,,,,,,,,,,,,,,,,,,,,,,,High,High,High,Low,Low,,,
164,2026-09-28,14:37:12.50,,,,,Undefined,FOR_RAM,"Ford, Tim",1000142266,Right,FOR_RAM,Undefined,1,Bottom,0,0,0,Undefined,Slider,Undefined,Undefined,Undefined,Undefined,0,0,,49.76894,-2.146729,3.477727,1479.960513,151.01159,11:00,6.03578,-1.14819,26.52653,-34.84801,5.62792,-2.73347,1.9089,0.60296,48.56556,-12.329244,2.675237,0.457899,,,,,,,,,,,,4.51508,8.56882,2.16995,50,5.99438,-4.97302,-74.33528,3.16796,2.5771,7.23253,-27.28316,FOR_RAM,,FordhamUniversity,,,20260928-FordhamUniversity-BP-1,903a2320-bb6b-11f1-93a8-090a75922668,82.31606,,,1.20337,,,,,,,3737a129-c7b8-45bf-aff7-ddc2ce9649b7,2026-09-28,18:37:12.50,2026-09-28T14:37:12.5070000-04:00,2026-09-28T18:37:12.5070000Z,,v3,471298,,,,,Undefined,FOR_RAM,5af03101-f2b0-4194-8bf2-d769a1d9068a,33.97821,-72.75973,3.61626,6.03713,-2.77548,-13.64158,1.14777,-4.41161,1.28855,,,,,,,,,,,,,,,,,,,,,,,,,,,,,,,,,,,,,,,,,,,,,,,,,,,High,High,High,,,,,
165,2026-09-28,14:37:19.76,,,,,Undefined,FOR_RAM,"Ford, Tim",1000142266,Right,FOR_RAM,Undefined,1,Bottom,0,0,0,Undefined,Curveball,Undefined,Undefined,LineDrive,Undefined,0,0,,50.89767,-1.152411,2.274889,2155.861297,117.691327,10:00,5.79065,-1.2935,26.51699,-35.38616,3.44662,-5.18185,2.18606,-0.43136,49.24181,-11.558238,0.751998,0.448508,94.78851,12.5575,-17.361012,1288.207738,,,,,46.15242,,,7.60804,5.44756,2.01763,50,5.47193,-3.89695,-76.33957,4.58088,4.53401,8.52777,-28.92757,FOR_RAM,,FordhamUniversity,,,20260928-FordhamUniversity-BP-1,94991070-bb6b-11f1-93a8-090a75922668,84.03956,11.42355,,1.65586,,,,1.44769,2.22211,0.33377,3737a129-c7b8-45bf-aff7-ddc2ce9649b7,2026-09-28,18:37:19.76,2026-09-28T14:37:19.7640000-04:00,2026-09-28T18:37:19.7640000Z,,v3,471298,,,,,Undefined,FOR_RAM,c253161d-c736-402e-b7f5-bbd407ed20c6,33.9878,-74.52941,4.26388,5.7926,-1.55947,-14.46378,1.29258,-2.93454,2.267,119.727187,1.45362,129.28844,-21.2296,,,,,,,2.22066,30.28281,-10.62513,,,,,,,0.34057,-40.75352,-10.51397,,,,,,,,,,,,,,,,,,,,,,,,,,,,,High,High,High,Medium,Undefined,,,
166,2026-09-28,14:37:33.12,,,,,Undefined,FOR_RAM,"Ford, Tim",1000142266,Right,FOR_RAM,Undefined,1,Bottom,0,0,0,Undefined,Slider,Undefined,Undefined,Undefined,Undefined,0,0,,48.53744,-1.142286,4.047366,996.298129,122.495276,10:00,5.98704,-1.28403,26.72519,-38.07518,3.92429,-5.05725,2.16718,0.58457,47.3994,-12.346765,2.555024,0.466437,,,,,,,,,,,,7.89268,6.08311,2.5242,50,5.58242,-5.97222,-72.49267,5.06047,4.28967,6.77843,-28.86787,FOR_RAM,,FordhamUniversity,,,20260928-FordhamUniversity-BP-1,9c847fe0-bb6b-11f1-93a8-090a75922668,80.80924,,,1.13803,,,,,,,3737a129-c7b8-45bf-aff7-ddc2ce9649b7,2026-09-28,18:37:33.12,2026-09-28T14:37:33.1230000-04:00,2026-09-28T18:37:33.1230000Z,,v3,471298,,,,,Undefined,FOR_RAM,5edba58e-d658-4109-b5d1-74ac972c8e65,33.77993,-70.95981,3.38921,5.98866,-1.46767,-14.43393,1.28333,-5.00217,2.14483,,,,,,,,,,,,,,,,,,,,,,,,,,,,,,,,,,,,,,,,,,,,,,,,,,,High,High,High,,,,,
167,2026-09-28,14:37:37.13,,,,,Undefined,FOR_RAM,"Grabau, Anthony",1000407420,Left,FOR_RAM,Undefined,1,Bottom,0,0,0,Undefined,Slider,Undefined,Undefined,FlyBall,Undefined,0,0,,49.35833,-0.837485,1.932908,1015.454248,132.418652,10:30,5.92029,-1.27493,26.69299,-35.13943,5.86677,-5.50701,2.51816,-0.64052,47.51833,-11.262351,0.306018,0.460889,96.10093,21.419805,18.654604,911.465855,104.25736,36.07369,35.07708,300.2483,299.09764,18.325055,3.513922,8.05839,8.81567,1.91643,50,5.50211,-3.40465,-74.1919,4.91174,4.50321,8.66137,-27.24765,FOR_RAM,,FordhamUniversity,,,20260928-FordhamUniversity-BP-1,9ef95070-bb6b-11f1-93a8-090a75922668,81.78208,42.80121,,1.84001,,,,1.58158,2.54934,0.62258,3737a129-c7b8-45bf-aff7-ddc2ce9649b7,2026-09-28,18:37:37.13,2026-09-28T14:37:37.1320000-04:00,2026-09-28T18:37:37.1320000Z,LineDrive,v3,471298,,,,,Undefined,FOR_RAM,661364be-44cc-492b-9f96-7082a1466bcc,33.81109,-72.27725,4.33068,5.92214,-1.1115,-13.62383,1.27384,-2.40919,2.2516,177.521655,1.58155,124.31965,-22.12089,4.91677,-1.09144,0.23095,-0.03934,0.00418,-0.00019,2.54948,51.47228,-18.94789,2.19238,-0.62736,0.22767,-0.07271,0.01357,-0.00102,0.62256,41.97015,-7.74067,1.71818,-0.37904,0.0782,-0.0126,0.00122,-5E-05,,,,,,,,,,,,,,,,,,,,,,,High,High,High,High,High,,,
168,2026-09-28,14:37:42.14,,,,,Undefined,FOR_RAM,"Grabau, Anthony",1000407420,Left,FOR_RAM,Undefined,1,Bottom,0,0,0,Undefined,Slider,Undefined,Undefined,LineDrive,Undefined,0,0,,49.66441,-1.600048,2.203478,1010.146993,122.207526,10:00,5.90506,-1.28589,26.34318,-36.31175,5.38012,-7.04615,1.96369,-0.61308,47.64041,-12.243165,0.142309,0.464726,95.97096,14.453337,34.871574,1469.425815,87.09992,17.40679,67.18272,211.1899,156.83954,41.098618,1.97039,10.08575,8.2606,2.00746,50,5.72178,-3.97407,-74.76453,3.82027,5.66607,9.64262,-27.53331,FOR_RAM,,FordhamUniversity,,,20260928-FordhamUniversity-BP-1,a1e573e0-bb6b-11f1-93a8-090a75922668,81.1068,17.41248,,2.024,,,,2.11695,1.97375,0.98151,3737a129-c7b8-45bf-aff7-ddc2ce9649b7,2026-09-28,18:37:42.14,2026-09-28T14:37:42.1440000-04:00,2026-09-28T18:37:42.1440000Z,LineDrive,v3,471298,,,,,Undefined,FOR_RAM,6d5f8f4b-1aca-4baf-98cb-32588b95f6ce,34.16093,-72.69301,4.82131,5.90713,-2.09468,-13.76666,1.28446,-2.75684,2.83304,,2.11701,111.82223,-22.09663,4.07721,-0.44713,-0.40444,0.32905,-0.10462,0.01257,1.97376,35.13154,-21.9499,2.63539,-0.59024,0.12021,-0.01573,0.00092,2E-05,0.98144,77.93561,-5.17328,1.13534,-0.89601,0.84176,-0.49317,0.1478,-0.01758,,,,,,,,,,,,,,,,,,,,,,,High,High,High,Medium,Medium,,,
169,2026-09-28,14:37:48.32,,,,,Undefined,FOR_RAM,"Grabau, Anthony",1000407420,Left,FOR_RAM,Undefined,1,Bottom,0,0,0,Undefined,Slider,Undefined,Undefined,FlyBall,Undefined,0,0,,48.8653,-1.040507,2.703006,1130.344497,138.713124,10:30,6.12266,-1.16583,26.60045,-34.47907,8.42882,-6.40024,2.65867,-0.16532,46.19389,-11.317822,0.819155,0.471455,97.7498,30.717168,11.872939,2175.970669,107.98574,62.73491,20.95327,312.18947,311.40564,8.905209,5.027778,9.56804,12.46965,2.02774,50,5.80041,-4.47004,-73.89202,4.28289,5.1531,10.92855,-25.45823,FOR_RAM,,FordhamUniversity,,,20260928-FordhamUniversity-BP-1,a5a08010-bb6b-11f1-93a8-090a75922668,79.94922,86.2314,,2.67141,,,,1.90574,2.76761,0.16643,3737a129-c7b8-45bf-aff7-ddc2ce9649b7,2026-09-28,18:37:48.32,2026-09-28T14:37:48.3240000-04:00,2026-09-28T18:37:48.3240000Z,FlyBall,v3,471298,,,,,Undefined,FOR_RAM,0bbc8142-bae3-448a-8600-b39486d8208a,33.90222,-71.47153,5.46428,6.12457,-1.35568,-12.72912,1.16409,-3.32871,2.57655,173.695741,1.90498,120.621,-27.98612,6.85612,-1.47502,0.2832,-0.04335,0.00424,-0.00018,2.7696,73.20379,-18.1147,1.28656,-0.26063,0.05291,-0.00855,0.00101,-6E-05,0.16626,25.35829,-7.52192,1.8727,-0.39725,0.07249,-0.01046,0.00098,-4E-05,,,,,,,,,,,,,,,,,,,,,,,High,High,High,High,Medium,,,
170,2026-09-28,14:37:54.43,,,,,Undefined,FOR_RAM,"Grabau, Anthony",1000407420,Left,FOR_RAM,Undefined,1,Bottom,0,0,0,Undefined,Curveball,Undefined,Undefined,Undefined,Undefined,0,0,,50.42586,-3.645951,3.72483,2321.536899,137.180561,10:30,5.97637,-1.24955,26.32256,-32.28994,8.42556,-6.92272,1.19321,0.30677,48.44295,-13.052603,1.704461,0.459252,,,,,,,,,,,,10.22831,13.08887,2.38484,50,6.4347,-5.98637,-75.58611,0.46437,5.89005,9.61007,-24.63674,FOR_RAM,,FordhamUniversity,,,20260928-FordhamUniversity-BP-1,a948a080-bb6b-11f1-93a8-090a75922668,82.07352,,,1.98291,,,,,,,3737a129-c7b8-45bf-aff7-ddc2ce9649b7,2026-09-28,18:37:54.43,2026-09-28T14:37:54.4300000-04:00,2026-09-28T18:37:54.4300000Z,,v3,471298,,,,,Undefined,FOR_RAM,a46e32c4-8dcd-43c1-91f7-dc442316450f,34.17971,-73.54721,4.80504,5.97873,-4.76263,-12.31837,1.24732,-4.73672,2.94502,,,,,,,,,,,,,,,,,,,,,,,,,,,,,,,,,,,,,,,,,,,,,,,,,,,High,High,High,,,,,
171,2026-09-28,14:37:58.39,,,,,Undefined,FOR_RAM,"Grabau, Anthony",1000407420,Left,FOR_RAM,Undefined,1,Bottom,0,0,0,Undefined,Slider,Undefined,Undefined,Undefined,Undefined,0,0,,48.58374,0.490998,1.556667,1038.142544,128.040169,10:15,6.12347,-1.19406,26.70143,-37.991,4.49477,-4.57792,3.23522,-0.69539,46.48413,-10.827127,0.203822,0.46913,,,,,,,,,,,,6.7254,6.54587,1.71284,50,5.28138,-2.7231,-73.21023,6.97559,3.62869,9.11571,-28.64222,FOR_RAM,,FordhamUniversity,,,20260928-FordhamUniversity-BP-1,abab48a0-bb6b-11f1-93a8-090a75922668,80.34541,,,2.09961,,,,,,,3737a129-c7b8-45bf-aff7-ddc2ce9649b7,2026-09-28,18:37:58.39,2026-09-28T14:37:58.3910000-04:00,2026-09-28T18:37:58.3910000Z,,v3,471298,,,,,Undefined,FOR_RAM,0e67c89e-7d3f-4993-8402-059cce936a64,33.80283,-71.16488,4.55785,6.12555,0.54896,-14.32111,1.19318,-1.90891,1.81435,,,,,,,,,,,,,,,,,,,,,,,,,,,,,,,,,,,,,,,,,,,,,,,,,,,High,High,High,,,,,
172,2026-09-28,14:38:03.46,,,,,Undefined,FOR_RAM,"Grabau, Anthony",1000407420,Left,FOR_RAM,Undefined,1,Bottom,0,0,0,Undefined,Slider,Undefined,Undefined,Undefined,Undefined,0,0,,49.36862,-1.617907,3.265292,1056.04914,134.815487,10:30,5.89102,-1.46836,26.63138,-35.06222,6.27922,-5.4302,2.05089,-0.06907,47.50933,-11.973757,1.665828,0.462769,,,,,,,,,,,,8.313,9.59363,2.48074,50,5.70357,-5.10838,-74.15621,3.81621,4.62633,8.9164,-26.83503,FOR_RAM,,FordhamUniversity,,,20260928-FordhamUniversity-BP-1,ae9919c0-bb6b-11f1-93a8-090a75922668,81.4498,,,1.85929,,,,,,,3737a129-c7b8-45bf-aff7-ddc2ce9649b7,2026-09-28,18:38:03.46,2026-09-28T14:38:03.4670000-04:00,2026-09-28T18:38:03.4670000Z,,v3,471298,,,,,Undefined,FOR_RAM,1ae30ddb-4ce8-423c-897a-ae8916b726b3,33.87257,-72.19104,4.4582,5.89289,-2.09821,-13.41752,1.46722,-4.08874,2.31316,,,,,,,,,,,,,,,,,,,,,,,,,,,,,,,,,,,,,,,,,,,,,,,,,,,High,High,High,,,,,
173,2026-09-28,14:38:08.50,,,,,Undefined,FOR_RAM,"Grabau, Anthony",1000407420,Left,FOR_RAM,Undefined,1,Bottom,0,0,0,Undefined,Slider,Undefined,Undefined,LineDrive,Undefined,0,0,,47.66849,-1.426013,2.626217,942.715803,133.324452,10:30,6.10094,-1.22214,26.60901,-38.83002,5.44748,-4.80835,2.05569,-0.133,46.11644,-12.851722,1.208064,0.47892,98.47428,22.504071,19.675684,834.955902,103.68818,42.35608,36.72374,343.33941,339.57258,19.960857,4.382099,7.28008,8.39756,2.04328,50,5.79126,-4.03931,-71.61039,4.53604,3.78697,8.13289,-27.80578,FOR_RAM,,FordhamUniversity,,,20260928-FordhamUniversity-BP-1,b1a06650-bb6b-11f1-93a8-090a75922668,78.70299,59.10248,,1.55206,,,,2.1507,2.16829,0.15996,3737a129-c7b8-45bf-aff7-ddc2ce9649b7,2026-09-28,18:38:08.50,2026-09-28T14:38:08.5070000-04:00,2026-09-28T18:38:08.5070000Z,LineDrive,v3,471298,,,,,Undefined,FOR_RAM,761cfd63-cb43-41d2-b45d-a7b722c211a6,33.89519,-69.75737,4.06645,6.10303,-1.79931,-13.90289,1.22125,-3.17648,1.89349,,2.15128,125.62282,-24.70374,5.5922,-1.1168,0.19588,-0.02743,0.00246,-0.0001,2.16684,55.3201,-14.44584,0.80606,-0.27881,0.0893,-0.01877,0.00246,-0.00015,0.16009,44.92159,-8.47097,1.89771,-0.3823,0.06821,-0.00964,0.00086,-3E-05,,,,,,,,,,,,,,,,,,,,,,,High,High,High,Medium,High,,,
174,2026-09-28,14:38:19.86,,,,,Undefined,FOR_RAM,"Chavez, Carson",1000156814,Right,FOR_RAM,Undefined,1,Bottom,0,0,0,Undefined,Slider,Undefined,Undefined,FlyBall,Undefined,0,0,,49.02932,-1.09245,2.898003,1375.843116,128.207111,10:15,5.95743,-1.13177,26.24353,-37.12116,5.35382,-5.82366,2.23686,0.04569,47.62277,-11.898059,1.201577,0.46907,,,,,,,,,,,,8.48536,7.90839,2.0237,50,5.61361,-4.62557,-73.36127,4.608,4.69629,7.41211,-27.79709,FOR_RAM,,FordhamUniversity,,,20260928-FordhamUniversity-BP-1,b8681640-bb6b-11f1-93a8-090a75922668,80.35561,,,1.40655,,,,,,,3737a129-c7b8-45bf-aff7-ddc2ce9649b7,2026-09-28,18:38:19.86,2026-09-28T14:38:19.8600000-04:00,2026-09-28T18:38:19.8600000Z,,v3,471298,,,,,Undefined,FOR_RAM,86943b6a-65af-4662-8b3e-0efd88315385,34.26104,-71.75345,3.70605,5.9592,-1.42167,-13.89854,1.13082,-3.60687,2.34815,,,,,,,,,,,,,,,,,,,,,,,,,,,,,,,,,,,,,,,,,,,,,,,,,,,High,High,High,,,,,
175,2026-09-28,14:38:24.83,,,,,Undefined,FOR_RAM,"Chavez, Carson",1000156814,Right,FOR_RAM,Undefined,1,Bottom,0,0,0,Undefined,Slider,Undefined,Undefined,FlyBall,Undefined,0,0,,48.23197,-0.729448,2.805374,1049.200172,129.277062,10:15,5.93282,-1.21909,26.5859,-38.17404,5.20355,-5.24264,2.33732,-0.06322,46.43275,-11.999861,1.26232,0.474028,,,,,,,,,,,,7.91052,7.87563,2.09537,50,5.44448,-4.3762,-72.5073,5.32756,4.20734,8.55048,-27.98525,FOR_RAM,,FordhamUniversity,,,20260928-FordhamUniversity-BP-1,bb5b1780-bb6b-11f1-93a8-090a75922668,79.5152,,,1.79921,,,,,,,3737a129-c7b8-45bf-aff7-ddc2ce9649b7,2026-09-28,18:38:24.83,2026-09-28T14:38:24.8370000-04:00,2026-09-28T18:38:24.8370000Z,,v3,471298,,,,,Undefined,FOR_RAM,5e754d0e-8655-4c90-ba42-d3555a79421b,33.91819,-70.58537,4.27524,5.93502,-0.96282,-13.99263,1.218,-3.4305,2.10367,,,,,,,,,,,,,,,,,,,,,,,,,,,,,,,,,,,,,,,,,,,,,,,,,,,High,High,High,,,,,
176,2026-09-28,14:38:28.80,,,,,Undefined,FOR_RAM,"Chavez, Carson",1000156814,Right,FOR_RAM,Undefined,1,Bottom,0,0,0,Undefined,Slider,Undefined,Undefined,FlyBall,Undefined,0,0,,48.57685,-2.337693,3.206813,1086.761199,124.294777,10:15,5.99324,-1.16192,26.27689,-39.60337,4.04555,-4.59083,1.35134,0.29394,47.08851,-13.819755,1.866335,0.475509,91.81504,29.485349,-31.337157,1300.546655,94.37337,48.14711,-56.51254,269.51546,143.76743,-32.858375,3.58356,7.03272,6.6176,2.11945,50,5.9596,-4.78715,-72.88966,3.29969,3.7857,8.52075,-28.6118,FOR_RAM,,FordhamUniversity,,,20260928-FordhamUniversity-BP-1,bdb61e80-bb6b-11f1-93a8-090a75922668,79.26764,53.7907,,1.48834,,,,2.63249,1.72193,0.16083,3737a129-c7b8-45bf-aff7-ddc2ce9649b7,2026-09-28,18:38:28.80,2026-09-28T14:38:28.8010000-04:00,2026-09-28T18:38:28.8010000Z,FlyBall,v3,471298,,,,,Undefined,FOR_RAM,25d1169d-607f-4e69-b294-31a4b569d584,34.22761,-71.02195,4.26037,5.99553,-2.97189,-14.3059,1.16107,-3.95735,1.89285,,2.63261,100.11666,-19.88814,4.76511,-1.04915,0.20016,-0.02817,0.00228,-7E-05,1.72168,66.28927,-24.71804,3.07442,-0.76437,0.22004,-0.05578,0.00878,-0.00058,0.16059,-60.95505,11.67283,-3.1841,0.69645,-0.09925,0.00256,0.00157,-0.00018,,,,,,,,,,,,,,,,,,,,,,,High,High,High,Low,Low,,,
177,2026-09-28,14:38:37.10,,,,,Undefined,FOR_RAM,"Chavez, Carson",1000156814,Right,FOR_RAM,Undefined,1,Bottom,0,0,0,Undefined,Slider,Undefined,Undefined,Undefined,Undefined,0,0,,49.50128,-1.360331,4.925957,929.316264,113.669625,9:45,5.83246,-1.14306,26.91082,-36.88451,3.64965,-6.37485,1.99177,1.09908,47.67841,-12.321283,3.037898,0.458228,,,,,,,,,,,,10.12583,6.16803,2.66821,50,5.51946,-7.44972,-74.23693,4.62933,5.6521,8.86784,-28.73113,FOR_RAM,,FordhamUniversity,,,20260928-FordhamUniversity-BP-1,c2ae3e90-bb6b-11f1-93a8-090a75922668,82.25689,,,1.82287,,,,,,,3737a129-c7b8-45bf-aff7-ddc2ce9649b7,2026-09-28,18:38:37.10,2026-09-28T14:38:37.1010000-04:00,2026-09-28T18:38:37.1010000Z,,v3,471298,,,,,Undefined,FOR_RAM,58fdf635-6e12-439d-8678-0b26da468be4,33.59316,-72.2505,4.43392,5.83562,-1.80654,-14.36556,1.14125,-6.18363,2.82605,,,,,,,,,,,,,,,,,,,,,,,,,,,,,,,,,,,,,,,,,,,,,,,,,,,High,High,High,,,,,
178,2026-09-28,14:38:42.11,,,,,Undefined,FOR_RAM,"Chavez, Carson",1000156814,Right,FOR_RAM,Undefined,1,Bottom,0,0,0,Undefined,Curveball,Undefined,Undefined,LineDrive,Undefined,0,0,,49.32629,-4.366188,3.032849,2003.834495,126.363531,10:15,5.32192,-0.67442,37.02828,-16.75402,1.92402,-2.31539,2.23896,0.30151,48.63614,-11.542704,2.02887,0.311055,95.87868,26.182337,-17.1537,921.066228,105.70628,48.47244,-30.43279,321.36971,321.36971,-14.701842,4.359058,7.50252,6.89611,2.33504,50,5.47677,-5.3712,-74.56588,4.67641,4.32054,7.04521,-28.20273,FOR_RAM,,FordhamUniversity,,,20260928-FordhamUniversity-BP-1,c58c3130-bb6b-11f1-93a8-090a75922668,121.1762,63.67258,,0.69015,,,,2.54871,2.46646,-0.26089,3737a129-c7b8-45bf-aff7-ddc2ce9649b7,2026-09-28,18:38:42.11,2026-09-28T14:38:42.1140000-04:00,2026-09-28T18:38:42.1140000Z,LineDrive,v3,471298,,,,,Undefined,FOR_RAM,ae1e5156-0771-4ab7-93ad-e07ab6cb626a,23.47765,-72.01638,3.52261,5.32241,-5.5295,-14.10137,0.67422,-3.8077,2.16027,,2.54848,120.58446,-23.43688,5.49412,-1.24764,0.26519,-0.04431,0.00455,-0.0002,2.46755,62.01915,-17.51997,0.9986,0.03373,-0.07296,0.0188,-0.00187,5E-05,-0.26054,-37.22759,9.48573,-2.53301,0.66254,-0.16157,0.02951,-0.00324,0.00015,,,,,,,,,,,,,,,,,,,,,,,High,High,High,Medium,High,,,
179,2026-09-28,14:38:46.14,,,,,Undefined,FOR_RAM,"Chavez, Carson",1000156814,Right,FOR_RAM,Undefined,1,Bottom,0,0,0,Undefined,Slider,Undefined,Undefined,LineDrive,Undefined,0,0,,50.84986,-2.428027,2.661673,1094.171638,125.497326,10:15,5.86365,-1.24457,26.93381,-34.04585,3.97327,-4.54851,1.66153,-0.12874,49.30057,-12.524411,1.306933,0.443785,93.34862,24.861595,-14.05172,1333.0658,107.58898,45.66815,-22.90342,327.70127,325.9077,-8.275631,4.46572,7.02426,6.64237,2.09225,50,5.89512,-4.34528,-76.28231,2.9423,4.17063,8.71036,-28.23015,FOR_RAM,,FordhamUniversity,,,20260928-FordhamUniversity-BP-1,c80dabf0-bb6b-11f1-93a8-090a75922668,84.93405,61.01215,,1.54929,,,,2.20004,1.83379,0.14684,3737a129-c7b8-45bf-aff7-ddc2ce9649b7,2026-09-28,18:38:46.14,2026-09-28T14:38:46.1430000-04:00,2026-09-28T18:38:46.1430000Z,LineDrive,v3,471298,,,,,Undefined,FOR_RAM,d4e10b24-4a0d-4c3a-a8eb-8b861af452d5,33.5709,-74.38268,4.35518,5.86545,-3.21435,-14.11508,1.24378,-3.43572,2.08532,199.9893,2.19967,120.51437,-21.78114,4.87287,-1.09696,0.24396,-0.04459,0.00511,-0.00025,1.83464,57.53677,-15.14241,0.4613,0.223,-0.15437,0.04353,-0.00576,0.00029,0.14691,-30.16464,9.53997,-2.42211,0.62598,-0.15991,0.0317,-0.00379,0.00019,,,,,,,,,,,,,,,,,,,,,,,High,High,High,Medium,High,,,
180,2026-09-28,14:38:55.64,,,,,Undefined,FOR_RAM,"Maryott, Gavin",1000410374,Right,FOR_RAM,Undefined,1,Bottom,0,0,0,Undefined,Curveball,Undefined,Undefined,Undefined,Undefined,0,0,,49.82107,-1.796541,3.986267,3158.902258,115.903046,9:45,5.67924,-1.26774,26.28063,-37.8623,3.54292,-5.58386,1.49247,0.55327,48.22186,-12.805003,2.359881,0.463126,60.975,-6.204298,-56.881022,,,,,25.777,25.777,-46.831127,0.246515,8.56146,5.65374,2.45842,50,5.52006,-6.08847,-74.64895,3.85127,4.85508,8.56615,-28.96788,FOR_RAM,,FordhamUniversity,,,20260928-FordhamUniversity-BP-1,cdb2d4e0-bb6b-11f1-93a8-090a75922668,81.38706,2.39187,,1.59921,,,,,,,3737a129-c7b8-45bf-aff7-ddc2ce9649b7,2026-09-28,18:38:55.64,2026-09-28T14:38:55.6440000-04:00,2026-09-28T18:38:55.6440000Z,GroundBall,v3,471298,,,,,Undefined,FOR_RAM,7169861f-4fb4-4630-b799-6567685fe3f6,34.22436,-72.81615,4.28307,5.68103,-2.34663,-14.48394,1.26688,-5.04969,2.42754,,5.60631,48.76595,,,,,,,,2.39337,-9.70274,,,,,,,,-0.36103,-74.75268,,,,,,,,,,,,,,,,,,,,,,,,,,,,,,High,High,High,Estimated,Estimated,,,
181,2026-09-28,14:38:59.78,,,,,Undefined,FOR_RAM,"Maryott, Gavin",1000410374,Right,FOR_RAM,Undefined,1,Bottom,0,0,0,Undefined,Slider,Undefined,Undefined,FlyBall,Undefined,0,0,,49.12355,-1.880266,4.068304,1070.558551,117.915093,10:00,5.73493,-1.25787,26.50361,-38.14163,3.82666,-5.66114,1.48401,0.58804,47.65045,-13.031199,2.407957,0.466264,90.51612,40.360917,-31.792578,3099.347951,96.71247,89.22764,-52.40876,283.99817,143.55082,-26.015405,5.668131,8.77406,6.12815,2.49286,50,5.57164,-6.14782,-73.58731,3.91847,4.84335,8.18462,-28.79127,FOR_RAM,,FordhamUniversity,,,20260928-FordhamUniversity-BP-1,d02b00d0-bb6b-11f1-93a8-090a75922668,80.83926,111.65216,,1.47311,,,,3.04843,1.77892,0.18173,3737a129-c7b8-45bf-aff7-ddc2ce9649b7,2026-09-28,18:38:59.78,2026-09-28T14:38:59.7840000-04:00,2026-09-28T18:38:59.7840000Z,FlyBall,v3,471298,,,,,Undefined,FOR_RAM,59d37ca3-f737-4cf3-bdbc-d53ad9fc0fb1,34.00139,-71.78584,4.09231,5.7367,-2.4186,-14.39563,1.25702,-5.08178,2.42167,,3.05358,85.88375,-19.99688,4.82298,-0.7564,0.05191,0.00399,-0.00091,4E-05,1.77515,86.03352,-18.29227,0.30448,0.26475,-0.117,0.02779,-0.00341,0.00016,0.17795,-53.22098,16.6205,-4.51669,0.83208,-0.08915,0.00252,0.00039,-3E-05,,,,,,,,,,,,,,,,,,,,,,,High,High,High,Low,Low,,,
182,2026-09-28,14:39:05.49,,,,,Undefined,FOR_RAM,"Maryott, Gavin",1000410374,Right,FOR_RAM,Undefined,1,Bottom,0,0,0,Undefined,Slider,Undefined,Undefined,GroundBall,Undefined,0,0,,50.04653,-2.450275,2.518519,1060.491297,135.690887,10:30,5.97572,-1.08899,26.11342,-36.00663,5.64674,-4.60508,1.5627,-0.0223,48.1595,-12.888848,1.180392,0.464512,87.91742,-3.785065,-31.696309,,,,,28.10319,23.41891,-29.323794,0.202382,6.81544,8.76741,1.8459,50,6.04922,-4.01082,-75.19589,2.51955,3.88364,9.52536,-27.1781,FOR_RAM,,FordhamUniversity,,,20260928-FordhamUniversity-BP-1,d3966660-bb6b-11f1-93a8-090a75922668,81.14424,1.72433,,1.88702,,,,2.326,1.72433,-0.06905,3737a129-c7b8-45bf-aff7-ddc2ce9649b7,2026-09-28,18:39:05.49,2026-09-28T14:39:05.4970000-04:00,2026-09-28T18:39:05.4970000Z,GroundBall,v3,471298,,,,,Undefined,FOR_RAM,0665d5be-3bac-4243-9bc0-f49730f60a20,34.39046,-73.19187,4.76268,5.97781,-3.19841,-13.58905,1.08802,-3.19374,1.94182,180,2.32265,109.57581,,,,,,,,1.72459,-8.52015,,,,,,,,-0.06698,-67.66565,,,,,,,,,,,,,,,,,,,,,,,,,,,,,,High,High,High,Low,Low,,,
183,2026-09-28,14:39:10.52,,,,,Undefined,FOR_RAM,"Maryott, Gavin",1000410374,Right,FOR_RAM,Undefined,1,Bottom,0,0,0,Undefined,Slider,Undefined,Undefined,LineDrive,Undefined,0,0,,49.69272,-2.619912,3.536254,1049.100623,123.453454,10:00,5.68325,-1.24174,27.95006,-33.16431,4.16847,-5.25107,1.49196,0.24503,48.28554,-12.756043,1.922195,0.439761,102.47396,19.442579,-27.995354,1263.395189,94.79782,24.83629,-55.79688,230.8938,230.8938,-32.944978,2.256882,8.72308,7.31721,2.43836,50,5.69905,-5.63934,-74.58815,3.26011,4.95415,8.28756,-28.01835,FOR_RAM,,FordhamUniversity,,,20260928-FordhamUniversity-BP-1,d68d1120-bb6b-11f1-93a8-090a75922668,85.71126,25.38575,,1.40718,,,,2.39161,1.18694,-0.22871,3737a129-c7b8-45bf-aff7-ddc2ce9649b7,2026-09-28,18:39:10.52,2026-09-28T14:39:10.5220000-04:00,2026-09-28T18:39:10.5220000Z,LineDrive,v3,471298,,,,,Undefined,FOR_RAM,8dee6451-b06a-4ff6-acb0-e0f977159075,32.55489,-72.62394,4.14378,5.6848,-3.38042,-14.00917,1.24094,-4.46518,2.47708,,2.39161,125.14057,-27.0088,6.28241,-1.43028,0.27683,-0.04938,0.00672,-0.00043,1.18694,50.02734,-30.05816,5.18927,-1.21767,0.27182,-0.05164,0.00745,-0.00054,-0.2287,-66.52572,1.60188,3.11891,-1.35125,0.4273,-0.09887,0.01581,-0.00122,,,,,,,,,,,,,,,,,,,,,,,High,High,High,Low,Medium,,,
184,2026-09-28,14:39:16.07,,,,,Undefined,FOR_RAM,"Maryott, Gavin",1000410374,Right,FOR_RAM,Undefined,1,Bottom,0,0,0,Undefined,Slider,Undefined,Undefined,FlyBall,Undefined,0,0,,50.33031,-1.690778,2.774402,1087.729275,132.162521,10:30,6.03114,-1.19315,26.61707,-34.29289,5.38063,-5.05236,2.21374,-0.04054,48.53871,-11.808525,1.285512,0.453338,94.21242,28.181116,-18.388814,1831.564073,104.05189,57.22278,-35.68155,349.68892,339.40032,-21.331542,5.173858,7.65063,8.29256,2.06104,50,5.8759,-4.50196,-75.56611,3.68136,4.43867,8.91739,-27.36294,FOR_RAM,,FordhamUniversity,,,20260928-FordhamUniversity-BP-1,d9e0a8f0-bb6b-11f1-93a8-090a75922668,83.14429,82.66126,,1.7916,,,,2.39436,2.33804,0.16712,3737a129-c7b8-45bf-aff7-ddc2ce9649b7,2026-09-28,18:39:16.07,2026-09-28T14:39:16.0790000-04:00,2026-09-28T18:39:16.0790000Z,FlyBall,v3,471298,,,,,Undefined,FOR_RAM,b650d4cc-7c97-41d8-863f-5c17ff40d38d,33.88734,-73.64015,4.45869,6.0328,-2.22844,-13.68147,1.19224,-3.5433,2.21933,171.953199,2.39572,115.55015,-24.79645,5.75529,-1.01624,0.13905,-0.01625,0.0016,-8E-05,2.3391,65.23473,-12.9192,-0.56105,0.3407,-0.11906,0.02885,-0.00371,0.00019,0.16685,-38.41838,5.84421,-1.1995,0.20653,-0.0338,0.00559,-0.00068,4E-05,,,,,,,,,,,,,,,,,,,,,,,High,High,High,High,Low,,,
185,2026-09-28,14:39:28.32,,,,,Undefined,FOR_RAM,"Palmer, Owen",10100501,Left,FOR_RAM,Undefined,1,Bottom,0,0,0,Undefined,Slider,Undefined,Undefined,LineDrive,Undefined,0,0,,47.6688,-1.866679,2.464571,996.273983,141.028736,10:45,6.19034,-0.85615,25.75213,-39.65927,5.87551,-4.28087,1.79788,0.222,47.29605,-13.114991,1.233698,0.485672,91.9417,27.957155,19.826034,2591.29359,,,,,312.76102,,,6.01969,8.375,1.58016,50,6.04152,-3.6852,-70.78592,3.70105,3.19098,4.6786,-27.73452,FOR_RAM,,FordhamUniversity,,,20260928-FordhamUniversity-BP-1,e14200d0-bb6b-11f1-93a8-090a75922668,77.60883,52.03879,,0.37276,,,,2.12715,1.98496,-0.19637,3737a129-c7b8-45bf-aff7-ddc2ce9649b7,2026-09-28,18:39:28.32,2026-09-28T14:39:28.3280000-04:00,2026-09-28T18:39:28.3280000Z,,v3,471298,,,,,Undefined,FOR_RAM,acad35a1-5729-42d4-9768-3d539282239c,34.75271,-69.77087,2.3393,6.19175,-2.31611,-13.86726,0.85573,-2.9929,1.59549,170.891287,2.12715,112.05059,-21.61015,5.13342,-1.13842,0.24495,-0.04047,-0.00036,0.00184,1.98496,63.21808,-14.43585,0.25058,0.10981,-0.03536,-0.01025,0.01502,-0.00463,-0.19637,40.39822,-9.73562,1.83882,-0.35065,0.073,-0.01969,0.0062,-0.00126,,,,,,,,,,,,,,,,,,,,,,,High,High,High,High,Undefined,,,
186,2026-09-28,14:39:33.19,,,,,Undefined,FOR_RAM,"Palmer, Owen",10100501,Left,FOR_RAM,Undefined,1,Bottom,0,0,0,Undefined,Slider,Undefined,Undefined,FlyBall,Undefined,0,0,,48.65957,-1.588101,3.04142,1089.004495,127.026176,10:15,6.19855,-0.89468,25.98601,-39.27085,4.74366,-5.15028,2.0069,0.43502,47.23669,-12.903806,1.552425,0.477496,87.04773,31.968092,16.456987,3455.609892,105.07144,67.21507,32.55695,270.27422,266.78694,16.392014,5.134763,7.55977,7.15559,1.79654,50,5.98454,-4.64098,-72.87179,4.04532,4.10208,7.83309,-28.29128,FOR_RAM,,FordhamUniversity,,,20260928-FordhamUniversity-BP-1,e418ee90-bb6b-11f1-93a8-090a75922668,78.93775,81.88802,,1.42288,,,,0.87902,2.49071,-0.31666,3737a129-c7b8-45bf-aff7-ddc2ce9649b7,2026-09-28,18:39:33.19,2026-09-28T14:39:33.1950000-04:00,2026-09-28T18:39:33.1950000Z,FlyBall,v3,471298,,,,,Undefined,FOR_RAM,ae60c93d-7460-47bd-bc9d-1f2ad5eb300e,34.51856,-71.18822,3.91655,6.20054,-2.03534,-14.14564,0.8938,-3.75932,2.05104,186.844126,0.88179,103.81112,-27.27332,6.9806,-1.29704,0.1506,-0.00578,-0.00057,5E-05,2.48846,67.63567,-14.37627,-0.68719,0.52698,-0.16639,0.03676,-0.0047,0.00025,-0.31603,30.67225,-5.70735,0.80493,-0.05207,-0.00624,0.00089,0.00011,-2E-05,,,,,,,,,,,,,,,,,,,,,,,High,High,High,Medium,Medium,,,
187,2026-09-28,14:39:41.67,,,,,Undefined,FOR_RAM,"Palmer, Owen",10100501,Left,FOR_RAM,Undefined,1,Bottom,0,0,0,Undefined,Curveball,Undefined,Undefined,LineDrive,Undefined,0,0,,48.66831,-1.463188,3.280418,2142.174411,138.107822,10:30,5.8071,-1.20779,26.34588,-38.22345,4.56445,-3.4289,1.78407,0.38323,47.50035,-12.579422,2.279013,0.470795,99.77749,13.141616,15.444455,4998.160265,106.88183,20.63091,26.0052,299.14305,299.14305,11.123485,2.87608,5.38221,6.91162,2.17381,50,5.53246,-4.71452,-72.74428,4.38063,2.93811,7.03312,-28.40106,FOR_RAM,,FordhamUniversity,,,20260928-FordhamUniversity-BP-1,e921d780-bb6b-11f1-93a8-090a75922668,80.06126,23.59764,,1.16796,,,,1.38475,1.68906,-0.43277,3737a129-c7b8-45bf-aff7-ddc2ce9649b7,2026-09-28,18:39:41.67,2026-09-28T14:39:41.6710000-04:00,2026-09-28T18:39:41.6710000Z,LineDrive,v3,471298,,,,,Undefined,FOR_RAM,92d85652-ed63-4073-b2cf-0c0aa494fce6,34.15901,-71.19625,3.51656,5.8087,-1.87058,-14.20053,1.20729,-4.06783,1.46906,148.101341,1.38472,137.36207,-18.25977,3.21908,-0.63189,0.09544,-0.00551,-0.00104,0.00017,1.68895,33.27429,-13.66972,0.91631,-0.05362,-0.09891,0.06141,-0.01469,0.00132,-0.43259,37.94558,-9.38695,1.81013,-0.57467,0.31624,-0.13106,0.02856,-0.00248,,,,,,,,,,,,,,,,,,,,,,,High,High,High,High,High,,,
188,2026-09-28,14:39:46.72,,,,,Undefined,FOR_RAM,"Palmer, Owen",10100501,Left,FOR_RAM,Undefined,1,Bottom,0,0,0,Undefined,Slider,Undefined,Undefined,LineDrive,Undefined,0,0,,49.17693,-1.906855,3.626559,1141.706004,133.839632,10:30,5.9385,-1.21558,26.27803,-34.49002,6.73347,-6.54583,1.96974,0.31853,48.87968,-11.853293,1.720338,0.462108,86.74731,10.317987,35.117873,1815.70313,87.43758,7.91321,66.74277,152.81283,142.82741,38.891109,1.468489,9.36449,9.68146,2.33207,50.00031,5.83432,-5.70121,-72.76181,3.39178,5.30815,3.92782,-26.68623,FOR_RAM,,FordhamUniversity,,,20260928-FordhamUniversity-BP-1,ec221f30-bb6b-11f1-93a8-090a75922668,81.56624,9.51743,,0.29725,,,,2.12438,1.99271,-0.2009,3737a129-c7b8-45bf-aff7-ddc2ce9649b7,2026-09-28,18:39:46.72,2026-09-28T14:39:46.7200000-04:00,2026-09-28T18:39:46.7200000Z,LineDrive,v3,471298,,,,,Undefined,FOR_RAM,303fd2cf-b285-427f-9459-d8f7ab1531f4,34.22705,-71.90529,1.96391,5.93946,-2.42749,-13.34311,1.21505,-4.5437,2.65408,,2.12438,102.38676,-20.79957,4.73459,-1.05523,0.24056,-0.0528,0.00917,-0.00086,1.99271,22.78816,-18.06949,1.3714,-0.21792,0.03099,-0.00376,0.00043,-3E-05,-0.2009,72.00635,-6.29786,1.68213,-0.39089,0.09301,-0.0206,0.00365,-0.00035,,,,,,,,,,,,,,,,,,,,,,,High,High,High,Medium,Medium,,,
189,2026-09-28,14:39:52.52,,,,,Undefined,FOR_RAM,"Palmer, Owen",10100501,Left,FOR_RAM,Undefined,1,Bottom,0,0,0,Undefined,Slider,Undefined,Undefined,LineDrive,Undefined,0,0,,49.61621,0.188122,2.733137,1377.608449,108.152123,9:30,5.85177,-1.20332,26.5263,-39.57652,1.51878,-2.09882,2.66077,0.1763,47.72048,-11.486106,2.116877,0.461389,98.79769,21.087045,14.107186,2393.086961,107.59828,40.70019,22.86059,336.31022,330.81333,7.549389,4.272272,3.59819,2.57055,2.00292,50,5.09206,-3.89691,-74.59401,6.84686,2.02727,8.97594,-30.72575,FOR_RAM,,FordhamUniversity,,,20260928-FordhamUniversity-BP-1,efa99840-bb6b-11f1-93a8-090a75922668,81.69336,55.6185,,1.89574,,,,1.16115,2.65064,-0.16925,3737a129-c7b8-45bf-aff7-ddc2ce9649b7,2026-09-28,18:39:52.52,2026-09-28T14:39:52.5290000-04:00,2026-09-28T18:39:52.5290000Z,LineDrive,v3,471298,,,,,Undefined,FOR_RAM,9421a46c-5adf-45e2-86d0-d554e7eefdc2,33.97843,-72.64055,4.48797,5.85452,0.15991,-15.36288,1.20283,-3.45571,1.01364,158.438401,1.16126,131.11836,-25.44808,5.83884,-1.21802,0.22472,-0.03185,0.00277,-0.0001,2.65036,52.14403,-12.87219,-0.18857,0.12479,0.0028,-0.01191,0.00296,-0.00023,-0.16912,32.94863,-11.67102,3.05455,-0.69686,0.13029,-0.0173,0.00135,-4E-05,,,,,,,,,,,,,,,,,,,,,,,High,High,High,High,High,,,
190,2026-09-28,14:40:16.22,,,,,Undefined,FOR_RAM,"Beaudreau, Bradley",1000297368,Left,FOR_RAM,Undefined,1,Bottom,0,0,0,Undefined,Slider,Undefined,Undefined,Undefined,Undefined,0,0,,50.11787,0.807313,2.822835,1023.89252,142.555659,10:45,6.02352,-1.04981,25.98827,-38.18423,3.61351,-2.0776,3.30851,0.40921,47.84034,-10.32913,2.223343,0.465316,,,,,,,,,,,,3.57996,4.86591,1.84505,50,5.18314,-4.03417,-75.36444,7.10329,2.04771,9.62743,-29.39081,FOR_RAM,,FordhamUniversity,,,20260928-FordhamUniversity-BP-1,fdae9d50-bb6b-11f1-93a8-090a75922668,81.00398,,,2.27752,,,,,,,3737a129-c7b8-45bf-aff7-ddc2ce9649b7,2026-09-28,18:40:16.22,2026-09-28T14:40:16.2220000-04:00,2026-09-28T18:40:16.2220000Z,,v3,471298,,,,,Undefined,FOR_RAM,98b89839-d804-49b2-a7d9-c3a7a4219554,34.5166,-73.35986,4.81371,6.02506,0.98365,-14.6954,1.04946,-3.6078,1.02386,,,,,,,,,,,,,,,,,,,,,,,,,,,,,,,,,,,,,,,,,,,,,,,,,,,High,High,High,,,,,
191,2026-09-28,14:40:20.20,,,,,Undefined,FOR_RAM,"Beaudreau, Bradley",1000297368,Left,FOR_RAM,Undefined,1,Bottom,0,0,0,Undefined,Slider,Undefined,Undefined,LineDrive,Undefined,0,0,,49.85249,-1.774062,3.37722,1073.729921,129.007038,10:15,6.18615,-1.00049,26.19439,-37.24211,4.10733,-4.12012,2.062,0.59738,48.43207,-12.567708,2.178829,0.462814,78.32098,23.061239,3.546545,1411.863939,109.99817,33.08933,0.62328,242.71235,240.59377,-3.222009,3.139821,6.33874,6.3615,1.9932,50,6.03487,-5.05427,-74.60197,3.75562,3.61546,7.95816,-28.54562,FOR_RAM,,FordhamUniversity,,,20260928-FordhamUniversity-BP-1,0024a660-bb6c-11f1-93a8-090a75922668,81.44195,34.39932,,1.42042,,,,2.43322,2.32476,-0.55364,3737a129-c7b8-45bf-aff7-ddc2ce9649b7,2026-09-28,18:40:20.20,2026-09-28T14:40:20.2070000-04:00,2026-09-28T18:40:20.2070000Z,LineDrive,v3,471298,,,,,Undefined,FOR_RAM,21fec5fe-e99a-4f78-951b-de5408cb27e5,34.31043,-72.90908,3.97908,6.18791,-2.31672,-14.27281,0.99984,-4.28517,1.80773,133.478572,2.43304,105.49472,-14.27059,2.68518,-0.62412,0.17474,-0.04792,0.00822,-0.00055,2.32487,44.99259,-17.07024,1.01721,-0.07956,-0.02038,0.0128,-0.00179,3E-05,-0.55367,6.53869,-6.23436,1.68494,-0.41804,0.08745,-0.01634,0.00214,-0.00012,,,,,,,,,,,,,,,,,,,,,,,High,High,High,High,High,,,
192,2026-09-28,14:40:29.38,,,,,Undefined,FOR_RAM,"Beaudreau, Bradley",1000297368,Left,FOR_RAM,Undefined,1,Bottom,0,0,0,Undefined,Slider,Undefined,Undefined,LineDrive,Undefined,0,0,,49.60456,-1.771144,3.415505,1079.893499,148.313242,11:00,6.12022,-1.0452,26.09464,-35.19073,6.28874,-3.50732,2.16557,0.63175,48.71836,-11.909478,2.399447,0.463541,86.27911,25.250251,-33.12265,3883.837653,92.29234,31.38,-59.85034,203.63375,121.28398,-33.600061,2.525489,5.30996,9.11607,2.03349,50,5.99659,-4.96352,-73.79759,3.4599,3.03057,5.90252,-26.9712,FOR_RAM,,FordhamUniversity,,,20260928-FordhamUniversity-BP-1,05a29840-bb6c-11f1-93a8-090a75922668,81.31419,31.39027,,0.88621,,,,1.66838,1.76973,0.09204,3737a129-c7b8-45bf-aff7-ddc2ce9649b7,2026-09-28,18:40:29.38,2026-09-28T14:40:29.3800000-04:00,2026-09-28T18:40:29.3800000Z,LineDrive,v3,471298,,,,,Undefined,FOR_RAM,ae52123c-1a9f-4e76-867b-69633448d1b0,34.40998,-72.53995,2.95126,6.12156,-2.28684,-13.4856,1.0447,-4.3178,1.51529,,1.66825,95.85884,-19.11395,4.74859,-1.14568,0.205,0.01706,-0.01843,0.0027,1.76992,53.97213,-28.59073,4.51746,-1.1873,0.44672,-0.20332,0.05646,-0.00624,0.09215,-62.54469,11.70183,-2.93217,0.70314,-0.10175,-0.03292,0.01894,-0.00257,,,,,,,,,,,,,,,,,,,,,,,High,High,High,Low,Low,,,
193,2026-09-28,14:40:33.71,,,,,Undefined,FOR_RAM,"Beaudreau, Bradley",1000297368,Left,FOR_RAM,Undefined,1,Bottom,0,0,0,Undefined,Slider,Undefined,Undefined,FlyBall,Undefined,0,0,,49.5646,-2.455831,4.134002,1051.37591,134.752786,10:30,6.03779,-1.08818,26.91352,-35.44919,4.90752,-4.10473,1.7001,0.89536,47.92248,-12.953617,2.915168,0.457224,77.78149,36.848171,-22.11042,3965.772254,99.80527,55.37667,-46.24776,204.55005,99.96634,-36.788819,3.660789,6.85323,8.01406,2.34903,50,6.05613,-6.07059,-74.35799,3.02165,3.84065,8.83624,-27.68285,FOR_RAM,,FordhamUniversity,,,20260928-FordhamUniversity-BP-1,0832e010-bb6c-11f1-93a8-090a75922668,82.43753,55.83386,,1.64211,,,,2.01078,1.62,-0.66889,3737a129-c7b8-45bf-aff7-ddc2ce9649b7,2026-09-28,18:40:33.71,2026-09-28T14:40:33.7160000-04:00,2026-09-28T18:40:33.7160000Z,FlyBall,v3,471298,,,,,Undefined,FOR_RAM,6b6d5e9b-49ac-46c0-b1ef-c2c3d472fd24,33.59094,-72.38178,4.41812,6.03959,-3.16958,-13.84142,1.0874,-5.21164,1.92032,,2.0129,84.51748,-17.26699,2.74789,-0.20627,-0.03158,-0.04034,0.0201,-0.00227,1.62005,68.41743,-25.49986,3.30075,-0.92889,0.40829,-0.16012,0.03433,-0.00282,-0.67281,-34.23123,6.05383,-1.68411,-1.2158,1.23081,-0.47176,0.08197,-0.00535,,,,,,,,,,,,,,,,,,,,,,,High,High,High,Medium,Low,,,
194,2026-09-28,14:40:44.59,,,,,Undefined,FOR_RAM,"Forney, Colden",1000306564,Right,FOR_RAM,Undefined,1,Bottom,0,0,0,Undefined,Slider,Undefined,Undefined,FlyBall,Undefined,0,0,,50.112,-0.662981,2.376702,1070.399014,122.650265,10:00,5.84262,-1.31881,26.70623,-34.89333,5.1491,-6.62725,2.55979,-0.527,47.86282,-11.05239,0.418984,0.45544,74.45704,28.787326,11.105409,3128.411937,104.95631,44.57223,32.92655,227.92953,89.05931,24.526162,3.676241,9.76351,7.81205,2.10356,50,5.38676,-4.22061,-75.52941,5.11833,5.58976,9.96397,-27.70151,FOR_RAM,,FordhamUniversity,,,20260928-FordhamUniversity-BP-1,0ea459b0-bb6c-11f1-93a8-090a75922668,82.76041,46.00992,,2.24918,,,,2.0295,2.70444,0.53537,3737a129-c7b8-45bf-aff7-ddc2ce9649b7,2026-09-28,18:40:44.59,2026-09-28T14:40:44.5920000-04:00,2026-09-28T18:40:44.5920000Z,FlyBall,v3,471298,,,,,Undefined,FOR_RAM,72766ba3-8d75-4833-a0a1-a833f3062621,33.79782,-73.36086,4.98199,5.84464,-0.91061,-13.85076,1.31737,-3.00406,2.79488,225.048452,2.0291,93.92892,-18.93337,4.35914,-1.10601,0.32752,-0.09103,0.01585,-0.00113,2.70495,52.57152,-17.12483,0.50941,0.31217,-0.20818,0.0695,-0.01118,0.00068,0.53541,18.43364,5.73982,-2.3671,0.70598,-0.16938,0.03271,-0.00405,0.00021,,,,,,,,,,,,,,,,,,,,,,,High,High,High,High,Low,,,
195,2026-09-28,14:40:49.02,,,,,Undefined,FOR_RAM,"Forney, Colden",1000306564,Right,FOR_RAM,Undefined,1,Bottom,0,0,0,Undefined,Slider,Undefined,Undefined,FlyBall,Undefined,0,0,,51.3662,-2.086103,3.496488,1124.141554,127.417399,10:15,6.07164,-1.26268,26.74509,-33.62415,4.15134,-4.46134,2.08927,0.34183,49.65493,-12.019091,2.177698,0.442361,85.89305,22.574161,-10.689806,2235.854746,109.13925,39.74056,-13.73357,304.01291,301.89957,-1.211816,4.012657,7.06335,6.71292,2.33441,50,6.02897,-5.47855,-77.01577,3.20944,4.2697,8.98831,-28.11619,FOR_RAM,,FordhamUniversity,,,20260928-FordhamUniversity-BP-1,11434780-bb6c-11f1-93a8-090a75922668,85.20748,48.05652,,1.71127,,,,2.41421,2.33485,-0.28611,3737a129-c7b8-45bf-aff7-ddc2ce9649b7,2026-09-28,18:40:49.02,2026-09-28T14:40:49.0280000-04:00,2026-09-28T18:40:49.0280000Z,LineDrive,v3,471298,,,,,Undefined,FOR_RAM,f01a4247-9fb0-41ee-94f8-ad8f23dfac75,33.75964,-75.09648,4.49415,6.0733,-2.79425,-14.0581,1.26191,-4.56684,2.13485,214.469633,2.41376,114.31914,-18.45616,3.91733,-0.80837,0.17802,-0.03764,0.00547,-0.00034,2.33601,48.32371,-12.56664,-0.59592,0.48268,-0.19277,0.05166,-0.00737,0.00041,-0.28569,-21.59187,11.17342,-3.1249,0.74118,-0.15114,0.02609,-0.00321,0.00018,,,,,,,,,,,,,,,,,,,,,,,High,High,High,High,High,,,
196,2026-09-28,14:40:53.32,,,,,Undefined,FOR_RAM,"Forney, Colden",1000306564,Right,FOR_RAM,Undefined,1,Bottom,0,0,0,Undefined,Slider,Undefined,Undefined,GroundBall,Undefined,0,0,,51.44762,-0.390471,2.903343,1105.348734,140.838478,10:45,6.04129,-1.36098,26.88382,-32.15766,5.15394,-3.59362,3.14172,-0.02709,49.36559,-10.01272,1.837507,0.439636,89.77304,6.197976,-14.515793,1125.046169,,,,92.33144,87.52898,-15.310601,0.757981,5.7491,7.74898,2.25598,50,5.5312,-4.54694,-77.28966,5.3326,3.49017,9.30726,-27.46977,FOR_RAM,,FordhamUniversity,,,20260928-FordhamUniversity-BP-1,13d5b230-bb6c-11f1-93a8-090a75922668,85.73555,5.23568,,2.08203,,,,2.41565,3.30221,0.0666,3737a129-c7b8-45bf-aff7-ddc2ce9649b7,2026-09-28,18:40:53.32,2026-09-28T14:40:53.3200000-04:00,2026-09-28T18:40:53.3200000Z,GroundBall,v3,471298,,,,,Undefined,FOR_RAM,3b4b7b98-2e4e-4ce0-846a-8bbaa9ac74a9,33.62032,-75.29138,4.65363,6.04298,-0.5652,-13.73489,1.36019,-3.7976,1.74509,24.559001,2.41565,126.7189,-17.20014,1.25617,-0.3083,0.22427,-0.28993,0.20737,-0.05329,3.30221,14.21544,-27.13486,3.99813,-0.98977,0.81663,-0.99602,0.7354,-0.21077,0.0666,-32.80896,0.28891,0.68727,-0.20486,0.20975,-0.2692,0.20282,-0.06006,,,,,,,,,,,,,,,,,,,,,,,High,High,High,High,Medium,,,
197,2026-09-28,14:40:58.21,,,,,Undefined,FOR_RAM,"Forney, Colden",1000306564,Right,FOR_RAM,Undefined,1,Bottom,0,0,0,Undefined,Slider,Undefined,Undefined,GroundBall,Undefined,0,0,,51.71604,-3.304095,2.967651,1046.431848,127.662274,10:15,6.25141,-1.22821,26.4775,-33.04045,5.79307,-6.13618,1.61277,-0.04889,48.97455,-13.031029,1.162494,0.448513,79.89134,-9.438786,-7.436189,,,,,13.07365,13.07365,-5.873297,0.093682,9.28961,9.67335,2.15185,50,6.60661,-5.02954,-78.14475,1.04399,5.57144,12.60727,-26.37247,FOR_RAM,,FordhamUniversity,,,20260928-FordhamUniversity-BP-1,16c8da80-bb6c-11f1-93a8-090a75922668,84.03872,1.80336,,2.74148,,,,2.24861,1.80336,0.06611,3737a129-c7b8-45bf-aff7-ddc2ce9649b7,2026-09-28,18:40:58.21,2026-09-28T14:40:58.2150000-04:00,2026-09-28T18:40:58.2150000Z,GroundBall,v3,471298,,,,,Undefined,FOR_RAM,e8f015ea-ca7b-43e1-85d5-4c00d662a587,34.02554,-75.5236,6.30364,6.25368,-4.43907,-13.18623,1.22658,-3.8712,2.78572,,2.24555,114.81828,,,,,,,,1.80387,-19.24981,,,,,,,,0.06651,-14.98604,,,,,,,,,,,,,,,,,,,,,,,,,,,,,,High,High,High,Estimated,Estimated,,,
198,2026-09-28,14:41:02.15,,,,,Undefined,FOR_RAM,"Velit, Liam",1000239563,Right,FOR_RAM,Undefined,1,Bottom,0,0,0,Undefined,Slider,Undefined,Undefined,Undefined,Undefined,0,0,,50.54033,0.399605,1.544673,1037.114761,134.173754,10:30,5.89934,-1.3789,27.14996,-33.0838,4.96229,-4.30701,3.36521,-0.87652,48.34279,-9.612001,0.255436,0.443942,,,,,,,,,,,,6.34181,7.68863,1.90234,50,5.12661,-2.77926,-76.04242,6.56895,3.71688,9.24153,-27.66782,FOR_RAM,,FordhamUniversity,,,20260928-FordhamUniversity-BP-1,193a0190-bb6c-11f1-93a8-090a75922668,84.90394,,,2.19754,,,,,,,3737a129-c7b8-45bf-aff7-ddc2ce9649b7,2026-09-28,18:41:02.15,2026-09-28T14:41:02.1510000-04:00,2026-09-28T18:41:02.1510000Z,,v3,471298,,,,,Undefined,FOR_RAM,a8c5ca35-325b-4c7b-b38b-43fcaa24e62c,33.35198,-73.99151,4.62077,5.90309,0.42881,-13.83391,1.37709,-1.9544,1.85844,,,,,,,,,,,,,,,,,,,,,,,,,,,,,,,,,,,,,,,,,,,,,,,,,,,High,High,High,,,,,
199,2026-09-28,14:41:06.49,,,,,Undefined,FOR_RAM,"Velit, Liam",1000239563,Right,FOR_RAM,Undefined,1,Bottom,0,0,0,Undefined,Slider,Undefined,Undefined,Undefined,Undefined,0,0,,49.94241,0.492649,0.887141,1011.926238,135.238493,10:30,6.07867,-1.21499,26.65631,-35.59018,5.03221,-4.02492,3.39174,-1.04818,47.31694,-10.14661,-0.300406,0.458727,,,,,,,,,,,,5.58579,7.70579,1.52446,50,5.31311,-1.77574,-75.37898,6.56711,3.16444,10.4768,-27.80858,FOR_RAM,,FordhamUniversity,,,20260928-FordhamUniversity-BP-1,1bc7b150-bb6c-11f1-93a8-090a75922668,82.16753,,,2.62548,,,,,,,3737a129-c7b8-45bf-aff7-ddc2ce9649b7,2026-09-28,18:41:06.49,2026-09-28T14:41:06.4900000-04:00,2026-09-28T18:41:06.4900000Z,,v3,471298,,,,,Undefined,FOR_RAM,94d1a480-9ef4-401c-a20a-98438415562b,33.844,-73.099,5.2384,6.08376,0.51536,-13.90429,1.21295,-1.08709,1.58222,,,,,,,,,,,,,,,,,,,,,,,,,,,,,,,,,,,,,,,,,,,,,,,,,,,High,High,High,,,,,
200,2026-09-28,14:41:10.63,,,,,Undefined,FOR_RAM,"Velit, Liam",1000239563,Right,FOR_RAM,Undefined,1,Bottom,0,0,0,Undefined,Slider,Undefined,Undefined,Undefined,Undefined,0,0,,51.5601,-0.215939,0.871318,1086.483122,140.554339,10:45,6.16909,-1.17545,26.73065,-31.06612,6.83075,-4.87744,3.45828,-1.08977,48.82132,-9.537321,-0.570762,0.443071,,,,,,,,,,,,6.9167,9.97556,1.50348,50,5.65662,-1.99847,-77.90562,5.19563,4.18115,11.28439,-26.1438,FOR_RAM,,FordhamUniversity,,,20260928-FordhamUniversity-BP-1,1e2af5b0-bb6c-11f1-93a8-090a75922668,85.07091,,,2.73878,,,,,,,3737a129-c7b8-45bf-aff7-ddc2ce9649b7,2026-09-28,18:41:10.63,2026-09-28T14:41:10.6380000-04:00,2026-09-28T18:41:10.6380000Z,,v3,471298,,,,,Undefined,FOR_RAM,84589225-dd46-4c98-8b80-ec79b2191433,33.77261,-75.51856,5.6422,6.17075,-0.33473,-13.0719,1.17428,-1.11401,2.09057,,,,,,,,,,,,,,,,,,,,,,,,,,,,,,,,,,,,,,,,,,,,,,,,,,,High,High,High,,,,,
201,2026-09-28,14:41:34.14,,,,,Undefined,FOR_RAM,"Velit, Liam",1000239563,Right,FOR_RAM,Undefined,1,Bottom,0,0,0,Undefined,Slider,Undefined,Undefined,Undefined,Undefined,0,0,,51.01486,-0.823702,1.598773,1008.499825,147.847262,11:00,6.05219,-1.18651,25.68561,-34.90415,5.8237,-3.15882,2.66307,-0.5174,49.14282,-10.869394,0.693505,0.459322,,,,,,,,,,,,4.48166,8.25122,1.65522,50,5.73112,-2.60558,-76.46457,4.34429,2.67495,8.71076,-27.24917,FOR_RAM,,FordhamUniversity,,,20260928-FordhamUniversity-BP-1,2c335620-bb6c-11f1-93a8-090a75922668,82.06107,,,1.87205,,,,,,,3737a129-c7b8-45bf-aff7-ddc2ce9649b7,2026-09-28,18:41:34.14,2026-09-28T14:41:34.1470000-04:00,2026-09-28T18:41:34.1470000Z,,v3,471298,,,,,Undefined,FOR_RAM,2999c604-0add-4390-8487-570150a007f9,34.8183,-74.71507,4.35538,6.05405,-1.12852,-13.62458,1.18586,-2.06833,1.33748,,,,,,,,,,,,,,,,,,,,,,,,,,,,,,,,,,,,,,,,,,,,,,,,,,,High,High,High,,,,,
202,2026-09-28,14:41:38.11,,,,,Undefined,FOR_RAM,"Velit, Liam",1000239563,Right,FOR_RAM,Undefined,1,Bottom,0,0,0,Undefined,Slider,Undefined,Undefined,LineDrive,Undefined,0,0,,51.34574,-2.351374,2.254821,1207.473487,129.626485,10:15,5.98461,-1.19163,26.07087,-33.44293,5.9139,-6.19335,1.84083,-0.40765,49.61878,-12.037626,0.458179,0.451525,84.12814,17.051612,23.740144,3290.20172,95.87639,24.47723,53.9226,231.44618,216.32656,35.826292,2.706213,8.82461,8.83906,1.90252,50,6.06443,-4.02271,-76.96684,2.36257,5.32909,8.95125,-26.83623,FOR_RAM,,FordhamUniversity,,,20260928-FordhamUniversity-BP-1,2e8890c0-bb6c-11f1-93a8-090a75922668,83.47812,25.12372,,1.72696,,,,1.32798,1.86568,0.49451,3737a129-c7b8-45bf-aff7-ddc2ce9649b7,2026-09-28,18:41:38.11,2026-09-28T14:41:38.1110000-04:00,2026-09-28T18:41:38.1110000Z,LineDrive,v3,471298,,,,,Undefined,FOR_RAM,175cfae6-4343-4ac1-9043-f46c80be228e,34.43392,-75.1347,4.47562,5.98586,-3.13027,-13.41811,1.19078,-2.93195,2.66455,,1.32793,107.9822,-23.58885,5.16347,-0.82998,0.01971,0.03522,-0.00966,0.00091,1.86576,36.17984,-14.30572,0.2194,-0.16823,0.19152,-0.08421,0.01843,-0.00161,0.49458,47.4897,3.13303,-1.51333,0.2616,0.07082,-0.05458,0.01326,-0.0012,,,,,,,,,,,,,,,,,,,,,,,High,High,High,High,Medium,,,
203,2026-09-28,14:41:42.21,,,,,Undefined,FOR_RAM,"Velit, Liam",1000239563,Right,FOR_RAM,Undefined,1,Bottom,0,0,0,Undefined,Slider,Undefined,Undefined,GroundBall,Undefined,0,0,,51.62505,0.061473,0.710151,1070.472868,141.753758,10:45,5.92901,-1.29389,27.0798,-30.9749,5.41012,-3.73465,3.38211,-1.20834,49.64326,-9.276746,-0.405814,0.434143,87.95731,4.17728,13.275256,1324.126138,,,,89.26441,89.26441,16.142547,0.754914,5.40414,8.07693,1.569,50,5.28639,-1.63437,-77.55784,5.92104,3.32255,8.84775,-27.20821,FOR_RAM,,FordhamUniversity,,,20260928-FordhamUniversity-BP-1,30f8f480-bb6c-11f1-93a8-090a75922668,86.82037,4.64821,,1.98179,,,,1.02199,3.52949,1.03786,3737a129-c7b8-45bf-aff7-ddc2ce9649b7,2026-09-28,18:41:42.21,2026-09-28T14:41:42.2100000-04:00,2026-09-28T18:41:42.2100000Z,GroundBall,v3,471298,,,,,Undefined,FOR_RAM,95d0915b-c866-4dce-8fa2-ba6fc628d0c6,33.42426,-75.64326,4.42388,5.93064,0.0334,-13.6041,1.29312,-0.91539,1.66128,288.796724,1.07054,124.34897,-16.21875,,,,,,,3.56712,8.72048,-17.87189,,,,,,,1.01628,29.93666,2.14344,,,,,,,,,,,,,,,,,,,,,,,,,,,,,High,High,High,High,High,,,
204,2026-09-28,14:41:46.52,,,,,Undefined,FOR_RAM,"Velit, Liam",1000239563,Right,FOR_RAM,Undefined,1,Bottom,0,0,0,Undefined,Slider,Undefined,Undefined,GroundBall,Undefined,0,0,,51.30824,-2.287211,2.822708,1176.654307,133.343586,10:30,5.61406,-1.53102,26.74434,-32.99309,4.84847,-4.34484,1.57117,-0.29829,49.59112,-12.036514,1.537302,0.442747,40.25347,-12.578858,3.981887,,,,,16.79722,6.35788,3.857347,0.185082,6.76032,7.66957,2.40995,50,5.63748,-4.5532,-76.99205,2.83839,4.07966,9.07864,-27.54568,FOR_RAM,,FordhamUniversity,,,20260928-FordhamUniversity-BP-1,3388c720-bb6c-11f1-93a8-090a75922668,85.13311,2.40423,,1.71712,,,,,,,3737a129-c7b8-45bf-aff7-ddc2ce9649b7,2026-09-28,18:41:46.52,2026-09-28T14:41:46.5260000-04:00,2026-09-28T18:41:46.5260000Z,GroundBall,v3,471298,,,,,Undefined,FOR_RAM,373790da-29d4-4f22-8c6f-c9321070d80d,33.76056,-75.05273,4.53932,5.61533,-3.04575,-13.77284,1.5304,-3.68173,2.03983,,5.99293,58.07478,,,,,,,,2.40818,-12.99011,,,,,,,,0.38056,4.04254,,,,,,,,,,,,,,,,,,,,,,,,,,,,,,High,High,High,Low,Low,,,
205,2026-09-28,14:41:50.86,,,,,Undefined,FOR_RAM,"Velit, Liam",1000239563,Right,FOR_RAM,Undefined,1,Bottom,0,0,0,Undefined,Slider,Undefined,Undefined,LineDrive,Undefined,0,0,,51.72894,-1.575123,2.005836,1143.871868,128.081723,10:15,5.9074,-1.35344,26.85055,-32.25372,4.40709,-4.81315,2.33253,-0.62543,50.20766,-11.149346,0.576485,0.435785,88.36577,9.366424,25.59259,2289.785071,96.12992,9.74853,53.46862,177.35224,138.10524,31.351162,1.649424,7.1689,6.88189,2.01507,50,5.72757,-3.57745,-77.49133,3.8274,4.43209,8.1641,-27.91939,FOR_RAM,,FordhamUniversity,,,20260928-FordhamUniversity-BP-1,36287840-bb6c-11f1-93a8-090a75922668,86.49316,10.21987,,1.52128,,,,1.22217,2.20232,0.66572,3737a129-c7b8-45bf-aff7-ddc2ce9649b7,2026-09-28,18:41:50.86,2026-09-28T14:41:50.8610000-04:00,2026-09-28T18:41:50.8610000Z,GroundBall,v3,471298,,,,,Undefined,FOR_RAM,73abdbf2-9a12-41bd-97a9-c19a3e741436,33.6544,-75.74966,4.08205,5.90876,-2.1287,-13.9597,1.35274,-2.63194,2.21604,,1.22217,115.32891,-20.35144,4.58973,-0.93603,0.17767,-0.02496,0.00094,0.00022,2.20231,21.0928,-14.08278,0.2423,0.04785,0.00919,-0.02554,0.01119,-0.00165,0.66572,55.23805,-0.12471,0.2159,-0.01887,-0.00204,0.00286,-0.00102,0.00014,,,,,,,,,,,,,,,,,,,,,,,High,High,High,Medium,Medium,,,
206,2026-09-28,14:42:12.08,,,,,Undefined,FOR_RAM,"Crang, Mason",10913432,Right,FOR_RAM,Undefined,1,Bottom,0,0,0,Undefined,Slider,Undefined,Undefined,LineDrive,Undefined,0,0,,50.93052,-1.080127,2.042533,1119.599525,133.55542,10:30,5.91401,-1.25817,26.07374,-34.40982,5.48748,-4.95709,2.42365,-0.49378,49.13344,-11.086807,0.605657,0.454614,90.20884,19.973045,10.027525,2441.892511,106.27649,33.97295,28.37791,297.72268,281.03745,22.505088,3.590707,7.08697,7.98851,1.89087,50,5.63244,-3.50643,-76.36551,4.20035,4.22062,8.65459,-27.41653,FOR_RAM,,FordhamUniversity,,,20260928-FordhamUniversity-BP-1,42da7070-bb6c-11f1-93a8-090a75922668,82.91081,39.44057,,1.79707,,,,0.413,2.3091,0.52229,3737a129-c7b8-45bf-aff7-ddc2ce9649b7,2026-09-28,18:42:12.08,2026-09-28T14:42:12.0870000-04:00,2026-09-28T18:42:12.0870000Z,LineDrive,v3,471298,,,,,Undefined,FOR_RAM,d4b1aa7c-5603-4fe8-8c32-1b41648a9d8c,34.43073,-74.58016,4.32729,5.91556,-1.45539,-13.70826,1.25733,-2.63576,2.11031,228.497702,0.41273,122.45727,-23.1619,5.14838,-1.13132,0.25674,-0.05586,0.00843,-0.00055,2.30938,45.18443,-14.09175,-0.15665,0.39015,-0.15695,0.04094,-0.00538,0.00025,0.52229,21.65214,7.75282,-3.10814,0.91975,-0.21597,0.03955,-0.00467,0.00025,,,,,,,,,,,,,,,,,,,,,,,High,High,High,High,High,,,
207,2026-09-28,14:42:16.78,,,,,Undefined,FOR_RAM,"Crang, Mason",10913432,Right,FOR_RAM,Undefined,1,Bottom,0,0,0,Undefined,Curveball,Undefined,Undefined,Undefined,Undefined,0,0,,49.10258,-5.115582,3.641354,2143.102518,99.536669,9:15,5.11261,-0.76582,36.00976,-20.09942,0.66673,-2.42382,1.36733,0.50098,48.51332,-13.292717,2.63594,0.327982,,,,,,,,,,,,7.41343,3.14004,2.61522,50,5.50696,-6.01988,-74.16056,4.19349,4.20243,7.38304,-30.39405,FOR_RAM,,FordhamUniversity,,,20260928-FordhamUniversity-BP-1,458a0010-bb6c-11f1-93a8-090a75922668,114.92245,,,0.58926,,,,,,,3737a129-c7b8-45bf-aff7-ddc2ce9649b7,2026-09-28,18:42:16.78,2026-09-28T14:42:16.7830000-04:00,2026-09-28T18:42:16.7830000Z,,v3,471298,,,,,Undefined,FOR_RAM,0cb9ba45-e3d0-4dba-870b-f32ec53d31be,24.49637,-71.57654,3.69152,5.11308,-6.44428,-15.19702,0.76569,-4.54905,2.10122,,,,,,,,,,,,,,,,,,,,,,,,,,,,,,,,,,,,,,,,,,,,,,,,,,,High,High,High,,,,,
208,2026-09-28,14:42:22.48,,,,,Undefined,FOR_RAM,"Crang, Mason",10913432,Right,FOR_RAM,Undefined,1,Bottom,0,0,0,Undefined,Slider,Undefined,Undefined,GroundBall,Undefined,0,0,,51.65454,-2.756801,3.424473,1312.22253,126.068617,10:15,5.78024,-1.26048,26.22911,-33.15207,5.76252,-6.69902,1.43242,0.14763,49.55576,-12.414338,1.47451,0.448981,,,,,,,,,,,,9.97654,8.93768,2.30807,50,5.97489,-5.72505,-77.589,1.80835,6.04397,10.26937,-26.75945,FOR_RAM,,FordhamUniversity,,,20260928-FordhamUniversity-BP-1,48f342c0-bb6c-11f1-93a8-090a75922668,83.95114,,,2.09878,,,,,,,3737a129-c7b8-45bf-aff7-ddc2ce9649b7,2026-09-28,18:42:22.48,2026-09-28T14:42:22.4890000-04:00,2026-09-28T18:42:22.4890000Z,,v3,471298,,,,,Undefined,FOR_RAM,12094dff-0035-47fa-a23c-27a4036662ec,34.27547,-75.47908,5.13468,5.78163,-3.68959,-13.37972,1.25938,-4.48327,3.02199,,,,,,,,,,,,,,,,,,,,,,,,,,,,,,,,,,,,,,,,,,,,,,,,,,,High,High,High,,,,,
209,2026-09-28,14:42:27.28,,,,,Undefined,FOR_RAM,"Crang, Mason",10913432,Right,FOR_RAM,Undefined,1,Bottom,0,0,0,Undefined,Slider,Undefined,Undefined,GroundBall,Undefined,0,0,,49.70142,0.09318,1.812526,1050.115088,125.729715,10:15,5.82476,-1.44048,26.43413,-36.21533,4.60134,-5.37158,2.85995,-0.85472,48.03985,-10.566929,0.239153,0.459822,89.30149,-0.066671,4.743128,1700.95787,,,,,34.79826,,,7.68776,6.70055,2.03426,50,5.14962,-3.22347,-74.49444,6.1971,4.37875,7.80926,-28.35758,FOR_RAM,,FordhamUniversity,,,20260928-FordhamUniversity-BP-1,4bdf6630-bb6c-11f1-93a8-090a75922668,81.97173,2.49427,,1.66157,,,,-0.02056,2.49427,0.88883,3737a129-c7b8-45bf-aff7-ddc2ce9649b7,2026-09-28,18:42:27.28,2026-09-28T14:42:27.2870000-04:00,2026-09-28T18:42:27.2870000Z,,v3,471298,,,,,Undefined,FOR_RAM,6032fdd0-02f4-4ac5-8678-851dba094908,34.07035,-72.80539,3.90463,5.82669,0.06368,-14.17879,1.43948,-2.2764,2.18938,353.127694,-0.02127,130.56121,-14.47097,,,,,,,2.49833,-0.34937,-31.40003,,,,,,,0.8884,10.85099,0.70288,,,,,,,,,,,,,,,,,,,,,,,,,,,,,High,High,High,Medium,Undefined,,,
210,2026-09-28,14:42:31.98,,,,,Undefined,FOR_RAM,"Crang, Mason",10913432,Right,FOR_RAM,Undefined,1,Bottom,0,0,0,Undefined,Slider,Undefined,Undefined,LineDrive,Undefined,0,0,,51.19831,-1.97149,2.646028,1037.139457,120.273904,10:00,5.60767,-1.40623,26.49927,-35.22486,3.41051,-4.50929,1.54923,-0.27585,49.43468,-12.304447,1.320809,0.447367,,,,,,,,,,,,6.87603,5.52945,2.22277,50,5.52326,-4.3128,-76.89051,3.44764,4.12578,9.33137,-28.85624,FOR_RAM,,FordhamUniversity,,,20260928-FordhamUniversity-BP-1,4eaf00f0-bb6c-11f1-93a8-090a75922668,84.25394,,,1.76363,,,,,,,3737a129-c7b8-45bf-aff7-ddc2ce9649b7,2026-09-28,18:42:31.98,2026-09-28T14:42:31.9870000-04:00,2026-09-28T18:42:31.9870000Z,,v3,471298,,,,,Undefined,FOR_RAM,93f6e32f-5b8f-4775-b509-47ae2dd55b44,34.00582,-74.92433,4.66569,5.60913,-2.63255,-14.42812,1.40562,-3.44347,2.06289,,,,,,,,,,,,,,,,,,,,,,,,,,,,,,,,,,,,,,,,,,,,,,,,,,,High,High,High,,,,,
211,2026-09-28,14:42:42.37,,,,,Undefined,FOR_RAM,"Dieguez, Matthew",10131275,Right,FOR_RAM,Undefined,1,Bottom,0,0,0,Undefined,Slider,Undefined,Undefined,LineDrive,Undefined,0,0,,50.65065,-0.53677,1.818744,1077.971943,126.120421,10:15,5.83353,-1.28073,26.23363,-35.22222,4.56465,-5.26847,2.59037,-0.67647,48.99843,-10.827844,0.284242,0.453985,92.39149,13.85336,-0.720008,2619.794006,109.9261,20.24297,4.0306,238.11356,237.89821,4.914171,2.43857,7.48079,6.68571,1.86551,50,5.37188,-3.25776,-75.88854,5.16824,4.42342,8.0727,-28.22075,FOR_RAM,,FordhamUniversity,,,20260928-FordhamUniversity-BP-1,54eb87e0-bb6c-11f1-93a8-090a75922668,83.02575,20.78224,,1.65222,,,,0.82518,2.46128,0.66256,3737a129-c7b8-45bf-aff7-ddc2ce9649b7,2026-09-28,18:42:42.37,2026-09-28T14:42:42.3780000-04:00,2026-09-28T18:42:42.3780000Z,LineDrive,v3,471298,,,,,Undefined,FOR_RAM,e1c59bf8-ce7a-406b-89c1-df8fb5376552,34.27102,-74.1965,4.03635,5.83524,-0.74685,-14.11037,1.27984,-2.33061,2.21171,226.825056,0.82518,131.55566,-21.31479,4.4118,-0.90718,0.17751,-0.03178,0.00427,-0.00028,2.46128,32.44428,-14.97958,0.56087,-0.00778,-0.01364,0.00583,-0.00098,8E-05,0.66256,-1.65458,7.04898,-2.11106,0.56222,-0.13193,0.0266,-0.00386,0.00028,,,,,,,,,,,,,,,,,,,,,,,High,High,High,High,High,,,
212,2026-09-28,14:42:46.98,,,,,Undefined,FOR_RAM,"Dieguez, Matthew",10131275,Right,FOR_RAM,Undefined,1,Bottom,0,0,0,Undefined,Slider,Undefined,Undefined,LineDrive,Undefined,0,0,,51.37048,-2.326015,2.064804,1155.535015,132.515612,10:30,6.01082,-1.33244,26.04287,-32.95183,6.22839,-6.01012,1.92164,-0.64185,49.86188,-11.849959,0.322446,0.450511,,,,,,,,,,,,8.46922,9.20504,1.98799,50,6.08981,-3.7367,-76.84929,2.33689,5.14217,8.16016,-26.58511,FOR_RAM,,FordhamUniversity,,,20260928-FordhamUniversity-BP-1,578e9460-bb6c-11f1-93a8-090a75922668,83.66604,,,1.50861,,,,,,,3737a129-c7b8-45bf-aff7-ddc2ce9649b7,2026-09-28,18:42:46.98,2026-09-28T14:42:46.9830000-04:00,2026-09-28T18:42:46.9830000Z,,v3,471298,,,,,Undefined,FOR_RAM,6754cb82-a3d9-4511-8e66-e874f36055f8,34.46183,-75.18128,4.08008,6.01209,-3.09734,-13.29256,1.33161,-2.6856,2.57109,,,,,,,,,,,,,,,,,,,,,,,,,,,,,,,,,,,,,,,,,,,,,,,,,,,High,High,High,,,,,
213,2026-09-28,14:42:51.64,,,,,Undefined,FOR_RAM,"Dieguez, Matthew",10131275,Right,FOR_RAM,Undefined,1,Bottom,0,0,0,Undefined,Slider,Undefined,Undefined,Undefined,Undefined,0,0,,50.74294,1.1447,0.02609,1062.306919,114.559392,9:45,5.65435,-1.59217,26.73542,-35.14506,3.27988,-5.69422,3.37208,-2.05195,48.87473,-9.330045,-1.656596,0.446147,,,,,,,,,,,,7.68347,5.00134,1.69334,50,4.67749,-0.97093,-76.09744,7.69609,4.56604,8.16141,-29.20192,FOR_RAM,,FordhamUniversity,,,20260928-FordhamUniversity-BP-1,5a795840-bb6c-11f1-93a8-090a75922668,84.48434,,,1.86821,,,,,,,3737a129-c7b8-45bf-aff7-ddc2ce9649b7,2026-09-28,18:42:51.64,2026-09-28T14:42:51.6450000-04:00,2026-09-28T18:42:51.6450000Z,,v3,471298,,,,,Undefined,FOR_RAM,06f12f07-786e-4054-b63b-0715b35f25e6,33.76787,-74.33617,4.08071,5.65835,1.39418,-14.60096,1.59013,0.01444,2.28302,,,,,,,,,,,,,,,,,,,,,,,,,,,,,,,,,,,,,,,,,,,,,,,,,,,High,High,High,,,,,
214,2026-09-28,14:42:55.85,,,,,Undefined,FOR_RAM,"Dieguez, Matthew",10131275,Right,FOR_RAM,Undefined,1,Bottom,0,0,0,Undefined,Slider,Undefined,Undefined,FlyBall,Undefined,0,0,,50.80344,0.036321,1.299074,1113.47492,127.841503,10:15,5.78847,-1.4161,26.38853,-34.14663,5.23264,-5.72981,2.96365,-1.15202,48.7601,-10.036705,-0.377056,0.451653,86.85178,30.063542,13.388183,3028.912421,104.00971,56.38259,35.8046,284.42763,278.80584,26.550443,4.431181,8.03284,7.54898,1.86925,50,5.17674,-2.6574,-76.32639,5.83048,4.75949,9.00845,-27.70126,FOR_RAM,,FordhamUniversity,,,20260928-FordhamUniversity-BP-1,5ce3a180-bb6c-11f1-93a8-090a75922668,83.45436,66.53254,,2.04335,,,,0.96246,2.95736,1.15967,3737a129-c7b8-45bf-aff7-ddc2ce9649b7,2026-09-28,18:42:55.85,2026-09-28T14:42:55.8560000-04:00,2026-09-28T18:42:55.8560000Z,FlyBall,v3,471298,,,,,Undefined,FOR_RAM,7533b19d-e360-4999-ab6a-1a1227b4b4eb,34.11561,-74.42802,4.50423,5.79033,-0.00706,-13.85063,1.41493,-1.65442,2.37975,215.968871,0.96255,107.24968,-24.72486,6.16839,-1.40036,0.30562,-0.06114,0.00848,-0.00052,2.95894,63.77349,-16.79821,-0.16431,0.65079,-0.31343,0.0844,-0.01159,0.00063,1.15958,25.5296,4.11469,-2.13804,0.67853,-0.16247,0.02894,-0.00326,0.00016,,,,,,,,,,,,,,,,,,,,,,,High,High,High,High,Medium,,,
215,2026-09-28,14:43:02.48,,,,,Undefined,FOR_RAM,"Dieguez, Matthew",10131275,Right,FOR_RAM,Undefined,1,Bottom,0,0,0,Undefined,Slider,Undefined,Undefined,FlyBall,Undefined,0,0,,51.2898,-1.184617,2.618659,1206.743227,128.089053,10:15,5.70872,-1.34125,26.63253,-33.11675,5.21788,-5.58878,2.27713,-0.32252,49.08551,-11.008542,0.971732,0.445622,85.81743,43.077884,-18.837882,,105.40884,97.91474,-31.44749,228.42023,133.84658,-15.311453,5.480164,8.39465,7.94693,2.17397,50,5.43574,-4.46976,-77.20114,4.19876,5.04014,10.07421,-27.40272,FOR_RAM,,FordhamUniversity,,,20260928-FordhamUniversity-BP-1,60d219c0-bb6c-11f1-93a8-090a75922668,84.58381,106.98289,,2.20429,,,,1.87025,2.63872,0.05146,3737a129-c7b8-45bf-aff7-ddc2ce9649b7,2026-09-28,18:43:02.48,2026-09-28T14:43:02.4820000-04:00,2026-09-28T18:43:02.4820000Z,FlyBall,v3,471298,,,,,Undefined,FOR_RAM,f7d8180d-bc3f-419d-a348-092ad9ddf702,33.87182,-75.06703,5.03711,5.71034,-1.60621,-13.70136,1.34019,-3.40206,2.52007,,1.87618,86.89179,-24.82542,6.49473,-1.0817,0.07548,0.00823,-0.0019,0.0001,2.63397,86.04583,-19.68626,0.60607,0.21897,-0.10992,0.02822,-0.00374,0.00019,0.04939,-29.64197,10.69922,-3.09424,0.59824,-0.06722,0.00177,0.00039,-3E-05,,,,,,,,,,,,,,,,,,,,,,,High,High,High,Medium,Low,,,
216,2026-09-28,14:43:07.59,,,,,Undefined,FOR_RAM,"Dieguez, Matthew",10131275,Right,FOR_RAM,Undefined,1,Bottom,0,0,0,Undefined,Slider,Undefined,Undefined,LineDrive,Undefined,0,0,,50.26355,-2.92115,2.849476,1091.400241,129.076969,10:15,6.0395,-1.33048,26.41481,-35.91911,4.35087,-4.38469,1.37685,-0.06952,48.82063,-13.370191,1.563238,0.456733,93.75143,9.083834,-27.858959,1556.312019,,,,98.83651,98.83651,-33.148446,0.769711,6.7004,7.04036,2.19692,50,6.21209,-4.46919,-75.32408,2.20428,3.87497,8.58326,-28.10248,FOR_RAM,,FordhamUniversity,,,20260928-FordhamUniversity-BP-1,63dc7390-bb6c-11f1-93a8-090a75922668,82.52624,4.64381,,1.44292,,,,2.01284,0.94295,-0.58553,3737a129-c7b8-45bf-aff7-ddc2ce9649b7,2026-09-28,18:43:07.59,2026-09-28T14:43:07.5940000-04:00,2026-09-28T18:43:07.5940000Z,LineDrive,v3,471298,,,,,Undefined,FOR_RAM,47e1339b-2af1-43c0-8bfd-f883c3909e5c,34.09016,-73.48877,4.29163,6.04098,-3.80469,-14.05124,1.32989,-3.64063,1.93749,,2.01284,120.04086,-21.60874,2.73444,-0.26525,-0.05826,0.03686,-0.01222,0.00214,0.94295,21.70872,-33.79954,6.19282,-1.52872,0.37076,-0.08658,0.01869,-0.0025,-0.58553,-63.44832,-10.94145,5.09902,-1.62489,0.46962,-0.1251,0.02923,-0.00411,,,,,,,,,,,,,,,,,,,,,,,High,High,High,Low,Medium,,,
217,2026-09-28,14:43:22.88,,,,,Undefined,FOR_RAM,"Beaudreau, Bradley",1000297368,Left,FOR_RAM,Undefined,1,Bottom,0,0,0,Undefined,Curveball,Undefined,Undefined,Undefined,Undefined,0,0,,47.60981,-6.56614,4.917733,2188.596601,175.774769,11:45,5.30967,-0.02154,36.85685,-18.26064,2.37315,-0.15669,1.21939,1.87835,47.24219,-14.195985,4.850553,0.326935,,,,,,,,,,,,1.55146,8.59587,2.30569,50,6.37022,-6.25272,-71.61769,2.34171,0.82181,6.72924,-27.62079,FOR_RAM,,FordhamUniversity,,,20260928-FordhamUniversity-BP-1,6ce0cd10-bb6c-11f1-93a8-090a75922668,115.29049,,,0.36763,,,,,,,3737a129-c7b8-45bf-aff7-ddc2ce9649b7,2026-09-28,18:43:22.88,2026-09-28T14:43:22.8830000-04:00,2026-09-28T18:43:22.8830000Z,,v3,471298,,,,,Undefined,FOR_RAM,22c659fc-5c09-40c3-93a4-ddbdc4953a57,23.64912,-69.09739,3.36462,5.31005,-8.00306,-13.8104,0.02151,-5.94493,0.41091,,,,,,,,,,,,,,,,,,,,,,,,,,,,,,,,,,,,,,,,,,,,,,,,,,,High,High,High,,,,,
218,2026-09-28,14:43:27.78,,,,,Undefined,FOR_RAM,"Beaudreau, Bradley",1000297368,Left,FOR_RAM,Undefined,1,Bottom,0,0,0,Undefined,Slider,Undefined,Undefined,LineDrive,Undefined,0,0,,49.22506,-2.022703,3.917996,1149.407033,125.166263,10:15,6.0222,-1.17429,25.98934,-38.62746,4.33173,-5.02122,1.63148,0.67427,47.95205,-13.119291,2.46722,0.471736,,,,,,,,,,,,7.58311,6.63784,2.31364,50,5.93215,-5.80437,-73.54863,3.46303,4.213,7.55659,-28.48623,FOR_RAM,,FordhamUniversity,,,20260928-FordhamUniversity-BP-1,6ff56010-bb6c-11f1-93a8-090a75922668,79.90148,,,1.27301,,,,,,,3737a129-c7b8-45bf-aff7-ddc2ce9649b7,2026-09-28,18:43:27.78,2026-09-28T14:43:27.7800000-04:00,2026-09-28T18:43:27.7800000Z,,v3,471298,,,,,Undefined,FOR_RAM,a8bbd916-005b-4c3a-8c26-6bda65db1bfe,34.51557,-71.94012,3.7783,6.02394,-2.60057,-14.24312,1.17356,-4.90759,2.1065,,,,,,,,,,,,,,,,,,,,,,,,,,,,,,,,,,,,,,,,,,,,,,,,,,,High,High,High,,,,,
219,2026-09-28,14:43:31.96,,,,,Undefined,FOR_RAM,"Beaudreau, Bradley",1000297368,Left,FOR_RAM,Undefined,1,Bottom,0,0,0,Undefined,Curveball,Undefined,Undefined,Undefined,Undefined,0,0,,50.18293,-0.326256,3.373979,3549.26061,126.544835,10:15,5.68745,-1.41932,26.35593,-37.1553,3.18362,-3.30827,2.40446,0.23481,48.5722,-11.202765,2.408856,0.457123,76.18742,29.746023,-51.907534,4579.8269,68.70113,33.7846,-85.90769,181.8942,117.12464,-53.179011,2.612131,5.27571,4.80973,2.40874,50,5.1217,-4.9654,-75.1364,5.79571,3.05491,8.00167,-29.38897,FOR_RAM,,FordhamUniversity,,,20260928-FordhamUniversity-BP-1,72663900-bb6c-11f1-93a8-090a75922668,82.45573,34.19204,,1.61073,,,,2.4057,2.12622,0.09866,3737a129-c7b8-45bf-aff7-ddc2ce9649b7,2026-09-28,18:43:31.96,2026-09-28T14:43:31.9660000-04:00,2026-09-28T18:43:31.9660000Z,FlyBall,v3,471298,,,,,Undefined,FOR_RAM,15d614e4-e19e-4b5e-afc3-51444cac933e,34.14895,-73.42894,4.00083,5.68932,-0.47555,-14.69449,1.41873,-4.31352,1.52745,,2.4057,59.85329,-10.30104,1.65778,-0.25121,0.0311,-0.00388,0.00017,0,2.12622,55.44121,-27.15883,3.35803,-0.69747,0.13585,-0.02536,0.00375,-0.00027,0.0987,-76.35636,14.11498,-4.13112,1.14093,-0.32307,0.08627,-0.0156,0.00128,,,,,,,,,,,,,,,,,,,,,,,High,High,High,Low,Low,,,
220,2026-09-28,14:43:36.69,,,,,Undefined,FOR_RAM,"Beaudreau, Bradley",1000297368,Left,FOR_RAM,Undefined,1,Bottom,0,0,0,Undefined,Slider,Undefined,Undefined,Undefined,Undefined,0,0,,50.17487,0.388402,3.884757,1080.481751,141.667323,10:45,5.70123,-1.48182,26.62739,-34.39553,5.70449,-3.83587,3.05551,0.4029,47.91204,-9.842486,2.758826,0.455768,,,,,,,,,,,,6.35174,8.13934,2.64206,50,4.95877,-5.75073,-75.39191,6.413,3.64564,9.40313,-27.50239,FOR_RAM,,FordhamUniversity,,,20260928-FordhamUniversity-BP-1,7544c7e0-bb6c-11f1-93a8-090a75922668,82.70095,,,2.26282,,,,,,,3737a129-c7b8-45bf-aff7-ddc2ce9649b7,2026-09-28,18:43:36.69,2026-09-28T14:43:36.6970000-04:00,2026-09-28T18:43:36.6970000Z,,v3,471298,,,,,Undefined,FOR_RAM,139d1caa-9034-4a36-9b24-9c8b13c0e32d,33.87686,-73.35341,4.70156,5.70277,0.4508,-13.75119,1.48104,-4.9604,1.82282,,,,,,,,,,,,,,,,,,,,,,,,,,,,,,,,,,,,,,,,,,,,,,,,,,,High,High,High,,,,,
221,2026-09-28,14:43:42.86,,,,,Undefined,FOR_RAM,"Beaudreau, Bradley",1000297368,Left,FOR_RAM,Undefined,1,Bottom,0,0,0,Undefined,Slider,Undefined,Undefined,Undefined,Undefined,0,0,,49.63562,0.343399,2.990568,1145.121478,137.547277,10:30,5.93523,-1.34979,26.29317,-35.76659,6.03138,-4.68866,3.15152,-0.02713,47.39855,-10.192008,1.625706,0.465317,,,,,,,,,,,,6.95851,8.80697,2.24274,50,5.23708,-4.58849,-74.52879,6.19263,3.90902,9.06033,-27.22663,FOR_RAM,,FordhamUniversity,,,20260928-FordhamUniversity-BP-1,78fe4d70-bb6c-11f1-93a8-090a75922668,81.00376,,,2.23707,,,,,,,3737a129-c7b8-45bf-aff7-ddc2ce9649b7,2026-09-28,18:43:42.86,2026-09-28T14:43:42.8630000-04:00,2026-09-28T18:43:42.8630000Z,,v3,471298,,,,,Undefined,FOR_RAM,f2be9227-6777-4654-9015-a88921f79f22,34.20827,-72.58363,4.53016,5.93911,0.34737,-13.61332,1.34773,-3.74926,1.95451,,,,,,,,,,,,,,,,,,,,,,,,,,,,,,,,,,,,,,,,,,,,,,,,,,,High,High,High,,,,,
222,2026-09-28,14:43:47.43,,,,,Undefined,FOR_RAM,"Beaudreau, Bradley",1000297368,Left,FOR_RAM,Undefined,1,Bottom,0,0,0,Undefined,Slider,Undefined,Undefined,LineDrive,Undefined,0,0,,50.18736,-1.159977,2.783607,1051.232701,133.433887,10:30,5.99202,-1.1638,26.4365,-34.39986,5.68603,-5.22929,2.46342,-0.01193,48.6071,-11.253489,1.251899,0.455687,91.35787,4.406814,1.71164,1022.935488,,,,73.6438,32.22499,0.946141,0.582896,7.7467,8.44772,2.02668,50,5.69614,-4.50984,-75.14675,4.31172,4.49174,7.91175,-27.27584,FOR_RAM,,FordhamUniversity,,,20260928-FordhamUniversity-BP-1,7ba9be60-bb6c-11f1-93a8-090a75922668,82.71555,3.55745,,1.58026,,,,1.91987,2.57113,0.03173,3737a129-c7b8-45bf-aff7-ddc2ce9649b7,2026-09-28,18:43:47.43,2026-09-28T14:43:47.4330000-04:00,2026-09-28T18:43:47.4330000Z,GroundBall,v3,471298,,,,,Undefined,FOR_RAM,7f3c0eb8-14d4-41a8-a9e1-6e6580ed3b81,34.06795,-73.45021,3.95588,5.99362,-1.53712,-13.63792,1.16289,-3.54667,2.24587,18.160078,1.93832,133.10925,-17.39648,,,,,,,2.60584,9.49008,-24.04539,,,,,,,0.03938,3.81253,-3.0983,,,,,,,,,,,,,,,,,,,,,,,,,,,,,High,High,High,Medium,Low,,,
223,2026-09-28,14:43:59.86,,,,,Undefined,FOR_RAM,"Forney, Colden",1000306564,Right,FOR_RAM,Undefined,1,Bottom,0,0,0,Undefined,Slider,Undefined,Undefined,LineDrive,Undefined,0,0,,49.45061,-0.621842,2.193387,1092.136438,121.517192,10:00,5.8999,-1.26907,26.79133,-36.18715,3.84579,-5.25737,2.53349,-0.47013,48.29031,-11.32924,0.635672,0.455387,85.06405,16.736497,-13.313749,3244.3235,107.37401,26.96384,-23.89189,266.71015,259.30664,-12.153255,3.061059,7.76607,5.855,1.99055,50,5.37208,-3.73543,-73.91703,5.58877,4.40846,6.66103,-28.85042,FOR_RAM,,FordhamUniversity,,,20260928-FordhamUniversity-BP-1,830ff840-bb6c-11f1-93a8-090a75922668,82.77021,29.26478,,1.16029,,,,2.36303,2.71241,0.55218,3737a129-c7b8-45bf-aff7-ddc2ce9649b7,2026-09-28,18:43:59.86,2026-09-28T14:43:59.8660000-04:00,2026-09-28T18:43:59.8660000Z,LineDrive,v3,471298,,,,,Undefined,FOR_RAM,cab97242-a794-4485-9a39-a1cafa20ae55,33.71383,-72.43453,3.33052,5.90139,-0.83224,-14.42521,1.26837,-2.75427,2.20423,181.612648,2.363,116.26446,-18.19346,3.99129,-0.61946,0.024,0.01959,-0.0053,0.00047,2.71249,35.92629,-11.92,-0.19853,-0.10288,0.16471,-0.07047,0.01457,-0.0012,0.55216,-27.51241,4.56597,-0.81239,0.13434,-0.02045,0.0026,-0.00012,-1E-05,,,,,,,,,,,,,,,,,,,,,,,High,High,High,High,Medium,,,
224,2026-09-28,14:44:04.01,,,,,Undefined,FOR_RAM,"Forney, Colden",1000306564,Right,FOR_RAM,Undefined,1,Bottom,0,0,0,Undefined,Slider,Undefined,Undefined,LineDrive,Undefined,0,0,,50.00129,-0.60379,1.212004,1129.247452,133.891646,10:30,5.93281,-1.38207,26.52597,-35.38522,4.77874,-4.18807,2.64079,-1.04214,48.32253,-11.037135,-0.019551,0.456131,82.43646,14.55016,15.093625,2041.225612,103.40169,19.78779,37.52454,218.2987,212.41614,24.440029,2.441463,5.99008,7.14827,1.79214,50,5.45832,-2.2739,-75.03358,5.23591,3.44941,8.22076,-28.05769,FOR_RAM,,FordhamUniversity,,,20260928-FordhamUniversity-BP-1,859088a0-bb6c-11f1-93a8-090a75922668,82.63511,19.87559,,1.67877,,,,1.45912,2.74347,1.11161,3737a129-c7b8-45bf-aff7-ddc2ce9649b7,2026-09-28,18:44:04.01,2026-09-28T14:44:04.0190000-04:00,2026-09-28T18:44:04.0190000Z,LineDrive,v3,471298,,,,,Undefined,FOR_RAM,14827ae3-9bab-48be-9d3d-cf9273863b2a,33.9784,-73.25721,4.11038,5.93468,-0.82689,-14.02885,1.38131,-1.52854,1.72471,234.429511,1.45918,112.98798,-19.21898,3.57249,-0.57684,0.06032,-0.00631,0.00172,-0.00024,2.74339,30.38044,-13.96226,0.53377,-0.16187,0.09244,-0.02483,0.0033,-0.00014,1.11149,30.48151,5.01805,-1.6225,0.23721,0.03375,-0.01958,0.00256,-4E-05,,,,,,,,,,,,,,,,,,,,,,,High,High,High,High,High,,,
225,2026-09-28,14:44:08.13,,,,,Undefined,FOR_RAM,"Forney, Colden",1000306564,Right,FOR_RAM,Undefined,1,Bottom,0,0,0,Undefined,Slider,Undefined,Undefined,Undefined,Undefined,0,0,,51.63407,-1.399596,2.217559,1265.786111,120.249827,10:00,6.07463,-1.22656,26.82203,-33.02986,4.1117,-5.79331,2.53317,-0.45983,49.74902,-11.222915,0.498743,0.438633,,,,,,,,,,,,8.5813,6.55571,1.96143,50,5.84353,-4.01401,-77.57752,4.09352,5.25278,9.30141,-28.16118,FOR_RAM,,FordhamUniversity,,,20260928-FordhamUniversity-BP-1,87f1d130-bb6c-11f1-93a8-090a75922668,85.93157,,,1.88506,,,,,,,3737a129-c7b8-45bf-aff7-ddc2ce9649b7,2026-09-28,18:44:08.13,2026-09-28T14:44:08.1360000-04:00,2026-09-28T18:44:08.1360000Z,,v3,471298,,,,,Undefined,FOR_RAM,fad0f39b-5188-4410-9afe-25a605fed9a9,33.68249,-75.59577,4.65071,6.07652,-1.90649,-14.08059,1.22543,-2.89486,2.62639,,,,,,,,,,,,,,,,,,,,,,,,,,,,,,,,,,,,,,,,,,,,,,,,,,,High,High,High,,,,,
226,2026-09-28,14:44:12.99,,,,,Undefined,FOR_RAM,"Forney, Colden",1000306564,Right,FOR_RAM,Undefined,1,Bottom,0,0,0,Undefined,Slider,Undefined,Undefined,FlyBall,Undefined,0,0,,51.38702,-1.529928,2.07256,1163.435075,131.187003,10:15,6.1545,-1.19371,26.80445,-32.61147,5.15528,-4.95303,2.57403,-0.4381,49.2278,-11.245544,0.603715,0.442309,81.44086,28.848674,-2.290524,2801.660164,109.98102,51.517,2.03011,268.73886,264.23191,6.644834,4.163261,7.42095,8.07563,1.87009,50,5.97478,-3.6492,-77.38886,3.76582,4.47644,10.13892,-27.3027,FOR_RAM,,FordhamUniversity,,,20260928-FordhamUniversity-BP-1,8ad5de50-bb6c-11f1-93a8-090a75922668,85.21736,58.506,,2.15922,,,,1.91995,2.76166,0.43633,3737a129-c7b8-45bf-aff7-ddc2ce9649b7,2026-09-28,18:44:12.99,2026-09-28T14:44:12.9920000-04:00,2026-09-28T18:44:12.9920000Z,LineDrive,v3,471298,,,,,Undefined,FOR_RAM,dbd626e5-2c5b-4c58-a2c6-0ec804612af8,33.69967,-75.223,5.06946,6.15628,-2.06654,-13.65135,1.19269,-2.69295,2.23822,202.763355,1.91942,104.55295,-20.49053,4.96011,-1.1509,0.27582,-0.05542,0.00688,-0.00036,2.76271,57.60532,-15.77255,0.2747,0.26907,-0.14722,0.03637,-0.0042,0.00018,0.43655,-4.18707,5.5909,-1.38319,0.35593,-0.09069,0.01831,-0.00222,0.00011,,,,,,,,,,,,,,,,,,,,,,,High,High,High,High,High,,,
227,2026-09-28,14:44:25.29,,,,,Undefined,FOR_RAM,"Velit, Liam",1000239563,Right,FOR_RAM,Undefined,1,Bottom,0,0,0,Undefined,Slider,Undefined,Undefined,LineDrive,Undefined,0,0,,51.23277,-1.250385,1.336785,1113.75632,117.101356,10:00,5.86613,-1.19843,25.98868,-37.01616,2.91063,-4.00339,2.05877,-0.75961,49.18332,-11.984359,0.177426,0.454782,96.93922,7.30721,11.259808,1355.340513,106.82361,5.48735,26.24148,150.25069,149.70395,14.691527,1.248366,5.62252,4.7565,1.61891,50,5.61005,-2.4124,-77.07167,4.25574,3.36718,9.96829,-29.32552,FOR_RAM,,FordhamUniversity,,,20260928-FordhamUniversity-BP-1,9242f600-bb6c-11f1-93a8-090a75922668,82.88019,6.93998,,2.04945,,,,1.6381,2.04237,0.50137,3737a129-c7b8-45bf-aff7-ddc2ce9649b7,2026-09-28,18:44:25.29,2026-09-28T14:44:25.2980000-04:00,2026-09-28T18:44:25.2980000Z,GroundBall,v3,471298,,,,,Undefined,FOR_RAM,c224efdc-6f32-4af1-bced-9d5724a926fd,34.51557,-75.04222,4.98415,5.86872,-1.71464,-14.66276,1.19755,-1.72688,1.68359,259.298442,1.911,135.25996,-16.46745,,,,,,,2.14631,16.93468,-15.00234,,,,,,,0.42293,28.43027,1.44798,,,,,,,,,,,,,,,,,,,,,,,,,,,,,High,High,High,High,High,,,
228,2026-09-28,14:44:29.34,,,,,Undefined,FOR_RAM,"Velit, Liam",1000239563,Right,FOR_RAM,Undefined,1,Bottom,0,0,0,Undefined,Slider,Undefined,Undefined,LineDrive,Undefined,0,0,,51.37857,-2.068379,2.892649,1092.952708,123.220765,10:00,5.70336,-1.42427,26.04,-34.71801,4.88103,-6.15654,1.61506,-0.26735,49.41096,-12.13098,1.109223,0.452912,90.95854,21.138164,4.635159,1957.016822,108.6218,33.73843,17.35509,289.1365,287.05857,15.648904,3.395316,8.92004,7.52949,2.30282,50,5.69651,-4.85899,-77.12117,2.86332,5.36786,9.66366,-27.64298,FOR_RAM,,FordhamUniversity,,,20260928-FordhamUniversity-BP-1,949682f0-bb6c-11f1-93a8-090a75922668,83.22243,38.36372,,1.96761,,,,1.93637,1.79904,0.2975,3737a129-c7b8-45bf-aff7-ddc2ce9649b7,2026-09-28,18:44:29.34,2026-09-28T14:44:29.3470000-04:00,2026-09-28T18:44:29.3470000Z,LineDrive,v3,471298,,,,,Undefined,FOR_RAM,e92dbc13-409d-48e8-9eea-a3d52af0c03c,34.46432,-75.14926,4.83183,5.70528,-2.77734,-13.82149,1.42308,-3.76365,2.68393,237.107556,1.93607,124.0324,-21.82889,4.81954,-1.1059,0.28116,-0.07064,0.01166,-0.00079,1.79928,48.10066,-16.99724,0.60968,0.2293,-0.13754,0.04236,-0.00611,0.00031,0.29751,10.05535,9.80742,-3.84476,1.13239,-0.26614,0.04946,-0.00588,0.00031,,,,,,,,,,,,,,,,,,,,,,,High,High,High,High,High,,,
229,2026-09-28,14:44:33.19,,,,,Undefined,FOR_RAM,"Velit, Liam",1000239563,Right,FOR_RAM,Undefined,1,Bottom,0,0,0,Undefined,Slider,Undefined,Undefined,FlyBall,Undefined,0,0,,51.14784,-2.220185,3.34494,1085.36519,139.197855,10:45,5.97238,-1.28922,26.07009,-32.72147,7.69433,-5.74366,1.96327,0.16203,48.53849,-11.772766,1.682276,0.457559,84.35002,38.994997,5.13267,3447.66957,107.35762,72.97365,23.96488,256.40163,245.82734,21.038565,4.65851,8.63209,11.47379,2.28261,50,6.04633,-5.37241,-77.05444,2.25401,5.08912,11.30691,-25.40959,FOR_RAM,,FordhamUniversity,,,20260928-FordhamUniversity-BP-1,96f7cb80-bb6c-11f1-93a8-090a75922668,82.37723,80.37865,,2.60934,,,,2.27472,2.22895,-0.10862,3737a129-c7b8-45bf-aff7-ddc2ce9649b7,2026-09-28,18:44:33.19,2026-09-28T14:44:33.1900000-04:00,2026-09-28T18:44:33.1900000Z,FlyBall,v3,471298,,,,,Undefined,FOR_RAM,e0d40908-3c45-4462-a044-6c485254d90b,34.43297,-74.73525,5.65345,5.97414,-2.95783,-12.7048,1.28771,-4.32857,2.54456,222.208783,2.28066,95.63655,-22.16411,4.9889,-0.57381,-0.05339,0.02274,-0.00125,-8E-05,2.23297,77.74474,-21.6005,0.41565,1.01689,-0.59386,0.16972,-0.02398,0.00132,-0.10939,8.61422,9.20817,-3.83839,1.1984,-0.32901,0.07394,-0.01041,0.00062,,,,,,,,,,,,,,,,,,,,,,,High,High,High,High,Medium,,,
230,2026-09-28,14:44:40.38,,,,,Undefined,FOR_RAM,"Velit, Liam",1000239563,Right,FOR_RAM,Undefined,1,Bottom,0,0,0,Undefined,Slider,Undefined,Undefined,LineDrive,Undefined,0,0,,53.05158,-2.342774,1.863874,1268.89672,132.063147,10:30,5.87699,-1.2952,26.58437,-29.89923,5.68378,-5.5613,2.05483,-0.70085,51.29795,-11.151175,0.225674,0.429331,87.04603,26.234873,32.145006,3651.206723,86.35636,46.2787,68.13638,317.96399,253.36338,49.381806,4.188023,8.07217,8.73615,1.91556,50,5.98162,-3.57056,-79.50948,2.2074,5.22744,9.08374,-26.51662,FOR_RAM,,FordhamUniversity,,,20260928-FordhamUniversity-BP-1,9b3bb6c0-bb6c-11f1-93a8-090a75922668,87.79335,56.34341,,1.75363,,,,1.49985,2.14153,0.92928,3737a129-c7b8-45bf-aff7-ddc2ce9649b7,2026-09-28,18:44:40.38,2026-09-28T14:44:40.3820000-04:00,2026-09-28T18:44:40.3820000Z,LineDrive,v3,471298,,,,,Undefined,FOR_RAM,18654d7b-e938-4406-8eb2-f11ec16306d5,33.92037,-77.6507,4.54187,5.87816,-3.21863,-13.25831,1.29437,-2.50089,2.61372,,1.49947,96.97314,-23.55835,5.77391,-1.35695,0.31601,-0.06617,0.00924,-0.00056,2.14247,56.40941,-15.12662,-0.23372,0.51696,-0.23971,0.0658,-0.00928,0.00052,0.92916,60.93312,0.53164,-1.149,0.42668,-0.09817,0.01455,-0.00115,3E-05,,,,,,,,,,,,,,,,,,,,,,,High,High,High,Medium,Medium,,,
231,2026-09-28,14:44:46.22,,,,,Undefined,FOR_RAM,"Crang, Mason",10913432,Right,FOR_RAM,Undefined,1,Bottom,0,0,0,Undefined,Slider,Undefined,Undefined,Undefined,Undefined,0,0,,52.25522,-2.201749,2.630313,1090.960137,131.737657,10:30,5.86438,-1.35706,26.63519,-31.02754,5.98863,-5.77811,2.02967,-0.34762,49.98181,-11.393115,0.926773,0.437892,,,,,,,,,,,,8.678,9.29953,2.19642,50,5.9166,-4.60148,-78.65603,2.50058,5.39612,10.66944,-26.39144,FOR_RAM,,FordhamUniversity,,,20260928-FordhamUniversity-BP-1,9eb61070-bb6c-11f1-93a8-090a75922668,86.07699,,,2.27342,,,,,,,3737a129-c7b8-45bf-aff7-ddc2ce9649b7,2026-09-28,18:44:46.22,2026-09-28T14:44:46.2250000-04:00,2026-09-28T18:44:46.2250000Z,,v3,471298,,,,,Undefined,FOR_RAM,6b066996-30de-4ecc-879c-38bf0773ef16,33.86909,-76.43661,5.33472,5.86577,-2.98928,-13.19572,1.35599,-3.479,2.69806,,,,,,,,,,,,,,,,,,,,,,,,,,,,,,,,,,,,,,,,,,,,,,,,,,,High,High,High,,,,,
232,2026-09-28,14:44:55.90,,,,,Undefined,FOR_RAM,"Crang, Mason",10913432,Right,FOR_RAM,Undefined,1,Bottom,0,0,0,Undefined,Slider,Undefined,Undefined,Undefined,Undefined,0,0,,52.39068,-3.172527,3.29036,1215.645001,124.001267,10:15,5.92697,-1.24485,26.16126,-32.12415,5.89977,-7.45327,1.42179,0.02713,50.23132,-12.506895,1.124198,0.443813,,,,,,,,,,,,10.68796,9.47949,2.25381,50,6.26784,-5.68136,-78.60864,0.97803,6.6541,10.43165,-26.27229,FOR_RAM,,FordhamUniversity,,,20260928-FordhamUniversity-BP-1,a47bb9b0-bb6c-11f1-93a8-090a75922668,84.92866,,,2.15936,,,,,,,3737a129-c7b8-45bf-aff7-ddc2ce9649b7,2026-09-28,18:44:55.90,2026-09-28T14:44:55.9040000-04:00,2026-09-28T18:44:55.9040000Z,,v3,471298,,,,,Undefined,FOR_RAM,2e824420-c2a2-440b-b089-e9d80147f3fc,34.34153,-76.50249,5.21583,5.92983,-4.32635,-13.13615,1.24236,-4.3379,3.32705,,,,,,,,,,,,,,,,,,,,,,,,,,,,,,,,,,,,,,,,,,,,,,,,,,,High,High,High,,,,,
233,2026-09-28,14:44:59.78,,,,,Undefined,FOR_RAM,"Crang, Mason",10913432,Right,FOR_RAM,Undefined,1,Bottom,0,0,0,Undefined,Slider,Undefined,Undefined,LineDrive,Undefined,0,0,,51.78526,-2.926562,2.411451,1284.892508,120.226777,10:00,5.94163,-1.32266,26.19495,-33.80065,4.64862,-6.66268,1.44176,-0.4926,50.13043,-12.72175,0.470125,0.446288,89.66378,22.576637,10.953001,3008.515317,105.27999,38.46524,31.87587,292.46084,262.84015,26.045664,3.837834,9.47386,7.49536,2.08837,50,6.17213,-4.34257,-77.58901,1.70602,5.81447,9.08988,-27.57387,FOR_RAM,,FordhamUniversity,,,20260928-FordhamUniversity-BP-1,a6c3d4f0-bb6c-11f1-93a8-090a75922668,84.45764,45.2039,,1.65483,,,,0.56253,1.31638,0.49546,3737a129-c7b8-45bf-aff7-ddc2ce9649b7,2026-09-28,18:44:59.78,2026-09-28T14:44:59.7860000-04:00,2026-09-28T18:44:59.7860000Z,LineDrive,v3,471298,,,,,Undefined,FOR_RAM,0bafe26c-0512-4f38-9bef-a9cf58c972d9,34.30942,-75.72848,4.54494,5.94373,-3.93783,-13.78694,1.32132,-3.15246,2.90723,228.898921,0.56206,119.23123,-25.59785,6.0517,-1.42306,0.35295,-0.08165,0.01258,-0.00083,1.31704,50.46901,-14.98613,-0.25199,0.58324,-0.26122,0.07217,-0.01033,0.00057,0.49544,23.07288,8.58352,-3.67753,1.12498,-0.27075,0.04991,-0.00581,0.0003,,,,,,,,,,,,,,,,,,,,,,,High,High,High,High,Medium,,,
234,2026-09-28,14:45:11.85,,,,,Undefined,FOR_RAM,"Crang, Mason",10913432,Right,FOR_RAM,Undefined,1,Bottom,0,0,0,Undefined,Slider,Undefined,Undefined,FlyBall,Undefined,0,0,,53.10363,-2.179864,2.597677,1147.191697,149.812752,11:00,5.99738,-1.30886,26.77714,-28.52372,6.99185,-3.6052,2.38919,-0.1433,50.71061,-10.684981,1.530803,0.428924,72.76259,39.612718,32.355439,4682.657765,82.82628,64.7393,72.38647,211.24302,130.05169,47.628672,4.281377,5.69229,10.80497,2.10854,50,6.08171,-4.25374,-79.90744,2.20497,3.65773,10.8903,-25.23105,FOR_RAM,,FordhamUniversity,,,20260928-FordhamUniversity-BP-1,adf458d0-bb6c-11f1-93a8-090a75922668,87.87665,65.31567,,2.39302,,,,0.22927,2.20566,0.12824,3737a129-c7b8-45bf-aff7-ddc2ce9649b7,2026-09-28,18:45:11.85,2026-09-28T14:45:11.8520000-04:00,2026-09-28T18:45:11.8520000Z,FlyBall,v3,471298,,,,,Undefined,FOR_RAM,d982dc70-ceff-4df3-9416-b5259177db35,33.72617,-77.65787,5.44515,5.99888,-3.00692,-12.61553,1.3079,-3.49817,1.82887,217.511069,0.23432,69.32734,-18.92742,4.25128,-0.29834,-0.17908,0.05368,-0.00412,-5E-05,2.20782,67.97828,-20.3566,0.57615,0.87443,-0.59285,0.19415,-0.03104,0.00192,0.12987,43.95357,-1.01393,-1.27984,0.89711,-0.40083,0.11165,-0.01661,0.00099,,,,,,,,,,,,,,,,,,,,,,,High,High,High,High,Medium,,,
235,2026-09-28,14:45:18.31,,,,,Undefined,FOR_RAM,"Crang, Mason",10913432,Right,FOR_RAM,Undefined,1,Bottom,0,0,0,Undefined,Slider,Undefined,Undefined,Undefined,Undefined,0,0,,52.52471,-0.562458,1.64758,1207.253047,123.29623,10:00,5.62715,-1.37126,26.12852,-32.78628,4.79504,-6.09374,2.57124,-0.93099,50.23173,-10.162082,-0.121244,0.441222,,,,,,,,,,,,8.48091,7.04319,1.91284,50,5.2357,-3.24505,-78.96157,4.74248,5.34995,10.13278,-27.73104,FOR_RAM,,FordhamUniversity,,,20260928-FordhamUniversity-BP-1,b1e08720-bb6c-11f1-93a8-090a75922668,85.42732,,,2.29298,,,,,,,3737a129-c7b8-45bf-aff7-ddc2ce9649b7,2026-09-28,18:45:18.31,2026-09-28T14:45:18.3190000-04:00,2026-09-28T18:45:18.3190000Z,,v3,471298,,,,,Undefined,FOR_RAM,297c8200-5e89-406b-9f8f-450c184521c6,34.37543,-76.93042,5.06639,5.62921,-0.81631,-13.86552,1.36984,-2.17263,2.67497,,,,,,,,,,,,,,,,,,,,,,,,,,,,,,,,,,,,,,,,,,,,,,,,,,,High,High,High,,,,,
236,2026-09-28,14:45:23.75,,,,,Undefined,FOR_RAM,"Crang, Mason",10913432,Right,FOR_RAM,Undefined,1,Bottom,0,0,0,Undefined,Slider,Undefined,Undefined,FlyBall,Undefined,0,0,,51.93547,-3.23023,1.87064,1276.582762,141.813384,10:45,6.16463,-1.18637,26.38537,-29.61301,8.30847,-5.89256,1.85013,-0.60928,49.95962,-11.901173,0.1446,0.443215,80.23258,36.114469,31.500045,3753.841514,84.99122,61.48284,69.83173,251.07133,144.68745,48.583483,4.240042,8.40024,12.63398,1.7997,50,6.54076,-3.51095,-77.92349,0.70379,5.17107,9.68307,-24.39672,FOR_RAM,,FordhamUniversity,,,20260928-FordhamUniversity-BP-1,b51c2a20-bb6c-11f1-93a8-090a75922668,85.04332,65.96467,,1.97585,,,,0.31242,1.9289,0.71496,3737a129-c7b8-45bf-aff7-ddc2ce9649b7,2026-09-28,18:45:23.75,2026-09-28T14:45:23.7570000-04:00,2026-09-28T18:45:23.7570000Z,FlyBall,v3,471298,,,,,Undefined,FOR_RAM,e8999b79-84b5-4423-b279-4d3306559567,34.11798,-75.92428,4.84154,6.16608,-4.33325,-12.19836,1.18503,-2.44331,2.58554,,0.30982,81.12168,-21.18417,6.04883,-1.95733,0.65416,-0.16905,0.02484,-0.00145,1.92804,69.37821,-21.4435,1.79964,-0.32512,0.09235,-0.02558,0.00489,-0.00039,0.71431,49.69047,0.36946,-1.20911,0.24781,0.0573,-0.04453,0.00986,-0.00077,,,,,,,,,,,,,,,,,,,,,,,High,High,High,Medium,Low,,,
237,2026-09-28,14:45:34.21,,,,,Undefined,FOR_RAM,"Dieguez, Matthew",10131275,Right,FOR_RAM,Undefined,1,Bottom,0,0,0,Undefined,Slider,Undefined,Undefined,LineDrive,Undefined,0,0,,51.97061,-3.412872,2.515061,1229.30221,119.18094,10:00,5.86624,-1.33311,26.18923,-33.92773,4.65213,-6.74819,1.07498,-0.45033,49.93499,-13.250982,0.548221,0.447046,84.13569,17.504893,-12.553826,1527.387284,107.66486,26.8177,-22.54306,249.58205,246.49913,-12.025366,3.116591,9.68953,7.78233,2.12578,50,6.23731,-4.50416,-78.10133,0.97886,5.93698,10.57251,-27.40567,FOR_RAM,,FordhamUniversity,,,20260928-FordhamUniversity-BP-1,bb56b540-bb6c-11f1-93a8-090a75922668,84.31451,28.95274,,2.03562,,,,1.61878,1.12245,0.45228,3737a129-c7b8-45bf-aff7-ddc2ce9649b7,2026-09-28,18:45:34.21,2026-09-28T14:45:34.2160000-04:00,2026-09-28T18:45:34.2160000Z,LineDrive,v3,471298,,,,,Undefined,FOR_RAM,1f4bb178-e501-4c55-a1c0-42528d0b0d62,34.31488,-75.94838,5.28625,5.86842,-4.60195,-13.70283,1.33166,-3.29517,2.96849,185.06509,1.61879,114.87037,-20.07578,4.27105,-0.84727,0.16029,-0.0267,0.00319,-0.00019,1.12245,37.11693,-12.51295,-0.04378,0.14687,-0.05522,0.01458,-0.00216,0.00014,0.45228,-25.57928,5.38012,-1.42993,0.33237,-0.07263,0.0135,-0.00177,0.00011,,,,,,,,,,,,,,,,,,,,,,,High,High,High,High,High,,,
238,2026-09-28,14:45:39.41,,,,,Undefined,FOR_RAM,"Dieguez, Matthew",10131275,Right,FOR_RAM,Undefined,1,Bottom,0,0,0,Undefined,Slider,Undefined,Undefined,GroundBall,Undefined,0,0,,52.88537,-1.29124,1.597899,1254.694249,137.99397,10:30,6.06254,-1.18448,26.19746,-31.92246,4.69666,-3.62429,2.66066,-0.56895,51.07126,-10.608691,0.542892,0.435537,95.57363,3.06491,23.054713,2297.502693,,,,96.56381,89.80407,27.003104,0.769161,5.21252,7.03658,1.68001,50,5.86992,-2.8136,-79.2436,3.73851,3.35648,8.92457,-27.643,FOR_RAM,,FordhamUniversity,,,20260928-FordhamUniversity-BP-1,be5ddac0-bb6c-11f1-93a8-090a75922668,86.54241,3.37046,,1.81412,,,,-0.09171,2.38123,0.66869,3737a129-c7b8-45bf-aff7-ddc2ce9649b7,2026-09-28,18:45:39.41,2026-09-28T14:45:39.4160000-04:00,2026-09-28T18:45:39.4160000Z,GroundBall,v3,471298,,,,,Undefined,FOR_RAM,9885556c-aff6-4746-bcbd-b43c8e67bad3,34.3069,-77.45606,4.46228,6.06423,-1.79824,-13.8215,1.18379,-2.14131,1.67824,,-0.00926,127.33538,-20.23482,,,,,,,2.39769,7.2066,-13.44883,,,,,,,0.64081,55.318,1.14751,,,,,,,,,,,,,,,,,,,,,,,,,,,,,High,High,High,High,High,,,
239,2026-09-28,14:45:44.79,,,,,Undefined,FOR_RAM,"Dieguez, Matthew",10131275,Right,FOR_RAM,Undefined,1,Bottom,0,0,0,Undefined,Slider,Undefined,Undefined,LineDrive,Undefined,0,0,,52.76775,-1.39573,2.481208,1216.176553,130.012205,10:15,6.20743,-1.2534,26.4847,-31.69809,4.58898,-4.62811,2.77076,-0.22623,50.81189,-10.73363,1.123055,0.433558,96.51137,10.41535,-11.786491,1483.571919,108.70067,7.6391,-16.8566,150.22634,150.22634,-8.040498,1.268426,6.89382,7.065,2.02299,50,6.02783,-4.22079,-79.16062,3.71366,4.40621,9.41766,-27.65843,FOR_RAM,,FordhamUniversity,,,20260928-FordhamUniversity-BP-1,c19fbf50-bb6c-11f1-93a8-090a75922668,86.93741,9.72453,,1.95586,,,,2.98426,3.00827,0.45317,3737a129-c7b8-45bf-aff7-ddc2ce9649b7,2026-09-28,18:45:44.79,2026-09-28T14:45:44.7920000-04:00,2026-09-28T18:45:44.7920000Z,LineDrive,v3,471298,,,,,Undefined,FOR_RAM,b875a68b-a53b-4f36-910b-c44b82c9beda,34.01962,-77.23605,4.70883,6.20921,-1.93853,-13.82922,1.25245,-3.32035,2.2031,309.475384,3.18859,134.03677,-15.30945,,,,,,,3.26891,22.70535,-20.07139,,,,,,,0.26668,-26.3586,7.65216,,,,,,,,,,,,,,,,,,,,,,,,,,,,,High,High,High,Medium,Medium,,,
240,2026-09-28,14:45:49.95,,,,,Undefined,FOR_RAM,"Dieguez, Matthew",10131275,Right,FOR_RAM,Undefined,1,Bottom,0,0,0,Undefined,Slider,Undefined,Undefined,LineDrive,Undefined,0,0,,53.2204,-2.333332,2.6763,1289.918878,115.576438,9:45,5.95657,-1.23945,26.80287,-31.21486,3.71969,-6.40729,2.03831,-0.26417,51.48141,-11.577436,0.776288,0.425401,102.54558,15.354992,-10.886554,4880.165226,108.60018,26.44275,-17.49289,308.02817,290.99437,-5.470326,3.206377,9.51721,6.17977,2.11633,50,6.02463,-4.88693,-79.77526,2.58968,6.1971,9.26099,-28.15011,FOR_RAM,,FordhamUniversity,,,20260928-FordhamUniversity-BP-1,c4ac8a20-bb6c-11f1-93a8-090a75922668,88.6044,32.06317,,1.73898,,,,1.38497,2.03181,0.26374,3737a129-c7b8-45bf-aff7-ddc2ce9649b7,2026-09-28,18:45:49.95,2026-09-28T14:45:49.9580000-04:00,2026-09-28T18:45:49.9580000Z,LineDrive,v3,471298,,,,,Undefined,FOR_RAM,af9c1ea6-9c1a-4837-9bc7-ee4d03d8a4ab,33.70196,-77.86026,4.6305,5.9583,-3.23124,-14.07506,1.23829,-3.60549,3.09855,205.660804,1.385,142.41978,-26.01228,6.10902,-1.39091,0.29775,-0.05221,0.00609,-0.00033,2.03181,39.82598,-13.79122,0.37495,0.03343,-0.02532,0.00649,-0.0008,4E-05,0.26373,-27.39093,9.43679,-2.02531,0.4478,-0.09341,0.01629,-0.00189,0.0001,,,,,,,,,,,,,,,,,,,,,,,High,High,High,Medium,Medium,,,
241,2026-09-28,14:45:58.25,,,,,Undefined,FOR_RAM,"Dieguez, Matthew",10131275,Right,FOR_RAM,Undefined,1,Bottom,0,0,0,Undefined,Slider,Undefined,Undefined,LineDrive,Undefined,0,0,,53.16929,-0.691619,1.174697,1341.962145,137.379648,10:30,6.10876,-1.24586,26.2365,-30.08336,6.34638,-5.13166,3.20514,-0.99984,50.76417,-9.547121,-0.319919,0.43441,89.26326,24.851607,11.602277,2101.810455,105.49037,42.77954,31.17238,266.33394,263.30299,23.001492,3.547864,7.13056,9.15752,1.64793,50,5.78573,-2.48226,-79.95572,4.24521,4.61075,10.41865,-26.2526,FOR_RAM,,FordhamUniversity,,,20260928-FordhamUniversity-BP-1,c99e4190-bb6c-11f1-93a8-090a75922668,86.76702,47.57841,,2.40511,,,,0.57048,3.14723,1.01762,3737a129-c7b8-45bf-aff7-ddc2ce9649b7,2026-09-28,18:45:58.25,2026-09-28T14:45:58.2550000-04:00,2026-09-28T18:45:58.2550000Z,LineDrive,v3,471298,,,,,Undefined,FOR_RAM,ae9a2f8b-1444-487c-bd1d-05e33aeab0bb,34.26715,-77.87867,5.20932,6.11035,-0.98848,-13.1263,1.24469,-1.56307,2.30538,224.642035,0.57058,116.36703,-25.53133,6.20832,-1.42034,0.31828,-0.05943,0.00696,-0.00035,3.14707,55.0248,-18.5752,1.06832,-0.06056,-0.01971,0.00394,0.00042,-0.0001,1.01756,23.89295,4.20537,-1.71394,0.55322,-0.15441,0.03174,-0.00386,0.0002,,,,,,,,,,,,,,,,,,,,,,,High,High,High,High,Medium,,,
242,2026-09-28,14:46:10.91,,,,,Undefined,FOR_RAM,"Beaudreau, Bradley",1000297368,Left,FOR_RAM,Undefined,1,Bottom,0,0,0,Undefined,Slider,Undefined,Undefined,Undefined,Undefined,0,0,,51.87764,1.035776,-0.086024,1122.486288,123.831152,10:15,5.83913,-1.33616,25.951,-34.63293,3.94016,-4.85807,3.55219,-1.79075,49.9201,-9.049479,-1.487707,0.447006,,,,,,,,,,,,6.39303,5.28437,1.38816,50,4.99003,-0.6604,-77.74445,7.13601,3.96489,8.53099,-28.89675,FOR_RAM,,FordhamUniversity,,,20260928-FordhamUniversity-BP-1,d12ff840-bb6c-11f1-93a8-090a75922668,84.32193,,,1.95754,,,,,,,3737a129-c7b8-45bf-aff7-ddc2ce9649b7,2026-09-28,18:46:10.91,2026-09-28T14:46:10.9180000-04:00,2026-09-28T18:46:10.9180000Z,,v3,471298,,,,,Undefined,FOR_RAM,737b11a1-3ab1-496b-b6b6-a8591c0f9922,34.55398,-76.03066,4.2655,5.8405,1.33091,-14.44837,1.3355,0.13611,1.98244,,,,,,,,,,,,,,,,,,,,,,,,,,,,,,,,,,,,,,,,,,,,,,,,,,,High,High,High,,,,,
243,2026-09-28,14:46:17.87,,,,,Undefined,FOR_RAM,"Beaudreau, Bradley",1000297368,Left,FOR_RAM,Undefined,1,Bottom,0,0,0,Undefined,Slider,Undefined,Undefined,LineDrive,Undefined,0,0,,52.03306,-1.030778,1.76074,1217.062183,130.810646,10:15,6.08244,-1.04948,26.69754,-30.63336,5.93567,-6.13142,2.94657,-0.56469,50.33168,-10.117165,-0.050403,0.435239,81.63251,19.690552,19.782966,5974.937477,101.388,23.76274,42.66691,216.95096,169.13922,25.462324,2.318974,8.84871,8.82623,1.6566,50,5.79212,-3.47612,-77.94968,4.18753,5.53528,8.26502,-26.65283,FOR_RAM,,FordhamUniversity,,,20260928-FordhamUniversity-BP-1,d5569780-bb6c-11f1-93a8-090a75922668,86.60164,23.76918,,1.70138,,,,1.90324,3.0729,0.57868,3737a129-c7b8-45bf-aff7-ddc2ce9649b7,2026-09-28,18:46:17.87,2026-09-28T14:46:17.8780000-04:00,2026-09-28T18:46:17.8780000Z,LineDrive,v3,471298,,,,,Undefined,FOR_RAM,e305192e-0063-4ddf-8af3-5b461bc78aa2,33.80708,-76.21341,4.13251,6.0837,-1.41157,-13.32642,1.04849,-2.31329,2.76764,274.947708,1.90315,106.07931,-12.82719,2.27504,-0.74178,0.37573,-0.17989,0.04596,-0.00449,3.07292,40.33987,-21.60769,2.19747,-0.35457,0.02025,0.01508,-0.00404,0.00022,0.57867,38.15372,3.20082,-1.85959,0.55856,-0.12062,0.01967,-0.00339,0.00035,,,,,,,,,,,,,,,,,,,,,,,High,High,High,High,Medium,,,
244,2026-09-28,14:46:23.78,,,,,Undefined,FOR_RAM,"Beaudreau, Bradley",1000297368,Left,FOR_RAM,Undefined,1,Bottom,0,0,0,Undefined,Slider,Undefined,Undefined,Undefined,Undefined,0,0,,51.52683,-3.127186,2.9193,1249.807648,119.184123,10:00,5.96133,-1.14115,26.67829,-33.80947,4.02937,-5.81209,1.37082,0.02734,49.80625,-13.062664,1.201189,0.442731,,,,,,,,,,,,8.66111,7.08898,2.06279,50,6.22915,-4.91168,-77.2908,1.70659,5.25086,9.43335,-27.87631,FOR_RAM,,FordhamUniversity,,,20260928-FordhamUniversity-BP-1,d8ded3e0-bb6c-11f1-93a8-090a75922668,85.13612,,,1.72058,,,,,,,3737a129-c7b8-45bf-aff7-ddc2ce9649b7,2026-09-28,18:46:23.78,2026-09-28T14:46:23.7890000-04:00,2026-09-28T18:46:23.7890000Z,,v3,471298,,,,,Undefined,FOR_RAM,5ec0029b-ec29-4ee0-a19b-f6fc59682387,33.82533,-75.2908,4.71667,5.96446,-4.20356,-13.93815,1.13946,-3.79843,2.62543,,,,,,,,,,,,,,,,,,,,,,,,,,,,,,,,,,,,,,,,,,,,,,,,,,,High,High,High,,,,,
245,2026-09-28,14:46:27.94,,,,,Undefined,FOR_RAM,"Beaudreau, Bradley",1000297368,Left,FOR_RAM,Undefined,1,Bottom,0,0,0,Undefined,Slider,Undefined,Undefined,GroundBall,Undefined,0,0,,50.40882,-1.232989,2.83501,1163.685421,126.16321,10:15,5.79504,-1.41529,26.56821,-34.67403,4.95118,-5.68914,2.20472,-0.27889,48.59391,-11.460718,1.161911,0.453062,84.14155,-0.728442,42.427892,4142.778129,,,,42.99181,40.38715,39.550466,0.351507,8.50697,7.54142,2.30807,50,5.50769,-4.69007,-75.6691,4.33063,4.95539,8.82921,-27.78112,FOR_RAM,,FordhamUniversity,,,20260928-FordhamUniversity-BP-1,db518190-bb6c-11f1-93a8-090a75922668,83.19495,2.14311,,1.81491,,,,2.57198,2.14311,0.36529,3737a129-c7b8-45bf-aff7-ddc2ce9649b7,2026-09-28,18:46:27.94,2026-09-28T14:46:27.9400000-04:00,2026-09-28T18:46:27.9400000Z,GroundBall,v3,471298,,,,,Undefined,FOR_RAM,36dfb49d-430f-4b85-9640-50815fcd05fe,33.93637,-73.77096,4.4146,5.79671,-1.64188,-13.89056,1.41429,-3.62474,2.4777,,2.57619,90.9228,-11.25612,,,,,,,2.14477,-1.63169,-12.72955,,,,,,,0.37412,82.91467,-17.41871,,,,,,,,,,,,,,,,,,,,,,,,,,,,,High,High,High,Medium,High,,,
246,2026-09-28,14:46:33.47,,,,,Undefined,FOR_RAM,"Beaudreau, Bradley",1000297368,Left,FOR_RAM,Undefined,1,Bottom,0,0,0,Undefined,Slider,Undefined,Undefined,GroundBall,Undefined,0,0,,50.01373,-2.491704,3.587286,1178.414501,138.575834,10:30,6.1036,-1.16606,26.28713,-34.67108,6.45587,-4.94307,1.78411,0.47847,48.31367,-12.581862,2.145917,0.461567,27.98574,-52.691374,-39.704931,,,,,6.50991,6.01324,-13.341065,0.091823,7.6167,9.77945,2.2364,50,6.18979,-5.48695,-74.95628,2.4374,4.34714,8.79017,-26.59256,FOR_RAM,,FordhamUniversity,,,20260928-FordhamUniversity-BP-1,de9d7840-bb6c-11f1-93a8-090a75922668,81.66194,3.12367,,1.70006,,,,4.58621,3.12367,-0.02218,3737a129-c7b8-45bf-aff7-ddc2ce9649b7,2026-09-28,18:46:33.47,2026-09-28T14:46:33.4770000-04:00,2026-09-28T18:46:33.4770000Z,GroundBall,v3,471298,,,,,Undefined,FOR_RAM,546410e7-9f6a-42f0-847c-f71460ce9eb9,34.21735,-73.082,4.39508,6.105,-3.23277,-13.29628,1.16527,-4.56003,2.17357,,4.5862,19.14167,-1.14006,,,,,,,3.12369,-32.6492,-14.93951,,,,,,,-0.02222,-15.88798,-2.49087,,,,,,,,,,,,,,,,,,,,,,,,,,,,,High,High,High,Low,Low,,,
247,2026-09-28,14:46:38.29,,,,,Undefined,FOR_RAM,"Beaudreau, Bradley",1000297368,Left,FOR_RAM,Undefined,1,Bottom,0,0,0,Undefined,Slider,Undefined,Undefined,LineDrive,Undefined,0,0,,49.63174,-2.395487,3.241669,1128.60755,125.299291,10:15,6.01755,-1.27679,26.74973,-34.90348,5.63118,-6.77178,1.75386,-0.00943,47.98254,-12.698489,1.237607,0.458231,86.41704,24.587955,27.879385,791.620317,94.11349,39.09647,56.94404,282.33262,276.53079,37.195596,3.454209,10.22646,8.88406,2.31745,50,6.03892,-5.35128,-74.48555,2.91191,5.76126,8.71331,-27.16905,FOR_RAM,,FordhamUniversity,,,20260928-FordhamUniversity-BP-1,e174b420-bb6c-11f1-93a8-090a75922668,82.25635,43.71197,,1.6492,,,,3.09295,2.15053,0.11957,3737a129-c7b8-45bf-aff7-ddc2ce9649b7,2026-09-28,18:46:38.29,2026-09-28T14:46:38.2940000-04:00,2026-09-28T18:46:38.2940000Z,LineDrive,v3,471298,,,,,Undefined,FOR_RAM,5c0e3e41-2b29-46e9-90f4-70687fa2f06f,33.75491,-72.56032,4.35665,6.01912,-3.09117,-13.58453,1.2757,-4.07832,2.88063,,3.09255,101.88985,-20.52515,5.00717,-1.06042,0.19111,-0.0303,0.00334,-0.00014,2.1508,52.72724,-17.97702,0.86286,-0.0779,0.03475,-0.01766,0.00488,-0.00049,0.11971,53.88692,-0.50557,-0.76143,0.26984,-0.04208,0.0002,0.00101,-0.0001,,,,,,,,,,,,,,,,,,,,,,,High,High,High,Medium,High,,,
248,2026-09-28,14:46:55.02,,,,,Undefined,FOR_RAM,"Forney, Colden",1000306564,Right,FOR_RAM,Undefined,1,Bottom,0,0,0,Undefined,Slider,Undefined,Undefined,GroundBall,Undefined,0,0,,49.89885,-0.081827,2.386358,1114.339667,124.881846,10:15,6.03976,-1.26573,26.05703,-36.79589,4.83091,-5.77122,2.92623,-0.37007,48.06679,-10.796059,0.715314,0.464363,,,,,,,,,,,,8.22402,6.91225,2.00268,50,5.45136,-4.00317,-74.82019,5.77514,4.69937,8.34773,-28.22425,FOR_RAM,,FordhamUniversity,,,20260928-FordhamUniversity-BP-1,eb7ac630-bb6c-11f1-93a8-090a75922668,81.17015,,,1.83206,,,,,,,3737a129-c7b8-45bf-aff7-ddc2ce9649b7,2026-09-28,18:46:55.02,2026-09-28T14:46:55.0240000-04:00,2026-09-28T18:46:55.0240000Z,,v3,471298,,,,,Undefined,FOR_RAM,4a1c7620-81fb-4164-bbc6-15423b9c07e9,34.44735,-73.06437,4.17387,6.04174,-0.16141,-14.11213,1.26462,-3.01472,2.34969,,,,,,,,,,,,,,,,,,,,,,,,,,,,,,,,,,,,,,,,,,,,,,,,,,,High,High,High,,,,,
249,2026-09-28,14:47:00.75,,,,,Undefined,FOR_RAM,"Forney, Colden",1000306564,Right,FOR_RAM,Undefined,1,Bottom,0,0,0,Undefined,Slider,Undefined,Undefined,Undefined,Undefined,0,0,,49.72186,-2.383969,3.864063,1082.346179,142.288826,10:45,6.19397,-1.19184,26.19969,-36.03459,5.66874,-3.75567,1.81869,0.71668,48.2561,-12.815483,2.772441,0.46479,,,,,,,,,,,,5.93788,8.80182,2.31075,50,6.23807,-5.60137,-74.33864,2.71019,3.35777,8.03228,-27.19677,FOR_RAM,,FordhamUniversity,,,20260928-FordhamUniversity-BP-1,eee96010-bb6c-11f1-93a8-090a75922668,81.09562,,,1.46575,,,,,,,3737a129-c7b8-45bf-aff7-ddc2ce9649b7,2026-09-28,18:47:00.75,2026-09-28T14:47:00.7570000-04:00,2026-09-28T18:47:00.7570000Z,,v3,471298,,,,,Undefined,FOR_RAM,397b2cfd-b11b-472b-a2b9-9dd7f6f9e078,34.30384,-72.62288,4.01614,6.19652,-3.09929,-13.59838,1.19086,-4.88411,1.67888,,,,,,,,,,,,,,,,,,,,,,,,,,,,,,,,,,,,,,,,,,,,,,,,,,,High,High,High,,,,,
250,2026-09-28,14:47:05.13,,,,,Undefined,FOR_RAM,"Forney, Colden",1000306564,Right,FOR_RAM,Undefined,1,Bottom,0,0,0,Undefined,Slider,Undefined,Undefined,GroundBall,Undefined,0,0,,50.12291,-0.951597,3.408323,1042.441017,133.116691,10:30,6.06157,-1.19758,26.89368,-34.02773,4.90981,-4.54374,2.6902,0.34126,48.72086,-11.062657,2.060067,0.449113,82.88374,-8.710745,-45.571733,,,,,22.17005,19.55542,-40.453398,0.164342,7.09969,7.48178,2.25867,50,5.66265,-5.25861,-74.94767,4.88749,4.12026,7.33377,-27.83205,FOR_RAM,,FordhamUniversity,,,20260928-FordhamUniversity-BP-1,f1722dd0-bb6c-11f1-93a8-090a75922668,83.92639,3.03374,,1.40205,,,,3.0091,3.03374,-0.24432,3737a129-c7b8-45bf-aff7-ddc2ce9649b7,2026-09-28,18:47:05.13,2026-09-28T14:47:05.1330000-04:00,2026-09-28T18:47:05.1330000Z,GroundBall,v3,471298,,,,,Undefined,FOR_RAM,a73172bf-f141-4209-991f-96ac6534c329,33.61112,-73.32645,3.66689,6.06303,-1.26512,-13.91602,1.19687,-4.34778,2.06013,180,3.0031,84.34139,,,,,,,,3.03506,-18.45992,,,,,,,,-0.23819,-86.04163,,,,,,,,,,,,,,,,,,,,,,,,,,,,,,High,High,High,Low,Low,,,
251,2026-09-28,14:47:10.19,,,,,Undefined,FOR_RAM,"Forney, Colden",1000306564,Right,FOR_RAM,Undefined,1,Bottom,0,0,0,Undefined,Slider,Undefined,Undefined,GroundBall,Undefined,0,0,,50.99542,-2.395267,4.319568,1025.468699,122.511779,10:00,6.01845,-1.14601,27.02269,-32.81179,4.68796,-6.31237,1.93897,0.7501,49.6114,-12.139624,2.440209,0.440743,43.40557,-15.124253,-42.125644,,,,,13.45424,4.81296,-30.715975,0.15166,9.8652,7.57851,2.51416,50,6.05119,-6.89088,-76.18633,2.88825,5.90021,7.81774,-27.64146,FOR_RAM,,FordhamUniversity,,,20260928-FordhamUniversity-BP-1,f4766d20-bb6c-11f1-93a8-090a75922668,85.52018,2.54288,,1.38401,,,,4.58869,2.54288,-0.56136,3737a129-c7b8-45bf-aff7-ddc2ce9649b7,2026-09-28,18:47:10.19,2026-09-28T14:47:10.1960000-04:00,2026-09-28T18:47:10.1960000Z,GroundBall,v3,471298,,,,,Undefined,FOR_RAM,a96a024b-1cad-42dc-9a19-c157bd28c5cb,33.48223,-74.4721,3.90887,6.01999,-3.17282,-13.82073,1.14501,-5.59711,2.95011,,4.57818,46.0113,,,,,,,,2.54671,-16.76703,,,,,,,,-0.55186,-41.61182,,,,,,,,,,,,,,,,,,,,,,,,,,,,,,High,High,High,Low,Low,,,
252,2026-09-28,14:47:18.79,,,,,Undefined,FOR_RAM,"Forney, Colden",1000306564,Right,FOR_RAM,Undefined,1,Bottom,0,0,0,Undefined,Slider,Undefined,Undefined,LineDrive,Undefined,0,0,,49.40679,-1.663106,3.623085,1138.050677,150.979742,11:00,5.97736,-1.26442,26.46409,-31.4308,10.17784,-5.16544,2.40895,0.37095,47.5325,-10.92379,2.112305,0.464262,85.93793,20.468727,-38.097643,1585.109834,84.4448,22.46375,-70.4907,190.51918,130.74058,-42.40249,2.111489,7.94607,14.73414,2.36127,50,5.87333,-5.51397,-74.04019,3.0951,4.43456,8.39606,-23.95118,FOR_RAM,,FordhamUniversity,,,20260928-FordhamUniversity-BP-1,f9a72960-bb6c-11f1-93a8-090a75922668,81.18784,22.64169,,1.8743,,,,2.72994,2.33662,-0.22448,3737a129-c7b8-45bf-aff7-ddc2ce9649b7,2026-09-28,18:47:18.79,2026-09-28T14:47:18.7900000-04:00,2026-09-28T18:47:18.7900000Z,LineDrive,v3,471298,,,,,Undefined,FOR_RAM,da796406-6404-4b17-87e2-161e8d35c5bb,34.03956,-72.20762,4.19803,5.97837,-2.13262,-11.97559,1.2634,-4.54605,2.21728,,2.72993,92.92812,-19.80014,4.7986,-1.26809,0.46452,-0.19541,0.05776,-0.00744,2.33663,44.07465,-27.06136,4.00625,-0.72366,-0.14198,0.21465,-0.08481,0.01197,-0.22448,-72.8583,8.81099,-2.15441,0.51858,-0.14922,0.048,-0.01239,0.00154,,,,,,,,,,,,,,,,,,,,,,,High,High,High,Medium,Medium,,,
253,2026-09-28,14:47:23.68,,,,,Undefined,FOR_RAM,"Forney, Colden",1000306564,Right,FOR_RAM,Undefined,1,Bottom,0,0,0,Undefined,Slider,Undefined,Undefined,LineDrive,Undefined,0,0,,49.93139,-1.64531,3.980581,1147.702883,120.114995,10:00,6.05007,-1.2289,26.74981,-35.48738,4.61256,-6.52244,2.16161,0.47797,48.1404,-12.145802,2.053666,0.455767,91.46247,19.0406,-21.660307,793.508388,102.63459,30.17791,-39.5741,281.57224,279.16186,-20.213379,3.22613,10.0726,7.29418,2.47448,50,5.84986,-6.30556,-74.92842,3.9972,5.73691,8.89648,-28.01961,FOR_RAM,,FordhamUniversity,,,20260928-FordhamUniversity-BP-1,fc7febe0-bb6c-11f1-93a8-090a75922668,82.70104,34.16727,,1.79099,,,,2.10643,2.03757,-0.46315,3737a129-c7b8-45bf-aff7-ddc2ce9649b7,2026-09-28,18:47:23.68,2026-09-28T14:47:23.6820000-04:00,2026-09-28T18:47:23.6820000Z,LineDrive,v3,471298,,,,,Undefined,FOR_RAM,f3b2f6c8-7fe3-4d43-800e-5d185da4bbbf,33.75484,-72.9741,4.44824,6.05188,-2.15797,-14.0098,1.22774,-5.04531,2.86845,,2.10632,117.85644,-19.12259,4.12314,-0.9918,0.27801,-0.06852,0.01051,-0.0007,2.03817,43.73833,-16.45682,1.05783,0.27494,-0.32732,0.12157,-0.02116,0.00146,-0.46325,-46.80025,8.5309,-1.69177,0.28255,-0.0199,-0.00445,0.0013,-0.0001,,,,,,,,,,,,,,,,,,,,,,,High,High,High,Medium,Medium,,,
254,2026-09-28,14:47:32.87,,,,,Undefined,FOR_RAM,"Velit, Liam",1000239563,Right,FOR_RAM,Undefined,1,Bottom,0,0,0,Undefined,Curveball,Undefined,Undefined,FlyBall,Undefined,0,0,,50.19452,-2.37802,2.584367,2129.789286,138.490033,10:30,6.17079,-1.07957,26.30777,-33.56207,7.40973,-5.72705,2.01119,-0.07717,48.11916,-12.199418,0.911308,0.460696,96.27831,25.649872,-24.526961,1148.818308,99.31304,45.52728,-47.29538,314.82807,306.93203,-30.941326,4.153494,8.43623,11.16674,1.88408,50,6.24979,-4.30796,-75.48931,2.37121,4.83228,9.82092,-25.77773,FOR_RAM,,FordhamUniversity,,,20260928-FordhamUniversity-BP-1,01fccc50-bb6d-11f1-93a8-090a75922668,81.81638,58.13256,,2.07536,,,,3.2454,2.39712,0.10777,3737a129-c7b8-45bf-aff7-ddc2ce9649b7,2026-09-28,18:47:32.87,2026-09-28T14:47:32.8730000-04:00,2026-09-28T18:47:32.8730000Z,FlyBall,v3,471298,,,,,Undefined,FOR_RAM,09d08108-cafa-4be4-b3df-7b142206cfd3,34.19608,-73.40448,4.91046,6.17233,-3.10101,-12.88887,1.07845,-3.28214,2.41614,,3.24555,115.80129,-23.94224,5.35892,-1.15525,0.21659,-0.02965,0.00226,-6E-05,2.39663,61.13925,-19.94588,2.58071,-0.7736,0.24363,-0.05966,0.0087,-0.00053,0.10779,-52.84251,6.57605,-1.51743,0.34486,-0.07497,0.01294,-0.00135,6E-05,,,,,,,,,,,,,,,,,,,,,,,High,High,High,Medium,Medium,,,
255,2026-09-28,14:47:40.02,,,,,Undefined,FOR_RAM,"Velit, Liam",1000239563,Right,FOR_RAM,Undefined,1,Bottom,0,0,0,Undefined,Slider,Undefined,Undefined,GroundBall,Undefined,0,0,,50.05286,-1.785869,3.110581,1053.585279,120.009401,10:00,5.93907,-1.24457,26.80088,-36.30636,3.30106,-4.38319,1.90532,0.14485,48.48161,-12.519598,1.811409,0.45296,73.64839,-5.717338,-43.321463,,,,,29.18756,4.6548,-37.150121,0.238079,6.88181,5.49485,2.20908,50,5.75589,-4.82751,-75.11107,4.03003,3.95457,8.59645,-29.01649,FOR_RAM,,FordhamUniversity,,,20260928-FordhamUniversity-BP-1,06499130-bb6d-11f1-93a8-090a75922668,83.21366,2.56877,,1.57125,,,,4.59814,2.56877,-0.02339,3737a129-c7b8-45bf-aff7-ddc2ce9649b7,2026-09-28,18:47:40.02,2026-09-28T14:47:40.0260000-04:00,2026-09-28T18:47:40.0260000Z,GroundBall,v3,471298,,,,,Undefined,FOR_RAM,6d0bacb6-9e75-465d-b9cb-489c19e88b87,33.704,-73.22224,4.29823,5.94095,-2.34551,-14.50825,1.24383,-3.9586,1.97728,,4.59013,78.40248,,,,,,,,2.56987,-10.78955,,,,,,,,-0.01584,-73.93823,,,,,,,,,,,,,,,,,,,,,,,,,,,,,,High,High,High,Low,Low,,,
256,2026-09-28,14:47:44.81,,,,,Undefined,FOR_RAM,"Velit, Liam",1000239563,Right,FOR_RAM,Undefined,1,Bottom,0,0,0,Undefined,Slider,Undefined,Undefined,Undefined,Undefined,0,0,,49.95408,-1.715973,4.260543,1093.846934,135.94407,10:30,6.1372,-1.14859,26.55282,-34.66903,5.75063,-4.8061,2.27067,0.87483,48.33544,-11.898292,2.850913,0.457581,,,,,,,,,,,,7.5337,8.93662,2.42358,50,5.99208,-6.33956,-74.71111,3.62216,4.304,8.09289,-27.06858,FOR_RAM,,FordhamUniversity,,,20260928-FordhamUniversity-BP-1,0937b070-bb6d-11f1-93a8-090a75922668,82.3733,,,1.61865,,,,,,,3737a129-c7b8-45bf-aff7-ddc2ce9649b7,2026-09-28,18:47:44.81,2026-09-28T14:47:44.8160000-04:00,2026-09-28T18:47:44.8160000Z,,v3,471298,,,,,Undefined,FOR_RAM,ae5a6856-02f8-4468-8ead-0f04c99e2bd7,33.95044,-72.95187,4.04644,6.13991,-2.26204,-13.53429,1.14717,-5.40395,2.152,,,,,,,,,,,,,,,,,,,,,,,,,,,,,,,,,,,,,,,,,,,,,,,,,,,High,High,High,,,,,
257,2026-09-28,14:47:50.50,,,,,Undefined,FOR_RAM,"Velit, Liam",1000239563,Right,FOR_RAM,Undefined,1,Bottom,0,0,0,Undefined,Slider,Undefined,Undefined,Undefined,Undefined,0,0,,49.70647,-7.123669,4.805132,1233.27332,123.546681,10:00,5.17521,-0.21141,35.8879,-18.29497,2.47701,-3.27669,0.74074,1.46593,48.96891,-14.468248,3.456428,0.328027,,,,,,,,,,,,9.91658,8.76524,2.63883,50,6.68989,-8.00979,-74.87106,0.30741,5.68926,8.13365,-27.14534,FOR_RAM,,FordhamUniversity,,,20260928-FordhamUniversity-BP-1,0c721af0-bb6d-11f1-93a8-090a75922668,114.90635,,,0.73756,,,,,,,3737a129-c7b8-45bf-aff7-ddc2ce9649b7,2026-09-28,18:47:50.50,2026-09-28T14:47:50.5090000-04:00,2026-09-28T18:47:50.5090000Z,,v3,471298,,,,,Undefined,FOR_RAM,a352c37c-33ef-460a-aef6-24f38628f940,24.6178,-72.06091,4.06683,5.17596,-9.07119,-13.57267,0.21104,-6.04418,2.84463,,,,,,,,,,,,,,,,,,,,,,,,,,,,,,,,,,,,,,,,,,,,,,,,,,,High,High,High,,,,,
258,2026-09-28,14:47:54.08,,,,,Undefined,FOR_RAM,"Velit, Liam",1000239563,Right,FOR_RAM,Undefined,1,Bottom,0,0,0,Undefined,Slider,Undefined,Undefined,GroundBall,Undefined,0,0,,50.56966,-2.108077,3.362492,1164.040886,122.2294,10:00,5.84579,-1.35948,26.84864,-34.43301,4.09477,-5.39114,1.78756,0.08555,49.16449,-12.288596,1.763075,0.446744,59.2729,-13.820988,-41.911551,,,,,14.03663,14.03663,-28.670199,0.119261,8.30906,6.61193,2.41934,50,5.77915,-5.38993,-75.69832,3.40111,4.88995,8.0074,-28.28286,FOR_RAM,,FordhamUniversity,,,20260928-FordhamUniversity-BP-1,0e9bb1b0-bb6d-11f1-93a8-090a75922668,84.37152,2.48873,,1.40517,,,,4.78737,2.48873,0.02319,3737a129-c7b8-45bf-aff7-ddc2ce9649b7,2026-09-28,18:47:54.08,2026-09-28T14:47:54.0880000-04:00,2026-09-28T18:47:54.0880000Z,GroundBall,v3,471298,,,,,Undefined,FOR_RAM,db8b00a0-5e4b-44de-b9a0-fbccd657e583,33.65637,-73.94928,4.0037,5.84735,-2.77667,-14.14143,1.35867,-4.32183,2.44498,,4.78153,63.12486,,,,,,,,2.49066,-20.86799,,,,,,,,0.02843,-56.66167,,,,,,,,,,,,,,,,,,,,,,,,,,,,,,High,High,High,Estimated,Estimated,,,
259,2026-09-28,14:47:58.43,,,,,Undefined,FOR_RAM,"Velit, Liam",1000239563,Right,FOR_RAM,Undefined,1,Bottom,0,0,0,Undefined,Slider,Undefined,Undefined,LineDrive,Undefined,0,0,,50.58398,-1.603882,2.817217,1087.695145,130.359636,10:15,6.08835,-1.2544,27.04361,-33.06687,5.09394,-5.11788,2.43439,-0.10392,48.8407,-11.490945,1.289308,0.444611,90.88966,9.733545,-28.445999,2400.004839,,,,107.42705,107.38309,-31.122793,0.929625,7.91308,8.04245,2.16431,50,5.89112,-4.64219,-75.94819,3.92856,4.65041,8.76417,-27.44761,FOR_RAM,,FordhamUniversity,,,20260928-FordhamUniversity-BP-1,11461130-bb6d-11f1-93a8-090a75922668,84.77622,6.68139,,1.74327,,,,2.0838,2.33395,0.11131,3737a129-c7b8-45bf-aff7-ddc2ce9649b7,2026-09-28,18:47:58.43,2026-09-28T14:47:58.4360000-04:00,2026-09-28T18:47:58.4360000Z,LineDrive,v3,471298,,,,,Undefined,FOR_RAM,3e66554e-8c25-4a07-85f3-103c8724b378,33.4609,-74.01503,4.38209,6.08995,-2.12571,-13.72381,1.25349,-3.61642,2.32521,,2.0838,115.52343,-23.07083,3.67128,-1.2579,1.64141,-2.22766,1.62275,-0.46732,2.33395,22.53778,-31.17331,5.67599,-1.97761,2.00208,-2.48793,1.79451,-0.51902,0.11131,-62.5826,1.5697,2.05682,-1.21252,1.6153,-2.09345,1.52551,-0.4449,,,,,,,,,,,,,,,,,,,,,,,High,High,High,Medium,Medium,,,
260,2026-09-28,14:48:08.76,,,,,Undefined,FOR_RAM,"Crang, Mason",10913432,Right,FOR_RAM,Undefined,1,Bottom,0,0,0,Undefined,Slider,Undefined,Undefined,Undefined,Undefined,0,0,,50.82771,-4.000761,3.146624,1109.824966,139.267709,10:45,5.58831,-0.81383,32.08259,-23.67702,3.29,-2.38162,1.7235,0.4724,49.1395,-12.341134,2.302785,0.373756,,,,,,,,,,,,5.65485,8.02288,2.11027,50,5.96911,-5.03181,-77.21384,2.56812,3.37917,10.5274,-27.37982,FOR_RAM,,FordhamUniversity,,,20260928-FordhamUniversity-BP-1,17545c30-bb6d-11f1-93a8-090a75922668,100.84776,,,1.68821,,,,,,,3737a129-c7b8-45bf-aff7-ddc2ce9649b7,2026-09-28,18:48:08.76,2026-09-28T14:48:08.7660000-04:00,2026-09-28T18:48:08.7660000Z,,v3,471298,,,,,Undefined,FOR_RAM,23f304ef-beaf-4247-a0c8-d755a20fda97,28.42276,-74.2137,5.2637,5.58914,-5.2347,-13.68991,0.8135,-4.0688,1.68958,,,,,,,,,,,,,,,,,,,,,,,,,,,,,,,,,,,,,,,,,,,,,,,,,,,High,High,High,,,,,
261,2026-09-28,14:48:16.37,,,,,Undefined,FOR_RAM,"Crang, Mason",10913432,Right,FOR_RAM,Undefined,1,Bottom,0,0,0,Undefined,Slider,Undefined,Undefined,GroundBall,Undefined,0,0,,52.17522,-2.21479,3.436628,1200.452257,137.466501,10:30,5.97884,-1.31724,26.85495,-30.52872,5.73571,-4.63414,2.18587,0.23236,50.44819,-11.276947,2.063049,0.433423,90.73563,2.809069,-10.767993,1370.753595,,,,55.80746,54.50282,-14.408141,0.426723,7.2939,8.93071,2.38406,50,6.01851,-5.52418,-78.14337,2.63406,4.56,8.82608,-26.59074,FOR_RAM,,FordhamUniversity,,,20260928-FordhamUniversity-BP-1,1bf49840-bb6d-11f1-93a8-090a75922668,86.96457,2.34445,,1.72704,,,,0.57018,1.94504,-0.57374,3737a129-c7b8-45bf-aff7-ddc2ce9649b7,2026-09-28,18:48:16.37,2026-09-28T14:48:16.3720000-04:00,2026-09-28T18:48:16.3720000Z,GroundBall,v3,471298,,,,,Undefined,FOR_RAM,58e9a367-744b-47b8-92ce-0a67b7c8524b,33.64968,-76.27429,4.41304,5.98008,-2.997,-13.29537,1.31647,-4.55852,2.28,60.945304,0.56504,130.73916,-12.61649,,,,,,,1.95185,6.31056,-25.54407,,,,,,,-0.56444,-25.12234,-14.3376,,,,,,,,,,,,,,,,,,,,,,,,,,,,,High,High,High,Low,Medium,,,
262,2026-09-28,14:48:23.21,,,,,Undefined,FOR_RAM,"Crang, Mason",10913432,Right,FOR_RAM,Undefined,1,Bottom,0,0,0,Undefined,Slider,Undefined,Undefined,Undefined,Undefined,0,0,,52.04211,0.884713,1.381369,1112.223765,109.857367,9:45,6.07481,-1.19625,26.49097,-36.62002,2.64449,-3.44587,3.52669,-0.69732,47.47191,-10.142765,0.369983,0.450995,,,,,,,,,,,,5.21512,3.9224,1.62962,50,5.23361,-2.43657,-79.67826,7.18012,3.10505,17.23624,-29.83868,FOR_RAM,,FordhamUniversity,,,20260928-FordhamUniversity-BP-1,200b8010-bb6d-11f1-93a8-090a75922668,83.57621,,,4.5702,,,,,,,3737a129-c7b8-45bf-aff7-ddc2ce9649b7,2026-09-28,18:48:23.21,2026-09-28T14:48:23.2180000-04:00,2026-09-28T18:48:23.2180000Z,,v3,471298,,,,,Undefined,FOR_RAM,0775c22a-5684-4b73-a1d4-5d1ed3bb5e11,34.01031,-76.14079,8.61812,6.0788,1.0562,-14.91934,1.19494,-1.79931,1.55252,,,,,,,,,,,,,,,,,,,,,,,,,,,,,,,,,,,,,,,,,,,,,,,,,,,High,High,High,,,,,
263,2026-09-28,14:48:27.62,,,,,Undefined,FOR_RAM,"Crang, Mason",10913432,Right,FOR_RAM,Undefined,1,Bottom,0,0,0,Undefined,Slider,Undefined,Undefined,FlyBall,Undefined,0,0,,50.6938,-2.204786,3.66361,1184.698424,134.101729,10:30,6.08995,-1.41607,26.77247,-31.98679,6.66209,-6.10453,2.17763,0.14447,49.04653,-11.669651,1.858937,0.447445,84.17837,47.110745,-25.099298,,102.62071,106.93312,-39.61043,217.58399,131.50862,-19.26503,5.531097,9.35249,10.21087,2.5676,50,6.10513,-5.9112,-75.90154,2.77279,5.51385,8.36616,-26.15413,FOR_RAM,,FordhamUniversity,,,20260928-FordhamUniversity-BP-1,22ab5840-bb6d-11f1-93a8-090a75922668,84.23924,112.74535,,1.64727,,,,2.98374,2.49474,-0.0924,3737a129-c7b8-45bf-aff7-ddc2ce9649b7,2026-09-28,18:48:27.62,2026-09-28T14:48:27.6290000-04:00,2026-09-28T18:48:27.6290000Z,FlyBall,v3,471298,,,,,Undefined,FOR_RAM,36365ec0-3ce6-4012-aad8-003439b3032d,33.73202,-74.08672,4.18308,6.09126,-2.90065,-13.07706,1.41505,-4.71512,2.75693,,2.98844,75.9954,-20.70759,5.37513,-0.87274,0.05292,0.00862,-0.00172,9E-05,2.4913,90.51331,-21.21224,1.05861,0.13118,-0.10905,0.03128,-0.00432,0.00022,-0.09468,-35.59289,13.25801,-3.8891,0.75016,-0.08064,0.00086,0.00069,-5E-05,,,,,,,,,,,,,,,,,,,,,,,High,High,High,Medium,Low,,,
264,2026-09-28,14:48:34.40,,,,,Undefined,FOR_RAM,"Crang, Mason",10913432,Right,FOR_RAM,Undefined,1,Bottom,0,0,0,Undefined,Slider,Undefined,Undefined,LineDrive,Undefined,0,0,,50.07801,-1.534106,3.084299,1140.081897,127.059052,10:15,5.95865,-1.1979,26.54041,-35.81037,4.15197,-4.56547,2.10147,0.1755,48.71125,-12.034277,1.742385,0.454985,99.10186,16.286203,-30.639748,1581.564595,90.23029,14.76544,-62.91654,174.70405,129.67938,-37.677749,1.560176,6.96079,6.43622,2.14176,50,5.72996,-4.79993,-74.92935,4.14286,4.02248,7.65662,-28.4547,FOR_RAM,,FordhamUniversity,,,20260928-FordhamUniversity-BP-1,26b288a0-bb6d-11f1-93a8-090a75922668,82.84331,15.46853,,1.36675,,,,1.48849,1.70047,-0.32793,3737a129-c7b8-45bf-aff7-ddc2ce9649b7,2026-09-28,18:48:34.40,2026-09-28T14:48:34.4070000-04:00,2026-09-28T18:48:34.4070000Z,LineDrive,v3,471298,,,,,Undefined,FOR_RAM,ad5a6559-99f6-468a-93e0-334056baf8c3,33.96454,-73.27245,3.82831,5.96023,-2.01475,-14.22735,1.19723,-3.92947,2.01124,,1.48846,120.04223,-26.38914,5.04845,-1.68689,1.01364,-0.52593,0.1497,-0.0171,1.70044,40.76497,-33.90109,6.544,-2.36601,1.38358,-0.71073,0.21173,-0.02615,-0.32797,-71.09813,-1.38053,3.58276,-2.22026,1.75272,-1.01257,0.32311,-0.04241,,,,,,,,,,,,,,,,,,,,,,,High,High,High,Low,Medium,,,
265,2026-09-28,14:48:39.08,,,,,Undefined,FOR_RAM,"Crang, Mason",10913432,Right,FOR_RAM,Undefined,1,Bottom,0,0,0,Undefined,Slider,Undefined,Undefined,LineDrive,Undefined,0,0,,50.28814,-1.221396,1.98375,1151.204067,141.805385,10:45,5.87741,-1.17574,26.73412,-34.634,4.41685,-2.94717,2.301,-0.30064,48.89162,-11.458031,1.111766,0.449766,86.23427,21.954433,16.052346,2955.4173,102.20445,36.87476,40.67133,285.41342,274.10591,30.152677,3.606064,4.53201,6.78642,1.79134,50,5.56175,-3.11577,-75.31452,4.52868,2.64869,7.64469,-28.20778,FOR_RAM,,FordhamUniversity,,,20260928-FordhamUniversity-BP-1,29816010-bb6d-11f1-93a8-090a75922668,83.80456,41.82091,,1.39651,,,,0.15596,2.10843,0.31467,3737a129-c7b8-45bf-aff7-ddc2ce9649b7,2026-09-28,18:48:39.08,2026-09-28T14:48:39.0850000-04:00,2026-09-28T18:48:39.0850000Z,LineDrive,v3,471298,,,,,Undefined,FOR_RAM,bfd9f917-8937-4865-bcb9-8aef74601595,33.77073,-73.64877,3.82234,5.87889,-1.61769,-14.10389,1.1753,-2.53864,1.32434,227.758841,0.15582,112.73516,-22.70854,5.16032,-1.08722,0.21504,-0.03874,0.00495,-0.00028,2.10852,47.28332,-14.33757,-0.13743,0.28052,-0.08807,0.01613,-0.00089,-7E-05,0.31465,32.43745,5.84784,-2.40932,0.72005,-0.1684,0.03,-0.0034,0.00017,,,,,,,,,,,,,,,,,,,,,,,High,High,High,High,Medium,,,
266,2026-09-28,14:48:48.90,,,,,Undefined,FOR_RAM,"Dieguez, Matthew",10131275,Right,FOR_RAM,Undefined,1,Bottom,0,0,0,Undefined,Slider,Undefined,Undefined,FlyBall,Undefined,0,0,,49.97699,-1.923157,3.401726,1159.920658,127.661686,10:15,6.00178,-1.24432,26.37261,-35.07041,5.64914,-6.31252,1.97874,0.17438,48.44757,-12.161105,1.556208,0.459275,98.02917,30.475338,-31.326482,1880.225281,90.44098,54.17953,-62.61273,299.24861,227.19429,-42.806721,4.132997,9.33839,8.6056,2.2921,50,5.91533,-5.46165,-74.7971,3.33467,5.35211,8.03435,-27.24191,FOR_RAM,,FordhamUniversity,,,20260928-FordhamUniversity-BP-1,2f4e3540-bb6d-11f1-93a8-090a75922668,82.06942,67.07442,,1.52942,,,,1.73091,2.01939,-0.65855,3737a129-c7b8-45bf-aff7-ddc2ce9649b7,2026-09-28,18:48:48.90,2026-09-28T14:48:48.9050000-04:00,2026-09-28T18:48:48.9050000Z,FlyBall,v3,471298,,,,,Undefined,FOR_RAM,25788691-bf47-4461-8a94-f98e16579b33,34.13178,-73.07273,4.01718,6.00361,-2.51211,-13.62095,1.24316,-4.31295,2.67606,,1.73066,105.85276,-24.47267,5.78767,-1.38498,0.28672,-0.04573,0.00443,-0.00018,2.01969,72.9111,-24.37365,2.9594,-0.60593,0.10933,-0.01631,0.00205,-0.00014,-0.65822,-64.43342,5.00252,-0.42722,0.07248,-0.04104,0.0152,-0.00255,0.00016,,,,,,,,,,,,,,,,,,,,,,,High,High,High,Low,Low,,,
267,2026-09-28,14:48:56.56,,,,,Undefined,FOR_RAM,"Dieguez, Matthew",10131275,Right,FOR_RAM,Undefined,1,Bottom,0,0,0,Undefined,Slider,Undefined,Undefined,GroundBall,Undefined,0,0,,50.80821,-1.563146,3.875622,1107.143346,121.696931,10:00,5.88925,-1.4783,26.67061,-34.43825,4.6813,-6.16146,2.13269,0.20449,48.65873,-11.761864,2.060495,0.450161,97.46643,5.487092,-40.319983,3372.064063,,,,68.73286,68.73286,-40.260211,0.527878,9.53331,7.44355,2.67712,50,5.7011,-6.19301,-76.39565,3.8705,5.59747,9.98221,-27.80358,FOR_RAM,,FordhamUniversity,,,20260928-FordhamUniversity-BP-1,33f10960-bb6d-11f1-93a8-090a75922668,83.73094,3.02943,,2.14948,,,,1.8393,1.68955,0.04051,3737a129-c7b8-45bf-aff7-ddc2ce9649b7,2026-09-28,18:48:56.56,2026-09-28T14:48:56.5650000-04:00,2026-09-28T18:48:56.5650000Z,GroundBall,v3,471298,,,,,Undefined,FOR_RAM,6d9128b6-f9d5-49bf-acb2-5c85a0509456,33.83345,-74.25321,4.99111,5.89143,-2.09687,-13.90179,1.47686,-4.99165,2.79873,,1.8719,107.65506,-22.53521,,,,,,,1.74386,12.26322,-29.66664,,,,,,,0.02756,-91.74486,14.3387,,,,,,,,,,,,,,,,,,,,,,,,,,,,,High,High,High,Low,Medium,,,
268,2026-09-28,14:49:01.76,,,,,Undefined,FOR_RAM,"Dieguez, Matthew",10131275,Right,FOR_RAM,Undefined,1,Bottom,0,0,0,Undefined,Slider,Undefined,Undefined,FlyBall,Undefined,0,0,,50.5334,-2.504216,3.571516,1235.596116,122.339233,10:00,6.02171,-1.46171,26.24639,-34.4836,5.9117,-7.99296,1.7089,-0.07786,48.75995,-12.535718,1.243604,0.457443,84.59168,43.315717,-11.072217,3959.838479,109.40843,99.10327,-11.39146,239.16014,237.83403,-1.121161,5.822674,11.61922,9.11426,2.57124,50,6.12154,-5.99091,-75.73157,2.36203,6.76899,8.97837,-26.86438,FOR_RAM,,FordhamUniversity,,,20260928-FordhamUniversity-BP-1,36faee00-bb6d-11f1-93a8-090a75922668,82.39816,113.37006,,1.77345,,,,1.91511,1.81904,0.08884,3737a129-c7b8-45bf-aff7-ddc2ce9649b7,2026-09-28,18:49:01.76,2026-09-28T14:49:01.7690000-04:00,2026-09-28T18:49:01.7690000Z,FlyBall,v3,471298,,,,,Undefined,FOR_RAM,4c51bbc8-f88b-4217-804b-80d000dce2e1,34.25793,-73.84168,4.48919,6.02358,-3.29274,-13.43219,1.46015,-4.56608,3.38449,195.258984,1.92012,88.4951,-22.26641,5.19572,-0.77133,0.03054,0.01153,-0.00194,0.0001,1.81205,85.22694,-17.91463,0.70439,-0.06432,0.01091,0.00126,-0.00059,4E-05,0.08737,-17.30577,9.84419,-2.95705,0.59145,-0.06714,0.00123,0.00051,-4E-05,,,,,,,,,,,,,,,,,,,,,,,High,High,High,Medium,Medium,,,
269,2026-09-28,14:49:07.36,,,,,Undefined,FOR_RAM,"Dieguez, Matthew",10131275,Right,FOR_RAM,Undefined,1,Bottom,0,0,0,Undefined,Slider,Undefined,Undefined,Undefined,Undefined,0,0,,49.42806,-1.929385,3.845628,1075.164988,128.511131,10:15,6.1998,-0.94723,26.06179,-36.86136,5.88744,-6.25583,2.01291,0.75157,47.67032,-12.598526,2.034517,0.47058,,,,,,,,,,,,9.21556,9.02906,2.08558,50,6.12362,-5.90438,-74.04409,3.26029,5.12935,8.62731,-27.14851,FOR_RAM,,FordhamUniversity,,,20260928-FordhamUniversity-BP-1,3a6a2420-bb6d-11f1-93a8-090a75922668,80.09785,,,1.75774,,,,,,,3737a129-c7b8-45bf-aff7-ddc2ce9649b7,2026-09-28,18:49:07.36,2026-09-28T14:49:07.3640000-04:00,2026-09-28T18:49:07.3640000Z,,v3,471298,,,,,Undefined,FOR_RAM,ba44b686-b30d-434f-add2-67868be95fdd,34.44135,-72.2085,4.31365,6.2028,-2.51594,-13.57426,0.94544,-4.81303,2.56468,,,,,,,,,,,,,,,,,,,,,,,,,,,,,,,,,,,,,,,,,,,,,,,,,,,High,High,High,,,,,
270,2026-09-28,14:49:11.64,,,,,Undefined,FOR_RAM,"Dieguez, Matthew",10131275,Right,FOR_RAM,Undefined,1,Bottom,0,0,0,Undefined,Slider,Undefined,Undefined,LineDrive,Undefined,0,0,,50.17054,-1.18748,2.39834,1257.230695,137.635208,10:30,6.11299,-1.1765,26.58137,-33.49155,6.75689,-5.33733,2.6476,-0.25972,47.96461,-11.115312,0.827395,0.456611,98.4947,10.565242,-35.74541,2928.073892,,,,125.28832,125.28832,-37.617745,1.027842,7.94162,10.11418,1.93819,50,5.84087,-4.02596,-75.54019,4.11529,4.5563,9.8118,-26.37132,FOR_RAM,,FordhamUniversity,,,20260928-FordhamUniversity-BP-1,3cea1840-bb6d-11f1-93a8-090a75922668,82.5483,8.28849,,2.20593,,,,1.85422,2.57123,0.58893,3737a129-c7b8-45bf-aff7-ddc2ce9649b7,2026-09-28,18:49:11.64,2026-09-28T14:49:11.6450000-04:00,2026-09-28T18:49:11.6450000Z,LineDrive,v3,471298,,,,,Undefined,FOR_RAM,d8400a3d-f521-4116-85b1-d53621015888,33.92222,-73.42218,4.9059,6.1148,-1.57732,-13.18566,1.17529,-3.04242,2.27815,,1.85422,115.25795,-25.02252,6.29863,-1.71451,0.48451,-0.1348,0.0306,-0.0039,2.57123,26.48722,-33.01109,6.0114,-1.67522,0.47435,-0.13108,0.02987,-0.0038,0.58893,-82.95984,9.67664,-2.36885,0.64112,-0.18113,0.05046,-0.01146,0.00146,,,,,,,,,,,,,,,,,,,,,,,High,High,High,Medium,High,,,
271,2026-09-28,14:49:17.66,,,,,Undefined,FOR_RAM,"Dieguez, Matthew",10131275,Right,FOR_RAM,Undefined,1,Bottom,0,0,0,Undefined,Slider,Undefined,Undefined,LineDrive,Undefined,0,0,,49.40647,-1.009305,4.325738,1119.459487,132.891628,10:30,5.89696,-1.31848,26.42677,-36.91628,5.03992,-4.44233,2.24352,0.78202,47.43479,-11.849473,3.028559,0.466197,89.75395,11.020879,-55.748996,3204.048772,53.77844,6.63261,-95.95682,143.94433,129.9384,-62.837429,1.303276,7.23532,7.61355,2.59555,50,5.52773,-6.31056,-74.17262,4.74626,4.01733,9.14753,-27.94673,FOR_RAM,,FordhamUniversity,,,20260928-FordhamUniversity-BP-1,4071df70-bb6d-11f1-93a8-090a75922668,80.85091,9.22998,,1.97168,,,,1.9791,2.47106,-1.00017,3737a129-c7b8-45bf-aff7-ddc2ce9649b7,2026-09-28,18:49:17.66,2026-09-28T14:49:17.6600000-04:00,2026-09-28T18:49:17.6600000Z,LineDrive,v3,471298,,,,,Undefined,FOR_RAM,a0830403-bfbf-40f7-8529-5c92e23a5507,34.07748,-72.18223,4.57377,5.8989,-1.33461,-13.97336,1.31755,-5.43644,2.00866,,1.9791,72.72255,-21.18973,2.73071,-0.49288,0.09617,-0.00555,-0.00187,0.00029,2.47106,25.16497,-25.69981,4.56927,-0.8219,0.2195,-0.04172,0.0028,0.00019,-1.00017,-106.80335,5.31431,1.91233,-0.54581,0.17439,-0.05679,0.01092,-0.00086,,,,,,,,,,,,,,,,,,,,,,,High,High,High,Medium,Medium,,,
272,2026-09-28,14:49:30.84,,,,,Undefined,FOR_RAM,"Beaudreau, Bradley",1000297368,Left,FOR_RAM,Undefined,1,Bottom,0,0,0,Undefined,Slider,Undefined,Undefined,GroundBall,Undefined,0,0,,49.04929,-0.80052,1.882062,1084.918873,153.790747,11:15,6.11179,-1.0377,26.23245,-37.3064,5.39343,-2.23421,2.54358,-0.1442,47.31864,-11.694631,1.230864,0.47031,63.16813,7.388883,6.123391,5374.114846,,,,59.07682,57.37437,3.519011,0.659306,3.48732,7.91689,1.59028,50,5.69249,-2.76549,-73.65098,4.95401,1.92321,8.41898,-27.80799,FOR_RAM,,FordhamUniversity,,,20260928-FordhamUniversity-BP-1,484f9340-bb6d-11f1-93a8-090a75922668,80.14378,4.27965,,1.73065,,,,3.60625,2.93914,0.19334,3737a129-c7b8-45bf-aff7-ddc2ce9649b7,2026-09-28,18:49:30.84,2026-09-28T14:49:30.8470000-04:00,2026-09-28T18:49:30.8470000Z,GroundBall,v3,471298,,,,,Undefined,FOR_RAM,de0384ea-4472-47ea-add4-00e73e1854ea,34.27179,-71.83061,4.20949,6.11362,-1.05871,-13.90399,1.03728,-2.34965,0.9616,35.140487,3.60723,91.33417,-11.18036,,,,,,,2.98498,10.97123,-23.60516,,,,,,,0.21444,9.36468,-6.39957,,,,,,,,,,,,,,,,,,,,,,,,,,,,,High,High,High,Medium,Medium,,,
273,2026-09-28,14:49:36.07,,,,,Undefined,FOR_RAM,"Beaudreau, Bradley",1000297368,Left,FOR_RAM,Undefined,1,Bottom,0,0,0,Undefined,Slider,Undefined,Undefined,FlyBall,Undefined,0,0,,47.83826,-1.197796,2.723066,1062.194739,139.586226,10:45,6.1281,-1.11752,26.37465,-40.23876,3.94339,-2.70709,2.09008,0.21289,46.73546,-12.908254,1.930546,0.478404,83.87379,39.526187,22.380689,,,,,,66.36338,,,4.29276,6.04929,1.91834,50,5.7425,-3.82845,-71.57307,4.97644,2.26587,6.90156,-28.98103,FOR_RAM,,FordhamUniversity,,,20260928-FordhamUniversity-BP-1,4b697d70-bb6d-11f1-93a8-090a75922668,78.7879,53.60198,,1.1028,,,,3.25636,2.54563,-0.15027,3737a129-c7b8-45bf-aff7-ddc2ce9649b7,2026-09-28,18:49:36.07,2026-09-28T14:49:36.0720000-04:00,2026-09-28T18:49:36.0720000Z,,v3,471298,,,,,Undefined,FOR_RAM,78984a85-83e4-4162-98e5-70073c612534,34.13025,-70.02608,3.45078,6.12992,-1.51967,-14.49052,1.11712,-3.32055,1.13293,172.541961,3.25636,87.73809,-19.64353,5.31239,-1.19612,0.25659,-0.05504,0.01079,-0.00141,2.54563,78.29034,-17.18913,0.15845,0.29539,-0.13704,0.04271,-0.01026,0.00149,-0.15027,36.12844,-10.22158,2.60803,-0.57945,0.12448,-0.02694,0.00527,-0.00068,,,,,,,,,,,,,,,,,,,,,,,High,High,High,High,Undefined,,,
274,2026-09-28,14:49:41.87,,,,,Undefined,FOR_RAM,"Beaudreau, Bradley",1000297368,Left,FOR_RAM,Undefined,1,Bottom,0,0,0,Undefined,Slider,Undefined,Undefined,LineDrive,Undefined,0,0,,48.55777,-1.602108,2.924821,1141.015117,127.185696,10:15,5.94383,-1.24965,26.5385,-40.85459,1.93622,-1.46221,1.62766,0.29161,47.20705,-13.546005,2.494481,0.470811,78.25221,25.270456,29.468501,1014.98766,93.80923,39.02522,57.44411,258.21348,254.77431,35.884743,3.527144,2.77319,3.50012,2.09402,50,5.65213,-3.95848,-72.88848,4.6916,1.49867,8.20256,-30.28252,FOR_RAM,,FordhamUniversity,,,20260928-FordhamUniversity-BP-1,4eeb7840-bb6d-11f1-93a8-090a75922668,80.05855,41.97548,,1.35071,,,,3.35377,2.10666,-0.23994,3737a129-c7b8-45bf-aff7-ddc2ce9649b7,2026-09-28,18:49:41.87,2026-09-28T14:49:41.8720000-04:00,2026-09-28T18:49:41.8720000Z,LineDrive,v3,471298,,,,,Undefined,FOR_RAM,80d82647-0d0f-4875-86b1-53b3098f39a3,33.96665,-71.06125,4.10128,5.94589,-2.05423,-15.14126,1.2494,-3.62463,0.74933,214.150964,3.35338,90.37029,-16.67107,3.79289,-0.84968,0.21748,-0.05482,0.00902,-0.00062,2.10721,48.97868,-16.03547,0.60404,0.08524,-0.09759,0.03542,-0.0054,0.00028,-0.2399,51.05674,-3.29882,0.37691,-0.04519,0.01578,-0.00641,0.00139,-0.00011,,,,,,,,,,,,,,,,,,,,,,,High,High,High,High,High,,,
275,2026-09-28,14:49:46.97,,,,,Undefined,FOR_RAM,"Beaudreau, Bradley",1000297368,Left,FOR_RAM,Undefined,1,Bottom,0,0,0,Undefined,Slider,Undefined,Undefined,FlyBall,Undefined,0,0,,49.40963,-1.006878,2.224217,1033.006361,153.442223,11:00,6.03381,-1.1513,26.65951,-36.85577,4.43555,-1.76,2.3921,-0.0384,47.37856,-11.924262,1.704653,0.462488,89.24197,41.297918,20.698873,3265.039408,103.68297,92.31595,36.74004,279.89878,137.7116,19.123569,5.68446,3.07551,6.89914,1.80866,50,5.64337,-3.17671,-74.45631,4.90136,1.71211,9.63381,-28.33334,FOR_RAM,,FordhamUniversity,,,20260928-FordhamUniversity-BP-1,51f86a20-bb6d-11f1-93a8-090a75922668,81.49924,113.6817,,2.03107,,,,3.1669,2.6719,0.03814,3737a129-c7b8-45bf-aff7-ddc2ce9649b7,2026-09-28,18:49:46.97,2026-09-28T14:49:46.9790000-04:00,2026-09-28T18:49:46.9790000Z,FlyBall,v3,471298,,,,,Undefined,FOR_RAM,c1610f41-88b0-4b37-933b-76ef935e8f4a,33.84467,-72.3358,4.8169,6.03585,-1.33514,-14.16667,1.1509,-2.79985,0.85606,177.259195,3.17315,91.87029,-22.92882,5.73535,-0.93351,0.0736,0.00242,-0.00084,4E-05,2.66858,86.43365,-18.27936,0.30905,0.27488,-0.12597,0.02993,-0.00363,0.00017,0.0406,34.71032,-9.6053,2.50694,-0.43455,0.04123,-0.0004,-0.00026,1E-05,,,,,,,,,,,,,,,,,,,,,,,High,High,High,High,Low,,,
276,2026-09-28,14:49:55.91,,,,,Undefined,FOR_RAM,"Beaudreau, Bradley",1000297368,Left,FOR_RAM,Undefined,1,Bottom,0,0,0,Undefined,Slider,Undefined,Undefined,LineDrive,Undefined,0,0,,49.80663,-2.401335,3.547767,1161.122377,137.369527,10:30,5.82975,-1.31862,27.00917,-34.9597,4.64173,-3.54146,1.56854,0.37524,48.22533,-12.787537,2.492003,0.452926,92.76606,19.971611,16.832317,7152.395529,105.27181,33.65761,31.90131,318.26446,315.38851,19.084768,3.791514,5.92233,7.60831,2.40827,50,5.83039,-5.24913,-74.74432,3.1205,3.36177,8.72088,-27.85523,FOR_RAM,,FordhamUniversity,,,20260928-FordhamUniversity-BP-1,573d4aa0-bb6d-11f1-93a8-090a75922668,83.21991,41.98595,,1.58129,,,,3.20285,2.02385,-0.26121,3737a129-c7b8-45bf-aff7-ddc2ce9649b7,2026-09-28,18:49:55.91,2026-09-28T14:49:55.9160000-04:00,2026-09-28T18:49:55.9160000Z,LineDrive,v3,471298,,,,,Undefined,FOR_RAM,5f02a1af-c164-4c90-a943-0a50cad86456,33.4955,-72.79317,4.36044,5.83138,-3.11164,-13.92762,1.31801,-4.49699,1.68089,190.753446,3.20294,122.39268,-20.04682,3.98017,-0.77586,0.12363,-0.01223,0.00014,7E-05,2.02379,46.47261,-15.08743,1.24931,-0.30004,0.08192,-0.01917,0.00313,-0.00023,-0.26119,37.02812,-4.42932,0.89694,-0.17314,0.02758,-0.00274,3E-05,2E-05,,,,,,,,,,,,,,,,,,,,,,,High,High,High,High,High,,,
277,2026-09-28,14:50:07.24,,,,,Undefined,FOR_RAM,"Forney, Colden",1000306564,Right,FOR_RAM,Undefined,1,Bottom,0,0,0,Undefined,Slider,Undefined,Undefined,GroundBall,Undefined,0,0,,49.7405,-1.481835,3.07421,1225.715807,137.427398,10:30,5.78727,-1.22081,26.67423,-35.51092,4.91473,-3.78311,1.98827,0.20485,48.08175,-11.964161,1.958137,0.457615,94.66692,6.136653,-27.741141,1230.632191,,,,96.07436,91.74455,-24.993263,0.756019,5.99859,7.60961,2.15551,50,5.54379,-4.6366,-74.63049,4.17354,3.40291,8.49071,-27.85724,FOR_RAM,,FordhamUniversity,,,20260928-FordhamUniversity-BP-1,5e0e7070-bb6d-11f1-93a8-090a75922668,82.36719,4.38737,,1.65875,,,,2.69171,2.15952,0.34573,3737a129-c7b8-45bf-aff7-ddc2ce9649b7,2026-09-28,18:50:07.24,2026-09-28T14:50:07.2490000-04:00,2026-09-28T18:50:07.2490000Z,GroundBall,v3,471298,,,,,Undefined,FOR_RAM,3858a4ee-08ae-4f63-9672-cb143d339117,33.83028,-72.76762,4.24535,5.78899,-1.9384,-13.92862,1.22013,-3.89,1.70145,,2.69171,122.18158,-16.30537,3.6318,-0.85507,0.21273,-0.05385,0.01138,-0.00137,2.15952,14.84251,-25.74675,3.6734,-0.91861,0.23166,-0.05892,0.01345,-0.00186,0.34573,-64.25872,15.69929,-3.63882,0.87918,-0.22018,0.05641,-0.0125,0.00167,,,,,,,,,,,,,,,,,,,,,,,High,High,High,Medium,Medium,,,
278,2026-09-28,14:50:12.03,,,,,Undefined,FOR_RAM,"Forney, Colden",1000306564,Right,FOR_RAM,Undefined,1,Bottom,0,0,0,Undefined,Slider,Undefined,Undefined,GroundBall,Undefined,0,0,,49.1561,-2.951074,4.055604,1206.73361,146.151809,10:45,6.19158,-1.20031,26.34823,-35.23498,6.86945,-4.09953,1.56323,0.7795,48.01962,-13.154545,2.858925,0.46702,83.83606,4.344665,-48.685421,3696.459147,,,,52.60336,52.60336,-48.287919,0.43792,6.47989,10.36792,2.39355,50,6.38176,-5.85911,-73.33311,2.02008,3.594,7.16628,-26.42359,FOR_RAM,,FordhamUniversity,,,20260928-FordhamUniversity-BP-1,60d29980-bb6d-11f1-93a8-090a75922668,80.70844,2.40434,,1.13648,,,,3.10677,1.7302,-0.73885,3737a129-c7b8-45bf-aff7-ddc2ce9649b7,2026-09-28,18:50:12.03,2026-09-28T14:50:12.0320000-04:00,2026-09-28T18:50:12.0320000Z,GroundBall,v3,471298,,,,,Undefined,FOR_RAM,95b7a673-d93a-4de2-bc03-e9b52645e7de,34.15645,-71.76814,3.58314,6.19283,-3.75029,-13.2118,1.19974,-5.07425,1.797,,3.11741,80.61798,-17.88615,,,,,,,1.75309,8.61088,-28.91684,,,,,,,-0.73652,-92.16312,9.52304,,,,,,,,,,,,,,,,,,,,,,,,,,,,,High,High,High,Low,High,,,
279,2026-09-28,14:50:17.58,,,,,Undefined,FOR_RAM,"Forney, Colden",1000306564,Right,FOR_RAM,Undefined,1,Bottom,0,0,0,Undefined,Slider,Undefined,Undefined,Undefined,Undefined,0,0,,50.10351,-0.988465,2.284756,1158.246637,125.673434,10:15,5.73593,-1.43671,26.88389,-35.43451,3.94173,-4.3728,2.22695,-0.51617,48.23278,-11.549561,0.985033,0.451636,,,,,,,,,,,,6.55252,6.61453,2.1631,50,5.35271,-3.71869,-75.29776,4.88495,3.77048,8.94847,-28.36787,FOR_RAM,,FordhamUniversity,,,20260928-FordhamUniversity-BP-1,64483840-bb6d-11f1-93a8-090a75922668,83.45755,,,1.87074,,,,,,,3737a129-c7b8-45bf-aff7-ddc2ce9649b7,2026-09-28,18:50:17.58,2026-09-28T14:50:17.5890000-04:00,2026-09-28T18:50:17.5890000Z,,v3,471298,,,,,Undefined,FOR_RAM,b5c2f40b-ed56-496d-9f9d-2160df5ca204,33.61861,-73.32514,4.47424,5.74029,-1.36853,-14.18394,1.43496,-2.88752,1.88524,,,,,,,,,,,,,,,,,,,,,,,,,,,,,,,,,,,,,,,,,,,,,,,,,,,High,High,High,,,,,
280,2026-09-28,14:50:24.40,,,,,Undefined,FOR_RAM,"Forney, Colden",1000306564,Right,FOR_RAM,Undefined,1,Bottom,0,0,0,Undefined,Slider,Undefined,Undefined,Undefined,Undefined,0,0,,49.39869,0.30337,2.327411,1163.596039,138.024275,10:30,6.12073,-1.21659,26.2383,-36.20077,5.76126,-4.46764,3.27809,-0.25371,47.57538,-10.308738,1.027128,0.466229,,,,,,,,,,,,6.41996,8.41981,1.92266,50,5.42484,-3.67681,-73.98228,6.20545,3.59955,7.86487,-27.45323,FOR_RAM,,FordhamUniversity,,,20260928-FordhamUniversity-BP-1,685ef900-bb6d-11f1-93a8-090a75922668,80.84527,,,1.82331,,,,,,,3737a129-c7b8-45bf-aff7-ddc2ce9649b7,2026-09-28,18:50:24.40,2026-09-28T14:50:24.4030000-04:00,2026-09-28T18:50:24.4030000Z,,v3,471298,,,,,Undefined,FOR_RAM,7c0f978b-bcc3-4a1d-b952-d4f87d013ea8,34.26363,-72.29003,3.93243,6.12455,0.29846,-13.72661,1.21486,-2.90231,1.79977,,,,,,,,,,,,,,,,,,,,,,,,,,,,,,,,,,,,,,,,,,,,,,,,,,,High,High,High,,,,,
281,2026-09-28,14:50:34.98,,,,,Undefined,FOR_RAM,"Forney, Colden",1000306564,Right,FOR_RAM,Undefined,1,Bottom,0,0,0,Undefined,Slider,Undefined,Undefined,FlyBall,Undefined,0,0,,50.58893,-2.164398,2.679791,1154.413649,118.531011,10:00,5.93083,-1.18234,26.52367,-35.06533,4.32351,-6.55323,1.77658,-0.20418,49.02528,-12.442421,0.752403,0.451708,73.41103,37.898937,9.413408,3951.274326,105.37927,62.7978,31.54668,241.53601,239.42795,24.919117,4.300914,9.58308,6.93622,2.04346,50,5.90191,-4.63489,-75.83669,3.14827,5.62889,8.52724,-28.09986,FOR_RAM,,FordhamUniversity,,,20260928-FordhamUniversity-BP-1,6e9899c0-bb6d-11f1-93a8-090a75922668,83.44424,65.79465,,1.56365,,,,1.80702,1.93837,0.21124,3737a129-c7b8-45bf-aff7-ddc2ce9649b7,2026-09-28,18:50:34.98,2026-09-28T14:50:34.9860000-04:00,2026-09-28T18:50:34.9860000Z,FlyBall,v3,471298,,,,,Undefined,FOR_RAM,34e3f592-49e1-48b2-88f8-36f5b7495cbf,33.981,-74.01356,4.26362,5.93278,-2.85949,-14.04993,1.18117,-3.43143,2.81445,222.146845,1.80777,83.80061,-15.58251,3.37076,-0.64813,0.13702,-0.03417,0.006,-0.00043,1.9393,66.11183,-19.08091,1.04866,0.17479,-0.20471,0.07135,-0.01116,0.00066,0.21101,13.90183,5.71639,-1.72319,0.4442,-0.11658,0.02774,-0.00416,0.00026,,,,,,,,,,,,,,,,,,,,,,,High,High,High,High,High,,,
282,2026-09-28,14:50:40.12,,,,,Undefined,FOR_RAM,"Forney, Colden",1000306564,Right,FOR_RAM,Undefined,1,Bottom,0,0,0,Undefined,Curveball,Undefined,Undefined,Undefined,Undefined,0,0,,50.29103,-4.657815,4.518596,2247.615968,126.28861,10:15,5.98694,-1.24142,26.26495,-36.75474,4.22386,-4.60697,0.24135,0.96875,49.02697,-15.189816,3.175158,0.460734,,,,,,,,,,,,7.35981,7.47103,2.56132,50,6.6464,-6.66305,-75.07626,-0.12821,4.22134,8.66915,-27.88891,FOR_RAM,,FordhamUniversity,,,20260928-FordhamUniversity-BP-1,71a5d9c0-bb6d-11f1-93a8-090a75922668,81.80958,,,1.26406,,,,,,,3737a129-c7b8-45bf-aff7-ddc2ce9649b7,2026-09-28,18:50:40.12,2026-09-28T14:50:40.1240000-04:00,2026-09-28T18:50:40.1240000Z,,v3,471298,,,,,Undefined,FOR_RAM,74b891e2-39b0-42d8-b0d5-d9d9a7ca8139,34.23949,-73.23376,4.33458,5.98927,-6.05557,-13.94445,1.24052,-5.76587,2.11067,,,,,,,,,,,,,,,,,,,,,,,,,,,,,,,,,,,,,,,,,,,,,,,,,,,High,High,High,,,,,
283,2026-09-28,14:50:45.29,,,,,Undefined,FOR_RAM,"Forney, Colden",1000306564,Right,FOR_RAM,Undefined,1,Bottom,0,0,0,Undefined,Slider,Undefined,Undefined,LineDrive,Undefined,0,0,,49.59028,-1.55519,3.627611,1195.503468,127.801815,10:15,5.84379,-1.41298,26.80581,-34.98915,5.33792,-5.86666,2.04977,0.14489,47.97168,-11.92199,1.891381,0.457056,79.34553,12.876576,-32.10591,1707.571725,,,,119.83777,119.83777,-37.718728,1.158408,9.03965,8.27764,2.55186,50,5.61712,-5.7002,-74.33271,4.08208,5.0989,8.2299,-27.50497,FOR_RAM,,FordhamUniversity,,,20260928-FordhamUniversity-BP-1,74acb120-bb6d-11f1-93a8-090a75922668,82.46782,8.66136,,1.6186,,,,2.64047,2.10232,-0.49519,3737a129-c7b8-45bf-aff7-ddc2ce9649b7,2026-09-28,18:50:45.29,2026-09-28T14:50:45.2900000-04:00,2026-09-28T18:50:45.2900000Z,LineDrive,v3,471298,,,,,Undefined,FOR_RAM,e1f8b3d2-d86f-4d51-8ed9-7c09a525d1b6,33.69871,-72.50542,4.11495,5.8455,-2.02487,-13.75248,1.41192,-4.56808,2.54945,,2.64047,96.09701,-16.57554,2.45062,-0.49273,0.11534,-0.05753,0.02472,-0.00481,2.10232,25.93397,-27.31798,3.65867,-0.84602,0.24664,-0.10793,0.04431,-0.00859,-0.49519,-60.29535,-3.93513,1.97865,-0.60509,0.26771,-0.16783,0.07869,-0.01601,,,,,,,,,,,,,,,,,,,,,,,High,High,High,Low,Medium,,,
284,2026-09-28,14:50:55.85,,,,,Undefined,FOR_RAM,"Velit, Liam",1000239563,Right,FOR_RAM,Undefined,1,Bottom,0,0,0,Undefined,Slider,Undefined,Undefined,LineDrive,Undefined,0,0,,49.28857,-0.845328,2.273321,1105.868226,139.708117,10:45,6.1054,-1.16213,26.4428,-36.14624,6.02725,-4.2765,2.61114,-0.2225,47.05078,-11.51538,1.019593,0.467403,94.15126,24.369699,-9.111185,1258.637269,109.39314,41.78078,-11.53403,330.62941,328.17174,-1.869368,3.910605,6.44929,8.98335,1.86331,50,5.70811,-3.6133,-74.29618,4.79662,3.56211,9.88613,-27.21233,FOR_RAM,,FordhamUniversity,,,20260928-FordhamUniversity-BP-1,7b0c5070-bb6d-11f1-93a8-090a75922668,80.64233,51.21089,,2.23779,,,,2.3104,2.79077,0.23867,3737a129-c7b8-45bf-aff7-ddc2ce9649b7,2026-09-28,18:50:55.85,2026-09-28T14:50:55.8560000-04:00,2026-09-28T18:50:55.8560000Z,LineDrive,v3,471298,,,,,Undefined,FOR_RAM,698264d2-fdf1-40cb-91cd-b227648a0e59,34.06077,-72.14408,4.94306,6.1075,-1.12721,-13.60617,1.16114,-2.83787,1.78105,234.43766,2.31066,124.19245,-18.19495,3.60894,-0.68355,0.12802,-0.02999,0.00534,-0.00036,2.79071,56.97792,-18.62506,1.11343,0.05959,-0.10109,0.04112,-0.00736,0.0005,0.23819,-19.9041,10.96403,-3.73761,0.90361,-0.13208,0.007,0.0013,-0.0002,,,,,,,,,,,,,,,,,,,,,,,High,High,High,Medium,High,,,
285,2026-09-28,14:50:59.96,,,,,Undefined,FOR_RAM,"Velit, Liam",1000239563,Right,FOR_RAM,Undefined,1,Bottom,0,0,0,Undefined,Slider,Undefined,Undefined,LineDrive,Undefined,0,0,,48.43452,-0.346681,2.341307,1132.305255,119.405291,10:00,6.11625,-1.14974,27.02932,-38.13817,3.64055,-4.93551,2.74392,-0.2502,46.63094,-11.769544,0.867663,0.46521,96.5414,12.824813,-29.76608,1773.534361,94.2523,7.8819,-56.71286,143.96567,143.96567,-31.822482,1.21535,7.55296,5.74327,1.91622,50,5.46454,-3.80661,-72.91482,6.18763,4.06135,8.66855,-29.08578,FOR_RAM,,FordhamUniversity,,,20260928-FordhamUniversity-BP-1,7d6d4ae0-bb6d-11f1-93a8-090a75922668,81.02245,10.84947,,1.80359,,,,2.26479,2.69925,0.28966,3737a129-c7b8-45bf-aff7-ddc2ce9649b7,2026-09-28,18:50:59.96,2026-09-28T14:50:59.9640000-04:00,2026-09-28T18:50:59.9640000Z,LineDrive,v3,471298,,,,,Undefined,FOR_RAM,7449199e-7903-40e8-a0d6-dab620e12a22,33.47519,-70.92305,4.33428,6.1185,-0.4954,-14.54289,1.14878,-2.87343,2.03068,,2.26479,119.84561,-21.29136,4.21874,-1.01085,0.23922,-0.0574,0.01118,-0.0012,2.69925,31.42969,-32.94493,5.68808,-1.48205,0.38899,-0.09641,0.01963,-0.00219,0.28966,-68.54204,4.8349,0.0842,-0.14742,0.06862,-0.02106,0.00488,-0.00059,,,,,,,,,,,,,,,,,,,,,,,High,High,High,Medium,High,,,
286,2026-09-28,14:51:03.96,,,,,Undefined,FOR_RAM,"Velit, Liam",1000239563,Right,FOR_RAM,Undefined,1,Bottom,0,0,0,Undefined,Slider,Undefined,Undefined,GroundBall,Undefined,0,0,,48.7758,0.024428,2.108724,1019.260073,121.122551,10:00,5.95575,-1.33208,26.53472,-38.49341,3.78776,-4.93315,2.76186,-0.54448,47.09326,-11.330598,0.658644,0.467999,98.65038,5.212261,-28.511943,2481.634352,,,,89.27318,85.21455,-28.988583,0.685777,7.2454,5.65764,2.00595,50,5.25056,-3.48385,-73.22516,6.4139,3.96247,8.05844,-29.07991,FOR_RAM,,FordhamUniversity,,,20260928-FordhamUniversity-BP-1,7fd52320-bb6d-11f1-93a8-090a75922668,80.53956,4.52708,,1.68253,,,,1.97256,2.93353,0.65806,3737a129-c7b8-45bf-aff7-ddc2ce9649b7,2026-09-28,18:51:03.96,2026-09-28T14:51:03.9690000-04:00,2026-09-28T18:51:03.9690000Z,GroundBall,v3,471298,,,,,Undefined,FOR_RAM,396dc51e-4dd2-4916-8210-abbc1ccf2393,33.9699,-71.43927,4.02922,5.95787,-0.03073,-14.53995,1.33118,-2.6057,1.98124,,1.97256,126.61329,-26.7381,6.79231,-1.76743,0.49414,-0.13973,0.03488,-0.00536,2.93353,13.14419,-28.13448,4.70941,-1.26297,0.34933,-0.09864,0.02463,-0.00377,0.65806,-68.77958,8.12716,-2.10144,0.53881,-0.1504,0.04181,-0.00993,0.00138,,,,,,,,,,,,,,,,,,,,,,,High,High,High,Medium,Medium,,,
287,2026-09-28,14:51:08.60,,,,,Undefined,FOR_RAM,"Velit, Liam",1000239563,Right,FOR_RAM,Undefined,1,Bottom,0,0,0,Undefined,Slider,Undefined,Undefined,FlyBall,Undefined,0,0,,49.35178,-1.834555,2.382625,1073.553421,138.521709,10:30,6.05571,-1.27054,26.48803,-35.02482,7.16032,-5.39181,2.09184,-0.36335,46.98618,-12.178062,0.799031,0.467467,76.95782,56.109302,3.455306,,106.67551,113.79081,26.83901,208.41768,184.96938,19.783817,5.555588,8.03437,10.90835,2.0215,50,5.9539,-3.93404,-74.49112,3.32733,4.42769,10.55106,-26.16253,FOR_RAM,,FordhamUniversity,,,20260928-FordhamUniversity-BP-1,82966600-bb6d-11f1-93a8-090a75922668,80.63117,115.09035,,2.3656,,,,2.17038,2.08651,0.39177,3737a129-c7b8-45bf-aff7-ddc2ce9649b7,2026-09-28,18:51:08.60,2026-09-28T14:51:08.6090000-04:00,2026-09-28T18:51:08.6090000Z,Popup,v3,471298,,,,,Undefined,FOR_RAM,5ee7dad1-3cf5-40f4-83a7-e0e806fae318,34.01519,-72.1915,5.27553,6.05771,-2.37482,-13.08126,1.26924,-2.96902,2.21385,213.769042,2.17423,62.67679,-10.62914,0.72842,1.16271,-0.71525,0.1892,-0.02381,0.00116,2.05539,94.22318,-25.20673,4.87243,-2.08367,0.61334,-0.09942,0.00788,-0.00023,0.35899,4.46438,3.12839,2.87687,-3.39538,1.57193,-0.37124,0.04355,-0.00201,,,,,,,,,,,,,,,,,,,,,,,High,High,High,Medium,Medium,,,
288,2026-09-28,14:51:17.55,,,,,Undefined,FOR_RAM,"Velit, Liam",1000239563,Right,FOR_RAM,Undefined,1,Bottom,0,0,0,Undefined,Slider,Undefined,Undefined,FlyBall,Undefined,0,0,,50.2957,-1.475178,3.11708,1132.525314,127.677911,10:15,6.00991,-1.23317,26.85543,-33.61045,5.1387,-5.8026,2.3777,0.03866,48.94539,-11.437804,1.396006,0.448025,81.6141,36.982557,-3.340831,3163.938077,109.93358,70.45089,3.81541,273.50932,102.07818,8.259377,4.835043,8.76359,7.91878,2.23111,50,5.77344,-5.10764,-75.20195,4.10986,5.1224,7.35042,-27.54544,FOR_RAM,,FordhamUniversity,,,20260928-FordhamUniversity-BP-1,87e99e60-bb6d-11f1-93a8-090a75922668,84.13016,80.25168,,1.35031,,,,1.57723,2.51978,-0.02946,3737a129-c7b8-45bf-aff7-ddc2ce9649b7,2026-09-28,18:51:17.55,2026-09-28T14:51:17.5540000-04:00,2026-09-28T18:51:17.5540000Z,FlyBall,v3,471298,,,,,Undefined,FOR_RAM,e013777d-85fc-42e2-a8cf-abc1988ba95f,33.64933,-73.58644,3.67521,6.01143,-1.94419,-13.77272,1.23225,-3.98182,2.5612,212.257913,1.58066,95.38085,-18.69344,4.00588,-0.43978,-0.06418,0.03165,-0.0042,0.00019,2.51908,72.01594,-18.24771,0.57835,0.24253,-0.16422,0.05197,-0.00791,0.00046,-0.03126,-5.5319,8.6253,-2.67176,0.51109,-0.04056,-0.00369,0.00085,-4E-05,,,,,,,,,,,,,,,,,,,,,,,High,High,High,High,Low,,,
289,2026-09-28,14:51:28.20,,,,,Undefined,FOR_RAM,"Velit, Liam",1000239563,Right,FOR_RAM,Undefined,1,Bottom,0,0,0,Undefined,Curveball,Undefined,Undefined,Undefined,Undefined,0,0,,49.43842,-2.338914,3.825009,1969.174124,111.482741,9:45,6.05034,-1.28537,26.19202,-39.44793,2.34945,-4.26815,1.41634,0.55843,48.5814,-13.685501,2.582948,0.465314,,,,,,,,,,,,6.52422,4.08481,2.40483,50,6.01115,-5.60616,-73.70194,3.40244,3.67781,6.71659,-29.87137,FOR_RAM,,FordhamUniversity,,,20260928-FordhamUniversity-BP-1,8e456d20-bb6d-11f1-93a8-090a75922668,81.00434,,,0.85703,,,,,,,3737a129-c7b8-45bf-aff7-ddc2ce9649b7,2026-09-28,18:51:28.20,2026-09-28T14:51:28.2060000-04:00,2026-09-28T18:51:28.2060000Z,,v3,471298,,,,,Undefined,FOR_RAM,5cf15b15-084b-4c3d-a248-dfffa7023332,34.31328,-72.25824,3.3583,6.05243,-3.01827,-14.93569,1.28477,-4.81562,1.83891,,,,,,,,,,,,,,,,,,,,,,,,,,,,,,,,,,,,,,,,,,,,,,,,,,,High,High,High,,,,,
290,2026-09-28,14:51:33.88,,,,,Undefined,FOR_RAM,"Crang, Mason",10913432,Right,FOR_RAM,Undefined,1,Bottom,0,0,0,Undefined,Slider,Undefined,Undefined,FlyBall,Undefined,0,0,,49.41708,-2.261766,3.896918,1088.884071,134.10701,10:30,5.95314,-1.25631,26.70779,-35.43199,5.16177,-4.61532,1.71857,0.56491,48.30435,-12.657441,2.534799,0.458565,89.9296,30.813165,-33.157816,1790.652229,94.67492,55.16377,-56.00477,303.41247,287.88836,-31.413285,4.539523,7.24823,8.0154,2.44457,50,5.91711,-5.8084,-73.76739,3.23871,4.07983,7.00536,-27.6624,FOR_RAM,,FordhamUniversity,,,20260928-FordhamUniversity-BP-1,919ef860-bb6d-11f1-93a8-090a75922668,82.19646,66.60584,,1.11274,,,,2.00132,1.75547,0.10052,3737a129-c7b8-45bf-aff7-ddc2ce9649b7,2026-09-28,18:51:33.88,2026-09-28T14:51:33.8860000-04:00,2026-09-28T18:51:33.8860000Z,FlyBall,v3,471298,,,,,Undefined,FOR_RAM,2394b67b-b65b-418f-b45c-25ac770dd5c6,33.7972,-72.21229,3.50268,5.95448,-2.90199,-13.8312,1.2557,-4.90273,2.03991,,2.03172,94.15658,-12.6472,-2.45886,4.04566,-1.98993,0.49013,-0.05907,0.00275,1.77224,67.15804,-18.1813,-2.28824,3.45186,-1.81998,0.51343,-0.07358,0.00419,0.07697,-61.51645,14.82468,-3.28926,0.44539,-0.3115,0.20164,-0.04889,0.00395,,,,,,,,,,,,,,,,,,,,,,,High,High,High,Low,Medium,,,
291,2026-09-28,14:51:41.60,,,,,Undefined,FOR_RAM,"Crang, Mason",10913432,Right,FOR_RAM,Undefined,1,Bottom,0,0,0,Undefined,Slider,Undefined,Undefined,Undefined,Undefined,0,0,,50.33576,-2.895172,3.555816,1082.24132,129.416419,10:15,6.1056,-1.17875,26.46652,-35.18628,4.88859,-4.98292,1.52037,0.43322,48.83927,-13.153012,2.0939,0.455625,,,,,,,,,,,,7.68036,7.86115,2.25497,50,6.2834,-5.50081,-75.36779,2.13961,4.44958,8.54055,-27.61975,FOR_RAM,,FordhamUniversity,,,20260928-FordhamUniversity-BP-1,963f0d60-bb6d-11f1-93a8-090a75922668,82.72689,,,1.49649,,,,,,,3737a129-c7b8-45bf-aff7-ddc2ce9649b7,2026-09-28,18:51:41.60,2026-09-28T14:51:41.6060000-04:00,2026-09-28T18:51:41.6060000Z,,v3,471298,,,,,Undefined,FOR_RAM,8afda033-d9ff-47b0-9dc0-8e288fcdd0cf,34.03808,-73.53677,4.27027,6.10737,-3.78183,-13.80988,1.17791,-4.54685,2.22479,,,,,,,,,,,,,,,,,,,,,,,,,,,,,,,,,,,,,,,,,,,,,,,,,,,High,High,High,,,,,
292,2026-09-28,14:51:46.33,,,,,Undefined,FOR_RAM,"Crang, Mason",10913432,Right,FOR_RAM,Undefined,1,Bottom,0,0,0,Undefined,Slider,Undefined,Undefined,LineDrive,Undefined,0,0,,50.53212,-0.241693,3.376296,1114.185323,133.962176,10:30,6.0114,-1.34261,26.7695,-34.82136,4.16319,-3.51429,2.97305,0.27128,48.56683,-10.603783,2.338228,0.449384,82.26834,12.220523,12.53647,2113.559956,105.045,12.82751,32.64225,186.18226,183.09777,20.72078,1.880115,5.72544,6.33524,2.36348,50,5.4233,-5.06809,-75.86555,5.80884,3.34969,8.94681,-28.46757,FOR_RAM,,FordhamUniversity,,,20260928-FordhamUniversity-BP-1,99234190-bb6d-11f1-93a8-090a75922668,83.8758,13.25309,,1.96529,,,,0.20621,2.74198,-0.30446,3737a129-c7b8-45bf-aff7-ddc2ce9649b7,2026-09-28,18:51:46.33,2026-09-28T14:51:46.3340000-04:00,2026-09-28T18:51:46.3340000Z,LineDrive,v3,471298,,,,,Undefined,FOR_RAM,d1522bb6-ae85-4912-9368-005661dff3f1,33.73473,-73.9225,4.47341,6.0135,-0.37367,-14.23378,1.3418,-4.34062,1.67485,256.546872,0.20622,115.1134,-14.80658,1.96868,-0.20259,-0.13149,0.10683,-0.03871,0.00563,2.74197,25.54121,-16.63247,1.50386,-0.27089,0.12545,-0.06417,0.02172,-0.00318,-0.30446,25.59735,8.2133,-2.59331,0.69414,-0.11869,0.00263,0.00508,-0.00108,,,,,,,,,,,,,,,,,,,,,,,High,High,High,High,High,,,
293,2026-09-28,14:51:51.13,,,,,Undefined,FOR_RAM,"Crang, Mason",10913432,Right,FOR_RAM,Undefined,1,Bottom,0,0,0,Undefined,Slider,Undefined,Undefined,GroundBall,Undefined,0,0,,50.72936,-3.531344,3.905055,1154.369197,133.354774,10:30,6.19266,-1.2426,26.34439,-34.53025,5.08953,-4.62721,1.28967,0.60705,49.52533,-13.513616,2.553072,0.453031,91.90043,2.310942,-41.912414,3603.903842,,,,56.33314,56.33314,-37.639274,0.425849,7.14744,8.17095,2.40134,50,6.56268,-5.92607,-75.68672,1.15359,4.2152,7.79258,-27.35524,FOR_RAM,,FordhamUniversity,,,20260928-FordhamUniversity-BP-1,9bef32d0-bb6d-11f1-93a8-090a75922668,83.20066,1.81348,,1.20404,,,,1.89176,1.46983,0.23326,3737a129-c7b8-45bf-aff7-ddc2ce9649b7,2026-09-28,18:51:51.13,2026-09-28T14:51:51.1310000-04:00,2026-09-28T18:51:51.1310000Z,GroundBall,v3,471298,,,,,Undefined,FOR_RAM,7e356600-a69d-4f55-8ad2-c33b384d1eb9,34.16019,-74.03793,3.89629,6.19444,-4.63439,-13.67762,1.24182,-5.0342,2.1076,,1.88492,100.43755,-0.2261,,,,,,,1.47649,5.22676,-20.45153,,,,,,,0.22541,-89.71881,19.77893,,,,,,,,,,,,,,,,,,,,,,,,,,,,,High,High,High,Low,Medium,,,
294,2026-09-28,14:52:00.94,,,,,Undefined,FOR_RAM,"Dieguez, Matthew",10131275,Right,FOR_RAM,Undefined,1,Bottom,0,0,0,Undefined,Slider,Undefined,Undefined,Undefined,Undefined,0,0,,49.93185,-4.009449,6.37471,1224.524672,130.81415,10:15,5.85654,-1.31121,26.08803,-35.18195,6.69189,-6.82902,0.59716,1.80668,48.78555,-14.055982,4.408012,0.465739,,,,,,,,,,,,10.52552,10.30997,3.16134,50,6.36196,-9.34441,-74.10117,0.42806,5.962,7.29981,-26.33413,FOR_RAM,,FordhamUniversity,,,20260928-FordhamUniversity-BP-1,a1c70480-bb6d-11f1-93a8-090a75922668,80.93037,,,1.1463,,,,,,,3737a129-c7b8-45bf-aff7-ddc2ce9649b7,2026-09-28,18:52:00.94,2026-09-28T14:52:00.9410000-04:00,2026-09-28T18:52:00.9410000Z,,v3,471298,,,,,Undefined,FOR_RAM,b4b958ee-79a5-406d-8335-b2c4d83e7918,34.41649,-72.54978,3.6499,5.85822,-5.16861,-13.16706,1.31006,-8.07733,2.981,,,,,,,,,,,,,,,,,,,,,,,,,,,,,,,,,,,,,,,,,,,,,,,,,,,High,High,High,,,,,
295,2026-09-28,14:52:05.29,,,,,Undefined,FOR_RAM,"Dieguez, Matthew",10131275,Right,FOR_RAM,Undefined,1,Bottom,0,0,0,Undefined,Slider,Undefined,Undefined,Undefined,Undefined,0,0,,51.01723,-2.018254,4.76368,1154.58209,126.836526,10:15,5.85681,-1.31587,26.69414,-34.19947,4.5263,-4.93642,1.86129,0.97241,49.06461,-12.113628,3.311006,0.44789,,,,,,,,,,,,8.1304,7.24489,2.75097,50,5.79378,-7.21238,-76.52221,3.29173,4.8127,9.5922,-27.88551,FOR_RAM,,FordhamUniversity,,,20260928-FordhamUniversity-BP-1,a45f89b0-bb6d-11f1-93a8-090a75922668,84.15558,,,1.95262,,,,,,,3737a129-c7b8-45bf-aff7-ddc2ce9649b7,2026-09-28,18:52:05.29,2026-09-28T14:52:05.2970000-04:00,2026-09-28T18:52:05.2970000Z,,v3,471298,,,,,Undefined,FOR_RAM,91e97c7e-6c7f-46e4-98fb-5639f1c8138a,33.81046,-74.46518,4.7961,5.85848,-2.68828,-13.94275,1.31495,-6.1803,2.40635,,,,,,,,,,,,,,,,,,,,,,,,,,,,,,,,,,,,,,,,,,,,,,,,,,,High,High,High,,,,,
296,2026-09-28,14:52:11.12,,,,,Undefined,FOR_RAM,"Dieguez, Matthew",10131275,Right,FOR_RAM,Undefined,1,Bottom,0,0,0,Undefined,Slider,Undefined,Undefined,LineDrive,Undefined,0,0,,50.60345,-0.868647,3.337175,1072.796806,113.174626,9:45,5.955,-1.25343,26.43553,-36.4338,3.64689,-6.34622,2.42291,0.1218,48.28872,-11.607645,1.479223,0.455658,101.41688,13.988815,-33.344566,1514.530038,89.54416,11.33793,-63.88886,159.55881,142.86917,-37.075876,1.385978,9.53918,5.78067,2.28327,50,5.56388,-5.45117,-76.21961,4.91145,5.54666,10.37966,-28.81281,FOR_RAM,,FordhamUniversity,,,20260928-FordhamUniversity-BP-1,a7e8b070-bb6d-11f1-93a8-090a75922668,82.72088,12.88873,,2.31472,,,,1.7023,2.17177,0.00874,3737a129-c7b8-45bf-aff7-ddc2ce9649b7,2026-09-28,18:52:11.12,2026-09-28T14:52:11.1270000-04:00,2026-09-28T18:52:11.1270000Z,LineDrive,v3,471298,,,,,Undefined,FOR_RAM,d88e4482-380c-4305-aaf6-20f1438736b8,34.06859,-74.01826,5.18983,5.95753,-1.19924,-14.4064,1.25192,-4.27482,2.77333,,1.7023,120.57305,-29.68237,8.05047,-2.26349,0.66323,-0.18014,0.03707,-0.00399,2.17177,35.95636,-33.55079,6.52569,-1.87735,0.54576,-0.14823,0.03055,-0.00328,0.00874,-79.33602,9.89629,-2.71142,0.75009,-0.21978,0.05971,-0.01229,0.00132,,,,,,,,,,,,,,,,,,,,,,,High,High,High,Medium,Medium,,,
297,2026-09-28,14:52:15.91,,,,,Undefined,FOR_RAM,"Dieguez, Matthew",10131275,Right,FOR_RAM,Undefined,1,Bottom,0,0,0,Undefined,Slider,Undefined,Undefined,LineDrive,Undefined,0,0,,51.66221,-1.284563,3.227299,1145.189629,126.330725,10:15,5.96174,-1.31095,26.57254,-33.17309,4.81327,-5.40737,2.46701,0.07197,49.41534,-11.101328,1.637795,0.443594,92.20269,14.680833,-20.173408,1298.309135,101.70854,18.30221,-41.89699,206.84239,206.84239,-24.949389,2.08654,8.27056,7.45737,2.30661,50,5.72472,-5.28178,-77.70916,4.03738,5.02964,10.23523,-27.63893,FOR_RAM,,FordhamUniversity,,,20260928-FordhamUniversity-BP-1,aab56500-bb6d-11f1-93a8-090a75922668,84.97067,18.30581,,2.24687,,,,1.35095,2.34392,0.00901,3737a129-c7b8-45bf-aff7-ddc2ce9649b7,2026-09-28,18:52:15.91,2026-09-28T14:52:15.9160000-04:00,2026-09-28T18:52:15.9160000Z,LineDrive,v3,471298,,,,,Undefined,FOR_RAM,ee41b05b-87be-4516-a038-6013b89715bf,33.93152,-75.56312,5.11761,5.96371,-1.75775,-13.81947,1.30973,-4.22721,2.51482,,1.35095,122.79031,-21.66878,3.96724,-0.88028,0.17918,-0.03468,0.0051,-0.00038,2.34392,34.272,-20.07078,2.10778,-0.44278,0.09781,-0.0177,0.00253,-0.0002,0.00902,-45.11338,0.86616,0.61339,-0.21904,0.06306,-0.01355,0.0021,-0.00016,,,,,,,,,,,,,,,,,,,,,,,High,High,High,Medium,Medium,,,
298,2026-09-28,14:52:21.12,,,,,Undefined,FOR_RAM,"Dieguez, Matthew",10131275,Right,FOR_RAM,Undefined,1,Bottom,0,0,0,Undefined,Slider,Undefined,Undefined,GroundBall,Undefined,0,0,,49.38891,-0.701784,3.558324,1050.318176,121.08329,10:00,5.96589,-1.32904,26.68374,-37.41884,3.93221,-4.98709,2.44995,0.27052,47.29222,-11.798372,2.087996,0.462823,96.57388,4.715886,-40.557407,3524.899443,,,,67.5315,67.5315,-40.919787,0.515743,7.86705,6.18768,2.41922,50,5.47948,-5.42537,-74.34536,5.38674,4.36715,9.5927,-28.73914,FOR_RAM,,FordhamUniversity,,,20260928-FordhamUniversity-BP-1,adcc6900-bb6d-11f1-93a8-090a75922668,81.44034,3.36924,,2.09669,,,,1.81533,2.38134,-0.28426,3737a129-c7b8-45bf-aff7-ddc2ce9649b7,2026-09-28,18:52:21.12,2026-09-28T14:52:21.1260000-04:00,2026-09-28T18:52:21.1260000Z,GroundBall,v3,471298,,,,,Undefined,FOR_RAM,6208913a-8037-4dd5-b536-bb0fab764244,33.82039,-72.22756,4.79635,5.96834,-0.95806,-14.36957,1.32788,-4.46123,2.18357,,1.84153,106.56262,-21.79116,,,,,,,2.42752,10.42672,-29.50251,,,,,,,-0.29056,-91.62404,12.47412,,,,,,,,,,,,,,,,,,,,,,,,,,,,,High,High,High,Low,Medium,,,
299,2026-09-28,14:52:27.69,,,,,Undefined,FOR_RAM,"Dieguez, Matthew",10131275,Right,FOR_RAM,Undefined,1,Bottom,0,0,0,Undefined,Slider,Undefined,Undefined,LineDrive,Undefined,0,0,,49.25952,-1.220656,2.175332,1128.78867,141.809068,10:45,6.04259,-1.29417,26.69215,-33.85246,7.9502,-5.42252,2.53074,-0.51543,46.75029,-11.321234,0.573825,0.465343,91.70415,26.378071,-11.105406,2292.66689,108.72247,50.03287,-16.71442,288.8988,288.8988,-4.003701,4.438603,8.09083,11.89934,1.99833,50,5.7701,-3.68379,-74.43214,4.07389,4.44588,10.64169,-25.63539,FOR_RAM,,FordhamUniversity,,,20260928-FordhamUniversity-BP-1,b1bc40d0-bb6d-11f1-93a8-090a75922668,80.99922,63.23618,,2.50924,,,,2.15562,2.67706,0.52307,3737a129-c7b8-45bf-aff7-ddc2ce9649b7,2026-09-28,18:52:27.69,2026-09-28T14:52:27.6990000-04:00,2026-09-28T18:52:27.6990000Z,FlyBall,v3,471298,,,,,Undefined,FOR_RAM,fc7b6b2e-8031-48e4-a8a3-2f672d22754c,33.81082,-72.08039,5.32085,6.04441,-1.59137,-12.8177,1.29281,-2.70128,2.22294,197.108249,2.15563,118.23682,-25.12748,5.90311,-1.30465,0.25654,-0.03862,0.00356,-0.00014,2.67715,59.75568,-16.24088,0.90889,-0.10718,0.01216,-0.00293,0.00077,-7E-05,0.52304,-23.20773,8.78574,-2.14198,0.49247,-0.09888,0.01502,-0.00141,6E-05,,,,,,,,,,,,,,,,,,,,,,,High,High,High,Medium,High,,,
300,2026-09-28,14:52:33.12,,,,,Undefined,FOR_RAM,"Dieguez, Matthew",10131275,Right,FOR_RAM,Undefined,1,Bottom,0,0,0,Undefined,Slider,Undefined,Undefined,LineDrive,Undefined,0,0,,50.54097,-2.253228,2.867584,1055.108628,117.957691,10:00,5.71565,-1.39947,26.56412,-35.41163,3.75488,-5.78485,1.48331,-0.25231,49.27448,-12.615468,1.164252,0.450432,,,,,,,,,,,,8.54449,6.14914,2.30423,50,5.69755,-4.75679,-75.58158,3.16088,5.03059,7.67515,-28.55373,FOR_RAM,,FordhamUniversity,,,20260928-FordhamUniversity-BP-1,b5081070-bb6d-11f1-93a8-090a75922668,83.6807,,,1.26649,,,,,,,3737a129-c7b8-45bf-aff7-ddc2ce9649b7,2026-09-28,18:52:33.12,2026-09-28T14:52:33.1230000-04:00,2026-09-28T18:52:33.1230000Z,,v3,471298,,,,,Undefined,FOR_RAM,a43af54a-93b4-4f1d-bfcb-5df4c8d33006,33.94068,-73.93281,3.83758,5.71772,-2.97303,-14.27686,1.39845,-3.67612,2.5153,,,,,,,,,,,,,,,,,,,,,,,,,,,,,,,,,,,,,,,,,,,,,,,,,,,High,High,High,,,,,
301,2026-09-28,14:53:27.80,,,,,Undefined,FOR_RAM,"Dieguez, Matthew",10131275,Right,FOR_RAM,Undefined,1,Bottom,0,0,0,Undefined,Slider,Undefined,Undefined,Undefined,Undefined,0,0,,48.02173,-3.589663,5.472791,1068.184589,114.982392,9:45,6.05581,-1.14605,26.14495,-41.69152,3.54225,-5.63583,0.50532,1.54072,46.95536,-15.494381,3.839147,0.484064,,,,,,,,,,,,8.92221,6.23552,2.73402,50,6.34276,-7.70732,-71.64404,1.9069,4.66835,7.75927,-28.91145,FOR_RAM,,FordhamUniversity,,,20260928-FordhamUniversity-BP-1,d59028a0-bb6d-11f1-93a8-090a75922668,77.86665,,,1.06637,,,,,,,3737a129-c7b8-45bf-aff7-ddc2ce9649b7,2026-09-28,18:53:27.80,2026-09-28T14:53:27.8070000-04:00,2026-09-28T18:53:27.8070000Z,,v3,471298,,,,,Undefined,FOR_RAM,0e062c64-310f-428b-83ac-03847abfc446,34.35983,-69.92965,3.87964,6.05839,-4.48101,-14.45573,1.14506,-6.67586,2.33418,,,,,,,,,,,,,,,,,,,,,,,,,,,,,,,,,,,,,,,,,,,,,,,,,,,High,High,High,,,,,
302,2026-09-28,14:53:31.17,,,,,Undefined,FOR_RAM,"Markey, Tommy",10084492,Left,FOR_RAM,Undefined,1,Bottom,0,0,0,Undefined,Slider,Undefined,Undefined,Undefined,Undefined,0,0,,48.09027,-0.967447,3.324922,1051.27451,140.9509,10:45,5.9373,-1.18636,26.79197,-37.78486,5.14209,-3.4887,2.24224,0.39929,46.54429,-12.159126,2.292495,0.471559,,,,,,,,,,,,5.6902,7.87233,2.19507,50,5.4923,-4.76051,-72.1556,5.15494,3.01828,7.91412,-27.99828,FOR_RAM,,FordhamUniversity,,,20260928-FordhamUniversity-BP-1,d7919df0-bb6d-11f1-93a8-090a75922668,79.93146,,,1.54599,,,,,,,3737a129-c7b8-45bf-aff7-ddc2ce9649b7,2026-09-28,18:53:31.17,2026-09-28T14:53:31.1780000-04:00,2026-09-28T18:53:31.1780000Z,,v3,471298,,,,,Undefined,FOR_RAM,bb798074-be52-4c11-aa5e-4ab29cd29ef4,33.71243,-70.34648,3.95706,5.93916,-1.2453,-13.99914,1.1857,-4.07055,1.50914,,,,,,,,,,,,,,,,,,,,,,,,,,,,,,,,,,,,,,,,,,,,,,,,,,,High,High,High,,,,,
303,2026-09-28,14:53:35.02,,,,,Undefined,FOR_RAM,"Markey, Tommy",10084492,Left,FOR_RAM,Undefined,1,Bottom,0,0,0,Undefined,Slider,Undefined,Undefined,LineDrive,Undefined,0,0,,48.0815,-1.608864,3.319936,1041.94915,144.202277,10:45,6.09352,-0.9571,26.71245,-36.7023,6.37445,-4.00406,2.12408,0.58739,46.68082,-12.428673,2.137257,0.472382,80.69213,19.187643,-14.084971,2782.628427,104.71969,26.52162,-33.67027,230.56017,227.87944,-22.912121,2.883422,6.34587,9.68485,1.96865,50,5.85602,-4.82859,-72.03369,4.12821,3.36886,7.55446,-27.03259,FOR_RAM,,FordhamUniversity,,,20260928-FordhamUniversity-BP-1,d9e551f0-bb6d-11f1-93a8-090a75922668,79.79235,27.37986,,1.40068,,,,1.72438,1.84626,-0.57049,3737a129-c7b8-45bf-aff7-ddc2ce9649b7,2026-09-28,18:53:35.02,2026-09-28T14:53:35.0260000-04:00,2026-09-28T18:53:35.0260000Z,LineDrive,v3,471298,,,,,Undefined,FOR_RAM,d036c760-43b3-4cd3-866c-5199a8577379,33.79184,-70.31334,3.77723,6.09517,-2.02785,-13.5163,0.9564,-4.06141,1.68443,128.928671,1.72439,108.4144,-15.75834,2.08048,-0.51541,0.19279,-0.08986,0.02385,-0.00241,1.84628,38.89487,-16.0415,1.02026,-0.02338,-0.09478,0.06039,-0.01626,0.0016,-0.57052,-27.20022,-3.50938,1.17602,-0.1598,-0.04601,0.03545,-0.00805,0.00071,,,,,,,,,,,,,,,,,,,,,,,High,High,High,Medium,Medium,,,
304,2026-09-28,14:53:38.89,,,,,Undefined,FOR_RAM,"Markey, Tommy",10084492,Left,FOR_RAM,Undefined,1,Bottom,0,0,0,Undefined,Slider,Undefined,Undefined,LineDrive,Undefined,0,0,,48.13413,-0.195054,2.308665,1020.871842,128.107192,10:15,6.2944,-1.07495,26.84579,-37.36321,5.16339,-5.56945,3.07095,-0.23913,46.55624,-11.316114,0.655433,0.469355,79.8269,16.732667,-16.704109,2699.250344,,,,,46.64936,,,8.32709,7.67048,1.83573,50,5.62606,-3.83492,-72.24693,6.14091,4.4425,7.67728,-28.08185,FOR_RAM,,FordhamUniversity,,,20260928-FordhamUniversity-BP-1,dc375840-bb6d-11f1-93a8-090a75922668,80.30685,16.12375,,1.57789,,,,1.23133,3.05193,0.18993,3737a129-c7b8-45bf-aff7-ddc2ce9649b7,2026-09-28,18:53:38.89,2026-09-28T14:53:38.8910000-04:00,2026-09-28T18:53:38.8910000Z,,v3,471298,,,,,Undefined,FOR_RAM,b49e0ea0-0622-4638-a413-92ea9d317bd8,33.65891,-70.48907,3.83864,6.29602,-0.28898,-14.04093,1.0741,-2.81773,2.22125,130.097537,1.24232,107.05444,-19.07849,,,,,,,3.04568,33.90315,-8.36036,,,,,,,0.20269,-32.62344,-9.69625,,,,,,,,,,,,,,,,,,,,,,,,,,,,,High,High,High,Medium,Undefined,,,
305,2026-09-28,14:53:42.78,,,,,Undefined,FOR_RAM,"Markey, Tommy",10084492,Left,FOR_RAM,Undefined,1,Bottom,0,0,0,Undefined,Slider,Undefined,Undefined,Undefined,Undefined,0,0,,47.25238,2.892547,1.183292,1088.86306,128.533641,10:15,5.87814,-1.36069,26.39046,-40.52813,4.8765,-5.10307,4.15335,-1.11054,45.39442,-9.082971,-0.306595,0.484977,,,,,,,,,,,,7.00611,6.72863,1.76658,50,4.36719,-2.2032,-70.69546,9.93092,3.59668,6.97337,-28.71982,FOR_RAM,,FordhamUniversity,,,20260928-FordhamUniversity-BP-1,de9879c0-bb6d-11f1-93a8-090a75922668,77.71998,,,1.85796,,,,,,,3737a129-c7b8-45bf-aff7-ddc2ce9649b7,2026-09-28,18:53:42.78,2026-09-28T14:53:42.7830000-04:00,2026-09-28T18:53:42.7830000Z,,v3,471298,,,,,Undefined,FOR_RAM,62689a25-b641-430d-902b-86a017a92de3,34.11177,-69.11049,3.48668,5.88254,3.4032,-14.35991,1.35872,-1.38572,1.79834,,,,,,,,,,,,,,,,,,,,,,,,,,,,,,,,,,,,,,,,,,,,,,,,,,,High,High,High,,,,,
306,2026-09-28,14:53:48.36,,,,,Undefined,FOR_RAM,"Markey, Tommy",10084492,Left,FOR_RAM,Undefined,1,Bottom,0,0,0,Undefined,Slider,Undefined,Undefined,Undefined,Undefined,0,0,,50.20072,-2.803421,3.996734,1404.27211,127.131524,10:15,6.00897,-1.24388,26.63253,-35.00081,4.88437,-5.41551,1.49901,0.57259,48.71593,-13.059662,2.401436,0.454545,,,,,,,,,,,,8.46666,7.85111,2.46613,50,6.15086,-6.1594,-75.14672,2.35775,4.87927,8.43955,-27.64951,FOR_RAM,,FordhamUniversity,,,20260928-FordhamUniversity-BP-1,e1c3a200-bb6d-11f1-93a8-090a75922668,82.92338,,,1.48479,,,,,,,3737a129-c7b8-45bf-aff7-ddc2ce9649b7,2026-09-28,18:53:48.36,2026-09-28T14:53:48.3620000-04:00,2026-09-28T18:53:48.3620000Z,,v3,471298,,,,,Undefined,FOR_RAM,0e34d01d-0bfc-41e4-9aa5-c0b400a079af,33.8723,-73.31308,4.21977,6.01052,-3.64957,-13.82476,1.24306,-5.0993,2.43964,,,,,,,,,,,,,,,,,,,,,,,,,,,,,,,,,,,,,,,,,,,,,,,,,,,High,High,High,,,,,
307,2026-09-28,14:53:53.13,,,,,Undefined,FOR_RAM,"Markey, Tommy",10084492,Left,FOR_RAM,Undefined,1,Bottom,0,0,0,Undefined,Slider,Undefined,Undefined,LineDrive,Undefined,0,0,,48.8859,-1.006668,3.667408,1079.084551,114.273443,9:45,5.96666,-1.21994,26.67194,-37.7714,3.68752,-6.66339,2.24824,0.30262,47.73462,-12.11566,1.702853,0.463426,89.121,14.937187,2.226842,1373.441831,109.98492,24.60868,1.81082,274.86363,274.86363,-1.444147,3.032663,9.97339,5.7291,2.37633,50,5.53574,-5.7892,-73.01474,5.17911,5.50819,6.73691,-29.00993,FOR_RAM,,FordhamUniversity,,,20260928-FordhamUniversity-BP-1,e4b347e0-bb6d-11f1-93a8-090a75922668,81.33431,27.32016,,1.15128,,,,1.77014,2.29121,-0.31535,3737a129-c7b8-45bf-aff7-ddc2ce9649b7,2026-09-28,18:53:53.13,2026-09-28T14:53:53.1390000-04:00,2026-09-28T18:53:53.1390000Z,LineDrive,v3,471298,,,,,Undefined,FOR_RAM,efa54def-57d2-43df-bf26-771fcbf8219f,33.83325,-71.50751,3.36845,5.96842,-1.31119,-14.50496,1.21898,-4.55687,2.75409,167.074924,1.77023,126.1928,-20.59163,4.42275,-0.68261,0.04107,0.0122,-0.00334,0.00027,2.29102,33.70382,-10.93567,-0.30083,-0.13415,0.17515,-0.06579,0.01205,-0.00089,-0.31539,4.90961,-3.12533,0.42276,-0.1247,0.05342,-0.01654,0.00277,-0.00019,,,,,,,,,,,,,,,,,,,,,,,High,High,High,High,Medium,,,
308,2026-09-28,14:53:57.05,,,,,Undefined,FOR_RAM,"Markey, Tommy",10084492,Left,FOR_RAM,Undefined,1,Bottom,0,0,0,Undefined,Slider,Undefined,Undefined,LineDrive,Undefined,0,0,,47.94899,-0.567688,2.848795,1049.847145,120.398465,10:00,6.20443,-1.23032,26.90509,-39.43699,3.28418,-4.25055,2.59873,0.01703,46.54002,-12.283088,1.584692,0.470428,92.78947,13.134918,8.25084,2362.66456,109.51737,14.95553,10.29069,195.43044,195.43044,3.094092,1.815288,6.66489,5.1267,2.12578,50,5.59479,-4.29024,-71.95384,6.04836,3.52698,7.61424,-29.46107,FOR_RAM,,FordhamUniversity,,,20260928-FordhamUniversity-BP-1,e7050010-bb6d-11f1-93a8-090a75922668,80.12375,15.07007,,1.40897,,,,1.91803,2.64388,-0.02309,3737a129-c7b8-45bf-aff7-ddc2ce9649b7,2026-09-28,18:53:57.05,2026-09-28T14:53:57.0500000-04:00,2026-09-28T18:53:57.0500000Z,LineDrive,v3,471298,,,,,Undefined,FOR_RAM,5d54e812-df09-4c51-8a1f-dbdb22900941,33.60004,-70.19693,3.80712,6.20612,-0.7495,-14.73054,1.22973,-3.47642,1.76349,85.262669,1.91803,131.15858,-17.28783,2.81032,-0.57973,0.11076,-0.02209,0.00357,-0.0003,2.64388,30.92604,-20.81112,2.24958,-0.48094,0.1068,-0.01985,0.003,-0.00025,-0.02309,19.02035,-10.30052,2.44196,-0.59457,0.12315,-0.01959,0.00169,0,,,,,,,,,,,,,,,,,,,,,,,High,High,High,High,High,,,
309,2026-09-28,14:54:09.39,,,,,Undefined,FOR_RAM,"Dean, Mason",1000150670,Left,FOR_RAM,Undefined,1,Bottom,0,0,0,Undefined,Slider,Undefined,Undefined,LineDrive,Undefined,0,0,,49.99795,-1.020166,3.697386,1056.572321,124.181763,10:15,5.82254,-1.29069,26.49585,-34.97081,5.47744,-6.89367,2.3267,0.24109,48.23429,-11.311382,1.677555,0.457743,92.2195,11.124597,1.281945,1770.157825,109.96814,15.90838,-2.63094,233.33133,232.74554,-4.545316,2.354436,10.26812,8.22595,2.43936,50,5.47736,-5.95816,-74.91106,4.57323,5.88311,8.34702,-27.461,FOR_RAM,,FordhamUniversity,,,20260928-FordhamUniversity-BP-1,ee567970-bb6d-11f1-93a8-090a75922668,82.34419,16.24744,,1.76366,,,,1.05567,2.05864,-0.29301,3737a129-c7b8-45bf-aff7-ddc2ce9649b7,2026-09-28,18:54:09.39,2026-09-28T14:54:09.3980000-04:00,2026-09-28T18:54:09.3980000Z,LineDrive,v3,471298,,,,,Undefined,FOR_RAM,6c1686b4-dbba-4ad9-904a-f8380455c7db,34.00846,-73.10748,4.17351,5.82446,-1.3604,-13.7305,1.28929,-4.68697,2.94156,138.426614,1.05565,132.68148,-20.18229,3.52962,-0.75925,0.18875,-0.04758,0.00843,-0.00068,2.05869,26.09295,-12.49381,0.39111,0.1849,-0.19321,0.09118,-0.02092,0.00192,-0.29311,2.97592,-7.26211,2.03446,-0.87286,0.47822,-0.19049,0.04173,-0.00377,,,,,,,,,,,,,,,,,,,,,,,High,High,High,High,Medium,,,
310,2026-09-28,14:54:13.72,,,,,Undefined,FOR_RAM,"Dean, Mason",1000150670,Left,FOR_RAM,Undefined,1,Bottom,0,0,0,Undefined,Slider,Undefined,Undefined,LineDrive,Undefined,0,0,,49.35711,-0.620191,3.916825,1091.982977,122.686443,10:00,5.98894,-1.1912,26.7353,-37.25534,3.45162,-4.25937,2.53328,0.66909,47.92282,-11.628045,2.660169,0.459204,94.35844,11.620617,0.258518,1789.8786,109.78669,16.8624,-6.8436,231.28064,231.24962,-7.0097,2.300989,6.79343,5.37709,2.37883,50,5.45712,-5.76907,-73.843,5.64207,3.80954,7.50704,-29.15873,FOR_RAM,,FordhamUniversity,,,20260928-FordhamUniversity-BP-1,f0ea1ca0-bb6d-11f1-93a8-090a75922668,82.08214,17.14491,,1.43429,,,,1.2052,2.45767,-0.6973,3737a129-c7b8-45bf-aff7-ddc2ce9649b7,2026-09-28,18:54:13.72,2026-09-28T14:54:13.7280000-04:00,2026-09-28T18:54:13.7280000Z,LineDrive,v3,471298,,,,,Undefined,FOR_RAM,9ac3d7a1-c492-43f2-bc91-4759c1170341,33.76958,-72.17412,3.75352,5.99087,-0.84016,-14.57937,1.19046,-4.92218,1.90477,123.838123,1.2052,135.55413,-22.76931,4.38355,-0.79337,0.11819,-0.01586,0.00191,-0.00012,2.45767,27.87642,-13.60564,0.21325,0.18648,-0.06515,0.01726,-0.00257,0.00016,-0.6973,0.61148,-10.79088,4.0307,-1.17829,0.28381,-0.05738,0.00813,-0.00056,,,,,,,,,,,,,,,,,,,,,,,High,High,High,High,Medium,,,
311,2026-09-28,14:54:19.17,,,,,Undefined,FOR_RAM,"Dean, Mason",1000150670,Left,FOR_RAM,Undefined,1,Bottom,0,0,0,Undefined,Curveball,Undefined,Undefined,Undefined,Undefined,0,0,,49.44888,-5.390705,5.111046,2263.024819,109.372497,9:45,5.38379,-0.2006,37.19722,-16.60666,1.97732,-4.84347,1.92579,1.35388,48.42379,-12.543727,3.001491,0.310271,,,,,,,,,,,,15.69422,7.78414,3.11969,50,6.04407,-9.67022,-75.03116,3.21971,8.99392,8.62962,-27.71317,FOR_RAM,,FordhamUniversity,,,20260928-FordhamUniversity-BP-1,f4248720-bb6d-11f1-93a8-090a75922668,121.48234,,,1.02509,,,,,,,3737a129-c7b8-45bf-aff7-ddc2ce9649b7,2026-09-28,18:54:19.17,2026-09-28T14:54:19.1770000-04:00,2026-09-28T18:54:19.1770000Z,,v3,471298,,,,,Undefined,FOR_RAM,2ac2c4a1-c62d-4280-a39e-7de2e9bc2762,23.30856,-71.89576,4.31481,5.3847,-6.8493,-13.85659,0.19985,-6.40246,4.49696,,,,,,,,,,,,,,,,,,,,,,,,,,,,,,,,,,,,,,,,,,,,,,,,,,,High,High,High,,,,,
312,2026-09-28,14:54:23.43,,,,,Undefined,FOR_RAM,"Dean, Mason",1000150670,Left,FOR_RAM,Undefined,1,Bottom,0,0,0,Undefined,Slider,Undefined,Undefined,GroundBall,Undefined,0,0,,49.89817,-1.764902,3.746553,1026.223527,111.290733,9:45,5.75796,-1.33698,26.64546,-37.71498,3.00957,-5.32441,1.6132,0.34386,47.86349,-12.889497,2.177077,0.459303,61.06741,-4.126943,21.953638,,,,,36.91798,13.11528,17.085769,0.360834,8.41689,5.21862,2.48358,50,5.57307,-5.78265,-75.12892,4.04498,4.7567,10.05528,-29.22481,FOR_RAM,,FordhamUniversity,,,20260928-FordhamUniversity-BP-1,f6b5e060-bb6d-11f1-93a8-090a75922668,82.06436,2.33365,,2.03468,,,,,,,3737a129-c7b8-45bf-aff7-ddc2ce9649b7,2026-09-28,18:54:23.43,2026-09-28T14:54:23.4310000-04:00,2026-09-28T18:54:23.4310000Z,GroundBall,v3,471298,,,,,Undefined,FOR_RAM,f97f08cc-951a-4e67-b92a-66709efa4656,33.85902,-72.93662,5.02764,5.76038,-2.32675,-14.61241,1.33587,-4.74558,2.37835,180,5.27493,83.13393,,,,,,,,2.33491,-6.46738,,,,,,,,-1.25147,33.51006,,,,,,,,,,,,,,,,,,,,,,,,,,,,,,High,High,High,Low,Low,,,
313,2026-09-28,14:54:33.12,,,,,Undefined,FOR_RAM,"Caron, Michael",1000322224,Right,FOR_RAM,Undefined,1,Bottom,0,0,0,Undefined,Slider,Undefined,Undefined,Undefined,Undefined,0,0,,48.23559,-0.188225,3.678571,1070.056398,125.573679,10:15,6.04782,-1.10497,26.45287,-38.02073,5.85674,-6.84583,2.77199,0.42281,46.22388,-11.400026,1.675271,0.476752,,,,,,,,,,,,10.28221,8.54394,2.24197,50,5.42759,-5.71228,-72.48583,5.87318,5.45087,8.75785,-27.6447,FOR_RAM,,FordhamUniversity,,,20260928-FordhamUniversity-BP-1,fc904a20-bb6d-11f1-93a8-090a75922668,79.06097,,,2.01171,,,,,,,3737a129-c7b8-45bf-aff7-ddc2ce9649b7,2026-09-28,18:54:33.12,2026-09-28T14:54:33.1280000-04:00,2026-09-28T18:54:33.1280000Z,,v3,471298,,,,,Undefined,FOR_RAM,dd4a6541-793c-45dc-b496-349daf237e86,34.05115,-70.53255,4.37893,6.04993,-0.29248,-13.82235,1.10352,-4.49656,2.72543,,,,,,,,,,,,,,,,,,,,,,,,,,,,,,,,,,,,,,,,,,,,,,,,,,,High,High,High,,,,,
314,2026-09-28,14:54:37.21,,,,,Undefined,FOR_RAM,"Caron, Michael",1000322224,Right,FOR_RAM,Undefined,1,Bottom,0,0,0,Undefined,Slider,Undefined,Undefined,GroundBall,Undefined,0,0,,48.47169,-1.155075,4.745793,1005.415561,117.603256,10:00,5.92171,-1.17037,26.24149,-39.57868,4.00166,-6.16721,1.9589,1.04274,47.22935,-12.628447,2.95517,0.475135,63.72689,-11.066951,-8.348904,,,,,18.07241,18.07241,-9.004147,0.145939,9.3617,6.09024,2.57832,50,5.55246,-6.96254,-72.33778,4.86407,5.04953,7.01844,-28.88908,FOR_RAM,,FordhamUniversity,,,20260928-FordhamUniversity-BP-1,feede930-bb6d-11f1-93a8-090a75922668,79.33004,2.62958,,1.24233,,,,4.54807,2.62958,-0.87635,3737a129-c7b8-45bf-aff7-ddc2ce9649b7,2026-09-28,18:54:37.21,2026-09-28T14:54:37.2180000-04:00,2026-09-28T18:54:37.2180000Z,GroundBall,v3,471298,,,,,Undefined,FOR_RAM,90e0236b-094f-474e-836e-03bc4c569420,34.2635,-70.79451,3.50922,5.92361,-1.48828,-14.44454,1.16942,-5.85221,2.52477,,4.53892,91.1454,,,,,,,,2.63139,-18.01838,,,,,,,,-0.875,-13.37614,,,,,,,,,,,,,,,,,,,,,,,,,,,,,,High,High,High,Estimated,Estimated,,,
315,2026-09-28,14:54:41.63,,,,,Undefined,FOR_RAM,"Caron, Michael",1000322224,Right,FOR_RAM,Undefined,1,Bottom,0,0,0,Undefined,Curveball,Undefined,Undefined,LineDrive,Undefined,0,0,,47.33383,-0.348824,3.898164,2034.418652,137.299387,10:30,6.03042,-1.3005,26.62153,-39.5675,5.44843,-4.15516,2.535,0.56564,45.58946,-12.035063,2.676514,0.482897,95.96102,16.67648,2.040983,803.687801,109.99934,26.81159,0.28512,275.03379,274.51675,-1.228262,2.927577,6.75453,8.11315,2.4695,50,5.40364,-5.48764,-71.07346,5.95696,3.45403,8.16742,-28.02527,FOR_RAM,,FordhamUniversity,,,20260928-FordhamUniversity-BP-1,01a17070-bb6e-11f1-93a8-090a75922668,78.05482,29.72942,,1.74437,,,,2.79329,2.81999,-0.49755,3737a129-c7b8-45bf-aff7-ddc2ce9649b7,2026-09-28,18:54:41.63,2026-09-28T14:54:41.6370000-04:00,2026-09-28T18:54:41.6370000Z,LineDrive,v3,471298,,,,,Undefined,FOR_RAM,581c8e1f-77f3-4f63-8bb9-b0f3746dae90,33.88256,-69.19654,4.08371,6.03257,-0.48342,-14.01263,1.29962,-4.69388,1.72702,141.180266,2.79334,134.73536,-22.31713,4.44784,-0.82713,0.09674,0.00105,-0.00287,0.00037,2.81995,40.39018,-16.05231,0.66501,-0.00363,0.00903,-0.00893,0.00306,-0.00035,-0.49754,4.80138,-6.27772,2.76137,-0.82852,0.19402,-0.03561,0.00432,-0.00025,,,,,,,,,,,,,,,,,,,,,,,High,High,High,High,Medium,,,
316,2026-09-28,14:54:46.37,,,,,Undefined,FOR_RAM,"Caron, Michael",1000322224,Right,FOR_RAM,Undefined,1,Bottom,0,0,0,Undefined,Curveball,Undefined,Undefined,Undefined,Undefined,0,0,,47.38882,-5.523544,4.561721,1301.338276,161.818999,11:30,5.47969,-0.01626,37.81525,-17.32103,1.72036,-0.48287,1.97242,1.64089,46.73334,-13.152169,4.345186,0.314066,,,,,,,,,,,,2.69394,7.133,2.25524,50,5.94781,-6.05081,-71.92996,4.30067,1.42295,7.70365,-28.40636,FOR_RAM,,FordhamUniversity,,,20260928-FordhamUniversity-BP-1,044b33b0-bb6e-11f1-93a8-090a75922668,120.01444,,,0.65548,,,,,,,3737a129-c7b8-45bf-aff7-ddc2ce9649b7,2026-09-28,18:54:46.37,2026-09-28T14:54:46.3750000-04:00,2026-09-28T18:54:46.3750000Z,,v3,471298,,,,,Undefined,FOR_RAM,e4e48e1b-638b-4bb3-99b6-f13aa8832eb6,22.69067,-68.94313,3.85182,5.48018,-6.71291,-14.20318,0.0162,-5.49911,0.71147,,,,,,,,,,,,,,,,,,,,,,,,,,,,,,,,,,,,,,,,,,,,,,,,,,,High,High,High,,,,,
317,2026-09-28,14:54:49.60,,,,,Undefined,FOR_RAM,"Caron, Michael",1000322224,Right,FOR_RAM,Undefined,1,Bottom,0,0,0,Undefined,Slider,Undefined,Undefined,FlyBall,Undefined,0,0,,49.19287,-1.215934,3.410114,1069.949416,137.42347,10:30,5.98635,-1.06167,26.53909,-35.75943,5.92217,-4.68449,2.31428,0.48758,47.52577,-11.738452,2.034842,0.464669,84.04526,35.957342,-35.433849,4967.947852,84.05145,59.06637,-70.96008,195.21327,162.86228,-39.883366,3.951893,7.26229,8.8665,2.09714,50,5.67548,-5.15144,-73.75196,4.41954,4.02759,8.20514,-27.25678,FOR_RAM,,FordhamUniversity,,,20260928-FordhamUniversity-BP-1,064b7080-bb6e-11f1-93a8-090a75922668,81.11678,61.79733,,1.6671,,,,2.01704,2.22916,-0.5702,3737a129-c7b8-45bf-aff7-ddc2ce9649b7,2026-09-28,18:54:49.60,2026-09-28T14:54:49.6060000-04:00,2026-09-28T18:54:49.6060000Z,FlyBall,v3,471298,,,,,Undefined,FOR_RAM,597f7471-565d-46d2-897e-225388835309,33.96526,-71.94593,4.10257,5.98799,-1.57993,-13.62839,1.06082,-4.26493,2.0138,,2.0201,81.20774,-20.81622,3.96665,-0.00711,-0.456,0.1698,-0.02516,0.00135,2.22977,72.36198,-26.53745,3.43739,-0.49027,-0.00532,0.01908,-0.00247,6E-05,-0.57083,-57.83627,3.71362,1.75891,-0.59908,0.03938,0.05616,-0.01661,0.00137,,,,,,,,,,,,,,,,,,,,,,,High,High,High,Medium,Low,,,
318,2026-09-28,14:54:54.26,,,,,Undefined,FOR_RAM,"Wansaw, Michael",1000503198,Right,FOR_RAM,Undefined,1,Bottom,0,0,0,Undefined,Slider,Undefined,Undefined,FlyBall,Undefined,0,0,,49.84294,-0.9845,3.257197,1072.251661,136.658519,10:30,5.95764,-1.26213,26.9451,-32.59482,6.885,-5.78583,2.68812,0.08507,48.10339,-10.723848,1.538096,0.45223,80.9017,35.415666,-8.529445,3634.642281,106.86839,67.32788,-26.0597,257.00922,138.15118,-20.023052,4.741258,8.88819,10.32575,2.30484,50,5.59601,-5.25182,-74.72914,4.55576,5.07678,8.15517,-26.27615,FOR_RAM,,FordhamUniversity,,,20260928-FordhamUniversity-BP-1,090efd50-bb6e-11f1-93a8-090a75922668,83.348,75.37264,,1.73955,,,,2.74,2.93388,-0.04871,3737a129-c7b8-45bf-aff7-ddc2ce9649b7,2026-09-28,18:54:54.26,2026-09-28T14:54:54.2620000-04:00,2026-09-28T18:54:54.2620000Z,FlyBall,v3,471298,,,,,Undefined,FOR_RAM,1896d230-baf3-4dc0-a8c3-6bfb4ec3bd2f,33.55923,-72.91289,4.07759,5.95897,-1.29624,-13.13807,1.26111,-4.12117,2.53839,,2.74338,95.55393,-22.44726,5.20571,-0.70299,-0.03187,0.03203,-0.00475,0.00023,2.93295,68.77505,-17.64165,0.35885,0.32483,-0.18239,0.05611,-0.00864,0.00051,-0.04771,-14.366,-4.39377,1.85058,-0.43766,0.05623,-0.00208,-0.00023,2E-05,,,,,,,,,,,,,,,,,,,,,,,High,High,High,Medium,Low,,,
319,2026-09-28,14:55:04.86,,,,,Undefined,FOR_RAM,"Wansaw, Michael",1000503198,Right,FOR_RAM,Undefined,1,Bottom,0,0,0,Undefined,Slider,Undefined,Undefined,LineDrive,Undefined,0,0,,48.82421,-1.169478,1.379587,1048.006758,119.511653,10:00,6.03984,-1.06505,26.10447,-39.62557,3.57047,-4.91063,2.06415,-0.67989,47.48923,-12.638225,-0.04823,0.473035,85.76884,14.819872,22.068921,2385.475809,98.32139,20.49015,49.32356,227.24173,214.75888,31.672251,2.493292,6.83733,5.58634,1.51773,50,5.69533,-2.50811,-73.16523,4.74751,3.75315,7.60899,-29.10759,FOR_RAM,,FordhamUniversity,,,20260928-FordhamUniversity-BP-1,0f6c79c0-bb6e-11f1-93a8-090a75922668,79.68211,20.81353,,1.33498,,,,0.57036,1.80398,0.60014,3737a129-c7b8-45bf-aff7-ddc2ce9649b7,2026-09-28,18:55:04.86,2026-09-28T14:55:04.8630000-04:00,2026-09-28T18:55:04.8630000Z,LineDrive,v3,471298,,,,,Undefined,FOR_RAM,ee283030-268f-4d14-b5a4-099ba87447d0,34.40009,-71.52448,3.80449,6.04234,-1.52904,-14.55379,1.06415,-1.69881,1.87657,,0.57031,112.7016,-22.02615,4.71761,-0.84729,0.08071,0.01396,-0.00639,0.00072,1.80408,32.17082,-14.04366,0.5267,-0.30374,0.23347,-0.10077,0.02301,-0.00215,0.60019,45.68878,1.65099,-0.57799,0.05112,0.07366,-0.04351,0.01071,-0.00103,,,,,,,,,,,,,,,,,,,,,,,High,High,High,High,High,,,
320,2026-09-28,14:55:09.07,,,,,Undefined,FOR_RAM,"Wansaw, Michael",1000503198,Right,FOR_RAM,Undefined,1,Bottom,0,0,0,Undefined,Slider,Undefined,Undefined,Undefined,Undefined,0,0,,48.41255,-0.714908,3.086401,1107.747146,117.539014,10:00,5.86302,-1.20203,26.55597,-39.09337,3.53095,-5.37933,2.19869,0.10391,47.19775,-12.184549,1.504766,0.469894,,,,,,,,,,,,8.03189,5.48733,2.16103,50,5.34383,-4.77077,-72.40602,5.59866,4.34655,6.91812,-29.20453,FOR_RAM,,FordhamUniversity,,,20260928-FordhamUniversity-BP-1,11ea23f0-bb6e-11f1-93a8-090a75922668,80.21472,,,1.2148,,,,,,,3737a129-c7b8-45bf-aff7-ddc2ce9649b7,2026-09-28,18:55:09.07,2026-09-28T14:55:09.0750000-04:00,2026-09-28T18:55:09.0750000Z,,v3,471298,,,,,Undefined,FOR_RAM,9199cc6d-5ef2-49a5-9c64-51be8c8d9c47,33.94892,-70.85581,3.45906,5.86517,-0.94551,-14.60227,1.20112,-3.7968,2.17327,,,,,,,,,,,,,,,,,,,,,,,,,,,,,,,,,,,,,,,,,,,,,,,,,,,High,High,High,,,,,
321,2026-09-28,14:55:14.38,,,,,Undefined,FOR_RAM,"Wansaw, Michael",1000503198,Right,FOR_RAM,Undefined,1,Bottom,0,0,0,Undefined,Slider,Undefined,Undefined,Undefined,Undefined,0,0,,49.86191,-2.413569,2.34234,1069.13999,125.026716,10:15,5.84099,-1.3005,26.80429,-35.30711,4.6665,-5.4978,1.53677,-0.43804,48.2489,-12.847595,0.71015,0.455049,,,,,,,,,,,,8.25733,7.56682,2.06634,50,5.8557,-3.99584,-74.9088,3.01239,4.70211,8.8635,-27.86515,FOR_RAM,,FordhamUniversity,,,20260928-FordhamUniversity-BP-1,150ff500-bb6e-11f1-93a8-090a75922668,82.83159,,,1.61301,,,,,,,3737a129-c7b8-45bf-aff7-ddc2ce9649b7,2026-09-28,18:55:14.38,2026-09-28T14:55:14.3870000-04:00,2026-09-28T18:55:14.3870000Z,,v3,471298,,,,,Undefined,FOR_RAM,6c9718bc-a27f-4ca5-8ebe-8d0625f7f080,33.70045,-72.95468,4.43175,5.84262,-3.13098,-13.93258,1.29966,-2.95918,2.35106,,,,,,,,,,,,,,,,,,,,,,,,,,,,,,,,,,,,,,,,,,,,,,,,,,,High,High,High,,,,,
322,2026-09-28,14:55:18.78,,,,,Undefined,FOR_RAM,"Wansaw, Michael",1000503198,Right,FOR_RAM,Undefined,1,Bottom,0,0,0,Undefined,Curveball,Undefined,Undefined,LineDrive,Undefined,0,0,,50.7851,-1.268696,2.603211,2094.619914,119.561415,10:00,5.82775,-1.28705,26.50397,-35.601,3.6741,-5.05445,2.13859,-0.22671,48.88934,-11.746694,1.118544,0.451056,93.41128,17.832762,4.053399,1257.790443,108.91964,30.10695,15.37811,287.47485,285.80616,14.255053,3.274113,7.5713,5.81729,2.09913,50,5.54438,-4.30238,-76.31842,4.39552,4.46876,9.32817,-28.74055,FOR_RAM,,FordhamUniversity,,,20260928-FordhamUniversity-BP-1,17b21720-bb6e-11f1-93a8-090a75922668,83.56496,34.71479,,1.89576,,,,1.28647,2.1373,0.24197,3737a129-c7b8-45bf-aff7-ddc2ce9649b7,2026-09-28,18:55:18.78,2026-09-28T14:55:18.7880000-04:00,2026-09-28T18:55:18.7880000Z,LineDrive,v3,471298,,,,,Undefined,FOR_RAM,553778f6-2358-4482-bfd0-f08179c43beb,34.00066,-74.33716,4.66408,5.8297,-1.70887,-14.37028,1.28612,-3.35323,2.23438,225.494527,1.28651,130.09348,-24.27657,5.34107,-1.03335,0.16478,-0.02039,0.00165,-5E-05,2.13724,41.95679,-13.38968,-0.43103,0.32779,-0.07966,0.01012,0.0001,-0.00011,0.24195,9.21861,8.99281,-3.25804,0.92306,-0.21075,0.03701,-0.00419,0.00022,,,,,,,,,,,,,,,,,,,,,,,High,High,High,High,High,,,
323,2026-09-28,14:55:23.37,,,,,Undefined,FOR_RAM,"Wansaw, Michael",1000503198,Right,FOR_RAM,Undefined,1,Bottom,0,0,0,Undefined,Slider,Undefined,Undefined,LineDrive,Undefined,0,0,,50.95184,-1.188993,1.857928,1010.915758,126.315357,10:15,5.95432,-1.21661,26.21074,-34.65392,4.71713,-5.45201,2.38374,-0.60441,49.378,-11.285859,0.270046,0.451606,89.07101,14.892827,22.145555,2624.842524,97.84769,22.7981,50.25757,254.51692,245.61658,33.36848,2.740398,7.73658,7.01654,1.81466,50,5.68278,-3.35942,-76.31237,4.22348,4.62892,8.10488,-27.97594,FOR_RAM,,FordhamUniversity,,,20260928-FordhamUniversity-BP-1,1a78b130-bb6e-11f1-93a8-090a75922668,83.46307,24.05375,,1.57385,,,,0.66237,2.30988,0.82406,3737a129-c7b8-45bf-aff7-ddc2ce9649b7,2026-09-28,18:55:23.37,2026-09-28T14:55:23.3790000-04:00,2026-09-28T18:55:23.3790000Z,LineDrive,v3,471298,,,,,Undefined,FOR_RAM,76519277-025d-499d-8adb-f71b14370b9f,34.29402,-74.62566,4.05244,5.95591,-1.59865,-13.98797,1.21577,-2.39608,2.31446,,0.6623,116.93925,-22.98244,4.85542,-0.9058,0.12153,-0.00779,-0.00061,0.00013,2.30998,33.56929,-13.01917,-0.10407,0.12578,0.00516,-0.01342,0.00405,-0.00041,0.82416,47.58474,3.8184,-1.90244,0.52935,-0.08164,0.00062,0.0023,-0.00029,,,,,,,,,,,,,,,,,,,,,,,High,High,High,Medium,Medium,,,
324,2026-09-28,14:55:35.67,,,,,Undefined,FOR_RAM,"Kaufman, Taylor",10314665,Right,FOR_RAM,Undefined,1,Bottom,0,0,0,Undefined,Slider,Undefined,Undefined,GroundBall,Undefined,0,0,,50.48165,0.08244,0.715236,1057.227758,112.010092,9:45,5.91424,-1.34516,27.33654,-35.26096,2.30343,-3.90469,3.02152,-1.27415,48.56439,-10.605144,-0.462103,0.441123,75.73005,-0.124065,11.234051,,,,,30.37336,28.38635,11.912782,0.263622,5.73473,3.80949,1.63104,50,5.15463,-1.6551,-76.0263,6.75492,3.36484,9.10236,-29.93884,FOR_RAM,,FordhamUniversity,,,20260928-FordhamUniversity-BP-1,21cbb130-bb6e-11f1-93a8-090a75922668,85.44659,1.94927,,1.91726,,,,1.66399,1.94927,0.59994,3737a129-c7b8-45bf-aff7-ddc2ce9649b7,2026-09-28,18:55:35.67,2026-09-28T14:55:35.6720000-04:00,2026-09-28T18:55:35.6720000Z,GroundBall,v3,471298,,,,,Undefined,FOR_RAM,0bc8a188-d6c9-4616-b9f8-c61fe588d213,33.16809,-73.98363,4.55118,5.91664,0.03633,-14.96942,1.34435,-0.9,1.68242,352.945108,1.66329,108.97702,-9.67178,,,,,,,1.95145,-0.35002,-26.78279,,,,,,,0.59962,21.6543,-0.54847,,,,,,,,,,,,,,,,,,,,,,,,,,,,,High,High,High,Low,Low,,,
325,2026-09-28,14:55:40.69,,,,,Undefined,FOR_RAM,"Kaufman, Taylor",10314665,Right,FOR_RAM,Undefined,1,Bottom,0,0,0,Undefined,Slider,Undefined,Undefined,LineDrive,Undefined,0,0,,51.08776,-0.903886,1.758723,1263.670655,136.040125,10:30,5.96689,-1.28193,26.45637,-32.76474,6.36654,-5.2802,2.7214,-0.71994,48.70617,-10.601235,0.210419,0.450229,82.4734,18.103914,31.330872,3644.059704,88.18421,26.97339,65.75294,229.1739,217.90065,41.757496,2.808956,7.61516,9.42693,1.85625,50,5.64156,-3.21397,-76.97767,4.34896,4.52823,10.35696,-26.56846,FOR_RAM,,FordhamUniversity,,,20260928-FordhamUniversity-BP-1,24c34650-bb6e-11f1-93a8-090a75922668,83.71835,27.59349,,2.38159,,,,-0.34337,2.3555,0.92034,3737a129-c7b8-45bf-aff7-ddc2ce9649b7,2026-09-28,18:55:40.69,2026-09-28T14:55:40.6920000-04:00,2026-09-28T18:55:40.6920000Z,LineDrive,v3,471298,,,,,Undefined,FOR_RAM,b37a770d-7592-445b-be3c-45e72e8ed3fb,34.04714,-74.80051,5.17848,5.96874,-1.23607,-13.28423,1.28069,-2.26208,2.26411,,-0.3434,98.21007,-22.96635,5.64037,-1.20068,0.22455,-0.03611,0.00414,-0.00022,2.35553,37.58336,-13.85151,-0.41102,0.33103,-0.09611,0.01756,-0.00152,4E-05,0.92035,59.78201,-2.43535,-0.08186,0.18133,-0.06324,0.01298,-0.00153,8E-05,,,,,,,,,,,,,,,,,,,,,,,High,High,High,Medium,Medium,,,
326,2026-09-28,14:55:45.96,,,,,Undefined,FOR_RAM,"Kaufman, Taylor",10314665,Right,FOR_RAM,Undefined,1,Bottom,0,0,0,Undefined,Slider,Undefined,Undefined,FlyBall,Undefined,0,0,,50.7148,-1.409892,2.847648,1242.987351,130.904353,10:15,6.09191,-1.30375,26.47631,-33.87876,5.68244,-5.57441,2.46501,-0.14603,48.6521,-11.393878,1.212762,0.452695,72.6833,36.600936,15.794748,4386.217473,,,,,66.38826,,,8.33268,8.61989,2.18983,50,5.88253,-4.69761,-76.23252,3.87337,4.89197,9.57687,-27.11346,FOR_RAM,,FordhamUniversity,,,20260928-FordhamUniversity-BP-1,27e769b0-bb6e-11f1-93a8-090a75922668,83.26224,44.36657,,2.06271,,,,0.99559,2.45376,0.15751,3737a129-c7b8-45bf-aff7-ddc2ce9649b7,2026-09-28,18:55:45.96,2026-09-28T14:55:45.9680000-04:00,2026-09-28T18:55:45.9680000Z,,v3,471298,,,,,Undefined,FOR_RAM,cfa0ff18-b53d-4c5b-9bd7-5efefdf721e5,34.02775,-74.19885,4.78844,6.09373,-1.88425,-13.55673,1.30258,-3.65879,2.44598,223.29927,0.99559,82.34957,-19.74667,4.76201,-0.91665,-0.11879,0.49539,-0.43815,0.14771,2.45376,63.56023,-19.8824,1.44264,-0.31479,0.41937,-0.64746,0.53259,-0.17712,0.15751,23.2945,5.13633,-1.68447,0.36823,0.19424,-0.47286,0.4068,-0.13651,,,,,,,,,,,,,,,,,,,,,,,High,High,High,High,Undefined,,,
327,2026-09-28,14:55:51.97,,,,,Undefined,FOR_RAM,"Kaufman, Taylor",10314665,Right,FOR_RAM,Undefined,1,Bottom,0,0,0,Undefined,Slider,Undefined,Undefined,GroundBall,Undefined,0,0,,50.42237,0.646302,1.703021,1116.927264,120.452705,10:00,5.89689,-1.37722,27.0912,-35.10632,3.26272,-4.22607,3.33249,-0.77801,48.26821,-9.945378,0.440115,0.445822,91.93293,-2.041425,14.299708,,,,,36.89431,33.92576,16.885552,0.284187,6.36717,4.97296,1.94754,50,5.01208,-2.99087,-75.92768,7.24769,3.71405,9.36428,-29.27327,FOR_RAM,,FordhamUniversity,,,20260928-FordhamUniversity-BP-1,2b7c7750-bb6e-11f1-93a8-090a75922668,84.54589,3.04095,,2.15416,,,,-0.28535,3.04095,0.73765,3737a129-c7b8-45bf-aff7-ddc2ce9649b7,2026-09-28,18:55:51.97,2026-09-28T14:55:51.9760000-04:00,2026-09-28T18:55:51.9760000Z,GroundBall,v3,471298,,,,,Undefined,FOR_RAM,6db96c89-4721-4a6a-a90d-c09dcd318957,33.413,-73.85365,4.68214,5.89933,0.76416,-14.63663,1.37621,-2.16827,1.85702,297.028996,-0.28332,130.4799,-18.51963,,,,,,,3.04353,-4.92331,-20.39171,,,,,,,0.73547,33.38432,6.13647,,,,,,,,,,,,,,,,,,,,,,,,,,,,,High,High,High,High,High,,,
328,2026-09-28,14:55:56.68,,,,,Undefined,FOR_RAM,"Caron, Michael",1000322224,Right,FOR_RAM,Undefined,1,Bottom,0,0,0,Undefined,Slider,Undefined,Undefined,LineDrive,Undefined,0,0,,50.4782,-2.221457,3.021963,1165.842035,127.611205,10:15,5.97335,-1.37099,26.44958,-35.52608,4.36126,-4.61433,1.74493,-0.03238,48.80989,-12.61157,1.66854,0.454558,84.33291,25.870702,-16.616161,1849.084328,105.97385,46.55197,-29.48764,292.27866,292.27866,-14.359849,4.273802,7.06878,6.94949,2.2904,50,5.95887,-4.75463,-75.73006,3.07425,4.12004,8.93238,-28.12353,FOR_RAM,,FordhamUniversity,,,20260928-FordhamUniversity-BP-1,2e4ef840-bb6e-11f1-93a8-090a75922668,82.92116,56.84871,,1.66831,,,,3.75273,2.2515,0.10243,3737a129-c7b8-45bf-aff7-ddc2ce9649b7,2026-09-28,18:55:56.68,2026-09-28T14:55:56.6840000-04:00,2026-09-28T18:55:56.6840000Z,LineDrive,v3,471298,,,,,Undefined,FOR_RAM,078bf56a-764b-47d0-81ef-d606ffb2067f,34.05513,-73.82541,4.46619,5.97504,-2.92253,-14.06176,1.37023,-3.87612,2.06002,183.407335,3.75258,106.64891,-20.13877,4.68447,-1.02615,0.23793,-0.04863,0.0063,-0.00035,2.25197,53.95876,-13.70266,-0.04583,0.28708,-0.14736,0.03957,-0.00516,0.00026,0.10262,-31.82982,6.76316,-1.4739,0.331,-0.08181,0.0177,-0.00235,0.00013,,,,,,,,,,,,,,,,,,,,,,,High,High,High,Medium,High,,,
329,2026-09-28,14:56:07.96,,,,,Undefined,FOR_RAM,"Markey, Tommy",10084492,Left,FOR_RAM,Undefined,1,Bottom,0,0,0,Undefined,Slider,Undefined,Undefined,LineDrive,Undefined,0,0,,48.99308,-0.939941,4.084309,1018.937269,113.378173,9:45,5.90202,-1.28047,25.95633,-40.12738,3.68626,-6.36882,2.01309,0.5547,47.1975,-12.532518,2.248163,0.476405,92.00302,18.614791,-11.793671,3062.422446,105.29353,31.37001,-31.83162,276.07387,274.19151,-24.265196,3.335734,9.48764,5.64583,2.47908,50,5.5102,-6.18516,-73.46799,4.94866,5.18535,8.70675,-29.08838,FOR_RAM,,FordhamUniversity,,,20260928-FordhamUniversity-BP-1,351548a0-bb6e-11f1-93a8-090a75922668,79.1185,35.70485,,1.79558,,,,1.16871,2.01309,-0.6201,3737a129-c7b8-45bf-aff7-ddc2ce9649b7,2026-09-28,18:56:07.96,2026-09-28T14:56:07.9640000-04:00,2026-09-28T18:56:07.9640000Z,LineDrive,v3,471298,,,,,Undefined,FOR_RAM,f8d9a045-0251-4b68-8272-dbc7bae24ae5,34.54825,-71.61338,4.35338,5.9044,-1.2474,-14.54419,1.27923,-5.08064,2.59268,132.282104,1.16878,125.17626,-27.02839,6.20644,-1.24531,0.20158,-0.02406,0.00166,-2E-05,2.01298,43.077,-13.75785,-0.3817,0.33529,-0.07078,0.00395,0.00169,-0.00026,-0.62007,-26.13821,-7.1681,3.22954,-1.00877,0.24506,-0.04479,0.00517,-0.00027,,,,,,,,,,,,,,,,,,,,,,,High,High,High,High,Medium,,,
330,2026-09-28,14:56:12.01,,,,,Undefined,FOR_RAM,"Markey, Tommy",10084492,Left,FOR_RAM,Undefined,1,Bottom,0,0,0,Undefined,Slider,Undefined,Undefined,Undefined,Undefined,0,0,,48.21768,-0.069251,3.477718,1079.59441,139.773738,10:45,6.13776,-1.13594,26.45242,-38.76195,5.25764,-3.61091,2.86807,0.54659,46.12388,-11.502599,2.420968,0.477523,,,,,,,,,,,,5.97855,7.51638,2.16562,50,5.46869,-4.97525,-72.59507,6.15101,3.16032,9.24734,-28.20083,FOR_RAM,,FordhamUniversity,,,20260928-FordhamUniversity-BP-1,3776df50-bb6e-11f1-93a8-090a75922668,78.93322,,,2.09379,,,,,,,3737a129-c7b8-45bf-aff7-ddc2ce9649b7,2026-09-28,18:56:12.01,2026-09-28T14:56:12.0190000-04:00,2026-09-28T18:56:12.0190000Z,,v3,471298,,,,,Undefined,FOR_RAM,2487a7b3-1c8e-4d8a-bb78-d87bbf425ec7,34.05228,-70.53437,4.62367,6.13919,-0.13335,-14.10041,1.13538,-4.271,1.58016,,,,,,,,,,,,,,,,,,,,,,,,,,,,,,,,,,,,,,,,,,,,,,,,,,,High,High,High,,,,,
331,2026-09-28,14:56:16.31,,,,,Undefined,FOR_RAM,"Markey, Tommy",10084492,Left,FOR_RAM,Undefined,1,Bottom,0,0,0,Undefined,Slider,Undefined,Undefined,Undefined,Undefined,0,0,,50.14063,-1.432826,4.647387,984.095841,118.095163,10:00,5.97267,-1.20452,26.43755,-36.99002,3.49992,-5.0689,2.07076,1.02738,48.49343,-12.249624,3.1665,0.457978,,,,,,,,,,,,7.985,5.76221,2.5819,50,5.72092,-6.90653,-75.02239,4.28753,4.58683,8.40508,-28.86407,FOR_RAM,,FordhamUniversity,,,20260928-FordhamUniversity-BP-1,3a068ae0-bb6e-11f1-93a8-090a75922668,82.30179,,,1.6472,,,,,,,3737a129-c7b8-45bf-aff7-ddc2ce9649b7,2026-09-28,18:56:16.31,2026-09-28T14:56:16.3140000-04:00,2026-09-28T18:56:16.3140000Z,,v3,471298,,,,,Undefined,FOR_RAM,2bb92da5-ecea-4ec9-b9d2-e3fee019dc3e,34.06655,-73.21554,4.20254,5.97567,-1.91741,-14.43203,1.20318,-5.9205,2.29341,,,,,,,,,,,,,,,,,,,,,,,,,,,,,,,,,,,,,,,,,,,,,,,,,,,High,High,High,,,,,
332,2026-09-28,14:56:20.56,,,,,Undefined,FOR_RAM,"Markey, Tommy",10084492,Left,FOR_RAM,Undefined,1,Bottom,0,0,0,Undefined,Slider,Undefined,Undefined,Undefined,Undefined,0,0,,49.82794,-1.744368,5.110307,1116.311284,107.97414,9:30,5.9119,-1.01264,26.64599,-38.97356,2.16768,-3.64146,1.67211,1.58531,47.67584,-13.221097,4.039345,0.461647,,,,,,,,,,,,6.51126,4.55225,2.51263,50,5.72329,-7.26368,-74.93782,4.127,3.64471,10.377,-29.62592,FOR_RAM,,FordhamUniversity,,,20260928-FordhamUniversity-BP-1,3ca68a20-bb6e-11f1-93a8-090a75922668,81.64773,,,2.1521,,,,,,,3737a129-c7b8-45bf-aff7-ddc2ce9649b7,2026-09-28,18:56:20.56,2026-09-28T14:56:20.5660000-04:00,2026-09-28T18:56:20.5660000Z,,v3,471298,,,,,Undefined,FOR_RAM,a7dfee3b-b2e4-4642-b4ee-360ffca8cdd6,33.8567,-72.668,5.1885,5.91729,-2.35323,-14.81296,1.011,-6.46645,1.82236,,,,,,,,,,,,,,,,,,,,,,,,,,,,,,,,,,,,,,,,,,,,,,,,,,,High,High,High,,,,,
333,2026-09-28,14:56:24.20,,,,,Undefined,FOR_RAM,"Markey, Tommy",10084492,Left,FOR_RAM,Undefined,1,Bottom,0,0,0,Undefined,Slider,Undefined,Undefined,FlyBall,Undefined,0,0,,51.60726,-1.713318,2.717497,1177.154233,135.08218,10:30,6.01461,-1.08098,26.28429,-32.63277,6.10776,-5.22985,2.31284,0.0403,49.38531,-11.282567,1.1925,0.447975,,,,,,,,,,,,7.78591,9.15788,1.91293,50,5.92702,-4.5277,-77.60481,3.17601,4.72245,10.20311,-26.61946,FOR_RAM,,FordhamUniversity,,,20260928-FordhamUniversity-BP-1,3eb03cd0-bb6e-11f1-93a8-090a75922668,84.13954,,,2.22196,,,,,,,3737a129-c7b8-45bf-aff7-ddc2ce9649b7,2026-09-28,18:56:24.20,2026-09-28T14:56:24.2040000-04:00,2026-09-28T18:56:24.2040000Z,,v3,471298,,,,,Undefined,FOR_RAM,ef8e7c3a-e9e9-4320-9683-c3e2762065eb,34.21982,-75.5016,5.10156,6.01616,-2.31115,-13.30973,1.07995,-3.55424,2.36123,,,,,,,,,,,,,,,,,,,,,,,,,,,,,,,,,,,,,,,,,,,,,,,,,,,High,High,High,,,,,
334,2026-09-28,14:56:29.22,,,,,Undefined,FOR_RAM,"Markey, Tommy",10084492,Left,FOR_RAM,Undefined,1,Bottom,0,0,0,Undefined,Slider,Undefined,Undefined,LineDrive,Undefined,0,0,,49.43464,-1.454742,3.137187,989.037437,128.70087,10:15,6.05096,-1.28097,26.31,-37.59955,4.39768,-4.40236,2.08396,0.14878,47.69992,-12.42894,1.852053,0.466425,90.96721,15.175126,3.814188,1541.625722,109.98525,24.05007,1.79646,271.50376,271.12087,-2.974944,2.873714,6.76559,6.81339,2.21841,50,5.80286,-4.75657,-74.20996,4.21966,3.7774,8.78041,-28.36996,FOR_RAM,,FordhamUniversity,,,20260928-FordhamUniversity-BP-1,41b78960-bb6e-11f1-93a8-090a75922668,80.81139,26.31459,,1.73472,,,,1.68751,2.15979,-0.13538,3737a129-c7b8-45bf-aff7-ddc2ce9649b7,2026-09-28,18:56:29.22,2026-09-28T14:56:29.2290000-04:00,2026-09-28T18:56:29.2290000Z,LineDrive,v3,471298,,,,,Undefined,FOR_RAM,63afe6d8-a4de-4518-9150-2b880c5d7464,34.19444,-72.31569,4.3902,6.05299,-1.90081,-14.18498,1.28014,-3.94164,1.8887,140.409721,1.68758,128.47829,-19.77093,4.16079,-0.79486,0.16431,-0.03908,0.00708,-0.00057,2.15956,34.93309,-12.57463,-0.20097,0.22345,-0.1412,0.06341,-0.01431,0.00128,-0.13523,8.56005,-8.66542,2.36918,-0.59241,0.17818,-0.05631,0.01147,-0.00099,,,,,,,,,,,,,,,,,,,,,,,High,High,High,High,Medium,,,
335,2026-09-28,14:56:34.44,,,,,Undefined,FOR_RAM,"Markey, Tommy",10084492,Left,FOR_RAM,Undefined,1,Bottom,0,0,0,Undefined,Slider,Undefined,Undefined,LineDrive,Undefined,0,0,,49.91451,-0.943299,2.745145,1046.499009,130.977491,10:15,6.13292,-1.24,26.30464,-36.29085,4.97591,-4.70788,2.56825,-0.06033,47.90987,-11.580596,1.371279,0.462351,92.40789,16.49044,4.613281,1241.086753,109.90889,27.65052,4.46513,282.56526,282.56526,-0.897821,3.126714,7.07178,7.47993,2.07239,50,5.76936,-4.3342,-75.03175,4.69258,4.02101,9.2974,-27.92097,FOR_RAM,,FordhamUniversity,,,20260928-FordhamUniversity-BP-1,44d34850-bb6e-11f1-93a8-090a75922668,81.52346,31.23189,,2.00463,,,,1.55461,2.60368,0.04927,3737a129-c7b8-45bf-aff7-ddc2ce9649b7,2026-09-28,18:56:34.44,2026-09-28T14:56:34.4400000-04:00,2026-09-28T18:56:34.4400000Z,LineDrive,v3,471298,,,,,Undefined,FOR_RAM,57ccc6aa-1d00-4155-b491-59ef792b035b,34.19945,-73.04762,4.6487,6.135,-1.26594,-13.96049,1.23901,-3.47609,2.01051,146.949636,1.55475,129.52907,-21.49223,4.44959,-0.72612,0.07096,0.00028,-0.00095,9E-05,2.6034,38.48553,-13.01603,0.09808,-0.16144,0.14774,-0.05148,0.00919,-0.00067,0.04948,10.44136,-7.88607,2.1942,-0.32559,-0.02605,0.0241,-0.00474,0.00034,,,,,,,,,,,,,,,,,,,,,,,High,High,High,High,Medium,,,
336,2026-09-28,14:56:42.92,,,,,Undefined,FOR_RAM,"Dean, Mason",1000150670,Left,FOR_RAM,Undefined,1,Bottom,0,0,0,Undefined,Slider,Undefined,Undefined,Undefined,Undefined,0,0,,49.98318,-1.559848,3.885131,1023.736758,130.421237,10:15,6.0459,-1.11673,25.86368,-36.92675,5.19532,-5.12272,2.06181,0.71283,48.3428,-12.182261,2.411948,0.467118,,,,,,,,,,,,7.61185,7.8515,2.23386,50,5.88043,-5.83266,-74.74557,3.68778,4.34731,8.2052,-27.68987,FOR_RAM,,FordhamUniversity,,,20260928-FordhamUniversity-BP-1,49e09e10-bb6e-11f1-93a8-090a75922668,80.69153,,,1.64038,,,,,,,3737a129-c7b8-45bf-aff7-ddc2ce9649b7,2026-09-28,18:56:42.92,2026-09-28T14:56:42.9270000-04:00,2026-09-28T18:56:42.9270000Z,,v3,471298,,,,,Undefined,FOR_RAM,4419084a-b5c0-4ab4-8abe-d988b30dd853,34.63982,-73.03995,4.1026,6.04877,-2.06815,-13.84493,1.11534,-4.92898,2.17366,,,,,,,,,,,,,,,,,,,,,,,,,,,,,,,,,,,,,,,,,,,,,,,,,,,High,High,High,,,,,
337,2026-09-28,14:56:46.92,,,,,Undefined,FOR_RAM,"Dean, Mason",1000150670,Left,FOR_RAM,Undefined,1,Bottom,0,0,0,Undefined,Slider,Undefined,Undefined,GroundBall,Undefined,0,0,,49.86367,-0.389259,3.180132,996.781976,138.274809,10:30,6.18239,-1.18902,26.59222,-33.26817,6.71902,-5.40949,3.18892,0.16577,48.43041,-10.209313,1.590422,0.455126,56.41411,-10.156436,18.451579,,,,,18.59723,12.40986,12.995793,0.179205,8.12323,9.65867,2.17987,50,5.66509,-5.05408,-74.48796,5.27938,4.67263,6.94864,-26.61819,FOR_RAM,,FordhamUniversity,,,20260928-FordhamUniversity-BP-1,4c46efb0-bb6e-11f1-93a8-090a75922668,82.81756,2.78765,,1.43326,,,,4.31594,2.78765,-0.56294,3737a129-c7b8-45bf-aff7-ddc2ce9649b7,2026-09-28,18:56:46.92,2026-09-28T14:56:46.9230000-04:00,2026-09-28T18:56:46.9230000Z,GroundBall,v3,471298,,,,,Undefined,FOR_RAM,41d653c6-1612-4c5f-9836-64d23e0be3b6,33.91264,-72.97181,3.47432,6.18339,-0.52853,-13.30909,1.18833,-4.03454,2.33632,202.570973,4.31602,77.25138,-1.21528,,,,,,,2.7877,-14.59411,-5.36908,,,,,,,-0.56291,25.77516,3.92288,,,,,,,,,,,,,,,,,,,,,,,,,,,,,High,High,High,Low,Low,,,
338,2026-09-28,14:57:02.81,,,,,Undefined,FOR_RAM,"Dean, Mason",1000150670,Left,FOR_RAM,Undefined,1,Bottom,0,0,0,Undefined,Slider,Undefined,Undefined,GroundBall,Undefined,0,0,,48.68834,-1.700002,2.192341,1291.626001,140.097771,10:45,6.24074,-0.95477,26.46825,-36.58545,5.66485,-4.15138,2.22307,-0.0519,47.62694,-12.379295,0.973719,0.467828,97.16403,3.705644,23.124904,1057.274875,,,,83.58436,82.4453,24.222067,0.61631,6.12681,8.51182,1.63816,50,6.04589,-3.45801,-72.75167,3.93445,3.36088,6.65299,-27.50488,FOR_RAM,,FordhamUniversity,,,20260928-FordhamUniversity-BP-1,55bccfb0-bb6e-11f1-93a8-090a75922668,80.56899,2.87599,,1.0614,,,,1.80285,1.84716,0.14958,3737a129-c7b8-45bf-aff7-ddc2ce9649b7,2026-09-28,18:57:02.81,2026-09-28T14:57:02.8110000-04:00,2026-09-28T18:57:02.8110000Z,GroundBall,v3,471298,,,,,Undefined,FOR_RAM,f5ad83a5-bae1-4615-b95e-d646f0152b22,34.03642,-71.27689,3.3265,6.24227,-2.16263,-13.75244,0.95419,-2.71299,1.68044,,1.82428,130.31482,-15.61985,,,,,,,1.86735,8.77008,-19.19632,,,,,,,0.14436,55.96577,-0.89332,,,,,,,,,,,,,,,,,,,,,,,,,,,,,High,High,High,Medium,High,,,
339,2026-09-28,14:57:16.95,,,,,Undefined,FOR_RAM,"Wansaw, Michael",1000503198,Right,FOR_RAM,Undefined,1,Bottom,0,0,0,Undefined,Slider,Undefined,Undefined,LineDrive,Undefined,0,0,,50.25003,-0.907583,2.113369,1070.282949,144.663225,10:45,6.03821,-1.24401,26.61953,-33.37029,6.33847,-3.93264,2.74262,-0.37352,48.35907,-10.79243,0.954595,0.453539,87.57488,19.056617,-0.121557,1062.887808,109.95143,33.25659,3.2532,299.42947,284.29377,5.245928,3.542103,5.92555,9.40205,1.90615,50,5.67741,-3.43668,-75.47033,4.56545,3.43375,8.77841,-26.72573,FOR_RAM,,FordhamUniversity,,,20260928-FordhamUniversity-BP-1,5e1e5980-bb6e-11f1-93a8-090a75922668,83.10742,38.86655,,1.89096,,,,2.07954,2.91144,0.39239,3737a129-c7b8-45bf-aff7-ddc2ce9649b7,2026-09-28,18:57:16.95,2026-09-28T14:57:16.9570000-04:00,2026-09-28T18:57:16.9570000Z,LineDrive,v3,471298,,,,,Undefined,FOR_RAM,6eb234cd-1366-470e-92ef-17495f3693cc,33.88451,-73.57196,4.3892,6.03978,-1.2141,-13.36286,1.24324,-2.69412,1.71688,197.261153,2.07943,121.40893,-20.37877,4.73711,-0.91831,0.15106,-0.01915,0.00142,-2E-05,2.9116,41.92797,-11.66724,-0.71164,0.30538,-0.04695,-0.00339,0.00275,-0.00032,0.39238,-0.25699,3.43911,-0.57804,0.10304,-0.01501,0.00121,0.00015,-3E-05,,,,,,,,,,,,,,,,,,,,,,,High,High,High,High,High,,,
340,2026-09-28,14:57:21.36,,,,,Undefined,FOR_RAM,"Wansaw, Michael",1000503198,Right,FOR_RAM,Undefined,1,Bottom,0,0,0,Undefined,Slider,Undefined,Undefined,Undefined,Undefined,0,0,,50.03516,-2.220466,2.785327,1082.980205,122.044065,10:00,6.03349,-1.24769,26.27445,-36.77852,4.66898,-5.89551,1.69474,-0.14248,47.94268,-12.952967,1.063932,0.463362,,,,,,,,,,,,8.7526,7.45626,2.10786,50,6.02237,-4.58363,-75.35648,3.02832,4.9686,10.249,-27.94135,FOR_RAM,,FordhamUniversity,,,20260928-FordhamUniversity-BP-1,60b976c0-bb6e-11f1-93a8-090a75922668,81.34549,,,2.09248,,,,,,,3737a129-c7b8-45bf-aff7-ddc2ce9649b7,2026-09-28,18:57:21.36,2026-09-28T14:57:21.3600000-04:00,2026-09-28T18:57:21.3600000Z,,v3,471298,,,,,Undefined,FOR_RAM,d5542cca-20b4-41b0-849f-cc154ea53285,34.22986,-73.18021,5.1245,6.03548,-2.90475,-13.97067,1.24658,-3.52859,2.4843,,,,,,,,,,,,,,,,,,,,,,,,,,,,,,,,,,,,,,,,,,,,,,,,,,,High,High,High,,,,,
341,2026-09-28,14:57:26.97,,,,,Undefined,FOR_RAM,"Wansaw, Michael",1000503198,Right,FOR_RAM,Undefined,1,Bottom,0,0,0,Undefined,Slider,Undefined,Undefined,GroundBall,Undefined,0,0,,50.50614,-0.256706,1.033351,1058.18153,129.604344,10:15,5.87136,-1.38429,26.30676,-35.064,5.16607,-5.20445,2.80245,-1.22668,48.33125,-10.576121,-0.486149,0.456506,85.24381,-19.509984,3.47518,,,,,10.21581,9.85563,9.652048,0.06942,7.2365,7.52575,1.7515,50,5.33892,-2.19265,-76.0162,5.46359,4.22049,9.60208,-27.78487,FOR_RAM,,FordhamUniversity,,,20260928-FordhamUniversity-BP-1,641b6670-bb6e-11f1-93a8-090a75922668,82.56717,2.9065,,2.17489,,,,1.88312,2.9065,1.21558,3737a129-c7b8-45bf-aff7-ddc2ce9649b7,2026-09-28,18:57:26.97,2026-09-28T14:57:26.9740000-04:00,2026-09-28T18:57:26.9740000Z,GroundBall,v3,471298,,,,,Undefined,FOR_RAM,01b5547c-3545-4fc1-9d16-3202be71bdfe,34.19723,-73.99313,4.80104,5.87336,-0.39042,-13.89244,1.3832,-1.30343,2.11024,180,1.87953,117.95034,,,,,,,,2.90778,-41.86853,,,,,,,,1.21536,7.16287,,,,,,,,,,,,,,,,,,,,,,,,,,,,,,High,High,High,Low,Low,,,
342,2026-09-28,14:57:32.61,,,,,Undefined,FOR_RAM,"Wansaw, Michael",1000503198,Right,FOR_RAM,Undefined,1,Bottom,0,0,0,Undefined,Slider,Undefined,Undefined,GroundBall,Undefined,0,0,,50.59747,-1.06939,2.270702,1095.04078,114.915814,9:45,5.83584,-1.50846,26.78364,-35.6101,3.10662,-5.0876,2.26482,-0.65144,48.88199,-11.632213,0.762774,0.447838,,,,,,,,,,,,7.62804,5.00835,2.24525,50,5.46272,-3.8873,-75.99985,4.89827,4.48878,8.7804,-29.22685,FOR_RAM,,FordhamUniversity,,,20260928-FordhamUniversity-BP-1,677f51f0-bb6e-11f1-93a8-090a75922668,84.16539,,,1.71548,,,,,,,3737a129-c7b8-45bf-aff7-ddc2ce9649b7,2026-09-28,18:57:32.61,2026-09-28T14:57:32.6170000-04:00,2026-09-28T18:57:32.6170000Z,,v3,471298,,,,,Undefined,FOR_RAM,57527283-a4e7-4a4a-a021-e942f36edf18,33.72132,-74.09528,4.3902,5.83764,-1.44137,-14.61343,1.50764,-2.91363,2.24439,,,,,,,,,,,,,,,,,,,,,,,,,,,,,,,,,,,,,,,,,,,,,,,,,,,High,High,High,,,,,
343,2026-09-28,14:57:50.70,,,,,Undefined,FOR_RAM,"Wansaw, Michael",1000503198,Right,FOR_RAM,Undefined,1,Bottom,0,0,0,Undefined,Slider,Undefined,Undefined,LineDrive,Undefined,0,0,,50.27533,-0.328502,1.386921,1083.128176,133.083493,10:30,6.13793,-1.16923,26.52132,-35.05014,4.9863,-4.43256,3.0303,-0.75009,48.17642,-10.702741,0.08395,0.455406,88.29968,17.052065,9.02683,1537.255796,107.22736,26.92877,24.54161,267.43622,263.54264,17.589891,3.013151,6.37485,7.41705,1.62995,50,5.60205,-2.54748,-75.6585,5.49877,3.68819,9.39191,-27.8829,FOR_RAM,,FordhamUniversity,,,20260928-FordhamUniversity-BP-1,723fb350-bb6e-11f1-93a8-090a75922668,82.76661,28.89539,,2.09891,,,,0.87237,2.98609,0.76407,3737a129-c7b8-45bf-aff7-ddc2ce9649b7,2026-09-28,18:57:50.70,2026-09-28T14:57:50.7070000-04:00,2026-09-28T18:57:50.7070000Z,LineDrive,v3,471298,,,,,Undefined,FOR_RAM,c6be7283-77c8-4e08-a9fd-2ace6dfd8952,33.98257,-73.64333,4.69595,6.14006,-0.4839,-13.94145,1.16825,-1.75613,1.84409,229.998152,0.87236,122.27907,-20.04818,3.99391,-0.74381,0.09749,-0.0036,-0.00171,0.0003,2.98607,37.9776,-14.61045,0.44371,0.0426,0.0126,-0.01454,0.00509,-0.00061,0.76406,19.42625,6.00803,-2.46763,0.72345,-0.16248,0.02858,-0.00323,0.00016,,,,,,,,,,,,,,,,,,,,,,,High,High,High,High,High,,,
344,2026-09-28,14:57:57.28,,,,,Undefined,FOR_RAM,"Wansaw, Michael",1000503198,Right,FOR_RAM,Undefined,1,Bottom,0,0,0,Undefined,Curveball,Undefined,Undefined,Undefined,Undefined,0,0,,48.74453,-4.72163,1.568904,2096.733374,125.680981,10:15,5.25995,-1.13883,,-16.27883,2.29957,-2.79303,2.11713,-0.77946,47.5168,-11.862564,0.330493,0.310224,,,,,,,,,,,,8.98756,8.733,2.19856,50,5.58246,-3.80204,-74.8141,4.16423,5.04767,9.7912,-27.26934,FOR_RAM,,FordhamUniversity,,,20260928-FordhamUniversity-BP-1,761636c0-bb6e-11f1-93a8-090a75922668,121.50065,,,1.22773,,,,,,,3737a129-c7b8-45bf-aff7-ddc2ce9649b7,2026-09-28,18:57:57.28,2026-09-28T14:57:57.2840000-04:00,2026-09-28T18:57:57.2840000Z,,v3,471298,,,,,Undefined,FOR_RAM,31516b87-65b4-4cde-87dd-42ed4a39d76d,23.03465,-71.19763,4.8956,5.26043,-5.90794,-13.63467,1.13856,-1.93764,2.52384,,,,,,,,,,,,,,,,,,,,,,,,,,,,,,,,,,,,,,,,,,,,,,,,,,,High,High,High,,,,,
345,2026-09-28,14:58:01.98,,,,,Undefined,FOR_RAM,"Wansaw, Michael",1000503198,Right,FOR_RAM,Undefined,1,Bottom,0,0,0,Undefined,Slider,Undefined,Undefined,Undefined,Undefined,0,0,,49.39457,-1.452114,2.114391,1062.245693,138.021667,10:30,6.15222,-1.34255,26.16804,-35.96663,6.66244,-5.11768,2.31989,-0.55356,47.30975,-11.954414,0.625539,0.46992,,,,,,,,,,,,7.42248,9.83201,1.9998,50,5.948,-3.52142,-74.34714,3.81818,4.12049,9.59454,-26.71593,FOR_RAM,,FordhamUniversity,,,20260928-FordhamUniversity-BP-1,7903b9c0-bb6e-11f1-93a8-090a75922668,80.21026,,,2.08482,,,,,,,3737a129-c7b8-45bf-aff7-ddc2ce9649b7,2026-09-28,18:58:01.98,2026-09-28T14:58:01.9830000-04:00,2026-09-28T18:58:01.9830000Z,,v3,471298,,,,,Undefined,FOR_RAM,70ddf0db-90aa-4066-ad29-efd0d4e2f14f,34.33578,-72.29741,4.79727,6.15404,-1.88928,-13.35796,1.34153,-2.64114,2.06024,,,,,,,,,,,,,,,,,,,,,,,,,,,,,,,,,,,,,,,,,,,,,,,,,,,High,High,High,,,,,
346,2026-09-28,14:58:07.46,,,,,Undefined,FOR_RAM,"Wansaw, Michael",1000503198,Right,FOR_RAM,Undefined,1,Bottom,0,0,0,Undefined,Slider,Undefined,Undefined,Undefined,Undefined,0,0,,50.0955,-1.438486,3.103284,1090.769552,124.983996,10:15,5.67187,-1.42391,26.70916,-35.18222,4.75788,-5.59091,1.9257,-0.13429,48.18252,-11.858663,1.451966,0.454858,79.66528,31.562032,37.505018,3960.606414,77.95725,54.56048,77.60554,287.74234,202.18537,55.774538,4.335666,8.57083,7.3967,2.4004,50,5.42274,-5.01767,-75.31499,4.19575,4.91463,9.29143,-27.93269,FOR_RAM,,FordhamUniversity,,,20260928-FordhamUniversity-BP-1,7c3fd1f0-bb6e-11f1-93a8-090a75922668,82.86635,61.79798,,1.91298,,,,0.7665,1.84157,0.39573,3737a129-c7b8-45bf-aff7-ddc2ce9649b7,2026-09-28,18:58:07.46,2026-09-28T14:58:07.4600000-04:00,2026-09-28T18:58:07.4600000Z,FlyBall,v3,471298,,,,,Undefined,FOR_RAM,1ef6b69a-20de-4739-82a2-f96bdb63c185,33.79548,-73.28861,4.64572,5.6735,-1.89611,-13.96635,1.42297,-3.94583,2.45731,,0.76706,78.96904,-20.36858,4.90598,-1.0364,0.20005,-0.0389,0.00586,-0.00039,1.84232,61.13443,-16.58818,0.20062,0.40722,-0.23138,0.07054,-0.01068,0.00063,0.39587,60.6106,-0.84587,-0.7023,0.33179,-0.09003,0.01579,-0.00149,5E-05,,,,,,,,,,,,,,,,,,,,,,,High,High,High,Medium,Medium,,,
347,2026-09-28,14:58:12.64,,,,,Undefined,FOR_RAM,"Wansaw, Michael",1000503198,Right,FOR_RAM,Undefined,1,Bottom,0,0,0,Undefined,Slider,Undefined,Undefined,GroundBall,Undefined,0,0,,50.37592,-2.854183,4.139301,1126.804137,125.298463,10:15,5.91071,-1.4609,26.27952,-36.65404,3.65205,-4.13933,1.21615,0.56863,49.19165,-13.440327,2.93311,0.456938,34.14499,-30.131057,-160.161495,,,,,3.30373,3.30373,-30.809051,0.09419,6.57307,5.89835,2.67252,50,6.05509,-6.12169,-75.213,2.37245,3.82519,7.76148,-28.74152,FOR_RAM,,FordhamUniversity,,,20260928-FordhamUniversity-BP-1,7f5d1780-bb6e-11f1-93a8-090a75922668,82.48927,2.40296,,1.18428,,,,,,,3737a129-c7b8-45bf-aff7-ddc2ce9649b7,2026-09-28,18:58:12.64,2026-09-28T14:58:12.6470000-04:00,2026-09-28T18:58:12.6470000Z,GroundBall,v3,471298,,,,,Undefined,FOR_RAM,51825cb3-b22f-4c10-a116-38621b9d11e1,34.22582,-73.5672,3.88074,5.912,-3.7221,-14.37076,1.46044,-5.31057,1.9126,,6.74113,-41.34681,,,,,,,,2.40862,-25.51192,,,,,,,,-0.28374,-14.91716,,,,,,,,,,,,,,,,,,,,,,,,,,,,,,High,High,High,Estimated,Estimated,,,
348,2026-09-28,14:58:23.97,,,,,Undefined,FOR_RAM,"Kaufman, Taylor",10314665,Right,FOR_RAM,Undefined,1,Bottom,0,0,0,Undefined,Slider,Undefined,Undefined,Undefined,Undefined,0,0,,50.85789,-0.02749,0.611842,1086.762219,128.585171,10:15,5.81131,-1.29956,26.2339,-35.5551,3.86752,-3.96925,2.83262,-1.27946,49.16015,-10.429785,-0.544727,0.451902,,,,,,,,,,,,5.45457,5.62166,1.53181,50,5.20438,-1.45586,-76.23786,5.92398,3.2551,8.14665,-28.81925,FOR_RAM,,FordhamUniversity,,,20260928-FordhamUniversity-BP-1,8612c610-bb6e-11f1-93a8-090a75922668,83.40846,,,1.69775,,,,,,,3737a129-c7b8-45bf-aff7-ddc2ce9649b7,2026-09-28,18:58:23.97,2026-09-28T14:58:23.9750000-04:00,2026-09-28T18:58:23.9750000Z,,v3,471298,,,,,Undefined,FOR_RAM,8aa3eab8-20db-474c-b9a9-9883142e180d,34.27079,-74.53811,4.07332,5.8131,-0.08896,-14.40962,1.29891,-0.7767,1.62755,,,,,,,,,,,,,,,,,,,,,,,,,,,,,,,,,,,,,,,,,,,,,,,,,,,High,High,High,,,,,
349,2026-09-28,14:58:28.03,,,,,Undefined,FOR_RAM,"Kaufman, Taylor",10314665,Right,FOR_RAM,Undefined,1,Bottom,0,0,0,Undefined,Slider,Undefined,Undefined,GroundBall,Undefined,0,0,,51.0309,-0.472742,1.039584,1138.73458,125.683619,10:15,5.94182,-1.27134,26.10922,-35.35809,4.11918,-4.74689,2.72315,-1.06844,49.35745,-10.767096,-0.33869,0.452215,,,,,,,,,,,,6.55363,6.02221,1.62962,50,5.47384,-2.14613,-76.47775,5.22279,3.93458,8.22136,-28.5585,FOR_RAM,,FordhamUniversity,,,20260928-FordhamUniversity-BP-1,887ce840-bb6e-11f1-93a8-090a75922668,83.3507,,,1.67345,,,,,,,3737a129-c7b8-45bf-aff7-ddc2ce9649b7,2026-09-28,18:58:28.03,2026-09-28T14:58:28.0390000-04:00,2026-09-28T18:58:28.0390000Z,,v3,471298,,,,,Undefined,FOR_RAM,991c1d44-00e9-4270-8d30-d367273e0141,34.39549,-74.78145,4.11068,5.94356,-0.66964,-14.27925,1.27056,-1.33431,1.96729,,,,,,,,,,,,,,,,,,,,,,,,,,,,,,,,,,,,,,,,,,,,,,,,,,,High,High,High,,,,,
350,2026-09-28,14:58:33.78,,,,,Undefined,FOR_RAM,"Kaufman, Taylor",10314665,Right,FOR_RAM,Undefined,1,Bottom,0,0,0,Undefined,Slider,Undefined,Undefined,LineDrive,Undefined,0,0,,51.34068,-2.062162,1.319968,1136.978832,141.878541,10:45,5.96199,-1.27133,26.3087,-33.04388,5.69764,-3.87355,2.02768,-0.83879,49.59688,-11.71414,0.18759,0.447981,82.7904,24.6881,19.594389,3878.096173,99.01659,41.45837,47.91345,266.62855,260.51933,33.981911,3.675188,5.54855,8.63386,1.69893,50,5.95441,-2.41059,-77.03268,2.84211,3.35655,8.96403,-26.95109,FOR_RAM,,FordhamUniversity,,,20260928-FordhamUniversity-BP-1,8be73c60-bb6e-11f1-93a8-090a75922668,84.13847,45.86977,,1.7438,,,,0.33703,1.93856,0.88247,3737a129-c7b8-45bf-aff7-ddc2ce9649b7,2026-09-28,18:58:33.78,2026-09-28T14:58:33.7840000-04:00,2026-09-28T18:58:33.7840000Z,LineDrive,v3,471298,,,,,Undefined,FOR_RAM,83543c5b-d854-48a2-8a1a-8508c6141230,34.19572,-75.17109,4.48201,5.96346,-2.7549,-13.47555,1.2707,-1.71353,1.67827,222.699774,0.33673,103.94561,-23.21682,5.44118,-1.01587,0.13754,-0.01141,0.00019,5E-05,1.93895,50.70687,-14.96696,0.11392,-0.00531,0.06584,-0.03142,0.0067,-0.00055,0.88269,36.99321,3.15163,-1.36697,0.34475,-0.04707,0.00088,0.00071,-7E-05,,,,,,,,,,,,,,,,,,,,,,,High,High,High,High,High,,,
351,2026-09-28,14:58:40.43,,,,,Undefined,FOR_RAM,"Kaufman, Taylor",10314665,Right,FOR_RAM,Undefined,1,Bottom,0,0,0,Undefined,Slider,Undefined,Undefined,LineDrive,Undefined,0,0,,51.45704,-2.854357,2.29067,1196.585769,127.173232,10:15,6.03269,-1.29193,26.17553,-33.07388,6.27209,-7.06996,1.63415,-0.5645,49.31562,-12.480405,0.23222,0.451462,85.026,10.979621,-0.036785,1161.56803,109.5691,7.4564,9.72618,148.93371,148.93371,6.637859,1.471112,10.12024,9.65319,2.02975,50,6.25909,-4.2239,-77.40599,1.61091,6.08454,10.47911,-26.3703,FOR_RAM,,FordhamUniversity,,,20260928-FordhamUniversity-BP-1,8fd7fe90-bb6e-11f1-93a8-090a75922668,83.48966,9.29622,,2.14142,,,,0.61802,1.4303,0.55749,3737a129-c7b8-45bf-aff7-ddc2ce9649b7,2026-09-28,18:58:40.43,2026-09-28T14:58:40.4300000-04:00,2026-09-28T18:58:40.4300000Z,LineDrive,v3,471298,,,,,Undefined,FOR_RAM,8e9817a5-d05d-459e-b1f2-2c2812b41c33,34.32892,-75.25457,5.23955,6.03406,-3.80307,-13.18515,1.29079,-2.97471,3.04227,266.737015,0.61802,122.42185,-18.76615,3.07067,-0.46393,0.03162,0.00306,-0.0015,0.0002,1.4303,23.75122,-19.02516,1.8231,-0.27248,0.04715,-0.00614,0.001,-0.00013,0.55749,-0.07859,12.14508,-4.34367,1.2579,-0.30543,0.06724,-0.01159,0.00105,,,,,,,,,,,,,,,,,,,,,,,High,High,High,High,High,,,
352,2026-09-28,14:58:46.76,,,,,Undefined,FOR_RAM,"Kaufman, Taylor",10314665,Right,FOR_RAM,Undefined,1,Bottom,0,0,0,Undefined,Slider,Undefined,Undefined,LineDrive,Undefined,0,0,,51.25315,-0.534932,1.337311,1115.202405,143.860061,10:45,5.97691,-1.14221,26.58178,-33.12466,5.11516,-3.18114,2.91292,-0.64842,49.24047,-10.350762,0.400807,0.445071,94.97545,11.477601,2.228573,904.93448,109.37163,15.47812,11.73527,223.38361,223.38361,9.689238,2.064436,4.6765,7.6193,1.57121,50,5.52215,-2.3306,-77.02686,5.07479,2.82078,9.2111,-27.57821,FOR_RAM,,FordhamUniversity,,,20260928-FordhamUniversity-BP-1,93a9c710-bb6e-11f1-93a8-090a75922668,84.68857,15.51239,,2.01268,,,,0.38549,2.76226,0.65398,3737a129-c7b8-45bf-aff7-ddc2ce9649b7,2026-09-28,18:58:46.76,2026-09-28T14:58:46.7680000-04:00,2026-09-28T18:58:46.7680000Z,LineDrive,v3,471298,,,,,Undefined,FOR_RAM,516db0d3-187c-4228-af83-5331c4174ab3,33.92228,-75.07963,4.60555,5.97872,-0.75527,-13.7891,1.14155,-1.73429,1.41039,250.732048,0.38549,136.40827,-18.38352,2.60838,-0.43336,0.04675,-0.00402,0.00024,-1E-05,2.76226,27.71801,-16.04985,1.18893,-0.16058,0.02884,-0.00294,0.00016,-2E-05,0.65398,5.30844,10.13128,-3.11013,0.83265,-0.18698,0.03552,-0.00507,0.00035,,,,,,,,,,,,,,,,,,,,,,,High,High,High,High,High,,,
353,2026-09-28,14:58:52.86,,,,,Undefined,FOR_RAM,"Kaufman, Taylor",10314665,Right,FOR_RAM,Undefined,1,Bottom,0,0,0,Undefined,Slider,Undefined,Undefined,Undefined,Undefined,0,0,,52.9466,-3.138799,4.367891,1313.636034,134.77701,10:30,5.68085,-1.36646,26.97207,-26.86592,8.65296,-7.87032,1.67566,0.4309,50.47538,-11.189099,2.031279,0.428944,,,,,,,,,,,,12.32154,13.46091,2.76741,50,6.05908,-7.49936,-79.58128,0.6834,7.82601,11.1275,-23.62438,FOR_RAM,,FordhamUniversity,,,20260928-FordhamUniversity-BP-1,97464ec0-bb6e-11f1-93a8-090a75922668,87.87256,,,2.47123,,,,,,,3737a129-c7b8-45bf-aff7-ddc2ce9649b7,2026-09-28,18:58:52.86,2026-09-28T14:58:52.8660000-04:00,2026-09-28T18:58:52.8660000Z,,v3,471298,,,,,Undefined,FOR_RAM,0aa3c222-672e-43b8-9847-cfddfdb8ed71,33.53226,-77.24436,5.56375,5.68162,-4.27803,-11.81219,1.36503,-5.85579,3.913,,,,,,,,,,,,,,,,,,,,,,,,,,,,,,,,,,,,,,,,,,,,,,,,,,,High,High,High,,,,,
354,2026-09-28,14:59:13.12,,,,,Undefined,FOR_RAM,"Markey, Tommy",10084492,Left,FOR_RAM,Undefined,1,Bottom,0,0,0,Undefined,Slider,Undefined,Undefined,FlyBall,Undefined,0,0,,48.85608,-0.818102,2.526923,1162.279104,127.275745,10:15,6.01336,-1.29441,25.88877,-38.29813,5.99142,-6.55752,2.34729,-0.37565,46.81181,-11.91221,0.636161,0.478985,80.85469,41.671695,14.593964,,107.94105,83.22983,21.18281,272.97415,146.48714,7.654133,5.174156,9.2739,8.67067,2.06821,50,5.62763,-4.18679,-73.45658,4.74292,5.03643,9.19377,-27.46522,FOR_RAM,,FordhamUniversity,,,20260928-FordhamUniversity-BP-1,a36f67e0-bb6e-11f1-93a8-090a75922668,78.69228,94.75209,,2.04427,,,,1.99372,2.46587,0.35939,3737a129-c7b8-45bf-aff7-ddc2ce9649b7,2026-09-28,18:59:13.12,2026-09-28T14:59:13.1200000-04:00,2026-09-28T18:59:13.1200000Z,FlyBall,v3,471298,,,,,Undefined,FOR_RAM,0c17d068-fd6a-4276-9f00-40ec500026a6,34.61497,-71.50508,4.59689,6.01564,-1.08694,-13.73261,1.29297,-3.11774,2.51822,160.464772,1.99712,85.65074,-15.87204,3.29858,-0.26927,-0.07681,0.02735,-0.0033,0.00014,2.464,78.87578,-19.08415,1.3882,-0.27333,0.02925,0.00573,-0.0018,0.00012,0.36104,22.28205,-8.29793,1.97412,-0.17942,-0.04941,0.01917,-0.00248,0.00012,,,,,,,,,,,,,,,,,,,,,,,High,High,High,High,Low,,,
355,2026-09-28,14:59:17.85,,,,,Undefined,FOR_RAM,"Markey, Tommy",10084492,Left,FOR_RAM,Undefined,1,Bottom,0,0,0,Undefined,Slider,Undefined,Undefined,GroundBall,Undefined,0,0,,48.52891,0.600866,2.651999,1037.74193,130.20134,10:15,6.0289,-1.30168,26.13217,-38.64679,5.51504,-5.3874,3.15435,-0.22407,46.38891,-10.718304,1.08985,0.478294,85.44757,1.876754,31.552186,1759.804457,,,,69.31676,65.39488,30.940354,0.57226,7.87752,7.70764,2.10752,50,5.2221,-4.17657,-72.95836,6.7699,4.22883,8.90779,-28.03641,FOR_RAM,,FordhamUniversity,,,20260928-FordhamUniversity-BP-1,a63e3f50-bb6e-11f1-93a8-090a75922668,78.806,3.57947,,2.14,,,,2.33599,3.34747,0.40248,3737a129-c7b8-45bf-aff7-ddc2ce9649b7,2026-09-28,18:59:17.85,2026-09-28T14:59:17.8590000-04:00,2026-09-28T18:59:17.8590000Z,GroundBall,v3,471298,,,,,Undefined,FOR_RAM,940d2a88-e1ba-47ae-abc3-e698ae4ffaac,34.37168,-71.02461,4.4539,6.03113,0.6836,-14.01821,1.30049,-3.25856,2.11442,,2.34987,106.41185,-11.6187,,,,,,,3.36011,3.80796,-16.95151,,,,,,,0.41007,65.36475,-6.66877,,,,,,,,,,,,,,,,,,,,,,,,,,,,,High,High,High,High,High,,,
356,2026-09-28,14:59:22.93,,,,,Undefined,FOR_RAM,"Markey, Tommy",10084492,Left,FOR_RAM,Undefined,1,Bottom,0,0,0,Undefined,Slider,Undefined,Undefined,LineDrive,Undefined,0,0,,50.49705,-0.696658,1.768692,1067.353059,126.485298,10:15,6.20582,-1.08483,25.93956,-35.8675,5.57965,-6.22343,2.81358,-0.5798,48.08654,-11.141952,-0.02905,0.46336,89.59818,25.643394,17.353233,1825.075322,105.1946,47.16739,32.1572,327.57468,325.8067,14.91013,4.482973,8.65284,8.09902,1.65116,50,5.82451,-3.27448,-76.08537,4.69158,5.00946,10.41371,-27.48521,FOR_RAM,,FordhamUniversity,,,20260928-FordhamUniversity-BP-1,a93bc7e0-bb6e-11f1-93a8-090a75922668,81.34588,60.82252,,2.41051,,,,1.96212,2.97094,0.60234,3737a129-c7b8-45bf-aff7-ddc2ce9649b7,2026-09-28,18:59:22.93,2026-09-28T14:59:22.9300000-04:00,2026-09-28T18:59:22.9300000Z,LineDrive,v3,471298,,,,,Undefined,FOR_RAM,fafbbe6b-72f6-4d4a-984e-58ba42524614,34.56408,-73.9425,5.20685,6.20802,-0.96416,-13.7426,1.08341,-2.24366,2.50473,176.671108,1.96174,113.08437,-19.28594,4.28752,-0.96804,0.21867,-0.04102,0.00493,-0.00026,2.97179,56.8495,-15.25126,0.63393,0.08702,-0.08838,0.02823,-0.00412,0.00023,0.60196,35.34376,-6.5757,1.26705,-0.30815,0.08617,-0.01991,0.00267,-0.00015,,,,,,,,,,,,,,,,,,,,,,,High,High,High,High,High,,,
357,2026-09-28,14:59:27.41,,,,,Undefined,FOR_RAM,"Markey, Tommy",10084492,Left,FOR_RAM,Undefined,1,Bottom,0,0,0,Undefined,Slider,Undefined,Undefined,FlyBall,Undefined,0,0,,49.15254,-0.036643,2.044602,1032.984725,134.985222,10:30,6.05414,-1.23428,26.16622,-36.95073,5.45441,-4.6987,2.95385,-0.45047,47.58259,-10.814396,0.679122,0.468684,82.20619,34.066341,9.287766,3251.741682,109.16099,66.41386,13.5565,273.16169,273.16169,3.125382,4.878607,6.7376,7.76414,1.86854,50,5.43213,-3.3553,-73.59437,5.89534,3.75233,7.468,-27.85003,FOR_RAM,,FordhamUniversity,,,20260928-FordhamUniversity-BP-1,abe5b230-bb6e-11f1-93a8-090a75922668,80.42178,78.36242,,1.56995,,,,1.48955,2.91807,0.42157,3737a129-c7b8-45bf-aff7-ddc2ce9649b7,2026-09-28,18:59:27.41,2026-09-28T14:59:27.4130000-04:00,2026-09-28T18:59:27.4130000Z,FlyBall,v3,471298,,,,,Undefined,FOR_RAM,f57128f3-b501-46ac-9b8e-aeefd78eb4b4,34.33813,-71.98754,3.734,6.05593,-0.09694,-13.92501,1.23346,-2.54794,1.87616,165.850896,1.48984,98.56468,-19.83535,4.63663,-0.98844,0.20699,-0.03774,0.0045,-0.00024,2.91997,67.49234,-16.27646,0.30042,0.33572,-0.18961,0.04999,-0.00645,0.00032,0.42162,16.11881,-6.57027,1.71417,-0.39499,0.08215,-0.01363,0.00147,-7E-05,,,,,,,,,,,,,,,,,,,,,,,High,High,High,High,High,,,
358,2026-09-28,14:59:36.79,,,,,Undefined,FOR_RAM,"Dean, Mason",1000150670,Left,FOR_RAM,Undefined,1,Bottom,0,0,0,Undefined,Slider,Undefined,Undefined,GroundBall,Undefined,0,0,,49.10554,-0.973635,3.504928,1045.732457,151.152307,11:00,6.1606,-0.9748,26.09547,-37.25187,5.88996,-2.75197,2.4945,0.81673,47.29894,-11.798585,2.708063,0.472738,92.01833,5.79635,17.829091,2138.366184,,,,115.20201,115.01231,18.466699,0.958594,4.58528,8.62898,1.97193,50,5.80724,-4.92434,-73.63827,4.59784,2.52363,8.55333,-27.42488,FOR_RAM,,FordhamUniversity,,,20260928-FordhamUniversity-BP-1,b188df50-bb6e-11f1-93a8-090a75922668,79.73217,5.11037,,1.8066,,,,1.12022,2.50103,-1.08427,3737a129-c7b8-45bf-aff7-ddc2ce9649b7,2026-09-28,18:59:36.79,2026-09-28T14:59:36.7910000-04:00,2026-09-28T18:59:36.7910000Z,GroundBall,v3,471298,,,,,Undefined,FOR_RAM,10fb1b43-9110-425b-96ff-c6a8f6b8fc45,34.40833,-71.80441,4.27667,6.16268,-1.28214,-13.71244,0.97414,-4.38327,1.26181,276.699557,1.21514,126.46311,-14.42724,,,,,,,2.55655,12.8404,-16.23259,,,,,,,-1.08268,41.09043,-1.97791,,,,,,,,,,,,,,,,,,,,,,,,,,,,,High,High,High,High,High,,,
359,2026-09-28,14:59:41.31,,,,,Undefined,FOR_RAM,"Dean, Mason",1000150670,Left,FOR_RAM,Undefined,1,Bottom,0,0,0,Undefined,Slider,Undefined,Undefined,GroundBall,Undefined,0,0,,50.40185,-2.520315,3.044566,1153.440253,124.910665,10:15,6.06799,-1.14108,26.07585,-35.80529,5.03225,-6.06721,1.62902,0.10925,48.89647,-12.853609,1.28447,0.45994,27.8958,-32.047149,75.433232,,,,,7.2638,5.2531,33.38963,0.102992,8.83808,7.73685,2.06541,50,6.15515,-4.96798,-75.45367,2.47898,5.14138,8.40085,-27.67327,FOR_RAM,,FordhamUniversity,,,20260928-FordhamUniversity-BP-1,b437f9c0-bb6e-11f1-93a8-090a75922668,81.95077,2.28308,,1.50538,,,,,,,3737a129-c7b8-45bf-aff7-ddc2ce9649b7,2026-09-28,18:59:41.31,2026-09-28T14:59:41.3180000-04:00,2026-09-28T18:59:41.3180000Z,GroundBall,v3,471298,,,,,Undefined,FOR_RAM,0aa5d410-d9f2-4777-928c-3a851ff85769,34.42897,-73.69963,4.20043,6.06954,-3.29899,-13.83664,1.1402,-3.8945,2.57069,,5.14458,8.90616,,,,,,,,2.29067,-22.16781,,,,,,,,0.45594,34.27275,,,,,,,,,,,,,,,,,,,,,,,,,,,,,,High,High,High,Low,Low,,,
360,2026-09-28,14:59:46.19,,,,,Undefined,FOR_RAM,"Dean, Mason",1000150670,Left,FOR_RAM,Undefined,1,Bottom,0,0,0,Undefined,Slider,Undefined,Undefined,FlyBall,Undefined,0,0,,49.93217,-0.073505,3.46496,1134.582894,131.275527,10:30,5.87451,-1.36487,26.51454,-34.81612,5.87843,-5.7154,2.93131,0.13124,47.79315,-10.380731,1.790615,0.459134,81.56592,38.631566,10.698689,,109.16968,80.54961,13.4889,234.5719,169.67775,4.112962,5.076312,8.6854,8.53611,2.4284,50,5.26958,-5.45737,-75,5.75957,4.94481,9.10997,-27.31424,FOR_RAM,,FordhamUniversity,,,20260928-FordhamUniversity-BP-1,b725f1f0-bb6e-11f1-93a8-090a75922668,82.09465,87.69513,,2.13903,,,,1.14837,3.0073,-0.09954,3737a129-c7b8-45bf-aff7-ddc2ce9649b7,2026-09-28,18:59:46.19,2026-09-28T14:59:46.1990000-04:00,2026-09-28T18:59:46.1990000Z,FlyBall,v3,471298,,,,,Undefined,FOR_RAM,5af30e3d-5b4e-428e-911b-496a30a560cd,33.98939,-73.02936,4.55498,5.87641,-0.14896,-13.65712,1.36357,-4.38772,2.4724,166.400873,1.15205,91.74829,-23.62295,5.90792,-0.95221,0.05361,0.01212,-0.0024,0.00012,3.00453,74.73669,-17.75852,0.27842,0.27228,-0.121,0.0325,-0.00465,0.00026,-0.09843,17.32297,-8.76323,2.72109,-0.56405,0.0677,-0.00147,-0.00056,4E-05,,,,,,,,,,,,,,,,,,,,,,,High,High,High,High,Medium,,,
361,2026-09-28,14:59:51.22,,,,,Undefined,FOR_RAM,"Dean, Mason",1000150670,Left,FOR_RAM,Undefined,1,Bottom,0,0,0,Undefined,Slider,Undefined,Undefined,Undefined,Undefined,0,0,,47.9473,-1.418001,2.444191,1078.056849,131.101417,10:15,5.9846,-1.41446,26.64011,-39.04364,4.45205,-4.14575,1.92699,-0.37483,46.57799,-12.897838,1.220097,0.474673,,,,,,,,,,,,6.32355,6.93587,2.17623,50,5.65898,-3.73718,-71.94754,4.6787,3.34022,7.74375,-28.51041,FOR_RAM,,FordhamUniversity,,,20260928-FordhamUniversity-BP-1,ba23efb0-bb6e-11f1-93a8-090a75922668,79.40718,,,1.36931,,,,,,,3737a129-c7b8-45bf-aff7-ddc2ce9649b7,2026-09-28,18:59:51.22,2026-09-28T14:59:51.2200000-04:00,2026-09-28T18:59:51.2200000Z,,v3,471298,,,,,Undefined,FOR_RAM,c1f857a0-4955-4e3f-98a4-e1c94d2a2f23,33.86464,-70.1894,3.87188,5.98641,-1.79429,-14.25521,1.41383,-2.97882,1.67011,,,,,,,,,,,,,,,,,,,,,,,,,,,,,,,,,,,,,,,,,,,,,,,,,,,High,High,High,,,,,
362,2026-09-28,14:59:56.46,,,,,Undefined,FOR_RAM,"Dean, Mason",1000150670,Left,FOR_RAM,Undefined,1,Bottom,0,0,0,Undefined,Slider,Undefined,Undefined,LineDrive,Undefined,0,0,,49.35893,-2.433094,2.660864,1095.813,132.735674,10:30,6.19572,-1.18344,26.28711,-38.29297,4.2715,-3.54398,1.60932,0.0457,47.42404,-13.580434,1.624765,0.469564,98.2155,14.439125,12.64658,1987.278487,108.18567,25.12827,19.89397,307.24704,307.24704,6.788481,3.244469,5.57839,7.01847,1.97304,50,6.21742,-4.00028,-74.3357,2.95741,3.08132,9.97759,-28.29729,FOR_RAM,,FordhamUniversity,,,20260928-FordhamUniversity-BP-1,bd410e30-bb6e-11f1-93a8-090a75922668,80.2711,30.69138,,1.93489,,,,1.22842,1.60272,-0.00574,3737a129-c7b8-45bf-aff7-ddc2ce9649b7,2026-09-28,18:59:56.46,2026-09-28T14:59:56.4620000-04:00,2026-09-28T18:59:56.4620000Z,LineDrive,v3,471298,,,,,Undefined,FOR_RAM,37b21d64-2319-4a94-84cd-4e8e60ea4a17,34.21715,-72.1862,4.98879,6.19788,-3.13877,-14.14865,1.18276,-3.33646,1.54066,151.033562,1.22855,136.11049,-22.70403,4.81952,-0.89705,0.16024,-0.02874,0.00405,-0.00027,1.60221,35.93567,-10.31603,-0.78299,0.25248,-0.06925,0.02371,-0.00495,0.00042,-0.00544,30.53172,-11.61011,3.02971,-0.64905,0.13298,-0.02852,0.00468,-0.00035,,,,,,,,,,,,,,,,,,,,,,,High,High,High,High,High,,,
363,2026-09-28,15:00:06.34,,,,,Undefined,FOR_RAM,"Caron, Michael",1000322224,Right,FOR_RAM,Undefined,1,Bottom,0,0,0,Undefined,Slider,Undefined,Undefined,Undefined,Undefined,0,0,,48.23481,-3.080359,3.214731,1138.395874,130.580338,10:15,6.02064,-1.13332,25.9018,-39.78356,5.39555,-5.23788,0.91655,0.29424,47.02831,-14.431542,1.701763,0.483771,,,,,,,,,,,,7.74355,8.30756,2.07897,50,6.20675,-4.82814,-72.17605,2.14128,4.11408,7.83573,-27.7603,FOR_RAM,,FordhamUniversity,,,20260928-FordhamUniversity-BP-1,c31a1860-bb6e-11f1-93a8-090a75922668,77.91373,,,1.2065,,,,,,,3737a129-c7b8-45bf-aff7-ddc2ce9649b7,2026-09-28,19:00:06.34,2026-09-28T15:00:06.3480000-04:00,2026-09-28T19:00:06.3480000Z,,v3,471298,,,,,Undefined,FOR_RAM,30efebe2-8966-4b33-a9a1-8c5161cce745,34.60305,-70.48467,3.91787,6.02224,-3.8509,-13.88015,1.13264,-3.9401,2.05704,,,,,,,,,,,,,,,,,,,,,,,,,,,,,,,,,,,,,,,,,,,,,,,,,,,High,High,High,,,,,
364,2026-09-28,15:00:10.09,,,,,Undefined,FOR_RAM,"Caron, Michael",1000322224,Right,FOR_RAM,Undefined,1,Bottom,0,0,0,Undefined,Slider,Undefined,Undefined,LineDrive,Undefined,0,0,,48.59378,-1.159939,3.409351,1101.590926,123.794129,10:15,5.94546,-1.28792,26.48715,-39.18364,3.68481,-4.24918,2.01886,0.30027,47.07611,-12.639087,2.16261,0.471238,98.07634,14.600182,13.084735,7613.910993,106.224,19.61971,28.57183,231.11049,230.0965,18.53781,2.168046,6.67894,5.75355,2.31252,50,5.56389,-5.01903,-72.88677,4.95303,3.61328,8.11176,-29.0614,FOR_RAM,,FordhamUniversity,,,20260928-FordhamUniversity-BP-1,c54c61b0-bb6e-11f1-93a8-090a75922668,79.986,19.90118,,1.51767,,,,2.97332,2.41114,-0.24795,3737a129-c7b8-45bf-aff7-ddc2ce9649b7,2026-09-28,19:00:10.09,2026-09-28T15:00:10.0900000-04:00,2026-09-28T19:00:10.0900000Z,LineDrive,v3,471298,,,,,Undefined,FOR_RAM,91890ddc-0a4f-44b8-a31b-f5942642d59d,34.01775,-71.08582,4.05588,5.9473,-1.49912,-14.5307,1.28725,-4.21681,1.80664,257.022826,2.97324,135.59188,-24.2333,5.47027,-1.57786,0.57702,-0.1767,0.03075,-0.00208,2.41128,36.24996,-20.69268,2.16524,-0.03539,-0.31768,0.15284,-0.02922,0.00185,-0.24777,31.50118,2.02074,-0.9479,0.88006,-0.64464,0.24969,-0.04606,0.003,,,,,,,,,,,,,,,,,,,,,,,High,High,High,High,High,,,
365,2026-09-28,15:00:14.53,,,,,Undefined,FOR_RAM,"Caron, Michael",1000322224,Right,FOR_RAM,Undefined,1,Bottom,0,0,0,Undefined,Slider,Undefined,Undefined,GroundBall,Undefined,0,0,,48.14311,-3.174674,4.438981,1099.723083,140.772061,10:45,6.11784,-1.24114,26.27,-35.96486,8.51997,-6.1976,1.29494,0.79019,46.74348,-13.580081,2.635239,0.48004,22.5592,-43.18919,50.508135,,,,,8.21527,6.70318,8.823179,0.101915,9.51548,12.70745,2.56761,50,6.36821,-6.54312,-71.97074,1.69933,5.02373,7.83899,-25.4651,FOR_RAM,,FordhamUniversity,,,20260928-FordhamUniversity-BP-1,c7f45030-bb6e-11f1-93a8-090a75922668,78.5194,2.38515,,1.39963,,,,,,,3737a129-c7b8-45bf-aff7-ddc2ce9649b7,2026-09-28,19:00:14.53,2026-09-28T15:00:14.5350000-04:00,2026-09-28T19:00:14.5350000Z,GroundBall,v3,471298,,,,,Undefined,FOR_RAM,895a6cd2-29c2-45e9-94b8-88239d1842a1,34.23452,-70.23259,3.91949,6.11901,-3.94709,-12.73255,1.24029,-5.4292,2.51187,,6.49363,15.85627,,,,,,,,2.39761,-23.40429,,,,,,,,-0.71105,19.24076,,,,,,,,,,,,,,,,,,,,,,,,,,,,,,High,High,High,Low,Low,,,
366,2026-09-28,15:00:19.93,,,,,Undefined,FOR_RAM,"Caron, Michael",1000322224,Right,FOR_RAM,Undefined,1,Bottom,0,0,0,Undefined,Slider,Undefined,Undefined,LineDrive,Undefined,0,0,,49.76143,-2.294189,2.9851,1088.242966,149.288491,11:00,5.95914,-1.15648,26.34512,-33.78844,7.62296,-4.00126,1.82982,0.21761,47.94383,-12.171636,1.816333,0.46316,92.20096,17.477006,11.14101,5425.760143,107.87984,27.35037,21.48967,257.13768,257.13768,13.233597,2.938059,6.21851,11.36457,2.04811,50,6.00234,-4.53021,-74.68337,2.57194,3.51347,8.96249,-25.75304,FOR_RAM,,FordhamUniversity,,,20260928-FordhamUniversity-BP-1,cb3aefb0-bb6e-11f1-93a8-090a75922668,81.38095,29.74066,,1.8176,,,,2.94484,2.2096,-0.16672,3737a129-c7b8-45bf-aff7-ddc2ce9649b7,2026-09-28,19:00:19.93,2026-09-28T15:00:19.9320000-04:00,2026-09-28T19:00:19.9320000Z,LineDrive,v3,471298,,,,,Undefined,FOR_RAM,6cf40974-c5a7-430e-9f8d-ea16dc2c1c0b,34.15903,-72.75752,4.48125,5.96044,-2.96185,-12.87652,1.15578,-3.77524,1.75674,187.580432,2.94477,126.55624,-23.77496,5.09153,-0.93868,0.11112,0.00087,-0.0026,0.00029,2.20974,40.60782,-15.9963,1.01644,-0.37445,0.20302,-0.07048,0.01351,-0.00107,-0.16684,24.92656,-3.85108,1.20394,-0.10185,-0.09367,0.04828,-0.01006,0.00082,,,,,,,,,,,,,,,,,,,,,,,High,High,High,High,High,,,
367,2026-09-28,15:00:25.15,,,,,Undefined,FOR_RAM,"Caron, Michael",1000322224,Right,FOR_RAM,Undefined,1,Bottom,0,0,0,Undefined,Slider,Undefined,Undefined,GroundBall,Undefined,0,0,,48.58541,-1.365586,3.061135,1029.19069,126.601491,10:15,5.85551,-1.3523,26.53475,-38.94687,3.74744,-3.93571,1.83277,0.06069,47.14534,-12.781873,1.904189,0.47028,93.48914,5.036822,23.847636,2898.755765,,,,90.58284,90.58284,25.177704,0.681486,6.15965,5.91524,2.27727,50,5.52979,-4.52775,-72.86911,4.69686,3.33594,7.98154,-28.97047,FOR_RAM,,FordhamUniversity,,,20260928-FordhamUniversity-BP-1,ce535340-bb6e-11f1-93a8-090a75922668,80.14893,3.85876,,1.44007,,,,4.90193,2.34672,0.97473,3737a129-c7b8-45bf-aff7-ddc2ce9649b7,2026-09-28,19:00:25.15,2026-09-28T15:00:25.1570000-04:00,2026-09-28T19:00:25.1570000Z,GroundBall,v3,471298,,,,,Undefined,FOR_RAM,5c76562b-de30-4844-9183-741c3ae6184b,33.9701,-71.09164,3.99077,5.85739,-1.75481,-14.48524,1.35167,-3.78484,1.66797,,4.93129,124.34468,-16.62498,,,,,,,2.38577,11.26328,-21.74292,,,,,,,0.96206,55.47712,-0.47588,,,,,,,,,,,,,,,,,,,,,,,,,,,,,High,High,High,Medium,High,,,
368,2026-09-28,15:00:30.04,,,,,Undefined,FOR_RAM,"Caron, Michael",1000322224,Right,FOR_RAM,Undefined,1,Bottom,0,0,0,Undefined,Slider,Undefined,Undefined,GroundBall,Undefined,0,0,,49.50043,-2.75644,3.755934,1085.01761,133.441713,10:30,5.98455,-1.28181,26.40294,-34.851,7.00544,-6.41709,1.50318,0.32924,47.70476,-12.935493,1.878863,0.465643,100.5908,4.756629,7.095109,1539.742708,,,,83.59509,83.59509,7.210982,0.606704,9.75717,10.70788,2.43198,50,6.13613,-5.8965,-74.27539,2.15025,5.43712,9.10348,-26.20716,FOR_RAM,,FordhamUniversity,,,20260928-FordhamUniversity-BP-1,d134c850-bb6e-11f1-93a8-090a75922668,80.94715,3.19395,,1.79567,,,,2.67935,1.79635,-0.30576,3737a129-c7b8-45bf-aff7-ddc2ce9649b7,2026-09-28,19:00:30.04,2026-09-28T15:00:30.0480000-04:00,2026-09-28T19:00:30.0480000Z,GroundBall,v3,471298,,,,,Undefined,FOR_RAM,628d7ecb-c5b1-4ea9-9b67-fd73b69be253,34.1015,-72.30055,4.55174,5.98594,-3.53493,-13.10358,1.28078,-4.71702,2.71856,344.74605,2.71581,145.08513,-21.29768,,,,,,,1.83958,11.26499,-23.67319,,,,,,,-0.30822,18.21622,-0.67465,,,,,,,,,,,,,,,,,,,,,,,,,,,,,High,High,High,Medium,Medium,,,
369,2026-09-28,15:00:39.82,,,,,Undefined,FOR_RAM,"Wansaw, Michael",1000503198,Right,FOR_RAM,Undefined,1,Bottom,0,0,0,Undefined,Slider,Undefined,Undefined,LineDrive,Undefined,0,0,,49.35548,-2.732727,4.284888,1230.63701,122.200144,10:00,5.85154,-1.19552,26.29244,-38.03726,4.5513,-5.67945,1.11193,0.78853,47.54586,-13.776824,2.628786,0.469697,94.02515,27.559427,-28.266422,1255.376943,98.51525,47.62305,-48.93613,319.09479,312.72649,-26.143014,4.169313,8.94339,7.35398,2.47062,50,5.95441,-6.43952,-74.11572,2.56848,4.93313,9.54827,-28.11762,FOR_RAM,,FordhamUniversity,,,20260928-FordhamUniversity-BP-1,d702fd10-bb6e-11f1-93a8-090a75922668,80.24838,59.76317,,1.80962,,,,2.16218,1.23345,-0.21587,3737a129-c7b8-45bf-aff7-ddc2ce9649b7,2026-09-28,19:00:39.82,2026-09-28T15:00:39.8200000-04:00,2026-09-28T19:00:39.8200000Z,FlyBall,v3,471298,,,,,Undefined,FOR_RAM,3ea3cd7e-89a5-498e-8851-bbc96d2b60a2,34.21235,-72.05311,4.77413,5.8532,-3.50547,-14.05881,1.19466,-5.37387,2.46657,,2.16039,107.71819,-16.64231,3.34597,-0.80432,0.19546,-0.03566,0.0028,5E-05,1.22953,63.89991,-19.92773,2.14663,-0.92137,0.42193,-0.11698,0.01738,-0.00105,-0.22118,-57.75002,13.06326,-2.68423,-0.65568,0.81201,-0.30206,0.0538,-0.00382,,,,,,,,,,,,,,,,,,,,,,,High,High,High,Low,Medium,,,
370,2026-09-28,15:00:46.06,,,,,Undefined,FOR_RAM,"Wansaw, Michael",1000503198,Right,FOR_RAM,Undefined,1,Bottom,0,0,0,Undefined,Slider,Undefined,Undefined,LineDrive,Undefined,0,0,,49.85006,-1.492706,4.118973,1127.646627,142.168736,10:45,5.98995,-1.10736,26.55266,-35.36085,5.44524,-3.55988,2.19315,0.9391,47.97598,-11.901153,3.074917,0.459763,93.98037,11.907339,-38.944277,2507.473807,,,,114.11383,114.11383,-40.571655,0.956612,5.983,8.35193,2.32289,50,5.76929,-5.96286,-74.79721,4.00676,3.38904,9.03148,-27.44312,FOR_RAM,,FordhamUniversity,,,20260928-FordhamUniversity-BP-1,dacb9dd0-bb6e-11f1-93a8-090a75922668,81.98237,7.68438,,1.87408,,,,1.72526,1.82588,-0.79046,3737a129-c7b8-45bf-aff7-ddc2ce9649b7,2026-09-28,19:00:46.06,2026-09-28T15:00:46.0670000-04:00,2026-09-28T19:00:46.0670000Z,LineDrive,v3,471298,,,,,Undefined,FOR_RAM,c329b73d-9509-44bf-a0eb-6819d6a28faf,33.95146,-72.83363,4.51574,5.99182,-1.95977,-13.72156,1.10657,-5.22604,1.69452,,1.72526,104.89752,-21.11077,5.64101,-1.5432,0.4499,-0.1285,0.0304,-0.00409,1.82588,28.43997,-37.27901,7.35836,-2.069,0.59725,-0.17064,0.04036,-0.00542,-0.79046,-84.77555,10.54798,-2.84092,0.76743,-0.22379,0.06394,-0.01513,0.00204,,,,,,,,,,,,,,,,,,,,,,,High,High,High,Low,High,,,
371,2026-09-28,15:00:51.26,,,,,Undefined,FOR_RAM,"Wansaw, Michael",1000503198,Right,FOR_RAM,Undefined,1,Bottom,0,0,0,Undefined,Slider,Undefined,Undefined,LineDrive,Undefined,0,0,,50.41688,-2.314786,3.801894,1084.431767,145.304858,10:45,5.77333,-1.41022,26.56308,-33.9762,5.90016,-3.49732,1.62427,0.45982,48.577,-12.299337,2.774868,0.454495,93.59476,24.94663,-19.21111,1095.922367,105.28748,44.68578,-31.85136,337.28344,331.71665,-14.314189,4.313181,5.84646,9.1228,2.53734,50,5.80459,-5.60741,-75.66155,2.75275,3.38666,9.29285,-26.88949,FOR_RAM,,FordhamUniversity,,,20260928-FordhamUniversity-BP-1,dde7d1f0-bb6e-11f1-93a8-090a75922668,82.93258,59.3495,,1.83987,,,,4.79411,2.32854,-0.29293,3737a129-c7b8-45bf-aff7-ddc2ce9649b7,2026-09-28,19:00:51.26,2026-09-28T15:00:51.2630000-04:00,2026-09-28T19:00:51.2630000Z,FlyBall,v3,471298,,,,,Undefined,FOR_RAM,b9434458-1675-4549-b7dd-6f49dcf69710,33.94144,-73.66282,4.64642,5.7747,-3.03072,-13.44474,1.40962,-4.879,1.69333,,4.79386,117.53952,-19.51112,4.18735,-0.89402,0.20471,-0.04321,0.00603,-0.00036,2.32973,57.8704,-15.67246,0.32971,0.27325,-0.17402,0.05264,-0.00756,0.00041,-0.29291,-40.9531,11.63104,-3.10604,0.72622,-0.16516,0.03325,-0.00445,0.00026,,,,,,,,,,,,,,,,,,,,,,,High,High,High,Medium,Medium,,,
372,2026-09-28,15:00:57.92,,,,,Undefined,FOR_RAM,"Wansaw, Michael",1000503198,Right,FOR_RAM,Undefined,1,Bottom,0,0,0,Undefined,Curveball,Undefined,Undefined,LineDrive,Undefined,0,0,,50.36068,-2.422299,4.314865,2253.000243,128.558171,10:15,5.77072,-1.21814,26.82666,-33.92616,5.76158,-6.02922,1.57486,0.7137,48.13171,-12.499728,2.530828,0.453419,93.6433,9.763858,-31.001318,,,,,93.24741,93.24741,-34.653886,0.745724,9.74201,9.178,2.55648,50,5.822,-6.73877,-75.82996,2.7124,5.58929,10.54094,-26.90834,FOR_RAM,,FordhamUniversity,,,20260928-FordhamUniversity-BP-1,e1ce8200-bb6e-11f1-93a8-090a75922668,83.1294,4.8141,,2.22898,,,,1.89383,1.01249,-1.07313,3737a129-c7b8-45bf-aff7-ddc2ce9649b7,2026-09-28,19:00:57.92,2026-09-28T15:00:57.9270000-04:00,2026-09-28T19:00:57.9270000Z,LineDrive,v3,471298,,,,,Undefined,FOR_RAM,2c3e0dc0-1870-439d-a014-ab344ebf1b88,33.67786,-73.52606,5.27047,5.77212,-3.16887,-13.45417,1.21712,-5.51714,2.79465,,1.89383,116.01931,-23.78341,4.06474,-0.53899,-0.01911,0.03691,-0.01419,0.00257,1.01249,23.29175,-38.18736,8.23903,-2.17084,0.56232,-0.14207,0.03268,-0.00464,-1.07313,-69.71507,-2.47847,4.47407,-1.76777,0.57579,-0.16703,0.04157,-0.00616,,,,,,,,,,,,,,,,,,,,,,,High,High,High,Low,Medium,,,
373,2026-09-28,15:01:02.98,,,,,Undefined,FOR_RAM,"Wansaw, Michael",1000503198,Right,FOR_RAM,Undefined,1,Bottom,0,0,0,Undefined,Slider,Undefined,Undefined,LineDrive,Undefined,0,0,,49.56612,-1.642367,2.827487,1097.1589,143.954269,10:45,6.04906,-1.27044,26.54324,-34.98474,6.1602,-3.86276,2.19934,0.0151,47.78216,-11.941222,1.691999,0.461668,100.74803,14.657976,-15.830607,4254.926757,106.61663,25.77075,-27.0704,303.73157,303.73157,-12.584562,3.127053,6.03355,9.31867,2.12823,50,5.87408,-4.30288,-74.4351,3.74888,3.39064,8.7969,-26.93729,FOR_RAM,,FordhamUniversity,,,20260928-FordhamUniversity-BP-1,e4dafeb0-bb6e-11f1-93a8-090a75922668,81.64408,31.11774,,1.78396,,,,3.50099,2.62742,0.04781,3737a129-c7b8-45bf-aff7-ddc2ce9649b7,2026-09-28,19:01:02.98,2026-09-28T15:01:02.9890000-04:00,2026-09-28T19:01:02.9890000Z,LineDrive,v3,471298,,,,,Undefined,FOR_RAM,9346fcc7-c393-4842-8b69-c54ecf785c4d,33.96101,-72.51481,4.39845,6.05063,-2.13132,-13.46865,1.26973,-3.56273,1.69532,198.634192,3.50111,137.52803,-24.66156,5.60912,-1.15729,0.23735,-0.04397,0.00556,-0.00032,2.62701,37.40695,-12.00898,-0.33495,0.11367,0.00807,-0.01517,0.00432,-0.0004,0.04765,-38.99127,10.63566,-2.69116,0.58304,-0.11223,0.01684,-0.00151,5E-05,,,,,,,,,,,,,,,,,,,,,,,High,High,High,High,High,,,
374,2026-09-28,15:01:16.83,,,,,Undefined,FOR_RAM,"Kaufman, Taylor",10314665,Right,FOR_RAM,Undefined,1,Bottom,0,0,0,Undefined,Slider,Undefined,Undefined,FlyBall,Undefined,0,0,,50.55217,-1.235873,1.694925,1137.778263,116.932403,10:00,5.8679,-1.16207,26.25554,-35.96171,4.27209,-6.75953,2.16244,-0.75378,48.64029,-11.747953,-0.277393,0.456528,90.84011,27.683102,-3.069118,3109.602567,,,,,124.51138,,,9.50213,6.53886,1.73595,50,5.59285,-3.32227,-75.99899,4.29531,5.55656,9.32803,-28.35033,FOR_RAM,,FordhamUniversity,,,20260928-FordhamUniversity-BP-1,ed2a8720-bb6e-11f1-93a8-090a75922668,82.56334,61.09104,,1.91188,,,,1.2408,2.22441,0.73556,3737a129-c7b8-45bf-aff7-ddc2ce9649b7,2026-09-28,19:01:16.83,2026-09-28T15:01:16.8320000-04:00,2026-09-28T19:01:16.8320000Z,,v3,471298,,,,,Undefined,FOR_RAM,ea52fbfa-92c7-4448-a94b-fbece4e8457a,34.24906,-74.0405,4.66402,5.86981,-1.65705,-14.17517,1.16088,-2.15563,2.77828,207.020998,1.2408,117.81175,-25.49738,6.12494,-1.39342,0.29019,-0.05746,0.00937,-0.00079,2.22441,61.89702,-13.30692,-0.47463,0.46312,-0.16426,0.04727,-0.00936,0.00103,0.73556,-6.31678,6.76922,-0.23689,-0.1438,0.06335,-0.01781,0.00352,-0.00039,,,,,,,,,,,,,,,,,,,,,,,High,High,High,High,Undefined,,,
375,2026-09-28,15:01:22.26,,,,,Undefined,FOR_RAM,"Kaufman, Taylor",10314665,Right,FOR_RAM,Undefined,1,Bottom,0,0,0,Undefined,Slider,Undefined,Undefined,LineDrive,Undefined,0,0,,49.88659,-1.114119,2.063347,1148.993882,124.994088,10:15,6.05029,-1.12037,26.57844,-36.27427,4.50181,-5.09945,2.39477,-0.37402,47.71636,-11.845783,0.560946,0.459594,,,,,,,,,,,,7.55512,7.01705,1.78413,50,5.71185,-3.53003,-75.22075,4.62782,4.28101,10.06235,-28.19792,FOR_RAM,,FordhamUniversity,,,20260928-FordhamUniversity-BP-1,f075e190-bb6e-11f1-93a8-090a75922668,82.01249,,,2.17022,,,,,,,3737a129-c7b8-45bf-aff7-ddc2ce9649b7,2026-09-28,19:01:22.26,2026-09-28T15:01:22.2630000-04:00,2026-09-28T19:01:22.2630000Z,,v3,471298,,,,,Undefined,FOR_RAM,4eba66ea-8184-4b41-a516-6ae8e147e6d5,33.92569,-73.03883,5.03117,6.05242,-1.48662,-14.09896,1.11932,-2.60173,2.14051,,,,,,,,,,,,,,,,,,,,,,,,,,,,,,,,,,,,,,,,,,,,,,,,,,,High,High,High,,,,,
376,2026-09-28,15:01:29.52,,,,,Undefined,FOR_RAM,"Kaufman, Taylor",10314665,Right,FOR_RAM,Undefined,1,Bottom,0,0,0,Undefined,Slider,Undefined,Undefined,Undefined,Undefined,0,0,,49.82984,-1.185505,3.750929,1106.341284,137.03514,10:30,5.90653,-1.20375,26.56739,-35.05821,6.08477,-4.73925,2.31056,0.53346,47.45259,-11.569082,2.359681,0.461657,97.62301,11.455167,-47.697096,3180.292446,,,,128.05402,128.05402,-50.223105,1.125705,7.63532,9.18934,2.3348,50,5.61185,-5.67896,-75.09591,4.29801,4.2923,10.41376,-27.00813,FOR_RAM,,FordhamUniversity,,,20260928-FordhamUniversity-BP-1,f4bbefb0-bb6e-11f1-93a8-090a75922668,81.64604,8.92035,,2.37725,,,,1.36851,2.05977,0.04125,3737a129-c7b8-45bf-aff7-ddc2ce9649b7,2026-09-28,19:01:29.52,2026-09-28T15:01:29.5240000-04:00,2026-09-28T19:01:29.5240000Z,LineDrive,v3,471298,,,,,Undefined,FOR_RAM,be5ba6b3-e490-4bb8-9ef4-1492070fd6ef,33.93645,-72.83428,5.20688,5.90834,-1.56755,-13.50407,1.20269,-4.74677,2.14615,,1.36851,94.44782,-26.46152,7.15163,-2.02007,0.60111,-0.17132,0.03874,-0.00477,2.05977,28.43574,-32.1165,6.14422,-1.77218,0.52341,-0.14912,0.03378,-0.00415,0.04125,-103.78623,18.92962,-5.15101,1.44411,-0.42972,0.12239,-0.02765,0.0034,,,,,,,,,,,,,,,,,,,,,,,High,High,High,Low,Medium,,,
377,2026-09-28,15:01:36.41,,,,,Undefined,FOR_RAM,"Kaufman, Taylor",10314665,Right,FOR_RAM,Undefined,1,Bottom,0,0,0,Undefined,Slider,Undefined,Undefined,GroundBall,Undefined,0,0,,50.54281,-1.347125,3.979582,1212.176041,123.687025,10:00,5.86382,-1.2187,26.5175,-34.14266,5.53284,-7.06973,2.25077,0.45816,48.62267,-11.404969,1.907406,0.453349,92.35084,6.94818,-37.67368,3084.137311,,,,63.86309,63.86309,-37.265336,0.507969,10.68745,8.33752,2.45239,50,5.6234,-6.43889,-75.80202,4.05228,6.23738,9.00017,-27.30811,FOR_RAM,,FordhamUniversity,,,20260928-FordhamUniversity-BP-1,f8e267e0-bb6e-11f1-93a8-090a75922668,83.14225,3.36487,,1.92014,,,,1.34679,1.77758,-0.32744,3737a129-c7b8-45bf-aff7-ddc2ce9649b7,2026-09-28,19:01:36.41,2026-09-28T15:01:36.4140000-04:00,2026-09-28T19:01:36.4140000Z,GroundBall,v3,471298,,,,,Undefined,FOR_RAM,a9b88e62-6d59-43e4-8d19-59acad4c62dd,33.98711,-73.87631,4.50008,5.86535,-1.79067,-13.65406,1.21748,-5.10432,3.11869,,1.35082,106.3204,-17.58609,,,,,,,1.83303,14.90623,-36.64779,,,,,,,-0.32942,-82.12606,13.09768,,,,,,,,,,,,,,,,,,,,,,,,,,,,,High,High,High,Low,Medium,,,
378,2026-09-28,15:01:42.55,,,,,Undefined,FOR_RAM,"Kaufman, Taylor",10314665,Right,FOR_RAM,Undefined,1,Bottom,0,0,0,Undefined,Slider,Undefined,Undefined,LineDrive,Undefined,0,0,,50.40803,-1.583205,2.519133,1017.797944,132.483238,10:30,5.79648,-1.40081,26.54273,-34.62655,5.28799,-4.82051,2.0105,-0.37059,48.3754,-11.797815,1.101623,0.454713,93.08235,24.661658,-9.903777,2853.245335,109.52666,47.21173,-10.19255,287.43718,287.43718,4.072048,4.320517,7.28619,8.13473,2.18732,50,5.61632,-4.12553,-75.84867,3.79168,4.22385,9.70058,-27.4583,FOR_RAM,,FordhamUniversity,,,20260928-FordhamUniversity-BP-1,fc7c3070-bb6e-11f1-93a8-090a75922668,82.89287,60.57169,,2.03263,,,,3.63296,2.45898,0.41511,3737a129-c7b8-45bf-aff7-ddc2ce9649b7,2026-09-28,19:01:42.55,2026-09-28T15:01:42.5570000-04:00,2026-09-28T19:01:42.5570000Z,LineDrive,v3,471298,,,,,Undefined,FOR_RAM,010f6398-6d17-43de-a444-b145fd479404,33.96159,-73.76895,4.85029,5.79818,-2.09516,-13.72915,1.39991,-3.21996,2.11193,212.07481,3.63311,122.21558,-27.48239,6.52361,-1.43165,0.29283,-0.0478,0.00487,-0.00021,2.45869,56.97019,-14.25098,-0.14308,0.2651,-0.08706,0.01345,-0.00053,-4E-05,0.41493,-21.33548,13.97453,-3.94504,1.01446,-0.23301,0.04037,-0.00425,0.00019,,,,,,,,,,,,,,,,,,,,,,,High,High,High,Medium,Medium,,,
379,2026-09-28,15:01:52.91,,,,,Undefined,FOR_RAM,"Markey, Tommy",10084492,Left,FOR_RAM,Undefined,1,Bottom,0,0,0,Undefined,Slider,Undefined,Undefined,LineDrive,Undefined,0,0,,48.36563,-0.801986,0.977131,1069.108743,131.246288,10:15,5.97803,-1.13025,26.03732,-40.08616,4.2387,-3.85595,2.17478,-0.88784,46.86344,-12.408584,-0.141581,0.479176,89.33911,10.289245,38.239988,1603.683939,82.05216,10.4014,73.26232,181.47818,151.4209,44.715073,1.619645,5.34796,6.32036,1.45493,50,5.53352,-1.81332,-72.58209,5.17858,2.87344,7.923,-28.77817,FOR_RAM,,FordhamUniversity,,,20260928-FordhamUniversity-BP-1,02a640d0-bb6f-11f1-93a8-090a75922668,78.6609,10.84808,,1.5022,,,,2.49305,2.44881,1.29925,3737a129-c7b8-45bf-aff7-ddc2ce9649b7,2026-09-28,19:01:52.91,2026-09-28T15:01:52.9100000-04:00,2026-09-28T19:01:52.9100000Z,LineDrive,v3,471298,,,,,Undefined,FOR_RAM,058d0670-6671-44d7-8734-0accb8e71285,34.46719,-70.86626,3.9615,5.98016,-1.0537,-14.38908,1.12962,-1.19104,1.43672,,2.49305,101.25879,-17.44882,2.58004,-0.44503,-0.01363,0.04033,-0.00697,-0.00073,2.44881,23.40412,-17.23827,1.44278,-0.23852,0.02918,0.00553,-0.00131,-0.00022,1.29923,79.79941,-1.05515,0.07614,-0.21885,0.24414,-0.14022,0.03428,-0.00218,,,,,,,,,,,,,,,,,,,,,,,High,High,High,Medium,Medium,,,
380,2026-09-28,15:01:57.50,,,,,Undefined,FOR_RAM,"Markey, Tommy",10084492,Left,FOR_RAM,Undefined,1,Bottom,0,0,0,Undefined,Curveball,Undefined,Undefined,Undefined,Undefined,0,0,,48.42381,-6.924939,5.426717,2147.793077,143.491366,10:45,5.1469,-0.08907,36.09501,-18.45686,3.02173,-2.01331,0.80344,1.9276,47.83079,-14.38807,4.592597,0.33356,,,,,,,,,,,,6.75681,10.23359,2.70817,50,6.51797,-7.97511,-72.79614,0.93377,3.67931,7.36338,-26.60152,FOR_RAM,,FordhamUniversity,,,20260928-FordhamUniversity-BP-1,05558250-bb6f-11f1-93a8-090a75922668,113.00043,,,0.59302,,,,,,,3737a129-c7b8-45bf-aff7-ddc2ce9649b7,2026-09-28,19:01:57.50,2026-09-28T15:01:57.5060000-04:00,2026-09-28T19:01:57.5060000Z,,v3,471298,,,,,Undefined,FOR_RAM,f03d2f5e-b6a6-458b-87f6-49e5df907102,24.41063,-70.16003,3.68169,5.14756,-8.58965,-13.30076,0.08884,-6.6579,1.83966,,,,,,,,,,,,,,,,,,,,,,,,,,,,,,,,,,,,,,,,,,,,,,,,,,,High,High,High,,,,,
381,2026-09-28,15:02:00.74,,,,,Undefined,FOR_RAM,"Markey, Tommy",10084492,Left,FOR_RAM,Undefined,1,Bottom,0,0,0,Undefined,Slider,Undefined,Undefined,LineDrive,Undefined,0,0,,49.06458,-1.2641,1.973394,1018.313837,134.818458,10:30,6.07799,-1.13185,26.14383,-36.67974,6.05008,-5.27697,2.29392,-0.43642,47.56336,-11.919252,0.439144,0.470476,91.16256,10.009457,30.160368,1230.693206,92.92562,7.91275,58.8614,157.16492,129.4111,33.631804,1.374272,7.5113,8.85071,1.75485,50,5.80038,-3.34659,-73.51448,4.2325,4.1583,7.76658,-27.27423,FOR_RAM,,FordhamUniversity,,,20260928-FordhamUniversity-BP-1,07432180-bb6f-11f1-93a8-090a75922668,80.11562,9.34811,,1.50122,,,,2.19844,2.34052,0.62505,3737a129-c7b8-45bf-aff7-ddc2ce9649b7,2026-09-28,19:02:00.74,2026-09-28T15:02:00.7400000-04:00,2026-09-28T19:02:00.7400000Z,LineDrive,v3,471298,,,,,Undefined,FOR_RAM,7fece790-3852-45b6-987d-d4d43fd97ed4,34.36053,-71.84322,3.88329,6.07969,-1.63654,-13.63712,1.13098,-2.45178,2.07915,,2.19845,113.84279,-18.02724,2.97511,-0.13289,-0.70588,0.65043,-0.26196,0.04015,2.34052,23.23927,-20.40905,2.10511,-0.43098,0.0747,0.0002,-0.00372,0.0006,0.62503,66.1566,-2.72743,0.59513,-0.92939,1.34181,-1.08586,0.43507,-0.06796,,,,,,,,,,,,,,,,,,,,,,,High,High,High,Medium,Medium,,,
382,2026-09-28,15:02:05.91,,,,,Undefined,FOR_RAM,"Markey, Tommy",10084492,Left,FOR_RAM,Undefined,1,Bottom,0,0,0,Undefined,Slider,Undefined,Undefined,LineDrive,Undefined,0,0,,48.74124,-2.1961,3.414544,1094.844914,134.767915,10:30,5.9372,-1.13516,26.01432,-38.41833,5.28197,-4.51044,1.46504,0.46243,47.53208,-13.235774,2.109459,0.475788,82.56869,7.797431,18.192174,2256.373943,,,,101.54896,101.34955,20.146234,0.919909,6.79311,7.94902,2.13184,50,5.89405,-5.03203,-72.84671,3.20429,3.70428,7.37138,-27.83944,FOR_RAM,,FordhamUniversity,,,20260928-FordhamUniversity-BP-1,0a5802a0-bb6f-11f1-93a8-090a75922668,79.22104,4.8834,,1.20916,,,,2.07312,1.69055,-0.42362,3737a129-c7b8-45bf-aff7-ddc2ce9649b7,2026-09-28,19:02:05.91,2026-09-28T15:02:05.9170000-04:00,2026-09-28T19:02:05.9170000Z,GroundBall,v3,471298,,,,,Undefined,FOR_RAM,8e0e1c28-e599-45bc-b6f4-de4f3650b3be,34.49042,-71.26001,3.68569,5.93883,-2.78818,-13.91972,1.1345,-4.23468,1.85214,298.052532,2.07312,113.98356,-15.09112,1.76916,-0.28129,-0.00131,0.00734,-0.00121,0.00024,1.69055,16.42985,-22.22546,3.04568,-0.62297,0.13789,-0.02383,0.00434,-0.00058,-0.42362,37.45864,2.47886,-1.90501,0.57023,-0.14778,0.02875,-0.00584,0.00079,,,,,,,,,,,,,,,,,,,,,,,High,High,High,Medium,High,,,
383,2026-09-28,15:02:10.70,,,,,Undefined,FOR_RAM,"Markey, Tommy",10084492,Left,FOR_RAM,Undefined,1,Bottom,0,0,0,Undefined,Slider,Undefined,Undefined,LineDrive,Undefined,0,0,,48.68222,-1.78902,3.216513,1068.562217,131.89861,10:30,6.10578,-1.19365,26.49684,-36.42329,6.06288,-5.88209,2.05088,0.14782,47.3492,-12.447487,1.489808,0.469132,92.76778,11.779757,5.167592,1011.863775,109.91687,15.89709,4.27101,228.14906,228.14906,-1.212413,2.215075,8.75981,9.1878,2.19306,50,5.94395,-5.03518,-72.83582,3.75313,4.77466,7.38006,-27.1661,FOR_RAM,,FordhamUniversity,,,20260928-FordhamUniversity-BP-1,0d451070-bb6f-11f1-93a8-090a75922668,80.34505,16.0792,,1.33302,,,,1.59095,2.07984,-0.14909,3737a129-c7b8-45bf-aff7-ddc2ce9649b7,2026-09-28,19:02:10.70,2026-09-28T15:02:10.7090000-04:00,2026-09-28T19:02:10.7090000Z,LineDrive,v3,471298,,,,,Undefined,FOR_RAM,0e3b3b43-6beb-4608-8269-dc8756928392,34.00753,-71.19695,3.69003,6.10757,-2.27957,-13.58305,1.19264,-3.97489,2.38733,124.087204,1.59094,132.65284,-17.93479,2.76847,-0.56375,0.11412,-0.0218,0.00276,-0.00014,2.07986,27.77524,-14.63712,0.93016,-0.06548,-0.04486,0.03119,-0.00777,0.00073,-0.14917,12.00244,-9.45537,2.31055,-0.88297,0.45165,-0.17641,0.03821,-0.0034,,,,,,,,,,,,,,,,,,,,,,,High,High,High,High,High,,,
384,2026-09-28,15:02:19.15,,,,,Undefined,FOR_RAM,"Dean, Mason",1000150670,Left,FOR_RAM,Undefined,1,Bottom,0,0,0,Undefined,Slider,Undefined,Undefined,LineDrive,Undefined,0,0,,49.06504,-0.726265,3.250773,1073.178628,117.869592,10:00,5.99172,-1.21405,26.37517,-37.98868,4.44878,-6.75004,2.41062,0.08155,47.24902,-11.866973,1.277579,0.468863,,,,,,,,,,,,10.08339,6.51678,2.22937,50,5.52127,-5.26334,-73.70335,5.28038,5.54934,8.7178,-28.58757,FOR_RAM,,FordhamUniversity,,,20260928-FordhamUniversity-BP-1,12387590-bb6f-11f1-93a8-090a75922668,80.39112,,,1.81602,,,,,,,3737a129-c7b8-45bf-aff7-ddc2ce9649b7,2026-09-28,19:02:19.15,2026-09-28T15:02:19.1570000-04:00,2026-09-28T19:02:19.1570000Z,,v3,471298,,,,,Undefined,FOR_RAM,556ffea5-0018-4015-ba07-757f7c5ff298,34.13005,-71.80169,4.3589,5.99297,-0.9556,-14.29378,1.21327,-4.05283,2.77467,,,,,,,,,,,,,,,,,,,,,,,,,,,,,,,,,,,,,,,,,,,,,,,,,,,High,High,High,,,,,
385,2026-09-28,15:02:25.38,,,,,Undefined,FOR_RAM,"Dean, Mason",1000150670,Left,FOR_RAM,Undefined,1,Bottom,0,0,0,Undefined,Slider,Undefined,Undefined,Undefined,Undefined,0,0,,49.2685,-1.89919,1.801071,1081.365835,126.200289,10:15,6.09382,-1.17973,25.89714,-39.08691,3.77524,-4.14197,1.7354,-0.48116,48.14459,-13.099132,0.603715,0.471203,,,,,,,,,,,,5.89036,5.74729,1.72877,50,5.9654,-2.95111,-73.68849,3.6715,3.29665,7.28967,-28.95748,FOR_RAM,,FordhamUniversity,,,20260928-FordhamUniversity-BP-1,15ff68a0-bb6f-11f1-93a8-090a75922668,79.99189,,,1.12391,,,,,,,3737a129-c7b8-45bf-aff7-ddc2ce9649b7,2026-09-28,19:02:25.38,2026-09-28T15:02:25.3880000-04:00,2026-09-28T19:02:25.3880000Z,,v3,471298,,,,,Undefined,FOR_RAM,b7f501b6-5c89-49fa-8fab-ebe18a78a657,34.60809,-72.14977,3.64483,6.09528,-2.44091,-14.47874,1.17928,-2.25525,1.64832,,,,,,,,,,,,,,,,,,,,,,,,,,,,,,,,,,,,,,,,,,,,,,,,,,,High,High,High,,,,,
386,2026-09-28,15:02:29.80,,,,,Undefined,FOR_RAM,"Dean, Mason",1000150670,Left,FOR_RAM,Undefined,1,Bottom,0,0,0,Undefined,Slider,Undefined,Undefined,Undefined,Undefined,0,0,,49.86852,-0.484054,0.775832,1047.214001,130.149886,10:15,5.9303,-1.34157,26.42185,-36.40411,4.57638,-4.38705,2.62061,-1.26478,47.81382,-11.21398,-0.510539,0.460744,,,,,,,,,,,,6.09229,6.92839,1.62716,50,5.42865,-1.70591,-75.07677,5.37995,3.46469,9.39507,-28.23387,FOR_RAM,,FordhamUniversity,,,20260928-FordhamUniversity-BP-1,189d6c10-bb6f-11f1-93a8-090a75922668,81.80773,,,2.0547,,,,,,,3737a129-c7b8-45bf-aff7-ddc2ce9649b7,2026-09-28,19:02:29.80,2026-09-28T15:02:29.8090000-04:00,2026-09-28T19:02:29.8090000Z,,v3,471298,,,,,Undefined,FOR_RAM,de87c762-f361-4140-b9b9-62fa0a6ccf4a,34.08186,-73.05763,4.69753,5.93284,-0.68793,-14.11694,1.34054,-0.9613,1.73235,,,,,,,,,,,,,,,,,,,,,,,,,,,,,,,,,,,,,,,,,,,,,,,,,,,High,High,High,,,,,
387,2026-09-28,15:02:34.86,,,,,Undefined,FOR_RAM,"Dean, Mason",1000150670,Left,FOR_RAM,Undefined,1,Bottom,0,0,0,Undefined,Slider,Undefined,Undefined,LineDrive,Undefined,0,0,,50.07736,-2.46409,3.21953,1063.411507,122.949703,10:00,5.96766,-1.14637,26.21641,-37.42687,3.61504,-4.34973,1.43189,0.3403,48.65406,-13.292509,1.952326,0.461089,94.71824,9.969048,11.898574,1190.375573,108.18507,16.32885,19.89918,263.72415,239.87192,8.908808,2.611755,6.66115,5.87402,2.10111,50,6.0028,-4.91186,-75.00212,2.89514,3.82431,8.40028,-28.80165,FOR_RAM,,FordhamUniversity,,,20260928-FordhamUniversity-BP-1,1b957660-bb6f-11f1-93a8-090a75922668,81.74647,17.87749,,1.4233,,,,1.56082,1.53326,-0.31552,3737a129-c7b8-45bf-aff7-ddc2ce9649b7,2026-09-28,19:02:34.86,2026-09-28T15:02:34.8600000-04:00,2026-09-28T19:02:34.8600000Z,LineDrive,v3,471298,,,,,Undefined,FOR_RAM,6dbc57b5-db29-49fb-a23e-f925f61b6d75,34.2886,-73.22129,4.20014,5.96935,-3.2107,-14.40082,1.14575,-4.10113,1.91216,164.546913,1.56081,133.88364,-21.15601,4.51326,-0.82882,0.13463,-0.01886,0.00196,-0.0001,1.5333,24.04436,-7.31495,-1.75048,0.59844,-0.13637,0.02156,-0.00173,3E-05,-0.31553,28.21108,-7.92285,1.91704,-0.41315,0.07829,-0.01213,0.00129,-7E-05,,,,,,,,,,,,,,,,,,,,,,,High,High,High,High,Medium,,,
388,2026-09-28,15:02:39.83,,,,,Undefined,FOR_RAM,"Dean, Mason",1000150670,Left,FOR_RAM,Undefined,1,Bottom,0,0,0,Undefined,Slider,Undefined,Undefined,LineDrive,Undefined,0,0,,48.62221,-0.042502,3.149647,1081.297241,147.109338,11:00,5.87485,-1.24235,27.12906,-35.37451,5.66996,-3.15965,2.90323,0.25304,46.88924,-10.681191,2.205947,0.461104,94.23762,20.839127,26.402922,1745.238844,97.85396,40.32702,50.24534,319.50166,317.32782,29.099382,4.128316,5.25284,8.52973,2.21698,50,5.16772,-4.55671,-72.97899,6.24938,2.85471,7.96923,-27.53849,FOR_RAM,,FordhamUniversity,,,20260928-FordhamUniversity-BP-1,1eaaccb0-bb6f-11f1-93a8-090a75922668,81.74394,52.08582,,1.73298,,,,1.69626,3.02511,-0.08293,3737a129-c7b8-45bf-aff7-ddc2ce9649b7,2026-09-28,19:02:39.83,2026-09-28T15:02:39.8380000-04:00,2026-09-28T19:02:39.8380000Z,LineDrive,v3,471298,,,,,Undefined,FOR_RAM,21229848-ba60-49c4-b10b-06885483f44b,33.37507,-71.1404,3.98461,5.87662,-0.10404,-13.76925,1.24167,-3.8981,1.42736,,1.69605,115.7042,-25.43636,6.49071,-1.45409,0.29921,-0.05166,0.00601,-0.00032,3.02559,49.15791,-11.10202,-1.5341,0.79685,-0.24747,0.05105,-0.00578,0.00026,-0.08313,57.44641,-8.91015,1.71585,-0.30211,0.05883,-0.01167,0.00156,-9E-05,,,,,,,,,,,,,,,,,,,,,,,High,High,High,High,High,,,
389,2026-09-28,15:02:49.39,,,,,Undefined,FOR_RAM,"Caron, Michael",1000322224,Right,FOR_RAM,Undefined,1,Bottom,0,0,0,Undefined,Slider,Undefined,Undefined,FlyBall,Undefined,0,0,,48.25562,-1.299093,3.545784,1005.352028,117.734924,10:00,5.94904,-1.28587,26.31107,-40.12215,4.31067,-6.22902,1.86077,0.22616,46.30273,-13.024366,1.727882,0.479759,91.24015,30.200553,-29.352767,1963.89527,96.34336,63.00054,-53.08437,305.59269,152.83637,-29.744854,5.204139,9.44501,6.71193,2.36447,50,5.62244,-5.44193,-72.63856,4.64934,4.98986,9.39735,-28.62808,FOR_RAM,,FordhamUniversity,,,20260928-FordhamUniversity-BP-1,24454740-bb6f-11f1-93a8-090a75922668,78.56533,84.66493,,1.95289,,,,2.7754,2.16237,0.08225,3737a129-c7b8-45bf-aff7-ddc2ce9649b7,2026-09-28,19:02:49.39,2026-09-28T15:02:49.3910000-04:00,2026-09-28T19:02:49.3910000Z,FlyBall,v3,471298,,,,,Undefined,FOR_RAM,adf855ed-a2f4-4099-af5d-52b07ae4ffc9,34.19338,-70.56401,4.69867,5.95123,-1.67056,-14.31404,1.28471,-4.34037,2.49493,,2.77778,100.76035,-24.73818,6.21177,-1.20304,0.18048,-0.02119,0.00188,-9E-05,2.16218,67.31338,-12.88952,-1.37249,0.83308,-0.27663,0.05902,-0.00692,0.00033,0.08097,-56.66753,13.34684,-3.28969,0.62579,-0.0925,0.01089,-0.00099,5E-05,,,,,,,,,,,,,,,,,,,,,,,High,High,High,Low,Low,,,
390,2026-09-28,15:02:57.69,,,,,Undefined,FOR_RAM,"Caron, Michael",1000322224,Right,FOR_RAM,Undefined,1,Bottom,0,0,0,Undefined,Slider,Undefined,Undefined,FlyBall,Undefined,0,0,,49.86388,-1.5116,2.682215,1060.847069,128.045756,10:15,5.9364,-1.32335,26.2772,-36.11443,5.44862,-5.75803,2.06005,-0.266,47.78604,-12.081003,1.002426,0.464008,80.85437,35.026891,25.444484,4132.154181,93.11918,61.94181,58.55605,253.98595,249.62015,42.286578,4.384242,8.4978,8.25646,2.15337,50,5.73678,-4.41165,-75.03949,3.87639,4.80739,9.74469,-27.50319,FOR_RAM,,FordhamUniversity,,,20260928-FordhamUniversity-BP-1,2937c200-bb6f-11f1-93a8-090a75922668,81.23239,68.13726,,2.07784,,,,1.71144,2.06238,0.2268,3737a129-c7b8-45bf-aff7-ddc2ce9649b7,2026-09-28,19:02:57.69,2026-09-28T15:02:57.6980000-04:00,2026-09-28T19:02:57.6980000Z,FlyBall,v3,471298,,,,,Undefined,FOR_RAM,fa6797d2-2c3f-4c50-b605-30a25a6a6da1,34.22699,-72.96245,4.87235,5.93827,-1.9858,-13.75159,1.32224,-3.38697,2.40369,220.488577,1.71094,87.70467,-21.48674,5.14065,-1.24382,0.34105,-0.08585,0.01317,-0.00082,2.06354,68.03302,-19.63621,1.18303,0.06804,-0.13072,0.04533,-0.0066,0.00035,0.22678,41.72199,0.82705,-0.92706,0.25016,-0.04375,0.0053,-0.00023,-2E-05,,,,,,,,,,,,,,,,,,,,,,,High,High,High,High,Medium,,,
391,2026-09-28,15:03:03.22,,,,,Undefined,FOR_RAM,"Caron, Michael",1000322224,Right,FOR_RAM,Undefined,1,Bottom,0,0,0,Undefined,Slider,Undefined,Undefined,LineDrive,Undefined,0,0,,49.51582,-0.556497,2.19354,1370.661058,137.192326,10:30,6.07943,-1.04094,26.50481,-37.48561,3.79378,-2.73532,2.63889,-0.02078,47.6675,-11.602634,1.389807,0.462422,92.33531,13.353255,-33.924329,1740.368033,87.95664,11.33926,-66.05774,161.93877,161.93877,-39.152792,1.474457,4.31044,5.82394,1.69945,50,5.56368,-3.29003,-74.44231,5.5254,2.42046,8.87921,-28.90373,FOR_RAM,,FordhamUniversity,,,20260928-FordhamUniversity-BP-1,2c842de0-bb6f-11f1-93a8-090a75922668,81.51097,12.80466,,1.84832,,,,2.39789,2.83736,0.0448,3737a129-c7b8-45bf-aff7-ddc2ce9649b7,2026-09-28,19:03:03.22,2026-09-28T15:03:03.2250000-04:00,2026-09-28T19:03:03.2250000Z,LineDrive,v3,471298,,,,,Undefined,FOR_RAM,79b8596d-fe6f-4e84-bdc5-be1e5f0632e5,33.99957,-72.50873,4.43961,6.08159,-0.76883,-14.45186,1.04039,-2.76294,1.21023,,2.3979,109.33199,-21.54523,3.50142,-0.42901,-0.20717,0.16348,-0.0492,0.00571,2.83738,31.27184,-26.45731,2.96749,0.46845,-1.07592,0.67548,-0.21183,0.02742,0.04483,-73.54278,2.77422,-0.68745,1.59934,-1.62276,0.94046,-0.29466,0.03881,,,,,,,,,,,,,,,,,,,,,,,High,High,High,Medium,High,,,
392,2026-09-28,15:03:08.97,,,,,Undefined,FOR_RAM,"Caron, Michael",1000322224,Right,FOR_RAM,Undefined,1,Bottom,0,0,0,Undefined,Curveball,Undefined,Undefined,FlyBall,Undefined,0,0,,49.32224,-0.53005,2.711291,1965.501297,139.94766,10:45,5.92758,-1.30511,26.22603,-36.76002,5.70658,-4.02768,2.55987,-0.08444,47.2988,-11.29423,1.539447,0.469024,92.79581,29.590683,-4.875197,2371.777646,109.93075,59.80298,-3.88728,313.00945,310.82063,4.574225,5.063329,6.13288,8.29682,2.11272,50,5.44897,-4.12789,-74.13686,5.19841,3.40427,9.08179,-27.56862,FOR_RAM,,FordhamUniversity,,,20260928-FordhamUniversity-BP-1,2ff1b650-bb6f-11f1-93a8-090a75922668,80.36357,81.48478,,2.02344,,,,2.72953,2.81685,0.12027,3737a129-c7b8-45bf-aff7-ddc2ce9649b7,2026-09-28,19:03:08.97,2026-09-28T15:03:08.9750000-04:00,2026-09-28T19:03:08.9750000Z,FlyBall,v3,471298,,,,,Undefined,FOR_RAM,9cece004-76fa-4018-98ba-708072e7cbf2,34.27794,-72.18521,4.5409,5.92952,-0.726,-13.78431,1.30425,-3.39632,1.70214,199.066104,2.72916,117.9293,-26.03236,6.30668,-1.43361,0.30768,-0.05277,0.00566,-0.00027,2.81955,67.14851,-14.93245,-0.22371,0.50966,-0.22075,0.05061,-0.00587,0.00027,0.12034,-10.05955,7.65646,-2.16534,0.54758,-0.1199,0.01954,-0.00196,9E-05,,,,,,,,,,,,,,,,,,,,,,,High,High,High,High,High,,,
393,2026-09-28,15:03:14.45,,,,,Undefined,FOR_RAM,"Caron, Michael",1000322224,Right,FOR_RAM,Undefined,1,Bottom,0,0,0,Undefined,Slider,Undefined,Undefined,LineDrive,Undefined,0,0,,50.90827,-1.908688,2.59331,1109.060221,114.412674,9:45,5.86905,-1.30799,26.68016,-35.43652,3.52425,-5.80079,1.83485,-0.32348,48.76096,-12.393745,0.878922,0.449247,90.65263,19.273383,5.908317,2538.817276,108.18082,32.38208,19.92263,276.57622,276.22937,17.008892,3.403028,8.74146,5.91296,2.13962,50,5.76016,-4.4438,-76.73953,3.58688,5.153,10.51165,-28.68844,FOR_RAM,,FordhamUniversity,,,20260928-FordhamUniversity-BP-1,33387ce0-bb6f-11f1-93a8-090a75922668,83.90139,36.84086,,2.14731,,,,1.9478,1.95788,0.36361,3737a129-c7b8-45bf-aff7-ddc2ce9649b7,2026-09-28,19:03:14.45,2026-09-28T15:03:14.4550000-04:00,2026-09-28T19:03:14.4550000Z,LineDrive,v3,471298,,,,,Undefined,FOR_RAM,267f8c03-7d5a-4548-b7fd-f2525eb96598,33.82439,-74.49088,5.25583,5.87105,-2.55015,-14.34422,1.3069,-3.34147,2.5765,224.477783,1.94778,124.8389,-26.13675,6.20629,-1.28376,0.23334,-0.03684,0.00431,-0.00023,1.95783,43.88841,-13.69994,-0.55127,0.44558,-0.10979,0.01241,0.00093,-0.00027,0.36359,12.91999,8.66389,-3.5096,1.06156,-0.25913,0.04907,-0.00599,0.00033,,,,,,,,,,,,,,,,,,,,,,,High,High,High,High,High,,,
394,2026-09-28,15:03:24.28,,,,,Undefined,FOR_RAM,"Wansaw, Michael",1000503198,Right,FOR_RAM,Undefined,1,Bottom,0,0,0,Undefined,Slider,Undefined,Undefined,LineDrive,Undefined,0,0,,48.38511,-4.640798,2.878808,985.270801,127.841906,10:15,5.45359,-0.42436,37.64114,-16.86619,1.64193,-1.77331,2.3048,0.50644,47.40062,-12.076631,2.087382,0.309637,98.47878,16.598359,-34.682084,1467.214654,88.89707,12.77303,-64.78656,158.93391,141.67499,-37.12853,1.418344,6.3074,6.6587,2.00111,50,5.61084,-4.85529,-73.91845,4.93075,3.49121,8.77745,-28.4884,FOR_RAM,,FordhamUniversity,,,20260928-FordhamUniversity-BP-1,39081130-bb6f-11f1-93a8-090a75922668,121.7311,14.62812,,0.98449,,,,1.76687,2.04315,-0.27261,3737a129-c7b8-45bf-aff7-ddc2ce9649b7,2026-09-28,19:03:24.28,2026-09-28T15:03:24.2850000-04:00,2026-09-28T19:03:24.2850000Z,LineDrive,v3,471298,,,,,Undefined,FOR_RAM,f5d6ca51-9f31-4450-ab94-b4ea7765a2b7,22.86476,-70.6228,4.38872,5.45409,-5.76571,-14.2442,0.4242,-3.54445,1.7456,,1.76687,113.82316,-25.17224,6.90628,-1.95204,0.57445,-0.15576,0.03182,-0.00338,2.04315,41.2595,-37.93943,7.77633,-2.24989,0.65665,-0.17805,0.03638,-0.00385,-0.27261,-78.76225,11.1125,-3.06693,0.85945,-0.25296,0.06858,-0.01401,0.00149,,,,,,,,,,,,,,,,,,,,,,,High,High,High,Medium,Medium,,,
395,2026-09-28,15:03:28.96,,,,,Undefined,FOR_RAM,"Wansaw, Michael",1000503198,Right,FOR_RAM,Undefined,1,Bottom,0,0,0,Undefined,Curveball,Undefined,Undefined,LineDrive,Undefined,0,0,,50.04408,-2.023768,4.128095,2000.053544,126.325873,10:15,5.84643,-1.39983,26.7228,-35.12758,5.05414,-5.66792,1.77244,0.46389,48.10023,-12.409134,2.455754,0.456232,96.16418,20.568511,-12.458655,1252.911703,108.6002,35.42532,-17.49127,269.70089,269.70089,-3.234827,3.362048,9.01662,7.99323,2.66972,50,5.7654,-6.37219,-75.19369,3.39831,5.13658,9.54254,-27.62047,FOR_RAM,,FordhamUniversity,,,20260928-FordhamUniversity-BP-1,3be392d0-bb6f-11f1-93a8-090a75922668,82.61683,41.34519,,1.94384,,,,4.67906,2.45874,-0.3191,3737a129-c7b8-45bf-aff7-ddc2ce9649b7,2026-09-28,19:03:28.96,2026-09-28T15:03:28.9640000-04:00,2026-09-28T19:03:28.9640000Z,LineDrive,v3,471298,,,,,Undefined,FOR_RAM,ab4cd2ac-9132-41c3-9bb0-20bafe52883c,33.78182,-73.10654,4.77127,5.84802,-2.64286,-13.81023,1.39886,-5.24871,2.56829,217.490746,4.67916,128.93627,-28.33702,7.11342,-1.62129,0.33417,-0.05422,0.00565,-0.00027,2.4585,49.55946,-16.54687,0.40139,0.07708,-0.0168,-0.00256,0.00098,-6E-05,-0.31922,-28.48337,14.19701,-3.93532,0.97784,-0.20768,0.03343,-0.00348,0.00017,,,,,,,,,,,,,,,,,,,,,,,High,High,High,Medium,Medium,,,
396,2026-09-28,15:03:34.85,,,,,Undefined,FOR_RAM,"Wansaw, Michael",1000503198,Right,FOR_RAM,Undefined,1,Bottom,0,0,0,Undefined,Slider,Undefined,Undefined,FlyBall,Undefined,0,0,,49.57673,-1.673475,3.492124,1079.367064,131.477118,10:30,5.82935,-1.29641,26.5953,-35.40167,5.49666,-5.30599,1.92809,0.24438,47.96268,-12.090059,1.931505,0.460282,94.96915,28.339786,-20.115151,1368.399238,102.93028,55.27408,-38.79829,367.84279,167.242,-22.662927,5.079613,8.16335,8.3978,2.37054,50,5.64739,-5.40789,-74.31135,3.8451,4.59829,8.2925,-27.4437,FOR_RAM,,FordhamUniversity,,,20260928-FordhamUniversity-BP-1,3f619600-bb6f-11f1-93a8-090a75922668,81.88986,80.09265,,1.61405,,,,1.94557,1.93259,-0.15639,3737a129-c7b8-45bf-aff7-ddc2ce9649b7,2026-09-28,19:03:34.85,2026-09-28T15:03:34.8500000-04:00,2026-09-28T19:03:34.8500000Z,FlyBall,v3,471298,,,,,Undefined,FOR_RAM,40cdf9ab-6a3d-4c9c-b5c6-cd66fbe7caf3,33.90932,-72.49353,4.14625,5.83089,-2.17089,-13.72185,1.29555,-4.3999,2.29914,,1.94624,115.10495,-22.21403,5.21534,-1.10073,0.22007,-0.03717,0.00411,-0.0002,1.9342,66.0801,-14.60607,-0.10648,0.43313,-0.20608,0.05109,-0.00634,0.00031,-0.15655,-42.15843,6.12576,-1.30625,0.25245,-0.04903,0.0088,-0.00105,6E-05,,,,,,,,,,,,,,,,,,,,,,,High,High,High,Medium,Low,,,