PitchNo,Date,Time,PAofInning,PitchofPA,Pitcher,PitcherId,PitcherThrows,PitcherTeam,Batter,BatterId,BatterSide,BatterTeam,PitcherSet,Inning,Top/Bottom,Outs,Balls,Strikes,TaggedPitchType,AutoPitchType,PitchCall,KorBB,TaggedHitType,PlayResult,OutsOnPlay,RunsScored,Notes,RelSpeed,VertRelAngle,HorzRelAngle,SpinRate,SpinAxis,Tilt,RelHeight,RelSide,Extension,VertBreak,InducedVertBreak,HorzBreak,PlateLocHeight,PlateLocSide,ZoneSpeed,VertApprAngle,HorzApprAngle,ZoneTime,ExitSpeed,Angle,Direction,HitSpinRate,PositionAt110X,PositionAt110Y,PositionAt110Z,Distance,LastTrackedDistance,Bearing,HangTime,pfxx,pfxz,x0,y0,z0,vx0,vy0,vz0,ax0,ay0,az0,HomeTeam,AwayTeam,Stadium,Level,League,GameID,PitchUID,EffectiveVelo,MaxHeight,MeasuredDuration,SpeedDrop,PitchLastMeasuredX,PitchLastMeasuredY,PitchLastMeasuredZ,ContactPositionX,ContactPositionY,ContactPositionZ,GameUID,UTCDate,UTCTime,LocalDateTime,UTCDateTime,AutoHitType,System,HomeTeamForeignID,AwayTeamForeignID,GameForeignID,Catcher,CatcherId,CatcherThrows,CatcherTeam,PlayID,PitchTrajectoryXc0,PitchTrajectoryXc1,PitchTrajectoryXc2,PitchTrajectoryYc0,PitchTrajectoryYc1,PitchTrajectoryYc2,PitchTrajectoryZc0,PitchTrajectoryZc1,PitchTrajectoryZc2,HitSpinAxis,HitTrajectoryXc0,HitTrajectoryXc1,HitTrajectoryXc2,HitTrajectoryXc3,HitTrajectoryXc4,HitTrajectoryXc5,HitTrajectoryXc6,HitTrajectoryXc7,HitTrajectoryXc8,HitTrajectoryYc0,HitTrajectoryYc1,HitTrajectoryYc2,HitTrajectoryYc3,HitTrajectoryYc4,HitTrajectoryYc5,HitTrajectoryYc6,HitTrajectoryYc7,HitTrajectoryYc8,HitTrajectoryZc0,HitTrajectoryZc1,HitTrajectoryZc2,HitTrajectoryZc3,HitTrajectoryZc4,HitTrajectoryZc5,HitTrajectoryZc6,HitTrajectoryZc7,HitTrajectoryZc8,ThrowSpeed,PopTime,ExchangeTime,TimeToBase,CatchPositionX,CatchPositionY,CatchPositionZ,ThrowPositionX,ThrowPositionY,ThrowPositionZ,BasePositionX,BasePositionY,BasePositionZ,ThrowTrajectoryXc0,ThrowTrajectoryXc1,ThrowTrajectoryXc2,ThrowTrajectoryYc0,ThrowTrajectoryYc1,ThrowTrajectoryYc2,ThrowTrajectoryZc0,ThrowTrajectoryZc1,ThrowTrajectoryZc2,PitchReleaseConfidence,PitchLocationConfidence,PitchMovementConfidence,HitLaunchConfidence,HitLandingConfidence,CatcherThrowCatchConfidence,CatcherThrowReleaseConfidence,CatcherThrowLocationConfidence
1,2026-09-16,13:35:23.82,,,,,Undefined,FOR_RAM,"Young, Caden",10264258,Right,FOR_RAM,Undefined,1,Bottom,0,0,0,Undefined,,Undefined,Undefined,Undefined,Undefined,0,0,,66.57021,0.421396,-3.90845,2437.221486,,,3.68975,0.13847,15.58883,,,,1.46033,0.177,61.85448,-6.502141,4.011818,0.464363,,,,,,,,,,,,-28.42628,8.74827,-0.49056,50,3.62331,7.74484,-98.27188,1.91575,-27.68652,16.15804,-23.65346,FOR_RAM,,FordhamUniversity,,,20260916-FordhamUniversity-BP-1,f7d3de70-b1f4-11f1-9cb4-878818705a31,81.17026,,,4.71573,,,,,,,721cb527-4b34-4d12-a0fc-997a8ba63409,2026-09-16,17:35:23.82,2026-09-16T13:35:23.8243840-04:00,2026-09-16T17:35:23.8243840Z,,v3,471298,,,,,Undefined,FOR_RAM,b6591ef3-6d64-4450-bcb2-20ad3bf76dc5,44.91839,-97.43278,8.07902,3.6909,0.6874,-11.82673,-0.12569,6.30704,-13.84326,,,,,,,,,,,,,,,,,,,,,,,,,,,,,,,,,,,,,,,,,,,,,,,,,,,Low,Low,Low,,,,,
2,2026-09-16,13:35:32.28,,,,,Undefined,FOR_RAM,"Young, Caden",10264258,Right,FOR_RAM,Undefined,1,Bottom,0,0,0,Undefined,,Undefined,Undefined,Undefined,Undefined,0,0,,70.90601,1.484472,-2.934763,2921.513001,,,3.47379,-0.69116,25.33122,,,,2.55211,-0.54356,65.98456,-4.759189,3.436184,0.337388,,,,,,,,,,,,-28.51352,0.51032,-0.3196,50,2.80002,9.52826,-106.99694,7.03438,-32.29265,22.42871,-31.59608,FOR_RAM,,FordhamUniversity,,,20260916-FordhamUniversity-BP-1,fcb59050-b1f4-11f1-9cb4-878818705a31,111.71827,,,4.92144,,,,,,,721cb527-4b34-4d12-a0fc-997a8ba63409,2026-09-16,17:35:32.28,2026-09-16T13:35:32.2886656-04:00,2026-09-16T17:35:32.2886656Z,,v3,471298,,,,,Undefined,FOR_RAM,4e75b9e3-9fbd-46b1-85bf-669c0b75fa87,35.1756,-103.84296,11.21436,3.47681,2.59126,-15.79804,0.701,4.9872,-16.14633,,,,,,,,,,,,,,,,,,,,,,,,,,,,,,,,,,,,,,,,,,,,,,,,,,,Low,Low,Low,,,,,
3,2026-09-16,13:35:35.47,,,,,Undefined,FOR_RAM,"Young, Caden",10264258,Right,FOR_RAM,Undefined,1,Bottom,0,0,0,Undefined,Slider,Undefined,Undefined,Undefined,Undefined,0,0,,72.62161,-0.419908,-0.09138,2772.093098,170.745271,11:45,4.46449,0.15357,15.28782,-14.85682,21.49497,-3.29103,2.9054,-0.19054,65.49101,-3.926847,-0.808627,0.433945,,,,,,,,,,,,2.34102,16.48343,-0.16304,50,4.47359,0.10535,-107.20915,-0.02132,2.63793,24.02782,-13.60017,FOR_RAM,,FordhamUniversity,,,20260916-FordhamUniversity-BP-1,feb44680-b1f4-11f1-9cb4-878818705a31,86.85999,,,7.1306,,,,,,,721cb527-4b34-4d12-a0fc-997a8ba63409,2026-09-16,17:35:35.47,2026-09-16T13:35:35.4701824-04:00,2026-09-16T17:35:35.4701824Z,,v3,471298,,,,,Undefined,FOR_RAM,5d3bd02d-ceef-40ae-9eb1-a6c747d76afa,45.20386,-106.12879,12.01391,4.45889,-0.63282,-6.80009,-0.15564,0.22396,1.31897,,,,,,,,,,,,,,,,,,,,,,,,,,,,,,,,,,,,,,,,,,,,,,,,,,,High,High,High,,,,,
4,2026-09-16,14:22:38.96,,,,,Undefined,FOR_RAM,"Wansaw, Michael",1000503198,Right,FOR_RAM,Undefined,1,Bottom,0,0,0,Undefined,Slider,Undefined,Undefined,Undefined,Undefined,0,0,,78.62138,-0.737212,0.386529,3229.952934,160.251214,11:15,4.41894,0.09602,15.4466,-11.48087,18.95745,-6.45516,2.90061,-0.14748,71.65919,-3.451487,-1.025537,0.397083,,,,,,,,,,,,4.88,14.77418,-0.06454,50,4.46095,-0.95582,-116.10362,-0.81982,6.5294,25.74854,-12.40636,FOR_RAM,,FordhamUniversity,,,20260916-FordhamUniversity-BP-1,919959d0-b1fb-11f1-9cb4-878818705a31,94.92322,,,6.96219,,,,,,,721cb527-4b34-4d12-a0fc-997a8ba63409,2026-09-16,18:22:38.96,2026-09-16T14:22:38.9617664-04:00,2026-09-16T18:22:38.9617664Z,,v3,471298,,,,,Undefined,FOR_RAM,d1c84ddc-f85f-4759-813c-c14640391586,45.04945,-115.00048,12.87427,4.41445,-1.35134,-6.20318,-0.09949,-0.67608,3.2647,,,,,,,,,,,,,,,,,,,,,,,,,,,,,,,,,,,,,,,,,,,,,,,,,,,High,High,High,,,,,
5,2026-09-16,14:22:54.61,,,,,Undefined,FOR_RAM,"Wansaw, Michael",1000503198,Right,FOR_RAM,Undefined,1,Bottom,0,0,0,Undefined,Slider,Undefined,Undefined,Undefined,Undefined,0,0,,77.35867,-0.438924,-0.023618,3418.478929,167.364552,11:30,4.40801,0.1188,15.2652,-13.14725,18.81068,-3.96937,2.97667,-0.23005,69.95941,-3.533351,-0.888301,0.406875,,,,,,,,,,,,2.94331,14.6078,-0.12104,50,4.42552,-0.06174,-114.32579,-0.2074,3.77549,27.12451,-13.43613,FOR_RAM,,FordhamUniversity,,,20260916-FordhamUniversity-BP-1,9ae7dbb0-b1fb-11f1-9cb4-878818705a31,92.63895,,,7.39927,,,,,,,721cb527-4b34-4d12-a0fc-997a8ba63409,2026-09-16,18:22:54.61,2026-09-16T14:22:54.6101760-04:00,2026-09-16T18:22:54.6101760Z,,v3,471298,,,,,Undefined,FOR_RAM,12c12870-cd60-4416-9a42-fac93a6e947c,45.23296,-113.18913,13.56226,4.40503,-0.77044,-6.71806,-0.12031,0.09647,1.88775,,,,,,,,,,,,,,,,,,,,,,,,,,,,,,,,,,,,,,,,,,,,,,,,,,,High,High,High,,,,,
6,2026-09-16,14:22:59.81,,,,,Undefined,FOR_RAM,"Wansaw, Michael",1000503198,Right,FOR_RAM,Undefined,1,Bottom,0,0,0,Undefined,Changeup,Undefined,Undefined,GroundBall,Undefined,0,0,,74.22739,-1.835244,-1.208969,1614.39791,176.156024,11:45,4.14822,-0.01914,25.36905,-9.03485,10.79721,-0.69461,2.3146,-0.78865,69.6572,-4.504343,-1.405596,0.32052,,,,,,,,,,,,0.50535,14.41064,-0.28567,50,4.4833,2.21501,-111.60892,-1.53441,0.63179,21.75005,-14.15827,FOR_RAM,,FordhamUniversity,,,20260916-FordhamUniversity-BP-1,9df5b7f0-b1fb-11f1-9cb4-878818705a31,117.59771,,,4.5702,,,,,,,721cb527-4b34-4d12-a0fc-997a8ba63409,2026-09-16,18:22:59.81,2026-09-16T14:22:59.8129664-04:00,2026-09-16T18:22:59.8129664Z,,v3,471298,,,,,Undefined,FOR_RAM,6387a90f-e06e-4725-a99b-cc53fc2e129a,35.13456,-108.67338,10.87502,4.14725,-3.44532,-7.07914,0.01903,2.30028,0.3159,,,,,,,,,,,,,,,,,,,,,,,,,,,,,,,,,,,,,,,,,,,,,,,,,,,High,High,High,,,,,
7,2026-09-16,14:23:05.95,,,,,Undefined,FOR_RAM,"Wansaw, Michael",1000503198,Right,FOR_RAM,Undefined,1,Bottom,0,0,0,Undefined,Slider,Undefined,Undefined,LineDrive,Undefined,0,0,,76.21955,-0.67316,-1.35052,3119.502382,177.918935,12:00,4.4112,0.20662,15.43739,-11.19898,21.27375,-0.73453,2.96492,-0.88371,69.35029,-3.342445,-1.511065,0.410139,93.53753,14.441731,4.8563,1873.892863,108.9712,25.68222,15.00912,297.19538,282.63036,12.440593,3.144184,0.08315,16.66249,-0.32283,50,4.44934,2.6329,-112.61456,-0.69817,0.10425,24.95522,-11.28191,FOR_RAM,,FordhamUniversity,,,20260916-FordhamUniversity-BP-1,a1b5cd30-b1fb-11f1-9cb4-878818705a31,91.90166,29.76043,,6.86926,,,,1.48036,2.94605,0.85368,721cb527-4b34-4d12-a0fc-997a8ba63409,2026-09-16,18:23:05.95,2026-09-16T14:23:05.9555328-04:00,2026-09-16T18:23:05.9555328Z,LineDrive,v3,471298,,,,,Undefined,FOR_RAM,16985b3d-717a-456d-8628-9a48264d3502,45.06172,-111.51488,12.47761,4.40762,-1.19532,-5.64095,-0.20671,2.63749,0.05213,210.614389,1.48036,132.37705,-22.85788,5.20692,-1.01346,0.17497,-0.02611,0.00281,-0.00014,2.94605,34.21184,-9.67538,-1.4131,0.56941,-0.1466,0.02641,-0.00269,0.00011,0.85367,11.2466,5.20158,-1.41539,0.3647,-0.08078,0.01411,-0.00161,9E-05,,,,,,,,,,,,,,,,,,,,,,,High,High,High,High,High,,,
8,2026-09-16,14:23:31.01,,,,,Undefined,FOR_RAM,"Young, Caden",10264258,Right,FOR_RAM,Undefined,1,Bottom,0,0,0,Undefined,,Undefined,Undefined,GroundBall,Undefined,0,0,,76.20259,1.449866,-5.31775,3318.352989,,,3.49895,0.28838,15.48615,,,,1.94784,-0.62582,69.85123,-5.723851,2.918032,0.409138,63.32895,-59.113918,-21.612898,,,,,3.45708,2.36336,2.267272,0.029207,-30.15002,0.23154,-0.75567,50,3.35008,11.6274,-112.33779,4.13239,-37.96953,23.10405,-31.88246,FOR_RAM,,FordhamUniversity,,,20260916-FordhamUniversity-BP-1,b0b5ad00-b1fb-11f1-9cb4-878818705a31,92.12648,2.338,,6.35137,,,,2.15421,2.338,0.65188,721cb527-4b34-4d12-a0fc-997a8ba63409,2026-09-16,18:23:31.01,2026-09-16T14:23:31.0125056-04:00,2026-09-16T18:23:31.0125056Z,GroundBall,v3,471298,,,,,Undefined,FOR_RAM,1c2efb57-7f29-4eab-bc80-a91654daff30,45.02198,-111.30928,11.55202,3.50245,2.71308,-15.94123,-0.27568,9.93712,-18.98476,,2.15332,44.51512,,,,,,,,2.33959,-80.04826,,,,,,,,0.65223,-17.63638,,,,,,,,,,,,,,,,,,,,,,,,,,,,,,Low,Low,Low,Low,Low,,,
9,2026-09-16,14:23:35.61,,,,,Undefined,FOR_RAM,"Young, Caden",10264258,Right,FOR_RAM,Undefined,1,Bottom,0,0,0,Undefined,,Undefined,Undefined,GroundBall,Undefined,0,0,,78.51773,-1.747847,-4.041582,1599.461717,,,4.39306,0.17365,15.20915,,,,2.63823,-0.57073,69.3301,-3.117702,2.094368,0.406493,85.04569,-25.459239,8.740477,,,,,7.38791,7.38791,11.159334,0.0494,-22.56588,21.12891,-0.49716,50,4.51452,8.84402,-115.93351,-3.05524,-29.00526,32.85415,-5.01584,FOR_RAM,,FordhamUniversity,,,20260916-FordhamUniversity-BP-1,b3558530-b1fb-11f1-9cb4-878818705a31,92.72599,2.65555,,9.18763,,,,1.73532,2.65555,0.58226,721cb527-4b34-4d12-a0fc-997a8ba63409,2026-09-16,18:23:35.61,2026-09-16T14:23:35.6106752-04:00,2026-09-16T18:23:35.6106752Z,GroundBall,v3,471298,,,,,Undefined,FOR_RAM,1fe81a72-de5e-4870-9175-6b02b7334fa2,45.29016,-114.59103,16.42707,4.38549,-3.2602,-2.50792,-0.15999,7.65881,-14.50263,,1.73306,111.59789,,,,,,,,2.65664,-53.75633,,,,,,,,0.58192,17.15757,,,,,,,,,,,,,,,,,,,,,,,,,,,,,,Low,Low,Low,Estimated,Estimated,,,
10,2026-09-16,14:23:40.72,,,,,Undefined,FOR_RAM,"Young, Caden",10264258,Right,FOR_RAM,Undefined,1,Bottom,0,0,0,Undefined,,Undefined,Undefined,GroundBall,Undefined,0,0,,76.30297,-0.804468,-4.388186,3071.323279,,,4.45729,0.22146,15.29336,,,,3.12784,-0.65916,67.662,-2.964944,2.081368,0.41656,100.20277,3.889574,-21.263967,1599.692673,,,,101.3226,92.94884,-22.012656,0.752017,-24.01218,19.39277,-0.58392,50,4.50323,9.39346,-112.67882,-1.02098,-29.29648,30.17454,-8.51357,FOR_RAM,,FordhamUniversity,,,20260916-FordhamUniversity-BP-1,b66906c0-b1fb-11f1-9cb4-878818705a31,90.485,4.31298,,8.64096,,,,2.69264,3.04404,0.70958,721cb527-4b34-4d12-a0fc-997a8ba63409,2026-09-16,18:23:40.72,2026-09-16T14:23:40.7265792-04:00,2026-09-16T18:23:40.7265792Z,GroundBall,v3,471298,,,,,Undefined,FOR_RAM,966caa4e-71c6-4920-afce-989476f551c2,45.20736,-111.38799,15.08727,4.45176,-1.38518,-4.25679,-0.20888,8.14019,-14.64824,69.780173,2.69264,136.64299,-22.74412,3.72591,-0.86283,0.19312,-0.0431,0.00825,-0.00084,3.04404,9.9691,-20.13849,2.29512,-0.4768,0.11819,-0.02637,0.00557,-0.00077,0.70958,-53.1759,2.36342,-0.11743,0.05675,-0.01042,0.00287,-0.00076,0.00013,,,,,,,,,,,,,,,,,,,,,,,Low,Low,Low,High,Medium,,,
11,2026-09-16,14:23:46.09,,,,,Undefined,FOR_RAM,"Young, Caden",10264258,Right,FOR_RAM,Undefined,1,Bottom,0,0,0,Undefined,,Undefined,Undefined,GroundBall,Undefined,0,0,,74.26386,1.385897,-4.713998,3276.333682,,,3.42528,-0.01288,15.60967,,,,2.15926,-0.50197,68.65238,-4.912886,3.424039,0.416563,98.59274,-2.478137,-8.845508,,,,,22.48596,21.27718,-7.052002,0.146953,-29.7162,4.2465,-0.41806,50,3.27638,10.27962,-109.52022,3.84845,-35.93662,20.12425,-27.03864,FOR_RAM,,FordhamUniversity,,,20260916-FordhamUniversity-BP-1,b99d08a0-b1fb-11f1-9cb4-878818705a31,90.48434,1.92597,,5.61149,,,,1.826,1.92597,0.38783,721cb527-4b34-4d12-a0fc-997a8ba63409,2026-09-16,18:23:46.09,2026-09-16T14:23:46.0961280-04:00,2026-09-16T18:23:46.0961280Z,GroundBall,v3,471298,,,,,Undefined,FOR_RAM,04ebf6fb-bb70-478d-a666-39fedc525ef8,44.89837,-108.57876,10.06213,3.42683,2.58351,-13.51932,0.02352,8.59841,-17.96831,356.646823,1.82562,142.78332,-22.77486,,,,,,,1.92749,-6.38897,-45.85626,,,,,,,0.38782,-22.21341,5.368,,,,,,,,,,,,,,,,,,,,,,,,,,,,,Low,Low,Low,High,High,,,
12,2026-09-16,14:23:57.99,,,,,Undefined,FOR_RAM,"Chavez, Carson",1000156814,Right,FOR_RAM,Undefined,1,Bottom,0,0,0,Undefined,,Undefined,Undefined,LineDrive,Undefined,0,0,,76.05966,-0.403132,-4.797327,3290.219055,,,4.4185,0.25973,15.40539,,,,3.22055,-0.78261,69.30473,-2.959467,2.060833,0.411148,92.45123,8.211544,14.159763,2362.67168,104.38078,9.37874,34.7081,176.54068,148.1726,20.799768,1.604412,-25.1671,17.01717,-0.6715,50,4.43288,10.33465,-112.13759,-0.17861,-31.4767,23.6397,-10.89053,FOR_RAM,,FordhamUniversity,,,20260916-FordhamUniversity-BP-1,c0b8f310-b1fb-11f1-9cb4-878818705a31,91.67616,9.95358,,6.75493,,,,0.93223,3.1966,0.4023,721cb527-4b34-4d12-a0fc-997a8ba63409,2026-09-16,18:23:57.99,2026-09-16T14:23:57.9996672-04:00,2026-09-16T18:23:57.9996672Z,LineDrive,v3,471298,,,,,Undefined,FOR_RAM,c05043f1-2c83-44ce-9df2-e3ab5d5ff1f7,45.09895,-111.0996,11.81985,4.41454,-0.6568,-5.44527,-0.24806,8.95255,-15.73835,247.882493,0.93223,130.12723,-22.89599,4.56355,-0.87035,0.13741,-0.01996,0.00255,-0.00018,3.1966,19.3668,-14.27038,0.52801,0.07558,-0.03377,0.01102,-0.00188,0.00014,0.4023,32.83005,7.07332,-3.23281,1.02665,-0.26677,0.06053,-0.01025,0.00091,,,,,,,,,,,,,,,,,,,,,,,Low,Low,Low,High,High,,,
13,2026-09-16,14:24:02.46,,,,,Undefined,FOR_RAM,"Chavez, Carson",1000156814,Right,FOR_RAM,Undefined,1,Bottom,0,0,0,Undefined,,Undefined,Undefined,GroundBall,Undefined,0,0,,73.01905,0.864144,-4.09898,3270.662745,,,3.65036,0.02009,15.57086,,,,1.89409,0.00431,68.53259,-5.639001,4.059324,0.420985,87.38255,-9.304349,-17.988135,,,,,16.72043,8.21816,-17.307893,0.118513,-29.56163,4.08799,-0.39875,50,3.54729,9.03336,-107.68886,2.85862,-35.1146,16.68144,-27.31816,FOR_RAM,,FordhamUniversity,,,20260916-FordhamUniversity-BP-1,c352b0c0-b1fb-11f1-9cb4-878818705a31,89.53392,2.46056,,4.48646,,,,1.67885,2.46056,-0.3364,721cb527-4b34-4d12-a0fc-997a8ba63409,2026-09-16,18:24:02.46,2026-09-16T14:24:02.4607232-04:00,2026-09-16T18:24:02.4607232Z,GroundBall,v3,471298,,,,,Undefined,FOR_RAM,f820dfa2-a331-41c8-af79-50954cd1347e,44.93826,-106.9019,8.34072,3.65175,1.56986,-13.65908,-0.01167,7.3768,-17.5573,,1.67431,120.53057,,,,,,,,2.46134,-20.76186,,,,,,,,-0.33492,-39.13516,,,,,,,,,,,,,,,,,,,,,,,,,,,,,,Low,Low,Low,Low,Low,,,
14,2026-09-16,14:24:07.19,,,,,Undefined,FOR_RAM,"Chavez, Carson",1000156814,Right,FOR_RAM,Undefined,1,Bottom,0,0,0,Undefined,,Undefined,Undefined,LineDrive,Undefined,0,0,,78.24171,-1.636419,-4.375598,3187.904384,,,4.43823,0.16968,15.21141,,,,2.67796,-0.81317,67.10041,-3.323622,1.805846,0.414133,87.02196,26.249166,5.081353,3245.977076,108.82716,46.4376,16.0194,322.41197,311.47893,13.601838,4.157009,-23.39836,21.43017,-0.51818,50,4.54914,9.43145,-115.62946,-2.77091,-28.85586,39.30455,-5.74543,FOR_RAM,,FordhamUniversity,,,20260916-FordhamUniversity-BP-1,c6213a10-b1fb-11f1-9cb4-878818705a31,91.01533,56.80312,,11.14129,,,,1.99256,2.62183,0.43591,721cb527-4b34-4d12-a0fc-997a8ba63409,2026-09-16,18:24:07.19,2026-09-16T14:24:07.1996928-04:00,2026-09-16T18:24:07.1996928Z,LineDrive,v3,471298,,,,,Undefined,FOR_RAM,3e1eb8da-432a-4ad4-979a-9fa5091ef764,45.28448,-114.0153,19.65227,4.4305,-3.00686,-2.87271,-0.15518,8.2464,-14.42793,214.244327,1.99248,114.02061,-18.99176,4.23667,-0.80872,0.15072,-0.03076,0.00485,-0.00033,2.62264,56.43131,-15.42381,0.2619,0.17484,-0.11673,0.04044,-0.00658,0.0004,0.43579,10.14549,5.06529,-1.51823,0.27579,-0.02121,-0.00131,0.0003,-1E-05,,,,,,,,,,,,,,,,,,,,,,,Low,Low,Low,High,High,,,
15,2026-09-16,14:24:12.05,,,,,Undefined,FOR_RAM,"Chavez, Carson",1000156814,Right,FOR_RAM,Undefined,1,Bottom,0,0,0,Undefined,Slider,Undefined,Undefined,LineDrive,Undefined,0,0,,73.78748,-1.783773,-0.127205,3201.445801,166.468579,11:30,4.16633,0.07074,25.64759,-7.2793,12.79721,-2.94083,2.51824,-0.24857,68.02136,-4.011922,-0.96683,0.32249,87.03783,24.86577,16.022432,3755.977845,102.51092,41.07383,39.89308,293.79095,286.87501,29.46227,3.66152,3.67091,17.23174,-0.06702,50,4.51247,-0.34115,-111.72205,-1.75273,4.4716,26.91508,-11.18381,FOR_RAM,,FordhamUniversity,,,20260916-FordhamUniversity-BP-1,c915c1f0-b1fb-11f1-9cb4-878818705a31,116.87954,46.622,,5.76612,,,,1.58534,2.60414,0.23287,721cb527-4b34-4d12-a0fc-997a8ba63409,2026-09-16,18:24:12.05,2026-09-16T14:24:12.0504320-04:00,2026-09-16T18:24:12.0504320Z,LineDrive,v3,471298,,,,,Undefined,FOR_RAM,4ecf5454-fe86-4810-9b7a-95d154ddc20a,34.85503,-108.01186,13.45754,4.16461,-3.29439,-5.59191,-0.07156,0.27525,2.2358,235.321322,1.58487,111.33702,-21.37028,5.08864,-1.26225,0.34586,-0.08821,0.01429,-0.00096,2.60461,53.66393,-17.58865,0.5642,0.27892,-0.17545,0.05425,-0.00799,0.00044,0.23285,31.96884,6.41022,-2.79035,0.84555,-0.19822,0.03542,-0.00392,0.00018,,,,,,,,,,,,,,,,,,,,,,,High,High,High,High,High,,,
16,2026-09-16,14:24:22.23,,,,,Undefined,FOR_RAM,"Velit, Liam",1000239563,Right,FOR_RAM,Undefined,1,Bottom,0,0,0,Undefined,Slider,Undefined,Undefined,LineDrive,Undefined,0,0,,76.61111,-0.736884,0.211796,3393.907218,167.260363,11:30,4.40548,0.11751,15.41235,-12.43867,20.23655,-4.29748,2.80715,-0.07916,68.65515,-3.71308,-0.727518,0.411415,84.77135,20.736539,-9.429285,1437.269214,108.90287,35.59288,-15.49517,305.82546,288.2251,-5.249534,3.68996,3.3048,15.93233,-0.09963,50,4.44816,-0.5384,-113.32215,-0.78945,4.11443,28.91033,-12.33851,FOR_RAM,,FordhamUniversity,,,20260916-FordhamUniversity-BP-1,cf341280-b1fb-11f1-9cb4-878818705a31,91.61648,41.73678,,7.95596,,,,2.87916,3.0143,-0.09185,721cb527-4b34-4d12-a0fc-997a8ba63409,2026-09-16,18:24:22.23,2026-09-16T14:24:22.2375936-04:00,2026-09-16T18:24:22.2375936Z,LineDrive,v3,471298,,,,,Undefined,FOR_RAM,55318dcf-abc0-4e8c-b4b3-bd0e2e0ae011,45.08522,-112.0613,14.45516,4.40199,-1.32756,-6.16926,-0.11919,-0.35896,2.05721,192.559704,2.87875,114.71867,-17.38525,4.02738,-0.81766,0.16591,-0.03225,0.00451,-0.00028,3.01509,43.99681,-12.2982,-0.43948,0.31422,-0.11338,0.02914,-0.00397,0.0002,-0.09174,-19.05307,5.07075,-0.93398,0.2192,-0.06712,0.01826,-0.00287,0.00018,,,,,,,,,,,,,,,,,,,,,,,High,High,High,High,High,,,
17,2026-09-16,14:24:27.31,,,,,Undefined,FOR_RAM,"Velit, Liam",1000239563,Right,FOR_RAM,Undefined,1,Bottom,0,0,0,Undefined,,Undefined,Undefined,GroundBall,Undefined,0,0,,74.50326,-0.064983,-4.457698,3341.879555,,,3.81454,0.11699,15.48644,,,,2.47713,-0.49685,68.0558,-3.671267,2.842203,0.418552,108.36926,5.496537,-3.077236,565.278839,,,,130.67039,121.4218,0.940355,1.000742,-26.82277,14.32595,-0.51128,50,3.79946,9.61888,-109.93477,0.62615,-32.25815,22.6322,-14.94508,FOR_RAM,,FordhamUniversity,,,20260916-FordhamUniversity-BP-1,d2295db0-b1fb-11f1-9cb4-878818705a31,90.05444,5.65588,,6.44746,,,,3.63199,2.6152,0.59965,721cb527-4b34-4d12-a0fc-997a8ba63409,2026-09-16,18:24:27.31,2026-09-16T14:24:27.3114112-04:00,2026-09-16T18:24:27.3114112Z,LineDrive,v3,471298,,,,,Undefined,FOR_RAM,736d848b-211b-4ee1-bbce-bf22a72e27bf,45.01873,-108.90445,11.3161,3.81247,-0.05422,-7.47254,-0.10681,8.15035,-16.12908,273.563571,3.63199,157.98237,-39.3327,10.62783,-3.04184,0.92622,-0.27398,0.06569,-0.00875,2.6152,15.22429,-20.13006,2.96783,-0.86339,0.26103,-0.07717,0.01857,-0.00247,0.59965,-8.49307,12.66365,-3.39058,0.98836,-0.30117,0.08916,-0.02141,0.00285,,,,,,,,,,,,,,,,,,,,,,,Low,Low,Low,Medium,Medium,,,
18,2026-09-16,14:24:32.59,,,,,Undefined,FOR_RAM,"Velit, Liam",1000239563,Right,FOR_RAM,Undefined,1,Bottom,0,0,0,Undefined,,Undefined,Undefined,LineDrive,Undefined,0,0,,76.97254,-1.238963,-4.548362,3079.782515,,,4.49196,0.30744,15.13749,,,,3.04634,-0.84872,67.95444,-2.827561,1.531525,0.415357,93.65743,24.115938,-8.755536,1421.591316,108.99338,42.80147,-14.84611,341.20594,338.46293,-7.766974,4.004435,-22.68328,21.24674,-0.66863,50,4.57065,9.67858,-113.58397,-1.96388,-28.01087,31.37755,-5.93713,FOR_RAM,,FordhamUniversity,,,20260916-FordhamUniversity-BP-1,d55919d0-b1fb-11f1-9cb4-878818705a31,90.74713,54.62852,,9.0181,,,,3.3127,2.98388,0.57121,721cb527-4b34-4d12-a0fc-997a8ba63409,2026-09-16,18:24:32.59,2026-09-16T14:24:32.5956608-04:00,2026-09-16T18:24:32.5956608Z,FlyBall,v3,471298,,,,,Undefined,FOR_RAM,96710fdb-af32-4a83-8a6f-d3442ae99422,45.36224,-112.29548,15.68877,4.48499,-2.20769,-2.96857,-0.2948,8.52834,-14.00544,188.661812,3.31246,123.91976,-20.04582,4.6649,-1.01604,0.21615,-0.03886,0.00449,-0.00023,2.98398,56.12354,-16.43614,0.72007,-0.04675,0.00461,-0.00438,0.00153,-0.00016,0.57115,-19.08239,4.40231,-1.25818,0.28592,-0.05213,0.00684,-0.0006,3E-05,,,,,,,,,,,,,,,,,,,,,,,Low,Low,Low,High,High,,,
19,2026-09-16,14:24:39.90,,,,,Undefined,FOR_RAM,"Velit, Liam",1000239563,Right,FOR_RAM,Undefined,1,Bottom,0,0,0,Undefined,,Undefined,Undefined,LineDrive,Undefined,0,0,,76.95701,-1.330417,-3.260471,3069.822604,,,4.21344,-0.01667,15.35732,,,,2.29904,0.12878,68.19405,-3.968154,3.639063,0.412777,78.77752,14.639107,11.074041,2565.221626,106.52309,18.42535,27.43573,213.14956,208.96261,17.760359,2.367002,-24.8593,17.53099,-0.25145,50,4.30415,7.25333,-113.81607,-2.00612,-30.79276,31.68749,-10.45875,FOR_RAM,,FordhamUniversity,,,20260916-FordhamUniversity-BP-1,d9b8f180-b1fb-11f1-9cb4-878818705a31,91.31433,18.43284,,8.76296,,,,1.67403,2.32972,0.01904,721cb527-4b34-4d12-a0fc-997a8ba63409,2026-09-16,18:24:39.90,2026-09-16T14:24:39.9019008-04:00,2026-09-16T18:24:39.9019008Z,LineDrive,v3,471298,,,,,Undefined,FOR_RAM,5184c07c-796a-4616-8ba8-4756300305df,45.1427,-112.45562,15.84374,4.20838,-2.45514,-5.22937,0.03158,5.93129,-15.39638,228.941636,1.67402,109.70893,-15.12525,2.88956,-0.51419,0.06775,-0.00522,0.00015,2E-05,2.32975,29.19809,-13.54414,0.2255,0.04755,0.00553,-0.00643,0.00231,-0.00029,0.01906,21.46975,4.57751,-1.46593,0.36341,-0.05413,0.00117,0.00143,-0.00022,,,,,,,,,,,,,,,,,,,,,,,Low,Low,Low,High,High,,,
20,2026-09-16,14:24:51.73,,,,,Undefined,FOR_RAM,"Hanawalt, Chase",1000367090,Left,FOR_RAM,Undefined,1,Bottom,0,0,0,Undefined,,Undefined,Undefined,Undefined,Undefined,0,0,,76.40208,-0.396073,-4.773733,3229.960628,,,4.01656,0.16077,15.39611,,,,2.24556,-0.56246,68.42878,-4.505771,2.87639,0.413365,,,,,,,,,,,,-27.53738,12.05623,-0.55382,50,4.02866,10.21319,-112.76582,0.04746,-34.01566,28.26469,-17.28154,FOR_RAM,,FordhamUniversity,,,20260916-FordhamUniversity-BP-1,e0d5c650-b1fb-11f1-9cb4-878818705a31,91.18446,,,7.9733,,,,,,,721cb527-4b34-4d12-a0fc-997a8ba63409,2026-09-16,18:24:51.73,2026-09-16T14:24:51.7383680-04:00,2026-09-16T18:24:51.7383680Z,,v3,471298,,,,,Undefined,FOR_RAM,00d264f6-b395-433c-9bef-2dd798e2cf34,45.10555,-111.53228,14.13235,4.01428,-0.70675,-8.64077,-0.14049,8.72866,-17.00783,,,,,,,,,,,,,,,,,,,,,,,,,,,,,,,,,,,,,,,,,,,,,,,,,,,Low,Low,Low,,,,,
21,2026-09-16,14:24:57.20,,,,,Undefined,FOR_RAM,"Hanawalt, Chase",1000367090,Left,FOR_RAM,Undefined,1,Bottom,0,0,0,Undefined,,Undefined,Undefined,LineDrive,Undefined,0,0,,72.0513,1.994155,-2.090158,1661.69272,,,3.30482,-0.71675,25.4997,,,,2.20614,-0.18206,69.7738,-5.797347,3.918027,0.324003,84.09144,26.219458,-15.903201,4187.01114,103.41415,43.94777,-37.49015,290.05189,150.90244,-26.031667,3.955383,-27.62761,-9.19611,-0.13922,50,2.36926,8.45307,-107.3747,9.70597,-33.4437,12.15327,-43.30611,FOR_RAM,,FordhamUniversity,,,20260916-FordhamUniversity-BP-1,e3f5f210-b1fb-11f1-9cb4-878818705a31,116.33357,49.91874,,2.2775,,,,1.55932,2.10605,0.298,721cb527-4b34-4d12-a0fc-997a8ba63409,2026-09-16,18:24:57.20,2026-09-16T14:24:57.2091392-04:00,2026-09-16T18:24:57.2091392Z,LineDrive,v3,471298,,,,,Undefined,FOR_RAM,01b9ef86-9a0b-49b5-98a1-8b6f16c0374f,35.00949,-105.66436,6.07663,3.30635,3.6115,-21.65306,0.7192,3.74653,-16.72185,137.451151,1.56012,106.38845,-21.07474,4.97578,-0.93216,0.13086,-0.02091,0.00438,-0.00041,2.1066,54.4712,-16.56436,0.1918,0.54427,-0.32476,0.10951,-0.01859,0.00122,0.29796,-30.31649,-3.3791,1.96355,-0.67222,0.18219,-0.03956,0.00549,-0.00033,,,,,,,,,,,,,,,,,,,,,,,Low,Low,Low,Medium,Low,,,
22,2026-09-16,14:25:04.07,,,,,Undefined,FOR_RAM,"Hanawalt, Chase",1000367090,Left,FOR_RAM,Undefined,1,Bottom,0,0,0,Undefined,,Undefined,Undefined,Undefined,Undefined,0,0,,75.63289,-0.494211,-3.779653,3351.344881,,,4.43781,0.31376,15.29748,,,,2.99938,0.13839,68.91456,-3.491876,3.3182,0.414518,,,,,,,,,,,,-25.64171,15.87257,-0.63057,50,4.45963,8.30016,-111.66039,-0.31006,-31.69011,24.06092,-12.55742,FOR_RAM,,FordhamUniversity,,,20260916-FordhamUniversity-BP-1,e818e7d0-b1fb-11f1-9cb4-878818705a31,90.93072,,,6.71832,,,,,,,721cb527-4b34-4d12-a0fc-997a8ba63409,2026-09-16,18:25:04.07,2026-09-16T14:25:04.0740864-04:00,2026-09-16T18:25:04.0740864Z,,v3,471298,,,,,Undefined,FOR_RAM,33ed3efd-6293-499a-99e9-e8c1c2de9c92,45.2069,-110.62274,12.03046,4.43458,-0.85161,-6.27871,-0.30209,6.93349,-15.84506,,,,,,,,,,,,,,,,,,,,,,,,,,,,,,,,,,,,,,,,,,,,,,,,,,,Low,Low,Low,,,,,
23,2026-09-16,14:25:10.46,,,,,Undefined,FOR_RAM,"Hanawalt, Chase",1000367090,Left,FOR_RAM,Undefined,1,Bottom,0,0,0,Undefined,,Undefined,Undefined,LineDrive,Undefined,0,0,,74.15066,2.628181,-2.687541,3341.353453,,,3.36839,-0.72641,25.32764,,,,2.312,-0.70554,69.44307,-6.330964,2.762546,0.32188,98.46398,12.721547,2.657206,1936.470302,109.99809,20.42159,0.59952,288.71768,284.59454,-4.144956,2.689195,-25.02564,-14.75217,-0.21142,50,2.26725,9.09657,-111.69233,11.6126,-31.13362,22.96621,-50.52673,FOR_RAM,,FordhamUniversity,,,20260916-FordhamUniversity-BP-1,ebed4860-b1fb-11f1-9cb4-878818705a31,117.10072,22.65492,,4.70759,,,,1.84794,2.38334,0.45884,721cb527-4b34-4d12-a0fc-997a8ba63409,2026-09-16,18:25:10.46,2026-09-16T14:25:10.4697344-04:00,2026-09-16T18:25:10.4697344Z,LineDrive,v3,471298,,,,,Undefined,FOR_RAM,0098ba5a-34c3-4818-b9d5-25e7e9d64ba3,35.18054,-108.6024,11.4831,3.37232,4.81462,-25.26337,0.73066,4.90779,-15.56681,134.166971,1.84792,140.71827,-19.8904,4.07221,-0.78694,0.13624,-0.01948,0.0019,-9E-05,2.38344,31.79453,-12.64622,0.11705,-0.0121,0.04709,-0.02397,0.00572,-0.00053,0.45877,6.53549,-9.03571,2.22226,-0.46884,0.06338,9E-05,-0.00178,0.00022,,,,,,,,,,,,,,,,,,,,,,,Low,Low,Low,High,High,,,
24,2026-09-16,14:25:17.92,,,,,Undefined,FOR_RAM,"Hanawalt, Chase",1000367090,Left,FOR_RAM,Undefined,1,Bottom,0,0,0,Undefined,,Undefined,Undefined,Undefined,Undefined,0,0,,75.82701,-0.107122,-4.478353,3282.799255,,,4.32396,0.25865,15.23148,,,,3.27574,-0.50807,68.60294,-2.874463,2.472467,0.41549,,,,,,,,,,,,-25.3395,16.62426,-0.62571,50,4.31274,9.60414,-111.8546,0.41758,-31.2414,25.22099,-11.67779,FOR_RAM,,FordhamUniversity,,,20260916-FordhamUniversity-BP-1,f0df9c10-b1fb-11f1-9cb4-878818705a31,90.71807,,,7.22407,,,,,,,721cb527-4b34-4d12-a0fc-997a8ba63409,2026-09-16,18:25:17.92,2026-09-16T14:25:17.9234816-04:00,2026-09-16T18:25:17.9234816Z,,v3,471298,,,,,Undefined,FOR_RAM,f9e26ed5-f3ff-4336-bf7f-c1fc494a2dc3,45.27194,-110.78339,12.6105,4.31994,-0.07842,-5.83889,-0.24596,8.27722,-15.6207,,,,,,,,,,,,,,,,,,,,,,,,,,,,,,,,,,,,,,,,,,,,,,,,,,,Low,Low,Low,,,,,
25,2026-09-16,14:25:42.87,,,,,Undefined,FOR_RAM,"Wansaw, Michael",1000503198,Right,FOR_RAM,Undefined,1,Bottom,0,0,0,Undefined,Slider,Undefined,Undefined,Undefined,Undefined,0,0,,76.93678,-1.69997,-1.213368,3397.582968,178.282837,12:00,4.39305,0.16706,15.45585,-14.34013,17.29958,-0.48941,1.90275,-0.79791,70.61238,-5.024868,-1.320427,0.404844,,,,,,,,,,,,-0.0213,14.02517,-0.27179,50,4.52123,2.39044,-113.61405,-2.66069,-0.02739,23.83948,-14.1274,FOR_RAM,,FordhamUniversity,,,20260916-FordhamUniversity-BP-1,ff503430-b1fb-11f1-9cb4-878818705a31,93.10364,,,6.3244,,,,,,,721cb527-4b34-4d12-a0fc-997a8ba63409,2026-09-16,18:25:42.87,2026-09-16T14:25:42.8788224-04:00,2026-09-16T18:25:42.8788224Z,,v3,471298,,,,,Undefined,FOR_RAM,55e9d0b8-4511-4381-a60e-5f0fa23e714a,45.04473,-112.56949,11.91974,4.39109,-3.2797,-7.0637,-0.16708,2.38924,-0.0137,,,,,,,,,,,,,,,,,,,,,,,,,,,,,,,,,,,,,,,,,,,,,,,,,,,High,High,High,,,,,
26,2026-09-16,14:25:48.01,,,,,Undefined,FOR_RAM,"Wansaw, Michael",1000503198,Right,FOR_RAM,Undefined,1,Bottom,0,0,0,Undefined,Slider,Undefined,Undefined,Undefined,Undefined,0,0,,74.98898,-1.869876,-1.425718,3246.026985,183.693417,12:00,4.17691,-0.05,25.48479,-6.46567,12.96764,0.80516,2.54066,-0.81928,69.82725,-3.833225,-1.197092,0.317282,,,,,,,,,,,,-1.49067,17.26103,-0.33298,50,4.555,2.97699,-113.03423,-2.13298,-1.89092,24.35769,-10.27843,FOR_RAM,,FordhamUniversity,,,20260916-FordhamUniversity-BP-1,02461ba0-b1fc-11f1-9cb4-878818705a31,118.798,,,5.16173,,,,,,,721cb527-4b34-4d12-a0fc-997a8ba63409,2026-09-16,18:25:48.01,2026-09-16T14:25:48.0127488-04:00,2026-09-16T18:25:48.0127488Z,,v3,471298,,,,,Undefined,FOR_RAM,dd63242e-3e2b-40ab-9403-cc1e08106af5,35.01837,-109.75838,12.17885,4.17518,-3.51532,-5.13921,0.05029,2.72268,-0.94546,,,,,,,,,,,,,,,,,,,,,,,,,,,,,,,,,,,,,,,,,,,,,,,,,,,High,High,High,,,,,
27,2026-09-16,14:25:53.11,,,,,Undefined,FOR_RAM,"Wansaw, Michael",1000503198,Right,FOR_RAM,Undefined,1,Bottom,0,0,0,Undefined,Slider,Undefined,Undefined,Undefined,Undefined,0,0,,76.48904,-0.773025,-2.06011,3038.926584,173.808153,11:45,4.45038,0.20521,15.32306,-10.04233,22.44722,-2.3187,3.02261,-1.56236,69.49305,-3.185528,-2.56511,0.410245,,,,,,,,,,,,1.00386,17.46525,-0.37857,50,4.49566,3.99751,-112.93972,-0.93717,1.26424,25.35467,-10.17886,FOR_RAM,,FordhamUniversity,,,20260916-FordhamUniversity-BP-1,05795a30-b1fc-11f1-9cb4-878818705a31,91.87785,,,6.99599,,,,,,,721cb527-4b34-4d12-a0fc-997a8ba63409,2026-09-16,18:25:53.11,2026-09-16T14:25:53.1119104-04:00,2026-09-16T18:25:53.1119104Z,,v3,471298,,,,,Undefined,FOR_RAM,460a6bff-195e-49d2-abbd-a192b06a58a9,45.17542,-111.85138,12.67733,4.44605,-1.3741,-5.08943,-0.20581,4.05178,0.63212,,,,,,,,,,,,,,,,,,,,,,,,,,,,,,,,,,,,,,,,,,,,,,,,,,,High,High,High,,,,,
28,2026-09-16,14:25:59.34,,,,,Undefined,FOR_RAM,"Wansaw, Michael",1000503198,Right,FOR_RAM,Undefined,1,Bottom,0,0,0,Undefined,Slider,Undefined,Undefined,FlyBall,Undefined,0,0,,76.57813,-1.669909,-1.802361,3162.576283,176.310466,12:00,4.40826,0.1701,15.4622,-12.57981,19.54107,-1.19264,2.08741,-1.30213,69.86991,-4.627736,-2.063088,0.407911,80.83268,30.944202,26.24324,4038.487889,93.82334,52.81384,57.42086,277.72367,264.24265,37.617655,4.058669,0.28154,15.71658,-0.32597,50,4.53321,3.5217,-113.07541,-2.63129,0.35655,24.8181,-12.27,FOR_RAM,,FordhamUniversity,,,20260916-FordhamUniversity-BP-1,09263590-b1fc-11f1-9cb4-878818705a31,92.40366,58.94492,,6.70822,,,,1.35372,2.30977,1.38878,721cb527-4b34-4d12-a0fc-997a8ba63409,2026-09-16,18:25:59.34,2026-09-16T14:25:59.3401856-04:00,2026-09-16T18:25:59.3401856Z,FlyBall,v3,471298,,,,,Undefined,FOR_RAM,c070e86c-0b77-4d51-ae44-d72834e449a9,45.03707,-111.98083,12.40905,4.40522,-3.17244,-6.135,-0.1703,3.53742,0.17828,,1.35312,91.22155,-19.83138,5.16929,-1.22473,0.29513,-0.06615,0.00987,-0.00063,2.3111,60.91957,-17.38278,0.23102,0.42163,-0.23998,0.07028,-0.01022,0.00058,1.38883,44.95792,-0.5547,-0.42199,0.18068,-0.03694,0.00353,3E-05,-2E-05,,,,,,,,,,,,,,,,,,,,,,,High,High,High,Medium,Medium,,,
29,2026-09-16,14:26:10.66,,,,,Undefined,FOR_RAM,"Young, Caden",10264258,Right,FOR_RAM,Undefined,1,Bottom,0,0,0,Undefined,Slider,Undefined,Undefined,Undefined,Undefined,0,0,,77.0671,-1.469596,-0.171483,3385.141648,153.026834,11:00,4.41551,0.13059,15.36123,-0.95335,31.39722,-15.36458,3.21421,-1.28066,69.06223,-1.934199,-3.52366,0.409367,,,,,,,,,,,,11.43615,24.55895,-0.14579,50,4.51992,-0.0869,-114.02759,-2.58721,14.41493,29.28064,-1.21821,FOR_RAM,,FordhamUniversity,,,20260916-FordhamUniversity-BP-1,0fc268b0-b1fc-11f1-9cb4-878818705a31,92.07499,,,8.00488,,,,,,,721cb527-4b34-4d12-a0fc-997a8ba63409,2026-09-16,18:26:10.66,2026-09-16T14:26:10.6675712-04:00,2026-09-16T18:26:10.6675712Z,,v3,471298,,,,,Undefined,FOR_RAM,24885adf-d5cb-40c7-b9e5-16e0fa8dfbdf,45.13847,-112.77231,14.64032,4.40789,-2.63944,-0.6091,-0.13627,0.53107,7.20746,,,,,,,,,,,,,,,,,,,,,,,,,,,,,,,,,,,,,,,,,,,,,,,,,,,High,Medium,Medium,,,,,
30,2026-09-16,14:26:20.27,,,,,Undefined,FOR_RAM,"Young, Caden",10264258,Right,FOR_RAM,Undefined,1,Bottom,0,0,0,Undefined,Slider,Undefined,Undefined,Undefined,Undefined,0,0,,75.60087,-0.85579,-1.475149,3488.519405,178.786348,12:00,4.40449,0.18275,15.43791,-13.12288,20.18391,-0.40244,2.65865,-0.9749,68.23348,-3.969171,-1.563126,0.415373,,,,,,,,,,,,-0.25752,15.91607,-0.30977,50,4.45694,2.86602,-111.72739,-0.97632,-0.3145,26.47874,-12.7369,FOR_RAM,,FordhamUniversity,,,20260916-FordhamUniversity-BP-1,1582e1d0-b1fc-11f1-9cb4-878818705a31,90.74369,,,7.36739,,,,,,,721cb527-4b34-4d12-a0fc-997a8ba63409,2026-09-16,18:26:20.27,2026-09-16T14:26:20.2768896-04:00,2026-09-16T18:26:20.2768896Z,,v3,471298,,,,,Undefined,FOR_RAM,721f6f95-c3c9-4de0-b6ab-004e66eb321c,45.05954,-110.55033,13.23937,4.40095,-1.54252,-6.36845,-0.18268,2.85204,-0.15725,,,,,,,,,,,,,,,,,,,,,,,,,,,,,,,,,,,,,,,,,,,,,,,,,,,High,High,High,,,,,
31,2026-09-16,14:26:25.53,,,,,Undefined,FOR_RAM,"Young, Caden",10264258,Right,FOR_RAM,Undefined,1,Bottom,0,0,0,Undefined,Slider,Undefined,Undefined,GroundBall,Undefined,0,0,,75.44142,-0.316232,-1.54118,3143.657494,183.380007,12:00,4.42243,0.22136,15.37177,-15.85552,17.29993,0.95972,2.85975,-0.8749,68.87691,-3.993391,-1.331721,0.414428,78.24833,-28.073465,-26.379648,,,,,7.34796,6.3755,-13.001857,0.05668,-1.2426,13.53123,-0.35237,50,4.42964,3.02699,-111.43427,0.13348,-1.53073,23.81518,-15.50514,FOR_RAM,,FordhamUniversity,,,20260916-FordhamUniversity-BP-1,18a2e680-b1fc-11f1-9cb4-878818705a31,90.95053,3.07199,,6.56451,,,,1.9996,3.07199,0.90598,721cb527-4b34-4d12-a0fc-997a8ba63409,2026-09-16,18:26:25.53,2026-09-16T14:26:25.5301632-04:00,2026-09-16T18:26:25.5301632Z,GroundBall,v3,471298,,,,,Undefined,FOR_RAM,a957c785-e2f7-4804-b5a0-227944c990fe,45.12795,-110.38813,11.90759,4.42054,-0.54763,-7.75257,-0.22088,2.95974,-0.76536,,1.99668,91.03768,,,,,,,,3.07372,-54.19921,,,,,,,,0.90743,-45.1512,,,,,,,,,,,,,,,,,,,,,,,,,,,,,,High,High,High,Low,Low,,,
32,2026-09-16,14:26:36.72,,,,,Undefined,FOR_RAM,"Chavez, Carson",1000156814,Right,FOR_RAM,Undefined,1,Bottom,0,0,0,Undefined,Slider,Undefined,Undefined,GroundBall,Undefined,0,0,,76.16239,-0.847838,-1.647849,3254.060416,178.486731,12:00,4.43817,0.20957,15.37342,-10.52804,22.19871,-0.55732,2.91363,-1.09451,69.09177,-3.375013,-1.769449,0.41174,89.28615,5.176292,22.222086,2270.635702,,,,116.56639,108.16418,25.937302,0.996646,-0.17217,17.35221,-0.34961,50,4.48999,3.22074,-112.50158,-1.05778,-0.21472,25.50746,-10.5314,FOR_RAM,,FordhamUniversity,,,20260916-FordhamUniversity-BP-1,1f562410-b1fc-11f1-9cb4-878818705a31,91.54428,5.07202,,7.07062,,,,0.99636,2.77886,0.93832,721cb527-4b34-4d12-a0fc-997a8ba63409,2026-09-16,18:26:36.72,2026-09-16T14:26:36.7265792-04:00,2026-09-16T18:26:36.7265792Z,GroundBall,v3,471298,,,,,Undefined,FOR_RAM,97c97ff3-04dc-4579-a6a3-2b337081ddac,45.12488,-111.39076,12.75373,4.43394,-1.51641,-5.2657,-0.20955,3.21138,-0.10736,256.330541,1.11209,119.1406,-15.23438,,,,,,,2.81667,11.30136,-14.21056,,,,,,,0.90492,49.79208,0.4868,,,,,,,,,,,,,,,,,,,,,,,,,,,,,High,High,High,High,High,,,
33,2026-09-16,14:26:41.26,,,,,Undefined,FOR_RAM,"Chavez, Carson",1000156814,Right,FOR_RAM,Undefined,1,Bottom,0,0,0,Undefined,Slider,Undefined,Undefined,GroundBall,Undefined,0,0,,75.31222,-1.445752,-1.491029,3421.134906,177.0638,12:00,4.43883,0.18572,15.47909,-13.19453,20.376,-0.98268,2.23824,-1.03133,67.90469,-4.578973,-1.706011,0.417014,48.08407,-8.571518,0.199841,,,,,16.0468,10.81582,2.6472,0.19778,0.16189,16.33875,-0.3152,50,4.54289,2.86957,-111.30444,-2.11253,0.19574,26.69545,-12.41799,FOR_RAM,,FordhamUniversity,,,20260916-FordhamUniversity-BP-1,21fd7650-b1fc-11f1-9cb4-878818705a31,90.38652,2.61017,,7.40752,,,,2.27814,2.61017,1.00145,721cb527-4b34-4d12-a0fc-997a8ba63409,2026-09-16,18:26:41.26,2026-09-16T14:26:41.2613120-04:00,2026-09-16T18:26:41.2613120Z,GroundBall,v3,471298,,,,,Undefined,FOR_RAM,92228f8e-bb9a-4289-9e82-1e890660ca11,45.01841,-110.10316,13.34773,4.43526,-2.67133,-6.20899,-0.18587,2.87838,0.09787,,2.27803,69.74174,-1.06873,,,,,,,2.61027,-10.51744,-13.55615,,,,,,,1.00142,0.24518,-7.8928,,,,,,,,,,,,,,,,,,,,,,,,,,,,,High,High,High,Low,Low,,,
34,2026-09-16,14:26:53.00,,,,,Undefined,FOR_RAM,"Chavez, Carson",1000156814,Right,FOR_RAM,Undefined,1,Bottom,0,0,0,Undefined,,Undefined,Undefined,LineDrive,Undefined,0,0,,75.4232,0.027814,-4.634768,3372.658545,,,3.73172,0.08977,15.39185,,,,2.33808,-0.56907,68.53201,-3.912438,2.905119,0.415537,97.06505,11.078969,4.307299,1132.149921,109.0909,14.92514,14.11206,229.63894,228.48002,10.503349,2.050159,-27.62147,12.69646,-0.48782,50,3.70896,10.0364,-111.28833,0.84415,-33.82303,24.36582,-16.62698,FOR_RAM,,FordhamUniversity,,,20260916-FordhamUniversity-BP-1,29064df0-b1fc-11f1-9cb4-878818705a31,90.70779,15.0537,,6.8912,,,,1.82632,2.20912,0.56898,721cb527-4b34-4d12-a0fc-997a8ba63409,2026-09-16,18:26:53.00,2026-09-16T14:26:53.0007552-04:00,2026-09-16T18:26:53.0007552Z,LineDrive,v3,471298,,,,,Undefined,FOR_RAM,be2e65af-de24-477e-91b9-f5dec6069292,45.11302,-110.21317,12.18291,3.73002,0.11047,-8.31349,-0.07789,8.54393,-16.91151,242.431339,1.82632,139.31407,-20.05586,3.72834,-0.74305,0.1391,-0.02495,0.00356,-0.00026,2.20912,27.35647,-15.27343,0.82502,-0.09438,0.01336,-0.00028,0,-1E-05,0.56898,10.49291,7.59378,-2.22219,0.59198,-0.13802,0.02818,-0.0042,0.00031,,,,,,,,,,,,,,,,,,,,,,,Low,Low,Low,High,High,,,
35,2026-09-16,14:27:03.51,,,,,Undefined,FOR_RAM,"Velit, Liam",1000239563,Right,FOR_RAM,Undefined,1,Bottom,0,0,0,Undefined,Slider,Undefined,Undefined,Undefined,Undefined,0,0,,77.31525,-1.123796,-1.791032,3077.567567,169.386247,11:45,4.36708,0.1654,15.54727,-11.51225,20.32426,-3.58918,2.55316,-1.49524,69.50557,-3.888627,-2.577002,0.406101,,,,,,,,,,,,1.98264,16.18568,-0.32333,50,4.44464,3.47097,-114.29433,-1.57749,2.51978,28.74932,-11.60344,FOR_RAM,,FordhamUniversity,,,20260916-FordhamUniversity-BP-1,2f467e60-b1fc-11f1-9cb4-878818705a31,92.81545,,,7.80968,,,,,,,721cb527-4b34-4d12-a0fc-997a8ba63409,2026-09-16,18:27:03.51,2026-09-16T14:27:03.5187712-04:00,2026-09-16T18:27:03.5187712Z,,v3,471298,,,,,Undefined,FOR_RAM,036f56e4-0729-4572-bbde-107c4458cc82,44.94975,-113.01687,14.37466,4.36309,-2.09308,-5.80172,-0.16661,3.58294,1.25989,,,,,,,,,,,,,,,,,,,,,,,,,,,,,,,,,,,,,,,,,,,,,,,,,,,High,High,High,,,,,
36,2026-09-16,14:27:09.87,,,,,Undefined,FOR_RAM,"Velit, Liam",1000239563,Right,FOR_RAM,Undefined,1,Bottom,0,0,0,Undefined,Slider,Undefined,Undefined,LineDrive,Undefined,0,0,,76.15612,-1.342572,-1.531384,3290.699666,182.170281,12:00,4.39491,0.19913,15.41213,-14.25796,18.34808,0.65437,2.18273,-0.91401,69.33514,-4.67327,-1.388433,0.41098,40.85619,-17.465902,0.434727,,,,,11.97755,8.82337,4.41326,0.131549,-1.03378,14.73127,-0.33038,50,4.49085,3.02819,-112.51297,-1.93568,-1.29197,25.18212,-13.76375,FOR_RAM,,FordhamUniversity,,,20260916-FordhamUniversity-BP-1,330708d0-b1fc-11f1-9cb4-878818705a31,91.71358,2.67941,,6.82098,,,,4.45336,2.67941,0.95871,721cb527-4b34-4d12-a0fc-997a8ba63409,2026-09-16,18:27:09.87,2026-09-16T14:27:09.8770432-04:00,2026-09-16T18:27:09.8770432Z,GroundBall,v3,471298,,,,,Undefined,FOR_RAM,7fa29097-7ffe-4771-a6d4-bfd7ce9b4b4a,45.08787,-111.40814,12.59106,4.39268,-2.53954,-6.88187,-0.19877,2.97151,-0.64598,,4.45327,57.16693,-1.81302,,,,,,,2.67944,-17.98755,-18.10027,,,,,,,0.95866,0.43807,-5.46529,,,,,,,,,,,,,,,,,,,,,,,,,,,,,High,High,High,Low,Low,,,
37,2026-09-16,14:27:21.36,,,,,Undefined,FOR_RAM,"Velit, Liam",1000239563,Right,FOR_RAM,Undefined,1,Bottom,0,0,0,Undefined,Slider,Undefined,Undefined,GroundBall,Undefined,0,0,,75.92841,-1.001337,-1.577851,3140.354232,190.045683,12:15,4.44981,0.20681,15.45044,-12.78461,20.02292,3.35075,2.62139,-0.71603,68.91707,-4.024758,-0.845223,0.412248,93.78988,-10.283593,2.424051,,,,,17.16959,15.65805,4.522552,0.110003,-3.09185,15.87879,-0.34324,50,4.51632,3.19124,-112.19576,-1.29078,-3.83333,25.46747,-12.48724,FOR_RAM,,FordhamUniversity,,,20260916-FordhamUniversity-BP-1,39e63860-b1fc-11f1-9cb4-878818705a31,91.43151,2.70646,,7.01135,,,,2.21249,2.70646,0.72293,721cb527-4b34-4d12-a0fc-997a8ba63409,2026-09-16,18:27:21.36,2026-09-16T14:27:21.3613568-04:00,2026-09-16T18:27:21.3613568Z,GroundBall,v3,471298,,,,,Undefined,FOR_RAM,fe76abcd-0f17-4b32-8c37-30b8ae9a8d4d,45.04876,-111.06618,12.73374,4.44679,-1.84464,-6.24362,-0.20547,3.02122,-1.91666,180,2.20794,135.48437,,,,,,,,2.70729,-24.60362,,,,,,,,0.72274,5.73545,,,,,,,,,,,,,,,,,,,,,,,,,,,,,,High,High,High,High,High,,,
38,2026-09-16,14:27:35.48,,,,,Undefined,FOR_RAM,"Hanawalt, Chase",1000367090,Left,FOR_RAM,Undefined,1,Bottom,0,0,0,Undefined,Slider,Undefined,Undefined,Undefined,Undefined,0,0,,75.33908,-2.126181,0.959797,3154.414653,137.149641,10:30,4.06829,0.10906,24.90039,-8.16544,11.78922,-10.45556,2.11835,-0.18946,70.12151,-4.531557,-1.960329,0.321509,,,,,,,,,,,,12.99938,15.36111,0.24719,50,4.48263,-3.86066,-113.46127,-2.42351,16.60429,24.65865,-12.55306,FOR_RAM,,FordhamUniversity,,,20260916-FordhamUniversity-BP-1,42561a10-b1fc-11f1-9cb4-878818705a31,117.236,,,5.21757,,,,,,,721cb527-4b34-4d12-a0fc-997a8ba63409,2026-09-16,18:27:35.48,2026-09-16T14:27:35.4898432-04:00,2026-09-16T18:27:35.4898432Z,,v3,471298,,,,,Undefined,FOR_RAM,a862dcac-9497-490c-b6a0-0cb9b7ad57bb,35.60302,-110.28798,12.32932,4.06681,-4.03895,-6.27653,-0.11215,-1.72388,8.30215,,,,,,,,,,,,,,,,,,,,,,,,,,,,,,,,,,,,,,,,,,,,,,,,,,,High,Medium,Medium,,,,,
39,2026-09-16,14:27:48.18,,,,,Undefined,FOR_RAM,"Hanawalt, Chase",1000367090,Left,FOR_RAM,Undefined,1,Bottom,0,0,0,Undefined,Slider,Undefined,Undefined,LineDrive,Undefined,0,0,,74.45983,-1.511186,0.118757,3289.026769,153.812535,11:15,4.09262,0.17666,25.8772,-11.01205,8.24741,-3.81398,2.29876,-0.07233,69.35695,-4.799551,-0.978163,0.315859,82.67231,24.641141,-33.31523,4130.578673,85.84083,31.33771,-68.78393,211.75041,141.97335,-44.717548,2.614909,4.95748,11.46154,-0.09224,50,4.31748,-1.04572,-112.48239,-0.38589,6.205,24.78682,-17.82828,FOR_RAM,,FordhamUniversity,,,20260916-FordhamUniversity-BP-1,49d707e0-b1fc-11f1-9cb4-878818705a31,119.33301,31.42821,,5.10288,,,,1.0167,2.17717,-0.41659,721cb527-4b34-4d12-a0fc-997a8ba63409,2026-09-16,18:27:48.18,2026-09-16T14:27:48.1895424-04:00,2026-09-16T18:27:48.1895424Z,LineDrive,v3,471298,,,,,Undefined,FOR_RAM,72dadaa3-2466-406b-9822-a3dd4c1d96d4,34.62617,-109.04197,12.39341,4.09218,-2.86046,-8.91414,-0.17762,-0.18446,3.1025,,1.0167,92.09889,-19.74432,3.97116,-0.90027,0.18504,-0.03474,0.00457,-0.00029,2.17717,50.5541,-24.72378,3.07181,-0.68934,0.14629,-0.02586,0.00345,-0.00023,-0.41659,-60.53272,0.6307,0.64247,-0.2431,0.06833,-0.01373,0.00187,-0.00011,,,,,,,,,,,,,,,,,,,,,,,High,Medium,Medium,Low,Medium,,,
40,2026-09-16,14:27:55.69,,,,,Undefined,FOR_RAM,"Hanawalt, Chase",1000367090,Left,FOR_RAM,Undefined,1,Bottom,0,0,0,Undefined,Slider,Undefined,Undefined,LineDrive,Undefined,0,0,,76.26089,-1.166838,-0.187069,3199.272913,172.681879,11:45,4.37602,0.17858,15.35977,-15.01765,17.58777,-2.11894,2.23386,-0.14077,69.36187,-4.662877,-0.649755,0.410976,97.94746,22.066939,16.331685,1798.027826,105.15263,41.08715,32.29381,382.03256,374.80966,18.226912,4.384546,1.5202,14.02568,-0.19441,50,4.45535,0.3067,-112.67925,-1.56741,1.90442,25.35979,-14.60347,FOR_RAM,,FordhamUniversity,,,20260916-FordhamUniversity-BP-1,4e5e64c0-b1fc-11f1-9cb4-878818705a31,91.71453,57.82811,,6.89902,,,,1.97986,2.34473,0.09956,721cb527-4b34-4d12-a0fc-997a8ba63409,2026-09-16,18:27:55.69,2026-09-16T14:27:55.6952576-04:00,2026-09-16T18:27:55.6952576Z,LineDrive,v3,471298,,,,,Undefined,FOR_RAM,55fd6dba-c3d2-41ca-b534-46f4b07db19f,45.13898,-111.57986,12.6799,4.37368,-2.2005,-7.30174,-0.17932,0.38926,0.95221,194.783404,1.97937,127.77403,-22.18264,5.19128,-1.03257,0.1794,-0.02787,0.00341,-0.0002,2.34651,53.92299,-12.94438,-0.59761,0.49662,-0.19952,0.05318,-0.00758,0.00043,0.09962,37.43491,-3.22817,0.20999,-0.01821,0.02272,-0.00924,0.00155,-0.0001,,,,,,,,,,,,,,,,,,,,,,,High,High,High,High,High,,,
41,2026-09-16,14:28:12.60,,,,,Undefined,FOR_RAM,"Wansaw, Michael",1000503198,Right,FOR_RAM,Undefined,1,Bottom,0,0,0,Undefined,,Undefined,Undefined,FlyBall,Undefined,0,0,,76.52523,-0.015197,-4.97431,3410.405526,,,4.12182,0.26756,15.49859,,,,2.83237,-0.68531,69.00777,-3.617421,2.467633,0.4101,86.27342,43.911079,17.242026,4044.835902,100.90194,89.36992,43.80296,293.6191,207.69019,31.108767,5.348692,-27.5558,13.34871,-0.70331,50,4.1024,10.84432,-112.92364,0.73228,-34.4538,26.6309,-15.4838,FOR_RAM,,FordhamUniversity,,,20260916-FordhamUniversity-BP-1,58867dc0-b1fc-11f1-9cb4-878818705a31,91.91038,104.68087,,7.51746,,,,1.46641,2.70038,0.33873,721cb527-4b34-4d12-a0fc-997a8ba63409,2026-09-16,18:28:12.60,2026-09-16T14:28:12.6000128-04:00,2026-09-16T18:28:12.6000128Z,FlyBall,v3,471298,,,,,Undefined,FOR_RAM,0847fb3f-ce61-4e2f-a968-ecb591fa6966,45.00544,-111.73956,13.31545,4.11966,0.04383,-7.7419,-0.2552,9.31241,-17.2269,213.638243,1.47975,86.79109,-17.85954,2.85013,0.42276,-0.3936,0.09895,-0.01122,0.00049,2.69754,87.79611,-22.42145,2.04519,-0.21285,-0.07362,0.03928,-0.00652,0.00037,0.33447,27.10402,2.34389,-0.73953,-0.02241,0.06132,-0.01402,0.0012,-3E-05,,,,,,,,,,,,,,,,,,,,,,,Low,Low,Low,High,Medium,,,
42,2026-09-16,14:28:30.91,,,,,Undefined,FOR_RAM,"Wansaw, Michael",1000503198,Right,FOR_RAM,Undefined,1,Bottom,0,0,0,Undefined,,Undefined,Undefined,Undefined,Undefined,0,0,,75.2513,-0.307095,-4.440326,3328.92351,,,3.98594,0.10945,15.47308,,,,2.55633,-0.51763,68.25913,-3.683759,2.790626,0.415994,,,,,,,,,,,,-26.52545,14.90395,-0.49706,50,3.9917,9.60862,-111.07793,0.12799,-32.28652,24.67369,-14.0331,FOR_RAM,,FordhamUniversity,,,20260916-FordhamUniversity-BP-1,63549ac0-b1fc-11f1-9cb4-878818705a31,90.6082,,,6.99217,,,,,,,721cb527-4b34-4d12-a0fc-997a8ba63409,2026-09-16,18:28:30.91,2026-09-16T14:28:30.9153792-04:00,2026-09-16T18:28:30.9153792Z,,v3,471298,,,,,Undefined,FOR_RAM,fe541391-0da2-4ed5-bdbe-7a40e979a356,45.03112,-109.96866,12.33684,3.98327,-0.5029,-7.01655,-0.09771,8.15709,-16.14326,,,,,,,,,,,,,,,,,,,,,,,,,,,,,,,,,,,,,,,,,,,,,,,,,,,Low,Low,Low,,,,,
43,2026-09-16,14:28:42.26,,,,,Undefined,FOR_RAM,"Young, Caden",10264258,Right,FOR_RAM,Undefined,1,Bottom,0,0,0,Undefined,,Undefined,Undefined,Undefined,Undefined,0,0,,77.7197,-0.570567,-3.192541,3316.889471,,,4.01097,-0.11324,15.38583,,,,2.6384,0.15815,70.15318,-3.261906,3.90175,0.404447,,,,,,,,,,,,-25.44415,15.84678,-0.15613,50,4.03954,7.31708,-114.8989,-0.50854,-32.86371,27.99217,-11.70629,FOR_RAM,,FordhamUniversity,,,20260916-FordhamUniversity-BP-1,6a19d9b0-b1fc-11f1-9cb4-878818705a31,93.195,,,7.56652,,,,,,,721cb527-4b34-4d12-a0fc-997a8ba63409,2026-09-16,18:28:42.26,2026-09-16T14:28:42.2697984-04:00,2026-09-16T18:28:42.2697984Z,,v3,471298,,,,,Undefined,FOR_RAM,952deab6-8d79-44d0-b61d-fb5b60ed4c62,45.11726,-113.70312,13.99609,4.00714,-1.00861,-5.85315,0.12646,5.91319,-16.43186,,,,,,,,,,,,,,,,,,,,,,,,,,,,,,,,,,,,,,,,,,,,,,,,,,,Low,Low,Low,,,,,
44,2026-09-16,14:28:47.42,,,,,Undefined,FOR_RAM,"Young, Caden",10264258,Right,FOR_RAM,Undefined,1,Bottom,0,0,0,Undefined,,Undefined,Undefined,FlyBall,Undefined,0,0,,78.95469,-3.243494,-4.247907,3216.410871,,,4.4688,0.20588,14.98454,,,,1.1756,-0.41597,67.24376,-5.667831,2.629556,0.41491,79.21769,36.637952,-15.183533,3637.154182,107.15116,70.08496,-24.87201,258.79608,113.01462,-11.648435,4.86804,-25.60986,19.83143,-0.52153,50,4.70126,9.19584,-116.52165,-6.01923,-31.73255,41.83702,-7.6014,FOR_RAM,,FordhamUniversity,,,20260916-FordhamUniversity-BP-1,6d2fa530-b1fc-11f1-9cb4-878818705a31,90.84489,79.22323,,11.71094,,,,2.70943,1.38933,0.23544,721cb527-4b34-4d12-a0fc-997a8ba63409,2026-09-16,18:28:47.42,2026-09-16T14:28:47.4297344-04:00,2026-09-16T18:28:47.4297344Z,FlyBall,v3,471298,,,,,Undefined,FOR_RAM,0f2e4d69-ad0b-4a5c-a20d-4a31a4fd667e,45.51009,-114.89825,20.91851,4.46197,-6.31419,-3.8007,-0.18859,7.96451,-15.86628,188.779284,2.7117,89.92708,-19.168,4.59967,-0.75594,0.06735,-0.00073,-0.00019,-0,1.38874,69.34147,-16.23863,0.03117,0.34813,-0.16577,0.04498,-0.00627,0.00034,0.23462,-24.39999,7.4613,-2.01611,0.37925,-0.04389,0.00202,6E-05,-0,,,,,,,,,,,,,,,,,,,,,,,Low,Low,Low,High,Low,,,
45,2026-09-16,14:28:55.91,,,,,Undefined,FOR_RAM,"Young, Caden",10264258,Right,FOR_RAM,Undefined,1,Bottom,0,0,0,Undefined,,Undefined,Undefined,GroundBall,Undefined,0,0,,73.88854,1.37575,-2.159101,1623.033186,,,3.08071,-0.82241,24.40101,,,,1.42815,-0.31036,71.56575,-6.881153,3.859727,0.32649,43.28239,-38.97859,-131.55607,,,,,2.94299,2.94299,-22.537691,0.043336,-26.77789,-11.28264,0.04634,50,2.38702,8.28812,-110.08201,8.42853,-34.0082,13.12278,-46.50312,FOR_RAM,,FordhamUniversity,,,20260916-FordhamUniversity-BP-1,72330fe0-b1fc-11f1-9cb4-878818705a31,115.44757,1.74214,,2.32279,,,,4.14642,1.74214,0.48309,721cb527-4b34-4d12-a0fc-997a8ba63409,2026-09-16,18:28:55.91,2026-09-16T14:28:55.9162368-04:00,2026-09-16T18:28:55.9162368Z,GroundBall,v3,471298,,,,,Undefined,FOR_RAM,766d25eb-bf92-4072-b647-27a1eb8c12ba,36.10899,-108.41343,6.56139,3.08281,2.51559,-23.25156,0.82527,3.96392,-17.0041,,4.14797,-32.9566,,,,,,,,1.74402,-40.20086,,,,,,,,0.48483,-37.17729,,,,,,,,,,,,,,,,,,,,,,,,,,,,,,Low,Low,Low,Estimated,Estimated,,,
46,2026-09-16,14:29:04.18,,,,,Undefined,FOR_RAM,"Young, Caden",10264258,Right,FOR_RAM,Undefined,1,Bottom,0,0,0,Undefined,,Undefined,Undefined,Undefined,Undefined,0,0,,75.9157,-0.185925,-5.532605,3314.78963,,,3.99949,0.37251,15.62053,,,,1.82923,-0.76412,69.77326,-5.718621,2.540396,0.408935,,,,,,,,,,,,-29.98135,6.45733,-0.87911,50,3.99284,12.11166,-111.87615,0.71553,-37.58076,22.25462,-24.07997,FOR_RAM,,FordhamUniversity,,,20260916-FordhamUniversity-BP-1,77269c10-b1fc-11f1-9cb4-878818705a31,92.17228,,,6.14244,,,,,,,721cb527-4b34-4d12-a0fc-997a8ba63409,2026-09-16,18:29:04.18,2026-09-16T14:29:04.1825792-04:00,2026-09-16T18:29:04.1825792Z,,v3,471298,,,,,Undefined,FOR_RAM,bc7d33e3-c685-4649-9983-cbc0c95f50ba,44.8866,-110.85432,11.12731,4.00032,-0.39011,-12.03998,-0.36261,10.38612,-18.79038,,,,,,,,,,,,,,,,,,,,,,,,,,,,,,,,,,,,,,,,,,,,,,,,,,,Low,Low,Low,,,,,
47,2026-09-16,14:29:36.06,,,,,Undefined,FOR_RAM,"Chavez, Carson",1000156814,Right,FOR_RAM,Undefined,1,Bottom,0,0,0,Undefined,Slider,Undefined,Undefined,FlyBall,Undefined,0,0,,74.21434,-2.635825,-0.114776,3282.332598,175.081685,11:45,4.03886,0.12215,25.11622,-6.38331,13.93001,-1.15295,1.94291,-0.04199,69.05592,-4.559387,-0.438779,0.324386,83.01538,35.663134,1.640621,3100.722673,109.4677,66.53675,10.80596,300.9651,297.97003,11.235679,4.768982,1.40059,18.50505,-0.13726,50,4.61158,-0.00256,-111.84071,-3.71802,1.73567,24.23136,-9.24166,FOR_RAM,,FordhamUniversity,,,20260916-FordhamUniversity-BP-1,8a36acf0-b1fc-11f1-9cb4-878818705a31,116.19625,79.12651,,5.15842,,,,2.13014,2.00787,0.03016,721cb527-4b34-4d12-a0fc-997a8ba63409,2026-09-16,18:29:36.06,2026-09-16T14:29:36.0627712-04:00,2026-09-16T18:29:36.0627712Z,FlyBall,v3,471298,,,,,Undefined,FOR_RAM,bf162723-7f65-43f9-a090-d8c8c7916cfa,35.38791,-108.62874,12.11568,4.03755,-4.94304,-4.62083,-0.12235,0.22751,0.86783,209.064045,2.13206,98.83718,-18.03393,3.97289,-0.51158,-0.00235,0.01131,-0.00125,3E-05,2.00825,70.97475,-17.87815,0.7827,0.04411,-0.08863,0.03368,-0.00543,0.00032,0.02956,2.84819,5.63652,-1.56365,0.22962,0.00319,-0.00735,0.00106,-5E-05,,,,,,,,,,,,,,,,,,,,,,,High,Medium,Medium,High,Medium,,,
48,2026-09-16,14:29:49.58,,,,,Undefined,FOR_RAM,"Chavez, Carson",1000156814,Right,FOR_RAM,Undefined,1,Bottom,0,0,0,Undefined,,Undefined,Undefined,GroundBall,Undefined,0,0,,81.12854,-3.923492,-4.340246,1664.688953,,,4.6775,0.209,14.94922,,,,1.26365,-0.68636,69.06747,-5.27421,2.010743,0.404181,90.49168,4.787013,-8.829994,7324.683008,,,,112.39843,107.57232,-9.441599,0.933987,-23.93793,22.51647,-0.53142,50,4.9606,9.59919,-119.60904,-7.72853,-31.30524,43.77066,-2.72773,FOR_RAM,,FordhamUniversity,,,20260916-FordhamUniversity-BP-1,9256c0f0-b1fc-11f1-9cb4-878818705a31,93.2564,3.74933,,12.06107,,,,1.85373,1.56153,0.27521,721cb527-4b34-4d12-a0fc-997a8ba63409,2026-09-16,18:29:49.58,2026-09-16T14:29:49.5808000-04:00,2026-09-16T18:29:49.5808000Z,GroundBall,v3,471298,,,,,Undefined,FOR_RAM,d9631658-cc95-4b7d-9a5c-398997259299,45.54579,-117.96776,21.88533,4.66889,-7.83081,-1.36386,-0.19349,8.42534,-15.65262,141.917085,1.9421,129.39687,-13.75786,,,,,,,1.58489,10.73994,-13.34138,,,,,,,0.2787,-20.35493,0.33418,,,,,,,,,,,,,,,,,,,,,,,,,,,,,Low,Low,Low,Medium,Medium,,,
49,2026-09-16,14:30:00.30,,,,,Undefined,FOR_RAM,"Velit, Liam",1000239563,Right,FOR_RAM,Undefined,1,Bottom,0,0,0,Undefined,Changeup,Undefined,Undefined,GroundBall,Undefined,0,0,,78.11869,-2.588104,-1.472495,1644.922163,182.378216,12:00,4.37219,0.19592,15.42362,-14.56804,16.91406,0.6528,1.18375,-0.87214,70.18263,-6.001392,-1.329774,0.403834,79.69356,-25.310051,-7.53769,,,,,7.05111,7.05111,3.332002,0.028968,-1.09126,14.22631,-0.32235,50,4.57568,2.98674,-115.4355,-4.49993,-1.40915,30.0765,-13.80323,FOR_RAM,,FordhamUniversity,,,20260916-FordhamUniversity-BP-1,989850f0-b1fc-11f1-9cb4-878818705a31,93.33638,1.44984,,7.93606,,,,3.99991,1.44984,0.81198,721cb527-4b34-4d12-a0fc-997a8ba63409,2026-09-16,18:30:00.30,2026-09-16T14:30:00.3044352-04:00,2026-09-16T18:30:00.3044352Z,GroundBall,v3,471298,,,,,Undefined,FOR_RAM,71728e01-665b-4e23-a0b0-d2f7d195c013,45.07492,-114.14507,15.03825,4.3699,-5.09216,-6.90162,-0.1955,2.92628,-0.70457,,3.99913,104.91828,,,,,,,,1.45021,-50.04965,,,,,,,,0.81209,-13.88297,,,,,,,,,,,,,,,,,,,,,,,,,,,,,,High,High,High,Estimated,Estimated,,,
50,2026-09-16,14:30:06.12,,,,,Undefined,FOR_RAM,"Velit, Liam",1000239563,Right,FOR_RAM,Undefined,1,Bottom,0,0,0,Undefined,Slider,Undefined,Undefined,GroundBall,Undefined,0,0,,76.94423,-1.396058,-1.247674,3278.68534,180.075993,12:00,4.36033,0.20964,15.42995,-12.98174,19.21009,0.02394,2.21425,-0.73925,69.42922,-4.468302,-1.242439,0.408361,95.82909,5.420147,-13.472874,2297.016472,,,,88.55767,84.6298,-14.406981,0.660991,-0.49996,15.49245,-0.31688,50,4.46181,2.47878,-113.77828,-2.11102,-0.63153,27.9403,-12.60408,FOR_RAM,,FordhamUniversity,,,20260916-FordhamUniversity-BP-1,9c1a72d0-b1fc-11f1-9cb4-878818705a31,92.30175,4.0304,,7.51501,,,,4.26939,2.40815,0.65318,721cb527-4b34-4d12-a0fc-997a8ba63409,2026-09-16,18:30:06.12,2026-09-16T14:30:06.1299200-04:00,2026-09-16T18:30:06.1299200Z,LineDrive,v3,471298,,,,,Undefined,FOR_RAM,be7ee505-89e5-46bd-bead-c138558e5362,45.07001,-112.56113,13.97015,4.35789,-2.66009,-6.30204,-0.20949,2.45127,-0.31576,41.045232,4.26939,136.07012,-21.50069,3.67458,-0.57696,0.0346,0.01266,-0.00831,0.00227,2.40815,13.27604,-28.24283,4.64824,-1.1336,0.27468,-0.06397,0.01414,-0.00201,0.65318,-32.59942,-4.43482,3.41749,-1.17639,0.3352,-0.08567,0.01956,-0.00285,,,,,,,,,,,,,,,,,,,,,,,High,High,High,High,Medium,,,
51,2026-09-16,14:30:10.69,,,,,Undefined,FOR_RAM,"Velit, Liam",1000239563,Right,FOR_RAM,Undefined,1,Bottom,0,0,0,Undefined,,Undefined,Undefined,Undefined,Undefined,0,0,,75.42783,1.364494,-4.059496,3098.131819,,,3.49201,0.01711,15.55977,,,,2.19115,0.04099,70.41438,-4.948602,4.12192,0.408543,73.60515,54.640881,41.370867,4659.986894,69.0307,100.03243,85.64296,189.28317,158.31348,54.931485,5.082842,-29.73407,3.07351,-0.39137,50,3.34621,9.24877,-111.26101,3.87493,-37.50587,18.78817,-28.2972,FOR_RAM,,FordhamUniversity,,,20260916-FordhamUniversity-BP-1,9ee9bf70-b1fc-11f1-9cb4-878818705a31,92.26058,100.18364,,5.01344,,,,3.90524,2.30201,0.05132,721cb527-4b34-4d12-a0fc-997a8ba63409,2026-09-16,18:30:10.69,2026-09-16T14:30:10.6942976-04:00,2026-09-16T18:30:10.6942976Z,Popup,v3,471298,,,,,Undefined,FOR_RAM,16b262db-773e-4e1f-814b-2d20e82518e0,44.94896,-110.40477,9.39408,3.49342,2.58532,-14.1486,-0.00882,7.5395,-18.75294,204.128165,3.91067,46.73471,-14.83393,3.26488,0.30169,-0.49671,0.15608,-0.02154,0.00113,2.29102,88.25536,-24.11932,3.22759,-1.11624,0.32458,-0.05311,0.00399,-9E-05,0.04914,41.33284,-4.00795,0.70837,-0.19253,0.06578,-0.01493,0.00177,-8E-05,,,,,,,,,,,,,,,,,,,,,,,Low,Low,Low,High,Low,,,
52,2026-09-16,14:30:19.70,,,,,Undefined,FOR_RAM,"Velit, Liam",1000239563,Right,FOR_RAM,Undefined,1,Bottom,0,0,0,Undefined,,Undefined,Undefined,LineDrive,Undefined,0,0,,75.03313,2.04244,-4.850708,3265.216211,,,3.38154,0.07956,15.71579,,,,2.20088,-0.56,70.22222,-5.316331,3.16057,0.408851,98.47541,18.572303,-15.78584,1116.152822,104.36919,28.52884,-34.74225,297.93897,276.94064,-24.391065,2.913701,-29.46848,-0.68154,-0.54098,50,3.16497,10.78347,-110.51415,5.40646,-36.88001,17.4909,-33.02698,FOR_RAM,,FordhamUniversity,,,20260916-FordhamUniversity-BP-1,a43aade0-b1fc-11f1-9cb4-878818705a31,92.19115,32.43193,,4.81091,,,,4.25294,2.24909,0.36658,721cb527-4b34-4d12-a0fc-997a8ba63409,2026-09-16,18:30:19.70,2026-09-16T14:30:19.7081600-04:00,2026-09-16T18:30:19.7081600Z,LineDrive,v3,471298,,,,,Undefined,FOR_RAM,c7e10f23-1ef1-498c-a39c-7081d92cc1e7,44.79335,-109.687,8.74545,3.38371,3.84461,-16.51349,-0.07227,9.03942,-18.44,110.766761,4.25301,131.74238,-21.76538,4.48315,-0.82379,0.07692,0.01111,-0.00545,0.00063,2.24905,46.00306,-19.16053,1.43047,-0.21168,0.05926,-0.02054,0.00508,-0.00052,0.36658,-37.24537,-5.83016,2.89797,-0.91652,0.22607,-0.04366,0.00562,-0.00034,,,,,,,,,,,,,,,,,,,,,,,Low,Low,Low,High,Medium,,,
53,2026-09-16,14:30:31.68,,,,,Undefined,FOR_RAM,"Hanawalt, Chase",1000367090,Left,FOR_RAM,Undefined,1,Bottom,0,0,0,Undefined,,Undefined,Undefined,Undefined,Undefined,0,0,,79.58205,-3.703037,-4.04809,3373.347469,,,4.59791,0.11312,14.95923,,,,1.17256,-0.48363,67.96162,-5.531968,2.494278,0.411309,,,,,,,,,,,,-23.32013,21.07198,-0.39497,50,4.856,8.58448,-117.21179,-6.94689,-29.4821,40.82191,-5.53413,FOR_RAM,,FordhamUniversity,,,20260916-FordhamUniversity-BP-1,ab63dec0-b1fc-11f1-9cb4-878818705a31,91.64021,,,11.62043,,,,,,,721cb527-4b34-4d12-a0fc-997a8ba63409,2026-09-16,18:30:31.68,2026-09-16T14:30:31.6896256-04:00,2026-09-16T18:30:31.6896256Z,,v3,471298,,,,,Undefined,FOR_RAM,67c8c1cd-aced-4ff2-bd9a-d40dea89662c,45.5284,-115.64396,20.41096,4.58511,-7.15944,-2.76707,-0.08701,7.45217,-14.74105,,,,,,,,,,,,,,,,,,,,,,,,,,,,,,,,,,,,,,,,,,,,,,,,,,,Low,Low,Low,,,,,
54,2026-09-16,14:30:36.76,,,,,Undefined,FOR_RAM,"Hanawalt, Chase",1000367090,Left,FOR_RAM,Undefined,1,Bottom,0,0,0,Undefined,,Undefined,Undefined,GroundBall,Undefined,0,0,,75.46028,-1.02815,-4.756314,3103.907751,,,4.08485,0.29892,15.54904,,,,2.46367,-0.77689,68.72774,-3.458684,1.922715,0.41327,63.86392,-8.811038,28.804305,,,,,21.96921,6.41079,24.32964,0.180891,-24.73021,18.11292,-0.72227,50,4.15521,10.21528,-111.28239,-1.40511,-30.41565,23.54726,-9.89702,FOR_RAM,,FordhamUniversity,,,20260916-FordhamUniversity-BP-1,ae76c410-b1fc-11f1-9cb4-878818705a31,91.20535,2.60599,,6.73254,,,,,,,721cb527-4b34-4d12-a0fc-997a8ba63409,2026-09-16,18:30:36.76,2026-09-16T14:30:36.7644160-04:00,2026-09-16T18:30:36.7644160Z,GroundBall,v3,471298,,,,,Undefined,FOR_RAM,ac6d2be9-150f-4110-9a42-63472c446f2e,44.9552,-110.20974,11.77363,4.08094,-1.85594,-4.94851,-0.28849,8.82976,-15.20783,,5.27636,81.44189,,,,,,,,2.6077,-14.40644,,,,,,,,0.9452,44.78103,,,,,,,,,,,,,,,,,,,,,,,,,,,,,,Low,Low,Low,Low,Low,,,
55,2026-09-16,14:30:41.59,,,,,Undefined,FOR_RAM,"Hanawalt, Chase",1000367090,Left,FOR_RAM,Undefined,1,Bottom,0,0,0,Undefined,,Undefined,Undefined,Undefined,Undefined,0,0,,76.08305,-1.050692,-4.196187,3324.831945,,,4.10755,0.15368,15.39291,,,,2.53425,-0.5487,67.44909,-3.365696,2.351471,0.416946,,,,,,,,,,,,-24.17446,19.0934,-0.50656,50,4.17488,9.00644,-112.40328,-1.46729,-29.31128,30.2647,-9.02352,FOR_RAM,,FordhamUniversity,,,20260916-FordhamUniversity-BP-1,b159e6d0-b1fc-11f1-9cb4-878818705a31,90.40115,,,8.63396,,,,,,,721cb527-4b34-4d12-a0fc-997a8ba63409,2026-09-16,18:30:41.59,2026-09-16T14:30:41.5982080-04:00,2026-09-16T18:30:41.5982080Z,,v3,471298,,,,,Undefined,FOR_RAM,a6c44392-7749-4204-b7fe-d5caf884457c,45.10745,-111.07815,15.13235,4.10199,-1.86238,-4.51176,-0.14031,7.72304,-14.65564,,,,,,,,,,,,,,,,,,,,,,,,,,,,,,,,,,,,,,,,,,,,,,,,,,,Low,Low,Low,,,,,
56,2026-09-16,14:30:46.64,,,,,Undefined,FOR_RAM,"Hanawalt, Chase",1000367090,Left,FOR_RAM,Undefined,1,Bottom,0,0,0,Undefined,,Undefined,Undefined,Undefined,Undefined,0,0,,75.44407,-1.5544,-4.789789,3289.444014,,,4.1363,0.22855,15.17677,,,,1.45123,-0.52861,66.63219,-5.743258,2.815249,0.424225,,,,,,,,,,,,-27.45572,13.6317,-0.59997,50,4.24216,9.97685,-111.30534,-2.2343,-32.44769,30.71776,-16.06385,FOR_RAM,,FordhamUniversity,,,20260916-FordhamUniversity-BP-1,b466b1a0-b1fc-11f1-9cb4-878818705a31,88.85008,,,8.81188,,,,,,,721cb527-4b34-4d12-a0fc-997a8ba63409,2026-09-16,18:30:46.64,2026-09-16T14:30:46.6401280-04:00,2026-09-16T18:30:46.6401280Z,,v3,471298,,,,,Undefined,FOR_RAM,92d75f08-0b32-4841-bf1b-de58074a6f9d,45.32201,-110.00674,15.35888,4.13335,-2.91341,-8.03192,-0.20719,8.60512,-16.22385,,,,,,,,,,,,,,,,,,,,,,,,,,,,,,,,,,,,,,,,,,,,,,,,,,,Low,Low,Low,,,,,
57,2026-09-16,14:30:57.09,,,,,Undefined,FOR_RAM,"Hanawalt, Chase",1000367090,Left,FOR_RAM,Undefined,1,Bottom,0,0,0,Undefined,,Undefined,Undefined,FlyBall,Undefined,0,0,,73.36887,1.799542,-3.203028,3147.897803,,,3.34992,-0.60604,25.47205,,,,2.06737,-0.75202,68.21909,-6.303034,2.711101,0.325113,98.83454,32.646188,31.141995,2143.968187,91.25471,64.02292,61.42119,386.54818,356.77908,39.288514,5.200818,-27.5162,-10.1263,-0.49962,50,2.49073,10.37796,-110.81524,9.33387,-33.30793,24.69844,-44.4318,FOR_RAM,,FordhamUniversity,,,20260916-FordhamUniversity-BP-1,ba734ef0-b1fc-11f1-9cb4-878818705a31,115.93638,90.90108,,5.14978,,,,2.5431,2.28026,0.46019,721cb527-4b34-4d12-a0fc-997a8ba63409,2026-09-16,18:30:57.09,2026-09-16T14:30:57.0921984-04:00,2026-09-16T18:30:57.0921984Z,FlyBall,v3,471298,,,,,Undefined,FOR_RAM,8bc0b20f-b417-4c79-b3a3-5341a578aaca,35.03516,-107.42811,12.34922,3.35295,3.24053,-22.2159,0.61039,5.81014,-16.65397,,2.55165,104.28631,-23.71583,5.52038,-0.51094,-0.17187,0.068,-0.00902,0.00043,2.27603,78.2699,-19.4029,0.98285,0.03664,-0.07796,0.03154,-0.00531,0.00032,0.4608,63.10854,-4.90245,0.0881,0.27851,-0.12227,0.02826,-0.0034,0.00016,,,,,,,,,,,,,,,,,,,,,,,Low,Low,Low,High,Medium,,,
58,2026-09-16,14:31:18.03,,,,,Undefined,FOR_RAM,"Wansaw, Michael",1000503198,Right,FOR_RAM,Undefined,1,Bottom,0,0,0,Undefined,Slider,Undefined,Undefined,LineDrive,Undefined,0,0,,73.61547,-1.825952,-0.227904,3201.116085,171.047078,11:45,4.13984,0.07571,25.55638,-7.13473,12.96906,-1.96091,2.47624,-0.22108,68.45014,-3.990778,-0.786222,0.322708,100.151,24.333742,-13.531479,1859.991484,106.74514,47.92246,-26.5606,400.53406,391.97456,-14.966169,4.986438,2.40807,17.37454,-0.1101,50,4.49897,0.04448,-111.11392,-1.86895,2.94129,24.17962,-10.95232,FOR_RAM,,FordhamUniversity,,,20260916-FordhamUniversity-BP-1,c6e57f00-b1fc-11f1-9cb4-878818705a31,116.80031,73.8344,,5.16533,,,,2.0771,2.39629,0.17712,721cb527-4b34-4d12-a0fc-997a8ba63409,2026-09-16,18:31:18.03,2026-09-16T14:31:18.0374528-04:00,2026-09-16T18:31:18.0374528Z,FlyBall,v3,471298,,,,,Undefined,FOR_RAM,ee1dd517-886a-4137-bbad-cc89372ad5bc,34.94705,-107.78846,12.08981,4.13835,-3.37524,-5.47616,-0.07616,0.449,1.47065,170.48017,2.07829,130.09933,-24.4146,5.49486,-0.97458,0.13964,-0.01743,0.00181,-0.0001,2.39656,60.51463,-12.70781,-0.36165,0.27635,-0.11222,0.03087,-0.00433,0.00023,0.17744,-31.32272,3.45536,-0.47742,0.10631,-0.03537,0.00878,-0.00116,6E-05,,,,,,,,,,,,,,,,,,,,,,,High,High,High,High,High,,,
59,2026-09-16,14:31:26.06,,,,,Undefined,FOR_RAM,"Wansaw, Michael",1000503198,Right,FOR_RAM,Undefined,1,Bottom,0,0,0,Undefined,,Undefined,Undefined,FlyBall,Undefined,0,0,,73.975,1.566493,-2.883564,3381.569933,,,3.49826,-0.5562,25.58833,,,,2.31307,-0.46179,69.80584,-5.721719,3.210646,0.318814,87.16853,41.735926,3.125719,3946.675085,108.80689,87.9102,16.15694,307.42821,281.53296,15.084239,5.557582,-28.21742,-7.42217,-0.49668,50,2.71624,10.11355,-111.22584,8.55596,-35.21423,20.65598,-41.43661,FOR_RAM,,FordhamUniversity,,,20260916-FordhamUniversity-BP-1,cbb3cff0-b1fc-11f1-9cb4-878818705a31,118.22702,107.99302,,4.16915,,,,1.82328,2.60611,0.27094,721cb527-4b34-4d12-a0fc-997a8ba63409,2026-09-16,18:31:26.06,2026-09-16T14:31:26.0663808-04:00,2026-09-16T18:31:26.0663808Z,FlyBall,v3,471298,,,,,Undefined,FOR_RAM,71a4e29d-c8c1-432f-945c-b8067955c2a1,34.91954,-108.38904,10.32799,3.50051,2.86524,-20.71831,0.56018,5.27738,-17.60712,206.396689,1.82745,95.17688,-19.89867,4.41425,-0.45586,-0.07819,0.03474,-0.00453,0.00021,2.60186,85.17348,-19.58366,1.35526,-0.27489,0.05159,-0.00223,-0.00064,6E-05,0.27026,5.21605,6.17482,-1.93586,0.32615,-0.00579,-0.00875,0.00145,-7E-05,,,,,,,,,,,,,,,,,,,,,,,Low,Low,Low,Low,Medium,,,
60,2026-09-16,14:31:31.19,,,,,Undefined,FOR_RAM,"Wansaw, Michael",1000503198,Right,FOR_RAM,Undefined,1,Bottom,0,0,0,Undefined,,Undefined,Undefined,FlyBall,Undefined,0,0,,75.69182,2.598117,-5.072333,3245.816016,,,3.42711,0.32562,15.77099,,,,1.93386,-0.55514,70.66877,-6.699744,2.747327,0.405685,86.88027,35.768087,17.384747,3987.84754,102.0535,68.46974,41.0489,295.99773,290.95703,28.026101,4.763625,-28.68446,-7.93197,-0.80672,50,3.15511,11.21676,-111.52073,6.85557,-36.35621,18.84921,-42.22746,FOR_RAM,,FordhamUniversity,,,20260916-FordhamUniversity-BP-1,cef6ed00-b1fc-11f1-9cb4-878818705a31,92.91052,81.38277,,5.02304,,,,1.91083,2.0404,0.37331,721cb527-4b34-4d12-a0fc-997a8ba63409,2026-09-16,18:31:31.19,2026-09-16T14:31:31.1900672-04:00,2026-09-16T18:31:31.1900672Z,FlyBall,v3,471298,,,,,Undefined,FOR_RAM,21a1dbff-435b-4b09-a1e2-82d4a92d76b7,44.74013,-110.62813,9.42461,3.43241,4.85592,-21.11373,-0.31632,9.49512,-18.1781,209.448139,1.91371,98.60437,-23.13168,5.92991,-1.05276,0.10691,-0.0037,7E-05,-3E-05,2.04105,74.45885,-19.01287,0.33615,0.50123,-0.27237,0.07542,-0.01051,0.00057,0.37301,30.89954,0.87943,-0.89624,0.30149,-0.06259,0.00822,-0.00063,2E-05,,,,,,,,,,,,,,,,,,,,,,,Low,Low,Low,High,High,,,
61,2026-09-16,14:31:41.32,,,,,Undefined,FOR_RAM,"Young, Caden",10264258,Right,FOR_RAM,Undefined,1,Bottom,0,0,0,Undefined,,Undefined,Undefined,Undefined,Undefined,0,0,,75.87691,-0.107142,-4.275258,3324.344933,,,3.72101,0.13692,15.60252,,,,2.52577,-0.45927,69.54159,-3.247961,2.701845,0.409058,,,,,,,,,,,,-25.73682,14.85064,-0.52709,50,3.71064,9.46208,-111.98038,0.48902,-32.25208,22.69069,-13.564,FOR_RAM,,FordhamUniversity,,,20260916-FordhamUniversity-BP-1,d4e6da90-b1fc-11f1-9cb4-878818705a31,92.1444,,,6.33532,,,,,,,721cb527-4b34-4d12-a0fc-997a8ba63409,2026-09-16,18:31:41.32,2026-09-16T14:31:41.3266944-04:00,2026-09-16T18:31:41.3266944Z,,v3,471298,,,,,Undefined,FOR_RAM,115afd87-b994-4e14-b5b1-a0b5528ba677,44.90278,-110.94271,11.34534,3.71883,-0.13127,-6.782,-0.12811,7.98717,-16.12604,,,,,,,,,,,,,,,,,,,,,,,,,,,,,,,,,,,,,,,,,,,,,,,,,,,Low,Low,Low,,,,,
62,2026-09-16,14:31:45.88,,,,,Undefined,FOR_RAM,"Young, Caden",10264258,Right,FOR_RAM,Undefined,1,Bottom,0,0,0,Undefined,Slider,Undefined,Undefined,Undefined,Undefined,0,0,,77.09329,-1.285985,-1.259038,3224.091962,178.392471,12:00,4.36457,0.20946,15.34701,-12.52705,19.44292,-0.51539,2.33845,-0.79486,70.01194,-4.237451,-1.371476,0.406951,,,,,,,,,,,,-0.06346,15.44288,-0.31585,50,4.45416,2.48799,-113.88202,-1.90144,-0.08114,26.11359,-12.43472,FOR_RAM,,FordhamUniversity,,,20260916-FordhamUniversity-BP-1,d78e7af0-b1fc-11f1-9cb4-878818705a31,92.62148,,,7.08135,,,,,,,721cb527-4b34-4d12-a0fc-997a8ba63409,2026-09-16,18:31:45.88,2026-09-16T14:31:45.8877952-04:00,2026-09-16T18:31:45.8877952Z,,v3,471298,,,,,Undefined,FOR_RAM,bb5aa511-dbc8-4571-96ef-ed1ff76abd22,45.15171,-112.76481,13.0568,4.36143,-2.43343,-6.21736,-0.20948,2.48451,-0.04057,,,,,,,,,,,,,,,,,,,,,,,,,,,,,,,,,,,,,,,,,,,,,,,,,,,High,High,High,,,,,
63,2026-09-16,14:31:52.86,,,,,Undefined,FOR_RAM,"Young, Caden",10264258,Right,FOR_RAM,Undefined,1,Bottom,0,0,0,Undefined,,Undefined,Undefined,FlyBall,Undefined,0,0,,74.44316,2.761468,-2.830977,1670.956278,,,3.38394,-0.61917,25.28205,,,,2.67163,-0.54298,68.49871,-5.33241,3.08939,0.323765,103.213,34.533649,-17.109385,3131.464555,105.75263,73.96349,-30.27165,385.82552,385.82552,-16.510065,5.79741,-27.09431,-10.55564,-0.35666,50,2.3082,9.59318,-112.66723,11.11213,-33.46364,27.92274,-45.21111,FOR_RAM,,FordhamUniversity,,,20260916-FordhamUniversity-BP-1,dbc6cd70-b1fc-11f1-9cb4-878818705a31,116.41918,114.97833,,5.94445,,,,2.25848,2.68678,0.32531,721cb527-4b34-4d12-a0fc-997a8ba63409,2026-09-16,18:31:52.86,2026-09-16T14:31:52.8627200-04:00,2026-09-16T18:31:52.8627200Z,FlyBall,v3,471298,,,,,Undefined,FOR_RAM,6a72fabb-a64d-4320-8e90-05d04d894e7d,35.22471,-108.94389,13.96137,3.388,5.08349,-22.60556,0.62503,5.13099,-16.73182,,2.26501,119.06295,-25.27889,5.71919,-0.89329,0.08746,-0.00498,0.00026,-1E-05,2.68435,85.85703,-18.46843,1.00298,-0.05709,-0.04124,0.01664,-0.00239,0.00012,0.32222,-36.62486,9.44484,-2.38194,0.35905,-0.0211,-0.00267,0.00052,-2E-05,,,,,,,,,,,,,,,,,,,,,,,Low,Low,Low,Medium,Medium,,,
64,2026-09-16,14:32:02.27,,,,,Undefined,FOR_RAM,"Young, Caden",10264258,Right,FOR_RAM,Undefined,1,Bottom,0,0,0,Undefined,,Undefined,Undefined,LineDrive,Undefined,0,0,,78.56261,-1.252229,-4.230535,3142.307641,,,4.44271,0.2073,15.16811,,,,2.81777,-0.49961,68.18435,-3.316529,2.38339,0.410286,97.37868,21.049292,-22.242647,1587.148639,100.78084,38.31618,-44.08129,356.53047,352.09339,-27.952808,3.956973,-24.50958,19.2169,-0.54003,50,4.52244,9.22344,-116.08263,-1.97091,-30.90599,36.98774,-7.94197,FOR_RAM,,FordhamUniversity,,,20260916-FordhamUniversity-BP-1,e166c640-b1fc-11f1-9cb4-878818705a31,91.86874,50.52864,,10.37826,,,,2.50569,2.79373,0.3427,721cb527-4b34-4d12-a0fc-997a8ba63409,2026-09-16,18:32:02.27,2026-09-16T14:32:02.2716928-04:00,2026-09-16T18:32:02.2716928Z,LineDrive,v3,471298,,,,,Undefined,FOR_RAM,c6067d6c-db56-474f-a993-bb233307dcf0,45.32928,-114.58471,18.49387,4.43611,-2.29253,-3.97098,-0.19184,7.97182,-15.453,150.575526,2.50548,123.3743,-22.65341,5.25972,-0.99229,0.15546,-0.02226,0.00265,-0.00015,2.79412,51.29341,-14.00011,0.01509,0.04963,0.00972,-0.0059,0.00144,-0.00014,0.34281,-50.46025,2.81039,-0.20602,0.04236,-0.03461,0.01206,-0.00192,0.00012,,,,,,,,,,,,,,,,,,,,,,,Low,Low,Low,High,Medium,,,
65,2026-09-16,14:32:13.51,,,,,Undefined,FOR_RAM,"Chavez, Carson",1000156814,Right,FOR_RAM,Undefined,1,Bottom,0,0,0,Undefined,Slider,Undefined,Undefined,LineDrive,Undefined,0,0,,74.75808,-1.766537,-0.0223,3198.779051,158.421629,11:15,4.0924,0.1199,26.01534,-9.44721,9.54528,-3.57736,2.28507,-0.19109,69.46524,-4.619964,-1.05533,0.313662,92.67606,23.154089,-1.337048,1979.087651,109.97236,41.16155,2.45419,320.57192,316.47177,5.949117,3.901596,4.63721,13.33453,-0.07555,50,4.40832,-0.73176,-113.04933,-1.19949,5.84057,25.74653,-15.37921,FOR_RAM,,FordhamUniversity,,,20260916-FordhamUniversity-BP-1,e7f6c460-b1fc-11f1-9cb4-878818705a31,120.16889,51.15593,,5.29285,,,,1.82756,2.45919,0.06974,721cb527-4b34-4d12-a0fc-997a8ba63409,2026-09-16,18:32:13.51,2026-09-16T14:32:13.5114752-04:00,2026-09-16T18:32:13.5114752Z,LineDrive,v3,471298,,,,,Undefined,FOR_RAM,a6e663ad-71f1-4764-af88-e3b4e540f5b1,34.48793,-109.45952,12.87326,4.09159,-3.3438,-7.68961,-0.1208,0.08259,2.92029,212.178161,1.82741,124.9442,-21.9615,4.98415,-1.01068,0.20442,-0.03844,0.00488,-0.00027,2.45949,53.44019,-15.41961,0.39869,0.05913,-0.05029,0.01453,-0.00152,3E-05,0.06985,-2.91784,6.83076,-1.99325,0.49316,-0.12026,0.02566,-0.0035,0.00021,,,,,,,,,,,,,,,,,,,,,,,High,High,High,Medium,High,,,
66,2026-09-16,14:32:24.54,,,,,Undefined,FOR_RAM,"Chavez, Carson",1000156814,Right,FOR_RAM,Undefined,1,Bottom,0,0,0,Undefined,,Undefined,Undefined,GroundBall,Undefined,0,0,,76.8707,-1.421778,-3.975634,3512.041979,,,4.41158,0.16371,15.13992,,,,2.50563,-0.33366,66.11682,-3.915226,2.675887,0.421679,59.48928,-15.285957,-41.577164,,,,,13.45242,4.67593,-26.952169,0.118625,-24.74139,19.44804,-0.47383,50,4.50427,8.51193,-113.65738,-2.21751,-29.52432,37.71661,-8.96636,FOR_RAM,,FordhamUniversity,,,20260916-FordhamUniversity-BP-1,eee954e0-b1fc-11f1-9cb4-878818705a31,89.38651,2.74323,,10.75388,,,,4.48279,2.74323,0.56374,721cb527-4b34-4d12-a0fc-997a8ba63409,2026-09-16,18:32:24.54,2026-09-16T14:32:24.5474816-04:00,2026-09-16T18:32:24.5474816Z,GroundBall,v3,471298,,,,,Undefined,FOR_RAM,ec38a616-9bb5-4a8f-a59f-689e5c6200da,45.3566,-112.1059,18.8583,4.40546,-2.58634,-4.48318,-0.14866,7.29745,-14.76216,,4.47638,63.29599,,,,,,,,2.74558,-23.12527,,,,,,,,0.56943,-56.15171,,,,,,,,,,,,,,,,,,,,,,,,,,,,,,Low,Low,Low,Low,Low,,,
67,2026-09-16,14:32:29.08,,,,,Undefined,FOR_RAM,"Chavez, Carson",1000156814,Right,FOR_RAM,Undefined,1,Bottom,0,0,0,Undefined,,Undefined,Undefined,LineDrive,Undefined,0,0,,74.46621,1.458724,-3.938853,3336.71894,,,3.55007,0.21572,15.52502,,,,1.78702,0.31763,68.57739,-6.288604,4.211128,0.417416,97.52626,17.343929,-10.386291,942.326193,108.218,30.08197,-19.71931,341.97784,339.74366,-9.969286,3.680458,-29.40545,-0.72224,-0.56656,50,3.39774,8.73678,-110.00495,4.16803,-35.51838,22.11121,-33.04644,FOR_RAM,,FordhamUniversity,,,20260916-FordhamUniversity-BP-1,f156f980-b1fc-11f1-9cb4-878818705a31,90.29949,38.699,,5.88883,,,,2.21738,1.99287,0.08375,721cb527-4b34-4d12-a0fc-997a8ba63409,2026-09-16,18:32:29.08,2026-09-16T14:32:29.0801664-04:00,2026-09-16T18:32:29.0801664Z,LineDrive,v3,471298,,,,,Undefined,FOR_RAM,0d1abe1c-2a6f-40da-969c-e0455c1e240e,44.98336,-108.99193,11.0556,3.55401,2.65402,-16.52322,-0.20356,7.10951,-17.75919,175.423631,2.21748,134.29402,-21.2712,4.49843,-0.87739,0.14318,-0.01624,0.00101,-1E-05,1.99274,42.64502,-12.78532,0.16286,0.03561,0.01024,-0.00816,0.00219,-0.00021,0.08374,-24.61436,2.95213,-0.12418,-0.069,0.03606,-0.01066,0.00185,-0.00013,,,,,,,,,,,,,,,,,,,,,,,Low,Low,Low,High,Medium,,,
68,2026-09-16,14:32:39.60,,,,,Undefined,FOR_RAM,"Velit, Liam",1000239563,Right,FOR_RAM,Undefined,1,Bottom,0,0,0,Undefined,,Undefined,Undefined,LineDrive,Undefined,0,0,,75.87991,0.355132,-4.721242,3372.664117,,,3.51999,0.21869,15.57825,,,,2.53694,-0.68191,70.04933,-3.132412,2.347251,0.407808,97.85222,26.640238,-4.888286,2031.263938,109.89242,49.82821,-4.85923,386.07779,386.07779,1.736181,4.695451,-26.13517,13.26646,-0.64924,50,3.46858,10.38128,-111.8463,1.44614,-33.0209,20.65758,-15.41235,FOR_RAM,,FordhamUniversity,,,20260916-FordhamUniversity-BP-1,f79fdc80-b1fc-11f1-9cb4-878818705a31,92.42685,72.39223,,5.83059,,,,4.70188,2.70807,0.80127,721cb527-4b34-4d12-a0fc-997a8ba63409,2026-09-16,18:32:39.60,2026-09-16T14:32:39.6047872-04:00,2026-09-16T18:32:39.6047872Z,FlyBall,v3,471298,,,,,Undefined,FOR_RAM,a4c90cf8-c08b-4329-a87e-272a23b94104,44.92787,-110.90554,10.32879,3.51845,0.74425,-7.70617,-0.21071,8.87748,-16.51045,202.863428,4.70129,127.82796,-21.98724,5.29766,-1.22014,0.2799,-0.05308,0.00628,-0.00032,2.71008,64.30553,-15.77505,0.15561,0.35615,-0.18073,0.04479,-0.00547,0.00026,0.80149,-10.93602,6.58583,-1.76439,0.44394,-0.10182,0.01807,-0.00199,0.0001,,,,,,,,,,,,,,,,,,,,,,,Low,Low,Low,High,High,,,
69,2026-09-16,14:32:47.52,,,,,Undefined,FOR_RAM,"Velit, Liam",1000239563,Right,FOR_RAM,Undefined,1,Bottom,0,0,0,Undefined,Slider,Undefined,Undefined,Undefined,Undefined,0,0,,71.97737,-2.492754,0.147586,2775.162268,161.314804,11:30,3.98845,0.09825,24.7113,-11.48327,10.75701,-3.42886,1.53487,-0.09894,66.73073,-5.822266,-0.805226,0.339423,,,,,,,,,,,,4.21201,14.23304,-0.02418,50,4.45502,-0.88735,-108.54069,-2.4755,4.8802,24.0889,-15.68311,FOR_RAM,,FordhamUniversity,,,20260916-FordhamUniversity-BP-1,fc46f660-b1fc-11f1-9cb4-878818705a31,111.04849,,,5.24664,,,,,,,721cb527-4b34-4d12-a0fc-997a8ba63409,2026-09-16,18:32:47.52,2026-09-16T14:32:47.5264512-04:00,2026-09-16T18:32:47.5264512Z,,v3,471298,,,,,Undefined,FOR_RAM,bd1ddd8a-eb59-4c40-99d4-e8ee3379a67c,35.79211,-105.34029,12.04445,3.98772,-4.55913,-7.84156,-0.099,-0.23898,2.4401,,,,,,,,,,,,,,,,,,,,,,,,,,,,,,,,,,,,,,,,,,,,,,,,,,,High,High,High,,,,,
70,2026-09-16,14:32:58.79,,,,,Undefined,FOR_RAM,"Velit, Liam",1000239563,Right,FOR_RAM,Undefined,1,Bottom,0,0,0,Undefined,,Undefined,Undefined,GroundBall,Undefined,0,0,,75.88902,0.491933,-3.615129,3228.667148,,,3.46329,-0.0078,15.49766,,,,2.18332,0.21111,68.94661,-4.084501,4.188914,0.41203,96.45301,5.910533,-29.753069,3596.925061,,,,73.52731,70.3596,-33.604011,0.535707,-28.37238,9.99028,-0.3129,50,3.39932,8.20509,-112.18308,1.86037,-35.16151,25.49904,-19.79323,FOR_RAM,,FordhamUniversity,,,20260916-FordhamUniversity-BP-1,0305ccb0-b1fd-11f1-9cb4-878818705a31,91.47991,3.31694,,6.94241,,,,3.55994,1.82143,-0.49679,721cb527-4b34-4d12-a0fc-997a8ba63409,2026-09-16,18:32:58.79,2026-09-16T14:32:58.7923968-04:00,2026-09-16T18:32:58.7923968Z,GroundBall,v3,471298,,,,,Undefined,FOR_RAM,3957835e-5935-4467-a4fc-e781ccfb0009,45.00755,-111.04251,12.74952,3.46274,0.97501,-9.89661,0.01894,6.63231,-17.58076,,3.56999,121.92153,-26.67414,,,,,,,1.86003,13.60074,-31.9975,,,,,,,-0.45447,-70.8982,-8.00754,,,,,,,,,,,,,,,,,,,,,,,,,,,,,Low,Low,Low,Low,Medium,,,
71,2026-09-16,14:33:10.54,,,,,Undefined,FOR_RAM,"Hanawalt, Chase",1000367090,Left,FOR_RAM,Undefined,1,Bottom,0,0,0,Undefined,Slider,Undefined,Undefined,Undefined,Undefined,0,0,,77.11403,-1.768252,-0.19575,3432.536825,176.425978,12:00,4.40408,0.17465,15.24878,-9.94819,22.40257,-1.32559,2.22162,-0.0856,69.46308,-4.173902,-0.484386,0.409368,,,,,,,,,,,,0.88791,17.59651,-0.19145,50,4.5273,0.35954,-113.8379,-2.88479,1.12591,27.44844,-9.86078,FOR_RAM,,FordhamUniversity,,,20260916-FordhamUniversity-BP-1,0a1a1600-b1fd-11f1-9cb4-878818705a31,92.07477,,,7.65095,,,,,,,721cb527-4b34-4d12-a0fc-997a8ba63409,2026-09-16,18:33:10.54,2026-09-16T14:33:10.5409024-04:00,2026-09-16T18:33:10.5409024Z,,v3,471298,,,,,Undefined,FOR_RAM,8111e8da-d45d-4c07-9580-6edc4d4c2faa,45.24497,-112.68554,13.72422,4.3975,-3.29877,-4.93039,-0.17536,0.4068,0.56296,,,,,,,,,,,,,,,,,,,,,,,,,,,,,,,,,,,,,,,,,,,,,,,,,,,High,Medium,Medium,,,,,
72,2026-09-16,14:33:14.92,,,,,Undefined,FOR_RAM,"Hanawalt, Chase",1000367090,Left,FOR_RAM,Undefined,1,Bottom,0,0,0,Undefined,,Undefined,Undefined,FlyBall,Undefined,0,0,,77.77483,-1.051571,-4.494443,3158.055682,,,4.03369,0.21441,15.43455,,,,2.46223,-0.63629,68.75815,-3.357953,2.258951,0.408094,92.38524,26.245881,-3.782376,3450.569968,109.35719,49.36971,-11.87173,305.80471,305.80471,-13.278292,4.283579,-24.98525,18.04922,-0.59436,50,4.10197,9.81379,-114.88529,-1.5048,-31.5594,32.13056,-9.37571,FOR_RAM,,FordhamUniversity,,,20260916-FordhamUniversity-BP-1,0caf3fd0-b1fd-11f1-9cb4-878818705a31,92.36205,62.25813,,9.01669,,,,1.80109,2.48471,0.65126,721cb527-4b34-4d12-a0fc-997a8ba63409,2026-09-16,18:33:14.92,2026-09-16T14:33:14.9268992-04:00,2026-09-16T18:33:14.9268992Z,FlyBall,v3,471298,,,,,Undefined,FOR_RAM,647d8fd5-1432-40e4-872e-9d4f4e9346e7,45.06553,-113.49685,16.06528,4.02819,-1.90994,-4.68786,-0.19974,8.45004,-15.7797,155.633347,1.80085,121.26886,-26.17997,6.47225,-1.45742,0.30265,-0.04907,0.00485,-0.0002,2.48528,59.9085,-15.86405,0.28014,0.16135,-0.05962,0.00643,0.00052,-0.0001,0.65119,-8.01558,-4.13187,1.07323,-0.27313,0.05929,-0.00928,0.00083,-3E-05,,,,,,,,,,,,,,,,,,,,,,,Low,Low,Low,Medium,Medium,,,
73,2026-09-16,14:33:21.08,,,,,Undefined,FOR_RAM,"Hanawalt, Chase",1000367090,Left,FOR_RAM,Undefined,1,Bottom,0,0,0,Undefined,,Undefined,Undefined,FlyBall,Undefined,0,0,,75.04148,-0.414695,-4.847709,3237.057448,,,3.9163,0.18126,15.40339,,,,2.18822,-0.6371,69.50283,-4.296091,2.700005,0.413635,99.08755,28.575282,16.689499,2758.176576,105.77649,56.84979,30.18787,387.95115,386.93916,14.359124,5.252182,-27.65675,12.64934,-0.60641,50,3.93227,10.52159,-110.55846,-0.01982,-34.24094,19.65893,-16.5133,FOR_RAM,,FordhamUniversity,,,20260916-FordhamUniversity-BP-1,105a4670-b1fd-11f1-9cb4-878818705a31,91.12486,86.68326,,5.53865,,,,2.08685,2.23279,0.29829,721cb527-4b34-4d12-a0fc-997a8ba63409,2026-09-16,18:33:21.08,2026-09-16T14:33:21.0814976-04:00,2026-09-16T18:33:21.0814976Z,FlyBall,v3,471298,,,,,Undefined,FOR_RAM,9a18034d-22d5-4846-affa-cc659542f651,45.10347,-109.68433,9.82947,3.91506,-0.75408,-8.25665,-0.17242,8.99907,-17.12047,173.668664,2.08756,122.23703,-23.00601,5.43978,-1.15296,0.2257,-0.03644,0.00382,-0.00018,2.23465,69.47356,-15.08762,0.02056,0.34195,-0.15608,0.03668,-0.00432,0.0002,0.29857,36.64706,-8.43796,2.05779,-0.44613,0.08682,-0.01359,0.00138,-6E-05,,,,,,,,,,,,,,,,,,,,,,,Low,Low,Low,High,High,,,
74,2026-09-16,14:33:26.19,,,,,Undefined,FOR_RAM,"Hanawalt, Chase",1000367090,Left,FOR_RAM,Undefined,1,Bottom,0,0,0,Undefined,,Undefined,Undefined,LineDrive,Undefined,0,0,,75.05555,-0.881999,-3.957109,3340.425323,,,3.89819,0.12346,15.45637,,,,1.64125,0.03988,68.13659,-5.269006,3.738282,0.417532,95.90676,20.094025,16.812145,1459.333699,105.21045,34.47099,32.10484,318.77973,317.74576,17.878978,3.647995,-28.22356,11.81493,-0.47223,50,3.95388,8.76537,-110.89409,-0.85943,-34.11467,25.24775,-17.893,FOR_RAM,,FordhamUniversity,,,20260916-FordhamUniversity-BP-1,1367ad80-b1fd-11f1-9cb4-878818705a31,90.27429,42.96937,,6.91896,,,,2.07958,1.86753,0.1387,721cb527-4b34-4d12-a0fc-997a8ba63409,2026-09-16,18:33:26.19,2026-09-16T14:33:26.1937664-04:00,2026-09-16T18:33:26.1937664Z,LineDrive,v3,471298,,,,,Undefined,FOR_RAM,25c33153-9902-4d93-982e-2ce51a25c562,45.04861,-109.761,12.62388,3.89729,-1.66245,-8.9465,-0.1132,7.23433,-17.05734,187.147814,2.07953,126.45617,-22.35421,5.10816,-1.12792,0.24035,-0.04168,0.00451,-0.00021,1.86802,48.31053,-15.16888,0.52007,0.14259,-0.10833,0.02866,-0.00331,0.00013,0.13878,38.20553,-5.56164,1.13966,-0.20162,0.02707,-0.00219,1E-05,1E-05,,,,,,,,,,,,,,,,,,,,,,,Low,Low,Low,High,High,,,
75,2026-09-16,14:33:31.01,,,,,Undefined,FOR_RAM,"Hanawalt, Chase",1000367090,Left,FOR_RAM,Undefined,1,Bottom,0,0,0,Undefined,,Undefined,Undefined,FlyBall,Undefined,0,0,,74.05516,-0.364776,-4.220931,3367.553908,,,3.93417,0.1521,15.37332,,,,2.18412,-0.19467,68.47288,-4.4105,3.310576,0.41977,93.51233,40.63324,10.779792,4069.893197,108.67247,88.22102,17.03733,332.96101,202.06659,6.127989,5.841929,-27.30226,12.8191,-0.51793,50,3.94492,9.13683,-109.21748,0.10323,-32.85133,19.9248,-16.7495,FOR_RAM,,FordhamUniversity,,,20260916-FordhamUniversity-BP-1,16452af0-b1fd-11f1-9cb4-878818705a31,89.79298,119.3126,,5.58228,,,,1.6588,2.15587,0.15993,721cb527-4b34-4d12-a0fc-997a8ba63409,2026-09-16,18:33:31.01,2026-09-16T14:33:31.0106624-04:00,2026-09-16T18:33:31.0106624Z,FlyBall,v3,471298,,,,,Undefined,FOR_RAM,2bfaa70f-d213-4d4a-8991-47e98be48a82,45.1332,-108.32598,9.9624,3.93278,-0.64619,-8.37475,-0.142,7.66696,-16.42567,168.938621,1.66676,102.10429,-20.79327,4.57829,-0.63266,0.03522,0.003,-0.00049,2E-05,2.15192,89.37112,-19.80809,1.42331,-0.11874,-0.04555,0.01923,-0.00271,0.00013,0.16266,19.4175,-6.81559,1.69316,-0.27704,0.02693,-0.00091,-5E-05,0,,,,,,,,,,,,,,,,,,,,,,,Low,Low,Low,High,Low,,,
76,2026-09-16,14:33:46.00,,,,,Undefined,FOR_RAM,"Wansaw, Michael",1000503198,Right,FOR_RAM,Undefined,1,Bottom,0,0,0,Undefined,Slider,Undefined,Undefined,Undefined,Undefined,0,0,,76.50877,-2.294901,-0.592329,3209.038059,185.249497,12:15,4.38634,0.21005,15.45365,-11.85674,20.7858,1.79807,1.64948,-0.09124,68.86114,-5.128862,-0.198933,0.41121,,,,,,,,,,,,-1.57165,16.92883,-0.26096,50,4.5633,1.21762,-113.04293,-3.86617,-1.95635,27.89852,-11.10169,FOR_RAM,,FordhamUniversity,,,20260916-FordhamUniversity-BP-1,1f24be60-b1fd-11f1-9cb4-878818705a31,91.66236,,,7.64763,,,,,,,721cb527-4b34-4d12-a0fc-997a8ba63409,2026-09-16,18:33:46.00,2026-09-16T14:33:46.0099584-04:00,2026-09-16T18:33:46.0099584Z,,v3,471298,,,,,Undefined,FOR_RAM,6b3070bd-189d-4e54-b603-051b93796983,45.04308,-111.81289,13.94926,4.38205,-4.35564,-5.55085,-0.20917,1.13136,-0.97818,,,,,,,,,,,,,,,,,,,,,,,,,,,,,,,,,,,,,,,,,,,,,,,,,,,High,High,High,,,,,
77,2026-09-16,14:33:51.00,,,,,Undefined,FOR_RAM,"Wansaw, Michael",1000503198,Right,FOR_RAM,Undefined,1,Bottom,0,0,0,Undefined,,Undefined,Undefined,LineDrive,Undefined,0,0,,80.20169,-1.198437,-4.236565,3292.35115,,,4.20723,0.14755,15.14864,,,,2.86712,-0.71066,67.98849,-2.676753,1.995771,0.406812,,,,,,,,,,,,-23.46844,20.97324,-0.47543,50,4.27946,9.30012,-118.56746,-1.94201,-30.0322,43.79387,-5.3349,FOR_RAM,,FordhamUniversity,,,20260916-FordhamUniversity-BP-1,22257b40-b1fd-11f1-9cb4-878818705a31,92.65318,,,12.2132,,,,,,,721cb527-4b34-4d12-a0fc-997a8ba63409,2026-09-16,18:33:51.00,2026-09-16T14:33:51.0085632-04:00,2026-09-16T18:33:51.0085632Z,,v3,471298,,,,,Undefined,FOR_RAM,fa2bc7cb-b1ae-4f3d-a1ca-0c36f0a48897,45.34472,-116.83534,21.89693,4.19847,-2.15301,-2.66745,-0.13109,8.1123,-15.0161,,,,,,,,,,,,,,,,,,,,,,,,,,,,,,,,,,,,,,,,,,,,,,,,,,,Low,Low,Low,,,,,
78,2026-09-16,14:34:03.29,,,,,Undefined,FOR_RAM,"Wansaw, Michael",1000503198,Right,FOR_RAM,Undefined,1,Bottom,0,0,0,Undefined,,Undefined,Undefined,FlyBall,Undefined,0,0,,73.95835,1.820104,-2.744532,3087.306243,,,3.45226,-0.58003,25.43718,,,,2.27084,-0.4367,69.78798,-5.944721,3.237068,0.320375,86.9169,52.801591,1.612607,3948.770153,108.56153,120.35804,17.73101,258.2741,207.05691,14.812772,5.853366,-27.5569,-9.46965,-0.41598,50,2.59501,9.68866,-111.18264,9.31279,-34.35599,20.67899,-43.98014,FOR_RAM,,FordhamUniversity,,,20260916-FordhamUniversity-BP-1,295fea30-b1fd-11f1-9cb4-878818705a31,117.6509,131.86435,,4.17037,,,,2.0489,2.65482,0.30269,721cb527-4b34-4d12-a0fc-997a8ba63409,2026-09-16,18:34:03.29,2026-09-16T14:34:03.2958464-04:00,2026-09-16T18:34:03.2958464Z,FlyBall,v3,471298,,,,,Undefined,FOR_RAM,b61bebf1-346c-4cd5-9dff-4c639b897046,35.07085,-108.37038,10.3395,3.4548,3.33167,-21.99007,0.58393,5.01638,-17.178,,2.05587,76.88734,-16.22863,3.24969,-0.09275,-0.1616,0.04685,-0.00551,0.00024,2.64523,101.69942,-24.9464,3.15659,-0.77616,0.13737,-0.01031,-0.00036,7E-05,0.29585,2.30971,5.77918,-1.20104,-0.17211,0.17309,-0.04464,0.00518,-0.00023,,,,,,,,,,,,,,,,,,,,,,,Low,Low,Low,Medium,Medium,,,
79,2026-09-16,14:34:09.52,,,,,Undefined,FOR_RAM,"Wansaw, Michael",1000503198,Right,FOR_RAM,Undefined,1,Bottom,0,0,0,Undefined,,Undefined,Undefined,LineDrive,Undefined,0,0,,74.14563,2.848314,-2.438836,3286.854814,,,3.31731,-0.53386,25.72825,,,,2.32836,-0.4374,67.83849,-6.408731,2.77383,0.321879,101.17333,25.188675,-7.066017,1799.85243,109.59031,47.62969,-9.48491,385.09906,385.09906,-0.086279,4.697956,-24.20304,-15.92371,-0.34587,50,2.12135,8.45967,-112.69789,12.2771,-29.51814,30.3133,-51.59466,FOR_RAM,,FordhamUniversity,,,20260916-FordhamUniversity-BP-1,2d1fb150-b1fd-11f1-9cb4-878818705a31,117.10109,71.0657,,6.30714,,,,4.24907,2.62608,0.5636,721cb527-4b34-4d12-a0fc-997a8ba63409,2026-09-16,18:34:09.52,2026-09-16T14:34:09.5225856-04:00,2026-09-16T18:34:09.5225856Z,FlyBall,v3,471298,,,,,Undefined,FOR_RAM,f3639bdc-44a7-4fd9-9a48-a831db717792,34.77831,-108.52637,15.15665,3.32231,5.17699,-25.79733,0.5388,4.39758,-14.75907,200.805469,4.24916,133.25108,-24.16086,5.60026,-1.17735,0.23402,-0.03914,0.00424,-0.0002,2.62556,63.17321,-16.08748,1.03367,-0.23337,0.04151,-0.00381,0.00023,-1E-05,0.56351,-16.51418,7.34642,-1.69821,0.36542,-0.07306,0.01223,-0.00132,6E-05,,,,,,,,,,,,,,,,,,,,,,,Low,Low,Low,High,High,,,
80,2026-09-16,14:34:19.63,,,,,Undefined,FOR_RAM,"Wansaw, Michael",1000503198,Right,FOR_RAM,Undefined,1,Bottom,0,0,0,Undefined,,Undefined,Undefined,LineDrive,Undefined,0,0,,75.35719,0.40422,-4.321922,3284.864893,,,3.63303,0.00433,15.47665,,,,2.53361,-0.41933,68.88674,-3.510023,3.206081,0.413704,98.86258,14.01774,-11.752832,943.443714,107.8171,23.87392,-21.80423,321.97701,316.40138,-12.179746,3.15241,-27.47647,12.45808,-0.38483,50,3.57707,9.4798,-111.21738,1.58865,-33.84178,23.04513,-16.82987,FOR_RAM,,FordhamUniversity,,,20260916-FordhamUniversity-BP-1,334729a0-b1fd-11f1-9cb4-878818705a31,91.10973,28.95107,,6.47046,,,,2.38671,2.21243,0.60293,721cb527-4b34-4d12-a0fc-997a8ba63409,2026-09-16,18:34:19.63,2026-09-16T14:34:19.6383232-04:00,2026-09-16T18:34:19.6383232Z,LineDrive,v3,471298,,,,,Undefined,FOR_RAM,96fa9f37-1077-4307-b601-d4fcf06f6d91,45.02886,-110.1825,11.52257,3.63144,0.83288,-8.41493,0.00675,7.96008,-16.92089,175.233796,2.38664,137.73335,-20.80715,4.39297,-0.80794,0.11679,-0.01024,0.0001,5E-05,2.21269,35.11285,-11.51895,0.0228,-0.12171,0.1185,-0.04484,0.0085,-0.00065,0.60291,-28.6544,3.50327,-0.66709,0.13509,-0.03181,0.00723,-0.00109,7E-05,,,,,,,,,,,,,,,,,,,,,,,Low,Low,Low,High,High,,,
81,2026-09-16,14:34:25.12,,,,,Undefined,FOR_RAM,"Young, Caden",10264258,Right,FOR_RAM,Undefined,1,Bottom,0,0,0,Undefined,Slider,Undefined,Undefined,Undefined,Undefined,0,0,,74.00689,-1.382844,-0.854905,3336.213848,192.003336,12:30,4.15413,0.09474,25.46877,-8.72682,11.33162,2.29449,2.6152,-0.21575,68.58975,-4.000504,-0.203311,0.322344,,,,,,,,,,,,-3.1963,15.07284,-0.3469,50,4.37637,2.12687,-111.81096,-0.71735,-3.93411,25.36579,-13.62182,FOR_RAM,,FordhamUniversity,,,20260916-FordhamUniversity-BP-1,367a8f40-b1fd-11f1-9cb4-878818705a31,116.93228,,,5.41715,,,,,,,721cb527-4b34-4d12-a0fc-997a8ba63409,2026-09-16,18:34:25.12,2026-09-16T14:34:25.1279872-04:00,2026-09-16T18:34:25.1279872Z,,v3,471298,,,,,Undefined,FOR_RAM,302f9a43-9664-4932-9178-bffb6d6a1a2c,35.03439,-108.36263,12.6829,4.15298,-2.56915,-6.81091,-0.09412,1.59205,-1.96705,,,,,,,,,,,,,,,,,,,,,,,,,,,,,,,,,,,,,,,,,,,,,,,,,,,High,Medium,Medium,,,,,
82,2026-09-16,14:34:30.63,,,,,Undefined,FOR_RAM,"Young, Caden",10264258,Right,FOR_RAM,Undefined,1,Bottom,0,0,0,Undefined,,Undefined,Undefined,LineDrive,Undefined,0,0,,76.3136,-0.795805,-4.228306,3287.541453,,,4.18947,0.19712,15.36322,,,,2.78543,-0.46194,69.56316,-3.100315,2.498522,0.41005,94.8894,24.225768,-3.154389,2197.758036,109.99435,44.566,-1.10401,358.95317,355.1682,4.428413,4.341253,-24.65155,17.89532,-0.55929,50,4.23844,9.25843,-112.59192,-1.00825,-31.05,24.02441,-9.63386,FOR_RAM,,FordhamUniversity,,,20260916-FordhamUniversity-BP-1,39d700b0-b1fd-11f1-9cb4-878818705a31,91.9216,60.21586,,6.75044,,,,2.98159,2.86881,0.52693,721cb527-4b34-4d12-a0fc-997a8ba63409,2026-09-16,18:34:30.63,2026-09-16T14:34:30.6336256-04:00,2026-09-16T18:34:30.6336256Z,FlyBall,v3,471298,,,,,Undefined,FOR_RAM,01e3c204-52e3-463d-8bcf-119bff0e90f6,45.14122,-111.55036,12.01221,4.18567,-1.42593,-4.81693,-0.18708,7.91227,-15.525,208.732142,2.98108,126.73476,-21.16583,4.86938,-1.09431,0.24783,-0.04752,0.0058,-0.00031,2.8695,57.09069,-15.00408,0.26616,0.16715,-0.08649,0.02146,-0.00249,0.0001,0.52693,-6.98283,6.92348,-1.87063,0.44379,-0.08928,0.01382,-0.0014,7E-05,,,,,,,,,,,,,,,,,,,,,,,Low,Low,Low,High,High,,,
83,2026-09-16,14:35:00.51,,,,,Undefined,FOR_RAM,"Chavez, Carson",1000156814,Right,FOR_RAM,Undefined,1,Bottom,0,0,0,Undefined,Slider,Undefined,Undefined,LineDrive,Undefined,0,0,,75.44815,-2.741542,0.350207,3428.088335,165.010149,11:30,4.1105,0.04012,24.99724,-3.99626,15.90737,-4.11024,2.14491,-0.09401,69.76713,-4.001454,-0.800595,0.321098,82.13741,11.299337,20.862839,3009.532241,99.66817,11.14329,46.54295,175.27593,134.98959,27.59208,1.800605,5.15985,20.78226,0.09504,50,4.73112,-1.47875,-113.81519,-4.45091,6.57475,26.45295,-5.69308,FOR_RAM,,FordhamUniversity,,,20260916-FordhamUniversity-BP-1,4b83d810-b1fd-11f1-9cb4-878818705a31,117.38615,11.72751,,5.68102,,,,1.05439,2.05132,-0.07696,721cb527-4b34-4d12-a0fc-997a8ba63409,2026-09-16,18:35:00.51,2026-09-16T14:35:00.5114880-04:00,2026-09-16T18:35:00.5114880Z,LineDrive,v3,471298,,,,,Undefined,FOR_RAM,528804b8-37bc-4d33-aa09-f42c8c6b69e3,35.50601,-110.39511,13.22647,4.10808,-5.18696,-2.84654,-0.04119,-0.6287,3.28738,244.824294,1.05439,110.38766,-18.93728,3.99033,-0.78969,0.12994,-0.02043,0.00309,-0.00024,2.05132,23.60388,-14.90451,0.58318,0.06175,-0.02837,0.00987,-0.00145,6E-05,-0.07696,42.07095,3.881,-2.02698,0.66629,-0.16951,0.03723,-0.00582,0.00046,,,,,,,,,,,,,,,,,,,,,,,High,Medium,Medium,High,Medium,,,
84,2026-09-16,14:35:04.99,,,,,Undefined,FOR_RAM,"Chavez, Carson",1000156814,Right,FOR_RAM,Undefined,1,Bottom,0,0,0,Undefined,,Undefined,Undefined,LineDrive,Undefined,0,0,,75.35766,-1.029009,-4.581781,3198.176161,,,4.20598,0.19801,15.42331,,,,2.5507,-0.72398,68.79711,-3.530117,2.159808,0.414517,93.97222,11.060575,0.933562,842.301668,109.79271,15.58326,6.73898,228.42876,227.96095,6.1212,2.167171,-24.82336,17.88859,-0.59571,50,4.27507,9.84898,-111.11975,-1.40983,-30.52231,22.99308,-10.1786,FOR_RAM,,FordhamUniversity,,,20260916-FordhamUniversity-BP-1,4e3b08d0-b1fd-11f1-9cb4-878818705a31,90.93092,15.75056,,6.56055,,,,1.61367,2.4083,0.39995,721cb527-4b34-4d12-a0fc-997a8ba63409,2026-09-16,18:35:04.99,2026-09-16T14:35:04.9909248-04:00,2026-09-16T18:35:04.9909248Z,LineDrive,v3,471298,,,,,Undefined,FOR_RAM,221e2bdf-59ea-41db-8d0a-ab407ed59d4d,45.08124,-110.09725,11.49654,4.2023,-1.86247,-5.0893,-0.1879,8.49166,-15.26116,226.247221,1.61367,135.2479,-20.66788,4.17567,-0.83944,0.16135,-0.0286,0.00388,-0.00026,2.40831,26.44041,-13.39858,0.26174,0.04765,-0.01731,0.00343,1E-05,-6E-05,0.39995,2.20299,6.68743,-1.90928,0.49284,-0.10975,0.01993,-0.00244,0.00013,,,,,,,,,,,,,,,,,,,,,,,Low,Low,Low,High,High,,,
85,2026-09-16,14:35:15.70,,,,,Undefined,FOR_RAM,"Velit, Liam",1000239563,Right,FOR_RAM,Undefined,1,Bottom,0,0,0,Undefined,Slider,Undefined,Undefined,Undefined,Undefined,0,0,,74.16363,-1.067533,0.18092,3308.13194,168.743311,11:30,4.32324,0.10106,15.37238,-17.13954,17.20623,-3.20473,2.08031,-0.02795,67.70282,-5.02925,-0.519336,0.421801,,,,,,,,,,,,2.49677,13.77969,-0.08501,50,4.3942,-0.44545,-109.61095,-1.26924,2.96773,23.52696,-15.79515,FOR_RAM,,FordhamUniversity,,,20260916-FordhamUniversity-BP-1,54b757e0-b1fd-11f1-9cb4-878818705a31,89.36063,,,6.46081,,,,,,,721cb527-4b34-4d12-a0fc-997a8ba63409,2026-09-16,18:35:15.70,2026-09-16T14:35:15.7025792-04:00,2026-09-16T18:35:15.7025792Z,,v3,471298,,,,,Undefined,FOR_RAM,7abea65c-ecd0-4352-b45f-c62d5f724566,45.12834,-108.56027,11.76348,4.32177,-1.97464,-7.89758,-0.10194,-0.31291,1.48386,,,,,,,,,,,,,,,,,,,,,,,,,,,,,,,,,,,,,,,,,,,,,,,,,,,Medium,Medium,Medium,,,,,
86,2026-09-16,14:35:20.54,,,,,Undefined,FOR_RAM,"Velit, Liam",1000239563,Right,FOR_RAM,Undefined,1,Bottom,0,0,0,Undefined,,Undefined,Undefined,LineDrive,Undefined,0,0,,76.78895,-2.116063,-3.771921,3339.319215,,,4.29043,0.29355,15.22159,,,,1.59652,0.13799,66.94284,-5.238969,3.364289,0.418932,96.34841,20.92817,-13.72799,1498.565262,107.39176,38.3486,-23.80857,370.12711,355.91956,-11.194791,4.243419,-26.2762,17.22725,-0.59608,50,4.44442,8.23242,-113.53394,-3.53796,-31.70638,35.31665,-11.38665,FOR_RAM,,FordhamUniversity,,,20260916-FordhamUniversity-BP-1,578767d0-b1fd-11f1-9cb4-878818705a31,89.97262,53.76204,,9.84611,,,,2.68304,1.70832,0.16644,721cb527-4b34-4d12-a0fc-997a8ba63409,2026-09-16,18:35:20.54,2026-09-16T14:35:20.5497856-04:00,2026-09-16T18:35:20.5497856Z,LineDrive,v3,471298,,,,,Undefined,FOR_RAM,07a12013-e5ba-47f4-a356-ee97ce11d54d,45.27748,-112.05529,17.65832,4.28632,-4.0147,-5.69333,-0.27919,6.90493,-15.85319,190.72399,2.68235,128.23553,-21.16924,4.88916,-1.0033,0.20215,-0.03761,0.00482,-0.00027,1.71002,50.43276,-11.46584,-0.92791,0.47913,-0.1568,0.03619,-0.00457,0.00023,0.16675,-31.33021,7.59453,-1.95398,0.41199,-0.07454,0.01149,-0.00129,7E-05,,,,,,,,,,,,,,,,,,,,,,,Low,Low,Low,High,High,,,
87,2026-09-16,14:35:25.99,,,,,Undefined,FOR_RAM,"Velit, Liam",1000239563,Right,FOR_RAM,Undefined,1,Bottom,0,0,0,Undefined,Slider,Undefined,Undefined,FlyBall,Undefined,0,0,,75.7422,-1.311017,-0.202772,3406.506859,174.344766,11:45,4.37642,0.1827,15.31828,-11.45938,21.78312,-2.04295,2.41974,-0.14246,68.57998,-4.045059,-0.648329,0.414971,83.67424,29.631725,12.416729,3465.087397,105.50236,52.77662,31.13136,306.73225,304.5067,22.763097,4.29608,1.45394,17.22654,-0.19973,50,4.46699,0.33872,-111.92932,-1.9421,1.78882,25.88015,-10.97973,FOR_RAM,,FordhamUniversity,,,20260916-FordhamUniversity-BP-1,5abe01c0-b1fd-11f1-9cb4-878818705a31,90.83142,62.21008,,7.16223,,,,1.83507,2.54827,0.09497,721cb527-4b34-4d12-a0fc-997a8ba63409,2026-09-16,18:35:25.99,2026-09-16T14:35:25.9984896-04:00,2026-09-16T18:35:25.9984896Z,FlyBall,v3,471298,,,,,Undefined,FOR_RAM,4011543e-d5f4-4c77-b762-e84283734f21,45.18042,-110.80934,12.94007,4.37267,-2.41725,-5.48987,-0.1834,0.41614,0.89441,214.691171,1.83578,104.16128,-19.8783,4.87016,-0.95322,0.15765,-0.02589,0.00374,-0.00026,2.54895,60.65572,-16.10623,-0.08221,0.52012,-0.27004,0.07953,-0.01198,0.00071,0.09482,22.94072,3.50818,-1.37549,0.38671,-0.08284,0.0135,-0.00148,8E-05,,,,,,,,,,,,,,,,,,,,,,,High,High,High,High,High,,,
88,2026-09-16,14:35:31.06,,,,,Undefined,FOR_RAM,"Velit, Liam",1000239563,Right,FOR_RAM,Undefined,1,Bottom,0,0,0,Undefined,Slider,Undefined,Undefined,Undefined,Undefined,0,0,,74.26345,-1.733291,0.242252,3418.925434,181.311569,12:00,4.45879,0.14098,15.33467,-9.7513,24.91222,0.54201,2.3221,0.37115,67.04773,-4.112693,0.360504,0.423748,93.70869,34.29807,-34.34667,1757.088134,93.82193,64.60875,-57.42247,349.41592,335.75868,-32.825281,4.996705,-0.31614,19.8345,-0.1206,50,4.58526,-0.44873,-109.76687,-2.75889,-0.37257,25.60309,-8.80074,FOR_RAM,,FordhamUniversity,,,20260916-FordhamUniversity-BP-1,5dc79840-b1fd-11f1-9cb4-878818705a31,88.95012,82.83431,,7.21572,,,,3.08063,2.45753,-0.02751,721cb527-4b34-4d12-a0fc-997a8ba63409,2026-09-16,18:35:31.06,2026-09-16T14:35:31.0681600-04:00,2026-09-16T18:35:31.0681600Z,FlyBall,v3,471298,,,,,Undefined,FOR_RAM,5b1eb93d-b345-4075-b8ff-3f88ebfde559,45.16461,-108.63316,12.80155,4.45447,-3.14859,-4.40037,-0.14084,-0.46523,-0.18628,,3.08842,93.51042,-13.70192,0.31436,2.08957,-1.2808,0.36433,-0.05021,0.00269,2.43599,77.84739,-23.25831,3.76619,-1.45298,0.39509,-0.04078,-0.00146,0.00037,-0.07472,-63.01706,12.13411,2.47999,-5.49133,2.90624,-0.74984,0.09515,-0.00475,,,,,,,,,,,,,,,,,,,,,,,High,High,High,Low,Medium,,,
89,2026-09-16,14:35:44.04,,,,,Undefined,FOR_RAM,"Hanawalt, Chase",1000367090,Left,FOR_RAM,Undefined,1,Bottom,0,0,0,Undefined,Slider,Undefined,Undefined,Undefined,Undefined,0,0,,75.4674,-2.39263,0.289401,3301.959177,163.470687,11:30,4.359,0.10745,15.30141,-15.00635,18.53903,-5.15323,1.27882,-0.10081,68.4935,-5.884565,-0.834485,0.416858,,,,,,,,,,,,3.92555,15.14934,-0.08386,50,4.5392,-0.69846,-111.41682,-3.93239,4.79085,25.44527,-13.68537,FOR_RAM,,FordhamUniversity,,,20260916-FordhamUniversity-BP-1,65974250-b1fd-11f1-9cb4-878818705a31,90.42043,,,6.9739,,,,,,,721cb527-4b34-4d12-a0fc-997a8ba63409,2026-09-16,18:35:44.04,2026-09-16T14:35:44.0468480-04:00,2026-09-16T18:35:44.0468480Z,,v3,471298,,,,,Undefined,FOR_RAM,44730e78-0764-4cf9-acef-6e86c7b5d568,45.19605,-110.31425,12.72263,4.35595,-4.52539,-6.84268,-0.10963,-0.49087,2.39542,,,,,,,,,,,,,,,,,,,,,,,,,,,,,,,,,,,,,,,,,,,,,,,,,,,High,Medium,Medium,,,,,
90,2026-09-16,14:35:54.48,,,,,Undefined,FOR_RAM,"Hanawalt, Chase",1000367090,Left,FOR_RAM,Undefined,1,Bottom,0,0,0,Undefined,Slider,Undefined,Undefined,GroundBall,Undefined,0,0,,74.19264,-1.855012,0.806808,3186.549824,141.224339,10:45,4.11535,0.1182,25.48234,-7.12469,12.73894,-9.82264,2.43306,-0.22709,69.05858,-4.007969,-1.983769,0.320775,74.64744,-5.911703,14.124704,,,,,31.84427,5.38435,11.935286,0.245506,12.75099,17.05591,0.22102,50,4.48327,-3.58774,-111.9675,-1.97187,15.8289,24.38668,-11.00108,FOR_RAM,,FordhamUniversity,,,20260916-FordhamUniversity-BP-1,6ba28010-b1fd-11f1-9cb4-878818705a31,117.50418,2.77621,,5.13406,,,,,,,721cb527-4b34-4d12-a0fc-997a8ba63409,2026-09-16,18:35:54.48,2026-09-16T14:35:54.4876032-04:00,2026-09-16T18:35:54.4876032Z,GroundBall,v3,471298,,,,,Undefined,FOR_RAM,1dddb10c-b3e6-464e-a90e-95886bbe6c28,35.02197,-108.6563,12.19334,4.11412,-3.46559,-5.50054,-0.12021,-1.43851,7.91445,,5.14332,105.90684,,,,,,,,2.77747,-11.30815,,,,,,,,0.03979,26.65051,,,,,,,,,,,,,,,,,,,,,,,,,,,,,,High,Medium,Medium,Low,Low,,,
91,2026-09-16,14:35:59.03,,,,,Undefined,FOR_RAM,"Hanawalt, Chase",1000367090,Left,FOR_RAM,Undefined,1,Bottom,0,0,0,Undefined,,Undefined,Undefined,Undefined,Undefined,0,0,,74.92623,-0.446992,-4.79546,3164.768803,,,3.97977,0.31151,15.2177,,,,1.69154,-0.28873,68.3456,-5.740506,3.230613,0.419713,,,,,,,,,,,,-28.84911,8.54288,-0.70023,50,3.99746,10.19823,-110.50408,0.06518,-34.90204,23.65471,-21.83878,FOR_RAM,,FordhamUniversity,,,20260916-FordhamUniversity-BP-1,6e857bc0-b1fd-11f1-9cb4-878818705a31,89.80531,,,6.58063,,,,,,,721cb527-4b34-4d12-a0fc-997a8ba63409,2026-09-16,18:35:59.03,2026-09-16T14:35:59.0325248-04:00,2026-09-16T18:35:59.0325248Z,,v3,471298,,,,,Undefined,FOR_RAM,ee06f6f3-71c4-4e5c-859c-cc67acecfe4c,45.28808,-109.49079,11.82736,3.98021,-0.87031,-10.91939,-0.29539,8.70315,-17.45102,,,,,,,,,,,,,,,,,,,,,,,,,,,,,,,,,,,,,,,,,,,,,,,,,,,Low,Low,Low,,,,,
92,2026-09-16,14:36:03.67,,,,,Undefined,FOR_RAM,"Hanawalt, Chase",1000367090,Left,FOR_RAM,Undefined,1,Bottom,0,0,0,Undefined,,Undefined,Undefined,LineDrive,Undefined,0,0,,74.31491,0.5056,-5.095169,3001.278729,,,4.11441,0.36261,15.52853,,,,2.59878,-0.81413,69.95938,-4.632174,1.999817,0.413185,103.29314,8.636557,27.693686,1726.889243,94.73978,12.01071,55.89599,204.04032,196.09986,33.6672,1.722226,-26.04734,7.91473,-0.82589,50,4.04677,10.93905,-109.31637,1.98762,-32.20218,15.35399,-22.3891,FOR_RAM,,FordhamUniversity,,,20260916-FordhamUniversity-BP-1,713a6290-b1fd-11f1-9cb4-878818705a31,91.22407,12.0147,,4.35553,,,,1.75982,2.79963,0.67181,721cb527-4b34-4d12-a0fc-997a8ba63409,2026-09-16,18:36:03.67,2026-09-16T14:36:03.6751360-04:00,2026-09-16T18:36:03.6751360Z,LineDrive,v3,471298,,,,,Undefined,FOR_RAM,916ec01e-4e02-460f-a08a-94558fa88d42,44.97918,-108.60889,7.67699,4.11458,0.95597,-11.19455,-0.35602,9.45522,-16.10109,,1.75982,132.62117,-29.76068,7.64351,-1.73951,0.37172,-0.07062,0.01003,-0.00072,2.79963,22.74869,-13.41038,-1.28204,0.82115,-0.2806,0.06922,-0.01108,0.00085,0.67181,69.60915,-4.71358,1.85195,-0.45804,0.09497,-0.01522,0.00158,-5E-05,,,,,,,,,,,,,,,,,,,,,,,Low,Low,Low,Medium,Medium,,,
93,2026-09-16,14:36:08.95,,,,,Undefined,FOR_RAM,"Hanawalt, Chase",1000367090,Left,FOR_RAM,Undefined,1,Bottom,0,0,0,Undefined,,Undefined,Undefined,LineDrive,Undefined,0,0,,74.107,0.223572,-4.436751,3039.760304,,,3.95007,0.19151,15.53102,,,,2.30239,-0.18095,70.11101,-4.685976,3.45661,0.413227,107.90493,16.639653,14.328506,1534.157353,106.31518,33.21413,28.23231,417.09652,400.61378,16.510706,4.342828,-28.65978,8.7489,-0.59991,50,3.90764,9.81281,-109.12903,1.41122,-35.43698,14.64085,-21.35628,FOR_RAM,,FordhamUniversity,,,20260916-FordhamUniversity-BP-1,745ab560-b1fd-11f1-9cb4-878818705a31,91.21494,52.02707,,3.99599,,,,1.69197,2.51167,0.16321,721cb527-4b34-4d12-a0fc-997a8ba63409,2026-09-16,18:36:08.95,2026-09-16T14:36:08.9530368-04:00,2026-09-16T18:36:08.9530368Z,LineDrive,v3,471298,,,,,Undefined,FOR_RAM,41bb9488-6b84-4282-9bc4-261e6401916d,44.9779,-108.45316,7.32043,3.95003,0.42535,-10.67814,-0.18468,8.17694,-17.71849,189.125353,1.69163,146.9244,-27.58812,6.73208,-1.4597,0.29748,-0.05155,0.00597,-0.00031,2.51247,45.29927,-7.98696,-2.4298,1.07283,-0.32401,0.06704,-0.00783,0.00038,0.16307,37.53009,-4.40357,0.77922,-0.11941,0.02238,-0.00493,0.00073,-4E-05,,,,,,,,,,,,,,,,,,,,,,,Low,Low,Low,High,High,,,
94,2026-09-16,14:36:21.75,,,,,Undefined,FOR_RAM,"Rubin, Jack",10076675,Right,FOR_RAM,Undefined,1,Bottom,0,0,0,Undefined,,Undefined,Undefined,GroundBall,Undefined,0,0,,76.35513,0.372961,-4.910479,3219.015547,,,3.90118,0.15848,15.56052,,,,2.9522,-0.75373,70.54693,-3.056033,2.506657,0.405275,55.59961,-24.725992,5.079652,,,,,10.9125,4.5116,8.265547,0.092933,-27.25407,13.10316,-0.60246,50,3.84822,10.83948,-112.51846,1.48286,-34.90074,20.62791,-15.39454,FOR_RAM,,FordhamUniversity,,,20260916-FordhamUniversity-BP-1,7c1773b0-b1fd-11f1-9cb4-878818705a31,93.00471,3.1931,,5.8082,,,,3.89236,3.1931,0.95485,721cb527-4b34-4d12-a0fc-997a8ba63409,2026-09-16,18:36:21.75,2026-09-16T14:36:21.7588736-04:00,2026-09-16T18:36:21.7588736Z,GroundBall,v3,471298,,,,,Undefined,FOR_RAM,6867c2bb-7b5a-43a3-806c-1e5073df33d2,44.94615,-111.5881,10.31396,3.89944,0.78853,-7.69727,-0.14907,9.26537,-17.45037,,3.88427,74.31971,,,,,,,,3.19684,-34.35905,,,,,,,,0.95413,6.60625,,,,,,,,,,,,,,,,,,,,,,,,,,,,,,Low,Low,Low,Low,Low,,,
95,2026-09-16,14:36:26.05,,,,,Undefined,FOR_RAM,"Rubin, Jack",10076675,Right,FOR_RAM,Undefined,1,Bottom,0,0,0,Undefined,,Undefined,Undefined,Undefined,Undefined,0,0,,76.14265,-0.22248,-4.326933,3106.201162,,,3.87556,0.09884,15.52911,,,,2.61077,-0.4611,69.26269,-3.32825,2.851451,0.409907,,,,,,,,,,,,-26.31194,15.0706,-0.4823,50,3.87457,9.52676,-112.40565,0.25888,-32.91538,24.60052,-13.32125,FOR_RAM,,FordhamUniversity,,,20260916-FordhamUniversity-BP-1,7e9767d0-b1fd-11f1-9cb4-878818705a31,91.95353,,,6.87996,,,,,,,721cb527-4b34-4d12-a0fc-997a8ba63409,2026-09-16,18:36:26.05,2026-09-16T14:36:26.0539392-04:00,2026-09-16T18:36:26.0539392Z,,v3,471298,,,,,Undefined,FOR_RAM,a0e01bbc-1210-4773-84a7-357530c454d2,44.97545,-111.30057,12.30026,3.87276,-0.33952,-6.66063,-0.08756,8.04817,-16.45769,,,,,,,,,,,,,,,,,,,,,,,,,,,,,,,,,,,,,,,,,,,,,,,,,,,Low,Low,Low,,,,,
96,2026-09-16,14:36:30.47,,,,,Undefined,FOR_RAM,"Rubin, Jack",10076675,Right,FOR_RAM,Undefined,1,Bottom,0,0,0,Undefined,,Undefined,Undefined,GroundBall,Undefined,0,0,,77.40105,-1.348531,-2.801804,3130.158423,,,4.25897,0.1026,15.32191,,,,2.86363,0.17804,68.15895,-2.606042,2.996151,0.411655,95.43048,-0.507359,-12.632182,,,,,44.93649,38.84006,-16.258358,0.312137,-21.00985,22.17123,-0.33166,50,4.34939,6.24784,-114.51156,-2.21952,-26.18642,33.17181,-4.5401,FOR_RAM,,FordhamUniversity,,,20260916-FordhamUniversity-BP-1,81314c90-b1fd-11f1-9cb4-878818705a31,91.56325,2.8832,,9.2421,,,,2.07256,2.8832,-0.43204,721cb527-4b34-4d12-a0fc-997a8ba63409,2026-09-16,18:36:30.47,2026-09-16T14:36:30.4713728-04:00,2026-09-16T18:36:30.4713728Z,GroundBall,v3,471298,,,,,Undefined,FOR_RAM,d5cc738b-5ce1-4105-9933-718fdbe70898,45.17687,-113.10576,16.58591,4.25125,-2.41193,-2.27005,-0.0904,5.13808,-13.09321,71.858119,2.06739,136.79106,-16.63286,,,,,,,2.88576,-1.3474,-25.33043,,,,,,,-0.42595,-30.86426,-25.93708,,,,,,,,,,,,,,,,,,,,,,,,,,,,,Low,Low,Low,Medium,Medium,,,
97,2026-09-16,14:36:45.34,,,,,Undefined,FOR_RAM,"Maryott, Gavin",1000410374,Right,FOR_RAM,Undefined,1,Bottom,0,0,0,Undefined,Changeup,Undefined,Undefined,LineDrive,Undefined,0,0,,77.83009,-1.973967,-1.307739,1659.491965,174.215527,11:45,4.40207,0.17184,15.44249,-12.90347,18.5921,-1.76748,1.82206,-0.97184,70.207,-5.0217,-1.694178,0.403921,90.01919,6.582823,-2.11753,1596.364197,109.99855,7.3949,-0.54612,177.83649,114.12586,0.488905,1.685265,0.82268,15.17556,-0.28454,50,4.55281,2.57367,-115.01357,-3.28516,1.06191,28.55025,-12.58587,FOR_RAM,,FordhamUniversity,,,20260916-FordhamUniversity-BP-1,8a279c50-b1fd-11f1-9cb4-878818705a31,93.31639,7.65486,,7.62309,,,,2.62053,1.89762,0.91885,721cb527-4b34-4d12-a0fc-997a8ba63409,2026-09-16,18:36:45.34,2026-09-16T14:36:45.3492736-04:00,2026-09-16T18:36:45.3492736Z,GroundBall,v3,471298,,,,,Undefined,FOR_RAM,343c837f-3929-4e62-bcdf-784a4fb60862,45.05572,-113.77961,14.27513,4.39907,-3.82913,-6.29293,-0.17231,2.61957,0.53095,201.016662,2.62053,131.06851,-20.39862,3.46139,-0.79349,0.26134,-0.09883,0.02585,-0.003,1.89764,15.1324,-10.19599,0.17222,0.54042,-0.70347,0.44619,-0.14141,0.01806,0.91889,-4.85246,4.22497,-1.27531,1.32267,-1.444,0.88514,-0.27824,0.03544,,,,,,,,,,,,,,,,,,,,,,,High,High,High,High,Medium,,,
98,2026-09-16,14:36:49.55,,,,,Undefined,FOR_RAM,"Maryott, Gavin",1000410374,Right,FOR_RAM,Undefined,1,Bottom,0,0,0,Undefined,Slider,Undefined,Undefined,LineDrive,Undefined,0,0,,72.6123,-2.033653,0.865539,3205.973853,126.666705,10:15,4.02086,0.13855,25.00031,-13.78568,7.70496,-9.54851,1.66145,-0.14215,67.32067,-6.029559,-1.811062,0.333654,82.93091,24.295803,-6.24947,3613.229904,109.86165,39.62396,-5.51507,268.16548,268.16548,2.557766,3.634468,12.05863,10.52071,0.19022,50,4.3494,-3.42078,-109.65419,-1.1216,14.23027,24.9462,-19.75865,FOR_RAM,,FordhamUniversity,,,20260916-FordhamUniversity-BP-1,8c8366a0-b1fd-11f1-9cb4-878818705a31,112.96873,44.58931,,5.29163,,,,4.11702,1.93845,0.06177,721cb527-4b34-4d12-a0fc-997a8ba63409,2026-09-16,18:36:49.55,2026-09-16T14:36:49.5526912-04:00,2026-09-16T18:36:49.5526912Z,LineDrive,v3,471298,,,,,Undefined,FOR_RAM,0d8b17d6-d714-4a06-bfd0-296a6c61d3d0,35.50339,-106.30508,12.4731,4.02076,-3.77427,-9.87933,-0.14079,-1.51032,7.11513,212.09123,4.11713,110.19687,-19.66469,4.50007,-0.88333,0.14512,-0.01646,0.0007,4E-05,1.93817,50.054,-15.53404,0.57956,-0.09665,0.05155,-0.02091,0.00433,-0.00034,0.06169,-12.06515,8.05293,-1.93584,0.41282,-0.07087,0.00817,-0.00039,-1E-05,,,,,,,,,,,,,,,,,,,,,,,High,Medium,Medium,Medium,High,,,
99,2026-09-16,14:36:58.15,,,,,Undefined,FOR_RAM,"Maryott, Gavin",1000410374,Right,FOR_RAM,Undefined,1,Bottom,0,0,0,Undefined,,Undefined,Undefined,GroundBall,Undefined,0,0,,76.06373,-1.226124,-3.561492,3003.256838,,,4.22692,0.12904,15.30984,,,,2.50459,-0.05075,68.74753,-3.520264,3.088026,0.413754,98.39039,-10.110373,-10.810429,,,,,16.57976,9.73949,-9.997866,0.102884,-24.11214,18.55584,-0.42691,50,4.31004,7.83519,-112.34011,-1.84123,-29.8626,26.20132,-9.19283,FOR_RAM,,FordhamUniversity,,,20260916-FordhamUniversity-BP-1,91ba6470-b1fd-11f1-9cb4-878818705a31,91.09872,2.61054,,7.31621,,,,1.94763,2.61054,-0.13253,721cb527-4b34-4d12-a0fc-997a8ba63409,2026-09-16,18:36:58.15,2026-09-16T14:36:58.1545984-04:00,2026-09-16T18:36:58.1545984Z,GroundBall,v3,471298,,,,,Undefined,FOR_RAM,12a3d316-cfb3-4f28-88b9-dfa3c647303c,45.19318,-111.21336,13.10066,4.22236,-2.23656,-4.59641,-0.11758,6.55099,-14.9313,180,1.94384,139.77285,,,,,,,,2.61123,-25.37375,,,,,,,,-0.1318,-26.68947,,,,,,,,,,,,,,,,,,,,,,,,,,,,,,Low,Low,Low,Low,Low,,,
100,2026-09-16,14:37:11.62,,,,,Undefined,FOR_RAM,"Ford, Tim",1000142266,Right,FOR_RAM,Undefined,1,Bottom,0,0,0,Undefined,Slider,Undefined,Undefined,Undefined,Undefined,0,0,,76.97733,-1.356621,-0.00947,3503.971429,170.548202,11:45,4.38872,0.13151,15.4037,-11.79674,20.43292,-3.20677,2.37109,-0.14294,69.34514,-4.173935,-0.710251,0.408601,,,,,,,,,,,,2.40744,16.32154,-0.13226,50,4.48527,-0.07451,-113.82208,-2.05614,3.04144,28.08322,-11.55434,FOR_RAM,,FordhamUniversity,,,20260916-FordhamUniversity-BP-1,99c7b3c0-b1fd-11f1-9cb4-878818705a31,92.24761,,,7.63219,,,,,,,721cb527-4b34-4d12-a0fc-997a8ba63409,2026-09-16,18:37:11.62,2026-09-16T14:37:11.6238336-04:00,2026-09-16T18:37:11.6238336Z,,v3,471298,,,,,Undefined,FOR_RAM,6fc1b0f4-bf39-4e33-a8fb-58dda3407e40,45.09488,-112.60534,14.04161,4.38534,-2.55675,-5.77717,-0.13264,0.05727,1.52072,,,,,,,,,,,,,,,,,,,,,,,,,,,,,,,,,,,,,,,,,,,,,,,,,,,High,High,High,,,,,
101,2026-09-16,14:37:16.57,,,,,Undefined,FOR_RAM,"Ford, Tim",1000142266,Right,FOR_RAM,Undefined,1,Bottom,0,0,0,Undefined,,Undefined,Undefined,LineDrive,Undefined,0,0,,74.19368,2.069755,-2.889715,1530.091975,,,3.36815,-0.70218,25.63712,,,,2.44318,-0.62417,69.10511,-5.36721,3.159307,0.319447,96.58634,20.479641,-13.509896,1192.715598,106.61293,36.3845,-27.0866,306.66588,306.66588,-16.03567,3.629549,-27.95139,-7.96292,-0.33948,50,2.45512,10.01364,-112.02113,9.56444,-34.7017,24.56874,-42.06003,FOR_RAM,,FordhamUniversity,,,20260916-FordhamUniversity-BP-1,9caa8860-b1fd-11f1-9cb4-878818705a31,117.99267,44.27703,,5.08856,,,,2.91136,2.57919,0.70312,721cb527-4b34-4d12-a0fc-997a8ba63409,2026-09-16,18:37:16.57,2026-09-16T14:37:16.5709824-04:00,2026-09-16T18:37:16.5709824Z,LineDrive,v3,471298,,,,,Undefined,FOR_RAM,4fcb6f52-1aad-4b45-85e9-eb24f52ec153,34.87018,-108.65216,12.28437,3.37121,3.79699,-21.03002,0.70739,5.25519,-17.35085,157.677646,2.91131,129.03551,-27.29589,7.14438,-1.63662,0.34125,-0.06191,0.00802,-0.00048,2.57922,49.56317,-14.76565,-0.50006,0.49324,-0.1479,0.02548,-0.00155,-6E-05,0.70313,-31.00246,1.70852,0.65503,-0.36581,0.11375,-0.02468,0.00333,-0.0002,,,,,,,,,,,,,,,,,,,,,,,Low,Low,Low,Medium,High,,,
102,2026-09-16,14:37:21.42,,,,,Undefined,FOR_RAM,"Ford, Tim",1000142266,Right,FOR_RAM,Undefined,1,Bottom,0,0,0,Undefined,,Undefined,Undefined,Undefined,Undefined,0,0,,75.94199,-0.555851,-4.554311,3322.463328,,,4.12284,0.18592,15.33498,,,,2.9011,-0.76467,67.98666,-2.91193,2.062275,0.416126,,,,,,,,,,,,-24.48958,18.50745,-0.56786,50,4.1489,9.73879,-112.08772,-0.50537,-29.92499,27.70409,-9.5589,FOR_RAM,,FordhamUniversity,,,20260916-FordhamUniversity-BP-1,9f93ecb0-b1fd-11f1-9cb4-878818705a31,90.5794,,,7.95533,,,,,,,721cb527-4b34-4d12-a0fc-997a8ba63409,2026-09-16,18:37:21.42,2026-09-16T14:37:21.4264320-04:00,2026-09-16T18:37:21.4264320Z,,v3,471298,,,,,Undefined,FOR_RAM,25b9108a-5529-45dd-ba86-2c17f92c231a,45.16709,-110.88676,13.85204,4.11801,-0.91974,-4.77945,-0.1738,8.44156,-14.96249,,,,,,,,,,,,,,,,,,,,,,,,,,,,,,,,,,,,,,,,,,,,,,,,,,,Low,Low,Low,,,,,
103,2026-09-16,14:37:26.40,,,,,Undefined,FOR_RAM,"Ford, Tim",1000142266,Right,FOR_RAM,Undefined,1,Bottom,0,0,0,Undefined,,Undefined,Undefined,FlyBall,Undefined,0,0,,74.83908,0.253591,-4.960293,3288.612098,,,3.87952,0.23945,15.5573,,,,2.39555,-0.58387,68.00535,-4.390797,2.792044,0.417349,89.62281,29.736922,3.722306,3668.054197,108.74612,54.98527,16.55927,309.58543,309.58543,15.844158,4.473606,-28.66427,10.55418,-0.68321,50,3.83494,10.69316,-110.42612,1.40277,-34.54455,24.05999,-19.45472,FOR_RAM,,FordhamUniversity,,,20260916-FordhamUniversity-BP-1,a28a7060-b1fd-11f1-9cb4-878818705a31,90.31389,67.23369,,6.83373,,,,1.13869,2.22476,0.46642,721cb527-4b34-4d12-a0fc-997a8ba63409,2026-09-16,18:37:26.40,2026-09-16T14:37:26.4003072-04:00,2026-09-16T18:37:26.4003072Z,FlyBall,v3,471298,,,,,Undefined,FOR_RAM,7cfb92c5-29ea-45aa-b8ed-3545adcdb28d,44.94801,-109.31983,12.02999,3.87887,0.50823,-9.72736,-0.22805,9.10479,-17.27227,220.032027,1.13982,113.87136,-23.15632,5.48067,-1.07062,0.17886,-0.03072,0.00465,-0.00032,2.22621,65.16085,-17.36908,-0.03868,0.67133,-0.34394,0.09702,-0.01389,0.00078,0.46615,7.41618,8.39492,-3.23647,0.92273,-0.21332,0.03944,-0.00485,0.00027,,,,,,,,,,,,,,,,,,,,,,,Low,Low,Low,High,Medium,,,
104,2026-09-16,14:37:39.82,,,,,Undefined,FOR_RAM,"Grabau, Anthony",1000407420,Left,FOR_RAM,Undefined,1,Bottom,0,0,0,Undefined,Changeup,Undefined,Undefined,Undefined,Undefined,0,0,,76.07069,-1.066257,0.053398,1792.322447,169.546126,11:45,4.40178,0.136,15.3494,-11.44851,21.05529,-3.70036,2.63365,-0.1316,69.69227,-3.767881,-0.754218,0.410335,,,,,,,,,,,,2.79689,16.56241,-0.13114,50,4.4732,-0.2166,-112.35454,-1.47706,3.51985,23.29562,-11.3305,FOR_RAM,,FordhamUniversity,,,20260916-FordhamUniversity-BP-1,aa854920-b1fd-11f1-9cb4-878818705a31,91.85775,,,6.37843,,,,,,,721cb527-4b34-4d12-a0fc-997a8ba63409,2026-09-16,18:37:39.82,2026-09-16T14:37:39.8211584-04:00,2026-09-16T18:37:39.8211584Z,,v3,471298,,,,,Undefined,FOR_RAM,1c6808ab-09b5-44ab-b69f-f60c1c96f421,45.15058,-111.34452,11.64781,4.39851,-1.96831,-5.66525,-0.13722,-0.064,1.75992,,,,,,,,,,,,,,,,,,,,,,,,,,,,,,,,,,,,,,,,,,,,,,,,,,,High,High,High,,,,,
105,2026-09-16,14:37:50.60,,,,,Undefined,FOR_RAM,"Grabau, Anthony",1000407420,Left,FOR_RAM,Undefined,1,Bottom,0,0,0,Undefined,Slider,Undefined,Undefined,GroundBall,Undefined,0,0,,73.16166,-1.100351,-0.087734,3441.707624,164.941853,11:30,4.10196,0.12268,25.86376,-11.76048,8.14382,-2.05921,2.48375,-0.09979,68.32275,-4.603387,-0.679705,0.321103,97.2609,12.198035,37.134205,3226.916934,84.77617,12.56936,70.09244,181.61065,154.63227,42.456292,1.583981,2.63689,11.18497,-0.11727,50,4.20505,-0.26697,-110.44082,0.5821,3.19467,23.16821,-18.62311,FOR_RAM,,FordhamUniversity,,,20260916-FordhamUniversity-BP-1,b0e7a790-b1fd-11f1-9cb4-878818705a31,117.38415,12.98937,,4.83892,,,,3.05718,2.55352,0.00341,721cb527-4b34-4d12-a0fc-997a8ba63409,2026-09-16,18:37:50.60,2026-09-16T14:37:50.6025472-04:00,2026-09-16T18:37:50.6025472Z,LineDrive,v3,471298,,,,,Undefined,FOR_RAM,0e0ee38e-2f3b-420e-8c31-9eb529290f90,34.63998,-107.17017,11.5841,4.10166,-2.04691,-9.31156,-0.12313,0.18402,1.59733,,3.05718,111.1557,-23.34446,4.67015,-1.10354,0.24934,-0.05478,0.00943,-0.00085,2.55352,30.1405,-23.63572,3.09063,-0.72438,0.174,-0.03731,0.00647,-0.0006,0.00341,84.17077,-4.3143,-0.08996,0.13037,-0.05469,0.01457,-0.00282,0.00028,,,,,,,,,,,,,,,,,,,,,,,High,High,High,Medium,Medium,,,
106,2026-09-16,14:38:01.78,,,,,Undefined,FOR_RAM,"Grabau, Anthony",1000407420,Left,FOR_RAM,Undefined,1,Bottom,0,0,0,Undefined,,Undefined,Undefined,LineDrive,Undefined,0,0,,73.50171,-0.09603,-5.157672,3455.008432,,,3.805,0.27865,15.51199,,,,1.97918,-0.68384,68.58503,-4.86843,2.626833,0.419876,102.73409,13.970589,27.872203,1898.821606,94.00745,20.59146,57.11785,267.84127,204.39543,36.281568,2.319541,-28.60939,10.25898,-0.74495,50,3.79109,11.01094,-108.21418,0.75422,-34.24158,17.23223,-19.89544,FOR_RAM,,FordhamUniversity,,,20260916-FordhamUniversity-BP-1,b7a370a0-b1fd-11f1-9cb4-878818705a31,89.77033,21.89756,,4.91667,,,,2.36422,1.9723,0.62361,721cb527-4b34-4d12-a0fc-997a8ba63409,2026-09-16,18:38:01.78,2026-09-16T14:38:01.7868288-04:00,2026-09-16T18:38:01.7868288Z,LineDrive,v3,471298,,,,,Undefined,FOR_RAM,a5e76521-e676-4661-9dfd-5488abc4e172,44.99571,-107.41433,8.61612,3.80467,-0.16925,-9.94772,-0.27075,9.42159,-17.12079,,2.36419,129.26112,-26.45479,6.90374,-1.49959,0.2626,-0.03063,0.00074,0.00021,1.97234,36.3717,-16.87185,0.04864,0.25227,-0.06302,-0.00013,0.00322,-0.00046,0.62363,68.35519,1.18425,-1.27861,0.53735,-0.14719,0.02608,-0.00246,7E-05,,,,,,,,,,,,,,,,,,,,,,,Low,Low,Low,Medium,Medium,,,
107,2026-09-16,14:38:16.43,,,,,Undefined,FOR_RAM,"Palmer, Owen",10100501,Left,FOR_RAM,Undefined,1,Bottom,0,0,0,Undefined,Slider,Undefined,Undefined,GroundBall,Undefined,0,0,,75.85613,-1.740864,-1.477862,3294.816798,185.982919,12:15,4.04534,0.04859,25.40539,-9.78772,9.52032,0.93917,2.20559,-0.74217,69.88825,-4.656394,-1.211689,0.316257,40.2527,-31.066666,123.109109,,,,,5.25189,5.25189,52.432706,0.081897,-1.75425,12.91036,-0.4445,50,4.35007,3.15078,-114.80395,-1.28568,-2.25298,28.70868,-15.59339,FOR_RAM,,FordhamUniversity,,,20260916-FordhamUniversity-BP-1,c04e5f80-b1fd-11f1-9cb4-878818705a31,119.18289,2.52301,,5.96788,,,,,,,721cb527-4b34-4d12-a0fc-997a8ba63409,2026-09-16,18:38:16.43,2026-09-16T14:38:16.4312576-04:00,2026-09-16T18:38:16.4312576Z,GroundBall,v3,471298,,,,,Undefined,FOR_RAM,2902bbba-cfb7-4c62-82a3-3dfb04aca8ed,35.09756,-111.01481,14.35434,4.04456,-3.34378,-7.79669,-0.04827,2.85342,-1.12649,,5.49373,-27.93262,,,,,,,,2.52752,-30.80702,,,,,,,,0.64862,42.83366,,,,,,,,,,,,,,,,,,,,,,,,,,,,,,High,Medium,Medium,Estimated,Estimated,,,
108,2026-09-16,14:38:21.60,,,,,Undefined,FOR_RAM,"Palmer, Owen",10100501,Left,FOR_RAM,Undefined,1,Bottom,0,0,0,Undefined,,Undefined,Undefined,Undefined,Undefined,0,0,,75.66528,1.611951,-3.103796,3231.513481,,,3.45179,-0.5806,25.24226,,,,2.21048,-0.62343,69.26743,-5.970475,2.963992,0.319833,,,,,,,,,,,,-27.9447,-8.54823,-0.46693,50,2.70124,10.37849,-114.79679,8.58211,-35.47332,30.87182,-43.02527,FOR_RAM,,FordhamUniversity,,,20260916-FordhamUniversity-BP-1,c36abab0-b1fd-11f1-9cb4-878818705a31,117.85051,,,6.39785,,,,,,,721cb527-4b34-4d12-a0fc-997a8ba63409,2026-09-16,18:38:21.60,2026-09-16T14:38:21.6074240-04:00,2026-09-16T18:38:21.6074240Z,,v3,471298,,,,,Undefined,FOR_RAM,af5ce894-321e-475d-acf1-767d2533add8,35.2639,-110.763,15.43591,3.45532,2.96032,-21.51264,0.58634,5.74345,-17.73666,,,,,,,,,,,,,,,,,,,,,,,,,,,,,,,,,,,,,,,,,,,,,,,,,,,Low,Low,Low,,,,,
109,2026-09-16,14:38:26.92,,,,,Undefined,FOR_RAM,"Palmer, Owen",10100501,Left,FOR_RAM,Undefined,1,Bottom,0,0,0,Undefined,Slider,Undefined,Undefined,Undefined,Undefined,0,0,,74.00298,-1.987967,0.121101,3342.254169,166.175186,11:30,4.11106,0.11007,25.70009,-5.36414,14.37918,-3.41024,2.50507,-0.10355,68.71762,-3.657103,-0.853921,0.319802,,,,,,,,,,,,4.40603,19.38336,-0.03231,50,4.53912,-0.94421,-111.77993,-2.54327,5.43562,24.83056,-8.26121,FOR_RAM,,FordhamUniversity,,,20260916-FordhamUniversity-BP-1,c68ae670-b1fd-11f1-9cb4-878818705a31,117.86176,,,5.28536,,,,,,,721cb527-4b34-4d12-a0fc-997a8ba63409,2026-09-16,18:38:26.92,2026-09-16T14:38:26.9210112-04:00,2026-09-16T18:38:26.9210112Z,,v3,471298,,,,,Undefined,FOR_RAM,f7cebdcd-c8f9-4133-a728-145231563317,34.80351,-108.35164,12.41528,4.10924,-3.68387,-4.1306,-0.11086,-0.19373,2.71781,,,,,,,,,,,,,,,,,,,,,,,,,,,,,,,,,,,,,,,,,,,,,,,,,,,High,High,High,,,,,
110,2026-09-16,14:39:08.18,,,,,Undefined,FOR_RAM,"Rubin, Jack",10076675,Right,FOR_RAM,Undefined,1,Bottom,0,0,0,Undefined,Slider,Undefined,Undefined,GroundBall,Undefined,0,0,,75.05723,-1.214212,-1.117958,3220.687718,180.406813,12:00,4.09825,-0.01831,25.73505,-10.14036,8.89642,0.05992,2.54613,-0.66421,70.16075,-4.233375,-1.100812,0.314028,93.75576,1.545206,9.015533,2332.025078,,,,81.72594,81.72594,11.681532,0.638584,-0.44,12.08564,-0.27969,50,4.25659,2.22112,-113.16303,-0.01977,-0.56139,23.7407,-16.75365,FOR_RAM,,FordhamUniversity,,,20260916-FordhamUniversity-BP-1,df3af020-b1fd-11f1-9cb4-878818705a31,120.02899,2.88878,,4.89648,,,,1.49212,2.61248,0.52294,721cb527-4b34-4d12-a0fc-997a8ba63409,2026-09-16,18:39:08.18,2026-09-16T14:39:08.1893888-04:00,2026-09-16T18:39:08.1893888Z,GroundBall,v3,471298,,,,,Undefined,FOR_RAM,0ecb3dff-b130-4640-b14b-84f77325d7da,34.76862,-109.92117,11.87035,4.09769,-2.30753,-8.37682,0.01837,2.14446,-0.2807,248.207334,1.53395,134.87499,-18.80557,,,,,,,2.61755,3.60305,-12.07332,,,,,,,0.50148,21.99852,4.947,,,,,,,,,,,,,,,,,,,,,,,,,,,,,High,High,High,Medium,High,,,
111,2026-09-16,14:39:13.07,,,,,Undefined,FOR_RAM,"Rubin, Jack",10076675,Right,FOR_RAM,Undefined,1,Bottom,0,0,0,Undefined,Slider,Undefined,Undefined,GroundBall,Undefined,0,0,,76.35287,-1.367359,-1.339526,3262.740699,177.004021,12:00,4.39637,0.1854,15.45232,-11.4765,21.04422,-1.04256,2.39812,-0.92186,69.16153,-4.10626,-1.56747,0.410442,94.01292,4.337352,3.324645,1523.188511,109.19071,2.93589,13.31871,137.63728,137.63728,7.70258,1.113903,0.29303,16.78186,-0.30102,50,4.49456,2.60743,-112.83303,-2.05888,0.36638,26.29278,-11.1913,FOR_RAM,,FordhamUniversity,,,20260916-FordhamUniversity-BP-1,e2214730-b1fd-11f1-9cb4-878818705a31,91.83379,4.82943,,7.19135,,,,1.73434,2.47602,0.92094,721cb527-4b34-4d12-a0fc-997a8ba63409,2026-09-16,18:39:13.07,2026-09-16T14:39:13.0737152-04:00,2026-09-16T18:39:13.0737152Z,GroundBall,v3,471298,,,,,Undefined,FOR_RAM,7f7e13e4-1bdf-4e5c-afb6-c72ee95eab91,45.04649,-111.67278,13.14639,4.39281,-2.55273,-5.59565,-0.1856,2.6236,0.18319,240.05043,1.73434,137.25899,-17.21902,2.70264,-0.48607,0.16086,-0.12609,0.06958,-0.0157,2.47602,10.42866,-11.6919,0.33463,-0.0131,-0.19612,0.34993,-0.23229,0.05659,0.92094,7.97453,8.90133,-2.11084,0.4679,-0.45754,0.64298,-0.41676,0.10103,,,,,,,,,,,,,,,,,,,,,,,High,High,High,High,High,,,
112,2026-09-16,14:39:16.99,,,,,Undefined,FOR_RAM,"Rubin, Jack",10076675,Right,FOR_RAM,Undefined,1,Bottom,0,0,0,Undefined,Slider,Undefined,Undefined,GroundBall,Undefined,0,0,,74.91935,-1.382074,-1.461691,3196.629935,178.311297,12:00,4.3917,0.21027,15.54702,-12.37831,21.03131,-0.58803,2.30931,-0.94981,68.33077,-4.313348,-1.590535,0.416013,76.23212,0.535941,-23.163014,1141.586736,,,,31.89433,31.1213,-20.266061,0.26893,-0.05602,16.88261,-0.33876,50,4.49351,2.80593,-110.7091,-2.0163,-0.06797,23.97326,-11.69971,FOR_RAM,,FordhamUniversity,,,20260916-FordhamUniversity-BP-1,e4779340-b1fd-11f1-9cb4-878818705a31,90.60392,2.20243,,6.58857,,,,3.20985,2.19519,0.92409,721cb527-4b34-4d12-a0fc-997a8ba63409,2026-09-16,18:39:16.99,2026-09-16T14:39:16.9902592-04:00,2026-09-16T18:39:16.9902592Z,GroundBall,v3,471298,,,,,Undefined,FOR_RAM,447dba2f-3936-4052-b60e-14ada941b1e6,44.95334,-109.61084,11.98663,4.38886,-2.55229,-5.84986,-0.21029,2.80282,-0.03398,22.335827,3.20804,102.87892,-13.18626,,,,,,,2.19897,0.8599,-33.65361,,,,,,,0.92607,-44.07445,-1.69507,,,,,,,,,,,,,,,,,,,,,,,,,,,,,High,High,High,Low,Medium,,,
113,2026-09-16,14:39:28.31,,,,,Undefined,FOR_RAM,"Rubin, Jack",10076675,Right,FOR_RAM,Undefined,1,Bottom,0,0,0,Undefined,Slider,Undefined,Undefined,Undefined,Undefined,0,0,,75.82636,-1.558663,-1.560056,3106.929827,182.309751,12:00,4.18119,-0.04847,25.71079,-7.2443,11.71379,0.45043,2.6689,-0.92,69.84329,-3.774458,-1.431287,0.313378,,,,,,,,,,,,-1.17622,15.79961,-0.37137,50,4.47008,3.21998,-114.81192,-1.35693,-1.51193,28.57304,-11.86496,FOR_RAM,,FordhamUniversity,,,20260916-FordhamUniversity-BP-1,eb248f40-b1fd-11f1-9cb4-878818705a31,120.27781,,,5.98307,,,,,,,721cb527-4b34-4d12-a0fc-997a8ba63409,2026-09-16,18:39:28.31,2026-09-16T14:39:28.3162624-04:00,2026-09-16T18:39:28.3162624Z,,v3,471298,,,,,Undefined,FOR_RAM,af8105ec-d1f6-4e83-8fa2-1b421929ef5c,34.79166,-110.96252,14.28652,4.17959,-2.95539,-5.93248,0.0487,3.01629,-0.75596,,,,,,,,,,,,,,,,,,,,,,,,,,,,,,,,,,,,,,,,,,,,,,,,,,,High,High,High,,,,,
114,2026-09-16,14:39:36.93,,,,,Undefined,FOR_RAM,"Maryott, Gavin",1000410374,Right,FOR_RAM,Undefined,1,Bottom,0,0,0,Undefined,Slider,Undefined,Undefined,GroundBall,Undefined,0,0,,76.22595,-1.025126,-1.594318,3260.838995,168.443353,11:30,4.39288,0.17761,15.41964,-16.33631,16.89859,-3.18693,2.2498,-1.30344,68.0089,-4.862126,-2.290535,0.414924,89.70014,2.465499,4.021664,1915.2465,,,,58.79734,45.81955,5.566402,0.463632,1.69319,13.57016,-0.31488,50,4.45988,3.0541,-112.71645,-1.23692,2.07054,29.90541,-15.57974,FOR_RAM,,FordhamUniversity,,,20260916-FordhamUniversity-BP-1,f058cdf0-b1fd-11f1-9cb4-878818705a31,90.84181,2.6336,,8.21705,,,,2.02879,2.30466,1.26156,721cb527-4b34-4d12-a0fc-997a8ba63409,2026-09-16,18:39:36.93,2026-09-16T14:39:36.9305600-04:00,2026-09-16T18:39:36.9305600Z,GroundBall,v3,471298,,,,,Undefined,FOR_RAM,227c2172-5194-4203-82d1-6894e20ea1e4,45.07636,-111.40247,14.95271,4.39049,-1.92146,-7.78987,-0.17869,3.14508,1.03527,342.000861,2.04296,130.70362,-19.23493,,,,,,,2.32113,5.18092,-22.04481,,,,,,,1.25954,9.27702,0.6722,,,,,,,,,,,,,,,,,,,,,,,,,,,,,High,High,High,Medium,Medium,,,
115,2026-09-16,14:39:41.71,,,,,Undefined,FOR_RAM,"Maryott, Gavin",1000410374,Right,FOR_RAM,Undefined,1,Bottom,0,0,0,Undefined,,Undefined,Undefined,Undefined,Undefined,0,0,,75.68197,-0.336857,-4.459875,3208.423237,,,4.07163,0.14717,15.48208,,,,2.55344,-0.44037,68.9712,-3.8716,2.914046,0.412608,,,,,,,,,,,,-26.99124,13.90477,-0.53861,50,4.08038,9.74609,-111.69131,0.09074,-33.40006,23.94462,-14.96771,FOR_RAM,,FordhamUniversity,,,20260916-FordhamUniversity-BP-1,f33adf40-b1fd-11f1-9cb4-878818705a31,91.3516,,,6.71077,,,,,,,721cb527-4b34-4d12-a0fc-997a8ba63409,2026-09-16,18:39:41.71,2026-09-16T14:39:41.7170432-04:00,2026-09-16T18:39:41.7170432Z,,v3,471298,,,,,Undefined,FOR_RAM,8c157d35-2ed3-4518-a443-2a5269c74ee9,45.02287,-110.61915,11.97231,4.06944,-0.57946,-7.48386,-0.13569,8.25055,-16.70003,,,,,,,,,,,,,,,,,,,,,,,,,,,,,,,,,,,,,,,,,,,,,,,,,,,Low,Low,Low,,,,,
116,2026-09-16,14:39:53.77,,,,,Undefined,FOR_RAM,"Ford, Tim",1000142266,Right,FOR_RAM,Undefined,1,Bottom,0,0,0,Undefined,Slider,Undefined,Undefined,Undefined,Undefined,0,0,,77.22861,-2.623267,-1.216509,3215.319562,175.515332,11:45,4.3788,0.16359,15.34404,-13.26682,19.32186,-1.41138,1.2685,-0.88298,68.81617,-5.775559,-1.524446,0.41087,,,,,,,,,,,,0.49925,15.79576,-0.26735,50,4.57606,2.39308,-113.93993,-4.48103,0.62507,30.20157,-12.39824,FOR_RAM,,FordhamUniversity,,,20260916-FordhamUniversity-BP-1,fa999f10-b1fd-11f1-9cb4-878818705a31,91.73805,,,8.41244,,,,,,,721cb527-4b34-4d12-a0fc-997a8ba63409,2026-09-16,18:39:53.77,2026-09-16T14:39:53.7747456-04:00,2026-09-16T18:39:53.7747456Z,,v3,471298,,,,,Undefined,FOR_RAM,682dad5e-71ff-446a-909b-f8ab79c1ac0b,45.14485,-112.64564,15.10079,4.37264,-5.01236,-6.19912,-0.16423,2.41987,0.31254,,,,,,,,,,,,,,,,,,,,,,,,,,,,,,,,,,,,,,,,,,,,,,,,,,,High,High,High,,,,,
117,2026-09-16,14:40:06.65,,,,,Undefined,FOR_RAM,"Ford, Tim",1000142266,Right,FOR_RAM,Undefined,1,Bottom,0,0,0,Undefined,Slider,Undefined,Undefined,LineDrive,Undefined,0,0,,76.69544,-1.116671,-1.481037,3217.696196,179.741452,12:00,4.43833,0.16969,15.50488,-11.16056,20.50899,-0.08831,2.65844,-0.96454,70.48072,-3.751681,-1.500365,0.405035,97.83308,18.30027,-0.15367,1466.178993,109.96459,34.39385,2.79016,372.75249,355.63639,4.395706,4.012765,-0.39528,16.24202,-0.29891,50,4.51651,2.92499,-113.2417,-1.5827,-0.5073,22.93215,-11.32947,FOR_RAM,,FordhamUniversity,,,20260916-FordhamUniversity-BP-1,020c0df0-b1fe-11f1-9cb4-878818705a31,93.05976,47.02081,,6.21472,,,,0.97716,2.5885,0.97188,721cb527-4b34-4d12-a0fc-997a8ba63409,2026-09-16,18:40:06.65,2026-09-16T14:40:06.6575872-04:00,2026-09-16T18:40:06.6575872Z,LineDrive,v3,471298,,,,,Undefined,FOR_RAM,bd515b9f-92c3-4ada-a275-dfed14d890ec,44.99513,-112.2236,11.46608,4.43508,-2.08568,-5.66473,-0.16955,2.90247,-0.25365,193.300547,0.97662,136.24526,-22.01869,5.05096,-1.00101,0.18525,-0.03081,0.00361,-0.00019,2.58961,45.02451,-10.40573,-1.04047,0.40788,-0.09573,0.01519,-0.00106,-0,0.97195,-0.36729,3.03954,-0.58681,0.13881,-0.03563,0.00776,-0.00101,5E-05,,,,,,,,,,,,,,,,,,,,,,,High,High,High,High,Medium,,,
118,2026-09-16,14:40:12.56,,,,,Undefined,FOR_RAM,"Ford, Tim",1000142266,Right,FOR_RAM,Undefined,1,Bottom,0,0,0,Undefined,Slider,Undefined,Undefined,LineDrive,Undefined,0,0,,76.2101,-1.511535,-1.340586,3385.236845,179.819531,12:00,4.41007,0.16509,15.42936,-12.39127,20.13182,-0.06,2.22507,-0.86164,69.38216,-4.43584,-1.353702,0.410456,99.54355,16.881949,-1.592301,1462.538806,109.99867,30.24024,-0.38157,315.39253,315.39253,1.833942,3.393278,-0.42315,16.11485,-0.2803,50,4.52057,2.63274,-112.57867,-2.31717,-0.5299,25.06295,-11.99488,FOR_RAM,,FordhamUniversity,,,20260916-FordhamUniversity-BP-1,05969440-b1fe-11f1-9cb4-878818705a31,91.83053,37.23379,,6.82795,,,,2.30933,2.29376,0.84055,721cb527-4b34-4d12-a0fc-997a8ba63409,2026-09-16,18:40:12.56,2026-09-16T14:40:12.5653504-04:00,2026-09-16T18:40:12.5653504Z,LineDrive,v3,471298,,,,,Undefined,FOR_RAM,393f0936-1d92-4023-b8e0-ff3ca4d2eb12,45.07003,-111.47572,12.53148,4.40698,-2.84502,-5.99744,-0.16495,2.60942,-0.26495,191.54218,2.30939,139.64881,-27.75558,7.18298,-1.52899,0.27385,-0.03684,0.00287,-6E-05,2.29358,42.40435,-11.80643,-1.43354,0.68925,-0.15039,0.01204,0.00181,-0.00032,0.84053,-3.88138,3.34581,-0.71571,0.14324,-0.02177,0.00144,0.00023,-4E-05,,,,,,,,,,,,,,,,,,,,,,,High,High,High,Medium,High,,,
119,2026-09-16,14:40:28.85,,,,,Undefined,FOR_RAM,"Grabau, Anthony",1000407420,Left,FOR_RAM,Undefined,1,Bottom,0,0,0,Undefined,Slider,Undefined,Undefined,GroundBall,Undefined,0,0,,74.42091,-2.522356,1.198821,3483.263563,127.10122,10:15,3.97155,0.16649,25.13153,-9.933,10.06056,-12.69524,1.64756,-0.18082,70.0095,-5.415743,-2.371792,0.321822,,,,,,,,,,,,16.35517,13.57654,0.30281,50,4.47195,-4.91721,-111.83253,-2.77955,20.55614,21.58882,-15.11026,FOR_RAM,,FordhamUniversity,,,20260916-FordhamUniversity-BP-1,0f7bb0d0-b1fe-11f1-9cb4-878818705a31,117.1219,,,4.4114,,,,,,,721cb527-4b34-4d12-a0fc-997a8ba63409,2026-09-16,18:40:28.85,2026-09-16T14:40:28.8557568-04:00,2026-09-16T18:40:28.8557568Z,,v3,471298,,,,,Undefined,FOR_RAM,27abf764-6fe2-4a4d-a8b8-cd5c29952aa0,35.37381,-108.97242,10.79441,3.97111,-4.78137,-7.55513,-0.16824,-2.19392,10.27807,,,,,,,,,,,,,,,,,,,,,,,,,,,,,,,,,,,,,,,,,,,,,,,,,,,High,Medium,Medium,,,,,
120,2026-09-16,14:40:39.82,,,,,Undefined,FOR_RAM,"Grabau, Anthony",1000407420,Left,FOR_RAM,Undefined,1,Bottom,0,0,0,Undefined,,Undefined,Undefined,LineDrive,Undefined,0,0,,71.36306,4.347783,1.095215,1798.230467,,,3.45315,0.17365,26.45295,,,,2.5602,0.76288,68.70578,-7.548664,0.973333,0.319111,94.8831,14.472031,7.908528,6734.712359,109.34508,20.79556,11.9842,251.05329,251.05329,4.829724,2.370105,0.78957,-29.16844,0.13845,50,1.51866,-2.13629,-106.57071,17.85771,0.93246,13.69879,-66.62066,FOR_RAM,,FordhamUniversity,,,20260916-FordhamUniversity-BP-1,15bd8ef0-b1fe-11f1-9cb4-878818705a31,118.11703,21.45533,,2.65728,,,,2.16322,2.93499,-0.42995,721cb527-4b34-4d12-a0fc-997a8ba63409,2026-09-16,18:40:39.82,2026-09-16T14:40:39.8241280-04:00,2026-09-16T18:40:39.8241280Z,LineDrive,v3,471298,,,,,Undefined,FOR_RAM,4baeb4a2-1973-4059-ae5b-980e4541a2ee,34.05672,-104.50124,6.8494,3.45621,7.79335,-33.31033,-0.17363,-1.99542,0.46623,125.452189,2.16323,133.46406,-16.61604,2.80553,-0.54783,0.09029,-0.0138,0.00193,-0.00017,2.93499,34.77794,-17.59635,1.40537,-0.26897,0.06629,-0.01388,0.00218,-0.00015,-0.42992,18.53829,-6.27934,1.53399,-0.31562,0.02382,0.00846,-0.00225,0.0001,,,,,,,,,,,,,,,,,,,,,,,Low,Low,Low,High,High,,,
121,2026-09-16,14:40:45.48,,,,,Undefined,FOR_RAM,"Grabau, Anthony",1000407420,Left,FOR_RAM,Undefined,1,Bottom,0,0,0,Undefined,,Undefined,Undefined,Undefined,Undefined,0,0,,73.72195,1.765825,-3.3156,3206.562342,,,3.47565,-0.55469,25.42174,,,,2.3558,-0.71163,69.54352,-5.681153,2.785282,0.321554,,,,,,,,,,,,-28.20966,-7.8191,-0.59358,50,2.64894,10.83224,-110.72583,8.93384,-34.93755,20.21334,-41.85796,FOR_RAM,,FordhamUniversity,,,20260916-FordhamUniversity-BP-1,192bdab0-b1fe-11f1-9cb4-878818705a31,117.21967,,,4.17843,,,,,,,721cb527-4b34-4d12-a0fc-997a8ba63409,2026-09-16,18:40:45.48,2026-09-16T14:40:45.4859264-04:00,2026-09-16T18:40:45.4859264Z,,v3,471298,,,,,Undefined,FOR_RAM,b84dec7c-15c2-48f3-a90a-88ba753a4059,35.08629,-107.96896,10.10667,3.47809,3.2249,-20.92898,0.55886,6.06717,-17.46878,,,,,,,,,,,,,,,,,,,,,,,,,,,,,,,,,,,,,,,,,,,,,,,,,,,Low,Low,Low,,,,,
122,2026-09-16,14:41:10.85,,,,,Undefined,FOR_RAM,"Grabau, Anthony",1000407420,Left,FOR_RAM,Undefined,1,Bottom,0,0,0,Undefined,Slider,Undefined,Undefined,Undefined,Undefined,0,0,,73.73799,-1.732158,0.223819,3380.646562,188.367323,12:15,4.20611,0.30841,26.3874,-6.4267,12.4439,1.76681,2.68159,0.58339,69.2026,-3.720672,0.739651,0.312654,,,,,,,,,,,,-2.30965,17.49371,-0.2749,50,4.56111,-0.02195,-111.20195,-1.6954,-2.85988,22.01238,-10.51266,FOR_RAM,,FordhamUniversity,,,20260916-FordhamUniversity-BP-1,28368ff0-b1fe-11f1-9cb4-878818705a31,120.55631,,,4.53538,,,,,,,721cb527-4b34-4d12-a0fc-997a8ba63409,2026-09-16,18:41:10.85,2026-09-16T14:41:10.8594176-04:00,2026-09-16T18:41:10.8594176Z,,v3,471298,,,,,Undefined,FOR_RAM,ea3e773e-dfaf-4388-b376-7ebf27d53575,34.11711,-108.01219,11.00619,4.20506,-3.21877,-5.25633,-0.30811,-0.43637,-1.42994,,,,,,,,,,,,,,,,,,,,,,,,,,,,,,,,,,,,,,,,,,,,,,,,,,,High,High,High,,,,,
123,2026-09-16,14:41:15.64,,,,,Undefined,FOR_RAM,"Grabau, Anthony",1000407420,Left,FOR_RAM,Undefined,1,Bottom,0,0,0,Undefined,Slider,Undefined,Undefined,Undefined,Undefined,0,0,,76.20078,-1.52503,0.68254,3215.441673,148.791509,11:00,4.42095,0.08614,15.41151,-5.89693,26.88946,-15.58603,2.76661,-0.69235,68.78249,-3.055553,-2.72291,0.412115,37.81511,-43.053495,20.608718,,,,,8.48762,5.51873,11.922461,0.084326,11.94595,21.2008,-0.02788,50,4.53131,-1.78797,-112.67966,-2.52422,14.83833,26.93037,-5.84005,FOR_RAM,,FordhamUniversity,,,20260916-FordhamUniversity-BP-1,2b4be640-b1fe-11f1-9cb4-878818705a31,91.46099,3.24512,,7.41829,,,,,,,721cb527-4b34-4d12-a0fc-997a8ba63409,2026-09-16,18:41:15.64,2026-09-16T14:41:15.6428288-04:00,2026-09-16T18:41:15.6428288Z,GroundBall,v3,471298,,,,,Undefined,FOR_RAM,6116614d-8e8d-4b5b-a3af-f052da79e880,45.08826,-111.49957,13.46519,4.41509,-2.78013,-2.92003,-0.09198,-1.13776,7.41916,,5.04489,38.55527,,,,,,,,3.25355,-38.48344,,,,,,,,0.52766,14.49867,,,,,,,,,,,,,,,,,,,,,,,,,,,,,,High,Medium,Medium,Low,Low,,,
124,2026-09-16,14:41:21.29,,,,,Undefined,FOR_RAM,"Rubin, Jack",10076675,Right,FOR_RAM,Undefined,1,Bottom,0,0,0,Undefined,Slider,Undefined,Undefined,Undefined,Undefined,0,0,,76.19429,-0.78347,0.883085,3249.671242,158.628759,11:15,4.42138,0.06215,15.30357,-10.50524,22.54848,-8.35437,2.9471,0.04087,68.54891,-3.325448,-0.938143,0.413792,,,,,,,,,,,,6.5965,17.62103,0.01166,50,4.46755,-1.96817,-112.65665,-0.94763,8.16117,27.57168,-10.37343,FOR_RAM,,FordhamUniversity,,,20260916-FordhamUniversity-BP-1,2e83dfc0-b1fe-11f1-9cb4-878818705a31,91.09039,,,7.64538,,,,,,,721cb527-4b34-4d12-a0fc-997a8ba63409,2026-09-16,18:41:21.29,2026-09-16T14:41:21.2981248-04:00,2026-09-16T18:41:21.2981248Z,,v3,471298,,,,,Undefined,FOR_RAM,feee2aad-aa5a-42ce-8f48-3f183fadbf99,45.1952,-111.47451,13.78584,4.41738,-1.3924,-5.18672,-0.06523,-1.61826,4.08058,,,,,,,,,,,,,,,,,,,,,,,,,,,,,,,,,,,,,,,,,,,,,,,,,,,High,Medium,Medium,,,,,
125,2026-09-16,14:41:36.47,,,,,Undefined,FOR_RAM,"Rubin, Jack",10076675,Right,FOR_RAM,Undefined,1,Bottom,0,0,0,Undefined,,Undefined,Undefined,GroundBall,Undefined,0,0,,76.36295,1.350891,-3.09814,1676.840142,,,3.60639,-0.4567,25.52831,,,,2.44555,-0.46231,69.97116,-5.465645,3.082926,0.313978,89.46205,-2.692554,11.690132,2678.7907,,,,36.52764,35.24572,13.075314,0.279115,-28.64242,-5.82087,-0.62344,50,2.93282,10.67889,-115.91214,7.74706,-37.11526,31.23713,-39.71684,FOR_RAM,,FordhamUniversity,,,20260916-FordhamUniversity-BP-1,378ec8f0-b1fe-11f1-9cb4-878818705a31,120.04796,2.55245,,6.39179,,,,1.3782,2.55245,0.33761,721cb527-4b34-4d12-a0fc-997a8ba63409,2026-09-16,18:41:36.47,2026-09-16T14:41:36.4796928-04:00,2026-09-16T18:41:36.4796928Z,GroundBall,v3,471298,,,,,Undefined,FOR_RAM,e85cf136-e9f1-4069-bcb6-cb744c5e8937,34.97768,-111.7905,15.61857,3.60928,2.50655,-19.85842,0.46251,5.78165,-18.55763,250.025204,1.38191,128.17045,-20.27069,,,,,,,2.55262,-6.1718,-10.656,,,,,,,0.33535,26.66468,6.26425,,,,,,,,,,,,,,,,,,,,,,,,,,,,,Low,Low,Low,Medium,Medium,,,
126,2026-09-16,14:41:41.24,,,,,Undefined,FOR_RAM,"Rubin, Jack",10076675,Right,FOR_RAM,Undefined,1,Bottom,0,0,0,Undefined,Changeup,Undefined,Undefined,GroundBall,Undefined,0,0,,75.55306,-1.899786,-1.517175,3201.844262,212.089287,1:00,4.09456,0.23669,25.51359,-8.47693,10.74256,6.40831,2.27405,-0.11857,69.9949,-4.442961,0.305181,0.315532,86.76389,-16.631115,-10.566172,,,,,10.25876,10.09566,-9.919466,0.072027,-8.62811,14.53902,-0.71521,50,4.45673,4.33322,-114.12877,-1.81452,-11.0562,26.57326,-13.54353,FOR_RAM,,FordhamUniversity,,,20260916-FordhamUniversity-BP-1,3a5f7520-b1fe-11f1-9cb4-878818705a31,119.45697,2.62945,,5.55816,,,,1.45182,2.62945,-0.15303,721cb527-4b34-4d12-a0fc-997a8ba63409,2026-09-16,18:41:41.24,2026-09-16T14:41:41.2406272-04:00,2026-09-16T18:41:41.2406272Z,GroundBall,v3,471298,,,,,Undefined,FOR_RAM,977efa8b-bf9b-48d6-96e5-f8e7ef94b6c6,34.98971,-110.57862,13.28663,4.09344,-3.62392,-6.77177,-0.23497,2.85613,-5.5281,,1.44856,120.14389,,,,,,,,2.63044,-36.50651,,,,,,,,-0.15242,-22.41091,,,,,,,,,,,,,,,,,,,,,,,,,,,,,,Medium,Medium,Medium,Low,Low,,,
127,2026-09-16,14:41:55.77,,,,,Undefined,FOR_RAM,"Rubin, Jack",10076675,Right,FOR_RAM,Undefined,1,Bottom,0,0,0,Undefined,Slider,Undefined,Undefined,GroundBall,Undefined,0,0,,76.42778,-0.911798,-0.271815,3426.603794,174.748861,11:45,4.4111,0.12922,15.42062,-11.71134,20.34651,-1.78063,2.74015,-0.22634,70.09135,-3.670464,-0.661065,0.40751,54.03528,-45.380296,-51.723249,,,,,6.01708,3.8361,-21.391507,0.055658,1.26169,16.05654,-0.15219,50,4.47104,0.47833,-112.91088,-1.17498,1.60488,23.37368,-11.74995,FOR_RAM,,FordhamUniversity,,,20260916-FordhamUniversity-BP-1,43120520-b1fe-11f1-9cb4-878818705a31,92.49448,3.16429,,6.33643,,,,3.66826,3.16429,0.25664,721cb527-4b34-4d12-a0fc-997a8ba63409,2026-09-16,18:41:55.77,2026-09-16T14:41:55.7729792-04:00,2026-09-16T18:41:55.7729792Z,GroundBall,v3,471298,,,,,Undefined,FOR_RAM,ee3900c4-199e-4e59-b366-83d1120dfb4e,45.08008,-111.88777,11.68684,4.40835,-1.6893,-5.87498,-0.12971,0.54858,0.80244,,3.66584,34.75332,,,,,,,,3.16825,-56.85231,,,,,,,,0.2597,-44.04207,,,,,,,,,,,,,,,,,,,,,,,,,,,,,,High,High,High,Low,Low,,,
128,2026-09-16,14:42:11.94,,,,,Undefined,FOR_RAM,"Maryott, Gavin",1000410374,Right,FOR_RAM,Undefined,1,Bottom,0,0,0,Undefined,,Undefined,Undefined,Undefined,Undefined,0,0,,74.72575,0.90681,-4.147115,3354.807961,,,3.4307,-0.00841,15.48264,,,,2.22739,-0.13184,69.9256,-4.22723,3.821003,0.412418,,,,,,,,,,,,-28.7871,7.75595,-0.3647,50,3.32939,9.2461,-110.16885,2.75024,-35.76383,17.5823,-22.5384,FOR_RAM,,FordhamUniversity,,,20260916-FordhamUniversity-BP-1,4cbc3b90-b1fe-11f1-9cb4-878818705a31,91.39375,,,4.80015,,,,,,,721cb527-4b34-4d12-a0fc-997a8ba63409,2026-09-16,18:42:11.94,2026-09-16T14:42:11.9428608-04:00,2026-09-16T18:42:11.9428608Z,,v3,471298,,,,,Undefined,FOR_RAM,ea47b76d-06cb-47d9-b31e-4c31e9d133a2,45.02593,-109.37214,8.79115,3.43088,1.72895,-11.2692,0.01755,7.62552,-17.88192,,,,,,,,,,,,,,,,,,,,,,,,,,,,,,,,,,,,,,,,,,,,,,,,,,,Low,Low,Low,,,,,
129,2026-09-16,14:42:16.39,,,,,Undefined,FOR_RAM,"Maryott, Gavin",1000410374,Right,FOR_RAM,Undefined,1,Bottom,0,0,0,Undefined,,Undefined,Undefined,GroundBall,Undefined,0,0,,75.24158,1.037689,-4.297377,3234.977445,,,3.66181,0.16136,15.4546,,,,2.5044,-0.51705,67.82307,-4.330559,2.514027,0.4177,103.45261,-4.938784,-38.770544,,,,,27.29949,16.40751,-33.172948,0.169262,-25.21269,7.7789,-0.53546,50,3.55049,9.26838,-111.10415,3.00496,-30.43455,26.25952,-22.78408,FOR_RAM,,FordhamUniversity,,,20260916-FordhamUniversity-BP-1,4f6896e0-b1fe-11f1-9cb4-878818705a31,90.23805,2.21308,,7.41851,,,,2.88261,2.21308,1.10012,721cb527-4b34-4d12-a0fc-997a8ba63409,2026-09-16,18:42:16.39,2026-09-16T14:42:16.3981824-04:00,2026-09-16T18:42:16.3981824Z,GroundBall,v3,471298,,,,,Undefined,FOR_RAM,868b6f57-2a39-49e5-8f9a-a52408b4d0e3,45.04879,-109.9277,13.12976,3.66225,1.98422,-11.39204,-0.15077,7.90489,-15.21727,180,2.87961,117.96904,,,,,,,,2.21342,-13.07488,,,,,,,,1.10254,-94.74973,,,,,,,,,,,,,,,,,,,,,,,,,,,,,,Low,Low,Low,Low,Low,,,
130,2026-09-16,14:42:20.81,,,,,Undefined,FOR_RAM,"Maryott, Gavin",1000410374,Right,FOR_RAM,Undefined,1,Bottom,0,0,0,Undefined,Slider,Undefined,Undefined,LineDrive,Undefined,0,0,,75.294,-0.731245,-1.154069,3083.438251,177.036053,12:00,4.39954,0.18447,15.36736,-10.92867,22.6443,-1.11252,2.93067,-0.78903,68.1216,-3.35865,-1.396859,0.417029,89.41177,25.309557,-3.453412,1258.539409,109.96623,45.05075,-2.72105,333.94805,327.32305,1.870975,4.124546,0.40866,17.69233,-0.28239,50,4.44137,2.2102,-111.27618,-0.80804,0.49675,25.64191,-10.66753,FOR_RAM,,FordhamUniversity,,,20260916-FordhamUniversity-BP-1,520c3fa0-b1fe-11f1-9cb4-878818705a31,90.38326,56.4136,,7.1724,,,,2.112,2.97116,0.7721,721cb527-4b34-4d12-a0fc-997a8ba63409,2026-09-16,18:42:20.81,2026-09-16T14:42:20.8180736-04:00,2026-09-16T18:42:20.8180736Z,LineDrive,v3,471298,,,,,Undefined,FOR_RAM,2ce430c7-3aff-44d0-8be2-ace200ec86cc,45.13122,-110.14853,12.82096,4.39552,-1.27716,-5.33376,-0.18471,2.23205,0.24837,201.276542,2.11156,118.34287,-18.25907,4.06149,-0.8205,0.16819,-0.03255,0.00425,-0.00024,2.97168,56.0553,-15.98851,0.96398,-0.23486,0.05498,-0.00852,0.001,-7E-05,0.7722,-7.1426,4.48219,-0.97919,0.19481,-0.03653,0.00656,-0.00083,5E-05,,,,,,,,,,,,,,,,,,,,,,,High,High,High,High,High,,,
131,2026-09-16,14:42:38.34,,,,,Undefined,FOR_RAM,"Ford, Tim",1000142266,Right,FOR_RAM,Undefined,1,Bottom,0,0,0,Undefined,Slider,Undefined,Undefined,Undefined,Undefined,0,0,,76.66181,-0.726919,-0.016714,3230.638668,172.897111,11:45,4.40066,0.12597,15.39047,-8.88174,23.6436,-2.79921,3.10607,-0.12004,68.92945,-2.917235,-0.628169,0.410471,,,,,,,,,,,,2.08476,18.42753,-0.1276,50,4.44203,-0.04453,-113.35981,-0.86953,2.61154,27.91916,-9.09039,FOR_RAM,,FordhamUniversity,,,20260916-FordhamUniversity-BP-1,5c82edd0-b1fe-11f1-9cb4-878818705a31,91.82737,,,7.73236,,,,,,,721cb527-4b34-4d12-a0fc-997a8ba63409,2026-09-16,18:42:38.34,2026-09-16T14:42:38.3489536-04:00,2026-09-16T18:42:38.3489536Z,,v3,471298,,,,,Undefined,FOR_RAM,812e88d3-f7f3-4c81-b9cc-bea9ba8da30a,45.10729,-112.14832,13.95958,4.39574,-1.26399,-4.54519,-0.12707,0.06879,1.30577,,,,,,,,,,,,,,,,,,,,,,,,,,,,,,,,,,,,,,,,,,,,,,,,,,,High,Medium,Medium,,,,,
132,2026-09-16,14:42:44.85,,,,,Undefined,FOR_RAM,"Ford, Tim",1000142266,Right,FOR_RAM,Undefined,1,Bottom,0,0,0,Undefined,,Undefined,Undefined,LineDrive,Undefined,0,0,,76.45116,-0.287826,-4.394114,3204.647465,,,4.25928,0.21408,15.31285,,,,3.14697,-0.51601,68.75869,-2.877126,2.48049,0.412562,94.5892,22.784045,5.163101,2670.048093,108.99753,42.43081,14.81518,339.59547,333.6112,12.521724,4.160859,-25.17899,17.06816,-0.58023,50,4.26298,9.51554,-112.84321,0.04668,-31.35002,27.10383,-10.9227,FOR_RAM,,FordhamUniversity,,,20260916-FordhamUniversity-BP-1,60816ba0-b1fe-11f1-9cb4-878818705a31,91.36198,55.13432,,7.69248,,,,0.74624,2.94576,0.60404,721cb527-4b34-4d12-a0fc-997a8ba63409,2026-09-16,18:42:44.85,2026-09-16T14:42:44.8553472-04:00,2026-09-16T18:42:44.8553472Z,LineDrive,v3,471298,,,,,Undefined,FOR_RAM,9149ceb3-e647-44fb-95a9-68e55137220f,45.18984,-111.68188,13.55191,4.25495,-0.42133,-5.46135,-0.2013,8.17227,-15.67501,206.823155,0.74585,127.3966,-23.21623,5.39933,-1.21306,0.27202,-0.05102,0.00605,-0.00031,2.94659,53.70179,-14.30384,-0.03303,0.33817,-0.16006,0.03948,-0.00473,0.00021,0.60423,11.50483,3.71736,-1.25112,0.38733,-0.10745,0.02198,-0.00268,0.00014,,,,,,,,,,,,,,,,,,,,,,,Low,Low,Low,High,High,,,
133,2026-09-16,14:42:49.94,,,,,Undefined,FOR_RAM,"Ford, Tim",1000142266,Right,FOR_RAM,Undefined,1,Bottom,0,0,0,Undefined,Changeup,Undefined,Undefined,Undefined,Undefined,0,0,,76.93313,-2.248423,-1.289305,1654.210498,175.258286,11:45,4.38431,0.15281,15.50374,-14.08914,18.42792,-1.42087,1.49849,-0.94655,68.68894,-5.588561,-1.600443,0.410419,,,,,,,,,,,,0.49177,15.0856,-0.26623,50,4.55577,2.52673,-113.57519,-3.684,0.61289,29.66641,-13.37299,FOR_RAM,,FordhamUniversity,,,20260916-FordhamUniversity-BP-1,63951440-b1fe-11f1-9cb4-878818705a31,91.839,,,8.2442,,,,,,,721cb527-4b34-4d12-a0fc-997a8ba63409,2026-09-16,18:42:49.94,2026-09-16T14:42:49.9412992-04:00,2026-09-16T18:42:49.9412992Z,,v3,471298,,,,,Undefined,FOR_RAM,9726aea3-2c91-490b-9e6b-c630f1bc8cbb,44.98582,-112.25783,14.8332,4.379,-4.27784,-6.68649,-0.15343,2.55394,0.30644,,,,,,,,,,,,,,,,,,,,,,,,,,,,,,,,,,,,,,,,,,,,,,,,,,,High,High,High,,,,,
134,2026-09-16,14:43:15.16,,,,,Undefined,FOR_RAM,"Grabau, Anthony",1000407420,Left,FOR_RAM,Undefined,1,Bottom,0,0,0,Undefined,Slider,Undefined,Undefined,LineDrive,Undefined,0,0,,76.22682,-0.592909,0.022239,3345.880455,166.151499,11:30,4.37253,0.13075,15.27359,-11.62367,21.28104,-4.96532,2.95046,-0.26602,68.92137,-3.363501,-1.059543,0.412858,101.18047,15.1006,9.043009,965.690895,109.06904,27.04056,14.27727,340.33694,340.33694,4.780223,3.34237,3.71016,16.53824,-0.12909,50,4.40247,-0.18019,-112.66238,-0.54233,4.62025,26.39848,-11.57916,FOR_RAM,,FordhamUniversity,,,20260916-FordhamUniversity-BP-1,729e9100-b1fe-11f1-9cb4-878818705a31,91.29647,33.71229,,7.30545,,,,1.71331,3.03249,0.14079,721cb527-4b34-4d12-a0fc-997a8ba63409,2026-09-16,18:43:15.16,2026-09-16T14:43:15.1688192-04:00,2026-09-16T18:43:15.1688192Z,LineDrive,v3,471298,,,,,Undefined,FOR_RAM,5d62e51a-47f4-4526-8708-eec9ec07f8df,45.22492,-111.53789,13.19924,4.36886,-1.03557,-5.78958,-0.13258,0.01661,2.31012,151.217974,1.71327,141.49462,-20.77149,4.2514,-0.79694,0.13898,-0.02155,0.0024,-0.00012,3.03281,38.6464,-12.09372,-0.30299,0.28717,-0.12477,0.03625,-0.00532,0.0003,0.14051,22.5309,-8.64478,2.49715,-0.6857,0.20029,-0.05008,0.00774,-0.00051,,,,,,,,,,,,,,,,,,,,,,,High,High,High,High,High,,,
135,2026-09-16,14:43:21.17,,,,,Undefined,FOR_RAM,"Grabau, Anthony",1000407420,Left,FOR_RAM,Undefined,1,Bottom,0,0,0,Undefined,,Undefined,Undefined,FlyBall,Undefined,0,0,,75.40952,1.050848,-4.488337,1627.287382,,,3.63225,0.21573,15.65187,,,,2.44808,-0.14188,70.77371,-4.32223,3.543441,0.40652,98.62126,42.080219,16.298826,3599.711887,106.14771,97.1879,28.85447,333.022,252.9198,13.977892,6.220427,-29.30754,6.24311,-0.63784,50,3.5131,10.11638,-111.11972,3.13832,-37.2119,17.0189,-24.24712,FOR_RAM,,FordhamUniversity,,,20260916-FordhamUniversity-BP-1,760f26b0-b1fe-11f1-9cb4-878818705a31,92.71981,137.66999,,4.63581,,,,2.61834,2.47781,0.28198,721cb527-4b34-4d12-a0fc-997a8ba63409,2026-09-16,18:43:21.17,2026-09-16T14:43:21.1776512-04:00,2026-09-16T18:43:21.1776512Z,FlyBall,v3,471298,,,,,Undefined,FOR_RAM,2b471c9f-f833-4c72-b8b4-e3d8f92a482e,44.85688,-110.3292,8.50945,3.63272,2.01205,-12.12356,-0.20808,8.3879,-18.60595,,2.62869,102.85422,-23.82682,5.31413,-0.65817,0.00523,0.0108,-0.00133,5E-05,2.47328,97.00925,-20.32927,1.56998,-0.26006,0.0166,0.00518,-0.0011,6E-05,0.28542,30.06455,-8.39637,1.9678,-0.25942,0.00586,0.00364,-0.00049,2E-05,,,,,,,,,,,,,,,,,,,,,,,Low,Low,Low,Medium,Medium,,,
136,2026-09-16,14:43:27.32,,,,,Undefined,FOR_RAM,"Grabau, Anthony",1000407420,Left,FOR_RAM,Undefined,1,Bottom,0,0,0,Undefined,Slider,Undefined,Undefined,FlyBall,Undefined,0,0,,75.94153,-0.514181,0.412174,3423.736397,139.180926,10:45,4.3803,0.06216,15.27506,-12.24323,21.09131,-17.17714,2.96681,-1.05406,68.35554,-3.43296,-3.329645,0.415545,82.92655,49.365669,14.024276,3698.135041,108.25647,110.59865,19.50725,245.43114,176.21073,7.670306,5.646356,12.97469,16.39418,-0.0288,50,4.4034,-1.27057,-112.32365,-0.36636,15.93695,27.64183,-12.03692,FOR_RAM,,FordhamUniversity,,,20260916-FordhamUniversity-BP-1,79bcec70-b1fe-11f1-9cb4-878818705a31,90.70594,119.73768,,7.58599,,,,2.32639,3.30218,0.37468,721cb527-4b34-4d12-a0fc-997a8ba63409,2026-09-16,18:43:27.32,2026-09-16T14:43:27.3268224-04:00,2026-09-16T18:43:27.3268224Z,FlyBall,v3,471298,,,,,Undefined,FOR_RAM,e2b461b2-37c5-45d9-b03f-3a50f1f4ea5b,45.22423,-111.14216,13.82092,4.37675,-0.88085,-6.01846,-0.06855,-0.58938,7.96847,,2.33004,76.77065,-16.92806,3.85253,-0.3924,-0.05346,0.02298,-0.00277,0.00012,3.30127,92.30719,-21.32849,1.65152,-0.21204,-0.01132,0.01337,-0.00237,0.00013,0.37554,19.17296,-7.72412,2.02049,-0.25225,-0.01825,0.01199,-0.00164,8E-05,,,,,,,,,,,,,,,,,,,,,,,High,Medium,Medium,Medium,Medium,,,
137,2026-09-16,14:43:40.59,,,,,Undefined,FOR_RAM,"Grabau, Anthony",1000407420,Left,FOR_RAM,Undefined,1,Bottom,0,0,0,Undefined,Slider,Undefined,Undefined,Undefined,Undefined,0,0,,77.21971,-1.245982,0.001353,3489.321429,173.350298,11:45,4.40962,0.11321,15.37624,-9.90134,21.98025,-2.43433,2.63375,-0.08862,69.91101,-3.635275,-0.53025,0.406388,,,,,,,,,,,,1.83032,17.39072,-0.11298,50,4.49676,-0.0749,-114.1421,-1.90535,2.34209,26.89241,-9.92095,FOR_RAM,,FordhamUniversity,,,20260916-FordhamUniversity-BP-1,819f8240-b1fe-11f1-9cb4-878818705a31,92.74977,,,7.3087,,,,,,,721cb527-4b34-4d12-a0fc-997a8ba63409,2026-09-16,18:43:40.59,2026-09-16T14:43:40.5945344-04:00,2026-09-16T18:43:40.5945344Z,,v3,471298,,,,,Undefined,FOR_RAM,3e54b577-14f8-4a90-9d83-7e0ab60e9c30,45.12294,-112.9872,13.44621,4.40579,-2.33141,-4.96048,-0.11404,0.02568,1.17104,,,,,,,,,,,,,,,,,,,,,,,,,,,,,,,,,,,,,,,,,,,,,,,,,,,High,High,High,,,,,
138,2026-09-16,14:43:45.10,,,,,Undefined,FOR_RAM,"Palmer, Owen",10100501,Left,FOR_RAM,Undefined,1,Bottom,0,0,0,Undefined,Slider,Undefined,Undefined,LineDrive,Undefined,0,0,,76.94542,-1.638859,0.677489,3290.427399,118.174596,10:00,4.35805,0.07194,15.38878,-14.25241,18.05328,-31.55407,1.91992,-2.0408,69.58291,-4.968056,-6.212803,0.409082,70.71358,14.876551,13.298325,1807.671126,107.78117,16.8175,21.98057,189.58796,188.44672,10.296371,2.332541,24.08245,14.6691,-0.01196,50,4.47877,-2.28456,-113.92592,-2.55791,30.37677,28.76591,-13.67096,FOR_RAM,,FordhamUniversity,,,20260916-FordhamUniversity-BP-1,845c0a30-b1fe-11f1-9cb4-878818705a31,92.139,16.95653,,7.36251,,,,2.65224,2.1116,0.46224,721cb527-4b34-4d12-a0fc-997a8ba63409,2026-09-16,18:43:45.10,2026-09-16T14:43:45.1070464-04:00,2026-09-16T18:43:45.1070464Z,LineDrive,v3,471298,,,,,Undefined,FOR_RAM,74cb068b-1093-45ac-849b-e8ef01e37b9f,45.11421,-112.68552,14.38295,4.35576,-3.1474,-6.83548,-0.08223,-0.9747,15.18838,159.121078,2.65224,97.54969,-12.11039,2.49796,-0.4207,0.04725,-0,-0.00107,0.00014,2.11164,26.62377,-11.86749,-0.14593,0.05102,0.04516,-0.02954,0.00832,-0.0009,0.46223,23.05758,-5.72387,1.2512,-0.22462,0.01953,0.00451,-0.0019,0.00022,,,,,,,,,,,,,,,,,,,,,,,High,Medium,Medium,High,High,,,
139,2026-09-16,14:43:50.78,,,,,Undefined,FOR_RAM,"Palmer, Owen",10100501,Left,FOR_RAM,Undefined,1,Bottom,0,0,0,Undefined,Slider,Undefined,Undefined,Undefined,Undefined,0,0,,73.66225,-1.727543,0.486718,3369.672195,153.087872,11:00,4.09836,0.08509,25.66917,-8.18264,11.58757,-5.6489,2.40846,-0.10175,69.10056,-4.179474,-1.127301,0.32002,,,,,,,,,,,,7.40311,15.66139,0.12141,50,4.41901,-2.13058,-110.90319,-1.42838,9.1256,21.73461,-12.86872,FOR_RAM,,FordhamUniversity,,,20260916-FordhamUniversity-BP-1,8790cf60-b1fe-11f1-9cb4-878818705a31,117.78155,,,4.56169,,,,,,,721cb527-4b34-4d12-a0fc-997a8ba63409,2026-09-16,18:43:50.78,2026-09-16T14:43:50.7846656-04:00,2026-09-16T18:43:50.7846656Z,,v3,471298,,,,,Undefined,FOR_RAM,90dc7170-06e3-48da-a6ed-c11ba3bd0f53,34.835,-107.89026,10.8673,4.09736,-3.21229,-6.43436,-0.08625,-0.86555,4.5628,,,,,,,,,,,,,,,,,,,,,,,,,,,,,,,,,,,,,,,,,,,,,,,,,,,High,Medium,Medium,,,,,
140,2026-09-16,14:43:55.65,,,,,Undefined,FOR_RAM,"Palmer, Owen",10100501,Left,FOR_RAM,Undefined,1,Bottom,0,0,0,Undefined,,Undefined,Undefined,GroundBall,Undefined,0,0,,75.19937,-0.918283,-4.670726,3156.534272,,,4.30112,0.32959,15.44434,,,,2.53154,-0.52675,69.37645,-3.914625,2.420552,0.413091,83.26077,-1.819061,28.560594,1488.896128,,,,51.57471,47.81459,27.306103,0.428163,-26.08911,15.89513,-0.74201,50,4.36183,10.13126,-110.8243,-1.12914,-32.31063,20.58067,-12.48837,FOR_RAM,,FordhamUniversity,,,20260916-FordhamUniversity-BP-1,8a881660-b1fe-11f1-9cb4-878818705a31,91.24492,2.91775,,5.82293,,,,2.53114,2.91775,0.23295,721cb527-4b34-4d12-a0fc-997a8ba63409,2026-09-16,18:43:55.65,2026-09-16T14:43:55.6512768-04:00,2026-09-16T18:43:55.6512768Z,GroundBall,v3,471298,,,,,Undefined,FOR_RAM,9705a559-e7c3-4219-8a30-ca8e74fd66fa,45.06167,-109.9034,10.29033,4.2988,-1.68794,-6.24418,-0.32102,8.6855,-16.15532,,2.54107,106.89126,-13.5812,,,,,,,2.91453,-3.77451,-7.06679,,,,,,,0.23908,58.16066,-8.11444,,,,,,,,,,,,,,,,,,,,,,,,,,,,,Low,Low,Low,Medium,High,,,
141,2026-09-16,14:44:17.77,,,,,Undefined,FOR_RAM,"Rubin, Jack",10076675,Right,FOR_RAM,Undefined,1,Bottom,0,0,0,Undefined,Slider,Undefined,Undefined,LineDrive,Undefined,0,0,,75.65944,-1.797197,-0.309422,3053.117748,176.160696,11:45,4.18194,0.05901,25.7119,-6.15256,13.10631,-0.83748,2.62191,-0.19103,68.87247,-3.725436,-0.548985,0.315854,105.09959,10.238445,-27.082413,1169.462879,99.06194,13.87322,-47.81837,213.02211,213.02211,-26.763245,1.891017,0.92142,17.72721,-0.13073,50,4.54816,0.45195,-115.04938,-2.07898,1.16756,32.16429,-9.71141,FOR_RAM,,FordhamUniversity,,,20260916-FordhamUniversity-BP-1,97cf22a0-b1fe-11f1-9cb4-878818705a31,119.33495,13.90715,,6.78697,,,,1.58316,2.0187,1.78904,721cb527-4b34-4d12-a0fc-997a8ba63409,2026-09-16,18:44:17.77,2026-09-16T14:44:17.7707520-04:00,2026-09-16T18:44:17.7707520Z,LineDrive,v3,471298,,,,,Undefined,FOR_RAM,70fd450f-72d9-40e3-bb25-ea510a55fffb,34.79003,-110.71551,16.08215,4.17988,-3.38751,-4.85571,-0.05924,0.60927,0.58378,,1.58316,135.05867,-25.83943,5.35323,-1.16126,0.24767,-0.05011,0.00786,-0.00065,2.0187,27.39875,-16.49636,0.86319,-0.04715,-0.01049,0.00571,-0.00126,0.00017,1.78904,-69.06053,14.58992,-4.39285,1.2117,-0.30334,0.06691,-0.01129,0.00105,,,,,,,,,,,,,,,,,,,,,,,High,High,High,Low,Medium,,,
142,2026-09-16,14:44:22.59,,,,,Undefined,FOR_RAM,"Rubin, Jack",10076675,Right,FOR_RAM,Undefined,1,Bottom,0,0,0,Undefined,Slider,Undefined,Undefined,GroundBall,Undefined,0,0,,74.60338,-1.496057,0.073863,3335.697546,162.350076,11:30,4.16663,0.03867,25.72189,-8.49335,11.05485,-3.33957,2.58738,-0.19661,68.78165,-4.072307,-0.881905,0.318218,101.15644,1.230916,-30.121103,1360.89048,,,,70.31057,61.02263,-24.504172,0.495486,4.28925,14.99332,0.02465,50,4.423,-0.83448,-113.02529,-0.95627,5.34316,27.69223,-13.49669,FOR_RAM,,FordhamUniversity,,,20260916-FordhamUniversity-BP-1,9a8c6de0-b1fe-11f1-9cb4-878818705a31,118.4485,2.92304,,5.82173,,,,3.04465,2.7875,0.93646,721cb527-4b34-4d12-a0fc-997a8ba63409,2026-09-16,18:44:22.59,2026-09-16T14:44:22.5900032-04:00,2026-09-16T18:44:22.5900032Z,GroundBall,v3,471298,,,,,Undefined,FOR_RAM,d810f0aa-6dda-4352-b9f7-b6e52c405c7a,34.78112,-109.2329,13.84612,4.16548,-2.80461,-6.74835,-0.03953,-0.10275,2.67158,,3.04269,128.35834,-10.84824,,,,,,,2.79928,2.86692,-17.23337,,,,,,,0.90167,-73.48996,25.99639,,,,,,,,,,,,,,,,,,,,,,,,,,,,,High,Medium,Medium,Low,Medium,,,
143,2026-09-16,14:44:27.86,,,,,Undefined,FOR_RAM,"Rubin, Jack",10076675,Right,FOR_RAM,Undefined,1,Bottom,0,0,0,Undefined,,Undefined,Undefined,GroundBall,Undefined,0,0,,74.65765,-0.613551,-4.60392,3351.452829,,,3.9902,0.25838,15.51947,,,,2.50407,-0.61495,68.23259,-3.512684,2.304612,0.417239,101.79961,3.025248,-25.778972,3226.666592,,,,58.40893,51.93964,-25.241398,0.39265,-25.57194,16.83871,-0.66923,50,4.02415,9.88809,-110.11952,-0.53386,-30.90536,22.42967,-11.82336,FOR_RAM,,FordhamUniversity,,,20260916-FordhamUniversity-BP-1,9dbf3740-b1fe-11f1-9cb4-878818705a31,90.33769,2.45965,,6.42506,,,,3.87549,2.01881,0.29862,721cb527-4b34-4d12-a0fc-997a8ba63409,2026-09-16,18:44:27.86,2026-09-16T14:44:27.8613504-04:00,2026-09-16T18:44:27.8613504Z,GroundBall,v3,471298,,,,,Undefined,FOR_RAM,6be2b45f-0bbc-4bfe-b154-6089b9e54f18,44.98547,-109.09336,11.21484,3.98735,-1.07479,-5.91168,-0.24919,8.47416,-15.45268,,3.88289,134.00878,-23.84698,,,,,,,2.03712,7.2542,-31.80079,,,,,,,0.30362,-65.01487,2.02579,,,,,,,,,,,,,,,,,,,,,,,,,,,,,Low,Low,Low,Medium,Medium,,,
144,2026-09-16,14:44:43.32,,,,,Undefined,FOR_RAM,"Maryott, Gavin",1000410374,Right,FOR_RAM,Undefined,1,Bottom,0,0,0,Undefined,Slider,Undefined,Undefined,Undefined,Undefined,0,0,,73.48672,-1.899955,0.682217,3387.993226,145.760725,10:45,4.14387,0.07082,25.79175,-7.13256,12.79871,-8.34953,2.44483,-0.22848,68.21746,-4.080704,-1.711932,0.321321,,,,,,,,,,,,10.97969,17.42784,0.22472,50,4.52577,-3.06121,-111.08145,-1.97375,13.34969,24.8843,-10.98432,FOR_RAM,,FordhamUniversity,,,20260916-FordhamUniversity-BP-1,a6e5e5d0-b1fe-11f1-9cb4-878818705a31,117.30472,,,5.26926,,,,,,,721cb527-4b34-4d12-a0fc-997a8ba63409,2026-09-16,18:44:43.32,2026-09-16T14:44:43.3274880-04:00,2026-09-16T18:44:43.3274880Z,,v3,471298,,,,,Undefined,FOR_RAM,de8d7630-ef7f-49cd-9511-e6cfbe41b101,34.71204,-107.60218,12.44215,4.14243,-3.50956,-5.49216,-0.0728,-1.19469,6.67485,,,,,,,,,,,,,,,,,,,,,,,,,,,,,,,,,,,,,,,,,,,,,,,,,,,High,Medium,Medium,,,,,
145,2026-09-16,14:44:48.51,,,,,Undefined,FOR_RAM,"Maryott, Gavin",1000410374,Right,FOR_RAM,Undefined,1,Bottom,0,0,0,Undefined,,Undefined,Undefined,LineDrive,Undefined,0,0,,72.76657,2.35651,-3.249945,3356.207527,,,3.46948,-0.47867,25.34442,,,,2.38799,-0.68241,67.63833,-6.166663,2.561821,0.329083,97.6567,21.717813,-11.74473,1730.097672,108.06512,41.01842,-20.53705,354.33279,341.6444,-9.785632,4.188265,-26.93372,-11.56631,-0.61993,50,2.45985,10.24018,-109.81102,10.53617,-32.05146,24.05044,-45.93808,FOR_RAM,,FordhamUniversity,,,20260916-FordhamUniversity-BP-1,a9f9b580-b1fe-11f1-9cb4-878818705a31,114.53765,55.81017,,5.12823,,,,2.56872,2.53322,0.40161,721cb527-4b34-4d12-a0fc-997a8ba63409,2026-09-16,18:44:48.51,2026-09-16T14:44:48.5135872-04:00,2026-09-16T18:44:48.5135872Z,LineDrive,v3,471298,,,,,Undefined,FOR_RAM,c348741f-55e3-4050-8526-184d44c622fa,35.16299,-106.51191,12.02522,3.47294,4.23463,-22.96904,0.48321,5.84354,-16.02573,185.799704,2.56831,130.28772,-24.80621,6.32438,-1.4387,0.31714,-0.06032,0.00753,-0.00042,2.53402,52.98037,-12.29202,-1.32126,0.80178,-0.27608,0.06098,-0.0073,0.00035,0.40173,-27.08813,6.55866,-1.70006,0.40197,-0.09116,0.01745,-0.00216,0.00012,,,,,,,,,,,,,,,,,,,,,,,Low,Low,Low,High,High,,,
146,2026-09-16,14:44:55.19,,,,,Undefined,FOR_RAM,"Maryott, Gavin",1000410374,Right,FOR_RAM,Undefined,1,Bottom,0,0,0,Undefined,Slider,Undefined,Undefined,LineDrive,Undefined,0,0,,73.98376,-1.771475,0.864373,3328.071617,144.03082,10:45,4.16536,0.08821,25.63504,-5.22776,14.59162,-10.21249,2.69491,-0.2581,68.72811,-3.398514,-2.049703,0.320418,101.75045,13.395491,-29.244602,1427.075746,95.92241,15.53311,-53.84119,200.76736,200.76736,-30.505808,1.771819,13.32918,19.51178,0.27532,50,4.53702,-3.79149,-111.74762,-2.1591,16.44297,24.72155,-8.10421,FOR_RAM,,FordhamUniversity,,,20260916-FordhamUniversity-BP-1,adef59b0-b1fe-11f1-9cb4-878818705a31,117.63532,15.55593,,5.25565,,,,2.39591,2.12815,0.38686,721cb527-4b34-4d12-a0fc-997a8ba63409,2026-09-16,18:44:55.19,2026-09-16T14:44:55.1900160-04:00,2026-09-16T18:44:55.1900160Z,LineDrive,v3,471298,,,,,Undefined,FOR_RAM,a2ee2e5a-1110-4119-9fea-bf685b1a8810,34.8691,-108.34857,12.36077,4.16355,-3.27338,-4.0521,-0.09056,-1.53069,8.22148,,2.3959,126.67148,-24.60671,6.08657,-1.68805,0.63632,-0.26597,0.07775,-0.01001,2.12819,34.56969,-24.64766,3.48741,-0.44662,-0.3943,0.37936,-0.1417,0.01974,0.38687,-70.92374,10.72702,-2.68417,0.75928,-0.3054,0.13508,-0.04063,0.0053,,,,,,,,,,,,,,,,,,,,,,,High,Medium,Medium,Low,Medium,,,
147,2026-09-16,14:45:08.22,,,,,Undefined,FOR_RAM,"Ford, Tim",1000142266,Right,FOR_RAM,Undefined,1,Bottom,0,0,0,Undefined,Slider,Undefined,Undefined,Undefined,Undefined,0,0,,76.72829,-0.488999,-0.31315,3410.842058,177.200551,12:00,4.39663,0.1397,15.36982,-10.98989,21.30407,-0.98772,3.10766,-0.18156,69.43501,-3.121469,-0.52881,0.409008,,,,,,,,,,,,0.61457,16.45076,-0.16653,50,4.41613,0.59416,-113.35228,-0.31973,0.77692,26.19101,-11.37722,FOR_RAM,,FordhamUniversity,,,20260916-FordhamUniversity-BP-1,b5e96f20-b1fe-11f1-9cb4-878818705a31,92.15571,,,7.29328,,,,,,,721cb527-4b34-4d12-a0fc-997a8ba63409,2026-09-16,18:45:08.22,2026-09-16T14:45:08.2232320-04:00,2026-09-16T18:45:08.2232320Z,,v3,471298,,,,,Undefined,FOR_RAM,1523ed95-51c7-4ef7-8cfe-5a899184abc6,45.12615,-112.22048,13.09551,4.39169,-0.81137,-5.68861,-0.14012,0.62773,0.38846,,,,,,,,,,,,,,,,,,,,,,,,,,,,,,,,,,,,,,,,,,,,,,,,,,,High,High,High,,,,,
148,2026-09-16,14:45:26.32,,,,,Undefined,FOR_RAM,"Ford, Tim",1000142266,Right,FOR_RAM,Undefined,1,Bottom,0,0,0,Undefined,,Undefined,Undefined,LineDrive,Undefined,0,0,,74.82793,0.595487,-4.69649,1526.043719,,,3.77489,0.1514,15.58337,,,,2.43962,-0.42064,69.97376,-4.270375,3.188344,0.411075,100.32179,10.257718,-27.624157,2815.332369,93.69228,7.02338,-57.63431,150.30488,150.30488,-33.273839,1.173762,-28.80903,8.68146,-0.58392,50,3.69916,10.36535,-110.24572,2.13088,-35.86735,17.47028,-21.36558,FOR_RAM,,FordhamUniversity,,,20260916-FordhamUniversity-BP-1,c153a510-b1fe-11f1-9cb4-878818705a31,91.69246,9.06546,,4.85417,,,,1.53389,2.4888,-0.22316,721cb527-4b34-4d12-a0fc-997a8ba63409,2026-09-16,18:45:26.32,2026-09-16T14:45:26.3248384-04:00,2026-09-16T18:45:26.3248384Z,LineDrive,v3,471298,,,,,Undefined,FOR_RAM,b4a82c83-4ed1-4748-951f-911d2a239f8c,44.92482,-109.43851,8.73514,3.77481,1.1437,-10.68279,-0.14328,8.70812,-17.93368,,1.53389,128.28213,-22.71585,3.77083,-0.80113,0.15412,-0.03164,0.00559,-0.00054,2.4888,26.20183,-28.02901,4.25304,-1.02539,0.252,-0.05755,0.0113,-0.00126,-0.22316,-67.13316,-4.56415,2.39443,-0.72813,0.2088,-0.05287,0.01101,-0.00127,,,,,,,,,,,,,,,,,,,,,,,Low,Low,Low,Low,Medium,,,
149,2026-09-16,14:45:49.39,,,,,Undefined,FOR_RAM,"Grabau, Anthony",1000407420,Left,FOR_RAM,Undefined,1,Bottom,0,0,0,Undefined,,Undefined,Undefined,LineDrive,Undefined,0,0,,77.80156,-0.146094,-5.276866,3343.797625,,,3.80492,0.41713,15.45703,,,,2.04536,-0.59095,70.21627,-4.701711,2.630331,0.403894,105.61764,9.318536,22.618804,1629.576961,98.51362,12.04747,48.93935,208.58765,192.11888,30.215955,1.716809,-29.50844,9.29252,-0.87965,50,3.79781,11.74472,-114.77938,0.59479,-38.10793,27.56291,-20.17346,FOR_RAM,,FordhamUniversity,,,20260916-FordhamUniversity-BP-1,ce482480-b1fe-11f1-9cb4-878818705a31,93.32258,12.04909,,7.58528,,,,1.65739,2.45672,0.57961,721cb527-4b34-4d12-a0fc-997a8ba63409,2026-09-16,18:45:49.39,2026-09-16T14:45:49.3979136-04:00,2026-09-16T18:45:49.3979136Z,LineDrive,v3,471298,,,,,Undefined,FOR_RAM,bb15e377-e74e-4005-8963-6188d16035b4,45.04811,-113.58402,13.78145,3.80464,-0.28011,-10.08673,-0.40614,10.09204,-19.05397,,1.65739,141.10388,-29.10958,6.11837,-1.40095,0.31031,-0.06554,0.01069,-0.00091,2.45672,25.08279,-17.40353,1.47857,-0.26922,0.05525,-0.00963,0.00151,-0.00013,0.57961,58.79025,3.47761,-2.19242,0.75292,-0.21732,0.05289,-0.00933,0.00084,,,,,,,,,,,,,,,,,,,,,,,Low,Low,Low,Low,Medium,,,
150,2026-09-16,14:45:54.65,,,,,Undefined,FOR_RAM,"Grabau, Anthony",1000407420,Left,FOR_RAM,Undefined,1,Bottom,0,0,0,Undefined,Changeup,Undefined,Undefined,Undefined,Undefined,0,0,,76.87238,-2.573681,0.03141,1721.875594,177.092482,12:00,4.42593,0.13738,15.33761,-11.59871,21.21493,-1.01059,1.49274,0.07715,68.58869,-5.364317,-0.189116,0.412286,,,,,,,,,,,,0.75189,17.26229,-0.13513,50,4.62029,-0.08518,-113.52775,-4.43125,0.93503,29.89164,-10.70751,FOR_RAM,,FordhamUniversity,,,20260916-FordhamUniversity-BP-1,d18c7a10-b1fe-11f1-9cb4-878818705a31,91.42303,,,8.2837,,,,,,,721cb527-4b34-4d12-a0fc-997a8ba63409,2026-09-16,18:45:54.65,2026-09-16T14:45:54.6597376-04:00,2026-09-16T18:45:54.6597376Z,,v3,471298,,,,,Undefined,FOR_RAM,3fd5c31b-e844-4f9c-aba4-82fb6fb2d200,45.15581,-112.24504,14.94582,4.42028,-4.89073,-5.35375,-0.13793,-0.04506,0.46752,,,,,,,,,,,,,,,,,,,,,,,,,,,,,,,,,,,,,,,,,,,,,,,,,,,High,High,High,,,,,
151,2026-09-16,14:45:59.53,,,,,Undefined,FOR_RAM,"Grabau, Anthony",1000407420,Left,FOR_RAM,Undefined,1,Bottom,0,0,0,Undefined,,Undefined,Undefined,LineDrive,Undefined,0,0,,75.16883,2.719374,-2.664224,3192.143488,,,3.44057,-0.62944,25.31357,,,,2.50433,-0.56994,69.27253,-6.043091,2.869078,0.320196,102.06559,26.706611,27.72877,2087.716117,95.13216,51.96949,55.22552,399.43996,381.9378,36.988625,4.713607,-25.34202,-14.05328,-0.29051,50,2.34441,9.10747,-113.79673,11.62164,-31.94447,28.40213,-49.88869,FOR_RAM,,FordhamUniversity,,,20260916-FordhamUniversity-BP-1,d460cfc0-b1fe-11f1-9cb4-878818705a31,117.71689,75.62592,,5.8963,,,,2.53588,2.69107,0.35421,721cb527-4b34-4d12-a0fc-997a8ba63409,2026-09-16,18:45:59.53,2026-09-16T14:45:59.5361792-04:00,2026-09-16T18:45:59.5361792Z,FlyBall,v3,471298,,,,,Undefined,FOR_RAM,a2c49f93-4f39-4abf-b2f1-c778f5da0a12,35.19351,-110.0392,14.20106,3.44533,5.02148,-24.94434,0.63483,4.88129,-15.97223,,2.53679,118.35034,-26.88136,7.24663,-1.60965,0.31218,-0.05137,0.0059,-0.00031,2.69253,67.24089,-15.5595,-0.86796,0.87499,-0.35176,0.08406,-0.01066,0.00054,0.35428,62.2206,-4.90886,0.81762,-0.06189,-0.00267,-2E-05,0.00027,-3E-05,,,,,,,,,,,,,,,,,,,,,,,Low,Low,Low,High,Medium,,,
152,2026-09-16,14:46:06.48,,,,,Undefined,FOR_RAM,"Grabau, Anthony",1000407420,Left,FOR_RAM,Undefined,1,Bottom,0,0,0,Undefined,,Undefined,Undefined,Undefined,Undefined,0,0,,79.76634,-3.172552,-3.434664,3305.123054,,,4.45791,0.08509,14.69525,,,,1.24467,0.10614,67.8349,-5.47792,3.486047,0.41357,,,,,,,,,,,,-24.40037,19.46781,-0.30539,50,4.66525,7.35278,-117.608,-5.89638,-30.8197,42.50572,-7.58462,FOR_RAM,,FordhamUniversity,,,20260916-FordhamUniversity-BP-1,d886f9d0-b1fe-11f1-9cb4-878818705a31,91.1391,,,11.93144,,,,,,,721cb527-4b34-4d12-a0fc-997a8ba63409,2026-09-16,18:46:06.48,2026-09-16T14:46:06.4847360-04:00,2026-09-16T18:46:06.4847360Z,,v3,471298,,,,,Undefined,FOR_RAM,4ca241b9-4548-43de-9d91-072361f897d6,45.79385,-116.07786,21.25286,4.44808,-6.16941,-3.79231,-0.06067,6.24332,-15.40985,,,,,,,,,,,,,,,,,,,,,,,,,,,,,,,,,,,,,,,,,,,,,,,,,,,Low,Low,Low,,,,,
153,2026-09-16,14:46:11.97,,,,,Undefined,FOR_RAM,"Grabau, Anthony",1000407420,Left,FOR_RAM,Undefined,1,Bottom,0,0,0,Undefined,,Undefined,Undefined,Undefined,Undefined,0,0,,76.35962,0.352812,-5.299034,3228.582328,,,3.76215,0.36469,15.45905,,,,2.02212,-0.58789,70.42873,-5.102427,2.799144,0.407094,,,,,,,,,,,,-29.84738,6.18807,-0.83472,50,3.70987,11.68959,-112.50705,1.7367,-38.04122,21.48446,-24.28718,FOR_RAM,,FordhamUniversity,,,20260916-FordhamUniversity-BP-1,dbdc8d70-b1fe-11f1-9cb4-878818705a31,92.58903,,,5.93089,,,,,,,721cb527-4b34-4d12-a0fc-997a8ba63409,2026-09-16,18:46:11.97,2026-09-16T14:46:11.9739392-04:00,2026-09-16T18:46:11.9739392Z,,v3,471298,,,,,Undefined,FOR_RAM,0fd992ba-6006-4e16-b71d-52f44d544a9b,45.04847,-111.55749,10.74223,3.7629,0.66327,-12.14359,-0.35523,10.00827,-19.02061,,,,,,,,,,,,,,,,,,,,,,,,,,,,,,,,,,,,,,,,,,,,,,,,,,,Low,Low,Low,,,,,
154,2026-09-16,14:46:17.36,,,,,Undefined,FOR_RAM,"Grabau, Anthony",1000407420,Left,FOR_RAM,Undefined,1,Bottom,0,0,0,Undefined,,Undefined,Undefined,GroundBall,Undefined,0,0,,78.38865,-2.433085,-3.009036,3237.370525,,,4.12544,0.09127,15.01196,,,,1.32362,0.50945,68.33131,-5.155723,4.094359,0.412381,65.94024,-26.512254,44.495139,,,,,4.05522,1.95593,20.508204,0.031608,-25.45427,17.65804,-0.31487,50,4.29704,6.74021,-115.87419,-4.3137,-31.9856,36.83472,-9.98511,FOR_RAM,,FordhamUniversity,,,20260916-FordhamUniversity-BP-1,df101a20-b1fe-11f1-9cb4-878818705a31,91.40202,1.36759,,10.05734,,,,1.84267,1.36759,-0.50066,721cb527-4b34-4d12-a0fc-997a8ba63409,2026-09-16,18:46:17.36,2026-09-16T14:46:17.3685760-04:00,2026-09-16T18:46:17.3685760Z,GroundBall,v3,471298,,,,,Undefined,FOR_RAM,823726fa-8c85-434e-8b59-8bf047a96d65,45.48602,-114.43026,18.41736,4.12027,-4.70512,-4.99256,-0.07523,5.48637,-15.9928,,1.84197,61.86898,,,,,,,,1.36808,-43.26768,,,,,,,,-0.50135,60.78816,,,,,,,,,,,,,,,,,,,,,,,,,,,,,,Low,Low,Low,Estimated,Estimated,,,
155,2026-09-16,14:46:28.23,,,,,Undefined,FOR_RAM,"Palmer, Owen",10100501,Left,FOR_RAM,Undefined,1,Bottom,0,0,0,Undefined,,Undefined,Undefined,FlyBall,Undefined,0,0,,78.43256,-1.589006,-3.699973,3411.402232,,,4.05038,0.25742,15.25306,,,,2.12791,-0.00758,68.70779,-3.73884,3.004302,0.408309,72.5021,52.081834,-33.620985,,90.38724,76.63063,-62.69057,185.2116,176.56281,-36.266106,4.170281,-24.55773,18.84174,-0.55542,50,4.16085,8.21452,-115.9554,-2.64892,-31.18489,35.20677,-8.24765,FOR_RAM,,FordhamUniversity,,,20260916-FordhamUniversity-BP-1,e58c9040-b1fe-11f1-9cb4-878818705a31,92.31358,77.19742,,9.72477,,,,2.74049,2.13204,0.15753,721cb527-4b34-4d12-a0fc-997a8ba63409,2026-09-16,18:46:28.23,2026-09-16T14:46:28.2371584-04:00,2026-09-16T18:46:28.2371584Z,Popup,v3,471298,,,,,Undefined,FOR_RAM,3f2858da-9a8a-4e5a-8ac1-49c6f661d063,45.2459,-114.50285,17.60339,4.04455,-2.9892,-4.12382,-0.24305,6.9279,-15.59244,,2.73966,54.43509,-9.78476,2.3927,-0.57835,0.13389,-0.01995,0.00118,1E-05,2.13225,83.88496,-28.91119,4.26007,-1.04931,0.27008,-0.06344,0.00939,-0.00059,0.15779,-36.18871,4.96337,-1.19133,0.27879,-0.06564,0.01086,-0.00084,1E-05,,,,,,,,,,,,,,,,,,,,,,,Low,Low,Low,Medium,Medium,,,
156,2026-09-16,14:46:32.87,,,,,Undefined,FOR_RAM,"Palmer, Owen",10100501,Left,FOR_RAM,Undefined,1,Bottom,0,0,0,Undefined,,Undefined,Undefined,GroundBall,Undefined,0,0,,76.4666,-0.518432,-4.865617,3295.465355,,,3.79158,0.3024,15.43533,,,,2.43376,-0.73692,69.12729,-3.28243,2.135353,0.410403,86.13514,-8.493625,37.292926,,,,,17.26454,15.86347,32.827167,0.117885,-26.14844,16.45828,-0.72714,50,3.8175,10.60575,-112.80986,-0.40202,-32.743,25.92905,-11.56503,FOR_RAM,,FordhamUniversity,,,20260916-FordhamUniversity-BP-1,e85c7920-b1fe-11f1-9cb4-878818705a31,91.84246,2.20357,,7.33931,,,,2.76874,2.20357,0.41893,721cb527-4b34-4d12-a0fc-997a8ba63409,2026-09-16,18:46:32.87,2026-09-16T14:46:32.8757248-04:00,2026-09-16T18:46:32.8757248Z,GroundBall,v3,471298,,,,,Undefined,FOR_RAM,9f01bb0a-346d-458d-a011-d1ee9685b011,45.06893,-111.67072,12.96452,3.78867,-0.91011,-5.78252,-0.29279,9.16725,-16.3715,180,2.76536,99.57851,,,,,,,,2.2042,-18.69249,,,,,,,,0.41636,75.83907,,,,,,,,,,,,,,,,,,,,,,,,,,,,,,Low,Low,Low,Medium,High,,,
157,2026-09-16,14:46:38.42,,,,,Undefined,FOR_RAM,"Palmer, Owen",10100501,Left,FOR_RAM,Undefined,1,Bottom,0,0,0,Undefined,,Undefined,Undefined,FlyBall,Undefined,0,0,,73.68424,2.991202,-2.339802,3243.816661,,,3.1953,-0.66355,25.6225,,,,2.03215,-0.7256,70.09243,-7.058938,2.132508,0.318692,79.93167,41.102188,12.739709,,108.03917,80.26612,20.67681,291.84836,276.38508,7.210537,5.153718,-20.85418,-20.46749,-0.17861,50,1.88524,7.89826,-110.46623,13.47818,-25.97551,18.19871,-57.66793,FOR_RAM,,FordhamUniversity,,,20260916-FordhamUniversity-BP-1,eb7c7dd0-b1fe-11f1-9cb4-878818705a31,118.2724,92.969,,3.59181,,,,1.91052,1.9858,0.11707,721cb527-4b34-4d12-a0fc-997a8ba63409,2026-09-16,18:46:38.42,2026-09-16T14:46:38.4262144-04:00,2026-09-16T18:46:38.4262144Z,FlyBall,v3,471298,,,,,Undefined,FOR_RAM,33b026a2-ec64-44ae-8593-f724899cce0f,34.88623,-107.9476,9.09936,3.1983,5.49718,-28.83397,0.66572,4.30336,-12.98776,,1.91343,86.10103,-15.00611,3.22506,-0.2524,-0.08289,0.02932,-0.00364,0.00016,1.9834,77.1144,-18.42484,1.38656,-0.34886,0.06634,-0.00374,-0.00058,6E-05,0.11865,19.44868,-5.15893,0.92983,-0.04107,-0.03462,0.00952,-0.001,4E-05,,,,,,,,,,,,,,,,,,,,,,,Low,Low,Low,Medium,High,,,
158,2026-09-16,14:46:43.44,,,,,Undefined,FOR_RAM,"Palmer, Owen",10100501,Left,FOR_RAM,Undefined,1,Bottom,0,0,0,Undefined,Slider,Undefined,Undefined,GroundBall,Undefined,0,0,,75.50631,-2.303065,-0.000111,3441.777277,174.08145,11:45,4.38239,0.14197,15.43231,-11.27611,22.41525,-2.18866,1.68691,-0.0405,67.66399,-5.027764,-0.478691,0.417764,71.93921,-5.764466,36.02732,,,,,30.17448,8.07827,27.960644,0.227234,1.6526,18.31206,-0.1419,50,4.56041,-0.06264,-111.64837,-3.86807,1.99293,28.4368,-10.09086,FOR_RAM,,FordhamUniversity,,,20260916-FordhamUniversity-BP-1,eeb07fb0-b1fe-11f1-9cb4-878818705a31,90.22428,2.4145,,7.84232,,,,,,,721cb527-4b34-4d12-a0fc-997a8ba63409,2026-09-16,18:46:43.44,2026-09-16T14:46:43.4497536-04:00,2026-09-16T18:46:43.4497536Z,GroundBall,v3,471298,,,,,Undefined,FOR_RAM,ae16da86-4551-4d2e-887e-657fb6cc0723,45.06619,-110.38457,14.2184,4.37854,-4.31653,-5.04543,-0.14271,0.02593,0.99646,,7.30074,85.12463,,,,,,,,2.41553,-10.6256,,,,,,,,0.07399,61.9087,,,,,,,,,,,,,,,,,,,,,,,,,,,,,,High,Medium,Medium,Low,Low,,,
159,2026-09-16,14:46:55.87,,,,,Undefined,FOR_RAM,"Rubin, Jack",10076675,Right,FOR_RAM,Undefined,1,Bottom,0,0,0,Undefined,Slider,Undefined,Undefined,Undefined,Undefined,0,0,,75.26122,-1.172661,0.342158,3327.546405,146.907271,11:00,4.1349,0.06967,26.1947,-7.59772,10.86993,-6.78095,2.8284,-0.29897,70.08269,-3.501422,-1.626167,0.309298,,,,,,,,,,,,9.04666,14.99209,0.12464,50,4.31615,-2.21036,-113.79161,-0.3937,11.59167,25.31245,-12.96438,FOR_RAM,,FordhamUniversity,,,20260916-FordhamUniversity-BP-1,f5e940f0-b1fe-11f1-9cb4-878818705a31,121.86448,,,5.17853,,,,,,,721cb527-4b34-4d12-a0fc-997a8ba63409,2026-09-16,18:46:55.87,2026-09-16T14:46:55.8775296-04:00,2026-09-16T18:46:55.8775296Z,,v3,471298,,,,,Undefined,FOR_RAM,8d710f31-0b5f-4bf1-8fb0-fcbddcb577b6,34.30914,-110.24601,12.65623,4.13382,-2.20967,-6.48219,-0.07126,-0.58667,5.79584,,,,,,,,,,,,,,,,,,,,,,,,,,,,,,,,,,,,,,,,,,,,,,,,,,,High,High,High,,,,,
160,2026-09-16,14:47:04.94,,,,,Undefined,FOR_RAM,"Rubin, Jack",10076675,Right,FOR_RAM,Undefined,1,Bottom,0,0,0,Undefined,Slider,Undefined,Undefined,Undefined,Undefined,0,0,,73.26951,-1.778079,0.347177,3292.661611,164.163255,11:30,4.17503,0.1038,25.96946,-5.0291,14.77001,-4.04295,2.72776,-0.03242,68.06663,-3.364726,-0.818129,0.320254,,,,,,,,,,,,5.39091,20.1397,0.04761,50,4.55656,-1.53669,-110.75702,-2.15011,6.52906,24.38984,-7.78239,FOR_RAM,,FordhamUniversity,,,20260916-FordhamUniversity-BP-1,fb6c8a00-b1fe-11f1-9cb4-878818705a31,117.69562,,,5.20288,,,,,,,721cb527-4b34-4d12-a0fc-997a8ba63409,2026-09-16,18:47:04.94,2026-09-16T14:47:04.9472000-04:00,2026-09-16T18:47:04.9472000Z,,v3,471298,,,,,Undefined,FOR_RAM,6a5a38b4-6fa0-4941-8500-42721b4f66c8,34.53441,-107.2973,12.19492,4.17327,-3.25405,-3.89119,-0.10468,-0.61054,3.26453,,,,,,,,,,,,,,,,,,,,,,,,,,,,,,,,,,,,,,,,,,,,,,,,,,,High,Medium,Medium,,,,,
161,2026-09-16,14:47:20.87,,,,,Undefined,FOR_RAM,"Velit, Liam",1000239563,Right,FOR_RAM,Undefined,1,Bottom,0,0,0,Undefined,,Undefined,Undefined,Undefined,Undefined,0,0,,77.44708,1.615409,-4.424046,1651.032452,,,3.38345,0.22639,15.59665,,,,2.47061,-0.03701,71.61113,-4.198625,3.727696,0.39931,,,,,,,,,,,,-29.71769,3.70146,-0.63156,50,3.21634,10.15832,-114.24332,4.37663,-39.13754,21.73463,-27.2993,FOR_RAM,,FordhamUniversity,,,20260916-FordhamUniversity-BP-1,04d41220-b1ff-11f1-9cb4-878818705a31,94.39388,,,5.83594,,,,,,,721cb527-4b34-4d12-a0fc-997a8ba63409,2026-09-16,18:47:20.87,2026-09-16T14:47:20.8746496-04:00,2026-09-16T18:47:20.8746496Z,,v3,471298,,,,,Undefined,FOR_RAM,ddc2fe51-2e4f-49de-a272-64eaf5967a18,44.91149,-113.27111,10.86731,3.3848,3.1555,-13.64965,-0.21632,8.40765,-19.56877,,,,,,,,,,,,,,,,,,,,,,,,,,,,,,,,,,,,,,,,,,,,,,,,,,,Low,Low,Low,,,,,
162,2026-09-16,14:47:30.47,,,,,Undefined,FOR_RAM,"Maryott, Gavin",1000410374,Right,FOR_RAM,Undefined,1,Bottom,0,0,0,Undefined,Slider,Undefined,Undefined,FlyBall,Undefined,0,0,,76.05705,-1.220434,0.473856,3277.372043,157.864222,11:15,4.34491,0.10804,15.29329,-12.81871,20.15666,-7.73835,2.34363,-0.1746,68.94605,-4.243884,-1.212976,0.413301,88.69564,45.958097,-10.064762,3739.089353,109.67977,101.72433,-8.38573,297.3523,297.3523,1.854905,5.736147,5.98926,15.99017,-0.06791,50,4.42833,-1.15467,-112.41245,-1.74924,7.43633,26.00955,-12.3205,FOR_RAM,,FordhamUniversity,,,20260916-FordhamUniversity-BP-1,0a96d530-b1ff-11f1-9cb4-878818705a31,91.19856,121.1936,,7.111,,,,2.74916,2.73641,-0.28261,721cb527-4b34-4d12-a0fc-997a8ba63409,2026-09-16,18:47:30.47,2026-09-16T14:47:30.4799744-04:00,2026-09-16T18:47:30.4799744Z,FlyBall,v3,471298,,,,,Undefined,FOR_RAM,ba2e47e6-61c6-4f4f-a373-d25dffe84eda,45.20647,-111.29782,13.00477,4.34205,-2.27723,-6.16025,-0.11056,-0.83598,3.71817,,2.75229,88.97127,-19.45369,4.98029,-0.78363,0.03708,0.01066,-0.00186,9E-05,2.73284,93.56987,-21.3803,1.30806,-0.00237,-0.07243,0.02545,-0.00382,0.00021,-0.2845,-15.76138,10.40681,-3.13056,0.60337,-0.05873,-0.00135,0.00081,-5E-05,,,,,,,,,,,,,,,,,,,,,,,High,High,High,Medium,Medium,,,
163,2026-09-16,14:47:34.94,,,,,Undefined,FOR_RAM,"Maryott, Gavin",1000410374,Right,FOR_RAM,Undefined,1,Bottom,0,0,0,Undefined,,Undefined,Undefined,LineDrive,Undefined,0,0,,76.04494,-0.506773,-4.541224,3023.009174,,,4.07043,0.2289,15.30473,,,,2.91295,-0.72373,68.19738,-2.785798,2.045618,0.415453,96.47056,20.504175,-6.255592,1557.290074,109.7372,38.11414,-7.59091,361.58028,358.56612,0.892264,4.033432,-24.41049,18.64729,-0.60864,50,4.09289,9.73641,-112.22881,-0.43031,-29.97016,27.371,-9.27967,FOR_RAM,,FordhamUniversity,,,20260916-FordhamUniversity-BP-1,0d41d0f0-b1ff-11f1-9cb4-878818705a31,90.72619,51.24659,,7.84756,,,,2.46662,2.91442,0.38517,721cb527-4b34-4d12-a0fc-997a8ba63409,2026-09-16,18:47:34.94,2026-09-16T14:47:34.9453824-04:00,2026-09-16T18:47:34.9453824Z,LineDrive,v3,471298,,,,,Undefined,FOR_RAM,f3c9027d-20a4-4e77-8abe-211aa632f8dc,45.19775,-111.05144,13.6855,4.06579,-0.82948,-4.63984,-0.21755,8.44722,-14.98508,204.546239,2.46669,131.73378,-21.68418,4.97866,-0.93288,0.1585,-0.02538,0.00299,-0.00016,2.91402,49.57422,-12.44054,-0.27853,0.0595,0.01776,-0.00897,0.00188,-0.00016,0.38515,-14.43931,7.69139,-1.77623,0.36633,-0.06831,0.01125,-0.00126,6E-05,,,,,,,,,,,,,,,,,,,,,,,Low,Low,Low,High,High,,,
164,2026-09-16,14:47:47.25,,,,,Undefined,FOR_RAM,"Ford, Tim",1000142266,Right,FOR_RAM,Undefined,1,Bottom,0,0,0,Undefined,,Undefined,Undefined,FlyBall,Undefined,0,0,,75.10732,1.481769,-4.878753,3406.811064,,,3.36947,0.1734,15.43562,,,,2.44236,-0.46603,69.62408,-4.099158,3.197265,0.412771,89.70693,35.242744,5.028619,3537.027946,108.58031,68.38805,17.61335,318.47572,313.97777,14.747063,4.99407,-29.32072,6.11162,-0.60159,50,3.21941,10.63807,-110.65648,3.92325,-36.40914,19.47182,-24.5849,FOR_RAM,,FordhamUniversity,,,20260916-FordhamUniversity-BP-1,14bccb50-b1ff-11f1-9cb4-878818705a31,91.3155,85.87923,,5.48323,,,,1.27197,2.17291,0.44652,721cb527-4b34-4d12-a0fc-997a8ba63409,2026-09-16,18:47:47.25,2026-09-16T14:47:47.2522240-04:00,2026-09-16T18:47:47.2522240Z,FlyBall,v3,471298,,,,,Undefined,FOR_RAM,fdd6afe0-ba30-4572-bd6d-27143f0e8277,45.07263,-109.786,9.73591,3.37023,2.8242,-12.29245,-0.1624,9.01043,-18.20457,212.199106,1.27687,106.93511,-20.84811,4.23312,-0.32161,-0.12726,0.04325,-0.005,0.0002,2.17407,75.89096,-19.19173,0.8562,0.19653,-0.17242,0.05635,-0.00841,0.00047,0.44581,9.43754,5.49698,-1.93065,0.36024,-0.02876,-2E-05,-9E-05,2E-05,,,,,,,,,,,,,,,,,,,,,,,Low,Low,Low,High,Medium,,,
165,2026-09-16,14:48:03.96,,,,,Undefined,FOR_RAM,"Ford, Tim",1000142266,Right,FOR_RAM,Undefined,1,Bottom,0,0,0,Undefined,,Undefined,Undefined,LineDrive,Undefined,0,0,,76.63179,-1.149684,-4.203889,1635.818774,,,4.17288,0.39686,15.33708,,,,1.6977,0.18759,70.99441,-5.492376,3.65792,0.405951,96.97422,8.116296,-19.845413,1756.628708,,,,120.85448,118.20922,-24.740591,0.963695,-28.38033,10.22445,-0.75815,50,4.25096,9.45326,-113.01698,-1.42356,-36.57484,21.28774,-18.99738,FOR_RAM,,FordhamUniversity,,,20260916-FordhamUniversity-BP-1,1e94c880-b1ff-11f1-9cb4-878818705a31,92.84966,5.65529,,5.63738,,,,1.18805,1.44975,-0.33932,721cb527-4b34-4d12-a0fc-997a8ba63409,2026-09-16,18:48:03.96,2026-09-16T14:48:03.9618560-04:00,2026-09-16T18:48:03.9618560Z,LineDrive,v3,471298,,,,,Undefined,FOR_RAM,a7095a95-630b-4dcb-aa12-80f6d3f9f5c2,45.17024,-112.10356,10.64387,4.17239,-2.2387,-9.49869,-0.3862,7.8839,-18.28742,,1.29648,130.90671,-19.15321,,,,,,,1.55974,18.51377,-20.99739,,,,,,,-0.25064,-49.08012,-3.34595,,,,,,,,,,,,,,,,,,,,,,,,,,,,,Low,Low,Low,Medium,Medium,,,
166,2026-09-16,14:48:16.66,,,,,Undefined,FOR_RAM,"Grabau, Anthony",1000407420,Left,FOR_RAM,Undefined,1,Bottom,0,0,0,Undefined,Slider,Undefined,Undefined,LineDrive,Undefined,0,0,,77.04959,-2.335201,0.03781,3543.382997,163.320509,11:30,4.4139,0.14849,15.31125,4.50811,37.80352,-10.86989,3.00431,-0.72844,67.25107,-1.682051,-2.331021,0.415302,104.03166,7.010376,36.403307,3872.894245,,,,119.12164,76.24934,39.440576,0.887212,8.06792,29.72813,-0.14838,50,4.58367,-0.32793,-114.05884,-4.37104,9.87159,34.8097,4.20008,FOR_RAM,,FordhamUniversity,,,20260916-FordhamUniversity-BP-1,263cc650-b1ff-11f1-9cb4-878818705a31,90.75921,5.39866,,9.79853,,,,2.8301,2.0169,0.56917,721cb527-4b34-4d12-a0fc-997a8ba63409,2026-09-16,18:48:16.66,2026-09-16T14:48:16.6655488-04:00,2026-09-16T18:48:16.6655488Z,LineDrive,v3,471298,,,,,Undefined,FOR_RAM,935f343b-eaf5-413d-a3b5-80b838319433,45.1851,-112.57979,17.40485,4.40174,-4.19258,2.10004,-0.1534,0.09152,4.93579,,2.97555,119.62883,-21.90909,,,,,,,2.13273,16.81866,-21.7971,,,,,,,0.55791,90.06679,-6.07666,,,,,,,,,,,,,,,,,,,,,,,,,,,,,High,Medium,Medium,Medium,Medium,,,
167,2026-09-16,14:48:22.01,,,,,Undefined,FOR_RAM,"Grabau, Anthony",1000407420,Left,FOR_RAM,Undefined,1,Bottom,0,0,0,Undefined,Slider,Undefined,Undefined,LineDrive,Undefined,0,0,,74.37506,-1.345332,0.175608,3235.466759,155.304906,11:15,4.1174,0.01684,25.5761,-9.09052,10.43918,-4.58886,2.5728,-0.26284,69.64585,-4.05154,-1.132067,0.318068,100.93923,14.227004,16.18054,1821.999218,104.29685,21.07462,34.959,258.64881,253.4588,22.009936,2.356224,5.91469,13.99875,0.09106,50,4.32521,-1.30421,-112.04571,-0.53301,7.42194,22.68415,-14.60796,FOR_RAM,,FordhamUniversity,,,20260916-FordhamUniversity-BP-1,2938c840-b1ff-11f1-9cb4-878818705a31,118.50451,22.10033,,4.72922,,,,2.08854,2.66617,0.15172,721cb527-4b34-4d12-a0fc-997a8ba63409,2026-09-16,18:48:22.01,2026-09-16T14:48:22.0156416-04:00,2026-09-16T18:48:22.0156416Z,LineDrive,v3,471298,,,,,Undefined,FOR_RAM,76d7527a-14a6-4062-ab20-c18365fc4492,34.92795,-108.95158,11.34207,4.11662,-2.52554,-7.30398,-0.01779,-0.29185,3.71097,246.779246,2.08855,137.81981,-23.43918,5.10735,-1.3692,0.55273,-0.22678,0.0564,-0.00587,2.66615,36.38372,-18.26391,1.26515,-0.01569,-0.18194,0.11624,-0.03257,0.00357,0.15169,39.98902,2.52676,-1.73167,0.86059,-0.52778,0.24907,-0.06507,0.00695,,,,,,,,,,,,,,,,,,,,,,,High,High,High,High,High,,,
168,2026-09-16,14:48:42.30,,,,,Undefined,FOR_RAM,"Palmer, Owen",10100501,Left,FOR_RAM,Undefined,1,Bottom,0,0,0,Undefined,,Undefined,Undefined,Popup,Undefined,0,0,,79.5813,-1.883154,-3.627577,3281.05906,,,4.12706,0.26538,15.02486,,,,1.81599,0.21823,69.81187,-4.413272,3.502758,0.404449,,,,,,,,,,,,-25.82072,16.97977,-0.54044,50,4.25668,8.15642,-117.5827,-3.28068,-33.75025,36.00487,-9.97977,FOR_RAM,,FordhamUniversity,,,20260916-FordhamUniversity-BP-1,359b8f00-b1ff-11f1-9cb4-878818705a31,93.19451,,,9.76943,,,,,,,721cb527-4b34-4d12-a0fc-997a8ba63409,2026-09-16,18:48:42.30,2026-09-16T14:48:42.3042048-04:00,2026-09-16T18:48:42.3042048Z,,v3,471298,,,,,Undefined,FOR_RAM,9eb67310-3d48-44f4-96cc-8adf4608aec0,45.47454,-116.18869,18.00243,4.12218,-3.66706,-4.98988,-0.24994,6.84971,-16.87513,,,,,,,,,,,,,,,,,,,,,,,,,,,,,,,,,,,,,,,,,,,,,,,,,,,Low,Low,Low,,,,,
169,2026-09-16,14:48:47.10,,,,,Undefined,FOR_RAM,"Palmer, Owen",10100501,Left,FOR_RAM,Undefined,1,Bottom,0,0,0,Undefined,,Undefined,Undefined,Undefined,Undefined,0,0,,73.75064,2.360308,4.325627,3487.763271,,,3.363,-0.38854,25.97583,,,,2.22954,0.54101,67.94075,-6.429484,-1.114828,0.320213,,,,,,,,,,,,26.23572,-13.938,1.8206,50,2.27712,-12.43347,-111.65285,11.19065,31.8357,27.34743,-49.0871,FOR_RAM,,FordhamUniversity,,,20260916-FordhamUniversity-BP-1,382f0b20-b1ff-11f1-9cb4-878818705a31,117.71054,,,5.80989,,,,,,,721cb527-4b34-4d12-a0fc-997a8ba63409,2026-09-16,18:48:47.10,2026-09-16T14:48:47.1006720-04:00,2026-09-16T18:48:47.1006720Z,,v3,471298,,,,,Undefined,FOR_RAM,b2879bf4-eca9-4e1a-9d8e-240b7e6c0c1e,34.5311,-107.79745,13.67372,3.36697,4.27042,-24.54355,0.38411,-7.94532,15.91785,,,,,,,,,,,,,,,,,,,,,,,,,,,,,,,,,,,,,,,,,,,,,,,,,,,Low,Low,Low,,,,,
170,2026-09-16,14:48:54.19,,,,,Undefined,FOR_RAM,"Palmer, Owen",10100501,Left,FOR_RAM,Undefined,1,Bottom,0,0,0,Undefined,,Undefined,Undefined,GroundBall,Undefined,0,0,,78.0544,-1.696299,-4.182033,3434.413092,,,4.07559,0.29467,15.16168,,,,1.85985,-0.20718,68.74333,-4.371214,2.870778,0.410249,79.84801,-4.815754,24.824853,,,,,31.49458,31.49458,21.01357,0.221909,-26.14175,17.27434,-0.63032,50,4.195,9.23606,-115.30732,-2.82442,-33.0296,33.67697,-10.34826,FOR_RAM,,FordhamUniversity,,,20260916-FordhamUniversity-BP-1,3c7bf710-b1ff-11f1-9cb4-878818705a31,91.87691,2.18556,,9.31107,,,,,,,721cb527-4b34-4d12-a0fc-997a8ba63409,2026-09-16,18:48:54.19,2026-09-16T14:48:54.1919744-04:00,2026-09-16T18:48:54.1919744Z,GroundBall,v3,471298,,,,,Undefined,FOR_RAM,c216eeb5-2c14-49a7-8d9b-4d23228d9939,45.33934,-113.93798,16.83848,4.0716,-3.24519,-5.17413,-0.28208,7.89304,-16.5148,,5.8489,106.09975,,,,,,,,2.18618,-9.84891,,,,,,,,0.39906,49.08083,,,,,,,,,,,,,,,,,,,,,,,,,,,,,,Low,Low,Low,Estimated,Estimated,,,
171,2026-09-16,14:48:58.83,,,,,Undefined,FOR_RAM,"Palmer, Owen",10100501,Left,FOR_RAM,Undefined,1,Bottom,0,0,0,Undefined,,Undefined,Undefined,FlyBall,Undefined,0,0,,74.27299,3.186127,-2.246054,3465.806496,,,3.09938,-0.52156,25.31495,,,,1.88426,-0.63756,67.94659,-7.471018,1.857894,0.325544,79.72454,39.728711,-0.115045,4368.17328,109.70602,71.33385,-8.03674,270.27959,241.64303,-11.522884,4.895205,-19.11324,-22.01844,-0.23242,50,1.80165,7.22387,-112.78099,13.69399,-23.33477,30.43665,-59.05569,FOR_RAM,,FordhamUniversity,,,20260916-FordhamUniversity-BP-1,3f3cebd0-b1ff-11f1-9cb4-878818705a31,115.78303,81.09805,,6.3264,,,,2.07059,0.95204,0.43091,721cb527-4b34-4d12-a0fc-997a8ba63409,2026-09-16,18:48:58.83,2026-09-16T14:48:58.8312576-04:00,2026-09-16T18:48:58.8312576Z,FlyBall,v3,471298,,,,,Undefined,FOR_RAM,d363c88a-14cd-472c-a14a-35e5f4172fa1,35.19197,-108.71126,15.21832,3.10477,5.79756,-29.52784,0.52489,4.10374,-11.66739,145.519064,2.07395,89.8573,-14.10145,2.3614,-0.1527,-0.08158,0.02613,-0.00286,0.0001,0.95187,74.73226,-20.26946,1.74333,-0.2251,-0.02125,0.02084,-0.00387,0.00024,0.4314,-0.18646,-5.32416,1.36247,-0.29376,0.05208,-0.00921,0.00139,-9E-05,,,,,,,,,,,,,,,,,,,,,,,Low,Low,Low,Medium,Medium,,,
172,2026-09-16,14:49:25.12,,,,,Undefined,FOR_RAM,"Beaudreau, Bradley",1000297368,Left,FOR_RAM,Undefined,1,Bottom,0,0,0,Undefined,,Undefined,Undefined,GroundBall,Undefined,0,0,,75.37223,0.392269,-5.311582,3272.393869,,,3.63629,0.33115,15.49021,,,,2.15335,-0.69909,70.04946,-4.458667,2.603593,0.410383,94.98744,2.886906,20.628827,1276.42314,,,,90.9612,85.07989,21.450818,0.700002,-29.19214,8.6678,-0.80892,50,3.58038,11.6004,-110.96827,1.71925,-36.59836,18.84491,-21.30717,FOR_RAM,,FordhamUniversity,,,20260916-FordhamUniversity-BP-1,4f085900-b1ff-11f1-9cb4-878818705a31,91.84706,3.2094,,5.32277,,,,1.95295,2.41611,0.4519,721cb527-4b34-4d12-a0fc-997a8ba63409,2026-09-16,18:49:25.12,2026-09-16T14:49:25.1248128-04:00,2026-09-16T18:49:25.1248128Z,GroundBall,v3,471298,,,,,Undefined,FOR_RAM,99595341-67bb-43b0-af2e-0668dea9c4aa,45.01747,-110.11887,9.42246,3.63623,0.75887,-10.65359,-0.32323,9.9508,-18.29918,,1.99837,129.33691,-16.15497,,,,,,,2.43228,6.70541,-14.57425,,,,,,,0.45576,48.94653,-2.97431,,,,,,,,,,,,,,,,,,,,,,,,,,,,,Low,Low,Low,Medium,High,,,
173,2026-09-16,14:49:29.47,,,,,Undefined,FOR_RAM,"Beaudreau, Bradley",1000297368,Left,FOR_RAM,Undefined,1,Bottom,0,0,0,Undefined,Slider,Undefined,Undefined,GroundBall,Undefined,0,0,,74.58084,-1.633961,-0.282087,3272.234251,178.669422,12:00,4.09864,0.10961,25.58784,-8.73512,10.75473,-0.2385,2.41504,-0.07521,69.57031,-4.246139,-0.35007,0.317743,37.79551,-40.528144,84.319486,,,,,6.2878,6.28779,30.289456,0.073384,0.21008,14.51517,-0.18069,50,4.38754,0.50414,-112.48742,-1.18245,0.26408,23.99009,-13.9263,FOR_RAM,,FordhamUniversity,,,20260916-FordhamUniversity-BP-1,51700a30-b1ff-11f1-9cb4-878818705a31,118.6256,2.67928,,5.01053,,,,,,,721cb527-4b34-4d12-a0fc-997a8ba63409,2026-09-16,18:49:29.47,2026-09-16T14:49:29.4732800-04:00,2026-09-16T18:49:29.4732800Z,GroundBall,v3,471298,,,,,Undefined,FOR_RAM,4436e12c-4748-4903-ab50-9a817e0bc577,34.91588,-109.22308,11.99504,4.09772,-3.07741,-6.96315,-0.10965,0.54008,0.13204,,5.11857,4.22709,,,,,,,,2.68506,-36.51062,,,,,,,,0.04611,42.49623,,,,,,,,,,,,,,,,,,,,,,,,,,,,,,High,High,High,Estimated,Estimated,,,
174,2026-09-16,14:49:39.14,,,,,Undefined,FOR_RAM,"Beaudreau, Bradley",1000297368,Left,FOR_RAM,Undefined,1,Bottom,0,0,0,Undefined,Slider,Undefined,Undefined,LineDrive,Undefined,0,0,,75.20973,-0.808773,-0.982675,3289.381771,172.662332,11:45,4.39215,0.18385,15.39843,-14.14879,19.47068,-2.35717,2.59622,-0.76199,68.07041,-4.13867,-1.497574,0.417318,87.4939,15.530962,12.007277,1222.814006,108.13552,22.41162,20.16695,239.89898,239.08678,8.856749,2.526009,1.40913,15.38796,-0.26764,50,4.44111,1.83845,-111.17779,-0.86692,1.70794,25.80139,-13.52309,FOR_RAM,,FordhamUniversity,,,20260916-FordhamUniversity-BP-1,574dcf50-b1ff-11f1-9cb4-878818705a31,90.32076,23.02675,,7.13932,,,,2.27703,2.63303,0.71638,721cb527-4b34-4d12-a0fc-997a8ba63409,2026-09-16,18:49:39.14,2026-09-16T14:49:39.1465472-04:00,2026-09-16T18:49:39.1465472Z,LineDrive,v3,471298,,,,,Undefined,FOR_RAM,b434ecf7-b778-470b-b9e2-823335a7d0b9,45.1005,-110.03487,12.90069,4.38944,-1.46595,-6.76155,-0.18453,1.91411,0.85397,146.202323,2.27699,120.93715,-17.62064,3.94508,-0.88936,0.27053,-0.08797,0.0184,-0.00164,2.63315,34.35037,-14.79132,0.04183,0.47847,-0.39926,0.17771,-0.04027,0.0037,0.7163,25.72755,-7.94821,2.30912,-0.76631,0.34503,-0.13102,0.02863,-0.0026,,,,,,,,,,,,,,,,,,,,,,,High,High,High,High,High,,,
175,2026-09-16,14:49:51.97,,,,,Undefined,FOR_RAM,"Reina, Braedon",10305192,Left,FOR_RAM,Undefined,1,Bottom,0,0,0,Undefined,,Undefined,Undefined,Undefined,Undefined,0,0,,75.83335,0.154355,-4.908209,3367.651775,,,3.86295,0.27961,15.50967,,,,2.4331,-0.51668,69.67651,-4.111111,2.813188,0.409927,,,,,,,,,,,,-28.45478,10.83957,-0.71871,50,3.82868,10.78458,-111.80934,1.16265,-35.66861,21.9986,-18.58642,FOR_RAM,,FordhamUniversity,,,20260916-FordhamUniversity-BP-1,5ee133b0-b1ff-11f1-9cb4-878818705a31,91.94908,,,6.15683,,,,,,,721cb527-4b34-4d12-a0fc-997a8ba63409,2026-09-16,18:49:51.97,2026-09-16T14:49:51.9751168-04:00,2026-09-16T18:49:51.9751168Z,,v3,471298,,,,,Undefined,FOR_RAM,6f5fa859-6c6d-47c3-a084-9db379df80eb,44.99679,-110.82058,10.9993,3.86217,0.32725,-9.29321,-0.27001,9.1814,-17.83431,,,,,,,,,,,,,,,,,,,,,,,,,,,,,,,,,,,,,,,,,,,,,,,,,,,Low,Low,Low,,,,,
176,2026-09-16,14:49:55.84,,,,,Undefined,FOR_RAM,"Reina, Braedon",10305192,Left,FOR_RAM,Undefined,1,Bottom,0,0,0,Undefined,,Undefined,Undefined,Undefined,Undefined,0,0,,76.43554,-0.776261,-4.250692,3452.282377,,,4.1812,0.2186,15.27298,,,,2.8539,-0.53656,67.66743,-2.989419,2.273082,0.416369,,,,,,,,,,,,-23.82517,19.03592,-0.5617,50,4.22206,9.05478,-112.86508,-0.92896,-29.12098,30.54251,-8.90687,FOR_RAM,,FordhamUniversity,,,20260916-FordhamUniversity-BP-1,614d2aa0-b1ff-11f1-9cb4-878818705a31,90.52659,,,8.76811,,,,,,,721cb527-4b34-4d12-a0fc-997a8ba63409,2026-09-16,18:49:55.84,2026-09-16T14:49:55.8418944-04:00,2026-09-16T18:49:55.8418944Z,,v3,471298,,,,,Undefined,FOR_RAM,fe93ad41-3567-408a-b40f-57d1d3b920ee,45.22612,-111.56574,15.27125,4.17448,-1.30788,-4.45344,-0.20284,7.81591,-14.56049,,,,,,,,,,,,,,,,,,,,,,,,,,,,,,,,,,,,,,,,,,,,,,,,,,,Low,Low,Low,,,,,
177,2026-09-16,14:50:00.89,,,,,Undefined,FOR_RAM,"Reina, Braedon",10305192,Left,FOR_RAM,Undefined,1,Bottom,0,0,0,Undefined,Changeup,Undefined,Undefined,LineDrive,Undefined,0,0,,74.00532,-1.724081,0.905501,1643.096076,143.853753,10:45,4.16928,0.11491,26.02369,-4.96776,14.55713,-10.21926,2.7599,-0.21408,68.1328,-3.310417,-2.044719,0.318028,102.54732,23.86365,1.906626,2153.117209,109.99991,47.0058,-0.02663,401.50222,399.66086,-4.073923,4.659932,13.65485,19.91462,0.27337,50,4.53748,-3.95517,-112.27146,-2.08509,16.7408,27.78928,-7.75881,FOR_RAM,,FordhamUniversity,,,20260916-FordhamUniversity-BP-1,642f14e0-b1ff-11f1-9cb4-878818705a31,118.51914,69.64712,,5.87252,,,,1.21475,2.66375,-0.31048,721cb527-4b34-4d12-a0fc-997a8ba63409,2026-09-16,18:50:00.89,2026-09-16T14:50:00.8946176-04:00,2026-09-16T18:50:00.8946176Z,FlyBall,v3,471298,,,,,Undefined,FOR_RAM,55a63a8b-19d7-426f-b955-70ab9568b14f,34.48008,-108.36192,13.89464,4.16736,-3.17664,-3.87941,-0.1174,-1.59998,8.3704,160.275614,1.21493,137.46595,-26.02996,6.60681,-1.43681,0.28749,-0.04969,0.00585,-0.00031,2.66507,60.81541,-13.07997,-1.32368,0.899,-0.32925,0.07561,-0.00939,0.00047,-0.31034,4.57298,-5.9954,1.8408,-0.47067,0.09993,-0.0163,0.00172,-8E-05,,,,,,,,,,,,,,,,,,,,,,,High,Medium,Medium,High,High,,,
178,2026-09-16,14:50:09.06,,,,,Undefined,FOR_RAM,"Reina, Braedon",10305192,Left,FOR_RAM,Undefined,1,Bottom,0,0,0,Undefined,Slider,Undefined,Undefined,LineDrive,Undefined,0,0,,74.38362,-1.890094,0.418546,3181.326358,156.645173,11:15,4.12701,0.05605,25.4549,-7.6102,12.02087,-4.99488,2.38284,-0.11448,69.80369,-4.162398,-0.999463,0.318892,109.20466,23.507138,10.208086,1790.131427,108.57615,46.66897,17.63885,440.03772,437.74512,7.64363,4.836275,6.43111,16.0341,0.11789,50,4.49541,-1.84049,-111.87629,-1.9157,8.08223,21.76979,-12.02336,FOR_RAM,,FordhamUniversity,,,20260916-FordhamUniversity-BP-1,691d49e0-b1ff-11f1-9cb4-878818705a31,118.19814,75.67074,,4.57993,,,,1.38726,2.55433,-0.04164,721cb527-4b34-4d12-a0fc-997a8ba63409,2026-09-16,18:50:09.06,2026-09-16T14:50:09.0660352-04:00,2026-09-16T18:50:09.0660352Z,FlyBall,v3,471298,,,,,Undefined,FOR_RAM,45a3f6f3-2487-45aa-ada1-e36e24de3c1a,35.04891,-108.92814,10.8849,4.12573,-3.54395,-6.01168,-0.05724,-0.74596,4.04111,167.77924,1.38734,144.54735,-26.15891,6.22099,-1.23128,0.22212,-0.03599,0.00409,-0.00021,2.55555,63.85805,-13.88884,-0.38613,0.31226,-0.1146,0.02769,-0.00349,0.00017,-0.04128,26.02097,-7.62775,2.05603,-0.39341,0.05413,-0.00556,0.00046,-2E-05,,,,,,,,,,,,,,,,,,,,,,,High,Medium,Medium,High,High,,,
179,2026-09-16,14:50:18.47,,,,,Undefined,FOR_RAM,"Reina, Braedon",10305192,Left,FOR_RAM,Undefined,1,Bottom,0,0,0,Undefined,Slider,Undefined,Undefined,Undefined,Undefined,0,0,,74.69331,-1.273235,0.415464,3398.742327,152.701393,11:00,4.06553,0.11148,25.58558,-9.60453,9.88981,-4.84343,2.52048,-0.04919,69.44406,-4.139758,-0.965097,0.317779,,,,,,,,,,,,6.31607,13.30446,0.06177,50,4.24844,-1.82334,-112.81917,-0.30479,7.94302,25.16599,-15.44246,FOR_RAM,,FordhamUniversity,,,20260916-FordhamUniversity-BP-1,6ebd1ba0-b1ff-11f1-9cb4-878818705a31,118.61198,,,5.24925,,,,,,,721cb527-4b34-4d12-a0fc-997a8ba63409,2026-09-16,18:50:18.47,2026-09-16T14:50:18.4729600-04:00,2026-09-16T18:50:18.4729600Z,,v3,471298,,,,,Undefined,FOR_RAM,951a3c75-c4fb-4894-8b87-409c491eb57e,34.91816,-109.40323,12.583,4.06481,-2.40089,-7.72123,-0.11256,-0.74518,3.97151,,,,,,,,,,,,,,,,,,,,,,,,,,,,,,,,,,,,,,,,,,,,,,,,,,,High,Medium,Medium,,,,,
180,2026-09-16,14:50:42.90,,,,,Undefined,FOR_RAM,"Forney, Colden",1000306564,Right,FOR_RAM,Undefined,1,Bottom,0,0,0,Undefined,,Undefined,Undefined,GroundBall,Undefined,0,0,,75.99292,-0.013039,-2.766511,3448.016964,,,3.75454,-0.00556,15.42495,,,,2.33296,0.7942,70.83001,-3.878517,4.863374,0.406835,100.83093,-25.350158,-17.715162,,,,,8.15918,6.17509,-25.404454,0.051549,-27.40561,11.72079,-0.24499,50,3.73657,6.64539,-112.23112,0.76448,-35.05011,19.79261,-17.18386,FOR_RAM,,FordhamUniversity,,,20260916-FordhamUniversity-BP-1,7d44e540-b1ff-11f1-9cb4-878818705a31,92.64809,3.27115,,5.16292,,,,0.7931,3.27115,-1.39939,721cb527-4b34-4d12-a0fc-997a8ba63409,2026-09-16,18:50:42.90,2026-09-16T14:50:42.9053440-04:00,2026-09-16T18:50:42.9053440Z,GroundBall,v3,471298,,,,,Undefined,FOR_RAM,3bbad2ae-5378-45d5-aed6-39053d0d2f3b,45.08229,-111.36048,9.89631,3.75358,0.00859,-8.59193,0.01342,5.1036,-17.52505,,0.79076,127.58961,,,,,,,,3.27231,-63.45711,,,,,,,,-1.39865,-40.75624,,,,,,,,,,,,,,,,,,,,,,,,,,,,,,Low,Low,Low,Low,Low,,,
181,2026-09-16,14:50:47.71,,,,,Undefined,FOR_RAM,"Forney, Colden",1000306564,Right,FOR_RAM,Undefined,1,Bottom,0,0,0,Undefined,Changeup,Undefined,Undefined,Undefined,Undefined,0,0,,74.87666,-1.646436,0.170223,1653.851828,163.303991,11:30,4.15299,0.06114,25.6454,-6.25658,12.95485,-3.74705,2.67029,-0.15176,69.99898,-3.551846,-0.899485,0.315465,,,,,,,,,,,,4.83729,17.34032,0.03411,50,4.47801,-1.12454,-112.82657,-1.70898,6.1469,23.24667,-10.13911,FOR_RAM,,FordhamUniversity,,,20260916-FordhamUniversity-BP-1,80114bb0-b1ff-11f1-9cb4-878818705a31,119.48218,,,4.87768,,,,,,,721cb527-4b34-4d12-a0fc-997a8ba63409,2026-09-16,18:50:47.71,2026-09-16T14:50:47.7126656-04:00,2026-09-16T18:50:47.7126656Z,,v3,471298,,,,,Undefined,FOR_RAM,dcc43d27-ac07-4411-a22b-dab16608d326,34.85836,-109.66243,11.62333,4.15147,-3.08903,-5.06956,-0.06201,-0.28787,3.07345,,,,,,,,,,,,,,,,,,,,,,,,,,,,,,,,,,,,,,,,,,,,,,,,,,,High,Medium,Medium,,,,,
182,2026-09-16,14:50:52.61,,,,,Undefined,FOR_RAM,"Forney, Colden",1000306564,Right,FOR_RAM,Undefined,1,Bottom,0,0,0,Undefined,,Undefined,Undefined,LineDrive,Undefined,0,0,,73.10195,3.457282,2.314613,3361.429642,,,3.20129,-0.44023,26.09958,,,,2.72353,0.72616,69.4012,-5.210409,1.735361,0.316757,96.48813,21.334562,-29.770375,1570.297544,96.25315,36.94167,-53.24766,340.54106,340.54106,-30.864409,3.720066,3.23516,-14.29091,1.10155,50,1.77596,-4.87826,-109.50744,13.49301,3.96397,17.70034,-49.68443,FOR_RAM,,FordhamUniversity,,,20260916-FordhamUniversity-BP-1,83206070-b1ff-11f1-9cb4-878818705a31,118.99471,45.78243,,3.70075,,,,2.43549,2.80412,0.08577,721cb527-4b34-4d12-a0fc-997a8ba63409,2026-09-16,18:50:52.61,2026-09-16T14:50:52.6176768-04:00,2026-09-16T18:50:52.6176768Z,LineDrive,v3,471298,,,,,Undefined,FOR_RAM,fdcd6bd4-c321-4bf9-9787-226c35104768,34.40727,-106.9574,8.85017,3.20426,6.33512,-24.84222,0.43989,-4.30718,1.98198,,2.43501,114.43642,-17.46845,3.73496,-0.94279,0.29851,-0.08688,0.01558,-0.00114,2.80477,51.46558,-16.31726,0.23823,0.40419,-0.22535,0.06867,-0.0101,0.00054,0.08611,-65.46161,11.42958,-3.67375,1.08908,-0.31611,0.07901,-0.01254,0.00083,,,,,,,,,,,,,,,,,,,,,,,Low,Low,Low,Low,Medium,,,
183,2026-09-16,14:50:59.14,,,,,Undefined,FOR_RAM,"Forney, Colden",1000306564,Right,FOR_RAM,Undefined,1,Bottom,0,0,0,Undefined,,Undefined,Undefined,LineDrive,Undefined,0,0,,73.73017,2.655644,-2.646678,1658.560889,,,3.44152,-0.50168,25.2864,,,,2.63157,-0.33313,70.02439,-5.495291,3.219464,0.321684,95.15458,11.670758,-13.842591,3316.723216,106.87715,19.72044,-26.02238,269.86064,266.86389,-14.483097,2.675081,-26.87588,-11.29485,-0.45468,50,2.35826,9.36121,-110.45323,11.15458,-33.49107,18.0672,-46.24899,FOR_RAM,,FordhamUniversity,,,20260916-FordhamUniversity-BP-1,86e22360-b1ff-11f1-9cb4-878818705a31,117.17221,21.54573,,3.70578,,,,2.5086,2.70972,0.26866,721cb527-4b34-4d12-a0fc-997a8ba63409,2026-09-16,18:50:59.14,2026-09-16T14:50:59.1443456-04:00,2026-09-16T18:50:59.1443456Z,LineDrive,v3,471298,,,,,Undefined,FOR_RAM,aff7b865-f5eb-4027-a397-47f8f082920f,35.22225,-108.00894,9.0336,3.4441,4.89761,-23.1245,0.5053,4.83024,-16.74554,175.759199,2.50857,132.7077,-22.14689,5.00433,-0.95612,0.15442,-0.01933,0.00146,-3E-05,2.70982,28.22369,-9.45788,-1.3353,0.47814,-0.09038,0.00573,0.00149,-0.00024,0.26867,-32.70077,4.62371,-1.07159,0.20204,-0.03138,0.00356,-0.00021,0,,,,,,,,,,,,,,,,,,,,,,,Low,Low,Low,High,Medium,,,
184,2026-09-16,14:51:13.71,,,,,Undefined,FOR_RAM,"Crang, Mason",10913432,Right,FOR_RAM,Undefined,1,Bottom,0,0,0,Undefined,,Undefined,Undefined,Undefined,Undefined,0,0,,77.69774,-0.388204,-4.353047,3169.445634,,,3.98338,0.10275,15.4597,,,,2.99613,-0.6862,69.52473,-2.463258,2.278459,0.40554,,,,,,,,,,,,-24.4571,18.17552,-0.47689,50,3.99586,9.58385,-114.75118,-0.21197,-31.29484,29.20268,-8.91698,FOR_RAM,,FordhamUniversity,,,20260916-FordhamUniversity-BP-1,8fb7cbc0-b1ff-11f1-9cb4-878818705a31,92.94378,,,8.173,,,,,,,721cb527-4b34-4d12-a0fc-997a8ba63409,2026-09-16,18:51:13.71,2026-09-16T14:51:13.7102848-04:00,2026-09-16T18:51:13.7102848Z,,v3,471298,,,,,Undefined,FOR_RAM,a59c82f4-547a-4eb9-970d-fa4caa494a02,45.04225,-113.48249,14.60134,3.97824,-0.59936,-4.45849,-0.09006,8.22427,-15.64742,,,,,,,,,,,,,,,,,,,,,,,,,,,,,,,,,,,,,,,,,,,,,,,,,,,Low,Low,Low,,,,,
185,2026-09-16,14:51:18.94,,,,,Undefined,FOR_RAM,"Crang, Mason",10913432,Right,FOR_RAM,Undefined,1,Bottom,0,0,0,Undefined,Slider,Undefined,Undefined,LineDrive,Undefined,0,0,,75.07877,-1.531761,0.163287,3397.322135,171.445584,11:45,4.38372,0.11605,15.2621,-10.37977,23.8097,-3.39,2.34676,-0.04155,67.45651,-4.05298,-0.575046,0.420841,100.11443,13.167476,-16.168285,931.996494,104.67982,21.43482,-33.79525,294.41311,290.99086,-20.752416,2.722679,2.58732,18.81977,-0.10279,50,4.49047,-0.40458,-110.96767,-2.37423,3.09974,27.09451,-9.62709,FOR_RAM,,FordhamUniversity,,,20260916-FordhamUniversity-BP-1,92fd0bb0-b1ff-11f1-9cb4-878818705a31,89.56465,24.05891,,7.62226,,,,1.62664,2.35466,-0.10437,721cb527-4b34-4d12-a0fc-997a8ba63409,2026-09-16,18:51:18.94,2026-09-16T14:51:18.9464064-04:00,2026-09-16T18:51:18.9464064Z,LineDrive,v3,471298,,,,,Undefined,FOR_RAM,359118e1-beee-400b-b9b2-7fbcf2c63258,45.23565,-109.79822,13.54725,4.37903,-2.78975,-4.81355,-0.11737,-0.27079,1.54987,141.432752,1.62659,137.32285,-22.10061,4.94943,-0.96381,0.14784,-0.01569,0.00083,2E-05,2.35475,33.44231,-12.74733,-0.33252,0.21885,-0.03048,-0.00366,0.00244,-0.00029,-0.10442,-39.80832,-0.54391,0.93017,-0.31735,0.06049,-0.0045,-0.00065,0.00012,,,,,,,,,,,,,,,,,,,,,,,High,High,High,High,Medium,,,
186,2026-09-16,14:51:23.44,,,,,Undefined,FOR_RAM,"Crang, Mason",10913432,Right,FOR_RAM,Undefined,1,Bottom,0,0,0,Undefined,Slider,Undefined,Undefined,GroundBall,Undefined,0,0,,76.45967,-1.62042,-0.263397,3219.947995,179.909687,12:00,4.36324,0.14755,15.39703,-11.00343,21.6247,-0.03224,2.21024,-0.056,68.99483,-4.262518,-0.270441,0.411119,104.61398,4.558007,-3.970232,2689.057726,,,,108.27577,108.27577,-2.28114,0.78439,-0.07598,17.27493,-0.17003,50,4.48148,0.51861,-113.00953,-2.57505,-0.09487,27.19112,-10.60268,FOR_RAM,,FordhamUniversity,,,20260916-FordhamUniversity-BP-1,957cffd0-b1ff-11f1-9cb4-878818705a31,91.68253,4.06672,,7.46484,,,,1.28221,2.22428,-0.00746,721cb527-4b34-4d12-a0fc-997a8ba63409,2026-09-16,18:51:23.44,2026-09-16T14:51:23.4436096-04:00,2026-09-16T18:51:23.4436096Z,GroundBall,v3,471298,,,,,Undefined,FOR_RAM,8c7f7fe5-5890-4926-a876-9f2171a690b5,45.10104,-111.82458,13.59556,4.35919,-3.03709,-5.30134,-0.14752,0.51448,-0.04743,296.347473,1.28221,152.58128,-23.1252,3.58326,-0.84262,0.09581,0.18679,-0.24966,0.11197,2.22428,12.19317,-20.87914,2.53699,-0.52668,0.03241,0.34585,-0.517,0.25882,-0.00746,-10.58993,7.53512,-1.5268,0.32746,0.0419,-0.43267,0.62492,-0.31188,,,,,,,,,,,,,,,,,,,,,,,High,High,High,High,Medium,,,
187,2026-09-16,14:51:28.15,,,,,Undefined,FOR_RAM,"Crang, Mason",10913432,Right,FOR_RAM,Undefined,1,Bottom,0,0,0,Undefined,,Undefined,Undefined,LineDrive,Undefined,0,0,,73.85933,-0.482065,-5.539671,3406.830934,,,4.07452,0.449,15.41133,,,,1.80816,-0.76757,66.51137,-5.715052,2.350671,0.4268,97.67359,9.001381,-9.471559,4519.007399,,,,,39.77329,,,-29.52317,9.96686,-0.92771,50,4.09435,11.60312,-108.91389,0.02699,-34.1985,25.47406,-20.62882,FOR_RAM,,FordhamUniversity,,,20260916-FordhamUniversity-BP-1,984d5de0-b1ff-11f1-9cb4-878818705a31,88.31404,7.00752,,7.34795,,,,1.69686,1.71099,0.37788,721cb527-4b34-4d12-a0fc-997a8ba63409,2026-09-16,18:51:28.15,2026-09-16T14:51:28.1524736-04:00,2026-09-16T18:51:28.1524736Z,,v3,471298,,,,,Undefined,FOR_RAM,fda352e4-ee57-49d4-9382-d4cb528d360a,45.09326,-107.76014,12.73703,4.07442,-0.90732,-10.31441,-0.43726,10.05422,-17.09925,182.556439,1.70093,139.36863,-19.02482,,,,,,,1.7112,22.40348,-12.61178,,,,,,,0.37712,-23.24739,3.43845,,,,,,,,,,,,,,,,,,,,,,,,,,,,,Low,Low,Low,Low,Undefined,,,
188,2026-09-16,14:51:39.85,,,,,Undefined,FOR_RAM,"Dieguez, Matthew",10131275,Right,FOR_RAM,Undefined,1,Bottom,0,0,0,Undefined,Slider,Undefined,Undefined,Undefined,Undefined,0,0,,74.65487,-1.131843,-0.1987,3465.779935,170.07704,11:45,4.05387,0.14511,25.63761,-10.54323,8.84756,-1.4635,2.51435,-0.09285,69.63699,-4.263758,-0.616536,0.316934,,,,,,,,,,,,1.80532,11.9502,-0.17792,50,4.18611,0.0833,-112.65484,0.19323,2.27472,24.19129,-17.11657,FOR_RAM,,FordhamUniversity,,,20260916-FordhamUniversity-BP-1,9f2d77d0-b1ff-11f1-9cb4-878818705a31,118.92824,,,5.01788,,,,,,,721cb527-4b34-4d12-a0fc-997a8ba63409,2026-09-16,18:51:39.85,2026-09-16T14:51:39.8571520-04:00,2026-09-16T18:51:39.8571520Z,,v3,471298,,,,,Undefined,FOR_RAM,741d4f5f-a02b-456f-a0d2-2d969676d800,34.86616,-109.35675,12.09564,4.05338,-2.14034,-8.55829,-0.14542,0.39342,1.13736,,,,,,,,,,,,,,,,,,,,,,,,,,,,,,,,,,,,,,,,,,,,,,,,,,,High,Medium,Medium,,,,,
189,2026-09-16,14:51:44.98,,,,,Undefined,FOR_RAM,"Dieguez, Matthew",10131275,Right,FOR_RAM,Undefined,1,Bottom,0,0,0,Undefined,Changeup,Undefined,Undefined,FlyBall,Undefined,0,0,,75.9644,-1.433272,-0.355166,3501.964803,178.696611,12:00,4.37308,0.15522,15.31992,-9.83241,23.28667,-0.50315,2.45855,-0.15803,68.61327,-3.818296,-0.464891,0.4142,78.45527,29.429443,24.480126,4216.727377,96.46857,50.78784,52.85644,270.34972,266.00531,35.429036,4.03804,0.24213,18.37194,-0.18509,50,4.47331,0.68214,-112.25221,-2.22485,0.29892,26.44542,-9.49168,FOR_RAM,,FordhamUniversity,,,20260916-FordhamUniversity-BP-1,a24d5570-b1ff-11f1-9cb4-878818705a31,91.00048,56.11622,,7.35113,,,,1.23818,2.55514,0.09124,721cb527-4b34-4d12-a0fc-997a8ba63409,2026-09-16,18:51:44.98,2026-09-16T14:51:44.9843200-04:00,2026-09-16T18:51:44.9843200Z,LineDrive,v3,471298,,,,,Undefined,FOR_RAM,6b592c81-579c-4ae4-909b-19aea98f124f,45.1781,-111.11041,13.22271,4.36841,-2.63466,-4.74584,-0.15536,0.69504,0.14946,211.003859,1.23807,91.21321,-19.14461,4.57632,-0.9264,0.19547,-0.04277,0.00642,-0.00041,2.55541,56.53189,-15.62106,0.35264,0.07288,-0.06762,0.02395,-0.00366,0.0002,0.09119,41.53031,-1.45093,0.27343,-0.0274,0.00404,-0.0015,0.00034,-3E-05,,,,,,,,,,,,,,,,,,,,,,,High,High,High,High,High,,,
190,2026-09-16,14:51:50.39,,,,,Undefined,FOR_RAM,"Dieguez, Matthew",10131275,Right,FOR_RAM,Undefined,1,Bottom,0,0,0,Undefined,,Undefined,Undefined,GroundBall,Undefined,0,0,,72.47248,1.59966,-4.472827,3365.869458,,,3.48103,0.15384,15.65461,,,,1.9542,-0.12952,69.07848,-5.741792,3.726482,0.420106,31.87826,-30.233689,-42.396437,,,,,8.89554,6.17131,-13.770284,0.093233,-29.68675,0.81933,-0.57794,50,3.30571,9.77101,-106.69505,4.41777,-35.34562,12.69182,-31.19855,FOR_RAM,,FordhamUniversity,,,20260916-FordhamUniversity-BP-1,a586d590-b1ff-11f1-9cb4-878818705a31,89.72128,2.22961,,3.394,,,,,,,721cb527-4b34-4d12-a0fc-997a8ba63409,2026-09-16,18:51:50.39,2026-09-16T14:51:50.3911424-04:00,2026-09-16T18:51:50.3911424Z,GroundBall,v3,471298,,,,,Undefined,FOR_RAM,eaec63dc-f564-4ba2-a228-d4aa799d1aa2,44.85646,-106.08144,6.34591,3.48283,2.90942,-15.59928,-0.14685,8.06216,-17.67281,,5.80752,30.30334,,,,,,,,2.2352,-23.91455,,,,,,,,0.46856,-27.6673,,,,,,,,,,,,,,,,,,,,,,,,,,,,,,Low,Low,Low,Low,Low,,,
191,2026-09-16,14:51:56.90,,,,,Undefined,FOR_RAM,"Dieguez, Matthew",10131275,Right,FOR_RAM,Undefined,1,Bottom,0,0,0,Undefined,Slider,Undefined,Undefined,GroundBall,Undefined,0,0,,74.80994,0.031305,0.278057,3359.422762,156.497248,11:15,4.12126,0.0836,15.35618,-23.60777,10.1578,-3.95083,2.17784,-0.03339,68.33154,-5.336949,-0.585228,0.418224,99.08553,2.411883,-27.441727,1779.234773,,,,84.49067,72.32798,-24.942366,0.629729,3.07256,8.03961,-0.0596,50,4.09802,-0.65456,-110.56421,1.03377,3.71847,23.81585,-22.44437,FOR_RAM,,FordhamUniversity,,,20260916-FordhamUniversity-BP-1,a983f3d0-b1ff-11f1-9cb4-878818705a31,90.12508,3.34941,,6.4784,,,,2.26236,2.82279,0.3413,721cb527-4b34-4d12-a0fc-997a8ba63409,2026-09-16,18:51:56.90,2026-09-16T14:51:56.9079808-04:00,2026-09-16T18:51:56.9079808Z,GroundBall,v3,471298,,,,,Undefined,FOR_RAM,e7b161e0-e8dc-42bd-aab5-30dd6c443aa0,45.14389,-109.51319,11.90793,4.12178,0.04328,-11.22219,-0.08487,-0.49046,1.85924,,2.29585,128.13846,-16.16137,,,,,,,2.84392,5.66064,-16.20984,,,,,,,0.30068,-66.03477,14.34901,,,,,,,,,,,,,,,,,,,,,,,,,,,,,Medium,Medium,Medium,Medium,Medium,,,
192,2026-09-16,14:52:12.15,,,,,Undefined,FOR_RAM,"Beaudreau, Bradley",1000297368,Left,FOR_RAM,Undefined,1,Bottom,0,0,0,Undefined,,Undefined,Undefined,Bunt,Undefined,0,0,,77.43209,0.415484,1.850927,3253.504489,,,3.53072,0.22941,25.19554,,,,2.33312,0.83851,71.66863,-4.594478,0.207471,0.31087,,,,,,,,,,,,7.63918,2.00646,0.30427,50,3.20073,-4.86136,-116.82101,4.48866,10.27112,27.5541,-29.4763,FOR_RAM,,FordhamUniversity,,,20260916-FordhamUniversity-BP-1,b28d5660-b1ff-11f1-9cb4-878818705a31,121.2481,,,5.76346,,,,,,,721cb527-4b34-4d12-a0fc-997a8ba63409,2026-09-16,18:52:12.15,2026-09-16T14:52:12.1544704-04:00,2026-09-16T18:52:12.1544704Z,,v3,471298,,,,,Undefined,FOR_RAM,48174e79-c152-4d46-9223-91ac87ed587f,35.3049,-113.30193,13.77705,3.53361,0.72409,-14.73815,-0.23283,-3.54958,5.13556,,,,,,,,,,,,,,,,,,,,,,,,,,,,,,,,,,,,,,,,,,,,,,,,,,,Low,Low,Low,,,,,
193,2026-09-16,14:52:18.26,,,,,Undefined,FOR_RAM,"Beaudreau, Bradley",1000297368,Left,FOR_RAM,Undefined,1,Bottom,0,0,0,Undefined,Slider,Undefined,Undefined,GroundBall,Undefined,0,0,,77.96602,-2.34428,0.764862,3411.700473,155.542603,11:15,4.3575,0.08896,15.41835,-14.46461,17.1071,-7.23583,1.36413,0.069,70.05407,-5.737973,-0.817476,0.404409,13.1627,-52.293606,84.54266,,,,,8.37173,8.16959,7.814837,0.116379,5.78185,14.27891,-0.0229,50,4.53991,-1.75651,-115.2723,-4.0061,7.44669,29.95213,-13.78362,FOR_RAM,,FordhamUniversity,,,20260916-FordhamUniversity-BP-1,b613e510-b1ff-11f1-9cb4-878818705a31,93.20384,1.91309,,7.91195,,,,,,,721cb527-4b34-4d12-a0fc-997a8ba63409,2026-09-16,18:52:18.26,2026-09-16T14:52:18.2665216-04:00,2026-09-16T18:52:18.2665216Z,GroundBall,v3,471298,,,,,Undefined,FOR_RAM,7a9d4965-ed87-47a9-a871-6807a5c809ba,45.08077,-113.98693,14.97606,4.3553,-4.59761,-6.89181,-0.09142,-1.43694,3.72334,,8.15172,1.20859,,,,,,,,1.93491,-16.43843,,,,,,,,-0.35071,12.65039,,,,,,,,,,,,,,,,,,,,,,,,,,,,,,High,Medium,Medium,Low,Low,,,
194,2026-09-16,14:52:25.58,,,,,Undefined,FOR_RAM,"Beaudreau, Bradley",1000297368,Left,FOR_RAM,Undefined,1,Bottom,0,0,0,Undefined,,Undefined,Undefined,GroundBall,Undefined,0,0,,75.21413,1.942299,2.29078,3435.680344,,,3.44564,0.15756,24.66187,,,,1.16986,1.07374,70.22558,-9.618819,0.751584,0.324986,30.05555,-23.110171,62.309342,,,,,10.10194,9.14069,18.986459,0.116985,7.57697,-26.08663,0.47062,50,2.48322,-5.58086,-113.55936,11.77241,9.61391,26.28316,-65.27366,FOR_RAM,,FordhamUniversity,,,20260916-FordhamUniversity-BP-1,ba70af80-b1ff-11f1-9cb4-878818705a31,115.98168,2.05711,,4.98855,,,,,,,721cb527-4b34-4d12-a0fc-997a8ba63409,2026-09-16,18:52:25.58,2026-09-16T14:52:25.5828480-04:00,2026-09-16T18:52:25.5828480Z,GroundBall,v3,471298,,,,,Undefined,FOR_RAM,5ac7ea0d-f9f3-4338-8701-0b835f6eff53,35.84589,-110.23475,13.14158,3.45014,3.51579,-32.63684,-0.15841,-4.36478,4.80696,,7.30649,19.14832,,,,,,,,2.06243,-17.58449,,,,,,,,-0.99281,36.48664,,,,,,,,,,,,,,,,,,,,,,,,,,,,,,Low,Low,Low,Estimated,Estimated,,,
195,2026-09-16,14:52:32.35,,,,,Undefined,FOR_RAM,"Beaudreau, Bradley",1000297368,Left,FOR_RAM,Undefined,1,Bottom,0,0,0,Undefined,,Undefined,Undefined,FlyBall,Undefined,0,0,,75.54636,-1.027235,-5.330465,3285.144191,,,4.11613,0.45916,15.32182,,,,1.78969,-0.67135,68.52669,-5.284132,2.372168,0.416422,70.53036,42.243838,-3.579495,3975.743604,108.92147,68.50735,-15.3655,219.43694,207.84699,-12.591292,4.286788,-28.68675,12.06434,-0.91357,50,4.18345,11.45205,-111.34612,-1.19314,-35.07611,24.84424,-17.42265,FOR_RAM,,FordhamUniversity,,,20260916-FordhamUniversity-BP-1,bed0fc60-b1ff-11f1-9cb4-878818705a31,90.5151,69.57247,,7.01967,,,,2.65219,1.78987,0.48436,721cb527-4b34-4d12-a0fc-997a8ba63409,2026-09-16,18:52:32.35,2026-09-16T14:52:32.3597824-04:00,2026-09-16T18:52:32.3597824Z,FlyBall,v3,471298,,,,,Undefined,FOR_RAM,c4235507-f551-4d72-b2a6-eff0a69d54e0,45.18336,-110.26616,12.42212,4.11513,-1.95049,-8.71133,-0.44889,9.92733,-17.53805,152.958201,2.65151,76.45132,-13.98292,3.49116,-0.79622,0.20143,-0.04711,0.00689,-0.00042,1.79138,69.50179,-20.06106,1.35249,-0.01505,-0.10467,0.03709,-0.00546,0.0003,0.48413,-4.77355,-3.4487,0.91889,-0.21224,0.04718,-0.00958,0.00132,-8E-05,,,,,,,,,,,,,,,,,,,,,,,Low,Low,Low,High,Medium,,,
196,2026-09-16,14:52:48.89,,,,,Undefined,FOR_RAM,"Reina, Braedon",10305192,Left,FOR_RAM,Undefined,1,Bottom,0,0,0,Undefined,Slider,Undefined,Undefined,Undefined,Undefined,0,0,,75.8412,-1.634908,-0.072739,3191.633502,168.064073,11:30,4.11973,0.11655,25.65655,-6.34516,12.28946,-2.50851,2.63671,-0.13494,71.19508,-3.555268,-0.789121,0.310693,,,,,,,,,,,,3.17488,16.44434,-0.10211,50,4.44015,-0.39148,-114.09366,-1.6749,4.15443,22.42463,-10.65625,FOR_RAM,,FordhamUniversity,,,20260916-FordhamUniversity-BP-1,c8782590-b1ff-11f1-9cb4-878818705a31,121.31731,,,4.64612,,,,,,,721cb527-4b34-4d12-a0fc-997a8ba63409,2026-09-16,18:52:48.89,2026-09-16T14:52:48.8989184-04:00,2026-09-16T18:52:48.8989184Z,,v3,471298,,,,,Undefined,FOR_RAM,1218575b-0819-4833-90e6-f5316bf09238,34.84708,-111.0755,11.21232,4.11821,-3.10914,-5.32812,-0.11718,0.16767,2.07721,,,,,,,,,,,,,,,,,,,,,,,,,,,,,,,,,,,,,,,,,,,,,,,,,,,High,Medium,Medium,,,,,
197,2026-09-16,14:53:01.46,,,,,Undefined,FOR_RAM,"Reina, Braedon",10305192,Left,FOR_RAM,Undefined,1,Bottom,0,0,0,Undefined,Slider,Undefined,Undefined,Undefined,Undefined,0,0,,76.37823,0.783566,0.053216,3222.144166,149.267373,11:00,4.33681,0.09376,15.32324,-18.7667,13.81426,-7.5737,3.3715,-0.49673,69.33103,-3.537729,-1.598714,0.410822,,,,,,,,,,,,5.62953,10.46548,-0.0903,50,4.25111,-0.30765,-112.83991,2.38064,7.06962,25.50682,-19.03137,FOR_RAM,,FordhamUniversity,,,20260916-FordhamUniversity-BP-1,d007b960-b1ff-11f1-9cb4-878818705a31,91.74894,,,7.0472,,,,,,,721cb527-4b34-4d12-a0fc-997a8ba63409,2026-09-16,18:53:01.46,2026-09-16T14:53:01.4602752-04:00,2026-09-16T18:53:01.4602752Z,,v3,471298,,,,,Undefined,FOR_RAM,26a5172e-550f-4c94-9a28-a4a0e97659ec,45.17441,-111.74379,12.75341,4.33585,1.56279,-9.51569,-0.09699,-0.00385,3.53481,,,,,,,,,,,,,,,,,,,,,,,,,,,,,,,,,,,,,,,,,,,,,,,,,,,High,Medium,Medium,,,,,
198,2026-09-16,14:53:08.04,,,,,Undefined,FOR_RAM,"Reina, Braedon",10305192,Left,FOR_RAM,Undefined,1,Bottom,0,0,0,Undefined,,Undefined,Undefined,LineDrive,Undefined,0,0,,77.04008,-1.483286,-3.667182,3396.193691,,,4.16817,0.31479,15.25851,,,,1.79029,0.37185,69.68738,-4.954325,3.815984,0.409288,106.99265,17.091376,14.040462,1027.524832,105.80292,30.28196,30.09524,373.9972,364.99097,19.452534,3.720156,-26.94659,13.98926,-0.61675,50,4.27248,8.22285,-113.78674,-2.23849,-34.17957,27.20118,-14.42979,FOR_RAM,,FordhamUniversity,,,20260916-FordhamUniversity-BP-1,d3c584b0-b1ff-11f1-9cb4-878818705a31,92.0926,41.14736,,7.3527,,,,1.31371,1.8459,0.08101,721cb527-4b34-4d12-a0fc-997a8ba63409,2026-09-16,18:53:08.04,2026-09-16T14:53:08.0487424-04:00,2026-09-16T18:53:08.0487424Z,LineDrive,v3,471298,,,,,Undefined,FOR_RAM,a1a13df8-dc16-4367-9aa6-5cb348dd7839,45.24534,-112.64438,13.60059,4.16575,-2.84449,-7.2149,-0.30156,6.78742,-17.08978,217.788159,1.31341,145.51989,-25.50291,5.90334,-1.35189,0.30101,-0.06035,0.00823,-0.00048,1.84618,46.1111,-13.8523,-0.17727,0.37263,-0.13968,0.03379,-0.00405,0.00016,0.0809,36.39286,1.58306,-1.79073,0.61611,-0.13998,0.02163,-0.00188,6E-05,,,,,,,,,,,,,,,,,,,,,,,Low,Low,Low,High,High,,,
199,2026-09-16,14:53:29.98,,,,,Undefined,FOR_RAM,"Forney, Colden",1000306564,Right,FOR_RAM,Undefined,1,Bottom,0,0,0,Undefined,Slider,Undefined,Undefined,FlyBall,Undefined,0,0,,75.41425,-1.157477,-1.302974,3496.168077,177.767982,12:00,4.35054,0.1625,15.39707,-14.35257,18.7467,-0.68996,2.27148,-0.88879,68.99119,-4.500317,-1.453665,0.414077,62.73089,45.38618,29.989836,3884.445622,86.8644,60.45448,67.48732,185.31522,57.85875,41.794058,3.95029,0.08705,14.92367,-0.27365,50,4.42998,2.51232,-111.38469,-1.54722,0.10733,23.4962,-13.77618,FOR_RAM,,FordhamUniversity,,,20260916-FordhamUniversity-BP-1,e0e13b30-b1ff-11f1-9cb4-878818705a31,91.02771,61.48082,,6.42307,,,,1.91807,2.31755,0.85901,721cb527-4b34-4d12-a0fc-997a8ba63409,2026-09-16,18:53:29.98,2026-09-16T14:53:29.9875328-04:00,2026-09-16T18:53:29.9875328Z,Popup,v3,471298,,,,,Undefined,FOR_RAM,dc3f3055-5509-4b47-8115-38900889c55d,45.1029,-110.34683,11.7481,4.3482,-2.15574,-6.88809,-0.16257,2.51706,0.05366,209.639913,1.91834,55.9614,-13.06125,3.76998,-0.88245,0.22151,-0.05618,0.0094,-0.00066,2.31857,65.46342,-19.87837,0.8472,0.35967,-0.29044,0.09318,-0.01445,0.00087,0.85916,32.29424,-1.28554,0.39021,-0.01001,-0.03076,0.01183,-0.00192,0.00012,,,,,,,,,,,,,,,,,,,,,,,High,High,High,High,Low,,,
200,2026-09-16,14:53:42.04,,,,,Undefined,FOR_RAM,"Forney, Colden",1000306564,Right,FOR_RAM,Undefined,1,Bottom,0,0,0,Undefined,Slider,Undefined,Undefined,Undefined,Undefined,0,0,,76.16802,-1.269993,-1.803941,3241.015012,177.113204,12:00,4.35794,0.19445,15.35885,-12.20371,20.65422,-0.9839,2.37101,-1.26485,68.94909,-4.164883,-2.018515,0.412564,,,,,,,,,,,,0.07004,16.35513,-0.34734,50,4.44532,3.51593,-112.49751,-1.84063,0.08701,26.17764,-11.85085,FOR_RAM,,FordhamUniversity,,,20260916-FordhamUniversity-BP-1,e81b8310-b1ff-11f1-9cb4-878818705a31,91.36139,,,7.21893,,,,,,,721cb527-4b34-4d12-a0fc-997a8ba63409,2026-09-16,18:53:42.04,2026-09-16T14:53:42.0424192-04:00,2026-09-16T18:53:42.0424192Z,,v3,471298,,,,,Undefined,FOR_RAM,50603a2f-c862-4eac-a7c4-8a28e6c52f26,45.13901,-111.36063,13.08882,4.3542,-2.3553,-5.92543,-0.19457,3.51971,0.04351,,,,,,,,,,,,,,,,,,,,,,,,,,,,,,,,,,,,,,,,,,,,,,,,,,,High,High,High,,,,,
201,2026-09-16,14:53:48.03,,,,,Undefined,FOR_RAM,"Forney, Colden",1000306564,Right,FOR_RAM,Undefined,1,Bottom,0,0,0,Undefined,Slider,Undefined,Undefined,LineDrive,Undefined,0,0,,73.59398,-1.83227,-0.92673,3342.724209,176.236803,11:45,4.16349,-0.04779,25.42171,-7.03197,13.28977,-0.83854,2.50031,-0.66228,68.29766,-3.964322,-1.164462,0.324453,90.0873,22.64261,5.189142,3068.887783,108.38018,40.81901,18.8075,312.6293,301.65225,17.708614,3.961408,0.72705,17.65804,-0.18296,50,4.52387,1.63086,-111.09487,-1.92754,0.88548,24.62636,-10.66775,FOR_RAM,,FordhamUniversity,,,20260916-FordhamUniversity-BP-1,eb94cb50-b1ff-11f1-9cb4-878818705a31,116.17225,50.01941,,5.29632,,,,1.85031,2.60123,0.65962,721cb527-4b34-4d12-a0fc-997a8ba63409,2026-09-16,18:53:48.03,2026-09-16T14:53:48.0312832-04:00,2026-09-16T18:53:48.0312832Z,LineDrive,v3,471298,,,,,Undefined,FOR_RAM,e0663fcc-8620-4de4-9fe5-ad6d9e595efc,35.08157,-107.73716,12.31318,4.1619,-3.38205,-5.33387,0.04763,1.75159,0.44274,220.029341,1.84999,121.45279,-23.52014,5.53852,-1.2002,0.25449,-0.04885,0.00643,-0.00037,2.60168,50.85526,-13.38212,-0.71146,0.54546,-0.19187,0.04347,-0.00515,0.00023,0.65962,11.02939,8.32671,-2.86387,0.79783,-0.18373,0.03287,-0.00381,0.0002,,,,,,,,,,,,,,,,,,,,,,,High,High,High,High,High,,,
202,2026-09-16,14:53:59.57,,,,,Undefined,FOR_RAM,"Crang, Mason",10913432,Right,FOR_RAM,Undefined,1,Bottom,0,0,0,Undefined,Changeup,Undefined,Undefined,Undefined,Undefined,0,0,,74.90074,-1.444706,-1.734895,3414.608149,186.447187,12:15,4.12259,-0.08856,25.92532,-8.39343,10.51406,1.1363,2.58635,-0.99838,69.99395,-3.978436,-1.407979,0.31296,,,,,,,,,,,,-2.03012,14.36406,-0.39434,50,4.36523,3.66587,-112.91169,-0.79376,-2.57945,23.58852,-13.92329,FOR_RAM,,FordhamUniversity,,,20260916-FordhamUniversity-BP-1,f278dce0-b1ff-11f1-9cb4-878818705a31,120.43868,,,4.90679,,,,,,,721cb527-4b34-4d12-a0fc-997a8ba63409,2026-09-16,18:53:59.57,2026-09-16T14:53:59.5702784-04:00,2026-09-16T18:53:59.5702784Z,,v3,471298,,,,,Undefined,FOR_RAM,15a7e7b4-cbe3-4ea3-9670-a68da6a21adf,34.57801,-109.64254,11.79426,4.12151,-2.72341,-6.96165,0.08895,3.30838,-1.28973,,,,,,,,,,,,,,,,,,,,,,,,,,,,,,,,,,,,,,,,,,,,,,,,,,,High,High,High,,,,,
203,2026-09-16,14:54:20.09,,,,,Undefined,FOR_RAM,"Crang, Mason",10913432,Right,FOR_RAM,Undefined,1,Bottom,0,0,0,Undefined,,Undefined,Undefined,LineDrive,Undefined,0,0,,76.26002,-0.742575,-4.353087,3476.919631,,,4.24685,0.15904,15.42551,,,,2.77943,-0.56373,67.5054,-3.402583,2.45362,0.416004,94.24998,22.494606,-14.344128,1978.789918,107.11888,42.78764,-25.00974,328.88023,319.44373,-11.386962,4.197352,-25.22616,17.72958,-0.52865,50,4.28871,9.3864,-112.6842,-0.82509,-30.67534,30.78972,-10.61464,FOR_RAM,,FordhamUniversity,,,20260916-FordhamUniversity-BP-1,fece3620-b1ff-11f1-9cb4-878818705a31,90.60594,55.82622,,8.75462,,,,1.95953,2.55154,0.70102,721cb527-4b34-4d12-a0fc-997a8ba63409,2026-09-16,18:54:20.09,2026-09-16T14:54:20.0980480-04:00,2026-09-16T18:54:20.0980480Z,LineDrive,v3,471298,,,,,Undefined,FOR_RAM,fe5a8448-f577-48e4-9c8b-ec45752af124,45.07517,-111.33041,15.39486,4.24217,-1.2918,-5.30732,-0.14559,8.03764,-15.33767,184.964258,1.95919,123.7431,-24.91894,6.40569,-1.45253,0.31335,-0.0577,0.00703,-0.00038,2.55228,52.86923,-12.20387,-1.35051,0.80539,-0.27242,0.05936,-0.00704,0.00033,0.70123,-31.64665,7.62875,-1.7559,0.39811,-0.0942,0.01943,-0.00252,0.00014,,,,,,,,,,,,,,,,,,,,,,,Low,Low,Low,High,Medium,,,
204,2026-09-16,14:54:37.14,,,,,Undefined,FOR_RAM,"Dieguez, Matthew",10131275,Right,FOR_RAM,Undefined,1,Bottom,0,0,0,Undefined,Slider,Undefined,Undefined,LineDrive,Undefined,0,0,,77.37539,-1.210118,-1.184615,3178.110545,167.063436,11:30,4.37345,0.15003,15.43581,-14.37036,17.973,-3.82579,2.25359,-1.07148,68.75223,-4.622485,-2.020972,0.409321,98.21201,13.261371,14.694739,2042.200552,103.92021,21.43857,36.06357,254.39147,249.0038,24.115968,2.582685,2.31807,14.44127,-0.25286,50,4.4564,2.2691,-114.44115,-1.67979,2.90971,31.61212,-14.04679,FOR_RAM,,FordhamUniversity,,,20260916-FordhamUniversity-BP-1,08ecd940-b200-11f1-9cb4-878818705a31,92.08527,22.8658,,8.62316,,,,0.79597,2.32712,0.99784,721cb527-4b34-4d12-a0fc-997a8ba63409,2026-09-16,18:54:37.14,2026-09-16T14:54:37.1400704-04:00,2026-09-16T18:54:37.1400704Z,LineDrive,v3,471298,,,,,Undefined,FOR_RAM,9b97b2ef-3c3a-4848-b91a-ee4e50fbbf5d,45.05918,-113.0681,15.80606,4.3702,-2.2899,-7.0234,-0.15156,2.39549,1.45486,,0.79597,135.6169,-30.07133,7.53654,-1.64648,0.3235,-0.05596,0.00707,-0.00043,2.32711,33.04318,-12.61527,-1.16338,0.71558,-0.22463,0.04962,-0.00653,0.00039,0.99783,35.56559,5.24161,-2.83704,1.00434,-0.27899,0.05925,-0.00816,0.00053,,,,,,,,,,,,,,,,,,,,,,,High,High,High,High,High,,,
205,2026-09-16,14:54:49.65,,,,,Undefined,FOR_RAM,"Dieguez, Matthew",10131275,Right,FOR_RAM,Undefined,1,Bottom,0,0,0,Undefined,Changeup,Undefined,Undefined,GroundBall,Undefined,0,0,,76.00385,-2.234962,-1.104659,1646.826005,181.193901,12:00,4.36989,0.16951,15.38037,-15.00706,17.82005,0.34835,1.41313,-0.64428,69.23427,-5.720611,-1.028575,0.412371,99.29317,-22.25552,-66.53779,,,,,6.18997,6.18997,-34.208412,0.019743,-0.65193,14.61839,-0.26352,50,4.54088,2.17453,-112.23468,-3.65851,-0.81039,25.12736,-14.00197,FOR_RAM,,FordhamUniversity,,,20260916-FordhamUniversity-BP-1,1060a7b0-b200-11f1-9cb4-878818705a31,91.40428,1.08977,,6.76958,,,,4.05883,1.08977,-1.03717,721cb527-4b34-4d12-a0fc-997a8ba63409,2026-09-16,18:54:49.65,2026-09-16T14:54:49.6541184-04:00,2026-09-16T18:54:49.6541184Z,GroundBall,v3,471298,,,,,Undefined,FOR_RAM,05e72820-d995-48ff-808b-a8aa58bdb273,45.11902,-111.13654,12.56368,4.36761,-4.27044,-7.00098,-0.16926,2.13911,-0.4052,,4.05869,53.70273,,,,,,,,1.0899,-55.19712,,,,,,,,-1.03688,-123.73094,,,,,,,,,,,,,,,,,,,,,,,,,,,,,,High,High,High,Low,Low,,,
206,2026-09-16,14:55:08.10,,,,,Undefined,FOR_RAM,"Beaudreau, Bradley",1000297368,Left,FOR_RAM,Undefined,1,Bottom,0,0,0,Undefined,Changeup,Undefined,Undefined,LineDrive,Undefined,0,0,,75.31849,-2.094789,-1.351527,3532.483524,184.794499,12:15,4.36376,0.19251,15.37032,-13.48087,19.9519,1.57913,1.64078,-0.70736,68.57717,-5.254773,-1.006809,0.416157,94.80383,22.149828,4.762218,1868.730783,109.92029,39.52679,4.18588,343.25005,332.23091,-3.527439,4.104624,-1.67803,16.23458,-0.30758,50,4.52325,2.67389,-111.25241,-3.40883,-2.04857,24.78135,-12.35464,FOR_RAM,,FordhamUniversity,,,20260916-FordhamUniversity-BP-1,1b5b04d0-b200-11f1-9cb4-878818705a31,90.57256,52.07465,,6.74132,,,,2.27817,1.74169,0.70534,721cb527-4b34-4d12-a0fc-997a8ba63409,2026-09-16,18:55:08.10,2026-09-16T14:55:08.1081344-04:00,2026-09-16T18:55:08.1081344Z,LineDrive,v3,471298,,,,,Undefined,FOR_RAM,776a6d27-d553-4193-b7ea-537b3ab0a4bc,45.13032,-110.16235,12.39067,4.36136,-3.95227,-6.17732,-0.19195,2.58378,-1.02428,144.619328,2.27758,128.35385,-21.57689,4.72196,-0.95643,0.19271,-0.03744,0.00521,-0.00032,1.74298,52.39225,-13.76743,-0.25585,0.30269,-0.11257,0.02885,-0.00383,0.00019,0.70485,10.70254,-9.61474,2.87874,-0.63368,0.10038,-0.01198,0.00112,-6E-05,,,,,,,,,,,,,,,,,,,,,,,High,High,High,High,High,,,
207,2026-09-16,14:55:12.87,,,,,Undefined,FOR_RAM,"Beaudreau, Bradley",1000297368,Left,FOR_RAM,Undefined,1,Bottom,0,0,0,Undefined,,Undefined,Undefined,LineDrive,Undefined,0,0,,75.89576,-1.654895,-4.001591,3406.995656,,,4.29474,0.40281,15.39229,,,,1.56024,0.28019,69.89289,-5.689764,3.681878,0.410722,101.51945,16.654211,1.00562,1634.815899,109.97477,28.95102,-2.35049,333.93092,324.47202,-6.310053,3.498672,-28.0208,12.18036,-0.75384,50,4.41705,8.98647,-111.98073,-2.44181,-35.16292,22.43412,-16.88906,FOR_RAM,,FordhamUniversity,,,20260916-FordhamUniversity-BP-1,1e6dea20-b200-11f1-9cb4-878818705a31,91.77107,38.03095,,6.00288,,,,4.91602,1.89815,-0.0739,721cb527-4b34-4d12-a0fc-997a8ba63409,2026-09-16,18:55:12.87,2026-09-16T14:55:12.8744448-04:00,2026-09-16T18:55:12.8744448Z,LineDrive,v3,471298,,,,,Undefined,FOR_RAM,eea6e26c-391b-4182-99ec-3a900210379e,45.11402,-110.99756,11.21706,4.29382,-3.18197,-8.44453,-0.39378,7.44546,-17.58146,147.601551,4.91599,142.62902,-25.92198,5.98118,-1.32588,0.29863,-0.05831,0.00744,-0.00043,1.89823,42.66665,-12.39826,-0.52509,0.47552,-0.21873,0.0621,-0.00957,0.00062,-0.07393,2.50592,-7.68537,2.25413,-0.65345,0.18753,-0.04295,0.00608,-0.00038,,,,,,,,,,,,,,,,,,,,,,,Low,Low,Low,Medium,Medium,,,
208,2026-09-16,14:55:17.87,,,,,Undefined,FOR_RAM,"Beaudreau, Bradley",1000297368,Left,FOR_RAM,Undefined,1,Bottom,0,0,0,Undefined,Slider,Undefined,Undefined,LineDrive,Undefined,0,0,,75.67152,-2.396218,-1.091389,3186.55739,180.604173,12:00,4.38028,0.16704,15.47983,-13.55355,19.17316,0.19134,1.42558,-0.64781,69.41503,-5.555243,-1.04951,0.411739,98.03124,11.104477,23.89489,1662.108242,98.29453,13.62429,49.3779,211.92457,203.2433,29.361818,1.83844,-0.50252,15.71981,-0.26183,50,4.56933,2.13448,-111.7173,-3.99215,-0.6244,23.2929,-12.6423,FOR_RAM,,FordhamUniversity,,,20260916-FordhamUniversity-BP-1,21e6e440-b200-11f1-9cb4-878818705a31,91.5444,13.63185,,6.2565,,,,2.73044,1.65526,0.78976,721cb527-4b34-4d12-a0fc-997a8ba63409,2026-09-16,18:55:17.87,2026-09-16T14:55:17.8761216-04:00,2026-09-16T18:55:17.8761216Z,LineDrive,v3,471298,,,,,Undefined,FOR_RAM,3b486910-baa2-4689-a595-19cc87685367,45.0208,-110.67427,11.64645,4.37789,-4.55826,-6.32115,-0.16688,2.10652,-0.3122,,2.73042,128.99706,-24.00743,5.86329,-1.1678,0.12276,0.03042,-0.01714,0.00253,1.65528,27.68876,-16.31917,0.29693,0.05728,0.06193,-0.06225,0.02242,-0.003,0.78978,57.14658,0.61519,-1.22035,0.43843,-0.05714,-0.0234,0.01279,-0.0019,,,,,,,,,,,,,,,,,,,,,,,High,High,High,Medium,High,,,
209,2026-09-16,14:55:29.80,,,,,Undefined,FOR_RAM,"Reina, Braedon",10305192,Left,FOR_RAM,Undefined,1,Bottom,0,0,0,Undefined,,Undefined,Undefined,FlyBall,Undefined,0,0,,73.43987,-0.336442,-4.317266,3388.594532,,,3.99125,0.23145,15.47539,,,,2.15598,-0.14882,69.32559,-4.620079,3.317325,0.417964,86.64079,47.891026,-7.874365,4114.124037,106.52447,104.484,-27.43239,271.50075,142.54562,-20.827801,5.643931,-27.62462,11.63638,-0.62146,50,3.99937,9.40263,-108.1624,0.2243,-33.45805,14.90618,-18.08044,FOR_RAM,,FordhamUniversity,,,20260916-FordhamUniversity-BP-1,2867ee40-b200-11f1-9cb4-878818705a31,90.18112,118.44597,,4.11428,,,,1.35839,2.1395,0.36041,721cb527-4b34-4d12-a0fc-997a8ba63409,2026-09-16,18:55:29.80,2026-09-16T14:55:29.8020864-04:00,2026-09-16T18:55:29.8020864Z,FlyBall,v3,471298,,,,,Undefined,FOR_RAM,607d9725-6841-4916-8613-d1f281d87ba9,45.0331,-107.47572,7.45309,3.99052,-0.60861,-9.04022,-0.22381,7.86132,-16.72903,,1.36589,84.2451,-18.6878,3.67282,0.01622,-0.25696,0.07251,-0.00866,0.00039,2.13159,94.40275,-23.18357,2.65667,-0.71526,0.15342,-0.01656,0.00043,3E-05,0.3639,-11.74807,-4.50027,1.16723,0.07309,-0.13246,0.03639,-0.00433,0.00019,,,,,,,,,,,,,,,,,,,,,,,Low,Low,Low,Medium,Low,,,
210,2026-09-16,14:55:39.23,,,,,Undefined,FOR_RAM,"Reina, Braedon",10305192,Left,FOR_RAM,Undefined,1,Bottom,0,0,0,Undefined,,Undefined,Undefined,Undefined,Undefined,0,0,,79.3509,-2.233699,-4.710578,3458.314371,,,4.38604,0.40493,14.95622,,,,1.62667,-0.38125,69.57554,-5.212049,2.668704,0.406732,,,,,,,,,,,,-26.52667,15.69241,-0.74773,50,4.53908,10.18395,-116.96929,-3.91076,-34.40477,35.11964,-11.82115,FOR_RAM,,FordhamUniversity,,,20260916-FordhamUniversity-BP-1,2e07e710-b200-11f1-9cb4-878818705a31,92.67145,,,9.77536,,,,,,,721cb527-4b34-4d12-a0fc-997a8ba63409,2026-09-16,18:55:39.23,2026-09-16T14:55:39.2392192-04:00,2026-09-16T18:55:39.2392192Z,,v3,471298,,,,,Undefined,FOR_RAM,3f7e6547-00e8-4fec-bdf2-d9592e90312f,45.54083,-115.62269,17.55982,4.38045,-4.36402,-5.91058,-0.38253,8.86475,-17.20239,,,,,,,,,,,,,,,,,,,,,,,,,,,,,,,,,,,,,,,,,,,,,,,,,,,Low,Low,Low,,,,,
211,2026-09-16,14:55:44.97,,,,,Undefined,FOR_RAM,"Reina, Braedon",10305192,Left,FOR_RAM,Undefined,1,Bottom,0,0,0,Undefined,,Undefined,Undefined,LineDrive,Undefined,0,0,,73.61132,0.653825,-5.288707,3450.1914,,,3.6299,0.33859,15.59014,,,,2.07133,-0.63285,69.48048,-4.894937,2.729878,0.416091,102.99707,10.712827,37.602071,3328.082834,82.46509,8.42653,72.7973,161.58981,75.67421,43.71908,1.26989,-29.35277,6.82705,-0.82833,50,3.54659,11.39304,-108.27751,2.34101,-35.70047,14.56214,-23.87061,FOR_RAM,,FordhamUniversity,,,20260916-FordhamUniversity-BP-1,31547a00-b200-11f1-9cb4-878818705a31,90.58706,9.57755,,4.13084,,,,1.76675,1.77619,0.68567,721cb527-4b34-4d12-a0fc-997a8ba63409,2026-09-16,18:55:44.97,2026-09-16T14:55:44.9777664-04:00,2026-09-16T18:55:44.9777664Z,LineDrive,v3,471298,,,,,Undefined,FOR_RAM,ffc529c7-408c-4de3-b2f2-15fcd4515cb7,44.91896,-107.592,7.28107,3.63034,1.2173,-11.93531,-0.33156,9.71244,-17.85023,,1.76675,117.59462,-25.04284,3.73341,-0.41513,-0.68679,0.79582,-0.38445,0.07167,1.7762,28.07838,-27.29953,3.84479,0.03469,-1.52137,1.64661,-0.8057,0.15332,0.68567,90.56867,-1.45542,-0.91774,-0.23572,0.83955,-0.88976,0.44331,-0.08607,,,,,,,,,,,,,,,,,,,,,,,Low,Low,Low,Medium,Low,,,
212,2026-09-16,14:55:50.52,,,,,Undefined,FOR_RAM,"Reina, Braedon",10305192,Left,FOR_RAM,Undefined,1,Bottom,0,0,0,Undefined,,Undefined,Undefined,Undefined,Undefined,0,0,,79.7385,-3.71363,-4.508884,3296.415808,,,4.66113,0.2672,14.88817,,,,1.05377,-0.55331,67.92499,-5.978843,2.378902,0.411927,,,,,,,,,,,,-24.99135,19.8558,-0.58262,50,4.92015,9.6079,-117.41527,-6.9986,-31.57584,41.71151,-7.08685,FOR_RAM,,FordhamUniversity,,,20260916-FordhamUniversity-BP-1,34ab1f10-b200-11f1-9cb4-878818705a31,91.50265,,,11.81351,,,,,,,721cb527-4b34-4d12-a0fc-997a8ba63409,2026-09-16,18:55:50.52,2026-09-16T14:55:50.5249280-04:00,2026-09-16T18:55:50.5249280Z,,v3,471298,,,,,Undefined,FOR_RAM,2a25c3d2-87c3-498d-97c3-dc651bf3df1f,45.60169,-115.84224,20.85576,4.65118,-7.26586,-3.54343,-0.24274,8.41711,-15.78792,,,,,,,,,,,,,,,,,,,,,,,,,,,,,,,,,,,,,,,,,,,,,,,,,,,Low,Low,Low,,,,,
213,2026-09-16,14:55:55.91,,,,,Undefined,FOR_RAM,"Reina, Braedon",10305192,Left,FOR_RAM,Undefined,1,Bottom,0,0,0,Undefined,,Undefined,Undefined,LineDrive,Undefined,0,0,,75.59224,0.033997,-4.705566,3302.402833,,,3.81763,0.28184,15.467,,,,2.25354,-0.34728,69.70117,-4.330651,3.052113,0.410934,106.81711,12.722968,28.16721,2103.648806,92.50446,18.4911,59.52201,259.01143,185.76898,38.129629,2.124337,-28.36521,10.58568,-0.69841,50,3.794,10.33909,-111.46009,0.93617,-35.46117,21.19795,-18.9402,FOR_RAM,,FordhamUniversity,,,20260916-FordhamUniversity-BP-1,37e53b70-b200-11f1-9cb4-878818705a31,91.72386,19.24539,,5.89107,,,,1.21284,2.27263,0.90713,721cb527-4b34-4d12-a0fc-997a8ba63409,2026-09-16,18:55:55.91,2026-09-16T14:55:55.9113728-04:00,2026-09-16T18:55:55.9113728Z,LineDrive,v3,471298,,,,,Undefined,FOR_RAM,20029502-f14f-42a1-909f-2b0670c9e195,45.03979,-110.51271,10.59897,3.81693,0.08969,-9.4701,-0.27175,8.75426,-17.73058,,1.21279,134.72469,-28.84842,7.09617,-1.32713,0.06803,0.06821,-0.02552,0.0031,2.27269,34.49877,-18.21335,0.73505,-0.14139,0.18073,-0.10826,0.03093,-0.00347,0.90719,72.13233,4.52822,-2.77302,0.80222,-0.05197,-0.06148,0.02434,-0.00303,,,,,,,,,,,,,,,,,,,,,,,Low,Low,Low,Medium,Medium,,,
214,2026-09-16,14:56:02.04,,,,,Undefined,FOR_RAM,"Reina, Braedon",10305192,Left,FOR_RAM,Undefined,1,Bottom,0,0,0,Undefined,Slider,Undefined,Undefined,Undefined,Undefined,0,0,,75.09957,-1.948747,-1.205222,3364.314548,183.767212,12:15,4.36591,0.18797,15.34014,-13.87135,19.75477,1.22748,1.72105,-0.63015,68.45723,-5.19073,-0.937396,0.417359,,,,,,,,,,,,-1.34973,15.98938,-0.28987,50,4.51178,2.37098,-110.92041,-3.10291,-1.64082,24.31844,-12.73626,FOR_RAM,,FordhamUniversity,,,20260916-FordhamUniversity-BP-1,3b8aeae0-b200-11f1-9cb4-878818705a31,90.31182,,,6.64234,,,,,,,721cb527-4b34-4d12-a0fc-997a8ba63409,2026-09-16,18:56:02.04,2026-09-16T14:56:02.0440064-04:00,2026-09-16T18:56:02.0440064Z,,v3,471298,,,,,Undefined,FOR_RAM,629542e1-3f5d-48d6-bdfd-c2ac902a35a8,45.16027,-109.85421,12.15922,4.3635,-3.66131,-6.36813,-0.1875,2.29905,-0.82041,,,,,,,,,,,,,,,,,,,,,,,,,,,,,,,,,,,,,,,,,,,,,,,,,,,High,High,High,,,,,
215,2026-09-16,14:56:27.95,,,,,Undefined,FOR_RAM,"Forney, Colden",1000306564,Right,FOR_RAM,Undefined,1,Bottom,0,0,0,Undefined,Slider,Undefined,Undefined,FlyBall,Undefined,0,0,,78.10262,-1.305105,-0.978518,3307.790504,170.58158,11:45,4.36495,0.17114,15.43943,-11.9915,19.53454,-3.03772,2.37106,-0.82755,69.79863,-4.179507,-1.642676,0.404116,,,,,,,,,,,,1.86925,15.66261,-0.25558,50,4.45751,1.88716,-115.526,-1.97347,2.40811,30.87048,-11.9963,FOR_RAM,,FordhamUniversity,,,20260916-FordhamUniversity-BP-1,4af1f0f0-b200-11f1-9cb4-878818705a31,93.27129,,,8.30399,,,,,,,721cb527-4b34-4d12-a0fc-997a8ba63409,2026-09-16,18:56:27.95,2026-09-16T14:56:27.9594496-04:00,2026-09-16T18:56:27.9594496Z,,v3,471298,,,,,Undefined,FOR_RAM,06afd16a-869a-4d38-ab95-2a1ea1b26141,45.05793,-114.19776,15.43524,4.3615,-2.48963,-5.99815,-0.17216,1.99077,1.20405,,,,,,,,,,,,,,,,,,,,,,,,,,,,,,,,,,,,,,,,,,,,,,,,,,,High,High,High,,,,,
216,2026-09-16,14:56:32.97,,,,,Undefined,FOR_RAM,"Forney, Colden",1000306564,Right,FOR_RAM,Undefined,1,Bottom,0,0,0,Undefined,,Undefined,Undefined,LineDrive,Undefined,0,0,,76.39699,-1.763476,-5.350331,1682.36901,,,4.35335,0.51931,15.29179,,,,1.82724,-0.77145,68.65111,-5.083304,1.97341,0.414049,,,,,,,,,,,,-27.36868,15.37139,-0.96782,50,4.48225,11.48639,-112.58658,-2.79472,-33.85523,27.33829,-13.15956,FOR_RAM,,FordhamUniversity,,,20260916-FordhamUniversity-BP-1,4de874a0-b200-11f1-9cb4-878818705a31,91.03374,,,7.74588,,,,,,,721cb527-4b34-4d12-a0fc-997a8ba63409,2026-09-16,18:56:32.97,2026-09-16T14:56:32.9723904-04:00,2026-09-16T18:56:32.9723904Z,,v3,471298,,,,,Undefined,FOR_RAM,8f5fa123-a8b7-45b5-a54a-6ce2fdb93341,45.21186,-111.41786,13.66914,4.35075,-3.3573,-6.57978,-0.50771,10.03907,-16.92762,,,,,,,,,,,,,,,,,,,,,,,,,,,,,,,,,,,,,,,,,,,,,,,,,,,Low,Low,Low,,,,,
217,2026-09-16,14:56:44.07,,,,,Undefined,FOR_RAM,"Forney, Colden",1000306564,Right,FOR_RAM,Undefined,1,Bottom,0,0,0,Undefined,Slider,Undefined,Undefined,LineDrive,Undefined,0,0,,74.85875,-2.094399,-1.311567,3303.139143,173.278788,11:45,4.36871,0.14775,15.41745,-13.78678,19.88458,-2.21386,1.62228,-1.03662,68.38736,-5.316438,-1.795296,0.41764,71.64197,25.816793,16.087287,3049.737823,103.02181,36.17628,38.55395,234.61778,231.89278,24.76338,3.269841,1.21744,16.1093,-0.26006,50,4.52816,2.46503,-110.51762,-3.34931,1.47378,23.59417,-12.67281,FOR_RAM,,FordhamUniversity,,,20260916-FordhamUniversity-BP-1,5495bec0-b200-11f1-9cb4-878818705a31,90.25108,37.00542,,6.4714,,,,1.55879,1.66954,0.99132,721cb527-4b34-4d12-a0fc-997a8ba63409,2026-09-16,18:56:44.07,2026-09-16T14:56:44.0744960-04:00,2026-09-16T18:56:44.0744960Z,FlyBall,v3,471298,,,,,Undefined,FOR_RAM,da1a75da-7a6e-4207-99a5-712017bc270e,45.08171,-109.46259,11.79709,4.36572,-3.91599,-6.3364,-0.14836,2.53093,0.73689,218.822462,1.55873,90.88672,-14.58634,3.37053,-0.70816,0.17871,-0.04942,0.00886,-0.00065,1.66951,45.7581,-15.51474,0.47657,0.04683,-0.08246,0.03488,-0.00594,0.00034,0.99127,26.21085,2.04201,-0.56415,0.16071,-0.05292,0.016,-0.00284,0.00021,,,,,,,,,,,,,,,,,,,,,,,High,High,High,High,High,,,
218,2026-09-16,14:56:56.18,,,,,Undefined,FOR_RAM,"Crang, Mason",10913432,Right,FOR_RAM,Undefined,1,Bottom,0,0,0,Undefined,Slider,Undefined,Undefined,Undefined,Undefined,0,0,,77.72588,-0.984944,-1.455593,3151.533771,182.724041,12:00,4.37363,0.17103,15.44614,-10.58134,20.66729,0.93417,2.74128,-0.86012,70.65318,-3.513041,-1.251378,0.402334,83.95687,27.975518,34.604841,4367.592438,82.97067,47.9458,72.22035,304.5281,242.85711,52.83193,4.199406,-1.21236,16.30198,-0.29658,50,4.43934,2.94636,-114.8346,-1.36451,-1.57891,26.15817,-10.94315,FOR_RAM,,FordhamUniversity,,,20260916-FordhamUniversity-BP-1,5bc160a0-b200-11f1-9cb4-878818705a31,93.68438,56.32599,,7.0727,,,,0.61221,2.74399,1.18473,721cb527-4b34-4d12-a0fc-997a8ba63409,2026-09-16,18:56:56.18,2026-09-16T14:56:56.1818624-04:00,2026-09-16T18:56:56.1818624Z,LineDrive,v3,471298,,,,,Undefined,FOR_RAM,5e44ea46-7538-46b1-ab2c-f5adb9515ce3,45.05286,-113.70211,13.07909,4.37001,-1.83828,-5.47158,-0.17051,2.878,-0.78945,,0.61341,89.48012,-19.53333,3.90517,-0.65407,0.05304,-0.00109,0.00039,-6E-05,2.74367,57.76806,-17.1913,0.94421,-0.01243,-0.0527,0.02646,-0.00521,0.00037,1.18492,61.75532,0.79385,-1.39752,0.5071,-0.12483,0.02105,-0.00201,8E-05,,,,,,,,,,,,,,,,,,,,,,,High,High,High,Low,Medium,,,
219,2026-09-16,14:57:06.96,,,,,Undefined,FOR_RAM,"Crang, Mason",10913432,Right,FOR_RAM,Undefined,1,Bottom,0,0,0,Undefined,Slider,Undefined,Undefined,Undefined,Undefined,0,0,,74.12489,-2.358477,-1.605978,3280.322789,186.967517,12:15,3.97319,-0.04235,24.08898,-9.71477,11.99902,1.39382,1.7215,-0.90751,68.74415,-5.146153,-1.225906,0.335381,,,,,,,,,,,,-2.12492,14.96497,-0.34983,50,4.4092,3.3385,-111.32527,-2.68991,-2.61001,23.94398,-13.79269,FOR_RAM,,FordhamUniversity,,,20260916-FordhamUniversity-BP-1,62383170-b200-11f1-9cb4-878818705a31,112.3868,,,5.38074,,,,,,,721cb527-4b34-4d12-a0fc-997a8ba63409,2026-09-16,18:57:06.96,2026-09-16T14:57:06.9612544-04:00,2026-09-16T18:57:06.9612544Z,,v3,471298,,,,,Undefined,FOR_RAM,61e542bf-a708-4064-8c3e-a12f8e26bb4c,36.41074,-108.36307,11.97199,3.97087,-4.39626,-6.89635,0.04321,3.01561,-1.305,,,,,,,,,,,,,,,,,,,,,,,,,,,,,,,,,,,,,,,,,,,,,,,,,,,High,High,High,,,,,
220,2026-09-16,14:57:12.74,,,,,Undefined,FOR_RAM,"Crang, Mason",10913432,Right,FOR_RAM,Undefined,1,Bottom,0,0,0,Undefined,Slider,Undefined,Undefined,LineDrive,Undefined,0,0,,76.17769,-1.012891,0.037884,3087.518309,130.607444,10:15,4.33824,0.06166,15.53652,-17.52509,14.76816,-16.02489,2.1078,-1.24495,69.65316,-5.05344,-3.47498,0.409004,98.32072,14.112189,7.119571,2379.12538,107.87946,23.90353,21.49145,295.59405,292.54217,17.456156,2.992168,12.13564,11.93823,-0.05647,50,4.4065,-0.57913,-112.63569,-1.16096,15.23789,24.76977,-17.18404,FOR_RAM,,FordhamUniversity,,,20260916-FordhamUniversity-BP-1,65b08f50-b200-11f1-9cb4-878818705a31,92.15672,27.35392,,6.52453,,,,0.80177,2.36614,0.47468,721cb527-4b34-4d12-a0fc-997a8ba63409,2026-09-16,18:57:12.74,2026-09-16T14:57:12.7403520-04:00,2026-09-16T18:57:12.7403520Z,LineDrive,v3,471298,,,,,Undefined,FOR_RAM,cf10c334-f34e-46b7-a642-01a4e3a6bea6,44.96408,-111.52274,12.38489,4.33699,-1.93307,-8.59202,-0.06711,0.10553,7.61895,230.492038,0.80178,138.7729,-25.14229,5.48098,-1.06324,0.17922,-0.02671,0.00318,-0.00019,2.36613,35.16058,-12.00088,-0.70903,0.45474,-0.12845,0.02593,-0.00287,0.00012,0.47467,17.33398,9.52867,-3.63482,1.07193,-0.25675,0.04829,-0.00595,0.00034,,,,,,,,,,,,,,,,,,,,,,,High,Medium,Medium,High,High,,,
221,2026-09-16,14:57:34.58,,,,,Undefined,FOR_RAM,"Dieguez, Matthew",10131275,Right,FOR_RAM,Undefined,1,Bottom,0,0,0,Undefined,,Undefined,Undefined,GroundBall,Undefined,0,0,,76.58858,-2.99269,-4.729497,3116.97477,,,4.66874,0.41169,15.18849,,,,1.58355,-0.70612,65.27897,-5.437895,1.809181,0.42553,92.77624,-8.613367,-27.018323,,,,,12.14767,8.36677,-19.564913,0.08237,-24.7234,21.10379,-0.78234,50,4.88892,9.87986,-113.0163,-5.29118,-28.8846,38.97206,-7.51828,FOR_RAM,,FordhamUniversity,,,20260916-FordhamUniversity-BP-1,72cfef50-b200-11f1-9cb4-878818705a31,88.57767,1.76788,,11.3096,,,,1.69547,1.76788,0.68222,721cb527-4b34-4d12-a0fc-997a8ba63409,2026-09-16,18:57:34.58,2026-09-16T14:57:34.5801728-04:00,2026-09-16T18:57:34.5801728Z,GroundBall,v3,471298,,,,,Undefined,FOR_RAM,be17c1ee-8a85-42f2-9b20-6530a7638e09,45.30528,-111.38562,19.48603,4.66095,-5.60577,-3.75914,-0.39423,8.67127,-14.4423,,1.69547,119.85427,-17.91506,,,,,,,1.76796,-20.39045,-13.07487,,,,,,,0.68182,-61.05267,41.19909,,,,,,,,,,,,,,,,,,,,,,,,,,,,,Low,Low,Low,Low,Low,,,
222,2026-09-16,14:57:41.16,,,,,Undefined,FOR_RAM,"Dieguez, Matthew",10131275,Right,FOR_RAM,Undefined,1,Bottom,0,0,0,Undefined,Slider,Undefined,Undefined,FlyBall,Undefined,0,0,,76.00505,-2.382177,-1.044381,3267.741652,178.985201,12:00,4.21409,0.13305,18.2407,-11.37631,16.91729,-0.28492,1.56643,-0.63536,70.08509,-5.207979,-1.110961,0.382838,76.63806,29.438401,34.842099,4961.240284,83.24589,47.4242,71.90335,252.92784,205.13472,48.324923,3.814732,-0.09343,15.68135,-0.27361,50,4.49702,2.03797,-112.80016,-3.70274,-0.11847,23.52086,-12.2867,FOR_RAM,,FordhamUniversity,,,20260916-FordhamUniversity-BP-1,769b2820-b200-11f1-9cb4-878818705a31,98.4552,50.67073,,5.91996,,,,1.45832,1.62365,0.67377,721cb527-4b34-4d12-a0fc-997a8ba63409,2026-09-16,18:57:41.16,2026-09-16T14:57:41.1677696-04:00,2026-09-16T18:57:41.1677696Z,LineDrive,v3,471298,,,,,Undefined,FOR_RAM,fbda6822-a620-434f-8d18-fccf235cc15e,42.26032,-111.17459,11.76043,4.21178,-4.5519,-6.14335,-0.13305,2.02978,-0.05924,,1.45779,80.36007,-19.76025,5.10243,-1.2186,0.29683,-0.06635,0.00979,-0.00062,1.62439,55.21865,-16.18223,0.07719,0.34747,-0.1746,0.04831,-0.00661,0.00034,0.67373,55.92578,-2.45603,0.10994,0.0606,-0.01156,-0.00166,0.00081,-8E-05,,,,,,,,,,,,,,,,,,,,,,,High,High,High,Medium,Medium,,,
223,2026-09-16,14:57:48.09,,,,,Undefined,FOR_RAM,"Dieguez, Matthew",10131275,Right,FOR_RAM,Undefined,1,Bottom,0,0,0,Undefined,Slider,Undefined,Undefined,Undefined,Undefined,0,0,,77.17288,-1.515062,-1.268423,3203.132586,180.070122,12:00,4.35252,0.18131,15.27347,-11.4328,20.32788,0.02366,2.2406,-0.78688,70.62831,-4.203927,-1.263269,0.405617,,,,,,,,,,,,-0.4239,15.91954,-0.28686,50,4.45698,2.52077,-113.82054,-2.35702,-0.54794,23.73973,-11.59532,FOR_RAM,,FordhamUniversity,,,20260916-FordhamUniversity-BP-1,7ac522c0-b200-11f1-9cb4-878818705a31,92.92614,,,6.54456,,,,,,,721cb527-4b34-4d12-a0fc-997a8ba63409,2026-09-16,18:57:48.09,2026-09-16T14:57:48.0998400-04:00,2026-09-16T18:57:48.0998400Z,,v3,471298,,,,,Undefined,FOR_RAM,5f2c47b8-b722-4f5d-b0bd-c00370cad286,45.22202,-112.81959,11.86987,4.34729,-2.84593,-5.79766,-0.18106,2.49766,-0.27397,,,,,,,,,,,,,,,,,,,,,,,,,,,,,,,,,,,,,,,,,,,,,,,,,,,High,High,High,,,,,
224,2026-09-16,14:58:06.28,,,,,Undefined,FOR_RAM,"Beaudreau, Bradley",1000297368,Left,FOR_RAM,Undefined,1,Bottom,0,0,0,Undefined,,Undefined,Undefined,LineDrive,Undefined,0,0,,81.06951,-4.229137,-4.038345,3513.846376,,,4.73124,0.37433,14.97229,,,,1.4231,-0.6299,69.00451,-4.704002,1.423418,0.404125,95.3714,7.303077,8.436658,5328.124764,109.33786,4.7317,12.05088,143.9647,143.9647,5.632777,1.194679,-20.87048,25.7495,-0.67861,50,5.03895,8.91613,-119.53077,-8.45326,-27.27077,43.62507,1.47201,FOR_RAM,,FordhamUniversity,,,20260916-FordhamUniversity-BP-1,85884340-b200-11f1-9cb4-878818705a31,93.26918,6.5147,,12.065,,,,2.00615,1.89449,0.21748,721cb527-4b34-4d12-a0fc-997a8ba63409,2026-09-16,18:58:06.28,2026-09-16T14:58:06.2884352-04:00,2026-09-16T18:58:06.2884352Z,GroundBall,v3,471298,,,,,Undefined,FOR_RAM,3695c58b-7b9f-4c1f-977d-1ef8aaab61af,45.52304,-117.8855,21.81254,4.72119,-8.39775,0.736,-0.36174,7.88764,-13.63538,94.998349,2.19059,135.10169,-14.35343,,,,,,,1.99029,16.67718,-15.41441,,,,,,,0.34052,18.91463,-6.24474,,,,,,,,,,,,,,,,,,,,,,,,,,,,,Low,Low,Low,High,High,,,
225,2026-09-16,14:58:11.17,,,,,Undefined,FOR_RAM,"Beaudreau, Bradley",1000297368,Left,FOR_RAM,Undefined,1,Bottom,0,0,0,Undefined,,Undefined,Undefined,LineDrive,Undefined,0,0,,75.31612,-0.296589,-4.73494,3458.447108,,,3.95282,0.27281,15.4388,,,,2.57133,-0.57897,69.57761,-3.51694,2.496794,0.412116,97.23705,15.445294,15.29456,5385.082358,105.67195,24.87857,30.55164,293.043,282.49508,18.497517,2.911723,-26.59131,14.7945,-0.69116,50,3.95961,10.30335,-110.9897,0.1106,-33.10432,20.23166,-13.75594,FOR_RAM,,FordhamUniversity,,,20260916-FordhamUniversity-BP-1,88beb620-b200-11f1-9cb4-878818705a31,91.46071,28.18032,,5.73852,,,,2.67134,2.50939,0.34163,721cb527-4b34-4d12-a0fc-997a8ba63409,2026-09-16,18:58:11.17,2026-09-16T14:58:11.1723520-04:00,2026-09-16T18:58:11.1723520Z,LineDrive,v3,471298,,,,,Undefined,FOR_RAM,8d1f2de7-f7d1-44ba-86ba-6cb27f3ae151,45.06751,-110.08691,10.11583,3.95085,-0.50322,-6.87797,-0.26436,8.82615,-16.55216,202.963115,2.67135,132.59489,-21.47252,4.69428,-0.99986,0.20323,-0.03561,0.0043,-0.00025,2.50939,37.97996,-14.86962,0.69108,-0.07171,0.00269,0.00115,-0.00011,0,0.34163,36.26044,-2.84406,0.74303,-0.16512,0.0351,-0.00617,0.00075,-4E-05,,,,,,,,,,,,,,,,,,,,,,,Low,Low,Low,High,Medium,,,
226,2026-09-16,14:58:15.66,,,,,Undefined,FOR_RAM,"Beaudreau, Bradley",1000297368,Left,FOR_RAM,Undefined,1,Bottom,0,0,0,Undefined,Slider,Undefined,Undefined,GroundBall,Undefined,0,0,,76.42756,-1.110212,-1.134391,3230.112655,178.886727,12:00,4.39315,0.17033,15.37568,-10.76544,21.74706,-0.4011,2.64872,-0.72869,69.29576,-3.68866,-1.22195,0.41039,91.91659,-2.810876,28.525699,3865.57067,,,,34.71038,34.70739,29.548586,0.248238,-0.10882,17.20139,-0.26671,50,4.46898,2.22457,-112.95705,-1.59558,-0.13657,26.08632,-10.58871,FOR_RAM,,FordhamUniversity,,,20260916-FordhamUniversity-BP-1,8b288a30-b200-11f1-9cb4-878818705a31,91.84549,2.77586,,7.13179,,,,2.329,2.77586,1.00383,721cb527-4b34-4d12-a0fc-997a8ba63409,2026-09-16,18:58:15.66,2026-09-16T14:58:15.6627968-04:00,2026-09-16T18:58:15.6627968Z,GroundBall,v3,471298,,,,,Undefined,FOR_RAM,c796994a-9778-4a6a-ad45-29db844a3044,45.12409,-111.82534,13.04316,4.38979,-2.05496,-5.29435,-0.17033,2.21865,-0.06829,,2.33182,118.1517,-23.82996,,,,,,,2.77754,-6.70092,-18.10633,,,,,,,1.00228,64.38485,2.17857,,,,,,,,,,,,,,,,,,,,,,,,,,,,,High,High,High,Medium,High,,,
227,2026-09-16,14:58:21.00,,,,,Undefined,FOR_RAM,"Beaudreau, Bradley",1000297368,Left,FOR_RAM,Undefined,1,Bottom,0,0,0,Undefined,Slider,Undefined,Undefined,Undefined,Undefined,0,0,,74.96052,-2.124076,-1.616779,3208.188097,180.314427,12:00,4.36315,0.17434,15.36062,-13.7002,19.90966,0.10335,1.59895,-1.05133,68.60009,-5.318721,-1.594231,0.417258,,,,,,,,,,,,-0.60228,15.92296,-0.31132,50,4.52045,3.12209,-110.52272,-3.37994,-0.73279,22.70368,-12.8007,FOR_RAM,,FordhamUniversity,,,20260916-FordhamUniversity-BP-1,8e6edb90-b200-11f1-9cb4-878818705a31,90.3336,,,6.36043,,,,,,,721cb527-4b34-4d12-a0fc-997a8ba63409,2026-09-16,18:58:21.00,2026-09-16T14:58:21.0020864-04:00,2026-09-16T18:58:21.0020864Z,,v3,471298,,,,,Undefined,FOR_RAM,b0336e86-83aa-4fef-ba4a-d8ae5a184c6c,45.13443,-109.51867,11.35184,4.35845,-3.94604,-6.40035,-0.17397,3.08968,-0.36639,,,,,,,,,,,,,,,,,,,,,,,,,,,,,,,,,,,,,,,,,,,,,,,,,,,High,High,High,,,,,
228,2026-09-16,14:58:26.75,,,,,Undefined,FOR_RAM,"Beaudreau, Bradley",1000297368,Left,FOR_RAM,Undefined,1,Bottom,0,0,0,Undefined,,Undefined,Undefined,FlyBall,Undefined,0,0,,74.44926,0.403947,-4.760686,3434.436105,,,3.78035,0.27398,15.42914,,,,2.41176,-0.39403,68.78252,-4.187408,3.005681,0.417167,93.88738,28.510832,19.783463,1761.813765,102.81068,54.8663,39.11473,376.26001,369.12823,22.810525,5.060382,-28.46065,10.43308,-0.69408,50,3.72447,10.30854,-109.73595,1.66719,-34.59275,20.00098,-19.49304,FOR_RAM,,FordhamUniversity,,,20260916-FordhamUniversity-BP-1,91cbc230-b200-11f1-9cb4-878818705a31,90.3534,78.96087,,5.66673,,,,3.14014,2.42558,0.58225,721cb527-4b34-4d12-a0fc-997a8ba63409,2026-09-16,18:58:26.75,2026-09-16T14:58:26.7543040-04:00,2026-09-16T18:58:26.7543040Z,FlyBall,v3,471298,,,,,Undefined,FOR_RAM,fae7d0ae-9ee5-4284-856d-391363e2cdc2,45.07777,-108.8351,10.00049,3.77979,0.78923,-9.74652,-0.26487,8.75048,-17.29638,194.592098,3.14262,113.80846,-21.04402,4.52983,-0.64245,0.03024,0.00667,-0.00104,4E-05,2.42447,65.74506,-15.03318,0.43165,0.00904,-0.04065,0.01882,-0.00327,0.0002,0.58241,40.95271,-4.15418,0.57447,-0.08056,0.01542,-0.00355,0.00052,-3E-05,,,,,,,,,,,,,,,,,,,,,,,Low,Low,Low,High,Medium,,,
229,2026-09-16,14:58:41.40,,,,,Undefined,FOR_RAM,"Reina, Braedon",10305192,Left,FOR_RAM,Undefined,1,Bottom,0,0,0,Undefined,Slider,Undefined,Undefined,GroundBall,Undefined,0,0,,77.47748,-1.820553,0.284833,3334.172873,133.738654,10:30,4.32362,0.08694,15.40157,-8.70819,23.25781,-23.05883,2.20928,-1.61744,69.61436,-3.961743,-4.750945,0.406926,107.03755,5.869817,18.305912,1483.172043,,,,123.16113,117.73428,20.767627,0.878961,17.40757,18.63501,-0.06342,50,4.45948,-1.2241,-114.64957,-3.08765,22.16767,29.72011,-8.44326,FOR_RAM,,FordhamUniversity,,,20260916-FordhamUniversity-BP-1,9a7cf2a0-b200-11f1-9cb4-878818705a31,92.6272,4.82728,,7.86312,,,,1.35803,1.91453,0.36247,721cb527-4b34-4d12-a0fc-997a8ba63409,2026-09-16,18:58:41.40,2026-09-16T14:58:41.4022144-04:00,2026-09-16T18:58:41.4022144Z,LineDrive,v3,471298,,,,,Undefined,FOR_RAM,0224ac1f-0d44-48fa-9c74-51fe3c6a26d1,45.09872,-113.37192,14.86005,4.31894,-3.45063,-4.22163,-0.09556,-0.27112,11.08384,295.829095,1.46057,146.66691,-19.81567,,,,,,,1.99091,14.865,-19.57858,,,,,,,0.33609,49.46851,-0.16019,,,,,,,,,,,,,,,,,,,,,,,,,,,,,High,High,High,High,High,,,
230,2026-09-16,14:58:47.36,,,,,Undefined,FOR_RAM,"Reina, Braedon",10305192,Left,FOR_RAM,Undefined,1,Bottom,0,0,0,Undefined,Slider,Undefined,Undefined,Undefined,Undefined,0,0,,77.43796,-1.228242,-0.865518,3155.378768,164.982411,11:30,4.3734,0.15863,15.42151,-13.51064,18.74178,-4.68004,2.31115,-0.89108,68.90443,-4.448455,-1.88842,0.408745,98.74402,10.10501,51.929449,5141.052877,,,,127.50865,122.92135,59.680432,1.040678,3.11858,15.04265,-0.23351,50,4.4583,1.60532,-114.56298,-1.75228,3.92802,31.43462,-13.22693,FOR_RAM,,FordhamUniversity,,,20260916-FordhamUniversity-BP-1,9e0f4120-b200-11f1-9cb4-878818705a31,92.21506,7.52725,,8.53354,,,,1.96221,2.00189,1.32283,721cb527-4b34-4d12-a0fc-997a8ba63409,2026-09-16,18:58:47.36,2026-09-16T14:58:47.3694720-04:00,2026-09-16T18:58:47.3694720Z,LineDrive,v3,471298,,,,,Undefined,FOR_RAM,e6f8c19a-7ddd-42aa-ad27-0b39fa60d674,45.07487,-113.20352,15.71731,4.37015,-2.3243,-6.61346,-0.16041,1.77519,1.96401,,1.96221,87.91793,-32.4323,6.64099,-1.50884,0.31695,-0.06117,0.01111,-0.00121,2.00189,25.40983,-31.9667,6.93424,-1.79909,0.48281,-0.11603,0.0241,-0.00296,1.32283,112.24466,-5.29762,-3.07976,1.38051,-0.51838,0.1563,-0.03637,0.00477,,,,,,,,,,,,,,,,,,,,,,,High,High,High,Medium,Medium,,,
231,2026-09-16,14:58:53.58,,,,,Undefined,FOR_RAM,"Reina, Braedon",10305192,Left,FOR_RAM,Undefined,1,Bottom,0,0,0,Undefined,Slider,Undefined,Undefined,Undefined,Undefined,0,0,,74.35669,-1.88298,-1.559848,3312.21868,185.274402,12:15,4.12715,-0.01698,25.35554,-6.603,13.37524,1.18606,2.46745,-0.83677,69.04143,-3.886497,-1.224384,0.321699,107.43385,21.252838,36.512845,2888.572758,83.49171,33.11084,71.61767,306.81642,239.51353,47.198444,3.003449,-2.04618,17.78391,-0.40255,50,4.50834,3.29524,-112.20463,-2.17024,-2.54406,24.98396,-10.06311,FOR_RAM,,FordhamUniversity,,,20260916-FordhamUniversity-BP-1,a25ddac0-b200-11f1-9cb4-878818705a31,117.16679,38.4196,,5.31526,,,,1.64833,2.27291,1.15231,721cb527-4b34-4d12-a0fc-997a8ba63409,2026-09-16,18:58:53.58,2026-09-16T14:58:53.5865856-04:00,2026-09-16T18:58:53.5865856Z,LineDrive,v3,471298,,,,,Undefined,FOR_RAM,39feca5b-c31a-4089-80c9-cd6f1e29f3f4,35.14846,-108.84749,12.49198,4.12588,-3.52244,-5.03156,0.01727,2.95339,-1.27203,,1.6482,118.03391,-26.93231,6.23377,-1.50808,0.33841,-0.07098,0.00992,-0.00051,2.27294,57.11562,-26.72058,4.04329,-0.85735,0.17553,-0.03252,0.0051,-0.00043,1.15224,87.38081,-0.3446,-3.07302,1.22186,-0.36256,0.08132,-0.01377,0.00117,,,,,,,,,,,,,,,,,,,,,,,High,High,High,High,Low,,,
232,2026-09-16,14:59:00.78,,,,,Undefined,FOR_RAM,"Reina, Braedon",10305192,Left,FOR_RAM,Undefined,1,Bottom,0,0,0,Undefined,,Undefined,Undefined,FlyBall,Undefined,0,0,,77.17057,-0.462505,-4.781358,3363.028398,,,3.76437,0.40144,15.29113,,,,2.35887,-0.50774,68.64846,-3.489478,2.400641,0.411395,70.45899,45.694469,-20.46439,,101.28126,80.0102,-42.91926,229.15746,159.13758,-25.21426,4.718662,-26.45285,15.5615,-0.79453,50,3.78237,10.34619,-113.90394,-0.24869,-33.11106,30.10558,-12.69569,FOR_RAM,,FordhamUniversity,,,20260916-FordhamUniversity-BP-1,a60efbe0-b200-11f1-9cb4-878818705a31,91.62097,81.81168,,8.52211,,,,1.83877,2.38449,0.52518,721cb527-4b34-4d12-a0fc-997a8ba63409,2026-09-16,18:59:00.78,2026-09-16T14:59:00.7853568-04:00,2026-09-16T18:59:00.7853568Z,Popup,v3,471298,,,,,Undefined,FOR_RAM,a8a5865a-7cad-4c48-88a6-3912cf01dd73,45.21037,-112.63089,15.05279,3.7605,-0.78554,-6.34784,-0.38663,8.94606,-16.55553,,1.84151,67.56349,-12.00034,2.54072,-0.1918,-0.07509,0.02679,-0.00337,0.00015,2.3833,73.97215,-19.53711,1.4438,-0.16555,-0.04414,0.02652,-0.00477,0.0003,0.52474,-25.22662,1.67517,-0.19487,-0.03658,0.0254,-0.00529,0.00047,-1E-05,,,,,,,,,,,,,,,,,,,,,,,Low,Low,Low,Medium,Low,,,
233,2026-09-16,14:59:17.90,,,,,Undefined,FOR_RAM,"Forney, Colden",1000306564,Right,FOR_RAM,Undefined,1,Bottom,0,0,0,Undefined,Changeup,Undefined,Undefined,LineDrive,Undefined,0,0,,76.6921,-1.775298,-0.998964,3499.072656,186.61954,12:15,4.33502,0.18384,15.40525,-19.30241,13.7556,1.43673,1.37229,-0.45816,68.12393,-6.261262,-0.6848,0.413818,92.97546,10.530174,-10.075053,792.037946,109.05564,13.20169,-14.38207,216.43221,205.38515,-5.391719,2.020058,-1.53165,11.6128,-0.26917,50,4.46709,2.01772,-113.47431,-2.66876,-1.8821,31.85501,-17.90404,FOR_RAM,,FordhamUniversity,,,20260916-FordhamUniversity-BP-1,b0369fb0-b200-11f1-9cb4-878818705a31,91.08447,13.23374,,8.56817,,,,3.32267,1.69698,0.47866,721cb527-4b34-4d12-a0fc-997a8ba63409,2026-09-16,18:59:17.90,2026-09-16T14:59:17.9043328-04:00,2026-09-16T18:59:17.9043328Z,LineDrive,v3,471298,,,,,Undefined,FOR_RAM,ed4c31d1-5f06-4225-ad67-037d38d28a38,45.09175,-112.08798,15.92751,4.33399,-3.44795,-8.95202,-0.18314,1.93581,-0.94105,227.243722,3.32267,131.99984,-18.46176,3.59308,-0.7495,0.15591,-0.03043,0.00453,-0.00035,1.69698,24.92093,-14.27815,1.045,-0.21619,0.04975,-0.00918,0.00142,-0.00012,0.47866,-23.45345,9.00513,-1.7611,0.37193,-0.07799,0.01495,-0.00217,0.00016,,,,,,,,,,,,,,,,,,,,,,,High,Medium,Medium,High,Medium,,,
234,2026-09-16,14:59:23.39,,,,,Undefined,FOR_RAM,"Forney, Colden",1000306564,Right,FOR_RAM,Undefined,1,Bottom,0,0,0,Undefined,Changeup,Undefined,Undefined,Undefined,Undefined,0,0,,74.52991,-1.299249,-1.194989,3238.324303,201.548348,12:45,4.06278,0.12401,25.37597,-9.04756,10.76709,4.05047,2.54403,-0.2417,69.32433,-3.99224,-0.047968,0.32038,,,,,,,,,,,,-5.50359,14.25709,-0.4853,50,4.25997,3.16098,-112.43668,-0.51427,-6.8905,24.56361,-14.32418,FOR_RAM,,FordhamUniversity,,,20260916-FordhamUniversity-BP-1,b3785d30-b200-11f1-9cb4-878818705a31,117.6493,,,5.20558,,,,,,,721cb527-4b34-4d12-a0fc-997a8ba63409,2026-09-16,18:59:23.39,2026-09-16T14:59:23.3980416-04:00,2026-09-16T18:59:23.3980416Z,,v3,471298,,,,,Undefined,FOR_RAM,4b9015aa-21e3-4364-8a9b-141b437d3632,35.12767,-109.13923,12.2818,4.06186,-2.43717,-7.16209,-0.12304,2.23599,-3.44525,,,,,,,,,,,,,,,,,,,,,,,,,,,,,,,,,,,,,,,,,,,,,,,,,,,High,High,High,,,,,
235,2026-09-16,14:59:28.42,,,,,Undefined,FOR_RAM,"Forney, Colden",1000306564,Right,FOR_RAM,Undefined,1,Bottom,0,0,0,Undefined,,Undefined,Undefined,GroundBall,Undefined,0,0,,74.12246,0.427165,-5.0937,3398.886815,,,3.83182,0.50725,15.49967,,,,1.69025,-0.24607,69.39521,-6.202629,3.118553,0.41616,82.10199,-6.509518,-33.725286,,,,,21.06291,15.95626,-29.126884,0.160939,-29.95761,3.09902,-0.96601,50,3.76924,11.03193,-109.17881,2.05427,-36.52643,17.39561,-28.3955,FOR_RAM,,FordhamUniversity,,,20260916-FordhamUniversity-BP-1,b69861e0-b200-11f1-9cb4-878818705a31,90.57204,1.99318,,4.72724,,,,2.38351,1.99318,0.36954,721cb527-4b34-4d12-a0fc-997a8ba63409,2026-09-16,18:59:28.42,2026-09-16T14:59:28.4286976-04:00,2026-09-16T18:59:28.4286976Z,GroundBall,v3,471298,,,,,Undefined,FOR_RAM,06b0d11b-fd85-4e75-82af-2414dc18037b,45.00962,-108.38076,8.69781,3.8336,0.7516,-14.19775,-0.49835,9.35624,-18.26322,,2.38334,99.51919,-0.01364,,,,,,,1.99305,-13.64127,7.81764,,,,,,,0.36963,-66.43257,2.68805,,,,,,,,,,,,,,,,,,,,,,,,,,,,,Low,Low,Low,Low,Low,,,
236,2026-09-16,14:59:39.67,,,,,Undefined,FOR_RAM,"Crang, Mason",10913432,Right,FOR_RAM,Undefined,1,Bottom,0,0,0,Undefined,Changeup,Undefined,Undefined,GroundBall,Undefined,0,0,,77.13295,-1.60825,-0.104077,1717.910137,178.761672,12:00,4.29581,0.13598,15.40728,-13.04422,18.74662,-0.3824,1.98234,0.02477,70.18884,-4.669654,-0.187671,0.40581,98.44321,2.1363,13.043898,2266.12405,,,,75.76882,75.76882,15.332273,0.564843,0.24921,15.03784,-0.1449,50,4.41363,0.19591,-113.9378,-2.51514,0.31958,25.70078,-12.88906,FOR_RAM,,FordhamUniversity,,,20260916-FordhamUniversity-BP-1,bd375420-b200-11f1-9cb4-878818705a31,92.88203,2.45941,,6.9441,,,,0.46282,2.02004,-0.19655,721cb527-4b34-4d12-a0fc-997a8ba63409,2026-09-16,18:59:39.67,2026-09-16T14:59:39.6722688-04:00,2026-09-16T18:59:39.6722688Z,GroundBall,v3,471298,,,,,Undefined,FOR_RAM,264f7a82-e5a4-44b0-bc23-0730fb9c87fb,45.09092,-112.82503,12.85039,4.29265,-3.0732,-6.44453,-0.13612,0.20975,0.15979,268.727672,0.491,139.88886,-20.24976,,,,,,,2.03101,5.12111,-15.46481,,,,,,,-0.21341,32.96932,5.14338,,,,,,,,,,,,,,,,,,,,,,,,,,,,,High,Medium,Medium,Medium,High,,,
237,2026-09-16,14:59:45.21,,,,,Undefined,FOR_RAM,"Crang, Mason",10913432,Right,FOR_RAM,Undefined,1,Bottom,0,0,0,Undefined,,Undefined,Undefined,FlyBall,Undefined,0,0,,74.41844,0.059375,-4.54247,3338.279273,,,3.93813,0.31459,15.64028,,,,1.82325,-0.0593,70.22625,-5.761926,3.56029,0.411326,88.35016,30.985759,6.502877,4126.824495,108.06996,56.04753,20.51519,320.75121,182.56465,18.534868,4.553409,-29.45364,5.43752,-0.74051,50,3.90722,10.09817,-109.65382,1.2754,-36.56001,15.84792,-25.42459,FOR_RAM,,FordhamUniversity,,,20260916-FordhamUniversity-BP-1,c0985970-b200-11f1-9cb4-878818705a31,91.63635,69.57586,,4.19219,,,,1.0673,1.77076,0.22586,721cb527-4b34-4d12-a0fc-997a8ba63409,2026-09-16,18:59:45.21,2026-09-16T14:59:45.2130816-04:00,2026-09-16T18:59:45.2130816Z,FlyBall,v3,471298,,,,,Undefined,FOR_RAM,c9cada50-5332-47e0-9c13-a5148a0d7cee,44.86918,-108.90976,7.92396,3.93907,0.08171,-12.7123,-0.30669,8.38166,-18.28,220.439408,1.0679,110.36287,-19.6527,4.32116,-0.92274,0.20842,-0.04545,0.00664,-0.00041,1.77166,66.68598,-18.25233,0.89595,0.1831,-0.17552,0.05683,-0.00834,0.00046,0.22539,12.59094,5.89757,-1.89647,0.50405,-0.12257,0.0249,-0.0032,0.00018,,,,,,,,,,,,,,,,,,,,,,,Low,Low,Low,High,Medium,,,
238,2026-09-16,14:59:50.83,,,,,Undefined,FOR_RAM,"Crang, Mason",10913432,Right,FOR_RAM,Undefined,1,Bottom,0,0,0,Undefined,,Undefined,Undefined,FlyBall,Undefined,0,0,,74.9866,1.50923,-5.306983,3358.94286,,,3.39315,0.37559,15.54303,,,,2.26696,-0.55778,69.97756,-4.636874,2.849344,0.411206,83.45103,38.18632,21.491866,4007.959736,97.22442,70.35265,51.45226,294.6368,291.42617,35.159305,4.722002,-29.73974,3.9754,-0.85476,50,3.23558,11.53779,-110.38312,4.0965,-37.06573,17.77864,-27.21938,FOR_RAM,,FordhamUniversity,,,20260916-FordhamUniversity-BP-1,c3e49e40-b200-11f1-9cb4-878818705a31,91.66314,80.37793,,5.00904,,,,1.27203,2.16322,0.46231,721cb527-4b34-4d12-a0fc-997a8ba63409,2026-09-16,18:59:50.83,2026-09-16T14:59:50.8380672-04:00,2026-09-16T18:59:50.8380672Z,FlyBall,v3,471298,,,,,Undefined,FOR_RAM,6eb16c16-59b9-49e0-b26f-eabed40dd8c2,44.96627,-109.56937,8.88932,3.39457,2.85064,-13.60969,-0.36549,9.84126,-18.53286,,1.27809,89.375,-19.63453,4.31588,-0.21618,-0.2377,0.08028,-0.01041,0.00049,2.16247,75.67244,-20.66378,1.09276,0.23765,-0.22311,0.07656,-0.01215,0.00073,0.4615,35.26289,2.61638,-1.54375,0.47065,-0.10592,0.0196,-0.00252,0.00015,,,,,,,,,,,,,,,,,,,,,,,Low,Low,Low,High,High,,,
239,2026-09-16,15:00:08.89,,,,,Undefined,FOR_RAM,"Dieguez, Matthew",10131275,Right,FOR_RAM,Undefined,1,Bottom,0,0,0,Undefined,Slider,Undefined,Undefined,LineDrive,Undefined,0,0,,77.17846,-1.897661,-1.096816,3394.754281,180.894891,12:00,4.36185,0.17054,15.4107,-12.61532,19.37887,0.28488,1.86312,-0.64197,69.75466,-4.881044,-1.034567,0.407105,98.60486,11.116033,14.171853,2584.403511,104.52397,15.33103,34.27401,228.91014,224.79077,21.939265,2.137731,-0.62992,15.73587,-0.26446,50,4.50538,2.19218,-114.05675,-3.12036,-0.80164,27.59931,-12.14819,FOR_RAM,,FordhamUniversity,,,20260916-FordhamUniversity-BP-1,cea88210-b200-11f1-9cb4-878818705a31,92.58645,15.55763,,7.4238,,,,1.01255,1.7652,0.64416,721cb527-4b34-4d12-a0fc-997a8ba63409,2026-09-16,19:00:08.89,2026-09-16T15:00:08.8921600-04:00,2026-09-16T19:00:08.8921600Z,LineDrive,v3,471298,,,,,Undefined,FOR_RAM,507ce18f-ba22-4e9f-8d59-0a174bc74762,45.08833,-112.86198,13.79966,4.35892,-3.64625,-6.07409,-0.17031,2.15748,-0.40082,242.218727,1.01255,137.58812,-26.55864,5.76276,-1.17534,0.20751,-0.03374,0.00438,-0.00029,1.7652,27.88231,-14.53607,0.32098,0.17879,-0.06996,0.01906,-0.0029,0.00019,0.64416,34.74336,6.4548,-3.49836,1.17671,-0.31568,0.0692,-0.01048,0.00078,,,,,,,,,,,,,,,,,,,,,,,High,High,High,Medium,High,,,
240,2026-09-16,15:00:13.77,,,,,Undefined,FOR_RAM,"Dieguez, Matthew",10131275,Right,FOR_RAM,Undefined,1,Bottom,0,0,0,Undefined,,Undefined,Undefined,GroundBall,Undefined,0,0,,76.14376,1.525685,-3.767214,3408.90801,,,3.24519,0.12249,15.51977,,,,2.21714,0.35762,70.31574,-4.416324,4.383528,0.407184,96.37187,-8.748524,7.300979,,,,,15.07911,14.2884,7.453262,0.102044,-29.27395,4.23705,-0.45818,50,3.08906,8.60461,-112.43247,4.12233,-37.18682,21.83223,-26.79172,FOR_RAM,,FordhamUniversity,,,20260916-FordhamUniversity-BP-1,d18cb640-b200-11f1-9cb4-878818705a31,92.56848,2.19684,,5.82802,,,,0.79193,2.19684,0.14187,721cb527-4b34-4d12-a0fc-997a8ba63409,2026-09-16,19:00:13.77,2026-09-16T15:00:13.7787904-04:00,2026-09-16T19:00:13.7787904Z,GroundBall,v3,471298,,,,,Undefined,FOR_RAM,bf18ce14-56c0-4ce9-85d1-eb7687c31976,44.98829,-111.45504,10.91612,3.24677,2.92287,-13.39586,-0.11022,6.93976,-18.59341,180,0.78875,138.7618,,,,,,,,2.19733,-21.52837,,,,,,,,0.14146,17.77821,,,,,,,,,,,,,,,,,,,,,,,,,,,,,,Low,Low,Low,Medium,High,,,
241,2026-09-16,15:00:18.86,,,,,Undefined,FOR_RAM,"Dieguez, Matthew",10131275,Right,FOR_RAM,Undefined,1,Bottom,0,0,0,Undefined,,Undefined,Undefined,Undefined,Undefined,0,0,,74.09975,0.064595,-5.072378,3345.62214,,,3.94792,0.36688,15.49281,,,,1.85419,-0.41962,68.25248,-5.758186,3.008123,0.419672,,,,,,,,,,,,-29.11131,6.67823,-0.80653,50,3.92024,10.74191,-109.25751,1.18955,-34.84448,21.008,-24.18063,FOR_RAM,,FordhamUniversity,,,20260916-FordhamUniversity-BP-1,d4aba980-b200-11f1-9cb4-878818705a31,89.81399,,,5.84726,,,,,,,721cb527-4b34-4d12-a0fc-997a8ba63409,2026-09-16,19:00:18.86,2026-09-16T15:00:18.8625920-04:00,2026-09-16T19:00:18.8625920Z,,v3,471298,,,,,Undefined,FOR_RAM,ce755f64-c4e5-4407-b97e-488340cc4cf6,45.01483,-108.29472,10.504,3.94936,0.08136,-12.09032,-0.35082,9.145,-17.42224,,,,,,,,,,,,,,,,,,,,,,,,,,,,,,,,,,,,,,,,,,,,,,,,,,,Low,Low,Low,,,,,
242,2026-09-16,15:00:24.48,,,,,Undefined,FOR_RAM,"Dieguez, Matthew",10131275,Right,FOR_RAM,Undefined,1,Bottom,0,0,0,Undefined,Slider,Undefined,Undefined,GroundBall,Undefined,0,0,,75.92475,-1.692689,-1.194233,3146.585058,175.013199,11:45,4.36272,0.19631,15.45233,-13.77312,19.60863,-1.59713,1.92513,-0.84646,67.86406,-4.96845,-1.543574,0.41584,76.07533,-19.826232,-15.70665,,,,,8.20629,8.20629,-5.028123,0.053727,0.69658,15.92769,-0.2995,50,4.48801,2.29642,-112.28114,-2.61117,0.84694,29.32005,-12.80858,FOR_RAM,,FordhamUniversity,,,20260916-FordhamUniversity-BP-1,d8086910-b200-11f1-9cb4-878818705a31,90.64176,2.03816,,8.06069,,,,2.73272,2.03816,0.81112,721cb527-4b34-4d12-a0fc-997a8ba63409,2026-09-16,19:00:24.48,2026-09-16T15:00:24.4874240-04:00,2026-09-16T19:00:24.4874240Z,GroundBall,v3,471298,,,,,Undefined,FOR_RAM,b0fb0165-ecc3-4bfb-beb4-c62b8570b2cd,45.04489,-110.97966,14.66003,4.35948,-3.17973,-6.40429,-0.19673,2.33402,0.42347,,2.73059,101.28989,,,,,,,,2.03895,-37.9355,,,,,,,,0.81172,-28.48399,,,,,,,,,,,,,,,,,,,,,,,,,,,,,,High,High,High,Estimated,Estimated,,,
243,2026-09-16,15:00:30.62,,,,,Undefined,FOR_RAM,"Dieguez, Matthew",10131275,Right,FOR_RAM,Undefined,1,Bottom,0,0,0,Undefined,Changeup,Undefined,Undefined,GroundBall,Undefined,0,0,,73.85673,-2.399973,-0.504859,1632.448152,181.121781,12:00,4.01643,0.07006,24.94849,-9.64418,11.16052,0.2074,1.78177,-0.2135,68.48837,-5.232118,-0.446842,0.328286,87.30674,0.846611,-29.401298,2586.892299,,,,58.50548,58.50548,-33.412059,0.406097,-0.43705,14.85611,-0.19972,50,4.48573,1.02089,-111.41711,-2.65025,-0.53413,25.1998,-14.01844,FOR_RAM,,FordhamUniversity,,,20260916-FordhamUniversity-BP-1,db802ab0-b200-11f1-9cb4-878818705a31,114.81592,2.29648,,5.36836,,,,,,,721cb527-4b34-4d12-a0fc-997a8ba63409,2026-09-16,19:00:30.62,2026-09-16T15:00:30.6211328-04:00,2026-09-16T19:00:30.6211328Z,GroundBall,v3,471298,,,,,Undefined,FOR_RAM,3347c718-7493-4899-832e-0302a97cad7d,35.55512,-108.10068,12.5999,4.01554,-4.49515,-7.00922,-0.06999,0.9506,-0.26706,,6.49729,111.75494,-18.42179,,,,,,,2.25059,1.82827,-18.16159,,,,,,,-3.41271,-63.1877,-19.12269,,,,,,,,,,,,,,,,,,,,,,,,,,,,,High,High,High,Low,Medium,,,
244,2026-09-16,15:00:44.56,,,,,Undefined,FOR_RAM,"Beaudreau, Bradley",1000297368,Left,FOR_RAM,Undefined,1,Bottom,0,0,0,Undefined,Slider,Undefined,Undefined,LineDrive,Undefined,0,0,,75.46001,-1.684551,-1.023883,3338.467457,177.175513,12:00,4.15096,0.02688,25.40494,-6.68441,12.89871,-0.60705,2.60312,-0.62573,69.17811,-3.735325,-1.195894,0.318502,93.71389,27.346789,5.375252,2400.863004,109.86504,51.98947,5.4459,324.73897,324.57574,-1.604036,4.463634,0.3387,17.09446,-0.28594,50,4.47699,1.92455,-114.34897,-1.77592,0.42912,29.54008,-10.51625,FOR_RAM,,FordhamUniversity,,,20260916-FordhamUniversity-BP-1,e3e89250-b200-11f1-9cb4-878818705a31,118.3428,67.23119,,6.28189,,,,2.17072,2.68585,0.60623,721cb527-4b34-4d12-a0fc-997a8ba63409,2026-09-16,19:00:44.56,2026-09-16T15:00:44.5613568-04:00,2026-09-16T19:00:44.5613568Z,FlyBall,v3,471298,,,,,Undefined,FOR_RAM,b917077a-35cd-4c05-8fe8-8a171bf3ac4a,35.09729,-110.43202,14.77004,4.14907,-3.17035,-5.25813,-0.02698,1.98146,0.21456,152.077342,2.17068,121.55147,-24.34709,5.98996,-1.31202,0.27092,-0.04988,0.00639,-0.00037,2.68725,63.10461,-15.7543,-0.51943,0.70636,-0.30207,0.07606,-0.01003,0.00053,0.60651,11.43012,-9.04132,3.13019,-0.82565,0.17469,-0.02879,0.00322,-0.00017,,,,,,,,,,,,,,,,,,,,,,,High,High,High,High,High,,,
245,2026-09-16,15:01:05.66,,,,,Undefined,FOR_RAM,"Beaudreau, Bradley",1000297368,Left,FOR_RAM,Undefined,1,Bottom,0,0,0,Undefined,,Undefined,Undefined,FlyBall,Undefined,0,0,,77.52002,-0.281133,-4.168906,3456.123515,,,3.84262,0.24983,15.24074,,,,2.24524,0.00277,70.79618,-4.096508,3.522272,0.404655,84.81356,34.916644,-16.290919,4063.951289,103.87695,60.84369,-36.18764,279.58017,279.58017,-23.237182,4.286978,-27.80072,11.70253,-0.59585,50,3.84771,9.36424,-114.40377,0.19549,-36.15494,24.7916,-16.95486,FOR_RAM,,FordhamUniversity,,,20260916-FordhamUniversity-BP-1,f07c2d10-b200-11f1-9cb4-878818705a31,93.14717,69.66049,,6.72384,,,,2.10464,2.35131,0.17139,721cb527-4b34-4d12-a0fc-997a8ba63409,2026-09-16,19:01:05.66,2026-09-16T15:01:05.6651776-04:00,2026-09-16T19:01:05.6651776Z,FlyBall,v3,471298,,,,,Undefined,FOR_RAM,36aeb08d-2318-4660-8fa3-7010e9ca1c59,45.26488,-113.37302,12.3958,3.84118,-0.50944,-8.47743,-0.23776,7.86103,-18.07747,138.139892,2.09918,98.00901,-17.80346,4.42928,-1.04789,0.14597,0.01362,-0.00974,0.00114,2.35499,71.10856,-21.11329,0.94302,0.61323,-0.45941,0.14854,-0.02334,0.00143,0.16335,-28.43628,-2.12498,2.57597,-1.47553,0.56844,-0.12622,0.01338,-0.00044,,,,,,,,,,,,,,,,,,,,,,,Low,Low,Low,High,Medium,,,
246,2026-09-16,15:01:17.73,,,,,Undefined,FOR_RAM,"Reina, Braedon",10305192,Left,FOR_RAM,Undefined,1,Bottom,0,0,0,Undefined,,Undefined,Undefined,LineDrive,Undefined,0,0,,80.42517,-2.070083,-4.406184,3503.803246,,,4.37488,0.41149,15.03647,,,,2.07353,-0.32355,68.96638,-4.254621,2.491573,0.404795,103.4484,9.185686,27.507767,2943.822145,92.92458,5.41904,58.86438,143.62904,138.87821,33.74879,1.121016,-25.48466,18.55036,-0.74197,50,4.51661,9.70238,-118.74499,-3.70968,-33.14992,41.42434,-8.04408,FOR_RAM,,FordhamUniversity,,,20260916-FordhamUniversity-BP-1,f7ad4d30-b200-11f1-9cb4-878818705a31,93.11481,7.43091,,11.45879,,,,1.35903,1.5632,1.16481,721cb527-4b34-4d12-a0fc-997a8ba63409,2026-09-16,19:01:17.73,2026-09-16T15:01:17.7366528-04:00,2026-09-16T19:01:17.7366528Z,LineDrive,v3,471298,,,,,Undefined,FOR_RAM,83c0fc49-df21-48ef-a39e-10bf8d94aa5c,45.45844,-117.14995,20.71217,4.36781,-4.01941,-4.02204,-0.39296,8.42595,-16.57496,,1.62305,129.58138,-22.03654,,,,,,,1.76192,21.75112,-20.94303,,,,,,,1.04128,70.75506,-0.36934,,,,,,,,,,,,,,,,,,,,,,,,,,,,,Low,Low,Low,High,High,,,
247,2026-09-16,15:01:24.70,,,,,Undefined,FOR_RAM,"Reina, Braedon",10305192,Left,FOR_RAM,Undefined,1,Bottom,0,0,0,Undefined,Slider,Undefined,Undefined,Undefined,Undefined,0,0,,76.36129,-1.268639,0.940515,3289.94856,148.15738,11:00,4.20522,-0.00756,15.36414,-16.70422,15.79902,-9.14323,1.84475,-0.05167,69.52668,-5.12771,-1.056923,0.410331,,,,,,,,,,,,7.08567,12.67544,0.08566,50,4.29251,-2.09406,-112.76962,-1.71003,8.90616,25.07974,-16.24201,FOR_RAM,,FordhamUniversity,,,20260916-FordhamUniversity-BP-1,fbfd1f50-b200-11f1-9cb4-878818705a31,91.85856,,,6.83461,,,,,,,721cb527-4b34-4d12-a0fc-997a8ba63409,2026-09-16,19:01:24.70,2026-09-16T15:01:24.7078400-04:00,2026-09-16T19:01:24.7078400Z,,v3,471298,,,,,Undefined,FOR_RAM,2d296de0-8295-4d56-8758-49c1475c9b7c,45.13305,-111.68198,12.53987,4.20308,-2.4144,-8.121,0.00322,-1.70782,4.45308,,,,,,,,,,,,,,,,,,,,,,,,,,,,,,,,,,,,,,,,,,,,,,,,,,,Medium,Medium,Medium,,,,,
248,2026-09-16,15:01:31.20,,,,,Undefined,FOR_RAM,"Reina, Braedon",10305192,Left,FOR_RAM,Undefined,1,Bottom,0,0,0,Undefined,Changeup,Undefined,Undefined,FlyBall,Undefined,0,0,,74.12527,-1.526811,-1.222905,3435.942061,185.265136,12:15,4.09139,-0.01245,25.31068,-7.66993,12.62005,1.10961,2.55167,-0.64107,68.35001,-3.844982,-0.909383,0.324199,75.14189,67.519853,34.695334,,101.73844,115.95077,41.82429,195.009,195.009,20.858971,5.230524,-1.84114,16.59324,-0.31672,50,4.36295,2.60642,-112.08138,-1.24337,-2.26184,26.71358,-11.78916,FOR_RAM,,FordhamUniversity,,,20260916-FordhamUniversity-BP-1,ffcbda90-b200-11f1-9cb4-878818705a31,116.26327,116.11842,,5.77526,,,,,,,721cb527-4b34-4d12-a0fc-997a8ba63409,2026-09-16,19:01:31.20,2026-09-16T15:01:31.2018432-04:00,2026-09-16T19:01:31.2018432Z,Popup,v3,471298,,,,,Undefined,FOR_RAM,cefc7d56-1a0b-4e2d-acbd-fb6ea86430c5,35.19187,-108.49461,13.35679,4.08974,-2.82628,-5.89458,0.01285,2.30273,-1.13092,,5.05422,34.46359,6.57786,-4.71992,2.26884,-0.79588,0.16363,-0.01717,0.00071,3.83081,102.32156,-31.0053,6.60523,-2.69683,0.8449,-0.15813,0.0153,-0.00058,0.71101,24.0161,-5.22488,1.2928,-0.16928,-0.0455,0.02554,-0.00422,0.00024,,,,,,,,,,,,,,,,,,,,,,,High,High,High,Low,Medium,,,
249,2026-09-16,15:01:36.58,,,,,Undefined,FOR_RAM,"Reina, Braedon",10305192,Left,FOR_RAM,Undefined,1,Bottom,0,0,0,Undefined,Slider,Undefined,Undefined,LineDrive,Undefined,0,0,,76.68122,-1.041961,-1.036816,3278.950248,179.045596,12:00,4.37223,0.13913,15.34994,-10.84961,21.61375,-0.34098,2.67245,-0.68088,69.24743,-3.646673,-1.111215,0.41008,94.57285,8.532594,36.420672,3233.959676,85.54325,6.72077,69.15455,153.07885,75.90047,40.105687,1.295585,-0.13425,17.03044,-0.22679,50,4.44108,2.04142,-113.3396,-1.4557,-0.16887,27.10006,-10.75468,FOR_RAM,,FordhamUniversity,,,20260916-FordhamUniversity-BP-1,02e6fd40-b201-11f1-9cb4-878818705a31,91.91495,8.32412,,7.43379,,,,1.36792,2.58655,0.76188,721cb527-4b34-4d12-a0fc-997a8ba63409,2026-09-16,19:01:36.58,2026-09-16T15:01:36.5874176-04:00,2026-09-16T19:01:36.5874176Z,LineDrive,v3,471298,,,,,Undefined,FOR_RAM,47b39800-699f-49d4-bc01-7434aaac3222,45.14877,-112.17365,13.55003,4.36849,-1.91841,-5.37734,-0.13911,2.03415,-0.08444,,1.36789,110.38302,-20.28615,4.35676,-2.24636,2.22194,-1.53624,0.55572,-0.08061,2.58656,20.57855,-19.44964,1.85433,0.11827,-0.74118,0.60963,-0.23157,0.0346,0.76191,81.43531,-5.32683,0.34001,1.42646,-2.35429,1.78035,-0.66712,0.09947,,,,,,,,,,,,,,,,,,,,,,,High,High,High,High,Medium,,,
250,2026-09-16,15:01:54.67,,,,,Undefined,FOR_RAM,"Forney, Colden",1000306564,Right,FOR_RAM,Undefined,1,Bottom,0,0,0,Undefined,,Undefined,Undefined,LineDrive,Undefined,0,0,,75.08274,0.202242,-5.289586,3413.403288,,,3.95087,0.51595,15.5268,,,,2.18956,-0.52801,68.49872,-5.049624,2.544786,0.415674,89.70621,22.342279,-5.217409,2317.96464,109.92091,37.81454,-4.163,297.96291,297.01674,2.339328,3.651444,-29.056,8.17808,-0.98782,50,3.91084,11.39522,-110.70494,1.39131,-35.36417,23.313,-22.22049,FOR_RAM,,FordhamUniversity,,,20260916-FordhamUniversity-BP-1,0dd832a0-b201-11f1-9cb4-878818705a31,90.67779,45.06827,,6.58402,,,,4.21863,2.42799,0.64019,721cb527-4b34-4d12-a0fc-997a8ba63409,2026-09-16,19:01:54.67,2026-09-16T15:01:54.6710528-04:00,2026-09-16T19:01:54.6710528Z,LineDrive,v3,471298,,,,,Undefined,FOR_RAM,b3f1e60a-95cc-4b64-bd1c-1e1d0cce9da0,44.9792,-109.64252,11.6565,3.95117,0.37868,-11.11024,-0.50524,9.78362,-17.68208,213.021437,4.21861,121.18814,-21.09993,4.81685,-0.99386,0.18844,-0.02838,0.00253,-8E-05,2.42828,50.00558,-15.40751,0.34201,0.13571,-0.06736,0.01186,-0.0002,-0.0001,0.64037,-11.07146,8.01339,-2.21407,0.58779,-0.14704,0.02838,-0.0033,0.00016,,,,,,,,,,,,,,,,,,,,,,,Low,Low,Low,Medium,High,,,
251,2026-09-16,15:02:00.49,,,,,Undefined,FOR_RAM,"Forney, Colden",1000306564,Right,FOR_RAM,Undefined,1,Bottom,0,0,0,Undefined,,Undefined,Undefined,Undefined,Undefined,0,0,,76.10993,0.321475,-5.239203,3289.560657,,,3.74897,0.42192,15.57565,,,,2.44102,-0.61921,69.86879,-3.964136,2.496347,0.408015,84.01852,52.752062,-13.610007,3464.56995,109.95279,110.79473,-3.21859,248.95696,243.49086,2.351054,5.624283,-28.61179,10.53209,-0.89603,50,3.69914,11.4844,-112.17293,1.50982,-36.09731,22.15094,-18.88653,FOR_RAM,,FordhamUniversity,,,20260916-FordhamUniversity-BP-1,1138e9d0-b201-11f1-9cb4-878818705a31,92.38008,117.40169,,6.24114,,,,2.77361,2.19275,0.67596,721cb527-4b34-4d12-a0fc-997a8ba63409,2026-09-16,19:02:00.49,2026-09-16T15:02:00.4996096-04:00,2026-09-16T19:02:00.4996096Z,FlyBall,v3,471298,,,,,Undefined,FOR_RAM,b950f52e-a4bc-4cc9-b0ce-a9a8adc1bd75,44.93082,-111.16741,11.07547,3.74822,0.65248,-9.44326,-0.4119,9.84579,-18.04866,,2.73294,73.19965,-15.61772,6.48985,-2.8429,0.85694,-0.14923,0.01367,-0.00052,2.17247,98.53652,-27.62377,5.68259,-2.70904,0.98416,-0.20114,0.0208,-0.00086,0.73466,-18.4806,17.64576,-8.90872,3.28251,-0.711,0.06848,-0.00047,-0.00023,,,,,,,,,,,,,,,,,,,,,,,Low,Low,Low,Low,Low,,,
252,2026-09-16,15:02:06.64,,,,,Undefined,FOR_RAM,"Forney, Colden",1000306564,Right,FOR_RAM,Undefined,1,Bottom,0,0,0,Undefined,Slider,Undefined,Undefined,Undefined,Undefined,0,0,,74.91217,-1.061847,0.09819,3139.95276,155.294951,11:15,4.08512,0.11049,25.81234,-10.23237,8.81835,-3.8402,2.61563,-0.1525,69.88808,-4.118935,-1.003932,0.314143,,,,,,,,,,,,4.98292,11.99477,-0.03118,50,4.20103,-1.01825,-113.08415,0.31666,6.32669,24.37027,-16.94452,FOR_RAM,,FordhamUniversity,,,20260916-FordhamUniversity-BP-1,14cee1d0-b201-11f1-9cb4-878818705a31,119.98505,,,5.02409,,,,,,,721cb527-4b34-4d12-a0fc-997a8ba63409,2026-09-16,19:02:06.64,2026-09-16T15:02:06.6422784-04:00,2026-09-16T19:02:06.6422784Z,,v3,471298,,,,,Undefined,FOR_RAM,dce6fe32-4b1f-495b-a6f3-0873521e8e89,34.69136,-109.73547,12.18514,4.08458,-2.01166,-8.47226,-0.11137,-0.14891,3.16334,,,,,,,,,,,,,,,,,,,,,,,,,,,,,,,,,,,,,,,,,,,,,,,,,,,High,Medium,Medium,,,,,
253,2026-09-16,15:02:23.32,,,,,Undefined,FOR_RAM,"Crang, Mason",10913432,Right,FOR_RAM,Undefined,1,Bottom,0,0,0,Undefined,,Undefined,Undefined,FlyBall,Undefined,0,0,,75.94251,-0.068843,-4.023298,3162.144249,,,3.76525,0.31773,15.3736,,,,2.37799,0.11074,69.35957,-3.781286,3.47875,0.41171,84.13642,42.963748,5.511772,3957.318415,108.00182,86.46472,20.87044,286.28901,285.75998,17.97232,5.205985,-27.17836,12.97131,-0.66241,50,3.75129,8.90988,-112.11404,0.62523,-33.9459,23.8036,-15.97285,FOR_RAM,,FordhamUniversity,,,20260916-FordhamUniversity-BP-1,1ebdc260-b201-11f1-9cb4-878818705a31,91.5509,100.11188,,6.58294,,,,2.07707,2.42133,-0.07125,721cb527-4b34-4d12-a0fc-997a8ba63409,2026-09-16,19:02:23.32,2026-09-16T15:02:23.3286656-04:00,2026-09-16T19:02:23.3286656Z,FlyBall,v3,471298,,,,,Undefined,FOR_RAM,fd66c005-3c7d-4564-a144-ff10bd2c8383,45.13166,-111.07561,11.9018,3.76337,-0.07159,-7.98643,-0.30601,7.42898,-16.97295,,2.08249,89.77194,-18.06235,3.83961,-0.37444,-0.04688,0.01895,-0.00203,7E-05,2.42023,84.11717,-21.02851,1.66264,-0.14296,-0.06706,0.0307,-0.0048,0.00027,-0.07341,8.72049,4.94119,-1.28677,0.14538,0.01531,-0.00735,0.00088,-4E-05,,,,,,,,,,,,,,,,,,,,,,,Low,Low,Low,Medium,Medium,,,
254,2026-09-16,15:02:28.76,,,,,Undefined,FOR_RAM,"Crang, Mason",10913432,Right,FOR_RAM,Undefined,1,Bottom,0,0,0,Undefined,Slider,Undefined,Undefined,LineDrive,Undefined,0,0,,75.06339,-1.477801,0.13213,3299.51825,156.388827,11:15,4.16921,0.08389,26.20017,-7.6317,11.04363,-4.6054,2.68474,-0.22405,69.49601,-3.82773,-1.204937,0.311032,100.21398,9.914924,14.482282,3166.92464,104.25852,15.87681,35.072,241.49711,235.42319,23.336905,2.26899,6.05713,15.30906,0.01792,50,4.43212,-1.27384,-113.68523,-0.9862,7.6791,26.91365,-12.76557,FOR_RAM,,FordhamUniversity,,,20260916-FordhamUniversity-BP-1,21f51fa0-b201-11f1-9cb4-878818705a31,121.18503,16.35529,,5.56738,,,,0.26733,2.66602,0.07382,721cb527-4b34-4d12-a0fc-997a8ba63409,2026-09-16,19:02:28.76,2026-09-16T15:02:28.7654400-04:00,2026-09-16T19:02:28.7654400Z,LineDrive,v3,471298,,,,,Undefined,FOR_RAM,52c967e3-d5ec-46c7-91bb-a90f46423b4a,34.30264,-109.90626,13.45682,4.16781,-2.77863,-6.38279,-0.08524,-0.1956,3.83955,234.585424,0.26733,140.18447,-28.78305,6.55812,-1.34579,0.24593,-0.04047,0.00519,-0.00033,2.66602,25.30801,-11.12527,-0.9908,0.57557,-0.17431,0.04047,-0.00585,0.00039,0.07381,36.20812,6.82775,-3.45639,1.16903,-0.31847,0.06958,-0.01028,0.00073,,,,,,,,,,,,,,,,,,,,,,,High,Medium,Medium,High,High,,,
255,2026-09-16,15:02:38.92,,,,,Undefined,FOR_RAM,"Crang, Mason",10913432,Right,FOR_RAM,Undefined,1,Bottom,0,0,0,Undefined,Slider,Undefined,Undefined,LineDrive,Undefined,0,0,,76.43894,-0.39958,0.268577,3225.816751,161.927704,11:30,4.34059,0.09128,15.41307,-15.33544,17.02603,-5.20618,2.75803,-0.13783,69.47651,-3.972868,-0.869507,0.409435,103.50195,10.670858,-27.97536,,93.11825,7.15553,-58.55682,148.51698,148.51698,-33.759959,1.144897,4.01028,13.36686,-0.06799,50,4.3551,-0.68518,-112.98794,-0.04314,5.04965,25.56402,-15.34281,FOR_RAM,,FordhamUniversity,,,20260916-FordhamUniversity-BP-1,281bfbb0-b201-11f1-9cb4-878818705a31,92.05954,9.43637,,6.96243,,,,1.9751,2.78758,-0.61926,721cb527-4b34-4d12-a0fc-997a8ba63409,2026-09-16,19:02:38.92,2026-09-16T15:02:38.9282304-04:00,2026-09-16T19:02:38.9282304Z,LineDrive,v3,471298,,,,,Undefined,FOR_RAM,30f56dbd-5876-425d-9883-971c13dfe809,45.08612,-111.87063,12.78201,4.33856,-0.71371,-7.6714,-0.09311,-0.46448,2.52482,,1.9751,131.74602,-26.3588,4.17476,-0.67504,0.04892,0.00919,-0.00444,0.00078,2.78758,28.1088,-32.50614,6.55988,-1.6637,0.42161,-0.09748,0.01941,-0.0022,-0.61926,-69.97795,-4.92818,4.40937,-1.55951,0.48501,-0.12864,0.02759,-0.00328,,,,,,,,,,,,,,,,,,,,,,,High,Medium,Medium,Low,Medium,,,
256,2026-09-16,15:02:51.05,,,,,Undefined,FOR_RAM,"Dieguez, Matthew",10131275,Right,FOR_RAM,Undefined,1,Bottom,0,0,0,Undefined,Slider,Undefined,Undefined,GroundBall,Undefined,0,0,,74.88393,-2.222401,-0.631798,3352.390954,175.435112,11:45,4.0116,0.0861,,-9.53095,11.00599,-0.83362,1.88287,-0.36255,69.38489,-5.003713,-0.863307,0.326166,101.9631,2.353184,-12.706266,1093.821937,,,,97.70919,74.2647,-16.816178,0.714739,0.77677,14.36241,-0.23382,50,4.43287,1.09338,-112.87785,-2.40534,0.97505,25.73233,-14.14566,FOR_RAM,,FordhamUniversity,,,20260916-FordhamUniversity-BP-1,2f3cef30-b201-11f1-9cb4-878818705a31,115.56207,2.78374,,5.49904,,,,1.6729,2.05005,0.19809,721cb527-4b34-4d12-a0fc-997a8ba63409,2026-09-16,19:02:51.05,2026-09-16T15:02:51.0549504-04:00,2026-09-16T19:02:51.0549504Z,GroundBall,v3,471298,,,,,Undefined,FOR_RAM,6e38a10c-f408-443e-b6a3-f7ca5b2b69d6,35.79841,-109.59257,12.86617,4.01049,-4.21134,-7.07283,-0.08628,1.21786,0.48753,102.795209,1.7384,144.52288,-22.63798,,,,,,,2.05793,5.99348,-12.42924,,,,,,,0.25422,-33.94227,-8.44153,,,,,,,,,,,,,,,,,,,,,,,,,,,,,High,High,High,Medium,Medium,,,
257,2026-09-16,15:03:12.49,,,,,Undefined,FOR_RAM,"Dieguez, Matthew",10131275,Right,FOR_RAM,Undefined,1,Bottom,0,0,0,Undefined,Changeup,Undefined,Undefined,Undefined,Undefined,0,0,,74.00849,-1.630237,0.636463,1643.973607,147.773214,11:00,4.08053,0.10336,25.87079,-7.85941,11.68552,-7.0413,2.48009,-0.1144,68.72723,-4.022293,-1.387511,0.318191,,,,,,,,,,,,9.35945,15.98891,0.16599,50,4.38218,-2.74709,-111.90847,-1.30205,11.55073,25.24175,-12.44175,FOR_RAM,,FordhamUniversity,,,20260916-FordhamUniversity-BP-1,3c092620-b201-11f1-9cb4-878818705a31,118.45842,,,5.28125,,,,,,,721cb527-4b34-4d12-a0fc-997a8ba63409,2026-09-16,19:03:12.49,2026-09-16T15:03:12.4952576-04:00,2026-09-16T19:03:12.4952576Z,,v3,471298,,,,,Undefined,FOR_RAM,59ffadb6-4811-44ee-b040-a75710a356fa,34.63319,-108.38697,12.62087,4.07945,-3.03781,-6.22088,-0.10486,-1.13563,5.77536,,,,,,,,,,,,,,,,,,,,,,,,,,,,,,,,,,,,,,,,,,,,,,,,,,,High,Medium,Medium,,,,,
258,2026-09-16,15:04:19.79,,,,,Undefined,FOR_RAM,"Markey, Tommy",10084492,Left,FOR_RAM,Undefined,1,Bottom,0,0,0,Undefined,Slider,Undefined,Undefined,GroundBall,Undefined,0,0,,76.44845,-1.195868,-0.732687,3345.378915,170.951289,11:45,4.34325,0.13508,15.4011,-12.40678,19.75162,-2.98595,2.39729,-0.67245,69.98093,-4.108017,-1.385035,0.408149,47.93846,-12.158802,19.643101,,,,,12.74155,7.94506,14.775166,0.150148,2.00697,15.66229,-0.19738,50,4.42646,1.35229,-112.91843,-1.70687,2.54665,23.86246,-12.30005,FOR_RAM,,FordhamUniversity,,,20260916-FordhamUniversity-BP-1,6435e0c0-b201-11f1-9cb4-878818705a31,92.34971,2.5303,,6.46752,,,,2.6797,2.5303,-0.37996,721cb527-4b34-4d12-a0fc-997a8ba63409,2026-09-16,19:04:19.79,2026-09-16T15:04:19.7919744-04:00,2026-09-16T19:04:19.7919744Z,GroundBall,v3,471298,,,,,Undefined,FOR_RAM,eb35c968-2228-425b-9866-d945bc1403e8,45.09874,-111.87787,11.93123,4.34034,-2.24323,-6.15003,-0.13599,1.46334,1.27333,,2.67965,64.73725,-3.52795,,,,,,,2.53035,-14.81322,-13.58305,,,,,,,-0.37994,23.10365,7.11436,,,,,,,,,,,,,,,,,,,,,,,,,,,,,High,High,High,Low,Low,,,
259,2026-09-16,15:04:30.71,,,,,Undefined,FOR_RAM,"Markey, Tommy",10084492,Left,FOR_RAM,Undefined,1,Bottom,0,0,0,Undefined,Slider,Undefined,Undefined,LineDrive,Undefined,0,0,,76.6403,-1.734272,-1.257513,3374.688855,181.274296,12:00,4.37184,0.18062,15.36501,-10.27457,22.16131,0.46772,2.19141,-0.74021,69.36491,-4.206504,-1.155444,0.409906,91.35867,17.264687,18.789964,1658.079685,103.87063,31.60906,36.20412,324.83075,319.64053,20.503727,3.820139,-0.81598,17.71359,-0.28729,50,4.5,2.49931,-113.2339,-2.84316,-1.02669,26.62772,-9.88645,FOR_RAM,,FordhamUniversity,,,20260916-FordhamUniversity-BP-1,6ab256e0-b201-11f1-9cb4-878818705a31,91.95387,40.31453,,7.27539,,,,1.87467,2.26701,0.6891,721cb527-4b34-4d12-a0fc-997a8ba63409,2026-09-16,19:04:30.71,2026-09-16T15:04:30.7181056-04:00,2026-09-16T19:04:30.7181056Z,LineDrive,v3,471298,,,,,Undefined,FOR_RAM,7bed6159-19e7-4c70-bb0e-adebc5594945,45.13408,-112.0838,13.31386,4.36798,-3.27017,-4.94323,-0.1803,2.45496,-0.51334,183.871935,1.87444,121.14335,-21.02072,4.63395,-0.88144,0.14821,-0.02081,0.00197,-8E-05,2.26754,39.74795,-9.03984,-1.30275,0.44177,-0.08161,0.00642,0.00081,-0.00015,0.68901,41.21764,-6.22891,1.49335,-0.29004,0.04801,-0.00641,0.0006,-3E-05,,,,,,,,,,,,,,,,,,,,,,,High,High,High,High,High,,,
260,2026-09-16,15:04:41.70,,,,,Undefined,FOR_RAM,"Caron, Michael",1000322224,Right,FOR_RAM,Undefined,1,Bottom,0,0,0,Undefined,Slider,Undefined,Undefined,Undefined,Undefined,0,0,,77.87825,-1.374113,-0.040864,3310.222897,170.471466,11:45,4.36719,0.11744,15.43384,-12.17001,19.85088,-3.10705,2.30583,-0.17261,68.93099,-4.314071,-0.720358,0.407275,,,,,,,,,,,,2.30469,15.97379,-0.1214,50,4.46478,-0.00066,-115.25861,-2.0943,2.92035,32.95545,-11.93295,FOR_RAM,,FordhamUniversity,,,20260916-FordhamUniversity-BP-1,713c3a80-b201-11f1-9cb4-878818705a31,92.54782,,,8.94727,,,,,,,721cb527-4b34-4d12-a0fc-997a8ba63409,2026-09-16,19:04:41.70,2026-09-16T15:04:41.7005056-04:00,2026-09-16T19:04:41.7005056Z,,v3,471298,,,,,Undefined,FOR_RAM,9e3964ee-8448-4997-adb7-d78543fe3c66,45.06221,-113.83801,16.47772,4.36341,-2.60869,-5.96647,-0.11872,0.12523,1.46017,,,,,,,,,,,,,,,,,,,,,,,,,,,,,,,,,,,,,,,,,,,,,,,,,,,High,High,High,,,,,
261,2026-09-16,15:04:46.07,,,,,Undefined,FOR_RAM,"Caron, Michael",1000322224,Right,FOR_RAM,Undefined,1,Bottom,0,0,0,Undefined,,Undefined,Undefined,LineDrive,Undefined,0,0,,76.14353,-0.751212,0.322952,3317.568334,,,3.97275,0.13705,15.39657,,,,2.48635,0.97143,68.76682,-3.386579,1.86449,0.412464,95.0513,26.507297,10.068203,2036.533053,108.60515,50.32522,17.45992,371.56916,371.56916,8.299917,4.710654,-5.23327,17.24241,-0.11055,50,4.01842,-0.41814,-112.62838,-0.88066,-6.49085,27.0082,-10.78831,FOR_RAM,,FordhamUniversity,,,20260916-FordhamUniversity-BP-1,73d5aa10-b201-11f1-9cb4-878818705a31,91.3835,71.58153,,7.37671,,,,3.52561,2.40727,-0.34562,721cb527-4b34-4d12-a0fc-997a8ba63409,2026-09-16,19:04:46.07,2026-09-16T15:04:46.0743168-04:00,2026-09-16T19:04:46.0743168Z,FlyBall,v3,471298,,,,,Undefined,FOR_RAM,3eca0e92-d58e-4906-a51c-686e76d2d0d6,45.10364,-111.44805,13.5041,3.96963,-1.35214,-5.39416,-0.13503,-0.7018,-3.24542,175.205523,3.52593,122.82647,-21.89633,5.09292,-0.97294,0.17687,-0.03146,0.00401,-0.00023,2.4081,62.19783,-14.34223,-0.03961,0.2437,-0.13042,0.0381,-0.00539,0.00029,-0.34555,21.80817,-4.95547,1.1655,-0.22979,0.04322,-0.0078,0.00099,-6E-05,,,,,,,,,,,,,,,,,,,,,,,Low,Low,Low,High,High,,,
262,2026-09-16,15:04:57.40,,,,,Undefined,FOR_RAM,"Caron, Michael",1000322224,Right,FOR_RAM,Undefined,1,Bottom,0,0,0,Undefined,,Undefined,Undefined,Undefined,Undefined,0,0,,75.06712,0.819606,-5.048276,1652.435553,,,3.64786,0.37379,15.56661,,,,2.41597,-0.44513,69.71436,-4.238283,2.890622,0.411395,,,,,,,,,,,,-29.21057,8.02119,-0.83514,50,3.55235,11.0615,-110.58316,2.59145,-36.31323,18.99241,-22.20246,FOR_RAM,,FordhamUniversity,,,20260916-FordhamUniversity-BP-1,7ab28fb0-b201-11f1-9cb4-878818705a31,91.62102,,,5.35276,,,,,,,721cb527-4b34-4d12-a0fc-997a8ba63409,2026-09-16,19:04:57.40,2026-09-16T15:04:57.4041600-04:00,2026-09-16T19:04:57.4041600Z,,v3,471298,,,,,Undefined,FOR_RAM,bd4610a3-007a-4235-a75a-2af900e49ef9,44.94111,-109.71087,9.49621,3.64796,1.57173,-11.10123,-0.36541,9.39369,-18.15662,,,,,,,,,,,,,,,,,,,,,,,,,,,,,,,,,,,,,,,,,,,,,,,,,,,Low,Low,Low,,,,,
263,2026-09-16,15:05:14.65,,,,,Undefined,FOR_RAM,"Dowd, Aidan",1000142838,Right,FOR_RAM,Undefined,1,Bottom,0,0,0,Undefined,Changeup,Undefined,Undefined,Undefined,Undefined,0,0,,77.42167,-1.553609,-0.211449,3463.095622,182.417049,12:00,4.3306,0.16961,15.36662,-12.34969,19.1091,0.76437,2.11559,0.07194,70.76695,-4.449036,-0.044532,0.403685,,,,,,,,,,,,-0.64232,15.24887,-0.18756,50,4.44358,0.44472,-114.33566,-2.44895,-0.83437,24.76047,-12.36628,FOR_RAM,,FordhamUniversity,,,20260916-FordhamUniversity-BP-1,84e72bd0-b201-11f1-9cb4-878818705a31,93.37098,,,6.65472,,,,,,,721cb527-4b34-4d12-a0fc-997a8ba63409,2026-09-16,19:05:14.65,2026-09-16T15:05:14.6589696-04:00,2026-09-16T19:05:14.6589696Z,,v3,471298,,,,,Undefined,FOR_RAM,261efc74-93bd-449c-a402-5a46f8d24a90,45.13251,-113.27665,12.38024,4.32752,-2.97786,-6.18314,-0.1693,0.40904,-0.41718,,,,,,,,,,,,,,,,,,,,,,,,,,,,,,,,,,,,,,,,,,,,,,,,,,,High,High,High,,,,,
264,2026-09-16,15:05:25.08,,,,,Undefined,FOR_RAM,"Dowd, Aidan",1000142838,Right,FOR_RAM,Undefined,1,Bottom,0,0,0,Undefined,Changeup,Undefined,Undefined,LineDrive,Undefined,0,0,,75.56881,-1.858501,-0.283074,3523.764989,182.406442,12:00,4.39193,0.17467,15.36852,-9.01575,24.31119,0.9728,2.22192,0.03972,68.41807,-4.062682,-0.070692,0.415498,71.63221,27.475275,-13.08957,3858.12609,105.06622,38.68475,-32.57333,235.191,234.51019,-23.393096,3.430819,-0.83287,19.35848,-0.19869,50,4.5298,0.57933,-111.65668,-3.06753,-1.0199,25.72002,-8.46819,FOR_RAM,,FordhamUniversity,,,20260916-FordhamUniversity-BP-1,8b19c7b0-b201-11f1-9cb4-878818705a31,90.71627,40.01278,,7.15075,,,,1.90801,2.02403,-0.14293,721cb527-4b34-4d12-a0fc-997a8ba63409,2026-09-16,19:05:25.08,2026-09-16T15:05:25.0850304-04:00,2026-09-16T19:05:25.0850304Z,FlyBall,v3,471298,,,,,Undefined,FOR_RAM,d478c1ba-fd01-43f9-b225-8d9541e0586d,45.13028,-110.52926,12.86001,4.3872,-3.43873,-4.2341,-0.17428,0.53462,-0.50995,130.059625,1.90895,90.75296,-10.93202,0.92323,0.58346,-0.60344,0.23943,-0.04601,0.00348,2.02387,48.47825,-16.9012,1.16426,-0.32359,0.1592,-0.04879,0.00759,-0.00053,-0.14247,-21.1268,-3.65724,0.90323,0.08921,-0.25097,0.11949,-0.02639,0.00237,,,,,,,,,,,,,,,,,,,,,,,High,High,High,Medium,Medium,,,
265,2026-09-16,15:05:29.46,,,,,Undefined,FOR_RAM,"Dowd, Aidan",1000142838,Right,FOR_RAM,Undefined,1,Bottom,0,0,0,Undefined,,Undefined,Undefined,GroundBall,Undefined,0,0,,79.63011,-2.676012,-4.674318,3422.799226,,,4.53148,0.55399,14.93444,,,,1.46096,-0.23863,67.7581,-5.646305,2.616621,0.411998,,,,,,,,,,,,-27.29454,17.28119,-0.8984,50,4.71928,10.18072,-117.51622,-4.87442,-34.36844,42.72066,-10.41411,FOR_RAM,,FordhamUniversity,,,20260916-FordhamUniversity-BP-1,8daca790-b201-11f1-9cb4-878818705a31,91.48704,,,11.87201,,,,,,,721cb527-4b34-4d12-a0fc-997a8ba63409,2026-09-16,19:05:29.46,2026-09-16T15:05:29.4655488-04:00,2026-09-16T19:05:29.4655488Z,,v3,471298,,,,,Undefined,FOR_RAM,573f9d49-2b8a-4096-a430-f2c2386150e7,45.56081,-115.8912,21.36033,4.52633,-5.27055,-5.20706,-0.53601,8.87341,-17.18422,,,,,,,,,,,,,,,,,,,,,,,,,,,,,,,,,,,,,,,,,,,,,,,,,,,Low,Low,Low,,,,,
266,2026-09-16,15:05:39.48,,,,,Undefined,FOR_RAM,"Dean, Mason",1000150670,Left,FOR_RAM,Undefined,1,Bottom,0,0,0,Undefined,,Undefined,Undefined,FlyBall,Undefined,0,0,,76.98738,-0.024005,-4.882699,3165.676922,,,4.01721,0.40394,15.42846,,,,2.7931,-0.48213,70.66964,-3.384454,2.555348,0.404553,85.64153,28.705881,4.199045,3929.518309,109.98156,55.45523,2.00838,311.14413,303.37124,-4.872735,4.692131,-27.32324,13.3065,-0.83094,50,4.00033,10.80178,-113.48416,0.67061,-35.291,22.62433,-14.98721,FOR_RAM,,FordhamUniversity,,,20260916-FordhamUniversity-BP-1,93ace8d0-b201-11f1-9cb4-878818705a31,93.17053,69.07187,,6.31774,,,,1.37412,2.86953,0.31676,721cb527-4b34-4d12-a0fc-997a8ba63409,2026-09-16,19:05:39.48,2026-09-16T15:05:39.4853888-04:00,2026-09-16T19:05:39.4853888Z,FlyBall,v3,471298,,,,,Undefined,FOR_RAM,66c17b9f-c8a5-42e6-aade-df357ece0741,45.07761,-112.49854,11.31216,4.01532,0.01771,-7.4936,-0.39386,9.26435,-17.6455,157.0581,1.37513,109.85303,-21.34238,5.02662,-0.94149,0.14445,-0.01995,0.00234,-0.00014,2.86993,60.31757,-13.5444,-0.74043,0.60892,-0.24112,0.06084,-0.00822,0.00044,0.31717,8.05753,-7.54957,2.17178,-0.4952,0.08897,-0.01235,0.00121,-6E-05,,,,,,,,,,,,,,,,,,,,,,,Low,Low,Low,High,High,,,
267,2026-09-16,15:05:44.74,,,,,Undefined,FOR_RAM,"Dean, Mason",1000150670,Left,FOR_RAM,Undefined,1,Bottom,0,0,0,Undefined,Slider,Undefined,Undefined,FlyBall,Undefined,0,0,,74.4856,-1.481177,-0.210247,3151.6796,170.528142,11:45,4.0834,0.06173,25.56815,-7.94103,11.7056,-1.86665,2.55487,-0.21683,69.15498,-3.876672,-0.741957,0.319018,88.00163,36.719066,11.763264,,108.55055,76.15622,17.79584,315.61133,312.08812,6.124125,5.330323,2.29425,15.66288,-0.09277,50,4.34221,0.03022,-112.51233,-1.0553,2.86608,25.25375,-12.60727,FOR_RAM,,FordhamUniversity,,,20260916-FordhamUniversity-BP-1,96c8a7c0-b201-11f1-9cb4-878818705a31,118.15136,95.6796,,5.33062,,,,1.69332,2.79196,-0.25181,721cb527-4b34-4d12-a0fc-997a8ba63409,2026-09-16,19:05:44.74,2026-09-16T15:05:44.7471104-04:00,2026-09-16T19:05:44.7471104Z,FlyBall,v3,471298,,,,,Undefined,FOR_RAM,f8f334f2-703f-48a5-8181-cf5bc035a0bf,34.93523,-109.0786,12.62688,4.08218,-2.7695,-6.30364,-0.06216,0.41991,1.43304,,1.69775,101.19381,-21.55861,5.25753,-0.76739,0.01433,0.01708,-0.00271,0.00013,2.78778,77.24431,-17.37119,0.44333,0.10124,-0.05365,0.01655,-0.00256,0.00014,-0.25032,21.06042,-7.90958,2.14552,-0.38439,0.03334,0.00161,-0.00057,3E-05,,,,,,,,,,,,,,,,,,,,,,,High,Medium,Medium,Medium,High,,,
268,2026-09-16,15:05:50.10,,,,,Undefined,FOR_RAM,"Dean, Mason",1000150670,Left,FOR_RAM,Undefined,1,Bottom,0,0,0,Undefined,Slider,Undefined,Undefined,LineDrive,Undefined,0,0,,73.73639,-1.684654,0.229766,3193.719141,186.950383,12:15,4.08521,0.19087,25.8003,-8.17154,11.52867,1.34492,2.42516,0.43644,68.73235,-4.15485,0.61555,0.319453,97.2071,12.638477,7.243655,2042.182773,109.61623,21.76871,9.17908,295.06791,295.06791,1.838003,2.956307,-1.66303,15.73316,-0.14836,50,4.39642,-0.16034,-111.31828,-1.3422,-2.04337,23.85882,-12.84288,FOR_RAM,,FordhamUniversity,,,20260916-FordhamUniversity-BP-1,99f50880-b201-11f1-9cb4-878818705a31,117.9906,24.95615,,5.00403,,,,1.97299,2.48007,-0.41017,721cb527-4b34-4d12-a0fc-997a8ba63409,2026-09-16,19:05:50.10,2026-09-16T15:05:50.1090304-04:00,2026-09-16T19:05:50.1090304Z,LineDrive,v3,471298,,,,,Undefined,FOR_RAM,3ad31473-131a-4da9-8c54-5683d362dd6f,34.70366,-107.99006,11.92941,4.08423,-3.13374,-6.42144,-0.19061,-0.44539,-1.02169,148.186324,1.97301,138.00487,-22.20592,4.8214,-0.89407,0.14089,-0.01819,0.00186,-0.0001,2.48004,31.19521,-9.90015,-1.22484,0.56489,-0.14475,0.02656,-0.00265,9E-05,-0.41016,17.54054,-9.77764,3.07335,-0.80034,0.17742,-0.03201,0.004,-0.00024,,,,,,,,,,,,,,,,,,,,,,,High,High,High,High,High,,,
269,2026-09-16,15:05:56.41,,,,,Undefined,FOR_RAM,"Dean, Mason",1000150670,Left,FOR_RAM,Undefined,1,Bottom,0,0,0,Undefined,Slider,Undefined,Undefined,GroundBall,Undefined,0,0,,73.91374,-2.159239,0.159415,3190.25944,190.636163,12:15,3.99457,0.20158,25.14683,-9.2515,11.17406,1.99949,1.94384,0.46264,68.84555,-4.888225,0.721992,0.325281,94.35852,-12.436906,35.882576,,,,,11.80995,10.20286,22.608401,0.086434,-2.44622,14.92339,-0.18554,50,4.41051,0.08303,-111.42668,-2.20473,-3.00955,24.02272,-13.81392,FOR_RAM,,FordhamUniversity,,,20260916-FordhamUniversity-BP-1,9db6f280-b201-11f1-9cb4-878818705a31,115.87662,2.41861,,5.06819,,,,1.63093,2.41861,-2.20776,721cb527-4b34-4d12-a0fc-997a8ba63409,2026-09-16,19:05:56.41,2026-09-16T15:05:56.4116992-04:00,2026-09-16T19:05:56.4116992Z,GroundBall,v3,471298,,,,,Undefined,FOR_RAM,e2e7420e-e38f-41c6-ba30-89818d0bd09e,35.35723,-108.22379,12.01136,3.99377,-4.04652,-6.90696,-0.20122,-0.31822,-1.50477,,1.63112,109.4688,-25.53019,,,,,,,2.41822,-29.74441,20.49342,,,,,,,-2.2077,79.20327,-13.13229,,,,,,,,,,,,,,,,,,,,,,,,,,,,,High,High,High,Low,Low,,,
270,2026-09-16,15:06:19.20,,,,,Undefined,FOR_RAM,"Kaufman, Taylor",10314665,Right,FOR_RAM,Undefined,1,Bottom,0,0,0,Undefined,,Undefined,Undefined,GroundBall,Undefined,0,0,,77.14519,-1.301771,-4.426572,1730.725644,,,4.34715,0.56918,15.35624,,,,1.86563,0.15309,70.26077,-5.399719,3.33792,0.406567,97.20214,-11.783392,6.453663,,,,,10.8168,8.78071,4.96764,0.075,-28.19057,11.42449,-0.94468,50,4.43841,9.84697,-113.8399,-1.78218,-36.11812,25.51066,-17.53682,FOR_RAM,,FordhamUniversity,,,20260916-FordhamUniversity-BP-1,ab5f7fb0-b201-11f1-9cb4-878818705a31,92.70899,2.18668,,6.88442,,,,0.3604,2.18668,-0.24154,721cb527-4b34-4d12-a0fc-997a8ba63409,2026-09-16,19:06:19.20,2026-09-16T15:06:19.2064000-04:00,2026-09-16T19:06:19.2064000Z,GroundBall,v3,471298,,,,,Undefined,FOR_RAM,fe2f9f06-8a5b-451d-9eef-f08d21bfb3a4,45.14902,-112.74759,12.75533,4.34602,-2.53306,-8.76841,-0.55617,8.30047,-18.05906,,0.35796,138.87643,,,,,,,,2.18719,-29.15554,,,,,,,,-0.24181,15.70921,,,,,,,,,,,,,,,,,,,,,,,,,,,,,,Low,Low,Low,Low,Low,,,
271,2026-09-16,15:06:24.63,,,,,Undefined,FOR_RAM,"Kaufman, Taylor",10314665,Right,FOR_RAM,Undefined,1,Bottom,0,0,0,Undefined,Slider,Undefined,Undefined,GroundBall,Undefined,0,0,,75.46888,-2.010629,-1.078664,3400.640134,179.881027,12:00,4.34116,0.1571,15.37747,-12.72863,20.5195,-0.04031,1.74559,-0.66929,68.76101,-5.005286,-1.087465,0.415007,56.86384,-58.625481,-57.637153,,,,,1.9764,1.9764,-6.635206,0.024391,-0.34449,16.53623,-0.24881,50,4.49243,2.09705,-111.43882,-3.25318,-0.42297,24.43482,-11.87068,FOR_RAM,,FordhamUniversity,,,20260916-FordhamUniversity-BP-1,ae95a470-b201-11f1-9cb4-878818705a31,90.8237,1.74361,,6.70787,,,,1.39403,1.74361,0.66972,721cb527-4b34-4d12-a0fc-997a8ba63409,2026-09-16,19:06:24.63,2026-09-16T15:06:24.6333952-04:00,2026-09-16T19:06:24.6333952Z,GroundBall,v3,471298,,,,,Undefined,FOR_RAM,7e210459-c437-4f70-9756-e6c27c9ae1e7,45.12151,-110.36394,12.21741,4.33784,-3.77537,-5.93534,-0.15698,2.07844,-0.21148,,1.39367,23.33347,,,,,,,,1.7447,-71.48534,,,,,,,,0.67029,-36.82042,,,,,,,,,,,,,,,,,,,,,,,,,,,,,,High,High,High,Estimated,Estimated,,,
272,2026-09-16,15:06:30.85,,,,,Undefined,FOR_RAM,"Kaufman, Taylor",10314665,Right,FOR_RAM,Undefined,1,Bottom,0,0,0,Undefined,Slider,Undefined,Undefined,LineDrive,Undefined,0,0,,75.09741,-1.448064,-0.399487,3289.935949,175.029564,11:45,4.10296,0.10063,25.53781,-6.59792,12.70442,-1.06236,2.70496,-0.22184,69.90408,-3.453296,-0.701781,0.316211,96.92711,11.391434,4.157948,1917.226608,108.92736,17.61671,15.32372,248.96687,248.65448,13.086712,2.358345,1.20811,16.85091,-0.19176,50,4.36983,0.57122,-113.29101,-1.27149,1.53826,24.61617,-10.71824,FOR_RAM,,FordhamUniversity,,,20260916-FordhamUniversity-BP-1,b24035e0-b201-11f1-9cb4-878818705a31,119.20042,18.28801,,5.19334,,,,1.48348,2.73678,0.19882,721cb527-4b34-4d12-a0fc-997a8ba63409,2026-09-16,19:06:30.85,2026-09-16T15:06:30.8586496-04:00,2026-09-16T19:06:30.8586496Z,LineDrive,v3,471298,,,,,Undefined,FOR_RAM,d4b8abcb-f900-4300-b106-14885b177616,34.96551,-109.97577,12.30809,4.10139,-2.715,-5.35912,-0.10088,0.7784,0.76913,235.99355,1.48347,138.99365,-23.14854,4.77926,-1.09729,0.34511,-0.11714,0.02621,-0.00254,2.73682,28.07395,-12.7644,-0.20606,0.61716,-0.54661,0.274,-0.07053,0.00733,0.19886,10.10018,10.10989,-3.19093,1.28814,-0.70819,0.31124,-0.07717,0.0079,,,,,,,,,,,,,,,,,,,,,,,High,High,High,High,High,,,
273,2026-09-16,15:06:45.54,,,,,Undefined,FOR_RAM,"Markey, Tommy",10084492,Left,FOR_RAM,Undefined,1,Bottom,0,0,0,Undefined,,Undefined,Undefined,LineDrive,Undefined,0,0,,77.20699,0.059356,-5.003057,3412.639429,,,4.09682,0.51502,15.5225,,,,2.96902,-0.46913,71.22118,-3.2087,2.412643,0.401509,72.58964,10.194501,-25.376719,3111.782984,95.79161,7.03813,-54.07277,143.01429,140.3366,-30.873506,1.619228,-27.30962,13.27536,-0.96369,50,4.07255,11.13283,-113.76587,0.83616,-35.68474,21.45214,-14.82749,FOR_RAM,,FordhamUniversity,,,20260916-FordhamUniversity-BP-1,bb117170-b201-11f1-9cb4-878818705a31,93.87692,9.69915,,5.98581,,,,0.95605,2.80449,0.32925,721cb527-4b34-4d12-a0fc-997a8ba63409,2026-09-16,19:06:45.54,2026-09-16T15:06:45.5419904-04:00,2026-09-16T19:06:45.5419904Z,GroundBall,v3,471298,,,,,Undefined,FOR_RAM,c6f983a4-7235-420d-9c1d-a4c6a1bde7af,44.98406,-112.81608,10.72607,4.09504,0.17967,-7.41374,-0.50576,9.55289,-17.84237,,0.95604,94.67463,-16.10814,3.41471,-0.89865,0.43627,-0.22075,0.06537,-0.00798,2.80451,18.84022,-12.92708,-0.15059,0.63931,-0.68752,0.4097,-0.12403,0.01513,0.32924,-44.90516,-0.92301,0.65926,-0.52618,0.45548,-0.25744,0.07692,-0.00933,,,,,,,,,,,,,,,,,,,,,,,Low,Low,Low,Medium,Medium,,,
274,2026-09-16,15:06:58.17,,,,,Undefined,FOR_RAM,"Markey, Tommy",10084492,Left,FOR_RAM,Undefined,1,Bottom,0,0,0,Undefined,Changeup,Undefined,Undefined,GroundBall,Undefined,0,0,,74.7506,-2.215071,0.729686,3385.52582,199.694554,12:45,3.96534,0.32681,25.56303,-8.47284,10.84024,3.72225,1.96237,1.064,70.24946,-4.732036,1.789644,0.316299,81.27536,-4.084675,-6.194581,,,,,26.84636,22.02533,-7.705394,0.209336,-4.52213,14.73961,-0.18496,50,4.40995,-0.6496,-112.41445,-2.36818,-5.74038,21.89895,-13.46358,FOR_RAM,,FordhamUniversity,,,20260916-FordhamUniversity-BP-1,c284cab0-b201-11f1-9cb4-878818705a31,119.16723,1.99198,,4.50114,,,,1.98463,1.99198,-1.06571,721cb527-4b34-4d12-a0fc-997a8ba63409,2026-09-16,19:06:58.17,2026-09-16T15:06:58.1722624-04:00,2026-09-16T19:06:58.1722624Z,GroundBall,v3,471298,,,,,Undefined,FOR_RAM,b7209115-1fad-4e4c-b6c6-bd075510877c,34.94095,-109.44155,10.94948,3.96439,-4.19593,-6.73179,-0.32604,-1.42888,-2.87019,196.152948,1.98478,118.19763,-2.8306,,,,,,,1.99187,-8.48431,-4.92212,,,,,,,-1.0658,-12.82461,3.44566,,,,,,,,,,,,,,,,,,,,,,,,,,,,,High,High,High,Low,Low,,,
275,2026-09-16,15:07:04.15,,,,,Undefined,FOR_RAM,"Markey, Tommy",10084492,Left,FOR_RAM,Undefined,1,Bottom,0,0,0,Undefined,Changeup,Undefined,Undefined,LineDrive,Undefined,0,0,,75.01578,-1.977022,0.591623,3392.565551,191.47603,12:30,4.01275,0.27719,25.16558,-8.90201,10.94249,2.11543,2.09982,0.80379,69.72022,-4.610426,1.187051,0.320621,87.4999,12.580935,-28.493943,3690.625189,92.24384,14.59391,-59.92549,194.74651,191.07981,-36.017306,1.981812,-2.40441,14.51524,-0.15062,50,4.38482,-0.7579,-113.11038,-1.92927,-3.04262,25.09778,-13.80597,FOR_RAM,,FordhamUniversity,,,20260916-FordhamUniversity-BP-1,c63c7b80-b201-11f1-9cb4-878818705a31,117.56091,14.65525,,5.29556,,,,0.70088,2.00658,-1.18357,721cb527-4b34-4d12-a0fc-997a8ba63409,2026-09-16,19:07:04.15,2026-09-16T15:07:04.1526272-04:00,2026-09-16T19:07:04.1526272Z,LineDrive,v3,471298,,,,,Undefined,FOR_RAM,95b03ad2-3c15-4480-b293-b3d9ed8cf756,35.33731,-109.80872,12.54889,4.01156,-3.74547,-6.90299,-0.27665,-1.15816,-1.52131,,0.70088,110.07956,-22.13312,4.75588,-1.01009,0.18372,-0.03161,0.00439,-0.00032,2.00658,27.9533,-16.21452,0.87973,-0.03446,-0.0092,0.00561,-0.00089,5E-05,-1.18357,-59.7533,-0.32204,1.58403,-0.62011,0.17449,-0.03893,0.00602,-0.00047,,,,,,,,,,,,,,,,,,,,,,,High,High,High,Medium,Medium,,,
276,2026-09-16,15:07:11.29,,,,,Undefined,FOR_RAM,"Markey, Tommy",10084492,Left,FOR_RAM,Undefined,1,Bottom,0,0,0,Undefined,,Undefined,Undefined,GroundBall,Undefined,0,0,,73.13774,2.993582,1.401592,3341.007828,,,3.31729,0.37739,25.21446,,,,1.53515,0.86103,68.48689,-9.132324,0.230746,0.328113,64.40593,-7.980028,10.769692,,,,,21.0504,21.0504,4.354837,0.158028,5.69303,-28.36159,0.03471,50,1.98866,-3.51761,-110.40862,14.35042,6.86723,23.83214,-66.38521,FOR_RAM,,FordhamUniversity,,,20260916-FordhamUniversity-BP-1,ca536350-b201-11f1-9cb4-878818705a31,114.87656,2.0984,,4.65085,,,,,,,721cb527-4b34-4d12-a0fc-997a8ba63409,2026-09-16,19:07:11.29,2026-09-16T15:07:11.2911360-04:00,2026-09-16T19:07:11.2911360Z,GroundBall,v3,471298,,,,,Undefined,FOR_RAM,fde47483-aeb6-4a97-aeb8-1796b4b78602,35.29386,-107.18724,11.91607,3.32195,5.37718,-33.19261,-0.37802,-2.58937,3.43362,167.661095,6.57374,91.89391,-4.2437,,,,,,,2.09824,-13.10019,-1.11659,,,,,,,-1.06548,17.47398,-3.90628,,,,,,,,,,,,,,,,,,,,,,,,,,,,,Low,Low,Low,Low,Low,,,
277,2026-09-16,15:08:10.21,,,,,Undefined,FOR_RAM,"Dowd, Aidan",1000142838,Right,FOR_RAM,Undefined,1,Bottom,0,0,0,Undefined,Changeup,Undefined,Undefined,Undefined,Undefined,0,0,,75.1352,-1.442965,0.154872,3410.788925,188.423636,12:15,4.08894,0.20192,25.80378,-8.90304,9.86666,1.40063,2.50855,0.40861,70.75762,-4.099076,0.556713,0.311817,,,,,,,,,,,,-1.77953,13.4615,-0.18092,50,4.32551,0.00567,-113.02931,-0.71141,-2.29124,21.51236,-14.84178,FOR_RAM,,FordhamUniversity,,,20260916-FordhamUniversity-BP-1,ed89ab90-b201-11f1-9cb4-878818705a31,120.8799,,,4.37758,,,,,,,721cb527-4b34-4d12-a0fc-997a8ba63409,2026-09-16,19:08:10.21,2026-09-16T15:08:10.2128640-04:00,2026-09-16T19:08:10.2128640Z,,v3,471298,,,,,Undefined,FOR_RAM,3ae2f48f-80a4-4f5f-9eb4-355645d26984,34.70078,-110.07897,10.75618,4.08836,-2.74691,-7.42089,-0.20169,-0.30857,-1.14562,,,,,,,,,,,,,,,,,,,,,,,,,,,,,,,,,,,,,,,,,,,,,,,,,,,High,High,High,,,,,
278,2026-09-16,15:08:51.18,,,,,Undefined,FOR_RAM,"Dean, Mason",1000150670,Left,FOR_RAM,Undefined,1,Bottom,0,0,0,Undefined,Slider,Undefined,Undefined,FlyBall,Undefined,0,0,,73.10656,-0.995623,0.419683,3364.979047,137.172989,10:30,4.05292,0.10283,25.77401,-12.93583,6.89024,-5.99851,2.39594,-0.15301,69.02819,-4.803832,-1.300311,0.320472,81.84744,40.261694,7.065286,3991.054345,109.73666,84.05447,7.60688,295.263,282.24993,-0.775968,5.463274,7.90532,9.44217,0.09535,50,4.11055,-2.09516,-109.92657,1.04271,9.65152,19.89133,-20.64617,FOR_RAM,,FordhamUniversity,,,20260916-FordhamUniversity-BP-1,05e9c080-b202-11f1-9cb4-878818705a31,117.61546,100.42422,,4.07837,,,,1.64199,3.02854,-0.43697,721cb527-4b34-4d12-a0fc-997a8ba63409,2026-09-16,19:08:51.18,2026-09-16T15:08:51.1820800-04:00,2026-09-16T19:08:51.1820800Z,FlyBall,v3,471298,,,,,Undefined,FOR_RAM,e1381cfc-8a73-4f19-a6b2-face0cd05cbe,34.73061,-107.12793,9.94567,4.05291,-1.86213,-10.32309,-0.1039,-0.73723,4.82576,,1.64516,90.84893,-17.90975,4.08405,-0.49738,-0.02719,0.02024,-0.00273,0.00012,3.02574,77.62136,-16.74142,0.64223,-0.09255,0.01206,0.00283,-0.00093,6E-05,-0.43572,11.24405,-5.39146,1.19662,-0.14582,-0.00875,0.00596,-0.00077,3E-05,,,,,,,,,,,,,,,,,,,,,,,High,Medium,Medium,Medium,Medium,,,
279,2026-09-16,15:08:57.20,,,,,Undefined,FOR_RAM,"Dean, Mason",1000150670,Left,FOR_RAM,Undefined,1,Bottom,0,0,0,Undefined,Changeup,Undefined,Undefined,LineDrive,Undefined,0,0,,76.17097,-0.907402,-0.615328,3452.816192,198.522822,12:30,4.36667,0.2491,15.46571,-8.12831,24.99151,7.94075,2.99833,0.44232,67.91359,-2.961416,1.122282,0.414205,97.93387,11.023313,22.018427,1549.387128,100.73735,19.16428,44.17951,283.93863,253.47473,27.955434,2.683336,-6.22666,19.64245,-0.30196,50,4.42393,1.43188,-112.72269,-1.23064,-7.6259,29.65437,-8.11757,FOR_RAM,,FordhamUniversity,,,20260916-FordhamUniversity-BP-1,0986e470-b202-11f1-9cb4-878818705a31,90.99946,21.2905,,8.25738,,,,1.96657,2.85414,-0.2853,721cb527-4b34-4d12-a0fc-997a8ba63409,2026-09-16,19:08:57.20,2026-09-16T15:08:57.2095488-04:00,2026-09-16T19:08:57.2095488Z,LineDrive,v3,471298,,,,,Undefined,FOR_RAM,f2d2e077-78c3-4cd7-bbbd-7bcd456d4198,45.032,-111.40807,14.82719,4.3614,-1.5905,-4.05879,-0.24597,1.09382,-3.81295,,1.96666,130.69888,-23.09481,5.08015,-0.9787,0.20375,-0.04995,0.00954,-0.00084,2.85387,27.47645,-9.31025,-1.01094,0.36081,-0.16856,0.07815,-0.01969,0.00197,-0.2853,52.856,-2.19777,0.51143,-0.05653,0.00427,-0.00122,0.00043,-5E-05,,,,,,,,,,,,,,,,,,,,,,,Medium,Medium,Medium,High,Medium,,,
280,2026-09-16,15:09:16.13,,,,,Undefined,FOR_RAM,"Kaufman, Taylor",10314665,Right,FOR_RAM,Undefined,1,Bottom,0,0,0,Undefined,Curveball,Undefined,Undefined,Undefined,Undefined,0,0,,75.81984,-1.21349,-1.292486,1771.499097,186.356095,12:15,4.13095,0.01412,25.45729,-7.45193,11.64119,1.24079,2.79735,-0.64129,70.35051,-3.460721,-0.940371,0.314492,,,,,,,,,,,,-2.01358,15.36099,-0.36702,50,4.32588,2.83615,-114.46396,-0.66383,-2.60491,26.03323,-12.30213,FOR_RAM,,FordhamUniversity,,,20260916-FordhamUniversity-BP-1,14bfd130-b202-11f1-9cb4-878818705a31,119.85177,,,5.46934,,,,,,,721cb527-4b34-4d12-a0fc-997a8ba63409,2026-09-16,19:09:16.13,2026-09-16T15:09:16.1327104-04:00,2026-09-16T19:09:16.1327104Z,,v3,471298,,,,,Undefined,FOR_RAM,c0cf3e48-ccfc-48c2-b7de-3df9e3b2fcb7,35.04586,-111.01076,13.01661,4.1296,-2.29566,-6.15106,-0.01373,2.49062,-1.30245,,,,,,,,,,,,,,,,,,,,,,,,,,,,,,,,,,,,,,,,,,,,,,,,,,,High,High,High,,,,,
281,2026-09-16,15:09:30.99,,,,,Undefined,FOR_RAM,"Kaufman, Taylor",10314665,Right,FOR_RAM,Undefined,1,Bottom,0,0,0,Undefined,Slider,Undefined,Undefined,LineDrive,Undefined,0,0,,75.39735,-1.425656,-1.378928,3309.044535,186.248424,12:15,4.12253,-0.03132,25.53489,-7.45847,11.74599,1.2313,2.66566,-0.73642,70.03661,-3.67797,-1.02871,0.315408,96.06882,16.792115,7.156318,1519.85809,108.61793,30.73606,17.38074,329.85073,316.06334,11.593908,3.620605,-2.02992,15.61973,-0.34606,50,4.37227,2.9912,-113.78793,-1.0564,-2.59899,25.44332,-12.17546,FOR_RAM,,FordhamUniversity,,,20260916-FordhamUniversity-BP-1,1da9c4e0-b202-11f1-9cb4-878818705a31,119.50385,38.43028,,5.36074,,,,1.00108,2.67617,0.75576,721cb527-4b34-4d12-a0fc-997a8ba63409,2026-09-16,19:09:30.99,2026-09-16T15:09:30.9980672-04:00,2026-09-16T19:09:30.9980672Z,LineDrive,v3,471298,,,,,Undefined,FOR_RAM,2974066e-403b-41c6-8fe2-f9cd0842245d,34.96811,-110.37558,12.72166,4.12109,-2.68932,-6.08773,0.03173,2.64263,-1.29949,200.663156,1.00099,133.84412,-24.0602,5.72842,-1.18763,0.22552,-0.03703,0.00428,-0.00023,2.67626,40.70437,-10.58241,-1.26486,0.60498,-0.16283,0.02855,-0.00229,1E-05,0.75574,16.80532,1.80748,-0.96007,0.30981,-0.07516,0.01347,-0.00157,9E-05,,,,,,,,,,,,,,,,,,,,,,,High,High,High,High,High,,,
282,2026-09-16,15:09:37.40,,,,,Undefined,FOR_RAM,"Kaufman, Taylor",10314665,Right,FOR_RAM,Undefined,1,Bottom,0,0,0,Undefined,,Undefined,Undefined,Undefined,Undefined,0,0,,76.65031,0.024413,-4.683905,3490.717945,,,4.00287,0.34031,15.34862,,,,2.90489,-0.47309,68.62832,-3.164589,2.550638,0.412197,,,,,,,,,,,,-25.90608,14.75198,-0.7188,50,3.97671,9.96777,-113.08893,0.78737,-32.25475,28.02575,-13.80685,FOR_RAM,,FordhamUniversity,,,20260916-FordhamUniversity-BP-1,2196dd90-b202-11f1-9cb4-878818705a31,91.44275,,,8.02199,,,,,,,721cb527-4b34-4d12-a0fc-997a8ba63409,2026-09-16,19:09:37.40,2026-09-16T15:09:37.4077440-04:00,2026-09-16T19:09:37.4077440Z,,v3,471298,,,,,Undefined,FOR_RAM,ea4188f6-2904-4b5e-9692-409533d7cdb2,45.15176,-111.88099,14.01287,3.99782,0.19227,-6.90343,-0.31913,8.57755,-16.12738,,,,,,,,,,,,,,,,,,,,,,,,,,,,,,,,,,,,,,,,,,,,,,,,,,,Low,Low,Low,,,,,
283,2026-09-16,15:09:43.03,,,,,Undefined,FOR_RAM,"Kaufman, Taylor",10314665,Right,FOR_RAM,Undefined,1,Bottom,0,0,0,Undefined,Changeup,Undefined,Undefined,Undefined,Undefined,0,0,,73.38293,-2.181117,-0.624603,1665.680169,191.591456,12:30,3.98976,0.05047,24.90674,-10.60745,10.13004,1.98638,1.80383,-0.15665,69.29777,-5.243474,-0.069569,0.327755,,,,,,,,,,,,-2.58728,13.27796,-0.23012,50,4.38779,1.57054,-109.96571,-1.95775,-3.17377,19.17342,-15.88629,FOR_RAM,,FordhamUniversity,,,20260916-FordhamUniversity-BP-1,24d9d390-b202-11f1-9cb4-878818705a31,115.00175,,,4.08516,,,,,,,721cb527-4b34-4d12-a0fc-997a8ba63409,2026-09-16,19:09:43.03,2026-09-16T15:09:43.0332928-04:00,2026-09-16T19:09:43.0332928Z,,v3,471298,,,,,Undefined,FOR_RAM,47f868eb-bc49-4391-aaea-8611e9eb161a,35.59638,-107.42496,9.58671,3.98887,-4.0629,-7.94315,-0.04987,1.14997,-1.58688,,,,,,,,,,,,,,,,,,,,,,,,,,,,,,,,,,,,,,,,,,,,,,,,,,,High,High,High,,,,,
284,2026-09-16,15:09:47.11,,,,,Undefined,FOR_RAM,"Kaufman, Taylor",10314665,Right,FOR_RAM,Undefined,1,Bottom,0,0,0,Undefined,Slider,Undefined,Undefined,GroundBall,Undefined,0,0,,75.6515,-1.61861,-1.133486,3331.763357,166.984787,11:30,4.35467,0.14476,15.47839,-16.72347,16.3943,-3.52319,1.72846,-1.01171,68.61679,-5.501217,-1.904656,0.414192,87.54059,-9.781558,-4.55777,,,,,10.38438,8.28985,1.889777,0.078497,2.22406,13.38654,-0.24321,50,4.47429,2.11031,-111.78421,-2.3631,2.72762,25.9218,-15.75647,FOR_RAM,,FordhamUniversity,,,20260916-FordhamUniversity-BP-1,2759a0a0-b202-11f1-9cb4-878818705a31,91.00225,1.71462,,7.03471,,,,0.46453,1.71462,1.13277,721cb527-4b34-4d12-a0fc-997a8ba63409,2026-09-16,19:09:47.11,2026-09-16T15:09:47.1170560-04:00,2026-09-16T19:09:47.1170560Z,GroundBall,v3,471298,,,,,Undefined,FOR_RAM,a641356e-00ee-42a7-bb94-0f602ae20954,45.01957,-110.62327,12.9609,4.35265,-3.06878,-7.87824,-0.14596,2.23247,1.36381,,0.46232,126.30112,,,,,,,,1.715,-21.8432,,,,,,,,1.13294,-10.06826,,,,,,,,,,,,,,,,,,,,,,,,,,,,,,High,High,High,Low,Low,,,
285,2026-09-16,15:10:03.58,,,,,Undefined,FOR_RAM,"Markey, Tommy",10084492,Left,FOR_RAM,Undefined,1,Bottom,0,0,0,Undefined,,Undefined,Undefined,GroundBall,Undefined,0,0,,76.50002,-1.578983,-3.930629,3364.870814,,,4.14032,0.55818,15.3426,,,,1.83889,0.33291,70.35763,-4.632086,3.339239,0.407832,30.07147,-42.709051,136.062021,,,,,4.94105,6.41374,18.835138,0.073119,-26.35163,15.15847,-0.89548,50,4.25566,8.79424,-112.85063,-2.45852,-33.61258,22.62339,-12.83881,FOR_RAM,,FordhamUniversity,,,20260916-FordhamUniversity-BP-1,3127b2c0-b202-11f1-9cb4-878818705a31,92.42154,2.22635,,6.14239,,,,,,,721cb527-4b34-4d12-a0fc-997a8ba63409,2026-09-16,19:10:03.58,2026-09-16T15:10:03.5879936-04:00,2026-09-16T19:10:03.5879936Z,GroundBall,v3,471298,,,,,Undefined,FOR_RAM,f108380b-a6ad-4ab4-9868-0f8dd771ee17,45.16315,-111.87678,11.3117,4.13793,-3.01118,-6.4194,-0.54806,7.34734,-16.80629,,6.41816,-23.75299,,,,,,,,2.23262,-30.44832,,,,,,,,-0.0831,22.88835,,,,,,,,,,,,,,,,,,,,,,,,,,,,,,Low,Low,Low,Estimated,Estimated,,,
286,2026-09-16,15:10:08.31,,,,,Undefined,FOR_RAM,"Markey, Tommy",10084492,Left,FOR_RAM,Undefined,1,Bottom,0,0,0,Undefined,Slider,Undefined,Undefined,LineDrive,Undefined,0,0,,76.65089,-2.084323,0.471816,3334.690889,161.004813,11:15,4.32658,0.10268,15.32223,-12.09327,20.28623,-6.60382,1.72586,-0.08722,69.66872,-4.937239,-0.968718,0.40955,86.12631,10.590382,-8.277207,2188.763014,,,,,35.60147,,,5.12784,16.38627,-0.06261,50,4.48339,-1.12677,-113.2243,-3.49112,6.47805,25.84022,-11.47317,FOR_RAM,,FordhamUniversity,,,20260916-FordhamUniversity-BP-1,33eced40-b202-11f1-9cb4-878818705a31,92.03387,7.59384,,6.98218,,,,1.37363,1.69969,-0.02325,721cb527-4b34-4d12-a0fc-997a8ba63409,2026-09-16,19:10:08.31,2026-09-16T15:10:08.3119616-04:00,2026-09-16T19:10:08.3119616Z,,v3,471298,,,,,Undefined,FOR_RAM,cf1a55cd-24b9-4db1-b8d2-a8beaa96fc8c,45.17743,-112.11828,12.92011,4.32345,-3.9822,-5.73658,-0.10491,-0.84949,3.23903,145.885421,1.3788,122.63517,-20.01443,,,,,,,1.69883,23.25591,-9.92011,,,,,,,-0.02167,-17.94862,-3.36648,,,,,,,,,,,,,,,,,,,,,,,,,,,,,High,High,High,Medium,Undefined,,,
287,2026-09-16,15:10:13.91,,,,,Undefined,FOR_RAM,"Markey, Tommy",10084492,Left,FOR_RAM,Undefined,1,Bottom,0,0,0,Undefined,Slider,Undefined,Undefined,FlyBall,Undefined,0,0,,74.63274,-2.281283,0.080429,3289.426681,169.167541,11:45,3.96244,0.15051,25.00453,-9.73564,10.39367,-1.89402,1.79329,0.04052,69.7904,-5.123955,-0.45031,0.322913,84.50992,29.880308,-33.937997,3796.216083,89.84015,46.23492,-63.4724,234.92743,231.12133,-37.982974,3.487035,2.36071,13.81292,-0.10777,50,4.40055,-0.52402,-112.28277,-2.38446,2.96991,23.09043,-14.79656,FOR_RAM,,FordhamUniversity,,,20260916-FordhamUniversity-BP-1,3749acd0-b202-11f1-9cb4-878818705a31,116.72627,48.62998,,4.84234,,,,1.04082,1.57267,0.0083,721cb527-4b34-4d12-a0fc-997a8ba63409,2026-09-16,19:10:13.91,2026-09-16T15:10:13.9123712-04:00,2026-09-16T19:10:13.9123712Z,FlyBall,v3,471298,,,,,Undefined,FOR_RAM,be77b3c8-216b-48b9-ac76-f6365c79e265,35.49915,-109.26005,11.54521,3.96163,-4.32145,-7.39828,-0.15092,-0.13524,1.48495,,1.04095,89.15752,-18.84637,4.24873,-0.8826,0.15234,-0.01703,0.00065,3E-05,1.57228,61.76242,-24.07242,3.46296,-1.00105,0.30766,-0.07656,0.0114,-0.00071,0.00831,-60.00086,9.67088,-2.2272,0.49946,-0.10743,0.01854,-0.00195,9E-05,,,,,,,,,,,,,,,,,,,,,,,High,Medium,Medium,Low,Medium,,,
288,2026-09-16,15:10:19.64,,,,,Undefined,FOR_RAM,"Markey, Tommy",10084492,Left,FOR_RAM,Undefined,1,Bottom,0,0,0,Undefined,Slider,Undefined,Undefined,LineDrive,Undefined,0,0,,75.78833,-1.125554,0.172975,3285.590584,167.948488,11:30,4.27362,0.11735,15.50225,-15.48914,16.98509,-3.41599,2.12648,-0.03573,69.61168,-4.712095,-0.575363,0.410148,98.309,19.31253,0.087055,2155.098768,109.98763,35.51629,-1.6446,337.02424,337.02424,-3.824364,3.916245,2.63878,13.60883,-0.10175,50,4.35162,-0.44678,-111.95554,-1.44058,3.30218,22.8577,-15.14396,FOR_RAM,,FordhamUniversity,,,20260916-FordhamUniversity-BP-1,3ab9a640-b202-11f1-9cb4-878818705a31,91.89956,47.07947,,6.17665,,,,1.44121,2.12851,0.03548,721cb527-4b34-4d12-a0fc-997a8ba63409,2026-09-16,19:10:19.64,2026-09-16T15:10:19.6429312-04:00,2026-09-16T19:10:19.6429312Z,LineDrive,v3,471298,,,,,Undefined,FOR_RAM,8e4474d2-4641-4c05-8e16-27625f7feb8a,44.99776,-110.92954,11.42885,4.2717,-2.12034,-7.57198,-0.11848,-0.29856,1.65109,168.583068,1.44122,136.07205,-25.58723,5.97602,-1.2648,0.24477,-0.03697,0.00338,-0.00012,2.12891,47.67429,-12.51518,-0.433,0.35109,-0.11694,0.02065,-0.00143,0,0.03554,0.20483,-2.51424,0.44323,-0.0696,0.00447,0.00118,-0.00036,3E-05,,,,,,,,,,,,,,,,,,,,,,,High,Medium,Medium,Medium,High,,,
289,2026-09-16,15:10:38.52,,,,,Undefined,FOR_RAM,"Caron, Michael",1000322224,Right,FOR_RAM,Undefined,1,Bottom,0,0,0,Undefined,Slider,Undefined,Undefined,Undefined,Undefined,0,0,,77.97227,-0.739647,0.077605,3404.608065,172.832951,11:45,4.16357,0.1572,15.39065,-18.50686,12.33446,-1.43437,2.05719,0.09686,71.61961,-4.966063,-0.235951,0.399703,,,,,,,,,,,,1.11457,9.91213,-0.15024,50,4.20799,-0.20385,-115.20927,-0.64668,1.47545,24.4116,-19.05232,FOR_RAM,,FordhamUniversity,,,20260916-FordhamUniversity-BP-1,45fa5b30-b202-11f1-9cb4-878818705a31,94.30103,,,6.35265,,,,,,,721cb527-4b34-4d12-a0fc-997a8ba63409,2026-09-16,19:10:38.52,2026-09-16T15:10:38.5208832-04:00,2026-09-16T19:10:38.5208832Z,,v3,471298,,,,,Undefined,FOR_RAM,e09355d3-a93c-49ab-a245-a8ab9af7799a,45.11061,-114.16856,12.2058,4.1631,-1.45891,-9.52616,-0.15759,-0.14095,0.73773,,,,,,,,,,,,,,,,,,,,,,,,,,,,,,,,,,,,,,,,,,,,,,,,,,,High,Medium,Medium,,,,,
290,2026-09-16,15:10:42.64,,,,,Undefined,FOR_RAM,"Caron, Michael",1000322224,Right,FOR_RAM,Undefined,1,Bottom,0,0,0,Undefined,,Undefined,Undefined,LineDrive,Undefined,0,0,,77.36712,-1.106818,-5.613226,3291.987817,,,4.15291,0.65417,15.4497,,,,1.95089,-0.73046,68.89519,-4.933056,1.97862,0.409207,96.01527,10.57855,36.847254,3309.301235,85.4224,8.73718,69.30343,161.17846,75.98972,40.967897,1.388546,-28.58147,12.99772,-1.13883,50,4.2287,12.20005,-114.10652,-1.4354,-35.91179,30.16653,-15.84277,FOR_RAM,,FordhamUniversity,,,20260916-FordhamUniversity-BP-1,487a0130-b202-11f1-9cb4-878818705a31,92.11094,9.76583,,8.47194,,,,3.78585,1.79822,0.66574,721cb527-4b34-4d12-a0fc-997a8ba63409,2026-09-16,19:10:42.64,2026-09-16T15:10:42.6473984-04:00,2026-09-16T19:10:42.6473984Z,LineDrive,v3,471298,,,,,Undefined,FOR_RAM,06c724f8-42e2-4fdd-ac8e-7210ae700e13,45.05325,-112.79116,15.08326,4.15105,-2.1262,-7.92138,-0.641,10.63417,-17.9559,,3.78585,110.77698,-23.81194,5.08742,-1.56295,0.919,-0.65332,0.28636,-0.05157,1.79822,25.85265,-22.47607,2.76668,-0.64623,0.17404,-0.05415,0.01578,-0.00236,0.66575,83.01258,-5.59396,0.0475,0.40352,-0.57489,0.49763,-0.22931,0.04219,,,,,,,,,,,,,,,,,,,,,,,Low,Low,Low,Medium,Low,,,
291,2026-09-16,15:10:47.50,,,,,Undefined,FOR_RAM,"Caron, Michael",1000322224,Right,FOR_RAM,Undefined,1,Bottom,0,0,0,Undefined,,Undefined,Undefined,FlyBall,Undefined,0,0,,75.13748,-0.195733,-5.251071,3247.591177,,,3.82525,0.45951,15.46853,,,,2.28435,-0.6735,69.56607,-4.031684,2.273681,0.412558,82.26652,41.044283,-1.788243,3360.595596,109.90951,83.231,-4.45179,310.20815,259.12869,-8.026589,5.620301,-27.77895,12.67489,-0.92701,50,3.82239,11.34583,-110.63715,0.4066,-34.47601,19.50025,-16.44343,FOR_RAM,,FordhamUniversity,,,20260916-FordhamUniversity-BP-1,4b4a1120-b202-11f1-9cb4-878818705a31,91.3627,101.57122,,5.57141,,,,3.37558,2.95574,0.15094,721cb527-4b34-4d12-a0fc-997a8ba63409,2026-09-16,19:10:47.50,2026-09-16T15:10:47.5058688-04:00,2026-09-16T19:10:47.5058688Z,FlyBall,v3,471298,,,,,Undefined,FOR_RAM,1f284aa9-caa8-4ace-9349-015ae85fd6fc,45.03833,-109.75915,9.75013,3.82403,-0.33376,-8.22172,-0.45111,9.79355,-17.23801,,3.36827,91.07318,-17.28937,4.25131,-0.90269,0.12691,-0.00321,-0.00135,0.00011,2.94717,79.40499,-18.84954,2.35139,-1.14042,0.43353,-0.09064,0.00956,-0.0004,0.15477,-2.90157,0.54284,-0.73663,0.21859,-0.02635,-0.00385,0.00124,-8E-05,,,,,,,,,,,,,,,,,,,,,,,Low,Low,Low,Medium,Medium,,,
292,2026-09-16,15:10:53.27,,,,,Undefined,FOR_RAM,"Caron, Michael",1000322224,Right,FOR_RAM,Undefined,1,Bottom,0,0,0,Undefined,Slider,Undefined,Undefined,FlyBall,Undefined,0,0,,75.59323,-2.386609,0.4433,3323.131001,164.580458,11:30,4.34116,0.09742,15.31362,-14.61824,18.56954,-4.82075,1.29841,0.0344,69.05449,-5.777689,-0.608343,0.41463,93.27726,29.084705,11.27146,1903.905413,108.243,56.04374,19.58141,360.80808,355.21071,10.196989,5.003006,3.78977,15.20249,-0.05953,50,4.5231,-1.00953,-111.61978,-3.95932,4.67455,24.26806,-13.42231,FOR_RAM,,FordhamUniversity,,,20260916-FordhamUniversity-BP-1,4eba31a0-b202-11f1-9cb4-878818705a31,90.90623,79.90701,,6.53874,,,,3.83308,1.71607,-0.22676,721cb527-4b34-4d12-a0fc-997a8ba63409,2026-09-16,19:10:53.27,2026-09-16T15:10:53.2713984-04:00,2026-09-16T19:10:53.2713984Z,FlyBall,v3,471298,,,,,Undefined,FOR_RAM,ba86cac3-5f8d-4f76-9b8b-90fa7fcc1a93,45.18678,-110.56835,12.13403,4.33896,-4.54085,-6.71115,-0.09888,-0.807,2.33728,174.705728,3.83405,117.22671,-22.21887,5.11895,-0.87737,0.11112,-0.01207,0.00127,-8E-05,1.71749,66.4742,-14.3293,-0.23547,0.29236,-0.11975,0.03132,-0.00424,0.00022,-0.22659,23.36194,-5.73964,1.50281,-0.25906,0.02427,-1E-05,-0.00019,1E-05,,,,,,,,,,,,,,,,,,,,,,,High,Medium,Medium,High,Medium,,,
293,2026-09-16,15:11:09.96,,,,,Undefined,FOR_RAM,"Dowd, Aidan",1000142838,Right,FOR_RAM,Undefined,1,Bottom,0,0,0,Undefined,,Undefined,Undefined,GroundBall,Undefined,0,0,,80.71846,-3.125888,-4.931717,3394.672541,,,4.64954,0.62152,15.04601,,,,1.88324,-0.78202,68.63887,-4.422153,1.276476,0.405266,36.95127,-9.106293,10.267741,,,,,15.14221,14.22607,10.62276,0.190468,-23.72812,22.39962,-0.99719,50,4.87389,10.77148,-119.01422,-6.00635,-30.74576,43.19762,-3.14969,FOR_RAM,,FordhamUniversity,,,20260916-FordhamUniversity-BP-1,58ba0220-b202-11f1-9cb4-878818705a31,93.00675,2.0103,,12.07959,,,,,,,721cb527-4b34-4d12-a0fc-997a8ba63409,2026-09-16,19:11:09.96,2026-09-16T15:11:09.9642880-04:00,2026-09-16T19:11:09.9642880Z,GroundBall,v3,471298,,,,,Undefined,FOR_RAM,94d7e09d-016f-4560-816c-e512648fd9ec,45.44807,-117.35041,21.59881,4.64021,-6.12766,-1.57484,-0.60512,9.58727,-15.37288,176.403373,5.01614,52.63274,-4.37247,,,,,,,2.01038,-8.58297,-10.35627,,,,,,,1.01489,9.53354,-1.08758,,,,,,,,,,,,,,,,,,,,,,,,,,,,,Low,Low,Low,Low,Low,,,
294,2026-09-16,15:11:14.41,,,,,Undefined,FOR_RAM,"Dowd, Aidan",1000142838,Right,FOR_RAM,Undefined,1,Bottom,0,0,0,Undefined,,Undefined,Undefined,FlyBall,Undefined,0,0,,80.30382,-3.875822,-4.613862,1667.632998,,,4.83435,0.56435,14.92291,,,,1.5825,-0.70766,68.34177,-4.907954,1.308484,0.408564,65.44762,43.384884,-31.617786,5135.925965,86.20724,49.94547,-68.3246,164.34888,85.27749,-41.258522,3.487788,-22.59218,24.0436,-0.90612,50,5.11036,10.0135,-118.32007,-7.56077,-28.95112,42.58136,-1.36295,FOR_RAM,,FordhamUniversity,,,20260916-FordhamUniversity-BP-1,5b4da550-b202-11f1-9cb4-878818705a31,92.25588,52.92058,,11.96205,,,,1.47339,1.66334,0.07572,721cb527-4b34-4d12-a0fc-997a8ba63409,2026-09-16,19:11:14.41,2026-09-16T15:11:14.4169472-04:00,2026-09-16T19:11:14.4169472Z,Popup,v3,471298,,,,,Undefined,FOR_RAM,e67fd0ba-66e2-45df-8a05-a5061a636cde,45.57152,-116.71545,21.29068,4.82448,-7.61213,-0.68147,-0.54933,8.92253,-14.47556,,1.47298,59.42028,-14.43888,4.05899,-1.12865,0.33426,-0.07501,0.00865,-0.0003,1.66309,65.94337,-24.3776,2.68315,-0.65603,0.21932,-0.07337,0.0149,-0.00121,0.07579,-36.57399,1.95741,-0.01481,-0.07062,0.01525,0.0015,-0.00106,0.00011,,,,,,,,,,,,,,,,,,,,,,,Low,Low,Low,Medium,Low,,,
295,2026-09-16,15:11:18.67,,,,,Undefined,FOR_RAM,"Dowd, Aidan",1000142838,Right,FOR_RAM,Undefined,1,Bottom,0,0,0,Undefined,Slider,Undefined,Undefined,Undefined,Undefined,0,0,,75.55475,-2.774956,0.387899,3441.474098,166.407273,11:30,4.37386,0.11552,15.34408,-10.91823,22.42485,-5.14335,1.34361,-0.01693,68.64985,-5.377552,-0.734504,0.415599,,,,,,,,,,,,4.00996,18.28773,-0.08235,50,4.58953,-0.90624,-111.56015,-4.81368,4.91417,25.22648,-9.76255,FOR_RAM,,FordhamUniversity,,,20260916-FordhamUniversity-BP-1,5de1bdb0-b202-11f1-9cb4-878818705a31,90.69427,,,6.9049,,,,,,,721cb527-4b34-4d12-a0fc-997a8ba63409,2026-09-16,19:11:18.67,2026-09-16T15:11:18.6750976-04:00,2026-09-16T19:11:18.6750976Z,,v3,471298,,,,,Undefined,FOR_RAM,8c7f68b1-3fd2-48f1-9754-3284af255c92,45.15562,-110.45929,12.61324,4.37017,-5.23971,-4.88127,-0.11722,-0.69179,2.45708,,,,,,,,,,,,,,,,,,,,,,,,,,,,,,,,,,,,,,,,,,,,,,,,,,,High,Medium,Medium,,,,,
296,2026-09-16,15:11:24.78,,,,,Undefined,FOR_RAM,"Dowd, Aidan",1000142838,Right,FOR_RAM,Undefined,1,Bottom,0,0,0,Undefined,,Undefined,Undefined,FlyBall,Undefined,0,0,,74.23906,0.488168,-4.456616,3316.852993,,,3.59315,0.36922,15.48533,,,,1.95531,0.03091,69.52738,-4.945205,3.568029,0.415124,80.8543,52.05526,16.876642,,105.79646,112.01485,30.11792,230.82307,230.82307,15.203006,5.489828,-29.12876,7.14087,-0.77112,50,3.52757,9.80646,-109.41404,1.98137,-35.71722,17.22352,-23.41804,FOR_RAM,,FordhamUniversity,,,20260916-FordhamUniversity-BP-1,6179ffa0-b202-11f1-9cb4-878818705a31,90.7981,115.72556,,4.71168,,,,2.95428,1.93321,0.14285,721cb527-4b34-4d12-a0fc-997a8ba63409,2026-09-16,19:11:24.78,2026-09-16T15:11:24.7819264-04:00,2026-09-16T19:11:24.7819264Z,Popup,v3,471298,,,,,Undefined,FOR_RAM,e0f5a21d-01ce-4b2c-8538-d3bc35fac7a9,45.02326,-108.62779,8.61176,3.59362,0.91235,-11.70902,-0.36068,8.17599,-17.85861,178.949401,2.96236,69.60828,-16.96765,4.21718,-0.24426,-0.21654,0.07644,-0.01053,0.00054,1.91678,93.80654,-23.67989,3.09367,-1.0368,0.29227,-0.04514,0.00276,-1E-05,0.14622,21.10003,-5.39328,1.19127,0.00959,-0.09893,0.03009,-0.00391,0.00019,,,,,,,,,,,,,,,,,,,,,,,Low,Low,Low,High,Medium,,,
297,2026-09-16,15:11:32.13,,,,,Undefined,FOR_RAM,"Dowd, Aidan",1000142838,Right,FOR_RAM,Undefined,1,Bottom,0,0,0,Undefined,,Undefined,Undefined,GroundBall,Undefined,0,0,,79.72884,-4.459895,-3.978074,3330.796079,,,4.79609,0.39368,14.78753,,,,0.84708,-0.19686,67.9469,-6.089795,2.44522,0.412968,67.04247,-10.34932,54.542593,,,,,8.95352,8.95352,35.447636,0.062105,-23.85702,22.77631,-0.67522,50,5.10854,8.63772,-117.45045,-8.66319,-30.09008,42.16532,-3.44704,FOR_RAM,,FordhamUniversity,,,20260916-FordhamUniversity-BP-1,65e289e0-b202-11f1-9cb4-878818705a31,91.27203,1.09882,,11.78194,,,,3.80353,1.09882,0.29158,721cb527-4b34-4d12-a0fc-997a8ba63409,2026-09-16,19:11:32.13,2026-09-16T15:11:32.1315328-04:00,2026-09-16T19:11:32.1315328Z,GroundBall,v3,471298,,,,,Undefined,FOR_RAM,bd390a27-415c-45d0-b58d-b63b09805acf,45.70715,-115.89905,21.08266,4.78746,-8.79002,-1.72352,-0.37778,7.5306,-15.04504,,3.80263,56.20215,,,,,,,,1.0991,-17.69297,,,,,,,,0.29032,78.91654,,,,,,,,,,,,,,,,,,,,,,,,,,,,,,Low,Low,Low,Estimated,Estimated,,,
298,2026-09-16,15:11:41.32,,,,,Undefined,FOR_RAM,"Dean, Mason",1000150670,Left,FOR_RAM,Undefined,1,Bottom,0,0,0,Undefined,,Undefined,Undefined,Undefined,Undefined,0,0,,77.69139,-1.931297,-5.291779,3427.597501,,,4.4805,0.68642,15.36015,,,,1.8715,-0.53858,69.65828,-5.138804,2.081934,0.406994,88.73969,-6.931969,86.067469,,,,,16.686,7.07427,64.160644,0.123574,-27.44655,15.00556,-1.134,50,4.62538,11.54928,-114.52405,-3.18698,-35.02667,28.84287,-13.02428,FOR_RAM,,FordhamUniversity,,,20260916-FordhamUniversity-BP-1,6b7a4550-b202-11f1-9cb4-878818705a31,92.61189,1.94382,,8.03311,,,,,,,721cb527-4b34-4d12-a0fc-997a8ba63409,2026-09-16,19:11:41.32,2026-09-16T15:11:41.3220352-04:00,2026-09-16T19:11:41.3220352Z,GroundBall,v3,471298,,,,,Undefined,FOR_RAM,f6274032-10c3-490a-b593-8e89ed9d1dea,45.14308,-113.29423,14.42143,4.47766,-3.74232,-6.51214,-0.67339,10.05579,-17.51334,180,6.17585,8.87315,,,,,,,,1.94426,-15.73003,,,,,,,,-0.93627,129.07597,,,,,,,,,,,,,,,,,,,,,,,,,,,,,,Low,Low,Low,Low,Low,,,
299,2026-09-16,15:11:46.67,,,,,Undefined,FOR_RAM,"Dean, Mason",1000150670,Left,FOR_RAM,Undefined,1,Bottom,0,0,0,Undefined,,Undefined,Undefined,FlyBall,Undefined,0,0,,79.31667,-3.052963,-4.207115,3370.630892,,,4.49074,0.49893,15.04229,,,,1.29751,-0.04442,67.54463,-5.607409,2.791369,0.41244,63.56777,54.625878,3.924188,,109.97266,79.34716,-2.45047,173.922,173.922,-3.403896,4.516949,-26.2971,19.13194,-0.8197,50,4.71298,9.24463,-117.15382,-5.66833,-32.88181,42.60471,-8.25151,FOR_RAM,,FordhamUniversity,,,20260916-FordhamUniversity-BP-1,6e9a22f0-b202-11f1-9cb4-878818705a31,91.38897,80.12763,,11.77204,,,,,,,721cb527-4b34-4d12-a0fc-997a8ba63409,2026-09-16,19:11:46.67,2026-09-16T15:11:46.6737664-04:00,2026-09-16T19:11:46.6737664Z,Popup,v3,471298,,,,,Undefined,FOR_RAM,142787a1-fa6e-46e3-b1d1-f30385bb9ca1,45.4539,-115.48873,21.30236,4.48515,-5.99082,-4.12575,-0.48351,7.95953,-16.44091,,5.64196,53.76007,-5.67663,0.57637,0.11696,-0.05267,-0.00646,0.0044,-0.00044,1.70294,75.96718,-20.8734,1.80125,-0.62841,0.30421,-0.10169,0.01747,-0.00116,0.25558,2.95948,0.65954,-6.13482,6.12117,-3.08971,0.83601,-0.11448,0.00624,,,,,,,,,,,,,,,,,,,,,,,Low,Low,Low,Medium,Medium,,,
300,2026-09-16,15:11:52.82,,,,,Undefined,FOR_RAM,"Dean, Mason",1000150670,Left,FOR_RAM,Undefined,1,Bottom,0,0,0,Undefined,,Undefined,Undefined,FlyBall,Undefined,0,0,,77.19262,-1.502815,-4.738573,3245.718981,,,4.38051,0.48742,15.24352,,,,2.73855,-0.78325,68.98683,-3.048845,1.4153,0.410701,87.06545,33.543812,14.64465,3617.903457,106.96802,66.25669,25.64829,298.21707,296.7188,11.004117,4.961386,-22.98844,20.92619,-0.87719,50,4.48522,10.18141,-113.8442,-2.52156,-28.94738,28.77491,-5.82346,FOR_RAM,,FordhamUniversity,,,20260916-FordhamUniversity-BP-1,72310550-b202-11f1-9cb4-878818705a31,91.77592,83.02273,,8.20579,,,,2.18825,2.73806,0.43406,721cb527-4b34-4d12-a0fc-997a8ba63409,2026-09-16,19:11:52.82,2026-09-16T15:11:52.8214528-04:00,2026-09-16T19:11:52.8214528Z,FlyBall,v3,471298,,,,,Undefined,FOR_RAM,1b5d96a6-4913-46b5-bf2f-221353279721,45.25827,-112.63931,14.38745,4.37453,-2.7654,-2.91173,-0.47624,8.96931,-14.47369,172.495932,2.18864,102.96723,-21.05339,5.12523,-1.13536,0.24858,-0.04594,0.00537,-0.00027,2.73989,70.51693,-16.7791,0.32223,0.37177,-0.20892,0.05355,-0.00669,0.00032,0.43415,26.9071,-7.28503,1.79012,-0.41026,0.09236,-0.01723,0.00201,-0.0001,,,,,,,,,,,,,,,,,,,,,,,Low,Low,Low,High,Medium,,,
301,2026-09-16,15:11:59.37,,,,,Undefined,FOR_RAM,"Dean, Mason",1000150670,Left,FOR_RAM,Undefined,1,Bottom,0,0,0,Undefined,,Undefined,Undefined,GroundBall,Undefined,0,0,,78.22735,-2.126804,-5.068691,3331.099116,,,4.36584,0.57277,15.22085,,,,1.95807,-0.68301,69.25704,-4.430687,1.786541,0.407885,78.25225,-4.877645,45.667979,,,,,32.02599,6.10015,38.906378,0.235717,-25.63608,18.34985,-0.98481,50,4.52164,11.01273,-115.34365,-3.72623,-32.72014,31.93094,-8.75357,FOR_RAM,,FordhamUniversity,,,20260916-FordhamUniversity-BP-1,761a2660-b202-11f1-9cb4-878818705a31,92.40956,2.30479,,8.9703,,,,,,,721cb527-4b34-4d12-a0fc-997a8ba63409,2026-09-16,19:11:59.37,2026-09-16T15:11:59.3754112-04:00,2026-09-16T19:11:59.3754112Z,GroundBall,v3,471298,,,,,Undefined,FOR_RAM,1a7e9d4d-6488-4e4f-8c74-0c360165f36e,45.28023,-114.02958,15.96547,4.36088,-4.08648,-4.37679,-0.55931,9.66618,-16.36007,,6.04219,80.06895,,,,,,,,2.30552,-9.77778,,,,,,,,0.78891,81.95801,,,,,,,,,,,,,,,,,,,,,,,,,,,,,,Low,Low,Low,Estimated,Estimated,,,
302,2026-09-16,15:12:18.03,,,,,Undefined,FOR_RAM,"Kaufman, Taylor",10314665,Right,FOR_RAM,Undefined,1,Bottom,0,0,0,Undefined,Slider,Undefined,Undefined,FlyBall,Undefined,0,0,,74.89897,-1.637278,0.069164,3332.248159,170.395427,11:45,4.1433,0.05827,26.11172,-5.74134,12.89816,-2.10827,2.72222,-0.07761,70.11202,-3.414963,-0.541203,0.310734,87.52267,38.016984,10.628886,,,,,,62.58747,,,2.7948,17.73717,-0.00801,50,4.47881,-0.61143,-112.947,-1.73259,3.56202,23.13798,-9.56778,FOR_RAM,,FordhamUniversity,,,20260916-FordhamUniversity-BP-1,81374dc0-b202-11f1-9cb4-878818705a31,121.30133,49.17982,,4.78695,,,,1.75944,2.74457,-0.04204,721cb527-4b34-4d12-a0fc-997a8ba63409,2026-09-16,19:12:18.03,2026-09-16T15:12:18.0386816-04:00,2026-09-16T19:12:18.0386816Z,,v3,471298,,,,,Undefined,FOR_RAM,03983e55-a244-4597-b444-d69967544ddd,34.39229,-109.70307,11.56899,4.14187,-3.07399,-4.78389,-0.05872,-0.11204,1.78101,205.735058,1.75944,99.39551,-23.51624,6.34005,-1.46942,0.32184,-0.0688,0.01347,-0.00158,2.74457,79.06022,-17.39337,0.24073,0.36005,-0.1612,0.05207,-0.0121,0.00165,-0.04204,18.65324,2.67215,0.1048,-0.09906,0.02983,-0.00653,0.00129,-0.00011,,,,,,,,,,,,,,,,,,,,,,,High,Medium,Medium,High,Undefined,,,
303,2026-09-16,15:12:33.36,,,,,Undefined,FOR_RAM,"Kaufman, Taylor",10314665,Right,FOR_RAM,Undefined,1,Bottom,0,0,0,Undefined,,Undefined,Undefined,LineDrive,Undefined,0,0,,76.12373,2.413937,-5.522793,3358.193338,,,3.48919,0.65975,15.59392,,,,1.8595,-0.5386,70.55593,-6.873563,2.372234,0.406651,100.0077,9.05228,-4.50584,5436.123354,109.26872,14.89752,-12.6595,281.76723,273.50081,-11.07615,2.629482,-29.24911,-7.88713,-1.16496,50,3.24381,12.12537,-112.0928,6.45366,-37.16604,20.50577,-42.196,FOR_RAM,,FordhamUniversity,,,20260916-FordhamUniversity-BP-1,8a6a3150-b202-11f1-9cb4-878818705a31,92.68979,16.54545,,5.5678,,,,1.53461,1.88279,0.40552,721cb527-4b34-4d12-a0fc-997a8ba63409,2026-09-16,19:12:33.36,2026-09-16T15:12:33.3679616-04:00,2026-09-16T19:12:33.3679616Z,LineDrive,v3,471298,,,,,Undefined,FOR_RAM,d64cfbed-0902-445d-b6ed-ff583c85f84f,44.91592,-111.15885,10.25288,3.49397,4.53181,-21.098,-0.65126,10.43262,-18.58302,144.257715,1.53461,144.40307,-22.5594,4.3102,-0.86851,0.17073,-0.02926,0.00358,-0.00021,1.88272,23.08085,-8.90142,-0.22469,0.031,0.05254,-0.02733,0.00574,-0.00043,0.40558,-11.38244,-5.98739,1.49203,-0.2894,0.01124,0.01426,-0.00381,0.0003,,,,,,,,,,,,,,,,,,,,,,,Low,Low,Low,Low,Medium,,,
304,2026-09-16,15:12:51.49,,,,,Undefined,FOR_RAM,"Markey, Tommy",10084492,Left,FOR_RAM,Undefined,1,Bottom,0,0,0,Undefined,Curveball,Undefined,Undefined,LineDrive,Undefined,0,0,,74.30143,-2.29214,0.15321,1698.837811,164.016453,11:30,3.99618,0.11266,25.04922,-8.69678,11.62827,-3.18083,1.90891,-0.06138,69.22218,-4.856762,-0.739167,0.324479,94.40392,19.286486,10.439144,1707.057248,108.48159,34.8829,18.21079,337.40631,324.27256,8.167004,3.884517,3.98492,15.41402,-0.03599,50,4.45038,-0.91344,-111.93237,-2.59641,4.95424,23.97966,-13.01053,FOR_RAM,,FordhamUniversity,,,20260916-FordhamUniversity-BP-1,9527ac80-b202-11f1-9cb4-878818705a31,116.16281,45.54972,,5.07925,,,,2.03034,1.99616,-0.04518,721cb527-4b34-4d12-a0fc-997a8ba63409,2026-09-16,19:12:51.49,2026-09-16T15:12:51.4947584-04:00,2026-09-16T19:12:51.4947584Z,LineDrive,v3,471298,,,,,Undefined,FOR_RAM,33517b2b-8d1c-49f3-a026-01e7c1bd3a4c,35.45448,-108.7716,11.98983,3.99512,-4.31133,-6.50527,-0.11335,-0.26042,2.47712,171.393715,2.03048,128.51875,-21.82584,4.8684,-0.86944,0.12707,-0.01554,0.00138,-5E-05,1.99563,45.75321,-11.54311,-0.36521,-0.00488,0.0706,-0.02649,0.00477,-0.00035,-0.04509,23.67596,-5.89103,1.37659,-0.24929,0.03337,-0.00317,0.00019,-0,,,,,,,,,,,,,,,,,,,,,,,High,High,High,High,High,,,
305,2026-09-16,15:12:56.72,,,,,Undefined,FOR_RAM,"Markey, Tommy",10084492,Left,FOR_RAM,Undefined,1,Bottom,0,0,0,Undefined,Slider,Undefined,Undefined,Undefined,Undefined,0,0,,76.23743,-0.872792,-0.359416,3386.50123,178.517185,12:00,4.37343,0.19414,15.47976,-10.52178,21.81237,-0.5376,2.83223,-0.12423,69.4606,-3.392777,-0.477097,0.409263,,,,,,,,,,,,0.28358,17.20462,-0.22526,50,4.43007,0.68993,-112.68493,-1.11818,0.35644,24.76097,-10.54897,FOR_RAM,,FordhamUniversity,,,20260916-FordhamUniversity-BP-1,98571a80-b202-11f1-9cb4-878818705a31,92.09838,,,6.77684,,,,,,,721cb527-4b34-4d12-a0fc-997a8ba63409,2026-09-16,19:12:56.72,2026-09-16T15:12:56.7208960-04:00,2026-09-16T19:12:56.7208960Z,,v3,471298,,,,,Undefined,FOR_RAM,76547fed-055c-4269-9c9d-dcc9756e7895,45.0202,-111.58533,12.38049,4.37001,-1.58665,-5.27449,-0.19427,0.70575,0.17822,,,,,,,,,,,,,,,,,,,,,,,,,,,,,,,,,,,,,,,,,,,,,,,,,,,High,High,High,,,,,
306,2026-09-16,15:13:02.09,,,,,Undefined,FOR_RAM,"Markey, Tommy",10084492,Left,FOR_RAM,Undefined,1,Bottom,0,0,0,Undefined,,Undefined,Undefined,LineDrive,Undefined,0,0,,76.58765,-1.452382,-4.284629,3380.465103,,,4.21938,0.53105,15.31766,,,,1.88404,0.08646,68.95891,-4.897224,3.120098,0.412116,92.40476,10.800939,18.544221,870.716463,102.94675,13.91048,38.75306,228.29468,220.51592,23.481124,2.090741,-27.1995,14.5743,-0.89219,50,4.32261,9.43655,-113.07505,-2.16692,-33.92405,27.65465,-13.99656,FOR_RAM,,FordhamUniversity,,,20260916-FordhamUniversity-BP-1,9b9a5ea0-b202-11f1-9cb4-878818705a31,91.46085,13.99882,,7.62874,,,,1.78595,1.8842,0.1395,721cb527-4b34-4d12-a0fc-997a8ba63409,2026-09-16,19:13:02.09,2026-09-16T15:13:02.0935680-04:00,2026-09-16T19:13:02.0935680Z,LineDrive,v3,471298,,,,,Undefined,FOR_RAM,54543c0e-f248-4864-9ca6-7205f5896382,45.18607,-111.89152,13.82732,4.21705,-2.76593,-6.99828,-0.5194,7.9847,-16.96202,232.173803,1.78595,126.21358,-16.27018,2.32834,-0.44679,0.06814,-0.00942,0.00114,-9E-05,1.8842,25.3974,-14.0267,0.81543,-0.09588,0.02374,-0.0034,0.0003,-2E-05,0.13949,42.33906,1.576,-0.80548,0.21138,-0.04094,0.0054,-0.00048,2E-05,,,,,,,,,,,,,,,,,,,,,,,Low,Low,Low,High,High,,,
307,2026-09-16,15:13:19.83,,,,,Undefined,FOR_RAM,"Caron, Michael",1000322224,Right,FOR_RAM,Undefined,1,Bottom,0,0,0,Undefined,Slider,Undefined,Undefined,Undefined,Undefined,0,0,,74.57711,-1.113634,0.858402,3420.356806,125.86555,10:15,4.12976,0.09156,26.00055,-10.8389,8.0926,-10.5793,2.58323,-0.29427,69.88512,-4.352623,-2.195297,0.313158,,,,,,,,,,,,14.11536,11.18741,0.29538,50,4.24818,-4.03049,-112.50198,0.41081,17.83144,23.13805,-18.04139,FOR_RAM,,FordhamUniversity,,,20260916-FordhamUniversity-BP-1,a5fd84d0-b202-11f1-9cb4-878818705a31,120.3623,,,4.69199,,,,,,,721cb527-4b34-4d12-a0fc-997a8ba63409,2026-09-16,19:13:19.83,2026-09-16T15:13:19.8303744-04:00,2026-09-16T19:13:19.8303744Z,,v3,471298,,,,,Undefined,FOR_RAM,ef98a6d2-116d-47f5-bb88-a1ddbbea988f,34.50404,-109.26849,11.56903,4.12942,-2.11043,-9.0207,-0.09375,-1.53858,8.91572,,,,,,,,,,,,,,,,,,,,,,,,,,,,,,,,,,,,,,,,,,,,,,,,,,,High,Medium,Medium,,,,,
308,2026-09-16,15:13:24.62,,,,,Undefined,FOR_RAM,"Caron, Michael",1000322224,Right,FOR_RAM,Undefined,1,Bottom,0,0,0,Undefined,Slider,Undefined,Undefined,GroundBall,Undefined,0,0,,76.20552,-1.515218,-0.164528,3223.569999,173.33253,11:45,4.36651,0.12749,15.47875,-9.06241,23.58675,-2.62284,2.45772,-0.21631,68.87246,-3.735622,-0.738595,0.411251,94.12911,-0.13906,-16.978257,,,,,47.70665,35.73555,-20.691782,0.352013,1.92134,18.81627,-0.14155,50,4.47847,0.244,-112.67567,-2.42056,2.38934,26.70112,-8.77458,FOR_RAM,,FordhamUniversity,,,20260916-FordhamUniversity-BP-1,a90a2890-b202-11f1-9cb4-878818705a31,91.65304,2.337,,7.33306,,,,0.05913,2.337,0.69678,721cb527-4b34-4d12-a0fc-997a8ba63409,2026-09-16,19:13:24.62,2026-09-16T15:13:24.6212096-04:00,2026-09-16T19:13:24.6212096Z,GroundBall,v3,471298,,,,,Undefined,FOR_RAM,e5bb3b4c-5373-4047-bd26-83f628518b94,45.02052,-111.48942,13.35056,4.36227,-2.81039,-4.38729,-0.12835,0.35014,1.19467,,0.0524,132.29208,-16.01945,,,,,,,2.33812,-0.37663,-17.80807,,,,,,,0.70394,-40.58007,-26.49541,,,,,,,,,,,,,,,,,,,,,,,,,,,,,High,High,High,Low,Low,,,
309,2026-09-16,15:13:47.00,,,,,Undefined,FOR_RAM,"Dowd, Aidan",1000142838,Right,FOR_RAM,Undefined,1,Bottom,0,0,0,Undefined,Slider,Undefined,Undefined,LineDrive,Undefined,0,0,,77.2921,-1.52163,0.107177,3420.416922,168.057631,11:30,4.36433,0.1041,15.34646,-11.99595,20.12607,-4.0054,2.20268,-0.14785,69.5018,-4.381236,-0.767025,0.407918,61.71237,30.630098,-25.445605,3241.659147,95.15498,33.60626,-55.18619,179.73034,179.29274,-33.37735,3.045371,3.03425,16.09981,-0.0953,50,4.4734,-0.32476,-114.26276,-2.39009,3.8552,28.68263,-11.71832,FOR_RAM,,FordhamUniversity,,,20260916-FordhamUniversity-BP-1,b6860070-b202-11f1-9cb4-878818705a31,92.40202,34.34403,,7.7903,,,,1.21468,2.17008,0.10483,721cb527-4b34-4d12-a0fc-997a8ba63409,2026-09-16,19:13:47.00,2026-09-16T15:13:47.0017024-04:00,2026-09-16T19:13:47.0017024Z,FlyBall,v3,471298,,,,,Undefined,FOR_RAM,e8d1925d-4874-412e-a378-1f8337365a02,45.1514,-113.03909,14.34132,4.36077,-2.89002,-5.85916,-0.10564,-0.16029,1.9276,136.646041,1.21449,70.33521,-11.55084,2.56613,-0.70761,0.26251,-0.09151,0.01895,-0.00157,2.17023,46.10881,-17.78829,0.99958,-0.00727,-0.09569,0.04642,-0.00891,0.0006,0.10487,-33.46451,0.01296,0.25242,-0.05466,-0.01512,0.01195,-0.00295,0.00027,,,,,,,,,,,,,,,,,,,,,,,High,High,High,High,Medium,,,
310,2026-09-16,15:13:51.18,,,,,Undefined,FOR_RAM,"Dowd, Aidan",1000142838,Right,FOR_RAM,Undefined,1,Bottom,0,0,0,Undefined,,Undefined,Undefined,Undefined,Undefined,0,0,,76.36843,-0.465662,-5.490047,3427.396957,,,4.1003,0.60738,15.3917,,,,1.90385,-0.52864,69.69476,-5.494582,2.514169,0.410057,,,,,,,,,,,,-29.6599,8.35705,-1.08306,50,4.11992,11.96644,-112.53789,0.02722,-37.31765,24.02534,-21.65933,FOR_RAM,,FordhamUniversity,,,20260916-FordhamUniversity-BP-1,b8d71c60-b202-11f1-9cb4-878818705a31,91.91992,,,6.67367,,,,,,,721cb527-4b34-4d12-a0fc-997a8ba63409,2026-09-16,19:13:51.18,2026-09-16T15:13:51.1884800-04:00,2026-09-16T19:13:51.1884800Z,,v3,471298,,,,,Undefined,FOR_RAM,f5fbe51c-917c-4e74-ab6d-eb2fcfc7db88,45.11457,-111.49004,12.01267,4.10051,-0.91743,-10.82967,-0.59664,10.33885,-18.65883,,,,,,,,,,,,,,,,,,,,,,,,,,,,,,,,,,,,,,,,,,,,,,,,,,,Low,Low,Low,,,,,
311,2026-09-16,15:14:10.80,,,,,Undefined,FOR_RAM,"Dowd, Aidan",1000142838,Right,FOR_RAM,Undefined,1,Bottom,0,0,0,Undefined,,Undefined,Undefined,FlyBall,Undefined,0,0,,74.98675,0.377189,-5.349062,3509.30048,,,4.08576,0.59615,15.55859,,,,2.63197,-0.47528,70.82428,-4.333928,2.528395,0.408475,74.07696,39.814312,15.600027,3484.585884,105.8751,72.24982,29.84064,251.95386,247.83358,15.656578,4.713859,-28.82112,8.84941,-1.08776,50,4.03003,11.68923,-110.2662,1.69249,-36.42966,14.70517,-20.98846,FOR_RAM,,FordhamUniversity,,,20260916-FordhamUniversity-BP-1,c48a6940-b202-11f1-9cb4-878818705a31,92.27606,76.70105,,4.16247,,,,1.81446,2.58136,0.3927,721cb527-4b34-4d12-a0fc-997a8ba63409,2026-09-16,19:14:10.80,2026-09-16T15:14:10.8092416-04:00,2026-09-16T19:14:10.8092416Z,FlyBall,v3,471298,,,,,Undefined,FOR_RAM,6bdef0ef-3c65-456c-93e6-7a99e0e7d56a,44.95036,-109.59071,7.35259,4.08563,0.72837,-10.49423,-0.58924,10.01581,-18.21483,181.508269,1.81669,80.32311,-15.93029,3.90674,-0.44873,-0.07993,0.04197,-0.00637,0.00034,2.57839,69.63029,-18.1563,1.12776,-0.24617,0.06487,-0.00628,-0.0005,8E-05,0.39342,22.42461,-4.11727,0.91338,-0.06876,-0.03602,0.01382,-0.00195,0.0001,,,,,,,,,,,,,,,,,,,,,,,Low,Low,Low,High,High,,,
312,2026-09-16,15:14:16.79,,,,,Undefined,FOR_RAM,"Dowd, Aidan",1000142838,Right,FOR_RAM,Undefined,1,Bottom,0,0,0,Undefined,,Undefined,Undefined,Undefined,Undefined,0,0,,76.24626,0.574972,-5.216626,3427.487899,,,3.7307,0.41069,15.50264,,,,1.98179,-0.45161,70.95118,-5.330513,2.95218,0.405511,,,,,,,,,,,,-30.01529,4.30429,-0.88123,50,3.65705,11.58783,-112.30188,2.27074,-38.52104,19.39611,-26.64998,FOR_RAM,,FordhamUniversity,,,20260916-FordhamUniversity-BP-1,c80e86f0-b202-11f1-9cb4-878818705a31,92.95057,,,5.29508,,,,,,,721cb527-4b34-4d12-a0fc-997a8ba63409,2026-09-16,19:14:16.79,2026-09-16T15:14:16.7948800-04:00,2026-09-16T19:14:16.7948800Z,,v3,471298,,,,,Undefined,FOR_RAM,e73097f9-bffe-4bb2-9e23-bac50ec3fe01,45.0058,-111.43597,9.69805,3.73186,1.08099,-13.32499,-0.40229,9.86812,-19.26052,,,,,,,,,,,,,,,,,,,,,,,,,,,,,,,,,,,,,,,,,,,,,,,,,,,Low,Low,Low,,,,,
313,2026-09-16,15:14:27.19,,,,,Undefined,FOR_RAM,"Dean, Mason",1000150670,Left,FOR_RAM,Undefined,1,Bottom,0,0,0,Undefined,,Undefined,Undefined,LineDrive,Undefined,0,0,,76.81609,-0.724416,-5.146988,3305.368284,,,3.99784,0.51826,,,,,2.27104,-0.58187,70.93492,-3.95783,2.276,0.406891,100.05031,14.994047,21.903765,1672.362874,100.67016,27.79471,44.33354,358.26966,343.04776,27.682012,3.788764,-27.32131,13.9967,-0.94613,50,4.04058,11.27708,-113.0752,-0.78322,-35.32337,20.89012,-14.07789,FOR_RAM,,FordhamUniversity,,,20260916-FordhamUniversity-BP-1,ce3a6c10-b202-11f1-9cb4-878818705a31,92.63512,37.49632,,5.88117,,,,1.92309,2.10526,0.50461,721cb527-4b34-4d12-a0fc-997a8ba63409,2026-09-16,19:14:27.19,2026-09-16T15:14:27.1916544-04:00,2026-09-16T19:14:27.1916544Z,LineDrive,v3,471298,,,,,Undefined,FOR_RAM,e49a1c76-4aef-4a26-b6ab-31d2a297be68,45.34513,-112.21194,10.44506,3.9962,-1.36497,-7.03894,-0.51028,9.81739,-17.66169,206.291172,1.92295,131.51571,-25.2189,6.00791,-1.27622,0.25191,-0.04315,0.00527,-0.0003,2.10556,37.95636,-8.68658,-1.71659,0.79111,-0.23714,0.05147,-0.00635,0.00031,0.50451,52.88032,-2.91826,-0.13887,0.18559,-0.05383,0.00923,-0.00092,4E-05,,,,,,,,,,,,,,,,,,,,,,,Low,Low,Low,Medium,Medium,,,
314,2026-09-16,15:14:34.17,,,,,Undefined,FOR_RAM,"Dean, Mason",1000150670,Left,FOR_RAM,Undefined,1,Bottom,0,0,0,Undefined,,Undefined,Undefined,LineDrive,Undefined,0,0,,75.46075,0.008619,-4.362809,3502.317793,,,4.10362,0.39698,15.43451,,,,2.68411,-0.02633,70.6333,-3.887393,3.250017,0.408689,98.76493,11.203665,21.652779,1026.829607,101.41474,19.54676,42.60339,293.89679,286.60468,25.443407,2.751593,-27.62431,11.79627,-0.78552,50,4.08332,9.70119,-111.18879,0.81642,-35.02725,17.53289,-17.21655,FOR_RAM,,FordhamUniversity,,,20260916-FordhamUniversity-BP-1,d25e2520-b202-11f1-9cb4-878818705a31,92.22764,22.12229,,4.82745,,,,1.72814,2.70504,0.17418,721cb527-4b34-4d12-a0fc-997a8ba63409,2026-09-16,19:14:34.17,2026-09-16T15:14:34.1761024-04:00,2026-09-16T19:14:34.1761024Z,LineDrive,v3,471298,,,,,Undefined,FOR_RAM,3b79a187-ece8-4265-be02-52341ab6ba98,45.07336,-110.4092,8.76645,4.10261,0.05089,-8.60827,-0.38879,8.14371,-17.51363,,1.72811,132.07013,-21.8069,4.87841,-0.93756,0.15675,-0.02177,0.0021,-9E-05,2.70512,28.13809,-8.99934,-1.3948,0.50298,-0.10893,0.01416,-0.00043,-7E-05,0.17418,52.43011,-3.94651,0.79351,-0.10754,0.00933,-0.00025,-3E-05,0,,,,,,,,,,,,,,,,,,,,,,,Low,Low,Low,High,Medium,,,
315,2026-09-16,15:14:39.12,,,,,Undefined,FOR_RAM,"Dean, Mason",1000150670,Left,FOR_RAM,Undefined,1,Bottom,0,0,0,Undefined,Slider,Undefined,Undefined,LineDrive,Undefined,0,0,,75.25503,-2.179451,-0.180701,3406.440258,178.17451,12:00,4.35074,0.15389,15.44352,-14.01654,19.20308,-0.57787,1.52164,-0.03192,68.83684,-5.448391,-0.30713,0.414829,84.25809,16.538237,19.719359,2133.149622,104.28569,26.763,34.99166,272.95784,256.9553,17.363126,3.235709,0.37929,15.7082,-0.16931,50,4.51982,0.33188,-111.16928,-3.54401,0.46478,23.79864,-12.92556,FOR_RAM,,FordhamUniversity,,,20260916-FordhamUniversity-BP-1,d56a53b0-b202-11f1-9cb4-878818705a31,90.86268,29.84077,,6.41819,,,,1.87314,1.67144,-0.01697,721cb527-4b34-4d12-a0fc-997a8ba63409,2026-09-16,19:14:39.12,2026-09-16T15:14:39.1254528-04:00,2026-09-16T19:14:39.1254528Z,LineDrive,v3,471298,,,,,Undefined,FOR_RAM,adc68971-066f-47d9-bcb6-6e81903268aa,45.05747,-110.10612,11.89932,4.3486,-4.12143,-6.46278,-0.15403,0.35264,0.23239,170.44253,1.87318,111.51712,-17.26639,3.77301,-0.67329,0.08909,-0.00507,-0.00076,0.00013,1.67135,35.18108,-10.21674,-0.86378,0.29948,-0.02985,-0.01074,0.0045,-0.00049,-0.01695,39.97116,-8.09556,1.8094,-0.3416,0.04904,-0.00359,-0.00026,6E-05,,,,,,,,,,,,,,,,,,,,,,,High,High,High,High,High,,,
316,2026-09-16,15:14:45.52,,,,,Undefined,FOR_RAM,"Dean, Mason",1000150670,Left,FOR_RAM,Undefined,1,Bottom,0,0,0,Undefined,,Undefined,Undefined,FlyBall,Undefined,0,0,,75.37532,-0.767898,-5.074364,3409.056492,,,3.94049,0.48029,15.22846,,,,2.31031,-0.70619,68.65718,-3.712658,1.972865,0.416868,88.37036,40.752426,32.203238,2405.387664,93.0842,85.69742,58.61166,324.55826,320.98043,32.479364,5.554705,-26.03946,16.42119,-0.90224,50,3.98553,10.79618,-111.05183,-0.86634,-31.92312,23.28013,-12.04243,FOR_RAM,,FordhamUniversity,,,20260916-FordhamUniversity-BP-1,d933b7c0-b202-11f1-9cb4-878818705a31,90.41808,108.84325,,6.71814,,,,2.74832,2.48522,0.52608,721cb527-4b34-4d12-a0fc-997a8ba63409,2026-09-16,19:14:45.52,2026-09-16T15:14:45.5221760-04:00,2026-09-16T19:14:45.5221760Z,FlyBall,v3,471298,,,,,Undefined,FOR_RAM,21904bdf-8145-4333-a11e-1b38d873880e,45.27631,-110.05714,11.64006,3.93752,-1.38088,-6.02122,-0.47009,9.43219,-15.96156,,2.75255,82.99444,-17.62537,4.41592,-0.65527,0.01668,0.01286,-0.00205,0.0001,2.48069,84.68566,-18.7961,0.91527,-0.05606,-0.01887,0.01007,-0.00172,0.0001,0.52907,52.26599,-9.93876,2.2289,-0.25645,-0.02003,0.01163,-0.00149,7E-05,,,,,,,,,,,,,,,,,,,,,,,Low,Low,Low,High,Medium,,,
317,2026-09-16,15:15:00.68,,,,,Undefined,FOR_RAM,"Kaufman, Taylor",10314665,Right,FOR_RAM,Undefined,1,Bottom,0,0,0,Undefined,,Undefined,Undefined,Undefined,Undefined,0,0,,78.97275,-2.892314,-3.847869,3151.10436,,,4.83289,0.52035,14.93651,,,,1.49145,0.40578,67.64688,-6.116437,3.550687,0.414154,,,,,,,,,,,,-27.266,16.74682,-0.80412,50,5.03859,8.48217,-116.6665,-5.2613,-33.9874,41.31063,-11.29893,FOR_RAM,,FordhamUniversity,,,20260916-FordhamUniversity-BP-1,e24c0e70-b202-11f1-9cb4-878818705a31,91.01066,,,11.32587,,,,,,,721cb527-4b34-4d12-a0fc-997a8ba63409,2026-09-16,19:15:00.68,2026-09-16T15:15:00.6855680-04:00,2026-09-16T19:15:00.6855680Z,,v3,471298,,,,,Undefined,FOR_RAM,ca7e0aa9-8585-4cfc-ac44-eb93442a7f56,45.56032,-115.08371,20.65531,4.82871,-5.69421,-5.64946,-0.50407,7.17997,-16.9937,,,,,,,,,,,,,,,,,,,,,,,,,,,,,,,,,,,,,,,,,,,,,,,,,,,Low,Low,Low,,,,,
318,2026-09-16,15:15:07.12,,,,,Undefined,FOR_RAM,"Kaufman, Taylor",10314665,Right,FOR_RAM,Undefined,1,Bottom,0,0,0,Undefined,Slider,Undefined,Undefined,LineDrive,Undefined,0,0,,75.46435,-1.522651,-0.378761,3382.339194,175.558756,11:45,4.12624,0.07207,25.61286,-8.97126,9.92997,-0.73736,2.48876,-0.21068,70.77949,-4.190686,-0.589101,0.312908,98.34326,21.47823,-7.082085,1992.946068,109.57824,38.56077,-9.62305,345.87584,345.87584,0.249244,3.934163,0.82457,13.40296,-0.16201,50,4.38237,0.59409,-113.60028,-0.90543,1.06662,22.77485,-14.83658,FOR_RAM,,FordhamUniversity,,,20260916-FordhamUniversity-BP-1,e5fabe90-b202-11f1-9cb4-878818705a31,120.4586,50.6614,,4.68487,,,,2.5123,2.56809,0.19948,721cb527-4b34-4d12-a0fc-997a8ba63409,2026-09-16,19:15:07.12,2026-09-16T15:15:07.1204864-04:00,2026-09-16T19:15:07.1204864Z,LineDrive,v3,471298,,,,,Undefined,FOR_RAM,e00deda4-7720-4e1d-8c28-695cd7e44826,34.89095,-110.52969,11.38742,4.12545,-2.90575,-7.41829,-0.07221,0.7379,0.53331,207.919395,2.51292,133.17895,-22.9671,5.21544,-1.04165,0.18923,-0.02836,0.00278,-0.00012,2.56705,52.83961,-15.85853,1.03004,-0.22484,0.03807,-0.00276,4E-05,0,0.19945,-16.5469,7.62821,-1.56033,0.30341,-0.04447,0.00315,0.00024,-5E-05,,,,,,,,,,,,,,,,,,,,,,,High,High,High,High,High,,,
319,2026-09-16,15:15:13.58,,,,,Undefined,FOR_RAM,"Kaufman, Taylor",10314665,Right,FOR_RAM,Undefined,1,Bottom,0,0,0,Undefined,Slider,Undefined,Undefined,Undefined,Undefined,0,0,,76.51384,-1.212872,0.369817,3478.822008,164.39336,11:30,4.33,0.08477,15.37819,-12.58331,19.54521,-5.17957,2.35592,-0.06472,70.04324,-4.162269,-0.761459,0.407959,,,,,,,,,,,,4.04488,15.54438,-0.05232,50,4.41513,-0.8947,-113.04388,-1.75148,5.14169,24.0004,-12.41475,FOR_RAM,,FordhamUniversity,,,20260916-FordhamUniversity-BP-1,ea0a7a70-b202-11f1-9cb4-878818705a31,92.39265,,,6.47061,,,,,,,721cb527-4b34-4d12-a0fc-997a8ba63409,2026-09-16,19:15:13.58,2026-09-16T15:15:13.5885824-04:00,2026-09-16T19:15:13.5885824Z,,v3,471298,,,,,Undefined,FOR_RAM,03ea3288-c813-4f1b-b217-3f018c5c8328,45.12267,-112.00359,12.0002,4.32755,-2.2896,-6.20738,-0.08627,-0.67183,2.57084,,,,,,,,,,,,,,,,,,,,,,,,,,,,,,,,,,,,,,,,,,,,,,,,,,,High,High,High,,,,,
320,2026-09-16,15:15:33.41,,,,,Undefined,FOR_RAM,"Markey, Tommy",10084492,Left,FOR_RAM,Undefined,1,Bottom,0,0,0,Undefined,Changeup,Undefined,Undefined,LineDrive,Undefined,0,0,,77.75361,-1.197303,-0.423748,1666.861749,156.442904,11:15,4.36753,0.1216,15.37715,-8.83063,22.48757,-9.35335,2.71803,-0.98114,70.69587,-3.338422,-2.465694,0.402782,84.32709,17.883292,11.533415,1288.846263,108.0174,28.92062,20.79029,264.76732,262.82364,9.797181,3.136381,6.89583,17.74403,-0.15677,50,4.45136,0.56299,-114.92447,-1.86333,8.98674,26.37322,-9.04978,FOR_RAM,,FordhamUniversity,,,20260916-FordhamUniversity-BP-1,f5ae5e00-b202-11f1-9cb4-878818705a31,93.5803,31.41152,,7.05773,,,,1.90832,2.61561,0.59904,721cb527-4b34-4d12-a0fc-997a8ba63409,2026-09-16,19:15:33.41,2026-09-16T15:15:33.4111744-04:00,2026-09-16T19:15:33.4111744Z,LineDrive,v3,471298,,,,,Undefined,FOR_RAM,d6df1cd6-967b-4b76-9738-15d348f00029,45.12301,-113.79977,13.18661,4.36367,-2.24926,-4.52489,-0.12459,0.94623,4.49337,170.443799,1.90836,115.32543,-18.60398,4.25257,-0.79173,0.11187,-0.00836,-0.00052,0.00013,2.61552,37.9827,-12.13701,-0.56055,0.25726,-0.03223,-0.00822,0.00395,-0.00044,0.59905,23.53311,-5.49546,1.36214,-0.28297,0.04723,-0.00535,0.00022,2E-05,,,,,,,,,,,,,,,,,,,,,,,High,Medium,Medium,High,High,,,
321,2026-09-16,15:15:38.65,,,,,Undefined,FOR_RAM,"Markey, Tommy",10084492,Left,FOR_RAM,Undefined,1,Bottom,0,0,0,Undefined,,Undefined,Undefined,LineDrive,Undefined,0,0,,76.97436,-1.997257,-4.521372,3325.879219,,,4.51254,0.56119,15.72734,,,,2.67978,-0.71239,69.26054,-3.085662,1.15302,0.405929,94.83603,14.300901,20.269928,1098.377297,101.62822,24.40439,42.09139,296.77792,283.16876,27.037872,2.978733,-21.53832,22.6143,-0.97892,50,4.67596,9.84727,-113.62098,-3.56988,-27.19978,27.39833,-3.6155,FOR_RAM,,FordhamUniversity,,,20260916-FordhamUniversity-BP-1,f8ce62b0-b202-11f1-9cb4-878818705a31,92.85481,27.90573,,7.71381,,,,2.13519,2.70163,0.34163,721cb527-4b34-4d12-a0fc-997a8ba63409,2026-09-16,19:15:38.65,2026-09-16T15:15:38.6526208-04:00,2026-09-16T19:15:38.6526208Z,LineDrive,v3,471298,,,,,Undefined,FOR_RAM,33bd9534-b0be-4026-b109-b1ff26c4a246,44.7755,-112.35409,13.69916,4.50702,-3.73706,-1.80775,-0.55267,8.58956,-13.59989,,2.13519,126.43552,-22.51973,5.25879,-1.05951,0.1928,-0.03096,0.00359,-0.0002,2.70163,34.35769,-10.80895,-1.12998,0.50736,-0.13987,0.0272,-0.00306,0.00015,0.34162,46.69455,-0.81777,0.02832,0.07188,-0.02865,0.00632,-0.00079,5E-05,,,,,,,,,,,,,,,,,,,,,,,Low,Low,Low,High,Medium,,,
322,2026-09-16,15:15:49.36,,,,,Undefined,FOR_RAM,"Markey, Tommy",10084492,Left,FOR_RAM,Undefined,1,Bottom,0,0,0,Undefined,Slider,Undefined,Undefined,LineDrive,Undefined,0,0,,75.87354,-1.729963,0.032376,3430.393105,171.235752,11:45,4.37291,0.12743,15.36004,-10.64583,22.57521,-3.29484,2.165,-0.12243,68.41276,-4.297709,-0.686883,0.414838,85.96835,22.795817,-21.140267,3372.107898,100.44473,34.65821,-44.84212,249.10741,249.10741,-29.518712,3.188951,2.48276,18.04343,-0.1247,50,4.4997,-0.15619,-112.14851,-2.78539,3.04922,27.01334,-10.01379,FOR_RAM,,FordhamUniversity,,,20260916-FordhamUniversity-BP-1,ff4a63a0-b202-11f1-9cb4-878818705a31,90.8607,36.83158,,7.46078,,,,1.04754,2.06117,0.03244,721cb527-4b34-4d12-a0fc-997a8ba63409,2026-09-16,19:15:49.36,2026-09-16T15:15:49.3624832-04:00,2026-09-16T19:15:49.3624832Z,LineDrive,v3,471298,,,,,Undefined,FOR_RAM,ad4dd59a-a677-494d-af18-30e65f231889,45.13848,-110.97134,13.50667,4.36881,-3.22177,-5.0069,-0.12862,-0.02332,1.52461,,1.04757,108.41411,-21.62216,4.69792,-1.00616,0.20052,-0.03254,0.0034,-0.00016,2.06119,48.85102,-19.55222,2.16939,-0.45191,0.05965,0.0036,-0.00291,0.00034,0.03243,-41.92122,1.99977,-0.46985,0.08136,-0.00601,-0.00289,0.00109,-0.00011,,,,,,,,,,,,,,,,,,,,,,,High,High,High,Medium,Medium,,,
323,2026-09-16,15:16:01.11,,,,,Undefined,FOR_RAM,"Crang, Mason",10913432,Right,FOR_RAM,Undefined,1,Bottom,0,0,0,Undefined,,Undefined,Undefined,Undefined,Undefined,0,0,,77.26768,0.029457,-5.167687,3403.806627,,,4.02979,0.49559,15.44316,,,,2.68945,-0.53256,70.76837,-3.747065,2.467035,0.403529,,,,,,,,,,,,-28.19285,11.75335,-0.94928,50,4.00796,11.44568,-113.87654,0.84055,-36.56737,23.30307,-16.92946,FOR_RAM,,FordhamUniversity,,,20260916-FordhamUniversity-BP-1,062acbb0-b203-11f1-9cb4-878818705a31,93.40705,,,6.49931,,,,,,,721cb527-4b34-4d12-a0fc-997a8ba63409,2026-09-16,19:16:01.11,2026-09-16T15:16:01.1192832-04:00,2026-09-16T19:16:01.1192832Z,,v3,471298,,,,,Undefined,FOR_RAM,0bcdb793-9e29-4957-be3c-1117d250ad62,45.063,-112.86174,11.65154,4.02851,0.1033,-8.46473,-0.48552,9.85325,-18.28368,,,,,,,,,,,,,,,,,,,,,,,,,,,,,,,,,,,,,,,,,,,,,,,,,,,Low,Low,Low,,,,,
324,2026-09-16,15:16:05.84,,,,,Undefined,FOR_RAM,"Caron, Michael",1000322224,Right,FOR_RAM,Undefined,1,Bottom,0,0,0,Undefined,,Undefined,Undefined,Undefined,Undefined,0,0,,79.49684,-4.097045,-3.30132,3230.986253,,,4.81417,0.29381,14.69545,,,,1.15573,0.1997,67.68302,-5.695252,3.053083,0.414953,,,,,,,,,,,,-22.77139,22.60596,-0.51222,50,5.08897,7.10023,-117.14101,-7.83955,-28.56667,41.96513,-3.81491,FOR_RAM,,FordhamUniversity,,,20260916-FordhamUniversity-BP-1,090a44f0-b203-11f1-9cb4-878818705a31,90.83544,,,11.81382,,,,,,,721cb527-4b34-4d12-a0fc-997a8ba63409,2026-09-16,19:16:05.84,2026-09-16T15:16:05.8447360-04:00,2026-09-16T19:16:05.8447360Z,,v3,471298,,,,,Undefined,FOR_RAM,9b22e273-1321-4247-a7a6-4d9c56e92ed2,45.79582,-115.62507,20.98257,4.80329,-7.97736,-1.90745,-0.27437,6.06829,-14.28334,,,,,,,,,,,,,,,,,,,,,,,,,,,,,,,,,,,,,,,,,,,,,,,,,,,Low,Low,Low,,,,,
325,2026-09-16,15:16:10.77,,,,,Undefined,FOR_RAM,"Caron, Michael",1000322224,Right,FOR_RAM,Undefined,1,Bottom,0,0,0,Undefined,,Undefined,Undefined,GroundBall,Undefined,0,0,,75.94052,0.369542,-5.194071,3335.078502,,,3.7892,0.46781,15.49522,,,,2.48699,-0.52667,70.14264,-3.9764,2.57892,0.408403,91.12148,3.81258,22.61792,2476.694671,,,,79.83717,74.94454,23.540213,0.629043,-28.68061,10.24941,-0.93286,50,3.73626,11.39577,-111.86784,1.59932,-36.27098,20.56145,-19.21211,FOR_RAM,,FordhamUniversity,,,20260916-FordhamUniversity-BP-1,0bf99cb0-b203-11f1-9cb4-878818705a31,92.29221,3.21621,,5.79788,,,,3.3386,2.27517,0.38832,721cb527-4b34-4d12-a0fc-997a8ba63409,2026-09-16,19:16:10.77,2026-09-16T15:16:10.7773952-04:00,2026-09-16T19:16:10.7773952Z,GroundBall,v3,471298,,,,,Undefined,FOR_RAM,574a2a7e-3d62-431a-8373-9f803912c2b7,45.01183,-110.94722,10.28073,3.78862,0.73912,-9.60605,-0.45898,9.77177,-18.13549,,3.3747,122.31551,-18.08638,,,,,,,2.30302,8.28671,-19.05926,,,,,,,0.38421,51.37448,-2.04955,,,,,,,,,,,,,,,,,,,,,,,,,,,,,Low,Low,Low,High,High,,,
326,2026-09-16,15:16:15.57,,,,,Undefined,FOR_RAM,"Caron, Michael",1000322224,Right,FOR_RAM,Undefined,1,Bottom,0,0,0,Undefined,Slider,Undefined,Undefined,GroundBall,Undefined,0,0,,76.35625,-1.467953,0.111118,3276.446293,170.256489,11:45,4.38352,0.12289,15.31512,-10.56567,22.17785,-3.61154,2.38127,-0.09318,69.07361,-4.005532,-0.676475,0.411845,84.01996,-7.166656,29.882318,,,,,22.65411,17.44598,26.479684,0.186237,2.75421,17.61221,-0.11339,50,4.48809,-0.32347,-112.85467,-2.30591,3.43995,26.5726,-10.17681,FOR_RAM,,FordhamUniversity,,,20260916-FordhamUniversity-BP-1,0eec4fd0-b203-11f1-9cb4-878818705a31,91.52086,2.91389,,7.28264,,,,0.96889,2.91389,-1.80923,721cb527-4b34-4d12-a0fc-997a8ba63409,2026-09-16,19:16:15.57,2026-09-16T15:16:15.5701248-04:00,2026-09-16T19:16:15.5701248Z,GroundBall,v3,471298,,,,,Undefined,FOR_RAM,ba3cb722-ce5a-47e9-9bdc-78da51eb59fc,45.18422,-111.715,13.2863,4.37984,-2.74238,-5.08841,-0.1241,-0.17594,1.71998,,0.96852,106.03718,-12.64862,,,,,,,2.91388,-15.37243,-1.46902,,,,,,,-1.80976,60.95359,16.13112,,,,,,,,,,,,,,,,,,,,,,,,,,,,,High,High,High,Low,Low,,,
327,2026-09-16,15:16:34.21,,,,,Undefined,FOR_RAM,"Caron, Michael",1000322224,Right,FOR_RAM,Undefined,1,Bottom,0,0,0,Undefined,Slider,Undefined,Undefined,Undefined,Undefined,0,0,,75.18737,-2.013679,0.3574,3438.123332,160.456863,11:15,4.14806,0.0833,25.92229,-3.53469,15.218,-5.23953,2.68732,-0.14644,70.21919,-3.151562,-1.150528,0.311676,,,,,,,,,,,,6.77788,20.44159,0.08177,50,4.6047,-1.80997,-113.29788,-2.91936,8.6846,23.4494,-5.98189,FOR_RAM,,FordhamUniversity,,,20260916-FordhamUniversity-BP-1,1a3df4b0-b203-11f1-9cb4-878818705a31,120.93464,,,4.96818,,,,,,,721cb527-4b34-4d12-a0fc-997a8ba63409,2026-09-16,19:16:34.21,2026-09-16T15:16:34.2130176-04:00,2026-09-16T19:16:34.2130176Z,,v3,471298,,,,,Undefined,FOR_RAM,dc2405c4-de34-4a72-ac4a-09bcf554cdfb,34.58012,-110.06015,11.7247,4.14459,-3.7453,-2.99094,-0.08535,-0.61086,4.3423,,,,,,,,,,,,,,,,,,,,,,,,,,,,,,,,,,,,,,,,,,,,,,,,,,,High,Medium,Medium,,,,,
328,2026-09-16,15:16:39.17,,,,,Undefined,FOR_RAM,"Caron, Michael",1000322224,Right,FOR_RAM,Undefined,1,Bottom,0,0,0,Undefined,Slider,Undefined,Undefined,Undefined,Undefined,0,0,,74.74114,-1.733164,-0.599496,3274.627034,182.063562,12:00,4.10741,0.08171,25.45841,-7.25461,12.16237,0.42232,2.48517,-0.235,70.19209,-3.903231,-0.4796,0.317148,,,,,,,,,,,,-0.71705,16.21702,-0.24381,50,4.44168,1.26468,-112.40594,-1.70713,-0.9107,21.76841,-11.57736,FOR_RAM,,FordhamUniversity,,,20260916-FordhamUniversity-BP-1,1cd03850-b203-11f1-9cb4-878818705a31,118.84799,,,4.54905,,,,,,,721cb527-4b34-4d12-a0fc-997a8ba63409,2026-09-16,19:16:39.17,2026-09-16T15:16:39.1742464-04:00,2026-09-16T19:16:39.1742464Z,,v3,471298,,,,,Undefined,FOR_RAM,615059ea-7387-4dbb-8956-4a8d4cc95115,35.0459,-109.47165,10.88421,4.10638,-3.26771,-5.78868,-0.08161,1.14192,-0.45535,,,,,,,,,,,,,,,,,,,,,,,,,,,,,,,,,,,,,,,,,,,,,,,,,,,High,High,High,,,,,
329,2026-09-16,15:16:44.50,,,,,Undefined,FOR_RAM,"Caron, Michael",1000322224,Right,FOR_RAM,Undefined,1,Bottom,0,0,0,Undefined,Slider,Undefined,Undefined,Undefined,Undefined,0,0,,73.76779,-1.597767,0.240646,3245.201803,155.966357,11:15,4.0816,0.06842,25.69134,-9.53272,9.94922,-4.26481,2.3556,-0.1467,69.93799,-4.415034,-0.978904,0.317678,,,,,,,,,,,,5.55693,13.47615,0.05566,50,4.34787,-1.38096,-110.64532,-0.85539,6.93272,18.56208,-15.36147,FOR_RAM,,FordhamUniversity,,,20260916-FordhamUniversity-BP-1,201b1d90-b203-11f1-9cb4-878818705a31,118.64975,,,3.8298,,,,,,,721cb527-4b34-4d12-a0fc-997a8ba63409,2026-09-16,19:16:44.50,2026-09-16T15:16:44.5027328-04:00,2026-09-16T19:16:44.5027328Z,,v3,471298,,,,,Undefined,FOR_RAM,6d4c369d-d2dc-42f1-9257-0e4d6ee54c64,34.81304,-108.06749,9.28104,4.08095,-2.98872,-7.68074,-0.06927,-0.41817,3.46636,,,,,,,,,,,,,,,,,,,,,,,,,,,,,,,,,,,,,,,,,,,,,,,,,,,High,Medium,Medium,,,,,
330,2026-09-16,15:16:48.85,,,,,Undefined,FOR_RAM,"Dean, Mason",1000150670,Left,FOR_RAM,Undefined,1,Bottom,0,0,0,Undefined,Slider,Undefined,Undefined,GroundBall,Undefined,0,0,,75.79662,-2.166913,-1.028263,3426.741053,168.300873,11:30,4.36745,0.16602,15.42627,-16.15946,17.10906,-3.29036,1.36844,-0.89187,68.41001,-5.931028,-1.747724,0.415134,,,,,,,,,,,,2.1024,14.23627,-0.25372,50,4.53434,1.90937,-112.0647,-3.48781,2.56932,27.59624,-14.7759,FOR_RAM,,FordhamUniversity,,,20260916-FordhamUniversity-BP-1,22adfd70-b203-11f1-9cb4-878818705a31,90.79585,,,7.38661,,,,,,,721cb527-4b34-4d12-a0fc-997a8ba63409,2026-09-16,19:16:48.85,2026-09-16T15:16:48.8562176-04:00,2026-09-16T19:16:48.8562176Z,,v3,471298,,,,,Undefined,FOR_RAM,dd5efb01-63bf-4079-81d8-81ebc0a597a0,45.07382,-110.84498,13.79812,4.36575,-4.14089,-7.38795,-0.16682,2.02293,1.28466,,,,,,,,,,,,,,,,,,,,,,,,,,,,,,,,,,,,,,,,,,,,,,,,,,,High,High,High,,,,,
331,2026-09-16,15:17:03.14,,,,,Undefined,FOR_RAM,"Dean, Mason",1000150670,Left,FOR_RAM,Undefined,1,Bottom,0,0,0,Undefined,,Undefined,Undefined,Undefined,Undefined,0,0,,79.63825,-3.469268,-4.156286,3381.125271,,,4.68125,0.4216,14.87438,,,,1.38981,-0.22743,67.78517,-5.413315,2.470328,0.412432,,,,,,,,,,,,-23.96635,20.83741,-0.71054,50,4.91928,8.86571,-117.34447,-6.50617,-30.22035,41.80567,-5.89911,FOR_RAM,,FordhamUniversity,,,20260916-FordhamUniversity-BP-1,2b6e7020-b203-11f1-9cb4-878818705a31,91.39079,,,11.85308,,,,,,,721cb527-4b34-4d12-a0fc-997a8ba63409,2026-09-16,19:17:03.14,2026-09-16T15:17:03.1458816-04:00,2026-09-16T19:17:03.1458816Z,,v3,471298,,,,,Undefined,FOR_RAM,c7792838-808f-4be7-bb92-707f11c2c83b,45.61525,-115.7718,20.90284,4.67035,-6.72809,-2.94956,-0.39841,7.72886,-15.11018,,,,,,,,,,,,,,,,,,,,,,,,,,,,,,,,,,,,,,,,,,,,,,,,,,,Low,Low,Low,,,,,
332,2026-09-16,15:17:08.48,,,,,Undefined,FOR_RAM,"Dean, Mason",1000150670,Left,FOR_RAM,Undefined,1,Bottom,0,0,0,Undefined,Slider,Undefined,Undefined,FlyBall,Undefined,0,0,,76.74541,-1.174478,0.321524,3091.951822,138.078964,10:30,4.36601,0.04397,15.27534,-9.42048,23.568,-19.99281,2.6827,-1.37622,68.40788,-3.496556,-4.032878,0.413383,96.35853,27.91305,32.349929,2984.662475,90.80602,55.62196,62.08249,365.39236,309.97994,39.367651,5.002311,15.04824,18.55466,-0.01923,50,4.44384,-1.16006,-113.58258,-1.75773,18.65271,30.68823,-9.17502,FOR_RAM,,FordhamUniversity,,,20260916-FordhamUniversity-BP-1,2e977580-b203-11f1-9cb4-878818705a31,91.18045,78.28016,,8.33753,,,,2.73322,2.74439,0.68474,721cb527-4b34-4d12-a0fc-997a8ba63409,2026-09-16,19:17:08.48,2026-09-16T15:17:08.4888576-04:00,2026-09-16T19:17:08.4888576Z,FlyBall,v3,471298,,,,,Undefined,FOR_RAM,2f135e27-e89a-4b0e-a6f0-327dbb7c620b,45.22357,-112.28464,15.34411,4.36129,-2.14578,-4.58751,-0.05161,-0.37116,9.32635,,2.73627,105.43479,-25.75017,6.67754,-1.22216,0.13075,-0.00275,-0.00076,5E-05,2.74247,66.19349,-14.49576,-0.69726,0.57608,-0.19838,0.04686,-0.00622,0.00033,0.68583,66.80151,-9.10273,1.73824,-0.17083,-0.01729,0.00842,-0.00102,4E-05,,,,,,,,,,,,,,,,,,,,,,,High,High,High,High,Medium,,,
333,2026-09-16,15:17:49.23,,,,,Undefined,FOR_RAM,"Kaufman, Taylor",10314665,Right,FOR_RAM,Undefined,1,Bottom,0,0,0,Undefined,,Undefined,Undefined,LineDrive,Undefined,0,0,,77.66421,-1.023277,-4.557747,3401.138759,,,4.27515,0.53252,15.32866,,,,2.1668,-0.03344,70.75011,-4.699532,3.075662,0.403824,104.12032,12.442369,-25.141077,1540.926182,99.00167,12.96514,-47.94293,191.95554,163.05736,-27.560666,1.534217,-27.74379,12.41497,-0.91668,50,4.34265,10.14976,-114.57094,-1.29815,-36.08045,25.42994,-16.02854,FOR_RAM,,FordhamUniversity,,,20260916-FordhamUniversity-BP-1,46a43a50-b203-11f1-9cb4-878818705a31,93.33884,13.18655,,6.9141,,,,1.91791,2.23112,0.5393,721cb527-4b34-4d12-a0fc-997a8ba63409,2026-09-16,19:17:49.23,2026-09-16T15:17:49.2351488-04:00,2026-09-16T19:17:49.2351488Z,LineDrive,v3,471298,,,,,Undefined,FOR_RAM,9fe47902-df0f-4d15-b940-b86fb73915a3,45.17655,-113.49529,12.71497,4.27341,-1.97614,-8.01427,-0.51964,8.62361,-18.04022,,1.91791,134.99565,-19.57772,2.66219,-0.55618,0.10635,-0.02091,0.00352,-0.00031,2.23112,32.90241,-27.14245,4.16039,-0.96483,0.2367,-0.0509,0.00884,-0.00084,0.5393,-63.35464,4.52788,-1.04955,0.24092,-0.05681,0.01255,-0.00222,0.00021,,,,,,,,,,,,,,,,,,,,,,,Low,Low,Low,Low,Medium,,,