PitchNo,Date,Time,PAofInning,PitchofPA,Pitcher,PitcherId,PitcherThrows,PitcherTeam,Batter,BatterId,BatterSide,BatterTeam,PitcherSet,Inning,Top/Bottom,Outs,Balls,Strikes,TaggedPitchType,AutoPitchType,PitchCall,KorBB,TaggedHitType,PlayResult,OutsOnPlay,RunsScored,Notes,RelSpeed,VertRelAngle,HorzRelAngle,SpinRate,SpinAxis,Tilt,RelHeight,RelSide,Extension,VertBreak,InducedVertBreak,HorzBreak,PlateLocHeight,PlateLocSide,ZoneSpeed,VertApprAngle,HorzApprAngle,ZoneTime,ExitSpeed,Angle,Direction,HitSpinRate,PositionAt110X,PositionAt110Y,PositionAt110Z,Distance,LastTrackedDistance,Bearing,HangTime,pfxx,pfxz,x0,y0,z0,vx0,vy0,vz0,ax0,ay0,az0,HomeTeam,AwayTeam,Stadium,Level,League,GameID,PitchUID,EffectiveVelo,MaxHeight,MeasuredDuration,SpeedDrop,PitchLastMeasuredX,PitchLastMeasuredY,PitchLastMeasuredZ,ContactPositionX,ContactPositionY,ContactPositionZ,GameUID,UTCDate,UTCTime,LocalDateTime,UTCDateTime,AutoHitType,System,HomeTeamForeignID,AwayTeamForeignID,GameForeignID,Catcher,CatcherId,CatcherThrows,CatcherTeam,PlayID,PitchTrajectoryXc0,PitchTrajectoryXc1,PitchTrajectoryXc2,PitchTrajectoryYc0,PitchTrajectoryYc1,PitchTrajectoryYc2,PitchTrajectoryZc0,PitchTrajectoryZc1,PitchTrajectoryZc2,HitSpinAxis,HitTrajectoryXc0,HitTrajectoryXc1,HitTrajectoryXc2,HitTrajectoryXc3,HitTrajectoryXc4,HitTrajectoryXc5,HitTrajectoryXc6,HitTrajectoryXc7,HitTrajectoryXc8,HitTrajectoryYc0,HitTrajectoryYc1,HitTrajectoryYc2,HitTrajectoryYc3,HitTrajectoryYc4,HitTrajectoryYc5,HitTrajectoryYc6,HitTrajectoryYc7,HitTrajectoryYc8,HitTrajectoryZc0,HitTrajectoryZc1,HitTrajectoryZc2,HitTrajectoryZc3,HitTrajectoryZc4,HitTrajectoryZc5,HitTrajectoryZc6,HitTrajectoryZc7,HitTrajectoryZc8,ThrowSpeed,PopTime,ExchangeTime,TimeToBase,CatchPositionX,CatchPositionY,CatchPositionZ,ThrowPositionX,ThrowPositionY,ThrowPositionZ,BasePositionX,BasePositionY,BasePositionZ,ThrowTrajectoryXc0,ThrowTrajectoryXc1,ThrowTrajectoryXc2,ThrowTrajectoryYc0,ThrowTrajectoryYc1,ThrowTrajectoryYc2,ThrowTrajectoryZc0,ThrowTrajectoryZc1,ThrowTrajectoryZc2,PitchReleaseConfidence,PitchLocationConfidence,PitchMovementConfidence,HitLaunchConfidence,HitLandingConfidence,CatcherThrowCatchConfidence,CatcherThrowReleaseConfidence,CatcherThrowLocationConfidence
1,2026-09-04,13:47:26.81,,,,,Undefined,FOR_RAM,"Beaudreau, Bradley",1000297368,Left,FOR_RAM,Undefined,1,Bottom,0,0,0,Undefined,Curveball,Undefined,Undefined,Undefined,Undefined,0,0,,50.71905,3.810885,-0.755925,2992.7998,306.967047,4:15,4.37425,-0.39397,21.99617,-59.01869,-6.67929,10.75595,1.92706,0.01294,47.54289,-11.606976,2.016793,0.520698,,,,,,,,,,,,-11.68745,-8.16741,0.17587,50,3.20784,1.94538,-75.96154,10.46328,-6.66167,11.42791,-36.82933,FOR_RAM,,FordhamUniversity,,,20260904-FordhamUniversity-BP-1,92bf9a00-92f1-11f1-884b-8d6b77d225c8,72.3883,,,3.17616,,,,,,,568bcc58-7a80-4f8d-8682-9863113bc81a,2026-09-04,17:47:26.81,2026-09-04T13:47:26.8130304-04:00,2026-09-04T17:47:26.8130304Z,,v3,471298,,,,,Undefined,FOR_RAM,1b4537f3-c3e3-42e6-b1f7-8d0946d69f97,38.51004,-74.21282,5.71395,4.37776,4.8276,-18.41467,0.39556,0.926,-3.33083,,,,,,,,,,,,,,,,,,,,,,,,,,,,,,,,,,,,,,,,,,,,,,,,,,,High,Medium,Medium,,,,,
2,2026-09-04,14:07:10.45,,,,,Undefined,FOR_RAM,"Beaudreau, Bradley",1000297368,Left,FOR_RAM,Undefined,1,Bottom,0,0,0,Undefined,Curveball,Undefined,Undefined,Undefined,Undefined,0,0,,49.08784,3.337679,-0.699551,2715.51325,299.906527,4:00,4.34356,-0.41028,21.91915,-58.14157,-2.20347,6.41567,1.66636,-0.32949,46.19426,-11.818893,0.950925,0.538301,,,,,,,,,,,,-6.92555,-2.84347,0.23429,50,3.29397,1.4203,-73.45562,9.35704,-3.70692,10.35259,-33.69601,FOR_RAM,,FordhamUniversity,,,20260904-FordhamUniversity-BP-1,732d1190-a88b-11f1-884b-8d6b77d225c8,70.02111,,,2.89358,,,,,,,568bcc58-7a80-4f8d-8682-9863113bc81a,2026-09-04,18:07:10.45,2026-09-04T14:07:10.4586752-04:00,2026-09-04T18:07:10.4586752Z,,v3,471298,,,,,Undefined,FOR_RAM,3da9eb84-d3c6-4371-9921-f77883193cfb,38.58579,-71.82892,5.1763,4.34826,4.06241,-16.84801,0.4117,0.83783,-1.85346,,,,,,,,,,,,,,,,,,,,,,,,,,,,,,,,,,,,,,,,,,,,,,,,,,,High,Medium,Medium,,,,,
3,2026-09-04,14:11:00.00,,,,,Undefined,FOR_RAM,"Beaudreau, Bradley",1000297368,Left,FOR_RAM,Undefined,1,Bottom,0,0,0,Undefined,Curveball,Undefined,Undefined,Undefined,Undefined,0,0,,50.75307,4.547632,-1.249842,3082.647646,317.652893,4:30,4.31468,-0.38109,21.83286,-58.54239,-6.19807,6.81118,2.40019,-0.62633,47.81228,-10.664843,0.495614,0.520722,,,,,,,,,,,,-7.21662,-6.47386,0.10342,50,3.06198,2.17313,-75.71505,11.07942,-4.14644,10.1268,-35.89372,FOR_RAM,,FordhamUniversity,,,20260904-FordhamUniversity-BP-1,fc2faf20-a88b-11f1-884b-8d6b77d225c8,72.38491,,,2.94079,,,,,,,568bcc58-7a80-4f8d-8682-9863113bc81a,2026-09-04,18:11:00.00,2026-09-04T14:11:00.0001536-04:00,2026-09-04T18:11:00.0001536Z,,v3,471298,,,,,Undefined,FOR_RAM,22c120a5-eb0e-43b1-897b-170e7db4aa1d,38.67352,-74.18467,5.0634,4.32645,5.65513,-17.94686,0.38448,1.54651,-2.07322,,,,,,,,,,,,,,,,,,,,,,,,,,,,,,,,,,,,,,,,,,,,,,,,,,,High,High,High,,,,,
4,2026-09-04,14:11:11.21,,,,,Undefined,FOR_RAM,"Chavez, Carson",1000156814,Right,FOR_RAM,Undefined,1,Bottom,0,0,0,Undefined,Curveball,Undefined,Undefined,GroundBall,Undefined,0,0,,51.93603,3.749896,0.016744,3279.34119,323.533605,4:45,4.35209,-0.42097,21.9307,-52.7855,-2.58083,2.94697,2.38875,-0.16453,48.35967,-10.075472,0.774249,0.509969,56.46755,-7.916046,-34.500806,,,,,28.84185,28.84185,-26.58884,0.280975,-3.07957,-3.59079,0.40736,50,3.25468,0.23208,-77.77066,9.9599,-1.83545,12.19231,-34.31421,FOR_RAM,,FordhamUniversity,,,20260904-FordhamUniversity-BP-1,029dcd60-a88c-11f1-884b-8d6b77d225c8,73.91129,3.22562,,3.57636,,,,,,,568bcc58-7a80-4f8d-8682-9863113bc81a,2026-09-04,18:11:11.21,2026-09-04T14:11:11.2110000-04:00,2026-09-04T18:11:11.2110000Z,GroundBall,v3,471298,,,,,Undefined,FOR_RAM,ee6a7c71-5976-4f50-bd50-77f44ec9b094,38.57396,-75.95825,6.09616,4.3561,4.85903,-17.15711,0.42157,-0.04076,-0.91773,,6.65375,68.04151,,,,,,,,3.22897,-11.48011,,,,,,,,0.24428,-46.76504,,,,,,,,,,,,,,,,,,,,,,,,,,,,,,High,Medium,Medium,Estimated,Estimated,,,
5,2026-09-04,14:11:15.77,,,,,Undefined,FOR_RAM,"Chavez, Carson",1000156814,Right,FOR_RAM,Undefined,1,Bottom,0,0,0,Undefined,Curveball,Undefined,Undefined,FlyBall,Undefined,0,0,,51.53687,4.622697,-0.804247,3467.948608,312.722855,4:30,4.3218,-0.39086,21.90504,-57.35137,-6.74429,8.64922,2.54945,-0.19208,48.46255,-10.317869,1.416594,0.512008,83.99853,29.46904,-2.426354,2554.585322,109.87826,51.33202,5.17193,313.94304,312.6402,12.455407,4.419884,-9.29709,-8.06371,0.18015,50,3.02002,1.83075,-76.91924,11.49038,-5.50499,10.58077,-36.94871,FOR_RAM,,FordhamUniversity,,,20260904-FordhamUniversity-BP-1,05599200-a88c-11f1-884b-8d6b77d225c8,73.61686,62.76732,,3.07432,,,,,,,568bcc58-7a80-4f8d-8682-9863113bc81a,2026-09-04,18:11:15.77,2026-09-04T14:11:15.7750000-04:00,2026-09-04T18:11:15.7750000Z,LineDrive,v3,471298,,,,,Undefined,FOR_RAM,664d899f-c584-4684-8685-7c212d3178ce,38.60133,-75.33496,5.29038,4.32631,5.95797,-18.47436,0.39256,1.00648,-2.7525,228.864419,5.95387,107.143,-16.41271,3.04815,-0.4959,0.07548,-0.01732,0.00349,-0.00027,3.29782,60.60471,-16.93791,0.82162,0.03472,-0.08711,0.03652,-0.00624,0.00038,0.29269,-4.52553,10.30546,-2.74144,0.56715,-0.09932,0.01897,-0.00285,0.00018,,,,,,,,,,,,,,,,,,,,,,,High,High,High,Medium,High,,,
6,2026-09-04,14:11:20.56,,,,,Undefined,FOR_RAM,"Chavez, Carson",1000156814,Right,FOR_RAM,Undefined,1,Bottom,0,0,0,Undefined,Curveball,Undefined,Undefined,LineDrive,Undefined,0,0,,47.88263,4.182822,-0.960834,2579.418773,321.010404,4:45,4.33264,-0.39829,21.91598,-63.14834,-4.8167,5.00425,1.78932,-0.60472,45.50061,-12.213399,0.325788,0.549697,77.71066,18.381347,-21.265094,795.724572,101.73935,17.89405,-41.82202,182.92483,181.9334,-24.279513,2.025111,-5.47882,-5.55815,0.1785,50,3.08032,1.59698,-71.43484,10.62507,-2.81245,8.73363,-35.02723,FOR_RAM,,FordhamUniversity,,,20260904-FordhamUniversity-BP-1,083f25c0-a88c-11f1-884b-8d6b77d225c8,68.56947,18.27436,,2.38203,,,,3.50514,1.91596,0.54759,568bcc58-7a80-4f8d-8682-9863113bc81a,2026-09-04,18:11:20.56,2026-09-04T14:11:20.5600000-04:00,2026-09-04T18:11:20.5600000Z,LineDrive,v3,471298,,,,,Undefined,FOR_RAM,0aa07069-dec6-44ee-bd84-31b48743bc02,38.5902,-70.02599,4.36681,4.33855,4.97469,-17.51362,0.39952,1.1433,-1.40623,73.814068,3.50515,100.79563,-10.81642,0.75316,-0.40348,0.36705,-0.27472,0.10635,-0.01552,1.91596,35.94075,-21.26656,1.85282,-0.26773,0.04765,0.01475,-0.01049,0.0016,0.54759,-39.22798,0.08309,0.46044,-0.02754,-0.02927,0.03742,-0.01666,0.00253,,,,,,,,,,,,,,,,,,,,,,,High,High,High,High,Medium,,,
7,2026-09-04,14:11:25.50,,,,,Undefined,FOR_RAM,"Chavez, Carson",1000156814,Right,FOR_RAM,Undefined,1,Bottom,0,0,0,Undefined,Curveball,Undefined,Undefined,Undefined,Undefined,0,0,,50.76361,4.410543,-1.147732,3081.68986,306.280628,4:15,4.35137,-0.39143,21.99207,-56.29385,-5.52327,8.74079,2.52216,-0.40626,48.78675,-10.200841,1.101613,0.512835,,,,,,,,,,,,-9.45579,-6.37874,0.10579,50,3.06856,2.29675,-75.3789,11.1376,-5.55182,7.4044,-35.91923,FOR_RAM,,FordhamUniversity,,,20260904-FordhamUniversity-BP-1,0b2296a0-a88c-11f1-884b-8d6b77d225c8,73.49822,,,1.97687,,,,,,,568bcc58-7a80-4f8d-8682-9863113bc81a,2026-09-04,18:11:25.50,2026-09-04T14:11:25.5080000-04:00,2026-09-04T18:11:25.5080000Z,,v3,471298,,,,,Undefined,FOR_RAM,74d5d4ff-6efa-46f0-9f0f-0c2bd58387a5,38.51516,-74.24218,3.7022,4.35511,5.62332,-17.95961,0.39297,1.44444,-2.77591,,,,,,,,,,,,,,,,,,,,,,,,,,,,,,,,,,,,,,,,,,,,,,,,,,,High,High,High,,,,,
8,2026-09-04,14:11:36.95,,,,,Undefined,FOR_RAM,"Young, Caden",10264258,Right,FOR_RAM,Undefined,1,Bottom,0,0,0,Undefined,Curveball,Undefined,Undefined,GroundBall,Undefined,0,0,,49.79821,4.459864,-1.090315,2979.262308,309.638464,4:15,4.32429,-0.3839,21.90938,-60.82775,-5.79418,8.95327,2.15578,-0.3454,46.2787,-11.439507,1.20984,0.533931,71.27596,-39.529686,-77.014159,,,,,4.73754,3.32893,-32.754663,0.03792,-9.61922,-6.84827,0.12063,50,3.05222,2.12411,-74.59603,11.04488,-5.23839,11.77454,-35.90344,FOR_RAM,,FordhamUniversity,,,20260904-FordhamUniversity-BP-1,12098e60-a88c-11f1-884b-8d6b77d225c8,70.59421,2.53209,,3.51951,,,,3.29474,2.53209,0.42675,568bcc58-7a80-4f8d-8682-9863113bc81a,2026-09-04,18:11:36.95,2026-09-04T14:11:36.9560000-04:00,2026-09-04T18:11:36.9560000Z,GroundBall,v3,471298,,,,,Undefined,FOR_RAM,71f8f1d8-2af9-4430-be26-29dc0048635c,38.59587,-72.7737,5.88727,4.33162,5.48813,-17.95172,0.38664,1.31337,-2.6192,,3.29434,18.1831,,,,,,,,2.53354,-66.77407,,,,,,,,0.42846,-78.84855,,,,,,,,,,,,,,,,,,,,,,,,,,,,,,High,High,High,Low,Low,,,
9,2026-09-04,14:11:41.43,,,,,Undefined,FOR_RAM,"Young, Caden",10264258,Right,FOR_RAM,Undefined,1,Bottom,0,0,0,Undefined,,Undefined,Undefined,GroundBall,Undefined,0,0,,49.28963,3.497538,-3.06484,3012.570163,,,3.94047,-0.6071,21.96025,,,,1.86551,-0.3279,46.69266,-10.120071,3.92486,0.532818,92.08471,-3.244942,-25.909522,,,,,40.16904,32.76098,-21.447865,0.295131,-29.16116,2.38665,-0.16237,50,2.88332,6.18454,-73.50065,9.17191,-15.89751,8.99184,-30.87295,FOR_RAM,,FordhamUniversity,,,20260904-FordhamUniversity-BP-1,14bdd8f0-a88c-11f1-884b-8d6b77d225c8,70.74168,2.12819,,2.59697,,,,2.896,2.12819,0.30548,568bcc58-7a80-4f8d-8682-9863113bc81a,2026-09-04,18:11:41.43,2026-09-04T14:11:41.4360000-04:00,2026-09-04T18:11:41.4360000Z,GroundBall,v3,471298,,,,,Undefined,FOR_RAM,6800133b-e027-4207-9df6-449a4256327b,38.54735,-72.08596,4.49592,3.94425,4.31463,-15.43647,0.61389,3.68337,-7.94875,231.667256,2.89738,121.2273,-14.80308,,,,,,,2.1233,-7.4225,0.82365,,,,,,,0.29592,-58.48578,26.24733,,,,,,,,,,,,,,,,,,,,,,,,,,,,,Low,Low,Low,Medium,Medium,,,
10,2026-09-04,14:11:46.55,,,,,Undefined,FOR_RAM,"Young, Caden",10264258,Right,FOR_RAM,Undefined,1,Bottom,0,0,0,Undefined,Curveball,Undefined,Undefined,GroundBall,Undefined,0,0,,50.62491,4.227777,-1.166535,3061.220368,323.18832,4:45,4.32814,-0.38759,21.94157,-60.21633,-7.57859,6.71595,2.05678,-0.58437,47.48257,-11.473667,0.561035,0.52218,84.56779,-18.875578,-37.134524,,,,,9.37269,5.12698,-21.871056,0.059517,-7.34103,-8.57748,0.11822,50,3.09494,2.09464,-75.72058,10.9491,-4.17204,11.06753,-37.04879,FOR_RAM,,FordhamUniversity,,,20260904-FordhamUniversity-BP-1,17ba5010-a88c-11f1-884b-8d6b77d225c8,72.18289,2.39364,,3.14234,,,,3.11676,2.39364,0.73491,568bcc58-7a80-4f8d-8682-9863113bc81a,2026-09-04,18:11:46.55,2026-09-04T14:11:46.5560000-04:00,2026-09-04T18:11:46.5560000Z,GroundBall,v3,471298,,,,,Undefined,FOR_RAM,7a62caea-544b-4dbc-b7b3-fd7b225e516f,38.56471,-74.03029,5.53377,4.33506,5.29086,-18.5244,0.38947,1.45747,-2.08602,,3.11471,93.77733,,,,,,,,2.39451,-40.21788,,,,,,,,0.73646,-71.01211,,,,,,,,,,,,,,,,,,,,,,,,,,,,,,High,High,High,Low,Low,,,
11,2026-09-04,14:11:51.25,,,,,Undefined,FOR_RAM,"Young, Caden",10264258,Right,FOR_RAM,Undefined,1,Bottom,0,0,0,Undefined,,Undefined,Undefined,GroundBall,Undefined,0,0,,50.13882,4.360688,-0.776669,3272.572755,,,3.94294,-0.99065,21.98161,,,,2.09016,0.72307,49.68173,-10.088217,6.063746,0.512193,97.61134,-8.151724,-37.684197,,,,,19.27827,14.04074,-35.041942,0.171071,-28.42596,-6.22737,0.64621,50.00026,2.64695,3.53143,-74.05167,11.12895,-16.73299,3.83631,-35.8398,FOR_RAM,,FordhamUniversity,,,20260904-FordhamUniversity-BP-1,1a84bab0-a88c-11f1-884b-8d6b77d225c8,73.59037,2.87839,,0.45709,,,,,,,568bcc58-7a80-4f8d-8682-9863113bc81a,2026-09-04,18:11:51.25,2026-09-04T14:11:51.2500000-04:00,2026-09-04T18:11:51.2500000Z,GroundBall,v3,471298,,,,,Undefined,FOR_RAM,2ac3c847-19a1-49f7-bdbe-aa613ca5382a,38.52996,-73.45504,1.91815,3.94432,5.55506,-17.9199,0.99306,0.92907,-8.36649,,-2.64197,112.04132,-25.37844,,,,,,,2.87517,-20.04932,19.05944,,,,,,,3.16441,-86.54621,19.58249,,,,,,,,,,,,,,,,,,,,,,,,,,,,,Low,Low,Low,Low,Low,,,
12,2026-09-04,14:12:05.50,,,,,Undefined,FOR_RAM,"Kaufman, Taylor",10314665,Right,FOR_RAM,Undefined,1,Bottom,0,0,0,Undefined,Curveball,Undefined,Undefined,Undefined,Undefined,0,0,,51.70583,3.905221,-0.819671,3146.967309,336.785257,5:15,4.37856,-0.41451,22.18492,-56.40952,-6.4252,3.35638,2.19732,-0.66281,48.22597,-10.934416,0.049656,0.508848,,,,,,,,,,,,-4.08437,-9.31083,0.22225,50,3.15844,1.44524,-77.53045,10.87703,-2.41249,12.36386,-37.67362,FOR_RAM,,FordhamUniversity,,,20260904-FordhamUniversity-BP-1,22eb4d90-a88c-11f1-884b-8d6b77d225c8,74.07402,,,3.47986,,,,,,,568bcc58-7a80-4f8d-8682-9863113bc81a,2026-09-04,18:12:05.50,2026-09-04T14:12:05.5010000-04:00,2026-09-04T18:12:05.5010000Z,,v3,471298,,,,,Undefined,FOR_RAM,5b5b4ac8-6013-42ec-abf8-edf30eef17b4,38.3213,-75.64511,6.18193,4.37905,5.13226,-18.83681,0.41459,1.07737,-1.20625,,,,,,,,,,,,,,,,,,,,,,,,,,,,,,,,,,,,,,,,,,,,,,,,,,,High,Medium,Medium,,,,,
13,2026-09-04,14:12:10.60,,,,,Undefined,FOR_RAM,"Kaufman, Taylor",10314665,Right,FOR_RAM,Undefined,1,Bottom,0,0,0,Undefined,Curveball,Undefined,Undefined,FlyBall,Undefined,0,0,,50.34543,4.557197,-0.903339,3153.477542,314.332724,4:30,4.32217,-0.38511,21.88544,-64.44311,-10.59851,12.44044,1.91769,0.06497,46.94494,-12.227154,2.294456,0.528132,89.17848,31.514984,-24.388348,3095.497807,101.82271,60.40818,-41.61891,339.90215,239.98145,-19.986197,4.997443,-13.0993,-11.78863,0.14225,50,3.01869,2.17375,-75.46173,11.554,-7.30215,12.02609,-38.74557,FOR_RAM,,FordhamUniversity,,,20260904-FordhamUniversity-BP-1,26153d50-a88c-11f1-884b-8d6b77d225c8,71.36937,80.79385,,3.40049,,,,3.1644,2.33002,0.10204,568bcc58-7a80-4f8d-8682-9863113bc81a,2026-09-04,18:12:10.60,2026-09-04T14:12:10.6030000-04:00,2026-09-04T18:12:10.6030000Z,FlyBall,v3,471298,,,,,Undefined,FOR_RAM,9580b915-1571-4165-96c2-40218275ada3,38.62204,-73.62613,6.01304,4.33089,5.6401,-19.37279,0.38898,1.0592,-3.65107,195.027286,3.1655,101.53306,-17.26519,3.85965,-0.73898,0.13316,-0.02234,0.00267,-0.00014,2.33068,68.34721,-16.08525,0.36127,0.27666,-0.17071,0.04727,-0.0063,0.00032,0.10126,-46.02728,10.90866,-2.64804,0.54615,-0.1019,0.01622,-0.00178,9E-05,,,,,,,,,,,,,,,,,,,,,,,High,Medium,Medium,High,Low,,,
14,2026-09-04,14:12:16.06,,,,,Undefined,FOR_RAM,"Kaufman, Taylor",10314665,Right,FOR_RAM,Undefined,1,Bottom,0,0,0,Undefined,Curveball,Undefined,Undefined,Undefined,Undefined,0,0,,49.89364,3.54705,-0.925299,2824.96313,320.14418,4:45,4.34204,-0.38926,21.93202,-63.54311,-7.71138,8.12016,1.35037,-0.31271,45.69296,-13.111615,1.167828,0.537789,,,,,,,,,,,,-8.72048,-8.52855,0.1666,50,3.25562,1.82348,-75.19676,9.94099,-4.67846,14.4473,-36.74955,FOR_RAM,,FordhamUniversity,,,20260904-FordhamUniversity-BP-1,295dffb0-a88c-11f1-884b-8d6b77d225c8,70.08776,,,4.20068,,,,,,,568bcc58-7a80-4f8d-8682-9863113bc81a,2026-09-04,18:12:16.06,2026-09-04T14:12:16.0600000-04:00,2026-09-04T18:12:16.0600000Z,,v3,471298,,,,,Undefined,FOR_RAM,f3a270ab-7429-4345-ab0b-bcf91b697243,38.57207,-72.96812,7.22365,4.35186,4.27202,-18.37478,0.39222,1.10178,-2.33923,,,,,,,,,,,,,,,,,,,,,,,,,,,,,,,,,,,,,,,,,,,,,,,,,,,High,High,High,,,,,
15,2026-09-04,14:12:22.60,,,,,Undefined,FOR_RAM,"Kaufman, Taylor",10314665,Right,FOR_RAM,Undefined,1,Bottom,0,0,0,Undefined,,Undefined,Undefined,Undefined,Undefined,0,0,,51.81225,4.736607,-1.788426,3323.914119,,,3.90483,-0.77644,21.90029,,,,2.64452,0.30504,51.13267,-8.661629,5.110754,0.496609,,,,,,,,,,,,-28.71824,-5.10244,0.23323,50.00019,2.57564,4.99753,-76.38125,11.53741,-18.05799,3.69945,-35.38245,FOR_RAM,,FordhamUniversity,,,20260904-FordhamUniversity-BP-1,2d3127c0-a88c-11f1-884b-8d6b77d225c8,75.8996,,,0.67958,,,,,,,568bcc58-7a80-4f8d-8682-9863113bc81a,2026-09-04,18:12:22.60,2026-09-04T14:12:22.6070000-04:00,2026-09-04T18:12:22.6070000Z,,v3,471298,,,,,Undefined,FOR_RAM,e5574841-dd86-4626-9066-1f47f10ae757,38.61093,-75.82762,1.84972,3.90603,6.24231,-17.69123,0.77892,2.2951,-9.02899,,,,,,,,,,,,,,,,,,,,,,,,,,,,,,,,,,,,,,,,,,,,,,,,,,,Low,Low,Low,,,,,
16,2026-09-04,14:12:34.97,,,,,Undefined,FOR_RAM,"Sullivan, Maximus",1000401613,Right,FOR_RAM,Undefined,1,Bottom,0,0,0,Undefined,,Undefined,Undefined,Bunt,Undefined,0,0,,52.18637,2.106512,-2.621432,3237.354879,,,4.00516,-0.79958,22.05308,,,,1.80306,-0.28761,47.7872,-9.264991,4.206591,0.509901,,,,,,,,,,,,-30.3736,6.86607,0.09237,50,3.27877,6.09755,-78.60535,6.97295,-17.98991,14.89909,-28.10736,FOR_RAM,,FordhamUniversity,,,20260904-FordhamUniversity-BP-1,349dca40-a88c-11f1-884b-8d6b77d225c8,73.92102,,,4.39918,,,,,,,568bcc58-7a80-4f8d-8682-9863113bc81a,2026-09-04,18:12:34.97,2026-09-04T14:12:34.9780000-04:00,2026-09-04T18:12:34.9780000Z,,v3,471298,,,,,Undefined,FOR_RAM,f1fe0b6d-b231-426c-b316-f8d11f4d0110,38.45277,-76.3853,7.44954,4.00574,2.7848,-14.05368,0.80122,3.41696,-8.99496,,,,,,,,,,,,,,,,,,,,,,,,,,,,,,,,,,,,,,,,,,,,,,,,,,,Low,Low,Low,,,,,
17,2026-09-04,14:12:40.30,,,,,Undefined,FOR_RAM,"Sullivan, Maximus",1000401613,Right,FOR_RAM,Undefined,1,Bottom,0,0,0,Undefined,,Undefined,Undefined,Undefined,Undefined,0,0,,50.78166,4.013371,-2.967943,3375.860304,,,4.0125,-0.63355,22.00687,,,,2.45023,-0.29292,49.80676,-8.906264,4.014085,0.506717,,,,,,,,,,,,-29.51301,-0.87429,-0.16058,50.00015,2.82461,6.52762,-74.89453,10.22987,-17.7327,4.11833,-32.69936,FOR_RAM,,FordhamUniversity,,,20260904-FordhamUniversity-BP-1,37be1d10-a88c-11f1-884b-8d6b77d225c8,74.3856,,,0.9749,,,,,,,568bcc58-7a80-4f8d-8682-9863113bc81a,2026-09-04,18:12:40.30,2026-09-04T14:12:40.3040000-04:00,2026-09-04T18:12:40.3040000Z,,v3,471298,,,,,Undefined,FOR_RAM,b8d2af5d-1e81-4d5b-9330-20087f86316a,38.50129,-74.25953,2.05916,4.01324,5.18803,-16.34968,0.63511,3.79346,-8.86635,,,,,,,,,,,,,,,,,,,,,,,,,,,,,,,,,,,,,,,,,,,,,,,,,,,Low,Low,Low,,,,,
18,2026-09-04,14:12:46.26,,,,,Undefined,FOR_RAM,"Sullivan, Maximus",1000401613,Right,FOR_RAM,Undefined,1,Bottom,0,0,0,Undefined,Curveball,Undefined,Undefined,GroundBall,Undefined,0,0,,51.07437,-1.614219,-0.219256,3310.249291,337.888343,5:15,4.48923,-0.54771,37.13269,-25.9569,-8.75067,3.62855,1.70739,-0.32936,50.4049,-12.827398,1.370941,0.298548,49.12516,-41.658871,-13.663808,,,,,4.09818,4.09818,-2.064074,0.038503,-10.81768,-25.28005,0.04645,50,2.35218,2.6141,-78.23578,14.48065,-6.73814,9.41141,-47.92052,FOR_RAM,,FordhamUniversity,,,20260904-FordhamUniversity-BP-1,3b2dc860-a88c-11f1-884b-8d6b77d225c8,126.25257,1.85422,,0.66947,,,,2.07037,1.85422,0.34472,568bcc58-7a80-4f8d-8682-9863113bc81a,2026-09-04,18:12:46.26,2026-09-04T14:12:46.2690000-04:00,2026-09-04T18:12:46.2690000Z,GroundBall,v3,471298,,,,,Undefined,FOR_RAM,d1f65165-8c55-40cb-9fcb-74f46942e7c8,23.37553,-74.96459,4.70571,4.49068,-2.17543,-23.96026,0.54803,0.27208,-3.36907,,2.06856,52.59789,,,,,,,,1.85587,-48.15827,,,,,,,,0.34516,-12.78679,,,,,,,,,,,,,,,,,,,,,,,,,,,,,,High,Medium,Medium,Estimated,Estimated,,,
19,2026-09-04,14:12:51.51,,,,,Undefined,FOR_RAM,"Sullivan, Maximus",1000401613,Right,FOR_RAM,Undefined,1,Bottom,0,0,0,Undefined,Curveball,Undefined,Undefined,FlyBall,Undefined,0,0,,50.64298,4.906119,-1.407408,3221.211097,314.804459,4:30,4.32026,-0.40332,21.89927,-60.8111,-7.55063,9.1752,2.44598,-0.55244,46.98875,-10.982743,0.947992,0.525259,86.14977,20.296251,3.33357,2428.014097,109.3666,33.50306,11.78328,286.56646,286.08031,11.59666,3.576681,-9.9306,-8.7615,0.07689,50,2.96432,2.59033,-75.80053,11.78791,-5.59119,12.0512,-37.10699,FOR_RAM,,FordhamUniversity,,,20260904-FordhamUniversity-BP-1,3e6ec290-a88c-11f1-884b-8d6b77d225c8,71.75967,38.4818,,3.65423,,,,2.19158,2.61448,0.56097,568bcc58-7a80-4f8d-8682-9863113bc81a,2026-09-04,18:12:51.51,2026-09-04T14:12:51.5170000-04:00,2026-09-04T18:12:51.5170000Z,LineDrive,v3,471298,,,,,Undefined,FOR_RAM,78e8cc40-8637-46a3-8a0e-81dc83ce066a,38.60652,-73.96695,6.0256,4.32834,6.14213,-18.55349,0.40629,1.73964,-2.79559,212.505496,2.19176,118.30134,-19.21827,3.774,-0.68876,0.09656,-0.00704,-0.00041,0.0001,2.61462,43.8195,-14.68212,0.86758,0.09803,-0.17222,0.06463,-0.01065,0.00067,0.56104,6.88725,4.29059,-0.92667,0.30651,-0.1242,0.03579,-0.00564,0.00036,,,,,,,,,,,,,,,,,,,,,,,High,High,High,High,High,,,
20,2026-09-04,14:13:00.63,,,,,Undefined,FOR_RAM,"Velit, Liam",1000239563,Right,FOR_RAM,Undefined,1,Bottom,0,0,0,Undefined,Curveball,Undefined,Undefined,Undefined,Undefined,0,0,,50.07676,4.151086,-0.976761,2817.021384,317.510425,4:30,4.32525,-0.39432,21.89268,-61.47243,-6.83307,7.7941,1.9026,-0.379,46.44257,-11.909456,1.026522,0.532015,,,,,,,,,,,,-8.43308,-7.99099,0.15931,50,3.11398,1.90012,-75.12035,10.74079,-4.63007,12.41566,-36.5614,FOR_RAM,,FordhamUniversity,,,20260904-FordhamUniversity-BP-1,43d9c8b0-a88c-11f1-884b-8d6b77d225c8,70.8484,,,3.63419,,,,,,,568bcc58-7a80-4f8d-8682-9863113bc81a,2026-09-04,18:13:00.63,2026-09-04T14:13:00.6340000-04:00,2026-09-04T18:13:00.6340000Z,,v3,471298,,,,,Undefined,FOR_RAM,709b2fe7-3fc4-4c49-ab7b-e651985edba2,38.61264,-73.2141,6.20783,4.33214,5.12729,-18.2807,0.39647,1.18924,-2.31504,,,,,,,,,,,,,,,,,,,,,,,,,,,,,,,,,,,,,,,,,,,,,,,,,,,High,High,High,,,,,
21,2026-09-04,14:13:10.21,,,,,Undefined,FOR_RAM,"Velit, Liam",1000239563,Right,FOR_RAM,Undefined,1,Bottom,0,0,0,Undefined,Curveball,Undefined,Undefined,GroundBall,Undefined,0,0,,53.09967,4.480315,-0.802109,1216.066266,313.337104,4:30,4.31147,-0.39409,21.76411,-56.39657,-7.72205,9.67154,2.53672,-0.11071,49.24999,-10.209402,1.672408,0.502136,54.2716,-22.712935,-7.285403,,,,,10.14229,10.14229,-9.334104,0.09537,-10.16032,-8.81701,0.18846,50,3.0892,1.90737,-79.49101,11.27709,-6.30273,13.08412,-37.6435,FOR_RAM,,FordhamUniversity,,,20260904-FordhamUniversity-BP-1,498e5af0-a88c-11f1-884b-8d6b77d225c8,75.06406,2.95189,,3.84968,,,,3.01268,2.95189,-0.75068,568bcc58-7a80-4f8d-8682-9863113bc81a,2026-09-04,18:13:10.21,2026-09-04T14:13:10.2150000-04:00,2026-09-04T18:13:10.2150000Z,GroundBall,v3,471298,,,,,Undefined,FOR_RAM,e60bbc18-af24-42ce-ab8b-f9286ef3021b,38.74158,-77.61577,6.54206,4.31883,5.88195,-18.82175,0.3971,1.00405,-3.15137,180,3.00475,73.34957,,,,,,,,2.95524,-30.95213,,,,,,,,-0.74967,-9.3773,,,,,,,,,,,,,,,,,,,,,,,,,,,,,,High,High,High,Medium,Medium,,,
22,2026-09-04,14:13:15.54,,,,,Undefined,FOR_RAM,"Velit, Liam",1000239563,Right,FOR_RAM,Undefined,1,Bottom,0,0,0,Undefined,Curveball,Undefined,Undefined,Undefined,Undefined,0,0,,52.26065,3.335785,-0.553413,3480.38693,308.94395,4:15,4.33274,-0.39528,21.93822,-56.9859,-7.79603,11.20678,1.74944,0.17976,49.20283,-11.503261,2.333163,0.504788,,,,,,,,,,,,-11.84457,-8.66115,0.2213,50,3.29495,1.72783,-78.23764,9.82937,-7.20463,11.58825,-37.44232,FOR_RAM,,FordhamUniversity,,,20260904-FordhamUniversity-BP-1,4ccc20d0-a88c-11f1-884b-8d6b77d225c8,74.6698,,,3.05782,,,,,,,568bcc58-7a80-4f8d-8682-9863113bc81a,2026-09-04,18:13:15.54,2026-09-04T14:13:15.5430000-04:00,2026-09-04T18:13:15.5430000Z,,v3,471298,,,,,Undefined,FOR_RAM,1def0f41-6988-426b-8709-6dff7046c182,38.5685,-76.52572,5.79412,4.33846,4.29806,-18.72116,0.39793,0.66349,-3.60232,,,,,,,,,,,,,,,,,,,,,,,,,,,,,,,,,,,,,,,,,,,,,,,,,,,High,Medium,Medium,,,,,
23,2026-09-04,14:13:21.78,,,,,Undefined,FOR_RAM,"Velit, Liam",1000239563,Right,FOR_RAM,Undefined,1,Bottom,0,0,0,Undefined,Curveball,Undefined,Undefined,GroundBall,Undefined,0,0,,49.779,3.908804,-0.469223,2888.421141,304.26859,4:15,4.32009,-0.39917,21.82903,-58.82074,-4.57047,8.60174,1.96437,0.01249,47.13443,-11.3549,1.737489,0.530118,94.48152,-36.561224,-59.043687,,,,,6.21588,5.44932,-26.306561,0.029405,-9.06351,-5.35689,0.25771,50,3.16347,1.31817,-74.30574,10.25173,-5.02532,9.59297,-35.14422,FOR_RAM,,FordhamUniversity,,,20260904-FordhamUniversity-BP-1,507a34b0-a88c-11f1-884b-8d6b77d225c8,71.10201,2.43193,,2.64457,,,,3.88535,2.43193,0.05742,568bcc58-7a80-4f8d-8682-9863113bc81a,2026-09-04,18:13:21.78,2026-09-04T14:13:21.7860000-04:00,2026-09-04T18:13:21.7860000Z,GroundBall,v3,471298,,,,,Undefined,FOR_RAM,571dde1b-1883-43d5-8366-989b89da19d9,38.67704,-72.82926,4.79648,4.32508,4.84259,-17.57211,0.40107,0.5447,-2.51266,,3.88483,57.36361,,,,,,,,2.43268,-82.70426,,,,,,,,0.05829,-95.63419,,,,,,,,,,,,,,,,,,,,,,,,,,,,,,High,Medium,Medium,Estimated,Estimated,,,
24,2026-09-04,14:13:27.94,,,,,Undefined,FOR_RAM,"Velit, Liam",1000239563,Right,FOR_RAM,Undefined,1,Bottom,0,0,0,Undefined,Curveball,Undefined,Undefined,LineDrive,Undefined,0,0,,52.98556,4.531761,-0.824124,3427.582621,313.301481,4:30,4.31637,-0.40447,21.85523,-55.01137,-6.56355,8.3843,2.68357,-0.24138,49.29829,-9.827405,1.325838,0.500966,89.00702,18.203367,-6.634142,883.714735,109.75958,28.22092,-7.26279,266.18904,266.18904,0.787054,2.951846,-8.91115,-7.68229,0.19722,50,3.07165,1.84752,-79.24146,11.31207,-5.52682,12.44391,-36.93872,FOR_RAM,,FordhamUniversity,,,20260904-FordhamUniversity-BP-1,542e14f0-a88c-11f1-884b-8d6b77d225c8,75.23946,30.38507,,3.68727,,,,3.13846,2.98197,0.33213,568bcc58-7a80-4f8d-8682-9863113bc81a,2026-09-04,18:13:27.94,2026-09-04T14:13:27.9490000-04:00,2026-09-04T18:13:27.9490000Z,LineDrive,v3,471298,,,,,Undefined,FOR_RAM,f8842d11-3c5b-47da-bb88-a2aa848e01a9,38.65031,-77.43862,6.22196,4.32285,5.96049,-18.46936,0.40688,1.0468,-2.76341,226.635463,3.13847,123.17938,-19.36136,4.33557,-0.93289,0.19106,-0.03298,0.00401,-0.00024,2.98198,40.78051,-16.37941,1.0559,-0.14851,0.01814,-0.00074,-8E-05,1E-05,0.33213,-14.32667,7.94146,-1.46961,0.29031,-0.05432,0.00916,-0.00104,6E-05,,,,,,,,,,,,,,,,,,,,,,,High,Medium,Medium,High,Medium,,,
25,2026-09-04,14:13:39.66,,,,,Undefined,FOR_RAM,"Chavez, Carson",1000156814,Right,FOR_RAM,Undefined,1,Bottom,0,0,0,Undefined,Curveball,Undefined,Undefined,GroundBall,Undefined,0,0,,50.59138,3.759756,-0.970062,2934.004897,319.98361,4:45,4.33555,-0.39312,21.91304,-58.24857,-5.88792,6.01386,1.9249,-0.52145,47.81311,-11.391864,0.576614,0.520803,74.54642,6.143988,-16.461774,1389.787535,,,,73.5101,70.31835,-17.673258,0.704277,-6.52776,-6.60059,0.16641,50,3.20585,1.78157,-75.57145,10.18894,-3.73395,10.14449,-35.94968,FOR_RAM,,FordhamUniversity,,,20260904-FordhamUniversity-BP-1,5b275c30-a88c-11f1-884b-8d6b77d225c8,72.37363,3.67414,,2.77827,,,,2.74971,2.10077,0.53945,568bcc58-7a80-4f8d-8682-9863113bc81a,2026-09-04,18:13:39.66,2026-09-04T14:13:39.6650000-04:00,2026-09-04T18:13:39.6650000Z,GroundBall,v3,471298,,,,,Undefined,FOR_RAM,7d14a81b-2490-4d7d-bfab-f906b05319ed,38.59309,-74.02439,5.07225,4.34165,4.7065,-17.97484,0.39469,1.21213,-1.86698,55.739411,2.74971,104.25057,-13.19993,1.35187,-0.23279,0.01048,0.00088,-7E-05,6E-05,2.10077,11.7018,-22.38629,2.48122,-0.49409,0.10613,-0.01819,0.00343,-0.00048,0.53945,-30.80479,-3.18702,1.42032,-0.36458,0.08629,-0.0168,0.00359,-0.00055,,,,,,,,,,,,,,,,,,,,,,,High,High,High,High,Medium,,,
26,2026-09-04,14:13:43.93,,,,,Undefined,FOR_RAM,"Chavez, Carson",1000156814,Right,FOR_RAM,Undefined,1,Bottom,0,0,0,Undefined,Curveball,Undefined,Undefined,GroundBall,Undefined,0,0,,52.1437,4.074971,-1.089524,3464.369893,317.266275,4:30,4.33477,-0.3922,21.88498,-56.52023,-6.50374,7.31599,2.27576,-0.4901,48.54241,-10.683249,0.789238,0.509012,87.68192,-13.469006,15.60494,,,,,11.27313,10.32543,14.612172,0.091967,-7.87839,-7.3243,0.1388,50,3.17296,2.08326,-78.06917,10.62637,-4.72618,12.39064,-36.56783,FOR_RAM,,FordhamUniversity,,,20260904-FordhamUniversity-BP-1,5da9e860-a88c-11f1-884b-8d6b77d225c8,74.05021,2.81956,,3.60129,,,,-0.08579,2.81956,-0.45594,568bcc58-7a80-4f8d-8682-9863113bc81a,2026-09-04,18:13:43.93,2026-09-04T14:13:43.9350000-04:00,2026-09-04T18:13:43.9350000Z,GroundBall,v3,471298,,,,,Undefined,FOR_RAM,dec9989d-8cef-4ec7-89b6-0ebe02364d1c,38.62029,-76.24167,6.19532,4.34251,5.23295,-18.28392,0.39465,1.38619,-2.36309,,-0.08589,120.46659,-9.98773,,,,,,,2.81959,-29.95774,-7.62971,,,,,,,-0.456,33.65053,24.26632,,,,,,,,,,,,,,,,,,,,,,,,,,,,,High,High,High,Low,Low,,,
27,2026-09-04,14:13:48.72,,,,,Undefined,FOR_RAM,"Chavez, Carson",1000156814,Right,FOR_RAM,Undefined,1,Bottom,0,0,0,Undefined,Curveball,Undefined,Undefined,Undefined,Undefined,0,0,,52.91977,4.425787,-0.44993,3569.28881,331.831281,5:00,4.33221,-0.41596,21.96632,-52.31755,-4.78681,3.14138,2.84579,-0.44571,49.9256,-9.227794,0.357588,0.496202,74.25903,38.443907,41.000884,5475.255931,74.40577,63.10662,81.01715,243.30279,154.17083,54.649698,4.206761,-3.39992,-5.71225,0.30774,50,3.09353,0.89956,-78.87269,11.09998,-2.13594,10.28448,-35.76266,FOR_RAM,,FordhamUniversity,,,20260904-FordhamUniversity-BP-1,60839540-a88c-11f1-884b-8d6b77d225c8,75.96188,65.74769,,2.99418,,,,1.59955,2.87541,0.52269,568bcc58-7a80-4f8d-8682-9863113bc81a,2026-09-04,18:13:48.72,2026-09-04T14:13:48.7210000-04:00,2026-09-04T18:13:48.7210000Z,FlyBall,v3,471298,,,,,Undefined,FOR_RAM,fa891644-0cad-4bc0-8963-3a833e7703cc,38.53938,-77.36387,5.14224,4.33713,5.8533,-17.88133,0.41673,0.5862,-1.06797,,1.59844,64.40732,-15.72974,4.11276,-1.13053,0.3701,-0.11068,0.01929,-0.00132,2.87641,67.69044,-20.46259,1.34914,0.01186,-0.11508,0.04304,-0.00635,0.00032,0.52389,55.93816,-2.38867,-0.29157,0.23268,-0.06853,0.00833,0.0005,-0.00014,,,,,,,,,,,,,,,,,,,,,,,High,High,High,Medium,Low,,,
28,2026-09-04,14:13:53.42,,,,,Undefined,FOR_RAM,"Chavez, Carson",1000156814,Right,FOR_RAM,Undefined,1,Bottom,0,0,0,Undefined,Curveball,Undefined,Undefined,GroundBall,Undefined,0,0,,51.28448,3.966703,-0.689935,3303.844876,306.448868,4:15,4.34042,-0.40466,21.89676,-55.97546,-4.61173,8.08626,2.25504,-0.17869,48.03513,-10.638697,1.3873,0.515822,72.04463,-5.870462,-22.349208,,,,,30.53756,30.53756,-18.944186,0.253328,-8.62402,-5.53878,0.22251,50,3.18714,1.60394,-76.69806,10.37315,-5.03353,11.26953,-35.40684,FOR_RAM,,FordhamUniversity,,,20260904-FordhamUniversity-BP-1,63570090-a88c-11f1-884b-8d6b77d225c8,73.07258,2.74611,,3.24935,,,,4.18151,2.74611,0.24189,568bcc58-7a80-4f8d-8682-9863113bc81a,2026-09-04,18:13:53.42,2026-09-04T14:13:53.4280000-04:00,2026-09-04T18:13:53.4280000Z,GroundBall,v3,471298,,,,,Undefined,FOR_RAM,2779e3ff-a07c-43ef-8ff0-bdfcce9807ad,38.60867,-75.00562,5.63476,4.34569,5.05579,-17.70342,0.40663,0.84801,-2.51677,,4.1695,97.5101,,,,,,,,2.74744,-10.84016,,,,,,,,0.24683,-40.08967,,,,,,,,,,,,,,,,,,,,,,,,,,,,,,High,Medium,Medium,Estimated,Estimated,,,
29,2026-09-04,14:14:01.00,,,,,Undefined,FOR_RAM,"Young, Caden",10264258,Right,FOR_RAM,Undefined,1,Bottom,0,0,0,Undefined,Curveball,Undefined,Undefined,LineDrive,Undefined,0,0,,51.32061,4.203017,-1.373862,3004.710404,310.088254,4:15,4.33322,-0.3921,21.81071,-59.28094,-6.76886,10.05253,2.1335,-0.44844,47.26998,-11.286064,1.203097,0.521556,90.07886,11.230219,-21.166128,929.993251,100.97698,13.4693,-43.63074,201.54501,198.60951,-26.42863,1.911551,-10.78993,-7.74469,0.0732,50,3.14926,2.62785,-77.01921,10.74012,-6.1907,13.55112,-36.61756,FOR_RAM,,FordhamUniversity,,,20260904-FordhamUniversity-BP-1,67ea4450-a88c-11f1-884b-8d6b77d225c8,72.26919,13.4961,,4.05063,,,,2.72306,2.3666,0.53448,568bcc58-7a80-4f8d-8682-9863113bc81a,2026-09-04,18:14:01.00,2026-09-04T14:14:01.0070000-04:00,2026-09-04T18:14:01.0070000Z,LineDrive,v3,471298,,,,,Undefined,FOR_RAM,a6703524-f339-433a-bcad-9160e6a3c16f,38.69404,-75.00361,6.77556,4.34169,5.29361,-18.30878,0.39559,1.70705,-3.09535,117.415987,2.72306,120.84358,-19.29239,3.47376,-0.71155,0.13222,-0.02379,0.00349,-0.00027,2.3666,25.72971,-15.64981,0.99679,-0.14276,0.02772,-0.00326,0.0004,-4E-05,0.53448,-46.78998,-1.29772,0.95457,-0.30733,0.07765,-0.01639,0.0025,-0.0002,,,,,,,,,,,,,,,,,,,,,,,High,High,High,High,Medium,,,
30,2026-09-04,14:14:05.31,,,,,Undefined,FOR_RAM,"Young, Caden",10264258,Right,FOR_RAM,Undefined,1,Bottom,0,0,0,Undefined,,Undefined,Undefined,LineDrive,Undefined,0,0,,48.6075,3.805499,-1.617039,3169.847603,,,3.92546,-0.85637,21.89739,,,,1.78316,0.36751,48.28463,-10.397152,5.386633,0.528889,97.52279,19.171376,-24.119458,1268.502826,101.04977,32.03205,-43.4607,303.7549,303.7549,-24.395181,3.425995,-29.14328,-1.70417,0.34293,50.00019,2.75708,4.52361,-71.73515,9.97886,-16.15824,3.29136,-33.11891,FOR_RAM,,FordhamUniversity,,,20260904-FordhamUniversity-BP-1,6a6be620-a88c-11f1-884b-8d6b77d225c8,71.26716,38.75134,,0.32287,,,,2.47054,1.58966,-0.12446,568bcc58-7a80-4f8d-8682-9863113bc81a,2026-09-04,18:14:05.31,2026-09-04T14:14:05.3150000-04:00,2026-09-04T18:14:05.3150000Z,LineDrive,v3,471298,,,,,Undefined,FOR_RAM,d5287953-2bb0-4cf7-a7d1-436c305fddfd,38.61303,-71.21076,1.64568,3.92659,4.70231,-16.55946,0.85856,1.94926,-8.07912,,2.47055,123.30667,-21.50315,4.36614,-0.85614,0.16105,-0.02786,0.00334,-0.00015,1.58967,46.96775,-15.68422,0.51529,0.03269,-0.0268,0.00742,-0.00033,-6E-05,-0.12428,-55.21783,11.6226,-3.47311,0.93716,-0.26331,0.06537,-0.01007,0.00065,,,,,,,,,,,,,,,,,,,,,,,Low,Low,Low,Medium,High,,,
31,2026-09-04,14:14:11.49,,,,,Undefined,FOR_RAM,"Young, Caden",10264258,Right,FOR_RAM,Undefined,1,Bottom,0,0,0,Undefined,,Undefined,Undefined,GroundBall,Undefined,0,0,,51.4999,4.751914,-1.649065,3416.300252,,,3.92819,-0.83404,22.0882,,,,3.07533,0.3559,50.71625,-7.453526,5.318817,0.497165,85.14247,-13.815816,-7.002251,,,,,15.65005,15.65005,-7.775881,0.111011,-29.14797,0.28528,0.30357,50.00019,2.59929,4.86717,-75.89496,11.13407,-18.1017,3.62073,-31.99689,FOR_RAM,,FordhamUniversity,,,20260904-FordhamUniversity-BP-1,6e1e66d0-a88c-11f1-884b-8d6b77d225c8,75.81467,3.28517,,0.78365,,,,2.27215,3.28517,-0.74642,568bcc58-7a80-4f8d-8682-9863113bc81a,2026-09-04,18:14:11.49,2026-09-04T14:14:11.4970000-04:00,2026-09-04T18:14:11.4970000Z,GroundBall,v3,471298,,,,,Undefined,FOR_RAM,35075d27-1011-446c-a0e9-1954bcaf4b26,38.42178,-75.34056,1.81036,3.92904,6.23478,-15.99845,0.83663,2.09548,-9.05085,233.266501,2.2721,120.36458,-10.36285,,,,,,,3.28506,-29.80679,1.94282,,,,,,,-0.7467,-14.74951,21.6585,,,,,,,,,,,,,,,,,,,,,,,,,,,,,Low,Low,Low,High,High,,,
32,2026-09-04,14:14:16.41,,,,,Undefined,FOR_RAM,"Young, Caden",10264258,Right,FOR_RAM,Undefined,1,Bottom,0,0,0,Undefined,Curveball,Undefined,Undefined,FlyBall,Undefined,0,0,,52.4197,4.052193,-1.449515,3397.970365,322.571961,4:45,4.32607,-0.4,21.87086,-57.41365,-7.20898,6.76831,2.17911,-0.77776,48.19048,-10.979795,0.288342,0.509969,73.94768,46.690494,0.382843,,109.12459,90.48552,13.84941,197.17751,197.17751,12.896415,5.024136,-7.50489,-8.18823,0.07987,50,3.17565,2.5321,-78.70077,10.63092,-4.48993,14.26822,-37.0728,FOR_RAM,,FordhamUniversity,,,20260904-FordhamUniversity-BP-1,710692a0-a88c-11f1-884b-8d6b77d225c8,73.91128,90.72857,,4.22922,,,,2.32489,2.35211,0.78199,568bcc58-7a80-4f8d-8682-9863113bc81a,2026-09-04,18:14:16.41,2026-09-04T14:14:16.4150000-04:00,2026-09-04T18:14:16.4150000Z,FlyBall,v3,471298,,,,,Undefined,FOR_RAM,c5f40f2a-970e-4cff-b816-26d1778c5d71,38.63353,-76.61235,7.13411,4.33456,5.20463,-18.5364,0.4024,1.87492,-2.24496,,2.32856,74.31031,-20.30876,5.31797,-0.79646,0.00487,0.02344,-0.00386,0.0002,2.34887,78.97993,-19.89479,1.11324,-0.02226,-0.04515,0.01921,-0.00335,0.0002,0.78066,0.52557,3.66112,-0.7798,0.06895,0.0222,-0.00814,0.001,-4E-05,,,,,,,,,,,,,,,,,,,,,,,High,High,High,Medium,High,,,
33,2026-09-04,14:14:28.34,,,,,Undefined,FOR_RAM,"Kaufman, Taylor",10314665,Right,FOR_RAM,Undefined,1,Bottom,0,0,0,Undefined,Curveball,Undefined,Undefined,GroundBall,Undefined,0,0,,52.23612,4.696849,-0.588694,3096.271718,321.331608,4:45,4.30799,-0.40293,21.66429,-58.45476,-7.30496,7.16914,2.51178,-0.19005,47.9613,-10.532697,1.24067,0.514746,82.68913,-16.088695,-23.546846,,,,,13.58326,8.31991,-18.972331,0.096849,-7.4943,-8.52689,0.2552,50,3.05466,1.36097,-78.32455,11.4266,-4.44723,14.00633,-37.23406,FOR_RAM,,FordhamUniversity,,,20260904-FordhamUniversity-BP-1,78269bc0-a88c-11f1-884b-8d6b77d225c8,73.22526,3.18416,,4.27481,,,,2.50114,3.18416,0.15474,568bcc58-7a80-4f8d-8682-9863113bc81a,2026-09-04,18:14:28.34,2026-09-04T14:14:28.3440000-04:00,2026-09-04T18:14:28.3440000Z,GroundBall,v3,471298,,,,,Undefined,FOR_RAM,ae175c35-c6cd-49fb-9d2e-1473933dc4ca,38.84027,-76.30282,7.00317,4.31613,6.05211,-18.61703,0.40531,0.71904,-2.22362,,2.5011,106.8304,-0.22475,,,,,,,3.18417,-33.61036,7.56775,,,,,,,0.15476,-46.55577,-6.60799,,,,,,,,,,,,,,,,,,,,,,,,,,,,,High,Medium,Medium,Low,Low,,,
34,2026-09-04,14:14:33.61,,,,,Undefined,FOR_RAM,"Kaufman, Taylor",10314665,Right,FOR_RAM,Undefined,1,Bottom,0,0,0,Undefined,Curveball,Undefined,Undefined,FlyBall,Undefined,0,0,,52.11699,4.564113,-0.586101,3430.953269,318.524594,4:30,4.33568,-0.40216,21.97116,-57.56283,-7.23811,7.77926,2.50202,-0.1336,48.05353,-10.53937,1.415622,0.510578,72.22074,37.930924,-4.52583,4689.975012,109.87984,68.68583,5.13668,226.805,219.05391,11.213707,4.538087,-8.44737,-9.14418,0.2395,50,3.04281,1.4769,-78.18793,11.52471,-5.0147,13.62013,-37.6024,FOR_RAM,,FordhamUniversity,,,20260904-FordhamUniversity-BP-1,7b3e8a20-a88c-11f1-884b-8d6b77d225c8,73.82308,71.56555,,4.06346,,,,3.29673,2.99152,0.19999,568bcc58-7a80-4f8d-8682-9863113bc81a,2026-09-04,18:14:33.61,2026-09-04T14:14:33.6100000-04:00,2026-09-04T18:14:33.6100000Z,FlyBall,v3,471298,,,,,Undefined,FOR_RAM,ed9b826b-8cce-477c-8c15-5ff006e17fc3,38.53435,-76.16445,6.81007,4.34001,5.93833,-18.8012,0.40357,0.73189,-2.50735,206.010746,3.29666,83.29066,-17.97707,4.42131,-0.83748,0.13967,-0.02372,0.00323,-0.0002,2.99346,65.06259,-16.12108,0.02699,0.36342,-0.18719,0.05186,-0.00723,0.00039,0.20016,-6.59797,8.05518,-2.04379,0.45024,-0.09306,0.0179,-0.00237,0.00014,,,,,,,,,,,,,,,,,,,,,,,High,Medium,Medium,Medium,Medium,,,
35,2026-09-04,14:14:44.24,,,,,Undefined,FOR_RAM,"Kaufman, Taylor",10314665,Right,FOR_RAM,Undefined,1,Bottom,0,0,0,Undefined,Curveball,Undefined,Undefined,LineDrive,Undefined,0,0,,52.52703,3.947732,-0.953175,3238.339853,315.224799,4:30,4.34034,-0.39796,21.9598,-55.42208,-6.8241,7.98634,2.28453,-0.35018,49.35625,-10.514012,1.10229,0.501742,96.26259,8.045352,-23.757275,5186.030843,98.84541,7.90111,-48.26572,166.93003,166.93003,-28.155168,1.432936,-8.59544,-7.74426,0.16262,50,3.18697,1.99985,-78.51102,10.58569,-5.28511,11.32095,-36.93578,FOR_RAM,,FordhamUniversity,,,20260904-FordhamUniversity-BP-1,819c7bc0-a88c-11f1-884b-8d6b77d225c8,75.12316,8.6665,,3.17078,,,,3.0582,2.48308,0.39453,568bcc58-7a80-4f8d-8682-9863113bc81a,2026-09-04,18:14:44.24,2026-09-04T14:14:44.2420000-04:00,2026-09-04T18:14:44.2420000Z,LineDrive,v3,471298,,,,,Undefined,FOR_RAM,f183ca01-39b6-4b1f-84c3-9ac18d67cee7,38.54639,-76.84171,5.66047,4.34633,5.1394,-18.46789,0.40005,1.22054,-2.64256,107.495598,3.05822,127.94641,-24.44411,4.74574,-0.96172,0.47277,-0.42898,0.21237,-0.04015,2.48306,19.7628,-16.69714,1.75907,-0.5547,-0.08783,0.34122,-0.20055,0.03994,0.39457,-56.3237,0.67303,-0.28386,0.34024,0.30688,-0.63488,0.36076,-0.07135,,,,,,,,,,,,,,,,,,,,,,,High,High,High,Medium,Medium,,,
36,2026-09-04,14:14:55.02,,,,,Undefined,FOR_RAM,"Sullivan, Maximus",1000401613,Right,FOR_RAM,Undefined,1,Bottom,0,0,0,Undefined,Curveball,Undefined,Undefined,GroundBall,Undefined,0,0,,52.15563,5.249874,-1.108197,3066.303348,317.239593,4:30,4.28851,-0.36326,21.91253,-68.92271,-18.68434,18.62001,1.96161,0.46925,48.56383,-12.672272,3.683482,0.51014,66.49977,-29.257825,-20.826288,,,,,5.02943,3.31896,-19.958451,0.041002,-19.44918,-20.32863,0.05086,50,2.83041,3.01754,-78.27726,13.23165,-11.61047,13.36138,-44.30951,FOR_RAM,,FordhamUniversity,,,20260904-FordhamUniversity-BP-1,88210830-a88c-11f1-884b-8d6b77d225c8,73.88649,1.96066,,3.5918,,,,1.45615,1.96066,-0.4724,568bcc58-7a80-4f8d-8682-9863113bc81a,2026-09-04,18:14:55.02,2026-09-04T14:14:55.0270000-04:00,2026-09-04T18:14:55.0270000Z,GroundBall,v3,471298,,,,,Undefined,FOR_RAM,0e688a6c-ef8e-49d8-87da-a901f9af9192,38.59942,-76.30645,6.68069,4.30008,6.69597,-22.15476,0.36965,1.30499,-5.80524,,1.45449,79.78201,,,,,,,,1.96165,-47.81874,,,,,,,,-0.47177,-30.34824,,,,,,,,,,,,,,,,,,,,,,,,,,,,,,High,Medium,Medium,Estimated,Estimated,,,
37,2026-09-04,14:15:00.13,,,,,Undefined,FOR_RAM,"Sullivan, Maximus",1000401613,Right,FOR_RAM,Undefined,1,Bottom,0,0,0,Undefined,,Undefined,Undefined,GroundBall,Undefined,0,0,,49.17967,3.880174,2.012711,3036.641911,,,4.13922,-0.81867,22.07546,,,,4.54418,0.88762,48.07027,-2.733996,3.263052,0.521115,,,,,,,,,,,,-5.11799,29.22399,1.18689,50.00002,3.15471,-2.06641,-72.49547,7.40045,-2.88697,3.69087,-15.68938,FOR_RAM,,FordhamUniversity,,,20260904-FordhamUniversity-BP-1,8b071120-a88c-11f1-884b-8d6b77d225c8,72.3303,,,1.1094,,,,,,,568bcc58-7a80-4f8d-8682-9863113bc81a,2026-09-04,18:15:00.13,2026-09-04T14:15:00.1380000-04:00,2026-09-04T18:15:00.1380000Z,,v3,471298,,,,,Undefined,FOR_RAM,0f2978b9-b6de-493a-a937-86afdf4ab1ed,38.4306,-71.90404,1.84544,4.13914,4.88636,-7.84469,0.8187,-2.52903,-1.44348,,,,,,,,,,,,,,,,,,,,,,,,,,,,,,,,,,,,,,,,,,,,,,,,,,,Low,Low,Low,,,,,
38,2026-09-04,14:15:05.41,,,,,Undefined,FOR_RAM,"Sullivan, Maximus",1000401613,Right,FOR_RAM,Undefined,1,Bottom,0,0,0,Undefined,Curveball,Undefined,Undefined,GroundBall,Undefined,0,0,,51.4194,4.170272,-1.193458,3316.723828,324.151753,4:45,4.3301,-0.39414,21.9204,-62.29681,-9.26993,8.16256,1.84943,-0.48826,46.57544,-12.207036,0.907295,0.524107,64.07493,-40.478724,-15.480639,,,,,3.03274,1.46748,5.082565,0.02883,-8.78642,-10.14839,0.12271,50,3.14703,2.21183,-77.52266,10.83076,-4.96725,16.06541,-37.91127,FOR_RAM,,FordhamUniversity,,,20260904-FordhamUniversity-BP-1,8e4e25d0-a88c-11f1-884b-8d6b77d225c8,71.91751,1.76427,,4.84396,,,,1.02856,1.76427,0.82045,568bcc58-7a80-4f8d-8682-9863113bc81a,2026-09-04,18:15:05.41,2026-09-04T14:15:05.4130000-04:00,2026-09-04T18:15:05.4130000Z,GroundBall,v3,471298,,,,,Undefined,FOR_RAM,58c31208-7a1a-4e4b-9103-0c00c51ab701,38.5828,-75.11936,8.03271,4.34305,5.15945,-18.95563,0.39801,1.46876,-2.48363,,1.02757,69.10307,,,,,,,,1.76515,-61.19536,,,,,,,,0.82073,-19.13883,,,,,,,,,,,,,,,,,,,,,,,,,,,,,,High,High,High,Low,Low,,,
39,2026-09-04,14:15:11.15,,,,,Undefined,FOR_RAM,"Sullivan, Maximus",1000401613,Right,FOR_RAM,Undefined,1,Bottom,0,0,0,Undefined,Curveball,Undefined,Undefined,GroundBall,Undefined,0,0,,51.13125,3.911996,-1.075324,2979.553471,313.720718,4:30,4.33026,-0.39155,21.91689,-61.0094,-8.05056,10.32331,1.78859,-0.22902,46.88129,-12.080338,1.581125,0.52377,45.86033,-13.339009,-26.179629,,,,,15.8557,9.12049,-16.37321,0.164735,-11.14532,-9.37398,0.12468,50,3.17555,2.26793,-76.94976,10.54349,-6.30757,14.5221,-37.47913,FOR_RAM,,FordhamUniversity,,,20260904-FordhamUniversity-BP-1,91be4650-a88c-11f1-884b-8d6b77d225c8,71.96371,2.57807,,4.24996,,,,,,,568bcc58-7a80-4f8d-8682-9863113bc81a,2026-09-04,18:15:11.15,2026-09-04T14:15:11.1530000-04:00,2026-09-04T18:15:11.1530000Z,GroundBall,v3,471298,,,,,Undefined,FOR_RAM,c5d9e68b-cecc-45c0-b8d5-4a744268bc76,38.58809,-74.76507,7.26105,4.33759,4.90516,-18.73957,0.39449,1.31903,-3.15378,,5.44191,59.232,,,,,,,,2.58157,-15.64988,,,,,,,,0.33389,-29.1196,,,,,,,,,,,,,,,,,,,,,,,,,,,,,,High,Medium,Medium,Estimated,Estimated,,,
40,2026-09-04,14:15:21.11,,,,,Undefined,FOR_RAM,"Velit, Liam",1000239563,Right,FOR_RAM,Undefined,1,Bottom,0,0,0,Undefined,,Undefined,Undefined,LineDrive,Undefined,0,0,,50.66128,4.299507,-2.168614,3321.502656,,,4.07699,-0.71996,22.06694,,,,2.71821,0.13396,50.04659,-8.543666,4.802193,0.505241,89.72721,25.881551,-22.404805,1890.331243,102.53973,47.57399,-39.81898,336.34334,330.00597,-19.641827,4.447988,-29.20604,-0.73646,0.08435,50.00015,2.8229,5.47211,-74.6606,10.61258,-17.58307,3.346,-32.61742,FOR_RAM,,FordhamUniversity,,,20260904-FordhamUniversity-BP-1,979b2110-a88c-11f1-884b-8d6b77d225c8,74.60283,62.11691,,0.61468,,,,3.0127,2.70975,0.10948,568bcc58-7a80-4f8d-8682-9863113bc81a,2026-09-04,18:15:21.11,2026-09-04T14:15:21.1110000-04:00,2026-09-04T18:15:21.1110000Z,LineDrive,v3,471298,,,,,Undefined,FOR_RAM,d0cba0c7-735f-4824-a440-7076621910e4,38.44307,-74.14085,1.673,4.0779,5.54593,-16.30871,0.72224,2.74083,-8.79154,185.698099,3.0122,109.47805,-18.47037,4.32588,-0.9711,0.21939,-0.04209,0.00517,-0.00028,2.71093,57.40995,-14.57045,0.14719,0.2498,-0.13383,0.03635,-0.00488,0.00026,0.10981,-45.13654,8.68973,-1.89552,0.43785,-0.10887,0.02309,-0.003,0.00016,,,,,,,,,,,,,,,,,,,,,,,Low,Low,Low,High,Medium,,,
41,2026-09-04,14:15:26.16,,,,,Undefined,FOR_RAM,"Velit, Liam",1000239563,Right,FOR_RAM,Undefined,1,Bottom,0,0,0,Undefined,Curveball,Undefined,Undefined,GroundBall,Undefined,0,0,,51.63834,4.288584,-1.631865,3305.522746,316.883782,4:30,4.30568,-0.38562,21.91843,-60.18728,-8.95048,9.82024,2.07867,-0.62624,47.87701,-11.438027,0.892593,0.515184,59.82641,-40.688528,-47.351706,,,,,5.80674,5.80674,-14.843863,0.043621,-10.73678,-10.13493,0.00981,50,3.07536,3.00612,-77.41881,11.13798,-6.27852,12.94836,-38.10061,FOR_RAM,,FordhamUniversity,,,20260904-FordhamUniversity-BP-1,9a988290-a88c-11f1-884b-8d6b77d225c8,73.16305,2.50794,,3.76134,,,,3.63674,2.50794,0.65788,568bcc58-7a80-4f8d-8682-9863113bc81a,2026-09-04,18:15:26.16,2026-09-04T14:15:26.1680000-04:00,2026-09-04T18:15:26.1680000Z,GroundBall,v3,471298,,,,,Undefined,FOR_RAM,daa0a5f9-328c-4124-abee-6ac9a7a2e168,38.58765,-75.48596,6.47418,4.31348,5.45055,-19.05031,0.3886,2.0689,-3.13926,,3.63514,45.30454,,,,,,,,2.50997,-57.49445,,,,,,,,0.65962,-49.18504,,,,,,,,,,,,,,,,,,,,,,,,,,,,,,High,High,High,Estimated,Estimated,,,
42,2026-09-04,14:15:31.19,,,,,Undefined,FOR_RAM,"Velit, Liam",1000239563,Right,FOR_RAM,Undefined,1,Bottom,0,0,0,Undefined,Curveball,Undefined,Undefined,Undefined,Undefined,0,0,,52.82329,5.03709,-0.66576,3389.691657,326.416937,5:00,4.3571,-0.43163,22.05542,-54.44105,-5.87933,4.85217,3.0848,-0.45763,48.76874,-9.285364,0.583972,0.501555,,,,,,,,,,,,-5.65099,-8.9428,0.26311,50,2.94832,1.39709,-79.13398,12.31958,-3.45832,13.37685,-37.64692,FOR_RAM,,FordhamUniversity,,,20260904-FordhamUniversity-BP-1,9da46300-a88c-11f1-884b-8d6b77d225c8,75.15118,,,4.05454,,,,,,,568bcc58-7a80-4f8d-8682-9863113bc81a,2026-09-04,18:15:31.19,2026-09-04T14:15:31.1900000-04:00,2026-09-04T18:15:31.1900000Z,,v3,471298,,,,,Undefined,FOR_RAM,4df39114-7a62-4bce-ae74-8dfd38a1929e,38.45067,-77.15697,6.68842,4.35791,6.75564,-18.82346,0.43182,0.88597,-1.72916,,,,,,,,,,,,,,,,,,,,,,,,,,,,,,,,,,,,,,,,,,,,,,,,,,,High,Medium,Medium,,,,,
43,2026-09-04,14:15:36.78,,,,,Undefined,FOR_RAM,"Velit, Liam",1000239563,Right,FOR_RAM,Undefined,1,Bottom,0,0,0,Undefined,Curveball,Undefined,Undefined,Undefined,Undefined,0,0,,48.86034,4.813738,-2.605018,2842.930435,330.600179,5:00,4.31285,-0.38683,21.9848,-75.81599,-19.69706,11.8506,1.12283,-1.08746,46.54756,-14.798021,0.454639,0.539171,,,,,,,,,,,,-13.17879,-21.45202,-0.20332,50,2.85289,4.29068,-73.04733,12.71044,-7.01504,9.79616,-43.59291,FOR_RAM,,FordhamUniversity,,,20260904-FordhamUniversity-BP-1,a0fa44c0-a88c-11f1-884b-8d6b77d225c8,69.90819,,,2.31278,,,,,,,568bcc58-7a80-4f8d-8682-9863113bc81a,2026-09-04,18:15:36.78,2026-09-04T14:15:36.7830000-04:00,2026-09-04T18:15:36.7830000Z,,v3,471298,,,,,Undefined,FOR_RAM,631dc247-b929-4088-914b-9d43fae41b08,38.52755,-71.49224,4.89808,4.32134,5.79029,-21.79646,0.38941,3.17708,-3.50752,,,,,,,,,,,,,,,,,,,,,,,,,,,,,,,,,,,,,,,,,,,,,,,,,,,High,Medium,Medium,,,,,
44,2026-09-04,14:15:50.84,,,,,Undefined,FOR_RAM,"Chavez, Carson",1000156814,Right,FOR_RAM,Undefined,1,Bottom,0,0,0,Undefined,Curveball,Undefined,Undefined,GroundBall,Undefined,0,0,,55.0736,4.656747,-1.070089,1799.790428,316.896132,4:30,4.34093,-0.40076,22.14412,-51.86389,-7.98323,8.52095,3.02886,-0.38078,51.42688,-8.966346,1.13066,0.476769,89.56474,-18.509142,19.427719,,,,,9.96325,9.96325,18.959046,0.07697,-9.28418,-9.36249,0.1333,50,3.03947,2.33361,-82.29057,11.89339,-6.26225,12.58394,-38.48912,FOR_RAM,,FordhamUniversity,,,20260904-FordhamUniversity-BP-1,a94a9080-a88c-11f1-884b-8d6b77d225c8,79.05806,3.21847,,3.64672,,,,0.35626,3.21847,0.03924,568bcc58-7a80-4f8d-8682-9863113bc81a,2026-09-04,18:15:50.84,2026-09-04T14:15:50.8410000-04:00,2026-09-04T18:15:50.8410000Z,GroundBall,v3,471298,,,,,Undefined,FOR_RAM,93694f7b-0150-4bda-959e-6e8bcc1b5b45,38.36213,-80.49122,6.29197,4.34661,6.38993,-19.24456,0.40296,1.43819,-3.13113,180,0.35231,117.79281,,,,,,,,3.21987,-41.81467,,,,,,,,0.03784,41.54546,,,,,,,,,,,,,,,,,,,,,,,,,,,,,,High,High,High,Low,Low,,,
45,2026-09-04,14:15:55.33,,,,,Undefined,FOR_RAM,"Velit, Liam",1000239563,Right,FOR_RAM,Undefined,1,Bottom,0,0,0,Undefined,Curveball,Undefined,Undefined,LineDrive,Undefined,0,0,,51.11005,3.991647,-1.034145,2940.626113,321.109452,4:45,4.32576,-0.39786,21.88421,-57.78519,-6.29914,6.11118,2.10696,-0.5602,48.16013,-11.042138,0.535478,0.516436,82.31987,10.458572,-22.791619,2504.320063,,,,97.45785,94.70765,-23.214584,0.926315,-6.62989,-7.07516,0.15923,50,3.16016,1.8867,-76.34624,10.51584,-3.86274,10.52811,-36.29624,FOR_RAM,,FordhamUniversity,,,20260904-FordhamUniversity-BP-1,abfedb10-a88c-11f1-884b-8d6b77d225c8,72.98575,6.34899,,2.94992,,,,2.09362,2.05089,0.79157,568bcc58-7a80-4f8d-8682-9863113bc81a,2026-09-04,18:15:55.33,2026-09-04T14:15:55.3350000-04:00,2026-09-04T18:15:55.3350000Z,LineDrive,v3,471298,,,,,Undefined,FOR_RAM,69f01fb8-d8e4-4f53-a5dc-cdb0aaab96c3,38.62189,-74.76074,5.26406,4.33222,5.04975,-18.14812,0.39956,1.30499,-1.93137,20.516141,2.09362,109.45934,-17.82454,2.05365,-0.39658,0.05164,0.00094,-0.00445,0.00135,2.05088,21.91686,-29.61413,4.62491,-0.9952,0.13942,0.08131,-0.0729,0.01974,0.79157,-45.99344,3.75916,0.28258,-0.08453,-0.01135,0.05343,-0.03756,0.00975,,,,,,,,,,,,,,,,,,,,,,,High,High,High,Medium,Medium,,,
46,2026-09-04,14:16:01.07,,,,,Undefined,FOR_RAM,"Velit, Liam",1000239563,Right,FOR_RAM,Undefined,1,Bottom,0,0,0,Undefined,Curveball,Undefined,Undefined,FlyBall,Undefined,0,0,,50.10358,3.691392,-0.934388,3014.708229,315.835225,4:30,4.33926,-0.40178,21.97188,-58.94302,-5.57587,6.72575,1.82236,-0.44668,47.26383,-11.672192,0.798442,0.525785,77.62023,32.83904,-9.410274,2155.678008,109.36233,55.68667,-11.82658,292.66462,292.20828,-1.46947,4.46245,-7.3304,-6.46189,0.17564,50,3.20635,1.78871,-74.91297,10.12479,-4.1018,10.34385,-35.78986,FOR_RAM,,FordhamUniversity,,,20260904-FordhamUniversity-BP-1,af72a510-a88c-11f1-884b-8d6b77d225c8,71.68789,64.89506,,2.83976,,,,4.54593,2.43052,0.48626,568bcc58-7a80-4f8d-8682-9863113bc81a,2026-09-04,18:16:01.07,2026-09-04T14:16:01.0770000-04:00,2026-09-04T18:16:01.0770000Z,FlyBall,v3,471298,,,,,Undefined,FOR_RAM,f4cd886d-7122-4391-9c54-2c658f6b9c81,38.5341,-73.31269,5.17193,4.34443,4.58779,-17.89493,0.40328,1.15413,-2.0509,208.198083,4.54679,94.34278,-12.4898,2.26656,-0.26843,-0.00671,0.00653,-0.00051,-1E-05,2.43066,61.73508,-17.232,1.53126,-0.45606,0.11259,-0.01399,0.00049,3E-05,0.48609,-15.63247,5.85434,-0.99032,0.04561,0.0407,-0.01272,0.00154,-7E-05,,,,,,,,,,,,,,,,,,,,,,,High,High,High,Medium,High,,,
47,2026-09-04,14:16:07.09,,,,,Undefined,FOR_RAM,"Velit, Liam",1000239563,Right,FOR_RAM,Undefined,1,Bottom,0,0,0,Undefined,Curveball,Undefined,Undefined,Undefined,Undefined,0,0,,48.93113,4.319146,-1.491066,2697.195923,315.618545,4:30,4.34109,-0.38379,22.06393,-67.42834,-11.55552,12.70957,1.51943,-0.28844,46.24465,-13.24637,1.794418,0.537987,,,,,,,,,,,,-14.66922,-14.9532,-0.0107,50,2.97147,3.09518,-73.13117,11.78287,-7.81717,9.91094,-40.14255,FOR_RAM,,FordhamUniversity,,,20260904-FordhamUniversity-BP-1,b2fc8f20-a88c-11f1-884b-8d6b77d225c8,70.06201,,,2.68649,,,,,,,568bcc58-7a80-4f8d-8682-9863113bc81a,2026-09-04,18:16:07.09,2026-09-04T14:16:07.0990000-04:00,2026-09-04T18:16:07.0990000Z,,v3,471298,,,,,Undefined,FOR_RAM,62b18b45-7797-4b57-93b5-cf7cc496a9d2,38.44254,-71.54773,4.95547,4.34165,5.36942,-20.07128,0.38404,1.84625,-3.90858,,,,,,,,,,,,,,,,,,,,,,,,,,,,,,,,,,,,,,,,,,,,,,,,,,,High,Medium,Medium,,,,,
48,2026-09-04,14:16:17.86,,,,,Undefined,FOR_RAM,"Velit, Liam",1000239563,Right,FOR_RAM,Undefined,1,Bottom,0,0,0,Undefined,Curveball,Undefined,Undefined,Undefined,Undefined,0,0,,50.31279,3.888944,-1.922271,2816.847129,309.60628,4:15,4.29987,-0.36587,21.81381,-60.97287,-6.48929,9.91441,1.75421,-0.79074,46.57053,-12.013309,0.619971,0.531257,,,,,,,,,,,,-10.61221,-6.62016,-0.05308,50,3.18622,3.24083,-75.46318,10.1462,-5.86758,12.69884,-35.83439,FOR_RAM,,FordhamUniversity,,,20260904-FordhamUniversity-BP-1,b97a16b0-a88c-11f1-884b-8d6b77d225c8,70.9496,,,3.74226,,,,,,,568bcc58-7a80-4f8d-8682-9863113bc81a,2026-09-04,18:16:17.86,2026-09-04T14:16:17.8620000-04:00,2026-09-04T18:16:17.8620000Z,,v3,471298,,,,,Undefined,FOR_RAM,08fb696f-eee3-45ca-837d-16009cc49648,38.69055,-73.53542,6.34942,4.31357,4.70632,-17.91719,0.37129,2.3501,-2.93379,,,,,,,,,,,,,,,,,,,,,,,,,,,,,,,,,,,,,,,,,,,,,,,,,,,High,High,High,,,,,
49,2026-09-04,14:16:22.52,,,,,Undefined,FOR_RAM,"Velit, Liam",1000239563,Right,FOR_RAM,Undefined,1,Bottom,0,0,0,Undefined,Curveball,Undefined,Undefined,Undefined,Undefined,0,0,,50.54025,4.111364,-0.750439,3001.451059,330.603046,5:00,4.31416,-0.39344,21.94932,-64.94122,-11.80178,7.50036,1.57228,-0.25489,47.27022,-12.806498,1.182661,0.524662,,,,,,,,,,,,-8.08284,-13.22127,0.20201,50,3.07678,1.61219,-75.79299,11.17007,-4.5507,12.03496,-39.61773,FOR_RAM,,FordhamUniversity,,,20260904-FordhamUniversity-BP-1,bc3e3fc0-a88c-11f1-884b-8d6b77d225c8,71.84134,,,3.27002,,,,,,,568bcc58-7a80-4f8d-8682-9863113bc81a,2026-09-04,18:16:22.52,2026-09-04T14:16:22.5290000-04:00,2026-09-04T18:16:22.5290000Z,,v3,471298,,,,,Undefined,FOR_RAM,a2b3a5ad-28f4-40b7-9e0c-d25ba04d5a39,38.55792,-73.95382,6.01748,4.32117,5.11572,-19.80887,0.39525,0.91675,-2.27535,,,,,,,,,,,,,,,,,,,,,,,,,,,,,,,,,,,,,,,,,,,,,,,,,,,High,Medium,Medium,,,,,
50,2026-09-04,14:16:34.02,,,,,Undefined,FOR_RAM,"Young, Caden",10264258,Right,FOR_RAM,Undefined,1,Bottom,0,0,0,Undefined,Curveball,Undefined,Undefined,LineDrive,Undefined,0,0,,51.52268,3.745689,-0.521596,2931.185812,325.968188,4:45,4.3304,-0.41407,21.84967,-58.35645,-7.00174,5.72347,1.90549,-0.27615,48.03697,-11.462968,0.94851,0.515777,95.68603,11.717976,-31.07118,2121.562364,90.36107,6.2103,-62.72817,141.54947,141.54947,-36.183603,1.153686,-6.11138,-8.01685,0.27999,50,3.22055,1.17738,-77.21364,10.2459,-3.57724,12.33841,-36.86664,FOR_RAM,,FordhamUniversity,,,20260904-FordhamUniversity-BP-1,c32844c0-a88c-11f1-884b-8d6b77d225c8,73.07901,8.96761,,3.48571,,,,2.86519,1.89974,-0.08478,568bcc58-7a80-4f8d-8682-9863113bc81a,2026-09-04,18:16:34.02,2026-09-04T14:16:34.0240000-04:00,2026-09-04T18:16:34.0240000Z,LineDrive,v3,471298,,,,,Undefined,FOR_RAM,83c038a3-fb0a-4790-a250-ddf4c89ae57c,38.65587,-75.37911,6.16921,4.33646,4.76438,-18.43332,0.41551,0.6455,-1.78862,,2.86519,117.6992,-21.43717,3.20237,-0.46987,0.01124,0.01271,-0.0044,0.00074,1.89974,28.50214,-31.33266,5.75165,-1.37835,0.32513,-0.07038,0.01364,-0.00151,-0.08478,-70.91997,-4.34759,3.78823,-1.29789,0.38475,-0.09691,0.02039,-0.0024,,,,,,,,,,,,,,,,,,,,,,,High,Medium,Medium,Low,High,,,
51,2026-09-04,14:16:39.08,,,,,Undefined,FOR_RAM,"Young, Caden",10264258,Right,FOR_RAM,Undefined,1,Bottom,0,0,0,Undefined,Curveball,Undefined,Undefined,LineDrive,Undefined,0,0,,52.30792,5.07846,-1.113233,3117.434375,307.084481,4:15,4.33032,-0.39458,21.93188,-57.24948,-7.12587,11.48347,2.86231,-0.15967,48.12566,-9.936754,1.835456,0.509557,89.73141,13.294581,12.853303,2321.233569,105.35381,18.39081,31.62939,226.23461,223.50174,21.454546,2.302796,-12.35359,-8.82453,0.11114,50,2.95218,2.48463,-78.38136,12.13892,-7.37877,13.58212,-37.44491,FOR_RAM,,FordhamUniversity,,,20260904-FordhamUniversity-BP-1,c615a0b0-a88c-11f1-884b-8d6b77d225c8,73.97101,18.53908,,4.18225,,,,1.07812,2.79118,0.19056,568bcc58-7a80-4f8d-8682-9863113bc81a,2026-09-04,18:16:39.08,2026-09-04T14:16:39.0800000-04:00,2026-09-04T18:16:39.0800000Z,LineDrive,v3,471298,,,,,Undefined,FOR_RAM,8edf3254-7371-48d3-ad17-f1b6b02601da,38.57355,-76.37569,6.79106,4.33646,6.60945,-18.72246,0.39759,1.39501,-3.68938,241.065537,1.07811,124.8698,-20.51469,3.7222,-0.73411,0.09939,0.00772,-0.00739,0.00108,2.79119,30.26322,-15.49415,1.05747,-0.2038,0.09029,-0.0464,0.01447,-0.00177,0.19059,28.4907,5.38965,-1.53775,0.33207,0.03518,-0.07732,0.02917,-0.00374,,,,,,,,,,,,,,,,,,,,,,,High,Medium,Medium,High,High,,,
52,2026-09-04,14:16:49.49,,,,,Undefined,FOR_RAM,"Sullivan, Maximus",1000401613,Right,FOR_RAM,Undefined,1,Bottom,0,0,0,Undefined,,Undefined,Undefined,LineDrive,Undefined,0,0,,51.52252,3.464981,-3.066669,3242.705788,,,4.18432,-0.57359,22.01948,,,,2.64225,-0.30408,50.5287,-8.29749,3.893629,0.498838,86.94694,13.299122,9.588244,3323.723291,106.79391,16.28454,26.36207,203.1214,194.19182,18.406258,2.122645,-29.19891,2.53248,-0.2337,50.0003,3.14224,6.70403,-76.05264,9.18905,-18.08058,4.29888,-30.60588,FOR_RAM,,FordhamUniversity,,,20260904-FordhamUniversity-BP-1,cc4a5f70-a88c-11f1-884b-8d6b77d225c8,75.56041,16.28785,,0.99382,,,,1.0127,2.23058,-0.09859,568bcc58-7a80-4f8d-8682-9863113bc81a,2026-09-04,18:16:49.49,2026-09-04T14:16:49.4920000-04:00,2026-09-04T18:16:49.4920000Z,LineDrive,v3,471298,,,,,Undefined,FOR_RAM,6b3023c3-8a20-4702-951c-53f4c0ee248f,38.48973,-75.3992,2.14944,4.18543,4.53687,-15.30294,0.57645,3.95573,-9.04029,246.512769,1.0127,122.36843,-20.14872,3.45812,-0.71752,0.13897,-0.02557,0.00365,-0.00027,2.23058,29.33448,-16.40546,1.32515,-0.24257,0.05268,-0.00858,0.00114,-9E-05,-0.09859,20.67128,7.00332,-1.83309,0.46777,-0.10675,0.02131,-0.00312,0.00023,,,,,,,,,,,,,,,,,,,,,,,Low,Low,Low,High,High,,,
53,2026-09-04,14:16:54.22,,,,,Undefined,FOR_RAM,"Sullivan, Maximus",1000401613,Right,FOR_RAM,Undefined,1,Bottom,0,0,0,Undefined,Curveball,Undefined,Undefined,LineDrive,Undefined,0,0,,51.17698,4.728587,-0.920638,2942.665701,300.774387,4:00,4.35993,-0.41224,21.86999,-55.83377,-3.34815,8.35792,2.78623,-0.31385,47.13271,-9.913392,1.222535,0.521425,92.1444,10.585354,-30.243084,1878.499479,,,,132.94727,132.94727,-30.10341,1.137908,-8.90646,-4.44965,0.18832,50,3.0743,1.89242,-76.6585,11.21531,-5.09571,12.87264,-34.71986,FOR_RAM,,FordhamUniversity,,,20260904-FordhamUniversity-BP-1,cf1dcac0-a88c-11f1-884b-8d6b77d225c8,72.2874,8.90485,,4.04428,,,,2.87079,2.99943,0.51432,568bcc58-7a80-4f8d-8682-9863113bc81a,2026-09-04,18:16:54.22,2026-09-04T14:16:54.2240000-04:00,2026-09-04T18:16:54.2240000Z,LineDrive,v3,471298,,,,,Undefined,FOR_RAM,de7f4e92-6e6f-4286-a6fc-65b4c2f0d98c,38.63376,-74.72549,6.43632,4.36698,6.00162,-17.35993,0.41504,1.12723,-2.54785,,2.87079,114.76434,-16.19816,2.11136,-0.41382,0.07098,-0.01398,0.0024,-0.00022,2.99943,24.82613,-27.85936,4.13765,-0.97195,0.23568,-0.05292,0.01039,-0.00117,0.51432,-66.91003,8.56337,-1.84586,0.43057,-0.09854,0.02255,-0.00441,0.00048,,,,,,,,,,,,,,,,,,,,,,,High,Medium,Medium,Medium,Medium,,,
54,2026-09-04,14:17:00.00,,,,,Undefined,FOR_RAM,"Sullivan, Maximus",1000401613,Right,FOR_RAM,Undefined,1,Bottom,0,0,0,Undefined,Curveball,Undefined,Undefined,Undefined,Undefined,0,0,,51.09786,4.849745,-1.240858,3049.888535,311.198298,4:15,4.31914,-0.37237,21.87875,-58.72543,-6.87788,9.40835,2.58332,-0.39435,47.81196,-10.456317,1.172452,0.518246,,,,,,,,,,,,-10.11784,-8.04855,0.07536,50,2.97909,2.42966,-76.31364,11.71197,-5.85637,11.01038,-36.83269,FOR_RAM,,FordhamUniversity,,,20260904-FordhamUniversity-BP-1,d28cd9d0-a88c-11f1-884b-8d6b77d225c8,72.73085,,,3.2859,,,,,,,568bcc58-7a80-4f8d-8682-9863113bc81a,2026-09-04,18:17:00.00,2026-09-04T14:17:00.0060000-04:00,2026-09-04T18:17:00.0060000Z,,v3,471298,,,,,Undefined,FOR_RAM,3e129b31-5896-482e-8415-2e24480a858b,38.6275,-74.65481,5.50519,4.32559,6.16273,-18.41635,0.37495,1.54734,-2.92819,,,,,,,,,,,,,,,,,,,,,,,,,,,,,,,,,,,,,,,,,,,,,,,,,,,High,High,High,,,,,
55,2026-09-04,14:17:06.37,,,,,Undefined,FOR_RAM,"Sullivan, Maximus",1000401613,Right,FOR_RAM,Undefined,1,Bottom,0,0,0,Undefined,Curveball,Undefined,Undefined,LineDrive,Undefined,0,0,,51.7157,5.002563,-1.074266,3092.73556,309.513243,4:15,4.34718,-0.41009,21.90873,-57.64798,-6.88575,10.04693,2.79834,-0.27005,48.12953,-10.059728,1.504746,0.512792,,,,,,,,,,,,-10.82646,-8.38441,0.14022,50,2.97615,2.30116,-77.30179,11.99454,-6.3912,11.8264,-37.12362,FOR_RAM,,FordhamUniversity,,,20260904-FordhamUniversity-BP-1,d653f3f0-a88c-11f1-884b-8d6b77d225c8,73.50427,,,3.58618,,,,,,,568bcc58-7a80-4f8d-8682-9863113bc81a,2026-09-04,18:17:06.37,2026-09-04T14:17:06.3750000-04:00,2026-09-04T18:17:06.3750000Z,,v3,471298,,,,,Undefined,FOR_RAM,63e0c72d-7274-4df7-aaaf-e502eb01f83d,38.59726,-75.53714,5.9132,4.35262,6.45523,-18.56181,0.41244,1.34752,-3.1956,,,,,,,,,,,,,,,,,,,,,,,,,,,,,,,,,,,,,,,,,,,,,,,,,,,High,High,High,,,,,
56,2026-09-04,14:17:17.04,,,,,Undefined,FOR_RAM,"Velit, Liam",1000239563,Right,FOR_RAM,Undefined,1,Bottom,0,0,0,Undefined,Curveball,Undefined,Undefined,GroundBall,Undefined,0,0,,52.2674,4.500291,-0.642045,3391.283201,309.381386,4:15,4.32517,-0.37951,22.05522,-57.5131,-8.32957,11.76099,2.44746,0.18555,48.80383,-10.564239,2.391015,0.504756,38.61432,-33.536738,-16.984524,,,,,7.63856,4.7804,-10.129503,0.088541,-12.47808,-9.63414,0.18389,50,3.03659,1.89443,-78.23198,11.50905,-7.54606,12.09482,-38.00025,FOR_RAM,,FordhamUniversity,,,20260904-FordhamUniversity-BP-1,dcbe68b0-a88c-11f1-884b-8d6b77d225c8,74.67462,2.80793,,3.46357,,,,3.46786,2.80793,-0.10591,568bcc58-7a80-4f8d-8682-9863113bc81a,2026-09-04,18:17:17.04,2026-09-04T14:17:17.0400000-04:00,2026-09-04T18:17:17.0400000Z,GroundBall,v3,471298,,,,,Undefined,FOR_RAM,030c0706-42fa-4f74-9eb8-a4040cbc3bf3,38.45142,-76.4257,6.04741,4.33163,5.83394,-19.00013,0.38266,0.76747,-3.77303,,3.45913,45.76019,,,,,,,,2.81398,-31.71345,,,,,,,,-0.10324,-13.97678,,,,,,,,,,,,,,,,,,,,,,,,,,,,,,High,Medium,Medium,Estimated,Estimated,,,
57,2026-09-04,14:17:22.36,,,,,Undefined,FOR_RAM,"Sullivan, Maximus",1000401613,Right,FOR_RAM,Undefined,1,Bottom,0,0,0,Undefined,Curveball,Undefined,Undefined,GroundBall,Undefined,0,0,,50.92808,3.459837,-0.575485,2852.122571,317.731267,4:30,4.34585,-0.39696,21.96683,-56.19594,-4.95555,5.56662,1.90739,-0.30596,48.35032,-11.16514,0.858412,0.515202,86.77044,-3.964655,18.61451,,,,,25.89938,19.15521,18.705039,0.20145,-6.00996,-5.74784,0.24813,50,3.27054,1.25125,-76.02078,9.79518,-3.50249,9.6793,-35.52377,FOR_RAM,,FordhamUniversity,,,20260904-FordhamUniversity-BP-1,dfdf09a0-a88c-11f1-884b-8d6b77d225c8,73.16051,1.77441,,2.57776,,,,0.2685,1.77441,0.13362,568bcc58-7a80-4f8d-8682-9863113bc81a,2026-09-04,18:17:22.36,2026-09-04T14:17:22.3630000-04:00,2026-09-04T18:17:22.3630000Z,GroundBall,v3,471298,,,,,Undefined,FOR_RAM,8b63e919-a79d-4973-9392-d3cf209f9838,38.53926,-74.54727,4.83965,4.35007,4.38728,-17.76189,0.39803,0.71805,-1.75124,,0.26447,120.44152,,,,,,,,1.77471,-8.80821,,,,,,,,0.13226,40.56701,,,,,,,,,,,,,,,,,,,,,,,,,,,,,,High,Medium,Medium,Low,Low,,,
58,2026-09-04,14:17:28.03,,,,,Undefined,FOR_RAM,"Sullivan, Maximus",1000401613,Right,FOR_RAM,Undefined,1,Bottom,0,0,0,Undefined,,Undefined,Undefined,Undefined,Undefined,0,0,,53.16054,3.934335,-1.814903,3580.170886,,,3.9792,-0.82986,21.91138,,,,3.22501,0.2255,51.98073,-6.346923,5.054244,0.484934,73.87489,22.800353,44.450012,5741.057963,69.03605,33.48742,85.63858,235.08012,108.57333,58.953252,3.16605,-28.71068,5.67418,0.28136,50.00024,2.89822,5.15455,-78.47181,9.48499,-18.92072,4.61142,-28.43468,FOR_RAM,,FordhamUniversity,,,20260904-FordhamUniversity-BP-1,e3623cf0-a88c-11f1-884b-8d6b77d225c8,77.72688,34.07141,,1.17981,,,,0.39366,2.55803,-0.06934,568bcc58-7a80-4f8d-8682-9863113bc81a,2026-09-04,18:17:28.03,2026-09-04T14:17:28.0300000-04:00,2026-09-04T18:17:28.0300000Z,LineDrive,v3,471298,,,,,Undefined,FOR_RAM,f4a77d41-d51d-4dc4-af0d-f2b1549dd5a8,38.59668,-77.79879,2.30571,3.97969,5.33505,-14.21734,0.83214,2.39314,-9.46036,,0.39371,71.30094,-19.14585,4.57719,-0.89663,0.13125,-0.00624,-0.00223,0.00034,2.5579,41.99306,-14.0927,-0.15062,0.16807,0.01071,-0.02742,0.00805,-0.00077,-0.06937,69.94788,-5.07581,1.5706,-0.30465,0.05845,-0.00987,0.00115,-7E-05,,,,,,,,,,,,,,,,,,,,,,,Low,Low,Low,Medium,Low,,,
59,2026-09-04,14:17:33.70,,,,,Undefined,FOR_RAM,"Sullivan, Maximus",1000401613,Right,FOR_RAM,Undefined,1,Bottom,0,0,0,Undefined,Curveball,Undefined,Undefined,LineDrive,Undefined,0,0,,49.4293,4.34329,-1.066572,2865.642516,308.98004,4:15,4.33528,-0.40217,21.91213,-56.31121,-3.12382,4.78642,2.46681,-0.69545,48.04702,-10.19659,0.162272,0.524899,83.90675,20.930528,-15.144344,1390.201161,106.09363,34.4901,-29.05169,291.16541,283.48791,-16.342351,3.733838,-5.21737,-3.65201,0.15886,50,3.06882,1.78634,-73.15857,10.77908,-2.93493,5.55476,-34.22842,FOR_RAM,,FordhamUniversity,,,20260904-FordhamUniversity-BP-1,e6beae60-a88c-11f1-884b-8d6b77d225c8,71.80894,39.75936,,1.38228,,,,2.75385,2.24625,0.74469,568bcc58-7a80-4f8d-8682-9863113bc81a,2026-09-04,18:17:33.70,2026-09-04T14:17:33.7070000-04:00,2026-09-04T18:17:33.7070000Z,LineDrive,v3,471298,,,,,Undefined,FOR_RAM,d670a1c6-f9f4-4be5-8f88-39463d0fe149,38.59468,-72.2874,2.77738,4.33838,5.41096,-17.11421,0.40292,1.32605,-1.46746,166.659358,2.75374,110.95212,-17.66186,3.59996,-0.70527,0.14856,-0.03674,0.00705,-0.00056,2.24674,43.94974,-13.40789,0.13909,0.22691,-0.14288,0.05519,-0.01019,0.0007,0.74482,-30.03549,2.35894,-0.00709,0.05064,-0.05859,0.02059,-0.00347,0.00024,,,,,,,,,,,,,,,,,,,,,,,High,High,High,High,Medium,,,
60,2026-09-04,14:17:43.24,,,,,Undefined,FOR_RAM,"Velit, Liam",1000239563,Right,FOR_RAM,Undefined,1,Bottom,0,0,0,Undefined,,Undefined,Undefined,LineDrive,Undefined,0,0,,50.41905,5.047578,-2.308799,3097.120131,,,3.85574,-0.77691,22.00807,,,,2.49345,-0.0622,49.81122,-9.29378,4.50845,0.50894,93.29824,20.293864,-30.267088,1433.944298,92.48508,23.34033,-59.55196,206.09415,206.09415,-35.2113,2.101069,-28.5099,-6.3841,0.12327,50.00016,2.41733,5.54045,-74.25687,12.06086,-16.97184,3.347,-35.97447,FOR_RAM,,FordhamUniversity,,,20260904-FordhamUniversity-BP-1,ec5e8020-a88c-11f1-884b-8d6b77d225c8,74.06071,23.33367,,0.60783,,,,2.64433,2.27799,-0.17134,568bcc58-7a80-4f8d-8682-9863113bc81a,2026-09-04,18:17:43.24,2026-09-04T14:17:43.2430000-04:00,2026-09-04T18:17:43.2430000Z,LineDrive,v3,471298,,,,,Undefined,FOR_RAM,8e46aed5-b3ee-4337-8fe6-4d291d4bb8c2,38.50331,-73.73684,1.6735,3.85702,6.47152,-17.98723,0.77925,2.90354,-8.48592,,2.64433,110.84814,-20.63706,3.72575,-0.70192,0.09446,-0.01372,0.00252,-0.00021,2.27799,47.45989,-30.92282,5.54296,-1.30134,0.29092,-0.05489,0.00853,-0.00071,-0.17134,-64.68915,0.76513,2.79606,-1.07106,0.32213,-0.07038,0.01134,-0.00097,,,,,,,,,,,,,,,,,,,,,,,Low,Low,Low,Medium,Medium,,,
61,2026-09-04,14:17:48.35,,,,,Undefined,FOR_RAM,"Velit, Liam",1000239563,Right,FOR_RAM,Undefined,1,Bottom,0,0,0,Undefined,,Undefined,Undefined,LineDrive,Undefined,0,0,,51.64341,3.575951,-2.296917,3335.86001,,,4.11395,-0.66012,21.93953,,,,2.58802,0.11827,50.49872,-8.359768,4.69136,0.499623,93.10512,11.091391,-40.587202,2511.459344,,,,109.21849,109.21849,-41.651734,0.908924,-29.17324,1.84862,0.01558,50,3.05862,5.66531,-76.36007,9.35746,-18.08823,4.96867,-31.02786,FOR_RAM,,FordhamUniversity,,,20260904-FordhamUniversity-BP-1,ef7ed2f0-a88c-11f1-884b-8d6b77d225c8,75.44171,7.61341,,1.14468,,,,3.46876,2.68017,0.07955,568bcc58-7a80-4f8d-8682-9863113bc81a,2026-09-04,18:17:48.35,2026-09-04T14:17:48.3520000-04:00,2026-09-04T18:17:48.3520000Z,LineDrive,v3,471298,,,,,Undefined,FOR_RAM,7e56997d-5041-4cd5-84cf-b430252c3fa1,38.56956,-75.61264,2.48434,4.11519,4.69002,-15.51393,0.66314,2.94434,-9.04412,,3.46876,101.76437,-19.27165,2.47761,-0.49892,0.08169,-0.01322,0.00232,-0.00027,2.68017,26.26951,-37.41791,7.12865,-1.82762,0.49709,-0.12624,0.02808,-0.00374,0.07955,-87.18319,8.14461,-0.16319,-0.08703,0.06559,-0.02384,0.00591,-0.00081,,,,,,,,,,,,,,,,,,,,,,,Low,Low,Low,Medium,High,,,
62,2026-09-04,14:17:53.52,,,,,Undefined,FOR_RAM,"Velit, Liam",1000239563,Right,FOR_RAM,Undefined,1,Bottom,0,0,0,Undefined,Curveball,Undefined,Undefined,LineDrive,Undefined,0,0,,51.39239,3.950104,-1.006108,3166.647291,311.031203,4:15,4.32366,-0.37895,21.82857,-56.99227,-5.36862,7.84256,2.14765,-0.37977,47.90154,-10.90846,1.004882,0.517125,95.39554,23.897176,-4.531959,1544.230099,109.74514,44.2834,-7.48262,315.5667,315.5667,-0.955591,4.090202,-8.39197,-6.15843,0.14011,50,3.18826,1.98437,-76.93761,10.33448,-4.89149,11.99675,-35.76367,FOR_RAM,,FordhamUniversity,,,20260904-FordhamUniversity-BP-1,f275cbd0-a88c-11f1-884b-8d6b77d225c8,72.88842,56.069,,3.49085,,,,2.69224,2.40756,0.28692,568bcc58-7a80-4f8d-8682-9863113bc81a,2026-09-04,18:17:53.52,2026-09-04T14:17:53.5250000-04:00,2026-09-04T18:17:53.5250000Z,LineDrive,v3,471298,,,,,Undefined,FOR_RAM,3f4e6fff-4105-4b28-af49-293fe0ceec0b,38.67652,-75.15122,5.99837,4.33063,5.00904,-17.88184,0.38137,1.256,-2.44574,180.902785,2.69229,127.51725,-27.68447,7.31173,-1.64355,0.32471,-0.0534,0.00629,-0.00036,2.40819,56.66238,-14.8935,-0.79271,0.74464,-0.28137,0.06706,-0.0087,0.00045,0.2872,-10.1151,2.35436,0.16496,-0.11907,0.02187,-0.00153,8E-05,-1E-05,,,,,,,,,,,,,,,,,,,,,,,High,High,High,Medium,High,,,
63,2026-09-04,14:17:59.24,,,,,Undefined,FOR_RAM,"Velit, Liam",1000239563,Right,FOR_RAM,Undefined,1,Bottom,0,0,0,Undefined,Curveball,Undefined,Undefined,LineDrive,Undefined,0,0,,50.85986,5.051409,-0.807659,3041.649142,304.892041,4:15,4.33978,-0.3968,21.88593,-58.12432,-4.91032,9.43709,2.78496,-0.13485,46.78713,-10.189501,1.612579,0.52503,96.83351,22.514722,-13.292328,1579.746777,107.76815,43.2072,-22.04306,354.04882,346.99406,-9.475893,4.552905,-9.9656,-6.18343,0.19014,50,2.97616,1.81227,-76.1968,11.76107,-5.61973,12.91722,-35.66097,FOR_RAM,,FordhamUniversity,,,20260904-FordhamUniversity-BP-1,f5da5390-a88c-11f1-884b-8d6b77d225c8,71.79098,60.81393,,4.07273,,,,2.66683,2.93726,0.31431,568bcc58-7a80-4f8d-8682-9863113bc81a,2026-09-04,18:17:59.24,2026-09-04T14:17:59.2430000-04:00,2026-09-04T18:17:59.2430000Z,LineDrive,v3,471298,,,,,Undefined,FOR_RAM,61a92197-bd1f-46f4-ae88-55366a958e45,38.61834,-74.24226,6.45861,4.34752,6.36511,-17.83048,0.40003,0.96193,-2.80987,195.734043,2.66631,127.69437,-23.29747,5.21032,-1.14428,0.24669,-0.04394,0.00501,-0.00025,2.93892,54.34501,-12.8884,-0.39152,0.45545,-0.18665,0.04409,-0.00534,0.00025,0.31458,-30.17068,9.16776,-2.54515,0.6373,-0.14172,0.02392,-0.00254,0.00012,,,,,,,,,,,,,,,,,,,,,,,High,Medium,Medium,Medium,High,,,
64,2026-09-04,14:18:11.91,,,,,Undefined,FOR_RAM,"Chavez, Carson",1000156814,Right,FOR_RAM,Undefined,1,Bottom,0,0,0,Undefined,Curveball,Undefined,Undefined,Undefined,Undefined,0,0,,52.37563,5.140071,-1.674298,3293.887612,314.73338,4:30,4.34247,-0.38369,22.11251,-54.79369,-6.08351,7.41056,3.10394,-0.847,48.88985,-9.245955,0.236281,0.502321,,,,,,,,,,,,-8.02288,-6.61583,0.01098,50,2.95415,2.87701,-78.15263,12.04802,-4.88279,11.31639,-36.2005,FOR_RAM,,FordhamUniversity,,,20260904-FordhamUniversity-BP-1,fd7ab040-a88c-11f1-884b-8d6b77d225c8,75.03658,,,3.48577,,,,,,,568bcc58-7a80-4f8d-8682-9863113bc81a,2026-09-04,18:18:11.91,2026-09-04T14:18:11.9100000-04:00,2026-09-04T18:18:11.9100000Z,,v3,471298,,,,,Undefined,FOR_RAM,e62db2da-9b64-4376-9c36-328156d90ed8,38.39286,-76.45347,5.6582,4.3551,6.61247,-18.10025,0.38793,2.14386,-2.44139,,,,,,,,,,,,,,,,,,,,,,,,,,,,,,,,,,,,,,,,,,,,,,,,,,,High,High,High,,,,,
65,2026-09-04,14:18:16.75,,,,,Undefined,FOR_RAM,"Chavez, Carson",1000156814,Right,FOR_RAM,Undefined,1,Bottom,0,0,0,Undefined,Curveball,Undefined,Undefined,FlyBall,Undefined,0,0,,51.73833,4.983047,-0.947226,3332.212967,322.085268,4:45,4.309,-0.39499,21.86194,-58.23507,-7.42225,6.86414,2.70242,-0.43849,48.19098,-10.206469,0.812587,0.513048,93.52942,38.537777,5.93442,3806.746675,107.06123,82.16429,25.25495,288.00076,163.57709,23.207599,5.408822,-7.34882,-8.54095,0.17239,50,2.95715,1.83632,-77.31664,11.91769,-4.34434,11.7419,-37.22311,FOR_RAM,,FordhamUniversity,,,20260904-FordhamUniversity-BP-1,005ebd60-a88d-11f1-884b-8d6b77d225c8,73.46764,101.33152,,3.54735,,,,1.23619,2.67461,0.45043,568bcc58-7a80-4f8d-8682-9863113bc81a,2026-09-04,18:18:16.75,2026-09-04T14:18:16.7540000-04:00,2026-09-04T18:18:16.7540000Z,FlyBall,v3,471298,,,,,Undefined,FOR_RAM,0c275374-e7e1-4842-9abb-61a4201a6e4c,38.64391,-75.57234,5.87095,4.31684,6.38807,-18.61156,0.39724,1.19095,-2.17217,214.168378,1.25062,106.43358,-27.39909,5.72442,-0.19737,-0.32952,0.10328,-0.01289,0.0006,2.6687,85.55755,-21.13223,1.05639,0.18421,-0.15645,0.05076,-0.00757,0.00042,0.44267,11.24433,8.7369,-3.19499,0.54762,-0.00145,-0.01542,0.00217,-9E-05,,,,,,,,,,,,,,,,,,,,,,,High,High,High,Medium,Low,,,
66,2026-09-04,14:18:24.04,,,,,Undefined,FOR_RAM,"Chavez, Carson",1000156814,Right,FOR_RAM,Undefined,1,Bottom,0,0,0,Undefined,Curveball,Undefined,Undefined,FlyBall,Undefined,0,0,,50.90218,4.100385,-0.487675,3075.972805,326.234854,4:45,4.33399,-0.39615,21.9534,-59.90149,-8.56528,6.49331,2.00451,-0.17113,48.36823,-11.463745,1.184161,0.515684,84.14374,37.119703,16.206187,4243.912398,100.87277,69.37847,43.87027,266.22495,176.81386,32.772593,4.72905,-6.94052,-9.6778,0.25977,50,3.11011,1.21204,-75.94347,10.9518,-4.04084,9.56818,-37.80855,FOR_RAM,,FordhamUniversity,,,20260904-FordhamUniversity-BP-1,04c72090-a88d-11f1-884b-8d6b77d225c8,73.09218,78.09366,,2.53395,,,,1.19855,1.91796,0.22866,568bcc58-7a80-4f8d-8682-9863113bc81a,2026-09-04,18:18:24.04,2026-09-04T14:18:24.0410000-04:00,2026-09-04T18:18:24.0410000Z,FlyBall,v3,471298,,,,,Undefined,FOR_RAM,501124e6-16a6-4b26-bdd9-8c32a1314bdc,38.55382,-74.4874,4.78409,4.33895,5.19815,-18.90428,0.39743,0.59712,-2.02042,219.988136,1.20426,94.3744,-22.80441,5.138,-0.68227,-0.00351,0.00915,0.00069,-0.00018,1.92111,74.39658,-20.14964,0.38541,0.81881,-0.47542,0.13642,-0.01926,0.00106,0.22959,27.44005,5.01724,-2.88342,1.11116,-0.35258,0.08136,-0.0109,0.00061,,,,,,,,,,,,,,,,,,,,,,,High,Medium,Medium,Low,Low,,,
67,2026-09-04,14:18:30.20,,,,,Undefined,FOR_RAM,"Chavez, Carson",1000156814,Right,FOR_RAM,Undefined,1,Bottom,0,0,0,Undefined,,Undefined,Undefined,Undefined,Undefined,0,0,,49.49645,4.571371,-3.045654,3026.97957,,,3.90969,-0.62241,21.97946,,,,2.46176,-0.33192,48.93962,-9.076864,3.93353,0.518435,,,,,,,,,,,,-29.25832,-1.46421,-0.18329,50.00011,2.58852,6.44096,-72.82598,10.97629,-16.80751,2.93536,-33.01516,FOR_RAM,,FordhamUniversity,,,20260904-FordhamUniversity-BP-1,085613b0-a88d-11f1-884b-8d6b77d225c8,72.70428,,,0.55683,,,,,,,568bcc58-7a80-4f8d-8682-9863113bc81a,2026-09-04,18:18:30.20,2026-09-04T14:18:30.2020000-04:00,2026-09-04T18:18:30.2020000Z,,v3,471298,,,,,Undefined,FOR_RAM,c8c05488-b24f-4529-9a78-c21abf8ec730,38.53061,-72.36221,1.46768,3.91065,5.76006,-16.50758,0.62457,3.78546,-8.40375,,,,,,,,,,,,,,,,,,,,,,,,,,,,,,,,,,,,,,,,,,,,,,,,,,,Low,Low,Low,,,,,
68,2026-09-04,14:18:36.23,,,,,Undefined,FOR_RAM,"Chavez, Carson",1000156814,Right,FOR_RAM,Undefined,1,Bottom,0,0,0,Undefined,Curveball,Undefined,Undefined,Undefined,Undefined,0,0,,51.27575,4.667533,-1.483915,3003.760159,329.826337,5:00,4.34415,-0.40025,21.93864,-60.60035,-7.7367,5.59075,2.32831,-0.89675,46.69738,-11.263628,-0.046687,0.523299,,,,,,,,,,,,-6.628,-10.19985,0.07177,50,3.02043,2.47224,-77.14358,11.68182,-3.75221,14.98773,-37.94833,FOR_RAM,,FordhamUniversity,,,20260904-FordhamUniversity-BP-1,0bdacda0-a88d-11f1-884b-8d6b77d225c8,72.02849,,,4.57837,,,,,,,568bcc58-7a80-4f8d-8682-9863113bc81a,2026-09-04,18:18:36.23,2026-09-04T14:18:36.2300000-04:00,2026-09-04T18:18:36.2300000Z,,v3,471298,,,,,Undefined,FOR_RAM,b5fed8ad-6d10-4d15-8149-0dbad603f6b4,38.56656,-74.88931,7.49387,4.34822,5.97411,-18.97417,0.40117,1.90788,-1.87611,,,,,,,,,,,,,,,,,,,,,,,,,,,,,,,,,,,,,,,,,,,,,,,,,,,High,Medium,Medium,,,,,
69,2026-09-04,14:18:42.72,,,,,Undefined,FOR_RAM,"Chavez, Carson",1000156814,Right,FOR_RAM,Undefined,1,Bottom,0,0,0,Undefined,Curveball,Undefined,Undefined,LineDrive,Undefined,0,0,,52.31232,3.753238,-0.670313,3206.674876,317.894006,4:30,4.33136,-0.40441,21.84745,-55.61251,-5.63969,6.43744,2.14026,-0.30368,48.53148,-10.772796,0.982098,0.50879,96.16292,16.317494,2.092116,1489.850869,109.4332,29.38867,11.15179,307.18471,193.02168,13.265241,3.312674,-6.88792,-6.58642,0.23799,50,3.24039,1.45203,-78.42494,10.13879,-4.14365,13.06328,-36.13632,FOR_RAM,,FordhamUniversity,,,20260904-FordhamUniversity-BP-1,0fcec420-a88d-11f1-884b-8d6b77d225c8,74.08256,35.09474,,3.78084,,,,0.89844,2.4925,0.38311,568bcc58-7a80-4f8d-8682-9863113bc81a,2026-09-04,18:18:42.72,2026-09-04T14:18:42.7240000-04:00,2026-09-04T18:18:42.7240000Z,LineDrive,v3,471298,,,,,Undefined,FOR_RAM,57c86499-84ac-42ac-86fc-07c9891a44e2,38.6574,-76.51227,6.53164,4.33753,4.84787,-18.06816,0.40618,0.84533,-2.07183,218.273825,0.89846,135.2664,-26.13338,6.47503,-1.345,0.24649,-0.03671,0.00365,-0.00017,2.49245,39.62821,-10.69607,-1.63538,0.74851,-0.20622,0.03819,-0.0042,0.00021,0.38309,4.94198,8.39665,-1.90584,0.44537,-0.09416,0.01607,-0.00176,9E-05,,,,,,,,,,,,,,,,,,,,,,,High,Medium,Medium,High,Medium,,,
70,2026-09-04,14:18:57.71,,,,,Undefined,FOR_RAM,"Young, Caden",10264258,Right,FOR_RAM,Undefined,1,Bottom,0,0,0,Undefined,Curveball,Undefined,Undefined,GroundBall,Undefined,0,0,,49.64548,4.849741,-0.809798,2770.843979,320.101228,4:45,4.31498,-0.39547,21.78563,-60.63964,-5.12146,5.57992,2.42712,-0.45775,46.27161,-10.941132,0.617842,0.536277,75.51846,-8.028054,-37.183182,,,,,21.60203,21.60203,-31.301692,0.175961,-5.98965,-6.16571,0.20785,50,2.98359,1.48138,-74.20763,11.43589,-3.25338,11.02486,-35.52305,FOR_RAM,,FordhamUniversity,,,20260904-FordhamUniversity-BP-1,18dce1a0-a88d-11f1-884b-8d6b77d225c8,70.28542,2.72985,,3.37387,,,,3.03736,2.72985,0.47434,568bcc58-7a80-4f8d-8682-9863113bc81a,2026-09-04,18:18:57.71,2026-09-04T14:18:57.7150000-04:00,2026-09-04T18:18:57.7150000Z,GroundBall,v3,471298,,,,,Undefined,FOR_RAM,e1d3e9a5-2374-4606-98af-805b644ca30d,38.71945,-72.51234,5.51243,4.32211,5.97351,-17.76153,0.39718,0.98112,-1.62669,,3.0301,87.63503,,,,,,,,2.73113,-15.51393,,,,,,,,0.47985,-66.47808,,,,,,,,,,,,,,,,,,,,,,,,,,,,,,High,High,High,Estimated,Estimated,,,
71,2026-09-04,14:19:02.61,,,,,Undefined,FOR_RAM,"Young, Caden",10264258,Right,FOR_RAM,Undefined,1,Bottom,0,0,0,Undefined,Curveball,Undefined,Undefined,LineDrive,Undefined,0,0,,51.56124,4.43572,-0.733034,3119.997953,323.50767,4:45,4.30476,-0.38798,21.82953,-58.2807,-7.0902,6.27957,2.33866,-0.34141,48.13007,-10.74456,0.876713,0.514951,96.25645,7.764214,-25.889306,1747.236251,,,,92.51842,90.18937,-20.956151,0.726098,-6.75725,-8.34182,0.20882,50,3.05692,1.51129,-77.11911,11.19337,-3.9717,11.73741,-37.07711,FOR_RAM,,FordhamUniversity,,,20260904-FordhamUniversity-BP-1,1b9b1740-a88d-11f1-884b-8d6b77d225c8,73.19616,4.84549,,3.43118,,,,2.48277,2.07164,1.51572,568bcc58-7a80-4f8d-8682-9863113bc81a,2026-09-04,18:19:02.61,2026-09-04T14:19:02.6120000-04:00,2026-09-04T18:19:02.6120000Z,LineDrive,v3,471298,,,,,Undefined,FOR_RAM,2fa29543-15bb-4d54-87f2-96bef041b930,38.67632,-75.37596,5.86871,4.31038,5.68697,-18.53856,0.38947,0.92144,-1.98585,318.499889,2.48493,125.81785,-14.12284,,,,,,,2.16834,17.25068,-28.0372,,,,,,,1.45056,-59.8525,17.02903,,,,,,,,,,,,,,,,,,,,,,,,,,,,,High,High,High,Medium,Medium,,,
72,2026-09-04,14:19:08.63,,,,,Undefined,FOR_RAM,"Young, Caden",10264258,Right,FOR_RAM,Undefined,1,Bottom,0,0,0,Undefined,Curveball,Undefined,Undefined,FlyBall,Undefined,0,0,,50.80737,4.414878,-0.801134,3061.435846,319.784017,4:45,4.33634,-0.4061,21.92323,-57.85877,-5.99618,6.11355,2.38457,-0.41634,47.95933,-10.65032,0.769982,0.518321,86.78676,32.857769,10.830909,3988.237708,105.02719,62.46995,32.69972,304.02856,291.05139,29.147244,4.767371,-6.60394,-7.01296,0.21129,50,3.07166,1.57969,-75.8004,11.1027,-3.81159,9.95612,-36.22169,FOR_RAM,,FordhamUniversity,,,20260904-FordhamUniversity-BP-1,1f3ad340-a88d-11f1-884b-8d6b77d225c8,72.72031,76.51413,,2.84805,,,,1.44896,2.43719,0.44187,568bcc58-7a80-4f8d-8682-9863113bc81a,2026-09-04,18:19:08.63,2026-09-04T14:19:08.6330000-04:00,2026-09-04T18:19:08.6330000Z,FlyBall,v3,471298,,,,,Undefined,FOR_RAM,387f2d2a-d0ef-4b05-ac01-2aff0338e322,38.583,-74.28568,4.97806,4.34162,5.59195,-18.11085,0.40751,0.9998,-1.90579,219.902628,1.44973,105.00238,-22.66871,5.14928,-1.05948,0.21875,-0.04261,0.00564,-0.00032,2.43858,69.02796,-17.69242,0.65732,0.25,-0.18831,0.05638,-0.00784,0.00041,0.44139,20.10468,6.61924,-2.0963,0.52637,-0.11962,0.02275,-0.00276,0.00014,,,,,,,,,,,,,,,,,,,,,,,High,High,High,High,Medium,,,
73,2026-09-04,14:19:18.16,,,,,Undefined,FOR_RAM,"Young, Caden",10264258,Right,FOR_RAM,Undefined,1,Bottom,0,0,0,Undefined,Curveball,Undefined,Undefined,FlyBall,Undefined,0,0,,52.26957,5.03834,-0.418259,3306.960654,324.324372,4:45,4.31516,-0.40129,21.87971,-57.81897,-7.48449,6.49595,2.77754,-0.1316,48.10458,-10.101895,1.247933,0.510627,,,,,,,,,,,,-6.88008,-9.13355,0.28416,50,2.9519,1.10982,-78.32484,12.0784,-4.103,13.57361,-37.62093,FOR_RAM,,FordhamUniversity,,,20260904-FordhamUniversity-BP-1,257d9bc0-a88d-11f1-884b-8d6b77d225c8,73.81592,,,4.16499,,,,,,,568bcc58-7a80-4f8d-8682-9863113bc81a,2026-09-04,18:19:18.16,2026-09-04T14:19:18.1630000-04:00,2026-09-04T18:19:18.1630000Z,,v3,471298,,,,,Undefined,FOR_RAM,99f011d0-b6f6-459c-9f3f-32ff49188504,38.62542,-76.32818,6.7868,4.32159,6.54443,-18.81046,0.40303,0.50628,-2.0515,,,,,,,,,,,,,,,,,,,,,,,,,,,,,,,,,,,,,,,,,,,,,,,,,,,High,Medium,Medium,,,,,
74,2026-09-04,14:19:29.94,,,,,Undefined,FOR_RAM,"Kaufman, Taylor",10314665,Right,FOR_RAM,Undefined,1,Bottom,0,0,0,Undefined,Curveball,Undefined,Undefined,LineDrive,Undefined,0,0,,51.40598,4.243219,-0.776348,2938.441312,321.347319,4:45,4.32778,-0.39198,21.89032,-56.98779,-5.87945,5.76969,2.33901,-0.41525,48.17354,-10.614842,0.705186,0.514538,89.51465,24.229873,19.944988,4410.134515,98.98207,42.63229,47.98482,288.13966,258.54055,36.0248,3.917903,-6.22339,-6.85374,0.20619,50,3.11636,1.52395,-76.8333,10.83785,-3.65179,11.15211,-36.19573,FOR_RAM,,FordhamUniversity,,,20260904-FordhamUniversity-BP-1,2bec2f30-a88d-11f1-884b-8d6b77d225c8,73.25497,50.17526,,3.23245,,,,0.56959,2.21872,0.39113,568bcc58-7a80-4f8d-8682-9863113bc81a,2026-09-04,18:19:29.94,2026-09-04T14:19:29.9480000-04:00,2026-09-04T18:19:29.9480000Z,LineDrive,v3,471298,,,,,Undefined,FOR_RAM,dad0ae20-2aef-43a6-b405-b9e2ea03fc52,38.61533,-75.16269,5.57605,4.33377,5.41565,-18.09787,0.39351,0.9769,-1.8259,227.670827,0.56915,112.55398,-26.08115,6.14971,-1.42662,0.32183,-0.06426,0.00846,-0.00048,2.21908,53.87028,-15.87643,0.13428,0.30635,-0.12981,0.03139,-0.00364,0.00014,0.39098,40.84327,4.38618,-2.51099,0.79445,-0.17785,0.02766,-0.00252,0.0001,,,,,,,,,,,,,,,,,,,,,,,High,High,High,High,Medium,,,
75,2026-09-04,14:19:35.23,,,,,Undefined,FOR_RAM,"Kaufman, Taylor",10314665,Right,FOR_RAM,Undefined,1,Bottom,0,0,0,Undefined,Curveball,Undefined,Undefined,Undefined,Undefined,0,0,,50.13317,3.349599,-0.509815,2785.913395,305.830805,4:15,4.33388,-0.40154,21.79806,-57.79306,-3.68473,7.15063,1.7005,-0.13748,47.03321,-11.6766,1.324568,0.529424,,,,,,,,,,,,-7.58359,-4.41343,0.26177,50,3.30531,1.25036,-75.05453,9.42686,-4.22321,11.09224,-34.63184,FOR_RAM,,FordhamUniversity,,,20260904-FordhamUniversity-BP-1,2f0be5c0-a88d-11f1-884b-8d6b77d225c8,71.1952,,,3.09996,,,,,,,568bcc58-7a80-4f8d-8682-9863113bc81a,2026-09-04,18:19:35.23,2026-09-04T14:19:35.2330000-04:00,2026-09-04T18:19:35.2330000Z,,v3,471298,,,,,Undefined,FOR_RAM,1185fc1a-67b1-44da-9f95-3e48f74635b0,38.7071,-73.36658,5.54612,4.33885,4.1568,-17.31592,0.40314,0.6077,-2.11161,,,,,,,,,,,,,,,,,,,,,,,,,,,,,,,,,,,,,,,,,,,,,,,,,,,High,Medium,Medium,,,,,
76,2026-09-04,14:19:42.30,,,,,Undefined,FOR_RAM,"Kaufman, Taylor",10314665,Right,FOR_RAM,Undefined,1,Bottom,0,0,0,Undefined,Curveball,Undefined,Undefined,FlyBall,Undefined,0,0,,50.79176,5.686395,-1.339013,2865.839467,311.241029,4:15,4.32784,-0.39473,21.94641,-58.05779,-6.06563,8.32512,3.18919,-0.56917,47.71705,-9.456876,0.796925,0.518968,92.20099,31.409856,7.508747,3509.378208,107.55904,61.56895,23.04454,335.56237,243.74089,20.430536,4.936624,-8.98552,-7.23945,0.08193,50,2.80806,2.45799,-75.60388,12.76497,-5.16688,9.78038,-36.33691,FOR_RAM,,FordhamUniversity,,,20260904-FordhamUniversity-BP-1,334ebf90-a88d-11f1-884b-8d6b77d225c8,72.62965,80.83542,,3.07471,,,,1.2558,3.1594,0.5715,568bcc58-7a80-4f8d-8682-9863113bc81a,2026-09-04,18:19:42.30,2026-09-04T14:19:42.3060000-04:00,2026-09-04T18:19:42.3060000Z,FlyBall,v3,471298,,,,,Undefined,FOR_RAM,9dd26e57-f42e-4fc8-bdaf-64f544d8413e,38.56001,-74.10919,4.89019,4.33454,7.21176,-18.16846,0.39723,1.66836,-2.58344,215.531714,1.2582,114.37274,-22.89205,4.91993,-0.78072,0.08375,-0.00916,0.00149,-0.00011,3.16041,70.44752,-17.53176,0.66428,0.16646,-0.14263,0.04621,-0.00677,0.00037,0.5707,15.09923,5.90573,-1.91542,0.38256,-0.05267,0.00674,-0.00084,5E-05,,,,,,,,,,,,,,,,,,,,,,,High,High,High,Medium,Low,,,
77,2026-09-04,14:19:48.45,,,,,Undefined,FOR_RAM,"Kaufman, Taylor",10314665,Right,FOR_RAM,Undefined,1,Bottom,0,0,0,Undefined,Curveball,Undefined,Undefined,LineDrive,Undefined,0,0,,52.50251,5.790297,-1.373191,3418.578403,311.915136,4:30,4.33698,-0.39037,21.97385,-56.0744,-6.86717,9.16607,3.42892,-0.51625,48.63827,-8.901256,0.979659,0.504877,86.32139,14.983797,22.251834,2367.010903,97.72512,21.94116,50.49495,236.72411,196.3417,32.452912,2.487066,-9.89229,-8.30819,0.06815,50,2.81654,2.64201,-78.36297,13.0768,-6.00388,12.11272,-37.21649,FOR_RAM,,FordhamUniversity,,,20260904-FordhamUniversity-BP-1,36fad7a0-a88d-11f1-884b-8d6b77d225c8,74.6566,22.28083,,3.86424,,,,0.47422,3.30757,0.66338,568bcc58-7a80-4f8d-8682-9863113bc81a,2026-09-04,18:19:48.45,2026-09-04T14:19:48.4560000-04:00,2026-09-04T18:19:48.4560000Z,LineDrive,v3,471298,,,,,Undefined,FOR_RAM,5576a00b-d5bb-4ef1-a2b2-01abea4b3496,38.53179,-76.56979,6.05636,4.34462,7.56723,-18.60825,0.39349,1.75319,-3.00194,,0.4742,113.19458,-20.86643,4.6196,-0.89293,0.13615,-0.0149,0.00075,4E-05,3.30761,32.72885,-14.28551,0.01406,0.14197,-0.02291,-0.00322,0.00238,-0.00031,0.66341,46.30874,4.2297,-1.81159,0.53552,-0.11068,0.0139,-0.00039,-8E-05,,,,,,,,,,,,,,,,,,,,,,,High,High,High,High,Medium,,,
78,2026-09-04,14:20:00.24,,,,,Undefined,FOR_RAM,"Sullivan, Maximus",1000401613,Right,FOR_RAM,Undefined,1,Bottom,0,0,0,Undefined,,Undefined,Undefined,Bunt,Undefined,0,0,,48.85192,4.404026,-3.30731,2737.586892,,,4.08858,-0.52712,22.01033,,,,2.48937,-0.40616,48.36051,-9.372622,3.672885,0.524704,,,,,,,,,,,,-29.32572,-0.61346,-0.33525,50.0001,2.79086,6.70177,-71.85244,10.69873,-16.41864,2.75521,-32.51752,FOR_RAM,,FordhamUniversity,,,20260904-FordhamUniversity-BP-1,3df55760-a88d-11f1-884b-8d6b77d225c8,71.83562,,,0.49141,,,,,,,568bcc58-7a80-4f8d-8682-9863113bc81a,2026-09-04,18:20:00.24,2026-09-04T14:20:00.2400000-04:00,2026-09-04T18:20:00.2400000Z,,v3,471298,,,,,Undefined,FOR_RAM,92790cda-e10c-4013-b6e7-b6b2c2fbd62d,38.49937,-71.41007,1.3776,4.08947,5.4779,-16.25876,0.52913,4.06568,-8.20932,,,,,,,,,,,,,,,,,,,,,,,,,,,,,,,,,,,,,,,,,,,,,,,,,,,Low,Low,Low,,,,,
79,2026-09-04,14:20:05.22,,,,,Undefined,FOR_RAM,"Sullivan, Maximus",1000401613,Right,FOR_RAM,Undefined,1,Bottom,0,0,0,Undefined,Curveball,Undefined,Undefined,Undefined,Undefined,0,0,,50.97907,4.529233,-1.606633,3158.573183,321.568864,4:45,4.32992,-0.41699,21.90005,-59.76759,-7.59563,7.15634,2.29642,-0.86374,47.63858,-11.054763,0.231255,0.519864,,,,,,,,,,,,-7.68697,-7.8054,0.06784,50,3.07871,2.67073,-76.22502,11.14384,-4.41726,11.40406,-36.65938,FOR_RAM,,FordhamUniversity,,,20260904-FordhamUniversity-BP-1,410ecc60-a88d-11f1-884b-8d6b77d225c8,72.50437,,,3.34049,,,,,,,568bcc58-7a80-4f8d-8682-9863113bc81a,2026-09-04,18:20:05.22,2026-09-04T14:20:05.2260000-04:00,2026-09-04T18:20:05.2260000Z,,v3,471298,,,,,Undefined,FOR_RAM,e8d6eea3-0b33-437a-b2df-71074c1b3c0b,38.60613,-74.50088,5.70203,4.34454,5.60143,-18.32969,0.42114,2.0029,-2.20863,,,,,,,,,,,,,,,,,,,,,,,,,,,,,,,,,,,,,,,,,,,,,,,,,,,High,High,High,,,,,
80,2026-09-04,14:20:11.26,,,,,Undefined,FOR_RAM,"Sullivan, Maximus",1000401613,Right,FOR_RAM,Undefined,1,Bottom,0,0,0,Undefined,,Undefined,Undefined,GroundBall,Undefined,0,0,,49.65114,4.270315,-2.368341,3069.172287,,,4.0515,-0.66079,22.02427,,,,3.13188,-0.02354,47.85437,-7.276898,4.322626,0.521981,50.2835,-4.912631,-5.064033,,,,,24.54981,24.54981,-1.610023,0.277144,-28.11017,8.33764,0.00884,50,2.86011,5.40984,-73.51827,9.72663,-15.89862,5.9815,-27.45844,FOR_RAM,,FordhamUniversity,,,20260904-FordhamUniversity-BP-1,448618d0-a88d-11f1-884b-8d6b77d225c8,72.21041,2.26557,,1.79677,,,,4.93864,2.26557,0.90905,568bcc58-7a80-4f8d-8682-9863113bc81a,2026-09-04,18:20:11.26,2026-09-04T14:20:11.2630000-04:00,2026-09-04T18:20:11.2630000Z,GroundBall,v3,471298,,,,,Undefined,FOR_RAM,c39973cd-c7cf-48bc-b655-26e0b070b474,38.48268,-72.57517,2.99075,4.0524,5.39724,-13.72922,0.66419,2.9031,-7.94931,192.37015,4.94049,73.10258,-8.6202,,,,,,,2.26485,-6.28027,-6.8189,,,,,,,0.90847,-6.45808,2.50151,,,,,,,,,,,,,,,,,,,,,,,,,,,,,Low,Low,Low,Low,Low,,,
81,2026-09-04,14:20:16.84,,,,,Undefined,FOR_RAM,"Sullivan, Maximus",1000401613,Right,FOR_RAM,Undefined,1,Bottom,0,0,0,Undefined,,Undefined,Undefined,LineDrive,Undefined,0,0,,50.12973,5.131054,-2.431431,3205.066191,,,3.89287,-0.64596,21.94866,,,,1.99263,-0.18901,49.40867,-11.023366,3.841936,0.514242,85.67868,11.024073,0.340333,1256.425972,109.74386,11.5382,7.50141,171.55187,171.55187,6.0412,1.770459,-26.20596,-12.96946,-0.00893,50.00029,2.40364,5.42322,-73.9721,12.69146,-15.337,4.15085,-39.76441,FOR_RAM,,FordhamUniversity,,,20260904-FordhamUniversity-BP-1,47de6b90-a88d-11f1-884b-8d6b77d225c8,73.29712,12.09271,,0.72106,,,,1.39683,2.13547,-0.13859,568bcc58-7a80-4f8d-8682-9863113bc81a,2026-09-04,18:20:16.84,2026-09-04T14:20:16.8420000-04:00,2026-09-04T18:20:16.8420000Z,LineDrive,v3,471298,,,,,Undefined,FOR_RAM,650e8bc2-ecb5-4126-9323-33357a8a85f3,38.56367,-73.32754,2.07543,3.89499,6.51669,-19.88221,0.64829,3.04163,-7.6685,237.206984,1.39681,123.34334,-22.10609,5.08511,-1.43838,0.73527,-0.37127,0.10972,-0.01353,2.13551,24.02421,-14.56786,-0.32099,1.10701,-1.18893,0.71165,-0.22051,0.02783,-0.13856,0.72848,8.70643,-3.05552,1.51648,-1.11117,0.61415,-0.1865,0.02335,,,,,,,,,,,,,,,,,,,,,,,Low,Low,Low,High,High,,,
82,2026-09-04,14:20:23.43,,,,,Undefined,FOR_RAM,"Sullivan, Maximus",1000401613,Right,FOR_RAM,Undefined,1,Bottom,0,0,0,Undefined,Curveball,Undefined,Undefined,Undefined,Undefined,0,0,,53.05099,4.630506,-1.351437,3257.999025,320.046549,4:45,4.29032,-0.3963,21.82314,-54.69015,-6.93603,6.7354,2.75201,-0.71419,50.00157,-9.576798,0.373079,0.497367,,,,,,,,,,,,-7.34713,-7.96052,0.092,50,3.02149,2.4514,-79.05163,11.50428,-4.62906,10.48487,-37.18958,FOR_RAM,,FordhamUniversity,,,20260904-FordhamUniversity-BP-1,4ca4cd40-a88d-11f1-884b-8d6b77d225c8,75.784,,,3.04942,,,,,,,568bcc58-7a80-4f8d-8682-9863113bc81a,2026-09-04,18:20:23.43,2026-09-04T14:20:23.4330000-04:00,2026-09-04T18:20:23.4330000Z,,v3,471298,,,,,Undefined,FOR_RAM,329f836f-af90-41a6-abbb-8552f84f567d,38.68334,-77.53614,5.24243,4.29584,6.12886,-18.59479,0.39798,1.78232,-2.31453,,,,,,,,,,,,,,,,,,,,,,,,,,,,,,,,,,,,,,,,,,,,,,,,,,,High,High,High,,,,,
83,2026-09-04,14:20:30.22,,,,,Undefined,FOR_RAM,"Sullivan, Maximus",1000401613,Right,FOR_RAM,Undefined,1,Bottom,0,0,0,Undefined,Curveball,Undefined,Undefined,LineDrive,Undefined,0,0,,51.21438,4.656958,-1.146777,3062.511861,317.026933,4:30,4.32253,-0.39617,21.89847,-55.53172,-4.42796,5.24626,2.72504,-0.70347,48.25867,-9.810184,0.199041,0.514515,93.16146,20.510943,9.369239,2931.012679,107.16268,39.23029,24.8217,344.46267,341.42388,20.443432,4.237479,-5.75906,-5.30229,0.1391,50,3.0306,1.96952,-76.32675,11.26794,-3.37723,9.91497,-35.28343,FOR_RAM,,FordhamUniversity,,,20260904-FordhamUniversity-BP-1,4fdc2a80-a88d-11f1-884b-8d6b77d225c8,73.25821,51.86896,,2.95572,,,,1.66247,2.81382,0.72371,568bcc58-7a80-4f8d-8682-9863113bc81a,2026-09-04,18:20:30.22,2026-09-04T14:20:30.2250000-04:00,2026-09-04T18:20:30.2250000Z,LineDrive,v3,471298,,,,,Undefined,FOR_RAM,7d6c99e4-bfc9-4322-a374-ca2b571d050a,38.60715,-74.83217,4.95748,4.32826,5.94932,-17.64172,0.39762,1.46043,-1.68862,210.072326,1.66221,126.27454,-25.49725,6.21019,-1.34774,0.28357,-0.05341,0.00689,-0.0004,2.81479,47.85048,-10.25931,-1.7733,0.97289,-0.34448,0.08238,-0.01091,0.00059,0.72368,20.83479,4.6241,-1.6321,0.47762,-0.11259,0.01983,-0.0022,0.00011,,,,,,,,,,,,,,,,,,,,,,,High,High,High,High,High,,,
84,2026-09-04,14:20:41.68,,,,,Undefined,FOR_RAM,"Velit, Liam",1000239563,Right,FOR_RAM,Undefined,1,Bottom,0,0,0,Undefined,Curveball,Undefined,Undefined,LineDrive,Undefined,0,0,,52.46903,4.598437,-1.806372,3247.512932,325.629992,4:45,4.31222,-0.38965,21.87223,-57.077,-8.19115,6.41622,2.55071,-1.02871,49.34919,-10.245769,-0.161037,0.503226,117.81102,20.288278,-4.04549,1587.571954,109.79345,45.56437,-6.72489,,265.2631,,,-7.18052,-9.26808,-0.00403,50,3.03117,3.01838,-78.26419,11.55267,-4.40885,10.80614,-37.86466,FOR_RAM,,FordhamUniversity,,,20260904-FordhamUniversity-BP-1,56a67280-a88d-11f1-884b-8d6b77d225c8,74.90163,92.89285,,3.11984,,,,2.28257,2.83257,0.99775,568bcc58-7a80-4f8d-8682-9863113bc81a,2026-09-04,18:20:41.68,2026-09-04T14:20:41.6870000-04:00,2026-09-04T18:20:41.6870000Z,,v3,471298,,,,,Undefined,FOR_RAM,69ed9eb3-a168-41b5-8f1a-bac1802d5be4,38.63451,-76.67887,5.40307,4.31854,5.99772,-18.93233,0.39134,2.37158,-2.20443,179.437665,2.28273,161.65992,-39.14344,9.83984,-2.31714,0.63455,-0.1827,0.0367,-0.0033,2.83219,59.92786,-5.38244,-3.44772,1.37289,-0.60112,0.24109,-0.05769,0.00571,0.99775,-11.43351,2.52096,-0.60624,0.13665,-0.03537,0.00963,-0.00186,0.00016,,,,,,,,,,,,,,,,,,,,,,,High,Medium,Medium,Low,Undefined,,,
85,2026-09-04,14:20:46.82,,,,,Undefined,FOR_RAM,"Sullivan, Maximus",1000401613,Right,FOR_RAM,Undefined,1,Bottom,0,0,0,Undefined,Curveball,Undefined,Undefined,GroundBall,Undefined,0,0,,49.84079,4.962899,-0.883627,2666.120327,316.499471,4:30,4.33007,-0.40512,21.93931,-59.76653,-5.35024,6.45536,2.5759,-0.44015,46.59824,-10.650525,0.774764,0.530928,79.94067,4.331291,-49.878003,3480.879827,,,,48.76748,48.76748,-44.450774,0.434694,-6.99949,-6.59575,0.19297,50,2.9468,1.6755,-74.45018,11.72471,-3.84787,10.65074,-35.79997,FOR_RAM,,FordhamUniversity,,,20260904-FordhamUniversity-BP-1,59c1e350-a88d-11f1-884b-8d6b77d225c8,70.99346,3.32313,,3.24255,,,,4.32559,2.81615,0.77707,568bcc58-7a80-4f8d-8682-9863113bc81a,2026-09-04,18:20:46.82,2026-09-04T14:20:46.8280000-04:00,2026-09-04T18:20:46.8280000Z,GroundBall,v3,471298,,,,,Undefined,FOR_RAM,9a9f45e8-09d3-4caf-8464-c211c9b8dea0,38.56628,-72.79611,5.32537,4.33594,6.16496,-17.89999,0.40677,1.07792,-1.92393,,4.32611,75.3281,-11.95381,,,,,,,2.85224,7.72924,-33.05199,,,,,,,0.76629,-89.06743,20.15992,,,,,,,,,,,,,,,,,,,,,,,,,,,,,High,High,High,Low,Medium,,,
86,2026-09-04,14:20:53.59,,,,,Undefined,FOR_RAM,"Sullivan, Maximus",1000401613,Right,FOR_RAM,Undefined,1,Bottom,0,0,0,Undefined,Curveball,Undefined,Undefined,LineDrive,Undefined,0,0,,52.07442,4.799477,-0.642799,3378.270394,324.848868,4:45,4.2908,-0.38982,21.77473,-57.65995,-8.39685,6.61638,2.61908,-0.25711,49.5748,-10.110399,1.05005,0.505164,86.5738,21.9766,9.021206,2139.233587,106.70825,36.1421,26.70664,279.91386,278.87625,21.831611,3.414227,-6.9878,-9.34678,0.22626,50,2.97303,1.43943,-77.45474,11.80065,-4.27793,8.97149,-37.89613,FOR_RAM,,FordhamUniversity,,,20260904-FordhamUniversity-BP-1,5dd45e50-a88d-11f1-884b-8d6b77d225c8,74.61427,40.32863,,2.49961,,,,1.8298,2.77659,0.21012,568bcc58-7a80-4f8d-8682-9863113bc81a,2026-09-04,18:20:53.59,2026-09-04T14:20:53.5950000-04:00,2026-09-04T18:20:53.5950000Z,LineDrive,v3,471298,,,,,Undefined,FOR_RAM,1c14a9f1-4bd5-4a14-b71f-394848b6a401,38.73297,-76.13851,4.48574,4.29649,6.24081,-18.94806,0.39141,0.81181,-2.13896,231.964,1.82996,116.28393,-21.08591,4.40453,-0.6752,0.03018,0.01546,-0.004,0.00035,2.77636,47.52971,-15.8607,0.72254,-0.31247,0.19091,-0.06536,0.01216,-0.00094,0.20995,18.47302,7.99373,-2.39606,0.38467,0.02292,-0.02633,0.00541,-0.0004,,,,,,,,,,,,,,,,,,,,,,,High,Medium,Medium,High,Medium,,,
87,2026-09-04,14:21:00.53,,,,,Undefined,FOR_RAM,"Sullivan, Maximus",1000401613,Right,FOR_RAM,Undefined,1,Bottom,0,0,0,Undefined,Curveball,Undefined,Undefined,GroundBall,Undefined,0,0,,48.66114,5.209816,-0.927762,2779.978765,322.571489,4:45,4.32917,-0.40007,21.84044,-63.60637,-5.91685,5.76894,2.42547,-0.52253,45.37712,-11.365543,0.550484,0.546663,73.28212,-4.274405,-44.09561,,,,,41.93693,30.48056,-39.90425,0.36717,-6.26752,-7.21217,0.18625,50,2.89546,1.62374,-72.72179,11.96869,-3.26711,10.64005,-35.93359,FOR_RAM,,FordhamUniversity,,,20260904-FordhamUniversity-BP-1,61e8d520-a88d-11f1-884b-8d6b77d225c8,68.95003,2.9495,,3.28401,,,,3.8291,2.9495,0.55776,568bcc58-7a80-4f8d-8682-9863113bc81a,2026-09-04,18:21:00.53,2026-09-04T14:21:00.5370000-04:00,2026-09-04T18:21:00.5370000Z,GroundBall,v3,471298,,,,,Undefined,FOR_RAM,f2a46c6e-04b6-4d3e-b476-fb2c28f3a099,38.66511,-71.04401,5.32003,4.33601,6.30249,-17.9668,0.40167,1.10857,-1.63356,180,3.81649,77.18885,,,,,,,,2.95081,-8.03306,,,,,,,,0.56998,-74.78974,,,,,,,,,,,,,,,,,,,,,,,,,,,,,,High,High,High,Low,Low,,,
88,2026-09-04,14:21:15.97,,,,,Undefined,FOR_RAM,"Chavez, Carson",1000156814,Right,FOR_RAM,Undefined,1,Bottom,0,0,0,Undefined,Curveball,Undefined,Undefined,GroundBall,Undefined,0,0,,49.5401,5.150335,-0.858429,3007.01426,324.018333,4:45,4.30204,-0.38913,21.89408,-68.06118,-13.34292,10.62064,1.98321,-0.0614,46.96428,-12.486854,1.871605,0.532399,70.00442,-37.507029,-56.958559,,,,,4.87073,3.17255,-29.14278,0.037825,-11.2232,-14.66166,0.16035,50,2.84133,1.96786,-73.94751,12.57117,-6.15174,9.64897,-40.21049,FOR_RAM,,FordhamUniversity,,,20260904-FordhamUniversity-BP-1,6b3f4640-a88d-11f1-884b-8d6b77d225c8,70.7973,2.37276,,2.57582,,,,2.56854,2.37276,0.2195,568bcc58-7a80-4f8d-8682-9863113bc81a,2026-09-04,18:21:15.97,2026-09-04T14:21:15.9710000-04:00,2026-09-04T18:21:15.9710000Z,GroundBall,v3,471298,,,,,Undefined,FOR_RAM,a651a48a-7159-48b5-843c-81e049f525f7,38.61585,-72.44683,4.82449,4.31017,6.31735,-20.10525,0.392,1.0111,-3.07587,,2.5676,44.56349,,,,,,,,2.37407,-62.73038,,,,,,,,0.22095,-68.51322,,,,,,,,,,,,,,,,,,,,,,,,,,,,,,High,Medium,Medium,Low,Low,,,
89,2026-09-04,14:21:22.77,,,,,Undefined,FOR_RAM,"Chavez, Carson",1000156814,Right,FOR_RAM,Undefined,1,Bottom,0,0,0,Undefined,,Undefined,Undefined,LineDrive,Undefined,0,0,,49.83681,4.843466,-2.312174,3145.964269,,,3.98081,-0.73778,22.14798,,,,2.48911,-0.0213,49.28757,-9.500177,4.526666,0.512795,97.64431,17.554648,-17.569798,2544.304947,105.02747,21.37199,-32.69695,209.4514,208.76074,-17.683341,2.063372,-28.72045,-5.39674,0.07078,50.00015,2.55855,5.53645,-73.41534,11.75719,-16.71558,3.25198,-35.31499,FOR_RAM,,FordhamUniversity,,,20260904-FordhamUniversity-BP-1,6f23fa80-a88d-11f1-884b-8d6b77d225c8,73.5039,21.37315,,0.54924,,,,1.27063,1.94431,0.48415,568bcc58-7a80-4f8d-8682-9863113bc81a,2026-09-04,18:21:22.77,2026-09-04T14:21:22.7700000-04:00,2026-09-04T18:21:22.7700000Z,LineDrive,v3,471298,,,,,Undefined,FOR_RAM,0e0ad006-7400-456b-8265-e8aec13fa35d,38.36295,-72.89804,1.62599,3.98199,6.13955,-17.6575,0.73999,2.87746,-8.35779,,1.27063,130.17192,-24.99091,6.18231,-1.5243,0.36356,-0.06907,0.00774,-0.00027,1.9443,43.19553,-27.27954,4.42663,-1.22351,0.38274,-0.12457,0.03009,-0.00344,0.48414,-41.21743,7.45353,-1.84699,0.4526,-0.1053,0.01849,-0.00161,-1E-05,,,,,,,,,,,,,,,,,,,,,,,Low,Low,Low,Low,Medium,,,
90,2026-09-04,14:21:29.70,,,,,Undefined,FOR_RAM,"Chavez, Carson",1000156814,Right,FOR_RAM,Undefined,1,Bottom,0,0,0,Undefined,Curveball,Undefined,Undefined,GroundBall,Undefined,0,0,,51.64206,4.966901,-1.023094,3133.78595,325.708011,4:45,4.29852,-0.38491,21.81642,-60.38838,-8.72993,7.02977,2.50596,-0.46473,47.68349,-10.79302,0.777537,0.5173,93.34801,1.001817,-5.389665,2207.585657,,,,47.09824,40.04571,-5.882744,0.357521,-7.515,-9.84965,0.15024,50,2.95845,1.92739,-77.35278,11.92343,-4.38145,13.03568,-37.91666,FOR_RAM,,FordhamUniversity,,,20260904-FordhamUniversity-BP-1,73606bb0-a88d-11f1-884b-8d6b77d225c8,72.86386,2.43086,,3.95856,,,,1.01557,2.37807,0.29926,568bcc58-7a80-4f8d-8682-9863113bc81a,2026-09-04,18:21:29.70,2026-09-04T14:21:29.7010000-04:00,2026-09-04T18:21:29.7010000Z,GroundBall,v3,471298,,,,,Undefined,FOR_RAM,5e8f82ac-6595-4907-a575-11d572558080,38.68906,-75.42255,6.51784,4.30832,6.309,-18.95833,0.3876,1.27862,-2.19073,33.633324,1.02261,136.0214,-21.98064,,,,,,,2.38768,2.03344,-24.43893,,,,,,,0.30274,-12.9885,-3.8303,,,,,,,,,,,,,,,,,,,,,,,,,,,,,High,High,High,Low,Medium,,,
91,2026-09-04,14:21:36.27,,,,,Undefined,FOR_RAM,"Chavez, Carson",1000156814,Right,FOR_RAM,Undefined,1,Bottom,0,0,0,Undefined,Curveball,Undefined,Undefined,FlyBall,Undefined,0,0,,49.30143,4.727695,-0.909012,2734.748914,326.327512,5:00,4.32694,-0.39921,21.90029,-62.49397,-6.75957,5.50095,2.19511,-0.53086,46.19864,-11.557072,0.503974,0.53732,90.55252,28.643635,4.002869,2661.490091,108.39365,54.70428,18.72988,312.01712,307.73368,19.935101,4.470089,-5.96296,-7.748,0.18963,50,2.98863,1.60191,-73.69234,11.44944,-3.20737,10.54176,-36.34156,FOR_RAM,,FordhamUniversity,,,20260904-FordhamUniversity-BP-1,773cbb80-a88d-11f1-884b-8d6b77d225c8,70.14896,67.93051,,3.10279,,,,1.86493,2.2989,0.53893,568bcc58-7a80-4f8d-8682-9863113bc81a,2026-09-04,18:21:36.27,2026-09-04T14:21:36.2750000-04:00,2026-09-04T18:21:36.2750000Z,FlyBall,v3,471298,,,,,Undefined,FOR_RAM,45e1bf85-c507-4e7f-bbb2-5bc91fd8c51d,38.6057,-72.04394,5.27088,4.33466,5.76675,-18.17078,0.4009,1.10038,-1.60368,216.844221,1.86507,116.27088,-26.9628,7.15194,-1.61607,0.34052,-0.06295,0.00793,-0.00045,2.30044,63.62575,-15.30289,-1.04861,0.98333,-0.39469,0.09538,-0.01229,0.00064,0.53879,8.14003,9.44243,-3.17801,0.8891,-0.20667,0.03662,-0.00411,0.00021,,,,,,,,,,,,,,,,,,,,,,,High,High,High,High,Medium,,,
92,2026-09-04,14:21:42.74,,,,,Undefined,FOR_RAM,"Chavez, Carson",1000156814,Right,FOR_RAM,Undefined,1,Bottom,0,0,0,Undefined,Curveball,Undefined,Undefined,GroundBall,Undefined,0,0,,51.77251,3.788287,-0.660133,3265.789331,309.380932,4:15,4.32682,-0.39992,21.95132,-53.70416,-3.72484,6.05536,2.31074,-0.32322,48.68884,-10.235252,0.897498,0.508823,93.82514,5.060895,-4.327872,1055.477548,,,,52.3876,35.80931,-2.229097,0.410671,-6.54134,-4.60303,0.2326,50,3.2092,1.42009,-77.35164,10.11426,-3.9118,10.81623,-34.92671,FOR_RAM,,FordhamUniversity,,,20260904-FordhamUniversity-BP-1,7b1b0720-a88d-11f1-884b-8d6b77d225c8,74.07771,2.90673,,3.08368,,,,1.05949,2.10756,0.35613,568bcc58-7a80-4f8d-8682-9863113bc81a,2026-09-04,18:21:42.74,2026-09-04T14:21:42.7430000-04:00,2026-09-04T18:21:42.7430000Z,GroundBall,v3,471298,,,,,Undefined,FOR_RAM,baff199e-7972-447a-94dc-01773717ce12,38.55407,-75.73422,5.40811,4.33115,4.89145,-17.46335,0.40121,0.83513,-1.9559,,1.06767,136.42315,-28.18267,,,,,,,2.14901,10.77067,-39.1965,,,,,,,0.34307,-9.91302,10.09402,,,,,,,,,,,,,,,,,,,,,,,,,,,,,High,Medium,Medium,Medium,Medium,,,
93,2026-09-04,14:21:53.23,,,,,Undefined,FOR_RAM,"Young, Caden",10264258,Right,FOR_RAM,Undefined,1,Bottom,0,0,0,Undefined,,Undefined,Undefined,LineDrive,Undefined,0,0,,49.80621,3.773062,-1.863421,3136.1517,,,4.07441,-0.81676,21.88263,,,,2.20572,0.25127,49.3619,-9.540115,5.148462,0.516258,97.69456,13.420297,-16.14378,5284.885963,106.63114,22.51927,-27.0143,281.49026,277.85235,-11.731646,2.903682,-29.16899,-0.6502,0.25611,50.0002,2.94068,4.94446,-73.48433,9.8347,-16.98496,3.38019,-32.55266,FOR_RAM,,FordhamUniversity,,,20260904-FordhamUniversity-BP-1,815b5ea0-a88d-11f1-884b-8d6b77d225c8,73.01087,25.43655,,0.44431,,,,1.8419,2.4641,0.07661,568bcc58-7a80-4f8d-8682-9863113bc81a,2026-09-04,18:21:53.23,2026-09-04T14:21:53.2330000-04:00,2026-09-04T18:21:53.2330000Z,LineDrive,v3,471298,,,,,Undefined,FOR_RAM,f26ae202-9017-4ae7-adaa-4590f156724e,38.6279,-72.95934,1.69009,4.07552,4.77885,-16.27633,0.81919,2.30648,-8.49248,209.116418,1.84189,133.87757,-21.87834,4.51615,-0.90226,0.16758,-0.02646,0.00296,-0.00016,2.46425,33.24612,-12.07532,-0.06587,0.07087,0.01274,-0.01202,0.00309,-0.00028,0.07672,-38.75909,11.60696,-2.95126,0.6504,-0.10869,0.0105,-9E-05,-6E-05,,,,,,,,,,,,,,,,,,,,,,,Low,Low,Low,Medium,High,,,
94,2026-09-04,14:22:00.26,,,,,Undefined,FOR_RAM,"Young, Caden",10264258,Right,FOR_RAM,Undefined,1,Bottom,0,0,0,Undefined,Curveball,Undefined,Undefined,GroundBall,Undefined,0,0,,50.74309,4.976834,-1.376112,3040.885177,319.795582,4:45,4.30992,-0.39573,21.80361,-59.28531,-6.08859,6.4289,2.61733,-0.75569,47.13743,-10.478891,0.269125,0.524945,92.09845,2.543327,-9.055609,1651.656854,,,,57.19022,56.84657,-8.824328,0.439467,-7.03839,-7.14024,0.09284,50,2.96435,2.32487,-75.85,11.71097,-3.98644,11.67922,-36.21819,FOR_RAM,,FordhamUniversity,,,20260904-FordhamUniversity-BP-1,8583f9b0-a88d-11f1-884b-8d6b77d225c8,71.80264,2.93739,,3.60566,,,,1.6635,2.62615,0.72254,568bcc58-7a80-4f8d-8682-9863113bc81a,2026-09-04,18:22:00.26,2026-09-04T14:22:00.2660000-04:00,2026-09-04T18:22:00.2660000Z,GroundBall,v3,471298,,,,,Undefined,FOR_RAM,7bc4408d-63c9-4025-97fd-389a43470d57,38.70153,-74.08986,5.83961,4.31797,6.25264,-18.1091,0.39794,1.72408,-1.99322,19.630402,1.67112,133.03088,-18.78449,,,,,,,2.64357,5.46194,-26.2028,,,,,,,0.72554,-21.33163,-0.65805,,,,,,,,,,,,,,,,,,,,,,,,,,,,,High,High,High,Medium,Medium,,,
95,2026-09-04,14:22:07.98,,,,,Undefined,FOR_RAM,"Young, Caden",10264258,Right,FOR_RAM,Undefined,1,Bottom,0,0,0,Undefined,Curveball,Undefined,Undefined,FlyBall,Undefined,0,0,,54.1961,4.912704,-0.587922,3458.691151,329.626234,5:00,4.31458,-0.39309,21.94851,-56.62818,-10.3765,6.85406,2.78815,-0.20305,50.23242,-9.89718,1.17391,0.48948,,,,,,,,,,,,-7.42918,-12.3932,0.2355,50,2.96022,1.45577,-81.12114,12.38847,-4.80447,13.52745,-40.18875,FOR_RAM,,FordhamUniversity,,,20260904-FordhamUniversity-BP-1,8a1b3510-a88d-11f1-884b-8d6b77d225c8,77.00504,,,3.96369,,,,,,,568bcc58-7a80-4f8d-8682-9863113bc81a,2026-09-04,18:22:07.98,2026-09-04T14:22:07.9860000-04:00,2026-09-04T18:22:07.9860000Z,,v3,471298,,,,,Undefined,FOR_RAM,0665913f-2d7f-47f4-9582-b2c16fba4c0b,38.55778,-79.1901,6.76372,4.3192,6.65152,-20.09438,0.39435,0.76994,-2.40223,,,,,,,,,,,,,,,,,,,,,,,,,,,,,,,,,,,,,,,,,,,,,,,,,,,High,Medium,Medium,,,,,
96,2026-09-04,14:22:15.42,,,,,Undefined,FOR_RAM,"Young, Caden",10264258,Right,FOR_RAM,Undefined,1,Bottom,0,0,0,Undefined,Curveball,Undefined,Undefined,Undefined,Undefined,0,0,,49.37861,5.090133,-0.78093,3074.310287,327.185774,5:00,4.29943,-0.38726,21.84418,-70.85496,-14.50713,10.43363,1.71276,-0.02547,46.00997,-13.317002,1.899295,0.540269,47.25849,-35.492536,-84.110571,,,,,5.54903,4.48714,-34.527233,0.057575,-11.03367,-16.19036,0.17907,50,2.85885,1.81829,-74.04262,12.51377,-5.89209,11.97139,-40.81986,FOR_RAM,,FordhamUniversity,,,20260904-FordhamUniversity-BP-1,8e98f500-a88d-11f1-884b-8d6b77d225c8,69.76606,2.33444,,3.36864,,,,4.2357,2.33444,0.11121,568bcc58-7a80-4f8d-8682-9863113bc81a,2026-09-04,18:22:15.42,2026-09-04T14:22:15.4200000-04:00,2026-09-04T18:22:15.4200000Z,GroundBall,v3,471298,,,,,Undefined,FOR_RAM,9287d40f-40e3-43ad-81f1-6f338f59c9f4,38.6643,-72.18657,5.9857,4.30838,6.18505,-20.40993,0.39016,0.90478,-2.94604,,4.23529,5.8343,,,,,,,,2.33725,-40.54634,,,,,,,,0.11513,-56.55942,,,,,,,,,,,,,,,,,,,,,,,,,,,,,,High,Medium,Medium,Estimated,Estimated,,,
97,2026-09-04,14:22:31.40,,,,,Undefined,FOR_RAM,"Kaufman, Taylor",10314665,Right,FOR_RAM,Undefined,1,Bottom,0,0,0,Undefined,Curveball,Undefined,Undefined,FlyBall,Undefined,0,0,,51.45424,5.016571,-0.951062,3223.64059,317.066181,4:30,4.2994,-0.38844,21.84188,-60.93058,-9.42363,10.0956,2.49192,-0.16548,47.93978,-10.852028,1.636993,0.51654,,,,,,,,,,,,-10.67709,-10.69331,0.1487,50,2.92886,2.09416,-76.94914,12.11317,-6.23438,11.87458,-38.41792,FOR_RAM,,FordhamUniversity,,,20260904-FordhamUniversity-BP-1,9810d0d0-a88d-11f1-884b-8d6b77d225c8,72.97095,,,3.51446,,,,,,,568bcc58-7a80-4f8d-8682-9863113bc81a,2026-09-04,18:22:31.40,2026-09-04T14:22:31.4080000-04:00,2026-09-04T18:22:31.4080000Z,,v3,471298,,,,,Undefined,FOR_RAM,af2067c0-ce55-40d8-be0d-31b8780d1116,38.66496,-75.1796,5.93729,4.30738,6.38816,-19.20896,0.39155,1.16512,-3.11719,,,,,,,,,,,,,,,,,,,,,,,,,,,,,,,,,,,,,,,,,,,,,,,,,,,High,Medium,Medium,,,,,
98,2026-09-04,14:22:49.52,,,,,Undefined,FOR_RAM,"Kaufman, Taylor",10314665,Right,FOR_RAM,Undefined,1,Bottom,0,0,0,Undefined,Curveball,Undefined,Undefined,LineDrive,Undefined,0,0,,50.84197,4.09436,-0.379984,2946.522908,326.820865,5:00,4.31061,-0.39635,21.87865,-59.21011,-6.96847,5.4404,2.04013,-0.18977,47.77146,-11.316322,1.017387,0.520211,90.87198,19.240221,-9.391393,1249.209542,109.48808,30.84598,-10.60002,286.35201,285.67014,0.077176,3.237052,-5.76433,-7.98654,0.29077,50,3.11525,0.95723,-76.02004,10.7224,-3.31125,10.91588,-36.76184,FOR_RAM,,FordhamUniversity,,,20260904-FordhamUniversity-BP-1,a2ebe620-a88d-11f1-884b-8d6b77d225c8,72.45601,35.12221,,3.07051,,,,3.93647,2.51955,0.23241,568bcc58-7a80-4f8d-8682-9863113bc81a,2026-09-04,18:22:49.52,2026-09-04T14:22:49.5250000-04:00,2026-09-04T18:22:49.5250000Z,LineDrive,v3,471298,,,,,Undefined,FOR_RAM,d5d11a71-0100-4715-a303-316564ee9ca0,38.62745,-74.3691,5.45794,4.31647,5.16247,-18.38092,0.39767,0.45643,-1.65562,233.725464,3.93647,124.14775,-18.19207,3.36755,-0.58058,0.07373,-0.00323,-0.00106,0.00018,2.51972,43.9116,-15.71394,0.65017,-0.00575,-0.01886,0.00499,0.00031,-0.00013,0.23279,-20.54923,12.32656,-3.47732,0.953,-0.26728,0.06438,-0.00949,0.00059,,,,,,,,,,,,,,,,,,,,,,,High,Medium,Medium,High,High,,,
99,2026-09-04,14:23:00.02,,,,,Undefined,FOR_RAM,"Kaufman, Taylor",10314665,Right,FOR_RAM,Undefined,1,Bottom,0,0,0,Undefined,Curveball,Undefined,Undefined,FlyBall,Undefined,0,0,,49.43413,4.200806,-0.956999,2707.794589,322.785598,4:45,4.3316,-0.38622,21.98175,-61.00665,-5.9028,5.60618,1.97365,-0.5389,46.4023,-11.726413,0.48762,0.534272,84.26605,34.890736,10.719215,4875.168122,105.09042,64.01857,32.49613,289.36463,275.63256,25.40031,4.542706,-6.11618,-6.71178,0.1643,50,3.09343,1.68473,-73.9433,10.74607,-3.31331,10.58758,-35.81,FOR_RAM,,FordhamUniversity,,,20260904-FordhamUniversity-BP-1,a92a41d0-a88d-11f1-884b-8d6b77d225c8,70.54918,73.71864,,3.03183,,,,1.52563,2.00645,0.53765,568bcc58-7a80-4f8d-8682-9863113bc81a,2026-09-04,18:23:00.02,2026-09-04T14:23:00.0230000-04:00,2026-09-04T18:23:00.0230000Z,FlyBall,v3,471298,,,,,Undefined,FOR_RAM,9c4784cc-9d6f-4397-9064-8aa4781391a1,38.52394,-72.28142,5.29379,4.33904,5.12516,-17.905,0.38793,1.16466,-1.65666,219.820827,1.52761,99.56075,-21.85242,5.44051,-0.982,0.11939,-0.01239,0.00179,-0.00015,2.00763,70.66166,-18.87873,0.28572,0.58353,-0.32607,0.09353,-0.01346,0.00076,0.53712,18.86779,6.29985,-2.43317,0.66257,-0.13849,0.02268,-0.00257,0.00014,,,,,,,,,,,,,,,,,,,,,,,High,High,High,High,Medium,,,
100,2026-09-04,14:23:10.61,,,,,Undefined,FOR_RAM,"Kaufman, Taylor",10314665,Right,FOR_RAM,Undefined,1,Bottom,0,0,0,Undefined,Curveball,Undefined,Undefined,FlyBall,Undefined,0,0,,52.08107,4.665944,-0.907114,3117.672292,315.132129,4:30,4.34554,-0.41084,21.97815,-57.25909,-7.24174,8.64071,2.60325,-0.27838,48.33575,-10.333005,1.316214,0.509016,88.70385,35.706558,9.149553,5188.246123,105.76203,70.73368,30.23871,315.48506,297.14564,27.987015,4.969822,-9.33867,-8.70808,0.18097,50,3.03688,1.973,-77.97697,11.60955,-5.57552,12.57396,-37.37308,FOR_RAM,,FordhamUniversity,,,20260904-FordhamUniversity-BP-1,af7d5e00-a88d-11f1-884b-8d6b77d225c8,74.04957,87.8526,,3.74532,,,,1.21617,2.55009,0.27474,568bcc58-7a80-4f8d-8682-9863113bc81a,2026-09-04,18:23:10.61,2026-09-04T14:23:10.6190000-04:00,2026-09-04T18:23:10.6190000Z,FlyBall,v3,471298,,,,,Undefined,FOR_RAM,b9e8f5ba-9982-42ea-bbf1-dbfbef1d5f8a,38.52757,-76.10453,6.28698,4.35132,6.04418,-18.68654,0.41296,1.14273,-2.78776,218.398867,1.21772,104.264,-23.10557,5.43087,-1.02731,0.18284,-0.03238,0.00413,-0.00023,2.55136,75.90332,-18.76657,0.87574,0.13327,-0.14065,0.0433,-0.00594,0.00031,0.27377,16.82159,7.28557,-2.08719,0.43874,-0.07709,0.01227,-0.00142,8E-05,,,,,,,,,,,,,,,,,,,,,,,High,High,High,High,Medium,,,
101,2026-09-04,14:23:23.48,,,,,Undefined,FOR_RAM,"Sullivan, Maximus",1000401613,Right,FOR_RAM,Undefined,1,Bottom,0,0,0,Undefined,Curveball,Undefined,Undefined,GroundBall,Undefined,0,0,,48.95368,4.708202,-0.986611,2805.456165,313.635107,4:30,4.3305,-0.39374,21.97154,-63.06622,-6.09776,8.21646,2.13245,-0.34826,45.3953,-11.809063,1.127922,0.543236,92.91452,2.888647,-3.174964,1232.519817,,,,70.07221,39.84167,-0.7288,0.541155,-8.87544,-7.35162,0.1531,50,2.9845,1.90418,-73.37614,11.40204,-4.6547,11.75584,-36.02958,FOR_RAM,,FordhamUniversity,,,20260904-FordhamUniversity-BP-1,b71de1c0-a88d-11f1-884b-8d6b77d225c8,69.38499,2.7312,,3.55838,,,,1.75828,2.17264,0.47567,568bcc58-7a80-4f8d-8682-9863113bc81a,2026-09-04,18:23:23.48,2026-09-04T14:23:23.4870000-04:00,2026-09-04T18:23:23.4870000Z,GroundBall,v3,471298,,,,,Undefined,FOR_RAM,21e44b16-7456-4b0c-9342-dc5ceb7fc6c9,38.53368,-71.51549,5.87792,4.33787,5.69948,-18.01479,0.39618,1.16746,-2.32735,295.212264,1.77522,135.47191,-17.19648,,,,,,,2.19033,6.42727,-19.4131,,,,,,,0.45859,-7.11135,8.58579,,,,,,,,,,,,,,,,,,,,,,,,,,,,,High,Medium,Medium,Medium,Low,,,
102,2026-09-04,14:23:29.49,,,,,Undefined,FOR_RAM,"Sullivan, Maximus",1000401613,Right,FOR_RAM,Undefined,1,Bottom,0,0,0,Undefined,,Undefined,Undefined,LineDrive,Undefined,0,0,,49.31242,4.116981,-3.086837,3198.913029,,,4.20934,-0.76006,22.018,,,,2.38854,-0.50253,48.87354,-9.759347,3.878972,0.519529,80.80802,24.990069,13.777709,3703.832013,104.5843,40.75322,34.08841,276.65407,273.75025,23.955622,3.724384,-29.31049,-2.18559,-0.06066,50.00008,2.96479,6.50002,-72.57002,10.48654,-16.73581,2.82964,-33.42198,FOR_RAM,,FordhamUniversity,,,20260904-FordhamUniversity-BP-1,baae0d60-a88d-11f1-884b-8d6b77d225c8,72.55114,44.82355,,0.43887,,,,1.65031,2.22448,-0.02661,568bcc58-7a80-4f8d-8682-9863113bc81a,2026-09-04,18:23:29.49,2026-09-04T14:23:29.4990000-04:00,2026-09-04T18:23:29.4990000Z,LineDrive,v3,471298,,,,,Undefined,FOR_RAM,8c0e0e1b-4a1b-4099-bf9b-c785429dd406,38.49125,-72.11987,1.41482,4.21011,5.16968,-16.71099,0.76161,3.83765,-8.36791,219.978966,1.65039,104.33071,-20.17249,5.04706,-1.09492,0.23442,-0.05186,0.0088,-0.00067,2.22509,50.04865,-15.15708,-0.26042,0.66545,-0.35862,0.11682,-0.01978,0.00132,-0.02665,25.58453,3.79475,-1.60969,0.49287,-0.12074,0.02382,-0.00316,0.00019,,,,,,,,,,,,,,,,,,,,,,,Low,Low,Low,High,High,,,
103,2026-09-04,14:23:37.50,,,,,Undefined,FOR_RAM,"Sullivan, Maximus",1000401613,Right,FOR_RAM,Undefined,1,Bottom,0,0,0,Undefined,Curveball,Undefined,Undefined,GroundBall,Undefined,0,0,,51.26314,4.488899,-1.011104,2933.21655,313.058637,4:30,4.34004,-0.40457,21.94651,-57.62105,-6.32922,8.21894,2.45473,-0.37519,47.99445,-10.558184,1.102465,0.515461,89.939,-6.417363,-12.256263,,,,,24.56338,23.59734,-9.541664,0.172893,-8.81142,-7.28351,0.15864,50,3.07108,2.03317,-76.61599,11.20075,-5.13731,11.15489,-36.42054,FOR_RAM,,FordhamUniversity,,,20260904-FordhamUniversity-BP-1,bf73f9e0-a88d-11f1-884b-8d6b77d225c8,73.12379,2.55349,,3.26869,,,,2.03823,2.55349,0.7477,568bcc58-7a80-4f8d-8682-9863113bc81a,2026-09-04,18:23:37.50,2026-09-04T14:23:37.5030000-04:00,2026-09-04T18:23:37.5030000Z,GroundBall,v3,471298,,,,,Undefined,FOR_RAM,710fae5d-015b-46b2-8e19-3531a5674da6,38.5594,-74.93179,5.57744,4.34709,5.70185,-18.21027,0.40706,1.25752,-2.56865,180,2.03205,128.31811,,,,,,,,2.5542,-14.76918,,,,,,,,0.74905,-27.87528,,,,,,,,,,,,,,,,,,,,,,,,,,,,,,High,High,High,High,High,,,
104,2026-09-04,14:23:45.11,,,,,Undefined,FOR_RAM,"Sullivan, Maximus",1000401613,Right,FOR_RAM,Undefined,1,Bottom,0,0,0,Undefined,Curveball,Undefined,Undefined,GroundBall,Undefined,0,0,,51.10499,4.422125,-0.995392,2931.185875,312.393475,4:30,4.32914,-0.39638,21.9305,-58.74858,-7.26067,9.37662,2.30753,-0.26062,48.03918,-10.888614,1.415069,0.516445,95.44713,2.12639,-2.06348,1023.386575,,,,54.31316,37.65854,-1.439288,0.396364,-10.1152,-8.52162,0.14354,50,3.05755,2.12957,-76.34678,11.24859,-5.87985,10.72811,-37.12756,FOR_RAM,,FordhamUniversity,,,20260904-FordhamUniversity-BP-1,c3ff9c80-a88d-11f1-884b-8d6b77d225c8,72.98444,2.56231,,3.06581,,,,1.80006,2.33444,0.38753,568bcc58-7a80-4f8d-8682-9863113bc81a,2026-09-04,18:23:45.11,2026-09-04T14:23:45.1150000-04:00,2026-09-04T18:23:45.1150000Z,GroundBall,v3,471298,,,,,Undefined,FOR_RAM,11c221da-51ed-491b-b167-d45dfcc90692,38.57601,-74.72426,5.36406,4.33417,5.63342,-18.56378,0.39837,1.2403,-2.93992,355.673386,1.80458,139.65002,-18.23727,,,,,,,2.34715,4.76492,-27.03886,,,,,,,0.38669,-5.00894,1.49737,,,,,,,,,,,,,,,,,,,,,,,,,,,,,High,Medium,Medium,Medium,Medium,,,
105,2026-09-04,14:23:53.78,,,,,Undefined,FOR_RAM,"Sullivan, Maximus",1000401613,Right,FOR_RAM,Undefined,1,Bottom,0,0,0,Undefined,,Undefined,Undefined,Undefined,Undefined,0,0,,50.13295,2.594259,-2.121599,2921.152559,,,4.23073,-1.07648,21.92682,,,,2.2213,-0.24819,48.5781,-8.901564,4.672283,0.517539,,,,,,,,,,,,-28.84781,7.4367,0.46634,50,3.38653,5.24599,-74.36917,7.61895,-16.68767,6.16334,-27.87212,FOR_RAM,,FordhamUniversity,,,20260904-FordhamUniversity-BP-1,c916dd50-a88d-11f1-884b-8d6b77d225c8,72.83014,,,1.55485,,,,,,,568bcc58-7a80-4f8d-8682-9863113bc81a,2026-09-04,18:23:53.78,2026-09-04T14:23:53.7890000-04:00,2026-09-04T18:23:53.7890000Z,,v3,471298,,,,,Undefined,FOR_RAM,351afa45-09fb-41c8-8ed8-08b6f175b30d,38.57986,-73.41663,3.08167,4.23116,3.31131,-13.93606,1.07781,2.66692,-8.34384,,,,,,,,,,,,,,,,,,,,,,,,,,,,,,,,,,,,,,,,,,,,,,,,,,,Low,Low,Low,,,,,
106,2026-09-04,14:24:03.76,,,,,Undefined,FOR_RAM,"Velit, Liam",1000239563,Right,FOR_RAM,Undefined,1,Bottom,0,0,0,Undefined,,Undefined,Undefined,GroundBall,Undefined,0,0,,51.45515,4.442563,-2.290624,3236.077093,,,3.9335,-1.01771,21.91455,,,,2.45776,-0.24508,49.01725,-9.18076,4.665223,0.509043,83.93506,-19.206598,-40.48534,,,,,9.63163,4.69532,-28.55406,0.065326,-28.85277,-3.12295,0.40014,50,2.68929,5.44627,-76.56822,10.86291,-17.27314,8.70741,-34.04366,FOR_RAM,,FordhamUniversity,,,20260904-FordhamUniversity-BP-1,cf6ae3e0-a88d-11f1-884b-8d6b77d225c8,74.04568,2.65238,,2.4379,,,,2.66927,2.65238,0.33947,568bcc58-7a80-4f8d-8682-9863113bc81a,2026-09-04,18:24:03.76,2026-09-04T14:24:03.7660000-04:00,2026-09-04T18:24:03.7660000Z,GroundBall,v3,471298,,,,,Undefined,FOR_RAM,9e113807-efb6-48ef-bce1-4407d3d72726,38.59471,-75.26002,4.3537,3.93711,5.74821,-17.02183,1.02344,2.85116,-8.63657,,2.66688,88.64577,,,,,,,,2.65348,-40.60255,,,,,,,,0.34152,-75.67142,,,,,,,,,,,,,,,,,,,,,,,,,,,,,,Low,Low,Low,Estimated,Estimated,,,
107,2026-09-04,14:24:09.24,,,,,Undefined,FOR_RAM,"Velit, Liam",1000239563,Right,FOR_RAM,Undefined,1,Bottom,0,0,0,Undefined,,Undefined,Undefined,LineDrive,Undefined,0,0,,48.09479,4.732662,-2.178227,2720.799567,,,3.94707,-1.01094,22.18092,,,,2.18198,-0.19174,47.40646,-10.25178,4.714989,0.532445,78.31004,27.11945,-34.641412,1467.619948,89.46767,34.45659,-63.99624,219.68543,197.91436,-38.350407,2.800391,-28.92179,-3.73095,0.37204,50.00032,2.52848,5.1729,-70.99016,11.42299,-15.58881,3.82534,-34.18502,FOR_RAM,,FordhamUniversity,,,20260904-FordhamUniversity-BP-1,d26c8b20-a88d-11f1-884b-8d6b77d225c8,70.7913,34.64456,,0.68834,,,,3.63576,2.17396,0.00663,568bcc58-7a80-4f8d-8682-9863113bc81a,2026-09-04,18:24:09.24,2026-09-04T14:24:09.2450000-04:00,2026-09-04T18:24:09.2450000Z,LineDrive,v3,471298,,,,,Undefined,FOR_RAM,3875b86f-1371-4e34-b4f5-3699095120ce,38.3297,-70.35847,1.91267,3.9487,5.77794,-17.09251,1.01371,2.59868,-7.79441,,3.63585,84.10052,-13.97574,2.98431,-0.48902,0.01291,0.02709,-0.00807,0.00076,2.17376,52.36537,-24.19097,3.26661,-0.99374,0.37243,-0.11844,0.02176,-0.00162,0.00661,-58.10923,5.66406,-1.26698,0.23506,-0.03121,-0.00113,0.00146,-0.00018,,,,,,,,,,,,,,,,,,,,,,,Low,Low,Low,Low,Medium,,,
108,2026-09-04,14:24:14.83,,,,,Undefined,FOR_RAM,"Velit, Liam",1000239563,Right,FOR_RAM,Undefined,1,Bottom,0,0,0,Undefined,,Undefined,Undefined,GroundBall,Undefined,0,0,,48.48193,4.650291,-2.196451,2615.97631,,,4.07441,-1.00641,21.99421,,,,2.26306,-0.19021,48.03609,-10.259019,4.712708,0.529434,,,,,,,,,,,,-28.86234,-4.39961,0.3741,50.00018,2.70155,5.2165,-71.46322,11.3104,-15.88866,3.22838,-34.59603,FOR_RAM,,FordhamUniversity,,,20260904-FordhamUniversity-BP-1,d5bb8f10-a88d-11f1-884b-8d6b77d225c8,71.19379,,,0.44584,,,,,,,568bcc58-7a80-4f8d-8682-9863113bc81a,2026-09-04,18:24:14.83,2026-09-04T14:24:14.8380000-04:00,2026-09-04T18:24:14.8380000Z,,v3,471298,,,,,Undefined,FOR_RAM,ede7809a-5382-488a-ac3f-b7b01b3a6424,38.51686,-70.94255,1.61419,4.07573,5.73089,-17.29802,1.00877,2.65404,-7.94433,,,,,,,,,,,,,,,,,,,,,,,,,,,,,,,,,,,,,,,,,,,,,,,,,,,Low,Low,Low,,,,,
109,2026-09-04,14:24:21.45,,,,,Undefined,FOR_RAM,"Velit, Liam",1000239563,Right,FOR_RAM,Undefined,1,Bottom,0,0,0,Undefined,Curveball,Undefined,Undefined,FlyBall,Undefined,0,0,,51.42119,4.132573,-0.746935,2983.113026,306.674316,4:15,4.31949,-0.3722,21.98012,-57.40476,-5.33595,9.51859,2.21724,-0.06279,47.11312,-10.970814,1.703635,0.51935,,,,,,,,,,,,-10.39646,-7.1452,0.16775,50,3.11604,1.8188,-77.33618,10.75376,-5.96222,14.39698,-36.27171,FOR_RAM,,FordhamUniversity,,,20260904-FordhamUniversity-BP-1,d99d3610-a88d-11f1-884b-8d6b77d225c8,72.57616,,,4.30807,,,,,,,568bcc58-7a80-4f8d-8682-9863113bc81a,2026-09-04,18:24:21.45,2026-09-04T14:24:21.4530000-04:00,2026-09-04T18:24:21.4530000Z,,v3,471298,,,,,Undefined,FOR_RAM,dbbfa8d2-2702-4560-a394-28d88b0ea3b3,38.52486,-75.16961,7.19849,4.32364,5.2953,-18.13586,0.37395,0.92156,-2.98111,,,,,,,,,,,,,,,,,,,,,,,,,,,,,,,,,,,,,,,,,,,,,,,,,,,High,Medium,Medium,,,,,
110,2026-09-04,14:24:39.30,,,,,Undefined,FOR_RAM,"Chavez, Carson",1000156814,Right,FOR_RAM,Undefined,1,Bottom,0,0,0,Undefined,,Undefined,Undefined,LineDrive,Undefined,0,0,,51.56732,4.42335,-0.882235,2983.08648,,,3.9825,-1.246,21.93433,,,,2.67703,0.44791,50.90755,-8.487389,6.094265,0.498626,91.62616,12.231908,-31.743482,2818.245771,,,,129.94755,129.94755,-36.78688,1.13747,-28.97104,-2.60705,0.8798,50.00025,2.72552,3.80688,-76.11389,10.89592,-18.03642,3.95079,-33.79711,FOR_RAM,,FordhamUniversity,,,20260904-FordhamUniversity-BP-1,e44fb4c0-a88d-11f1-884b-8d6b77d225c8,75.59256,9.39935,,0.65977,,,,1.62702,2.52108,-0.17507,568bcc58-7a80-4f8d-8682-9863113bc81a,2026-09-04,18:24:39.30,2026-09-04T14:24:39.3080000-04:00,2026-09-04T18:24:39.3080000Z,LineDrive,v3,471298,,,,,Undefined,FOR_RAM,50f97865-b793-4798-8059-acde48967814,38.57657,-75.5186,1.9754,3.98362,5.8035,-16.89855,1.24866,1.08923,-9.01821,,1.62702,111.6883,-23.0117,4.44369,-1.77064,2.28983,-2.34016,1.23383,-0.26117,2.52109,28.47208,-31.85548,5.54847,-1.97139,1.85891,-1.76865,0.92828,-0.1973,-0.17506,-69.09715,-1.66781,3.14214,-2.25645,3.29698,-3.45679,1.86793,-0.40281,,,,,,,,,,,,,,,,,,,,,,,Low,Low,Low,Low,High,,,
111,2026-09-04,14:24:47.76,,,,,Undefined,FOR_RAM,"Chavez, Carson",1000156814,Right,FOR_RAM,Undefined,1,Bottom,0,0,0,Undefined,,Undefined,Undefined,LineDrive,Undefined,0,0,,52.42953,4.197934,-1.561669,3409.481154,,,4.141,-1.10439,22.01975,,,,2.87163,0.14195,51.73851,-8.16291,5.404807,0.48891,94.1504,18.087708,-7.912766,1853.488745,109.30745,25.64064,-12.32394,248.18918,246.26817,-4.045212,2.501004,-29.02742,-2.11949,0.59774,50.00024,2.9323,4.80886,-77.37047,10.60685,-18.70951,3.89292,-33.54015,FOR_RAM,,FordhamUniversity,,,20260904-FordhamUniversity-BP-1,e953e2c0-a88d-11f1-884b-8d6b77d225c8,77.09491,26.41344,,0.69102,,,,0.16926,2.68717,-0.26256,568bcc58-7a80-4f8d-8682-9863113bc81a,2026-09-04,18:24:47.76,2026-09-04T14:24:47.7610000-04:00,2026-09-04T18:24:47.7610000Z,LineDrive,v3,471298,,,,,Undefined,FOR_RAM,7131a014-506c-4f0b-a8b0-d04d17a0d312,38.49145,-76.78922,1.94646,4.14215,5.59897,-16.77008,1.1072,2.01534,-9.35476,262.225973,0.16927,130.01316,-18.79705,3.97749,-0.88357,0.18949,-0.0364,0.00494,-0.00032,2.68717,42.87211,-21.69817,2.59397,-0.59799,0.13148,-0.02431,0.00339,-0.00024,-0.26256,-18.07031,6.7568,-1.42971,0.31948,-0.06918,0.01325,-0.00181,0.00012,,,,,,,,,,,,,,,,,,,,,,,Low,Low,Low,High,High,,,
112,2026-09-04,14:24:57.51,,,,,Undefined,FOR_RAM,"Chavez, Carson",1000156814,Right,FOR_RAM,Undefined,1,Bottom,0,0,0,Undefined,,Undefined,Undefined,GroundBall,Undefined,0,0,,51.4839,3.631409,-0.669036,3370.557492,,,4.0571,-1.20662,21.96904,,,,2.56247,0.6263,50.35593,-8.317928,6.315872,0.501205,71.40791,-10.419898,-56.272081,,,,,13.78147,8.85016,-51.876117,0.162824,-28.91797,2.12878,0.88811,50,2.98886,3.47477,-76.25032,9.41044,-17.79005,5.41474,-30.86444,FOR_RAM,,FordhamUniversity,,,20260904-FordhamUniversity-BP-1,ef2a06c0-a88d-11f1-884b-8d6b77d225c8,75.2037,3.47177,,1.12797,,,,,,,568bcc58-7a80-4f8d-8682-9863113bc81a,2026-09-04,18:24:57.51,2026-09-04T14:24:57.5120000-04:00,2026-09-04T18:24:57.5120000Z,GroundBall,v3,471298,,,,,Undefined,FOR_RAM,9be83da8-6824-449f-9d8f-929d3d9a5075,38.54025,-75.43214,2.70737,4.05845,4.74677,-15.43222,1.21007,0.78665,-8.89502,,-0.36205,57.20487,-16.74583,,,,,,,3.4719,-18.95216,-14.56557,,,,,,,3.30333,-85.69467,-7.24531,,,,,,,,,,,,,,,,,,,,,,,,,,,,,Low,Low,Low,Low,Low,,,
113,2026-09-04,14:25:06.17,,,,,Undefined,FOR_RAM,"Chavez, Carson",1000156814,Right,FOR_RAM,Undefined,1,Bottom,0,0,0,Undefined,Curveball,Undefined,Undefined,FlyBall,Undefined,0,0,,50.65755,4.775482,-0.837274,2985.348595,324.380722,4:45,4.29728,-0.38034,21.87011,-65.50992,-12.5704,10.0326,1.94783,-0.08822,47.47823,-12.246674,1.740678,0.523675,95.16304,32.515703,-22.446434,1660.942107,101.55821,56.24912,-42.25999,262.76086,126.14766,-36.764772,4.033853,-10.65733,-14.02997,0.16022,50,2.93737,1.92739,-75.81409,12.06256,-6.04698,11.43861,-40.13467,FOR_RAM,,FordhamUniversity,,,20260904-FordhamUniversity-BP-1,f44dcab0-a88d-11f1-884b-8d6b77d225c8,71.97684,64.25884,,3.17932,,,,2.03869,2.16449,0.30722,568bcc58-7a80-4f8d-8682-9863113bc81a,2026-09-04,18:25:06.17,2026-09-04T14:25:06.1790000-04:00,2026-09-04T18:25:06.1790000Z,FlyBall,v3,471298,,,,,Undefined,FOR_RAM,81267ec9-e9ea-4fd5-8da0-bfd1b97d2bc9,38.63801,-74.07999,5.7193,4.30486,5.97813,-20.06733,0.38293,1.01066,-3.02349,,2.04081,108.72179,-21.70693,3.07484,-0.15855,-0.13032,0.0267,0.00059,-0.00032,2.16471,75.01766,-27.88137,4.04907,-0.75266,0.09897,-0.00657,0.00056,-7E-05,0.30589,-44.89592,10.60451,-4.58718,0.91953,0.02569,-0.07162,0.01481,-0.00096,,,,,,,,,,,,,,,,,,,,,,,High,Medium,Medium,Medium,Low,,,
114,2026-09-04,14:25:18.53,,,,,Undefined,FOR_RAM,"Chavez, Carson",1000156814,Right,FOR_RAM,Undefined,1,Bottom,0,0,0,Undefined,Curveball,Undefined,Undefined,LineDrive,Undefined,0,0,,48.78775,5.02155,-0.673629,2644.061654,330.043753,5:00,4.30216,-0.37658,21.80754,-65.40153,-8.2893,5.63481,2.12816,-0.34536,45.85132,-11.95314,0.769924,0.543921,97.27912,13.64737,-29.073887,1247.603833,96.98278,13.38299,-51.90663,172.86332,172.86332,-29.015036,1.575964,-6.00252,-9.41512,0.21434,50,2.90136,1.2933,-72.86734,11.89458,-3.16598,10.07941,-37.13999,FOR_RAM,,FordhamUniversity,,,20260904-FordhamUniversity-BP-1,fbb90da0-a88d-11f1-884b-8d6b77d225c8,69.29763,14.08244,,2.93643,,,,2.91006,2.43877,0.95764,568bcc58-7a80-4f8d-8682-9863113bc81a,2026-09-04,18:25:18.53,2026-09-04T14:25:18.5310000-04:00,2026-09-04T18:25:18.5310000Z,LineDrive,v3,471298,,,,,Undefined,FOR_RAM,c8f0183f-8e18-40e6-8f66-ae3a248c1b0b,38.69928,-71.28702,5.0397,4.30979,6.07154,-18.56999,0.3782,0.79692,-1.58299,,2.91006,121.17707,-23.11346,5.1502,-1.21848,0.29173,-0.06712,0.01177,-0.00108,2.43877,33.66372,-26.53155,3.63782,-0.85409,0.20119,-0.04478,0.00792,-0.00073,0.95764,-67.37396,12.86746,-3.95386,1.14064,-0.31245,0.07762,-0.01435,0.00137,,,,,,,,,,,,,,,,,,,,,,,High,High,High,Low,Medium,,,
115,2026-09-04,14:25:24.98,,,,,Undefined,FOR_RAM,"Young, Caden",10264258,Right,FOR_RAM,Undefined,1,Bottom,0,0,0,Undefined,,Undefined,Undefined,GroundBall,Undefined,0,0,,51.86795,3.931321,-1.222471,3490.810836,,,4.02946,-1.16569,21.94159,,,,3.12863,0.26706,51.08405,-6.768732,5.627874,0.495215,25.2329,-60.091679,-63.596196,,,,,5.91845,5.30704,-17.298315,0.104926,-28.61108,6.01559,0.73007,50.00014,2.92943,4.27,-76.47705,9.46308,-18.04767,3.64594,-28.37945,FOR_RAM,,FordhamUniversity,,,20260904-FordhamUniversity-BP-1,ff8ad620-a88d-11f1-884b-8d6b77d225c8,76.11323,3.49753,,0.78389,,,,4.75605,3.49753,0.04224,568bcc58-7a80-4f8d-8682-9863113bc81a,2026-09-04,18:25:24.98,2026-09-04T14:25:24.9830000-04:00,2026-09-04T18:25:24.9830000Z,GroundBall,v3,471298,,,,,Undefined,FOR_RAM,5798c480-fc5f-4b06-bc06-4c176d37cc95,38.56655,-75.93001,1.82297,4.02983,5.20502,-14.18973,1.1676,1.56213,-9.02384,,4.75063,8.52706,,,,,,,,3.51873,-33.3353,,,,,,,,0.05317,-17.17479,,,,,,,,,,,,,,,,,,,,,,,,,,,,,,Low,Low,Low,Estimated,Estimated,,,
116,2026-09-04,14:25:32.10,,,,,Undefined,FOR_RAM,"Young, Caden",10264258,Right,FOR_RAM,Undefined,1,Bottom,0,0,0,Undefined,,Undefined,Undefined,Undefined,Undefined,0,0,,52.74968,5.167506,-1.577982,1872.388499,,,3.8589,-1.1624,21.94348,,,,2.91626,0.03163,51.95637,-8.129359,5.247879,0.487507,,,,,,,,,,,,-28.65572,-6.61111,0.65285,50.00007,2.4344,4.83567,-77.63265,12.33839,-18.66674,3.54322,-36.48062,FOR_RAM,,FordhamUniversity,,,20260904-FordhamUniversity-BP-1,03bfa630-a88e-11f1-884b-8d6b77d225c8,77.31665,,,0.79331,,,,,,,568bcc58-7a80-4f8d-8682-9863113bc81a,2026-09-04,18:25:32.10,2026-09-04T14:25:32.1040000-04:00,2026-09-04T18:25:32.1040000Z,,v3,471298,,,,,Undefined,FOR_RAM,ca702c11-72c5-4fca-b658-bc0513f125e3,38.56527,-77.10899,1.77161,3.8595,6.94684,-18.24031,1.16366,2.07687,-9.33337,,,,,,,,,,,,,,,,,,,,,,,,,,,,,,,,,,,,,,,,,,,,,,,,,,,Low,Low,Low,,,,,
117,2026-09-04,14:25:39.41,,,,,Undefined,FOR_RAM,"Young, Caden",10264258,Right,FOR_RAM,Undefined,1,Bottom,0,0,0,Undefined,,Undefined,Undefined,LineDrive,Undefined,0,0,,51.47468,4.816376,-2.338839,3206.615558,,,3.94655,-1.00968,21.98254,,,,2.77191,-0.27753,50.31512,-8.528722,4.588841,0.501044,96.21837,7.228178,-20.756422,1572.920306,,,,112.22948,107.72442,-23.934955,0.878022,-28.93962,-3.8024,0.35565,50,2.59681,5.68295,-76.0041,11.52762,-17.80349,4.78176,-34.51325,FOR_RAM,,FordhamUniversity,,,20260904-FordhamUniversity-BP-1,0821c7d0-a88e-11f1-884b-8d6b77d225c8,75.22778,5.55131,,1.15956,,,,1.38357,2.39088,0.09119,568bcc58-7a80-4f8d-8682-9863113bc81a,2026-09-04,18:25:39.41,2026-09-04T14:25:39.4180000-04:00,2026-09-04T18:25:39.4180000Z,GroundBall,v3,471298,,,,,Undefined,FOR_RAM,711f3237-a700-4b15-b83a-cbb3e5b7593d,38.52784,-75.27887,2.39088,3.94821,6.29316,-17.25663,1.0128,2.98279,-8.90175,59.038104,1.38357,130.91202,-19.03086,1.61043,-0.32482,0.05255,-0.00442,0.00048,-9E-05,2.39088,17.75588,-26.23552,3.84087,-0.73623,0.18838,-0.04052,0.00712,-0.00084,0.09119,-49.61491,-3.71139,1.41707,-0.32377,0.0815,-0.01995,0.00391,-0.00045,,,,,,,,,,,,,,,,,,,,,,,Low,Low,Low,High,Medium,,,
118,2026-09-04,14:25:54.75,,,,,Undefined,FOR_RAM,"Kaufman, Taylor",10314665,Right,FOR_RAM,Undefined,1,Bottom,0,0,0,Undefined,Curveball,Undefined,Undefined,LineDrive,Undefined,0,0,,52.71836,5.525906,-0.595497,3499.701268,323.753509,4:45,4.28219,-0.37485,21.91742,-58.6872,-10.53666,8.52323,2.98803,-0.05094,49.70393,-9.735943,1.591399,0.499427,,,,,,,,,,,,-9.16367,-12.43572,0.20357,50,2.78109,1.594,-78.48208,13.18104,-5.69989,10.185,-39.90919,FOR_RAM,,FordhamUniversity,,,20260904-FordhamUniversity-BP-1,113bcc30-a88e-11f1-884b-8d6b77d225c8,75.47137,,,3.01444,,,,,,,568bcc58-7a80-4f8d-8682-9863113bc81a,2026-09-04,18:25:54.75,2026-09-04T14:25:54.7540000-04:00,2026-09-04T18:25:54.7540000Z,,v3,471298,,,,,Undefined,FOR_RAM,b3ef223b-bf58-4885-8fee-38b3bdd1611a,38.58983,-76.98709,5.0925,4.28592,7.32302,-19.95459,0.37614,0.75735,-2.84994,,,,,,,,,,,,,,,,,,,,,,,,,,,,,,,,,,,,,,,,,,,,,,,,,,,High,Medium,Medium,,,,,
119,2026-09-04,14:26:03.58,,,,,Undefined,FOR_RAM,"Kaufman, Taylor",10314665,Right,FOR_RAM,Undefined,1,Bottom,0,0,0,Undefined,,Undefined,Undefined,LineDrive,Undefined,0,0,,51.53487,4.626165,-1.732407,3279.077916,,,4.00837,-1.1949,21.99522,,,,3.16198,-0.05385,50.74589,-7.30263,5.241328,0.497993,93.47864,7.211486,-41.765051,3363.411873,,,,73.71743,73.71743,-41.838623,0.600462,-29.24226,1.45744,0.64946,50.00011,2.72484,4.98483,-75.90067,10.82929,-18.1925,3.46877,-31.26734,FOR_RAM,,FordhamUniversity,,,20260904-FordhamUniversity-BP-1,16819710-a88e-11f1-884b-8d6b77d225c8,75.68873,4.63894,,0.78898,,,,1.88755,2.80927,0.2993,568bcc58-7a80-4f8d-8682-9863113bc81a,2026-09-04,18:26:03.58,2026-09-04T14:26:03.5850000-04:00,2026-09-04T18:26:03.5850000Z,GroundBall,v3,471298,,,,,Undefined,FOR_RAM,7b7291c5-dd18-403e-b86a-59f2cbcca2c7,38.51339,-75.37388,1.73438,4.00887,6.08084,-15.63367,1.19669,2.22201,-9.09625,,1.92019,100.71973,-20.82237,,,,,,,2.90208,15.09083,-33.41346,,,,,,,0.29317,-90.47053,13.49447,,,,,,,,,,,,,,,,,,,,,,,,,,,,,Low,Low,Low,Medium,High,,,
120,2026-09-04,14:26:13.92,,,,,Undefined,FOR_RAM,"Kaufman, Taylor",10314665,Right,FOR_RAM,Undefined,1,Bottom,0,0,0,Undefined,Curveball,Undefined,Undefined,FlyBall,Undefined,0,0,,51.29909,5.928588,-0.676966,3230.575168,320.65617,4:45,4.28877,-0.37328,21.91457,-63.49807,-11.84075,10.85768,2.85796,0.09227,47.77272,-10.624804,2.109026,0.517294,,,,,,,,,,,,-11.5069,-13.8069,0.1786,50,2.69836,1.81292,-76.60999,13.63051,-6.67535,11.57041,-40.18367,FOR_RAM,,FordhamUniversity,,,20260904-FordhamUniversity-BP-1,1cbfcbb0-a88e-11f1-884b-8d6b77d225c8,72.86468,,,3.52637,,,,,,,568bcc58-7a80-4f8d-8682-9863113bc81a,2026-09-04,18:26:13.92,2026-09-04T14:26:13.9210000-04:00,2026-09-04T18:26:13.9210000Z,,v3,471298,,,,,Undefined,FOR_RAM,b9d888ee-75a1-49a7-9f09-c36e3d2bc46d,38.59305,-74.86737,5.7852,4.2955,7.57847,-20.09184,0.37594,0.80755,-3.33768,,,,,,,,,,,,,,,,,,,,,,,,,,,,,,,,,,,,,,,,,,,,,,,,,,,High,Medium,Medium,,,,,
121,2026-09-04,14:26:22.90,,,,,Undefined,FOR_RAM,"Kaufman, Taylor",10314665,Right,FOR_RAM,Undefined,1,Bottom,0,0,0,Undefined,,Undefined,Undefined,Undefined,Undefined,0,0,,52.05613,4.270543,-1.057398,3359.494152,,,3.97979,-1.17509,21.89614,,,,2.77105,0.41638,51.35424,-8.038226,5.947914,0.4943,,,,,,,,,,,,-29.08486,-0.99886,0.77512,50.00024,2.7757,4.07958,-76.82187,10.54038,-18.46181,3.94097,-32.80808,FOR_RAM,,FordhamUniversity,,,20260904-FordhamUniversity-BP-1,220fa8b0-a88e-11f1-884b-8d6b77d225c8,76.25413,,,0.70189,,,,,,,568bcc58-7a80-4f8d-8682-9863113bc81a,2026-09-04,18:26:22.90,2026-09-04T14:26:22.9080000-04:00,2026-09-04T18:26:22.9080000Z,,v3,471298,,,,,Undefined,FOR_RAM,5aa0fee2-e525-4ad7-9813-4d890069acd1,38.61437,-76.23554,1.97049,3.98078,5.65922,-16.40404,1.17775,1.33284,-9.23091,,,,,,,,,,,,,,,,,,,,,,,,,,,,,,,,,,,,,,,,,,,,,,,,,,,Low,Low,Low,,,,,
122,2026-09-04,14:26:36.22,,,,,Undefined,FOR_RAM,"Sullivan, Maximus",1000401613,Right,FOR_RAM,Undefined,1,Bottom,0,0,0,Undefined,Curveball,Undefined,Undefined,LineDrive,Undefined,0,0,,52.26698,4.51775,-0.733465,3159.71447,316.080006,4:30,4.32214,-0.38455,22.04147,-55.46609,-6.11225,7.21296,2.62751,-0.25777,48.60017,-10.037091,1.125026,0.505629,94.6226,15.475457,13.272523,2606.61231,104.78531,24.84008,33.46662,279.49262,274.63277,24.272512,2.90714,-7.75311,-7.29705,0.19721,50,3.04662,1.61813,-78.22539,11.31918,-4.67521,12.33404,-36.57425,FOR_RAM,,FordhamUniversity,,,20260904-FordhamUniversity-BP-1,2a048e00-a88e-11f1-884b-8d6b77d225c8,74.54565,27.27158,,3.66682,,,,1.40012,2.57069,0.23641,568bcc58-7a80-4f8d-8682-9863113bc81a,2026-09-04,18:26:36.22,2026-09-04T14:26:36.2200000-04:00,2026-09-04T18:26:36.2200000Z,LineDrive,v3,471298,,,,,Undefined,FOR_RAM,083b38ab-5ab2-4ffa-a3be-737471c39c5f,38.46383,-76.38479,6.16702,4.32853,5.86123,-18.28712,0.38662,0.92046,-2.33761,237.430115,1.40015,130.17402,-24.43554,5.32605,-1.01476,0.14231,-0.01057,-0.00054,0.00017,2.57064,37.03199,-14.27852,0.09194,0.20077,-0.03829,-0.00152,0.00262,-0.00037,0.2364,30.70701,7.959,-3.4789,1.07732,-0.2619,0.04963,-0.00607,0.00034,,,,,,,,,,,,,,,,,,,,,,,High,Medium,Medium,High,High,,,
123,2026-09-04,14:26:42.52,,,,,Undefined,FOR_RAM,"Sullivan, Maximus",1000401613,Right,FOR_RAM,Undefined,1,Bottom,0,0,0,Undefined,,Undefined,Undefined,GroundBall,Undefined,0,0,,51.30412,4.518136,-1.844462,2983.684613,,,3.72165,-1.16053,22.0346,,,,3.71535,-0.3529,50.27732,-4.632504,4.324658,0.499791,,,,,,,,,,,,-26.22309,13.63536,0.60539,50.00004,2.53388,4.86438,-75.48698,9.57248,-16.1553,3.32461,-23.77369,FOR_RAM,,FordhamUniversity,,,20260904-FordhamUniversity-BP-1,2dbe1390-a88e-11f1-884b-8d6b77d225c8,75.41638,,,1.0268,,,,,,,568bcc58-7a80-4f8d-8682-9863113bc81a,2026-09-04,18:26:42.52,2026-09-04T14:26:42.5270000-04:00,2026-09-04T18:26:42.5270000Z,,v3,471298,,,,,Undefined,FOR_RAM,84efd81c-d1a7-4207-90e7-ebc3d010c688,38.47181,-74.97754,1.6623,3.7216,5.92951,-11.88685,1.16112,2.38883,-8.07765,,,,,,,,,,,,,,,,,,,,,,,,,,,,,,,,,,,,,,,,,,,,,,,,,,,Low,Low,Low,,,,,
124,2026-09-04,14:26:48.92,,,,,Undefined,FOR_RAM,"Sullivan, Maximus",1000401613,Right,FOR_RAM,Undefined,1,Bottom,0,0,0,Undefined,Curveball,Undefined,Undefined,LineDrive,Undefined,0,0,,51.87962,4.374089,-0.502099,2900.524978,319.718983,4:45,4.30487,-0.37691,21.91314,-56.90889,-6.90713,6.92355,2.40623,-0.12575,48.70769,-10.460647,1.276605,0.508937,,,,,,,,,,,,-7.44162,-8.32678,0.23553,50,3.05298,1.29,-77.50572,11.2064,-4.45795,11.05824,-37.16227,FOR_RAM,,FordhamUniversity,,,20260904-FordhamUniversity-BP-1,319f9380-a88e-11f1-884b-8d6b77d225c8,74.06109,,,3.17194,,,,,,,568bcc58-7a80-4f8d-8682-9863113bc81a,2026-09-04,18:26:48.92,2026-09-04T14:26:48.9280000-04:00,2026-09-04T18:26:48.9280000Z,,v3,471298,,,,,Undefined,FOR_RAM,1b16068b-3c8d-4279-9ba7-b94de3f0bdab,38.59305,-75.86076,5.52912,4.30882,5.67836,-18.58114,0.37811,0.62686,-2.22898,,,,,,,,,,,,,,,,,,,,,,,,,,,,,,,,,,,,,,,,,,,,,,,,,,,High,Medium,Medium,,,,,
125,2026-09-04,14:26:56.59,,,,,Undefined,FOR_RAM,"Sullivan, Maximus",1000401613,Right,FOR_RAM,Undefined,1,Bottom,0,0,0,Undefined,,Undefined,Undefined,GroundBall,Undefined,0,0,,51.28113,4.609231,-2.194951,3214.449863,,,3.96055,-0.99427,21.96479,,,,2.69885,-0.15697,49.84492,-8.61157,4.768837,0.504661,93.47132,5.935581,-16.520739,976.831725,,,,124.0169,113.28158,-19.526192,1.023538,-29.15718,-2.56725,0.37021,50,2.66191,5.47237,-75.84685,11.12198,-17.70328,5.58822,-33.7328,FOR_RAM,,FordhamUniversity,,,20260904-FordhamUniversity-BP-1,361982e0-a88e-11f1-884b-8d6b77d225c8,74.68856,5.43004,,1.43621,,,,1.81919,2.44781,0.01267,568bcc58-7a80-4f8d-8682-9863113bc81a,2026-09-04,18:26:56.59,2026-09-04T14:26:56.5980000-04:00,2026-09-04T18:26:56.5980000Z,LineDrive,v3,471298,,,,,Undefined,FOR_RAM,9bb1cde5-ac44-4064-908b-0764cac55344,38.54435,-74.99807,2.79411,3.96208,5.99842,-16.8664,0.99719,2.78348,-8.85164,95.983287,1.81919,130.72753,-21.24982,4.02672,-0.9614,0.13888,0.39963,-0.45178,0.14634,2.44782,14.17632,-17.38238,1.3248,-0.12162,-0.02236,-0.10064,0.14083,-0.04941,0.01267,-38.77343,-3.20403,2.06535,-0.96585,0.39181,0.32453,-0.51845,0.18362,,,,,,,,,,,,,,,,,,,,,,,Low,Low,Low,High,Medium,,,
126,2026-09-04,14:27:05.99,,,,,Undefined,FOR_RAM,"Velit, Liam",1000239563,Right,FOR_RAM,Undefined,1,Bottom,0,0,0,Undefined,,Undefined,Undefined,GroundBall,Undefined,0,0,,48.15998,5.834596,-2.209395,2824.22726,,,4.02815,-0.7267,22.03694,,,,1.5894,-0.74748,47.94829,-13.336088,2.152053,0.533084,79.90113,5.654715,-47.516978,,,,,57.22246,57.22246,-43.829095,0.515956,-18.26308,-21.63529,0.16148,50.00022,2.28872,4.2846,-70.99928,14.26842,-9.9002,3.38079,-43.90229,FOR_RAM,,FordhamUniversity,,,20260904-FordhamUniversity-BP-1,3bc22e40-a88e-11f1-884b-8d6b77d225c8,70.70632,3.41829,,0.2117,,,,3.39374,2.43365,0.81048,568bcc58-7a80-4f8d-8682-9863113bc81a,2026-09-04,18:27:05.99,2026-09-04T14:27:05.9920000-04:00,2026-09-04T18:27:05.9920000Z,GroundBall,v3,471298,,,,,Undefined,FOR_RAM,7ab0e411-31b9-489c-9dd8-467c02609f5e,38.47852,-70.44851,1.6904,4.03062,7.11625,-21.95115,0.72812,2.67175,-4.9501,,3.39408,78.75458,-10.32176,,,,,,,2.47279,10.52068,-29.81736,,,,,,,0.80305,-85.81128,14.4691,,,,,,,,,,,,,,,,,,,,,,,,,,,,,Low,Low,Low,Low,High,,,
127,2026-09-04,14:27:11.43,,,,,Undefined,FOR_RAM,"Velit, Liam",1000239563,Right,FOR_RAM,Undefined,1,Bottom,0,0,0,Undefined,,Undefined,Undefined,LineDrive,Undefined,0,0,,52.58771,3.710456,-0.397285,3544.373614,,,4.03421,-1.34508,21.92024,,,,2.58915,0.67617,51.93794,-8.195349,6.617594,0.488933,95.79579,15.081688,-13.297918,5749.945602,107.56481,17.86234,-23.01367,210.99883,207.91238,-10.915405,1.912018,-29.08175,-0.37181,1.07462,50.00029,2.95083,3.24113,-77.70075,9.74429,-18.84368,4.24439,-32.41497,FOR_RAM,,FordhamUniversity,,,20260904-FordhamUniversity-BP-1,3f1fd830-a88e-11f1-884b-8d6b77d225c8,77.09125,17.86135,,0.64977,,,,1.87397,2.35296,-0.22029,568bcc58-7a80-4f8d-8682-9863113bc81a,2026-09-04,18:27:11.43,2026-09-04T14:27:11.4330000-04:00,2026-09-04T18:27:11.4330000Z,LineDrive,v3,471298,,,,,Undefined,FOR_RAM,5ff31604-f7ae-4b6e-8d0d-29002a4d30c4,38.59019,-77.07496,2.12219,4.0352,4.96501,-16.20748,1.34768,0.46281,-9.42184,311.677545,1.87397,132.0234,-16.49013,2.77292,-0.65324,0.13713,-0.0274,0.00435,-0.00035,2.35296,36.55758,-23.56119,2.75496,-0.59261,0.13714,-0.02589,0.00391,-0.00032,-0.22029,-31.20394,7.13865,-1.27358,0.28885,-0.06166,0.01228,-0.00192,0.00015,,,,,,,,,,,,,,,,,,,,,,,Low,Low,Low,High,High,,,
128,2026-09-04,14:27:17.66,,,,,Undefined,FOR_RAM,"Velit, Liam",1000239563,Right,FOR_RAM,Undefined,1,Bottom,0,0,0,Undefined,Curveball,Undefined,Undefined,FlyBall,Undefined,0,0,,50.48313,-1.101394,0.965353,3332.686005,327.716603,5:00,4.60495,-0.14884,37.79895,-23.83171,-7.57382,4.83922,2.2096,0.61318,50.59882,-11.696734,3.148988,0.290204,76.0483,43.7582,-4.967348,,109.99141,82.29337,-1.34487,275.30391,275.30391,6.951469,5.219583,-15.47863,-24.21454,-0.02293,50,2.0146,2.19693,-75.82498,15.67098,-9.47459,4.78727,-46.99597,FOR_RAM,,FordhamUniversity,,,20260904-FordhamUniversity-BP-1,429772c0-a88e-11f1-884b-8d6b77d225c8,129.8826,93.21923,,-0.11569,,,,4.56211,2.81694,-0.44921,568bcc58-7a80-4f8d-8682-9863113bc81a,2026-09-04,18:27:17.66,2026-09-04T14:27:17.6610000-04:00,2026-09-04T18:27:17.6610000Z,FlyBall,v3,471298,,,,,Undefined,FOR_RAM,c427f7e1-9afd-4b84-9111-50fadc402e7c,22.70857,-74.08188,2.39364,4.60528,-1.44081,-23.49799,0.14894,-1.25288,-4.73729,207.419521,4.5646,80.20025,-11.60616,1.95041,-0.02236,-0.10895,0.03047,-0.00356,0.00016,2.81529,77.18219,-19.41213,2.178,-0.6965,0.1771,-0.02674,0.0021,-7E-05,-0.4503,-6.94871,5.17558,-0.78868,-0.03001,0.062,-0.01621,0.00186,-8E-05,,,,,,,,,,,,,,,,,,,,,,,High,Medium,Medium,Medium,Medium,,,
129,2026-09-04,14:27:26.22,,,,,Undefined,FOR_RAM,"Velit, Liam",1000239563,Right,FOR_RAM,Undefined,1,Bottom,0,0,0,Undefined,Curveball,Undefined,Undefined,LineDrive,Undefined,0,0,,54.00948,4.144675,-0.907705,3350.964946,316.308557,4:30,4.34075,-0.38687,22.07889,-52.75763,-6.54591,7.52595,2.62659,-0.3461,50.05833,-9.725666,1.034285,0.489269,88.00658,21.783563,25.99506,3612.319293,94.06122,36.3391,57.03043,301.8771,291.99269,39.643084,3.515359,-8.22394,-7.87851,0.16029,50,3.15055,1.96051,-80.93439,10.95383,-5.28631,13.6029,-37.23832,FOR_RAM,,FordhamUniversity,,,20260904-FordhamUniversity-BP-1,47e701a0-a88e-11f1-884b-8d6b77d225c8,77.03833,41.85991,,3.95116,,,,0.79355,2.36733,0.48302,568bcc58-7a80-4f8d-8682-9863113bc81a,2026-09-04,18:27:26.22,2026-09-04T14:27:26.2260000-04:00,2026-09-04T18:27:26.2260000Z,LineDrive,v3,471298,,,,,Undefined,FOR_RAM,4277eb53-7e53-42c0-88f4-5c93fafe6d64,38.42642,-78.96522,6.80145,4.34605,5.56318,-18.61916,0.3887,1.19526,-2.64316,,0.79392,107.72027,-21.94311,4.83798,-0.82502,0.09105,-0.00386,-0.00056,9E-05,2.36676,47.9197,-15.17664,0.5324,-0.20853,0.11826,-0.0378,0.00689,-0.00053,0.48269,52.54453,2.35788,-1.04788,0.23309,-0.02559,0.00071,0.00011,-1E-05,,,,,,,,,,,,,,,,,,,,,,,High,Medium,Medium,Medium,Medium,,,
130,2026-09-04,14:27:40.48,,,,,Undefined,FOR_RAM,"Chavez, Carson",1000156814,Right,FOR_RAM,Undefined,1,Bottom,0,0,0,Undefined,,Undefined,Undefined,Undefined,Undefined,0,0,,53.20202,-0.638256,6.661338,3436.460057,,,4.3856,-0.77852,37.25204,,,,2.3912,1.08256,49.45632,-9.914581,3.066889,0.293493,,,,,,,,,,,,27.83431,-12.17761,4.74341,50,2.50815,-15.026,-84.43563,12.32316,18.2885,21.03863,-40.17533,FOR_RAM,,FordhamUniversity,,,20260904-FordhamUniversity-BP-1,501f7fa0-a88e-11f1-884b-8d6b77d225c8,128.42689,,,3.7457,,,,,,,568bcc58-7a80-4f8d-8682-9863113bc81a,2026-09-04,18:27:40.48,2026-09-04T14:27:40.4880000-04:00,2026-09-04T18:27:40.4880000Z,,v3,471298,,,,,Undefined,FOR_RAM,abc9d5e4-6527-4d84-a2be-bf0168da1993,23.25407,-77.48536,10.51931,4.38691,-0.94908,-20.08767,0.77742,-8.98425,9.14425,,,,,,,,,,,,,,,,,,,,,,,,,,,,,,,,,,,,,,,,,,,,,,,,,,,Low,Low,Low,,,,,
131,2026-09-04,14:27:46.35,,,,,Undefined,FOR_RAM,"Chavez, Carson",1000156814,Right,FOR_RAM,Undefined,1,Bottom,0,0,0,Undefined,,Undefined,Undefined,Undefined,Undefined,0,0,,51.08361,1.163924,-0.845357,3012.883496,,,4.22301,-1.09066,21.92802,,,,2.05303,0.20859,46.64164,-8.233223,4.84671,0.523058,,,,,,,,,,,,-24.64273,18.50599,0.77919,50,3.74905,3.12982,-77.08732,4.78406,-13.94159,14.89865,-21.70431,FOR_RAM,,FordhamUniversity,,,20260904-FordhamUniversity-BP-1,53c09b30-a88e-11f1-884b-8d6b77d225c8,72.06174,,,4.44197,,,,,,,568bcc58-7a80-4f8d-8682-9863113bc81a,2026-09-04,18:27:46.35,2026-09-04T14:27:46.3500000-04:00,2026-09-04T18:27:46.3500000Z,,v3,471298,,,,,Undefined,FOR_RAM,aaedf9fb-fefb-4495-983b-2577794b5aad,38.57718,-74.84708,7.44932,4.22304,1.52048,-10.85216,1.0922,1.03349,-6.9708,,,,,,,,,,,,,,,,,,,,,,,,,,,,,,,,,,,,,,,,,,,,,,,,,,,Low,Low,Low,,,,,
132,2026-09-04,14:27:56.47,,,,,Undefined,FOR_RAM,"Chavez, Carson",1000156814,Right,FOR_RAM,Undefined,1,Bottom,0,0,0,Undefined,,Undefined,Undefined,LineDrive,Undefined,0,0,,49.18017,5.18557,-2.006299,2589.14575,,,3.94813,-0.98158,22.01135,,,,1.99228,-0.2314,48.78636,-11.229239,4.324923,0.521898,89.83646,16.976965,-30.701793,2427.095665,94.14448,13.07729,-56.89226,157.85267,157.85267,-31.877323,1.535751,-26.46714,-12.43997,0.40142,50.00016,2.42108,4.84843,-72.48006,12.72186,-14.98662,3.32703,-39.21799,FOR_RAM,,FordhamUniversity,,,20260904-FordhamUniversity-BP-1,59d17e40-a88e-11f1-884b-8d6b77d225c8,72.22188,14.91656,,0.39382,,,,2.02819,1.88342,0.32349,568bcc58-7a80-4f8d-8682-9863113bc81a,2026-09-04,18:27:56.47,2026-09-04T14:27:56.4720000-04:00,2026-09-04T18:27:56.4720000Z,LineDrive,v3,471298,,,,,Undefined,FOR_RAM,53e562ba-c2d0-49c4-94f9-9bc669e5f8fe,38.50078,-71.95027,1.66352,3.94966,6.47687,-19.609,0.98347,2.462,-7.49331,,2.02817,108.35611,-18.17925,3.29028,-0.85977,0.10365,0.14025,-0.09971,0.0205,1.88337,38.4774,-31.21655,4.94597,-1.68099,0.65481,0.00163,-0.13256,0.03691,0.32346,-64.3374,7.52777,-0.91949,-0.14972,0.35058,-0.09449,-0.03458,0.01523,,,,,,,,,,,,,,,,,,,,,,,Low,Low,Low,Medium,Medium,,,
133,2026-09-04,14:28:07.91,,,,,Undefined,FOR_RAM,"Young, Caden",10264258,Right,FOR_RAM,Undefined,1,Bottom,0,0,0,Undefined,Curveball,Undefined,Undefined,FlyBall,Undefined,0,0,,52.90601,4.469896,-0.783569,3298.099041,314.413568,4:30,4.29677,-0.37413,21.87316,-57.42302,-9.10579,10.5776,2.42112,-0.00166,49.53179,-10.483039,1.931568,0.500291,,,,,,,,,,,,-11.1641,-10.25178,0.16194,50,3.04549,1.98457,-79.09713,11.45943,-6.93686,11.89587,-38.54403,FOR_RAM,,FordhamUniversity,,,20260904-FordhamUniversity-BP-1,60a7ad20-a88e-11f1-884b-8d6b77d225c8,75.34105,,,3.37422,,,,,,,568bcc58-7a80-4f8d-8682-9863113bc81a,2026-09-04,18:28:07.91,2026-09-04T14:28:07.9100000-04:00,2026-09-04T18:28:07.9100000Z,,v3,471298,,,,,Undefined,FOR_RAM,9ce6fd6a-49c4-4c2d-bd79-bb579a634e6e,38.63379,-77.36882,5.94794,4.30359,5.85949,-19.27201,0.37705,0.97674,-3.46843,,,,,,,,,,,,,,,,,,,,,,,,,,,,,,,,,,,,,,,,,,,,,,,,,,,High,Medium,Medium,,,,,
134,2026-09-04,14:28:14.15,,,,,Undefined,FOR_RAM,"Young, Caden",10264258,Right,FOR_RAM,Undefined,1,Bottom,0,0,0,Undefined,,Undefined,Undefined,Undefined,Undefined,0,0,,49.99184,4.836989,-2.572583,3012.40581,,,3.99224,-0.90107,22.01093,,,,2.07222,-0.46683,49.56128,-10.775942,3.914645,0.513106,91.8095,21.652094,-43.22518,2112.949376,81.67376,22.10196,-73.6844,187.84053,139.74417,-42.860091,1.914321,-27.13805,-10.87556,0.20364,50.00017,2.55961,5.71111,-73.67731,12.1758,-15.894,3.35069,-38.54356,FOR_RAM,,FordhamUniversity,,,20260904-FordhamUniversity-BP-1,645dfe60-a88e-11f1-884b-8d6b77d225c8,73.4593,22.4499,,0.43056,,,,3.21647,1.98205,0.75137,568bcc58-7a80-4f8d-8682-9863113bc81a,2026-09-04,18:28:14.15,2026-09-04T14:28:14.1520000-04:00,2026-09-04T18:28:14.1520000Z,LineDrive,v3,471298,,,,,Undefined,FOR_RAM,d68cb507-edbf-4678-8ba6-7f170a6fc42d,38.50166,-73.15251,1.67535,3.99387,6.13897,-19.27178,0.90319,3.22174,-7.947,,3.21647,91.19466,-16.44176,4.25793,-1.09601,0.28655,-0.06485,0.01027,-0.0008,1.98205,49.68311,-34.58002,6.39476,-1.71596,0.4561,-0.11056,0.0196,-0.00175,0.75137,-85.71294,14.59067,-3.78308,0.97304,-0.25423,0.05742,-0.00906,0.0007,,,,,,,,,,,,,,,,,,,,,,,Low,Low,Low,Low,Medium,,,
135,2026-09-04,14:28:21.73,,,,,Undefined,FOR_RAM,"Young, Caden",10264258,Right,FOR_RAM,Undefined,1,Bottom,0,0,0,Undefined,Curveball,Undefined,Undefined,LineDrive,Undefined,0,0,,51.80558,4.046052,-0.768768,3077.228901,290.071696,3:45,4.33421,-0.37515,21.89111,-53.50479,-1.89799,10.02119,2.50694,-0.0392,47.30039,-10.04246,1.80355,0.517041,97.29396,8.669647,-11.964285,865.020388,,,,110.41633,110.41633,-13.813232,0.869639,-10.72595,-3.1487,0.17014,50,3.19297,1.86234,-77.87142,10.25126,-6.23428,14.62877,-34.00417,FOR_RAM,,FordhamUniversity,,,20260904-FordhamUniversity-BP-1,69000f30-a88e-11f1-884b-8d6b77d225c8,72.90032,6.08734,,4.50518,,,,1.42649,2.19545,0.12419,568bcc58-7a80-4f8d-8682-9863113bc81a,2026-09-04,18:28:21.73,2026-09-04T14:28:21.7310000-04:00,2026-09-04T18:28:21.7310000Z,LineDrive,v3,471298,,,,,Undefined,FOR_RAM,555bbd30-f1d6-4426-b172-4d52f1e32b9d,38.61246,-75.70196,7.31439,4.33931,5.20841,-17.00209,0.37777,0.93779,-3.11714,28.766731,1.42649,138.0027,-20.52121,2.32661,-0.44585,0.06358,-0.00838,0.00129,-0.0001,2.19545,21.50982,-31.48247,5.31459,-1.26045,0.32427,-0.07637,0.01628,-0.00216,0.12419,-29.24348,-2.3465,1.34666,-0.36693,0.10652,-0.02748,0.00605,-0.00081,,,,,,,,,,,,,,,,,,,,,,,High,Medium,Medium,Low,Medium,,,
136,2026-09-04,14:28:38.67,,,,,Undefined,FOR_RAM,"Kaufman, Taylor",10314665,Right,FOR_RAM,Undefined,1,Bottom,0,0,0,Undefined,,Undefined,Undefined,Undefined,Undefined,0,0,,52.4821,4.229578,-1.500885,3485.255501,,,4.09396,-1.14466,22.03499,,,,2.87773,0.14181,51.77502,-8.033564,5.469786,0.488253,,,,,,,,,,,,-29.35915,-1.95732,0.63858,50.00006,2.87341,4.80924,-77.3306,10.66368,-18.97104,3.54351,-33.43881,FOR_RAM,,FordhamUniversity,,,20260904-FordhamUniversity-BP-1,731e1610-a88e-11f1-884b-8d6b77d225c8,77.19862,,,0.70708,,,,,,,568bcc58-7a80-4f8d-8682-9863113bc81a,2026-09-04,18:28:38.67,2026-09-04T14:28:38.6750000-04:00,2026-09-04T18:28:38.6750000Z,,v3,471298,,,,,Undefined,FOR_RAM,7bd4555a-1707-419b-9d39-4f9770213ed2,38.47302,-76.80058,1.77175,4.09437,5.66209,-16.7194,1.1457,1.97165,-9.48552,,,,,,,,,,,,,,,,,,,,,,,,,,,,,,,,,,,,,,,,,,,,,,,,,,,Low,Low,Low,,,,,
137,2026-09-04,14:28:53.96,,,,,Undefined,FOR_RAM,"Kaufman, Taylor",10314665,Right,FOR_RAM,Undefined,1,Bottom,0,0,0,Undefined,,Undefined,Undefined,Undefined,Undefined,0,0,,52.8669,3.805433,-0.507008,3471.992151,,,4.02478,-1.32344,21.91325,,,,2.61845,0.62591,49.11164,-8.426623,6.50298,0.501851,67.72168,39.853804,62.058996,5735.874227,38.27273,53.38889,103.12691,202.2812,93.7565,76.849828,3.581507,-28.11529,1.51614,1.08625,50,2.96699,2.95711,-79.26933,9.57104,-17.32875,13.08925,-31.23957,FOR_RAM,,FordhamUniversity,,,20260904-FordhamUniversity-BP-1,7c2359f0-a88e-11f1-884b-8d6b77d225c8,75.10682,53.3884,,3.75525,,,,0.25776,2.44135,-0.76026,568bcc58-7a80-4f8d-8682-9863113bc81a,2026-09-04,18:28:53.96,2026-09-04T14:28:53.9640000-04:00,2026-09-04T18:28:53.9640000Z,FlyBall,v3,471298,,,,,Undefined,FOR_RAM,e1fddbc9-8731-4b34-9be8-8886832110d8,38.59302,-77.36284,6.54463,4.02967,5.0209,-15.61979,1.33315,0.43312,-8.66437,,0.25777,35.72258,-10.39882,1.80546,-0.20787,0.01118,-0.01001,0.00342,-0.00032,2.44154,63.64475,-22.66396,2.25558,-0.41407,0.04066,0.00427,-0.00127,5E-05,-0.76075,67.38237,-5.11975,1.25614,-0.67345,0.32793,-0.10305,0.01754,-0.00122,,,,,,,,,,,,,,,,,,,,,,,Low,Low,Low,Medium,Low,,,
138,2026-09-04,14:29:03.92,,,,,Undefined,FOR_RAM,"Kaufman, Taylor",10314665,Right,FOR_RAM,Undefined,1,Bottom,0,0,0,Undefined,,Undefined,Undefined,FlyBall,Undefined,0,0,,49.76622,4.286777,-0.693165,2843.950899,,,4.06729,-1.24797,22.03732,,,,2.58091,0.56644,49.21319,-8.911722,6.29139,0.515223,,,,,,,,,,,,-29.34242,-0.31685,0.90481,50.00009,2.80718,3.52551,-73.37859,10.54447,-17.02398,3.43708,-32.35788,FOR_RAM,,FordhamUniversity,,,20260904-FordhamUniversity-BP-1,82025790-a88e-11f1-884b-8d6b77d225c8,73.15756,,,0.55303,,,,,,,568bcc58-7a80-4f8d-8682-9863113bc81a,2026-09-04,18:29:03.92,2026-09-04T14:29:03.9240000-04:00,2026-09-04T18:29:03.9240000Z,,v3,471298,,,,,Undefined,FOR_RAM,d0e2d83b-e11d-4398-98bd-c6361df16599,38.4706,-72.83654,1.71854,4.06771,5.44145,-16.17894,1.2491,0.84073,-8.51199,,,,,,,,,,,,,,,,,,,,,,,,,,,,,,,,,,,,,,,,,,,,,,,,,,,Low,Low,Low,,,,,
139,2026-09-04,14:29:15.87,,,,,Undefined,FOR_RAM,"Sullivan, Maximus",1000401613,Right,FOR_RAM,Undefined,1,Bottom,0,0,0,Undefined,,Undefined,Undefined,FlyBall,Undefined,0,0,,49.33928,3.712516,-2.498434,2841.924176,,,4.16221,-0.87854,21.90535,,,,2.37809,-0.23104,48.37936,-9.275453,4.488077,0.523387,,,,,,,,,,,,-29.10344,2.41488,0.19827,50,3.05412,5.64687,-72.91951,9.48494,-16.47166,4.44713,-30.8073,FOR_RAM,,FordhamUniversity,,,20260904-FordhamUniversity-BP-1,89301c50-a88e-11f1-884b-8d6b77d225c8,72.01633,,,0.95992,,,,,,,568bcc58-7a80-4f8d-8682-9863113bc81a,2026-09-04,18:29:15.87,2026-09-04T14:29:15.8780000-04:00,2026-09-04T18:29:15.8780000Z,,v3,471298,,,,,Undefined,FOR_RAM,d9e59e10-64b8-48c3-bc42-6f90154eb09a,38.60402,-72.22116,2.22357,4.16373,4.64716,-15.40365,0.88192,3.06027,-8.23583,,,,,,,,,,,,,,,,,,,,,,,,,,,,,,,,,,,,,,,,,,,,,,,,,,,Low,Low,Low,,,,,
140,2026-09-04,14:29:22.23,,,,,Undefined,FOR_RAM,"Sullivan, Maximus",1000401613,Right,FOR_RAM,Undefined,1,Bottom,0,0,0,Undefined,Curveball,Undefined,Undefined,LineDrive,Undefined,0,0,,50.08942,4.313898,-0.952692,2847.685101,310.207517,4:15,4.29392,-0.37093,21.85303,-61.71598,-7.93095,10.97154,1.96024,-0.07584,47.23639,-11.712603,1.863454,0.52784,92.66974,21.284589,-10.378878,2060.993026,108.80247,37.96689,-16.18231,352.57142,351.476,-4.796017,4.113684,-11.5952,-8.83532,0.12354,50,3.04672,2.13116,-74.84687,11.03002,-6.47854,10.30287,-37.11057,FOR_RAM,,FordhamUniversity,,,20260904-FordhamUniversity-BP-1,8cf3db10-a88e-11f1-884b-8d6b77d225c8,71.40886,50.11144,,2.85303,,,,1.8208,2.0434,0.08888,568bcc58-7a80-4f8d-8682-9863113bc81a,2026-09-04,18:29:22.23,2026-09-04T14:29:22.2360000-04:00,2026-09-04T18:29:22.2360000Z,LineDrive,v3,471298,,,,,Undefined,FOR_RAM,60264348-1776-4a5f-bd06-1c1234ad7a72,38.65421,-73.26845,5.15144,4.30103,5.3446,-18.55529,0.37401,1.13864,-3.23927,202.710103,1.82039,124.58323,-18.71466,4.11671,-0.89981,0.20932,-0.0428,0.00558,-0.00031,2.04448,49.30893,-12.81702,-0.24803,0.37605,-0.17131,0.044,-0.00566,0.00028,0.08915,-22.82271,7.85282,-1.96158,0.48382,-0.11681,0.02273,-0.00277,0.00015,,,,,,,,,,,,,,,,,,,,,,,High,Medium,Medium,High,High,,,
141,2026-09-04,14:29:28.94,,,,,Undefined,FOR_RAM,"Sullivan, Maximus",1000401613,Right,FOR_RAM,Undefined,1,Bottom,0,0,0,Undefined,,Undefined,Undefined,GroundBall,Undefined,0,0,,49.80589,4.393652,-2.705238,2815.96025,,,4.05305,-0.82405,21.95476,,,,2.19614,-0.34192,48.22669,-10.238868,4.190179,0.521678,94.37022,5.456542,-5.372558,2215.084232,,,,96.0836,39.02518,-4.66474,0.760026,-28.89529,-4.80299,0.10678,50,2.76787,5.90092,-73.82568,10.9744,-16.43253,6.27758,-34.90547,FOR_RAM,,FordhamUniversity,,,20260904-FordhamUniversity-BP-1,91003b90-a88e-11f1-884b-8d6b77d225c8,72.25225,4.01896,,1.57919,,,,2.00801,2.07326,-0.02878,568bcc58-7a80-4f8d-8682-9863113bc81a,2026-09-04,18:29:28.94,2026-09-04T14:29:28.9450000-04:00,2026-09-04T18:29:28.9450000Z,GroundBall,v3,471298,,,,,Undefined,FOR_RAM,fc108302-546a-44ca-aad8-3f0d3b706105,38.55486,-72.84597,3.13879,4.0555,5.52688,-17.45274,0.82759,3.33638,-8.21626,336.75468,2.06287,136.19324,-17.06599,,,,,,,2.12621,12.21114,-19.83129,,,,,,,-0.04382,-12.62973,3.18939,,,,,,,,,,,,,,,,,,,,,,,,,,,,,Low,Low,Low,Medium,Low,,,
142,2026-09-04,14:29:36.17,,,,,Undefined,FOR_RAM,"Sullivan, Maximus",1000401613,Right,FOR_RAM,Undefined,1,Bottom,0,0,0,Undefined,,Undefined,Undefined,GroundBall,Undefined,0,0,,51.17232,4.050624,-0.749452,3171.120171,,,4.10898,-1.22929,22.0001,,,,2.60055,0.55026,50.58377,-8.738384,6.237386,0.501404,83.44547,-8.795321,-26.505565,,,,,19.31072,16.15801,-24.719775,0.146197,-29.05935,-1.43106,0.88514,50.00026,2.91996,3.63207,-75.56861,10.31888,-17.82869,3.91771,-33.05205,FOR_RAM,,FordhamUniversity,,,20260904-FordhamUniversity-BP-1,953d7010-a88e-11f1-884b-8d6b77d225c8,75.17386,2.74245,,0.58855,,,,1.67945,2.74245,-0.16509,568bcc58-7a80-4f8d-8682-9863113bc81a,2026-09-04,18:29:36.17,2026-09-04T14:29:36.1750000-04:00,2026-09-04T18:29:36.1750000Z,GroundBall,v3,471298,,,,,Undefined,FOR_RAM,50d720e0-e233-4574-b675-c2a48efcaf13,38.51047,-74.97058,1.95886,4.11004,5.27353,-16.52602,1.23185,0.91055,-8.91435,180,1.67331,108.49554,,,,,,,,2.74351,-18.75863,,,,,,,,-0.16203,-54.10704,,,,,,,,,,,,,,,,,,,,,,,,,,,,,,Low,Low,Low,Low,Low,,,
143,2026-09-04,14:29:45.34,,,,,Undefined,FOR_RAM,"Velit, Liam",1000239563,Right,FOR_RAM,Undefined,1,Bottom,0,0,0,Undefined,,Undefined,Undefined,Undefined,Undefined,0,0,,51.08142,4.675311,-1.715014,3306.768042,,,4.04838,-1.01494,22.02915,,,,2.16065,-0.04416,50.60736,-10.519252,4.717305,0.501936,,,,,,,,,,,,-26.82135,-11.42619,0.49135,50.00023,2.66052,4.68708,-75.39483,12.06479,-16.39966,3.78917,-39.16048,FOR_RAM,,FordhamUniversity,,,20260904-FordhamUniversity-BP-1,9aba7790-a88e-11f1-884b-8d6b77d225c8,75.09404,,,0.47406,,,,,,,568bcc58-7a80-4f8d-8682-9863113bc81a,2026-09-04,18:29:45.34,2026-09-04T14:29:45.3410000-04:00,2026-09-04T18:29:45.3410000Z,,v3,471298,,,,,Undefined,FOR_RAM,0600bf91-7e87-48e0-a52a-8e46b6ebc744,38.48388,-74.8138,1.89458,4.05013,6.06,-19.58024,1.01725,2.17239,-8.19983,,,,,,,,,,,,,,,,,,,,,,,,,,,,,,,,,,,,,,,,,,,,,,,,,,,Low,Low,Low,,,,,
144,2026-09-04,14:29:50.96,,,,,Undefined,FOR_RAM,"Velit, Liam",1000239563,Right,FOR_RAM,Undefined,1,Bottom,0,0,0,Undefined,,Undefined,Undefined,FlyBall,Undefined,0,0,,51.94532,4.156843,-1.223186,3380.064458,,,4.02633,-1.19806,21.86827,,,,3.11096,0.26907,51.16172,-7.033268,5.724672,0.495617,,,,,,,,,,,,-28.90407,3.9289,0.76627,50.00018,2.87824,4.27657,-76.59709,9.92668,-18.27449,3.73719,-29.69002,FOR_RAM,,FordhamUniversity,,,20260904-FordhamUniversity-BP-1,9e409110-a88e-11f1-884b-8d6b77d225c8,76.05158,,,0.7836,,,,,,,568bcc58-7a80-4f8d-8682-9863113bc81a,2026-09-04,18:29:50.96,2026-09-04T14:29:50.9690000-04:00,2026-09-04T18:29:50.9690000Z,,v3,471298,,,,,Undefined,FOR_RAM,7ba699f1-54f1-4d01-ae45-2fba873b9da8,38.64064,-76.04083,1.8686,4.02688,5.50753,-14.84501,1.20038,1.55654,-9.13724,,,,,,,,,,,,,,,,,,,,,,,,,,,,,,,,,,,,,,,,,,,,,,,,,,,Low,Low,Low,,,,,
145,2026-09-04,14:30:04.33,,,,,Undefined,FOR_RAM,"Velit, Liam",1000239563,Right,FOR_RAM,Undefined,1,Bottom,0,0,0,Undefined,,Undefined,Undefined,LineDrive,Undefined,0,0,,51.07165,-0.30206,7.938725,3176.772642,,,4.3525,-1.30687,37.70262,,,,2.38802,1.04547,47.58627,-10.288437,4.600833,0.299922,,,,,,,,,,,,27.03305,-13.86119,5.91183,50,2.03705,-15.99733,-80.89386,13.71877,16.33348,19.14797,-40.54904,FOR_RAM,,FordhamUniversity,,,20260904-FordhamUniversity-BP-1,a5f03000-a88e-11f1-884b-8d6b77d225c8,125.67434,,,3.48537,,,,,,,568bcc58-7a80-4f8d-8682-9863113bc81a,2026-09-04,18:30:04.33,2026-09-04T14:30:04.3380000-04:00,2026-09-04T18:30:04.3380000Z,,v3,471298,,,,,Undefined,FOR_RAM,7e4e8b72-8452-42a5-8d75-ee03bd730c64,22.80352,-74.17751,9.57398,4.35462,-0.50424,-20.27452,1.30538,-10.26818,8.16674,,,,,,,,,,,,,,,,,,,,,,,,,,,,,,,,,,,,,,,,,,,,,,,,,,,Low,Low,Low,,,,,
146,2026-09-04,14:30:17.49,,,,,Undefined,FOR_RAM,"Chavez, Carson",1000156814,Right,FOR_RAM,Undefined,1,Bottom,0,0,0,Undefined,,Undefined,Undefined,LineDrive,Undefined,0,0,,52.19743,4.341761,-0.489512,3500.036706,,,3.89831,-1.25626,21.95136,,,,2.43526,0.66421,51.56518,-8.884272,6.404172,0.492476,,,,,,,,,,,,-28.74502,-5.26654,0.9649,50.00015,2.64364,3.33247,-77.03336,11.0689,-18.33685,4.01506,-35.53366,FOR_RAM,,FordhamUniversity,,,20260904-FordhamUniversity-BP-1,adde3780-a88e-11f1-884b-8d6b77d225c8,76.5366,,,0.63224,,,,,,,568bcc58-7a80-4f8d-8682-9863113bc81a,2026-09-04,18:30:17.49,2026-09-04T14:30:17.4940000-04:00,2026-09-04T18:30:17.4940000Z,,v3,471298,,,,,Undefined,FOR_RAM,0754ebee-13bf-443e-85f0-f54447bb1e26,38.55818,-76.43467,2.00753,3.89911,5.7704,-17.76683,1.25796,0.59823,-9.16842,,,,,,,,,,,,,,,,,,,,,,,,,,,,,,,,,,,,,,,,,,,,,,,,,,,Low,Low,Low,,,,,
147,2026-09-04,14:30:28.76,,,,,Undefined,FOR_RAM,"Chavez, Carson",1000156814,Right,FOR_RAM,Undefined,1,Bottom,0,0,0,Undefined,Curveball,Undefined,Undefined,GroundBall,Undefined,0,0,,50.64435,4.356041,-0.615687,2877.42754,307.711057,4:15,4.32008,-0.37515,22.00766,-56.86952,-4.66016,7.73355,2.4058,-0.12918,47.57111,-10.514454,1.375483,0.520051,68.56198,-12.669941,-41.402883,,,,,12.74653,12.36796,-33.720627,0.112647,-8.33981,-5.88071,0.20503,50,3.05681,1.48264,-75.66317,10.97802,-4.76087,10.54636,-35.53112,FOR_RAM,,FordhamUniversity,,,20260904-FordhamUniversity-BP-1,b4ab65b0-a88e-11f1-884b-8d6b77d225c8,72.47842,2.49331,,3.07324,,,,2.283,2.49331,0.25875,568bcc58-7a80-4f8d-8682-9863113bc81a,2026-09-04,18:30:28.76,2026-09-04T14:30:28.7620000-04:00,2026-09-04T18:30:28.7620000Z,GroundBall,v3,471298,,,,,Undefined,FOR_RAM,f4d90da2-72a4-485d-ae0c-2a18ece9dce1,38.49812,-74.04261,5.27318,4.32422,5.51831,-17.76556,0.37664,0.75109,-2.38043,180,2.27827,73.85011,,,,,,,,2.49473,-22.13389,,,,,,,,0.26292,-65.11423,,,,,,,,,,,,,,,,,,,,,,,,,,,,,,High,Medium,Medium,Low,Low,,,
148,2026-09-04,14:30:34.43,,,,,Undefined,FOR_RAM,"Chavez, Carson",1000156814,Right,FOR_RAM,Undefined,1,Bottom,0,0,0,Undefined,,Undefined,Undefined,LineDrive,Undefined,0,0,,53.50777,4.251487,-0.67526,3545.346419,,,4.03415,-1.23071,21.94704,,,,2.86352,0.59291,52.75745,-7.905654,6.288566,0.480341,81.83963,19.713439,12.83271,3430.913735,104.44619,28.61154,34.51041,243.19545,239.52783,25.328732,2.937495,-28.90651,-3.11882,0.90568,50.00027,2.83238,3.66348,-79.01457,10.76724,-19.37965,4.333,-34.26498,FOR_RAM,,FordhamUniversity,,,20260904-FordhamUniversity-BP-1,b7fc6570-a88e-11f1-884b-8d6b77d225c8,78.47025,29.54123,,0.75032,,,,0.71909,2.45713,-0.38641,568bcc58-7a80-4f8d-8682-9863113bc81a,2026-09-04,18:30:34.43,2026-09-04T14:30:34.4350000-04:00,2026-09-04T18:30:34.4350000Z,LineDrive,v3,471298,,,,,Undefined,FOR_RAM,7b0118ec-c3c9-4c01-8047-8438f3187fb9,38.56399,-78.38492,2.1665,4.03524,5.78801,-17.13249,1.23342,0.84732,-9.68982,240.026361,0.71913,110.1719,-19.01779,3.71344,-0.62721,0.04235,0.01571,-0.0057,0.00064,2.45707,40.49101,-16.06556,0.7241,-0.06351,0.05156,-0.02716,0.00753,-0.0008,-0.38642,25.09785,7.85947,-2.85808,0.79812,-0.17029,0.02737,-0.00261,9E-05,,,,,,,,,,,,,,,,,,,,,,,Low,Low,Low,High,High,,,
149,2026-09-04,14:30:40.97,,,,,Undefined,FOR_RAM,"Chavez, Carson",1000156814,Right,FOR_RAM,Undefined,1,Bottom,0,0,0,Undefined,,Undefined,Undefined,FlyBall,Undefined,0,0,,49.66728,3.990769,-0.726901,2814.57589,,,3.99673,-1.22757,21.98963,,,,2.14032,0.56375,49.22594,-9.731288,6.252562,0.516735,88.43499,31.66754,-28.104902,1958.416436,97.41595,58.02773,-51.08912,288.0423,288.0423,-28.821966,4.401028,-29.01982,-2.17295,0.8883,50.00025,2.79354,3.49263,-73.35873,10.29186,-16.7739,3.71505,-33.43005,FOR_RAM,,FordhamUniversity,,,20260904-FordhamUniversity-BP-1,bbe845a0-a88e-11f1-884b-8d6b77d225c8,72.94353,69.69972,,0.44135,,,,2.28947,2.25403,0.06482,568bcc58-7a80-4f8d-8682-9863113bc81a,2026-09-04,18:30:40.97,2026-09-04T14:30:40.9790000-04:00,2026-09-04T18:30:40.9790000Z,FlyBall,v3,471298,,,,,Undefined,FOR_RAM,7f795675-e438-41f5-8f44-ba01dd599d79,38.52103,-72.77507,1.85753,3.99789,5.03982,-16.71502,1.23001,0.85736,-8.38695,,2.28926,97.38184,-19.56668,4.73716,-1.12767,0.27326,-0.0538,0.00641,-0.00032,2.25429,68.08284,-19.62955,1.4991,-0.06699,-0.08316,0.02915,-0.00395,0.0002,0.0648,-52.00534,10.24025,-2.58189,0.63156,-0.15784,0.03176,-0.00386,0.0002,,,,,,,,,,,,,,,,,,,,,,,Low,Low,Low,Medium,Medium,,,
150,2026-09-04,14:31:00.33,,,,,Undefined,FOR_RAM,"Young, Caden",10264258,Right,FOR_RAM,Undefined,1,Bottom,0,0,0,Undefined,,Undefined,Undefined,LineDrive,Undefined,0,0,,51.31697,4.948894,-0.716869,3028.68263,,,3.69457,-1.24609,21.89125,,,,3.43563,0.47466,48.45831,-6.002602,5.993819,0.512149,96.30697,27.257652,-27.820118,2318.871506,97.85281,57.06154,-50.24632,348.01422,245.45969,-28.347633,5.273218,-27.4925,8.38835,0.95042,50,2.41673,3.22822,-76.34806,10.54864,-16.27471,9.14327,-27.2084,FOR_RAM,,FordhamUniversity,,,20260904-FordhamUniversity-BP-1,c7662aa0-a88e-11f1-884b-8d6b77d225c8,73.59659,84.76685,,2.85866,,,,3.14469,2.67668,0.30204,568bcc58-7a80-4f8d-8682-9863113bc81a,2026-09-04,18:31:00.33,2026-09-04T14:31:00.3300000-04:00,2026-09-04T18:31:00.3300000Z,FlyBall,v3,471298,,,,,Undefined,FOR_RAM,85fb80a6-f0f5-41e8-831e-9c93fa9a95a5,38.61483,-74.9722,4.57163,3.69602,6.45438,-13.6042,1.25194,0.77924,-8.13736,,3.14619,111.02746,-25.44338,6.27014,-1.25415,0.20887,-0.02841,0.00273,-0.00012,2.67751,64.66264,-11.22468,-1.78041,0.91427,-0.28735,0.05855,-0.00657,0.0003,0.30131,-58.58905,12.70411,-3.05744,0.59965,-0.09907,0.01366,-0.00135,6E-05,,,,,,,,,,,,,,,,,,,,,,,Low,Low,Low,Low,Low,,,
151,2026-09-04,14:31:09.10,,,,,Undefined,FOR_RAM,"Young, Caden",10264258,Right,FOR_RAM,Undefined,1,Bottom,0,0,0,Undefined,,Undefined,Undefined,LineDrive,Undefined,0,0,,48.42583,4.867108,-1.921308,2740.365498,,,3.70407,-1.02781,21.96686,,,,2.09989,-0.01971,47.94772,-9.841413,5.023815,0.530486,96.01369,24.972966,-38.222021,1858.756838,86.2303,35.03538,-68.2956,235.81725,173.61096,-40.712694,2.722345,-28.97939,-3.37217,0.45146,50.00018,2.29744,4.87367,-71.35463,11.47826,-15.91241,3.17806,-34.02568,FOR_RAM,,FordhamUniversity,,,20260904-FordhamUniversity-BP-1,ccb0b070-a88e-11f1-884b-8d6b77d225c8,71.05263,36.25777,,0.47811,,,,2.77014,1.5954,0.31449,568bcc58-7a80-4f8d-8682-9863113bc81a,2026-09-04,18:31:09.10,2026-09-04T14:31:09.1060000-04:00,2026-09-04T18:31:09.1060000Z,FlyBall,v3,471298,,,,,Undefined,FOR_RAM,f287ca2a-b584-42b9-84b6-2f4633b3fb5d,38.54389,-70.84254,1.58903,3.70525,5.99562,-17.01284,1.0302,2.30967,-7.9562,,2.77032,100.27802,-22.29433,5.4431,-1.0076,-0.02303,0.10413,-0.03129,0.00314,1.5951,59.46897,-30.46937,5.7518,-2.16625,1.01287,-0.37794,0.08003,-0.00698,0.31438,-78.97451,14.06101,-3.43744,0.61363,0.03457,-0.07534,0.02205,-0.0022,,,,,,,,,,,,,,,,,,,,,,,Low,Low,Low,Medium,Low,,,
152,2026-09-04,14:31:18.19,,,,,Undefined,FOR_RAM,"Young, Caden",10264258,Right,FOR_RAM,Undefined,1,Bottom,0,0,0,Undefined,Curveball,Undefined,Undefined,LineDrive,Undefined,0,0,,49.40646,3.977085,-1.226417,2566.696026,311.112433,4:15,4.33067,-0.37954,21.93037,-60.51007,-5.10859,7.58961,1.87226,-0.54259,46.31808,-11.806828,0.725982,0.535713,85.62148,13.103564,-31.554007,,,,,120.39961,120.39961,-33.272937,1.122716,-8.25973,-5.88319,0.09429,50,3.14749,2.18772,-73.93346,10.37631,-4.46243,10.7802,-35.35252,FOR_RAM,,FordhamUniversity,,,20260904-FordhamUniversity-BP-1,d21770d0-a88e-11f1-884b-8d6b77d225c8,70.3594,8.63566,,3.08839,,,,2.69128,1.62065,0.87999,568bcc58-7a80-4f8d-8682-9863113bc81a,2026-09-04,18:31:18.19,2026-09-04T14:31:18.1970000-04:00,2026-09-04T18:31:18.1970000Z,LineDrive,v3,471298,,,,,Undefined,FOR_RAM,2bd0c72b-7231-4334-a765-c2a04bca33d4,38.57509,-72.2484,5.3901,4.33754,4.85032,-17.67626,0.38174,1.49019,-2.23121,,2.69128,104.22456,-19.33999,4.79333,-1.18109,0.31076,-0.07965,0.01661,-0.00195,1.62065,28.47002,-31.2089,5.2414,-1.34981,0.34995,-0.08973,0.01877,-0.00219,0.87999,-64.0041,5.04748,-1.27867,0.30216,-0.0793,0.02033,-0.00421,0.00049,,,,,,,,,,,,,,,,,,,,,,,High,High,High,Medium,High,,,
153,2026-09-04,14:31:25.47,,,,,Undefined,FOR_RAM,"Young, Caden",10264258,Right,FOR_RAM,Undefined,1,Bottom,0,0,0,Undefined,,Undefined,Undefined,Undefined,Undefined,0,0,,51.93118,0.041616,-3.63653,3023.63288,,,4.2856,-0.87623,21.93474,,,,1.26603,-1.2805,45.89949,-9.855705,2.393296,0.523832,,,,,,,,,,,,-28.21521,17.57076,0.00595,50,4.03579,7.08015,-78.85068,3.33743,-15.89599,19.74013,-22.27498,FOR_RAM,,FordhamUniversity,,,20260904-FordhamUniversity-BP-1,d6608c30-a88e-11f1-884b-8d6b77d225c8,71.95523,,,6.0317,,,,,,,568bcc58-7a80-4f8d-8682-9863113bc81a,2026-09-04,18:31:25.47,2026-09-04T14:31:25.4770000-04:00,2026-09-04T18:31:25.4770000Z,,v3,471298,,,,,Undefined,FOR_RAM,f1699825-a438-408e-8f85-79d75fddfdbd,38.56999,-75.93531,9.87007,4.28576,0.04768,-11.13749,0.87825,4.73251,-7.948,,,,,,,,,,,,,,,,,,,,,,,,,,,,,,,,,,,,,,,,,,,,,,,,,,,Low,Low,Low,,,,,
154,2026-09-04,14:31:44.57,,,,,Undefined,FOR_RAM,"Kaufman, Taylor",10314665,Right,FOR_RAM,Undefined,1,Bottom,0,0,0,Undefined,,Undefined,Undefined,Undefined,Undefined,0,0,,52.86866,0.905956,-2.634438,3234.817061,,,4.07595,-0.97409,22.02966,,,,1.12753,-0.47396,46.69634,-10.503908,4.190605,0.513813,,,,,,,,,,,,-31.89029,8.12008,0.2673,50,3.60845,6.20615,-80.51309,5.20835,-18.58041,21.2669,-27.44299,FOR_RAM,,FordhamUniversity,,,20260904-FordhamUniversity-BP-1,e1adeb50-a88e-11f1-884b-8d6b77d225c8,73.35825,,,6.17232,,,,,,,568bcc58-7a80-4f8d-8682-9863113bc81a,2026-09-04,18:31:44.57,2026-09-04T14:31:44.5720000-04:00,2026-09-04T18:31:44.5720000Z,,v3,471298,,,,,Undefined,FOR_RAM,4c5c2f88-c201-46aa-80e9-3141e0333c8a,38.47603,-77.40929,10.63345,4.07631,1.20319,-13.7215,0.97517,3.49444,-9.2902,,,,,,,,,,,,,,,,,,,,,,,,,,,,,,,,,,,,,,,,,,,,,,,,,,,Low,Low,Low,,,,,
155,2026-09-04,14:31:53.63,,,,,Undefined,FOR_RAM,"Kaufman, Taylor",10314665,Right,FOR_RAM,Undefined,1,Bottom,0,0,0,Undefined,,Undefined,Undefined,LineDrive,Undefined,0,0,,49.65912,4.861883,-2.115553,3300.049149,,,4.0259,-1.04479,22.0626,,,,2.75235,-0.16184,49.04761,-8.845584,4.835303,0.515898,94.2623,22.466156,-8.660684,1918.051402,109.41087,39.86895,-11.36723,365.02516,355.59239,1.780892,4.41154,-29.05037,-2.12291,0.42387,50.0002,2.63444,5.26553,-73.16531,11.43524,-16.77766,3.3084,-33.40011,FOR_RAM,,FordhamUniversity,,,20260904-FordhamUniversity-BP-1,e7444730-a88e-11f1-884b-8d6b77d225c8,73.0618,54.01544,,0.61152,,,,1.61329,2.32781,-0.10261,568bcc58-7a80-4f8d-8682-9863113bc81a,2026-09-04,18:31:53.63,2026-09-04T14:31:53.6370000-04:00,2026-09-04T18:31:53.6370000Z,LineDrive,v3,471298,,,,,Undefined,FOR_RAM,f0c8a6b9-b46e-4028-9f38-1968aa1e70e1,38.44849,-72.64108,1.6542,4.02709,6.1429,-16.70006,1.04759,2.60707,-8.38883,220.507982,1.61438,126.27713,-16.09963,2.42664,-0.33124,0.01564,0.00147,0.00019,-5E-05,2.32735,52.83715,-14.90869,0.86809,-0.11732,0.00994,0.00719,-0.00213,0.00017,-0.10269,-19.24132,9.50049,-2.14751,0.43424,-0.05792,0.00472,-0.00024,1E-05,,,,,,,,,,,,,,,,,,,,,,,Low,Low,Low,High,Medium,,,
156,2026-09-04,14:32:02.59,,,,,Undefined,FOR_RAM,"Kaufman, Taylor",10314665,Right,FOR_RAM,Undefined,1,Bottom,0,0,0,Undefined,,Undefined,Undefined,LineDrive,Undefined,0,0,,52.38095,4.497873,-0.863414,3450.94198,,,4.0485,-1.19916,22.04002,,,,2.77635,0.4835,50.80565,-8.540918,6.055801,0.493837,91.04211,7.64268,-7.171413,2659.20928,,,,107.14754,107.14754,-5.122554,0.91127,-28.54789,-3.82162,0.84928,50,2.77614,3.72095,-77.70362,11.12048,-18.02934,6.72317,-34.58757,FOR_RAM,,FordhamUniversity,,,20260904-FordhamUniversity-BP-1,ec907ab0-a88e-11f1-884b-8d6b77d225c8,76.32562,5.76364,,1.57531,,,,0.37241,2.48815,-0.34289,568bcc58-7a80-4f8d-8682-9863113bc81a,2026-09-04,18:32:02.59,2026-09-04T14:32:02.5990000-04:00,2026-09-04T18:32:02.5990000Z,GroundBall,v3,471298,,,,,Undefined,FOR_RAM,10299a7a-8f36-4e96-9ba6-ef565f3fd4ad,38.47088,-76.6996,3.36158,4.05116,5.95525,-17.29378,1.20392,1.02849,-9.01467,317.033934,0.37241,131.30675,-16.98784,1.205,-0.16194,-0.00977,0.0087,-0.00189,0.00028,2.48815,17.75855,-25.37126,3.75182,-0.78518,0.18845,-0.03792,0.00708,-0.0009,-0.34289,-16.52135,8.64321,-2.14641,0.4901,-0.11235,0.0226,-0.00435,0.00054,,,,,,,,,,,,,,,,,,,,,,,Low,Low,Low,High,Medium,,,
157,2026-09-04,14:32:09.51,,,,,Undefined,FOR_RAM,"Kaufman, Taylor",10314665,Right,FOR_RAM,Undefined,1,Bottom,0,0,0,Undefined,Curveball,Undefined,Undefined,Undefined,Undefined,0,0,,52.19992,4.439744,-0.930602,3128.834803,314.776506,4:30,4.32092,-0.37246,21.94746,-58.46968,-8.12567,9.80205,2.33269,-0.15894,48.05996,-10.890308,1.590783,0.510676,,,,,,,,,,,,-10.57166,-9.69808,0.13385,50,3.06279,2.09422,-78.36144,11.35195,-6.28242,13.97628,-37.93731,FOR_RAM,,FordhamUniversity,,,20260904-FordhamUniversity-BP-1,f0a0abc0-a88e-11f1-884b-8d6b77d225c8,73.80894,,,4.13997,,,,,,,568bcc58-7a80-4f8d-8682-9863113bc81a,2026-09-04,18:32:09.51,2026-09-04T14:32:09.5140000-04:00,2026-09-04T18:32:09.5140000Z,,v3,471298,,,,,Undefined,FOR_RAM,6f758933-d4e2-47da-a857-24539cb15b2a,38.55799,-76.29339,6.98814,4.32721,5.73843,-18.96866,0.37495,1.16462,-3.14121,,,,,,,,,,,,,,,,,,,,,,,,,,,,,,,,,,,,,,,,,,,,,,,,,,,High,Medium,Medium,,,,,
158,2026-09-04,14:32:15.87,,,,,Undefined,FOR_RAM,"Kaufman, Taylor",10314665,Right,FOR_RAM,Undefined,1,Bottom,0,0,0,Undefined,Curveball,Undefined,Undefined,FlyBall,Undefined,0,0,,50.44557,4.285556,-1.179585,2894.59704,305.621823,4:15,4.33585,-0.37928,21.96819,-57.83487,-4.70453,8.62276,2.29864,-0.42507,47.07725,-10.847023,1.038876,0.524617,,,,,,,,,,,,-9.28343,-5.51244,0.09825,50,3.10586,2.24843,-75.47497,10.7628,-5.21973,11.34768,-35.27349,FOR_RAM,,FordhamUniversity,,,20260904-FordhamUniversity-BP-1,f4b21550-a88e-11f1-884b-8d6b77d225c8,71.84749,,,3.36831,,,,,,,568bcc58-7a80-4f8d-8682-9863113bc81a,2026-09-04,18:32:15.87,2026-09-04T14:32:15.8760000-04:00,2026-09-04T18:32:15.8760000Z,,v3,471298,,,,,Undefined,FOR_RAM,a53de3c5-ca33-4b69-b19b-c8edeaf999ae,38.53687,-73.73135,5.67384,4.34322,5.34286,-17.63675,0.38212,1.4464,-2.60987,,,,,,,,,,,,,,,,,,,,,,,,,,,,,,,,,,,,,,,,,,,,,,,,,,,High,High,High,,,,,
159,2026-09-04,14:32:26.65,,,,,Undefined,FOR_RAM,"Kaufman, Taylor",10314665,Right,FOR_RAM,Undefined,1,Bottom,0,0,0,Undefined,Curveball,Undefined,Undefined,LineDrive,Undefined,0,0,,48.33391,4.429518,-1.407256,2485.041056,296.929206,4:00,4.32152,-0.36509,21.88789,-57.43098,-2.82484,6.3713,2.41828,-0.74805,47.94858,-10.293286,0.227051,0.531854,,,,,,,,,,,,-6.93004,-3.32792,0.03921,50.00006,3.00907,2.33658,-71.10479,10.90883,-3.79981,2.694,-33.99877,FOR_RAM,,FordhamUniversity,,,20260904-FordhamUniversity-BP-1,facda6c0-a88e-11f1-884b-8d6b77d225c8,70.86995,,,0.38533,,,,,,,568bcc58-7a80-4f8d-8682-9863113bc81a,2026-09-04,18:32:26.65,2026-09-04T14:32:26.6520000-04:00,2026-09-04T18:32:26.6520000Z,,v3,471298,,,,,Undefined,FOR_RAM,f1d1b72a-8b7a-441d-a87c-359a0c7f37b9,38.61892,-70.67226,1.347,4.3223,5.45033,-16.99939,0.36537,1.72652,-1.8999,,,,,,,,,,,,,,,,,,,,,,,,,,,,,,,,,,,,,,,,,,,,,,,,,,,High,High,High,,,,,
160,2026-09-04,14:32:34.25,,,,,Undefined,FOR_RAM,"Kaufman, Taylor",10314665,Right,FOR_RAM,Undefined,1,Bottom,0,0,0,Undefined,,Undefined,Undefined,Undefined,Undefined,0,0,,51.85308,2.882556,-1.24835,2980.439645,,,3.99503,-1.21629,21.81418,,,,2.45815,0.13739,47.46263,-7.976933,5.400233,0.516245,62.09212,62.810641,32.482211,,,,,131.45009,100.79793,49.173581,4.566812,-27.19651,10.24119,0.8403,50,3.16,3.77904,-77.94452,7.61673,-15.9195,14.21198,-26.17934,FOR_RAM,,FordhamUniversity,,,20260904-FordhamUniversity-BP-1,ff604e40-a88e-11f1-884b-8d6b77d225c8,73.01265,83.42364,,4.39046,,,,2.28092,2.12577,-0.17503,568bcc58-7a80-4f8d-8682-9863113bc81a,2026-09-04,18:32:34.25,2026-09-04T14:32:34.2580000-04:00,2026-09-04T18:32:34.2580000Z,Popup,v3,471298,,,,,Undefined,FOR_RAM,da361806-9cb7-42e0-bd46-25f9d4e57526,38.6892,-75.85415,7.10599,3.99713,3.76612,-13.08967,1.22394,1.4375,-7.95975,207.879013,2.26478,35.423,-11.99592,5.03171,-1.71805,0.30738,0.00948,-0.01072,0.00099,2.11455,81.28769,-25.20071,4.89485,-2.63186,1.09335,-0.25739,0.03042,-0.00141,-0.16848,22.23562,2.53305,-1.64273,0.29399,0.15145,-0.09655,0.01942,-0.00135,,,,,,,,,,,,,,,,,,,,,,,Low,Low,Low,High,Medium,,,
161,2026-09-04,14:32:49.36,,,,,Undefined,FOR_RAM,"Kaufman, Taylor",10314665,Right,FOR_RAM,Undefined,1,Bottom,0,0,0,Undefined,,Undefined,Undefined,Undefined,Undefined,0,0,,53.22319,3.791564,-2.278507,3399.690981,,,4.14416,-0.92665,21.95326,,,,3.05449,-0.14091,52.01489,-7.237563,4.69359,0.484179,,,,,,,,,,,,-29.37045,2.40819,0.276,50.00017,3.06473,5.87565,-78.57627,9.61864,-19.38042,4.76086,-30.58497,FOR_RAM,,FordhamUniversity,,,20260904-FordhamUniversity-BP-1,08608910-a88f-11f1-884b-8d6b77d225c8,77.84812,,,1.20831,,,,,,,568bcc58-7a80-4f8d-8682-9863113bc81a,2026-09-04,18:32:49.36,2026-09-04T14:32:49.3650000-04:00,2026-09-04T18:32:49.3650000Z,,v3,471298,,,,,Undefined,FOR_RAM,270ab430-65fd-4e72-94c4-b3804e7b25e5,38.55451,-77.8797,2.38043,4.14468,5.14371,-15.29249,0.92824,3.04008,-9.69021,,,,,,,,,,,,,,,,,,,,,,,,,,,,,,,,,,,,,,,,,,,,,,,,,,,Low,Low,Low,,,,,
162,2026-09-04,14:32:55.68,,,,,Undefined,FOR_RAM,"Kaufman, Taylor",10314665,Right,FOR_RAM,Undefined,1,Bottom,0,0,0,Undefined,,Undefined,Undefined,Undefined,Undefined,0,0,,50.25366,2.399038,-3.020975,2704.336814,,,4.00363,-0.95771,21.85349,,,,2.55204,-1.22473,44.01818,-7.495507,2.190414,0.543602,,,,,,,,,,,,-24.43682,20.94005,0.23689,50,3.29207,5.7394,-76.31828,6.30003,-12.82163,18.93865,-21.18714,FOR_RAM,,FordhamUniversity,,,20260904-FordhamUniversity-BP-1,0c2224f0-a88f-11f1-884b-8d6b77d225c8,69.33824,,,6.23548,,,,,,,568bcc58-7a80-4f8d-8682-9863113bc81a,2026-09-04,18:32:55.68,2026-09-04T14:32:55.6830000-04:00,2026-09-04T18:32:55.6830000Z,,v3,471298,,,,,Undefined,FOR_RAM,1ba24e50-1937-4e1c-a60f-e66c8d982aa0,38.65092,-73.44799,9.46932,4.00355,3.08897,-10.59357,0.95949,3.79618,-6.41081,,,,,,,,,,,,,,,,,,,,,,,,,,,,,,,,,,,,,,,,,,,,,,,,,,,Low,Low,Low,,,,,
163,2026-09-04,14:33:04.18,,,,,Undefined,FOR_RAM,"Kaufman, Taylor",10314665,Right,FOR_RAM,Undefined,1,Bottom,0,0,0,Undefined,Curveball,Undefined,Undefined,GroundBall,Undefined,0,0,,51.32456,4.576941,-0.454904,2875.455748,309.678977,4:15,4.28797,-0.37625,21.77366,-55.55286,-3.80701,6.26008,2.64592,-0.15085,47.89263,-9.894742,1.145919,0.517737,91.13331,-2.247546,-7.774783,1669.332385,,,,34.96661,34.61752,-7.266052,0.254863,-6.62496,-4.95768,0.25277,50,3.03359,1.12771,-76.67939,11.07933,-3.86233,11.32099,-35.06436,FOR_RAM,,FordhamUniversity,,,20260904-FordhamUniversity-BP-1,113d3650-a88f-11f1-884b-8d6b77d225c8,72.80229,2.73138,,3.43194,,,,2.21889,2.73138,0.15491,568bcc58-7a80-4f8d-8682-9863113bc81a,2026-09-04,18:33:04.18,2026-09-04T14:33:04.1810000-04:00,2026-09-04T18:33:04.1810000Z,GroundBall,v3,471298,,,,,Undefined,FOR_RAM,c7ff1213-83d5-4d96-8433-96d4c5192a9d,38.73143,-74.99724,5.6605,4.29276,5.86923,-17.53218,0.37769,0.55382,-1.93116,18.734663,2.221,132.22169,-19.02376,,,,,,,2.73371,-5.36349,-21.07861,,,,,,,0.15508,-18.07663,0.45207,,,,,,,,,,,,,,,,,,,,,,,,,,,,,High,Medium,Medium,Medium,Medium,,,
164,2026-09-04,14:33:11.18,,,,,Undefined,FOR_RAM,"Sullivan, Maximus",1000401613,Right,FOR_RAM,Undefined,1,Bottom,0,0,0,Undefined,,Undefined,Undefined,LineDrive,Undefined,0,0,,48.49134,3.580609,-2.21953,2805.851439,,,4.19336,-1.05163,21.85241,,,,2.09521,-0.21815,46.68156,-10.182223,4.78131,0.539,,,,,,,,,,,,-28.96572,2.74622,0.44764,50,3.11714,5.07263,-72.08956,9.23923,-15.51139,6.99698,-30.70343,FOR_RAM,,FordhamUniversity,,,20260904-FordhamUniversity-BP-1,1580ac60-a88f-11f1-884b-8d6b77d225c8,69.93037,,,1.80978,,,,,,,568bcc58-7a80-4f8d-8682-9863113bc81a,2026-09-04,18:33:11.18,2026-09-04T14:33:11.1860000-04:00,2026-09-04T18:33:11.1860000Z,,v3,471298,,,,,Undefined,FOR_RAM,db6b82ba-dee6-487d-a65b-1eeabff53858,38.65599,-70.97997,3.49849,4.19624,4.37026,-15.35172,1.05702,2.61282,-7.7557,,,,,,,,,,,,,,,,,,,,,,,,,,,,,,,,,,,,,,,,,,,,,,,,,,,Low,Low,Low,,,,,
165,2026-09-04,14:33:18.41,,,,,Undefined,FOR_RAM,"Velit, Liam",1000239563,Right,FOR_RAM,Undefined,1,Bottom,0,0,0,Undefined,Curveball,Undefined,Undefined,GroundBall,Undefined,0,0,,51.45194,4.303383,-1.053274,2932.308045,319.955668,4:45,4.3337,-0.37047,21.95718,-58.54649,-7.10678,7.26059,2.24951,-0.4481,47.70918,-11.025125,0.815031,0.516203,72.30154,-16.7976,-56.055606,,,,,10.73299,4.60844,-32.393127,0.086366,-7.91264,-8.30485,0.12127,50,3.09961,2.01687,-77.12121,11.03521,-4.59887,12.71228,-37.00089,FOR_RAM,,FordhamUniversity,,,20260904-FordhamUniversity-BP-1,19b94d00-a88f-11f1-884b-8d6b77d225c8,73.0186,2.65592,,3.74276,,,,4.15007,2.65592,1.54884,568bcc58-7a80-4f8d-8682-9863113bc81a,2026-09-04,18:33:18.41,2026-09-04T14:33:18.4160000-04:00,2026-09-04T18:33:18.4160000Z,GroundBall,v3,471298,,,,,Undefined,FOR_RAM,177554df-41b0-4b87-bffd-3996d0550ed7,38.54819,-75.20986,6.35614,4.34058,5.47197,-18.50045,0.37254,1.32541,-2.29944,,4.14733,56.88307,,,,,,,,2.6574,-30.75176,,,,,,,,1.55291,-84.50943,,,,,,,,,,,,,,,,,,,,,,,,,,,,,,High,High,High,Low,Low,,,
166,2026-09-04,14:33:23.37,,,,,Undefined,FOR_RAM,"Velit, Liam",1000239563,Right,FOR_RAM,Undefined,1,Bottom,0,0,0,Undefined,,Undefined,Undefined,Undefined,Undefined,0,0,,52.5817,4.080377,-3.127445,3382.365874,,,3.89045,-1.00657,22.01126,,,,3.3438,-0.86024,50.97546,-5.898186,3.565325,0.490769,,,,,,,,,,,,-28.82084,8.18788,0.18137,50.00008,2.7744,6.91639,-77.57716,9.49624,-18.45502,5.071,-26.93105,FOR_RAM,,FordhamUniversity,,,20260904-FordhamUniversity-BP-1,1c9cbde0-a88f-11f1-884b-8d6b77d225c8,76.80285,,,1.60625,,,,,,,568bcc58-7a80-4f8d-8682-9863113bc81a,2026-09-04,18:33:23.37,2026-09-04T14:33:23.3720000-04:00,2026-09-04T18:33:23.3720000Z,,v3,471298,,,,,Undefined,FOR_RAM,4d11ca93-c7c4-448a-8d71-5d4a862e5836,38.49528,-76.82145,2.5355,3.89054,5.48278,-13.46553,1.00717,4.16609,-9.22751,,,,,,,,,,,,,,,,,,,,,,,,,,,,,,,,,,,,,,,,,,,,,,,,,,,Low,Low,Low,,,,,
167,2026-09-04,14:33:29.96,,,,,Undefined,FOR_RAM,"Velit, Liam",1000239563,Right,FOR_RAM,Undefined,1,Bottom,0,0,0,Undefined,,Undefined,Undefined,FlyBall,Undefined,0,0,,51.06779,3.450887,0.173612,2998.48058,,,3.84596,-1.47588,22.04283,,,,2.6589,0.81507,50.0232,-7.195992,6.893649,0.503706,97.35255,29.972649,-31.13401,1490.993623,94.44704,51.75517,-56.38933,303.13781,186.74685,-33.800227,3.828675,-27.86356,8.19237,1.32658,50,2.83721,2.28824,-75.56197,8.66587,-16.90092,4.952,-27.2049,FOR_RAM,,FordhamUniversity,,,20260904-FordhamUniversity-BP-1,209a0330-a88f-11f1-884b-8d6b77d225c8,74.83018,61.77268,,1.04459,,,,2.33269,2.21032,-0.1858,568bcc58-7a80-4f8d-8682-9863113bc81a,2026-09-04,18:33:29.96,2026-09-04T14:33:29.9640000-04:00,2026-09-04T18:33:29.9640000Z,FlyBall,v3,471298,,,,,Undefined,FOR_RAM,52f0e439-8314-4121-90db-606550422fb3,38.46493,-74.80219,2.476,3.84659,4.49186,-13.60245,1.47874,-0.30484,-8.45046,,2.33298,105.86238,-19.64204,4.30505,-0.79839,0.08,0.00953,-0.00464,0.00048,2.21027,71.3349,-24.92408,2.75612,-0.54392,0.11586,-0.02472,0.00384,-0.00025,-0.18626,-63.93686,12.16805,-3.71648,0.81833,-0.09049,-0.00942,0.00455,-0.00043,,,,,,,,,,,,,,,,,,,,,,,Low,Low,Low,Medium,Low,,,
168,2026-09-04,14:33:37.37,,,,,Undefined,FOR_RAM,"Velit, Liam",1000239563,Right,FOR_RAM,Undefined,1,Bottom,0,0,0,Undefined,,Undefined,Undefined,Undefined,Undefined,0,0,,53.37584,3.367466,-3.212352,3309.565634,,,3.98761,-0.95135,21.99201,,,,2.68901,-0.78308,51.13057,-7.538293,3.72553,0.487152,,,,,,,,,,,,-30.07139,3.49973,0.10983,50.00026,2.9991,7.19533,-79.15701,8.95114,-19.57869,7.62452,-29.89548,FOR_RAM,,FordhamUniversity,,,20260904-FordhamUniversity-BP-1,24ec4650-a88f-11f1-884b-8d6b77d225c8,77.37304,,,2.24527,,,,,,,568bcc58-7a80-4f8d-8682-9863113bc81a,2026-09-04,18:33:37.37,2026-09-04T14:33:37.3710000-04:00,2026-09-04T18:33:37.3710000Z,,v3,471298,,,,,Undefined,FOR_RAM,9f76ce56-8a0b-48bf-a471-c4395839be48,38.51463,-78.04285,3.81226,3.98793,4.58258,-14.94774,0.95223,4.33434,-9.78934,,,,,,,,,,,,,,,,,,,,,,,,,,,,,,,,,,,,,,,,,,,,,,,,,,,Low,Low,Low,,,,,
169,2026-09-04,14:33:43.36,,,,,Undefined,FOR_RAM,"Velit, Liam",1000239563,Right,FOR_RAM,Undefined,1,Bottom,0,0,0,Undefined,,Undefined,Undefined,Undefined,Undefined,0,0,,52.45255,4.539022,-1.652031,3448.033957,,,3.96342,-1.14836,22.01973,,,,2.81636,0.03011,51.72653,-8.130726,5.284514,0.488867,,,,,,,,,,,,-29.28923,-3.61484,0.61194,50.00004,2.66916,5.00512,-77.21963,11.23585,-18.90009,3.38607,-34.50667,FOR_RAM,,FordhamUniversity,,,20260904-FordhamUniversity-BP-1,28909630-a88f-11f1-884b-8d6b77d225c8,77.10156,,,0.72602,,,,,,,568bcc58-7a80-4f8d-8682-9863113bc81a,2026-09-04,18:33:43.36,2026-09-04T14:33:43.3660000-04:00,2026-09-04T18:33:43.3660000Z,,v3,471298,,,,,Undefined,FOR_RAM,55c4fa89-d6ee-4089-b47a-0b3ceb384452,38.48795,-76.71317,1.69303,3.96375,6.07458,-17.25334,1.14915,2.17818,-9.45004,,,,,,,,,,,,,,,,,,,,,,,,,,,,,,,,,,,,,,,,,,,,,,,,,,,Low,Low,Low,,,,,
170,2026-09-04,14:33:55.70,,,,,Undefined,FOR_RAM,"Chavez, Carson",1000156814,Right,FOR_RAM,Undefined,1,Bottom,0,0,0,Undefined,,Undefined,Undefined,LineDrive,Undefined,0,0,,49.28015,4.541189,-1.279825,2999.244523,,,3.92908,-1.18611,21.96185,,,,2.04685,0.20283,48.85885,-10.355288,5.562551,0.521331,92.15317,23.324722,-23.096019,1096.937156,100.24958,38.32322,-45.27706,280.09607,280.09607,-27.209004,3.452482,-28.44198,-6.16492,0.74287,50.00025,2.58682,4.09926,-72.74409,11.32283,-16.1764,3.59517,-35.68035,FOR_RAM,,FordhamUniversity,,,20260904-FordhamUniversity-BP-1,2ffd11a0-a88f-11f1-884b-8d6b77d225c8,72.30041,43.73081,,0.42129,,,,1.67469,2.04202,0.04577,568bcc58-7a80-4f8d-8682-9863113bc81a,2026-09-04,18:33:55.70,2026-09-04T14:33:55.7090000-04:00,2026-09-04T18:33:55.7090000Z,LineDrive,v3,471298,,,,,Undefined,FOR_RAM,a949ed8c-e951-4a17-9e36-e3e9f5ca0f2b,38.55016,-72.17598,1.79759,3.93057,5.68464,-17.84018,1.18866,1.54307,-8.0882,,1.67457,114.17353,-22.47537,5.27171,-1.16465,0.22994,-0.03641,0.00381,-0.00018,2.04223,53.50021,-19.21348,1.67684,-0.33057,0.07024,-0.01381,0.00204,-0.00014,0.04569,-48.68028,5.48161,-1.00731,0.18507,-0.03545,0.00638,-0.00077,4E-05,,,,,,,,,,,,,,,,,,,,,,,Low,Low,Low,Medium,Medium,,,
171,2026-09-04,14:34:06.91,,,,,Undefined,FOR_RAM,"Young, Caden",10264258,Right,FOR_RAM,Undefined,1,Bottom,0,0,0,Undefined,,Undefined,Undefined,LineDrive,Undefined,0,0,,53.0329,4.355714,-1.337921,3505.580642,,,3.88875,-1.16239,21.94395,,,,2.98425,0.24118,50.59785,-7.3301,5.653275,0.492383,81.07066,17.404264,-10.476572,924.914187,108.77722,22.87752,-16.35224,226.30971,150.6359,-6.219706,2.520361,-28.89773,1.43315,0.72677,50,2.70218,4.36374,-78.85965,10.41618,-18.45749,8.68619,-31.25868,FOR_RAM,,FordhamUniversity,,,20260904-FordhamUniversity-BP-1,36aca5b0-a88f-11f1-884b-8d6b77d225c8,76.55101,23.06732,,2.43505,,,,1.65111,2.34598,-0.33928,568bcc58-7a80-4f8d-8682-9863113bc81a,2026-09-04,18:34:06.91,2026-09-04T14:34:06.9110000-04:00,2026-09-04T18:34:06.9110000Z,LineDrive,v3,471298,,,,,Undefined,FOR_RAM,babd098a-cafa-421e-be3a-5498f69fc0b1,38.56427,-77.58981,4.3431,3.89091,5.84645,-15.62934,1.16748,1.66543,-9.22874,223.037723,1.65111,111.5684,-14.09772,2.98894,-0.59306,0.11287,-0.01993,0.00256,-0.00016,2.34598,35.56519,-16.20132,0.94802,-0.14942,0.02144,-0.00238,0.00044,-4E-05,-0.33928,-20.6308,6.51716,-1.29469,0.26197,-0.04996,0.00891,-0.00115,7E-05,,,,,,,,,,,,,,,,,,,,,,,Low,Low,Low,High,Medium,,,
172,2026-09-04,14:34:13.15,,,,,Undefined,FOR_RAM,"Young, Caden",10264258,Right,FOR_RAM,Undefined,1,Bottom,0,0,0,Undefined,,Undefined,Undefined,GroundBall,Undefined,0,0,,50.53849,4.56449,-1.050388,3198.576705,,,3.9869,-1.19023,22.06674,,,,2.42198,0.35169,49.9873,-9.431671,5.814501,0.506961,89.70648,1.904287,-37.752842,,,,,48.83785,48.83785,-39.809236,0.36279,-28.64269,-5.29847,0.78471,50.00022,2.64815,3.95458,-74.58581,11.36337,-17.13179,3.74883,-35.34316,FOR_RAM,,FordhamUniversity,,,20260904-FordhamUniversity-BP-1,3a60d410-a88f-11f1-884b-8d6b77d225c8,74.34979,2.44443,,0.5512,,,,2.70793,2.28593,-0.37327,568bcc58-7a80-4f8d-8682-9863113bc81a,2026-09-04,18:34:13.15,2026-09-04T14:34:13.1550000-04:00,2026-09-04T18:34:13.1550000Z,GroundBall,v3,471298,,,,,Undefined,FOR_RAM,1d106ac3-7e89-42ee-bc77-d963d0519684,38.4443,-74.00271,1.87441,3.9881,5.866,-17.67158,1.19258,1.28986,-8.5659,,2.70526,104.06815,-22.34814,,,,,,,2.29107,4.18537,-28.98248,,,,,,,-0.36245,-80.90453,-11.88638,,,,,,,,,,,,,,,,,,,,,,,,,,,,,Low,Low,Low,Low,Medium,,,
173,2026-09-04,14:34:19.99,,,,,Undefined,FOR_RAM,"Young, Caden",10264258,Right,FOR_RAM,Undefined,1,Bottom,0,0,0,Undefined,Curveball,Undefined,Undefined,LineDrive,Undefined,0,0,,51.46171,4.702889,-1.021746,2994.240532,313.928154,4:30,4.32147,-0.36003,21.98147,-59.41535,-7.62863,9.64426,2.42341,-0.21815,47.32523,-10.897049,1.46018,0.517941,93.96921,15.374147,-30.044826,1598.542005,92.89173,11.3387,-58.91611,159.88351,154.02483,-34.013593,1.375284,-10.32001,-8.92752,0.10728,50,3.00898,2.14846,-77.23094,11.58187,-5.95193,13.65105,-37.32286,FOR_RAM,,FordhamUniversity,,,20260904-FordhamUniversity-BP-1,3e70b700-a88f-11f1-884b-8d6b77d225c8,72.77356,13.13644,,4.13648,,,,2.83323,2.3696,0.02698,568bcc58-7a80-4f8d-8682-9863113bc81a,2026-09-04,18:34:19.99,2026-09-04T14:34:19.9980000-04:00,2026-09-04T18:34:19.9980000Z,LineDrive,v3,471298,,,,,Undefined,FOR_RAM,14507cde-a613-4537-8760-28d7afdd98ea,38.52354,-75.17505,6.82553,4.32998,5.96091,-18.66143,0.36334,1.25208,-2.97596,,2.83323,115.03355,-17.04167,1.66488,-0.12947,-0.05263,0.02253,-0.00478,0.00057,2.3696,36.53932,-34.28891,6.22538,-1.47715,0.3457,-0.07094,0.01288,-0.00135,0.02698,-66.5347,-1.27449,2.51586,-0.84813,0.2581,-0.06277,0.01202,-0.0013,,,,,,,,,,,,,,,,,,,,,,,High,High,High,Low,Medium,,,
174,2026-09-04,14:34:31.44,,,,,Undefined,FOR_RAM,"Kaufman, Taylor",10314665,Right,FOR_RAM,Undefined,1,Bottom,0,0,0,Undefined,Curveball,Undefined,Undefined,LineDrive,Undefined,0,0,,52.17941,4.730537,-0.732395,3030.069187,305.259784,4:15,4.31991,-0.36492,21.94026,-55.57424,-5.44366,9.81808,2.76314,-0.02164,48.19248,-9.845938,1.78953,0.509592,,,,,,,,,,,,-10.60705,-7.18091,0.16205,50,3.00935,1.85112,-78.1751,11.57646,-6.33023,13.12209,-36.45956,FOR_RAM,,FordhamUniversity,,,20260904-FordhamUniversity-BP-1,4550f800-a88f-11f1-884b-8d6b77d225c8,73.96588,,,3.98693,,,,,,,568bcc58-7a80-4f8d-8682-9863113bc81a,2026-09-04,18:34:31.44,2026-09-04T14:34:31.4460000-04:00,2026-09-04T18:34:31.4460000Z,,v3,471298,,,,,Undefined,FOR_RAM,25242349-d863-4a95-9dc2-7fc5f2a9867f,38.56511,-76.23154,6.56104,4.32406,6.17629,-18.22978,0.3668,0.91353,-3.16511,,,,,,,,,,,,,,,,,,,,,,,,,,,,,,,,,,,,,,,,,,,,,,,,,,,High,Medium,Medium,,,,,
175,2026-09-04,14:34:40.92,,,,,Undefined,FOR_RAM,"Kaufman, Taylor",10314665,Right,FOR_RAM,Undefined,1,Bottom,0,0,0,Undefined,,Undefined,Undefined,LineDrive,Undefined,0,0,,51.36079,-3.535086,2.841822,3407.767542,,,4.6272,-1.39215,37.0927,,,,1.93969,0.50774,51.51548,-10.314572,7.045507,0.295418,100.34137,10.204188,-3.564811,1716.088142,109.92512,8.47616,-4.03875,163.07777,163.07777,-1.29249,1.275578,-29.00923,3.33209,1.5823,50,4.41346,2.6532,-76.68207,5.8786,-18.24615,4.45073,-30.07823,FOR_RAM,,FordhamUniversity,,,20260904-FordhamUniversity-BP-1,4abee450-a88f-11f1-884b-8d6b77d225c8,127.59021,9.62542,,-0.15469,,,,3.99302,2.4973,-0.39764,568bcc58-7a80-4f8d-8682-9863113bc81a,2026-09-04,18:34:40.92,2026-09-04T14:34:40.9200000-04:00,2026-09-04T18:34:40.9200000Z,LineDrive,v3,471298,,,,,Undefined,FOR_RAM,604d4c48-f190-44be-80fe-e96bc608107e,23.41427,-75.12315,2.22537,4.62746,-4.65664,-15.03912,1.39236,-3.73772,-9.12308,318.381688,4.1539,142.81203,-14.39774,,,,,,,2.72,23.64734,-20.33074,,,,,,,-0.49812,-7.90287,4.29403,,,,,,,,,,,,,,,,,,,,,,,,,,,,,Low,Low,Low,High,High,,,
176,2026-09-04,14:34:48.29,,,,,Undefined,FOR_RAM,"Kaufman, Taylor",10314665,Right,FOR_RAM,Undefined,1,Bottom,0,0,0,Undefined,Curveball,Undefined,Undefined,FlyBall,Undefined,0,0,,51.66764,4.98757,-0.91767,3042.973898,309.824925,4:15,4.30619,-0.36264,21.91803,-61.7331,-10.16575,14.16213,2.40615,0.22214,47.55363,-11.170764,2.721471,0.516843,100.68545,24.554952,-6.159416,1800.737028,109.83563,47.04359,-6.01058,354.86807,354.86807,5.46873,4.650702,-14.74517,-11.39914,0.11422,50,2.94374,2.34267,-77.54493,12.10106,-8.56977,13.79795,-38.79914,FOR_RAM,,FordhamUniversity,,,20260904-FordhamUniversity-BP-1,4f6f25f0-a88f-11f1-884b-8d6b77d225c8,72.92819,66.70107,,4.11401,,,,0.65677,2.25349,-0.25876,568bcc58-7a80-4f8d-8682-9863113bc81a,2026-09-04,18:34:48.29,2026-09-04T14:34:48.2990000-04:00,2026-09-04T18:34:48.2990000Z,LineDrive,v3,471298,,,,,Undefined,FOR_RAM,fba01229-31a6-4c93-a99b-16950ab3cb7f,38.58852,-75.48713,6.89898,4.31699,6.31461,-19.39957,0.3683,1.06459,-4.28489,216.179824,0.65652,133.54332,-25.17497,5.52676,-1.18554,0.2381,-0.03967,0.00434,-0.00021,2.25388,61.3672,-16.23328,1.08075,-0.23111,0.0474,-0.00544,0.00045,-3E-05,-0.25942,-14.38751,10.95497,-2.71686,0.47974,-0.05077,0.00232,1E-05,-0,,,,,,,,,,,,,,,,,,,,,,,High,Medium,Medium,Medium,Medium,,,
177,2026-09-04,14:35:00.36,,,,,Undefined,FOR_RAM,"Sullivan, Maximus",1000401613,Right,FOR_RAM,Undefined,1,Bottom,0,0,0,Undefined,,Undefined,Undefined,LineDrive,Undefined,0,0,,52.71619,3.741457,-0.413217,3352.765336,,,4.11283,-1.24903,22.00897,,,,2.98348,0.72944,50.30498,-7.410121,6.511608,0.49472,101.09726,15.698981,-32.125997,1885.58654,91.57025,12.07522,-60.94983,159.25641,159.25641,-34.995385,1.335236,-28.43269,4.31532,0.99818,50,3.05565,3.05778,-78.5146,9.34426,-17.92796,8.99869,-29.45305,FOR_RAM,,FordhamUniversity,,,20260904-FordhamUniversity-BP-1,5680fe40-a88f-11f1-884b-8d6b77d225c8,76.18936,13.88885,,2.41121,,,,2.90735,2.39956,-0.33928,568bcc58-7a80-4f8d-8682-9863113bc81a,2026-09-04,18:35:00.36,2026-09-04T14:35:00.3690000-04:00,2026-09-04T18:35:00.3690000Z,LineDrive,v3,471298,,,,,Undefined,FOR_RAM,417bb2b8-aeba-4c74-b4dc-09421c6fd020,38.4986,-77.18515,4.49935,4.11473,4.99292,-14.72653,1.25427,0.40914,-8.96398,,2.90735,120.88759,-25.21064,6.42024,-1.83443,0.53453,-0.1465,0.03059,-0.00336,2.39956,40.12092,-38.97201,7.86222,-2.27947,0.66493,-0.18133,0.03803,-0.00418,-0.33928,-75.9091,7.79052,-2.03708,0.57808,-0.16888,0.04632,-0.00969,0.00107,,,,,,,,,,,,,,,,,,,,,,,Low,Low,Low,Low,Medium,,,
178,2026-09-04,14:35:05.68,,,,,Undefined,FOR_RAM,"Sullivan, Maximus",1000401613,Right,FOR_RAM,Undefined,1,Bottom,0,0,0,Undefined,Curveball,Undefined,Undefined,Undefined,Undefined,0,0,,51.03099,4.808849,-1.034808,2965.042551,312.414832,4:30,4.32199,-0.35794,21.9379,-59.48645,-7.34756,9.65142,2.49079,-0.22472,47.49389,-10.740751,1.445843,0.519699,,,,,,,,,,,,-10.29871,-8.51248,0.10119,50,2.9841,2.16243,-76.35213,11.68864,-5.91086,11.82969,-37.05972,FOR_RAM,,FordhamUniversity,,,20260904-FordhamUniversity-BP-1,59bf3950-a88f-11f1-884b-8d6b77d225c8,72.52739,,,3.5371,,,,,,,568bcc58-7a80-4f8d-8682-9863113bc81a,2026-09-04,18:35:05.68,2026-09-04T14:35:05.6880000-04:00,2026-09-04T18:35:05.6880000Z,,v3,471298,,,,,Undefined,FOR_RAM,425475ef-2961-4bfa-a9a1-830f393a80f2,38.56809,-74.55988,5.91485,4.32965,6.07392,-18.52986,0.36097,1.26691,-2.95543,,,,,,,,,,,,,,,,,,,,,,,,,,,,,,,,,,,,,,,,,,,,,,,,,,,High,Medium,Medium,,,,,
179,2026-09-04,14:35:11.54,,,,,Undefined,FOR_RAM,"Sullivan, Maximus",1000401613,Right,FOR_RAM,Undefined,1,Bottom,0,0,0,Undefined,Curveball,Undefined,Undefined,LineDrive,Undefined,0,0,,51.90588,4.120929,-1.21851,3130.01059,314.830981,4:30,4.30707,-0.36488,21.95452,-57.48149,-7.02367,8.55016,2.19307,-0.44223,48.19482,-10.9228,0.981265,0.511253,96.83158,14.982862,0.827789,1334.233712,109.76735,21.35325,7.14525,261.29037,218.64053,7.052926,2.535434,-9.23961,-7.96335,0.07754,50,3.12107,2.35527,-77.78667,10.76075,-5.47531,12.73927,-36.89306,FOR_RAM,,FordhamUniversity,,,20260904-FordhamUniversity-BP-1,5d2a9ee0-a88f-11f1-884b-8d6b77d225c8,73.72564,22.53135,,3.71105,,,,1.82338,2.27093,0.44911,568bcc58-7a80-4f8d-8682-9863113bc81a,2026-09-04,18:35:11.54,2026-09-04T14:35:11.5490000-04:00,2026-09-04T18:35:11.5490000Z,LineDrive,v3,471298,,,,,Undefined,FOR_RAM,cc85b2b6-a259-41ed-9a64-c1b1cf317963,38.55085,-75.88846,6.36964,4.31492,5.26352,-18.44653,0.3677,1.53942,-2.73765,255.924401,1.82329,137.18297,-17.16261,2.10184,-0.74403,0.44626,-0.23294,0.06426,-0.00683,2.27098,36.71324,-18.5903,1.9849,-0.18353,-0.10782,0.08555,-0.02433,0.00254,0.4491,1.98274,8.45487,-2.75713,0.70799,-0.16329,0.0304,-0.00648,0.00078,,,,,,,,,,,,,,,,,,,,,,,High,High,High,Medium,Medium,,,
180,2026-09-04,14:35:18.03,,,,,Undefined,FOR_RAM,"Sullivan, Maximus",1000401613,Right,FOR_RAM,Undefined,1,Bottom,0,0,0,Undefined,,Undefined,Undefined,FlyBall,Undefined,0,0,,51.45896,2.982835,-0.206319,3366.581789,,,4.1213,-1.33904,21.88903,,,,2.68407,0.69348,48.93366,-7.606895,6.452829,0.509438,96.55461,33.096763,-32.523151,,96.26108,69.80572,-53.23346,,160.58042,,,-27.19273,9.68111,1.14292,50,3.24473,2.56279,-76.73968,7.83985,-16.27069,9.19426,-26.38139,FOR_RAM,,FordhamUniversity,,,20260904-FordhamUniversity-BP-1,61283250-a88f-11f1-884b-8d6b77d225c8,73.98825,92.77274,,2.5253,,,,3.0065,2.53108,0.26558,568bcc58-7a80-4f8d-8682-9863113bc81a,2026-09-04,18:35:18.03,2026-09-04T14:35:18.0360000-04:00,2026-09-04T18:35:18.0360000Z,,v3,471298,,,,,Undefined,FOR_RAM,fbc74148-a53b-45d7-9bf0-478add36dbc4,38.61704,-75.36354,4.59713,4.12265,3.89123,-13.1907,1.34426,0.12749,-8.13534,,3.00647,100.03472,-19.42591,4.66495,-1.18009,0.43385,-0.16063,0.03627,-0.00339,2.53119,77.31688,-15.70315,-0.38697,1.03179,-0.89328,0.43699,-0.10979,0.01097,0.26566,-63.79225,19.08785,-5.43845,1.77972,-0.85265,0.35517,-0.08452,0.00818,,,,,,,,,,,,,,,,,,,,,,,Low,Low,Low,Low,Undefined,,,
181,2026-09-04,14:36:51.48,,,,,Undefined,FOR_RAM,"Sullivan, Maximus",1000401613,Right,FOR_RAM,Undefined,1,Bottom,0,0,0,Undefined,Curveball,Undefined,Undefined,Undefined,Undefined,0,0,,50.02519,4.698973,-0.724705,2765.098274,312.67222,4:30,4.33118,-0.37228,22.01081,-60.37239,-5.7687,8.12032,2.34816,-0.16461,46.15318,-11.160813,1.366636,0.531842,,,,,,,,,,,,-8.85083,-7.563,0.17994,50,2.98744,1.62413,-75.05685,11.50104,-4.83259,12.70465,-36.30348,FOR_RAM,,FordhamUniversity,,,20260904-FordhamUniversity-BP-1,98df5980-a88f-11f1-884b-8d6b77d225c8,70.87154,,,3.87201,,,,,,,568bcc58-7a80-4f8d-8682-9863113bc81a,2026-09-04,18:36:51.48,2026-09-04T14:36:51.4850000-04:00,2026-09-04T18:36:51.4850000Z,,v3,471298,,,,,Undefined,FOR_RAM,1f9b0a72-5e6c-4a48-b462-24fa02995482,38.49443,-73.08339,6.35233,4.33596,5.86189,-18.15174,0.37392,0.87347,-2.41629,,,,,,,,,,,,,,,,,,,,,,,,,,,,,,,,,,,,,,,,,,,,,,,,,,,High,Medium,Medium,,,,,
182,2026-09-04,14:36:59.61,,,,,Undefined,FOR_RAM,"Dean, Mason",1000150670,Left,FOR_RAM,Undefined,1,Bottom,0,0,0,Undefined,,Undefined,Undefined,LineDrive,Undefined,0,0,,50.46846,5.585692,-2.49257,3150.148957,,,3.97109,-0.95175,22.08893,,,,2.92163,-0.3699,49.43677,-8.91634,4.280363,0.509402,,,,,,,,,,,,-28.44155,-6.8715,0.25937,50.00026,2.40992,5.76074,-74.36847,12.82722,-16.83354,4.14617,-36.24105,FOR_RAM,,FordhamUniversity,,,20260904-FordhamUniversity-BP-1,9d90d3a0-a88f-11f1-884b-8d6b77d225c8,73.99355,,,1.03169,,,,,,,568bcc58-7a80-4f8d-8682-9863113bc81a,2026-09-04,18:36:59.61,2026-09-04T14:36:59.6110000-04:00,2026-09-04T18:36:59.6110000Z,,v3,471298,,,,,Undefined,FOR_RAM,fcadc98b-1eab-4659-b4ea-c80b54e5b0fb,38.42168,-73.72011,2.07308,3.97267,7.16008,-18.12053,0.95439,3.12842,-8.41677,,,,,,,,,,,,,,,,,,,,,,,,,,,,,,,,,,,,,,,,,,,,,,,,,,,Low,Low,Low,,,,,
183,2026-09-04,14:37:04.01,,,,,Undefined,FOR_RAM,"Dean, Mason",1000150670,Left,FOR_RAM,Undefined,1,Bottom,0,0,0,Undefined,,Undefined,Undefined,LineDrive,Undefined,0,0,,48.54817,4.164733,-2.769007,2997.765803,,,4.02163,-0.8694,21.95965,,,,2.1562,-0.39546,46.975,-10.047983,4.226501,0.535313,64.75778,25.283601,-3.929299,4157.724838,108.2591,22.30555,-19.49013,163.35625,145.30553,-13.399983,2.3738,-29.1771,0.08602,0.14192,50,2.79514,5.83285,-71.98697,10.24795,-15.74962,6.1072,-32.12761,FOR_RAM,,FordhamUniversity,,,20260904-FordhamUniversity-BP-1,a0445ae0-a88f-11f1-884b-8d6b77d225c8,70.4119,24.1891,,1.57317,,,,3.14591,2.33751,0.11375,568bcc58-7a80-4f8d-8682-9863113bc81a,2026-09-04,18:37:04.01,2026-09-04T14:37:04.0170000-04:00,2026-09-04T18:37:04.0170000Z,LineDrive,v3,471298,,,,,Undefined,FOR_RAM,355c2608-ee14-46bf-a880-428953709111,38.54968,-71.0089,3.0536,4.02434,5.10274,-16.0638,0.87407,3.31056,-7.87481,98.570596,3.14593,85.67703,-11.74382,1.97384,-0.21753,-0.07981,0.05661,-0.01637,0.00189,2.33751,40.56461,-20.36008,1.67824,-0.33312,0.10627,-0.03928,0.01043,-0.00117,0.1137,-5.88087,-7.73716,2.41736,-0.48344,-0.01759,0.04788,-0.01485,0.00165,,,,,,,,,,,,,,,,,,,,,,,Low,Low,Low,High,High,,,
184,2026-09-04,14:37:09.70,,,,,Undefined,FOR_RAM,"Dean, Mason",1000150670,Left,FOR_RAM,Undefined,1,Bottom,0,0,0,Undefined,,Undefined,Undefined,GroundBall,Undefined,0,0,,51.96616,4.65575,-1.257605,3320.741739,,,3.98504,-1.14949,21.95752,,,,2.35027,0.1802,51.39052,-9.721199,5.35753,0.494445,94.8071,5.007714,4.828454,1166.210874,,,,122.50267,122.37478,1.011467,1.000145,-27.53781,-9.6341,0.71559,50.00021,2.63594,4.21537,-76.68748,11.88047,-17.41905,3.92582,-38.2681,FOR_RAM,,FordhamUniversity,,,20260904-FordhamUniversity-BP-1,a3b14710-a88f-11f1-884b-8d6b77d225c8,76.23179,4.9269,,0.57564,,,,0.87558,2.50818,-0.26271,568bcc58-7a80-4f8d-8682-9863113bc81a,2026-09-04,18:37:09.70,2026-09-04T14:37:09.7060000-04:00,2026-09-04T18:37:09.7060000Z,LineDrive,v3,471298,,,,,Undefined,FOR_RAM,bc1aaecc-d17f-416a-89c3-38384bd33924,38.55423,-76.09927,1.96291,3.98645,6.14678,-19.13405,1.15166,1.60549,-8.70952,101.542676,0.98451,136.53757,-15.15232,,,,,,,2.54911,11.58211,-14.16671,,,,,,,-0.1648,10.30452,-8.06274,,,,,,,,,,,,,,,,,,,,,,,,,,,,,Low,Low,Low,Medium,High,,,
185,2026-09-04,14:37:16.37,,,,,Undefined,FOR_RAM,"Dean, Mason",1000150670,Left,FOR_RAM,Undefined,1,Bottom,0,0,0,Undefined,Curveball,Undefined,Undefined,GroundBall,Undefined,0,0,,49.9368,4.731654,-1.904389,2708.371432,304.462755,4:15,4.32784,-0.37333,22.04952,-60.80873,-6.81311,12.08225,2.328,-0.59806,46.65587,-11.190499,1.209468,0.528872,82.27902,-6.667104,48.366113,,,,,22.51169,19.80161,46.122608,0.20108,-13.18694,-7.9454,-0.07637,50,2.97299,3.46707,-74.67672,11.56865,-7.26593,11.02562,-36.55191,FOR_RAM,,FordhamUniversity,,,20260904-FordhamUniversity-BP-1,a78bc220-a88f-11f1-884b-8d6b77d225c8,71.26947,2.67803,,3.28093,,,,-0.22608,2.67803,-1.85103,568bcc58-7a80-4f8d-8682-9863113bc81a,2026-09-04,18:37:16.37,2026-09-04T14:37:16.3780000-04:00,2026-09-04T18:37:16.3780000Z,GroundBall,v3,471298,,,,,Undefined,FOR_RAM,033cbd93-205e-45e5-9f66-f527e180e23f,38.45692,-72.95254,5.51281,4.33515,5.85268,-18.27596,0.37696,2.33083,-3.63297,,-0.22612,79.63379,-4.53452,,,,,,,2.67785,-13.99879,3.40141,,,,,,,-1.8512,89.59432,1.55121,,,,,,,,,,,,,,,,,,,,,,,,,,,,,High,Medium,Medium,Low,Low,,,
186,2026-09-04,14:37:29.55,,,,,Undefined,FOR_RAM,"Grabau, Anthony",1000407420,Left,FOR_RAM,Undefined,1,Bottom,0,0,0,Undefined,,Undefined,Undefined,GroundBall,Undefined,0,0,,51.21395,7.072355,-1.303294,3113.74213,,,3.79611,-0.93724,22.2144,,,,2.64843,-1.26547,50.52875,-10.673351,0.280622,0.499292,,,,,,,,,,,,-6.75394,-22.81907,0.62361,50.00006,1.79613,2.33182,-75.11989,16.41214,-4.13557,2.95541,-46.14662,FOR_RAM,,FordhamUniversity,,,20260904-FordhamUniversity-BP-1,af635b70-a88f-11f1-884b-8d6b77d225c8,75.49174,,,0.68521,,,,,,,568bcc58-7a80-4f8d-8682-9863113bc81a,2026-09-04,18:37:29.55,2026-09-04T14:37:29.5550000-04:00,2026-09-04T18:37:29.5550000Z,,v3,471298,,,,,Undefined,FOR_RAM,7216ee05-7c4a-4949-ab56-614d2dde18ec,38.29598,-74.658,1.47771,3.79754,9.20008,-23.07331,0.93754,1.68549,-2.06778,,,,,,,,,,,,,,,,,,,,,,,,,,,,,,,,,,,,,,,,,,,,,,,,,,,Low,Low,Low,,,,,
187,2026-09-04,14:37:34.47,,,,,Undefined,FOR_RAM,"Grabau, Anthony",1000407420,Left,FOR_RAM,Undefined,1,Bottom,0,0,0,Undefined,,Undefined,Undefined,Undefined,Undefined,0,0,,49.4073,3.624569,-2.710703,2926.565696,,,4.0366,-0.90386,21.941,,,,1.60898,-0.41156,46.75598,-11.320841,4.234195,0.532948,49.05819,-13.306645,68.296553,,,,,9.28521,3.68225,55.03955,0.108987,-28.86159,-3.12701,0.21052,50,2.93055,5.70672,-73.81916,9.75171,-15.74795,9.70282,-33.88025,FOR_RAM,,FordhamUniversity,,,20260904-FordhamUniversity-BP-1,b2613220-a88f-11f1-884b-8d6b77d225c8,70.72447,1.81431,,2.65132,,,,2.48373,1.81431,0.48237,568bcc58-7a80-4f8d-8682-9863113bc81a,2026-09-04,18:37:34.47,2026-09-04T14:37:34.4720000-04:00,2026-09-04T18:37:34.4720000Z,GroundBall,v3,471298,,,,,Undefined,FOR_RAM,ea98ce75-bcf8-40c1-88dc-861a61db020f,38.56777,-72.30088,4.85141,4.04169,4.45022,-16.94013,0.9107,3.24252,-7.87397,,2.48136,26.02864,,,,,,,,1.81583,-16.64698,,,,,,,,0.47642,65.39564,,,,,,,,,,,,,,,,,,,,,,,,,,,,,,Low,Low,Low,Estimated,Estimated,,,
188,2026-09-04,14:37:42.81,,,,,Undefined,FOR_RAM,"Grabau, Anthony",1000407420,Left,FOR_RAM,Undefined,1,Bottom,0,0,0,Undefined,Curveball,Undefined,Undefined,LineDrive,Undefined,0,0,,52.78483,4.631219,-1.11517,3350.410581,314.168036,4:30,4.32223,-0.3743,21.93135,-54.28023,-5.70126,7.23134,2.80952,-0.49501,49.12641,-9.569557,0.74181,0.501644,97.23879,26.109352,24.456708,1204.404857,98.12729,48.27917,49.70819,391.62711,371.55073,32.811849,4.579511,-7.82839,-6.76158,0.11378,50,3.04994,2.14722,-78.90074,11.39333,-4.82284,12.16274,-36.33967,FOR_RAM,,FordhamUniversity,,,20260904-FordhamUniversity-BP-1,b7616880-a88f-11f1-884b-8d6b77d225c8,75.13784,67.48346,,3.65841,,,,1.96396,2.94852,0.75431,568bcc58-7a80-4f8d-8682-9863113bc81a,2026-09-04,18:37:42.81,2026-09-04T14:37:42.8180000-04:00,2026-09-04T18:37:42.8180000Z,LineDrive,v3,471298,,,,,Undefined,FOR_RAM,bc277de8-1dc4-49de-b069-a98881714e85,38.57385,-77.11925,6.08137,4.32892,6.07065,-18.16983,0.37655,1.44081,-2.41142,,1.96417,116.56952,-20.30032,4.58205,-0.99558,0.2085,-0.03917,0.00509,-0.00029,2.9494,62.74047,-16.69953,0.64793,0.16555,-0.13402,0.04227,-0.0062,0.00034,0.75418,53.02279,-1.89358,-0.03293,0.06076,-0.0074,-0.00157,0.00052,-4E-05,,,,,,,,,,,,,,,,,,,,,,,High,High,High,Medium,Medium,,,
189,2026-09-04,14:37:50.41,,,,,Undefined,FOR_RAM,"Grabau, Anthony",1000407420,Left,FOR_RAM,Undefined,1,Bottom,0,0,0,Undefined,Curveball,Undefined,Undefined,LineDrive,Undefined,0,0,,52.18335,4.686418,-0.733564,3085.148287,320.947411,4:45,4.29941,-0.36162,22.01648,-61.17523,-10.79879,10.09788,2.24085,0.00519,47.93421,-11.372484,1.869627,0.51084,96.63365,22.971733,26.516788,1263.591877,95.87017,42.14899,53.93424,356.42397,321.46312,36.447343,4.157644,-10.6656,-12.19855,0.16455,50,2.98158,1.8183,-78.41231,11.8522,-6.31356,14.44806,-39.39505,FOR_RAM,,FordhamUniversity,,,20260904-FordhamUniversity-BP-1,bbdb09c0-a88f-11f1-884b-8d6b77d225c8,73.78518,56.13231,,4.24913,,,,2.39927,2.65903,0.23052,568bcc58-7a80-4f8d-8682-9863113bc81a,2026-09-04,18:37:50.41,2026-09-04T14:37:50.4130000-04:00,2026-09-04T18:37:50.4130000Z,LineDrive,v3,471298,,,,,Undefined,FOR_RAM,4c8c96a2-9c1e-4c5d-b38e-c364fb044491,38.48946,-76.26192,7.22403,4.30927,5.9888,-19.69753,0.36525,0.87862,-3.15678,,2.39852,116.77854,-24.23134,5.80362,-1.19594,0.22286,-0.03867,0.00497,-0.00029,2.66029,55.28496,-14.59308,-0.10009,0.23559,-0.08568,0.02091,-0.00254,0.0001,0.23061,58.2584,-1.86494,-0.22811,0.08753,0.00677,-0.00793,0.00157,-0.0001,,,,,,,,,,,,,,,,,,,,,,,High,Medium,Medium,Medium,Medium,,,
190,2026-09-04,14:38:01.38,,,,,Undefined,FOR_RAM,"Reina, Braedon",10305192,Left,FOR_RAM,Undefined,1,Bottom,0,0,0,Undefined,Curveball,Undefined,Undefined,GroundBall,Undefined,0,0,,53.15116,4.403982,-0.704502,3440.002452,319.275546,4:45,4.29689,-0.36893,21.98653,-60.67251,-12.02674,11.72662,2.09859,0.15205,48.81443,-11.501949,2.317452,0.501989,64.72195,-8.622104,-17.790884,,,,,17.53157,7.27213,-8.546347,0.156209,-12.35859,-13.49513,0.16913,50,3.04312,1.95113,-79.9282,11.61853,-7.58842,15.16567,-40.46032,FOR_RAM,,FordhamUniversity,,,20260904-FordhamUniversity-BP-1,c25f2100-a88f-11f1-884b-8d6b77d225c8,75.0862,2.23057,,4.33673,,,,3.32984,2.23057,1.88936,568bcc58-7a80-4f8d-8682-9863113bc81a,2026-09-04,18:38:01.38,2026-09-04T14:38:01.3830000-04:00,2026-09-04T18:38:01.3830000Z,GroundBall,v3,471298,,,,,Undefined,FOR_RAM,490e67cb-2497-4ae1-8684-3da33bae4149,38.51983,-77.71942,7.58283,4.30615,5.72575,-20.23016,0.37282,0.84593,-3.79421,180,3.32219,89.66869,,,,,,,,2.23178,-14.27937,,,,,,,,1.89181,-28.77373,,,,,,,,,,,,,,,,,,,,,,,,,,,,,,High,Medium,Medium,Low,Low,,,
191,2026-09-04,14:38:06.25,,,,,Undefined,FOR_RAM,"Reina, Braedon",10305192,Left,FOR_RAM,Undefined,1,Bottom,0,0,0,Undefined,,Undefined,Undefined,LineDrive,Undefined,0,0,,50.29713,5.143245,-0.697145,2988.688409,,,3.9451,-1.30632,22.02343,,,,3.12517,0.50727,48.61314,-7.823412,6.282214,0.515506,99.6483,11.732198,5.223944,829.865106,109.36108,9.70975,11.83683,162.48488,162.48488,6.948282,1.32517,-28.7697,0.91189,0.99036,50,2.5446,3.36134,-74.52849,11.47996,-16.68743,6.3291,-31.64511,FOR_RAM,,FordhamUniversity,,,20260904-FordhamUniversity-BP-1,c54db570-a88f-11f1-884b-8d6b77d225c8,73.11742,11.12183,,1.68399,,,,0.85985,2.6904,-0.32843,568bcc58-7a80-4f8d-8682-9863113bc81a,2026-09-04,18:38:06.25,2026-09-04T14:38:06.2580000-04:00,2026-09-04T18:38:06.2580000Z,LineDrive,v3,471298,,,,,Undefined,FOR_RAM,0c0ad2a1-3366-4d3b-a453-1674b9c4adef,38.48597,-73.5442,3.16455,3.94727,6.55856,-15.82256,1.31131,0.76613,-8.34372,336.389575,0.85985,142.50297,-18.16496,1.94682,-0.42063,0.07705,-0.01339,0.00232,-0.00023,2.6904,29.7179,-28.3619,4.21797,-0.90405,0.22344,-0.04787,0.00844,-0.00086,-0.32843,13.02884,1.75786,-0.22701,0.06455,-0.01177,0.00232,-0.00046,5E-05,,,,,,,,,,,,,,,,,,,,,,,Low,Low,Low,High,High,,,
192,2026-09-04,14:38:11.90,,,,,Undefined,FOR_RAM,"Reina, Braedon",10305192,Left,FOR_RAM,Undefined,1,Bottom,0,0,0,Undefined,Curveball,Undefined,Undefined,Undefined,Undefined,0,0,,53.1107,5.322007,-1.141018,3280.377868,315.389117,4:30,4.30299,-0.35299,21.94926,-61.83098,-13.42406,14.65623,2.61089,0.12864,49.131,-10.833141,2.627096,0.500755,,,,,,,,,,,,-15.87769,-15.87221,0.03963,50,2.83565,2.88461,-79.55156,13.16775,-9.81653,13.54923,-41.9872,FOR_RAM,,FordhamUniversity,,,20260904-FordhamUniversity-BP-1,c8984c90-a88f-11f1-884b-8d6b77d225c8,75.27126,,,3.97971,,,,,,,568bcc58-7a80-4f8d-8682-9863113bc81a,2026-09-04,18:38:11.90,2026-09-04T14:38:11.9080000-04:00,2026-09-04T18:38:11.9080000Z,,v3,471298,,,,,Undefined,FOR_RAM,51f4b425-19ba-409c-9216-4388a2191a71,38.55807,-77.57829,6.77461,4.30809,7.05288,-20.9936,0.35563,1.45496,-4.90826,,,,,,,,,,,,,,,,,,,,,,,,,,,,,,,,,,,,,,,,,,,,,,,,,,,High,Medium,Medium,,,,,
193,2026-09-04,14:38:17.52,,,,,Undefined,FOR_RAM,"Reina, Braedon",10305192,Left,FOR_RAM,Undefined,1,Bottom,0,0,0,Undefined,,Undefined,Undefined,Undefined,Undefined,0,0,,55.19823,1.663953,-3.308183,1172.507414,,,4.19262,-0.91441,21.80448,,,,2.40094,-0.96086,48.33745,-7.687929,3.162478,0.495434,,,,,,,,,,,,-29.80356,12.62296,0.1137,50,3.64431,7.14509,-83.8171,5.65403,-18.9036,22.63917,-24.16764,FOR_RAM,,FordhamUniversity,,,20260904-FordhamUniversity-BP-1,cc07f7e0-a88f-11f1-884b-8d6b77d225c8,76.07958,,,6.86078,,,,,,,568bcc58-7a80-4f8d-8682-9863113bc81a,2026-09-04,18:38:17.52,2026-09-04T14:38:17.5260000-04:00,2026-09-04T18:38:17.5260000Z,,v3,471298,,,,,Undefined,FOR_RAM,084ab9fd-3935-430d-9e97-258f03ad9c1d,38.70021,-80.70731,11.31958,4.19296,2.33428,-12.08382,0.91683,4.54843,-9.4518,,,,,,,,,,,,,,,,,,,,,,,,,,,,,,,,,,,,,,,,,,,,,,,,,,,Low,Low,Low,,,,,
194,2026-09-04,14:38:30.64,,,,,Undefined,FOR_RAM,"Ford, Tim",1000142266,Right,FOR_RAM,Undefined,1,Bottom,0,0,0,Undefined,Curveball,Undefined,Undefined,LineDrive,Undefined,0,0,,54.1587,3.816557,-0.340541,3389.871545,324.187745,4:45,4.30173,-0.37887,21.88854,-55.65861,-9.17,7.60036,2.14525,0.03338,50.24774,-10.717395,1.613127,0.490732,91.69691,7.981773,16.486267,2749.298171,102.87118,4.90981,38.95324,142.40744,140.28173,21.998345,1.245114,-7.96922,-10.28843,0.27116,50,3.19622,1.13896,-81.22621,10.5941,-5.14345,14.00025,-38.81435,FOR_RAM,,FordhamUniversity,,,20260904-FordhamUniversity-BP-1,d3efe4e0-a88f-11f1-884b-8d6b77d225c8,76.80854,6.99311,,3.91096,,,,0.11617,1.92391,-0.20846,568bcc58-7a80-4f8d-8682-9863113bc81a,2026-09-04,18:38:30.64,2026-09-04T14:38:30.6420000-04:00,2026-09-04T18:38:30.6420000Z,LineDrive,v3,471298,,,,,Undefined,FOR_RAM,6ee9e62d-7cbd-449e-83bd-628247cc1c75,38.61728,-79.23998,7.00012,4.3086,5.08748,-19.40718,0.38098,0.40926,-2.57173,265.298881,0.11617,127.71014,-21.30842,3.82761,-0.70129,0.09231,-0.01044,0.00086,-2E-05,1.92391,18.67483,-18.09517,1.76966,-0.28288,0.05638,-0.00913,0.00156,-0.0002,-0.20846,37.79618,7.12251,-3.34203,1.05246,-0.27298,0.063,-0.01172,0.00119,,,,,,,,,,,,,,,,,,,,,,,High,Medium,Medium,High,High,,,
195,2026-09-04,14:38:36.21,,,,,Undefined,FOR_RAM,"Ford, Tim",1000142266,Right,FOR_RAM,Undefined,1,Bottom,0,0,0,Undefined,,Undefined,Undefined,FlyBall,Undefined,0,0,,53.77158,5.022327,-0.455783,1893.664259,,,3.82917,-1.35737,21.86943,,,,3.19237,0.62137,52.69349,-7.059764,6.527053,0.480366,59.06279,40.328084,19.228421,4345.474843,96.56465,49.84882,52.68038,184.33159,183.12091,33.453024,3.716267,-28.82222,-2.90658,1.08459,50,2.49147,3.31719,-79.40501,11.77157,-19.40202,4.96486,-34.13064,FOR_RAM,,FordhamUniversity,,,20260904-FordhamUniversity-BP-1,d74159d0-a88f-11f1-884b-8d6b77d225c8,78.46608,50.91486,,1.0781,,,,0.32594,2.87845,-0.42801,568bcc58-7a80-4f8d-8682-9863113bc81a,2026-09-04,18:38:36.21,2026-09-04T14:38:36.2170000-04:00,2026-09-04T18:38:36.2170000Z,FlyBall,v3,471298,,,,,Undefined,FOR_RAM,a645add0-94ec-43ec-9534-1ec52160d96c,38.64188,-78.69163,2.48243,3.83055,6.86748,-17.06532,1.36094,0.52939,-9.70101,220.305331,0.32629,62.34753,-11.57719,2.80476,-0.48733,0.06434,-0.01491,0.00393,-0.00039,2.87885,56.04353,-17.44503,0.5485,0.25178,-0.22676,0.08699,-0.01581,0.0011,-0.42803,21.74763,3.48828,-1.08271,0.27333,-0.06269,0.01486,-0.00258,0.00019,,,,,,,,,,,,,,,,,,,,,,,Low,Low,Low,High,High,,,
196,2026-09-04,14:38:42.87,,,,,Undefined,FOR_RAM,"Ford, Tim",1000142266,Right,FOR_RAM,Undefined,1,Bottom,0,0,0,Undefined,,Undefined,Undefined,FlyBall,Undefined,0,0,,51.46205,4.076344,0.105244,3463.408771,,,3.86764,-1.46276,21.99605,,,,2.55511,0.87717,50.80774,-8.165414,7.105616,0.499068,93.49033,32.750885,-39.191244,2525.67717,83.50227,52.56125,-71.60539,249.29878,200.03713,-37.400649,3.715439,-29.0599,0.34295,1.28959,50.00029,2.69009,2.52367,-76.01706,10.19133,-18.00061,4.17567,-31.96162,FOR_RAM,,FordhamUniversity,,,20260904-FordhamUniversity-BP-1,db1b38a0-a88f-11f1-884b-8d6b77d225c8,75.52568,58.00185,,0.6543,,,,2.28884,2.12987,-0.29494,568bcc58-7a80-4f8d-8682-9863113bc81a,2026-09-04,18:38:42.87,2026-09-04T14:38:42.8790000-04:00,2026-09-04T18:38:42.8790000Z,FlyBall,v3,471298,,,,,Undefined,FOR_RAM,3f30ef63-b0db-4688-9cd6-2ebd0a2150be,38.51389,-75.38347,2.08783,3.86853,5.34162,-15.98081,1.4653,-0.20766,-9.00031,,2.28989,89.3462,-19.10264,4.54839,-0.74739,-0.02792,0.04185,-0.00664,0.00031,2.1301,74.17085,-30.44601,4.8852,-0.91144,0.07938,0.01821,-0.00544,0.0004,-0.29567,-72.85378,7.20842,1.46026,-0.82534,0.24058,-0.02124,-0.00314,0.00051,,,,,,,,,,,,,,,,,,,,,,,Low,Low,Low,Low,Low,,,
197,2026-09-04,14:38:49.53,,,,,Undefined,FOR_RAM,"Ford, Tim",1000142266,Right,FOR_RAM,Undefined,1,Bottom,0,0,0,Undefined,Curveball,Undefined,Undefined,LineDrive,Undefined,0,0,,50.46869,4.749876,-1.110299,2967.105698,312.462807,4:30,4.32014,-0.38075,22.02944,-58.43393,-6.15335,8.07469,2.53062,-0.42611,47.62219,-10.508612,0.969612,0.520405,91.77872,23.753875,-21.180933,1354.536768,101.63271,35.66897,-42.07998,238.90549,238.90549,-25.89778,2.971085,-8.70449,-7.0765,0.11214,50,2.97247,2.13559,-75.26761,11.55793,-4.95636,9.76877,-36.20344,FOR_RAM,,FordhamUniversity,,,20260904-FordhamUniversity-BP-1,df176c80-a88f-11f1-884b-8d6b77d225c8,72.42904,37.37737,,2.8465,,,,1.49636,2.31265,0.67034,568bcc58-7a80-4f8d-8682-9863113bc81a,2026-09-04,18:38:49.53,2026-09-04T14:38:49.5350000-04:00,2026-09-04T18:38:49.5350000Z,LineDrive,v3,471298,,,,,Undefined,FOR_RAM,2a33a784-120b-4ac8-96d3-a86a9400a948,38.4771,-73.75692,4.88439,4.32694,5.95928,-18.10172,0.38313,1.36912,-2.47818,,1.49643,114.87738,-24.84289,5.8177,-1.20043,0.13844,0.02433,-0.01185,0.00129,2.31249,54.2308,-24.63099,3.8752,-1.37123,0.6148,-0.22328,0.04591,-0.00385,0.67039,-44.5185,5.32827,-1.34967,0.43115,-0.18197,0.06367,-0.01273,0.00105,,,,,,,,,,,,,,,,,,,,,,,High,High,High,Medium,Medium,,,
198,2026-09-04,14:39:09.11,,,,,Undefined,FOR_RAM,"Forney, Colden",1000306564,Right,FOR_RAM,Undefined,1,Bottom,0,0,0,Undefined,,Undefined,Undefined,GroundBall,Undefined,0,0,,49.45311,3.537958,-0.442671,3004.241853,,,4.06561,-1.25447,21.93242,,,,2.19192,0.73058,49.02162,-9.32246,6.554516,0.519598,91.45278,-23.491989,-40.036833,,,,,6.96021,6.96021,-35.283242,0.049687,-29.0395,1.99366,0.9739,50.00026,2.98527,3.10946,-73.05208,9.32349,-16.64897,3.66466,-31.03105,FOR_RAM,,FordhamUniversity,,,20260904-FordhamUniversity-BP-1,eac36660-a88f-11f1-884b-8d6b77d225c8,72.54153,2.66243,,0.43149,,,,0.99177,2.66243,-0.07992,568bcc58-7a80-4f8d-8682-9863113bc81a,2026-09-04,18:39:09.11,2026-09-04T14:39:09.1140000-04:00,2026-09-04T18:39:09.1140000Z,GroundBall,v3,471298,,,,,Undefined,FOR_RAM,888fa241-e401-4a44-944b-e2369104e558,38.57728,-72.47678,1.83233,4.06655,4.45206,-15.51553,1.25689,0.49581,-8.32449,,0.99011,94.38959,,,,,,,,2.66337,-53.58465,,,,,,,,-0.07853,-79.30573,,,,,,,,,,,,,,,,,,,,,,,,,,,,,,Low,Low,Low,Low,Low,,,
199,2026-09-04,14:39:14.34,,,,,Undefined,FOR_RAM,"Forney, Colden",1000306564,Right,FOR_RAM,Undefined,1,Bottom,0,0,0,Undefined,,Undefined,Undefined,GroundBall,Undefined,0,0,,48.9512,4.128179,-0.964557,2987.523584,,,4.10744,-1.17315,21.78247,,,,2.4506,0.48954,48.46714,-9.237885,6.059704,0.527221,86.04224,-6.431221,-29.398753,,,,,25.14546,5.89388,-27.654889,0.182713,-29.09513,1.28299,0.79639,50.00021,2.91633,3.69976,-72.22522,10.07266,-16.33153,3.44645,-31.45389,FOR_RAM,,FordhamUniversity,,,20260904-FordhamUniversity-BP-1,ede73ba0-a88f-11f1-884b-8d6b77d225c8,71.49265,2.58771,,0.48405,,,,2.27209,2.58771,-0.40187,568bcc58-7a80-4f8d-8682-9863113bc81a,2026-09-04,18:39:14.34,2026-09-04T14:39:14.3440000-04:00,2026-09-04T18:39:14.3440000Z,GroundBall,v3,471298,,,,,Undefined,FOR_RAM,96ab2fef-2fe2-4a00-a0f0-22c27eda9208,38.72723,-71.68527,1.72322,4.10837,5.14489,-15.72695,1.1756,1.14116,-8.16576,,2.26583,109.46537,,,,,,,,2.58852,-14.16272,,,,,,,,-0.39834,-61.67743,,,,,,,,,,,,,,,,,,,,,,,,,,,,,,Low,Low,Low,Estimated,Estimated,,,
200,2026-09-04,14:39:19.18,,,,,Undefined,FOR_RAM,"Forney, Colden",1000306564,Right,FOR_RAM,Undefined,1,Bottom,0,0,0,Undefined,,Undefined,Undefined,GroundBall,Undefined,0,0,,52.6625,4.560461,-1.36849,3492.825136,,,4.14384,-1.02367,22.01349,,,,2.93857,0.32515,51.94702,-8.327896,5.527356,0.487086,75.62513,-17.735673,-30.726956,,,,,11.04245,6.24947,-26.371792,0.091608,-28.75131,-4.75949,0.55695,50.00021,2.84762,4.54529,-77.69183,11.35033,-18.67983,3.95721,-35.26632,FOR_RAM,,FordhamUniversity,,,20260904-FordhamUniversity-BP-1,f0e18fe0-a88f-11f1-884b-8d6b77d225c8,77.38357,3.10678,,0.71548,,,,1.54306,3.10678,0.05831,568bcc58-7a80-4f8d-8682-9863113bc81a,2026-09-04,18:39:19.18,2026-09-04T14:39:19.1860000-04:00,2026-09-04T18:39:19.1860000Z,GroundBall,v3,471298,,,,,Undefined,FOR_RAM,ba640433-d6a4-44a6-b84e-bb46a042c134,38.49763,-77.10372,1.97861,4.14501,6.10917,-17.63316,1.02616,1.76916,-9.33991,,1.53809,91.15123,,,,,,,,3.10863,-33.91369,,,,,,,,0.06127,-54.17966,,,,,,,,,,,,,,,,,,,,,,,,,,,,,,Low,Low,Low,Low,Low,,,
201,2026-09-04,14:39:29.30,,,,,Undefined,FOR_RAM,"Dean, Mason",1000150670,Left,FOR_RAM,Undefined,1,Bottom,0,0,0,Undefined,,Undefined,Undefined,FlyBall,Undefined,0,0,,51.73888,4.543041,-0.471114,3131.216093,,,3.873,-1.25099,21.93122,,,,2.74019,0.71703,51.02442,-8.081308,6.524217,0.497274,70.11295,48.270736,-24.120644,,94.26146,72.5608,-56.69893,172.8545,143.83041,-28.246546,4.280061,-29.026,-1.70988,0.96624,50.00027,2.60077,3.27836,-76.36634,10.97535,-18.17233,4.07313,-33.24455,FOR_RAM,,FordhamUniversity,,,20260904-FordhamUniversity-BP-1,f6c3c1d0-a88f-11f1-884b-8d6b77d225c8,75.79816,73.34641,,0.71447,,,,0.92326,2.16838,-0.46038,568bcc58-7a80-4f8d-8682-9863113bc81a,2026-09-04,18:39:29.30,2026-09-04T14:39:29.3020000-04:00,2026-09-04T18:39:29.3020000Z,FlyBall,v3,471298,,,,,Undefined,FOR_RAM,55a5dbe2-ecce-495a-b4bb-2ff5ce51f397,38.57929,-75.75473,2.03657,3.87401,5.98347,-16.62228,1.25364,0.54967,-9.08616,144.378425,0.94923,61.68391,-10.76823,-5.56243,9.51724,-5.7851,1.78231,-0.27253,0.01643,2.19893,75.99676,-20.98237,-4.03903,5.63597,-2.83611,0.73267,-0.09478,0.00485,-0.47471,-27.71367,-1.32903,2.14617,-0.04819,-0.72095,0.38714,-0.07919,0.00576,,,,,,,,,,,,,,,,,,,,,,,Low,Low,Low,High,Medium,,,
202,2026-09-04,14:39:34.61,,,,,Undefined,FOR_RAM,"Dean, Mason",1000150670,Left,FOR_RAM,Undefined,1,Bottom,0,0,0,Undefined,Curveball,Undefined,Undefined,LineDrive,Undefined,0,0,,52.14852,4.236786,-0.692636,3119.334229,305.592583,4:15,4.30029,-0.36592,21.87466,-55.23184,-5.28303,9.31107,2.45476,-0.0399,48.5826,-10.188297,1.6968,0.508668,,,,,,,,,,,,-9.96304,-6.57,0.17564,50,3.09981,1.74529,-78.03685,10.83753,-5.98711,12.15289,-36.12216,FOR_RAM,,FordhamUniversity,,,20260904-FordhamUniversity-BP-1,f9f15b10-a88f-11f1-884b-8d6b77d225c8,74.10034,,,3.56592,,,,,,,568bcc58-7a80-4f8d-8682-9863113bc81a,2026-09-04,18:39:34.61,2026-09-04T14:39:34.6190000-04:00,2026-09-04T18:39:34.6190000Z,,v3,471298,,,,,Undefined,FOR_RAM,8aa6ba45-bfb4-4407-afbd-f647486770b2,38.63089,-76.24575,6.07645,4.30475,5.51383,-18.06108,0.36783,0.86291,-2.99355,,,,,,,,,,,,,,,,,,,,,,,,,,,,,,,,,,,,,,,,,,,,,,,,,,,High,Medium,Medium,,,,,
203,2026-09-04,14:39:51.43,,,,,Undefined,FOR_RAM,"Dean, Mason",1000150670,Left,FOR_RAM,Undefined,1,Bottom,0,0,0,Undefined,,Undefined,Undefined,GroundBall,Undefined,0,0,,53.43615,3.660775,-1.054968,3222.037844,,,3.98676,-1.21987,21.75813,,,,3.16246,0.29569,49.958,-6.460824,5.69213,0.495749,93.98665,-7.46521,28.234097,,,,,24.79467,18.96594,27.473934,0.225357,-27.46702,8.54351,0.87263,50,3.01132,3.73274,-79.82952,8.76483,-17.47887,11.60658,-26.73732,FOR_RAM,,FordhamUniversity,,,20260904-FordhamUniversity-BP-1,04556ba0-a890-11f1-884b-8d6b77d225c8,76.03136,3.56162,,3.47815,,,,,,,568bcc58-7a80-4f8d-8682-9863113bc81a,2026-09-04,18:39:51.43,2026-09-04T14:39:51.4350000-04:00,2026-09-04T18:39:51.4350000Z,GroundBall,v3,471298,,,,,Undefined,FOR_RAM,f2be3c7c-7cd6-405d-82f3-9093484d36ec,38.74732,-78.17635,5.80329,3.98851,4.95654,-13.36866,1.227,1.24316,-8.73943,,-4.585,120.47117,-11.12126,,,,,,,3.56124,-17.88808,9.26168,,,,,,,-3.89657,64.72586,14.77104,,,,,,,,,,,,,,,,,,,,,,,,,,,,,Low,Low,Low,Low,Low,,,
204,2026-09-04,14:40:05.59,,,,,Undefined,FOR_RAM,"Grabau, Anthony",1000407420,Left,FOR_RAM,Undefined,1,Bottom,0,0,0,Undefined,,Undefined,Undefined,Bunt,Undefined,0,0,,51.54629,5.457087,-2.670906,3302.138516,,,3.95887,-0.81386,22.13983,,,,2.18337,-0.7499,51.02954,-10.974892,2.869929,0.496195,,,,,,,,,,,,-23.3119,-17.77804,0.11229,50.00014,2.35276,5.68927,-75.90339,13.78324,-14.50374,3.47118,-43.23484,FOR_RAM,,FordhamUniversity,,,20260904-FordhamUniversity-BP-1,0c6b6d80-a890-11f1-884b-8d6b77d225c8,75.96302,,,0.51675,,,,,,,568bcc58-7a80-4f8d-8682-9863113bc81a,2026-09-04,18:40:05.59,2026-09-04T14:40:05.5950000-04:00,2026-09-04T18:40:05.5950000Z,,v3,471298,,,,,Undefined,FOR_RAM,b9dcfa75-6e09-4927-8873-ab3edc60f5e3,38.37328,-75.3698,1.73559,3.9607,7.13718,-21.61742,0.81549,3.45975,-7.25187,,,,,,,,,,,,,,,,,,,,,,,,,,,,,,,,,,,,,,,,,,,,,,,,,,,Low,Low,Low,,,,,
205,2026-09-04,14:40:11.10,,,,,Undefined,FOR_RAM,"Grabau, Anthony",1000407420,Left,FOR_RAM,Undefined,1,Bottom,0,0,0,Undefined,Curveball,Undefined,Undefined,Undefined,Undefined,0,0,,50.84833,4.763775,-0.872527,3004.230119,296.318677,4:00,4.32399,-0.37344,21.96327,-57.40448,-4.16047,11.95103,2.6346,0.05705,46.59676,-10.342799,2.199406,0.525178,74.61392,-11.004567,61.066599,,,,,14.91512,10.17112,49.478524,0.160673,-12.61705,-5.39823,0.14015,50,3.01182,2.09903,-76.3132,11.3498,-7.08361,13.57558,-35.20477,FOR_RAM,,FordhamUniversity,,,20260904-FordhamUniversity-BP-1,0fbd57a0-a890-11f1-884b-8d6b77d225c8,71.77075,3.64527,,4.25157,,,,,,,568bcc58-7a80-4f8d-8682-9863113bc81a,2026-09-04,18:40:11.10,2026-09-04T14:40:11.1060000-04:00,2026-09-04T18:40:11.1060000Z,GroundBall,v3,471298,,,,,Undefined,FOR_RAM,fb865220-46ef-43a6-8305-65e43c81b3b0,38.54065,-74.24669,6.78779,4.33164,5.99082,-17.60239,0.3776,1.02073,-3.5418,,1.1947,52.03642,5.27051,,,,,,,3.64552,-20.91007,-11.08136,,,,,,,-3.03824,93.91641,-27.69011,,,,,,,,,,,,,,,,,,,,,,,,,,,,,High,Medium,Medium,Low,Low,,,
206,2026-09-04,14:40:16.85,,,,,Undefined,FOR_RAM,"Grabau, Anthony",1000407420,Left,FOR_RAM,Undefined,1,Bottom,0,0,0,Undefined,,Undefined,Undefined,LineDrive,Undefined,0,0,,48.6572,4.894251,-0.646274,2888.599631,,,3.9326,-1.16754,21.95227,,,,2.85777,0.67695,48.00951,-8.262512,6.316439,0.528682,96.34737,13.786565,17.781112,1224.043939,103.50531,13.85095,37.23667,184.13771,179.86447,21.403303,1.627682,-28.9882,2.71894,0.84599,50.0002,2.56752,3.30657,-71.7182,10.98296,-16.0366,3.43615,-30.6699,FOR_RAM,,FordhamUniversity,,,20260904-FordhamUniversity-BP-1,1341c370-a890-11f1-884b-8d6b77d225c8,71.29509,14.23037,,0.6477,,,,1.7924,2.22934,-0.4799,568bcc58-7a80-4f8d-8682-9863113bc81a,2026-09-04,18:40:16.85,2026-09-04T14:40:16.8540000-04:00,2026-09-04T18:40:16.8540000Z,LineDrive,v3,471298,,,,,Undefined,FOR_RAM,dced3693-d06d-4cc2-b1b8-fcffb85108dd,38.55664,-71.16781,1.71807,3.9333,6.07033,-15.33495,1.1699,0.73786,-8.0183,296.412456,1.79239,130.68349,-20.78987,3.62084,-0.45853,-0.18235,0.16553,-0.0593,0.0085,2.22933,33.67545,-25.89359,3.59479,-0.68453,0.03156,0.05896,-0.02612,0.00397,-0.47989,41.90753,2.46569,-2.44427,0.45095,0.26668,-0.27604,0.1038,-0.01517,,,,,,,,,,,,,,,,,,,,,,,Low,Low,Low,High,High,,,
207,2026-09-04,14:40:24.09,,,,,Undefined,FOR_RAM,"Grabau, Anthony",1000407420,Left,FOR_RAM,Undefined,1,Bottom,0,0,0,Undefined,,Undefined,Undefined,LineDrive,Undefined,0,0,,50.94749,5.173011,-1.490944,3199.183084,,,4.07202,-1.08885,22.0711,,,,3.02998,0.17807,50.23275,-8.449934,5.397483,0.503083,103.26801,14.284834,10.534314,3004.880526,108.60053,19.21417,17.49056,231.26245,231.26245,8.206039,2.033596,-28.72809,-4.49103,0.59634,50.00024,2.62109,4.55419,-75.10295,12.0956,-17.44177,3.69792,-34.90071,FOR_RAM,,FordhamUniversity,,,20260904-FordhamUniversity-BP-1,17788f50-a890-11f1-884b-8d6b77d225c8,74.92283,19.40482,,0.71474,,,,1.32304,2.69281,-0.21114,568bcc58-7a80-4f8d-8682-9863113bc81a,2026-09-04,18:40:24.09,2026-09-04T14:40:24.0990000-04:00,2026-09-04T18:40:24.0990000Z,LineDrive,v3,471298,,,,,Undefined,FOR_RAM,bc9aace7-5d94-42bd-ac8a-76f593dd509a,38.44063,-74.53161,1.84896,4.07334,6.70328,-17.45035,1.0918,1.85936,-8.72088,70.625159,1.32304,144.30268,-20.94012,3.5921,-0.77624,0.15467,-0.03037,0.00452,-0.00034,2.69281,37.37146,-23.06035,2.87095,-0.65123,0.14927,-0.02904,0.00439,-0.00035,-0.21114,26.83429,-8.30281,2.39694,-0.63514,0.15487,-0.03273,0.00511,-0.0004,,,,,,,,,,,,,,,,,,,,,,,Low,Low,Low,Medium,High,,,
208,2026-09-04,14:40:45.17,,,,,Undefined,FOR_RAM,"Reina, Braedon",10305192,Left,FOR_RAM,Undefined,1,Bottom,0,0,0,Undefined,,Undefined,Undefined,FlyBall,Undefined,0,0,,50.41753,4.25401,-2.496464,3193.623392,,,4.0639,-0.83455,21.86848,,,,2.47411,-0.18419,49.8724,-9.175854,4.492878,0.510357,,,,,,,,,,,,-29.16899,-2.42118,0.14809,50.00013,2.83173,5.82212,-74.27532,10.61612,-17.39486,3.23447,-33.61792,FOR_RAM,,FordhamUniversity,,,20260904-FordhamUniversity-BP-1,243fbd30-a890-11f1-884b-8d6b77d225c8,73.855,,,0.54513,,,,,,,568bcc58-7a80-4f8d-8682-9863113bc81a,2026-09-04,18:40:45.17,2026-09-04T14:40:45.1780000-04:00,2026-09-04T18:40:45.1780000Z,,v3,471298,,,,,Undefined,FOR_RAM,0785bef6-3ae2-439f-aa07-eefa1217acaf,38.64175,-73.77904,1.61723,4.06489,5.45794,-16.80896,0.83665,3.15313,-8.69743,,,,,,,,,,,,,,,,,,,,,,,,,,,,,,,,,,,,,,,,,,,,,,,,,,,Low,Low,Low,,,,,
209,2026-09-04,14:40:51.62,,,,,Undefined,FOR_RAM,"Reina, Braedon",10305192,Left,FOR_RAM,Undefined,1,Bottom,0,0,0,Undefined,Curveball,Undefined,Undefined,LineDrive,Undefined,0,0,,53.35837,5.204683,-0.888634,3308.795456,307.191782,4:15,4.31985,-0.38341,21.92665,-53.21412,-5.58374,9.07075,3.27092,-0.20394,49.51204,-8.728178,1.43823,0.496722,,,,,,,,,,,,-9.72154,-7.05323,0.15625,50,2.93432,2.02596,-79.70208,12.24898,-6.10976,12.43671,-36.60683,FOR_RAM,,FordhamUniversity,,,20260904-FordhamUniversity-BP-1,27f39d70-a890-11f1-884b-8d6b77d225c8,75.88237,,,3.84634,,,,,,,568bcc58-7a80-4f8d-8682-9863113bc81a,2026-09-04,18:40:51.62,2026-09-04T14:40:51.6290000-04:00,2026-09-04T18:40:51.6290000Z,,v3,471298,,,,,Undefined,FOR_RAM,5ac34bd0-d7e7-4576-a2bf-481b21592b02,38.57875,-77.89953,6.21836,4.32517,6.94325,-18.30342,0.38572,1.14043,-3.05488,,,,,,,,,,,,,,,,,,,,,,,,,,,,,,,,,,,,,,,,,,,,,,,,,,,High,Medium,Medium,,,,,
210,2026-09-04,14:40:57.93,,,,,Undefined,FOR_RAM,"Reina, Braedon",10305192,Left,FOR_RAM,Undefined,1,Bottom,0,0,0,Undefined,Curveball,Undefined,Undefined,LineDrive,Undefined,0,0,,53.17181,5.10755,-1.013918,3401.766322,312.592356,4:30,4.2993,-0.37032,21.9284,-51.7768,-4.17197,5.83445,3.30657,-0.5418,49.66856,-8.4316,0.482657,0.496589,102.23864,17.253648,28.421148,1006.868343,92.52953,27.04518,59.4828,281.23513,234.57305,38.423419,2.603517,-6.32,-5.2024,0.13707,50,2.94243,1.90376,-79.26783,11.94102,-3.9728,11.27003,-35.44431,FOR_RAM,,FordhamUniversity,,,20260904-FordhamUniversity-BP-1,2ba533c0-a890-11f1-884b-8d6b77d225c8,75.90272,29.26169,,3.50324,,,,1.17068,3.19303,0.74148,568bcc58-7a80-4f8d-8682-9863113bc81a,2026-09-04,18:40:57.93,2026-09-04T14:40:57.9380000-04:00,2026-09-04T18:40:57.9380000Z,LineDrive,v3,471298,,,,,Undefined,FOR_RAM,db5c1aac-427a-4a35-9f0e-1429e13b7002,38.57656,-77.62669,5.63501,4.30548,6.77965,-17.72216,0.37218,1.32524,-1.9864,,1.17067,125.94388,-26.96621,6.83039,-1.54816,0.30652,-0.05252,0.00625,-0.00035,3.19303,44.47442,-20.4256,1.31159,-0.0558,-0.02627,0.00877,-0.00099,5E-05,0.74148,68.15566,2.3859,-2.50021,0.97845,-0.27896,0.05918,-0.00815,0.00054,,,,,,,,,,,,,,,,,,,,,,,High,High,High,Medium,Medium,,,
211,2026-09-04,14:41:04.27,,,,,Undefined,FOR_RAM,"Reina, Braedon",10305192,Left,FOR_RAM,Undefined,1,Bottom,0,0,0,Undefined,,Undefined,Undefined,FlyBall,Undefined,0,0,,52.63773,4.883991,-1.344791,3534.541988,,,4.00715,-1.01777,21.89667,,,,2.83873,0.32795,51.90945,-8.527533,5.480503,0.489058,,,,,,,,,,,,-28.29391,-6.67496,0.5682,50.00029,2.65232,4.42574,-77.66379,11.9035,-18.34747,4.07088,-36.50249,FOR_RAM,,FordhamUniversity,,,20260904-FordhamUniversity-BP-1,2f676be0-a890-11f1-884b-8d6b77d225c8,77.07151,,,0.72828,,,,,,,568bcc58-7a80-4f8d-8682-9863113bc81a,2026-09-04,18:41:04.27,2026-09-04T14:41:04.2700000-04:00,2026-09-04T18:41:04.2700000Z,,v3,471298,,,,,Undefined,FOR_RAM,3f42ffd9-303c-4813-88eb-3539f9068b68,38.61604,-77.06476,2.03544,4.00873,6.53212,-18.25124,1.0208,1.72588,-9.17374,,,,,,,,,,,,,,,,,,,,,,,,,,,,,,,,,,,,,,,,,,,,,,,,,,,Low,Low,Low,,,,,
212,2026-09-04,14:41:18.39,,,,,Undefined,FOR_RAM,"Ford, Tim",1000142266,Right,FOR_RAM,Undefined,1,Bottom,0,0,0,Undefined,Curveball,Undefined,Undefined,FlyBall,Undefined,0,0,,49.97587,4.698887,-0.985332,2847.328636,325.862123,4:45,4.30541,-0.38084,21.91026,-59.92145,-6.07079,5.02044,2.36839,-0.60192,47.04596,-10.906701,0.30387,0.528162,73.98033,54.480993,22.851942,,91.1933,100.83306,61.51237,193.18962,154.16523,37.313069,5.101988,-5.47737,-6.96331,0.15776,50,2.98172,1.6889,-74.57802,11.39758,-3.04698,9.9979,-36.04761,FOR_RAM,,FordhamUniversity,,,20260904-FordhamUniversity-BP-1,37daa8f0-a890-11f1-884b-8d6b77d225c8,71.36535,100.8911,,2.92991,,,,1.1174,2.21161,0.56468,568bcc58-7a80-4f8d-8682-9863113bc81a,2026-09-04,18:41:18.39,2026-09-04T14:41:18.3970000-04:00,2026-09-04T18:41:18.3970000Z,Popup,v3,471298,,,,,Undefined,FOR_RAM,d8ac8828-34c4-4a4f-a2cd-71a57915e790,38.59581,-73.03318,4.99895,4.31251,5.82763,-18.02381,0.38235,1.2181,-1.52349,205.735734,1.12292,57.94216,-15.03226,3.09252,0.34956,-0.49331,0.15156,-0.02066,0.00107,2.20052,88.52778,-24.05283,3.18342,-1.07902,0.30388,-0.04749,0.00326,-6E-05,0.56032,24.57944,1.02837,-0.34328,-0.3177,0.23721,-0.0672,0.00885,-0.00045,,,,,,,,,,,,,,,,,,,,,,,High,High,High,Medium,Medium,,,
213,2026-09-04,14:41:24.84,,,,,Undefined,FOR_RAM,"Ford, Tim",1000142266,Right,FOR_RAM,Undefined,1,Bottom,0,0,0,Undefined,,Undefined,Undefined,Undefined,Undefined,0,0,,48.18692,3.470221,-1.194606,2934.678276,,,4.0398,-1.13211,21.88637,,,,2.36557,0.26659,46.7529,-8.747965,5.491375,0.5391,,,,,,,,,,,,-27.79419,9.08249,0.72274,50,3.00838,3.76303,-71.45061,8.63078,-14.8445,5.66927,-27.32323,FOR_RAM,,FordhamUniversity,,,20260904-FordhamUniversity-BP-1,3ba74150-a890-11f1-884b-8d6b77d225c8,69.9173,,,1.43402,,,,,,,568bcc58-7a80-4f8d-8682-9863113bc81a,2026-09-04,18:41:24.84,2026-09-04T14:41:24.8460000-04:00,2026-09-04T18:41:24.8460000Z,,v3,471298,,,,,Undefined,FOR_RAM,ad91c628-63f4-43df-ba1c-ea118759d477,38.62041,-70.54191,2.83464,4.04077,4.25129,-13.66161,1.13521,1.38368,-7.42225,,,,,,,,,,,,,,,,,,,,,,,,,,,,,,,,,,,,,,,,,,,,,,,,,,,Low,Low,Low,,,,,
214,2026-09-04,14:41:34.99,,,,,Undefined,FOR_RAM,"Ford, Tim",1000142266,Right,FOR_RAM,Undefined,1,Bottom,0,0,0,Undefined,Curveball,Undefined,Undefined,LineDrive,Undefined,0,0,,51.40995,4.550929,-0.477266,3104.396658,324.260746,4:45,4.30715,-0.36383,21.89842,-57.45251,-6.6752,5.68,2.47982,-0.2003,48.44106,-10.40503,0.98095,0.512869,89.89885,11.497043,14.630408,2547.124569,103.28322,14.88276,37.84913,210.64263,201.94393,25.195471,2.062752,-6.03638,-7.73481,0.23694,50,3.02478,1.12232,-76.70588,11.34105,-3.5632,10.30706,-36.73981,FOR_RAM,,FordhamUniversity,,,20260904-FordhamUniversity-BP-1,41d6cff0-a890-11f1-884b-8d6b77d225c8,73.49333,14.88101,,2.96889,,,,0.59066,2.39272,0.14835,568bcc58-7a80-4f8d-8682-9863113bc81a,2026-09-04,18:41:34.99,2026-09-04T14:41:34.9960000-04:00,2026-09-04T18:41:34.9960000Z,LineDrive,v3,471298,,,,,Undefined,FOR_RAM,b2e07f79-fef4-462f-8439-f66c2c95e870,38.60789,-75.15952,5.15353,4.31279,5.82901,-18.36991,0.36522,0.58774,-1.7816,246.952406,0.59066,125.01712,-22.06889,4.14322,-0.74673,0.10536,-0.01077,0.00042,5E-05,2.39272,26.27888,-14.2143,0.36302,0.06184,-0.01459,-0.00012,0.00126,-0.00021,0.14837,32.63261,9.51746,-3.41367,0.95817,-0.20716,0.0318,-0.00238,-2E-05,,,,,,,,,,,,,,,,,,,,,,,High,Medium,Medium,High,High,,,
215,2026-09-04,14:41:41.11,,,,,Undefined,FOR_RAM,"Ford, Tim",1000142266,Right,FOR_RAM,Undefined,1,Bottom,0,0,0,Undefined,,Undefined,Undefined,LineDrive,Undefined,0,0,,50.64901,4.355275,-2.456388,3032.328262,,,4.11836,-0.83018,21.85537,,,,2.33889,-0.19633,50.15215,-9.848461,4.404367,0.508292,,,,,,,,,,,,-28.59557,-6.13091,0.15728,50.00015,2.84761,5.73874,-74.64987,11.07588,-17.20588,3.37003,-35.86301,FOR_RAM,,FordhamUniversity,,,20260904-FordhamUniversity-BP-1,455b89e0-a890-11f1-884b-8d6b77d225c8,74.15516,,,0.49686,,,,,,,568bcc58-7a80-4f8d-8682-9863113bc81a,2026-09-04,18:41:41.11,2026-09-04T14:41:41.1170000-04:00,2026-09-04T18:41:41.1170000Z,,v3,471298,,,,,Undefined,FOR_RAM,91c20d69-522b-46f1-804a-cae0c18906bb,38.65587,-74.13598,1.68501,4.11961,5.60708,-17.93151,0.83234,3.115,-8.60294,,,,,,,,,,,,,,,,,,,,,,,,,,,,,,,,,,,,,,,,,,,,,,,,,,,Low,Low,Low,,,,,
216,2026-09-04,14:41:56.87,,,,,Undefined,FOR_RAM,"Forney, Colden",1000306564,Right,FOR_RAM,Undefined,1,Bottom,0,0,0,Undefined,,Undefined,Undefined,FlyBall,Undefined,0,0,,53.33952,4.294756,-2.111325,1868.086131,,,4.04714,-0.87248,21.93531,,,,3.18694,0.03024,52.50769,-7.007022,4.882596,0.481615,,,,,,,,,,,,-29.50817,0.64484,0.24862,50.00004,2.85475,5.71626,-78.50135,10.48453,-19.69972,3.39165,-31.74354,FOR_RAM,,FordhamUniversity,,,20260904-FordhamUniversity-BP-1,4ea9e4b0-a890-11f1-884b-8d6b77d225c8,78.26254,,,0.83183,,,,,,,568bcc58-7a80-4f8d-8682-9863113bc81a,2026-09-04,18:41:56.87,2026-09-04T14:41:56.8750000-04:00,2026-09-04T18:41:56.8750000Z,,v3,471298,,,,,Undefined,FOR_RAM,44a58db6-d66c-49b9-b334-d56c4cf380c5,38.57217,-78.00605,1.69583,4.04739,5.84883,-15.87177,0.87333,2.83939,-9.84986,,,,,,,,,,,,,,,,,,,,,,,,,,,,,,,,,,,,,,,,,,,,,,,,,,,Low,Low,Low,,,,,
217,2026-09-04,14:42:03.78,,,,,Undefined,FOR_RAM,"Forney, Colden",1000306564,Right,FOR_RAM,Undefined,1,Bottom,0,0,0,Undefined,,Undefined,Undefined,Undefined,Undefined,0,0,,50.87731,3.357733,-0.077923,3123.824353,,,4.0271,-1.21764,22.06149,,,,2.74032,0.90094,49.26418,-7.462665,6.617162,0.508279,94.14992,18.886726,-46.523198,1718.612349,73.03573,20.73442,-82.25414,197.41677,138.14906,-51.558883,1.90115,-27.66962,8.55693,1.02609,50,3.03762,2.53621,-75.52127,8.5159,-16.47323,6.53323,-27.07963,FOR_RAM,,FordhamUniversity,,,20260904-FordhamUniversity-BP-1,52dd7c40-a890-11f1-884b-8d6b77d225c8,74.15695,20.86288,,1.61314,,,,3.00484,2.56733,-0.0254,568bcc58-7a80-4f8d-8682-9863113bc81a,2026-09-04,18:42:03.78,2026-09-04T14:42:03.7810000-04:00,2026-09-04T18:42:03.7810000Z,LineDrive,v3,471298,,,,,Undefined,FOR_RAM,a830d78e-a0c7-4978-8c51-15902185fc60,38.44567,-74.51502,3.26662,4.02805,4.34508,-13.53981,1.22133,-0.001,-8.23662,,3.00484,89.89632,-20.96767,5.2752,-1.33797,0.34715,-0.08027,0.01337,-0.00112,2.56733,44.69822,-30.99194,5.3492,-1.40449,0.3599,-0.08311,0.01386,-0.00115,-0.0254,-94.80784,10.63882,-2.7228,0.67825,-0.176,0.0407,-0.00677,0.00057,,,,,,,,,,,,,,,,,,,,,,,Low,Low,Low,Low,Low,,,
218,2026-09-04,14:42:10.11,,,,,Undefined,FOR_RAM,"Forney, Colden",1000306564,Right,FOR_RAM,Undefined,1,Bottom,0,0,0,Undefined,,Undefined,Undefined,LineDrive,Undefined,0,0,,50.19006,3.731372,-0.735368,3006.719689,,,3.98779,-1.1611,21.8304,,,,2.1441,0.64815,49.72413,-9.411494,6.291965,0.513408,96.10398,16.492406,-21.587727,5037.986667,102.0434,28.12071,-41.07475,312.77337,307.62142,-22.106816,3.399983,-29.10781,-0.65791,0.82693,50.00024,2.87594,3.51301,-74.12979,9.75539,-17.18729,3.75729,-32.56252,FOR_RAM,,FordhamUniversity,,,20260904-FordhamUniversity-BP-1,56c42c50-a890-11f1-884b-8d6b77d225c8,73.41611,33.95213,,0.46593,,,,2.31952,2.18933,-0.2265,568bcc58-7a80-4f8d-8682-9863113bc81a,2026-09-04,18:42:10.11,2026-09-04T14:42:10.1190000-04:00,2026-09-04T18:42:10.1190000Z,LineDrive,v3,471298,,,,,Undefined,FOR_RAM,33b10365-fc57-48e3-9156-30ef41c4e258,38.67991,-73.55377,1.87865,3.98884,4.76339,-16.28126,1.16352,0.8781,-8.59365,165.474918,2.31952,125.67373,-21.79744,5.02273,-1.06661,0.19391,-0.02881,0.00307,-0.00014,2.18928,40.01617,-12.65756,-0.2312,0.21526,-0.02951,-0.00454,0.00289,-0.00036,-0.2265,-49.72553,5.73828,-0.24073,-0.13376,0.05752,-0.01394,0.00193,-0.00012,,,,,,,,,,,,,,,,,,,,,,,Low,Low,Low,High,Medium,,,
219,2026-09-04,14:42:17.72,,,,,Undefined,FOR_RAM,"Forney, Colden",1000306564,Right,FOR_RAM,Undefined,1,Bottom,0,0,0,Undefined,,Undefined,Undefined,GroundBall,Undefined,0,0,,52.2617,4.137553,-1.204569,3149.533806,,,4.07209,-1.05214,21.99189,,,,2.96042,0.43471,51.52935,-7.619295,5.784965,0.49094,91.44897,-5.237911,-20.294155,,,,,37.22174,24.72773,-18.549046,0.26137,-29.13962,0.76909,0.61604,50.00021,2.89552,4.32794,-77.10607,10.24441,-18.65474,3.86145,-31.68169,FOR_RAM,,FordhamUniversity,,,20260904-FordhamUniversity-BP-1,5b2c4160-a890-11f1-884b-8d6b77d225c8,76.7761,3.20649,,0.73235,,,,2.48241,3.20649,0.29056,568bcc58-7a80-4f8d-8682-9863113bc81a,2026-09-04,18:42:17.72,2026-09-04T14:42:17.7230000-04:00,2026-09-04T18:42:17.7230000Z,GroundBall,v3,471298,,,,,Undefined,FOR_RAM,82ed7fad-18b9-4765-9c86-d33e595df5d6,38.51789,-76.52888,1.93073,4.07288,5.50878,-15.84084,1.05456,1.53952,-9.32737,180,2.4723,125.51427,,,,,,,,3.20747,-12.26798,,,,,,,,0.2943,-46.41458,,,,,,,,,,,,,,,,,,,,,,,,,,,,,,Low,Low,Low,Low,Low,,,
220,2026-09-04,14:42:29.54,,,,,Undefined,FOR_RAM,"Dean, Mason",1000150670,Left,FOR_RAM,Undefined,1,Bottom,0,0,0,Undefined,,Undefined,Undefined,FlyBall,Undefined,0,0,,52.27856,4.265639,-1.150791,3156.14082,,,3.95702,-1.09052,21.85952,,,,3.17648,0.40572,49.50236,-6.893438,5.739263,0.502447,89.71824,33.002085,12.174765,4241.846329,107.7739,65.7624,22.0174,341.86506,128.61719,11.206193,5.166787,-28.20974,5.64477,0.70837,50,2.81769,3.91989,-77.85065,9.8691,-17.38059,9.41416,-28.6962,FOR_RAM,,FordhamUniversity,,,20260904-FordhamUniversity-BP-1,623df2a0-a890-11f1-884b-8d6b77d225c8,75.01777,87.75735,,2.7762,,,,1.38189,2.95099,-0.33196,568bcc58-7a80-4f8d-8682-9863113bc81a,2026-09-04,18:42:29.54,2026-09-04T14:42:29.5420000-04:00,2026-09-04T18:42:29.5420000Z,FlyBall,v3,471298,,,,,Undefined,FOR_RAM,3601db5a-07c5-4e64-be84-7e446fd1bf48,38.64748,-76.46551,4.70708,3.95915,5.64693,-14.3481,1.09698,1.36263,-8.6903,177.332568,1.38374,107.8388,-19.73364,4.51765,-0.85253,0.14344,-0.0219,0.00244,-0.00012,2.95187,71.64526,-16.46421,0.42535,0.2536,-0.15752,0.04226,-0.00544,0.00027,-0.33152,23.26521,-4.84581,1.14924,-0.22537,0.03897,-0.00583,0.00062,-3E-05,,,,,,,,,,,,,,,,,,,,,,,Low,Low,Low,High,Low,,,
221,2026-09-04,14:42:43.27,,,,,Undefined,FOR_RAM,"Dean, Mason",1000150670,Left,FOR_RAM,Undefined,1,Bottom,0,0,0,Undefined,Curveball,Undefined,Undefined,LineDrive,Undefined,0,0,,52.72097,5.054339,-0.553733,3391.702917,335.820016,5:15,4.31278,-0.39714,21.93416,-58.58527,-9.05327,4.78485,2.71703,-0.3575,48.33831,-10.313334,0.675733,0.506541,100.29306,22.751722,31.108295,1946.208679,91.29332,43.53371,61.36327,390.62275,344.75258,41.139574,4.417133,-5.17394,-10.80575,0.26187,50,2.9384,1.16196,-79.09,12.26825,-3.12728,14.37579,-38.70537,FOR_RAM,,FordhamUniversity,,,20260904-FordhamUniversity-BP-1,6a71dcc0-a890-11f1-884b-8d6b77d225c8,74.41149,62.36293,,4.38267,,,,1.77294,2.78092,0.61841,568bcc58-7a80-4f8d-8682-9863113bc81a,2026-09-04,18:42:43.27,2026-09-04T14:42:43.2720000-04:00,2026-09-04T18:42:43.2720000Z,FlyBall,v3,471298,,,,,Undefined,FOR_RAM,8bf790ca-bcf8-4eaf-987d-4d2ea3054207,38.57099,-76.98458,7.18789,4.32005,6.59962,-19.35268,0.39851,0.70395,-1.56364,,1.77193,116.16876,-25.01551,6.23135,-1.34938,0.26816,-0.04664,0.00558,-0.0003,2.78301,56.83499,-13.12018,-0.81339,0.53586,-0.18584,0.04227,-0.00517,0.00025,0.61841,70.08453,-4.77261,0.65583,-0.06419,0.01569,-0.00586,0.00108,-7E-05,,,,,,,,,,,,,,,,,,,,,,,High,High,High,Medium,Medium,,,
222,2026-09-04,14:42:54.73,,,,,Undefined,FOR_RAM,"Dean, Mason",1000150670,Left,FOR_RAM,Undefined,1,Bottom,0,0,0,Undefined,,Undefined,Undefined,LineDrive,Undefined,0,0,,49.56405,5.041807,-2.334877,2934.963548,,,3.95364,-0.96739,22.08637,,,,2.92907,-0.22169,48.88138,-8.269958,4.628625,0.516664,99.02858,18.754426,16.763412,1966.489605,105.59003,36.42286,30.83317,387.0966,376.8792,17.277009,4.412687,-29.24301,-0.29,0.29618,50.00013,2.53019,5.56734,-72.93397,11.51771,-16.81834,3.10045,-32.34084,FOR_RAM,,FordhamUniversity,,,20260904-FordhamUniversity-BP-1,713df980-a890-11f1-884b-8d6b77d225c8,72.95353,52.95419,,0.68268,,,,1.01559,2.45384,-0.15709,568bcc58-7a80-4f8d-8682-9863113bc81a,2026-09-04,18:42:54.73,2026-09-04T14:42:54.7310000-04:00,2026-09-04T18:42:54.7310000Z,LineDrive,v3,471298,,,,,Undefined,FOR_RAM,374891ae-2dc9-4721-9eb7-91a3528aa58b,38.42314,-72.44016,1.55022,3.95443,6.36673,-16.17042,0.96958,2.88865,-8.40917,175.520228,1.01523,131.6956,-22.42695,4.98102,-1.02542,0.20739,-0.03694,0.00448,-0.00024,2.45486,46.66888,-9.33703,-1.61953,0.80045,-0.26725,0.06153,-0.00792,0.00042,-0.15699,39.66522,-7.92653,2.27671,-0.51057,0.09249,-0.01248,0.00115,-5E-05,,,,,,,,,,,,,,,,,,,,,,,Low,Low,Low,High,Medium,,,
223,2026-09-04,14:43:06.72,,,,,Undefined,FOR_RAM,"Dean, Mason",1000150670,Left,FOR_RAM,Undefined,1,Bottom,0,0,0,Undefined,,Undefined,Undefined,LineDrive,Undefined,0,0,,52.25203,4.868901,-0.755337,1862.869209,,,3.95869,-1.20132,22.03625,,,,3.33849,0.57205,50.89719,-6.893836,6.219347,0.493481,97.90443,12.274729,6.216955,1049.075375,109.65752,22.41505,8.67289,286.20914,284.71338,2.347301,2.96911,-28.90198,1.33244,0.86448,50,2.63736,3.64259,-77.25935,11.16837,-18.27493,5.44921,-31.33155,FOR_RAM,,FordhamUniversity,,,20260904-FordhamUniversity-BP-1,78820560-a890-11f1-884b-8d6b77d225c8,76.38079,25.73892,,1.35484,,,,0.68579,2.96921,-0.48881,568bcc58-7a80-4f8d-8682-9863113bc81a,2026-09-04,18:43:06.72,2026-09-04T14:43:06.7270000-04:00,2026-09-04T18:43:06.7270000Z,LineDrive,v3,471298,,,,,Undefined,FOR_RAM,c44f700c-79be-4a8b-9af8-04fcf8a3b8e6,38.47345,-76.44204,2.7246,3.96005,6.46907,-15.66577,1.20526,0.9016,-9.13747,160.959996,0.68569,139.49032,-24.8339,5.53414,-1.16057,0.26748,-0.06069,0.00947,-0.00066,2.96964,30.50666,-9.04335,-1.43969,0.78373,-0.37818,0.12666,-0.0232,0.00176,-0.48894,15.20107,-6.9975,1.94252,-0.54333,0.17434,-0.04874,0.00838,-0.00062,,,,,,,,,,,,,,,,,,,,,,,Low,Low,Low,High,Medium,,,
224,2026-09-04,14:43:22.78,,,,,Undefined,FOR_RAM,"Grabau, Anthony",1000407420,Left,FOR_RAM,Undefined,1,Bottom,0,0,0,Undefined,,Undefined,Undefined,LineDrive,Undefined,0,0,,48.936,3.936898,-2.299511,2980.500939,,,4.17039,-0.91398,21.94801,,,,2.28051,-0.13506,48.5277,-9.777383,4.698064,0.524501,92.5568,14.014814,35.661812,2998.749428,86.36498,14.84607,68.12539,192.67735,146.28522,41.056521,1.750892,-29.26639,-0.5072,0.25903,50.00013,2.9799,5.43713,-72.12107,10.06921,-16.45423,3.05479,-32.45921,FOR_RAM,,FordhamUniversity,,,20260904-FordhamUniversity-BP-1,81ebb060-a890-11f1-884b-8d6b77d225c8,71.86346,15.02607,,0.4083,,,,2.18835,2.19693,0.16533,568bcc58-7a80-4f8d-8682-9863113bc81a,2026-09-04,18:43:22.78,2026-09-04T14:43:22.7820000-04:00,2026-09-04T18:43:22.7820000Z,LineDrive,v3,471298,,,,,Undefined,FOR_RAM,a8f9fc75-b0e3-4ed9-98df-b229777f65bb,38.5616,-71.63494,1.52739,4.17128,4.90371,-16.22961,0.91593,2.81864,-8.22712,,2.18837,107.00759,-18.7296,3.29432,-0.36593,-0.36143,0.3259,-0.1185,0.01646,2.19694,32.87434,-22.82334,2.57562,-0.47227,0.0011,0.06166,-0.02567,0.00368,0.16531,76.78853,-2.28863,-0.21857,-0.24473,0.48786,-0.36912,0.13213,-0.01847,,,,,,,,,,,,,,,,,,,,,,,Low,Low,Low,Medium,Medium,,,
225,2026-09-04,14:43:30.39,,,,,Undefined,FOR_RAM,"Grabau, Anthony",1000407420,Left,FOR_RAM,Undefined,1,Bottom,0,0,0,Undefined,,Undefined,Undefined,FlyBall,Undefined,0,0,,49.97912,4.388289,-2.023564,3052.63826,,,3.99232,-0.94298,21.95764,,,,2.89313,-0.00155,49.3037,-7.83326,4.914478,0.513774,,,,,,,,,,,,-29.31072,3.42945,0.33614,50.00004,2.74972,5.23132,-73.54255,10.31255,-17.17147,2.98903,-30.16494,FOR_RAM,,FordhamUniversity,,,20260904-FordhamUniversity-BP-1,866810c0-a890-11f1-884b-8d6b77d225c8,73.36388,,,0.67542,,,,,,,568bcc58-7a80-4f8d-8682-9863113bc81a,2026-09-04,18:43:30.39,2026-09-04T14:43:30.3920000-04:00,2026-09-04T18:43:30.3920000Z,,v3,471298,,,,,Undefined,FOR_RAM,51284768-d2b7-4324-a407-e55b6ce54724,38.54954,-73.07568,1.49451,3.99252,5.60094,-15.08247,0.94378,2.54922,-8.58574,,,,,,,,,,,,,,,,,,,,,,,,,,,,,,,,,,,,,,,,,,,,,,,,,,,Low,Low,Low,,,,,
226,2026-09-04,14:43:42.52,,,,,Undefined,FOR_RAM,"Grabau, Anthony",1000407420,Left,FOR_RAM,Undefined,1,Bottom,0,0,0,Undefined,Curveball,Undefined,Undefined,LineDrive,Undefined,0,0,,52.1874,3.823746,-0.104357,3232.892579,337.264319,5:15,4.32954,-0.40679,21.9083,-51.95046,-2.19992,1.50146,2.48541,-0.34939,48.58643,-9.779602,0.281285,0.507657,98.37074,23.770913,13.244324,1151.520493,107.75358,42.84368,22.11613,360.76548,357.82596,9.585725,4.221617,-1.5889,-2.96996,0.37792,50,3.23165,0.26892,-78.0969,9.97619,-0.95681,12.1229,-33.96253,FOR_RAM,,FordhamUniversity,,,20260904-FordhamUniversity-BP-1,8dd883d0-a890-11f1-884b-8d6b77d225c8,74.24786,57.30766,,3.60097,,,,1.74114,2.38287,0.18002,568bcc58-7a80-4f8d-8682-9863113bc81a,2026-09-04,18:43:42.52,2026-09-04T14:43:42.5200000-04:00,2026-09-04T18:43:42.5200000Z,FlyBall,v3,471298,,,,,Undefined,FOR_RAM,767673d6-a0d0-46f9-92ba-34ee2a119376,38.59572,-76.30609,6.06145,4.33478,4.95921,-16.98126,0.4072,0.12758,-0.47841,149.767145,1.74076,128.53496,-19.86292,4.15575,-0.93842,0.24859,-0.06363,0.01029,-0.00068,2.38357,58.13939,-16.63422,0.59123,0.1438,-0.1157,0.03958,-0.00604,0.00034,0.18018,30.24074,-9.50931,2.81932,-0.60461,0.10269,-0.01753,0.0024,-0.00014,,,,,,,,,,,,,,,,,,,,,,,High,Medium,Medium,Medium,High,,,
227,2026-09-04,14:43:49.44,,,,,Undefined,FOR_RAM,"Grabau, Anthony",1000407420,Left,FOR_RAM,Undefined,1,Bottom,0,0,0,Undefined,Curveball,Undefined,Undefined,GroundBall,Undefined,0,0,,50.3238,4.934741,-0.948443,2945.059535,310.11047,4:15,4.30313,-0.37931,21.90257,-58.99641,-5.30158,8.07556,2.59798,-0.32198,46.8415,-10.484026,1.124031,0.527397,81.14285,1.597178,41.251093,3950.648119,,,,58.27526,54.06868,40.386971,0.504068,-8.64453,-6.44863,0.14838,50,2.94443,1.89248,-75.23319,11.65163,-4.82579,11.3368,-35.77398,FOR_RAM,,FordhamUniversity,,,20260904-FordhamUniversity-BP-1,91db9580-a890-11f1-884b-8d6b77d225c8,71.46881,3.04066,,3.4823,,,,2.59959,2.89461,0.50135,568bcc58-7a80-4f8d-8682-9863113bc81a,2026-09-04,18:43:49.44,2026-09-04T14:43:49.4480000-04:00,2026-09-04T18:43:49.4480000Z,GroundBall,v3,471298,,,,,Undefined,FOR_RAM,d1718665-1a34-4e12-8386-07341126c6d4,38.60269,-73.49568,5.6684,4.31003,6.16881,-17.88699,0.38175,1.15287,-2.41289,,2.61198,89.10871,-12.40943,,,,,,,2.90572,3.02121,-17.47106,,,,,,,0.50858,78.24669,-8.64983,,,,,,,,,,,,,,,,,,,,,,,,,,,,,High,High,High,Medium,High,,,
228,2026-09-04,14:44:00.82,,,,,Undefined,FOR_RAM,"Reina, Braedon",10305192,Left,FOR_RAM,Undefined,1,Bottom,0,0,0,Undefined,Curveball,Undefined,Undefined,Undefined,Undefined,0,0,,51.56023,4.647555,-0.904138,3036.804387,315.491096,4:30,4.30159,-0.38586,21.89406,-56.60365,-5.63079,6.88359,2.60876,-0.39923,48.10593,-10.133749,0.862088,0.513855,100.90969,19.999332,37.766376,2358.499873,82.08942,30.3878,73.21987,294.10354,225.97919,48.415992,2.817662,-7.46217,-6.90378,0.16778,50,3.00887,1.79811,-77.06249,11.39234,-4.38959,11.52163,-36.23519,FOR_RAM,,FordhamUniversity,,,20260904-FordhamUniversity-BP-1,989f74e0-a890-11f1-884b-8d6b77d225c8,73.35224,33.81859,,3.45431,,,,1.63814,2.54828,0.82365,568bcc58-7a80-4f8d-8682-9863113bc81a,2026-09-04,18:44:00.82,2026-09-04T14:44:00.8220000-04:00,2026-09-04T18:44:00.8220000Z,LineDrive,v3,471298,,,,,Undefined,FOR_RAM,4ded5182-9b44-449d-8eb4-bbe3c2e642ff,38.61148,-75.34055,5.76081,4.30681,5.9769,-18.1176,0.38749,1.14208,-2.1948,,1.63819,109.94096,-22.61951,4.69933,-0.90314,0.06642,0.02653,-0.01048,0.00123,2.54826,50.61888,-23.23399,2.71863,-0.56554,0.13527,-0.03323,0.00646,-0.0006,0.82371,85.17078,0.0704,-2.14957,0.85735,-0.27626,0.07111,-0.01284,0.00107,,,,,,,,,,,,,,,,,,,,,,,High,High,High,Medium,Low,,,
229,2026-09-04,14:44:07.59,,,,,Undefined,FOR_RAM,"Reina, Braedon",10305192,Left,FOR_RAM,Undefined,1,Bottom,0,0,0,Undefined,,Undefined,Undefined,FlyBall,Undefined,0,0,,51.79324,3.7157,-2.511816,3273.541476,,,4.11254,-0.84614,22.05274,,,,2.52825,-0.21219,49.29049,-8.807011,4.467961,0.503727,,,,,,,,,,,,-29.1588,0.6413,0.17133,50,3.02151,5.84137,-77.13064,9.64403,-17.69686,8.92221,-31.78483,FOR_RAM,,FordhamUniversity,,,20260904-FordhamUniversity-BP-1,9cc21c80-a890-11f1-884b-8d6b77d225c8,74.82712,,,2.50276,,,,,,,568bcc58-7a80-4f8d-8682-9863113bc81a,2026-09-04,18:44:07.59,2026-09-04T14:44:07.5970000-04:00,2026-09-04T18:44:07.5970000Z,,v3,471298,,,,,Undefined,FOR_RAM,4af7a81f-e7ec-4bca-8414-62ee56339378,38.45548,-75.78344,4.46111,4.11537,4.84472,-15.89242,0.8516,3.16926,-8.84843,,,,,,,,,,,,,,,,,,,,,,,,,,,,,,,,,,,,,,,,,,,,,,,,,,,Low,Low,Low,,,,,
230,2026-09-04,14:44:22.98,,,,,Undefined,FOR_RAM,"Reina, Braedon",10305192,Left,FOR_RAM,Undefined,1,Bottom,0,0,0,Undefined,,Undefined,Undefined,FlyBall,Undefined,0,0,,50.834,5.732976,-2.355123,3102.423326,,,4.04408,-0.78625,22.09831,,,,2.9073,-0.98601,50.15194,-9.29583,1.728886,0.503726,,,,,,,,,,,,-17.31528,-10.408,0.18928,50.00005,2.42309,4.65338,-74.63452,13.40903,-10.47334,2.85258,-38.46944,FOR_RAM,,FordhamUniversity,,,20260904-FordhamUniversity-BP-1,a5d20ec0-a890-11f1-884b-8d6b77d225c8,74.8273,,,0.68205,,,,,,,568bcc58-7a80-4f8d-8682-9863113bc81a,2026-09-04,18:44:22.98,2026-09-04T14:44:22.9850000-04:00,2026-09-04T18:44:22.9850000Z,,v3,471298,,,,,Undefined,FOR_RAM,21b561c2-649e-4d89-a566-7f88031d82c3,38.41007,-74.19023,1.42629,4.04497,7.41729,-19.23472,0.78702,3.02212,-5.23667,,,,,,,,,,,,,,,,,,,,,,,,,,,,,,,,,,,,,,,,,,,,,,,,,,,Low,Low,Low,,,,,
231,2026-09-04,14:44:30.00,,,,,Undefined,FOR_RAM,"Reina, Braedon",10305192,Left,FOR_RAM,Undefined,1,Bottom,0,0,0,Undefined,,Undefined,Undefined,Undefined,Undefined,0,0,,49.08836,5.062972,-2.30059,2839.67779,,,4.02256,-0.86189,22.01378,,,,2.69105,-0.10178,48.50933,-9.217331,4.637588,0.522707,,,,,,,,,,,,-29.01565,-3.17114,0.20634,50.00016,2.58054,5.42719,-72.27575,11.74819,-16.36799,3.14767,-33.96293,FOR_RAM,,FordhamUniversity,,,20260904-FordhamUniversity-BP-1,aa0a1320-a890-11f1-884b-8d6b77d225c8,72.11004,,,0.57903,,,,,,,568bcc58-7a80-4f8d-8682-9863113bc81a,2026-09-04,18:44:30.00,2026-09-04T14:44:30.0050000-04:00,2026-09-04T18:44:30.0050000Z,,v3,471298,,,,,Undefined,FOR_RAM,98159c14-27b3-4665-a360-26379c609ffc,38.49701,-71.77303,1.57384,4.02371,6.3239,-16.98146,0.86437,2.81303,-8.184,,,,,,,,,,,,,,,,,,,,,,,,,,,,,,,,,,,,,,,,,,,,,,,,,,,Low,Low,Low,,,,,
232,2026-09-04,14:44:43.92,,,,,Undefined,FOR_RAM,"Ford, Tim",1000142266,Right,FOR_RAM,Undefined,1,Bottom,0,0,0,Undefined,Curveball,Undefined,Undefined,Undefined,Undefined,0,0,,51.57843,4.23471,-0.71474,3012.519917,313.336249,4:30,4.31239,-0.37461,21.97368,-57.40657,-6.12126,8.15209,2.27696,-0.1583,47.67145,-10.82411,1.38319,0.515428,,,,,,,,,,,,-8.79623,-7.5391,0.18624,50,3.09158,1.65209,-77.38076,10.91256,-5.12331,13.19331,-36.56516,FOR_RAM,,FordhamUniversity,,,20260904-FordhamUniversity-BP-1,b261d8f0-a890-11f1-884b-8d6b77d225c8,73.12845,,,3.90698,,,,,,,568bcc58-7a80-4f8d-8682-9863113bc81a,2026-09-04,18:44:43.92,2026-09-04T14:44:43.9260000-04:00,2026-09-04T18:44:43.9260000Z,,v3,471298,,,,,Undefined,FOR_RAM,1fde5fc0-44db-469e-8c0b-cdb037547822,38.53147,-75.40004,6.59665,4.31782,5.42302,-18.28258,0.37653,0.88292,-2.56166,,,,,,,,,,,,,,,,,,,,,,,,,,,,,,,,,,,,,,,,,,,,,,,,,,,High,Medium,Medium,,,,,
233,2026-09-04,14:44:50.62,,,,,Undefined,FOR_RAM,"Ford, Tim",1000142266,Right,FOR_RAM,Undefined,1,Bottom,0,0,0,Undefined,,Undefined,Undefined,GroundBall,Undefined,0,0,,50.47469,3.316729,-1.046121,3253.210766,,,4.10715,-1.12165,21.88579,,,,2.42992,0.45783,49.95261,-8.504934,5.902553,0.509312,95.24788,6.816602,-23.955055,2228.476424,,,,97.82612,94.47005,-21.852087,0.795923,-28.8488,4.16622,0.72479,50.00023,3.10631,3.92823,-74.52018,8.81096,-17.25469,3.58547,-29.68219,FOR_RAM,,FordhamUniversity,,,20260904-FordhamUniversity-BP-1,b6625290-a890-11f1-884b-8d6b77d225c8,74.00661,4.61926,,0.52208,,,,0.94466,1.96711,0.69882,568bcc58-7a80-4f8d-8682-9863113bc81a,2026-09-04,18:44:50.62,2026-09-04T14:44:50.6220000-04:00,2026-09-04T18:44:50.6220000Z,GroundBall,v3,471298,,,,,Undefined,FOR_RAM,32b710d6-4fb6-4a0c-a327-b110c7fb9bf6,38.62358,-73.97078,1.79273,4.10796,4.26276,-14.8411,1.12415,1.28429,-8.62734,,1.00189,125.77956,-16.36576,,,,,,,2.05531,15.05645,-22.28608,,,,,,,0.6414,-55.32635,11.10256,,,,,,,,,,,,,,,,,,,,,,,,,,,,,Low,Low,Low,Medium,Medium,,,
234,2026-09-04,14:44:58.46,,,,,Undefined,FOR_RAM,"Ford, Tim",1000142266,Right,FOR_RAM,Undefined,1,Bottom,0,0,0,Undefined,,Undefined,Undefined,LineDrive,Undefined,0,0,,47.97207,3.666124,-0.684973,2749.205869,,,3.93758,-1.21974,22.01761,,,,1.87809,0.59828,47.64768,-10.024078,6.296301,0.534351,77.16051,12.541919,-47.898213,3550.668873,,,,82.04826,82.04826,-47.912007,0.817557,-29.08427,1.81791,0.88574,50.00021,2.79371,3.34128,-70.83603,9.56286,-15.69566,3.35576,-31.19299,FOR_RAM,,FordhamUniversity,,,20260904-FordhamUniversity-BP-1,bafe48e0-a890-11f1-884b-8d6b77d225c8,70.53869,5.72439,,0.32438,,,,2.5821,1.37314,-0.04578,568bcc58-7a80-4f8d-8682-9863113bc81a,2026-09-04,18:44:58.46,2026-09-04T14:44:58.4650000-04:00,2026-09-04T18:44:58.4650000Z,LineDrive,v3,471298,,,,,Undefined,FOR_RAM,69fcb960-06e8-4a05-80d5-2e6645ad167c,38.4918,-70.28872,1.67788,3.9385,4.47542,-15.5965,1.22194,0.78138,-7.84783,,2.5821,74.06328,-12.7221,0.64491,0.0855,-0.09365,0.0348,-0.0086,0.00125,1.37314,24.57498,-37.12757,7.3269,-1.76177,0.43649,-0.09741,0.02026,-0.00274,-0.04578,-81.96232,8.9532,0.58261,-0.42805,0.18725,-0.0588,0.01411,-0.00204,,,,,,,,,,,,,,,,,,,,,,,Low,Low,Low,Low,High,,,
235,2026-09-04,14:45:10.20,,,,,Undefined,FOR_RAM,"Ford, Tim",1000142266,Right,FOR_RAM,Undefined,1,Bottom,0,0,0,Undefined,Curveball,Undefined,Undefined,FlyBall,Undefined,0,0,,51.53084,5.023021,-0.791571,3359.476598,319.101753,4:45,4.30032,-0.36916,21.88297,-58.92987,-8.11756,8.13701,2.66004,-0.20514,48.34328,-10.321324,1.295981,0.513045,84.82709,29.554056,19.623021,4109.756039,98.17249,53.28982,49.62003,300.30125,297.47837,37.864968,4.232787,-8.73902,-9.61193,0.16514,50,2.91501,1.76159,-76.90013,12.12878,-5.16012,10.77686,-37.84958,FOR_RAM,,FordhamUniversity,,,20260904-FordhamUniversity-BP-1,c1f211e0-a890-11f1-884b-8d6b77d225c8,73.46804,62.04986,,3.18756,,,,0.72245,2.57428,0.20359,568bcc58-7a80-4f8d-8682-9863113bc81a,2026-09-04,18:45:10.20,2026-09-04T14:45:10.2010000-04:00,2026-09-04T18:45:10.2010000Z,FlyBall,v3,471298,,,,,Undefined,FOR_RAM,4333aeb2-efbe-4f3e-9ed0-c43cabac6a81,38.62364,-75.28895,5.38843,4.30531,6.47015,-18.92479,0.37084,0.99013,-2.58006,225.508954,0.72207,101.95105,-23.72591,6.0827,-1.42705,0.33327,-0.06989,0.00968,-0.00058,2.57548,61.33481,-16.37801,-0.25963,0.61847,-0.2862,0.07545,-0.01023,0.00055,0.20355,36.34665,5.46647,-2.2529,0.69297,-0.16808,0.03043,-0.00344,0.00017,,,,,,,,,,,,,,,,,,,,,,,High,Medium,Medium,High,High,,,
236,2026-09-04,14:45:21.29,,,,,Undefined,FOR_RAM,"Ford, Tim",1000142266,Right,FOR_RAM,Undefined,1,Bottom,0,0,0,Undefined,,Undefined,Undefined,LineDrive,Undefined,0,0,,51.3345,3.834421,-1.206872,3253.984148,,,3.97085,-1.11781,22.00252,,,,2.255,0.35743,50.8014,-9.154075,5.760456,0.499493,,,,,,,,,,,,-29.12533,-2.70437,0.67787,50.00015,2.81634,4.27163,-75.76262,10.16434,-18.00792,3.69487,-33.84615,FOR_RAM,,FordhamUniversity,,,20260904-FordhamUniversity-BP-1,c88c4930-a890-11f1-884b-8d6b77d225c8,75.46142,,,0.53311,,,,,,,568bcc58-7a80-4f8d-8682-9863113bc81a,2026-09-04,18:45:21.29,2026-09-04T14:45:21.2950000-04:00,2026-09-04T18:45:21.2950000Z,,v3,471298,,,,,Undefined,FOR_RAM,cf0bcca2-bb3b-4622-a9f4-0e1b9ffca588,38.50697,-75.20002,1.84743,3.97166,5.01075,-16.92307,1.11953,1.52965,-9.00396,,,,,,,,,,,,,,,,,,,,,,,,,,,,,,,,,,,,,,,,,,,,,,,,,,,Low,Low,Low,,,,,
237,2026-09-04,14:45:34.97,,,,,Undefined,FOR_RAM,"Forney, Colden",1000306564,Right,FOR_RAM,Undefined,1,Bottom,0,0,0,Undefined,,Undefined,Undefined,FlyBall,Undefined,0,0,,51.35875,4.683429,-2.014,3320.583898,,,4.07387,-0.88467,21.89906,,,,2.79946,0.06414,50.69572,-8.651947,4.927409,0.500935,,,,,,,,,,,,-28.88002,-3.92496,0.29662,50.00021,2.75737,5.26046,-75.70602,11.34069,-17.84662,3.60009,-34.5995,FOR_RAM,,FordhamUniversity,,,20260904-FordhamUniversity-BP-1,d0bf21e0-a890-11f1-884b-8d6b77d225c8,75.24418,,,0.66304,,,,,,,568bcc58-7a80-4f8d-8682-9863113bc81a,2026-09-04,18:45:34.97,2026-09-04T14:45:34.9770000-04:00,2026-09-04T18:45:34.9770000Z,,v3,471298,,,,,Undefined,FOR_RAM,33c672c7-a655-47e3-ace1-c0d4258fa0c4,38.61244,-75.16254,1.80004,4.07513,6.11745,-17.29975,0.8874,2.56629,-8.92331,,,,,,,,,,,,,,,,,,,,,,,,,,,,,,,,,,,,,,,,,,,,,,,,,,,Low,Low,Low,,,,,
238,2026-09-04,14:45:46.09,,,,,Undefined,FOR_RAM,"Forney, Colden",1000306564,Right,FOR_RAM,Undefined,1,Bottom,0,0,0,Undefined,,Undefined,Undefined,LineDrive,Undefined,0,0,,51.94536,3.992639,-1.479894,890.039513,,,4.18135,-1.01481,21.90406,,,,2.55727,0.28187,51.36542,-9.021797,5.470355,0.494943,97.39676,13.296146,-23.191228,2862.946748,99.95798,14.6189,-45.91729,192.52705,192.52705,-26.435025,1.711364,-28.88817,-3.80827,0.53142,50.00023,3.01167,4.6214,-76.68294,10.43009,-18.28291,3.86318,-34.58424,FOR_RAM,,FordhamUniversity,,,20260904-FordhamUniversity-BP-1,d75efe80-a890-11f1-884b-8d6b77d225c8,76.15516,14.81382,,0.57994,,,,1.56737,2.52073,0.14408,568bcc58-7a80-4f8d-8682-9863113bc81a,2026-09-04,18:45:46.09,2026-09-04T14:45:46.0960000-04:00,2026-09-04T18:45:46.0960000Z,LineDrive,v3,471298,,,,,Undefined,FOR_RAM,bc261588-957e-4219-9adc-56185707f9a0,38.60716,-76.10681,1.93159,4.18256,5.27241,-17.29212,1.01731,1.8948,-9.14145,,1.56737,127.78582,-22.86189,5.33637,-1.26607,0.30945,-0.07034,0.01193,-0.00105,2.52073,32.85286,-24.13309,3.3991,-0.84377,0.20478,-0.04613,0.00793,-0.00069,0.14408,-54.74592,3.83628,-0.93787,0.21503,-0.05238,0.01193,-0.00201,0.00018,,,,,,,,,,,,,,,,,,,,,,,Low,Low,Low,Medium,Medium,,,
239,2026-09-04,14:45:52.52,,,,,Undefined,FOR_RAM,"Forney, Colden",1000306564,Right,FOR_RAM,Undefined,1,Bottom,0,0,0,Undefined,,Undefined,Undefined,LineDrive,Undefined,0,0,,52.16767,3.590321,-3.123836,3375.818428,,,4.14725,-0.94728,22.03687,,,,2.59455,-0.70785,51.13573,-8.456958,3.860172,0.492609,,,,,,,,,,,,-29.87895,-0.20539,0.11007,50.00004,3.06162,6.9928,-76.88709,9.64403,-18.97847,4.04765,-32.30451,FOR_RAM,,FordhamUniversity,,,20260904-FordhamUniversity-BP-1,db55db30-a890-11f1-884b-8d6b77d225c8,76.51599,,,1.03193,,,,,,,568bcc58-7a80-4f8d-8682-9863113bc81a,2026-09-04,18:45:52.52,2026-09-04T14:45:52.5220000-04:00,2026-09-04T18:45:52.5220000Z,,v3,471298,,,,,Undefined,FOR_RAM,40c4464f-1616-4428-a079-e77fa5376ade,38.47002,-76.27768,2.02383,4.14747,4.78035,-16.15225,0.94779,4.13545,-9.48924,,,,,,,,,,,,,,,,,,,,,,,,,,,,,,,,,,,,,,,,,,,,,,,,,,,Low,Low,Low,,,,,
240,2026-09-04,14:46:00.43,,,,,Undefined,FOR_RAM,"Forney, Colden",1000306564,Right,FOR_RAM,Undefined,1,Bottom,0,0,0,Undefined,,Undefined,Undefined,LineDrive,Undefined,0,0,,52.27038,3.651005,-0.401302,3416.817257,,,4.05163,-1.28275,21.91254,,,,2.72922,0.72994,51.5945,-7.763954,6.591399,0.491955,90.93591,8.682458,-19.717407,975.667502,,,,120.24409,116.9759,-22.400429,1.019767,-28.99372,2.30028,1.01236,50.00028,2.9942,3.21746,-77.2093,9.41304,-18.56249,4.12465,-30.70136,FOR_RAM,,FordhamUniversity,,,20260904-FordhamUniversity-BP-1,e0190890-a890-11f1-884b-8d6b77d225c8,76.61772,6.74604,,0.67588,,,,1.70902,2.43629,-0.12438,568bcc58-7a80-4f8d-8682-9863113bc81a,2026-09-04,18:46:00.43,2026-09-04T14:46:00.4300000-04:00,2026-09-04T18:46:00.4300000Z,GroundBall,v3,471298,,,,,Undefined,FOR_RAM,038e3430-d864-40de-aec2-9fd1d860d6cb,38.59725,-76.59771,2.06232,4.05243,4.86073,-15.35068,1.28537,0.46507,-9.28124,56.957899,1.70902,124.11271,-19.74161,3.56936,0.32864,-1.5576,1.47886,-0.72952,0.1507,2.43629,20.13355,-24.73392,3.13426,-0.57624,-0.01779,0.11709,-0.0659,0.01406,-0.12438,-44.48314,-1.99417,1.78737,0.8602,-2.42091,2.35482,-1.181,0.24676,,,,,,,,,,,,,,,,,,,,,,,Low,Low,Low,High,Medium,,,
241,2026-09-04,14:46:23.97,,,,,Undefined,FOR_RAM,"Dean, Mason",1000150670,Left,FOR_RAM,Undefined,1,Bottom,0,0,0,Undefined,,Undefined,Undefined,Undefined,Undefined,0,0,,53.85454,4.168712,-1.128694,3456.16158,,,4.06105,-1.17381,22.13447,,,,3.13434,0.34849,51.59454,-7.201917,5.836067,0.481293,,,,,,,,,,,,-28.8488,0.7913,0.76852,50,2.8931,4.20129,-80.06865,10.31227,-19.09077,8.46104,-31.6504,FOR_RAM,,FordhamUniversity,,,20260904-FordhamUniversity-BP-1,ee024840-a890-11f1-884b-8d6b77d225c8,78.31494,,,2.26,,,,,,,568bcc58-7a80-4f8d-8682-9863113bc81a,2026-09-04,18:46:23.97,2026-09-04T14:46:23.9770000-04:00,2026-09-04T18:46:23.9770000Z,,v3,471298,,,,,Undefined,FOR_RAM,0f014d2d-cc61-49a9-87ef-ed8f5c5d12c0,38.37427,-78.83056,4.23052,4.06323,5.68092,-15.8252,1.1789,1.40777,-9.54538,,,,,,,,,,,,,,,,,,,,,,,,,,,,,,,,,,,,,,,,,,,,,,,,,,,Low,Low,Low,,,,,
242,2026-09-04,14:46:30.40,,,,,Undefined,FOR_RAM,"Dean, Mason",1000150670,Left,FOR_RAM,Undefined,1,Bottom,0,0,0,Undefined,Curveball,Undefined,Undefined,Undefined,Undefined,0,0,,48.56085,4.83319,-0.823546,2516.455437,309.884338,4:15,4.28697,-0.36427,21.83579,-62.23566,-5.45528,8.01461,2.25102,-0.2319,46.17563,-11.294289,1.22996,0.542339,,,,,,,,,,,,-8.52233,-6.37244,0.15613,50,2.92105,1.68499,-72.30041,11.48285,-4.51265,8.40159,-35.54831,FOR_RAM,,FordhamUniversity,,,20260904-FordhamUniversity-BP-1,f1c850f0-a890-11f1-884b-8d6b77d225c8,69.49982,,,2.38522,,,,,,,568bcc58-7a80-4f8d-8682-9863113bc81a,2026-09-04,18:46:30.40,2026-09-04T14:46:30.4000000-04:00,2026-09-04T18:46:30.4000000Z,,v3,471298,,,,,Undefined,FOR_RAM,76590c1e-fb85-4202-83fa-669d119cdce0,38.67095,-70.97171,4.20079,4.29249,5.86098,-17.77415,0.36617,0.97133,-2.25633,,,,,,,,,,,,,,,,,,,,,,,,,,,,,,,,,,,,,,,,,,,,,,,,,,,High,High,High,,,,,
243,2026-09-04,14:46:39.07,,,,,Undefined,FOR_RAM,"Dean, Mason",1000150670,Left,FOR_RAM,Undefined,1,Bottom,0,0,0,Undefined,Curveball,Undefined,Undefined,LineDrive,Undefined,0,0,,50.9779,4.573684,-0.895686,2900.257649,314.65184,4:30,4.29669,-0.37567,21.89427,-59.65165,-7.05347,8.71756,2.30156,-0.23071,47.26952,-11.018335,1.34268,0.521983,95.69313,24.726215,27.737881,2090.64791,97.12957,48.49077,51.63073,390.3164,379.72833,29.456462,5.086643,-9.39871,-8.51733,0.15006,50,3.00591,1.91279,-76.37716,11.3836,-5.35954,12.43909,-37.03101,FOR_RAM,,FordhamUniversity,,,20260904-FordhamUniversity-BP-1,f6ed7470-a890-11f1-884b-8d6b77d225c8,72.21004,73.25823,,3.70838,,,,1.86129,2.51861,0.57272,568bcc58-7a80-4f8d-8682-9863113bc81a,2026-09-04,18:46:39.07,2026-09-04T14:46:39.0760000-04:00,2026-09-04T18:46:39.0760000Z,LineDrive,v3,471298,,,,,Undefined,FOR_RAM,f4f2ba3d-6233-4962-a976-057c44556901,38.61135,-74.49927,6.21955,4.30246,5.79316,-18.51551,0.37775,1.10367,-2.67977,,1.86186,112.82232,-20.28817,4.5082,-0.90489,0.17002,-0.02744,0.00299,-0.00015,2.51969,58.68155,-12.12575,-0.42076,0.37097,-0.14727,0.03522,-0.00437,0.00022,0.57299,59.32896,-9.43733,2.06312,-0.40686,0.07635,-0.01254,0.00139,-7E-05,,,,,,,,,,,,,,,,,,,,,,,High,High,High,Medium,Medium,,,
244,2026-09-04,14:46:51.05,,,,,Undefined,FOR_RAM,"Dean, Mason",1000150670,Left,FOR_RAM,Undefined,1,Bottom,0,0,0,Undefined,,Undefined,Undefined,LineDrive,Undefined,0,0,,51.01948,5.385967,-1.762494,3267.71996,,,4.05699,-0.98342,22.18676,,,,2.61792,-0.0676,50.42197,-9.883967,4.599092,0.500762,98.38329,15.395054,8.715066,1994.731931,109.18626,27.58649,13.35312,322.2518,322.1881,4.146504,3.363447,-26.67368,-11.83784,0.44101,50.00019,2.49259,4.7611,-75.1948,13.11764,-16.24926,3.62,-39.3855,FOR_RAM,,FordhamUniversity,,,20260904-FordhamUniversity-BP-1,fe589050-a890-11f1-884b-8d6b77d225c8,75.27024,34.09212,,0.59751,,,,0.71149,2.32842,-0.18069,568bcc58-7a80-4f8d-8682-9863113bc81a,2026-09-04,18:46:51.05,2026-09-04T14:46:51.0560000-04:00,2026-09-04T18:46:51.0560000Z,LineDrive,v3,471298,,,,,Undefined,FOR_RAM,aca2ed7f-06e3-4081-9bf1-59585919357a,38.32571,-74.63066,1.81,4.05859,6.97976,-19.69275,0.98566,2.2288,-8.12463,156.838449,0.71168,137.50592,-22.47386,4.88767,-0.90133,0.15196,-0.02468,0.00314,-0.00019,2.32787,38.32182,-10.95607,-0.60819,0.20072,-0.05266,0.01707,-0.00332,0.00026,-0.18046,21.07293,-8.32516,2.168,-0.46316,0.09447,-0.01963,0.00305,-0.00022,,,,,,,,,,,,,,,,,,,,,,,Low,Low,Low,High,High,,,
245,2026-09-04,14:47:10.10,,,,,Undefined,FOR_RAM,"Grabau, Anthony",1000407420,Left,FOR_RAM,Undefined,1,Bottom,0,0,0,Undefined,Curveball,Undefined,Undefined,LineDrive,Undefined,0,0,,50.09045,4.176339,-0.785494,2809.53506,319.406916,4:45,4.33702,-0.37042,21.89578,-60.53283,-5.55587,6.3089,2.00878,-0.35462,46.11586,-11.683917,0.835844,0.533656,98.20918,15.614672,38.234033,2605.360628,82.15501,15.25691,73.14699,182.91042,137.28255,44.820171,1.627433,-6.77071,-6.49678,0.18384,50,3.13719,1.51359,-75.2244,10.61343,-3.69431,13.17516,-35.71889,FOR_RAM,,FordhamUniversity,,,20260904-FordhamUniversity-BP-1,098261e0-a891-11f1-884b-8d6b77d225c8,70.63054,15.61345,,3.97459,,,,2.81699,1.74439,0.92751,568bcc58-7a80-4f8d-8682-9863113bc81a,2026-09-04,18:47:10.10,2026-09-04T14:47:10.1030000-04:00,2026-09-04T18:47:10.1030000Z,LineDrive,v3,471298,,,,,Undefined,FOR_RAM,0f07f108-f473-4506-99ef-c5a312479627,38.60819,-73.202,6.58758,4.34554,5.13054,-17.85945,0.37265,0.94651,-1.84716,,2.81699,108.96615,-25.65686,5.76394,-1.46011,0.36214,-0.08505,0.01505,-0.00137,1.74439,38.77069,-30.12828,4.92334,-1.27362,0.32716,-0.07643,0.01375,-0.00128,0.92751,85.85278,-4.34575,-0.26456,0.23703,-0.09585,0.02704,-0.0054,0.00053,,,,,,,,,,,,,,,,,,,,,,,High,Medium,Medium,Medium,Medium,,,
246,2026-09-04,14:47:16.48,,,,,Undefined,FOR_RAM,"Grabau, Anthony",1000407420,Left,FOR_RAM,Undefined,1,Bottom,0,0,0,Undefined,,Undefined,Undefined,LineDrive,Undefined,0,0,,48.938,4.61099,-1.030874,2714.893112,,,3.99174,-1.15503,21.90915,,,,2.57719,0.45314,48.31735,-9.010366,5.972741,0.526241,97.13275,12.628876,15.76435,995.456436,104.43294,11.9855,34.5497,180.00978,163.86857,20.473294,1.511975,-29.14962,0.17748,0.75823,50.00021,2.67839,3.81054,-72.18224,10.83162,-16.31573,3.58204,-32.0747,FOR_RAM,,FordhamUniversity,,,20260904-FordhamUniversity-BP-1,0d427720-a891-11f1-884b-8d6b77d225c8,71.62575,12.51671,,0.62065,,,,1.8264,2.15259,-0.37102,568bcc58-7a80-4f8d-8682-9863113bc81a,2026-09-04,18:47:16.48,2026-09-04T14:47:16.4840000-04:00,2026-09-04T18:47:16.4840000Z,LineDrive,v3,471298,,,,,Undefined,FOR_RAM,add10661-8b06-46eb-8f09-04e9811999b7,38.60022,-71.61428,1.79102,3.99263,5.74595,-16.03735,1.15733,1.22356,-8.15786,297.069444,1.8264,133.78581,-18.17099,2.32849,-0.46306,0.07018,-0.01195,0.00204,-0.00017,2.15259,31.14699,-25.36913,3.3436,-0.73384,0.16913,-0.03307,0.00559,-0.00054,-0.37102,37.76768,4.7489,-1.854,0.48148,-0.12394,0.02651,-0.0047,0.00046,,,,,,,,,,,,,,,,,,,,,,,Low,Low,Low,High,High,,,
247,2026-09-04,14:47:24.76,,,,,Undefined,FOR_RAM,"Grabau, Anthony",1000407420,Left,FOR_RAM,Undefined,1,Bottom,0,0,0,Undefined,,Undefined,Undefined,GroundBall,Undefined,0,0,,52.34383,-0.253328,6.976116,3329.94557,,,4.52747,-1.46897,38.19323,,,,2.52545,0.79852,51.30002,-10.653552,5.401808,0.278714,53.37004,-12.860562,-5.241752,,,,,13.42224,9.84333,-6.831651,0.193414,13.08946,-25.47828,5.31282,50,1.60375,-12.32623,-79.58405,16.87949,8.47532,9.29668,-48.67106,FOR_RAM,,FordhamUniversity,,,20260904-FordhamUniversity-BP-1,120bbf00-a891-11f1-884b-8d6b77d225c8,135.23701,3.92605,,1.04381,,,,-1.34573,3.92605,-0.62983,568bcc58-7a80-4f8d-8682-9863113bc81a,2026-09-04,18:47:24.76,2026-09-04T14:47:24.7620000-04:00,2026-09-04T18:47:24.7620000Z,GroundBall,v3,471298,,,,,Undefined,FOR_RAM,db129805-9fbb-457b-aa33-73706cc0f308,22.31478,-76.28146,4.64834,4.52898,-0.41066,-24.33553,1.46879,-9.31541,4.23766,,-1.34596,76.0093,-0.7517,,,,,,,3.92619,-17.43228,-14.82784,,,,,,,-0.62973,-6.97833,10.23097,,,,,,,,,,,,,,,,,,,,,,,,,,,,,Low,Low,Low,Low,Low,,,
248,2026-09-04,14:47:30.90,,,,,Undefined,FOR_RAM,"Grabau, Anthony",1000407420,Left,FOR_RAM,Undefined,1,Bottom,0,0,0,Undefined,,Undefined,Undefined,LineDrive,Undefined,0,0,,50.10778,3.481953,-1.363871,3062.263965,,,4.07528,-1.0637,21.9019,,,,1.92804,0.3204,49.73603,-10.092454,5.629051,0.512902,96.8385,27.096942,10.708085,1801.280155,108.34781,51.16721,18.99143,361.88985,361.88985,9.973178,4.764646,-29.05667,-2.46185,0.60142,50.00023,2.99054,4.33024,-74.01409,9.62663,-17.12613,3.62842,-33.62508,FOR_RAM,,FordhamUniversity,,,20260904-FordhamUniversity-BP-1,15df8350-a891-11f1-884b-8d6b77d225c8,73.48859,72.44162,,0.37175,,,,2.0452,1.82722,-0.17271,568bcc58-7a80-4f8d-8682-9863113bc81a,2026-09-04,18:47:30.90,2026-09-04T14:47:30.9040000-04:00,2026-09-04T18:47:30.9040000Z,FlyBall,v3,471298,,,,,Undefined,FOR_RAM,43384a16-64d8-4c0b-b7de-6499b6fa309c,38.60902,-73.45353,1.81421,4.07649,4.43186,-16.81254,1.06602,1.68441,-8.56306,173.280414,2.04416,124.26247,-22.68319,5.24766,-1.14252,0.23794,-0.04143,0.00468,-0.00023,1.82976,64.63456,-16.04815,0.55836,0.09141,-0.07638,0.02231,-0.00298,0.00015,-0.1731,23.5026,-5.67629,1.5303,-0.30248,0.04139,-0.0032,0.00011,0,,,,,,,,,,,,,,,,,,,,,,,Low,Low,Low,High,High,,,
249,2026-09-04,14:47:43.06,,,,,Undefined,FOR_RAM,"Reina, Braedon",10305192,Left,FOR_RAM,Undefined,1,Bottom,0,0,0,Undefined,,Undefined,Undefined,LineDrive,Undefined,0,0,,52.28744,3.946303,-2.242799,3287.897611,,,4.19146,-0.6846,21.99002,,,,3.3344,-1.00206,49.59407,-6.804185,1.255429,0.499459,,,,,,,,,,,,-15.04745,6.85607,0.14519,50,3.10068,4.32429,-77.68882,9.40656,-9.31155,8.59155,-27.93143,FOR_RAM,,FordhamUniversity,,,20260904-FordhamUniversity-BP-1,1d099e90-a891-11f1-884b-8d6b77d225c8,75.46651,,,2.69336,,,,,,,568bcc58-7a80-4f8d-8682-9863113bc81a,2026-09-04,18:47:43.06,2026-09-04T14:47:43.0630000-04:00,2026-09-04T18:47:43.0630000Z,,v3,471298,,,,,Undefined,FOR_RAM,85dcb7ef-141a-45a4-a56e-cf253040cd74,38.51511,-76.40816,4.29577,4.19253,5.24309,-13.96572,0.68633,2.93631,-4.65577,,,,,,,,,,,,,,,,,,,,,,,,,,,,,,,,,,,,,,,,,,,,,,,,,,,Low,Low,Low,,,,,
250,2026-09-04,14:47:53.11,,,,,Undefined,FOR_RAM,"Reina, Braedon",10305192,Left,FOR_RAM,Undefined,1,Bottom,0,0,0,Undefined,,Undefined,Undefined,Undefined,Undefined,0,0,,52.69717,3.955301,-1.32112,3350.814646,,,4.01992,-1.03131,21.76268,,,,3.01431,0.37781,50.15713,-7.238684,5.63307,0.498462,85.92307,26.63081,-32.11542,4716.041743,90.01897,40.3941,-63.21793,218.96934,203.64442,-35.48704,3.230829,-28.37899,4.61752,0.61939,50,2.95323,4.18523,-78.41947,9.50544,-17.85366,8.96167,-29.26909,FOR_RAM,,FordhamUniversity,,,20260904-FordhamUniversity-BP-1,233cd6b0-a891-11f1-884b-8d6b77d225c8,75.61755,41.86773,,2.54004,,,,0.11638,2.24338,-0.23111,568bcc58-7a80-4f8d-8682-9863113bc81a,2026-09-04,18:47:53.11,2026-09-04T14:47:53.1170000-04:00,2026-09-04T18:47:53.1170000Z,LineDrive,v3,471298,,,,,Undefined,FOR_RAM,4219b70a-fa47-4232-aa9e-4e2693ed6283,38.74512,-77.12255,4.48084,4.02234,5.26967,-14.63455,1.03811,1.60148,-8.92683,,0.11603,95.42683,-22.44214,6.01973,-1.77113,0.55053,-0.15625,0.02721,-0.00185,2.24362,56.4781,-23.18098,2.49248,-0.18943,-0.1293,0.07456,-0.01718,0.00149,-0.23101,-59.89241,5.58405,0.92244,-0.51002,0.14472,-0.02697,0.00492,-0.00047,,,,,,,,,,,,,,,,,,,,,,,Low,Low,Low,Low,Medium,,,
251,2026-09-04,14:48:08.99,,,,,Undefined,FOR_RAM,"Reina, Braedon",10305192,Left,FOR_RAM,Undefined,1,Bottom,0,0,0,Undefined,Curveball,Undefined,Undefined,FlyBall,Undefined,0,0,,51.15319,4.110461,-0.367435,3189.673806,303.86561,4:15,4.32052,-0.38314,21.91131,-53.9468,-2.46106,5.64796,2.49681,-0.15091,47.93444,-9.984525,1.083105,0.516434,87.14626,44.671899,23.031924,3679.874006,100.20486,97.94947,45.37603,263.4,263.4,25.458815,5.584984,-5.94717,-3.17122,0.27944,50,3.14995,0.95909,-76.4176,10.36221,-3.4598,10.83897,-34.01893,FOR_RAM,,FordhamUniversity,,,20260904-FordhamUniversity-BP-1,2c8983d0-a891-11f1-884b-8d6b77d225c8,72.98597,114.07415,,3.21876,,,,2.04791,2.42674,0.28147,568bcc58-7a80-4f8d-8682-9863113bc81a,2026-09-04,18:48:08.99,2026-09-04T14:48:08.9940000-04:00,2026-09-04T18:48:08.9940000Z,FlyBall,v3,471298,,,,,Undefined,FOR_RAM,acd3dc59-4f34-40c9-92c5-2f65eb69c29f,38.59322,-74.78218,5.41949,4.3262,5.22931,-17.00947,0.38476,0.43706,-1.7299,,2.05435,83.53052,-20.00522,4.7069,-0.75179,0.07826,-0.00545,0.00039,-2E-05,2.42532,89.8721,-21.22514,1.5816,-0.04254,-0.09372,0.03108,-0.00415,0.0002,0.28313,35.53285,-6.35784,1.27814,-0.18257,0.01965,-0.00271,0.00039,-2E-05,,,,,,,,,,,,,,,,,,,,,,,High,Medium,Medium,Medium,Medium,,,
252,2026-09-04,14:48:25.99,,,,,Undefined,FOR_RAM,"Ford, Tim",1000142266,Right,FOR_RAM,Undefined,1,Bottom,0,0,0,Undefined,,Undefined,Undefined,FlyBall,Undefined,0,0,,51.30259,4.255289,-2.591267,3246.524993,,,4.17191,-0.80323,22.01005,,,,2.89915,-0.21744,50.33223,-8.25755,4.392356,0.501171,,,,,,,,,,,,-29.47848,-0.33016,0.08354,50.00013,2.94577,6.10494,-75.63047,10.50582,-18.10153,3.99588,-32.37678,FOR_RAM,,FordhamUniversity,,,20260904-FordhamUniversity-BP-1,369e3be0-a891-11f1-884b-8d6b77d225c8,75.20875,,,0.97037,,,,,,,568bcc58-7a80-4f8d-8682-9863113bc81a,2026-09-04,18:48:25.99,2026-09-04T14:48:25.9950000-04:00,2026-09-04T18:48:25.9950000Z,,v3,471298,,,,,Undefined,FOR_RAM,ef53a9e4-7c7d-42ac-9b61-393706e68f7a,38.49804,-75.0203,1.99794,4.17253,5.56193,-16.18839,0.80472,3.34086,-9.05076,,,,,,,,,,,,,,,,,,,,,,,,,,,,,,,,,,,,,,,,,,,,,,,,,,,Low,Low,Low,,,,,
253,2026-09-04,14:48:49.21,,,,,Undefined,FOR_RAM,"Ford, Tim",1000142266,Right,FOR_RAM,Undefined,1,Bottom,0,0,0,Undefined,Curveball,Undefined,Undefined,LineDrive,Undefined,0,0,,53.50874,4.261812,-0.309527,3344.011845,335.240613,5:15,4.2986,-0.37298,21.84792,-59.02263,-10.96131,5.74492,2.15535,-0.09543,49.37229,-11.144347,1.165229,0.498964,,,,,,,,,,,,-6.07985,-12.57843,0.2811,50,3.08939,0.92406,-80.3222,11.36203,-3.8043,14.48687,-40.04466,FOR_RAM,,FordhamUniversity,,,20260904-FordhamUniversity-BP-1,447e7ae0-a891-11f1-884b-8d6b77d225c8,75.54137,,,4.13645,,,,,,,568bcc58-7a80-4f8d-8682-9863113bc81a,2026-09-04,18:48:49.21,2026-09-04T14:48:49.2100000-04:00,2026-09-04T18:48:49.2100000Z,,v3,471298,,,,,Undefined,FOR_RAM,73be66d8-0fe8-4fcf-967d-8af3340eb988,38.65805,-78.24984,7.24344,4.30501,5.6336,-20.02233,0.37436,0.37985,-1.90215,,,,,,,,,,,,,,,,,,,,,,,,,,,,,,,,,,,,,,,,,,,,,,,,,,,High,Medium,Medium,,,,,
254,2026-09-04,14:48:57.82,,,,,Undefined,FOR_RAM,"Ford, Tim",1000142266,Right,FOR_RAM,Undefined,1,Bottom,0,0,0,Undefined,,Undefined,Undefined,LineDrive,Undefined,0,0,,50.0819,4.557429,-1.372094,3160.255471,,,4.08501,-0.99926,21.84243,,,,2.42836,0.36003,49.56551,-9.674421,5.546712,0.514618,94.35052,24.184643,-29.689603,1718.637091,92.6665,32.43667,-59.26908,234.56334,230.18672,-35.115384,2.602046,-28.67966,-4.93772,0.5433,50.00025,2.77819,4.27623,-73.90123,11.199,-16.84518,3.65522,-35.07425,FOR_RAM,,FordhamUniversity,,,20260904-FordhamUniversity-BP-1,49aee900-a891-11f1-884b-8d6b77d225c8,73.24349,33.28874,,0.51639,,,,1.57776,2.0639,-0.42781,568bcc58-7a80-4f8d-8682-9863113bc81a,2026-09-04,18:48:57.82,2026-09-04T14:48:57.8220000-04:00,2026-09-04T18:48:57.8220000Z,FlyBall,v3,471298,,,,,Undefined,FOR_RAM,a0af3c73-2722-4891-9dc9-93b8a509d6de,38.66935,-73.33866,1.82761,4.08641,5.8007,-17.53712,1.00194,1.68358,-8.42259,,1.5778,109.66086,-20.60156,3.97511,-0.71211,0.02094,0.03839,-0.01344,0.00166,2.06388,56.69232,-30.24763,5.01382,-1.18802,0.28795,-0.06662,0.01249,-0.00115,-0.42784,-62.52257,0.91766,2.64965,-1.10729,0.39982,-0.11723,0.02457,-0.00242,,,,,,,,,,,,,,,,,,,,,,,Low,Low,Low,Low,Medium,,,
255,2026-09-04,14:49:12.07,,,,,Undefined,FOR_RAM,"Forney, Colden",1000306564,Right,FOR_RAM,Undefined,1,Bottom,0,0,0,Undefined,Curveball,Undefined,Undefined,GroundBall,Undefined,0,0,,50.19989,4.078608,-0.72058,2687.393142,308.524618,4:15,4.30177,-0.35933,21.809,-60.50043,-6.1367,9.70583,1.9186,-0.0194,46.74361,-11.680328,1.768307,0.530672,85.85549,-17.744345,-49.556588,,,,,8.79268,8.17227,-35.620797,0.05661,-10.203,-7.02256,0.16818,50,3.12476,1.70603,-75.22233,10.52966,-5.65393,11.91597,-36.06556,FOR_RAM,,FordhamUniversity,,,20260904-FordhamUniversity-BP-1,52272f20-a891-11f1-884b-8d6b77d225c8,71.02778,2.17687,,3.45628,,,,2.73449,2.17687,0.05627,568bcc58-7a80-4f8d-8682-9863113bc81a,2026-09-04,18:49:12.07,2026-09-04T14:49:12.0740000-04:00,2026-09-04T18:49:12.0740000Z,GroundBall,v3,471298,,,,,Undefined,FOR_RAM,7bf4c08b-db8a-4536-8e61-a24aa8d063ec,38.69644,-73.40989,5.95799,4.30914,5.04405,-18.03278,0.36227,0.84607,-2.82697,,2.73307,77.95418,,,,,,,,2.17757,-38.45379,,,,,,,,0.05794,-91.45536,,,,,,,,,,,,,,,,,,,,,,,,,,,,,,High,Medium,Medium,Estimated,Estimated,,,
256,2026-09-04,14:49:18.85,,,,,Undefined,FOR_RAM,"Forney, Colden",1000306564,Right,FOR_RAM,Undefined,1,Bottom,0,0,0,Undefined,,Undefined,Undefined,LineDrive,Undefined,0,0,,52.73595,3.573186,-0.232737,3426.405576,,,4.08543,-1.31059,21.96696,,,,2.98224,0.78242,51.98684,-7.025017,6.67722,0.486912,81.96269,21.115366,11.378122,3469.947393,105.53314,33.01629,31.02819,260.91528,257.6731,23.665422,3.257034,-28.70222,4.78788,1.07292,50.00026,3.05934,3.00726,-77.88575,9.0966,-18.70332,4.17615,-29.05412,FOR_RAM,,FordhamUniversity,,,20260904-FordhamUniversity-BP-1,56338fa0-a891-11f1-884b-8d6b77d225c8,77.4112,35.30247,,0.74911,,,,1.85393,2.57277,-0.33874,568bcc58-7a80-4f8d-8682-9863113bc81a,2026-09-04,18:49:18.85,2026-09-04T14:49:18.8580000-04:00,2026-09-04T18:49:18.8580000Z,LineDrive,v3,471298,,,,,Undefined,FOR_RAM,07a4efc6-82e5-4845-892f-52618c74f5a9,38.54208,-77.26893,2.08807,4.086,4.80531,-14.52706,1.31309,0.24478,-9.35166,230.540332,1.8539,109.93729,-20.08446,4.48428,-0.88512,0.15096,-0.02212,0.00229,-9E-05,2.57275,43.30683,-14.70567,0.05963,0.17634,-0.03674,-0.00124,0.00262,-0.00038,-0.33874,22.12369,7.20898,-2.56242,0.72282,-0.16559,0.02999,-0.00351,0.00018,,,,,,,,,,,,,,,,,,,,,,,Low,Low,Low,High,High,,,
257,2026-09-04,14:49:25.90,,,,,Undefined,FOR_RAM,"Forney, Colden",1000306564,Right,FOR_RAM,Undefined,1,Bottom,0,0,0,Undefined,,Undefined,Undefined,LineDrive,Undefined,0,0,,48.90868,5.702367,-1.945714,3017.212538,,,3.9902,-0.96823,21.87626,,,,2.73051,-0.0148,48.30975,-9.622765,4.867163,0.527138,93.35786,9.136947,-39.610502,2283.293647,,,,100.83949,100.83949,-37.404786,0.81068,-28.37352,-6.85256,0.39785,50.00016,2.41553,4.87113,-71.97763,12.7981,-15.85695,3.21263,-36.0037,FOR_RAM,,FordhamUniversity,,,20260904-FordhamUniversity-BP-1,5a626c40-a891-11f1-884b-8d6b77d225c8,71.50392,6.2134,,0.59893,,,,4.00972,2.71327,0.52962,568bcc58-7a80-4f8d-8682-9863113bc81a,2026-09-04,18:49:25.90,2026-09-04T14:49:25.9080000-04:00,2026-09-04T18:49:25.9080000Z,LineDrive,v3,471298,,,,,Undefined,FOR_RAM,d169fcdd-61c4-41e2-8e04-c1e13432d4f7,38.63507,-71.46857,1.60632,3.99149,7.09303,-18.00185,0.97064,2.35847,-7.92847,,4.00972,104.1478,-12.59003,-0.69621,0.98164,-0.41553,0.12698,-0.03181,0.00467,2.71327,21.74292,-36.08344,7.69454,-2.02382,0.50945,-0.12379,0.02737,-0.00367,0.52962,-86.19071,15.57097,-4.79002,1.06951,-0.16825,0.01784,0.00043,-0.00058,,,,,,,,,,,,,,,,,,,,,,,Low,Low,Low,Low,High,,,
258,2026-09-04,14:49:34.03,,,,,Undefined,FOR_RAM,"Forney, Colden",1000306564,Right,FOR_RAM,Undefined,1,Bottom,0,0,0,Undefined,,Undefined,Undefined,GroundBall,Undefined,0,0,,55.31693,-0.087668,-3.862652,3542.425696,,,4.32949,-0.74299,22.0007,,,,2.33956,-1.82438,48.51731,-6.562409,0.519404,0.49086,,,,,,,,,,,,-21.88812,25.71261,-0.14671,50,4.19054,7.3619,-84.06379,2.09382,-13.96357,22.7813,-15.77063,FOR_RAM,,FordhamUniversity,,,20260904-FordhamUniversity-BP-1,5f30bd30-a891-11f1-884b-8d6b77d225c8,76.78862,,,6.79962,,,,,,,568bcc58-7a80-4f8d-8682-9863113bc81a,2026-09-04,18:49:34.03,2026-09-04T14:49:34.0380000-04:00,2026-09-04T18:49:34.0380000Z,,v3,471298,,,,,Undefined,FOR_RAM,e7d22370-aa75-48b3-a70c-26ac68dc2fa3,38.50473,-80.8886,11.39065,4.32919,-0.10425,-7.88532,0.74374,5.4157,-6.98178,,,,,,,,,,,,,,,,,,,,,,,,,,,,,,,,,,,,,,,,,,,,,,,,,,,Low,Low,Low,,,,,
259,2026-09-04,14:49:46.87,,,,,Undefined,FOR_RAM,"Dean, Mason",1000150670,Left,FOR_RAM,Undefined,1,Bottom,0,0,0,Undefined,,Undefined,Undefined,LineDrive,Undefined,0,0,,52.3496,4.978021,-0.938345,1849.878387,,,3.90772,-1.14984,22.05237,,,,3.56423,0.48961,51.39807,-6.121051,5.98875,0.49004,102.2028,17.419347,16.708884,1925.225241,105.31046,33.71999,31.7758,385.97215,377.65478,17.289074,4.211831,-28.86848,3.3991,0.768,50.00025,2.57179,3.95028,-77.15805,11.15185,-18.48743,3.9645,-29.99726,FOR_RAM,,FordhamUniversity,,,20260904-FordhamUniversity-BP-1,66e257f0-a891-11f1-884b-8d6b77d225c8,76.91713,48.99855,,0.95153,,,,1.02525,2.68647,-0.32972,568bcc58-7a80-4f8d-8682-9863113bc81a,2026-09-04,18:49:46.87,2026-09-04T14:49:46.8700000-04:00,2026-09-04T18:49:46.8700000Z,LineDrive,v3,471298,,,,,Undefined,FOR_RAM,7f0a3bd2-18d4-4d71-9dbb-f47809d346e5,38.45709,-76.56264,1.98225,3.90832,6.64676,-14.99863,1.15277,1.17377,-9.24372,186.251364,1.02529,136.98076,-23.80472,5.28439,-1.04856,0.19625,-0.03143,0.00338,-0.00016,2.68666,44.87461,-10.2235,-0.65412,0.26074,-0.06616,0.01099,-0.00065,-2E-05,-0.3298,41.12309,-5.65801,0.97816,-0.17273,0.03283,-0.0059,0.00069,-3E-05,,,,,,,,,,,,,,,,,,,,,,,Low,Low,Low,High,High,,,
260,2026-09-04,14:49:57.34,,,,,Undefined,FOR_RAM,"Dean, Mason",1000150670,Left,FOR_RAM,Undefined,1,Bottom,0,0,0,Undefined,,Undefined,Undefined,GroundBall,Undefined,0,0,,52.38255,3.774947,-2.281035,3345.442675,,,4.13875,-0.88025,21.93139,,,,2.72801,-0.087,51.73049,-8.162666,4.720577,0.490114,,,,,,,,,,,,-29.46592,-0.30181,0.22402,50.00005,3.03266,5.83553,-77.14626,9.85276,-18.99725,3.28069,-32.36862,FOR_RAM,,FordhamUniversity,,,20260904-FordhamUniversity-BP-1,6d08bed0-a891-11f1-884b-8d6b77d225c8,76.90541,,,0.65206,,,,,,,568bcc58-7a80-4f8d-8682-9863113bc81a,2026-09-04,18:49:57.34,2026-09-04T14:49:57.3470000-04:00,2026-09-04T18:49:57.3470000Z,,v3,471298,,,,,Undefined,FOR_RAM,d76e2380-32bd-46d2-8bb9-222f520c673e,38.57653,-76.65893,1.64034,4.13913,5.04456,-16.18431,0.88126,3.01357,-9.49863,,,,,,,,,,,,,,,,,,,,,,,,,,,,,,,,,,,,,,,,,,,,,,,,,,,Low,Low,Low,,,,,
261,2026-09-04,14:50:03.77,,,,,Undefined,FOR_RAM,"Dean, Mason",1000150670,Left,FOR_RAM,Undefined,1,Bottom,0,0,0,Undefined,Curveball,Undefined,Undefined,Undefined,Undefined,0,0,,49.26191,5.353137,-0.692586,2617.028915,328.02038,5:00,4.30456,-0.38797,21.84088,-62.81433,-6.69418,5.12551,2.5606,-0.41112,46.02202,-11.005285,0.620305,0.539176,,,,,,,,,,,,-5.5065,-7.98961,0.22404,50,2.84676,1.29118,-73.55696,12.24024,-2.95047,10.51635,-36.45501,FOR_RAM,,FordhamUniversity,,,20260904-FordhamUniversity-BP-1,711ebc40-a891-11f1-884b-8d6b77d225c8,69.90745,,,3.23989,,,,,,,568bcc58-7a80-4f8d-8682-9863113bc81a,2026-09-04,18:50:03.77,2026-09-04T14:50:03.7730000-04:00,2026-09-04T18:50:03.7730000Z,,v3,471298,,,,,Undefined,FOR_RAM,461ffe44-b679-4a04-9e19-de10169fb5f7,38.66502,-71.91816,5.25818,4.31156,6.55931,-18.22751,0.38943,0.8314,-1.47523,,,,,,,,,,,,,,,,,,,,,,,,,,,,,,,,,,,,,,,,,,,,,,,,,,,High,High,High,,,,,
262,2026-09-04,14:50:15.74,,,,,Undefined,FOR_RAM,"Dean, Mason",1000150670,Left,FOR_RAM,Undefined,1,Bottom,0,0,0,Undefined,,Undefined,Undefined,GroundBall,Undefined,0,0,,51.72618,5.580907,-1.906107,3357.771935,,,3.93049,-0.92839,22.0927,,,,2.38138,-0.22632,49.67388,-10.523173,4.077287,0.502669,102.14518,5.150642,16.795389,4074.80073,106.43946,4.48039,27.76019,153.2394,153.21822,13.990194,1.189233,-24.96273,-14.8717,0.39295,50,2.35707,4.7042,-76.81392,13.51586,-15.187,7.88574,-41.22181,FOR_RAM,,FordhamUniversity,,,20260904-FordhamUniversity-BP-1,78230000-a891-11f1-884b-8d6b77d225c8,74.9846,5.60801,,2.05229,,,,0.88128,2.18107,-0.4258,568bcc58-7a80-4f8d-8682-9863113bc81a,2026-09-04,18:50:15.74,2026-09-04T14:50:15.7410000-04:00,2026-09-04T18:50:15.7410000Z,GroundBall,v3,471298,,,,,Undefined,FOR_RAM,93ebb26e-1c3c-4e93-a95e-aae12c6f739b,38.41902,-75.61567,3.94287,3.93494,7.25213,-20.61091,0.93243,2.39651,-7.5935,122.644962,1.06449,140.71662,-14.05522,,,,,,,2.21683,13.04735,-12.56295,,,,,,,-0.27767,41.38017,-8.49579,,,,,,,,,,,,,,,,,,,,,,,,,,,,,Low,Low,Low,High,High,,,
263,2026-09-04,14:50:44.06,,,,,Undefined,FOR_RAM,"Grabau, Anthony",1000407420,Left,FOR_RAM,Undefined,1,Bottom,0,0,0,Undefined,,Undefined,Undefined,Bunt,Undefined,0,0,,51.70841,2.416126,-2.598999,2945.630309,,,4.09369,-0.97419,22.14352,,,,2.14005,-0.44777,49.81427,-8.605621,4.230516,0.499946,,,,,,,,,,,,-29.58714,6.00134,0.24496,50.00024,3.27601,6.16705,-76.79031,7.53357,-18.14045,7.11604,-28.49451,FOR_RAM,,FordhamUniversity,,,20260904-FordhamUniversity-BP-1,891a9120-a891-11f1-884b-8d6b77d225c8,75.39307,,,1.89414,,,,,,,568bcc58-7a80-4f8d-8682-9863113bc81a,2026-09-04,18:50:44.06,2026-09-04T14:50:44.0610000-04:00,2026-09-04T18:50:44.0610000Z,,v3,471298,,,,,Undefined,FOR_RAM,57df3601-01a1-40fd-a5db-36d7324da67f,38.363,-75.70422,3.55802,4.09394,3.1846,-14.24725,0.97492,3.39837,-9.07022,,,,,,,,,,,,,,,,,,,,,,,,,,,,,,,,,,,,,,,,,,,,,,,,,,,Low,Low,Low,,,,,
264,2026-09-04,14:50:50.79,,,,,Undefined,FOR_RAM,"Grabau, Anthony",1000407420,Left,FOR_RAM,Undefined,1,Bottom,0,0,0,Undefined,,Undefined,Undefined,FlyBall,Undefined,0,0,,49.60839,5.408115,-1.859272,2892.52617,,,3.97939,-1.08101,22.10486,,,,2.877,-0.05335,48.73686,-8.89267,5.027382,0.517421,,,,,,,,,,,,-28.79572,-4.2578,0.51358,50.0003,2.45693,4.89679,-73.14312,12.32818,-16.50083,3.93366,-34.61389,FOR_RAM,,FordhamUniversity,,,20260904-FordhamUniversity-BP-1,8cff6c70-a891-11f1-884b-8d6b77d225c8,72.84669,,,0.87152,,,,,,,568bcc58-7a80-4f8d-8682-9863113bc81a,2026-09-04,18:50:50.79,2026-09-04T14:50:50.7930000-04:00,2026-09-04T18:50:50.7930000Z,,v3,471298,,,,,Undefined,FOR_RAM,7519f7b0-9eb4-4b0e-8211-72b2cbc2bdb5,38.40607,-72.5169,1.96683,3.98091,6.81779,-17.30695,1.08403,2.26992,-8.25042,,,,,,,,,,,,,,,,,,,,,,,,,,,,,,,,,,,,,,,,,,,,,,,,,,,Low,Low,Low,,,,,
265,2026-09-04,14:51:12.06,,,,,Undefined,FOR_RAM,"Grabau, Anthony",1000407420,Left,FOR_RAM,Undefined,1,Bottom,0,0,0,Undefined,,Undefined,Undefined,FlyBall,Undefined,0,0,,50.98452,5.125393,-1.869689,3126.737818,,,4.09894,-0.95351,22.11206,,,,2.69353,-0.01743,50.37601,-9.513034,4.763077,0.501972,,,,,,,,,,,,-27.96545,-9.11461,0.37919,50.00007,2.6131,5.03066,-75.03889,12.50807,-17.03087,3.25228,-37.72482,FOR_RAM,,FordhamUniversity,,,20260904-FordhamUniversity-BP-1,9999e500-a891-11f1-884b-8d6b77d225c8,75.08867,,,0.60851,,,,,,,568bcc58-7a80-4f8d-8682-9863113bc81a,2026-09-04,18:51:12.06,2026-09-04T14:51:12.0640000-04:00,2026-09-04T18:51:12.0640000Z,,v3,471298,,,,,Undefined,FOR_RAM,f1b3361f-bd23-4cc3-a590-25695f1069a8,38.39706,-74.5343,1.62614,4.09968,6.65513,-18.86241,0.95471,2.38834,-8.51544,,,,,,,,,,,,,,,,,,,,,,,,,,,,,,,,,,,,,,,,,,,,,,,,,,,Low,Low,Low,,,,,
266,2026-09-04,14:51:24.15,,,,,Undefined,FOR_RAM,"Reina, Braedon",10305192,Left,FOR_RAM,Undefined,1,Bottom,0,0,0,Undefined,,Undefined,Undefined,LineDrive,Undefined,0,0,,51.00824,-0.802011,5.002637,3498.678393,,,4.33362,-1.45837,36.15036,,,,1.58525,0.62896,51.1644,-12.767029,5.39884,0.310882,81.20584,24.422273,-0.351001,4018.492767,109.37274,31.58273,-11.7296,216.84946,128.42406,-11.186198,2.683276,-1.90465,-28.80226,3.6093,50,1.81571,-6.13282,-76.39013,15.90613,-1.17882,5.21268,-50.00027,FOR_RAM,,FordhamUniversity,,,20260904-FordhamUniversity-BP-1,a0c33cf0-a891-11f1-884b-8d6b77d225c8,121.24351,31.78297,,-0.15616,,,,2.75451,2.25018,-0.24012,568bcc58-7a80-4f8d-8682-9863113bc81a,2026-09-04,18:51:24.15,2026-09-04T14:51:24.1550000-04:00,2026-09-04T18:51:24.1550000Z,LineDrive,v3,471298,,,,,Undefined,FOR_RAM,1db05838-4504-4f21-839a-077a02ef7b0d,24.35818,-74.61989,2.60634,4.33421,-1.07417,-25.00014,1.45859,-6.53315,-0.58941,94.601598,2.75452,108.44257,-16.8606,3.17606,-0.53156,0.05796,-0.00324,-0.00054,0.0001,2.25017,49.24374,-22.76291,2.17614,-0.34317,0.05092,-0.00822,0.00172,-0.00018,-0.24011,-0.66453,-11.70057,4.22681,-1.1935,0.27323,-0.05067,0.00628,-0.00036,,,,,,,,,,,,,,,,,,,,,,,Low,Low,Low,High,Medium,,,
267,2026-09-04,14:51:30.15,,,,,Undefined,FOR_RAM,"Reina, Braedon",10305192,Left,FOR_RAM,Undefined,1,Bottom,0,0,0,Undefined,,Undefined,Undefined,FlyBall,Undefined,0,0,,50.17693,5.277282,-2.118196,2977.825992,,,4.08295,-0.86488,22.09074,,,,2.68047,-0.07584,49.59015,-9.654158,4.552637,0.510422,,,,,,,,,,,,-28.11616,-8.58642,0.24132,50.00007,2.5609,5.27434,-73.8174,12.60475,-16.57763,3.10476,-37.2367,FOR_RAM,,FordhamUniversity,,,20260904-FordhamUniversity-BP-1,a4832b20-a891-11f1-884b-8d6b77d225c8,73.84566,,,0.58678,,,,,,,568bcc58-7a80-4f8d-8682-9863113bc81a,2026-09-04,18:51:30.15,2026-09-04T14:51:30.1540000-04:00,2026-09-04T18:51:30.1540000Z,,v3,471298,,,,,Undefined,FOR_RAM,eb2e2db6-8156-4237-b420-8cadba6c704d,38.41856,-73.32867,1.55238,4.08372,6.74313,-18.61835,0.86619,2.66477,-8.28882,,,,,,,,,,,,,,,,,,,,,,,,,,,,,,,,,,,,,,,,,,,,,,,,,,,Low,Low,Low,,,,,
268,2026-09-04,14:51:36.76,,,,,Undefined,FOR_RAM,"Reina, Braedon",10305192,Left,FOR_RAM,Undefined,1,Bottom,0,0,0,Undefined,,Undefined,Undefined,FlyBall,Undefined,0,0,,48.68777,3.865873,-2.551045,2975.378444,,,4.26855,-0.82782,22.06606,,,,2.01932,-0.24538,48.39932,-10.813356,4.355561,0.525459,,,,,,,,,,,,-28.98328,-4.23264,0.11501,50.00013,3.04606,5.727,-71.77743,10.36319,-16.13649,3.04484,-34.53057,FOR_RAM,,FordhamUniversity,,,20260904-FordhamUniversity-BP-1,a868f0d0-a891-11f1-884b-8d6b77d225c8,71.73247,,,0.28846,,,,,,,568bcc58-7a80-4f8d-8682-9863113bc81a,2026-09-04,18:51:36.76,2026-09-04T14:51:36.7670000-04:00,2026-09-04T18:51:36.7670000Z,,v3,471298,,,,,Undefined,FOR_RAM,59125d01-3577-4e9a-b185-c107677cfbba,38.4443,-71.28554,1.52242,4.26963,4.78482,-17.26529,0.82964,3.12017,-8.06825,,,,,,,,,,,,,,,,,,,,,,,,,,,,,,,,,,,,,,,,,,,,,,,,,,,Low,Low,Low,,,,,
269,2026-09-04,14:51:43.51,,,,,Undefined,FOR_RAM,"Reina, Braedon",10305192,Left,FOR_RAM,Undefined,1,Bottom,0,0,0,Undefined,,Undefined,Undefined,LineDrive,Undefined,0,0,,48.70629,4.41975,0.012824,3204.840107,,,3.98557,-1.37703,21.99612,,,,2.81876,0.86469,48.08557,-8.068867,6.890101,0.52747,102.61672,9.806099,24.330622,1880.531504,98.15469,11.50914,49.65518,196.99127,184.92499,29.615586,1.607266,-28.56608,5.35036,1.18894,50.00027,2.72909,2.45903,-71.85968,10.17639,-15.83711,3.59977,-29.2078,FOR_RAM,,FordhamUniversity,,,20260904-FordhamUniversity-BP-1,ac732e70-a891-11f1-884b-8d6b77d225c8,71.45893,11.63898,,0.62072,,,,1.21267,2.61508,-0.29224,568bcc58-7a80-4f8d-8682-9863113bc81a,2026-09-04,18:51:43.51,2026-09-04T14:51:43.5180000-04:00,2026-09-04T18:51:43.5180000Z,LineDrive,v3,471298,,,,,Undefined,FOR_RAM,3ecfb1ba-67d3-425e-aacf-785ee6ccd06e,38.51252,-71.28188,1.79989,3.98625,5.48828,-14.6039,1.37963,-0.08297,-7.91855,,1.21268,135.13302,-23.56324,4.53461,-1.07942,0.34544,-0.1871,0.08365,-0.01576,2.61508,25.63316,-19.54459,2.17633,-0.49339,0.10499,-0.00235,-0.0097,0.00258,-0.29225,61.10297,-0.0115,-0.15549,0.0642,-0.16634,0.2293,-0.13487,0.02801,,,,,,,,,,,,,,,,,,,,,,,Low,Low,Low,Medium,Medium,,,
270,2026-09-04,14:51:59.51,,,,,Undefined,FOR_RAM,"Ford, Tim",1000142266,Right,FOR_RAM,Undefined,1,Bottom,0,0,0,Undefined,,Undefined,Undefined,Undefined,Undefined,0,0,,53.59406,3.554986,-2.776949,2483.669418,,,4.32583,-0.73944,22.03368,,,,3.24574,-0.29106,52.81958,-6.94602,4.154699,0.477507,51.49656,-10.843754,178.537436,1438.509281,,,,12.73512,10.10427,-178.41024,0.17355,-29.2499,3.4189,-0.02192,50.00006,3.29289,6.65144,-78.90027,9.23951,-19.75079,3.29929,-29.86546,FOR_RAM,,FordhamUniversity,,,20260904-FordhamUniversity-BP-1,b6034d30-a891-11f1-884b-8d6b77d225c8,78.93587,2.77805,,0.77448,,,,-0.15052,2.77805,-0.42413,568bcc58-7a80-4f8d-8682-9863113bc81a,2026-09-04,18:51:59.51,2026-09-04T14:51:59.5100000-04:00,2026-09-04T18:51:59.5100000Z,GroundBall,v3,471298,,,,,Undefined,FOR_RAM,c9720e65-c8bb-4c40-a298-a0e82f2bce98,38.47424,-78.41682,1.64965,4.32614,4.86333,-14.93273,0.74068,3.75736,-9.87539,,-0.15081,-74.13322,9.51929,,,,,,,2.77815,-14.21664,-10.32365,,,,,,,-0.42368,1.8589,-8.38925,,,,,,,,,,,,,,,,,,,,,,,,,,,,,Low,Low,Low,Medium,Medium,,,
271,2026-09-04,14:52:06.19,,,,,Undefined,FOR_RAM,"Ford, Tim",1000142266,Right,FOR_RAM,Undefined,1,Bottom,0,0,0,Undefined,,Undefined,Undefined,LineDrive,Undefined,0,0,,51.66006,3.23308,-0.519476,3386.800781,,,4.2016,-1.1967,22.00291,,,,2.44792,0.73371,51.12709,-8.667069,6.476068,0.496264,95.86952,15.239427,-29.377286,2044.638664,94.4151,10.92849,-56.44278,154.24031,154.24031,-31.781068,1.390129,-29.08836,1.26787,0.89734,50.00026,3.20191,3.37314,-76.3468,8.99181,-18.21397,4.00863,-31.38014,FOR_RAM,,FordhamUniversity,,,20260904-FordhamUniversity-BP-1,b9ff0be0-a891-11f1-884b-8d6b77d225c8,75.95237,13.04139,,0.53297,,,,1.20968,1.88682,0.02047,568bcc58-7a80-4f8d-8682-9863113bc81a,2026-09-04,18:52:06.19,2026-09-04T14:52:06.1950000-04:00,2026-09-04T18:52:06.1950000Z,LineDrive,v3,471298,,,,,Undefined,FOR_RAM,dfd9592e-5a5d-4d2d-aaba-e954b8e6a25c,38.50706,-75.74094,2.00431,4.20251,4.24905,-15.69007,1.19912,0.6203,-9.10699,,1.20968,118.21875,-24.31483,6.38107,-1.71126,0.48055,-0.12599,0.02526,-0.00267,1.88682,36.95935,-33.97773,6.37972,-1.76221,0.49005,-0.12846,0.02579,-0.00272,0.02047,-66.55111,7.9955,-2.11979,0.56052,-0.15738,0.04126,-0.00826,0.00087,,,,,,,,,,,,,,,,,,,,,,,Low,Low,Low,Medium,Medium,,,
272,2026-09-04,14:52:15.41,,,,,Undefined,FOR_RAM,"Ford, Tim",1000142266,Right,FOR_RAM,Undefined,1,Bottom,0,0,0,Undefined,,Undefined,Undefined,FlyBall,Undefined,0,0,,48.15283,4.244233,-2.088859,2521.924753,,,4.10595,-0.91398,22.05637,,,,2.10662,-0.01793,47.80621,-10.429358,4.858731,0.531729,,,,,,,,,,,,-29.27537,-2.94236,0.28903,50.00006,2.80483,5.13332,-70.91793,10.72641,-15.932,2.86437,-33.77531,FOR_RAM,,FordhamUniversity,,,20260904-FordhamUniversity-BP-1,bf635b40-a891-11f1-884b-8d6b77d225c8,70.88656,,,0.34662,,,,,,,568bcc58-7a80-4f8d-8682-9863113bc81a,2026-09-04,18:52:15.41,2026-09-04T14:52:15.4160000-04:00,2026-09-04T18:52:15.4160000Z,,v3,471298,,,,,Undefined,FOR_RAM,e69fa23b-785a-4be7-bd84-151d284eb0ce,38.45195,-70.44996,1.43219,4.10651,5.20831,-16.88765,0.91507,2.53041,-7.966,,,,,,,,,,,,,,,,,,,,,,,,,,,,,,,,,,,,,,,,,,,,,,,,,,,Low,Low,Low,,,,,
273,2026-09-04,14:52:29.87,,,,,Undefined,FOR_RAM,"Ford, Tim",1000142266,Right,FOR_RAM,Undefined,1,Bottom,0,0,0,Undefined,Curveball,Undefined,Undefined,LineDrive,Undefined,0,0,,50.41201,4.758578,-1.307534,2710.038962,313.69099,4:30,4.32055,-0.37452,21.9471,-62.65484,-8.67847,10.86489,2.19203,-0.31688,46.5445,-11.645775,1.487295,0.528778,96.14321,17.154447,-8.254428,5866.756186,109.1602,25.80194,-13.56233,284.95201,284.37966,-6.130784,2.767559,-11.72599,-10.10343,0.05758,50,2.97794,2.58744,-75.62811,11.70644,-6.50024,12.89913,-37.77483,FOR_RAM,,FordhamUniversity,,,20260904-FordhamUniversity-BP-1,c82358c0-a891-11f1-884b-8d6b77d225c8,71.28219,28.43665,,3.8675,,,,3.79177,2.65774,0.37481,568bcc58-7a80-4f8d-8682-9863113bc81a,2026-09-04,18:52:29.87,2026-09-04T14:52:29.8780000-04:00,2026-09-04T18:52:29.8780000Z,LineDrive,v3,471298,,,,,Undefined,FOR_RAM,32e4dd65-32f4-415d-b2da-eea3119b9332,38.55879,-73.65085,6.44956,4.32859,5.91607,-18.88742,0.37783,1.59105,-3.25012,218.460902,3.79183,133.33778,-15.79801,2.35922,-0.38185,-0.0227,0.04028,-0.01209,0.00132,2.65771,41.5922,-18.44979,1.66217,-0.38315,0.13143,-0.0426,0.00957,-0.00096,0.37477,-19.3425,4.41553,-0.78856,0.11488,0.00943,-0.01219,0.00301,-0.00027,,,,,,,,,,,,,,,,,,,,,,,High,High,High,High,High,,,
274,2026-09-04,14:52:40.19,,,,,Undefined,FOR_RAM,"Ford, Tim",1000142266,Right,FOR_RAM,Undefined,1,Bottom,0,0,0,Undefined,,Undefined,Undefined,LineDrive,Undefined,0,0,,50.91853,4.128486,-0.537631,3133.28956,,,4.06698,-1.18891,21.85835,,,,2.41377,0.73382,50.37546,-9.235748,6.445488,0.506005,95.6344,14.84715,-39.168926,2641.137992,84.42984,11.77487,-70.50949,161.73998,161.73998,-40.815318,1.42827,-28.90135,-3.10315,0.89502,50.00029,2.8678,3.28631,-75.21255,10.50395,-17.54355,3.99281,-34.05772,FOR_RAM,,FordhamUniversity,,,20260904-FordhamUniversity-BP-1,ce3bb5e0-a891-11f1-884b-8d6b77d225c8,74.49022,13.3579,,0.54306,,,,2.08064,2.23904,0.0485,568bcc58-7a80-4f8d-8682-9863113bc81a,2026-09-04,18:52:40.19,2026-09-04T14:52:40.1920000-04:00,2026-09-04T18:52:40.1920000Z,LineDrive,v3,471298,,,,,Undefined,FOR_RAM,faf190c3-f97f-4596-b063-2a634192ca86,38.65276,-74.60771,1.9964,4.0682,5.34482,-17.02886,1.19155,0.62878,-8.77178,,2.08064,105.11385,-19.86685,5.00877,-1.28739,0.34535,-0.08702,0.01679,-0.00172,2.23904,35.9413,-32.09682,5.6394,-1.50149,0.39882,-0.10027,0.01942,-0.00198,0.0485,-85.63388,11.06933,-2.80957,0.71409,-0.19131,0.04825,-0.0093,0.00095,,,,,,,,,,,,,,,,,,,,,,,Low,Low,Low,Low,Medium,,,
275,2026-09-04,14:52:53.25,,,,,Undefined,FOR_RAM,"Forney, Colden",1000306564,Right,FOR_RAM,Undefined,1,Bottom,0,0,0,Undefined,,Undefined,Undefined,GroundBall,Undefined,0,0,,49.62952,5.056133,-1.988298,3072.689896,,,4.02448,-0.89858,21.99229,,,,3.1089,0.07428,47.75082,-8.055197,4.974963,0.52379,83.07014,-18.65893,-32.598282,,,,,10.35993,7.57592,-26.138994,0.079489,-28.91218,2.1078,0.32766,50,2.64379,4.94251,-73.53814,11.23111,-16.27157,6.45034,-30.9878,FOR_RAM,,FordhamUniversity,,,20260904-FordhamUniversity-BP-1,d5fd7d40-a891-11f1-884b-8d6b77d225c8,71.96094,3.10797,,1.87869,,,,1.54648,3.10797,0.39444,568bcc58-7a80-4f8d-8682-9863113bc81a,2026-09-04,18:52:53.25,2026-09-04T14:52:53.2590000-04:00,2026-09-04T18:52:53.2590000Z,GroundBall,v3,471298,,,,,Undefined,FOR_RAM,56ae454f-9d9a-4aa6-954a-c583edaaa1b5,38.51642,-72.52387,3.22517,4.02671,6.3585,-15.4939,0.90367,2.38393,-8.13579,,1.54266,97.5467,,,,,,,,3.1095,-39.09917,,,,,,,,0.39688,-62.37959,,,,,,,,,,,,,,,,,,,,,,,,,,,,,,Low,Low,Low,Low,Low,,,
276,2026-09-04,14:53:02.71,,,,,Undefined,FOR_RAM,"Forney, Colden",1000306564,Right,FOR_RAM,Undefined,1,Bottom,0,0,0,Undefined,,Undefined,Undefined,LineDrive,Undefined,0,0,,47.23664,5.249623,-2.407766,2709.235654,,,4.00023,-0.90566,21.96594,,,,2.44992,-0.20981,46.7787,-10.06024,4.542947,0.544061,77.01105,20.192102,-23.321667,2247.37253,101.22284,25.9473,-43.05727,217.68297,215.08296,-22.907728,2.677991,-29.01718,-2.88382,0.23309,50.00017,2.49837,5.33614,-69.52545,11.87576,-15.14723,2.91035,-33.67943,FOR_RAM,,FordhamUniversity,,,20260904-FordhamUniversity-BP-1,dba8c0b0-a891-11f1-884b-8d6b77d225c8,69.27977,26.07834,,0.45795,,,,2.56556,2.23561,-0.02845,568bcc58-7a80-4f8d-8682-9863113bc81a,2026-09-04,18:53:02.71,2026-09-04T14:53:02.7150000-04:00,2026-09-04T18:53:02.7150000Z,LineDrive,v3,471298,,,,,Undefined,FOR_RAM,241d1f72-61a6-491f-b982-1c7a9c2bcf4f,38.54511,-69.04427,1.45518,4.00151,6.30744,-16.83972,0.9083,2.8318,-7.57362,,2.56552,97.34947,-13.78279,3.11399,-0.69282,0.12081,-0.01465,-0.00021,0.00034,2.23563,38.98535,-16.95459,0.89691,-0.08477,0.03034,-0.01604,0.00614,-0.00085,-0.02844,-41.96741,4.71632,-0.29632,-0.03228,0.01397,-0.0024,0.00051,-0.00013,,,,,,,,,,,,,,,,,,,,,,,Low,Low,Low,Medium,High,,,
277,2026-09-04,14:53:10.08,,,,,Undefined,FOR_RAM,"Forney, Colden",1000306564,Right,FOR_RAM,Undefined,1,Bottom,0,0,0,Undefined,Curveball,Undefined,Undefined,GroundBall,Undefined,0,0,,48.94489,5.263834,-0.859573,2593.009473,314.036713,4:30,4.31105,-0.36314,21.87978,-64.70114,-7.84059,9.73693,2.34785,-0.11,45.70137,-11.596578,1.638247,0.542721,71.58319,-11.6883,-41.983507,,,,,15.51847,5.29626,-33.530716,0.126496,-10.32985,-9.19871,0.1413,50,2.85512,1.85711,-73.16893,12.2171,-5.45295,10.74543,-37.02989,FOR_RAM,,FordhamUniversity,,,20260904-FordhamUniversity-BP-1,e0031a20-a891-11f1-884b-8d6b77d225c8,69.45081,2.69982,,3.24352,,,,3.23521,2.69982,0.15746,568bcc58-7a80-4f8d-8682-9863113bc81a,2026-09-04,18:53:10.08,2026-09-04T14:53:10.0880000-04:00,2026-09-04T18:53:10.0880000Z,GroundBall,v3,471298,,,,,Undefined,FOR_RAM,6cc98796-8391-4d0c-93eb-46c2c872685d,38.62675,-71.47917,5.37272,4.31845,6.39399,-18.51495,0.36592,0.99961,-2.72647,,3.22981,76.68878,,,,,,,,2.70133,-21.34314,,,,,,,,0.16231,-69.01092,,,,,,,,,,,,,,,,,,,,,,,,,,,,,,High,Medium,Medium,Estimated,Estimated,,,
278,2026-09-04,14:53:19.52,,,,,Undefined,FOR_RAM,"Forney, Colden",1000306564,Right,FOR_RAM,Undefined,1,Bottom,0,0,0,Undefined,Curveball,Undefined,Undefined,Undefined,Undefined,0,0,,50.90961,5.192806,-1.471599,2821.071128,307.983902,4:15,4.35076,-0.37453,22.1386,-57.21157,-5.14843,8.54304,2.94238,-0.61188,47.08835,-9.88345,0.732494,0.519322,,,,,,,,,,,,-9.79674,-7.47402,0.01974,50,2.88841,2.7325,-76.20691,12.29234,-5.57107,12.24179,-36.42426,FOR_RAM,,FordhamUniversity,,,20260904-FordhamUniversity-BP-1,e5a16540-a891-11f1-884b-8d6b77d225c8,72.58012,,,3.82126,,,,,,,568bcc58-7a80-4f8d-8682-9863113bc81a,2026-09-04,18:53:19.52,2026-09-04T14:53:19.5220000-04:00,2026-09-04T18:53:19.5220000Z,,v3,471298,,,,,Undefined,FOR_RAM,7e896897-8d2b-4243-b203-f6bb018d2efa,38.36715,-74.31473,6.1209,4.3533,6.66235,-18.21213,0.37554,1.8714,-2.78553,,,,,,,,,,,,,,,,,,,,,,,,,,,,,,,,,,,,,,,,,,,,,,,,,,,High,Medium,Medium,,,,,
279,2026-09-04,14:53:25.87,,,,,Undefined,FOR_RAM,"Forney, Colden",1000306564,Right,FOR_RAM,Undefined,1,Bottom,0,0,0,Undefined,,Undefined,Undefined,FlyBall,Undefined,0,0,,51.06814,4.565306,-2.24446,3237.167457,,,4.14899,-0.84601,22.03707,,,,2.63422,-0.08205,50.48672,-9.279372,4.601175,0.501772,98.23225,26.55656,-22.329377,1787.494426,102.89231,50.2964,-38.89951,352.44334,297.21464,-18.953211,4.702236,-28.62002,-5.72705,0.20279,50.00019,2.81868,5.54672,-75.28389,11.40768,-17.49933,3.50679,-35.67577,FOR_RAM,,FordhamUniversity,,,20260904-FordhamUniversity-BP-1,e99ab2f0-a891-11f1-884b-8d6b77d225c8,75.11871,70.12574,,0.58142,,,,1.77778,2.35849,0.0528,568bcc58-7a80-4f8d-8682-9863113bc81a,2026-09-04,18:53:25.87,2026-09-04T14:53:25.8790000-04:00,2026-09-04T18:53:25.8790000Z,FlyBall,v3,471298,,,,,Undefined,FOR_RAM,ae87847a-a5ca-4a40-a1c7-68e41b271a3f,38.47456,-74.74508,1.7534,4.15032,5.92627,-17.83789,0.84846,2.85803,-8.74967,,1.7773,119.21872,-21.01757,4.54545,-0.97621,0.20457,-0.03684,0.00441,-0.00023,2.36035,64.37571,-17.05117,1.01657,-0.07649,-0.03108,0.01577,-0.00252,0.00014,0.05309,-48.96283,12.20558,-2.97482,0.54253,-0.06658,0.00557,-0.00049,3E-05,,,,,,,,,,,,,,,,,,,,,,,Low,Low,Low,Medium,Medium,,,
280,2026-09-04,14:53:42.65,,,,,Undefined,FOR_RAM,"Dean, Mason",1000150670,Left,FOR_RAM,Undefined,1,Bottom,0,0,0,Undefined,Curveball,Undefined,Undefined,FlyBall,Undefined,0,0,,51.755,4.59356,-0.855242,2808.798906,319.980385,4:45,4.29937,-0.35385,21.94231,-62.25799,-11.42875,10.83658,2.09614,-0.00533,48.1215,-11.65891,1.933414,0.513131,,,,,,,,,,,,-11.42477,-12.62725,0.12857,50,2.99771,2.03634,-77.59188,11.74223,-6.7267,12.80022,-39.60875,FOR_RAM,,FordhamUniversity,,,20260904-FordhamUniversity-BP-1,f37f8160-a891-11f1-884b-8d6b77d225c8,73.45577,,,3.6335,,,,,,,568bcc58-7a80-4f8d-8682-9863113bc81a,2026-09-04,18:53:42.65,2026-09-04T14:53:42.6590000-04:00,2026-09-04T18:53:42.6590000Z,,v3,471298,,,,,Undefined,FOR_RAM,02ebe10e-4c28-4e88-b19d-bb10ac49f076,38.56509,-75.68197,6.40011,4.30884,5.83225,-19.80437,0.35753,1.03265,-3.36335,,,,,,,,,,,,,,,,,,,,,,,,,,,,,,,,,,,,,,,,,,,,,,,,,,,High,Medium,Medium,,,,,
281,2026-09-04,14:53:52.90,,,,,Undefined,FOR_RAM,"Dean, Mason",1000150670,Left,FOR_RAM,Undefined,1,Bottom,0,0,0,Undefined,Curveball,Undefined,Undefined,Undefined,Undefined,0,0,,50.61309,5.595176,-1.176859,2794.219308,344.758765,5:30,4.31373,-0.37658,22.06966,-76.89087,-25.19745,7.16367,1.53363,-0.54011,48.4187,-14.320314,0.67769,0.517474,,,,,,,,,,,,-8.21008,-29.6747,0.08577,50.00029,2.60699,2.24392,-75.21443,14.835,-4.74234,8.41084,-49.31484,FOR_RAM,,FordhamUniversity,,,20260904-FordhamUniversity-BP-1,f988ea60-a891-11f1-884b-8d6b77d225c8,72.83923,,,2.19439,,,,,,,568bcc58-7a80-4f8d-8682-9863113bc81a,2026-09-04,18:53:52.90,2026-09-04T14:53:52.9050000-04:00,2026-09-04T18:53:52.9050000Z,,v3,471298,,,,,Undefined,FOR_RAM,eb01c0ef-9229-4a4c-ae2e-9adb06b6c180,38.43744,-73.91011,4.20542,4.31457,7.18743,-24.65742,0.37673,1.50849,-2.37117,,,,,,,,,,,,,,,,,,,,,,,,,,,,,,,,,,,,,,,,,,,,,,,,,,,High,Medium,Medium,,,,,
282,2026-09-04,14:54:04.78,,,,,Undefined,FOR_RAM,"Dean, Mason",1000150670,Left,FOR_RAM,Undefined,1,Bottom,0,0,0,Undefined,Curveball,Undefined,Undefined,LineDrive,Undefined,0,0,,48.55583,5.461811,-1.241889,2787.888843,320.235971,4:45,4.30271,-0.36307,21.89162,-65.04929,-7.47993,7.49859,2.43952,-0.54458,45.46585,-11.480878,0.68126,0.546094,80.13547,27.689978,30.868148,2232.06241,96.92354,46.41564,52.01719,297.98244,292.99281,25.647064,4.073643,-8.14615,-8.80922,0.07638,50,2.79927,2.15554,-72.48481,12.43139,-4.24408,10.11122,-36.76357,FOR_RAM,,FordhamUniversity,,,20260904-FordhamUniversity-BP-1,00d13c00-a892-11f1-884b-8d6b77d225c8,69.02193,53.37301,,3.08997,,,,2.70413,2.59523,0.73599,568bcc58-7a80-4f8d-8682-9863113bc81a,2026-09-04,18:54:04.78,2026-09-04T14:54:04.7840000-04:00,2026-09-04T18:54:04.7840000Z,LineDrive,v3,471298,,,,,Undefined,FOR_RAM,315ff17b-8146-48bd-8946-623e79f16388,38.61489,-70.87886,5.05561,4.31002,6.59229,-18.38179,0.36521,1.48146,-2.12204,,2.70467,89.31622,-10.82441,1.96219,-0.22517,-0.01146,0.00833,-0.00072,-1E-05,2.5956,54.60098,-15.57062,0.38931,0.14817,-0.1167,0.04693,-0.00877,0.00061,0.73621,53.39125,-11.49604,2.7577,-0.44049,0.01489,0.00839,-0.00107,2E-05,,,,,,,,,,,,,,,,,,,,,,,High,High,High,Medium,High,,,
283,2026-09-04,14:54:24.97,,,,,Undefined,FOR_RAM,"Grabau, Anthony",1000407420,Left,FOR_RAM,Undefined,1,Bottom,0,0,0,Undefined,,Undefined,Undefined,FlyBall,Undefined,0,0,,49.47856,4.754697,-2.788156,2952.179698,,,4.14222,-0.74114,21.93369,,,,2.32625,-0.35561,49.03121,-10.367623,3.973408,0.519439,96.54026,33.754015,27.487483,2663.908696,95.93623,69.57033,53.81586,380.34582,333.53655,33.981946,5.541806,-28.2508,-7.54158,-0.00085,50.00015,2.75218,6.00685,-72.87598,11.71798,-16.2091,3.16398,-36.50108,FOR_RAM,,FordhamUniversity,,,20260904-FordhamUniversity-BP-1,0ca1add0-a892-11f1-884b-8d6b77d225c8,72.5637,101.14634,,0.44735,,,,2.94701,2.51643,0.15612,568bcc58-7a80-4f8d-8682-9863113bc81a,2026-09-04,18:54:24.97,2026-09-04T14:54:24.9770000-04:00,2026-09-04T18:54:24.9770000Z,FlyBall,v3,471298,,,,,Undefined,FOR_RAM,74191a11-88ed-4240-95b9-82dde10a8d6a,38.57819,-72.37839,1.58199,4.14365,5.97752,-18.25054,0.74338,3.45767,-8.10455,,2.95193,104.33595,-23.82219,5.9312,-0.96467,0.06199,0.0089,-0.00188,0.0001,2.51157,78.75676,-16.8147,0.27621,0.12817,-0.0525,0.01469,-0.00216,0.00012,0.15768,54.30705,-6.30292,1.01648,-0.03177,-0.03574,0.00956,-0.00103,4E-05,,,,,,,,,,,,,,,,,,,,,,,Low,Low,Low,High,Medium,,,
284,2026-09-04,14:54:37.61,,,,,Undefined,FOR_RAM,"Grabau, Anthony",1000407420,Left,FOR_RAM,Undefined,1,Bottom,0,0,0,Undefined,,Undefined,Undefined,Undefined,Undefined,0,0,,54.60728,5.261675,-1.181921,3454.784869,,,3.99811,-1.00702,22.02732,,,,2.8363,0.30815,50.68001,-9.129416,5.238707,0.484615,,,,,,,,,,,,-25.85427,-10.82178,0.64851,50,2.59725,3.79982,-81.80125,12.69733,-16.99202,13.8096,-39.28636,FOR_RAM,,FordhamUniversity,,,20260904-FordhamUniversity-BP-1,14641170-a892-11f1-884b-8d6b77d225c8,77.77813,,,3.92727,,,,,,,568bcc58-7a80-4f8d-8682-9863113bc81a,2026-09-04,18:54:37.61,2026-09-04T14:54:37.6130000-04:00,2026-09-04T18:54:37.6130000Z,,v3,471298,,,,,Undefined,FOR_RAM,bdddda43-eb30-439a-b3c4-dfce36929dce,38.48282,-79.83326,6.9048,4.00781,7.09868,-19.64318,1.01747,1.37831,-8.49601,,,,,,,,,,,,,,,,,,,,,,,,,,,,,,,,,,,,,,,,,,,,,,,,,,,Low,Low,Low,,,,,
285,2026-09-04,14:54:43.47,,,,,Undefined,FOR_RAM,"Grabau, Anthony",1000407420,Left,FOR_RAM,Undefined,1,Bottom,0,0,0,Undefined,,Undefined,Undefined,LineDrive,Undefined,0,0,,50.59401,4.944414,-1.351896,3003.732538,,,3.96258,-1.11127,21.98658,,,,3.10057,0.28062,49.83308,-7.668104,5.632839,0.507719,101.73042,18.394122,11.893622,4642.591495,108.31014,31.06459,19.20588,320.23451,315.22522,7.134074,3.23094,-29.09301,0.61843,0.64818,50.00022,2.59937,4.36113,-74.56155,11.28613,-17.41825,3.59839,-31.8038,FOR_RAM,,FordhamUniversity,,,20260904-FordhamUniversity-BP-1,17b00820-a892-11f1-884b-8d6b77d225c8,74.23872,37.16072,,0.76094,,,,1.50423,2.77364,-0.22466,568bcc58-7a80-4f8d-8682-9863113bc81a,2026-09-04,18:54:43.47,2026-09-04T14:54:43.4740000-04:00,2026-09-04T18:54:43.4740000Z,LineDrive,v3,471298,,,,,Undefined,FOR_RAM,9400941d-f80e-42bf-983b-42359ad258f2,38.52353,-74.00561,1.79919,3.96348,6.3725,-15.9019,1.11408,1.67003,-8.70913,137.442693,1.50424,138.54105,-21.28984,4.60983,-0.99553,0.2016,-0.03468,0.0041,-0.00023,2.77364,47.08159,-17.72613,1.34733,-0.22446,0.03568,-0.00429,0.00053,-4E-05,-0.22465,29.17864,-9.62149,2.5025,-0.61724,0.13584,-0.0242,0.00289,-0.00016,,,,,,,,,,,,,,,,,,,,,,,Low,Low,Low,High,Medium,,,
286,2026-09-04,14:54:53.10,,,,,Undefined,FOR_RAM,"Grabau, Anthony",1000407420,Left,FOR_RAM,Undefined,1,Bottom,0,0,0,Undefined,,Undefined,Undefined,LineDrive,Undefined,0,0,,48.34521,7.122652,-2.420952,2684.825483,,,3.90489,-0.61436,22.02484,,,,2.74298,-0.9821,47.73749,-10.752195,1.274331,0.531944,101.51463,20.704522,27.671118,1051.349478,95.374,37.0044,54.80597,380.96106,343.98379,35.650212,3.898191,-15.53776,-16.36576,0.02551,50.00013,1.94006,4.31329,-70.92144,15.4243,-8.45985,2.83367,-41.0847,FOR_RAM,,FordhamUniversity,,,20260904-FordhamUniversity-BP-1,1d7bf2f0-a892-11f1-884b-8d6b77d225c8,70.85785,49.87175,,0.60771,,,,2.71337,2.86828,0.59007,568bcc58-7a80-4f8d-8682-9863113bc81a,2026-09-04,18:54:53.10,2026-09-04T14:54:53.1020000-04:00,2026-09-04T18:54:53.1020000Z,LineDrive,v3,471298,,,,,Undefined,FOR_RAM,fa48cf05-e513-4f06-90ae-27250b1b4573,38.48793,-70.45996,1.41684,3.90715,8.73353,-20.54235,0.61576,2.93557,-4.22992,,2.713,123.34911,-22.27617,5.11292,-1.02215,0.18643,-0.03456,0.00497,-0.00031,2.86881,52.62888,-15.51976,0.40554,0.03904,-0.02484,0.00865,-0.00103,2E-05,0.58994,64.68465,-2.01367,-0.2191,0.02894,0.04317,-0.01904,0.00338,-0.00023,,,,,,,,,,,,,,,,,,,,,,,Low,Low,Low,Medium,Medium,,,
287,2026-09-04,14:55:09.96,,,,,Undefined,FOR_RAM,"Reina, Braedon",10305192,Left,FOR_RAM,Undefined,1,Bottom,0,0,0,Undefined,Curveball,Undefined,Undefined,Undefined,Undefined,0,0,,51.75364,4.738786,-0.5593,3004.792953,329.393551,5:00,4.29967,-0.36541,21.89623,-60.10468,-9.60012,6.46567,2.37429,-0.18969,48.44949,-10.917271,1.101395,0.511489,106.48272,19.142091,36.463438,2123.207335,84.397,28.6017,70.54858,293.65278,248.50387,45.100227,2.644468,-6.83138,-10.73312,0.22032,50,2.97802,1.28992,-77.36725,11.801,-4.05608,11.48958,-38.54675,FOR_RAM,,FordhamUniversity,,,20260904-FordhamUniversity-BP-1,278623b0-a892-11f1-884b-8d6b77d225c8,73.69153,31.57543,,3.30414,,,,1.89545,2.34813,0.53331,568bcc58-7a80-4f8d-8682-9863113bc81a,2026-09-04,18:55:09.96,2026-09-04T14:55:09.9670000-04:00,2026-09-04T18:55:09.9670000Z,LineDrive,v3,471298,,,,,Undefined,FOR_RAM,fe20dbfa-108d-40fd-945b-10c3148121d6,38.6107,-75.65695,5.74479,4.30761,6.06308,-19.27337,0.3674,0.68615,-2.02804,,1.89549,118.65474,-25.83423,6.53272,-1.47123,0.24437,-0.0248,-0.00071,0.00039,2.34811,51.21196,-25.71377,3.41674,-0.66744,0.13754,-0.0288,0.00523,-0.00049,0.53332,87.68372,-0.56274,-2.74009,1.21136,-0.38394,0.09163,-0.01475,0.0011,,,,,,,,,,,,,,,,,,,,,,,High,Medium,Medium,Medium,Medium,,,
288,2026-09-04,14:55:16.89,,,,,Undefined,FOR_RAM,"Reina, Braedon",10305192,Left,FOR_RAM,Undefined,1,Bottom,0,0,0,Undefined,,Undefined,Undefined,FlyBall,Undefined,0,0,,51.03183,4.678576,-1.066511,3312.970705,,,4.0518,-1.1749,21.98042,,,,3.47837,0.36107,50.17496,-6.523327,5.789598,0.503409,,,,,,,,,,,,-28.78742,5.59288,0.76484,50.00009,2.78045,4.0292,-75.1642,10.50407,-17.53952,3.52863,-28.76644,FOR_RAM,,FordhamUniversity,,,20260904-FordhamUniversity-BP-1,2ba17850-a892-11f1-884b-8d6b77d225c8,74.87441,,,0.85688,,,,,,,568bcc58-7a80-4f8d-8682-9863113bc81a,2026-09-04,18:55:16.89,2026-09-04T14:55:16.8940000-04:00,2026-09-04T18:55:16.8940000Z,,v3,471298,,,,,Undefined,FOR_RAM,ebd31324-48ac-4a32-9809-84b6593042e5,38.52708,-74.62365,1.76431,4.05204,6.09733,-14.38322,1.17627,1.34232,-8.76976,,,,,,,,,,,,,,,,,,,,,,,,,,,,,,,,,,,,,,,,,,,,,,,,,,,Low,Low,Low,,,,,
289,2026-09-04,14:55:23.91,,,,,Undefined,FOR_RAM,"Reina, Braedon",10305192,Left,FOR_RAM,Undefined,1,Bottom,0,0,0,Undefined,Curveball,Undefined,Undefined,FlyBall,Undefined,0,0,,49.46124,5.154764,-0.681558,2960.891883,323.436348,4:45,4.31187,-0.37992,21.94337,-61.81019,-6.38945,5.86949,2.51227,-0.33269,46.14875,-10.995548,0.82644,0.535806,,,,,,,,,,,,-6.28213,-7.5863,0.21298,50,2.88489,1.34352,-73.92158,12.00335,-3.3907,10.82883,-36.26866,FOR_RAM,,FordhamUniversity,,,20260904-FordhamUniversity-BP-1,2fe3b5e0-a892-11f1-884b-8d6b77d225c8,70.34718,,,3.31249,,,,,,,568bcc58-7a80-4f8d-8682-9863113bc81a,2026-09-04,18:55:23.91,2026-09-04T14:55:23.9120000-04:00,2026-09-04T18:55:23.9120000Z,,v3,471298,,,,,Undefined,FOR_RAM,c7e98469-6358-4be6-90be-23f53914cc2f,38.5623,-72.22663,5.41442,4.3194,6.32651,-18.13433,0.38174,0.8128,-1.69535,,,,,,,,,,,,,,,,,,,,,,,,,,,,,,,,,,,,,,,,,,,,,,,,,,,High,High,High,,,,,
290,2026-09-04,14:55:43.67,,,,,Undefined,FOR_RAM,"Ford, Tim",1000142266,Right,FOR_RAM,Undefined,1,Bottom,0,0,0,Undefined,,Undefined,Undefined,LineDrive,Undefined,0,0,,50.91478,3.829527,-0.315133,3153.359152,,,4.0022,-1.26837,21.92877,,,,2.51084,0.80301,50.32624,-8.456183,6.688739,0.504981,95.39096,17.762547,-29.986282,1742.98232,94.39142,15.83585,-56.48229,172.87453,172.87453,-31.744219,1.617158,-29.04289,1.32469,1.01417,50.00028,2.88185,3.02864,-75.20479,9.74614,-17.63263,3.95665,-31.3698,FOR_RAM,,FordhamUniversity,,,20260904-FordhamUniversity-BP-1,3b91ab90-a892-11f1-884b-8d6b77d225c8,74.64136,16.79728,,0.58854,,,,1.07523,1.8265,-0.02218,568bcc58-7a80-4f8d-8682-9863113bc81a,2026-09-04,18:55:43.67,2026-09-04T14:55:43.6720000-04:00,2026-09-04T18:55:43.6720000Z,LineDrive,v3,471298,,,,,Undefined,FOR_RAM,0e033dcb-6586-4d45-97f6-a6771519a457,38.5812,-74.60159,1.97832,4.00312,4.96377,-15.6849,1.27098,0.34052,-8.81632,,1.07523,115.40257,-22.12527,5.76166,-1.52265,0.41714,-0.10413,0.01927,-0.00183,1.8265,42.68164,-34.26805,6.39342,-1.74358,0.47276,-0.11797,0.02185,-0.00207,-0.02218,-66.59087,9.14806,-2.39671,0.62848,-0.1722,0.043,-0.00796,0.00076,,,,,,,,,,,,,,,,,,,,,,,Low,Low,Low,Medium,Medium,,,
291,2026-09-04,14:55:51.86,,,,,Undefined,FOR_RAM,"Ford, Tim",1000142266,Right,FOR_RAM,Undefined,1,Bottom,0,0,0,Undefined,,Undefined,Undefined,Undefined,Undefined,0,0,,53.46289,1.343478,-3.382233,3400.624719,,,4.2493,-0.68514,22.01909,,,,1.9793,-0.75882,47.36911,-8.840336,3.155648,0.506244,,,,,,,,,,,,-30.87403,11.66075,-0.16579,50,3.72307,7.23618,-81.15976,5.46204,-18.5399,20.3874,-25.17177,FOR_RAM,,FordhamUniversity,,,20260904-FordhamUniversity-BP-1,40510860-a892-11f1-884b-8d6b77d225c8,74.45506,,,6.09378,,,,,,,568bcc58-7a80-4f8d-8682-9863113bc81a,2026-09-04,18:55:51.86,2026-09-04T14:55:51.8640000-04:00,2026-09-04T18:55:51.8640000Z,,v3,471298,,,,,Undefined,FOR_RAM,44f8079e-5b9a-452f-a0fc-48b73e9898b1,38.4866,-78.21413,10.1937,4.24951,1.82515,-12.58588,0.6862,4.55748,-9.26995,,,,,,,,,,,,,,,,,,,,,,,,,,,,,,,,,,,,,,,,,,,,,,,,,,,Low,Low,Low,,,,,
292,2026-09-04,14:56:06.41,,,,,Undefined,FOR_RAM,"Ford, Tim",1000142266,Right,FOR_RAM,Undefined,1,Bottom,0,0,0,Undefined,,Undefined,Undefined,FlyBall,Undefined,0,0,,49.88632,4.557772,-2.179719,3015.859833,,,4.0709,-0.88473,21.95495,,,,3.10425,-0.04913,49.17399,-7.599931,4.742861,0.514867,,,,,,,,,,,,-29.03478,3.99587,0.25378,50.0001,2.79887,5.3693,-73.42169,10.46914,-16.93231,3.09187,-29.84376,FOR_RAM,,FordhamUniversity,,,20260904-FordhamUniversity-BP-1,4911a220-a892-11f1-884b-8d6b77d225c8,73.20807,,,0.71233,,,,,,,568bcc58-7a80-4f8d-8682-9863113bc81a,2026-09-04,18:56:06.41,2026-09-04T14:56:06.4140000-04:00,2026-09-04T18:56:06.4140000Z,,v3,471298,,,,,Undefined,FOR_RAM,3e465962-2fb4-4050-8413-4fba22d39ab8,38.55326,-72.93806,1.54594,4.07136,5.80096,-14.92188,0.88651,2.72074,-8.46616,,,,,,,,,,,,,,,,,,,,,,,,,,,,,,,,,,,,,,,,,,,,,,,,,,,Low,Low,Low,,,,,
293,2026-09-04,14:56:20.30,,,,,Undefined,FOR_RAM,"Forney, Colden",1000306564,Right,FOR_RAM,Undefined,1,Bottom,0,0,0,Undefined,,Undefined,Undefined,FlyBall,Undefined,0,0,,53.86558,2.965707,-2.540597,3463.574261,,,4.08343,-0.93746,22.04236,,,,2.73468,-0.34577,53.15804,-7.177676,4.365711,0.474699,,,,,,,,,,,,-29.3482,4.33276,0.2173,50.00002,3.17712,6.40217,-79.30719,8.34422,-20.05383,3.16979,-29.21344,FOR_RAM,,FordhamUniversity,,,20260904-FordhamUniversity-BP-1,5167ba40-a892-11f1-884b-8d6b77d225c8,79.40286,,,0.70754,,,,,,,568bcc58-7a80-4f8d-8682-9863113bc81a,2026-09-04,18:56:20.30,2026-09-04T14:56:20.3080000-04:00,2026-09-04T18:56:20.3080000Z,,v3,471298,,,,,Undefined,FOR_RAM,c16c2d6e-2939-454b-a123-db043dbf3721,38.46446,-78.84479,1.5849,4.08353,4.08259,-14.60672,0.93786,3.47673,-10.02692,,,,,,,,,,,,,,,,,,,,,,,,,,,,,,,,,,,,,,,,,,,,,,,,,,,Low,Low,Low,,,,,
294,2026-09-04,14:56:27.01,,,,,Undefined,FOR_RAM,"Forney, Colden",1000306564,Right,FOR_RAM,Undefined,1,Bottom,0,0,0,Undefined,,Undefined,Undefined,LineDrive,Undefined,0,0,,53.63448,1.467338,-4.252067,3405.366678,,,4.39726,-0.60269,21.79786,,,,2.60883,-1.45091,46.99383,-7.508039,1.641547,0.509896,,,,,,,,,,,,-28.02328,17.52434,-0.3732,50,3.89546,8.09959,-81.32355,5.0811,-16.77407,21.09859,-21.68441,FOR_RAM,,FordhamUniversity,,,20260904-FordhamUniversity-BP-1,5563c710-a892-11f1-884b-8d6b77d225c8,73.92186,,,6.64065,,,,,,,568bcc58-7a80-4f8d-8682-9863113bc81a,2026-09-04,18:56:27.01,2026-09-04T14:56:27.0110000-04:00,2026-09-04T18:56:27.0110000Z,,v3,471298,,,,,Undefined,FOR_RAM,bcbd97b5-1724-4f4c-bdee-49c5ff9fa5bd,38.7068,-78.33887,10.54929,4.39728,2.01355,-10.84221,0.60476,5.72667,-8.38704,,,,,,,,,,,,,,,,,,,,,,,,,,,,,,,,,,,,,,,,,,,,,,,,,,,Low,Low,Low,,,,,
295,2026-09-04,14:56:35.99,,,,,Undefined,FOR_RAM,"Forney, Colden",1000306564,Right,FOR_RAM,Undefined,1,Bottom,0,0,0,Undefined,,Undefined,Undefined,LineDrive,Undefined,0,0,,52.95471,3.888801,-0.913056,3188.361455,,,4.08066,-1.17158,21.8563,,,,3.45953,0.39669,49.84562,-6.048435,5.722729,0.497152,93.11645,12.320404,-10.295466,6814.789642,,,,,59.95925,,,-27.06856,9.66056,0.84588,50,3.04806,3.52672,-78.9611,9.01802,-17.03775,10.33885,-26.09341,FOR_RAM,,FordhamUniversity,,,20260904-FordhamUniversity-BP-1,5ac24a10-a892-11f1-884b-8d6b77d225c8,75.81673,12.27482,,3.10908,,,,1.88986,3.06364,-0.26052,568bcc58-7a80-4f8d-8682-9863113bc81a,2026-09-04,18:56:35.99,2026-09-04T14:56:35.9960000-04:00,2026-09-04T18:56:35.9960000Z,,v3,471298,,,,,Undefined,FOR_RAM,00c6c846-d44a-4411-9974-4dcc9c599dc4,38.64935,-77.46064,5.16943,4.08204,5.23112,-13.04671,1.17828,1.05406,-8.51888,281.825523,1.89584,131.10192,-11.75519,,,,,,,3.0706,28.93748,-19.22017,,,,,,,-0.26795,-23.62808,8.15018,,,,,,,,,,,,,,,,,,,,,,,,,,,,,Low,Low,Low,Medium,Undefined,,,
296,2026-09-04,14:56:47.83,,,,,Undefined,FOR_RAM,"Dean, Mason",1000150670,Left,FOR_RAM,Undefined,1,Bottom,0,0,0,Undefined,,Undefined,Undefined,LineDrive,Undefined,0,0,,49.06182,4.837284,-2.577123,3063.332935,,,4.14416,-0.85793,22.05762,,,,3.19561,-0.29972,46.71547,-7.99734,4.286574,0.531565,95.57309,20.316123,19.964792,2016.200624,103.09878,38.51212,38.3469,344.10485,341.37555,21.125511,4.189898,-28.85576,5.07949,0.16674,50,2.80792,5.60829,-72.83878,10.7198,-15.71797,7.44062,-29.4072,FOR_RAM,,FordhamUniversity,,,20260904-FordhamUniversity-BP-1,61e400e0-a892-11f1-884b-8d6b77d225c8,70.90837,51.57879,,2.34635,,,,1.43238,2.88791,-0.05819,568bcc58-7a80-4f8d-8682-9863113bc81a,2026-09-04,18:56:47.83,2026-09-04T14:56:47.8330000-04:00,2026-09-04T18:56:47.8330000Z,LineDrive,v3,471298,,,,,Undefined,FOR_RAM,1c79d5e6-fe8f-4ab1-9e95-6de3fa4bee13,38.44945,-71.64916,3.72031,4.14597,6.0181,-14.7036,0.86252,3.09527,-7.85899,189.893963,1.43205,123.56112,-23.10084,5.27877,-1.09121,0.2227,-0.04064,0.00503,-0.00028,2.88877,48.64616,-11.93113,-0.46073,0.3453,-0.14201,0.0376,-0.00505,0.00026,-0.05826,44.88526,-6.07319,0.9644,-0.15499,0.02594,-0.00396,0.00038,-1E-05,,,,,,,,,,,,,,,,,,,,,,,Low,Low,Low,High,Medium,,,
297,2026-09-04,14:56:56.68,,,,,Undefined,FOR_RAM,"Dean, Mason",1000150670,Left,FOR_RAM,Undefined,1,Bottom,0,0,0,Undefined,,Undefined,Undefined,LineDrive,Undefined,0,0,,50.39518,4.832352,-1.859218,3254.713899,,,4.08678,-0.93997,21.91922,,,,2.64904,0.09021,49.80751,-9.297786,5.025567,0.510377,96.12568,14.11499,12.573946,1125.259201,107.38068,24.11944,23.85999,304.98674,302.98655,12.848375,3.10037,-28.62167,-5.27607,0.3839,50.00023,2.71536,4.93876,-74.30729,11.63043,-17.021,3.5652,-35.31167,FOR_RAM,,FordhamUniversity,,,20260904-FordhamUniversity-BP-1,67202ed0-a892-11f1-884b-8d6b77d225c8,73.85214,28.17199,,0.58767,,,,0.98971,2.4096,-0.1768,568bcc58-7a80-4f8d-8682-9863113bc81a,2026-09-04,18:56:56.68,2026-09-04T14:56:56.6850000-04:00,2026-09-04T18:56:56.6850000Z,LineDrive,v3,471298,,,,,Undefined,FOR_RAM,0ff76710-d932-4403-9dd6-e2bbd0a6d4de,38.59295,-73.75795,1.7826,4.08824,6.18945,-17.65584,0.94283,2.31608,-8.5105,182.909396,0.98971,133.44791,-20.70811,4.47486,-0.8973,0.16992,-0.02785,0.00319,-0.00017,2.4096,34.38172,-11.28128,-0.32085,0.18996,-0.05142,0.00911,-0.00074,1E-05,-0.1768,29.76546,-4.10347,0.80451,-0.14788,0.02622,-0.00431,0.00051,-3E-05,,,,,,,,,,,,,,,,,,,,,,,Low,Low,Low,High,High,,,
298,2026-09-04,14:57:03.98,,,,,Undefined,FOR_RAM,"Dean, Mason",1000150670,Left,FOR_RAM,Undefined,1,Bottom,0,0,0,Undefined,Curveball,Undefined,Undefined,LineDrive,Undefined,0,0,,50.87639,3.817831,-0.265958,3169.924398,313.029655,4:30,4.31721,-0.38421,21.88452,-57.12924,-4.86878,6.71441,2.03927,0.00263,47.67974,-11.076405,1.459067,0.520305,94.22168,24.300582,19.614378,2489.558871,103.4261,46.59954,37.45678,352.53292,350.9926,21.011099,4.66452,-7.05611,-5.76319,0.29417,50,3.18885,0.91245,-76.12489,10.18196,-4.05044,11.24127,-35.48229,FOR_RAM,,FordhamUniversity,,,20260904-FordhamUniversity-BP-1,6b6d68e0-a892-11f1-884b-8d6b77d225c8,72.44298,65.36117,,3.19665,,,,1.72642,2.07425,-0.06494,568bcc58-7a80-4f8d-8682-9863113bc81a,2026-09-04,18:57:03.98,2026-09-04T14:57:03.9860000-04:00,2026-09-04T18:57:03.9860000Z,LineDrive,v3,471298,,,,,Undefined,FOR_RAM,44c70a06-99a6-43b3-b051-4fd22b58d013,38.62088,-74.42559,5.62063,4.32261,4.81822,-17.74115,0.38582,0.30016,-2.02522,186.949666,1.72642,118.63779,-22.82956,5.27794,-1.0962,0.22673,-0.04164,0.00504,-0.00027,2.07556,56.84127,-12.73325,-0.4124,0.42757,-0.19711,0.05194,-0.00687,0.00035,-0.0651,42.28324,-6.43074,1.30669,-0.26478,0.05849,-0.01179,0.00151,-8E-05,,,,,,,,,,,,,,,,,,,,,,,High,Medium,Medium,High,High,,,
299,2026-09-04,14:57:13.86,,,,,Undefined,FOR_RAM,"Dean, Mason",1000150670,Left,FOR_RAM,Undefined,1,Bottom,0,0,0,Undefined,,Undefined,Undefined,LineDrive,Undefined,0,0,,49.06967,3.103472,-2.27802,2988.923999,,,4.18207,-0.86875,21.84567,,,,1.81857,-0.06951,47.02608,-10.530445,4.737959,0.534081,95.43154,19.490823,18.261314,2286.263976,104.72068,33.97106,33.66829,297.77773,297.77773,17.109279,3.663077,-29.15509,2.23539,0.25281,50,3.20763,5.2128,-73.08207,8.66696,-15.91109,7.88061,-30.95411,FOR_RAM,,FordhamUniversity,,,20260904-FordhamUniversity-BP-1,7151e4c0-a892-11f1-884b-8d6b77d225c8,70.57438,41.80942,,2.0436,,,,1.34488,1.60311,0.08217,568bcc58-7a80-4f8d-8682-9863113bc81a,2026-09-04,18:57:13.86,2026-09-04T14:57:13.8680000-04:00,2026-09-04T18:57:13.8680000Z,LineDrive,v3,471298,,,,,Undefined,FOR_RAM,64ee5469-df65-4394-af46-837927ce8bc2,38.66224,-71.84909,3.94031,4.18478,3.82397,-15.47706,0.87365,2.72339,-7.95554,,1.34492,125.29829,-24.52565,5.67287,-1.24014,0.24607,-0.03799,0.00365,-0.00015,1.60304,46.70467,-14.3989,0.59788,-0.14692,0.0887,-0.03559,0.00701,-0.00052,0.08219,41.34477,-8.70537,1.94745,-0.42504,0.0877,-0.01493,0.00165,-8E-05,,,,,,,,,,,,,,,,,,,,,,,Low,Low,Low,High,High,,,
300,2026-09-04,14:57:32.60,,,,,Undefined,FOR_RAM,"Grabau, Anthony",1000407420,Left,FOR_RAM,Undefined,1,Bottom,0,0,0,Undefined,,Undefined,Undefined,LineDrive,Undefined,0,0,,49.56005,5.617244,-2.791453,3346.726608,,,4.04329,-0.68842,21.99161,,,,2.17942,-0.58183,49.12656,-11.379102,3.120283,0.518352,103.22752,28.438381,24.486044,1826.054628,98.16378,59.35315,49.63729,383.90784,359.26868,33.191924,5.427234,-24.76139,-15.65749,-0.03539,50.00015,2.41629,5.71887,-72.94679,13.5659,-14.22804,3.21051,-41.17094,FOR_RAM,,FordhamUniversity,,,20260904-FordhamUniversity-BP-1,7c83a590-a892-11f1-884b-8d6b77d225c8,72.7159,93.36478,,0.43349,,,,2.06773,2.6128,0.26338,568bcc58-7a80-4f8d-8682-9863113bc81a,2026-09-04,18:57:32.60,2026-09-04T14:57:32.6080000-04:00,2026-09-04T18:57:32.6080000Z,FlyBall,v3,471298,,,,,Undefined,FOR_RAM,83adb19b-ae09-4a3e-8492-cedece3a197e,38.52165,-72.43984,1.60526,4.04512,7.06489,-20.58547,0.69026,3.47221,-7.11402,,2.06991,121.10987,-29.49422,7.14628,-1.28498,0.16068,-0.0137,0.00092,-4E-05,2.61491,72.05813,-14.20601,-0.61036,0.45563,-0.15553,0.03483,-0.0042,0.0002,0.26384,55.17296,-5.57285,0.72274,-0.07237,0.01321,-0.00376,0.00058,-3E-05,,,,,,,,,,,,,,,,,,,,,,,Low,Low,Low,Medium,Medium,,,
301,2026-09-04,14:57:54.27,,,,,Undefined,FOR_RAM,"Reina, Braedon",10305192,Left,FOR_RAM,Undefined,1,Bottom,0,0,0,Undefined,,Undefined,Undefined,LineDrive,Undefined,0,0,,51.7318,4.363862,-2.129749,3361.148696,,,4.03627,-0.83998,21.74188,,,,2.80545,0.06806,49.32362,-8.3315,4.905004,0.508038,102.62005,22.753522,14.925638,988.782823,107.15513,42.34558,24.85478,359.50352,356.09889,11.196882,4.282506,-28.93167,0.31004,0.26665,50,2.85487,5.22838,-76.91126,10.40013,-17.54227,8.44354,-31.98606,FOR_RAM,,FordhamUniversity,,,20260904-FordhamUniversity-BP-1,8994d4c0-a892-11f1-884b-8d6b77d225c8,74.19211,58.29735,,2.40819,,,,1.45712,2.55309,-0.06292,568bcc58-7a80-4f8d-8682-9863113bc81a,2026-09-04,18:57:54.27,2026-09-04T14:57:54.2700000-04:00,2026-09-04T18:57:54.2700000Z,FlyBall,v3,471298,,,,,Undefined,FOR_RAM,6ecac66f-bbb2-4bc7-9d7e-d4fcc152ad7c,38.76702,-75.66802,4.22177,4.03947,5.69046,-15.99303,0.84633,2.64544,-8.77114,149.511367,1.45587,134.14563,-23.08156,4.97981,-1.17841,0.30771,-0.07201,0.01049,-0.00063,2.55438,58.17873,-16.14165,0.27759,0.24619,-0.11583,0.03043,-0.0038,0.00017,-0.06389,35.77293,-12.01787,3.91313,-0.94838,0.17041,-0.02269,0.00187,-5E-05,,,,,,,,,,,,,,,,,,,,,,,Low,Low,Low,High,High,,,
302,2026-09-04,14:58:03.38,,,,,Undefined,FOR_RAM,"Reina, Braedon",10305192,Left,FOR_RAM,Undefined,1,Bottom,0,0,0,Undefined,,Undefined,Undefined,LineDrive,Undefined,0,0,,50.49236,4.592112,-0.570047,3103.475822,,,3.96829,-1.13802,21.92721,,,,2.67259,0.76932,47.19092,-8.875061,6.434852,0.524175,99.8927,11.830199,29.977899,2446.990221,92.4763,13.70761,59.56549,196.01532,156.46303,35.949837,1.71423,-28.58852,0.73114,0.87192,50,2.70911,3.0175,-75.5341,10.68633,-16.13798,11.16586,-31.76133,FOR_RAM,,FordhamUniversity,,,20260904-FordhamUniversity-BP-1,8ee43c90-a892-11f1-884b-8d6b77d225c8,71.90814,13.77038,,3.30145,,,,1.63506,1.9902,-0.27766,568bcc58-7a80-4f8d-8682-9863113bc81a,2026-09-04,18:58:03.38,2026-09-04T14:58:03.3890000-04:00,2026-09-04T18:58:03.3890000Z,LineDrive,v3,471298,,,,,Undefined,FOR_RAM,48270f83-e6f5-4ad6-9029-ab853fc7774f,38.57957,-73.82657,5.58293,3.97192,5.82925,-15.88067,1.14467,0.54962,-8.06899,,1.63508,124.21131,-27.91565,7.25764,-1.60332,0.26833,-0.03324,0.01402,-0.00405,1.99018,30.03839,-20.06467,1.29303,-0.23349,0.15065,-0.05474,-0.00379,0.00409,-0.27766,71.64985,-4.1631,1.27203,-0.2159,-0.00655,0.01469,0.00086,-0.00126,,,,,,,,,,,,,,,,,,,,,,,Low,Low,Low,Medium,Medium,,,
303,2026-09-04,14:58:09.57,,,,,Undefined,FOR_RAM,"Reina, Braedon",10305192,Left,FOR_RAM,Undefined,1,Bottom,0,0,0,Undefined,,Undefined,Undefined,FlyBall,Undefined,0,0,,51.70477,4.153677,-1.727304,1842.977266,,,4.04665,-0.87699,22.02579,,,,2.39099,0.2426,49.62984,-9.420479,5.184448,0.503302,94.94748,28.191947,1.46248,3349.197346,109.98155,57.97179,-2.01464,340.59473,154.73489,-5.938012,5.159001,-28.7345,-4.0537,0.35764,50,2.83831,4.79097,-76.90289,10.6391,-17.49347,8.05373,-34.64193,FOR_RAM,,FordhamUniversity,,,20260904-FordhamUniversity-BP-1,92813970-a892-11f1-884b-8d6b77d225c8,74.89024,82.20944,,2.07492,,,,1.1106,2.21097,0.01542,568bcc58-7a80-4f8d-8682-9863113bc81a,2026-09-04,18:58:09.57,2026-09-04T14:58:09.5740000-04:00,2026-09-04T18:58:09.5740000Z,FlyBall,v3,471298,,,,,Undefined,FOR_RAM,ab3e55a6-27c6-4281-b620-2b9dea36af85,38.48362,-75.68722,4.02687,4.04958,5.41007,-17.32096,0.88153,2.15042,-8.74674,162.020612,1.11189,122.67714,-26.83364,6.42552,-1.24076,0.19373,-0.02463,0.00235,-0.00011,2.21222,65.74743,-12.75105,-1.23524,0.75322,-0.25316,0.05489,-0.00651,0.00031,0.01579,3.12874,-6.37146,2.11116,-0.5017,0.08542,-0.00971,0.00068,-2E-05,,,,,,,,,,,,,,,,,,,,,,,Low,Low,Low,Low,Low,,,
304,2026-09-04,14:58:16.03,,,,,Undefined,FOR_RAM,"Reina, Braedon",10305192,Left,FOR_RAM,Undefined,1,Bottom,0,0,0,Undefined,,Undefined,Undefined,FlyBall,Undefined,0,0,,50.45188,3.86782,-0.228516,3238.621221,,,3.98326,-1.24444,21.94262,,,,2.17947,0.88023,49.27849,-9.501311,6.77186,0.513148,,,,,,,,,,,,-28.8321,-1.37524,1.01847,50,2.83652,2.79783,-74.83204,10.00842,-16.95018,5.91224,-32.98254,FOR_RAM,,FordhamUniversity,,,20260904-FordhamUniversity-BP-1,96644000-a892-11f1-884b-8d6b77d225c8,73.45328,,,1.17339,,,,,,,568bcc58-7a80-4f8d-8682-9863113bc81a,2026-09-04,18:58:16.03,2026-09-04T14:58:16.0350000-04:00,2026-09-04T18:58:16.0350000Z,,v3,471298,,,,,Undefined,FOR_RAM,9bf41de4-8b6a-4222-b711-d0bd04b28e96,38.56739,-73.92326,2.95612,3.98528,4.93866,-16.49127,1.24828,0.19241,-8.47509,,,,,,,,,,,,,,,,,,,,,,,,,,,,,,,,,,,,,,,,,,,,,,,,,,,Low,Low,Low,,,,,
305,2026-09-04,14:58:23.43,,,,,Undefined,FOR_RAM,"Reina, Braedon",10305192,Left,FOR_RAM,Undefined,1,Bottom,0,0,0,Undefined,,Undefined,Undefined,LineDrive,Undefined,0,0,,47.16494,5.278569,-1.84015,2728.132293,,,4.04435,-0.90499,21.94835,,,,1.89705,0.01875,46.89547,-11.884581,4.688616,0.545314,80.07742,28.724358,10.548962,2716.46702,109.54338,39.96248,10.01209,243.54595,117.84177,0.578858,3.078604,-27.21958,-10.5563,0.35773,50.00017,2.48793,4.49593,-69.51162,12.54427,-14.1644,3.12489,-37.66729,FOR_RAM,,FordhamUniversity,,,20260904-FordhamUniversity-BP-1,9ac57740-a892-11f1-884b-8d6b77d225c8,69.12063,41.12542,,0.26948,,,,2.60082,2.18666,-0.05805,568bcc58-7a80-4f8d-8682-9863113bc81a,2026-09-04,18:58:23.43,2026-09-04T14:58:23.4330000-04:00,2026-09-04T18:58:23.4330000Z,LineDrive,v3,471298,,,,,Undefined,FOR_RAM,fe327928-0aac-401a-bb27-c3cfa09a19ad,38.56371,-68.99558,1.56244,4.04587,6.32394,-18.83365,0.90704,2.15684,-7.0822,88.6668,2.60087,101.25028,-11.94381,2.17237,-0.2226,-0.05203,0.03321,-0.00814,0.0008,2.18662,56.44731,-22.9201,2.27022,-0.55616,0.19727,-0.06472,0.01316,-0.00111,-0.05805,18.85101,-12.11136,3.46212,-0.47278,-0.10798,0.07211,-0.01586,0.00133,,,,,,,,,,,,,,,,,,,,,,,Low,Low,Low,High,Medium,,,
306,2026-09-04,14:58:38.00,,,,,Undefined,FOR_RAM,"Ford, Tim",1000142266,Right,FOR_RAM,Undefined,1,Bottom,0,0,0,Undefined,,Undefined,Undefined,Undefined,Undefined,0,0,,50.04535,4.32157,0.007589,3421.43712,,,3.75265,-1.14589,21.87257,,,,3.2822,0.93706,49.17733,-5.85006,6.382133,0.515031,,,,,,,,,,,,-26.43722,12.22323,0.97403,50.00022,2.59831,2.32218,-73.77056,9.39905,-15.47113,3.65442,-25.02099,FOR_RAM,,FordhamUniversity,,,20260904-FordhamUniversity-BP-1,a3948ff0-a892-11f1-884b-8d6b77d225c8,73.1848,,,0.86802,,,,,,,568bcc58-7a80-4f8d-8682-9863113bc81a,2026-09-04,18:58:38.00,2026-09-04T14:58:38.0000000-04:00,2026-09-04T18:58:38.0000000Z,,v3,471298,,,,,Undefined,FOR_RAM,6cea98aa-03b2-4e46-877b-0927537d57c2,38.63429,-73.20535,1.82721,3.75274,5.52921,-12.5105,1.14814,-0.07065,-7.73556,,,,,,,,,,,,,,,,,,,,,,,,,,,,,,,,,,,,,,,,,,,,,,,,,,,Low,Low,Low,,,,,
307,2026-09-04,14:58:43.97,,,,,Undefined,FOR_RAM,"Ford, Tim",1000142266,Right,FOR_RAM,Undefined,1,Bottom,0,0,0,Undefined,,Undefined,Undefined,Undefined,Undefined,0,0,,52.14409,1.476349,-3.67333,3431.374478,,,4.1132,-0.65441,21.86584,,,,3.07514,-2.47545,45.5103,-5.275484,-1.931137,0.523851,,,,,,,,,,,,-10.10457,30.85517,-0.11826,50,3.66253,5.70602,-79.26837,4.16207,-5.69,20.85172,-14.79915,FOR_RAM,,FordhamUniversity,,,20260904-FordhamUniversity-BP-1,a7124500-a892-11f1-884b-8d6b77d225c8,71.95264,,,6.6338,,,,,,,568bcc58-7a80-4f8d-8682-9863113bc81a,2026-09-04,18:58:43.97,2026-09-04T14:58:43.9760000-04:00,2026-09-04T18:58:43.9760000Z,,v3,471298,,,,,Undefined,FOR_RAM,c2b3a264-dbb7-48f0-a121-1ddfc7206454,38.63923,-76.22132,10.42586,4.11272,1.99948,-7.39958,0.6548,4.87455,-2.845,,,,,,,,,,,,,,,,,,,,,,,,,,,,,,,,,,,,,,,,,,,,,,,,,,,Low,Low,Low,,,,,
308,2026-09-04,14:58:53.63,,,,,Undefined,FOR_RAM,"Ford, Tim",1000142266,Right,FOR_RAM,Undefined,1,Bottom,0,0,0,Undefined,Curveball,Undefined,Undefined,LineDrive,Undefined,0,0,,50.81543,4.763182,-0.687024,3201.813611,318.582455,4:30,4.31216,-0.39799,21.91058,-60.82523,-7.55674,8.15603,2.34157,-0.16415,46.8157,-11.167712,1.407848,0.525299,96.22283,14.460398,-27.68709,2394.936039,96.87855,11.67583,-52.10087,162.9297,158.8097,-29.226198,1.424636,-8.74481,-9.1991,0.21777,50,2.97928,1.5755,-76.23774,11.66541,-4.92056,13.20115,-37.35024,FOR_RAM,,FordhamUniversity,,,20260904-FordhamUniversity-BP-1,ace42340-a892-11f1-884b-8d6b77d225c8,71.75425,13.10674,,3.99973,,,,1.49583,2.21169,0.38595,568bcc58-7a80-4f8d-8682-9863113bc81a,2026-09-04,18:58:53.63,2026-09-04T14:58:53.6380000-04:00,2026-09-04T18:58:53.6380000Z,LineDrive,v3,471298,,,,,Undefined,FOR_RAM,7b07096a-6cbd-488d-9d8f-0c0332ba92e3,38.59474,-74.23656,6.60058,4.3185,6.00346,-18.67512,0.40007,0.82958,-2.46028,,1.49583,121.00845,-18.35257,2.51455,-0.52929,0.10058,-0.02006,0.00336,-0.0003,2.21169,35.24082,-31.3395,5.19444,-1.27343,0.32272,-0.07397,0.01372,-0.00138,0.38595,-63.49608,6.58689,-1.30836,0.30344,-0.07157,0.01622,-0.00294,0.00028,,,,,,,,,,,,,,,,,,,,,,,High,Medium,Medium,Medium,Medium,,,
309,2026-09-04,14:59:02.85,,,,,Undefined,FOR_RAM,"Ford, Tim",1000142266,Right,FOR_RAM,Undefined,1,Bottom,0,0,0,Undefined,,Undefined,Undefined,LineDrive,Undefined,0,0,,49.18943,5.723982,-1.19048,3042.901597,,,3.90455,-1.10469,21.88066,,,,2.56563,0.30167,48.60623,-9.881984,5.508185,0.524269,98.33256,26.872461,-29.724458,1769.480162,93.50404,45.09817,-57.93846,311.34381,275.07986,-32.051619,3.777882,-27.75147,-8.63036,0.69041,50.00027,2.32142,3.88431,-72.49838,12.98414,-15.67521,3.58271,-37.04884,FOR_RAM,,FordhamUniversity,,,20260904-FordhamUniversity-BP-1,b24e8d20-a892-11f1-884b-8d6b77d225c8,71.89528,54.88505,,0.5832,,,,1.38502,2.3455,-0.39126,568bcc58-7a80-4f8d-8682-9863113bc81a,2026-09-04,18:59:02.85,2026-09-04T14:59:02.8500000-04:00,2026-09-04T18:59:02.8500000Z,FlyBall,v3,471298,,,,,Undefined,FOR_RAM,8bebaafe-e3c5-45a6-b5a8-6c7d0b236d12,38.63236,-71.93441,1.79136,3.90629,7.15212,-18.52442,1.10764,1.4168,-7.83761,,1.38552,111.70699,-20.42199,4.80527,-1.12687,0.26146,-0.07736,0.01674,-0.00139,2.34479,65.2093,-24.13684,3.22497,-0.80703,0.23508,-0.05393,0.00699,-0.00035,-0.39118,-63.79046,3.21623,1.4599,-0.59312,0.13721,-0.01537,0.00198,-0.00025,,,,,,,,,,,,,,,,,,,,,,,Low,Low,Low,Medium,Medium,,,
310,2026-09-04,14:59:12.28,,,,,Undefined,FOR_RAM,"Ford, Tim",1000142266,Right,FOR_RAM,Undefined,1,Bottom,0,0,0,Undefined,,Undefined,Undefined,LineDrive,Undefined,0,0,,51.55166,3.611208,-1.465412,3432.7543,,,4.14224,-1.00947,21.87763,,,,2.38097,0.31599,51.02167,-9.052898,5.543206,0.498874,98.48527,13.993857,-36.727204,2790.77731,86.75183,11.95681,-67.63171,168.43958,168.43958,-39.168114,1.434172,-29.11647,-1.55957,0.52845,50.00022,3.06146,4.58653,-76.11569,9.70183,-18.16235,3.77181,-33.14688,FOR_RAM,,FordhamUniversity,,,20260904-FordhamUniversity-BP-1,b7f7adb0-a892-11f1-884b-8d6b77d225c8,75.55496,13.05285,,0.52999,,,,1.62107,2.11998,0.16241,568bcc58-7a80-4f8d-8682-9863113bc81a,2026-09-04,18:59:12.28,2026-09-04T14:59:12.2890000-04:00,2026-09-04T18:59:12.2890000Z,LineDrive,v3,471298,,,,,Undefined,FOR_RAM,f74423f2-80f7-482e-b425-c1b875840ae8,38.63309,-75.5503,1.88591,4.14334,4.73322,-16.57344,1.01191,1.86405,-9.08117,,1.62107,112.33543,-20.81076,4.93066,-1.2572,0.32611,-0.08078,0.01534,-0.00154,2.11998,34.92933,-30.66802,5.06896,-1.32987,0.3467,-0.08495,0.01629,-0.00164,0.16241,-83.81526,8.75724,-2.00937,0.50935,-0.13209,0.03277,-0.00623,0.00063,,,,,,,,,,,,,,,,,,,,,,,Low,Low,Low,Low,Medium,,,
311,2026-09-04,14:59:20.77,,,,,Undefined,FOR_RAM,"Ford, Tim",1000142266,Right,FOR_RAM,Undefined,1,Bottom,0,0,0,Undefined,Curveball,Undefined,Undefined,LineDrive,Undefined,0,0,,49.91605,5.124177,-0.760101,2806.457504,307.515593,4:15,4.29039,-0.37389,21.81893,-61.8446,-6.34319,10.54768,2.47915,0.01061,45.98946,-11.040834,1.941311,0.536196,91.74065,26.592419,-31.529002,1347.615088,92.24626,42.29764,-59.92182,277.45397,183.90492,-36.882664,3.367157,-11.0054,-7.54619,0.17446,50,2.90662,1.78432,-74.79844,11.86846,-5.97158,12.56526,-36.26865,FOR_RAM,,FordhamUniversity,,,20260904-FordhamUniversity-BP-1,bcf6ab90-a892-11f1-884b-8d6b77d225c8,70.29603,46.77296,,3.92659,,,,1.8005,2.64378,-0.11665,568bcc58-7a80-4f8d-8682-9863113bc81a,2026-09-04,18:59:20.77,2026-09-04T14:59:20.7790000-04:00,2026-09-04T18:59:20.7790000Z,FlyBall,v3,471298,,,,,Undefined,FOR_RAM,20095a1c-ce77-4e20-9326-ff9aa5f1262a,38.68593,-72.87302,6.28263,4.29947,6.31091,-18.13432,0.37776,0.86927,-2.98579,,1.80058,102.55294,-19.74029,4.46758,-0.91275,0.14128,-0.0077,-0.00178,0.00025,2.64347,60.24395,-24.35103,3.59876,-1.14622,0.42548,-0.12815,0.02235,-0.0016,-0.11663,-62.91863,7.33694,-1.7222,0.38426,-0.08347,0.01437,-0.00147,6E-05,,,,,,,,,,,,,,,,,,,,,,,High,Medium,Medium,Medium,Medium,,,
312,2026-09-04,14:59:34.64,,,,,Undefined,FOR_RAM,"Forney, Colden",1000306564,Right,FOR_RAM,Undefined,1,Bottom,0,0,0,Undefined,Curveball,Undefined,Undefined,GroundBall,Undefined,0,0,,50.05658,5.565075,-1.074407,3003.333404,313.556305,4:30,4.26676,-0.34923,21.79058,-69.00169,-15.18052,17.23135,2.15152,0.3872,47.5155,-12.25287,3.338925,0.528017,81.48668,-3.605277,-35.157668,,,,,30.23638,23.53414,-31.193821,0.241036,-18.04981,-16.67883,0.04411,50,2.73486,2.79981,-74.65065,13.25724,-10.11443,9.57141,-41.52024,FOR_RAM,,FordhamUniversity,,,20260904-FordhamUniversity-BP-1,c5448650-a892-11f1-884b-8d6b77d225c8,71.3849,2.88095,,2.54108,,,,3.18683,2.88095,-0.03441,568bcc58-7a80-4f8d-8682-9863113bc81a,2026-09-04,18:59:34.64,2026-09-04T14:59:34.6420000-04:00,2026-09-04T18:59:34.6420000Z,GroundBall,v3,471298,,,,,Undefined,FOR_RAM,947699f9-2172-4428-91ef-6157335b3458,38.7209,-73.1902,4.78571,4.27437,6.9219,-20.76012,0.35358,1.25651,-5.05721,302.991381,3.18832,97.43518,-13.94826,,,,,,,2.88274,-7.6142,-18.05856,,,,,,,-0.0367,-68.55653,15.54338,,,,,,,,,,,,,,,,,,,,,,,,,,,,,High,Medium,Medium,Medium,Low,,,
313,2026-09-04,14:59:41.08,,,,,Undefined,FOR_RAM,"Forney, Colden",1000306564,Right,FOR_RAM,Undefined,1,Bottom,0,0,0,Undefined,,Undefined,Undefined,LineDrive,Undefined,0,0,,50.44624,4.227414,-2.362233,3011.074177,,,4.16162,-0.82077,21.9197,,,,2.38373,-0.10481,49.36382,-9.776575,4.56645,0.512494,89.47177,7.786063,-29.161999,1933.158804,,,,84.64056,82.2105,-31.58923,0.66731,-28.8745,-4.19815,0.16887,50,2.92423,5.57151,-74.61013,10.72626,-17.03734,5.02784,-34.65117,FOR_RAM,,FordhamUniversity,,,20260904-FordhamUniversity-BP-1,c9103450-a892-11f1-884b-8d6b77d225c8,73.5471,4.4113,,1.08241,,,,3.43389,2.04605,-0.37692,568bcc58-7a80-4f8d-8682-9863113bc81a,2026-09-04,18:59:41.08,2026-09-04T14:59:41.0880000-04:00,2026-09-04T18:59:41.0880000Z,GroundBall,v3,471298,,,,,Undefined,FOR_RAM,40fa22ee-fdc2-4aff-b6d5-1971ce979400,38.59084,-73.83728,2.51392,4.16363,5.39991,-17.32558,0.82401,2.95264,-8.51867,,3.43389,113.53523,-16.95768,1.54273,0.0424,-0.13176,0.05278,-0.01612,0.00298,2.04605,17.77765,-35.10361,6.73219,-1.62364,0.3819,-0.08646,0.019,-0.00264,-0.37692,-63.35391,-5.85933,3.80769,-1.23944,0.35621,-0.0918,0.021,-0.00282,,,,,,,,,,,,,,,,,,,,,,,Low,Low,Low,Low,Medium,,,
314,2026-09-04,14:59:47.45,,,,,Undefined,FOR_RAM,"Forney, Colden",1000306564,Right,FOR_RAM,Undefined,1,Bottom,0,0,0,Undefined,Curveball,Undefined,Undefined,LineDrive,Undefined,0,0,,53.02094,4.316976,-0.789985,3262.332023,307.396637,4:15,4.28693,-0.35087,21.92038,-55.86216,-6.94603,11.13926,2.43787,0.06489,48.69647,-10.339688,2.071948,0.503382,93.8047,24.944997,-10.452651,2003.720774,108.95183,44.77958,-15.14814,342.69381,341.44473,-3.997124,4.213807,-11.72674,-8.1017,0.13879,50,3.08373,2.0074,-79.60385,11.03216,-7.18237,14.5384,-37.13617,FOR_RAM,,FordhamUniversity,,,20260904-FordhamUniversity-BP-1,cce29910-a892-11f1-884b-8d6b77d225c8,74.87844,57.99877,,4.32447,,,,2.63632,2.65489,-0.02177,568bcc58-7a80-4f8d-8682-9863113bc81a,2026-09-04,18:59:47.45,2026-09-04T14:59:47.4530000-04:00,2026-09-04T18:59:47.4530000Z,FlyBall,v3,471298,,,,,Undefined,FOR_RAM,e7d50da2-5f15-42ee-bc89-2198e09fffb6,38.58434,-77.49092,7.2692,4.29489,5.63498,-18.56809,0.35469,0.96356,-3.59119,215.045337,2.63611,122.68336,-19.30633,4.12386,-0.8885,0.21607,-0.05124,0.00796,-0.00052,2.65571,57.99863,-16.30605,0.45486,0.23441,-0.17017,0.05633,-0.00868,0.00051,-0.02197,-22.63019,9.6956,-2.76085,0.63625,-0.14028,0.0302,-0.00446,0.00028,,,,,,,,,,,,,,,,,,,,,,,High,Medium,Medium,High,High,,,
315,2026-09-04,14:59:55.86,,,,,Undefined,FOR_RAM,"Forney, Colden",1000306564,Right,FOR_RAM,Undefined,1,Bottom,0,0,0,Undefined,Curveball,Undefined,Undefined,GroundBall,Undefined,0,0,,52.33437,4.264489,-0.929645,3281.696616,315.344892,4:30,4.28738,-0.35426,21.88574,-59.99393,-9.86473,11.28071,2.06244,-0.0179,48.36014,-11.40933,1.968908,0.509585,91.10595,-5.172479,-19.765456,,,,,27.47991,5.77534,-17.883976,0.188406,-11.91308,-11.01749,0.11386,50,3.07568,2.18695,-78.55747,11.16117,-7.1333,13.82064,-38.7711,FOR_RAM,,FordhamUniversity,,,20260904-FordhamUniversity-BP-1,d1e28150-a892-11f1-884b-8d6b77d225c8,73.96689,2.27275,,3.97424,,,,2.52433,2.27275,0.05161,568bcc58-7a80-4f8d-8682-9863113bc81a,2026-09-04,18:59:55.86,2026-09-04T14:59:55.8630000-04:00,2026-09-04T18:59:55.8630000Z,GroundBall,v3,471298,,,,,Undefined,FOR_RAM,3cb68d20-1b3d-4b6f-ab96-a501e81c58ac,38.62042,-76.52928,6.91032,4.2961,5.47147,-19.38555,0.35799,1.14013,-3.56665,,2.51915,125.40844,,,,,,,,2.27325,-12.06303,,,,,,,,0.05347,-45.06443,,,,,,,,,,,,,,,,,,,,,,,,,,,,,,High,Medium,Medium,Estimated,Estimated,,,
316,2026-09-04,15:00:02.00,,,,,Undefined,FOR_RAM,"Forney, Colden",1000306564,Right,FOR_RAM,Undefined,1,Bottom,0,0,0,Undefined,,Undefined,Undefined,LineDrive,Undefined,0,0,,50.92677,4.359144,-0.080013,3238.278894,,,3.81111,-1.08431,21.89054,,,,4.2466,0.35098,48.9059,-3.203542,4.486788,0.510418,94.75711,23.981869,-44.236964,1659.447031,78.67071,32.17822,-76.88162,223.39152,155.93738,-46.456791,2.479799,-18.80907,22.16147,0.95244,50,2.72381,1.7357,-75.33464,8.5874,-11.19819,6.0588,-18.97998,FOR_RAM,,FordhamUniversity,,,20260904-FordhamUniversity-BP-1,d5a18520-a892-11f1-884b-8d6b77d225c8,73.84624,32.52633,,2.02087,,,,3.26742,2.78294,-0.26281,568bcc58-7a80-4f8d-8682-9863113bc81a,2026-09-04,19:00:02.00,2026-09-04T15:00:02.0090000-04:00,2026-09-04T19:00:02.0090000Z,LineDrive,v3,471298,,,,,Undefined,FOR_RAM,a890c7d6-7419-4046-ae4c-2d74385cb7c3,38.61345,-74.41324,3.0294,3.81028,5.70099,-9.48999,1.08691,0.03272,-5.5991,,3.26759,90.96716,-20.02244,4.91097,-0.9162,-0.00958,0.08532,-0.02503,0.00239,2.7827,56.49965,-31.65867,5.96907,-2.08218,0.87991,-0.30502,0.06065,-0.00493,-0.26293,-88.57782,15.55853,-3.83469,0.71645,0.00408,-0.06535,0.01941,-0.00187,,,,,,,,,,,,,,,,,,,,,,,Low,Low,Low,Low,Low,,,
317,2026-09-04,15:00:29.53,,,,,Undefined,FOR_RAM,"Markey, Tommy",10084492,Left,FOR_RAM,Undefined,1,Bottom,0,0,0,Undefined,Curveball,Undefined,Undefined,LineDrive,Undefined,0,0,,52.62093,4.623076,-0.871735,3087.97811,311.220049,4:15,4.28619,-0.36369,21.88714,-56.07149,-6.43292,9.11264,2.62224,-0.17037,48.41432,-10.071907,1.466164,0.507085,92.70239,6.165429,21.815626,3217.95292,102.6719,7.85922,39.4776,188.7394,178.60442,20.774463,1.641322,-9.63249,-7.55339,0.14667,50,3.0251,1.93299,-78.89089,11.37004,-5.82309,13.84191,-36.74027,FOR_RAM,,FordhamUniversity,,,20260904-FordhamUniversity-BP-1,e5ee3040-a892-11f1-884b-8d6b77d225c8,74.33153,8.05362,,4.20661,,,,2.00492,2.59744,0.3029,568bcc58-7a80-4f8d-8682-9863113bc81a,2026-09-04,19:00:29.53,2026-09-04T15:00:29.5350000-04:00,2026-09-04T19:00:29.5350000Z,GroundBall,v3,471298,,,,,Undefined,FOR_RAM,214f7928-2c39-4402-94fe-3953072b783d,38.61736,-76.86779,6.92095,4.29449,6.00017,-18.37014,0.36699,1.0819,-2.91155,,2.00492,125.49612,-15.39187,2.90681,-0.51602,0.09212,-0.01722,0.003,-0.00031,2.59744,14.60234,-9.54378,-0.39532,0.15891,-0.01828,-0.00884,0.0058,-0.00105,0.3029,50.23459,-8.01035,1.73784,-0.34517,0.06027,-0.00622,-0.00057,0.00023,,,,,,,,,,,,,,,,,,,,,,,High,Medium,Medium,Medium,High,,,
318,2026-09-04,15:00:33.99,,,,,Undefined,FOR_RAM,"Markey, Tommy",10084492,Left,FOR_RAM,Undefined,1,Bottom,0,0,0,Undefined,,Undefined,Undefined,FlyBall,Undefined,0,0,,50.8285,5.026513,-1.191322,3330.440741,,,4.02704,-1.10759,22.01497,,,,3.32855,0.38357,50.01437,-7.253802,5.780462,0.505119,82.55092,30.265385,15.728215,3885.505878,105.55931,57.6101,30.93739,296.48762,293.70961,17.008917,4.688232,-29.06561,1.49791,0.67487,50.00021,2.65208,4.17747,-74.89851,11.33287,-17.55487,3.65525,-31.26934,FOR_RAM,,FordhamUniversity,,,20260904-FordhamUniversity-BP-1,e89e0e00-a892-11f1-884b-8d6b77d225c8,74.62084,69.02646,,0.81413,,,,1.93813,3.07874,-0.23393,568bcc58-7a80-4f8d-8682-9863113bc81a,2026-09-04,19:00:33.99,2026-09-04T15:00:33.9980000-04:00,2026-09-04T19:00:33.9980000Z,FlyBall,v3,471298,,,,,Undefined,FOR_RAM,ea6d2db6-5d2c-4ab1-873a-501b9d062e1b,38.49474,-74.33489,1.82762,4.02782,6.51132,-15.63467,1.11032,1.47061,-8.77744,188.258312,1.93977,100.61946,-20.36061,4.87733,-0.8289,0.07799,0.00031,-0.00063,3E-05,3.07792,61.03616,-14.4566,-0.21876,0.34576,-0.14206,0.03927,-0.00584,0.00034,-0.23357,28.33961,-3.70123,0.51242,-0.02375,-0.00874,0.00134,8E-05,-2E-05,,,,,,,,,,,,,,,,,,,,,,,Low,Low,Low,High,High,,,
319,2026-09-04,15:00:39.36,,,,,Undefined,FOR_RAM,"Markey, Tommy",10084492,Left,FOR_RAM,Undefined,1,Bottom,0,0,0,Undefined,,Undefined,Undefined,FlyBall,Undefined,0,0,,48.72365,5.453842,-1.467135,2712.477962,,,4.01021,-1.0417,22.02318,,,,3.75159,0.17939,47.8271,-6.348694,5.21667,0.527239,,,,,,,,,,,,-28.12919,8.22481,0.55454,50.00009,2.55625,4.28658,-71.64404,11.24195,-15.58489,3.13003,-27.61712,FOR_RAM,,FordhamUniversity,,,20260904-FordhamUniversity-BP-1,ebc2cda0-a892-11f1-884b-8d6b77d225c8,71.49026,,,0.89655,,,,,,,568bcc58-7a80-4f8d-8682-9863113bc81a,2026-09-04,19:00:39.36,2026-09-04T15:00:39.3650000-04:00,2026-09-04T19:00:39.3650000Z,,v3,471298,,,,,Undefined,FOR_RAM,1aa42bd8-1792-4805-bb67-45ecfd1e4738,38.48393,-71.13914,1.56501,4.01037,6.78704,-13.80856,1.04324,1.77258,-7.79245,,,,,,,,,,,,,,,,,,,,,,,,,,,,,,,,,,,,,,,,,,,,,,,,,,,Low,Low,Low,,,,,
320,2026-09-04,15:00:45.66,,,,,Undefined,FOR_RAM,"Markey, Tommy",10084492,Left,FOR_RAM,Undefined,1,Bottom,0,0,0,Undefined,Curveball,Undefined,Undefined,GroundBall,Undefined,0,0,,48.13965,-2.173818,1.321296,2888.599236,39.58678,7:15,4.55714,-0.37813,,-20.66666,-1.95571,-1.76575,2.01254,-0.02571,47.67723,-11.226239,0.538872,0.311329,25.97111,-30.675445,-25.751724,,,,,6.72678,6.72678,-14.251678,0.116385,5.70197,-5.37992,1.20952,50,3.09716,-2.80731,-72.89125,10.48897,3.15619,6.24888,-35.15199,FOR_RAM,,FordhamUniversity,,,20260904-FordhamUniversity-BP-1,ef7463f0-a892-11f1-884b-8d6b77d225c8,121.06953,2.31743,,0.46242,,,,3.00091,2.31743,0.04141,568bcc58-7a80-4f8d-8682-9863113bc81a,2026-09-04,19:00:45.66,2026-09-04T15:00:45.6670000-04:00,2026-09-04T19:00:45.6670000Z,GroundBall,v3,471298,,,,,Undefined,FOR_RAM,f8a36f41-9a02-4724-8613-af3575e74151,23.07623,-70.54536,3.12444,4.55779,-2.70744,-17.57599,0.37804,-1.62245,1.5781,,2.98729,30.23451,,,,,,,,2.3264,-19.91197,,,,,,,,0.04798,-14.58452,,,,,,,,,,,,,,,,,,,,,,,,,,,,,,High,Medium,Medium,Estimated,Estimated,,,
321,2026-09-04,15:00:53.82,,,,,Undefined,FOR_RAM,"Dieguez, Matthew",10131275,Right,FOR_RAM,Undefined,1,Bottom,0,0,0,Undefined,Curveball,Undefined,Undefined,GroundBall,Undefined,0,0,,50.39717,4.465534,-0.632857,2841.500721,334.515744,5:15,4.29874,-0.37705,21.8333,-63.28535,-9.84634,5.36898,1.93473,-0.34117,47.32521,-11.969067,0.745389,0.526139,113.88708,-52.175955,-80.388244,,,,,3.22814,2.68906,-24.033938,0.016509,-5.78024,-11.16953,0.22225,50,3.01273,1.27398,-75.37022,11.42597,-3.25437,10.97355,-38.46267,FOR_RAM,,FordhamUniversity,,,20260904-FordhamUniversity-BP-1,f463aa60-a892-11f1-884b-8d6b77d225c8,71.63969,2.18077,,3.07195,,,,2.66558,2.18077,0.35453,568bcc58-7a80-4f8d-8682-9863113bc81a,2026-09-04,19:00:53.82,2026-09-04T15:00:53.8210000-04:00,2026-09-04T19:00:53.8210000Z,GroundBall,v3,471298,,,,,Undefined,FOR_RAM,4231b314-545e-4ee1-9973-fa60baf1800d,38.67361,-73.7027,5.48678,4.30492,5.58127,-19.23134,0.37827,0.77945,-1.62719,,2.66553,17.1236,,,,,,,,2.18119,-132.09772,,,,,,,,0.35485,-101.11464,,,,,,,,,,,,,,,,,,,,,,,,,,,,,,High,High,High,Estimated,Estimated,,,
322,2026-09-04,15:00:58.60,,,,,Undefined,FOR_RAM,"Dieguez, Matthew",10131275,Right,FOR_RAM,Undefined,1,Bottom,0,0,0,Undefined,,Undefined,Undefined,LineDrive,Undefined,0,0,,50.29102,4.877157,-2.413836,3217.534372,,,4.13666,-0.82003,22.02682,,,,1.99856,-0.42861,49.91542,-11.479426,3.628547,0.509906,,,,,,,,,,,,-25.30568,-14.72355,0.16474,50.00016,2.67119,5.384,-74.13811,12.59992,-14.99904,3.43917,-40.90091,FOR_RAM,,FordhamUniversity,,,20260904-FordhamUniversity-BP-1,f7b26030-a892-11f1-884b-8d6b77d225c8,73.9204,,,0.3756,,,,,,,568bcc58-7a80-4f8d-8682-9863113bc81a,2026-09-04,19:00:58.60,2026-09-04T15:00:58.6080000-04:00,2026-09-04T19:00:58.6080000Z,,v3,471298,,,,,Undefined,FOR_RAM,e098741a-0afa-49ab-8d3a-2b842e0021d5,38.48576,-73.60204,1.71959,4.13831,6.22454,-20.45045,0.82176,3.04605,-7.49952,,,,,,,,,,,,,,,,,,,,,,,,,,,,,,,,,,,,,,,,,,,,,,,,,,,Low,Low,Low,,,,,
323,2026-09-04,15:01:03.60,,,,,Undefined,FOR_RAM,"Dieguez, Matthew",10131275,Right,FOR_RAM,Undefined,1,Bottom,0,0,0,Undefined,,Undefined,Undefined,LineDrive,Undefined,0,0,,47.86484,4.777446,-3.261618,2725.627485,,,4.14803,-0.64737,22.08033,,,,2.65895,-0.50383,45.58417,-9.608506,3.693574,0.545443,89.64574,19.177394,-31.903812,881.879063,95.82441,27.86733,-54.0153,248.1517,248.1517,-28.53615,2.734301,-29.1786,1.90173,-0.17738,50,2.78537,6.29983,-71.10922,10.88222,-15.08005,7.43921,-31.19119,FOR_RAM,,FordhamUniversity,,,20260904-FordhamUniversity-BP-1,fa6460d0-a892-11f1-884b-8d6b77d225c8,69.10422,29.13568,,2.28066,,,,3.13214,2.5155,0.81041,568bcc58-7a80-4f8d-8682-9863113bc81a,2026-09-04,19:01:03.60,2026-09-04T15:01:03.6060000-04:00,2026-09-04T19:01:03.6060000Z,LineDrive,v3,471298,,,,,Undefined,FOR_RAM,2af993f8-ecf6-48aa-b12e-fb0d0510ca83,38.42776,-69.88809,3.71961,4.15145,5.76224,-15.5956,0.65356,3.82447,-7.54002,,3.13215,105.42378,-14.90093,2.89159,-0.56756,0.09982,-0.01412,0.00117,-2E-05,2.51552,43.18945,-19.21826,1.64728,-0.26698,0.01949,0.00952,-0.00325,0.00034,0.81043,-65.63156,13.22568,-3.18729,0.79511,-0.20777,0.05327,-0.00972,0.00081,,,,,,,,,,,,,,,,,,,,,,,Low,Low,Low,Low,Medium,,,
324,2026-09-04,15:01:08.82,,,,,Undefined,FOR_RAM,"Dieguez, Matthew",10131275,Right,FOR_RAM,Undefined,1,Bottom,0,0,0,Undefined,,Undefined,Undefined,Undefined,Undefined,0,0,,54.18583,2.832543,-3.179624,2967.73968,,,4.19959,-0.81717,21.97981,,,,3.83608,-1.35736,47.11147,-4.543054,1.502887,0.502975,,,,,,,,,,,,-22.21111,22.55399,0.06941,50,3.45105,6.23474,-82.29278,6.57209,-13.53203,22.13559,-18.43312,FOR_RAM,,FordhamUniversity,,,20260904-FordhamUniversity-BP-1,fd4846e0-a892-11f1-884b-8d6b77d225c8,74.93905,,,7.07436,,,,,,,568bcc58-7a80-4f8d-8682-9863113bc81a,2026-09-04,19:01:08.82,2026-09-04T15:01:08.8220000-04:00,2026-09-04T19:01:08.8220000Z,,v3,471298,,,,,Undefined,FOR_RAM,5e1e4120-57cd-4161-b4e4-4a3b9169554e,38.5243,-79.14581,11.0678,4.1991,3.95149,-9.21656,0.81904,4.31092,-6.76602,,,,,,,,,,,,,,,,,,,,,,,,,,,,,,,,,,,,,,,,,,,,,,,,,,,Low,Low,Low,,,,,
325,2026-09-04,15:01:18.17,,,,,Undefined,FOR_RAM,"Caron, Michael",1000322224,Right,FOR_RAM,Undefined,1,Bottom,0,0,0,Undefined,,Undefined,Undefined,LineDrive,Undefined,0,0,,50.20031,5.463581,-0.746884,3177.92634,,,3.84387,-1.15519,21.90471,,,,3.10091,0.63858,49.41174,-7.819878,6.25178,0.513473,99.43481,17.987758,-40.764522,1350.847768,85.17301,21.26518,-69.60951,205.73314,191.59883,-39.196835,1.920732,-29.05659,-1.16685,0.81737,50.00023,2.3715,3.52348,-73.96329,12.06736,-17.08532,3.71309,-32.86016,FOR_RAM,,FordhamUniversity,,,20260904-FordhamUniversity-BP-1,02f1b590-a893-11f1-884b-8d6b77d225c8,73.4068,21.27565,,0.78856,,,,2.65354,2.74031,0.22986,568bcc58-7a80-4f8d-8682-9863113bc81a,2026-09-04,19:01:18.17,2026-09-04T15:01:18.1740000-04:00,2026-09-04T19:01:18.1740000Z,LineDrive,v3,471298,,,,,Undefined,FOR_RAM,11ac2f82-cb54-45a8-bd49-fc560c802db4,38.60553,-73.38902,1.85655,3.84483,6.98523,-16.43008,1.15797,0.88108,-8.54266,,2.65354,105.05823,-18.2701,4.67918,-1.18057,0.28041,-0.04344,-0.00048,0.00112,2.74031,45.03687,-31.15611,5.51424,-1.54182,0.4983,-0.18161,0.05257,-0.00739,0.22985,-90.57032,17.71825,-4.52813,1.13847,-0.26011,0.03251,0.00437,-0.00172,,,,,,,,,,,,,,,,,,,,,,,Low,Low,Low,Low,Medium,,,
326,2026-09-04,15:01:23.31,,,,,Undefined,FOR_RAM,"Caron, Michael",1000322224,Right,FOR_RAM,Undefined,1,Bottom,0,0,0,Undefined,,Undefined,Undefined,FlyBall,Undefined,0,0,,50.9335,4.37513,-2.365845,3284.676798,,,4.1008,-0.79095,22.0048,,,,2.70398,-0.06401,49.78691,-8.773467,4.603228,0.506149,,,,,,,,,,,,-29.24423,-1.90339,0.12535,50,2.84002,5.70338,-75.23933,10.77763,-17.61133,4.78574,-33.3203,FOR_RAM,,FordhamUniversity,,,20260904-FordhamUniversity-BP-1,05f8db10-a893-11f1-884b-8d6b77d225c8,74.46906,,,1.14659,,,,,,,568bcc58-7a80-4f8d-8682-9863113bc81a,2026-09-04,19:01:23.31,2026-09-04T15:01:23.3140000-04:00,2026-09-04T19:01:23.3140000Z,,v3,471298,,,,,Undefined,FOR_RAM,c96f8a67-a6e0-44e6-bf6d-88d321881573,38.50431,-74.50453,2.39287,4.10205,5.6617,-16.66015,0.79345,2.99937,-8.80567,,,,,,,,,,,,,,,,,,,,,,,,,,,,,,,,,,,,,,,,,,,,,,,,,,,Low,Low,Low,,,,,
327,2026-09-04,15:01:28.82,,,,,Undefined,FOR_RAM,"Caron, Michael",1000322224,Right,FOR_RAM,Undefined,1,Bottom,0,0,0,Undefined,,Undefined,Undefined,FlyBall,Undefined,0,0,,48.46107,3.766185,-0.062848,2788.121506,,,4.03397,-1.23713,21.74946,,,,2.26117,1.00081,48.02564,-9.216792,6.914538,0.533188,83.67306,43.762391,-27.65996,,100.69159,93.27265,-44.28528,253.83379,160.81333,-21.149511,5.431545,-28.82439,4.09095,1.03965,50.00024,2.92918,2.51642,-71.54598,9.36927,-15.84646,3.54031,-29.92501,FOR_RAM,,FordhamUniversity,,,20260904-FordhamUniversity-BP-1,096467b0-a893-11f1-884b-8d6b77d225c8,70.69254,105.24355,,0.43543,,,,3.14949,1.68439,-0.27155,568bcc58-7a80-4f8d-8682-9863113bc81a,2026-09-04,19:01:28.82,2026-09-04T15:01:28.8260000-04:00,2026-09-04T19:01:28.8260000Z,FlyBall,v3,471298,,,,,Undefined,FOR_RAM,84698e49-f670-4eab-b997-3bc0a1974530,38.7594,-70.98757,1.77015,4.03474,4.64922,-14.96251,1.23944,0.01698,-7.92323,,3.1538,78.41593,-17.42063,4.13608,-0.57697,0.00548,0.01312,-0.00193,9E-05,1.68096,84.93907,-19.46944,0.87249,0.05639,-0.06736,0.02112,-0.00303,0.00016,-0.27434,-41.08611,13.45762,-3.69475,0.64444,-0.04855,-0.00482,0.00122,-7E-05,,,,,,,,,,,,,,,,,,,,,,,Low,Low,Low,Medium,Low,,,
328,2026-09-04,15:01:34.80,,,,,Undefined,FOR_RAM,"Caron, Michael",1000322224,Right,FOR_RAM,Undefined,1,Bottom,0,0,0,Undefined,,Undefined,Undefined,FlyBall,Undefined,0,0,,49.10363,4.502576,-1.859007,3080.809283,,,4.11082,-1.0043,21.94411,,,,2.92894,0.03897,47.71454,-8.270652,5.061952,0.52749,89.91455,42.567976,-11.349735,4287.008018,109.05641,95.38163,-14.37704,281.30503,232.86101,-3.298357,5.718538,-28.76537,4.24792,0.45557,50,2.84961,4.7576,-72.6445,10.33544,-15.99774,5.25118,-29.8116,FOR_RAM,,FordhamUniversity,,,20260904-FordhamUniversity-BP-1,0cf29780-a893-11f1-884b-8d6b77d225c8,71.45621,116.37337,,1.38909,,,,2.42792,2.58533,-0.2837,568bcc58-7a80-4f8d-8682-9863113bc81a,2026-09-04,19:01:34.80,2026-09-04T15:01:34.8070000-04:00,2026-09-04T19:01:34.8070000Z,FlyBall,v3,471298,,,,,Undefined,FOR_RAM,238a5c4d-4c45-40be-b813-393e2f64b613,38.56435,-71.8131,2.62559,4.11233,5.61551,-14.9058,1.00831,2.22475,-7.99887,,2.43398,95.10857,-22.70731,5.53398,-0.84681,0.04161,0.00998,-0.00176,9E-05,2.58035,89.28773,-19.60299,0.82447,0.06211,-0.059,0.01732,-0.00238,0.00012,-0.28586,-19.06973,9.79001,-2.96013,0.58501,-0.06416,0.00091,0.0005,-3E-05,,,,,,,,,,,,,,,,,,,,,,,Low,Low,Low,Low,Medium,,,
329,2026-09-04,15:01:44.67,,,,,Undefined,FOR_RAM,"Maryott, Gavin",1000410374,Right,FOR_RAM,Undefined,1,Bottom,0,0,0,Undefined,Curveball,Undefined,Undefined,Undefined,Undefined,0,0,,49.56484,4.770949,-0.742283,2582.49929,328.152508,5:00,4.30142,-0.37865,21.87042,-61.92157,-5.84646,4.73154,2.24794,-0.46656,45.74396,-11.429971,0.47173,0.53896,,,,,,,,,,,,-5.11591,-6.91347,0.20877,50,2.97702,1.31958,-74.30226,11.38343,-2.74009,12.37409,-35.8769,FOR_RAM,,FordhamUniversity,,,20260904-FordhamUniversity-BP-1,12c49cd0-a893-11f1-884b-8d6b77d225c8,69.93552,,,3.82088,,,,,,,568bcc58-7a80-4f8d-8682-9863113bc81a,2026-09-04,19:01:44.67,2026-09-04T15:01:44.6780000-04:00,2026-09-04T19:01:44.6780000Z,,v3,471298,,,,,Undefined,FOR_RAM,605d0772-aafe-4942-b645-3c27686ec090,38.63387,-72.38463,6.18705,4.31032,5.82354,-17.93845,0.38037,0.89494,-1.37004,,,,,,,,,,,,,,,,,,,,,,,,,,,,,,,,,,,,,,,,,,,,,,,,,,,High,High,High,,,,,
330,2026-09-04,15:01:49.38,,,,,Undefined,FOR_RAM,"Maryott, Gavin",1000410374,Right,FOR_RAM,Undefined,1,Bottom,0,0,0,Undefined,Curveball,Undefined,Undefined,GroundBall,Undefined,0,0,,48.84369,3.979181,-0.4495,2685.702841,319.367074,4:45,4.28788,-0.3675,21.89582,-62.86543,-5.94449,6.46563,1.63644,-0.1205,45.77514,-12.396552,1.212765,0.54301,45.29726,-38.275448,-46.238544,,,,,4.78488,2.81518,-19.768747,0.046576,-6.79973,-6.67981,0.24469,50,3.09996,1.07445,-73.15286,10.40117,-3.58237,10.86054,-35.69324,FOR_RAM,,FordhamUniversity,,,20260904-FordhamUniversity-BP-1,159940a0-a893-11f1-884b-8d6b77d225c8,69.41394,1.92981,,3.06856,,,,2.81129,1.92981,0.14799,568bcc58-7a80-4f8d-8682-9863113bc81a,2026-09-04,19:01:49.38,2026-09-04T15:01:49.3870000-04:00,2026-09-04T19:01:49.3870000Z,GroundBall,v3,471298,,,,,Undefined,FOR_RAM,922f2f3f-ae7e-4b80-a050-39d92c0ad998,38.60973,-71.4418,5.43027,4.29566,4.77779,-17.84662,0.36951,0.51006,-1.79118,,2.80945,36.31927,,,,,,,,1.93191,-41.43376,,,,,,,,0.14992,-37.92442,,,,,,,,,,,,,,,,,,,,,,,,,,,,,,High,Medium,Medium,Estimated,Estimated,,,
331,2026-09-04,15:01:54.17,,,,,Undefined,FOR_RAM,"Maryott, Gavin",1000410374,Right,FOR_RAM,Undefined,1,Bottom,0,0,0,Undefined,,Undefined,Undefined,GroundBall,Undefined,0,0,,52.56864,3.309363,0.237755,3198.335226,,,3.88936,-1.08609,21.84221,,,,3.35464,0.91907,47.91984,-5.34952,5.913415,0.50911,79.5024,-69.747116,-45.872997,,,,,3.38594,3.38594,-33.46849,0.037355,-22.3506,17.55147,1.03221,50,3.01083,1.40921,-78.90809,7.6052,-13.43234,14.40822,-21.62591,FOR_RAM,,FordhamUniversity,,,20260904-FordhamUniversity-BP-1,186afe40-a893-11f1-884b-8d6b77d225c8,74.03595,4.10566,,4.6488,,,,1.76976,4.10566,-0.77988,568bcc58-7a80-4f8d-8682-9863113bc81a,2026-09-04,19:01:54.17,2026-09-04T15:01:54.1750000-04:00,2026-09-04T19:01:54.1750000Z,GroundBall,v3,471298,,,,,Undefined,FOR_RAM,3a257ec2-ec74-453a-bff4-89c74dab1f4d,38.65774,-76.80914,7.20411,3.88927,4.45479,-10.81295,1.09497,-0.54758,-6.71617,,1.76897,28.2355,,,,,,,,4.10875,-109.90834,,,,,,,,-0.77906,-29.10931,,,,,,,,,,,,,,,,,,,,,,,,,,,,,,Low,Low,Low,Low,Low,,,
332,2026-09-04,15:01:59.87,,,,,Undefined,FOR_RAM,"Maryott, Gavin",1000410374,Right,FOR_RAM,Undefined,1,Bottom,0,0,0,Undefined,Curveball,Undefined,Undefined,LineDrive,Undefined,0,0,,48.44498,4.048159,-0.29204,2462.323787,325.399987,4:45,4.29798,-0.37795,21.89609,-62.10649,-4.79303,4.29481,1.75472,-0.20963,45.79433,-12.096938,0.811854,0.544879,,,,,,,,,,,,-4.52933,-5.49386,0.29637,50,3.08913,0.70867,-72.37636,10.42854,-2.3691,9.5439,-35.04764,FOR_RAM,,FordhamUniversity,,,20260904-FordhamUniversity-BP-1,1bd46800-a893-11f1-884b-8d6b77d225c8,69.17586,,,2.65064,,,,,,,568bcc58-7a80-4f8d-8682-9863113bc81a,2026-09-04,19:01:59.87,2026-09-04T15:01:59.8740000-04:00,2026-09-04T19:01:59.8740000Z,,v3,471298,,,,,Undefined,FOR_RAM,72061d63-6b24-4389-a168-d371fe0e626e,38.60965,-70.85846,4.77195,4.30447,4.85441,-17.52382,0.37911,0.33188,-1.18455,,,,,,,,,,,,,,,,,,,,,,,,,,,,,,,,,,,,,,,,,,,,,,,,,,,High,Medium,Medium,,,,,
333,2026-09-04,15:02:35.87,,,,,Undefined,FOR_RAM,"Markey, Tommy",10084492,Left,FOR_RAM,Undefined,1,Bottom,0,0,0,Undefined,,Undefined,Undefined,GroundBall,Undefined,0,0,,49.09842,6.043575,-2.411487,3004.644665,,,3.89936,-0.88279,21.98597,,,,3.26826,-0.18394,48.3068,-8.068461,4.546709,0.523814,,,,,,,,,,,,-29.06927,-2.28102,0.2087,50.00017,2.26901,5.5471,-72.15437,12.89283,-16.3518,3.09237,-33.45715,FOR_RAM,,FordhamUniversity,,,20260904-FordhamUniversity-BP-1,3164bb20-a893-11f1-884b-8d6b77d225c8,71.9577,,,0.79161,,,,,,,568bcc58-7a80-4f8d-8682-9863113bc81a,2026-09-04,19:02:35.87,2026-09-04T15:02:35.8770000-04:00,2026-09-04T19:02:35.8770000Z,,v3,471298,,,,,Undefined,FOR_RAM,33b10122-3b92-4f6c-aee1-7ad0523d8e87,38.52486,-71.66087,1.54618,3.90047,7.55361,-16.72857,0.88571,2.93762,-8.1759,,,,,,,,,,,,,,,,,,,,,,,,,,,,,,,,,,,,,,,,,,,,,,,,,,,Low,Low,Low,,,,,
334,2026-09-04,15:02:41.17,,,,,Undefined,FOR_RAM,"Markey, Tommy",10084492,Left,FOR_RAM,Undefined,1,Bottom,0,0,0,Undefined,,Undefined,Undefined,LineDrive,Undefined,0,0,,52.33485,1.296182,-4.273529,2938.838544,,,4.26437,-0.51421,21.86246,,,,3.10989,-2.62057,45.70363,-5.44348,-2.206583,0.522093,,,,,,,,,,,,-11.80713,30.44384,-0.38474,50,3.84766,6.66158,-79.4521,3.94085,-6.70095,20.68794,-14.89612,FOR_RAM,,FordhamUniversity,,,20260904-FordhamUniversity-BP-1,3456d200-a893-11f1-884b-8d6b77d225c8,72.19484,,,6.63122,,,,,,,568bcc58-7a80-4f8d-8682-9863113bc81a,2026-09-04,19:02:41.17,2026-09-04T15:02:41.1750000-04:00,2026-09-04T19:02:41.1750000Z,,v3,471298,,,,,Undefined,FOR_RAM,0e8ad0ef-edbc-4bc5-a0ae-9addc3ea510a,38.64226,-76.43755,10.34397,4.26376,1.77026,-7.44806,0.51482,5.68514,-3.35048,,,,,,,,,,,,,,,,,,,,,,,,,,,,,,,,,,,,,,,,,,,,,,,,,,,Low,Low,Low,,,,,
335,2026-09-04,15:02:46.26,,,,,Undefined,FOR_RAM,"Markey, Tommy",10084492,Left,FOR_RAM,Undefined,1,Bottom,0,0,0,Undefined,,Undefined,Undefined,LineDrive,Undefined,0,0,,52.1981,7.223728,-2.732992,3552.278471,,,3.76542,-0.65229,22.09357,,,,2.94294,-0.86588,51.3905,-9.824022,2.059631,0.491658,,,,,,,,,,,,-20.26477,-21.52505,-0.04017,50.00005,1.78218,5.54342,-76.45964,16.54692,-12.88091,2.86885,-45.85601,FOR_RAM,,FordhamUniversity,,,20260904-FordhamUniversity-BP-1,376327a0-a893-11f1-884b-8d6b77d225c8,76.66392,,,0.80759,,,,,,,568bcc58-7a80-4f8d-8682-9863113bc81a,2026-09-04,19:02:46.26,2026-09-04T15:02:46.2680000-04:00,2026-09-04T19:02:46.2680000Z,,v3,471298,,,,,Undefined,FOR_RAM,6594d532-d64c-434d-9b48-2f29bb345df8,38.41759,-76.02381,1.43442,3.76679,9.58058,-22.92801,0.65333,3.58658,-6.44045,,,,,,,,,,,,,,,,,,,,,,,,,,,,,,,,,,,,,,,,,,,,,,,,,,,Low,Low,Low,,,,,
336,2026-09-04,15:02:51.84,,,,,Undefined,FOR_RAM,"Markey, Tommy",10084492,Left,FOR_RAM,Undefined,1,Bottom,0,0,0,Undefined,,Undefined,Undefined,Undefined,Undefined,0,0,,48.63198,4.877338,-0.957766,2932.248292,,,3.94066,-1.11793,21.99417,,,,3.01288,0.4996,47.94133,-7.803974,5.933526,0.528216,78.43149,-5.391807,50.254091,3387.807872,,,,41.34026,33.54753,47.334921,0.368794,-28.71116,4.72638,0.73498,50.00021,2.58568,3.67347,-71.65779,10.80403,-15.87353,3.34117,-29.56098,FOR_RAM,,FordhamUniversity,,,20260904-FordhamUniversity-BP-1,3ad43280-a893-11f1-884b-8d6b77d225c8,71.35797,3.22558,,0.69065,,,,2.48664,3.22558,-0.19086,568bcc58-7a80-4f8d-8682-9863113bc81a,2026-09-04,19:02:51.84,2026-09-04T15:02:51.8440000-04:00,2026-09-04T19:02:51.8440000Z,GroundBall,v3,471298,,,,,Undefined,FOR_RAM,867f43ea-ff6b-4741-905d-54196ef0d225,38.51458,-71.12024,1.67059,3.94132,6.04803,-14.78049,1.12056,1.11962,-7.93677,,2.491,73.06832,-10.48224,,,,,,,3.21453,-10.40648,4.6597,,,,,,,-0.18501,87.84606,-13.37539,,,,,,,,,,,,,,,,,,,,,,,,,,,,,Low,Low,Low,Medium,Medium,,,
337,2026-09-04,15:03:02.60,,,,,Undefined,FOR_RAM,"Dieguez, Matthew",10131275,Right,FOR_RAM,Undefined,1,Bottom,0,0,0,Undefined,,Undefined,Undefined,LineDrive,Undefined,0,0,,49.79806,4.485495,-3.033591,2979.493214,,,4.19358,-0.65321,21.94459,,,,2.75996,-0.35153,49.22721,-8.943904,3.955096,0.515725,,,,,,,,,,,,-29.42907,-1.24343,-0.15265,50.00005,2.89828,6.4932,-73.21804,10.84838,-17.1214,2.79591,-32.89746,FOR_RAM,,FordhamUniversity,,,20260904-FordhamUniversity-BP-1,411d8ab0-a893-11f1-884b-8d6b77d225c8,73.08627,,,0.57085,,,,,,,568bcc58-7a80-4f8d-8682-9863113bc81a,2026-09-04,19:03:02.60,2026-09-04T15:03:02.6010000-04:00,2026-09-04T19:03:02.6010000Z,,v3,471298,,,,,Undefined,FOR_RAM,e21335dc-c64c-4c96-9eca-3aa7398ee01d,38.56384,-72.78003,1.39795,4.19411,5.69458,-16.44873,0.65449,3.81092,-8.5607,,,,,,,,,,,,,,,,,,,,,,,,,,,,,,,,,,,,,,,,,,,,,,,,,,,Low,Low,Low,,,,,
338,2026-09-04,15:03:10.80,,,,,Undefined,FOR_RAM,"Dieguez, Matthew",10131275,Right,FOR_RAM,Undefined,1,Bottom,0,0,0,Undefined,,Undefined,Undefined,FlyBall,Undefined,0,0,,51.01851,3.63006,-1.402047,3046.403744,,,4.23734,-0.92445,21.90828,,,,2.93126,0.40691,50.21746,-7.710504,5.493755,0.504434,,,,,,,,,,,,-28.66675,5.23772,0.4592,50.00028,3.18661,4.40648,-75.32474,9.12211,-17.45922,3.97298,-28.98407,FOR_RAM,,FordhamUniversity,,,20260904-FordhamUniversity-BP-1,46149950-a893-11f1-884b-8d6b77d225c8,74.72226,,,0.80105,,,,,,,568bcc58-7a80-4f8d-8682-9863113bc81a,2026-09-04,19:03:10.80,2026-09-04T15:03:10.8050000-04:00,2026-09-04T19:03:10.8050000Z,,v3,471298,,,,,Undefined,FOR_RAM,564508aa-4764-4371-a62e-9e3354c9ff5e,38.60057,-74.72105,1.98649,4.23811,4.71799,-14.49204,0.92721,1.75356,-8.72961,,,,,,,,,,,,,,,,,,,,,,,,,,,,,,,,,,,,,,,,,,,,,,,,,,,Low,Low,Low,,,,,
339,2026-09-04,15:03:17.60,,,,,Undefined,FOR_RAM,"Dieguez, Matthew",10131275,Right,FOR_RAM,Undefined,1,Bottom,0,0,0,Undefined,,Undefined,Undefined,LineDrive,Undefined,0,0,,52.80028,5.066907,-1.745265,3528.345147,,,3.99818,-0.96271,22.05199,,,,3.12341,0.14116,51.26437,-7.886118,5.146766,0.488998,,,,,,,,,,,,-28.65261,-4.50599,0.4312,50,2.60618,4.97539,-78.1175,11.98942,-18.44073,5.99818,-35.07408,FOR_RAM,,FordhamUniversity,,,20260904-FordhamUniversity-BP-1,4a24ca60-a893-11f1-884b-8d6b77d225c8,77.08089,,,1.53591,,,,,,,568bcc58-7a80-4f8d-8682-9863113bc81a,2026-09-04,19:03:17.60,2026-09-04T15:03:17.6080000-04:00,2026-09-04T19:03:17.6080000Z,,v3,471298,,,,,Undefined,FOR_RAM,c4a5e88c-e9bf-4772-830b-87f6bbe3b93a,38.45897,-77.22625,2.99909,4.00047,6.77786,-17.53704,0.96691,2.23534,-9.22037,,,,,,,,,,,,,,,,,,,,,,,,,,,,,,,,,,,,,,,,,,,,,,,,,,,Low,Low,Low,,,,,
340,2026-09-04,15:03:25.01,,,,,Undefined,FOR_RAM,"Dieguez, Matthew",10131275,Right,FOR_RAM,Undefined,1,Bottom,0,0,0,Undefined,Curveball,Undefined,Undefined,GroundBall,Undefined,0,0,,51.23503,5.130374,-0.674272,2955.846723,317.013278,4:30,4.28533,-0.36813,21.83895,-61.37228,-8.41217,9.50103,2.51566,-0.01477,46.8715,-10.939028,1.760896,0.523776,44.46432,-46.698489,8.841269,,,,,5.34984,5.28686,5.086909,0.059331,-9.94859,-9.87532,0.19041,50,2.90561,1.6344,-76.90132,12.11872,-5.65244,14.07254,-37.78485,FOR_RAM,,FordhamUniversity,,,20260904-FordhamUniversity-BP-1,4e962e40-a893-11f1-884b-8d6b77d225c8,71.96287,2.84522,,4.36352,,,,2.67929,2.84522,0.06224,568bcc58-7a80-4f8d-8682-9863113bc81a,2026-09-04,19:03:25.01,2026-09-04T15:03:25.0170000-04:00,2026-09-04T19:03:25.0170000Z,GroundBall,v3,471298,,,,,Undefined,FOR_RAM,9ada7f58-7527-4544-bf4e-732870bfff8e,38.6659,-74.79849,7.03627,4.29464,6.47261,-18.89243,0.37153,0.78976,-2.82622,,2.67489,44.65612,,,,,,,,2.84995,-47.95523,,,,,,,,0.06155,6.94607,,,,,,,,,,,,,,,,,,,,,,,,,,,,,,High,Medium,Medium,Low,Low,,,
341,2026-09-04,15:03:34.77,,,,,Undefined,FOR_RAM,"Caron, Michael",1000322224,Right,FOR_RAM,Undefined,1,Bottom,0,0,0,Undefined,,Undefined,Undefined,Undefined,Undefined,0,0,,51.61211,3.630935,0.352068,3235.360393,,,3.93029,-1.25225,21.98958,,,,3.11011,1.08597,49.5618,-6.328964,6.848038,0.503809,,,,,,,,,,,,-26.60505,11.08453,1.16055,50,2.9213,1.8578,-76.68663,8.61125,-16.18484,7.56566,-25.43091,FOR_RAM,,FordhamUniversity,,,20260904-FordhamUniversity-BP-1,54672220-a893-11f1-884b-8d6b77d225c8,74.81501,,,2.05031,,,,,,,568bcc58-7a80-4f8d-8682-9863113bc81a,2026-09-04,19:03:34.77,2026-09-04T15:03:34.7700000-04:00,2026-09-04T19:03:34.7700000Z,,v3,471298,,,,,Undefined,FOR_RAM,1d4a6c08-185e-4af4-9675-1f0a6ea4cb29,38.51677,-75.54524,3.78283,3.93103,4.77462,-12.71545,1.25665,-0.58392,-8.09242,,,,,,,,,,,,,,,,,,,,,,,,,,,,,,,,,,,,,,,,,,,,,,,,,,,Low,Low,Low,,,,,
342,2026-09-04,15:03:39.78,,,,,Undefined,FOR_RAM,"Caron, Michael",1000322224,Right,FOR_RAM,Undefined,1,Bottom,0,0,0,Undefined,Curveball,Undefined,Undefined,FlyBall,Undefined,0,0,,52.75885,4.593468,-0.54098,3466.718033,314.935395,4:30,4.30855,-0.37157,21.97028,-56.58058,-7.60296,9.09756,2.57593,0.03607,48.73548,-10.243288,1.7992,0.503698,,,,,,,,,,,,-9.643,-9.04662,0.21446,50,3.02678,1.51901,-79.09083,11.5421,-5.8826,13.552,-37.69283,FOR_RAM,,FordhamUniversity,,,20260904-FordhamUniversity-BP-1,574dee60-a893-11f1-884b-8d6b77d225c8,74.83141,,,4.02337,,,,,,,568bcc58-7a80-4f8d-8682-9863113bc81a,2026-09-04,19:03:39.78,2026-09-04T15:03:39.7870000-04:00,2026-09-04T19:03:39.7870000Z,,v3,471298,,,,,Undefined,FOR_RAM,c4a7247b-e1d5-4214-a942-6b5f0d89dea6,38.53516,-77.10134,6.776,4.31504,6.00863,-18.84641,0.37406,0.65542,-2.9413,,,,,,,,,,,,,,,,,,,,,,,,,,,,,,,,,,,,,,,,,,,,,,,,,,,High,Medium,Medium,,,,,
343,2026-09-04,15:03:45.29,,,,,Undefined,FOR_RAM,"Caron, Michael",1000322224,Right,FOR_RAM,Undefined,1,Bottom,0,0,0,Undefined,,Undefined,Undefined,GroundBall,Undefined,0,0,,53.09339,4.467879,-2.240731,3483.978455,,,4.09974,-0.85643,21.99438,,,,3.14346,-0.04258,51.06207,-7.572272,4.742579,0.489048,92.7959,1.555475,-20.591385,2469.927052,,,,65.2051,57.18326,-22.156417,0.495805,-29.03191,-0.63406,0.23367,50,2.86918,5.65064,-78.73937,10.78754,-18.74199,7.34316,-32.58338,FOR_RAM,,FordhamUniversity,,,20260904-FordhamUniversity-BP-1,5ab31260-a893-11f1-884b-8d6b77d225c8,77.0731,3.03736,,2.03132,,,,2.34997,2.8683,0.05785,568bcc58-7a80-4f8d-8682-9863113bc81a,2026-09-04,19:03:45.29,2026-09-04T15:03:45.2920000-04:00,2026-09-04T19:03:45.2920000Z,GroundBall,v3,471298,,,,,Undefined,FOR_RAM,d1c35199-6bc8-4af5-9164-0487d0d08ea3,38.51512,-77.66091,3.67158,4.1021,6.00218,-16.29169,0.86143,2.89809,-9.37099,74.870478,2.36687,126.90146,-19.97821,,,,,,,2.88037,3.36766,-18.55606,,,,,,,0.06831,-48.13416,-3.27103,,,,,,,,,,,,,,,,,,,,,,,,,,,,,Low,Low,Low,Medium,Medium,,,
344,2026-09-04,15:03:52.02,,,,,Undefined,FOR_RAM,"Caron, Michael",1000322224,Right,FOR_RAM,Undefined,1,Bottom,0,0,0,Undefined,,Undefined,Undefined,LineDrive,Undefined,0,0,,50.29911,4.817338,-0.09598,3282.323654,,,3.76321,-1.32249,22.06157,,,,3.02144,0.85938,49.51094,-7.178282,6.823555,0.510131,96.40768,16.951357,-28.811724,747.541792,94.71947,17.15508,-55.93025,185.03731,185.03731,-32.054207,1.67681,-28.82903,3.78166,1.10822,50.00024,2.43139,2.71777,-74.18011,10.86152,-17.02988,3.84589,-29.94015,FOR_RAM,,FordhamUniversity,,,20260904-FordhamUniversity-BP-1,5ea422b0-a893-11f1-884b-8d6b77d225c8,73.88772,17.55692,,0.78817,,,,2.39239,2.66131,-0.52257,568bcc58-7a80-4f8d-8682-9863113bc81a,2026-09-04,19:03:52.02,2026-09-04T15:03:52.0260000-04:00,2026-09-04T19:03:52.0260000Z,LineDrive,v3,471298,,,,,Undefined,FOR_RAM,8826de5a-9a2e-41ad-b0bd-863626c1aa51,38.44727,-73.57871,1.92295,3.76381,6.17959,-14.97008,1.32499,0.0547,-8.51494,,2.39239,118.51082,-19.59692,3.11973,-0.6406,0.12121,-0.02816,0.00637,-0.00075,2.66131,41.22562,-31.82055,5.22334,-1.23975,0.29673,-0.06672,0.01334,-0.00148,-0.52256,-65.18378,2.97316,1.10144,-0.38488,0.11879,-0.02959,0.00658,-0.00083,,,,,,,,,,,,,,,,,,,,,,,Low,Low,Low,Medium,Medium,,,
345,2026-09-04,15:04:10.13,,,,,Undefined,FOR_RAM,"Maryott, Gavin",1000410374,Right,FOR_RAM,Undefined,1,Bottom,0,0,0,Undefined,,Undefined,Undefined,Undefined,Undefined,0,0,,47.93369,5.502352,-2.259024,2907.853446,,,4.04614,-0.78786,21.8766,,,,2.62676,-0.00804,47.41186,-9.906194,4.646959,0.537669,,,,,,,,,,,,-28.56946,-4.76374,0.16132,50,2.51477,5.14473,-70.6326,12.30205,-15.34108,3.27412,-34.73206,FOR_RAM,,FordhamUniversity,,,20260904-FordhamUniversity-BP-1,69826c50-a893-11f1-884b-8d6b77d225c8,70.10349,,,0.52183,,,,,,,568bcc58-7a80-4f8d-8682-9863113bc81a,2026-09-04,19:04:10.13,2026-09-04T15:04:10.1330000-04:00,2026-09-04T19:04:10.1330000Z,,v3,471298,,,,,Undefined,FOR_RAM,a28783cb-de8c-4ae6-abeb-471a5fc3c44a,38.63827,-70.10396,1.63706,4.04834,6.69418,-17.36603,0.79202,2.66775,-7.67054,,,,,,,,,,,,,,,,,,,,,,,,,,,,,,,,,,,,,,,,,,,,,,,,,,,Low,Low,Low,,,,,
346,2026-09-04,15:04:15.69,,,,,Undefined,FOR_RAM,"Maryott, Gavin",1000410374,Right,FOR_RAM,Undefined,1,Bottom,0,0,0,Undefined,Curveball,Undefined,Undefined,GroundBall,Undefined,0,0,,53.37607,5.454138,-0.806046,3335.975564,328.782809,5:00,4.27908,-0.36369,21.89681,-62.58444,-14.99922,9.85048,2.61528,-0.06609,49.84468,-10.827358,1.722871,0.496486,31.53187,-68.670012,142.935772,,,,,1.85905,1.85905,24.351741,0.064401,-10.41686,-16.68237,0.15132,50,2.80266,1.9648,-79.7793,13.36763,-6.56625,12.36404,-42.68976,FOR_RAM,,FordhamUniversity,,,20260904-FordhamUniversity-BP-1,6cc51430-a893-11f1-884b-8d6b77d225c8,75.91837,2.83152,,3.53139,,,,2.57594,2.83152,0.10015,568bcc58-7a80-4f8d-8682-9863113bc81a,2026-09-04,19:04:15.69,2026-09-04T15:04:15.6950000-04:00,2026-09-04T19:04:15.6950000Z,GroundBall,v3,471298,,,,,Undefined,FOR_RAM,5364624f-be50-444b-aa4b-12d96517c404,38.61212,-77.99446,6.18202,4.28757,7.20506,-21.34488,0.36653,1.01692,-3.28312,,2.57881,-13.69999,,,,,,,,2.84073,-43.96757,,,,,,,,0.09798,10.34778,,,,,,,,,,,,,,,,,,,,,,,,,,,,,,High,Medium,Medium,Estimated,Estimated,,,
347,2026-09-04,15:04:20.44,,,,,Undefined,FOR_RAM,"Maryott, Gavin",1000410374,Right,FOR_RAM,Undefined,1,Bottom,0,0,0,Undefined,,Undefined,Undefined,GroundBall,Undefined,0,0,,50.58517,4.702176,-1.548254,3330.149549,,,4.03333,-1.06812,22.01679,,,,3.30368,0.16889,49.78626,-7.026029,5.353377,0.507182,,,,,,,,,,,,-29.05726,4.22709,0.5571,50.00008,2.73536,4.65335,-74.47056,10.66973,-17.40881,3.30701,-29.64151,FOR_RAM,,FordhamUniversity,,,20260904-FordhamUniversity-BP-1,70c0d2e0-a893-11f1-884b-8d6b77d225c8,74.31733,,,0.79891,,,,,,,568bcc58-7a80-4f8d-8682-9863113bc81a,2026-09-04,19:04:20.44,2026-09-04T15:04:20.4440000-04:00,2026-09-04T19:04:20.4440000Z,,v3,471298,,,,,Undefined,FOR_RAM,9dcade5a-00bb-4643-81c4-ebaf5b799ee9,38.4908,-73.9577,1.6535,4.0336,6.07286,-14.82076,1.06941,1.95356,-8.70441,,,,,,,,,,,,,,,,,,,,,,,,,,,,,,,,,,,,,,,,,,,,,,,,,,,Low,Low,Low,,,,,
348,2026-09-04,15:04:25.55,,,,,Undefined,FOR_RAM,"Maryott, Gavin",1000410374,Right,FOR_RAM,Undefined,1,Bottom,0,0,0,Undefined,,Undefined,Undefined,Undefined,Undefined,0,0,,46.55969,4.424711,-2.160835,2508.187413,,,4.2001,-0.83573,21.89978,,,,2.40155,0.02806,46.19913,-9.976909,4.81184,0.552337,,,,,,,,,,,,-29.09006,2.69847,0.21443,50.00014,2.89858,4.97302,-68.56475,10.38068,-14.78323,2.75406,-30.80272,FOR_RAM,,FordhamUniversity,,,20260904-FordhamUniversity-BP-1,72a6a9e0-a893-11f1-884b-8d6b77d225c8,68.24175,,,0.36056,,,,,,,568bcc58-7a80-4f8d-8682-9863113bc81a,2026-09-04,19:04:25.55,2026-09-04T15:04:25.5530000-04:00,2026-09-04T19:04:25.5530000Z,,v3,471298,,,,,Undefined,FOR_RAM,f11d483a-23f0-4f4f-ac54-f95e16c661b7,38.60936,-68.10568,1.37703,4.201,5.24618,-15.40136,0.838,2.50881,-7.39161,,,,,,,,,,,,,,,,,,,,,,,,,,,,,,,,,,,,,,,,,,,,,,,,,,,Low,Low,Low,,,,,
349,2026-09-04,15:04:33.92,,,,,Undefined,FOR_RAM,"Maryott, Gavin",1000410374,Right,FOR_RAM,Undefined,1,Bottom,0,0,0,Undefined,,Undefined,Undefined,LineDrive,Undefined,0,0,,51.25995,3.75497,-0.49244,3235.716206,,,4.00497,-1.20505,21.83682,,,,3.04675,0.67371,50.50467,-6.758513,6.254836,0.502671,85.73732,13.143739,-16.791857,5970.211288,,,,,54.0654,,,-27.95935,8.17705,0.92599,50.00023,2.95987,3.16636,-75.63296,8.99406,-17.21085,3.77368,-27.14052,FOR_RAM,,FordhamUniversity,,,20260904-FordhamUniversity-BP-1,77a0c5c0-a893-11f1-884b-8d6b77d225c8,74.98435,12.85992,,0.75528,,,,1.46209,2.71662,-0.23418,568bcc58-7a80-4f8d-8682-9863113bc81a,2026-09-04,19:04:33.92,2026-09-04T15:04:33.9240000-04:00,2026-09-04T19:04:33.9240000Z,,v3,471298,,,,,Undefined,FOR_RAM,06778633-e0d2-4e76-844f-e1919dd59d8c,38.67135,-75.06558,1.88684,4.00537,4.91344,-13.57026,1.20752,0.57868,-8.60543,125.093666,1.47283,116.91506,-14.68517,,,,,,,2.71775,28.56173,-13.56329,,,,,,,-0.22933,-35.52066,-3.21661,,,,,,,,,,,,,,,,,,,,,,,,,,,,,Low,Low,Low,Medium,Undefined,,,
350,2026-09-04,15:04:47.13,,,,,Undefined,FOR_RAM,"Markey, Tommy",10084492,Left,FOR_RAM,Undefined,1,Bottom,0,0,0,Undefined,,Undefined,Undefined,GroundBall,Undefined,0,0,,52.44762,4.661567,-2.490531,3205.070967,,,3.99602,-0.83458,22.09248,,,,3.3036,-0.19146,51.5951,-6.872859,4.467405,0.487895,17.74051,-53.33471,161.573674,,,,,7.34562,8.41273,13.516835,0.182011,-29.42502,1.16335,0.12512,50.00006,2.69974,6.14678,-77.14163,10.97376,-18.97608,3.24188,-31.42382,FOR_RAM,,FordhamUniversity,,,20260904-FordhamUniversity-BP-1,7f850940-a893-11f1-884b-8d6b77d225c8,77.25523,4.13896,,0.85252,,,,,,,568bcc58-7a80-4f8d-8682-9863113bc81a,2026-09-04,19:04:47.13,2026-09-04T15:04:47.1330000-04:00,2026-09-04T19:04:47.1330000Z,GroundBall,v3,471298,,,,,Undefined,FOR_RAM,dd0dd903-f072-4609-8437-66072f1196d8,38.41544,-76.65324,1.62094,3.99635,6.23976,-15.71191,0.8358,3.28803,-9.48804,,10.10404,-16.06067,,,,,,,,4.19371,-22.74017,,,,,,,,0.7301,5.35087,,,,,,,,,,,,,,,,,,,,,,,,,,,,,,Low,Low,Low,Estimated,Estimated,,,
351,2026-09-04,15:04:53.21,,,,,Undefined,FOR_RAM,"Markey, Tommy",10084492,Left,FOR_RAM,Undefined,1,Bottom,0,0,0,Undefined,Curveball,Undefined,Undefined,FlyBall,Undefined,0,0,,50.11756,5.476156,-0.701709,3020.018273,322.331893,4:45,4.2934,-0.37537,21.89771,-62.76712,-8.35725,7.66556,2.62864,-0.1921,46.50155,-10.917737,1.264599,0.530897,85.29539,30.920515,40.292436,2640.171997,79.43579,56.89742,76.09127,306.20864,200.44853,51.277541,4.555099,-8.11402,-9.77827,0.19708,50,2.81143,1.51927,-74.95544,12.57757,-4.47228,11.68958,-37.56365,FOR_RAM,,FordhamUniversity,,,20260904-FordhamUniversity-BP-1,831caef0-a893-11f1-884b-8d6b77d225c8,70.99767,69.002,,3.61602,,,,2.73993,3.00462,0.54216,568bcc58-7a80-4f8d-8682-9863113bc81a,2026-09-04,19:04:53.21,2026-09-04T15:04:53.2120000-04:00,2026-09-04T19:04:53.2120000Z,FlyBall,v3,471298,,,,,Undefined,FOR_RAM,6e22f113-913d-46bf-a12d-293f81ddb7e5,38.60837,-73.1573,5.84479,4.30175,6.79938,-18.78182,0.37786,0.83133,-2.23614,,2.74109,81.83512,-19.44061,4.45187,-0.78637,0.11409,-0.01927,0.00312,-0.00022,3.00536,64.25936,-17.01024,0.61986,0.1726,-0.154,0.05301,-0.00827,0.00048,0.54233,69.39964,-6.52667,0.971,-0.12494,0.01724,-0.0038,0.00076,-6E-05,,,,,,,,,,,,,,,,,,,,,,,High,Medium,Medium,Medium,Low,,,
352,2026-09-04,15:04:59.45,,,,,Undefined,FOR_RAM,"Markey, Tommy",10084492,Left,FOR_RAM,Undefined,1,Bottom,0,0,0,Undefined,Curveball,Undefined,Undefined,Undefined,Undefined,0,0,,50.77693,5.291845,-1.281854,2919.271486,317.228836,4:30,4.28922,-0.3613,21.90738,-61.2972,-8.02504,8.94296,2.62594,-0.44806,46.82287,-10.752529,1.012888,0.525317,,,,,,,,,,,,-9.65682,-9.46414,0.06188,50,2.85626,2.40416,-76.04364,12.33936,-5.43428,12.70446,-37.4999,FOR_RAM,,FordhamUniversity,,,20260904-FordhamUniversity-BP-1,86d263f0-a893-11f1-884b-8d6b77d225c8,71.75177,,,3.95405,,,,,,,568bcc58-7a80-4f8d-8682-9863113bc81a,2026-09-04,19:04:59.45,2026-09-04T15:04:59.4560000-04:00,2026-09-04T19:04:59.4560000Z,,v3,471298,,,,,Undefined,FOR_RAM,06799423-6ece-4c96-952e-98e7e75d223c,38.59813,-74.11428,6.35223,4.29775,6.64443,-18.74995,0.36432,1.57888,-2.71714,,,,,,,,,,,,,,,,,,,,,,,,,,,,,,,,,,,,,,,,,,,,,,,,,,,High,High,High,,,,,
353,2026-09-04,15:05:06.01,,,,,Undefined,FOR_RAM,"Markey, Tommy",10084492,Left,FOR_RAM,Undefined,1,Bottom,0,0,0,Undefined,Curveball,Undefined,Undefined,Undefined,Undefined,0,0,,52.12255,5.634361,-0.813638,3320.197476,313.908871,4:30,4.30271,-0.36138,22.01795,-57.55283,-8.35441,9.90134,3.16437,-0.06275,48.92217,-9.401352,1.732834,0.504832,,,,,,,,,,,,-10.72012,-10.22441,0.13646,50,2.77111,1.9991,-77.65257,13.1263,-6.49158,10.47325,-38.36546,FOR_RAM,,FordhamUniversity,,,20260904-FordhamUniversity-BP-1,8ac4d3d0-a893-11f1-884b-8d6b77d225c8,74.6633,,,3.20038,,,,,,,568bcc58-7a80-4f8d-8682-9863113bc81a,2026-09-04,19:05:06.01,2026-09-04T15:05:06.0140000-04:00,2026-09-04T19:05:06.0140000Z,,v3,471298,,,,,Undefined,FOR_RAM,5c0e5969-f8db-4661-98af-73bda32d019d,38.48884,-76.08419,5.23663,4.30661,7.38101,-19.18273,0.36304,1.02698,-3.24579,,,,,,,,,,,,,,,,,,,,,,,,,,,,,,,,,,,,,,,,,,,,,,,,,,,High,Medium,Medium,,,,,
354,2026-09-04,15:05:36.28,,,,,Undefined,FOR_RAM,"Markey, Tommy",10084492,Left,FOR_RAM,Undefined,1,Bottom,0,0,0,Undefined,,Undefined,Undefined,GroundBall,Undefined,0,0,,47.795,4.716345,-2.184721,2683.483608,,,4.18119,-0.93123,21.97684,,,,3.3092,-0.20633,46.12922,-7.578954,4.403349,0.543012,86.84354,2.858162,41.971289,2091.332294,,,,68.47864,62.80369,41.669418,0.569509,-27.47013,9.76071,0.32681,50,2.88529,4.90333,-70.70305,10.15386,-14.39066,5.41783,-27.06074,FOR_RAM,,FordhamUniversity,,,20260904-FordhamUniversity-BP-1,9ce50670-a893-11f1-884b-8d6b77d225c8,69.41364,3.40344,,1.66578,,,,2.63226,2.93445,0.20156,568bcc58-7a80-4f8d-8682-9863113bc81a,2026-09-04,19:05:36.28,2026-09-04T15:05:36.2870000-04:00,2026-09-04T19:05:36.2870000Z,GroundBall,v3,471298,,,,,Undefined,FOR_RAM,71aaed9c-2ea4-41c5-9095-cc171eb14a26,38.52978,-69.81858,2.70891,4.18233,5.73614,-13.53037,0.93552,2.55402,-7.19533,,2.65762,93.97663,-15.56573,,,,,,,2.95746,5.80429,-19.37612,,,,,,,0.21155,84.83785,-9.28061,,,,,,,,,,,,,,,,,,,,,,,,,,,,,Low,Low,Low,Medium,High,,,
355,2026-09-04,15:05:49.36,,,,,Undefined,FOR_RAM,"Dieguez, Matthew",10131275,Right,FOR_RAM,Undefined,1,Bottom,0,0,0,Undefined,Curveball,Undefined,Undefined,Undefined,Undefined,0,0,,49.20391,5.625619,-1.1943,2513.856432,329.973816,5:00,4.28415,-0.37216,21.85922,-66.32771,-9.28012,6.40095,2.42492,-0.6149,45.38851,-11.695722,0.446489,0.543613,,,,,,,,,,,,-7.0163,-10.86016,0.10429,50,2.76471,2.01835,-73.6876,12.75148,-3.69662,12.15744,-37.89584,FOR_RAM,,FordhamUniversity,,,20260904-FordhamUniversity-BP-1,a4b9e0a0-a893-11f1-884b-8d6b77d225c8,69.33687,,,3.8154,,,,,,,568bcc58-7a80-4f8d-8682-9863113bc81a,2026-09-04,19:05:49.36,2026-09-04T15:05:49.3630000-04:00,2026-09-04T19:05:49.3630000Z,,v3,471298,,,,,Undefined,FOR_RAM,1eaaec87-1784-4495-8ad2-e011326e2342,38.64667,-71.79003,6.07872,4.2934,6.83657,-18.94792,0.3743,1.44137,-1.84831,,,,,,,,,,,,,,,,,,,,,,,,,,,,,,,,,,,,,,,,,,,,,,,,,,,High,High,High,,,,,
356,2026-09-04,15:05:57.45,,,,,Undefined,FOR_RAM,"Dieguez, Matthew",10131275,Right,FOR_RAM,Undefined,1,Bottom,0,0,0,Undefined,,Undefined,Undefined,GroundBall,Undefined,0,0,,50.09837,4.540167,-0.205581,2909.805742,,,3.98559,-1.21962,21.95123,,,,3.49284,0.77046,48.40164,-6.216603,6.321634,0.517952,90.64373,6.088138,-29.944049,1635.634056,,,,86.90135,83.28771,-27.820948,0.726148,-26.87368,10.57418,1.01312,50,2.77179,2.55976,-74.18591,9.84743,-15.49448,5.99193,-26.07732,FOR_RAM,,FordhamUniversity,,,20260904-FordhamUniversity-BP-1,a96d0870-a893-11f1-884b-8d6b77d225c8,72.77213,4.89723,,1.69672,,,,1.55482,3.04437,0.33913,568bcc58-7a80-4f8d-8682-9863113bc81a,2026-09-04,19:05:57.45,2026-09-04T15:05:57.4500000-04:00,2026-09-04T19:05:57.4500000Z,GroundBall,v3,471298,,,,,Undefined,FOR_RAM,45a96b54-fd56-48b2-b601-5639c895276f,38.55544,-73.25571,2.99596,3.98629,5.79913,-13.03866,1.22379,0.15436,-7.74724,,1.55482,114.54794,-17.64043,4.37152,-1.06907,0.28372,-0.07514,0.01705,-0.00228,3.04437,14.09979,-27.9096,4.43791,-1.13616,0.29793,-0.08032,0.01928,-0.00286,0.33913,-65.98522,15.67885,-3.84105,0.9501,-0.25266,0.06811,-0.01628,0.00242,,,,,,,,,,,,,,,,,,,,,,,Low,Low,Low,Low,Medium,,,
357,2026-09-04,15:06:13.30,,,,,Undefined,FOR_RAM,"Dieguez, Matthew",10131275,Right,FOR_RAM,Undefined,1,Bottom,0,0,0,Undefined,,Undefined,Undefined,Undefined,Undefined,0,0,,49.7514,2.894437,-0.72708,2940.248641,,,3.98909,-1.02055,21.58992,,,,1.4576,0.82106,49.49595,-10.598858,6.355876,0.52092,100.91332,20.422565,-42.648653,2047.428374,78.82908,25.94187,-76.72006,218.20617,139.27558,-47.779053,2.222165,-29.24998,-0.98158,0.69471,50.00015,3.06089,3.4496,-73.49851,8.61661,-16.99564,3.60446,-32.7444,FOR_RAM,,FordhamUniversity,,,20260904-FordhamUniversity-BP-1,b2d61730-a893-11f1-884b-8d6b77d225c8,72.35748,26.15079,,0.25546,,,,2.42145,1.49577,0.01662,568bcc58-7a80-4f8d-8682-9863113bc81a,2026-09-04,19:06:13.30,2026-09-04T15:06:13.3000000-04:00,2026-09-04T19:06:13.3000000Z,LineDrive,v3,471298,,,,,Undefined,FOR_RAM,e250a555-70f3-4587-a68c-bf397a3aec90,38.91925,-72.95306,1.80223,3.98988,3.66156,-16.3722,1.02213,0.87774,-8.49782,,2.42146,102.0184,-26.50551,7.01068,-1.87386,0.48062,-0.09889,0.01292,-0.00073,1.49576,51.64608,-31.61327,5.9154,-1.70678,0.51477,-0.14596,0.02982,-0.00293,0.01661,-93.97104,15.28613,-4.07914,1.08637,-0.28288,0.06025,-0.00843,0.00054,,,,,,,,,,,,,,,,,,,,,,,Low,Low,Low,Low,Low,,,
358,2026-09-04,15:06:19.54,,,,,Undefined,FOR_RAM,"Dieguez, Matthew",10131275,Right,FOR_RAM,Undefined,1,Bottom,0,0,0,Undefined,,Undefined,Undefined,LineDrive,Undefined,0,0,,52.01245,3.331919,-2.133757,3277.142154,,,4.25122,-0.87619,21.9266,,,,2.87507,-0.0189,50.86372,-7.654944,4.769044,0.495857,,,,,,,,,,,,-29.02978,4.96729,0.25945,50.00021,3.26877,5.5078,-76.85268,8.75267,-18.28753,4.74632,-29.04487,FOR_RAM,,FordhamUniversity,,,20260904-FordhamUniversity-BP-1,b68c4160-a893-11f1-884b-8d6b77d225c8,76.01473,,,1.14873,,,,,,,568bcc58-7a80-4f8d-8682-9863113bc81a,2026-09-04,19:06:19.54,2026-09-04T15:06:19.5440000-04:00,2026-09-04T19:06:19.5440000Z,,v3,471298,,,,,Undefined,FOR_RAM,d7bf315a-8f51-44fd-975d-44cf2b2497e8,38.58093,-76.14418,2.37316,4.25172,4.41701,-14.52243,0.87787,2.77793,-9.14377,,,,,,,,,,,,,,,,,,,,,,,,,,,,,,,,,,,,,,,,,,,,,,,,,,,Low,Low,Low,,,,,
359,2026-09-04,15:06:26.35,,,,,Undefined,FOR_RAM,"Dieguez, Matthew",10131275,Right,FOR_RAM,Undefined,1,Bottom,0,0,0,Undefined,,Undefined,Undefined,LineDrive,Undefined,0,0,,51.25338,4.257422,-1.165366,3365.541474,,,4.10655,-0.921,21.89609,,,,2.8226,0.60127,50.07162,-8.297986,5.84274,0.504666,95.5595,19.483128,-18.325194,759.834136,105.27281,35.93201,-31.90022,313.72379,307.10102,-14.888179,3.798638,-28.99214,0.19122,0.50844,50,2.90707,4.09096,-75.83812,10.37719,-17.66001,5.26882,-32.05758,FOR_RAM,,FordhamUniversity,,,20260904-FordhamUniversity-BP-1,bab32ec0-a893-11f1-884b-8d6b77d225c8,74.68786,45.17718,,1.18176,,,,1.27524,2.74381,-0.20124,568bcc58-7a80-4f8d-8682-9863113bc81a,2026-09-04,19:06:26.35,2026-09-04T15:06:26.3550000-04:00,2026-09-04T19:06:26.3550000Z,LineDrive,v3,471298,,,,,Undefined,FOR_RAM,67084812-cbd8-4495-b7ef-70fe1dd34c21,38.61384,-75.0429,2.63441,4.10816,5.53877,-16.02879,0.92474,1.42555,-8.83001,198.857427,1.27529,125.42543,-22.86166,4.97165,-0.94068,0.15873,-0.02251,0.00216,-9E-05,2.74399,46.74091,-12.83494,-0.21242,0.17233,-0.05485,0.01187,-0.00104,1E-05,-0.20109,-41.54626,11.61386,-3.11079,0.71521,-0.16131,0.03234,-0.0043,0.00025,,,,,,,,,,,,,,,,,,,,,,,Low,Low,Low,Medium,Medium,,,
360,2026-09-04,15:06:45.41,,,,,Undefined,FOR_RAM,"Caron, Michael",1000322224,Right,FOR_RAM,Undefined,1,Bottom,0,0,0,Undefined,,Undefined,Undefined,LineDrive,Undefined,0,0,,49.9562,4.763206,-0.524614,2921.172979,,,3.8762,-1.21823,21.98554,,,,2.49677,0.69921,49.36469,-9.05562,6.43163,0.514384,97.36771,21.855312,-35.941721,1825.501234,86.5217,26.89823,-67.92633,215.40738,185.67631,-41.681024,2.167208,-28.91218,-3.10705,0.92102,50.00025,2.51607,3.23628,-73.7204,11.36599,-16.86935,3.79108,-33.98691,FOR_RAM,,FordhamUniversity,,,20260904-FordhamUniversity-BP-1,c600b4f0-a893-11f1-884b-8d6b77d225c8,73.27689,26.9559,,0.59152,,,,2.64746,2.09844,0.00073,568bcc58-7a80-4f8d-8682-9863113bc81a,2026-09-04,19:06:45.41,2026-09-04T15:06:45.4190000-04:00,2026-09-04T19:06:45.4190000Z,LineDrive,v3,471298,,,,,Undefined,FOR_RAM,f759854f-3e46-440c-af4d-b2bb044bd2a0,38.52516,-73.12791,1.89554,3.87734,6.05435,-16.99346,1.22078,0.59986,-8.43468,,2.64721,107.32869,-24.71384,7.12693,-3.56397,2.36184,-1.07991,0.26725,-0.02723,2.09853,53.15417,-32.76964,5.44126,-0.86546,-0.28464,0.26154,-0.07693,0.00844,0.00057,-77.78329,7.59225,-1.04718,-0.89016,1.20522,-0.64901,0.17062,-0.01792,,,,,,,,,,,,,,,,,,,,,,,Low,Low,Low,Medium,Medium,,,
361,2026-09-04,15:06:51.69,,,,,Undefined,FOR_RAM,"Caron, Michael",1000322224,Right,FOR_RAM,Undefined,1,Bottom,0,0,0,Undefined,,Undefined,Undefined,Undefined,Undefined,0,0,,51.208,4.503463,-0.583817,3287.840428,,,3.96768,-1.17052,21.95268,,,,3.3943,0.66281,50.34571,-6.346114,6.219363,0.502124,62.57728,69.66067,27.006569,,,,,82.48803,39.42994,39.240264,4.809854,-28.28864,6.80146,0.86687,50.00023,2.74813,3.3322,-75.50285,10.14804,-17.34536,3.80566,-28.00369,FOR_RAM,,FordhamUniversity,,,20260904-FordhamUniversity-BP-1,c9b383c0-a893-11f1-884b-8d6b77d225c8,75.06594,95.7779,,0.86229,,,,1.85187,2.95453,-0.33865,568bcc58-7a80-4f8d-8682-9863113bc81a,2026-09-04,19:06:51.69,2026-09-04T15:06:51.6910000-04:00,2026-09-04T19:06:51.6910000Z,Popup,v3,471298,,,,,Undefined,FOR_RAM,dd1b1fca-cbba-468d-ac21-5c63ad977580,38.55569,-74.92378,1.90283,3.96808,5.88697,-14.00185,1.1731,0.69291,-8.67268,,1.84891,28.46864,-10.79128,3.64718,-0.78093,0.07326,0.01334,-0.00448,0.00035,2.94225,86.32475,-24.65518,4.15414,-1.98132,0.77676,-0.18337,0.02235,-0.00108,-0.33608,14.42796,-1.32409,-0.17225,0.37077,-0.18605,0.04757,-0.00615,0.00032,,,,,,,,,,,,,,,,,,,,,,,Low,Low,Low,Medium,Low,,,
362,2026-09-04,15:06:57.56,,,,,Undefined,FOR_RAM,"Caron, Michael",1000322224,Right,FOR_RAM,Undefined,1,Bottom,0,0,0,Undefined,,Undefined,Undefined,FlyBall,Undefined,0,0,,51.39969,5.30724,-0.950468,3495.253175,,,3.8938,-1.00122,21.95731,,,,2.8702,0.60661,50.66437,-8.516524,5.896244,0.50046,,,,,,,,,,,,-28.44289,-6.06642,0.62481,50.00025,2.43045,3.83214,-75.78702,12.38333,-17.55822,3.90477,-35.91893,FOR_RAM,,FordhamUniversity,,,20260904-FordhamUniversity-BP-1,cd573760-a893-11f1-884b-8d6b77d225c8,75.31561,,,0.73532,,,,,,,568bcc58-7a80-4f8d-8682-9863113bc81a,2026-09-04,19:06:57.56,2026-09-04T15:06:57.5650000-04:00,2026-09-04T19:06:57.5650000Z,,v3,471298,,,,,Undefined,FOR_RAM,7b3b4bdc-0dc3-4475-8e7d-60e796e53e41,38.55441,-75.19498,1.95239,3.89514,6.93735,-17.95947,1.00402,1.16998,-8.77911,,,,,,,,,,,,,,,,,,,,,,,,,,,,,,,,,,,,,,,,,,,,,,,,,,,Low,Low,Low,,,,,
363,2026-09-04,15:07:08.38,,,,,Undefined,FOR_RAM,"Caron, Michael",1000322224,Right,FOR_RAM,Undefined,1,Bottom,0,0,0,Undefined,,Undefined,Undefined,LineDrive,Undefined,0,0,,52.08381,4.643376,-1.278413,3323.144096,,,4.04711,-0.96206,21.98915,,,,3.2013,0.47607,50.13311,-7.409922,5.703366,0.498679,97.4887,12.770306,-28.537147,1893.601548,95.51654,7.97179,-54.55764,144.34711,144.34711,-30.807655,1.23415,-28.8623,1.21638,0.5322,50,2.7804,4.24693,-77.26144,10.83019,-17.92417,7.15024,-31.41866,FOR_RAM,,FordhamUniversity,,,20260904-FordhamUniversity-BP-1,d40321f0-a893-11f1-884b-8d6b77d225c8,75.58457,10.88372,,1.9507,,,,2.00508,2.68684,-0.10329,568bcc58-7a80-4f8d-8682-9863113bc81a,2026-09-04,19:07:08.38,2026-09-04T15:07:08.3810000-04:00,2026-09-04T19:07:08.3810000Z,LineDrive,v3,471298,,,,,Undefined,FOR_RAM,c81c07ba-0d73-4827-b105-ff15e4214cce,38.51985,-76.19159,3.57512,4.04917,6.1292,-15.70933,0.96701,1.56504,-8.96209,,2.00508,122.50573,-22.28354,2.98032,-0.86312,1.03734,-0.91257,0.40656,-0.07335,2.68683,31.60678,-33.55032,6.83102,-2.73903,2.34461,-1.89146,0.86261,-0.16175,-0.10328,-66.62033,9.32468,-4.6697,3.34695,-4.33231,3.85437,-1.7971,0.33936,,,,,,,,,,,,,,,,,,,,,,,Low,Low,Low,Medium,High,,,
364,2026-09-04,15:07:21.43,,,,,Undefined,FOR_RAM,"Maryott, Gavin",1000410374,Right,FOR_RAM,Undefined,1,Bottom,0,0,0,Undefined,Curveball,Undefined,Undefined,LineDrive,Undefined,0,0,,53.15859,4.520223,-0.679732,3143.480606,318.415278,4:30,4.29576,-0.37738,22.02231,-54.54531,-6.42138,6.99166,2.68095,-0.23451,49.02707,-9.81848,1.12068,0.499289,84.06956,21.57882,12.239727,2251.054329,106.74513,29.23327,26.55938,254.71286,254.71286,16.137891,2.810621,-7.55977,-7.90855,0.20199,50,3.03002,1.55295,-79.69837,11.39941,-4.68044,13.8083,-37.07044,FOR_RAM,,FordhamUniversity,,,20260904-FordhamUniversity-BP-1,db6f2830-a893-11f1-884b-8d6b77d225c8,75.49227,30.56219,,4.13152,,,,1.66776,1.89164,0.0033,568bcc58-7a80-4f8d-8682-9863113bc81a,2026-09-04,19:07:21.43,2026-09-04T15:07:21.4380000-04:00,2026-09-04T19:07:21.4380000Z,LineDrive,v3,471298,,,,,Undefined,FOR_RAM,679bca59-beb1-4402-a073-3e967a95eb28,38.48268,-77.67729,6.90415,4.30144,5.97351,-18.53522,0.37916,0.86789,-2.34022,262.217506,1.66747,112.06448,-10.26018,0.87531,-0.2291,-0.09189,0.09462,-0.02651,0.00261,1.8916,45.35058,-19.70272,1.70772,-0.41221,0.16859,-0.05074,0.00868,-0.00064,0.00334,24.30622,2.37106,-1.10549,0.3277,-0.12396,0.02628,-0.00276,0.00012,,,,,,,,,,,,,,,,,,,,,,,High,Medium,Medium,Medium,Medium,,,
365,2026-09-04,15:07:26.70,,,,,Undefined,FOR_RAM,"Maryott, Gavin",1000410374,Right,FOR_RAM,Undefined,1,Bottom,0,0,0,Undefined,Curveball,Undefined,Undefined,LineDrive,Undefined,0,0,,52.22656,4.512151,-0.320478,3229.246295,338.474011,5:15,4.30331,-0.39737,21.91085,-57.61074,-7.90867,3.65819,2.43643,-0.30048,48.68917,-10.528946,0.619395,0.50741,96.74696,22.180713,-10.130111,1446.780837,109.35968,39.49116,-11.84925,354.69838,353.46551,1.524514,4.084039,-3.89902,-9.16056,0.31369,50,3.0355,0.7468,-78.13618,11.41256,-2.35055,12.12567,-37.69655,FOR_RAM,,FordhamUniversity,,,20260904-FordhamUniversity-BP-1,dea39f40-a893-11f1-884b-8d6b77d225c8,74.28403,52.40148,,3.53739,,,,3.82242,2.8614,0.3252,568bcc58-7a80-4f8d-8682-9863113bc81a,2026-09-04,19:07:26.70,2026-09-04T15:07:26.7080000-04:00,2026-09-04T19:07:26.7080000Z,LineDrive,v3,471298,,,,,Undefined,FOR_RAM,f503ae23-381b-4551-8887-9e0123cd9ffb,38.59499,-76.34577,6.06283,4.30969,5.84648,-18.84827,0.39834,0.39973,-1.17528,230.322742,3.82187,129.36201,-19.00573,3.77602,-0.8493,0.22287,-0.05338,0.00797,-0.00049,2.86225,53.54396,-15.42021,0.37254,0.22492,-0.14909,0.04776,-0.00719,0.00041,0.32557,-23.12388,13.54273,-3.73387,0.95153,-0.23822,0.05187,-0.00711,0.00041,,,,,,,,,,,,,,,,,,,,,,,High,Medium,Medium,Medium,High,,,
366,2026-09-04,15:07:32.06,,,,,Undefined,FOR_RAM,"Maryott, Gavin",1000410374,Right,FOR_RAM,Undefined,1,Bottom,0,0,0,Undefined,,Undefined,Undefined,LineDrive,Undefined,0,0,,52.84309,4.195184,-1.730932,3446.157107,,,4.09242,-0.99858,21.92647,,,,3.12131,0.15185,52.05438,-7.244054,5.266419,0.486284,83.46391,10.983507,-2.004057,912.06708,109.99476,9.90773,1.07238,159.30659,159.30659,1.910534,1.627052,-29.13309,1.10079,0.46244,50.00021,2.92282,5.0667,-77.92206,10.27242,-19.07381,3.80646,-31.45334,FOR_RAM,,FordhamUniversity,,,20260904-FordhamUniversity-BP-1,e1c4b560-a893-11f1-884b-8d6b77d225c8,77.51109,11.34462,,0.78871,,,,0.92165,3.05742,-0.19789,568bcc58-7a80-4f8d-8682-9863113bc81a,2026-09-04,19:07:32.06,2026-09-04T15:07:32.0620000-04:00,2026-09-04T19:07:32.0620000Z,LineDrive,v3,471298,,,,,Undefined,FOR_RAM,2d590475-ff49-413b-964d-d1326af4ef9e,38.58367,-77.36235,1.90323,4.09325,5.6475,-15.72667,1.00125,2.26207,-9.53691,250.00492,0.92165,120.09767,-17.37827,2.76695,-0.55738,0.10172,-0.01904,0.00301,-0.00026,3.05742,23.32301,-17.31228,1.42877,-0.26208,0.05706,-0.00969,0.00146,-0.00014,-0.19789,-4.20241,6.5312,-1.62563,0.40129,-0.08894,0.01817,-0.00295,0.00026,,,,,,,,,,,,,,,,,,,,,,,Low,Low,Low,High,High,,,
367,2026-09-04,15:07:55.30,,,,,Undefined,FOR_RAM,"Markey, Tommy",10084492,Left,FOR_RAM,Undefined,1,Bottom,0,0,0,Undefined,Curveball,Undefined,Undefined,LineDrive,Undefined,0,0,,52.47976,4.806952,-0.663846,3181.057905,313.302269,4:30,4.29219,-0.38003,21.92927,-54.84534,-5.64351,7.4191,2.84695,-0.19234,48.80186,-9.54507,1.240982,0.50485,92.70572,11.173746,-7.974931,2197.779834,107.35274,15.96534,-23.98694,220.78693,209.22773,-17.594289,2.169607,-7.87764,-6.80394,0.20834,50,2.9807,1.53359,-78.44937,11.62215,-4.79235,12.12682,-36.31323,FOR_RAM,,FordhamUniversity,,,20260904-FordhamUniversity-BP-1,efa3e2f0-a893-11f1-884b-8d6b77d225c8,74.66073,16.04794,,3.67791,,,,0.94834,2.71598,0.17485,568bcc58-7a80-4f8d-8682-9863113bc81a,2026-09-04,19:07:55.30,2026-09-04T15:07:55.3030000-04:00,2026-09-04T19:07:55.3030000Z,LineDrive,v3,471298,,,,,Undefined,FOR_RAM,63f49b28-8ae3-4d44-b63a-67dd3c688a75,38.57594,-76.66308,6.06341,4.29869,6.2732,-18.15661,0.38225,0.82767,-2.39618,119.159657,0.94832,132.1021,-23.44248,4.59953,-0.80158,0.08824,0.00376,-0.00374,0.00051,2.71602,26.34499,-13.07019,-0.05787,0.09783,0.04359,-0.03933,0.01226,-0.00141,0.17479,-18.50162,-10.46872,3.59083,-0.87607,0.09482,0.02719,-0.01312,0.00167,,,,,,,,,,,,,,,,,,,,,,,High,Medium,Medium,High,Medium,,,
368,2026-09-04,15:08:00.48,,,,,Undefined,FOR_RAM,"Markey, Tommy",10084492,Left,FOR_RAM,Undefined,1,Bottom,0,0,0,Undefined,Curveball,Undefined,Undefined,GroundBall,Undefined,0,0,,51.75068,4.474363,-0.778575,3037.125894,315.695368,4:30,4.2648,-0.3742,21.76323,-57.45999,-6.35111,7.59304,2.39759,-0.2487,48.17447,-10.482912,1.163685,0.51454,94.33728,9.84762,35.634979,1972.679638,,,,134.22512,128.00641,37.922368,1.12104,-8.01115,-7.29386,0.18362,50,3.03484,1.66013,-77.40736,11.09441,-4.73248,12.03714,-36.48281,FOR_RAM,,FordhamUniversity,,,20260904-FordhamUniversity-BP-1,f2c19db0-a893-11f1-884b-8d6b77d225c8,73.25456,8.07469,,3.57621,,,,2.21136,2.38165,0.39178,568bcc58-7a80-4f8d-8682-9863113bc81a,2026-09-04,19:08:00.48,2026-09-04T15:08:00.4890000-04:00,2026-09-04T19:08:00.4890000Z,LineDrive,v3,471298,,,,,Undefined,FOR_RAM,e5c1ce93-6e80-4bce-ad78-cc5399711007,38.74213,-75.63646,6.01857,4.27222,5.72707,-18.2414,0.37664,0.96389,-2.36624,,2.21136,110.79548,-19.53487,3.64816,-0.89757,0.21021,-0.04952,0.0099,-0.00111,2.38165,23.66369,-26.1127,3.47991,-0.81087,0.20267,-0.04627,0.00923,-0.00107,0.39178,79.42413,-6.4521,1.08513,-0.28235,0.06465,-0.01526,0.00307,-0.00034,,,,,,,,,,,,,,,,,,,,,,,High,High,High,Medium,High,,,
369,2026-09-04,15:08:08.12,,,,,Undefined,FOR_RAM,"Markey, Tommy",10084492,Left,FOR_RAM,Undefined,1,Bottom,0,0,0,Undefined,Curveball,Undefined,Undefined,LineDrive,Undefined,0,0,,49.6815,4.71079,-0.596152,2908.213013,320.131267,4:45,4.28399,-0.38071,21.85483,-59.81133,-4.73217,5.20465,2.36821,-0.33442,46.41892,-10.885277,0.73824,0.534152,89.22581,18.788059,34.184926,1545.071769,87.07357,30.44946,67.21694,296.14082,246.28728,44.446607,3.310291,-5.57327,-5.8213,0.23481,50,2.96789,1.18786,-74.25346,11.28575,-3.04023,10.7922,-35.34958,FOR_RAM,,FordhamUniversity,,,20260904-FordhamUniversity-BP-1,f7544530-a893-11f1-884b-8d6b77d225c8,70.56498,34.76339,,3.26258,,,,2.33607,2.40442,0.63058,568bcc58-7a80-4f8d-8682-9863113bc81a,2026-09-04,19:08:08.12,2026-09-04T15:08:08.1280000-04:00,2026-09-04T19:08:08.1280000Z,LineDrive,v3,471298,,,,,Undefined,FOR_RAM,f3abeecc-7efe-463c-8183-b9f2686cd781,38.65037,-72.58513,5.3961,4.29014,5.82118,-17.67479,0.38211,0.71788,-1.52011,,2.3359,102.49138,-20.6044,4.43876,-0.77553,0.06338,0.01037,-0.0038,0.00037,2.40456,42.14289,-14.23613,0.34347,-0.08605,0.09391,-0.03939,0.00857,-0.00075,0.63073,69.60527,-1.96755,-0.39132,0.14928,-0.00602,-0.00722,0.00187,-0.00015,,,,,,,,,,,,,,,,,,,,,,,High,Medium,Medium,Medium,Medium,,,
370,2026-09-04,15:08:16.83,,,,,Undefined,FOR_RAM,"Markey, Tommy",10084492,Left,FOR_RAM,Undefined,1,Bottom,0,0,0,Undefined,Curveball,Undefined,Undefined,LineDrive,Undefined,0,0,,51.09224,4.208382,-0.524485,2944.213718,311.215805,4:15,4.28039,-0.35799,22.00972,-61.49488,-10.40575,13.27296,1.88437,0.40865,48.34847,-11.801058,2.899192,0.514441,89.4284,17.800272,26.50049,1520.845725,96.89315,30.41454,52.07408,292.63006,284.81278,33.017714,3.353624,-13.97359,-11.51379,0.17693,50,3.02812,1.83292,-76.38391,11.23429,-8.15366,10.49363,-38.89239,FOR_RAM,,FordhamUniversity,,,20260904-FordhamUniversity-BP-1,fc859db0-a893-11f1-884b-8d6b77d225c8,73.26872,35.27028,,2.74377,,,,2.21217,2.28227,0.00706,568bcc58-7a80-4f8d-8682-9863113bc81a,2026-09-04,19:08:16.83,2026-09-04T15:08:16.8370000-04:00,2026-09-04T19:08:16.8370000Z,LineDrive,v3,471298,,,,,Undefined,FOR_RAM,86ec9af6-d3a8-497b-bdfe-cafab8f9d756,38.49881,-74.78719,5.24681,4.2873,5.31637,-19.44619,0.36144,0.59225,-4.07683,,2.21214,111.76406,-21.6505,5.02241,-0.95073,0.13645,-0.01093,-0.00031,0.00011,2.28238,40.08801,-11.44961,-0.8549,0.31473,-0.0302,-0.01159,0.0043,-0.00042,0.00704,55.7245,-4.88603,1.17789,-0.19742,0.02501,-0.00209,8E-05,0,,,,,,,,,,,,,,,,,,,,,,,High,Medium,Medium,Medium,Medium,,,
371,2026-09-04,15:08:28.24,,,,,Undefined,FOR_RAM,"Dieguez, Matthew",10131275,Right,FOR_RAM,Undefined,1,Bottom,0,0,0,Undefined,,Undefined,Undefined,Undefined,Undefined,0,0,,51.97735,5.06871,-2.718602,3274.007094,,,4.0933,-0.67224,21.94498,,,,2.86202,-0.2482,51.28677,-8.909931,4.017947,0.49445,,,,,,,,,,,,-28.34742,-8.045,-0.06304,50.00006,2.66666,6.25344,-76.4141,12.3055,-17.9491,3.12134,-37.26801,FOR_RAM,,FordhamUniversity,,,20260904-FordhamUniversity-BP-1,03366a40-a894-11f1-884b-8d6b77d225c8,76.23109,,,0.69059,,,,,,,568bcc58-7a80-4f8d-8682-9863113bc81a,2026-09-04,19:08:28.24,2026-09-04T15:08:28.2410000-04:00,2026-09-04T19:08:28.2410000Z,,v3,471298,,,,,Undefined,FOR_RAM,e08b5cbc-2ebc-4c75-af4a-6a863ec53457,38.56412,-75.94554,1.56067,4.09401,6.71092,-18.63401,0.67346,3.55896,-8.97455,,,,,,,,,,,,,,,,,,,,,,,,,,,,,,,,,,,,,,,,,,,,,,,,,,,Low,Low,Low,,,,,
372,2026-09-04,15:08:32.36,,,,,Undefined,FOR_RAM,"Dieguez, Matthew",10131275,Right,FOR_RAM,Undefined,1,Bottom,0,0,0,Undefined,Curveball,Undefined,Undefined,Undefined,Undefined,0,0,,49.78248,5.792345,-1.905183,2660.971176,334.044703,5:15,4.29642,-0.37715,22.07397,-66.16508,-12.89198,6.80831,2.53966,-1.04108,47.41897,-11.413894,-0.150906,0.525322,,,,,,,,,,,,-8.00233,-16.09595,-0.05837,50.00029,2.62598,3.11154,-73.8739,13.83162,-4.46791,7.94782,-41.16087,FOR_RAM,,FordhamUniversity,,,20260904-FordhamUniversity-BP-1,05a128b0-a894-11f1-884b-8d6b77d225c8,71.75115,,,2.36351,,,,,,,568bcc58-7a80-4f8d-8682-9863113bc81a,2026-09-04,19:08:32.36,2026-09-04T15:08:32.3600000-04:00,2026-09-04T19:08:32.3600000Z,,v3,471298,,,,,Undefined,FOR_RAM,094277c1-5016-4958-95ec-ac139bc8c193,38.43265,-72.61872,3.97391,4.29708,7.33116,-20.58044,0.37731,2.40593,-2.23396,,,,,,,,,,,,,,,,,,,,,,,,,,,,,,,,,,,,,,,,,,,,,,,,,,,High,Medium,Medium,,,,,
373,2026-09-04,15:08:38.01,,,,,Undefined,FOR_RAM,"Dieguez, Matthew",10131275,Right,FOR_RAM,Undefined,1,Bottom,0,0,0,Undefined,Curveball,Undefined,Undefined,GroundBall,Undefined,0,0,,48.31938,5.074884,-1.162877,2527.5738,314.646889,4:30,4.27524,-0.36705,21.77207,-62.36598,-4.80492,6.13701,2.39277,-0.61313,45.92007,-11.063195,0.406288,0.546054,84.5604,4.228239,-16.74915,2225.104345,,,,73.27666,65.98043,-17.637407,0.618876,-6.63351,-5.66614,0.10464,50,2.87262,1.94376,-71.87371,11.68406,-3.47608,8.19237,-35.14321,FOR_RAM,,FordhamUniversity,,,20260904-FordhamUniversity-BP-1,0925bb90-a894-11f1-884b-8d6b77d225c8,69.02689,3.4332,,2.39931,,,,2.08231,2.49465,0.61345,568bcc58-7a80-4f8d-8682-9863113bc81a,2026-09-04,19:08:38.01,2026-09-04T15:08:38.0120000-04:00,2026-09-04T19:08:38.0120000Z,GroundBall,v3,471298,,,,,Undefined,FOR_RAM,24a1fb6d-e4be-42ee-b61d-049bb28bcb2e,38.73437,-70.57795,4.09618,4.28107,6.12553,-17.5716,0.3686,1.39395,-1.73804,52.648319,2.08231,118.43694,-15.0068,0.96589,-0.21683,0.02988,-0.00244,0.00194,-0.00076,2.49465,9.14409,-22.78784,2.65597,-0.43856,0.11051,-0.02056,0.00349,-0.00057,0.61345,-35.64356,-2.50288,0.94575,-0.17632,0.04435,-0.00916,0.00123,-6E-05,,,,,,,,,,,,,,,,,,,,,,,High,High,High,High,Medium,,,
374,2026-09-04,15:08:44.55,,,,,Undefined,FOR_RAM,"Dieguez, Matthew",10131275,Right,FOR_RAM,Undefined,1,Bottom,0,0,0,Undefined,,Undefined,Undefined,FlyBall,Undefined,0,0,,52.8036,2.43365,-2.963885,3288.56934,,,4.34523,-0.72046,21.74583,,,,2.59791,-0.48305,47.15076,-8.266833,3.687357,0.514079,,,,,,,,,,,,-29.27927,10.3941,-0.00488,50,3.61352,6.33157,-79.77197,6.97876,-17.32761,18.00372,-26.02278,FOR_RAM,,FordhamUniversity,,,20260904-FordhamUniversity-BP-1,0ce868e0-a894-11f1-884b-8d6b77d225c8,73.3203,,,5.65284,,,,,,,568bcc58-7a80-4f8d-8682-9863113bc81a,2026-09-04,19:08:44.55,2026-09-04T15:08:44.5560000-04:00,2026-09-04T19:08:44.5560000Z,,v3,471298,,,,,Undefined,FOR_RAM,9a4fd744-386e-448b-ae7c-caf5325a7395,38.75849,-77.19319,9.00186,4.34618,3.25137,-13.01139,0.72427,3.84963,-8.6638,,,,,,,,,,,,,,,,,,,,,,,,,,,,,,,,,,,,,,,,,,,,,,,,,,,Low,Low,Low,,,,,
375,2026-09-04,15:08:51.61,,,,,Undefined,FOR_RAM,"Dieguez, Matthew",10131275,Right,FOR_RAM,Undefined,1,Bottom,0,0,0,Undefined,,Undefined,Undefined,FlyBall,Undefined,0,0,,51.35919,3.926064,-2.091035,3128.792884,,,4.10319,-0.8688,21.88202,,,,2.92009,0.02373,49.11367,-7.752032,4.828171,0.508694,,,,,,,,,,,,-28.90505,4.77567,0.28254,50,3.00535,5.23165,-76.29778,9.51849,-17.35106,7.7744,-29.30731,FOR_RAM,,FordhamUniversity,,,20260904-FordhamUniversity-BP-1,113f8e00-a894-11f1-884b-8d6b77d225c8,74.09644,,,2.24552,,,,,,,568bcc58-7a80-4f8d-8682-9863113bc81a,2026-09-04,19:08:51.61,2026-09-04T15:08:51.6170000-04:00,2026-09-04T19:08:51.6170000Z,,v3,471298,,,,,Undefined,FOR_RAM,6cb0147d-143f-4c97-9e78-25d313e8d0fd,38.6253,-75.12981,3.8872,4.10461,5.11557,-14.65366,0.8727,2.62495,-8.67553,,,,,,,,,,,,,,,,,,,,,,,,,,,,,,,,,,,,,,,,,,,,,,,,,,,Low,Low,Low,,,,,
376,2026-09-04,15:08:59.88,,,,,Undefined,FOR_RAM,"Dieguez, Matthew",10131275,Right,FOR_RAM,Undefined,1,Bottom,0,0,0,Undefined,Curveball,Undefined,Undefined,GroundBall,Undefined,0,0,,48.48395,5.637481,-0.649196,2680.937249,322.210993,4:45,4.27521,-0.37888,21.89758,-65.58228,-7.69178,7.19256,2.48154,-0.20093,45.27378,-11.459923,1.195652,0.547615,29.86543,-23.506531,35.765066,,,,,9.52321,6.03333,24.868076,0.157833,-7.6265,-9.10504,0.21213,50,2.73542,1.37569,-72.41475,12.66025,-3.95039,10.38828,-36.8903,FOR_RAM,,FordhamUniversity,,,20260904-FordhamUniversity-BP-1,16295630-a894-11f1-884b-8d6b77d225c8,68.83021,2.8196,,3.21017,,,,3.38003,2.8196,0.21591,568bcc58-7a80-4f8d-8682-9863113bc81a,2026-09-04,19:08:59.88,2026-09-04T15:08:59.8800000-04:00,2026-09-04T19:08:59.8800000Z,GroundBall,v3,471298,,,,,Undefined,FOR_RAM,13237eb7-e754-4f51-b747-8c7f696475fc,38.60881,-70.76176,5.19414,4.28291,6.79023,-18.44515,0.38102,0.7471,-1.97519,180,3.36136,33.32757,,,,,,,,2.8296,-17.86467,,,,,,,,0.20247,24.00573,,,,,,,,,,,,,,,,,,,,,,,,,,,,,,High,Medium,Medium,Low,Low,,,
377,2026-09-04,15:09:13.04,,,,,Undefined,FOR_RAM,"Caron, Michael",1000322224,Right,FOR_RAM,Undefined,1,Bottom,0,0,0,Undefined,,Undefined,Undefined,LineDrive,Undefined,0,0,,47.88507,4.886107,-2.626776,2359.841343,,,4.05498,-0.79376,21.86123,,,,1.84649,-0.30948,45.77008,-11.859079,4.117674,0.549001,96.13383,27.432061,-28.99703,1604.622738,98.32202,49.61416,-49.32267,308.16914,299.36595,-27.994448,4.316373,-27.93639,-7.46473,0.12339,50,2.65666,5.36998,-71.29261,11.63287,-14.42248,7.95882,-36.02779,FOR_RAM,,FordhamUniversity,,,20260904-FordhamUniversity-BP-1,1e0a3e50-a894-11f1-884b-8d6b77d225c8,68.65641,61.76939,,2.11499,,,,2.52784,1.89011,0.47455,568bcc58-7a80-4f8d-8682-9863113bc81a,2026-09-04,19:09:13.04,2026-09-04T15:09:13.0480000-04:00,2026-09-04T19:09:13.0480000Z,FlyBall,v3,471298,,,,,Undefined,FOR_RAM,d0340d1d-c410-4d88-b297-4267a24ab5ef,38.64966,-70.01403,3.97941,4.06056,5.84507,-18.01389,0.79996,3.05303,-7.21124,,2.52343,109.58873,-21.76911,6.05317,-2.73715,1.2919,-0.40411,0.06745,-0.00448,1.89541,64.83433,-19.10986,0.01187,1.01456,-0.49353,0.12056,-0.01364,0.00051,0.48941,-61.04471,19.35865,-9.94943,5.5623,-2.49084,0.70046,-0.10524,0.00636,,,,,,,,,,,,,,,,,,,,,,,Low,Low,Low,Medium,Medium,,,
378,2026-09-04,15:09:21.91,,,,,Undefined,FOR_RAM,"Caron, Michael",1000322224,Right,FOR_RAM,Undefined,1,Bottom,0,0,0,Undefined,Curveball,Undefined,Undefined,FlyBall,Undefined,0,0,,51.07658,4.612067,-1.717574,2981.981402,316.333914,4:30,4.29227,-0.37104,21.89975,-60.61161,-8.09733,9.25123,2.24277,-0.71529,47.26989,-11.230986,0.657855,0.521567,96.87895,30.46795,-2.088869,3032.46306,109.99511,63.3262,1.03386,358.54488,347.61877,7.383235,5.485654,-10.11186,-9.18378,-0.01598,50,3.00243,3.02399,-76.53466,11.43522,-5.77464,12.71487,-37.41869,FOR_RAM,,FordhamUniversity,,,20260904-FordhamUniversity-BP-1,23492b60-a894-11f1-884b-8d6b77d225c8,72.26768,94.50308,,3.80669,,,,1.47098,2.17702,0.57882,568bcc58-7a80-4f8d-8682-9863113bc81a,2026-09-04,19:09:21.91,2026-09-04T15:09:21.9190000-04:00,2026-09-04T19:09:21.9190000Z,FlyBall,v3,471298,,,,,Undefined,FOR_RAM,02273a48-f818-436e-8ed9-f184967fa076,38.60591,-74.61773,6.35743,4.30119,5.79386,-18.70935,0.37429,2.15339,-2.88732,195.999074,1.47382,122.33516,-26.07747,6.10676,-1.20733,0.21545,-0.03267,0.00333,-0.00015,2.17784,72.02406,-14.57525,-0.21042,0.45056,-0.20309,0.04787,-0.00561,0.00026,0.57821,-4.45313,5.73293,-1.43376,0.3235,-0.06535,0.01049,-0.00106,5E-05,,,,,,,,,,,,,,,,,,,,,,,High,High,High,Low,Medium,,,
379,2026-09-04,15:09:31.95,,,,,Undefined,FOR_RAM,"Caron, Michael",1000322224,Right,FOR_RAM,Undefined,1,Bottom,0,0,0,Undefined,Curveball,Undefined,Undefined,LineDrive,Undefined,0,0,,52.68183,4.23914,-0.892471,3145.015853,324.76957,4:45,4.28532,-0.37261,21.99084,-58.37562,-9.35426,7.64398,2.17087,-0.31353,48.78538,-11.051266,1.076638,0.503923,90.3605,28.089576,8.252934,3535.546798,107.04307,52.77894,25.33304,309.66353,303.88491,22.522372,4.531105,-8.27268,-10.7067,0.15262,50,3.06266,1.87986,-79.02789,11.20274,-5.03732,13.55387,-38.69346,FOR_RAM,,FordhamUniversity,,,20260904-FordhamUniversity-BP-1,294e4ea0-a894-11f1-884b-8d6b77d225c8,74.79803,66.43164,,3.89646,,,,1.31728,2.24153,0.38404,568bcc58-7a80-4f8d-8682-9863113bc81a,2026-09-04,19:09:31.95,2026-09-04T15:09:31.9550000-04:00,2026-09-04T19:09:31.9550000Z,FlyBall,v3,471298,,,,,Undefined,FOR_RAM,94489776-a9ae-46ba-811f-03320408d75f,38.51506,-77.03295,6.77694,4.29242,5.50762,-19.34673,0.37474,1.13844,-2.51866,218.345134,1.31664,115.72192,-24.70068,5.6918,-1.17839,0.23294,-0.04423,0.00605,-0.00036,2.24382,62.34814,-15.8355,-0.03421,0.4046,-0.18996,0.05145,-0.00702,0.00037,0.3847,16.7702,6.98893,-2.58849,0.63234,-0.11004,0.01454,-0.00138,7E-05,,,,,,,,,,,,,,,,,,,,,,,High,High,High,High,Medium,,,
380,2026-09-04,15:09:41.41,,,,,Undefined,FOR_RAM,"Caron, Michael",1000322224,Right,FOR_RAM,Undefined,1,Bottom,0,0,0,Undefined,Curveball,Undefined,Undefined,LineDrive,Undefined,0,0,,49.88499,4.991607,-1.379572,2712.087533,331.672376,5:00,4.27328,-0.37216,21.89124,-65.05629,-9.95071,6.25973,2.10181,-0.74635,46.26343,-11.98343,0.227647,0.53428,87.33981,27.51793,-22.877725,1739.018857,101.8401,49.06498,-41.57539,307.57234,302.10817,-24.453368,4.322147,-6.95233,-11.31985,0.0665,50,2.87951,2.28633,-74.73775,12.04946,-3.78559,12.13471,-38.33779,FOR_RAM,,FordhamUniversity,,,20260904-FordhamUniversity-BP-1,2ef39ea0-a894-11f1-884b-8d6b77d225c8,70.54805,60.47242,,3.62156,,,,2.84055,2.39516,0.75123,568bcc58-7a80-4f8d-8682-9863113bc81a,2026-09-04,19:09:41.41,2026-09-04T15:09:41.4160000-04:00,2026-09-04T19:09:41.4160000Z,FlyBall,v3,471298,,,,,Undefined,FOR_RAM,0271028f-4361-4558-aa76-e3e9a72434ea,38.61512,-72.86582,6.06736,4.28213,6.13536,-19.16889,0.37415,1.70235,-1.8928,,2.84003,104.68293,-18.43863,4.1026,-0.96266,0.23915,-0.04975,0.00639,-0.00035,2.39642,59.15017,-16.58597,0.71825,0.21383,-0.17508,0.05254,-0.00738,0.0004,0.75141,-44.1717,7.47888,-1.92032,0.49156,-0.12813,0.02609,-0.00325,0.00018,,,,,,,,,,,,,,,,,,,,,,,High,Medium,Medium,Medium,Medium,,,
381,2026-09-04,15:09:59.83,,,,,Undefined,FOR_RAM,"Caron, Michael",1000322224,Right,FOR_RAM,Undefined,1,Bottom,0,0,0,Undefined,Curveball,Undefined,Undefined,FlyBall,Undefined,0,0,,53.23515,4.568921,-0.763872,3429.546573,309.999147,4:15,4.29701,-0.36961,21.90779,-54.41483,-6.7452,9.52965,2.73399,-0.07121,49.70388,-9.640222,1.682499,0.496927,,,,,,,,,,,,-10.29839,-8.35197,0.16048,50,3.02395,1.92304,-79.56055,11.52196,-6.47326,12.04861,-37.42385,FOR_RAM,,FordhamUniversity,,,20260904-FordhamUniversity-BP-1,39e3e9a0-a894-11f1-884b-8d6b77d225c8,75.8511,,,3.53127,,,,,,,568bcc58-7a80-4f8d-8682-9863113bc81a,2026-09-04,19:09:59.83,2026-09-04T15:09:59.8370000-04:00,2026-09-04T19:09:59.8370000Z,,v3,471298,,,,,Undefined,FOR_RAM,cc9858dc-86fa-4e65-a446-12ff651f5fb2,38.59829,-77.81472,6.0243,4.3006,6.0993,-18.71192,0.37116,0.98508,-3.23663,,,,,,,,,,,,,,,,,,,,,,,,,,,,,,,,,,,,,,,,,,,,,,,,,,,High,Medium,Medium,,,,,
382,2026-09-04,15:10:05.87,,,,,Undefined,FOR_RAM,"Maryott, Gavin",1000410374,Right,FOR_RAM,Undefined,1,Bottom,0,0,0,Undefined,,Undefined,Undefined,FlyBall,Undefined,0,0,,51.99323,4.480617,-2.580159,3348.922042,,,4.07268,-0.80294,22.02286,,,,2.55467,-0.26531,50.6158,-9.264788,4.238011,0.496734,100.09339,28.699351,-23.917571,2072.380523,100.61444,57.74191,-44.46019,314.88189,307.40105,-26.253019,4.885973,-28.46135,-6.21095,0.10641,50,2.78141,5.99274,-76.95058,11.31209,-17.78012,5.78995,-36.0541,FOR_RAM,,FordhamUniversity,,,20260904-FordhamUniversity-BP-1,3d85a170-a894-11f1-884b-8d6b77d225c8,75.88058,80.58445,,1.37743,,,,2.15447,2.61508,0.02588,568bcc58-7a80-4f8d-8682-9863113bc81a,2026-09-04,19:10:05.87,2026-09-04T15:10:05.8710000-04:00,2026-09-04T19:10:05.8710000Z,FlyBall,v3,471298,,,,,Undefined,FOR_RAM,66caceb8-7b15-4fdd-9995-eefe25257f20,38.48842,-76.07949,2.89498,4.07527,5.8878,-18.02705,0.80679,3.31775,-8.89006,,2.15531,117.69,-28.13628,6.88697,-1.54934,0.31726,-0.05083,0.00505,-0.00022,2.6135,70.53196,-18.19041,1.42211,-0.24566,0.02284,0.00115,-0.00032,1E-05,0.025,-52.18539,11.6349,-2.94957,0.65298,-0.13066,0.02077,-0.0021,0.0001,,,,,,,,,,,,,,,,,,,,,,,Low,Low,Low,Medium,Medium,,,
383,2026-09-04,15:10:16.26,,,,,Undefined,FOR_RAM,"Maryott, Gavin",1000410374,Right,FOR_RAM,Undefined,1,Bottom,0,0,0,Undefined,Curveball,Undefined,Undefined,LineDrive,Undefined,0,0,,51.42394,4.62068,-0.200844,2844.505797,340.744185,5:15,4.29293,-0.3894,21.90888,-52.79294,-1.83071,1.09327,2.89854,-0.42863,48.10106,-9.185781,0.07961,0.513802,94.91558,22.583638,-10.762792,1851.223283,109.3656,40.81018,-11.79652,301.40843,300.75582,1.526517,3.906393,-1.20142,-2.84284,0.34325,50,3.02178,0.3621,-76.74683,11.03476,-0.70609,10.79319,-33.84483,FOR_RAM,,FordhamUniversity,,,20260904-FordhamUniversity-BP-1,43c5d1e0-a894-11f1-884b-8d6b77d225c8,73.35987,50.80119,,3.32288,,,,4.41855,3.35247,0.43221,568bcc58-7a80-4f8d-8682-9863113bc81a,2026-09-04,19:10:16.26,2026-09-04T15:10:16.2630000-04:00,2026-09-04T19:10:16.2630000Z,LineDrive,v3,471298,,,,,Undefined,FOR_RAM,43315eec-bb37-4cb7-a9f9-4da00e600444,38.59569,-75.12588,5.3966,4.29732,5.95186,-16.92242,0.38967,0.25606,-0.35304,227.786534,4.41864,126.27077,-23.16883,4.66899,-0.8756,0.15107,-0.02409,0.00271,-0.00012,3.35201,53.47397,-16.05549,0.64658,-0.12101,0.0615,-0.01904,0.00353,-0.00028,0.4314,-23.98054,15.22839,-4.33579,0.89117,-0.12632,0.01286,-0.00088,2E-05,,,,,,,,,,,,,,,,,,,,,,,High,Medium,Medium,Medium,High,,,
384,2026-09-04,15:10:22.22,,,,,Undefined,FOR_RAM,"Maryott, Gavin",1000410374,Right,FOR_RAM,Undefined,1,Bottom,0,0,0,Undefined,,Undefined,Undefined,LineDrive,Undefined,0,0,,49.30718,5.131926,-2.622073,2861.579947,,,3.99845,-0.7212,21.9043,,,,2.37482,-0.22915,48.80698,-10.157423,4.132009,0.521928,90.66067,8.365125,-39.877498,2555.167701,,,,83.15597,83.15597,-37.063356,0.680509,-28.17257,-7.74705,0.0159,50.00017,2.53402,5.7569,-72.60188,12.19016,-16.03537,3.18035,-36.58354,FOR_RAM,,FordhamUniversity,,,20260904-FordhamUniversity-BP-1,473a1110-a894-11f1-884b-8d6b77d225c8,72.21773,4.67314,,0.50019,,,,2.98812,2.03349,0.72128,568bcc58-7a80-4f8d-8682-9863113bc81a,2026-09-04,19:10:22.22,2026-09-04T15:10:22.2250000-04:00,2026-09-04T19:10:22.2250000Z,LineDrive,v3,471298,,,,,Undefined,FOR_RAM,ba2e0458-a85b-4cf4-9a6e-ddc256583916,38.60783,-72.10111,1.59018,3.99995,6.42978,-18.29177,0.72359,3.23199,-8.01768,,2.98812,100.95687,-11.00591,-1.34159,1.10953,-0.43828,0.13538,-0.03625,0.00597,2.03349,19.34441,-37.56596,8.23597,-2.16928,0.55011,-0.13626,0.03147,-0.00459,0.72128,-84.3457,16.77196,-4.36718,0.85147,-0.10097,-7E-05,0.00511,-0.00142,,,,,,,,,,,,,,,,,,,,,,,Low,Low,Low,Low,High,,,
385,2026-09-04,15:10:40.01,,,,,Undefined,FOR_RAM,"Markey, Tommy",10084492,Left,FOR_RAM,Undefined,1,Bottom,0,0,0,Undefined,,Undefined,Undefined,Undefined,Undefined,0,0,,52.32534,0.990783,-4.025215,3237.136603,,,4.15195,-0.58276,21.89332,,,,2.61602,-2.08254,45.81305,-6.300014,-0.597145,0.521074,,,,,,,,,,,,-17.75824,28.11498,-0.30491,50,3.78204,6.8204,-79.48632,3.71244,-10.09893,20.60974,-16.18534,FOR_RAM,,FordhamUniversity,,,20260904-FordhamUniversity-BP-1,51fd58a0-a894-11f1-884b-8d6b77d225c8,72.33609,,,6.51229,,,,,,,568bcc58-7a80-4f8d-8682-9863113bc81a,2026-09-04,19:10:40.01,2026-09-04T15:10:40.0160000-04:00,2026-09-04T19:10:40.0160000Z,,v3,471298,,,,,Undefined,FOR_RAM,2cd6d7f6-3e37-45e4-9fdb-32750210cb94,38.6119,-76.47656,10.30487,4.1516,1.3488,-8.09267,0.58342,5.34559,-5.04946,,,,,,,,,,,,,,,,,,,,,,,,,,,,,,,,,,,,,,,,,,,,,,,,,,,Low,Low,Low,,,,,
386,2026-09-04,15:10:45.27,,,,,Undefined,FOR_RAM,"Markey, Tommy",10084492,Left,FOR_RAM,Undefined,1,Bottom,0,0,0,Undefined,Curveball,Undefined,Undefined,LineDrive,Undefined,0,0,,48.41771,5.19312,-1.696364,2462.249037,320.509044,4:45,4.26297,-0.36818,21.90663,-66.46618,-9.88256,9.06241,2.10503,-0.71418,46.39166,-11.998683,0.630478,0.541398,90.38908,23.386337,27.391833,1736.39962,96.76002,43.37095,52.32038,350.48551,335.53382,30.84585,4.384924,-9.96241,-11.35579,-0.02612,50,2.77082,2.89758,-71.94471,12.41463,-5.27524,7.54345,-38.1871,FOR_RAM,,FordhamUniversity,,,20260904-FordhamUniversity-BP-1,5509ae40-a894-11f1-884b-8d6b77d225c8,69.62058,57.8921,,2.02605,,,,2.1886,2.43882,0.99526,568bcc58-7a80-4f8d-8682-9863113bc81a,2026-09-04,19:10:45.27,2026-09-04T15:10:45.2730000-04:00,2026-09-04T19:10:45.2730000Z,LineDrive,v3,471298,,,,,Undefined,FOR_RAM,3c57b768-8938-4c00-868c-7cfd9bfe17cd,38.60143,-70.73947,3.77172,4.26693,6.31335,-19.09355,0.36951,2.05474,-2.63762,,2.18821,108.04551,-19.34868,4.44956,-0.8686,0.16043,-0.02886,0.00383,-0.00023,2.44038,52.58557,-12.03454,-0.63039,0.38111,-0.14581,0.03925,-0.00562,0.00031,0.99516,55.98417,-7.21075,1.57444,-0.29658,0.05713,-0.01119,0.00156,-0.0001,,,,,,,,,,,,,,,,,,,,,,,High,Medium,Medium,Medium,Medium,,,
387,2026-09-04,15:10:53.99,,,,,Undefined,FOR_RAM,"Markey, Tommy",10084492,Left,FOR_RAM,Undefined,1,Bottom,0,0,0,Undefined,,Undefined,Undefined,GroundBall,Undefined,0,0,,51.5648,5.338362,-2.279842,3348.072487,,,4.0541,-0.84415,22.00604,,,,3.11706,-0.09826,50.80228,-8.290267,4.570307,0.497847,84.88549,-13.686646,3.833059,,,,,23.1721,18.40439,3.567758,0.215812,-28.68238,-5.71748,0.19468,50.00014,2.57743,5.64376,-75.88423,12.43724,-17.84607,3.41651,-35.73144,FOR_RAM,,FordhamUniversity,,,20260904-FordhamUniversity-BP-1,5a63eb80-a894-11f1-884b-8d6b77d225c8,75.71082,8.13204,,0.76252,,,,,,,568bcc58-7a80-4f8d-8682-9863113bc81a,2026-09-04,19:10:53.99,2026-09-04T15:10:53.9900000-04:00,2026-09-04T19:10:53.9900000Z,GroundBall,v3,471298,,,,,Undefined,FOR_RAM,4628a53f-2127-4ea8-ae86-6cd9d690e914,38.50468,-75.3649,1.70825,4.05517,7.00582,-17.86572,0.84639,2.93104,-8.92304,,-2.38814,120.83032,-12.00367,,,,,,,8.1331,-29.5223,-37.85653,,,,,,,-0.64034,8.10216,7.1719,,,,,,,,,,,,,,,,,,,,,,,,,,,,,Low,Low,Low,Low,Low,,,
388,2026-09-04,15:10:59.99,,,,,Undefined,FOR_RAM,"Markey, Tommy",10084492,Left,FOR_RAM,Undefined,1,Bottom,0,0,0,Undefined,,Undefined,Undefined,LineDrive,Undefined,0,0,,51.51357,5.582306,-2.108684,3385.106444,,,3.89465,-0.88589,22.02677,,,,3.42032,0.00936,50.61899,-7.126144,4.856065,0.498363,,,,,,,,,,,,-29.36383,-1.79071,0.25998,50.00007,2.38784,5.49976,-75.70661,12.41471,-18.21635,3.23725,-33.28493,FOR_RAM,,FordhamUniversity,,,20260904-FordhamUniversity-BP-1,5db5d5a0-a894-11f1-884b-8d6b77d225c8,75.6325,,,0.89458,,,,,,,568bcc58-7a80-4f8d-8682-9863113bc81a,2026-09-04,19:10:59.99,2026-09-04T15:10:59.9900000-04:00,2026-09-04T19:10:59.9900000Z,,v3,471298,,,,,Undefined,FOR_RAM,4c11e8c3-9d89-40cf-8a8a-3e5a24b5c453,38.48155,-75.21246,1.61863,3.89511,7.33393,-16.64247,0.88726,2.71913,-9.10818,,,,,,,,,,,,,,,,,,,,,,,,,,,,,,,,,,,,,,,,,,,,,,,,,,,Low,Low,Low,,,,,
389,2026-09-04,15:11:08.00,,,,,Undefined,FOR_RAM,"Markey, Tommy",10084492,Left,FOR_RAM,Undefined,1,Bottom,0,0,0,Undefined,,Undefined,Undefined,LineDrive,Undefined,0,0,,53.3339,5.821418,-0.74385,3554.95768,,,3.85935,-1.07195,21.80668,,,,2.83494,0.50505,51.17794,-9.121657,5.576946,0.49107,90.23362,12.940543,-39.123006,3310.945103,83.44821,13.89094,-71.66809,182.18238,182.18238,-41.8132,1.81653,-25.75131,-12.61591,0.78198,50,2.32672,3.25429,-79.17994,13.5979,-16.65788,8.31457,-40.33496,FOR_RAM,,FordhamUniversity,,,20260904-FordhamUniversity-BP-1,62836340-a894-11f1-884b-8d6b77d225c8,76.7557,14.24457,,2.15597,,,,0.14414,2.2835,-0.20248,568bcc58-7a80-4f8d-8682-9863113bc81a,2026-09-04,19:11:08.00,2026-09-04T15:11:08.0030000-04:00,2026-09-04T19:11:08.0030000Z,LineDrive,v3,471298,,,,,Undefined,FOR_RAM,c176cfc3-ca2a-40cc-a497-6f68198b54de,38.70622,-77.98498,4.15729,3.86443,7.801,-20.16748,1.07764,0.86024,-8.32894,,0.14413,100.06331,-19.6728,4.44001,-1.11485,0.40859,-0.18956,0.06355,-0.00932,2.28352,29.63449,-19.93491,2.16008,-0.07274,-0.55444,0.49739,-0.20012,0.03093,-0.20248,-81.38556,11.4155,-2.58816,0.58365,-0.14654,0.04084,-0.01007,0.00134,,,,,,,,,,,,,,,,,,,,,,,Low,Low,Low,Medium,Medium,,,
390,2026-09-04,15:11:19.67,,,,,Undefined,FOR_RAM,"Dieguez, Matthew",10131275,Right,FOR_RAM,Undefined,1,Bottom,0,0,0,Undefined,Curveball,Undefined,Undefined,Undefined,Undefined,0,0,,48.72748,4.631124,-0.734873,2521.069566,324.562808,4:45,4.28363,-0.38385,21.89709,-63.12295,-6.46465,5.59177,2.03641,-0.39492,46.01784,-11.778844,0.701236,0.541755,76.59318,48.030894,15.94014,,100.29804,91.32798,45.16945,228.64221,152.38032,29.568501,5.021387,-6.04737,-7.60004,0.20587,50,2.94636,1.38581,-72.73342,11.34942,-3.19969,9.50832,-36.19528,FOR_RAM,,FordhamUniversity,,,20260904-FordhamUniversity-BP-1,6981b390-a894-11f1-884b-8d6b77d225c8,69.57465,94.11655,,2.70964,,,,2.16107,2.27018,0.42532,568bcc58-7a80-4f8d-8682-9863113bc81a,2026-09-04,19:11:19.67,2026-09-04T15:11:19.6750000-04:00,2026-09-04T19:11:19.6750000Z,FlyBall,v3,471298,,,,,Undefined,FOR_RAM,50e3deb2-7bae-4b07-8953-fabc4044064a,38.60931,-71.22877,4.75416,4.28916,5.62167,-18.09764,0.3851,0.87947,-1.59985,210.437728,2.17016,72.02795,-16.25643,2.94321,0.47726,-0.51786,0.14973,-0.01955,0.00098,2.26406,83.63311,-22.33185,2.13673,-0.42326,0.03781,0.0152,-0.00442,0.00032,0.42067,20.73043,2.90383,-0.95886,-0.1083,0.16371,-0.04805,0.00609,-0.00029,,,,,,,,,,,,,,,,,,,,,,,High,High,High,Medium,Low,,,
391,2026-09-04,15:11:26.44,,,,,Undefined,FOR_RAM,"Dieguez, Matthew",10131275,Right,FOR_RAM,Undefined,1,Bottom,0,0,0,Undefined,Curveball,Undefined,Undefined,GroundBall,Undefined,0,0,,50.46877,5.392874,-0.936227,2717.095568,316.788874,4:30,4.2761,-0.35778,21.93692,-58.81487,-6.19248,6.98091,2.88264,-0.38317,47.5106,-9.936591,0.855238,0.522104,97.1435,6.689661,-2.502647,1088.311594,,,,106.22717,65.84017,1.433091,0.839743,-7.49083,-7.32016,0.1325,50,2.81091,1.80674,-75.16959,12.37245,-4.25793,9.66955,-36.33496,FOR_RAM,,FordhamUniversity,,,20260904-FordhamUniversity-BP-1,6d7f6e10-a894-11f1-884b-8d6b77d225c8,72.1934,5.61369,,2.95817,,,,2.09531,2.98022,1.22784,568bcc58-7a80-4f8d-8682-9863113bc81a,2026-09-04,19:11:26.44,2026-09-04T15:11:26.4400000-04:00,2026-09-04T19:11:26.4400000Z,LineDrive,v3,471298,,,,,Undefined,FOR_RAM,cb5f5f7f-f312-462f-b0cd-757f1341e766,38.5695,-73.68454,4.83477,4.28256,6.79213,-18.16748,0.35977,1.15281,-2.12897,308.670424,2.17262,140.11618,-19.44299,,,,,,,3.0816,14.93485,-22.28383,,,,,,,1.15353,-4.9537,8.12359,,,,,,,,,,,,,,,,,,,,,,,,,,,,,High,Medium,Medium,Low,Low,,,
392,2026-09-04,15:11:32.95,,,,,Undefined,FOR_RAM,"Dieguez, Matthew",10131275,Right,FOR_RAM,Undefined,1,Bottom,0,0,0,Undefined,,Undefined,Undefined,Undefined,Undefined,0,0,,53.20715,4.348953,-2.109598,3329.029202,,,4.05236,-0.85,21.90219,,,,2.71935,0.02766,51.32838,-8.585189,4.806926,0.488893,76.64839,27.133102,33.329407,5808.894885,84.51346,41.46533,70.40888,242.68966,219.9757,47.701005,3.464242,-28.70151,-4.51803,0.25992,50,2.83556,5.44562,-78.93044,10.94337,-18.63311,7.30367,-35.10718,FOR_RAM,,FordhamUniversity,,,20260904-FordhamUniversity-BP-1,7165f710-a894-11f1-884b-8d6b77d225c8,77.09757,43.134,,1.87878,,,,0.77166,2.34359,-0.02392,568bcc58-7a80-4f8d-8682-9863113bc81a,2026-09-04,19:11:32.95,2026-09-04T15:11:32.9520000-04:00,2026-09-04T19:11:32.9520000Z,LineDrive,v3,471298,,,,,Undefined,FOR_RAM,e313387a-781f-4636-9d63-dcdaa4b26f06,38.60806,-77.86917,3.65184,4.05507,5.84209,-17.55359,0.85449,2.73812,-9.31656,,0.77163,83.59436,-19.49806,4.50082,-0.95274,0.21406,-0.04929,0.00759,-0.00048,2.34355,51.26761,-17.34264,0.91041,-0.09838,-0.0024,0.0048,-0.00016,-8E-05,-0.02401,54.97084,-0.36122,-0.49957,0.20393,-0.06545,0.01789,-0.00298,0.00021,,,,,,,,,,,,,,,,,,,,,,,Low,Low,Low,Medium,Medium,,,
393,2026-09-04,15:11:39.89,,,,,Undefined,FOR_RAM,"Dieguez, Matthew",10131275,Right,FOR_RAM,Undefined,1,Bottom,0,0,0,Undefined,,Undefined,Undefined,FlyBall,Undefined,0,0,,49.75922,4.246635,-2.200914,2946.818436,,,4.19819,-0.84498,22.05318,,,,2.92639,-0.02047,49.14376,-8.225723,4.739769,0.514552,,,,,,,,,,,,-29.06683,2.79831,0.20512,50.00015,2.96672,5.39834,-73.30482,10.21173,-16.8814,3.16346,-30.54885,FOR_RAM,,FordhamUniversity,,,20260904-FordhamUniversity-BP-1,75836e90-a894-11f1-884b-8d6b77d225c8,73.25286,,,0.61546,,,,,,,568bcc58-7a80-4f8d-8682-9863113bc81a,2026-09-04,19:11:39.89,2026-09-04T15:11:39.8910000-04:00,2026-09-04T19:11:39.8910000Z,,v3,471298,,,,,Undefined,FOR_RAM,02193250-f8ea-40bd-85a9-882ab74142f3,38.45616,-72.80493,1.58173,4.19896,5.38446,-15.27443,0.84739,2.73077,-8.4407,,,,,,,,,,,,,,,,,,,,,,,,,,,,,,,,,,,,,,,,,,,,,,,,,,,Low,Low,Low,,,,,
394,2026-09-04,15:11:51.08,,,,,Undefined,FOR_RAM,"Caron, Michael",1000322224,Right,FOR_RAM,Undefined,1,Bottom,0,0,0,Undefined,Curveball,Undefined,Undefined,GroundBall,Undefined,0,0,,49.3563,5.349617,-0.61781,2784.798769,325.38953,4:45,4.2779,-0.37212,21.91182,-66.6576,-10.60977,8.4376,2.20466,-0.06989,45.94562,-12.032233,1.549623,0.538829,90.60145,4.439308,-31.714135,3187.373475,,,,59.11878,56.28504,-30.465075,0.469747,-9.01871,-12.5102,0.20236,50,2.78365,1.47545,-73.87264,12.6392,-4.82327,11.43749,-38.86461,FOR_RAM,,FordhamUniversity,,,20260904-FordhamUniversity-BP-1,7c2f0b00-a894-11f1-884b-8d6b77d225c8,69.95253,2.92644,,3.41068,,,,2.50995,2.153,0.31078,568bcc58-7a80-4f8d-8682-9863113bc81a,2026-09-04,19:11:51.08,2026-09-04T15:11:51.0800000-04:00,2026-09-04T19:11:51.0800000Z,GroundBall,v3,471298,,,,,Undefined,FOR_RAM,0bb3caac-eecb-4dc2-996f-10ade3c3d99f,38.59508,-72.08523,5.71875,4.28428,6.56555,-19.4323,0.37404,0.72169,-2.41163,,2.52284,112.33318,-19.69745,,,,,,,2.18678,9.31169,-29.87485,,,,,,,0.30547,-69.49341,10.74018,,,,,,,,,,,,,,,,,,,,,,,,,,,,,High,Medium,Medium,Low,Medium,,,
395,2026-09-04,15:11:57.60,,,,,Undefined,FOR_RAM,"Caron, Michael",1000322224,Right,FOR_RAM,Undefined,1,Bottom,0,0,0,Undefined,Curveball,Undefined,Undefined,LineDrive,Undefined,0,0,,48.4785,4.530846,-1.080069,2491.5196,324.314901,4:45,4.31385,-0.3846,22.01339,-64.08346,-6.55091,5.87138,1.91213,-0.59432,45.33626,-12.223499,0.433169,0.545919,85.30193,20.663433,-22.46434,863.918161,102.65548,33.05433,-39.52026,274.11186,269.75377,-21.545674,3.306289,-6.46378,-7.58697,0.13616,50,2.98666,1.82807,-72.57815,11.2158,-3.34894,10.76267,-36.10491,FOR_RAM,,FordhamUniversity,,,20260904-FordhamUniversity-BP-1,80185320-a894-11f1-884b-8d6b77d225c8,69.04401,36.60194,,3.14224,,,,2.70277,2.15892,0.73203,568bcc58-7a80-4f8d-8682-9863113bc81a,2026-09-04,19:11:57.60,2026-09-04T15:11:57.6060000-04:00,2026-09-04T19:11:57.6060000Z,LineDrive,v3,471298,,,,,Undefined,FOR_RAM,adaf6da7-b003-4066-8d1a-101ee6cbb650,38.49236,-70.85112,5.38134,4.32157,5.42225,-18.05246,0.38638,1.29069,-1.67447,190.445438,2.7028,108.17551,-17.17446,3.66557,-0.56125,0.0238,0.01519,-0.00401,0.00035,2.1589,44.15324,-14.59649,0.40391,-0.24515,0.18854,-0.07055,0.01379,-0.0011,0.73206,-44.72832,8.67887,-2.23266,0.33209,0.01354,-0.01988,0.00406,-0.0003,,,,,,,,,,,,,,,,,,,,,,,High,High,High,Medium,Medium,,,
396,2026-09-04,15:12:13.03,,,,,Undefined,FOR_RAM,"Caron, Michael",1000322224,Right,FOR_RAM,Undefined,1,Bottom,0,0,0,Undefined,,Undefined,Undefined,FlyBall,Undefined,0,0,,51.09549,3.636645,-0.645099,3313.433941,,,4.1653,-1.22334,21.97699,,,,2.67142,0.60994,48.46758,-8.458051,6.292913,0.512917,,,,,,,,,,,,-28.35053,4.27658,0.93558,50,3.11494,3.2023,-76.25526,9.18672,-16.66203,9.54055,-29.66063,FOR_RAM,,FordhamUniversity,,,20260904-FordhamUniversity-BP-1,89447ff0-a894-11f1-884b-8d6b77d225c8,73.48641,,,2.6279,,,,,,,568bcc58-7a80-4f8d-8682-9863113bc81a,2026-09-04,19:12:13.03,2026-09-04T15:12:13.0380000-04:00,2026-09-04T19:12:13.0380000Z,,v3,471298,,,,,Undefined,FOR_RAM,6f75f3c7-f6da-4389-8dab-6cc60c5a3122,38.53017,-74.80647,4.77027,4.16801,4.68257,-14.83032,1.22975,0.67206,-8.33101,,,,,,,,,,,,,,,,,,,,,,,,,,,,,,,,,,,,,,,,,,,,,,,,,,,Low,Low,Low,,,,,
397,2026-09-04,15:12:30.44,,,,,Undefined,FOR_RAM,"Maryott, Gavin",1000410374,Right,FOR_RAM,Undefined,1,Bottom,0,0,0,Undefined,Curveball,Undefined,Undefined,Undefined,Undefined,0,0,,47.96681,5.046924,-0.966066,2565.780605,318.284015,4:30,4.30071,-0.37191,21.93255,-64.57649,-6.10433,6.73914,2.20129,-0.43688,45.23931,-11.76315,0.765377,0.550359,,,,,,,,,,,,-7.30941,-7.29638,0.14115,50,2.86583,1.74216,-71.56629,11.82708,-3.74066,9.28003,-35.90804,FOR_RAM,,FordhamUniversity,,,20260904-FordhamUniversity-BP-1,93cdf2d0-a894-11f1-884b-8d6b77d225c8,68.48701,,,2.7275,,,,,,,568bcc58-7a80-4f8d-8682-9863113bc81a,2026-09-04,19:12:30.44,2026-09-04T15:12:30.4430000-04:00,2026-09-04T19:12:30.4430000Z,,v3,471298,,,,,Undefined,FOR_RAM,b0f9c40b-418a-43a6-83c7-b99eae9967a3,38.57383,-70.06899,4.64001,4.3067,6.03345,-17.95402,0.37354,1.13862,-1.87033,,,,,,,,,,,,,,,,,,,,,,,,,,,,,,,,,,,,,,,,,,,,,,,,,,,High,High,High,,,,,
398,2026-09-04,15:12:35.61,,,,,Undefined,FOR_RAM,"Maryott, Gavin",1000410374,Right,FOR_RAM,Undefined,1,Bottom,0,0,0,Undefined,Curveball,Undefined,Undefined,LineDrive,Undefined,0,0,,50.6404,5.335319,-0.973281,2840.176968,313.639756,4:30,4.28555,-0.36501,21.93826,-61.06877,-7.53063,9.64682,2.66652,-0.19226,46.63669,-10.672845,1.503965,0.526627,97.67001,18.060692,-2.469149,963.696149,109.99767,30.59863,-0.68544,315.61994,313.39759,4.080502,3.269289,-10.38512,-9.29847,0.11964,50,2.83166,2.0676,-75.87213,12.4205,-5.80578,12.81749,-37.37234,FOR_RAM,,FordhamUniversity,,,20260904-FordhamUniversity-BP-1,96ae2f60-a894-11f1-884b-8d6b77d225c8,71.57332,36.23416,,4.00371,,,,1.46592,2.80568,0.22514,568bcc58-7a80-4f8d-8682-9863113bc81a,2026-09-04,19:12:35.61,2026-09-04T15:12:35.6100000-04:00,2026-09-04T19:12:35.6100000Z,LineDrive,v3,471298,,,,,Undefined,FOR_RAM,3bd84bc0-9ba1-4942-aa81-9fb1cbfbe142,38.56723,-73.91551,6.40875,4.29225,6.7155,-18.68617,0.36762,1.18133,-2.90289,218.137831,1.46594,136.06403,-21.66429,4.91831,-1.06253,0.21556,-0.03645,0.00412,-0.00022,2.80568,44.40998,-15.86971,0.88177,-0.11092,0.00961,-0.00027,9E-05,-1E-05,0.22514,-5.86708,6.36502,-1.32071,0.287,-0.05786,0.00989,-0.00113,6E-05,,,,,,,,,,,,,,,,,,,,,,,High,High,High,Medium,Medium,,,
399,2026-09-04,15:12:41.10,,,,,Undefined,FOR_RAM,"Maryott, Gavin",1000410374,Right,FOR_RAM,Undefined,1,Bottom,0,0,0,Undefined,,Undefined,Undefined,FlyBall,Undefined,0,0,,49.45531,4.181056,-1.260571,3188.296118,,,3.91407,-1.1557,21.92423,,,,1.925,0.26902,49.05907,-10.313748,5.650431,0.519802,99.0351,31.442175,-32.383321,2060.161942,91.68043,56.21295,-60.78388,298.05096,270.54509,-38.357559,4.223805,-28.72478,-4.86205,0.71543,50.00023,2.66051,4.11266,-73.01535,10.74013,-16.46641,3.58509,-34.96121,FOR_RAM,,FordhamUniversity,,,20260904-FordhamUniversity-BP-1,9a063400-a894-11f1-884b-8d6b77d225c8,72.51309,69.68587,,0.39624,,,,2.62812,1.84326,-0.44394,568bcc58-7a80-4f8d-8682-9863113bc81a,2026-09-04,19:12:41.10,2026-09-04T15:12:41.1010000-04:00,2026-09-04T19:12:41.1010000Z,FlyBall,v3,471298,,,,,Undefined,FOR_RAM,a57d276a-9597-4807-8109-83a1da6575df,38.58707,-72.45279,1.79255,3.91538,5.25415,-17.48061,1.15805,1.52881,-8.23321,,2.62861,104.63684,-23.95468,5.69287,-1.24381,0.22016,-0.02546,0.00131,1E-05,1.84258,75.78687,-26.45526,4.32042,-1.24778,0.35171,-0.07702,0.0102,-0.00058,-0.44393,-66.37089,10.86346,-2.63546,0.63023,-0.13829,0.02314,-0.0023,0.0001,,,,,,,,,,,,,,,,,,,,,,,Low,Low,Low,Low,Medium,,,
400,2026-09-04,15:12:50.71,,,,,Undefined,FOR_RAM,"Maryott, Gavin",1000410374,Right,FOR_RAM,Undefined,1,Bottom,0,0,0,Undefined,Curveball,Undefined,Undefined,LineDrive,Undefined,0,0,,49.49405,4.154902,-0.120789,2850.805971,318.599932,4:30,4.31097,-0.40692,21.88842,-55.13223,-0.22638,1.40406,2.41907,-0.36834,46.56361,-10.231698,0.239436,0.533311,92.85654,26.044375,-18.992546,1805.465878,104.5314,49.68773,-34.25166,335.31859,322.64574,-17.584387,4.655425,-1.4965,-0.93744,0.37497,50,3.11822,0.27091,-73.86551,10.23246,-0.81715,9.75769,-32.68592,FOR_RAM,,FordhamUniversity,,,20260904-FordhamUniversity-BP-1,9fb5bd30-a894-11f1-884b-8d6b77d225c8,70.67623,67.40477,,2.93044,,,,1.98762,2.23512,0.26786,568bcc58-7a80-4f8d-8682-9863113bc81a,2026-09-04,19:12:50.71,2026-09-04T15:12:50.7190000-04:00,2026-09-04T19:12:50.7190000Z,LineDrive,v3,471298,,,,,Undefined,FOR_RAM,ae6e4c69-d74b-46ab-93e6-d788f5b30437,38.61592,-72.34604,4.87885,4.31532,5.14259,-16.34296,0.40725,0.14366,-0.40857,184.000609,1.98701,115.71528,-22.07159,5.22278,-1.18245,0.26092,-0.04727,0.00539,-0.00027,2.23636,59.76158,-14.20563,-0.0431,0.30018,-0.13477,0.0325,-0.00394,0.00019,0.26807,-39.82742,8.51293,-2.06336,0.47161,-0.10276,0.01819,-0.00204,0.0001,,,,,,,,,,,,,,,,,,,,,,,High,Medium,Medium,High,Medium,,,
401,2026-09-04,15:12:57.09,,,,,Undefined,FOR_RAM,"Maryott, Gavin",1000410374,Right,FOR_RAM,Undefined,1,Bottom,0,0,0,Undefined,Curveball,Undefined,Undefined,FlyBall,Undefined,0,0,,51.19364,4.094163,-0.262167,2926.881846,309.610216,4:15,4.29627,-0.37319,21.962,-55.46909,-3.76209,6.323,2.33142,-0.01615,47.62169,-10.440697,1.364045,0.517543,,,,,,,,,,,,-6.71867,-4.95823,0.28449,50,3.10969,0.889,-76.67557,10.52541,-3.88238,12.07233,-35.03918,FOR_RAM,,FordhamUniversity,,,20260904-FordhamUniversity-BP-1,a37c1400-a894-11f1-884b-8d6b77d225c8,72.82965,,,3.57195,,,,,,,568bcc58-7a80-4f8d-8682-9863113bc81a,2026-09-04,19:12:57.09,2026-09-04T15:12:57.0900000-04:00,2026-09-04T19:12:57.0900000Z,,v3,471298,,,,,Undefined,FOR_RAM,657a52e2-39aa-40e5-b0ea-8693a1ffd7b9,38.54296,-74.84997,6.03616,4.30072,5.2267,-17.51959,0.37453,0.30189,-1.94119,,,,,,,,,,,,,,,,,,,,,,,,,,,,,,,,,,,,,,,,,,,,,,,,,,,High,Medium,Medium,,,,,
402,2026-09-04,15:13:14.70,,,,,Undefined,FOR_RAM,"Markey, Tommy",10084492,Left,FOR_RAM,Undefined,1,Bottom,0,0,0,Undefined,,Undefined,Undefined,LineDrive,Undefined,0,0,,50.08086,5.03879,-1.195836,2969.169672,,,4.06239,-0.98113,21.95761,,,,2.39698,0.39626,49.57045,-10.195484,5.439811,0.513359,95.6274,14.435715,15.764903,904.727141,106.30595,24.57659,28.26732,299.43635,297.20045,14.729031,3.068601,-27.55773,-9.29394,0.56173,50.00027,2.61299,3.97151,-73.90211,12.25805,-16.16898,3.75166,-37.6271,FOR_RAM,,FordhamUniversity,,,20260904-FordhamUniversity-BP-1,ae0d00f0-a894-11f1-884b-8d6b77d225c8,73.4232,28.54495,,0.51041,,,,1.58038,2.25502,-0.23784,568bcc58-7a80-4f8d-8682-9863113bc81a,2026-09-04,19:13:14.70,2026-09-04T15:13:14.7010000-04:00,2026-09-04T19:13:14.7010000Z,LineDrive,v3,471298,,,,,Undefined,FOR_RAM,292d1a7f-0cfb-446c-b4d1-dc9ab8223c12,38.55525,-73.3188,1.87583,4.06408,6.40776,-18.81355,0.98379,1.45754,-8.08449,169.822009,1.58038,130.71646,-20.67327,4.55291,-0.86918,0.14653,-0.02118,0.00229,-0.00012,2.25502,34.96257,-10.87348,-0.9733,0.45051,-0.11882,0.02226,-0.00236,0.0001,-0.23784,36.90326,-7.77894,2.21758,-0.52125,0.10617,-0.0177,0.00209,-0.00012,,,,,,,,,,,,,,,,,,,,,,,Low,Low,Low,High,High,,,
403,2026-09-04,15:13:20.84,,,,,Undefined,FOR_RAM,"Markey, Tommy",10084492,Left,FOR_RAM,Undefined,1,Bottom,0,0,0,Undefined,,Undefined,Undefined,LineDrive,Undefined,0,0,,50.8686,5.088398,-2.469181,3371.010387,,,4.10454,-0.83261,22.08123,,,,2.75412,-0.25225,50.24668,-9.306625,4.257281,0.503419,98.10275,17.697478,11.869313,1349.062017,107.58021,32.87418,22.94462,352.96982,351.36997,11.901715,3.844863,-28.24214,-7.70394,0.14158,50.00013,2.6422,5.79722,-74.88636,12.29587,-17.11845,3.29824,-36.84365,FOR_RAM,,FordhamUniversity,,,20260904-FordhamUniversity-BP-1,b1c63860-a894-11f1-884b-8d6b77d225c8,74.87293,43.53086,,0.62192,,,,1.39559,2.63223,-0.04073,568bcc58-7a80-4f8d-8682-9863113bc81a,2026-09-04,19:13:20.84,2026-09-04T15:13:20.8420000-04:00,2026-09-04T19:13:20.8420000Z,LineDrive,v3,471298,,,,,Undefined,FOR_RAM,8b1e43eb-c251-4431-878b-b0c6dbcd1229,38.4297,-74.37502,1.64912,4.10571,6.58378,-18.42182,0.83462,3.14325,-8.55923,186.040218,1.39523,134.15434,-22.93547,5.27603,-1.01477,0.16156,-0.01997,0.00168,-6E-05,2.63289,43.71918,-10.88475,-0.87876,0.32138,-0.04496,-0.00129,0.00169,-0.00019,-0.04064,28.19044,-3.44346,0.34236,-0.02602,0.00809,-0.0031,0.00047,-2E-05,,,,,,,,,,,,,,,,,,,,,,,Low,Low,Low,High,High,,,
404,2026-09-04,15:13:27.49,,,,,Undefined,FOR_RAM,"Markey, Tommy",10084492,Left,FOR_RAM,Undefined,1,Bottom,0,0,0,Undefined,,Undefined,Undefined,FlyBall,Undefined,0,0,,52.17669,3.687665,-0.948482,3301.437324,,,3.95416,-1.09771,21.95744,,,,2.78027,0.53926,51.4629,-7.356275,5.987209,0.492014,,,,,,,,,,,,-29.22214,3.85406,0.70576,50.00005,2.88868,4.02308,-76.92517,9.35323,-18.6696,3.58638,-29.71176,FOR_RAM,,FordhamUniversity,,,20260904-FordhamUniversity-BP-1,b58fea90-a894-11f1-884b-8d6b77d225c8,76.60847,,,0.71379,,,,,,,568bcc58-7a80-4f8d-8682-9863113bc81a,2026-09-04,19:13:27.49,2026-09-04T15:13:27.4980000-04:00,2026-09-04T19:13:27.4980000Z,,v3,471298,,,,,Undefined,FOR_RAM,aa056275-01ee-4773-865b-9c62eb5f14b7,38.54965,-76.38947,1.79319,3.95433,4.91514,-14.85588,1.09841,1.23438,-9.3348,,,,,,,,,,,,,,,,,,,,,,,,,,,,,,,,,,,,,,,,,,,,,,,,,,,Low,Low,Low,,,,,
405,2026-09-04,15:13:40.30,,,,,Undefined,FOR_RAM,"Markey, Tommy",10084492,Left,FOR_RAM,Undefined,1,Bottom,0,0,0,Undefined,,Undefined,Undefined,GroundBall,Undefined,0,0,,51.12401,4.644483,-1.774215,3278.331966,,,4.06654,-0.95381,22.04854,,,,3.04665,0.15837,50.39737,-7.853369,5.200961,0.501248,61.64877,-8.799379,39.242548,,,,,27.38487,9.57896,32.390811,0.254903,-29.25687,-0.1865,0.39698,50.00013,2.75489,5.0111,-75.31067,11.01692,-17.91532,3.43777,-32.28824,FOR_RAM,,FordhamUniversity,,,20260904-FordhamUniversity-BP-1,bd41fa80-a894-11f1-884b-8d6b77d225c8,75.19717,3.54695,,0.72664,,,,,,,568bcc58-7a80-4f8d-8682-9863113bc81a,2026-09-04,19:13:40.30,2026-09-04T15:13:40.3080000-04:00,2026-09-04T19:13:40.3080000Z,GroundBall,v3,471298,,,,,Undefined,FOR_RAM,d055bf49-6e0b-47d9-9d0d-52be3adee3ea,38.46057,-74.78206,1.71888,4.0672,6.0521,-16.14412,0.95573,2.25633,-8.95766,,5.36112,69.61851,,,,,,,,3.55036,-13.9149,,,,,,,,0.16068,56.86561,,,,,,,,,,,,,,,,,,,,,,,,,,,,,,Low,Low,Low,Estimated,Estimated,,,
406,2026-09-04,15:13:50.64,,,,,Undefined,FOR_RAM,"Dieguez, Matthew",10131275,Right,FOR_RAM,Undefined,1,Bottom,0,0,0,Undefined,,Undefined,Undefined,LineDrive,Undefined,0,0,,48.4123,3.977688,-0.769861,2748.910437,,,4.12136,-1.09801,21.98726,,,,2.60068,0.63788,47.90831,-8.701786,6.116882,0.53006,99.07524,20.877808,-42.421714,1552.107868,83.58001,29.06163,-71.51489,237.13715,197.66489,-39.823846,2.491683,-28.66084,5.14111,0.75245,50.00022,2.94868,3.42724,-71.42621,9.64156,-15.74119,3.33158,-29.35043,FOR_RAM,,FordhamUniversity,,,20260904-FordhamUniversity-BP-1,c3822af0-a894-11f1-884b-8d6b77d225c8,71.10975,29.92668,,0.50399,,,,2.44876,2.09618,0.39624,568bcc58-7a80-4f8d-8682-9863113bc81a,2026-09-04,19:13:50.64,2026-09-04T15:13:50.6470000-04:00,2026-09-04T19:13:50.6470000Z,LineDrive,v3,471298,,,,,Undefined,FOR_RAM,46be6b38-9479-4512-831e-281fef22ac35,38.52154,-70.88878,1.66579,4.12212,4.90693,-14.67522,1.1005,0.88797,-7.87059,,2.44882,100.22189,-18.4495,4.58559,-1.06016,0.20439,-0.02552,0.00184,-0.00013,2.09601,51.79331,-28.16479,4.86429,-1.50959,0.50892,-0.13311,0.0175,-0.00054,0.39614,-91.58279,19.9433,-4.91582,1.09898,-0.18607,0.01607,-0.00076,0.00018,,,,,,,,,,,,,,,,,,,,,,,Low,Low,Low,Low,Medium,,,
407,2026-09-04,15:13:59.10,,,,,Undefined,FOR_RAM,"Dieguez, Matthew",10131275,Right,FOR_RAM,Undefined,1,Bottom,0,0,0,Undefined,,Undefined,Undefined,FlyBall,Undefined,0,0,,51.20516,4.009711,-1.41084,3226.043372,,,4.1458,-0.99508,21.90172,,,,2.70241,0.36652,50.59461,-8.491357,5.596859,0.502154,,,,,,,,,,,,-29.12899,-0.16701,0.52394,50.00022,2.98647,4.48564,-75.55939,10.10995,-17.90972,3.69513,-32.27674,FOR_RAM,,FordhamUniversity,,,20260904-FordhamUniversity-BP-1,c8b446c0-a894-11f1-884b-8d6b77d225c8,75.06152,,,0.61054,,,,,,,568bcc58-7a80-4f8d-8682-9863113bc81a,2026-09-04,19:13:59.10,2026-09-04T15:13:59.1010000-04:00,2026-09-04T19:13:59.1010000Z,,v3,471298,,,,,Undefined,FOR_RAM,de05c757-f054-418b-afbc-796a9029deae,38.60865,-75.00023,1.84757,4.14679,5.22574,-16.13837,0.99767,1.77549,-8.95486,,,,,,,,,,,,,,,,,,,,,,,,,,,,,,,,,,,,,,,,,,,,,,,,,,,Low,Low,Low,,,,,
408,2026-09-04,15:14:10.17,,,,,Undefined,FOR_RAM,"Dieguez, Matthew",10131275,Right,FOR_RAM,Undefined,1,Bottom,0,0,0,Undefined,,Undefined,Undefined,FlyBall,Undefined,0,0,,50.4439,3.163541,-0.03512,3103.992884,,,4.11058,-1.16115,21.96718,,,,2.65562,0.9533,47.39723,-7.914308,6.545649,0.522079,90.74135,40.622436,-37.082731,3693.691751,90.40629,90.69012,-62.66304,289.72743,152.14914,-32.887436,5.722099,-26.73375,10.55505,1.00696,50,3.18328,2.20912,-75.44463,8.05971,-15.17354,10.48372,-26.18321,FOR_RAM,,FordhamUniversity,,,20260904-FordhamUniversity-BP-1,cf263590-a894-11f1-884b-8d6b77d225c8,72.19687,114.46351,,3.04666,,,,2.6175,2.31474,-0.54903,568bcc58-7a80-4f8d-8682-9863113bc81a,2026-09-04,19:14:10.17,2026-09-04T15:14:10.1730000-04:00,2026-09-04T19:14:10.1730000Z,FlyBall,v3,471298,,,,,Undefined,FOR_RAM,d127a3e0-37c8-4c1c-9727-aa309edfb067,38.53777,-73.83466,5.24186,4.11225,4.03881,-13.09161,1.16729,-0.12105,-7.58677,,2.62263,80.49284,-18.54739,4.47347,-0.69967,0.04936,0.00292,-0.00071,3E-05,2.31122,86.70171,-18.16667,0.27945,0.27294,-0.12153,0.02856,-0.00344,0.00016,-0.55334,-60.82843,17.30147,-4.55633,0.80802,-0.08173,0.00189,0.00037,-2E-05,,,,,,,,,,,,,,,,,,,,,,,Low,Low,Low,Medium,Low,,,
409,2026-09-04,15:14:22.64,,,,,Undefined,FOR_RAM,"Dieguez, Matthew",10131275,Right,FOR_RAM,Undefined,1,Bottom,0,0,0,Undefined,Curveball,Undefined,Undefined,FlyBall,Undefined,0,0,,50.01637,4.80858,-0.355477,2795.269003,333.251215,5:00,4.26693,-0.36876,21.9563,-71.48457,-18.62572,9.90292,1.43372,0.22609,48.12701,-13.649956,2.199007,0.523275,,,,,,,,,,,,-10.48961,-20.41659,0.23678,50,2.8214,1.32308,-74.56444,12.75739,-5.93405,8.56108,-43.72386,FOR_RAM,,FordhamUniversity,,,20260904-FordhamUniversity-BP-1,d67f9e30-a894-11f1-884b-8d6b77d225c8,72.03176,,,1.88936,,,,,,,568bcc58-7a80-4f8d-8682-9863113bc81a,2026-09-04,19:14:22.64,2026-09-04T15:14:22.6410000-04:00,2026-09-04T19:14:22.6410000Z,,v3,471298,,,,,Undefined,FOR_RAM,47a2d62b-d5e3-40eb-afc0-53e8587a2b90,38.55511,-73.23862,4.28054,4.27276,5.98602,-21.86193,0.37052,0.40409,-2.96702,,,,,,,,,,,,,,,,,,,,,,,,,,,,,,,,,,,,,,,,,,,,,,,,,,,High,Medium,Medium,,,,,
410,2026-09-04,15:14:34.79,,,,,Undefined,FOR_RAM,"Caron, Michael",1000322224,Right,FOR_RAM,Undefined,1,Bottom,0,0,0,Undefined,,Undefined,Undefined,Undefined,Undefined,0,0,,51.87624,6.51556,-2.12832,3254.120676,,,3.97174,-0.68447,22.13776,,,,2.31293,-0.97908,51.31684,-11.671804,1.215381,0.493697,,,,,,,,,,,,-14.18028,-25.96269,0.15318,50.00005,2.08877,4.15595,-76.15768,16.01851,-8.92483,3.03351,-48.51452,FOR_RAM,,FordhamUniversity,,,20260904-FordhamUniversity-BP-1,ddf42ff0-a894-11f1-884b-8d6b77d225c8,76.34736,,,0.5594,,,,,,,568bcc58-7a80-4f8d-8682-9863113bc81a,2026-09-04,19:14:34.79,2026-09-04T15:14:34.7990000-04:00,2026-09-04T19:14:34.7990000Z,,v3,471298,,,,,Undefined,FOR_RAM,e8f3325c-136d-4798-b500-d04564ebf205,38.37278,-75.69312,1.51676,3.97297,8.58897,-24.25726,0.68497,2.78919,-4.46241,,,,,,,,,,,,,,,,,,,,,,,,,,,,,,,,,,,,,,,,,,,,,,,,,,,Low,Low,Low,,,,,
411,2026-09-04,15:14:39.34,,,,,Undefined,FOR_RAM,"Caron, Michael",1000322224,Right,FOR_RAM,Undefined,1,Bottom,0,0,0,Undefined,,Undefined,Undefined,FlyBall,Undefined,0,0,,51.5672,4.498621,-2.115226,3239.020355,,,4.01567,-0.92367,22.05775,,,,2.59149,-0.06519,50.64868,-8.963751,4.764368,0.498095,,,,,,,,,,,,-29.14931,-5.03941,0.29544,50.00008,2.70351,5.50398,-76.01708,11.29721,-18.08791,4.01075,-35.30113,FOR_RAM,,FordhamUniversity,,,20260904-FordhamUniversity-BP-1,e067ef10-a894-11f1-884b-8d6b77d225c8,75.67318,,,0.91852,,,,,,,568bcc58-7a80-4f8d-8682-9863113bc81a,2026-09-04,19:14:39.34,2026-09-04T15:14:39.3410000-04:00,2026-09-04T19:14:39.3410000Z,,v3,471298,,,,,Undefined,FOR_RAM,5bd0ec75-ae1f-4d4c-a4c7-f9240c75c5a9,38.45,-75.40522,2.00537,4.01617,5.91187,-17.65056,0.92462,2.74459,-9.04395,,,,,,,,,,,,,,,,,,,,,,,,,,,,,,,,,,,,,,,,,,,,,,,,,,,Low,Low,Low,,,,,
412,2026-09-04,15:14:51.35,,,,,Undefined,FOR_RAM,"Caron, Michael",1000322224,Right,FOR_RAM,Undefined,1,Bottom,0,0,0,Undefined,Curveball,Undefined,Undefined,FlyBall,Undefined,0,0,,52.01968,4.551271,-0.796051,3316.491257,287.520999,3:30,4.29798,-0.37607,21.80934,-49.22885,-1.88268,7.08981,3.16345,-0.30324,51.29688,-8.080671,1.01726,0.495238,83.92585,43.609422,14.338217,3576.840571,107.01916,94.7445,25.43407,269.84138,182.93204,12.451999,5.507333,-7.56638,-2.22878,0.16994,50.00011,3.03882,1.75137,-76.53244,10.99614,-4.80414,3.16315,-33.58917,FOR_RAM,,FordhamUniversity,,,20260904-FordhamUniversity-BP-1,e79a6ec0-a894-11f1-884b-8d6b77d225c8,76.10975,108.7963,,0.7228,,,,0.78791,2.67727,0.21662,568bcc58-7a80-4f8d-8682-9863113bc81a,2026-09-04,19:14:51.35,2026-09-04T15:14:51.3550000-04:00,2026-09-04T19:14:51.3550000Z,FlyBall,v3,471298,,,,,Undefined,FOR_RAM,0511c416-120a-464d-8669-270df27b1c3a,38.69758,-76.06386,1.58157,4.2992,6.02036,-16.79458,0.37667,1.0397,-2.40207,175.846287,0.79208,86.26641,-18.94068,4.32652,-0.49434,-0.03374,0.0199,-0.00246,0.0001,2.67623,84.9124,-19.08066,1.08659,-0.10374,-0.02138,0.01283,-0.00212,0.00012,0.21766,22.04992,-5.99643,1.46299,-0.18844,-0.00487,0.00588,-0.00079,4E-05,,,,,,,,,,,,,,,,,,,,,,,High,Medium,Medium,Medium,Low,,,
413,2026-09-04,15:14:57.86,,,,,Undefined,FOR_RAM,"Caron, Michael",1000322224,Right,FOR_RAM,Undefined,1,Bottom,0,0,0,Undefined,,Undefined,Undefined,Undefined,Undefined,0,0,,49.44838,5.199284,-0.543034,3067.596537,,,3.87355,-1.16223,22.02089,,,,2.22325,0.63775,48.95393,-10.315061,6.097768,0.519405,,,,,,,,,,,,-27.5825,-9.1576,0.8697,50.00028,2.37214,3.11133,-72.98146,12.45346,-15.75726,3.79904,-37.40558,FOR_RAM,,FordhamUniversity,,,20260904-FordhamUniversity-BP-1,eb825750-a894-11f1-884b-8d6b77d225c8,72.56845,,,0.49445,,,,,,,568bcc58-7a80-4f8d-8682-9863113bc81a,2026-09-04,19:14:57.86,2026-09-04T15:14:57.8600000-04:00,2026-09-04T19:14:57.8600000Z,,v3,471298,,,,,Undefined,FOR_RAM,2b3f8193-571c-4b86-9c8b-36ef7a4e48ba,38.49155,-72.3799,1.89952,3.87515,6.53041,-18.70279,1.16482,0.61622,-7.87863,,,,,,,,,,,,,,,,,,,,,,,,,,,,,,,,,,,,,,,,,,,,,,,,,,,Low,Low,Low,,,,,
414,2026-09-04,15:15:04.86,,,,,Undefined,FOR_RAM,"Caron, Michael",1000322224,Right,FOR_RAM,Undefined,1,Bottom,0,0,0,Undefined,,Undefined,Undefined,Undefined,Undefined,0,0,,49.53738,4.075364,0.031556,2938.715943,,,3.92684,-1.22557,22.0689,,,,2.7893,1.00025,48.88666,-7.642687,6.836395,0.517341,,,,,,,,,,,,-28.28301,6.55579,1.04143,50.0003,2.75222,2.4664,-73.11831,9.65834,-16.236,3.71712,-28.41067,FOR_RAM,,FordhamUniversity,,,20260904-FordhamUniversity-BP-1,efbb1f00-a894-11f1-884b-8d6b77d225c8,72.85797,,,0.65072,,,,,,,568bcc58-7a80-4f8d-8682-9863113bc81a,2026-09-04,19:15:04.86,2026-09-04T15:15:04.8680000-04:00,2026-09-04T19:15:04.8680000Z,,v3,471298,,,,,Undefined,FOR_RAM,f1522c07-3b11-435d-98fe-7f3bbd816545,38.43975,-72.52822,1.85856,3.92748,5.1482,-14.20534,1.22839,-0.11103,-8.118,,,,,,,,,,,,,,,,,,,,,,,,,,,,,,,,,,,,,,,,,,,,,,,,,,,Low,Low,Low,,,,,
415,2026-09-04,15:15:20.81,,,,,Undefined,FOR_RAM,"Maryott, Gavin",1000410374,Right,FOR_RAM,Undefined,1,Bottom,0,0,0,Undefined,Curveball,Undefined,Undefined,LineDrive,Undefined,0,0,,49.4942,4.653482,-0.848127,2763.663788,325.231144,4:45,4.30747,-0.39908,21.93995,-63.30448,-7.52008,6.39508,2.05634,-0.41611,45.92597,-11.900466,0.797068,0.537561,104.66555,10.288509,-27.759028,1655.380203,99.54398,8.06169,-46.80797,157.88075,154.40886,-25.010696,1.238272,-6.94843,-8.88087,0.19581,50,2.97571,1.60449,-74.19249,11.46089,-3.7276,11.9766,-36.93836,FOR_RAM,,FordhamUniversity,,,20260904-FordhamUniversity-BP-1,f9423d10-a894-11f1-884b-8d6b77d225c8,70.11752,9.40669,,3.56823,,,,2.39428,2.01946,1.41963,568bcc58-7a80-4f8d-8682-9863113bc81a,2026-09-04,19:15:20.81,2026-09-04T15:15:20.8150000-04:00,2026-09-04T19:15:20.8150000Z,LineDrive,v3,471298,,,,,Undefined,FOR_RAM,395779b2-0e9e-4190-92d2-4c5bad315600,38.56563,-72.32314,5.9883,4.31462,5.6954,-18.46918,0.40084,1.02267,-1.8638,,2.39428,133.65828,-19.3172,3.19421,-0.67265,0.13688,-0.02955,0.00528,-0.00053,2.01946,27.41749,-27.50228,4.28183,-1.08671,0.28082,-0.06789,0.01357,-0.00149,1.41963,-70.34791,16.12393,-4.05613,1.07841,-0.27987,0.06986,-0.01401,0.00153,,,,,,,,,,,,,,,,,,,,,,,High,High,High,Low,Medium,,,
416,2026-09-04,15:15:27.16,,,,,Undefined,FOR_RAM,"Maryott, Gavin",1000410374,Right,FOR_RAM,Undefined,1,Bottom,0,0,0,Undefined,,Undefined,Undefined,GroundBall,Undefined,0,0,,52.08632,5.075222,-1.60379,3303.953674,,,3.97822,-0.96157,22.16528,,,,2.85873,0.18265,51.36656,-8.594975,5.143765,0.490662,,,,,,,,,,,,-28.50809,-7.30048,0.43318,50.00006,2.52262,4.85293,-76.66906,12.35319,-18.11875,3.42222,-36.81397,FOR_RAM,,FordhamUniversity,,,20260904-FordhamUniversity-BP-1,fce5c9a0-a894-11f1-884b-8d6b77d225c8,76.81954,,,0.71976,,,,,,,568bcc58-7a80-4f8d-8682-9863113bc81a,2026-09-04,19:15:27.16,2026-09-04T15:15:27.1660000-04:00,2026-09-04T19:15:27.1660000Z,,v3,471298,,,,,Undefined,FOR_RAM,3517681d-aa15-4ba2-ab6a-5f34a306dd46,38.34334,-76.14697,1.71111,3.9788,6.73689,-18.40699,0.96269,2.08875,-9.05938,,,,,,,,,,,,,,,,,,,,,,,,,,,,,,,,,,,,,,,,,,,,,,,,,,,Low,Low,Low,,,,,
417,2026-09-04,15:15:34.16,,,,,Undefined,FOR_RAM,"Maryott, Gavin",1000410374,Right,FOR_RAM,Undefined,1,Bottom,0,0,0,Undefined,Curveball,Undefined,Undefined,Undefined,Undefined,0,0,,48.28643,5.389747,-0.819032,2645.222833,323.038885,4:45,4.28414,-0.37809,21.91682,-65.79944,-7.44516,6.83004,2.30837,-0.34033,45.08316,-11.774085,0.935061,0.549804,,,,,,,,,,,,-7.34284,-8.8539,0.17856,50,2.78799,1.56086,-72.17393,12.33616,-3.7696,10.49245,-36.71938,FOR_RAM,,FordhamUniversity,,,20260904-FordhamUniversity-BP-1,0126a7a0-a895-11f1-884b-8d6b77d225c8,68.55615,,,3.20327,,,,,,,568bcc58-7a80-4f8d-8682-9863113bc81a,2026-09-04,19:15:34.16,2026-09-04T15:15:34.1600000-04:00,2026-09-04T19:15:34.1600000Z,,v3,471298,,,,,Undefined,FOR_RAM,24f0dcd0-38a2-43b1-b575-fee78bb6aeeb,38.58939,-70.49557,5.24622,4.2915,6.46258,-18.35969,0.38001,0.95788,-1.8848,,,,,,,,,,,,,,,,,,,,,,,,,,,,,,,,,,,,,,,,,,,,,,,,,,,High,High,High,,,,,
418,2026-09-04,15:15:43.50,,,,,Undefined,FOR_RAM,"Maryott, Gavin",1000410374,Right,FOR_RAM,Undefined,1,Bottom,0,0,0,Undefined,Curveball,Undefined,Undefined,FlyBall,Undefined,0,0,,50.47481,5.359233,-0.790396,3202.181912,318.89459,4:45,4.29414,-0.38092,21.91948,-61.02027,-7.58567,7.93193,2.69639,-0.23272,46.90965,-10.586953,1.245278,0.526118,91.96885,34.079631,-10.178916,2690.152154,108.67965,70.3339,-16.99157,350.34496,350.08036,-5.101883,5.542495,-8.53709,-9.27536,0.17948,50,2.82956,1.69462,-75.45845,12.46726,-4.78544,11.55989,-37.37332,FOR_RAM,,FordhamUniversity,,,20260904-FordhamUniversity-BP-1,06cc1eb0-a895-11f1-884b-8d6b77d225c8,71.64262,98.24663,,3.56516,,,,1.08347,2.47538,0.26771,568bcc58-7a80-4f8d-8682-9863113bc81a,2026-09-04,19:15:43.50,2026-09-04T15:15:43.5040000-04:00,2026-09-04T19:15:43.5040000Z,FlyBall,v3,471298,,,,,Undefined,FOR_RAM,35d350b4-1392-4b16-a63f-89d3538a9218,38.58653,-73.68921,5.77994,4.29995,6.7473,-18.68666,0.3828,0.96221,-2.39272,186.849166,1.08685,109.90198,-21.14151,4.79369,-0.84531,0.11634,-0.01282,0.00111,-5E-05,2.47499,75.58102,-16.31973,0.49207,0.15935,-0.10606,0.02822,-0.00354,0.00017,0.26663,-19.72477,5.47352,-1.0804,0.17205,-0.02168,0.0029,-0.00035,2E-05,,,,,,,,,,,,,,,,,,,,,,,High,Medium,Medium,Medium,High,,,
419,2026-09-04,15:15:56.39,,,,,Undefined,FOR_RAM,"Markey, Tommy",10084492,Left,FOR_RAM,Undefined,1,Bottom,0,0,0,Undefined,Curveball,Undefined,Undefined,LineDrive,Undefined,0,0,,51.12233,4.436154,-0.756462,3034.696083,309.237635,4:15,4.29831,-0.3767,22.01749,-56.81991,-5.10296,8.04237,2.43965,-0.19599,47.54678,-10.466868,1.314696,0.517592,89.48203,10.227846,30.615064,1367.480598,92.32325,10.00474,59.80261,174.63352,166.31571,34.934851,1.576214,-8.64276,-6.27788,0.18011,50,3.03171,1.6846,-76.53699,11.08349,-4.97973,11.9684,-35.79119,FOR_RAM,,FordhamUniversity,,,20260904-FordhamUniversity-BP-1,0e6d65c0-a895-11f1-884b-8d6b77d225c8,72.82263,10.66708,,3.57554,,,,2.30339,2.56329,0.41968,568bcc58-7a80-4f8d-8682-9863113bc81a,2026-09-04,19:15:56.39,2026-09-04T15:15:56.3990000-04:00,2026-09-04T19:15:56.3990000Z,LineDrive,v3,471298,,,,,Undefined,FOR_RAM,04f4cd54-3586-4f3b-abe0-af4fbe84a1e6,38.48768,-74.71507,5.9842,4.30422,5.6351,-17.89559,0.37885,0.92656,-2.48986,,2.30338,111.15189,-17.1747,2.88417,-0.73392,0.34923,-0.23315,0.0997,-0.01743,2.56329,23.30332,-17.71604,1.54379,-0.27626,0.02347,0.02848,-0.01685,0.0032,0.41969,65.77371,-1.85108,0.1172,0.1809,-0.36206,0.33389,-0.15377,0.02762,,,,,,,,,,,,,,,,,,,,,,,High,Medium,Medium,Medium,Medium,,,
420,2026-09-04,15:16:01.82,,,,,Undefined,FOR_RAM,"Markey, Tommy",10084492,Left,FOR_RAM,Undefined,1,Bottom,0,0,0,Undefined,,Undefined,Undefined,LineDrive,Undefined,0,0,,49.36778,4.192498,-0.498078,2813.385338,,,4.11035,-1.13103,22.13604,,,,2.15628,0.76826,48.96891,-10.249377,6.381307,0.518033,92.04014,21.442559,10.202312,2303.571943,108.73176,38.65691,16.65487,333.42679,333.42679,6.462042,4.103374,-28.66297,-4.74803,0.83434,50.0003,2.8237,3.17885,-72.9513,10.84026,-16.35799,3.81117,-34.88375,FOR_RAM,,FordhamUniversity,,,20260904-FordhamUniversity-BP-1,11a27910-a895-11f1-884b-8d6b77d225c8,72.76071,50.11696,,0.39887,,,,1.65037,2.10377,-0.32206,568bcc58-7a80-4f8d-8682-9863113bc81a,2026-09-04,19:16:01.82,2026-09-04T15:16:01.8270000-04:00,2026-09-04T19:16:01.8270000Z,LineDrive,v3,471298,,,,,Undefined,FOR_RAM,57bc2a7f-caae-41ad-9aad-26341c8fbe94,38.37548,-72.34144,1.90558,4.11173,5.25819,-17.44188,1.13358,0.56126,-8.179,165.375916,1.65015,123.66705,-20.5723,4.54707,-0.95391,0.1941,-0.0333,0.00369,-0.00018,2.10402,49.34285,-12.90327,-0.0762,0.18702,-0.06965,0.01496,-0.00145,4E-05,-0.32208,22.25565,-6.66196,1.66445,-0.3795,0.07873,-0.01314,0.00143,-7E-05,,,,,,,,,,,,,,,,,,,,,,,Low,Low,Low,High,High,,,
421,2026-09-04,15:16:07.98,,,,,Undefined,FOR_RAM,"Markey, Tommy",10084492,Left,FOR_RAM,Undefined,1,Bottom,0,0,0,Undefined,,Undefined,Undefined,GroundBall,Undefined,0,0,,52.2173,4.612283,-0.655065,3494.896708,,,3.89007,-1.24378,22.0248,,,,2.97814,0.59794,50.51036,-7.560782,6.331399,0.495968,96.18875,5.348375,4.230191,1683.934755,,,,112.21145,112.21145,2.521857,0.882416,-28.8134,0.17866,0.93449,50,2.61905,3.44913,-77.43,10.90415,-18.0543,6.75358,-32.0621,FOR_RAM,,FordhamUniversity,,,20260904-FordhamUniversity-BP-1,154edf40-a895-11f1-884b-8d6b77d225c8,75.99771,5.09138,,1.70693,,,,0.90187,2.89341,-0.10437,568bcc58-7a80-4f8d-8682-9863113bc81a,2026-09-04,19:16:07.98,2026-09-04T15:16:07.9840000-04:00,2026-09-04T19:16:07.9840000Z,GroundBall,v3,471298,,,,,Undefined,FOR_RAM,75bb3aa0-8a0f-4377-b23a-75ae3edcea76,38.48481,-76.41903,3.37679,3.89211,6.10463,-16.03105,1.24852,0.74649,-9.02715,62.437288,0.96822,139.05414,-14.93521,,,,,,,2.94888,12.29369,-17.78431,,,,,,,-0.06965,9.82099,-4.73945,,,,,,,,,,,,,,,,,,,,,,,,,,,,,Low,Low,Low,Low,High,,,
422,2026-09-04,15:16:14.03,,,,,Undefined,FOR_RAM,"Markey, Tommy",10084492,Left,FOR_RAM,Undefined,1,Bottom,0,0,0,Undefined,Curveball,Undefined,Undefined,LineDrive,Undefined,0,0,,50.90594,4.787695,-0.769873,3045.058276,315.756629,4:30,4.30282,-0.37963,21.97908,-60.06747,-7.43619,8.79437,2.40572,-0.14544,47.0934,-10.956953,1.493285,0.522148,94.28111,8.977478,35.579143,1792.19888,,,,121.18796,119.04447,39.974865,0.998523,-9.41398,-8.89016,0.17839,50,2.95829,1.74426,-76.29883,11.7077,-5.342,12.65266,-37.2188,FOR_RAM,,FordhamUniversity,,,20260904-FordhamUniversity-BP-1,1904e260-a895-11f1-884b-8d6b77d225c8,72.1873,6.56368,,3.81255,,,,2.11555,2.00861,0.5963,568bcc58-7a80-4f8d-8682-9863113bc81a,2026-09-04,19:16:14.03,2026-09-04T15:16:14.0320000-04:00,2026-09-04T19:16:14.0320000Z,LineDrive,v3,471298,,,,,Undefined,FOR_RAM,ddd6a19f-f0c4-48f5-91c3-43d5b7b04055,38.52645,-74.37183,6.32633,4.30972,6.03928,-18.6094,0.38208,0.93067,-2.671,,2.25352,109.18725,-18.5883,,,,,,,2.14856,19.64597,-21.95522,,,,,,,0.54082,80.25427,-2.78066,,,,,,,,,,,,,,,,,,,,,,,,,,,,,High,Medium,Medium,High,High,,,
423,2026-09-04,15:16:25.22,,,,,Undefined,FOR_RAM,"Dieguez, Matthew",10131275,Right,FOR_RAM,Undefined,1,Bottom,0,0,0,Undefined,Curveball,Undefined,Undefined,LineDrive,Undefined,0,0,,50.78968,4.738585,-0.701723,2846.504064,310.732122,4:15,4.2886,-0.37406,21.8671,-58.97381,-5.96933,8.72961,2.45983,-0.1025,47.11939,-10.671032,1.537344,0.523996,,,,,,,,,,,,-9.42099,-7.67996,0.18483,50,2.96479,1.66543,-76.04472,11.54327,-5.33769,12.14158,-36.52531,FOR_RAM,,FordhamUniversity,,,20260904-FordhamUniversity-BP-1,1f8ca320-a895-11f1-884b-8d6b77d225c8,71.93274,,,3.67029,,,,,,,568bcc58-7a80-4f8d-8682-9863113bc81a,2026-09-04,19:16:25.22,2026-09-04T15:16:25.2290000-04:00,2026-09-04T19:16:25.2290000Z,,v3,471298,,,,,Undefined,FOR_RAM,e2184629-f2d4-4ec9-80c5-54bdbb9c2fbc,38.63852,-74.20854,6.07079,4.29281,6.01951,-18.26265,0.37565,0.85821,-2.66885,,,,,,,,,,,,,,,,,,,,,,,,,,,,,,,,,,,,,,,,,,,,,,,,,,,High,Medium,Medium,,,,,
424,2026-09-04,15:16:34.90,,,,,Undefined,FOR_RAM,"Dieguez, Matthew",10131275,Right,FOR_RAM,Undefined,1,Bottom,0,0,0,Undefined,Curveball,Undefined,Undefined,GroundBall,Undefined,0,0,,51.70655,4.436491,-1.047544,3060.928276,316.285077,4:30,4.29479,-0.38061,22.03958,-58.92062,-8.14575,9.24961,2.25981,-0.28728,47.88349,-11.023694,1.337945,0.512856,,,,,,,,,,,,-10.0263,-9.53457,0.1192,50,3.0187,2.19508,-77.54183,11.36086,-5.87928,13.02506,-37.76499,FOR_RAM,,FordhamUniversity,,,20260904-FordhamUniversity-BP-1,256697b0-a895-11f1-884b-8d6b77d225c8,73.49513,,,3.82305,,,,,,,568bcc58-7a80-4f8d-8682-9863113bc81a,2026-09-04,19:16:34.90,2026-09-04T15:16:34.9060000-04:00,2026-09-04T19:16:34.9060000Z,,v3,471298,,,,,Undefined,FOR_RAM,f0f6fd46-1438-47a8-ab26-5150a906b3d6,38.46618,-75.57961,6.51253,4.30166,5.67159,-18.8825,0.38317,1.30937,-2.93964,,,,,,,,,,,,,,,,,,,,,,,,,,,,,,,,,,,,,,,,,,,,,,,,,,,High,Medium,Medium,,,,,
425,2026-09-04,15:16:42.10,,,,,Undefined,FOR_RAM,"Dieguez, Matthew",10131275,Right,FOR_RAM,Undefined,1,Bottom,0,0,0,Undefined,,Undefined,Undefined,FlyBall,Undefined,0,0,,48.60994,4.366553,-1.529569,2970.262643,,,4.0511,-0.92338,21.98308,,,,2.25003,0.34592,48.18598,-9.939715,5.441889,0.528005,92.01312,31.926418,-36.523503,2493.783925,87.31591,58.02413,-66.90163,355.04109,197.80272,-41.444491,4.666488,-29.05895,-2.19421,0.42368,50.0002,2.75466,4.41868,-71.7044,10.76093,-16.092,3.31809,-33.38915,FOR_RAM,,FordhamUniversity,,,20260904-FordhamUniversity-BP-1,29c81d10-a895-11f1-884b-8d6b77d225c8,71.38656,76.2908,,0.42396,,,,2.88384,2.35966,-0.40105,568bcc58-7a80-4f8d-8682-9863113bc81a,2026-09-04,19:16:42.10,2026-09-04T15:16:42.1020000-04:00,2026-09-04T19:16:42.1020000Z,FlyBall,v3,471298,,,,,Undefined,FOR_RAM,6690698e-2d7f-47c4-af1f-b37d20c3af70,38.52752,-71.17152,1.65905,4.05225,5.39875,-16.69457,0.92579,1.83437,-8.046,,2.88293,92.07209,-15.98254,3.54306,-0.70413,0.12971,-0.02263,0.0029,-0.00017,2.36181,71.30919,-19.86477,1.69902,-0.2251,-0.01665,0.01661,-0.00295,0.00017,-0.40125,-68.16309,7.43497,-1.55944,0.36483,-0.09556,0.02151,-0.00291,0.00016,,,,,,,,,,,,,,,,,,,,,,,Low,Low,Low,Medium,Low,,,
426,2026-09-04,15:16:53.86,,,,,Undefined,FOR_RAM,"Dieguez, Matthew",10131275,Right,FOR_RAM,Undefined,1,Bottom,0,0,0,Undefined,,Undefined,Undefined,LineDrive,Undefined,0,0,,51.37983,4.779802,-1.161017,3136.566437,,,4.00827,-1.02219,22.00822,,,,3.13523,0.49179,50.60257,-7.537353,5.822045,0.499595,99.21205,18.680759,-29.233934,1162.229509,93.40518,21.0404,-58.09796,212.14105,212.14105,-34.221601,1.891587,-29.10269,0.18988,0.59546,50.00022,2.68372,4.18767,-75.75193,11.14096,-17.97545,3.76325,-32.05676,FOR_RAM,,FordhamUniversity,,,20260904-FordhamUniversity-BP-1,30ae9fa0-a895-11f1-884b-8d6b77d225c8,75.44594,21.03926,,0.77727,,,,2.12596,2.42346,-0.47031,568bcc58-7a80-4f8d-8682-9863113bc81a,2026-09-04,19:16:53.86,2026-09-04T15:16:53.8690000-04:00,2026-09-04T19:16:53.8690000Z,LineDrive,v3,471298,,,,,Undefined,FOR_RAM,240b7290-1cf3-4f70-a5ed-9aa73488a95b,38.50181,-75.17853,1.88162,4.00913,6.25658,-16.02838,1.02487,1.44881,-8.98772,,2.12596,120.28809,-19.70301,3.22352,-0.49722,0.03017,0.0025,-0.0008,0.00014,2.42346,46.60631,-33.50851,6.30449,-1.51399,0.34577,-0.06938,0.01147,-0.001,-0.47031,-67.32031,-1.21656,3.34669,-1.24341,0.37062,-0.08551,0.01488,-0.00135,,,,,,,,,,,,,,,,,,,,,,,Low,Low,Low,Medium,Medium,,,
427,2026-09-04,15:17:04.35,,,,,Undefined,FOR_RAM,"Caron, Michael",1000322224,Right,FOR_RAM,Undefined,1,Bottom,0,0,0,Undefined,,Undefined,Undefined,LineDrive,Undefined,0,0,,51.66943,3.954309,-0.50924,3355.633226,,,4.02141,-1.19394,22.06365,,,,3.20135,0.67049,50.87013,-6.552957,6.261746,0.495755,87.35736,14.065571,29.263938,1296.942563,95.48902,11.27878,54.60614,158.63967,152.1574,30.604476,1.53665,-28.27722,7.11319,0.89846,50.0002,2.907,3.30122,-76.23279,9.43537,-17.68238,3.84148,-27.72602,FOR_RAM,,FordhamUniversity,,,20260904-FordhamUniversity-BP-1,36e81950-a895-11f1-884b-8d6b77d225c8,76.03034,13.0215,,0.79931,,,,1.84833,2.56176,-0.59797,568bcc58-7a80-4f8d-8682-9863113bc81a,2026-09-04,19:17:04.35,2026-09-04T15:17:04.3590000-04:00,2026-09-04T19:17:04.3590000Z,LineDrive,v3,471298,,,,,Undefined,FOR_RAM,95689efb-73df-4abd-8c0e-0b89af54b83a,38.44444,-75.64824,1.92074,4.02176,5.21634,-13.86301,1.19609,0.61052,-8.84119,,1.84833,108.42123,-17.97615,3.93486,-0.91011,0.21214,-0.04792,0.00834,-0.00076,2.56176,31.13823,-25.16044,3.3993,-0.81765,0.19325,-0.04269,0.0076,-0.00071,-0.59797,60.75346,-6.73119,1.45239,-0.33238,0.07712,-0.01747,0.00305,-0.00028,,,,,,,,,,,,,,,,,,,,,,,Low,Low,Low,Medium,High,,,
428,2026-09-04,15:17:10.44,,,,,Undefined,FOR_RAM,"Caron, Michael",1000322224,Right,FOR_RAM,Undefined,1,Bottom,0,0,0,Undefined,,Undefined,Undefined,Undefined,Undefined,0,0,,48.57324,4.87718,-0.653199,2432.643338,,,4.13056,-0.64124,22.08157,,,,1.93104,-1.37743,45.94215,-11.903194,-1.626293,0.540587,83.50805,11.603162,49.646792,3113.738377,,,,123.01367,100.11903,52.663312,1.164017,3.7404,-9.09063,0.53133,50,2.70589,0.51657,-72.50356,11.85253,1.96875,9.36234,-36.95887,FOR_RAM,,FordhamUniversity,,,20260904-FordhamUniversity-BP-1,3aa6a7f0-a895-11f1-884b-8d6b77d225c8,69.72504,8.449,,2.63109,,,,3.22774,2.22823,0.81225,568bcc58-7a80-4f8d-8682-9863113bc81a,2026-09-04,19:17:10.44,2026-09-04T15:17:10.4400000-04:00,2026-09-04T19:17:10.4400000Z,LineDrive,v3,471298,,,,,Undefined,FOR_RAM,e9451ea1-7c20-46ef-8ca8-6adbdbfb4b72,38.42538,-70.9932,4.68117,4.13704,5.89023,-18.47944,0.64028,0.83418,0.98437,,3.22774,77.68375,-17.20582,3.44328,-0.80126,0.18471,-0.04357,0.00844,-0.00092,2.22823,24.6343,-25.97297,3.46708,-0.82246,0.19625,-0.04475,0.0088,-0.00097,0.81225,91.42927,-8.30886,1.48147,-0.3499,0.07983,-0.01887,0.00356,-0.00037,,,,,,,,,,,,,,,,,,,,,,,Low,Low,Low,Medium,Medium,,,
429,2026-09-04,15:17:16.86,,,,,Undefined,FOR_RAM,"Caron, Michael",1000322224,Right,FOR_RAM,Undefined,1,Bottom,0,0,0,Undefined,,Undefined,Undefined,FlyBall,Undefined,0,0,,49.63886,4.824794,-2.767875,3003.328153,,,4.23374,-0.70637,22.17483,,,,2.97295,-0.25196,49.02722,-8.781608,4.166725,0.514395,,,,,,,,,,,,-29.34234,-1.94445,-0.06441,50.00007,2.82763,6.17503,-72.99539,11.44317,-16.94927,2.87184,-33.29724,FOR_RAM,,FordhamUniversity,,,20260904-FordhamUniversity-BP-1,3e66bd30-a895-11f1-884b-8d6b77d225c8,73.27533,,,0.61163,,,,,,,568bcc58-7a80-4f8d-8682-9863113bc81a,2026-09-04,19:17:16.86,2026-09-04T15:17:16.8610000-04:00,2026-09-04T19:17:16.8610000Z,,v3,471298,,,,,Undefined,FOR_RAM,bea2134f-8597-4850-8503-ef922b42786b,38.33382,-72.53495,1.43592,4.23433,6.10471,-16.64862,0.70778,3.4576,-8.47464,,,,,,,,,,,,,,,,,,,,,,,,,,,,,,,,,,,,,,,,,,,,,,,,,,,Low,Low,Low,,,,,
430,2026-09-04,15:17:26.69,,,,,Undefined,FOR_RAM,"Caron, Michael",1000322224,Right,FOR_RAM,Undefined,1,Bottom,0,0,0,Undefined,,Undefined,Undefined,FlyBall,Undefined,0,0,,52.05074,4.095057,-2.330302,3256.822004,,,4.17046,-0.8259,22.01991,,,,3.0596,-0.07427,51.3251,-7.579097,4.643393,0.492232,93.49313,42.794119,15.202395,3864.47314,105.269,94.6164,31.91299,337.71514,323.70188,17.885192,6.072961,-29.28261,1.41988,0.15823,50.0001,2.99748,5.84646,-76.66596,10.14554,-18.62052,3.36497,-31.27116,FOR_RAM,,FordhamUniversity,,,20260904-FordhamUniversity-BP-1,446529b0-a895-11f1-884b-8d6b77d225c8,76.5746,127.27944,,0.72565,,,,2.00919,2.72155,-0.06881,568bcc58-7a80-4f8d-8682-9863113bc81a,2026-09-04,19:17:26.69,2026-09-04T15:17:26.6950000-04:00,2026-09-04T19:17:26.6950000Z,FlyBall,v3,471298,,,,,Undefined,FOR_RAM,404790bf-5b6d-4104-8d56-f1e61347c1bc,38.48893,-76.15904,1.68248,4.17102,5.43469,-15.63558,0.82769,3.04137,-9.31026,192.302459,2.01402,96.98988,-20.43196,4.43637,-0.48439,-0.05066,0.02666,-0.00349,0.00016,2.70957,93.36083,-21.20457,2.53245,-0.83219,0.22048,-0.03387,0.00265,-8E-05,-0.06829,26.38281,-2.26199,0.14971,-0.00248,0.0049,-0.00255,0.0004,-2E-05,,,,,,,,,,,,,,,,,,,,,,,Low,Low,Low,High,Medium,,,
431,2026-09-04,15:17:39.13,,,,,Undefined,FOR_RAM,"Maryott, Gavin",1000410374,Right,FOR_RAM,Undefined,1,Bottom,0,0,0,Undefined,,Undefined,Undefined,LineDrive,Undefined,0,0,,50.25279,3.727678,-0.022187,3082.831797,,,4.03575,-1.17213,21.9673,,,,2.61889,1.03705,47.35384,-8.348502,6.823791,0.523723,94.8214,27.914372,-30.627334,1245.72098,91.45292,47.65275,-61.12561,320.46638,309.54528,-36.828541,4.090688,-27.74297,6.65721,1.01591,50,2.9718,2.2637,-75.10478,9.10742,-15.649,10.15321,-28.41892,FOR_RAM,,FordhamUniversity,,,20260904-FordhamUniversity-BP-1,4baa6e10-a895-11f1-884b-8d6b77d225c8,71.97022,60.00189,,2.89895,,,,2.0074,2.41587,-1.04472,568bcc58-7a80-4f8d-8682-9863113bc81a,2026-09-04,19:17:39.13,2026-09-04T15:17:39.1320000-04:00,2026-09-04T19:17:39.1320000Z,FlyBall,v3,471298,,,,,Undefined,FOR_RAM,cffb131a-8cce-4867-b92a-e360dc81bd5a,38.53868,-73.53904,5.0766,4.03836,4.72489,-14.20946,1.17892,-0.14956,-7.8245,,2.00785,105.74095,-19.18016,4.31001,-1.19465,0.40671,-0.14496,0.03057,-0.00242,2.41267,65.19785,-22.19038,3.43721,-1.57251,0.74655,-0.22264,0.03449,-0.00211,-1.03978,-62.7375,1.63996,0.28425,0.75826,-0.58737,0.19054,-0.02723,0.00138,,,,,,,,,,,,,,,,,,,,,,,Low,Low,Low,Low,Medium,,,
432,2026-09-04,15:17:48.25,,,,,Undefined,FOR_RAM,"Maryott, Gavin",1000410374,Right,FOR_RAM,Undefined,1,Bottom,0,0,0,Undefined,,Undefined,Undefined,LineDrive,Undefined,0,0,,51.40387,4.239381,-1.261447,3319.550819,,,4.12687,-1.04633,21.93014,,,,2.91135,0.41002,50.72269,-8.031941,5.740176,0.500019,95.90368,18.441238,-20.095267,2683.806137,101.6928,29.14596,-41.93498,286.87267,286.87267,-26.103414,2.990831,-29.12269,0.38591,0.60328,50.00022,2.92409,4.31098,-75.83447,10.37671,-18.03183,3.74653,-31.9351,FOR_RAM,,FordhamUniversity,,,20260904-FordhamUniversity-BP-1,5126b240-a895-11f1-884b-8d6b77d225c8,75.38203,32.56075,,0.68118,,,,1.41531,2.59797,-0.12008,568bcc58-7a80-4f8d-8682-9863113bc81a,2026-09-04,19:17:48.25,2026-09-04T15:17:48.2560000-04:00,2026-09-04T19:17:48.2560000Z,LineDrive,v3,471298,,,,,Undefined,FOR_RAM,7a229b0c-7d4a-4dc8-aca5-0a1ea86e8e58,38.57997,-75.26815,1.87326,4.12778,5.54944,-15.96755,1.04892,1.58532,-9.01592,123.445142,1.41523,125.31392,-20.66057,4.02697,-0.62343,-0.02473,0.04522,-0.0119,0.00115,2.598,44.49407,-18.02291,1.34294,-0.27743,0.10973,-0.03826,0.00847,-0.00081,-0.12021,-45.84198,-0.64512,1.29046,-0.28432,-0.01365,0.0241,-0.0055,0.00044,,,,,,,,,,,,,,,,,,,,,,,Low,Low,Low,High,Medium,,,
433,2026-09-04,15:17:56.44,,,,,Undefined,FOR_RAM,"Maryott, Gavin",1000410374,Right,FOR_RAM,Undefined,1,Bottom,0,0,0,Undefined,,Undefined,Undefined,FlyBall,Undefined,0,0,,55.0018,1.26235,0.826999,3274.327864,,,4.00136,-1.14128,21.88647,,,,2.17253,1.37827,48.17685,-7.402656,6.918446,0.497008,88.10307,44.054159,-40.387677,3098.813158,,,,,123.63909,,,-23.22375,16.29836,1.21825,50,3.54498,0.54692,-83.45057,4.80949,-14.62403,22.30256,-21.91094,FOR_RAM,,FordhamUniversity,,,20260904-FordhamUniversity-BP-1,55f1cee0-a895-11f1-884b-8d6b77d225c8,75.83866,104.74265,,6.82495,,,,2.21966,2.08902,-1.15738,568bcc58-7a80-4f8d-8682-9863113bc81a,2026-09-04,19:17:56.44,2026-09-04T15:17:56.4450000-04:00,2026-09-04T19:17:56.4450000Z,,v3,471298,,,,,Undefined,FOR_RAM,4567a9a0-b102-442c-b6f1-14d158dd4178,38.60925,-80.34869,11.15128,4.00197,1.76207,-10.95547,1.15288,-1.48702,-7.31202,,2.21966,70.73433,-13.72727,3.28364,-0.66295,0.12309,-0.02086,0.00262,-0.00016,2.08902,89.84997,-20.52944,0.80732,0.21803,-0.13232,0.03896,-0.00707,0.00065,-1.15738,-60.17336,20.78077,-6.32497,1.60472,-0.37414,0.07748,-0.01174,0.0009,,,,,,,,,,,,,,,,,,,,,,,Low,Low,Low,Medium,Undefined,,,
434,2026-09-04,15:18:05.92,,,,,Undefined,FOR_RAM,"Maryott, Gavin",1000410374,Right,FOR_RAM,Undefined,1,Bottom,0,0,0,Undefined,,Undefined,Undefined,LineDrive,Undefined,0,0,,53.15278,4.296255,-0.475289,3449.666206,,,4.00675,-1.20997,22.06502,,,,2.74498,0.72449,51.77965,-8.288028,6.450169,0.485223,93.92602,17.734287,-14.480162,922.550572,106.95145,29.35467,-25.71633,302.18185,295.07209,-11.213615,3.18523,-28.62572,-3.6941,0.93169,50,2.77945,3.29311,-78.7896,10.88508,-18.69899,6.32696,-34.58713,FOR_RAM,,FordhamUniversity,,,20260904-FordhamUniversity-BP-1,5b9e98f0-a895-11f1-884b-8d6b77d225c8,77.68069,33.86275,,1.37313,,,,1.27117,2.49327,-0.40439,568bcc58-7a80-4f8d-8682-9863113bc81a,2026-09-04,19:18:05.92,2026-09-04T15:18:05.9280000-04:00,2026-09-04T19:18:05.9280000Z,LineDrive,v3,471298,,,,,Undefined,FOR_RAM,5ae0eb33-0cfc-4329-af96-4f1b107a9a46,38.44578,-77.85624,3.16348,4.00887,5.78278,-17.29356,1.21402,0.53463,-9.3495,199.163759,1.27105,127.04882,-19.09204,4.28809,-0.81233,0.12072,-0.01073,7E-05,6E-05,2.49351,41.95062,-14.67529,0.53697,-0.14538,0.0837,-0.03034,0.00581,-0.00044,-0.40439,-32.8086,7.48847,-1.51898,0.29904,-0.05569,0.00918,-0.00103,5E-05,,,,,,,,,,,,,,,,,,,,,,,Low,Low,Low,High,Medium,,,
435,2026-09-04,15:18:18.70,,,,,Undefined,FOR_RAM,"Caron, Michael",1000322224,Right,FOR_RAM,Undefined,1,Bottom,0,0,0,Undefined,,Undefined,Undefined,FlyBall,Undefined,0,0,,51.52889,4.883038,-1.139883,3364.02929,,,4.00327,-1.08522,22.08586,,,,2.98267,0.42307,50.79269,-8.09472,5.795779,0.497133,,,,,,,,,,,,-29.18352,-3.10851,0.6517,50.00009,2.62219,4.22907,-75.90564,11.63605,-18.13983,3.56521,-34.10623,FOR_RAM,,FordhamUniversity,,,20260904-FordhamUniversity-BP-1,6346bdd0-a895-11f1-884b-8d6b77d225c8,75.81969,,,0.73621,,,,,,,568bcc58-7a80-4f8d-8682-9863113bc81a,2026-09-04,19:18:18.70,2026-09-04T15:18:18.7030000-04:00,2026-09-04T19:18:18.7030000Z,,v3,471298,,,,,Undefined,FOR_RAM,79977bc8-6a83-4eaf-b01b-5dcf2ad816b2,38.4226,-75.3599,1.78261,4.00379,6.41524,-17.05311,1.08654,1.45232,-9.06991,,,,,,,,,,,,,,,,,,,,,,,,,,,,,,,,,,,,,,,,,,,,,,,,,,,Low,Low,Low,,,,,
436,2026-09-04,15:18:29.54,,,,,Undefined,FOR_RAM,"Caron, Michael",1000322224,Right,FOR_RAM,Undefined,1,Bottom,0,0,0,Undefined,,Undefined,Undefined,LineDrive,Undefined,0,0,,49.23374,4.049417,-0.79703,3064.597563,,,4.05754,-1.10645,21.86573,,,,2.36104,0.65889,48.75493,-9.289075,6.220861,0.523034,77.86365,10.012399,18.805077,2449.378556,,,,106.33323,106.33323,17.32336,1.056593,-29.11675,0.61681,0.75821,50.00022,2.87088,3.53209,-72.66994,10.06679,-16.53394,3.54934,-31.8238,FOR_RAM,,FordhamUniversity,,,20260904-FordhamUniversity-BP-1,69b43fd0-a895-11f1-884b-8d6b77d225c8,72.06498,6.85757,,0.47881,,,,2.26486,2.39728,-0.39606,568bcc58-7a80-4f8d-8682-9863113bc81a,2026-09-04,19:18:29.54,2026-09-04T15:18:29.5460000-04:00,2026-09-04T19:18:29.5460000Z,GroundBall,v3,471298,,,,,Undefined,FOR_RAM,ebb203e0-0391-455e-8106-eea2cee6891e,38.64411,-72.11315,1.77467,4.05849,5.07457,-15.9119,1.10885,0.9384,-8.26697,22.268366,2.26486,106.45752,-13.56044,2.02544,-0.47358,0.09496,-0.01968,0.0038,-0.00042,2.39728,19.85493,-23.10962,2.47702,-0.50129,0.11598,-0.02285,0.00424,-0.0005,-0.39606,36.25162,-6.45451,1.01385,-0.22899,0.04664,-0.00973,0.00188,-0.00021,,,,,,,,,,,,,,,,,,,,,,,Low,Low,Low,High,High,,,
437,2026-09-04,15:18:36.13,,,,,Undefined,FOR_RAM,"Caron, Michael",1000322224,Right,FOR_RAM,Undefined,1,Bottom,0,0,0,Undefined,,Undefined,Undefined,FlyBall,Undefined,0,0,,52.79867,3.021673,-2.783116,3190.147588,,,4.1288,-0.86362,22.1616,,,,3.08107,-0.64174,47.21241,-6.745881,3.46148,0.507312,,,,,,,,,,,,-28.42037,13.24568,0.13523,50,3.25683,6.1719,-79.82298,7.67839,-16.89181,17.76565,-24.30141,FOR_RAM,,FordhamUniversity,,,20260904-FordhamUniversity-BP-1,6d82d400-a895-11f1-884b-8d6b77d225c8,74.29838,,,5.58627,,,,,,,568bcc58-7a80-4f8d-8682-9863113bc81a,2026-09-04,19:18:36.13,2026-09-04T15:18:36.1390000-04:00,2026-09-04T19:18:36.1390000Z,,v3,471298,,,,,Undefined,FOR_RAM,6b07a1cb-1211-4588-9dbe-ae1a1e43bc56,38.34362,-77.18512,8.88282,4.12904,4.07009,-12.15071,0.86544,3.66378,-8.44591,,,,,,,,,,,,,,,,,,,,,,,,,,,,,,,,,,,,,,,,,,,,,,,,,,,Low,Low,Low,,,,,
438,2026-09-04,15:18:43.80,,,,,Undefined,FOR_RAM,"Caron, Michael",1000322224,Right,FOR_RAM,Undefined,1,Bottom,0,0,0,Undefined,,Undefined,Undefined,GroundBall,Undefined,0,0,,51.25989,2.85402,-1.449905,2922.123368,,,4.16692,-1.06849,21.9376,,,,2.99596,0.01218,49.44105,-6.61111,4.772773,0.506047,61.95862,-1.300667,-1.166584,3273.00355,,,,29.29278,29.29278,-4.076835,0.30692,-26.08761,13.64556,0.61427,50,3.32794,4.21027,-76.04174,7.35652,-15.76765,6.49908,-23.92651,FOR_RAM,,FordhamUniversity,,,20260904-FordhamUniversity-BP-1,721ddff0-a895-11f1-884b-8d6b77d225c8,74.484,2.55397,,1.81884,,,,2.32568,2.55397,-0.77218,568bcc58-7a80-4f8d-8682-9863113bc81a,2026-09-04,19:18:43.80,2026-09-04T15:18:43.8010000-04:00,2026-09-04T19:18:43.8010000Z,GroundBall,v3,471298,,,,,Undefined,FOR_RAM,00fc5f72-f60d-434f-a3c2-774d14285e2e,38.56854,-75.05837,3.24954,4.16716,3.7362,-11.96325,1.07083,1.82448,-7.88383,58.784267,2.32592,90.81976,-10.42313,,,,,,,2.55673,-2.18227,-20.05995,,,,,,,-0.77,-1.94414,-7.62162,,,,,,,,,,,,,,,,,,,,,,,,,,,,,Low,Low,Low,Medium,Medium,,,
439,2026-09-04,15:18:50.37,,,,,Undefined,FOR_RAM,"Caron, Michael",1000322224,Right,FOR_RAM,Undefined,1,Bottom,0,0,0,Undefined,,Undefined,Undefined,GroundBall,Undefined,0,0,,50.64078,3.792574,0.241727,3069.77598,,,3.90719,-1.19644,22.09328,,,,2.73553,1.17222,49.97042,-7.464385,7.073816,0.505668,96.1477,6.338969,23.569963,2385.90804,,,,104.77338,100.92468,22.941971,0.822822,-28.49222,6.02851,1.04958,50.00023,2.79974,2.28776,-74.77089,9.34266,-17.09971,3.9093,-28.55601,FOR_RAM,,FordhamUniversity,,,20260904-FordhamUniversity-BP-1,7616df80-a895-11f1-884b-8d6b77d225c8,74.53989,4.80234,,0.67036,,,,2.00602,2.25332,-0.79385,568bcc58-7a80-4f8d-8682-9863113bc81a,2026-09-04,19:18:50.37,2026-09-04T15:18:50.3720000-04:00,2026-09-04T19:18:50.3720000Z,GroundBall,v3,471298,,,,,Undefined,FOR_RAM,df6df0ee-f959-4e09-b233-1cbe1998b040,38.41495,-74.1627,1.95465,3.90766,4.90002,-14.27801,1.19856,-0.37256,-8.54986,,2.06399,127.49978,-15.56865,,,,,,,2.3258,14.36538,-20.99124,,,,,,,-0.77271,55.69299,-6.25001,,,,,,,,,,,,,,,,,,,,,,,,,,,,,Low,Low,Low,High,High,,,
440,2026-09-04,15:22:52.64,,,,,Undefined,FOR_RAM,"Hanawalt, Chase",1000367090,Left,FOR_RAM,Undefined,1,Bottom,0,0,0,Undefined,,Undefined,Undefined,Undefined,Undefined,0,0,,50.02054,4.673833,-1.650621,2978.650854,,,4.0196,-1.01396,21.99874,,,,2.57771,0.16712,49.4468,-9.160875,5.289669,0.513047,,,,,,,,,,,,-29.16722,-3.4989,0.48276,50.00008,2.66833,4.74033,-73.66691,11.31566,-17.10227,3.22205,-34.22564,FOR_RAM,,FordhamUniversity,,,20260904-FordhamUniversity-BP-1,067a11a0-a896-11f1-884b-8d6b77d225c8,73.46783,,,0.57373,,,,,,,568bcc58-7a80-4f8d-8682-9863113bc81a,2026-09-04,19:22:52.64,2026-09-04T15:22:52.6490000-04:00,2026-09-04T19:22:52.6490000Z,,v3,471298,,,,,Undefined,FOR_RAM,7a534252-0dae-4271-8d12-cfd3e2ed9172,38.50978,-73.16262,1.61102,4.02017,5.95893,-17.11282,1.01521,2.06362,-8.55114,,,,,,,,,,,,,,,,,,,,,,,,,,,,,,,,,,,,,,,,,,,,,,,,,,,Low,Low,Low,,,,,
441,2026-09-04,15:23:10.01,,,,,Undefined,FOR_RAM,"Hanawalt, Chase",1000367090,Left,FOR_RAM,Undefined,1,Bottom,0,0,0,Undefined,,Undefined,Undefined,GroundBall,Undefined,0,0,,52.15388,3.086527,-0.805803,3280.38453,,,4.07545,-1.13872,21.83281,,,,2.45602,0.60984,51.56346,-8.092634,6.175614,0.49362,,,,,,,,,,,,-29.01092,3.51587,0.78858,50.00017,3.14468,3.75253,-77.01384,8.51906,-18.52728,3.85573,-29.92871,FOR_RAM,,FordhamUniversity,,,20260904-FordhamUniversity-BP-1,10d0dbc0-a896-11f1-884b-8d6b77d225c8,76.3592,,,0.59042,,,,,,,568bcc58-7a80-4f8d-8682-9863113bc81a,2026-09-04,19:23:10.01,2026-09-04T15:23:10.0120000-04:00,2026-09-04T19:23:10.0120000Z,,v3,471298,,,,,Undefined,FOR_RAM,4a2d0ed2-6986-44a4-a0ff-19cd11c393fc,38.67596,-76.44479,1.92786,4.07603,4.10199,-14.96436,1.14062,1.01816,-9.26364,,,,,,,,,,,,,,,,,,,,,,,,,,,,,,,,,,,,,,,,,,,,,,,,,,,Low,Low,Low,,,,,
442,2026-09-04,15:23:16.99,,,,,Undefined,FOR_RAM,"Hanawalt, Chase",1000367090,Left,FOR_RAM,Undefined,1,Bottom,0,0,0,Undefined,,Undefined,Undefined,GroundBall,Undefined,0,0,,52.2758,2.926775,0.242434,3372.391164,,,4.00268,-1.29987,21.89563,,,,2.29937,1.10666,49.12682,-8.405873,7.157018,0.50507,68.38772,-14.976637,34.907161,,,,,11.43634,5.62801,22.767609,0.09633,-27.89198,5.81559,1.19779,50,3.12961,1.98875,-78.26703,8.05793,-16.98221,11.57709,-28.63318,FOR_RAM,,FordhamUniversity,,,20260904-FordhamUniversity-BP-1,150361e0-a896-11f1-884b-8d6b77d225c8,74.62814,2.50602,,3.14899,,,,2.86282,2.50602,-0.93496,568bcc58-7a80-4f8d-8682-9863113bc81a,2026-09-04,19:23:16.99,2026-09-04T15:23:16.9940000-04:00,2026-09-04T19:23:16.9940000Z,GroundBall,v3,471298,,,,,Undefined,FOR_RAM,938badfa-9974-45cd-8356-661283672545,38.61044,-76.56378,5.78854,4.00523,3.84534,-14.31659,1.30659,-0.50972,-8.49111,,2.85833,79.75104,,,,,,,,2.50749,-26.01498,,,,,,,,-0.93809,55.64992,,,,,,,,,,,,,,,,,,,,,,,,,,,,,,Low,Low,Low,Estimated,Estimated,,,
443,2026-09-04,15:23:30.86,,,,,Undefined,FOR_RAM,"Wansaw, Michael",1000503198,Right,FOR_RAM,Undefined,1,Bottom,0,0,0,Undefined,,Undefined,Undefined,LineDrive,Undefined,0,0,,49.87168,3.687125,-1.487416,2837.315247,,,4.19264,-0.96454,21.88232,,,,2.75265,0.28573,47.31626,-8.345594,5.32636,0.526492,84.24997,11.479218,-31.774978,1129.504536,,,,129.83833,129.83833,-36.530568,1.268907,-28.00285,7.3154,0.5162,50,3.14241,4.1556,-74.3219,8.98227,-15.69434,8.74057,-28.0741,FOR_RAM,,FordhamUniversity,,,20260904-FordhamUniversity-BP-1,1d54e620-a896-11f1-884b-8d6b77d225c8,71.59173,8.91753,,2.55543,,,,2.26566,2.18361,-0.45082,568bcc58-7a80-4f8d-8682-9863113bc81a,2026-09-04,19:23:30.86,2026-09-04T15:23:30.8660000-04:00,2026-09-04T19:23:30.8660000Z,LineDrive,v3,471298,,,,,Undefined,FOR_RAM,b47d5a1e-78da-4514-ad1a-6296c1ff559e,38.62411,-72.97178,4.37029,4.19494,4.64579,-14.03705,0.97087,1.73137,-7.84717,,2.26566,102.94538,-21.28815,3.55303,-0.71479,0.11023,-0.01605,0.00237,-0.00018,2.18361,24.59126,-24.15688,3.43407,-0.75694,0.17277,-0.03389,0.00591,-0.00061,-0.45082,-63.76662,0.86341,1.92415,-0.67979,0.20685,-0.04888,0.00935,-0.001,,,,,,,,,,,,,,,,,,,,,,,Low,Low,Low,Low,Medium,,,
444,2026-09-04,15:23:36.31,,,,,Undefined,FOR_RAM,"Wansaw, Michael",1000503198,Right,FOR_RAM,Undefined,1,Bottom,0,0,0,Undefined,,Undefined,Undefined,GroundBall,Undefined,0,0,,51.41266,3.92217,-0.648561,3411.408836,,,4.02108,-1.13173,21.87184,,,,2.28351,0.71341,50.8795,-9.28736,6.322344,0.500789,95.60021,-37.441938,-46.629035,,,,,4.78388,4.78388,-37.235847,0.027314,-28.88021,-3.51095,0.81486,50.00027,2.86516,3.46966,-75.9556,10.28424,-17.88542,4.03811,-34.34838,FOR_RAM,,FordhamUniversity,,,20260904-FordhamUniversity-BP-1,20a79390-a896-11f1-884b-8d6b77d225c8,75.26611,2.33258,,0.53316,,,,1.71677,2.33258,-0.68032,568bcc58-7a80-4f8d-8682-9863113bc81a,2026-09-04,19:23:36.31,2026-09-04T15:23:36.3150000-04:00,2026-09-04T19:23:36.3150000Z,GroundBall,v3,471298,,,,,Undefined,FOR_RAM,726e9294-68d2-4a7a-8af0-3cb48237a7a5,38.63921,-75.34918,2.01906,4.02227,5.12599,-17.17419,1.13424,0.78373,-8.94271,,1.71616,76.58729,,,,,,,,2.33325,-85.39776,,,,,,,,-0.67968,-81.07105,,,,,,,,,,,,,,,,,,,,,,,,,,,,,,Low,Low,Low,Estimated,Estimated,,,
445,2026-09-04,15:23:41.98,,,,,Undefined,FOR_RAM,"Wansaw, Michael",1000503198,Right,FOR_RAM,Undefined,1,Bottom,0,0,0,Undefined,Curveball,Undefined,Undefined,GroundBall,Undefined,0,0,,52.43362,4.703505,-0.864345,3195.419972,316.622712,4:30,4.2799,-0.37477,21.8193,-58.54019,-8.32674,9.35756,2.46838,-0.15726,48.27037,-10.592781,1.533103,0.510013,106.8372,-9.656141,-31.034313,,,,,15.68654,15.68654,-27.850451,0.093876,-9.83501,-9.45871,0.16039,50,3.00304,1.92435,-78.62228,11.58096,-5.89856,13.84581,-37.84691,FOR_RAM,,FordhamUniversity,,,20260904-FordhamUniversity-BP-1,23f055f0-a896-11f1-884b-8d6b77d225c8,73.90482,2.4705,,4.16325,,,,1.42803,2.4705,0.15757,568bcc58-7a80-4f8d-8682-9863113bc81a,2026-09-04,19:23:41.98,2026-09-04T15:23:41.9810000-04:00,2026-09-04T19:23:41.9810000Z,GroundBall,v3,471298,,,,,Undefined,FOR_RAM,5822d7f4-b085-4534-912f-fa8036494553,38.68589,-76.60389,6.9229,4.28913,6.06379,-18.92346,0.37824,1.06448,-2.94928,,1.42547,132.53182,,,,,,,,2.47101,-26.31668,,,,,,,,0.1591,-79.74121,,,,,,,,,,,,,,,,,,,,,,,,,,,,,,High,High,High,Estimated,Estimated,,,
446,2026-09-04,15:23:47.67,,,,,Undefined,FOR_RAM,"Wansaw, Michael",1000503198,Right,FOR_RAM,Undefined,1,Bottom,0,0,0,Undefined,,Undefined,Undefined,GroundBall,Undefined,0,0,,52.70169,3.972212,-2.427444,3167.093907,,,4.08842,-0.82537,21.95355,,,,2.93618,-0.13712,49.366,-7.78937,4.541197,0.499883,41.51169,-21.498496,-36.104817,,,,,13.74326,8.14498,-20.225113,0.153513,-29.21175,2.78933,0.1793,50,2.98502,5.7622,-78.6777,9.75956,-18.1017,11.04484,-30.44558,FOR_RAM,,FordhamUniversity,,,20260904-FordhamUniversity-BP-1,2740e080-a896-11f1-884b-8d6b77d225c8,75.40257,3.47423,,3.3357,,,,,,,568bcc58-7a80-4f8d-8682-9863113bc81a,2026-09-04,19:23:47.67,2026-09-04T15:23:47.6770000-04:00,2026-09-04T19:23:47.6770000Z,GroundBall,v3,471298,,,,,Undefined,FOR_RAM,ec4f03a9-7339-4a63-9ac3-214b42d5bfef,38.5532,-77.05404,5.52242,4.09076,5.28386,-15.22279,0.83079,3.10113,-9.05085,,5.75322,46.42277,,,,,,,,3.48211,-22.63163,,,,,,,,0.45826,-33.85805,,,,,,,,,,,,,,,,,,,,,,,,,,,,,,Low,Low,Low,Estimated,Estimated,,,
447,2026-09-04,15:23:57.91,,,,,Undefined,FOR_RAM,"Crang, Mason",10913432,Right,FOR_RAM,Undefined,1,Bottom,0,0,0,Undefined,,Undefined,Undefined,Undefined,Undefined,0,0,,52.40302,5.176736,-1.694304,3432.78936,,,4.05568,-1.0677,22.1251,,,,2.57504,-0.15274,51.77635,-9.793994,4.527086,0.488204,,,,,,,,,,,,-26.31336,-13.44544,0.53718,50.00004,2.54467,4.79468,-77.08591,13.08486,-16.94243,3.25123,-40.83118,FOR_RAM,,FordhamUniversity,,,20260904-FordhamUniversity-BP-1,2d4e1a10-a896-11f1-884b-8d6b77d225c8,77.20629,,,0.62666,,,,,,,568bcc58-7a80-4f8d-8682-9863113bc81a,2026-09-04,19:23:57.91,2026-09-04T15:23:57.9120000-04:00,2026-09-04T19:23:57.9120000Z,,v3,471298,,,,,Undefined,FOR_RAM,cb497eef-01b0-4c0b-8d9e-a3d5400bc39c,38.38326,-76.59439,1.62562,4.05624,6.91195,-20.41559,1.06843,2.23331,-8.47121,,,,,,,,,,,,,,,,,,,,,,,,,,,,,,,,,,,,,,,,,,,,,,,,,,,Low,Low,Low,,,,,
448,2026-09-04,15:24:07.79,,,,,Undefined,FOR_RAM,"Crang, Mason",10913432,Right,FOR_RAM,Undefined,1,Bottom,0,0,0,Undefined,,Undefined,Undefined,Undefined,Undefined,0,0,,48.32476,3.789322,-1.36429,2710.659979,,,3.97304,-1.03425,22.03453,,,,2.5271,0.26601,47.80203,-8.294907,5.37268,0.529938,,,,,,,,,,,,-28.45781,7.65272,0.56034,50.00005,2.844,4.18903,-71.19759,9.22351,-15.6003,2.93576,-27.97889,FOR_RAM,,FordhamUniversity,,,20260904-FordhamUniversity-BP-1,333247d0-a896-11f1-884b-8d6b77d225c8,71.1261,,,0.52273,,,,,,,568bcc58-7a80-4f8d-8682-9863113bc81a,2026-09-04,19:24:07.79,2026-09-04T15:24:07.7900000-04:00,2026-09-04T19:24:07.7900000Z,,v3,471298,,,,,Undefined,FOR_RAM,c5c63c61-119d-45dd-b9af-0e156526db6c,38.4723,-70.72066,1.46788,3.9732,4.67817,-13.98945,1.03502,1.65467,-7.80015,,,,,,,,,,,,,,,,,,,,,,,,,,,,,,,,,,,,,,,,,,,,,,,,,,,Low,Low,Low,,,,,
449,2026-09-04,15:24:13.47,,,,,Undefined,FOR_RAM,"Crang, Mason",10913432,Right,FOR_RAM,Undefined,1,Bottom,0,0,0,Undefined,,Undefined,Undefined,GroundBall,Undefined,0,0,,54.10863,2.014709,-0.313619,3511.545989,,,4.086,-1.02022,21.80122,,,,2.99898,0.51201,47.83019,-5.859903,5.012112,0.502607,19.19957,-52.11333,-54.322085,,,,,5.36845,4.19089,-23.436169,0.135214,-21.15296,20.00395,0.87313,50,3.493,2.02652,-81.8146,5.60457,-13.07365,19.58396,-19.81054,FOR_RAM,,FordhamUniversity,,,20260904-FordhamUniversity-BP-1,36aeeb70-a896-11f1-884b-8d6b77d225c8,74.99387,3.1867,,6.27844,,,,3.47941,3.1867,-0.12099,568bcc58-7a80-4f8d-8682-9863113bc81a,2026-09-04,19:24:13.47,2026-09-04T15:24:13.4730000-04:00,2026-09-04T19:24:13.4730000Z,GroundBall,v3,471298,,,,,Undefined,FOR_RAM,30a30985-9cf8-4982-9ccc-9ca96db64c91,38.69637,-79.06256,9.79198,4.08498,2.8207,-9.90527,1.02882,0.18934,-6.53682,180,3.46614,10.69535,,,,,,,,3.21594,-23.56776,,,,,,,,-0.10251,-14.89627,,,,,,,,,,,,,,,,,,,,,,,,,,,,,,Low,Low,Low,Low,Low,,,
450,2026-09-04,15:24:27.28,,,,,Undefined,FOR_RAM,"Palmer, Owen",10100501,Left,FOR_RAM,Undefined,1,Bottom,0,0,0,Undefined,Curveball,Undefined,Undefined,GroundBall,Undefined,0,0,,50.82575,3.631546,-0.589949,2802.105507,269.437854,3:00,4.29394,-0.35816,21.81994,-51.47278,1.82929,17.05194,2.37008,0.67907,46.88449,-9.877433,3.777551,0.525465,35.83159,-10.195387,11.991018,,,,,11.82176,10.15606,6.799121,0.141566,-17.80131,1.09799,0.15362,50,3.25102,2.14699,-76.27094,9.33999,-10.05351,12.97879,-31.55394,FOR_RAM,,FordhamUniversity,,,20260904-FordhamUniversity-BP-1,3eff5e40-a896-11f1-884b-8d6b77d225c8,71.73165,1.72519,,3.94126,,,,4.61187,1.72519,-0.12423,568bcc58-7a80-4f8d-8682-9863113bc81a,2026-09-04,19:24:27.28,2026-09-04T15:24:27.2850000-04:00,2026-09-04T19:24:27.2850000Z,GroundBall,v3,471298,,,,,Undefined,FOR_RAM,40a434ff-fc69-46eb-bf02-0be0a5ee6458,38.6839,-74.32037,6.4894,4.29836,4.59778,-15.77697,0.36275,0.63606,-5.02675,353.808455,4.61172,50.6087,-1.86772,,,,,,,1.7252,-9.30392,-20.3687,,,,,,,-0.12426,10.74859,0.1106,,,,,,,,,,,,,,,,,,,,,,,,,,,,,High,Medium,Medium,Low,Low,,,
451,2026-09-04,15:24:32.44,,,,,Undefined,FOR_RAM,"Palmer, Owen",10100501,Left,FOR_RAM,Undefined,1,Bottom,0,0,0,Undefined,Curveball,Undefined,Undefined,Undefined,Undefined,0,0,,49.49839,4.076108,-0.726719,2713.975865,306.118852,4:15,4.29318,-0.37409,21.93786,-60.35125,-4.9339,8.93193,1.91163,-0.10101,46.19369,-11.694274,1.570684,0.53579,,,,,,,,,,,,-9.64032,-6.23311,0.17745,50,3.08116,1.67765,-74.16114,10.5697,-5.20503,11.38984,-35.53944,FOR_RAM,,FordhamUniversity,,,20260904-FordhamUniversity-BP-1,42039d90-a896-11f1-884b-8d6b77d225c8,70.34933,,,3.3047,,,,,,,568bcc58-7a80-4f8d-8682-9863113bc81a,2026-09-04,19:24:32.44,2026-09-04T15:24:32.4480000-04:00,2026-09-04T19:24:32.4480000Z,,v3,471298,,,,,Undefined,FOR_RAM,aab08bf3-e3e0-46f7-b438-579017e51be4,38.56768,-72.38404,5.69492,4.29771,5.02467,-17.76972,0.37585,0.86554,-2.60251,,,,,,,,,,,,,,,,,,,,,,,,,,,,,,,,,,,,,,,,,,,,,,,,,,,High,Medium,Medium,,,,,
452,2026-09-04,15:24:38.90,,,,,Undefined,FOR_RAM,"Palmer, Owen",10100501,Left,FOR_RAM,Undefined,1,Bottom,0,0,0,Undefined,Curveball,Undefined,Undefined,Undefined,Undefined,0,0,,48.5005,4.7288,-1.844674,2424.4536,323.839506,4:45,4.31116,-0.36715,22.07037,-65.27673,-8.98363,7.48394,1.9353,-0.93575,46.17106,-12.261649,0.08649,0.540006,80.75759,6.333048,72.453788,4727.555941,,,,50.08586,49.43722,69.278341,0.429922,-8.43567,-10.4028,-0.05218,50,2.89884,2.96372,-72.279,11.81473,-4.45215,8.60791,-37.66441,FOR_RAM,,FordhamUniversity,,,20260904-FordhamUniversity-BP-1,45f5bf50-a896-11f1-884b-8d6b77d225c8,69.79998,2.42269,,2.32944,,,,3.61794,1.34055,0.91449,568bcc58-7a80-4f8d-8682-9863113bc81a,2026-09-04,19:24:38.90,2026-09-04T15:24:38.9060000-04:00,2026-09-04T19:24:38.9060000Z,GroundBall,v3,471298,,,,,Undefined,FOR_RAM,dc1b6e05-35b0-45b3-8425-fb5001273e0d,38.43717,-70.88857,4.30396,4.3159,5.73085,-18.83221,0.36846,2.24457,-2.22608,,3.61746,35.50596,-6.27631,,,,,,,1.36367,12.3466,-36.21585,,,,,,,0.9063,112.50222,-13.09336,,,,,,,,,,,,,,,,,,,,,,,,,,,,,High,Medium,Medium,Low,High,,,
453,2026-09-04,15:24:45.90,,,,,Undefined,FOR_RAM,"Palmer, Owen",10100501,Left,FOR_RAM,Undefined,1,Bottom,0,0,0,Undefined,Curveball,Undefined,Undefined,LineDrive,Undefined,0,0,,52.73156,4.527997,-1.093101,3166.40506,317.413835,4:30,4.28623,-0.36847,21.92013,-57.00873,-7.81906,8.55792,2.47962,-0.36452,48.69239,-10.399612,1.105347,0.504787,89.37928,19.655973,20.464106,826.470473,103.89076,31.43338,36.14763,296.68749,290.16864,17.763983,3.384146,-9.19221,-8.99126,0.10783,50,3.03053,2.21111,-79.03918,11.39399,-5.59808,13.56968,-37.64974,FOR_RAM,,FordhamUniversity,,,20260904-FordhamUniversity-BP-1,49ff1290-a896-11f1-884b-8d6b77d225c8,74.66993,36.16353,,4.03917,,,,2.33719,2.51934,0.33658,568bcc58-7a80-4f8d-8682-9863113bc81a,2026-09-04,19:24:45.90,2026-09-04T15:24:45.9070000-04:00,2026-09-04T19:24:45.9070000Z,LineDrive,v3,471298,,,,,Undefined,FOR_RAM,41efd831-3f67-4bed-a2ab-f4d9ba3ccb59,38.58513,-77.05452,6.78484,4.29429,5.88747,-18.82487,0.37135,1.39236,-2.79904,154.520963,2.33702,115.66683,-13.90053,2.20329,-0.59168,0.22135,-0.07613,0.0152,-0.00122,2.51952,44.08737,-15.64065,0.79521,0.07935,-0.12483,0.05733,-0.0119,0.00093,0.33656,43.16193,-8.17575,1.86949,-0.47625,0.11758,-0.02839,0.00479,-0.00036,,,,,,,,,,,,,,,,,,,,,,,High,High,High,High,Medium,,,
454,2026-09-04,15:24:54.13,,,,,Undefined,FOR_RAM,"Rubin, Jack",10076675,Right,FOR_RAM,Undefined,1,Bottom,0,0,0,Undefined,Curveball,Undefined,Undefined,LineDrive,Undefined,0,0,,49.13211,4.243406,-0.774545,2629.625899,320.957195,4:45,4.27642,-0.36698,21.8242,-62.97606,-6.71398,6.65985,1.79366,-0.31579,46.17364,-12.115831,0.933794,0.539858,93.7398,9.382391,-14.479533,861.555609,107.84745,11.04283,-21.65271,188.57867,188.57867,-9.19566,1.730113,-7.15118,-7.77016,0.17765,50,3.03655,1.52373,-73.47896,10.8283,-3.82544,10.45614,-36.33059,FOR_RAM,,FordhamUniversity,,,20260904-FordhamUniversity-BP-1,4eed6ea0-a896-11f1-884b-8d6b77d225c8,69.81922,11.16131,,2.95847,,,,2.50329,1.96628,0.36647,568bcc58-7a80-4f8d-8682-9863113bc81a,2026-09-04,19:24:54.13,2026-09-04T15:24:54.1360000-04:00,2026-09-04T19:24:54.1360000Z,LineDrive,v3,471298,,,,,Undefined,FOR_RAM,dd25c96f-2fc0-4578-87c8-57316cd51d3e,38.68194,-71.85033,5.22807,4.28244,5.16954,-18.1653,0.36858,0.92789,-1.91272,235.007414,2.50327,131.33829,-21.43102,5.26948,-0.655,-0.34239,0.30436,-0.10424,0.0141,1.96631,22.41145,-13.46539,-0.26091,-0.24439,0.59293,-0.40624,0.13501,-0.01812,0.36647,-33.91589,12.61694,-2.47406,0.50174,-0.13021,0.04297,-0.01112,0.00135,,,,,,,,,,,,,,,,,,,,,,,High,High,High,High,Medium,,,
455,2026-09-04,15:24:59.40,,,,,Undefined,FOR_RAM,"Rubin, Jack",10076675,Right,FOR_RAM,Undefined,1,Bottom,0,0,0,Undefined,,Undefined,Undefined,GroundBall,Undefined,0,0,,50.73067,4.400816,-0.993736,3269.547983,,,4.02713,-1.02691,21.99098,,,,2.87347,0.59405,49.32761,-8.073871,5.985487,0.509791,74.57386,-21.306164,-24.832857,,,,,8.91338,6.79496,-21.794187,0.07737,-28.91324,1.74189,0.64629,50,2.78961,3.82171,-75.13167,10.45406,-17.17561,5.74471,-31.13931,FOR_RAM,,FordhamUniversity,,,20260904-FordhamUniversity-BP-1,52140300-a896-11f1-884b-8d6b77d225c8,73.9371,3.08664,,1.40305,,,,1.09376,3.08664,0.01449,568bcc58-7a80-4f8d-8682-9863113bc81a,2026-09-04,19:24:59.40,2026-09-04T15:24:59.4090000-04:00,2026-09-04T19:24:59.4090000Z,GroundBall,v3,471298,,,,,Undefined,FOR_RAM,0a13d87e-01b5-44e1-b849-98bbb8631676,38.51815,-74.24856,2.87236,4.02873,5.66712,-15.56965,1.03084,1.18136,-8.58781,,1.08932,92.83388,,,,,,,,3.08855,-39.89472,,,,,,,,0.01655,-42.9599,,,,,,,,,,,,,,,,,,,,,,,,,,,,,,Low,Low,Low,Low,Low,,,
456,2026-09-04,15:25:04.76,,,,,Undefined,FOR_RAM,"Rubin, Jack",10076675,Right,FOR_RAM,Undefined,1,Bottom,0,0,0,Undefined,,Undefined,Undefined,Undefined,Undefined,0,0,,48.09179,5.393366,-1.989781,2777.153712,,,3.96833,-0.86539,21.94069,,,,2.52663,0.08546,47.57362,-9.8716,4.910372,0.534934,,,,,,,,,,,,-28.77891,-4.79158,0.27902,50.00017,2.44456,4.89519,-70.80532,12.22957,-15.5632,3.11233,-34.76527,FOR_RAM,,FordhamUniversity,,,20260904-FordhamUniversity-BP-1,5545e200-a896-11f1-884b-8d6b77d225c8,70.46179,,,0.51817,,,,,,,568bcc58-7a80-4f8d-8682-9863113bc81a,2026-09-04,19:25:04.76,2026-09-04T15:25:04.7690000-04:00,2026-09-04T19:25:04.7690000Z,,v3,471298,,,,,Undefined,FOR_RAM,146611e5-cf14-49c2-ae0a-74377e9cc7ce,38.57035,-70.30112,1.55616,3.96958,6.5975,-17.38263,0.86783,2.37391,-7.7816,,,,,,,,,,,,,,,,,,,,,,,,,,,,,,,,,,,,,,,,,,,,,,,,,,,Low,Low,Low,,,,,
457,2026-09-04,15:25:10.43,,,,,Undefined,FOR_RAM,"Rubin, Jack",10076675,Right,FOR_RAM,Undefined,1,Bottom,0,0,0,Undefined,Curveball,Undefined,Undefined,LineDrive,Undefined,0,0,,51.24668,4.51386,-1.051251,2967.42693,304.145353,4:15,4.27714,-0.35445,21.91241,-58.34759,-5.74327,11.04969,2.3503,-0.11584,46.95751,-10.806834,1.786519,0.522014,94.16253,16.57466,-4.630742,2495.190719,109.99087,28.50056,-1.41528,284.56887,284.56887,6.730568,3.332412,-11.82323,-7.10622,0.08951,50,3.0162,2.2917,-76.96797,11.1599,-6.73648,14.00648,-36.22294,FOR_RAM,,FordhamUniversity,,,20260904-FordhamUniversity-BP-1,58a20550-a896-11f1-884b-8d6b77d225c8,72.20581,33.38583,,4.28917,,,,2.47678,2.44886,0.13965,568bcc58-7a80-4f8d-8682-9863113bc81a,2026-09-04,19:25:10.43,2026-09-04T15:25:10.4320000-04:00,2026-09-04T19:25:10.4320000Z,LineDrive,v3,471298,,,,,Undefined,FOR_RAM,20ccd5d4-6bee-461d-acda-d2a09bbfab16,38.59206,-74.86319,7.00324,4.28423,5.71662,-18.11147,0.35783,1.2794,-3.36824,223.646214,2.47678,131.93358,-24.31507,5.03916,-0.99839,0.17351,-0.02416,0.0023,-0.0001,2.44909,39.39124,-12.95795,0.41278,-0.24313,0.15662,-0.05153,0.00892,-0.00063,0.13984,-10.6903,11.87796,-2.95474,0.48948,0.00239,-0.02498,0.00566,-0.00044,,,,,,,,,,,,,,,,,,,,,,,High,Medium,Medium,High,High,,,
458,2026-09-04,15:25:23.29,,,,,Undefined,FOR_RAM,"Checkmayan, Luke",1000610172,Left,FOR_RAM,Undefined,1,Bottom,0,0,0,Undefined,,Undefined,Undefined,GroundBall,Undefined,0,0,,54.5953,0.195091,-3.497367,3453.633719,,,4.23848,-0.75178,21.97858,,,,1.73063,-1.07306,48.03731,-8.427342,2.506298,0.49776,,,,,,,,,,,,-28.78883,17.37178,-0.10382,50,3.98806,7.34129,-83.00983,3.28312,-17.89906,22.25965,-21.37338,FOR_RAM,,FordhamUniversity,,,20260904-FordhamUniversity-BP-1,60336de0-a896-11f1-884b-8d6b77d225c8,75.72406,,,6.55799,,,,,,,568bcc58-7a80-4f8d-8682-9863113bc81a,2026-09-04,19:25:23.29,2026-09-04T15:25:23.2900000-04:00,2026-09-04T19:25:23.2900000Z,,v3,471298,,,,,Undefined,FOR_RAM,10f59557-fd21-4806-8e3d-addb4e20d47d,38.52697,-79.87403,11.12983,4.23849,0.27217,-10.68669,0.75277,4.81978,-8.94953,,,,,,,,,,,,,,,,,,,,,,,,,,,,,,,,,,,,,,,,,,,,,,,,,,,Low,Low,Low,,,,,
459,2026-09-04,15:25:28.28,,,,,Undefined,FOR_RAM,"Checkmayan, Luke",1000610172,Left,FOR_RAM,Undefined,1,Bottom,0,0,0,Undefined,,Undefined,Undefined,GroundBall,Undefined,0,0,,52.28275,5.905073,-2.175546,3427.526211,,,3.85703,-0.85034,22.11336,,,,3.2215,-0.08877,51.41926,-7.941333,4.518393,0.489937,40.32319,-49.11136,-146.046758,,,,,5.83579,6.32763,-12.300786,0.151482,-28.27864,-8.26158,0.21202,50.00006,2.23519,5.58946,-76.80193,13.54277,-18.07411,3.2262,-37.45438,FOR_RAM,,FordhamUniversity,,,20260904-FordhamUniversity-BP-1,6337d440-a896-11f1-884b-8d6b77d225c8,76.93317,6.97954,,0.86349,,,,,,,568bcc58-7a80-4f8d-8682-9863113bc81a,2026-09-04,19:25:28.28,2026-09-04T15:25:28.2800000-04:00,2026-09-04T19:25:28.2800000Z,GroundBall,v3,471298,,,,,Undefined,FOR_RAM,c9b36053-9837-45f6-b4c4-fb71b35351c4,38.39563,-76.31291,1.6131,3.8577,7.86551,-18.72719,0.85163,2.84982,-9.03706,180,10.73889,-33.09399,,,,,,,,7.01286,-46.07637,,,,,,,,2.14829,-22.28291,,,,,,,,,,,,,,,,,,,,,,,,,,,,,,Low,Low,Low,Low,Low,,,
460,2026-09-04,15:25:33.71,,,,,Undefined,FOR_RAM,"Checkmayan, Luke",1000610172,Left,FOR_RAM,Undefined,1,Bottom,0,0,0,Undefined,,Undefined,Undefined,GroundBall,Undefined,0,0,,50.77763,3.968666,-2.249514,3196.568906,,,4.18611,-0.85027,21.97492,,,,2.52566,-0.04516,50.24504,-9.118925,4.730799,0.505139,28.6935,-33.714603,169.192321,,,,,4.95281,6.03665,19.724233,0.152746,-29.36336,-2.01209,0.19858,50.00006,3.00144,5.61174,-74.78942,10.2733,-17.78101,3.14046,-33.39248,FOR_RAM,,FordhamUniversity,,,20260904-FordhamUniversity-BP-1,6675c130-a896-11f1-884b-8d6b77d225c8,74.61798,3.68146,,0.5326,,,,,,,568bcc58-7a80-4f8d-8682-9863113bc81a,2026-09-04,19:25:33.71,2026-09-04T15:25:33.7190000-04:00,2026-09-04T19:25:33.7190000Z,GroundBall,v3,471298,,,,,Undefined,FOR_RAM,8d35cb52-207c-4d3c-b200-0cca2ca8ffa7,38.53341,-74.30637,1.57023,4.18662,5.137,-16.69624,0.85141,2.87673,-8.89051,,10.10851,-35.47973,,,,,,,,3.69974,-24.10263,,,,,,,,0.63185,6.77305,,,,,,,,,,,,,,,,,,,,,,,,,,,,,,Low,Low,Low,Estimated,Estimated,,,
461,2026-09-04,15:25:39.17,,,,,Undefined,FOR_RAM,"Checkmayan, Luke",1000610172,Left,FOR_RAM,Undefined,1,Bottom,0,0,0,Undefined,,Undefined,Undefined,Undefined,Undefined,0,0,,52.60961,4.539144,-0.801296,3300.110782,,,3.98886,-1.18643,22.02296,,,,3.0961,0.55986,51.80696,-7.355176,6.183176,0.48768,73.76533,35.208811,-53.759778,4251.159052,68.63475,41.99435,-85.96083,184.07297,80.25709,-51.400918,2.919263,-29.05986,-0.44591,0.83199,50.00027,2.72455,3.80093,-77.6333,10.91487,-18.82222,4.10573,-32.46286,FOR_RAM,,FordhamUniversity,,,20260904-FordhamUniversity-BP-1,69c895b0-a896-11f1-884b-8d6b77d225c8,77.28922,42.52828,,0.80265,,,,1.48499,2.65386,-0.06852,568bcc58-7a80-4f8d-8682-9863113bc81a,2026-09-04,19:25:39.17,2026-09-04T15:25:39.1710000-04:00,2026-09-04T19:25:39.1710000Z,FlyBall,v3,471298,,,,,Undefined,FOR_RAM,9966150a-4dc3-490f-8a19-11bc7dd9d272,38.48753,-77.02203,2.05286,3.9898,6.08172,-16.23143,1.18928,0.99863,-9.41111,,1.485,52.25733,-7.0691,1.21082,-0.16479,0.0172,-0.00056,-0.00038,5E-05,2.65386,62.37722,-28.04398,3.51114,-0.70469,0.13544,-0.0258,0.00352,-0.0002,-0.06856,-71.29306,14.81389,-4.32639,0.9724,-0.13282,-0.00729,0.00636,-0.00071,,,,,,,,,,,,,,,,,,,,,,,Low,Low,Low,Medium,Low,,,
462,2026-09-04,15:25:54.39,,,,,Undefined,FOR_RAM,"Hanawalt, Chase",1000367090,Left,FOR_RAM,Undefined,1,Bottom,0,0,0,Undefined,Curveball,Undefined,Undefined,FlyBall,Undefined,0,0,,52.53279,4.076454,-0.689662,3162.219292,324.747865,4:45,4.28669,-0.37482,21.93989,-55.29916,-6.51221,5.50063,2.3262,-0.36363,49.19778,-10.362129,0.724684,0.502717,90.87585,33.58471,12.64529,3024.47679,108.07343,68.52983,20.49692,309.78109,304.90126,7.690752,5.393246,-5.97528,-7.68315,0.20549,50,3.10736,1.42832,-78.55181,10.76054,-3.66362,11.68575,-36.88482,FOR_RAM,,FordhamUniversity,,,20260904-FordhamUniversity-BP-1,72d7c4a0-a896-11f1-884b-8d6b77d225c8,74.97751,91.39112,,3.33502,,,,1.17127,2.37126,0.36973,568bcc58-7a80-4f8d-8682-9863113bc81a,2026-09-04,19:25:54.39,2026-09-04T15:25:54.3980000-04:00,2026-09-04T19:25:54.3980000Z,FlyBall,v3,471298,,,,,Undefined,FOR_RAM,7a35985a-2b94-4f5f-a972-fd1b01c5fe2e,38.56593,-76.83199,5.84287,4.29156,5.33213,-18.44241,0.37602,0.88913,-1.83181,165.047464,1.17301,108.31359,-21.87581,4.75551,-0.86662,0.12505,-0.01423,0.00126,-6E-05,2.37241,73.69104,-16.98329,0.76994,0.04683,-0.06781,0.02165,-0.00303,0.00016,0.3701,24.30582,-8.66102,2.29176,-0.44232,0.05386,-0.00259,-9E-05,1E-05,,,,,,,,,,,,,,,,,,,,,,,High,High,High,High,Medium,,,
463,2026-09-04,15:25:59.86,,,,,Undefined,FOR_RAM,"Hanawalt, Chase",1000367090,Left,FOR_RAM,Undefined,1,Bottom,0,0,0,Undefined,,Undefined,Undefined,Undefined,Undefined,0,0,,46.96246,5.29196,-1.611906,2531.91726,,,3.75094,-1.00558,22.02974,,,,2.58466,0.20141,45.74775,-9.017273,5.323424,0.550487,,,,,,,,,,,,-28.88525,2.97878,0.49885,50,2.27119,4.28369,-69.39199,11.43182,-14.68379,4.65777,-30.65979,FOR_RAM,,FordhamUniversity,,,20260904-FordhamUniversity-BP-1,76219870-a896-11f1-884b-8d6b77d225c8,68.47111,,,1.21471,,,,,,,568bcc58-7a80-4f8d-8682-9863113bc81a,2026-09-04,19:25:59.86,2026-09-04T15:25:59.8680000-04:00,2026-09-04T19:25:59.8680000Z,,v3,471298,,,,,Undefined,FOR_RAM,2f85cf58-b19c-4094-82de-7ff323561ede,38.47886,-68.61431,2.32888,3.75256,6.31269,-15.3299,1.0094,1.832,-7.3419,,,,,,,,,,,,,,,,,,,,,,,,,,,,,,,,,,,,,,,,,,,,,,,,,,,Low,Low,Low,,,,,
464,2026-09-04,15:26:05.74,,,,,Undefined,FOR_RAM,"Hanawalt, Chase",1000367090,Left,FOR_RAM,Undefined,1,Bottom,0,0,0,Undefined,Curveball,Undefined,Undefined,LineDrive,Undefined,0,0,,53.45157,4.254616,-0.663574,3436.37055,326.349002,5:00,4.30067,-0.36899,21.86573,-56.73294,-8.36619,6.62815,2.34235,-0.24777,49.00872,-10.604979,1.037983,0.500547,,,,,,,,,,,,-7.12363,-9.84115,0.20329,50,3.1083,1.48525,-80.29487,11.10594,-4.4249,15.08573,-38.28698,FOR_RAM,,FordhamUniversity,,,20260904-FordhamUniversity-BP-1,79aabf30-a896-11f1-884b-8d6b77d225c8,75.30252,,,4.44285,,,,,,,568bcc58-7a80-4f8d-8682-9863113bc81a,2026-09-04,19:26:05.74,2026-09-04T15:26:05.7480000-04:00,2026-09-04T19:26:05.7480000Z,,v3,471298,,,,,Undefined,FOR_RAM,dee83e6a-b09d-4d2d-b0ce-64226e38fab5,38.63918,-78.13126,7.54286,4.30735,5.61478,-19.14349,0.3708,0.85062,-2.21245,,,,,,,,,,,,,,,,,,,,,,,,,,,,,,,,,,,,,,,,,,,,,,,,,,,High,Medium,Medium,,,,,
465,2026-09-04,15:26:10.85,,,,,Undefined,FOR_RAM,"Hanawalt, Chase",1000367090,Left,FOR_RAM,Undefined,1,Bottom,0,0,0,Undefined,,Undefined,Undefined,LineDrive,Undefined,0,0,,50.18031,4.611332,-1.534521,2583.83318,,,3.82458,-1.0485,21.85865,,,,2.92842,0.21555,49.43653,-7.431322,5.40818,0.513407,,,,,,,,,,,,-29.03092,3.98937,0.55178,50.0001,2.56047,4.55211,-73.8934,10.5019,-17.11577,3.30122,-29.82203,FOR_RAM,,FordhamUniversity,,,20260904-FordhamUniversity-BP-1,7ca0cdb0-a896-11f1-884b-8d6b77d225c8,73.41636,,,0.74378,,,,,,,568bcc58-7a80-4f8d-8682-9863113bc81a,2026-09-04,19:26:10.85,2026-09-04T15:26:10.8530000-04:00,2026-09-04T19:26:10.8530000Z,,v3,471298,,,,,Undefined,FOR_RAM,63b6a8ff-5a35-45d9-8cc2-6236d3928a13,38.64934,-73.38455,1.65061,3.82497,5.90511,-14.91102,1.05011,1.91387,-8.55789,,,,,,,,,,,,,,,,,,,,,,,,,,,,,,,,,,,,,,,,,,,,,,,,,,,Low,Low,Low,,,,,
466,2026-09-04,15:26:21.88,,,,,Undefined,FOR_RAM,"Wansaw, Michael",1000503198,Right,FOR_RAM,Undefined,1,Bottom,0,0,0,Undefined,Curveball,Undefined,Undefined,GroundBall,Undefined,0,0,,50.75846,4.436198,-0.205479,3010.751627,321.051006,4:45,4.30917,-0.37629,21.94064,-55.94027,-3.97319,4.22272,2.52957,-0.15762,47.81199,-10.158207,0.879518,0.518842,,,,,,,,,,,,-4.48331,-5.04449,0.31032,50,3.04552,0.63481,-75.73166,10.98718,-2.57979,10.04225,-35.07674,FOR_RAM,,FordhamUniversity,,,20260904-FordhamUniversity-BP-1,832fe170-a896-11f1-884b-8d6b77d225c8,72.64719,,,2.94648,,,,,,,568bcc58-7a80-4f8d-8682-9863113bc81a,2026-09-04,19:26:21.88,2026-09-04T15:26:21.8830000-04:00,2026-09-04T19:26:21.8830000Z,,v3,471298,,,,,Undefined,FOR_RAM,fa26faa0-f541-4a63-8d48-f60baac9fadf,38.56493,-74.19984,5.02113,4.31339,5.63667,-17.53837,0.37715,0.24129,-1.2899,,,,,,,,,,,,,,,,,,,,,,,,,,,,,,,,,,,,,,,,,,,,,,,,,,,High,Medium,Medium,,,,,
467,2026-09-04,15:26:31.76,,,,,Undefined,FOR_RAM,"Wansaw, Michael",1000503198,Right,FOR_RAM,Undefined,1,Bottom,0,0,0,Undefined,,Undefined,Undefined,LineDrive,Undefined,0,0,,53.02305,4.28781,-1.173013,3528.248275,,,3.99398,-0.99788,21.85741,,,,3.09539,0.52294,52.20711,-7.110019,5.839625,0.485779,,,,,,,,,,,,-29.09277,1.06008,0.57728,50.00024,2.81767,4.30219,-78.22165,10.37564,-19.15803,4.02359,-31.47596,FOR_RAM,,FordhamUniversity,,,20260904-FordhamUniversity-BP-1,8918ca20-a896-11f1-884b-8d6b77d225c8,77.59176,,,0.81594,,,,,,,568bcc58-7a80-4f8d-8682-9863113bc81a,2026-09-04,19:26:31.76,2026-09-04T15:26:31.7600000-04:00,2026-09-04T19:26:31.7600000Z,,v3,471298,,,,,Undefined,FOR_RAM,46eae4bd-1e80-4e65-bfbc-301affc72b19,38.65275,-77.63576,2.01179,3.9948,5.7923,-15.73798,1.00064,1.51251,-9.57902,,,,,,,,,,,,,,,,,,,,,,,,,,,,,,,,,,,,,,,,,,,,,,,,,,,Low,Low,Low,,,,,
468,2026-09-04,15:26:36.86,,,,,Undefined,FOR_RAM,"Wansaw, Michael",1000503198,Right,FOR_RAM,Undefined,1,Bottom,0,0,0,Undefined,Curveball,Undefined,Undefined,FlyBall,Undefined,0,0,,53.93016,4.478022,-0.587835,3375.066538,320.68726,4:45,4.28487,-0.36674,21.87085,-54.60223,-8.11154,7.63099,2.64965,-0.11269,50.40167,-9.754719,1.369795,0.490743,,,,,,,,,,,,-8.0452,-9.19646,0.20964,50,3.0505,1.48793,-80.59558,11.42276,-5.19534,12.25494,-38.11283,FOR_RAM,,FordhamUniversity,,,20260904-FordhamUniversity-BP-1,8c282d00-a896-11f1-884b-8d6b77d225c8,76.80684,,,3.52849,,,,,,,568bcc58-7a80-4f8d-8682-9863113bc81a,2026-09-04,19:26:36.86,2026-09-04T15:26:36.8610000-04:00,2026-09-04T19:26:36.8610000Z,,v3,471298,,,,,Undefined,FOR_RAM,75c1b2b9-ae3b-4b70-aed1-9f893bcee406,38.63539,-78.8486,6.12747,4.29159,5.98967,-19.05641,0.36896,0.74732,-2.59767,,,,,,,,,,,,,,,,,,,,,,,,,,,,,,,,,,,,,,,,,,,,,,,,,,,High,Medium,Medium,,,,,
469,2026-09-04,15:26:47.03,,,,,Undefined,FOR_RAM,"Crang, Mason",10913432,Right,FOR_RAM,Undefined,1,Bottom,0,0,0,Undefined,,Undefined,Undefined,LineDrive,Undefined,0,0,,52.06923,4.370225,-3.185367,1789.121414,,,4.0591,-0.65801,22.02569,,,,3.16574,-0.46259,51.28145,-7.19217,3.776572,0.492071,,,,,,,,,,,,-29.40663,1.83788,-0.18546,50.00005,2.83,7.00925,-76.54102,10.48609,-18.70736,2.99945,-31.00486,FOR_RAM,,FordhamUniversity,,,20260904-FordhamUniversity-BP-1,92236530-a896-11f1-884b-8d6b77d225c8,76.59963,,,0.78777,,,,,,,568bcc58-7a80-4f8d-8682-9863113bc81a,2026-09-04,19:26:47.03,2026-09-04T15:26:47.0370000-04:00,2026-09-04T19:26:47.0370000Z,,v3,471298,,,,,Undefined,FOR_RAM,967b639f-2716-4495-8063-31751fece750,38.48241,-76.08834,1.49972,4.05948,5.80675,-15.50243,0.65934,4.18588,-9.35368,,,,,,,,,,,,,,,,,,,,,,,,,,,,,,,,,,,,,,,,,,,,,,,,,,,Low,Low,Low,,,,,
470,2026-09-04,15:26:52.13,,,,,Undefined,FOR_RAM,"Crang, Mason",10913432,Right,FOR_RAM,Undefined,1,Bottom,0,0,0,Undefined,,Undefined,Undefined,LineDrive,Undefined,0,0,,49.79925,5.412246,-1.745286,2909.871685,,,3.6542,-1.07827,21.97627,,,,2.1397,-0.07543,49.25356,-10.114267,4.833867,0.516081,94.37436,19.741775,-27.189239,1250.372413,97.84376,26.07776,-50.2646,223.34063,223.34063,-28.492576,2.425495,-27.38285,-9.90733,0.54953,50.00023,2.11725,4.63482,-73.40695,12.78812,-15.88097,3.54091,-37.9199,FOR_RAM,,FordhamUniversity,,,20260904-FordhamUniversity-BP-1,9547afa0-a896-11f1-884b-8d6b77d225c8,73.03586,26.44274,,0.54569,,,,1.59966,1.56103,0.68943,568bcc58-7a80-4f8d-8682-9863113bc81a,2026-09-04,19:26:52.13,2026-09-04T15:26:52.1350000-04:00,2026-09-04T19:26:52.1350000Z,LineDrive,v3,471298,,,,,Undefined,FOR_RAM,d08895e6-dbb7-42e7-bc37-80222c1ff616,38.53688,-72.8519,1.77045,3.65596,6.84401,-18.95995,1.08094,2.14541,-7.94049,,1.59964,115.88527,-23.33113,5.66357,-1.43004,0.3921,-0.10114,0.01854,-0.00161,1.56112,46.74915,-25.15619,3.62447,-0.68356,-0.02249,0.08013,-0.02614,0.00289,0.68944,-59.5296,10.08907,-2.47255,0.63431,-0.18323,0.05055,-0.0098,0.00088,,,,,,,,,,,,,,,,,,,,,,,Low,Low,Low,Low,Medium,,,
471,2026-09-04,15:26:57.35,,,,,Undefined,FOR_RAM,"Crang, Mason",10913432,Right,FOR_RAM,Undefined,1,Bottom,0,0,0,Undefined,Curveball,Undefined,Undefined,FlyBall,Undefined,0,0,,50.17911,4.382549,-0.247737,3115.718005,335.132677,5:15,4.30406,-0.38944,21.96426,-60.47621,-7.60815,4.08036,2.10968,-0.20993,47.61932,-11.345847,0.802523,0.523321,90.33867,31.315424,2.26198,3642.818544,109.29417,59.0543,12.44054,323.78742,310.84603,16.531235,4.98849,-4.34236,-8.72969,0.31557,50,3.01805,0.67296,-74.84053,11.21992,-2.45339,9.35635,-37.10624,FOR_RAM,,FordhamUniversity,,,20260904-FordhamUniversity-BP-1,9857aec0-a896-11f1-884b-8d6b77d225c8,72.02546,78.16525,,2.55979,,,,4.32484,2.65962,0.24856,568bcc58-7a80-4f8d-8682-9863113bc81a,2026-09-04,19:26:57.35,2026-09-04T15:26:57.3510000-04:00,2026-09-04T19:26:57.3510000Z,FlyBall,v3,471298,,,,,Undefined,FOR_RAM,30503406-ab6a-41ea-a4d7-47e0e844b85b,38.54261,-73.39418,4.67818,4.30912,5.48387,-18.55312,0.39028,0.2937,-1.2267,216.716837,4.32645,113.07623,-21.52183,4.48319,-0.86269,0.15215,-0.02629,0.00353,-0.00021,2.66098,68.82988,-17.47315,0.72053,0.22449,-0.16578,0.04907,-0.00674,0.00035,0.24879,4.46097,7.84906,-2.53084,0.71621,-0.17597,0.03311,-0.00383,0.00019,,,,,,,,,,,,,,,,,,,,,,,High,Medium,Medium,Medium,Medium,,,
472,2026-09-04,15:27:02.70,,,,,Undefined,FOR_RAM,"Crang, Mason",10913432,Right,FOR_RAM,Undefined,1,Bottom,0,0,0,Undefined,Curveball,Undefined,Undefined,GroundBall,Undefined,0,0,,49.86053,5.213171,-0.785066,2767.169817,328.977361,5:00,4.18282,-0.34429,21.79307,-68.64614,-13.81981,9.24497,1.86552,-0.08494,46.83581,-12.566671,1.592715,0.532925,93.1399,6.640914,-24.513546,1665.726498,,,,92.05058,88.01856,-28.984492,0.707344,-9.74044,-15.11481,0.14165,50,2.73799,1.75116,-74.55796,12.60095,-5.35758,10.87345,-40.48772,FOR_RAM,,FordhamUniversity,,,20260904-FordhamUniversity-BP-1,9b8d3740-a896-11f1-884b-8d6b77d225c8,70.72751,4.25203,,3.02472,,,,2.22409,1.97866,-0.39633,568bcc58-7a80-4f8d-8682-9863113bc81a,2026-09-04,19:27:02.70,2026-09-04T15:27:02.7060000-04:00,2026-09-04T19:27:02.7060000Z,GroundBall,v3,471298,,,,,Undefined,FOR_RAM,911c26a0-36cf-4199-bfa0-96138ea716bb,38.71626,-72.89378,5.43673,4.19236,6.40431,-20.24386,0.34692,0.93118,-2.67879,,2.23164,123.32104,-17.88514,,,,,,,2.02122,14.99083,-25.31363,,,,,,,-0.34569,-57.26418,-7.59776,,,,,,,,,,,,,,,,,,,,,,,,,,,,,Medium,Medium,Medium,Medium,Medium,,,
473,2026-09-04,15:27:17.99,,,,,Undefined,FOR_RAM,"Palmer, Owen",10100501,Left,FOR_RAM,Undefined,1,Bottom,0,0,0,Undefined,,Undefined,Undefined,GroundBall,Undefined,0,0,,52.369,2.268958,-2.345355,3162.941223,,,4.02948,-0.97748,21.85433,,,,2.31504,-0.38933,47.9747,-7.902129,4.149862,0.50997,,,,,,,,,,,,-28.73726,11.6802,0.34772,50,3.31913,5.57684,-78.77649,6.70566,-17.17984,14.53015,-25.19134,FOR_RAM,,FordhamUniversity,,,20260904-FordhamUniversity-BP-1,a4938c90-a896-11f1-884b-8d6b77d225c8,73.91103,,,4.39429,,,,,,,568bcc58-7a80-4f8d-8682-9863113bc81a,2026-09-04,19:27:17.99,2026-09-04T15:27:17.9940000-04:00,2026-09-04T19:27:17.9940000Z,,v3,471298,,,,,Undefined,FOR_RAM,15107eb0-9366-414d-8484-0681b743ab04,38.65142,-76.65469,7.26508,4.02975,3.02704,-12.59567,0.97891,3.06811,-8.58992,,,,,,,,,,,,,,,,,,,,,,,,,,,,,,,,,,,,,,,,,,,,,,,,,,,Low,Low,Low,,,,,
474,2026-09-04,15:27:23.10,,,,,Undefined,FOR_RAM,"Palmer, Owen",10100501,Left,FOR_RAM,Undefined,1,Bottom,0,0,0,Undefined,Curveball,Undefined,Undefined,LineDrive,Undefined,0,0,,52.58436,4.837145,-0.420536,3477.22085,317.484149,4:30,4.29543,-0.37788,21.89416,-53.57771,-4.84776,5.56276,2.97838,-0.18733,49.22008,-9.148862,1.006051,0.502423,,,,,,,,,,,,-5.99957,-6.37418,0.26057,50,2.97194,1.07639,-78.46381,11.69213,-3.69063,11.15688,-36.09511,FOR_RAM,,FordhamUniversity,,,20260904-FordhamUniversity-BP-1,a7a81f90-a896-11f1-884b-8d6b77d225c8,75.02136,,,3.36428,,,,,,,568bcc58-7a80-4f8d-8682-9863113bc81a,2026-09-04,19:27:23.10,2026-09-04T15:27:23.1050000-04:00,2026-09-04T19:27:23.1050000Z,,v3,471298,,,,,Undefined,FOR_RAM,86028ed7-3c2b-4cb0-a1c2-be3527e746f2,38.61159,-76.82741,5.57844,4.29859,6.39799,-18.04756,0.37875,0.53509,-1.84532,,,,,,,,,,,,,,,,,,,,,,,,,,,,,,,,,,,,,,,,,,,,,,,,,,,High,Medium,Medium,,,,,
475,2026-09-04,15:27:29.30,,,,,Undefined,FOR_RAM,"Palmer, Owen",10100501,Left,FOR_RAM,Undefined,1,Bottom,0,0,0,Undefined,,Undefined,Undefined,FlyBall,Undefined,0,0,,49.52758,4.210502,-0.455713,2977.227411,,,3.98436,-1.15371,21.92775,,,,2.28217,0.82438,49.04289,-9.473813,6.543807,0.519327,83.03449,31.213921,26.352255,3093.362178,97.82223,58.75109,50.30711,299.91268,298.94003,31.081178,4.795036,-29.04021,-1.56284,0.87143,50.00026,2.74767,3.12358,-73.13588,10.48873,-16.67339,3.74704,-33.07134,FOR_RAM,,FordhamUniversity,,,20260904-FordhamUniversity-BP-1,ab750610-a896-11f1-884b-8d6b77d225c8,72.57943,72.49594,,0.48469,,,,2.57317,2.07013,-0.49859,568bcc58-7a80-4f8d-8682-9863113bc81a,2026-09-04,19:27:29.30,2026-09-04T15:27:29.3030000-04:00,2026-09-04T19:27:29.3030000Z,FlyBall,v3,471298,,,,,Undefined,FOR_RAM,e7314595-668f-4003-b08c-043b5dcd49c9,38.5827,-72.54855,1.87352,3.98545,5.305,-16.53567,1.15621,0.51013,-8.3367,192.421036,2.57409,93.3132,-18.65696,4.23733,-0.83741,0.1613,-0.02904,0.00363,-0.0002,2.07036,63.10083,-14.98206,0.20553,0.27327,-0.16587,0.04763,-0.0066,0.00035,-0.49836,46.22864,-6.24564,1.33925,-0.24449,0.04464,-0.00825,0.00109,-6E-05,,,,,,,,,,,,,,,,,,,,,,,Low,Low,Low,High,High,,,
476,2026-09-04,15:27:37.81,,,,,Undefined,FOR_RAM,"Rubin, Jack",10076675,Right,FOR_RAM,Undefined,1,Bottom,0,0,0,Undefined,Curveball,Undefined,Undefined,LineDrive,Undefined,0,0,,49.95681,4.356549,-0.456176,2878.294031,310.153833,4:15,4.28282,-0.37572,21.85942,-61.90759,-7.30142,10.47552,1.96026,0.20082,46.66171,-11.769318,2.232989,0.531854,94.0557,14.636253,-9.907538,2189.075986,109.10254,22.91375,-14.01679,255.92781,98.77049,-3.681617,2.678879,-10.99607,-8.4965,0.22899,50,3.02686,1.43733,-74.81286,11.04963,-6.05073,11.47132,-36.84936,FOR_RAM,,FordhamUniversity,,,20260904-FordhamUniversity-BP-1,b076c310-a896-11f1-884b-8d6b77d225c8,70.86993,24.56603,,3.2951,,,,2.26724,2.21908,-0.01475,568bcc58-7a80-4f8d-8682-9863113bc81a,2026-09-04,19:27:37.81,2026-09-04T15:27:37.8190000-04:00,2026-09-04T19:27:37.8190000Z,LineDrive,v3,471298,,,,,Undefined,FOR_RAM,bdf6162f-3fd5-4ba6-a373-74cfade558b6,38.64677,-73.05129,5.73566,4.28919,5.39093,-18.42468,0.37837,0.50816,-3.02536,218.373137,2.26716,131.48451,-23.04252,5.4701,-1.24182,0.30082,-0.06419,0.00875,-0.00052,2.21935,34.84467,-13.58782,-0.37198,0.57377,-0.32898,0.10938,-0.01958,0.00147,-0.01468,-22.96848,10.62086,-2.71271,0.7268,-0.211,0.05216,-0.00811,0.00056,,,,,,,,,,,,,,,,,,,,,,,High,Medium,Medium,High,Low,,,
477,2026-09-04,15:27:43.27,,,,,Undefined,FOR_RAM,"Rubin, Jack",10076675,Right,FOR_RAM,Undefined,1,Bottom,0,0,0,Undefined,,Undefined,Undefined,GroundBall,Undefined,0,0,,53.12925,3.822831,-3.058672,3410.07846,,,3.95665,-0.77557,22.07295,,,,2.47989,-0.50955,52.47904,-8.427666,3.878603,0.481302,,,,,,,,,,,,-29.53092,-3.31752,-0.05327,50.00001,2.80773,7.04042,-78.10182,10.29082,-19.61115,2.86291,-34.37719,FOR_RAM,,FordhamUniversity,,,20260904-FordhamUniversity-BP-1,b3a28790-a896-11f1-884b-8d6b77d225c8,78.3135,,,0.65021,,,,,,,568bcc58-7a80-4f8d-8682-9863113bc81a,2026-09-04,19:27:43.27,2026-09-04T15:27:43.2710000-04:00,2026-09-04T19:27:43.2710000Z,,v3,471298,,,,,Undefined,FOR_RAM,d95f98e1-bcba-43e6-8f08-3e14b549f278,38.43412,-77.6767,1.43145,3.95683,5.1861,-17.18859,0.77596,4.12833,-9.80558,,,,,,,,,,,,,,,,,,,,,,,,,,,,,,,,,,,,,,,,,,,,,,,,,,,Low,Low,Low,,,,,
478,2026-09-04,15:27:47.91,,,,,Undefined,FOR_RAM,"Rubin, Jack",10076675,Right,FOR_RAM,Undefined,1,Bottom,0,0,0,Undefined,,Undefined,Undefined,LineDrive,Undefined,0,0,,52.49305,4.458807,-1.240767,3522.214028,,,4.04754,-0.9785,21.91142,,,,3.55666,0.44746,51.37309,-6.062466,5.617716,0.49109,75.33941,13.506708,-10.446598,1878.004808,,,,,23.00194,,,-28.49545,5.88166,0.54788,50.00032,2.8551,4.28639,-77.45524,10.16835,-18.30842,4.42387,-28.39507,FOR_RAM,,FordhamUniversity,,,20260904-FordhamUniversity-BP-1,b67a1190-a896-11f1-884b-8d6b77d225c8,76.75256,8.19771,,1.11995,,,,1.85785,3.2046,-0.25699,568bcc58-7a80-4f8d-8682-9863113bc81a,2026-09-04,19:27:47.91,2026-09-04T15:27:47.9130000-04:00,2026-09-04T19:27:47.9130000Z,,v3,471298,,,,,Undefined,FOR_RAM,f0bac921-74d9-4beb-bce8-2d0e04945f54,38.59721,-76.80118,2.21194,4.04811,5.97025,-14.19754,0.98151,1.57956,-9.15421,201.136134,1.85875,105.60161,-13.20819,,,,,,,3.20392,25.85252,-5.69808,,,,,,,-0.25766,-19.43706,7.56179,,,,,,,,,,,,,,,,,,,,,,,,,,,,,Low,Low,Low,Medium,Undefined,,,
479,2026-09-04,15:27:52.49,,,,,Undefined,FOR_RAM,"Rubin, Jack",10076675,Right,FOR_RAM,Undefined,1,Bottom,0,0,0,Undefined,,Undefined,Undefined,LineDrive,Undefined,0,0,,52.47489,4.820509,-1.050325,3433.147289,,,3.92635,-1.08241,22.00365,,,,3.10776,0.50159,51.65441,-7.409357,5.92814,0.489274,94.49962,19.972631,-9.743168,3083.756153,109.42605,39.88325,-11.221,329.79797,329.79797,3.600128,4.267544,-29.07572,-1.57768,0.67805,50.00022,2.59776,4.12585,-77.38063,11.39112,-18.73045,3.97301,-33.19037,FOR_RAM,,FordhamUniversity,,,20260904-FordhamUniversity-BP-1,b9340170-a896-11f1-884b-8d6b77d225c8,77.03754,53.58664,,0.82048,,,,2.06404,3.19113,-0.43508,568bcc58-7a80-4f8d-8682-9863113bc81a,2026-09-04,19:27:52.49,2026-09-04T15:27:52.4970000-04:00,2026-09-04T19:27:52.4970000Z,LineDrive,v3,471298,,,,,Undefined,FOR_RAM,bd624ba0-8357-4c73-ba50-a27cb1f03ac7,38.50668,-76.78824,1.9865,3.92727,6.44232,-16.59519,1.08502,1.33307,-9.36522,212.030873,2.06379,128.39012,-25.28587,5.86357,-1.18849,0.22159,-0.0354,0.00384,-0.00019,3.19139,47.33695,-9.05276,-2.10354,0.87695,-0.23391,0.04107,-0.00385,0.00013,-0.43507,-22.0443,14.48518,-4.06161,1.00048,-0.21108,0.03442,-0.00358,0.00017,,,,,,,,,,,,,,,,,,,,,,,Low,Low,Low,High,High,,,
480,2026-09-04,15:28:03.06,,,,,Undefined,FOR_RAM,"Checkmayan, Luke",1000610172,Left,FOR_RAM,Undefined,1,Bottom,0,0,0,Undefined,Curveball,Undefined,Undefined,Undefined,Undefined,0,0,,52.26396,-1.69397,1.923378,3551.032607,326.405898,5:00,4.70315,-0.11927,,-16.97387,-0.99028,0.82602,2.65176,0.67237,50.50713,-9.25264,2.290621,0.287746,,,,,,,,,,,,-1.90768,-2.36953,0.93157,50,3.49925,-2.14887,-80.79916,9.29901,-1.23824,12.31099,-33.71207,FOR_RAM,,FordhamUniversity,,,20260904-FordhamUniversity-BP-1,bf687210-a896-11f1-884b-8d6b77d225c8,130.9922,,,1.75682,,,,,,,568bcc58-7a80-4f8d-8682-9863113bc81a,2026-09-04,19:28:03.06,2026-09-04T15:28:03.0640000-04:00,2026-09-04T19:28:03.0640000Z,,v3,471298,,,,,Undefined,FOR_RAM,f5b58833-ab5d-4bb4-b545-c47e7d2872b9,22.94017,-76.56525,6.1555,4.70364,-2.29501,-16.85604,0.11932,-2.57472,-0.61912,,,,,,,,,,,,,,,,,,,,,,,,,,,,,,,,,,,,,,,,,,,,,,,,,,,High,High,High,,,,,
481,2026-09-04,15:28:07.66,,,,,Undefined,FOR_RAM,"Checkmayan, Luke",1000610172,Left,FOR_RAM,Undefined,1,Bottom,0,0,0,Undefined,,Undefined,Undefined,LineDrive,Undefined,0,0,,50.81283,4.731615,-2.095236,3050.194574,,,3.92361,-0.88278,21.9196,,,,2.91606,0.0313,49.292,-7.963128,4.897991,0.510229,83.00122,20.350645,10.714131,1443.107833,107.9649,34.0483,21.06094,282.32395,280.0014,11.677362,3.529431,-29.27084,0.72831,0.28102,50,2.62115,5.28954,-75.13229,10.95922,-17.42633,5.5486,-31.74045,FOR_RAM,,FordhamUniversity,,,20260904-FordhamUniversity-BP-1,c23d8b10-a896-11f1-884b-8d6b77d225c8,73.8736,38.45267,,1.52083,,,,2.42073,2.65523,-0.06025,568bcc58-7a80-4f8d-8682-9863113bc81a,2026-09-04,19:28:07.66,2026-09-04T15:28:07.6600000-04:00,2026-09-04T19:28:07.6600000Z,LineDrive,v3,471298,,,,,Undefined,FOR_RAM,bfabd96e-7afa-4100-ba06-77712a0ace76,38.58882,-74.28479,2.7743,3.92483,6.1111,-15.87023,0.88568,2.6278,-8.71317,187.647199,2.42051,112.15527,-18.3926,4.25595,-0.88205,0.17969,-0.03409,0.00455,-0.00027,2.65555,42.3213,-12.21744,-0.5299,0.33896,-0.10742,0.02277,-0.00224,4E-05,-0.06027,21.21886,-2.0264,0.21652,-0.01449,0.00402,-0.00215,0.00041,-3E-05,,,,,,,,,,,,,,,,,,,,,,,Low,Low,Low,High,High,,,
482,2026-09-04,15:28:12.10,,,,,Undefined,FOR_RAM,"Checkmayan, Luke",1000610172,Left,FOR_RAM,Undefined,1,Bottom,0,0,0,Undefined,Curveball,Undefined,Undefined,FlyBall,Undefined,0,0,,52.04452,4.49517,-0.502781,3135.64371,320.517993,4:45,4.29017,-0.37706,21.90811,-58.03192,-8.78311,8.13634,2.37739,-0.02531,49.31746,-10.581349,1.58739,0.505091,,,,,,,,,,,,-8.76268,-10.3728,0.22556,50,2.99725,1.42351,-77.57501,11.58967,-5.33095,9.8533,-38.48456,FOR_RAM,,FordhamUniversity,,,20260904-FordhamUniversity-BP-1,c4dcee10-a896-11f1-884b-8d6b77d225c8,74.6251,,,2.72706,,,,,,,568bcc58-7a80-4f8d-8682-9863113bc81a,2026-09-04,19:28:12.10,2026-09-04T15:28:12.1080000-04:00,2026-09-04T19:28:12.1080000Z,,v3,471298,,,,,Undefined,FOR_RAM,77af641e-1e01-4c5d-abfe-7ec06e447165,38.59877,-76.11309,4.92665,4.29321,5.87977,-19.24228,0.37809,0.63256,-2.66548,,,,,,,,,,,,,,,,,,,,,,,,,,,,,,,,,,,,,,,,,,,,,,,,,,,High,Medium,Medium,,,,,
483,2026-09-04,15:28:16.77,,,,,Undefined,FOR_RAM,"Checkmayan, Luke",1000610172,Left,FOR_RAM,Undefined,1,Bottom,0,0,0,Undefined,Curveball,Undefined,Undefined,Undefined,Undefined,0,0,,48.71328,4.420927,-1.055981,2604.06049,315.74773,4:30,4.28836,-0.3656,21.90432,-62.0496,-5.23244,6.51697,1.99297,-0.50794,45.87893,-11.731468,0.618438,0.542514,76.30201,1.822173,47.654861,3029.126049,,,,51.92135,48.10598,45.724128,0.468085,-7.10449,-6.21544,0.11912,50,3.00219,1.86348,-72.76652,10.96671,-3.74715,9.8364,-35.45229,FOR_RAM,,FordhamUniversity,,,20260904-FordhamUniversity-BP-1,c7c763d0-a896-11f1-884b-8d6b77d225c8,69.47732,2.41916,,2.83435,,,,3.5291,2.24959,0.79163,568bcc58-7a80-4f8d-8682-9863113bc81a,2026-09-04,19:28:16.77,2026-09-04T15:28:16.7790000-04:00,2026-09-04T19:28:16.7790000Z,GroundBall,v3,471298,,,,,Undefined,FOR_RAM,02f31975-940d-4439-8bd9-e210d3336fbc,38.60157,-71.20904,4.9182,4.29423,5.35325,-17.72615,0.36721,1.27016,-1.87358,,3.53868,75.0679,-11.13087,,,,,,,2.25887,3.29207,-17.38287,,,,,,,0.79929,82.45047,-10.15644,,,,,,,,,,,,,,,,,,,,,,,,,,,,,High,High,High,Medium,High,,,
484,2026-09-04,15:28:28.39,,,,,Undefined,FOR_RAM,"Hanawalt, Chase",1000367090,Left,FOR_RAM,Undefined,1,Bottom,0,0,0,Undefined,Curveball,Undefined,Undefined,LineDrive,Undefined,0,0,,53.49554,4.758426,-0.431134,3430.924715,313.769695,4:30,4.29622,-0.3823,21.95011,-53.64184,-5.98189,7.72996,2.91772,-0.01761,49.33944,-9.319221,1.554823,0.496876,,,,,,,,,,,,-8.36,-7.94402,0.24995,50,2.98765,1.30297,-80.15085,11.76015,-5.24464,13.7926,-37.15772,FOR_RAM,,FordhamUniversity,,,20260904-FordhamUniversity-BP-1,ce8e9e90-a896-11f1-884b-8d6b77d225c8,75.85882,,,4.1561,,,,,,,568bcc58-7a80-4f8d-8682-9863113bc81a,2026-09-04,19:28:28.39,2026-09-04T15:28:28.3950000-04:00,2026-09-04T19:28:28.3950000Z,,v3,471298,,,,,Undefined,FOR_RAM,56c10514-c5e7-4f9c-ad92-c5667c498601,38.55536,-78.15661,6.8963,4.29962,6.3876,-18.57886,0.38352,0.54467,-2.62232,,,,,,,,,,,,,,,,,,,,,,,,,,,,,,,,,,,,,,,,,,,,,,,,,,,High,Medium,Medium,,,,,
485,2026-09-04,15:28:34.03,,,,,Undefined,FOR_RAM,"Hanawalt, Chase",1000367090,Left,FOR_RAM,Undefined,1,Bottom,0,0,0,Undefined,Curveball,Undefined,Undefined,FlyBall,Undefined,0,0,,51.52966,4.395387,-0.934437,3076.412844,314.886169,4:30,4.27896,-0.36508,21.88894,-57.43861,-6.6965,8.00406,2.35222,-0.30484,48.4039,-10.565247,1.120118,0.512691,,,,,,,,,,,,-8.6491,-7.93052,0.13332,50,3.02714,1.94371,-76.96294,11.16173,-5.11213,10.85015,-36.86143,FOR_RAM,,FordhamUniversity,,,20260904-FordhamUniversity-BP-1,d1fa5240-a896-11f1-884b-8d6b77d225c8,73.51884,,,3.12576,,,,,,,568bcc58-7a80-4f8d-8682-9863113bc81a,2026-09-04,19:28:34.03,2026-09-04T15:28:34.0360000-04:00,2026-09-04T19:28:34.0360000Z,,v3,471298,,,,,Undefined,FOR_RAM,aef49854-1897-463e-bc02-0ea6ce5a79d0,38.61729,-75.34113,5.42508,4.28373,5.65193,-18.43072,0.36675,1.17959,-2.55606,,,,,,,,,,,,,,,,,,,,,,,,,,,,,,,,,,,,,,,,,,,,,,,,,,,High,High,High,,,,,
486,2026-09-04,15:28:45.08,,,,,Undefined,FOR_RAM,"Hanawalt, Chase",1000367090,Left,FOR_RAM,Undefined,1,Bottom,0,0,0,Undefined,,Undefined,Undefined,GroundBall,Undefined,0,0,,52.07615,4.43711,-2.91588,3547.686091,,,3.89719,-0.84212,22.17008,,,,3.46779,-0.54522,51.15926,-5.8477,3.820871,0.490217,,,,,,,,,,,,-28.85238,7.04067,0.03917,50.00002,2.67057,6.65809,-76.51699,10.14074,-18.35479,2.93714,-27.69505,FOR_RAM,,FordhamUniversity,,,20260904-FordhamUniversity-BP-1,d8808c60-a896-11f1-884b-8d6b77d225c8,76.88932,,,0.91689,,,,,,,568bcc58-7a80-4f8d-8682-9863113bc81a,2026-09-04,19:28:45.08,2026-09-04T15:28:45.0880000-04:00,2026-09-04T19:28:45.0880000Z,,v3,471298,,,,,Undefined,FOR_RAM,d841b32a-07c5-4450-b011-8f9ede890887,38.33658,-76.06797,1.46857,3.89723,5.90678,-13.84753,0.84255,3.85204,-9.1774,,,,,,,,,,,,,,,,,,,,,,,,,,,,,,,,,,,,,,,,,,,,,,,,,,,Low,Low,Low,,,,,
487,2026-09-04,15:28:50.94,,,,,Undefined,FOR_RAM,"Hanawalt, Chase",1000367090,Left,FOR_RAM,Undefined,1,Bottom,0,0,0,Undefined,Curveball,Undefined,Undefined,FlyBall,Undefined,0,0,,49.8825,5.067253,-0.797205,2731.339564,325.698658,4:45,4.26866,-0.37423,21.83785,-62.27165,-7.89056,6.31422,2.38286,-0.36639,46.89469,-11.114315,0.82078,0.530756,86.15059,35.551575,34.580421,,89.96051,70.38484,63.30152,327.89763,325.61818,37.94371,5.213804,-6.77792,-9.15808,0.18201,50,2.86588,1.54802,-74.4346,12.02346,-3.74821,10.12788,-37.2385,FOR_RAM,,FordhamUniversity,,,20260904-FordhamUniversity-BP-1,dc4646f0-a896-11f1-884b-8d6b77d225c8,71.01645,90.87254,,2.98781,,,,2.99685,2.77065,0.58803,568bcc58-7a80-4f8d-8682-9863113bc81a,2026-09-04,19:28:50.94,2026-09-04T15:28:50.9430000-04:00,2026-09-04T19:28:50.9430000Z,FlyBall,v3,471298,,,,,Undefined,FOR_RAM,6775c797-090d-4b93-ae8e-d307a41b225f,38.66883,-72.87652,5.06394,4.27491,6.29468,-18.61925,0.3758,0.97139,-1.8741,,3.0002,84.56922,-16.4628,3.52717,-0.44501,0.00703,0.00637,-0.00071,2E-05,2.76875,73.50038,-16.91092,0.88748,-0.07612,-0.04267,0.02089,-0.0034,0.00019,0.58983,58.30855,-9.09872,1.91329,-0.22795,-0.00135,0.00451,-0.0005,2E-05,,,,,,,,,,,,,,,,,,,,,,,High,High,High,High,Medium,,,
488,2026-09-04,15:29:03.82,,,,,Undefined,FOR_RAM,"Wansaw, Michael",1000503198,Right,FOR_RAM,Undefined,1,Bottom,0,0,0,Undefined,Curveball,Undefined,Undefined,LineDrive,Undefined,0,0,,48.96342,4.99823,-0.216428,2582.577308,330.230906,5:00,4.25503,-0.36527,21.83289,-65.70413,-10.07855,6.41,2.03809,0.02817,46.82971,-11.97603,1.427119,0.536795,88.85709,10.368268,-30.695636,2171.097214,,,,127.46355,127.46355,-35.201438,1.097968,-6.69622,-11.18064,0.28576,50,2.83478,0.80023,-72.87054,12.0939,-3.62027,8.12488,-38.21878,FOR_RAM,,FordhamUniversity,,,20260904-FordhamUniversity-BP-1,e3c5ae20-a896-11f1-884b-8d6b77d225c8,70.21755,7.89158,,2.13371,,,,2.51956,2.49903,-0.33797,568bcc58-7a80-4f8d-8682-9863113bc81a,2026-09-04,19:29:03.82,2026-09-04T15:29:03.8250000-04:00,2026-09-04T19:29:03.8250000Z,LineDrive,v3,471298,,,,,Undefined,FOR_RAM,cc5e8fe4-07ef-4922-8ea5-0b2aabac48d4,38.67574,-71.59679,4.06244,4.26111,6.10225,-19.10939,0.36673,0.23267,-1.81013,,2.51956,110.23419,-18.33215,2.42058,-0.3583,0.00382,0.00869,-0.00219,0.0004,2.49903,23.4549,-27.37108,4.45917,-0.99911,0.22432,-0.04431,0.00858,-0.00101,-0.33797,-65.44091,-3.37671,2.85554,-0.90891,0.25561,-0.05868,0.01213,-0.00149,,,,,,,,,,,,,,,,,,,,,,,High,Medium,Medium,Low,Medium,,,
489,2026-09-04,15:29:09.79,,,,,Undefined,FOR_RAM,"Wansaw, Michael",1000503198,Right,FOR_RAM,Undefined,1,Bottom,0,0,0,Undefined,,Undefined,Undefined,FlyBall,Undefined,0,0,,49.37483,5.196414,-2.22476,2759.891653,,,3.97863,-0.78318,22.04865,,,,2.92089,0.03432,48.70625,-8.522027,4.73832,0.51931,,,,,,,,,,,,-29.1975,-1.50453,0.13759,50.00013,2.51866,5.39211,-72.65633,11.79891,-16.65601,3.12122,-33.03231,FOR_RAM,,FordhamUniversity,,,20260904-FordhamUniversity-BP-1,e7685050-a896-11f1-884b-8d6b77d225c8,72.58179,,,0.66858,,,,,,,568bcc58-7a80-4f8d-8682-9863113bc81a,2026-09-04,19:29:09.79,2026-09-04T15:29:09.7980000-04:00,2026-09-04T19:29:09.7980000Z,,v3,471298,,,,,Undefined,FOR_RAM,b2cf360c-1b04-4f01-8d14-424be91f4cc9,38.46113,-72.15893,1.56061,3.97951,6.53483,-16.51616,0.78539,2.73778,-8.32801,,,,,,,,,,,,,,,,,,,,,,,,,,,,,,,,,,,,,,,,,,,,,,,,,,,Low,Low,Low,,,,,
490,2026-09-04,15:29:15.79,,,,,Undefined,FOR_RAM,"Wansaw, Michael",1000503198,Right,FOR_RAM,Undefined,1,Bottom,0,0,0,Undefined,,Undefined,Undefined,LineDrive,Undefined,0,0,,50.50597,5.379013,-1.774354,3207.169493,,,3.86641,-0.91754,21.92237,,,,2.61741,0.12689,49.86011,-9.271107,4.982637,0.509579,100.51788,13.273415,-18.200355,877.576002,103.12068,11.39474,-38.2889,168.69824,163.71745,-21.541273,1.394876,-28.0882,-7.64689,0.382,50.00023,2.37082,4.78789,-74.42628,12.55608,-16.75467,3.59167,-36.73544,FOR_RAM,,FordhamUniversity,,,20260904-FordhamUniversity-BP-1,eae80130-a896-11f1-884b-8d6b77d225c8,73.96782,12.42539,,0.64587,,,,1.39294,2.20727,-0.17609,568bcc58-7a80-4f8d-8682-9863113bc81a,2026-09-04,19:29:15.79,2026-09-04T15:29:15.7960000-04:00,2026-09-04T19:29:15.7960000Z,LineDrive,v3,471298,,,,,Undefined,FOR_RAM,428c799d-371b-43fd-a14e-ed77025861fb,38.59025,-73.8736,1.79584,3.868,6.90333,-18.36772,0.92038,2.20973,-8.37734,,1.39295,136.30788,-21.19148,3.0399,-0.56,0.24621,-0.2202,0.10722,-0.02015,2.20728,33.84685,-30.72732,4.91761,-1.00633,0.30556,-0.22605,0.11933,-0.02409,-0.17607,-44.81965,-1.69558,1.91697,-0.31101,0.09117,-0.18023,0.12257,-0.02698,,,,,,,,,,,,,,,,,,,,,,,Low,Low,Low,Medium,Medium,,,
491,2026-09-04,15:29:21.04,,,,,Undefined,FOR_RAM,"Wansaw, Michael",1000503198,Right,FOR_RAM,Undefined,1,Bottom,0,0,0,Undefined,Curveball,Undefined,Undefined,FlyBall,Undefined,0,0,,48.36036,5.35396,-0.467149,2531.55428,339.505982,5:15,4.2824,-0.36631,21.89621,-68.12901,-9.073,4.10284,2.09077,-0.32766,44.62013,-12.453719,0.586442,0.5531,,,,,,,,,,,,-4.37437,-10.47312,0.25388,50,2.80455,0.89247,-72.5272,12.33303,-2.22228,12.12743,-37.49461,FOR_RAM,,FordhamUniversity,,,20260904-FordhamUniversity-BP-1,ee0c99c0-a896-11f1-884b-8d6b77d225c8,68.14765,,,3.74023,,,,,,,568bcc58-7a80-4f8d-8682-9863113bc81a,2026-09-04,19:29:21.04,2026-09-04T15:29:21.0440000-04:00,2026-09-04T19:29:21.0440000Z,,v3,471298,,,,,Undefined,FOR_RAM,331b2a38-1c4f-4f39-b7da-e632034aaf79,38.60938,-70.59686,6.06371,4.29264,6.36496,-18.74731,0.36779,0.53875,-1.11114,,,,,,,,,,,,,,,,,,,,,,,,,,,,,,,,,,,,,,,,,,,,,,,,,,,High,Medium,Medium,,,,,
492,2026-09-04,15:29:31.34,,,,,Undefined,FOR_RAM,"Crang, Mason",10913432,Right,FOR_RAM,Undefined,1,Bottom,0,0,0,Undefined,Curveball,Undefined,Undefined,Undefined,Undefined,0,0,,51.48027,4.830472,-0.640436,3006.590225,321.762998,4:45,4.30607,-0.38548,21.98688,-57.21806,-5.71922,5.75063,2.67358,-0.321,47.47506,-10.1985,0.838928,0.5165,,,,,,,,,,,,-6.23363,-7.23559,0.22582,50,2.96637,1.34149,-77.14911,11.66773,-3.61305,13.01969,-36.36784,FOR_RAM,,FordhamUniversity,,,20260904-FordhamUniversity-BP-1,f4245aa0-a896-11f1-884b-8d6b77d225c8,72.97667,,,4.00522,,,,,,,568bcc58-7a80-4f8d-8682-9863113bc81a,2026-09-04,19:29:31.34,2026-09-04T15:29:31.3480000-04:00,2026-09-04T19:29:31.3480000Z,,v3,471298,,,,,Undefined,FOR_RAM,f5c16825-ea7c-4f1f-ac52-7f10ada33b50,38.51792,-75.18642,6.50985,4.31203,6.18537,-18.18392,0.38699,0.79683,-1.80652,,,,,,,,,,,,,,,,,,,,,,,,,,,,,,,,,,,,,,,,,,,,,,,,,,,High,High,High,,,,,
493,2026-09-04,15:29:36.88,,,,,Undefined,FOR_RAM,"Crang, Mason",10913432,Right,FOR_RAM,Undefined,1,Bottom,0,0,0,Undefined,Curveball,Undefined,Undefined,LineDrive,Undefined,0,0,,53.05977,4.183873,-0.244808,3566.596138,333.338454,5:00,4.29931,-0.39559,21.90032,-52.95652,-4.43796,2.95803,2.60678,-0.30799,49.01611,-9.699115,0.514675,0.501332,,,,,,,,,,,,-3.1704,-5.70394,0.33069,50,3.12638,0.59425,-79.52067,10.70748,-1.95876,13.53075,-35.69813,FOR_RAM,,FordhamUniversity,,,20260904-FordhamUniversity-BP-1,f7766bd0-a896-11f1-884b-8d6b77d225c8,75.1846,,,4.04366,,,,,,,568bcc58-7a80-4f8d-8682-9863113bc81a,2026-09-04,19:29:36.88,2026-09-04T15:29:36.8810000-04:00,2026-09-04T19:29:36.8810000Z,,v3,471298,,,,,Undefined,FOR_RAM,145b52c8-d098-4040-a654-5d421a59f119,38.60421,-77.55739,6.76538,4.30422,5.52778,-17.84907,0.3963,0.31004,-0.97938,,,,,,,,,,,,,,,,,,,,,,,,,,,,,,,,,,,,,,,,,,,,,,,,,,,High,Medium,Medium,,,,,
494,2026-09-04,15:29:42.45,,,,,Undefined,FOR_RAM,"Crang, Mason",10913432,Right,FOR_RAM,Undefined,1,Bottom,0,0,0,Undefined,Curveball,Undefined,Undefined,FlyBall,Undefined,0,0,,50.17397,4.346372,-0.769849,2936.221628,318.220411,4:30,4.30467,-0.39032,22.02308,-58.29078,-4.90299,5.65485,2.26458,-0.41715,46.97182,-10.912814,0.687025,0.525887,92.42274,29.835147,5.657127,3066.751842,108.21795,58.05126,19.71781,342.69521,319.71961,18.824464,4.971983,-6.15961,-5.96477,0.20344,50,3.0408,1.47975,-75.03482,10.93341,-3.43641,10.89424,-35.50177,FOR_RAM,,FordhamUniversity,,,20260904-FordhamUniversity-BP-1,face2250-a896-11f1-884b-8d6b77d225c8,71.67403,77.8562,,3.20216,,,,1.06639,2.15344,0.42581,568bcc58-7a80-4f8d-8682-9863113bc81a,2026-09-04,19:29:42.45,2026-09-04T15:29:42.4560000-04:00,2026-09-04T19:29:42.4560000Z,FlyBall,v3,471298,,,,,Undefined,FOR_RAM,b59a29f3-d891-4513-83d9-778bc2f96c24,38.48229,-73.34351,5.44712,4.31036,5.42184,-17.75089,0.39176,0.94625,-1.7182,215.081158,1.0688,116.96952,-23.55063,5.19707,-0.83598,0.07067,-0.00016,-0.00013,-2E-05,2.15415,67.40946,-15.65493,-0.17899,0.46926,-0.20834,0.05512,-0.00751,0.0004,0.42541,11.59317,7.44374,-2.70569,0.68339,-0.12537,0.0171,-0.00163,8E-05,,,,,,,,,,,,,,,,,,,,,,,High,High,High,High,Medium,,,
495,2026-09-04,15:29:50.05,,,,,Undefined,FOR_RAM,"Crang, Mason",10913432,Right,FOR_RAM,Undefined,1,Bottom,0,0,0,Undefined,Curveball,Undefined,Undefined,FlyBall,Undefined,0,0,,51.31587,3.305559,-0.05883,3011.86324,329.711823,5:00,4.29166,-0.3915,21.905,-52.01219,-0.76307,1.2489,2.10499,-0.32561,48.03359,-10.29318,0.262116,0.515246,86.45171,30.188615,-8.487855,2393.300999,109.61414,54.08302,-9.20487,326.39284,319.68805,0.97495,4.719725,-1.32933,-1.50169,0.37249,50,3.28694,0.18655,-76.79243,9.1965,-0.77703,11.38226,-33.05184,FOR_RAM,,FordhamUniversity,,,20260904-FordhamUniversity-BP-1,ff45eed0-a896-11f1-884b-8d6b77d225c8,73.15428,69.9162,,3.28228,,,,,,,568bcc58-7a80-4f8d-8682-9863113bc81a,2026-09-04,19:29:50.05,2026-09-04T15:29:50.0550000-04:00,2026-09-04T19:29:50.0550000Z,FlyBall,v3,471298,,,,,Undefined,FOR_RAM,21ba22e2-4ff6-472e-8366-bbda4327e9d5,38.59956,-75.08363,5.69113,4.29512,4.23449,-16.52592,0.39174,0.06989,-0.38852,213.885909,6.94406,108.35318,-17.08639,3.19182,-0.41469,0.00965,0.00504,-0.00021,-4E-05,3.00283,63.76014,-16.78015,0.82418,0.04814,-0.09739,0.03828,-0.00628,0.00037,0.34735,-16.14728,8.80744,-2.21511,0.40521,-0.05192,0.00669,-0.00104,8E-05,,,,,,,,,,,,,,,,,,,,,,,High,Medium,Medium,Medium,Medium,,,
496,2026-09-04,15:30:04.96,,,,,Undefined,FOR_RAM,"Palmer, Owen",10100501,Left,FOR_RAM,Undefined,1,Bottom,0,0,0,Undefined,Curveball,Undefined,Undefined,FlyBall,Undefined,0,0,,52.15817,5.038481,-0.562873,3309.759162,322.656092,4:45,4.26853,-0.38902,21.77528,-56.99653,-6.79339,6.22075,2.80882,-0.23721,48.56149,-9.800935,1.027562,0.509961,100.13328,32.831511,34.222453,3115.349768,89.36996,68.41776,64.13219,386.12217,295.87323,41.137029,5.661741,-6.55418,-7.98811,0.2466,50,2.92405,1.2744,-77.90625,11.94245,-3.9389,11.80823,-36.97472,FOR_RAM,,FordhamUniversity,,,20260904-FordhamUniversity-BP-1,08381fe0-a897-11f1-884b-8d6b77d225c8,73.91239,104.85406,,3.59668,,,,2.87949,3.19632,0.42037,568bcc58-7a80-4f8d-8682-9863113bc81a,2026-09-04,19:30:04.96,2026-09-04T15:30:04.9620000-04:00,2026-09-04T19:30:04.9620000Z,FlyBall,v3,471298,,,,,Undefined,FOR_RAM,0aa1a08f-3130-4527-851e-ae4c409394c7,38.73033,-76.17896,5.90412,4.27539,6.53384,-18.48736,0.39088,0.69822,-1.96945,,2.88402,101.95634,-23.31344,5.53676,-1.04523,0.15733,-0.01862,0.00159,-7E-05,3.19595,79.62003,-17.26639,0.57057,0.20128,-0.13029,0.0338,-0.00413,0.00019,0.42206,69.37355,-9.93153,1.97977,-0.30497,0.03651,-0.00416,0.00045,-2E-05,,,,,,,,,,,,,,,,,,,,,,,High,Medium,Medium,Medium,Medium,,,
497,2026-09-04,15:30:15.15,,,,,Undefined,FOR_RAM,"Palmer, Owen",10100501,Left,FOR_RAM,Undefined,1,Bottom,0,0,0,Undefined,Curveball,Undefined,Undefined,LineDrive,Undefined,0,0,,53.05822,3.611592,-0.57624,3210.415344,316.680082,4:30,4.29448,-0.36915,21.91511,-53.62684,-5.96284,6.74052,2.17207,-0.18133,49.90652,-10.36612,1.156741,0.496897,103.06813,13.348753,33.706993,1339.502139,88.8606,17.89299,64.83658,243.13031,169.19733,40.243748,2.027825,-7.16288,-6.7204,0.21695,50,3.22578,1.38625,-79.30451,10.03585,-4.5006,11.40873,-36.39663,FOR_RAM,,FordhamUniversity,,,20260904-FordhamUniversity-BP-1,0e45a790-a897-11f1-884b-8d6b77d225c8,75.85559,18.20099,,3.1517,,,,2.6659,2.38119,0.38083,568bcc58-7a80-4f8d-8682-9863113bc81a,2026-09-04,19:30:15.15,2026-09-04T15:30:15.1560000-04:00,2026-09-04T19:30:15.1560000Z,LineDrive,v3,471298,,,,,Undefined,FOR_RAM,8b52215f-2f2e-44c6-88d1-4f22752c08e7,38.59073,-77.64583,5.70436,4.3002,4.74425,-18.19831,0.37092,0.73192,-2.2503,,2.6659,122.35567,-22.61085,4.92462,-1.14069,0.25306,-0.05199,0.00788,-0.0006,2.38119,34.90093,-20.95983,2.2204,-0.47227,0.10168,-0.01913,0.00295,-0.00023,0.38083,81.62272,-2.07992,-0.21376,0.16007,-0.05418,0.01318,-0.00217,0.00018,,,,,,,,,,,,,,,,,,,,,,,High,Medium,Medium,Medium,Medium,,,
498,2026-09-04,15:30:20.51,,,,,Undefined,FOR_RAM,"Palmer, Owen",10100501,Left,FOR_RAM,Undefined,1,Bottom,0,0,0,Undefined,Curveball,Undefined,Undefined,LineDrive,Undefined,0,0,,49.21444,5.209444,-0.725443,2613.213522,325.837605,4:45,4.26015,-0.36914,21.87754,-67.29933,-11.67493,8.83615,2.0449,-0.10398,46.52393,-12.244239,1.543594,0.536789,82.15862,18.745321,31.85599,1873.987874,95.30966,20.88756,54.91875,197.42322,194.7053,29.724049,2.11705,-9.38107,-13.11871,0.17585,50,2.79043,1.64533,-73.447,12.51079,-5.06258,9.67788,-39.25369,FOR_RAM,,FordhamUniversity,,,20260904-FordhamUniversity-BP-1,11a1cae0-a897-11f1-884b-8d6b77d225c8,70.2183,20.95262,,2.69051,,,,3.48646,2.64875,0.17098,568bcc58-7a80-4f8d-8682-9863113bc81a,2026-09-04,19:30:20.51,2026-09-04T15:30:20.5190000-04:00,2026-09-04T19:30:20.5190000Z,LineDrive,v3,471298,,,,,Undefined,FOR_RAM,2ef6f311-ea7d-4382-8e5b-469a97b6a3db,38.63094,-71.93334,4.83894,4.26705,6.37134,-19.62684,0.37126,0.85352,-2.53129,50.431209,3.48648,96.91866,-9.37856,0.73174,-0.0099,-0.15222,0.10006,-0.03254,0.0043,2.64875,38.72407,-22.30558,2.25462,-0.47189,0.12827,-0.03878,0.01066,-0.0014,0.171,60.22314,-8.80413,1.47096,-0.23133,-0.04309,0.05044,-0.01681,0.00214,,,,,,,,,,,,,,,,,,,,,,,High,Medium,Medium,High,High,,,
499,2026-09-04,15:30:27.30,,,,,Undefined,FOR_RAM,"Palmer, Owen",10100501,Left,FOR_RAM,Undefined,1,Bottom,0,0,0,Undefined,Curveball,Undefined,Undefined,FlyBall,Undefined,0,0,,53.15589,4.726504,-1.068448,3350.614462,314.209544,4:30,4.27975,-0.36938,21.9213,-53.99885,-6.24213,7.6926,2.85349,-0.42153,49.62446,-9.381737,0.905979,0.49738,76.38332,38.680479,12.108731,3671.741154,108.42498,74.34844,18.54737,241.99684,239.60625,7.481632,4.94555,-8.2702,-7.30323,0.11561,50,2.99,2.13869,-79.3824,11.58881,-5.18507,11.81677,-36.75286,FOR_RAM,,FordhamUniversity,,,20260904-FordhamUniversity-BP-1,157c45f0-a897-11f1-884b-8d6b77d225c8,75.78192,81.35229,,3.53143,,,,1.943,3.02229,0.46114,568bcc58-7a80-4f8d-8682-9863113bc81a,2026-09-04,19:30:27.30,2026-09-04T15:30:27.3090000-04:00,2026-09-04T19:30:27.3090000Z,FlyBall,v3,471298,,,,,Undefined,FOR_RAM,9256a271-4204-45b1-963b-98e19e5b3839,38.58436,-77.6645,5.90839,4.28638,6.24573,-18.37643,0.37174,1.38489,-2.59254,167.100555,1.94504,85.4671,-16.80734,3.5753,-0.56176,0.05699,-0.00375,0.00039,-3E-05,3.02158,70.02218,-17.38599,0.87743,0.03767,-0.08985,0.03188,-0.00486,0.00027,0.46208,18.32565,-6.45321,1.6493,-0.30075,0.03545,-0.00159,-7E-05,1E-05,,,,,,,,,,,,,,,,,,,,,,,High,High,High,High,Medium,,,
500,2026-09-04,15:30:35.63,,,,,Undefined,FOR_RAM,"Rubin, Jack",10076675,Right,FOR_RAM,Undefined,1,Bottom,0,0,0,Undefined,,Undefined,Undefined,LineDrive,Undefined,0,0,,51.08931,4.608608,-1.531881,2908.498519,,,3.97971,-1.04426,21.88071,,,,2.92431,0.24078,50.36919,-7.911703,5.474567,0.503938,100.5457,22.571041,-30.966587,1965.17241,94.97168,42.11292,-55.50055,336.38586,310.68938,-31.256653,4.391709,-29.16415,0.06461,0.54952,50.00018,2.70237,4.63106,-75.29958,10.86865,-17.82517,3.58239,-32.13456,FOR_RAM,,FordhamUniversity,,,20260904-FordhamUniversity-BP-1,1a7b91f0-a897-11f1-884b-8d6b77d225c8,74.7958,58.38956,,0.72012,,,,2.58992,2.62361,0.00311,568bcc58-7a80-4f8d-8682-9863113bc81a,2026-09-04,19:30:35.63,2026-09-04T15:30:35.6320000-04:00,2026-09-04T19:30:35.6320000Z,LineDrive,v3,471298,,,,,Undefined,FOR_RAM,e656ee3b-406b-4bdc-9bde-44f8424ec500,38.62909,-74.75664,1.79119,3.98053,5.99841,-16.06728,1.04668,1.92952,-8.91259,,2.5903,116.75198,-23.28151,5.16339,-1.09778,0.20404,-0.02885,0.00248,-9E-05,2.6233,56.59948,-16.65066,1.51043,-0.114,-0.09137,0.0371,-0.00553,0.0003,0.00279,-70.05941,13.92609,-3.17792,0.74211,-0.17385,0.03254,-0.00371,0.00018,,,,,,,,,,,,,,,,,,,,,,,Low,Low,Low,Low,Low,,,
501,2026-09-04,15:31:06.96,,,,,Undefined,FOR_RAM,"Checkmayan, Luke",1000610172,Left,FOR_RAM,Undefined,1,Bottom,0,0,0,Undefined,,Undefined,Undefined,Undefined,Undefined,0,0,,54.42316,3.441772,-0.157656,3533.725786,,,3.76801,-1.15573,21.89276,,,,3.07604,0.87732,50.04103,-5.903015,6.403158,0.489141,,,,,,,,,,,,-26.1608,10.70989,1.00037,50,2.84736,2.36666,-81.64497,8.31015,-16.98878,14.54133,-25.21908,FOR_RAM,,FordhamUniversity,,,20260904-FordhamUniversity-BP-1,2d2c44c0-a897-11f1-884b-8d6b77d225c8,77.05837,,,4.38213,,,,,,,568bcc58-7a80-4f8d-8682-9863113bc81a,2026-09-04,19:31:06.96,2026-09-04T15:31:06.9670000-04:00,2026-09-04T19:31:06.9670000Z,,v3,471298,,,,,Undefined,FOR_RAM,3432264f-7f38-4df1-a1a9-5205e6908f07,38.61032,-79.59057,7.27067,3.76973,4.7472,-12.60954,1.16518,-0.03352,-8.49439,,,,,,,,,,,,,,,,,,,,,,,,,,,,,,,,,,,,,,,,,,,,,,,,,,,Low,Low,Low,,,,,
502,2026-09-04,15:31:11.37,,,,,Undefined,FOR_RAM,"Checkmayan, Luke",1000610172,Left,FOR_RAM,Undefined,1,Bottom,0,0,0,Undefined,,Undefined,Undefined,LineDrive,Undefined,0,0,,53.60823,4.223139,-1.738357,3513.68725,,,4.10312,-0.89709,21.89431,,,,3.17191,0.25222,51.6107,-7.235795,5.266944,0.485311,76.5638,15.877115,-12.568226,2236.120615,,,,,38.56804,,,-28.94124,0.91941,0.38121,50,2.95102,4.98895,-79.52782,10.28315,-19.07119,7.43091,-31.56819,FOR_RAM,,FordhamUniversity,,,20260904-FordhamUniversity-BP-1,2fc28000-a897-11f1-884b-8d6b77d225c8,77.66663,11.83671,,1.99752,,,,1.65667,2.86704,-0.07676,568bcc58-7a80-4f8d-8682-9863113bc81a,2026-09-04,19:31:11.37,2026-09-04T15:31:11.3760000-04:00,2026-09-04T19:31:11.3760000Z,,v3,471298,,,,,Undefined,FOR_RAM,61b42ca2-7926-4af0-bf43-61387763cac3,38.61501,-78.45682,3.71546,4.10523,5.73329,-15.7841,0.90217,2.24026,-9.53559,115.847292,1.66345,105.16968,-15.63395,,,,,,,2.86893,30.65086,-15.88073,,,,,,,-0.07268,-23.65532,-4.85133,,,,,,,,,,,,,,,,,,,,,,,,,,,,,Low,Low,Low,Medium,Undefined,,,
503,2026-09-04,15:31:16.05,,,,,Undefined,FOR_RAM,"Checkmayan, Luke",1000610172,Left,FOR_RAM,Undefined,1,Bottom,0,0,0,Undefined,,Undefined,Undefined,FlyBall,Undefined,0,0,,52.75459,4.357964,-1.969303,3342.067678,,,4.04514,-0.93337,21.97405,,,,3.42453,0.03445,51.87067,-6.343422,4.942056,0.486554,,,,,,,,,,,,-29.12557,4.25067,0.33931,50.00006,2.8529,5.42534,-77.65746,10.22715,-19.00479,3.44233,-29.40044,FOR_RAM,,FordhamUniversity,,,20260904-FordhamUniversity-BP-1,32865af0-a897-11f1-884b-8d6b77d225c8,77.46822,,,0.88392,,,,,,,568bcc58-7a80-4f8d-8682-9863113bc81a,2026-09-04,19:31:16.05,2026-09-04T15:31:16.0590000-04:00,2026-09-04T19:31:16.0590000Z,,v3,471298,,,,,Undefined,FOR_RAM,5ef50376-a815-4463-9a7c-cb40a42faf1b,38.53345,-77.14751,1.72116,4.04536,5.8717,-14.70022,0.93449,2.60992,-9.5024,,,,,,,,,,,,,,,,,,,,,,,,,,,,,,,,,,,,,,,,,,,,,,,,,,,Low,Low,Low,,,,,
504,2026-09-04,15:31:21.77,,,,,Undefined,FOR_RAM,"Checkmayan, Luke",1000610172,Left,FOR_RAM,Undefined,1,Bottom,0,0,0,Undefined,,Undefined,Undefined,GroundBall,Undefined,0,0,,52.35722,1.968862,-3.043564,3182.666031,,,4.00264,-0.81119,21.74647,,,,1.88416,-0.64447,45.9885,-9.021837,3.553006,0.523293,,,,,,,,,,,,-30.3636,11.35477,0.06182,50,3.36003,6.46337,-79.52422,6.31587,-17.30674,20.52121,-25.70202,FOR_RAM,,FordhamUniversity,,,20260904-FordhamUniversity-BP-1,35e8bfd0-a897-11f1-884b-8d6b77d225c8,72.02933,,,6.36873,,,,,,,568bcc58-7a80-4f8d-8682-9863113bc81a,2026-09-04,19:31:21.77,2026-09-04T15:31:21.7730000-04:00,2026-09-04T19:31:21.7730000Z,,v3,471298,,,,,Undefined,FOR_RAM,d465410a-5b43-4f68-946c-9dc4cc3d2ef5,38.75848,-76.56841,10.2606,4.00313,2.61384,-12.85101,0.81325,3.97057,-8.65337,,,,,,,,,,,,,,,,,,,,,,,,,,,,,,,,,,,,,,,,,,,,,,,,,,,Low,Low,Low,,,,,
505,2026-09-04,15:31:36.08,,,,,Undefined,FOR_RAM,"Hanawalt, Chase",1000367090,Left,FOR_RAM,Undefined,1,Bottom,0,0,0,Undefined,,Undefined,Undefined,LineDrive,Undefined,0,0,,52.937,3.335062,-2.846328,3397.387409,,,4.06606,-0.79421,22.01884,,,,2.77867,-0.41009,50.04722,-7.532207,4.026023,0.49416,,,,,,,,,,,,-30.01935,5.15756,0.03003,50,3.08954,6.59068,-78.84413,8.75998,-18.96775,9.6696,-28.91523,FOR_RAM,,FordhamUniversity,,,20260904-FordhamUniversity-BP-1,3e668430-a897-11f1-884b-8d6b77d225c8,76.27586,,,2.88979,,,,,,,568bcc58-7a80-4f8d-8682-9863113bc81a,2026-09-04,19:31:36.08,2026-09-04T15:31:36.0840000-04:00,2026-09-04T19:31:36.0840000Z,,v3,471298,,,,,Undefined,FOR_RAM,bc0a34d1-6e52-4fdd-a39f-fa911f510414,38.48758,-77.41935,4.8348,4.0664,4.49943,-14.45762,0.79524,3.79585,-9.48387,,,,,,,,,,,,,,,,,,,,,,,,,,,,,,,,,,,,,,,,,,,,,,,,,,,Low,Low,Low,,,,,
506,2026-09-04,15:31:42.73,,,,,Undefined,FOR_RAM,"Hanawalt, Chase",1000367090,Left,FOR_RAM,Undefined,1,Bottom,0,0,0,Undefined,Curveball,Undefined,Undefined,LineDrive,Undefined,0,0,,51.43263,4.743267,-0.734669,3118.479245,315.935824,4:30,4.27815,-0.36325,21.84695,-61.45968,-10.13371,11.12906,2.24698,0.0866,48.15637,-11.239007,2.120773,0.515632,98.48743,26.208542,13.911454,2736.99779,107.21337,53.2781,24.60131,342.52926,338.24277,11.141068,4.948391,-11.83981,-11.71953,0.15497,50,2.94359,1.92932,-76.90364,11.89697,-6.93626,11.47151,-39.03985,FOR_RAM,,FordhamUniversity,,,20260904-FordhamUniversity-BP-1,42768e30-a897-11f1-884b-8d6b77d225c8,73.09947,77.56678,,3.27626,,,,1.59399,2.40881,-0.01469,568bcc58-7a80-4f8d-8682-9863113bc81a,2026-09-04,19:31:42.73,2026-09-04T15:31:42.7300000-04:00,2026-09-04T19:31:42.7300000Z,FlyBall,v3,471298,,,,,Undefined,FOR_RAM,1dd049e4-500a-4625-9e2c-bf6eeb2b09a0,38.66016,-75.19309,5.73576,4.28357,6.0756,-19.51992,0.36554,0.89503,-3.46813,173.14287,1.59429,125.78744,-27.41333,6.60622,-1.42802,0.29807,-0.05217,0.0058,-0.00028,2.40969,63.77779,-13.51899,-0.45681,0.45482,-0.19334,0.04632,-0.00558,0.00026,-0.01441,31.15112,-8.74346,2.21898,-0.49209,0.10256,-0.01763,0.00193,-9E-05,,,,,,,,,,,,,,,,,,,,,,,High,Medium,Medium,High,High,,,
507,2026-09-04,15:31:59.23,,,,,Undefined,FOR_RAM,"Hanawalt, Chase",1000367090,Left,FOR_RAM,Undefined,1,Bottom,0,0,0,Undefined,Curveball,Undefined,Undefined,FlyBall,Undefined,0,0,,50.48645,4.909408,-1.074446,2940.998805,315.748602,4:30,4.30138,-0.37635,21.87619,-58.79243,-5.68453,6.88654,2.59905,-0.5004,47.25557,-10.41789,0.691351,0.524507,95.90144,45.472378,30.094223,4217.590271,92.71567,111.60163,59.19271,315.78802,315.74078,36.069471,6.50515,-7.4315,-6.72107,0.12679,50,2.95038,1.97015,-75.37138,11.64666,-4.19959,10.66686,-35.97217,FOR_RAM,,FordhamUniversity,,,20260904-FordhamUniversity-BP-1,4c587670-a897-11f1-884b-8d6b77d225c8,71.86263,147.50793,,3.23087,,,,1.93167,2.70755,0.46652,568bcc58-7a80-4f8d-8682-9863113bc81a,2026-09-04,19:31:59.23,2026-09-04T15:31:59.2300000-04:00,2026-09-04T19:31:59.2300000Z,FlyBall,v3,471298,,,,,Undefined,FOR_RAM,a375197e-ee84-45fa-b1f9-d4a96350dff1,38.62949,-73.74463,5.33343,4.30824,6.16071,-17.98608,0.37842,1.32969,-2.09979,,1.93337,85.28892,-24.11506,6.65601,-1.29628,0.16425,-0.01086,0.0002,1E-05,2.70125,100.37788,-19.84689,0.84608,0.06703,-0.05814,0.01711,-0.0024,0.00012,0.46769,49.43034,-9.55154,2.24334,-0.34623,0.0242,0.00144,-0.00033,1E-05,,,,,,,,,,,,,,,,,,,,,,,High,High,High,Medium,Medium,,,
508,2026-09-04,15:32:10.69,,,,,Undefined,FOR_RAM,"Hanawalt, Chase",1000367090,Left,FOR_RAM,Undefined,1,Bottom,0,0,0,Undefined,Curveball,Undefined,Undefined,GroundBall,Undefined,0,0,,50.27118,4.448959,-1.145109,2813.131656,319.163456,4:45,4.28768,-0.36306,21.86895,-61.23921,-7.47311,7.73319,2.08097,-0.46261,47.01554,-11.501501,0.839986,0.527747,99.85667,-2.827827,29.955444,2593.703921,,,,49.41248,45.4385,28.943184,0.344224,-8.4,-8.66012,0.09401,50,3.01421,2.13176,-75.20412,11.2021,-4.6916,11.22333,-37.01094,FOR_RAM,,FordhamUniversity,,,20260904-FordhamUniversity-BP-1,53249330-a897-11f1-884b-8d6b77d225c8,71.42144,2.41758,,3.25564,,,,1.34673,2.41758,0.46448,568bcc58-7a80-4f8d-8682-9863113bc81a,2026-09-04,19:32:10.69,2026-09-04T15:32:10.6930000-04:00,2026-09-04T19:32:10.6930000Z,GroundBall,v3,471298,,,,,Undefined,FOR_RAM,00140219-8534-4ff2-800e-4414929f97f6,38.63721,-73.48879,5.61166,4.29403,5.54551,-18.50547,0.36502,1.41471,-2.3458,,1.35101,126.57244,-14.20882,,,,,,,2.41219,-7.01608,0.0668,,,,,,,0.46991,72.8304,-13.77622,,,,,,,,,,,,,,,,,,,,,,,,,,,,,High,High,High,Medium,High,,,
509,2026-09-04,15:32:24.34,,,,,Undefined,FOR_RAM,"Wansaw, Michael",1000503198,Right,FOR_RAM,Undefined,1,Bottom,0,0,0,Undefined,Curveball,Undefined,Undefined,Undefined,Undefined,0,0,,53.31084,5.05491,-0.871285,3283.722107,311.770804,4:30,4.30318,-0.37453,21.96487,-56.15936,-8.51973,11.00942,2.90747,-0.02167,49.53407,-9.639674,1.958526,0.49677,,,,,,,,,,,,-11.91331,-10.44123,0.1348,50,2.91643,2.20542,-79.71583,12.38068,-7.47284,12.65199,-38.7235,FOR_RAM,,FordhamUniversity,,,20260904-FordhamUniversity-BP-1,5b44ce40-a897-11f1-884b-8d6b77d225c8,75.875,,,3.77677,,,,,,,568bcc58-7a80-4f8d-8682-9863113bc81a,2026-09-04,19:32:24.34,2026-09-04T15:32:24.3490000-04:00,2026-09-04T19:32:24.3490000Z,,v3,471298,,,,,Undefined,FOR_RAM,b8638746-2e1a-43eb-b5f6-36950290e812,38.54145,-77.87597,6.32599,4.30739,6.74949,-19.36175,0.3765,1.11872,-3.73642,,,,,,,,,,,,,,,,,,,,,,,,,,,,,,,,,,,,,,,,,,,,,,,,,,,High,Medium,Medium,,,,,
510,2026-09-04,15:32:30.46,,,,,Undefined,FOR_RAM,"Wansaw, Michael",1000503198,Right,FOR_RAM,Undefined,1,Bottom,0,0,0,Undefined,Curveball,Undefined,Undefined,GroundBall,Undefined,0,0,,49.85135,4.404503,-0.354854,2794.253464,327.714788,5:00,4.29553,-0.38191,21.94287,-63.13244,-8.72225,6.44473,1.89577,-0.07491,46.73885,-12.050528,1.30416,0.530898,88.86186,6.883116,-34.009675,3248.80586,,,,68.08781,68.08781,-35.194455,0.556602,-6.86323,-10.15725,0.27404,50,3.00151,0.99704,-74.61452,11.30888,-3.77381,11.03943,-37.75909,FOR_RAM,,FordhamUniversity,,,20260904-FordhamUniversity-BP-1,5ee54d90-a897-11f1-884b-8d6b77d225c8,70.99746,3.60285,,3.1125,,,,2.0988,1.94052,-0.00956,568bcc58-7a80-4f8d-8682-9863113bc81a,2026-09-04,19:32:30.46,2026-09-04T15:32:30.4610000-04:00,2026-09-04T19:32:30.4610000Z,GroundBall,v3,471298,,,,,Undefined,FOR_RAM,39561340-0e58-46ea-91e1-349ec528d1f8,38.56365,-72.90285,5.51971,4.30109,5.4543,-18.87955,0.38327,0.41191,-1.8869,,2.0988,107.25794,-20.97964,2.08476,-0.14798,-0.08071,0.05221,-0.02381,0.00709,1.94052,15.61937,-38.33423,8.21725,-2.0924,0.54722,-0.13353,0.0314,-0.00509,-0.00956,-72.37275,2.43181,2.11224,-0.85057,0.30314,-0.09389,0.02647,-0.00517,,,,,,,,,,,,,,,,,,,,,,,High,Medium,Medium,Medium,Medium,,,
511,2026-09-04,15:32:37.16,,,,,Undefined,FOR_RAM,"Wansaw, Michael",1000503198,Right,FOR_RAM,Undefined,1,Bottom,0,0,0,Undefined,Curveball,Undefined,Undefined,LineDrive,Undefined,0,0,,53.31413,4.193727,-0.666968,3136.40702,325.692412,4:45,4.29776,-0.36781,21.91621,-56.93027,-8.73666,6.98016,2.27951,-0.21888,49.18419,-10.709544,1.127465,0.49965,97.84612,20.796321,8.795103,2546.340742,106.76896,35.47549,26.46231,322.74364,317.55137,22.765562,3.553452,-7.44453,-9.95485,0.19936,50,3.10998,1.51521,-80.00628,11.04518,-4.62868,14.23391,-38.36355,FOR_RAM,,FordhamUniversity,,,20260904-FordhamUniversity-BP-1,62e467a0-a897-11f1-884b-8d6b77d225c8,75.43765,42.847,,4.12994,,,,1.32903,2.29144,0.23906,568bcc58-7a80-4f8d-8682-9863113bc81a,2026-09-04,19:32:37.16,2026-09-04T15:32:37.1670000-04:00,2026-09-04T19:32:37.1670000Z,LineDrive,v3,471298,,,,,Undefined,FOR_RAM,41f15335-04dd-47c1-8926-0701d6ea56e7,38.58909,-77.94973,7.11696,4.30539,5.50234,-19.18178,0.36997,0.84644,-2.31434,240.249211,1.32876,132.58874,-25.58555,5.94706,-1.31278,0.28962,-0.06089,0.00875,-0.00053,2.29161,50.94728,-17.006,0.3782,0.28238,-0.11915,0.02671,-0.00238,1E-05,0.23902,20.51461,11.51189,-4.68998,1.41557,-0.33698,0.06084,-0.00685,0.00033,,,,,,,,,,,,,,,,,,,,,,,High,Medium,Medium,High,High,,,
512,2026-09-04,15:32:43.70,,,,,Undefined,FOR_RAM,"Wansaw, Michael",1000503198,Right,FOR_RAM,Undefined,1,Bottom,0,0,0,Undefined,,Undefined,Undefined,Undefined,Undefined,0,0,,49.08591,5.543925,-2.883342,2932.65678,,,4.08293,-0.65201,22.01588,,,,3.15017,-0.26126,48.38676,-8.487899,4.072509,0.523016,,,,,,,,,,,,-29.11179,-2.03697,-0.11988,50.00015,2.5497,6.15471,-72.15803,12.25682,-16.39857,2.98251,-33.32147,FOR_RAM,,FordhamUniversity,,,20260904-FordhamUniversity-BP-1,6706c120-a897-11f1-884b-8d6b77d225c8,72.06747,,,0.69915,,,,,,,568bcc58-7a80-4f8d-8682-9863113bc81a,2026-09-04,19:32:43.70,2026-09-04T15:32:43.7020000-04:00,2026-09-04T19:32:43.7020000Z,,v3,471298,,,,,Undefined,FOR_RAM,09c5e4bd-124e-4f87-9ee5-84a14d0816f2,38.49508,-71.68091,1.49126,4.08408,6.92633,-16.66074,0.65487,3.5314,-8.19929,,,,,,,,,,,,,,,,,,,,,,,,,,,,,,,,,,,,,,,,,,,,,,,,,,,Low,Low,Low,,,,,
513,2026-09-04,15:32:49.22,,,,,Undefined,FOR_RAM,"Wansaw, Michael",1000503198,Right,FOR_RAM,Undefined,1,Bottom,0,0,0,Undefined,Curveball,Undefined,Undefined,FlyBall,Undefined,0,0,,53.00198,4.682896,-0.618883,3250.286011,324.85147,4:45,4.2924,-0.37589,21.90374,-56.52062,-8.21619,6.72181,2.6286,-0.21742,49.32857,-10.077393,1.107099,0.500224,,,,,,,,,,,,-7.30516,-10.03583,0.21278,50,2.98626,1.45874,-79.28239,11.80025,-4.53305,12.50586,-38.40155,FOR_RAM,,FordhamUniversity,,,20260904-FordhamUniversity-BP-1,6a092bb0-a897-11f1-884b-8d6b77d225c8,75.35106,,,3.6734,,,,,,,568bcc58-7a80-4f8d-8682-9863113bc81a,2026-09-04,19:32:49.22,2026-09-04T15:32:49.2230000-04:00,2026-09-04T19:32:49.2230000Z,,v3,471298,,,,,Undefined,FOR_RAM,5ed7b6d1-5f11-4c8c-9032-ddda1c605a10,38.60234,-77.46369,6.25293,4.29627,6.21557,-19.20077,0.37699,0.7995,-2.26653,,,,,,,,,,,,,,,,,,,,,,,,,,,,,,,,,,,,,,,,,,,,,,,,,,,High,High,High,,,,,
514,2026-09-04,15:33:01.54,,,,,Undefined,FOR_RAM,"Crang, Mason",10913432,Right,FOR_RAM,Undefined,1,Bottom,0,0,0,Undefined,Curveball,Undefined,Undefined,GroundBall,Undefined,0,0,,51.47515,4.577198,-0.959115,3004.847136,320.032104,4:45,4.28257,-0.36962,21.88515,-59.94283,-8.82705,8.53733,2.26625,-0.28102,48.17553,-11.036203,1.232969,0.514575,,,,,,,,,,,,-9.22674,-10.2913,0.13063,50,2.9837,2.01545,-76.9659,11.58013,-5.41613,11.45868,-38.21509,FOR_RAM,,FordhamUniversity,,,20260904-FordhamUniversity-BP-1,71a6c940-a897-11f1-884b-8d6b77d225c8,73.24963,,,3.29962,,,,,,,568bcc58-7a80-4f8d-8682-9863113bc81a,2026-09-04,19:33:01.54,2026-09-04T15:33:01.5420000-04:00,2026-09-04T19:33:01.5420000Z,,v3,471298,,,,,Undefined,FOR_RAM,f9617d5a-731f-4bc7-bb8f-46a4e3bbb831,38.62143,-75.2528,5.72934,4.28788,5.86686,-19.10755,0.37142,1.20572,-2.70806,,,,,,,,,,,,,,,,,,,,,,,,,,,,,,,,,,,,,,,,,,,,,,,,,,,High,High,High,,,,,
515,2026-09-04,15:33:06.47,,,,,Undefined,FOR_RAM,"Crang, Mason",10913432,Right,FOR_RAM,Undefined,1,Bottom,0,0,0,Undefined,Curveball,Undefined,Undefined,FlyBall,Undefined,0,0,,48.62925,4.957605,-1.512114,2665.473518,318.438014,4:30,4.29659,-0.38746,21.8791,-62.54224,-6.06882,6.46634,2.31362,-0.83086,46.25478,-11.261106,0.146077,0.540871,79.30587,46.725715,18.667577,,97.13516,91.8391,51.62104,233.12908,210.4206,35.640703,5.03924,-7.09689,-6.95095,0.05094,50,2.89836,2.43132,-72.36356,11.69962,-3.7697,8.3059,-35.86623,FOR_RAM,,FordhamUniversity,,,20260904-FordhamUniversity-BP-1,746462a0-a897-11f1-884b-8d6b77d225c8,69.68847,96.07773,,2.37446,,,,0.97089,2.15065,0.79516,568bcc58-7a80-4f8d-8682-9863113bc81a,2026-09-04,19:33:06.47,2026-09-04T15:33:06.4740000-04:00,2026-09-04T19:33:06.4740000Z,FlyBall,v3,471298,,,,,Undefined,FOR_RAM,ce7e496b-d2e9-4e8c-8961-9849fc491494,38.62789,-71.04627,4.15295,4.30281,6.01137,-17.93312,0.38913,1.83345,-1.88485,210.376425,0.97768,75.39261,-18.47329,3.7041,-0.07377,-0.20582,0.05802,-0.0066,0.00028,2.15126,84.66437,-22.21433,1.70984,-0.0186,-0.14159,0.05319,-0.00815,0.00046,0.79354,25.55692,2.26737,-0.82038,0.04524,0.04326,-0.01268,0.00136,-5E-05,,,,,,,,,,,,,,,,,,,,,,,High,High,High,High,Medium,,,
516,2026-09-04,15:33:16.95,,,,,Undefined,FOR_RAM,"Crang, Mason",10913432,Right,FOR_RAM,Undefined,1,Bottom,0,0,0,Undefined,Curveball,Undefined,Undefined,GroundBall,Undefined,0,0,,51.35305,3.85426,-0.669692,2754.553073,335.048656,5:15,4.29437,-0.36182,21.94312,-57.82267,-6.82244,3.78764,1.97859,-0.48039,48.25089,-11.222396,0.304952,0.513993,94.24598,-13.270061,-20.760406,,,,,9.82301,9.82301,-12.648449,0.068879,-4.16626,-7.82311,0.20662,50,3.14465,1.22078,-76.80782,10.44093,-2.44327,11.1376,-36.76188,FOR_RAM,,FordhamUniversity,,,20260904-FordhamUniversity-BP-1,7a9db540-a897-11f1-884b-8d6b77d225c8,73.33255,2.18893,,3.10217,,,,0.90578,2.18893,1.139,568bcc58-7a80-4f8d-8682-9863113bc81a,2026-09-04,19:33:16.95,2026-09-04T15:33:16.9570000-04:00,2026-09-04T19:33:16.9570000Z,GroundBall,v3,471298,,,,,Undefined,FOR_RAM,53898854-79ef-4e1f-ba8f-90243bf77c43,38.56284,-75.13106,5.5688,4.29992,4.90644,-18.38094,0.36272,0.85295,-1.22164,180,0.90356,126.00132,,,,,,,,2.18949,-31.77934,,,,,,,,1.13984,-47.7638,,,,,,,,,,,,,,,,,,,,,,,,,,,,,,High,High,High,Low,Low,,,
517,2026-09-04,15:33:23.24,,,,,Undefined,FOR_RAM,"Crang, Mason",10913432,Right,FOR_RAM,Undefined,1,Bottom,0,0,0,Undefined,,Undefined,Undefined,GroundBall,Undefined,0,0,,49.31607,4.235094,-1.629937,2791.735927,,,4.05999,-0.98436,22.05786,,,,2.64261,0.21491,48.75666,-8.655901,5.329711,0.519242,,,,,,,,,,,,-29.33785,1.93118,0.45125,50.00007,2.8147,4.68353,-72.64323,10.28644,-16.73653,3.08676,-31.07236,FOR_RAM,,FordhamUniversity,,,20260904-FordhamUniversity-BP-1,7e587350-a897-11f1-884b-8d6b77d225c8,72.59129,,,0.55941,,,,,,,568bcc58-7a80-4f8d-8682-9863113bc81a,2026-09-04,19:33:23.24,2026-09-04T15:33:23.2480000-04:00,2026-09-04T19:33:23.2480000Z,,v3,471298,,,,,Undefined,FOR_RAM,1b869b85-387e-49fc-8361-79358b557c8e,38.44984,-72.15077,1.54338,4.06035,5.32915,-15.53618,0.98546,2.01338,-8.36827,,,,,,,,,,,,,,,,,,,,,,,,,,,,,,,,,,,,,,,,,,,,,,,,,,,Low,Low,Low,,,,,
518,2026-09-04,15:33:35.71,,,,,Undefined,FOR_RAM,"Palmer, Owen",10100501,Left,FOR_RAM,Undefined,1,Bottom,0,0,0,Undefined,Curveball,Undefined,Undefined,Popup,Undefined,0,0,,48.33957,5.281221,-1.730455,2628.424632,341.772625,5:30,4.28794,-0.37539,21.95568,-67.48826,-9.60327,3.66949,2.09803,-1.19146,45.37572,-12.294651,-0.787199,0.547589,,,,,,,,,,,,-4.55827,-12.3382,0.00516,50,2.76038,2.49862,-72.17956,12.62735,-2.3549,10.02506,-38.54821,FOR_RAM,,FordhamUniversity,,,20260904-FordhamUniversity-BP-1,85c4c7b0-a897-11f1-884b-8d6b77d225c8,68.83349,,,2.96385,,,,,,,568bcc58-7a80-4f8d-8682-9863113bc81a,2026-09-04,19:33:35.71,2026-09-04T15:33:35.7110000-04:00,2026-09-04T19:33:35.7110000Z,,v3,471298,,,,,Undefined,FOR_RAM,71b396f2-2480-4bc8-888c-345d630ad946,38.5508,-70.57146,5.01253,4.28997,6.44391,-19.27411,0.37566,2.12088,-1.17745,,,,,,,,,,,,,,,,,,,,,,,,,,,,,,,,,,,,,,,,,,,,,,,,,,,High,Medium,Medium,,,,,
519,2026-09-04,15:33:50.65,,,,,Undefined,FOR_RAM,"Palmer, Owen",10100501,Left,FOR_RAM,Undefined,1,Bottom,0,0,0,Undefined,,Undefined,Undefined,Undefined,Undefined,0,0,,55.88065,2.150019,-2.533412,3048.517956,,,4.10146,-0.82366,22.10395,,,,2.6035,-0.32955,48.93931,-7.296135,4.059904,0.485282,,,,,,,,,,,,-30.08947,10.23855,0.14927,50,3.43047,6.22735,-85.0049,6.60039,-19.59897,23.43265,-25.5051,FOR_RAM,,FordhamUniversity,,,20260904-FordhamUniversity-BP-1,8ea28660-a897-11f1-884b-8d6b77d225c8,77.67126,,,6.94134,,,,,,,568bcc58-7a80-4f8d-8682-9863113bc81a,2026-09-04,19:33:50.65,2026-09-04T15:33:50.6560000-04:00,2026-09-04T19:33:50.6560000Z,,v3,471298,,,,,Undefined,FOR_RAM,ecc50f2c-bef8-414e-9749-5f2a712b74f8,38.40091,-81.74495,11.71633,4.1019,3.05213,-12.75255,0.82596,3.50074,-9.79949,,,,,,,,,,,,,,,,,,,,,,,,,,,,,,,,,,,,,,,,,,,,,,,,,,,Low,Low,Low,,,,,
520,2026-09-04,15:33:57.27,,,,,Undefined,FOR_RAM,"Palmer, Owen",10100501,Left,FOR_RAM,Undefined,1,Bottom,0,0,0,Undefined,,Undefined,Undefined,FlyBall,Undefined,0,0,,49.94512,5.120161,-1.34166,3045.516741,,,3.84269,-1.02719,21.95132,,,,2.91416,0.37535,49.21971,-8.043988,5.651131,0.514942,86.34419,33.784409,21.231436,3677.133497,102.17252,64.96995,40.75254,323.9014,283.54786,22.733773,4.866116,-29.12513,-0.24642,0.5673,50.0002,2.43342,4.28886,-73.58224,11.55746,-16.98478,3.4926,-32.31774,FOR_RAM,,FordhamUniversity,,,20260904-FordhamUniversity-BP-1,92a91a80-a897-11f1-884b-8d6b77d225c8,73.19745,80.94974,,0.72541,,,,2.36315,2.7851,-0.28396,568bcc58-7a80-4f8d-8682-9863113bc81a,2026-09-04,19:33:57.27,2026-09-04T15:33:57.2730000-04:00,2026-09-04T19:33:57.2730000Z,FlyBall,v3,471298,,,,,Undefined,FOR_RAM,2f8b6ca8-a99f-4ead-8660-b05bb143d25a,38.55869,-73.03714,1.7463,3.8436,6.5136,-16.15887,1.02981,1.63803,-8.49239,190.488747,2.36547,98.05829,-19.00655,4.68254,-0.76729,0.05405,0.00562,-0.00125,6E-05,2.7842,70.43313,-16.98207,0.32267,0.22672,-0.12646,0.03705,-0.00543,0.00031,-0.28329,38.10263,-5.02092,0.85857,-0.07779,-0.00527,0.00165,0,-1E-05,,,,,,,,,,,,,,,,,,,,,,,Low,Low,Low,High,Medium,,,
521,2026-09-04,15:34:03.64,,,,,Undefined,FOR_RAM,"Palmer, Owen",10100501,Left,FOR_RAM,Undefined,1,Bottom,0,0,0,Undefined,,Undefined,Undefined,LineDrive,Undefined,0,0,,53.77524,2.351385,-3.243565,3293.141062,,,4.14746,-0.70902,21.93881,,,,3.63366,-1.57746,46.78868,-4.527038,0.558661,0.507148,,,,,,,,,,,,-18.76962,26.00639,-0.0323,50,3.51294,6.00712,-81.73842,5.62789,-11.25358,22.05466,-16.58156,FOR_RAM,,FordhamUniversity,,,20260904-FordhamUniversity-BP-1,96723070-a897-11f1-884b-8d6b77d225c8,74.32238,,,6.98656,,,,,,,568bcc58-7a80-4f8d-8682-9863113bc81a,2026-09-04,19:34:03.64,2026-09-04T15:34:03.6480000-04:00,2026-09-04T19:34:03.6480000Z,,v3,471298,,,,,Undefined,FOR_RAM,15aa27ee-eb36-4c75-965f-cd0d94277d8e,38.56599,-78.59277,11.02733,4.14699,3.26286,-8.29078,0.71003,4.40202,-5.62679,,,,,,,,,,,,,,,,,,,,,,,,,,,,,,,,,,,,,,,,,,,,,,,,,,,Low,Low,Low,,,,,
522,2026-09-04,15:34:12.30,,,,,Undefined,FOR_RAM,"Rubin, Jack",10076675,Right,FOR_RAM,Undefined,1,Bottom,0,0,0,Undefined,,Undefined,Undefined,GroundBall,Undefined,0,0,,51.31545,4.05464,-1.471606,3212.257597,,,4.19559,-0.91506,21.9772,,,,2.8821,0.39972,50.66634,-8.150016,5.521276,0.50005,92.08921,-12.966845,-38.85928,,,,,11.95023,10.62608,-34.343077,0.091327,-29.15431,0.7465,0.42631,50.0002,3.0243,4.59917,-75.69997,10.12027,-18.0038,3.64841,-31.71306,FOR_RAM,,FordhamUniversity,,,20260904-FordhamUniversity-BP-1,9ba4e880-a897-11f1-884b-8d6b77d225c8,75.37734,2.60922,,0.64911,,,,0.64602,2.60922,0.6129,568bcc58-7a80-4f8d-8682-9863113bc81a,2026-09-04,19:34:12.30,2026-09-04T15:34:12.3030000-04:00,2026-09-04T19:34:12.3030000Z,GroundBall,v3,471298,,,,,Undefined,FOR_RAM,7275d02f-7bb9-452a-988c-bb7962f64d40,38.5327,-75.14526,1.82421,4.19646,5.29851,-15.85653,0.91748,1.86182,-9.0019,,0.6461,102.47898,-16.5787,,,,,,,2.6088,-30.24611,18.45057,,,,,,,0.61269,-82.54889,22.15283,,,,,,,,,,,,,,,,,,,,,,,,,,,,,Low,Low,Low,Low,Low,,,
523,2026-09-04,15:34:17.66,,,,,Undefined,FOR_RAM,"Rubin, Jack",10076675,Right,FOR_RAM,Undefined,1,Bottom,0,0,0,Undefined,,Undefined,Undefined,FlyBall,Undefined,0,0,,48.80868,3.606649,-1.14245,2799.051884,,,4.15938,-1.01423,22.01941,,,,2.21462,0.503,47.57805,-9.702998,5.825261,0.529684,78.77227,37.454674,-33.272543,3991.935961,95.53756,71.4412,-54.52125,264.49358,180.38599,-27.696916,4.871959,-28.98994,2.59685,0.60013,50,3.05339,3.8828,-72.38423,9.38133,-15.92998,5.61336,-30.74709,FOR_RAM,,FordhamUniversity,,,20260904-FordhamUniversity-BP-1,9ed8ea60-a897-11f1-884b-8d6b77d225c8,71.16019,80.76327,,1.23062,,,,3.52054,2.18722,0.14497,568bcc58-7a80-4f8d-8682-9863113bc81a,2026-09-04,19:34:17.66,2026-09-04T15:34:17.6650000-04:00,2026-09-04T19:34:17.6650000Z,FlyBall,v3,471298,,,,,Undefined,FOR_RAM,f9f60980-de7f-4214-b355-db951090f9c2,38.48896,-71.48598,2.80668,4.16092,4.46119,-15.37354,1.0175,1.33369,-7.96499,,3.52237,76.64112,-14.04801,3.1666,-0.46192,0.02224,0.0044,-0.00062,2E-05,2.18648,70.2674,-16.72937,0.25655,0.2471,-0.13494,0.03903,-0.00564,0.00031,0.14336,-50.28208,13.18904,-3.38687,0.58516,-0.05061,-0.00161,0.00062,-3E-05,,,,,,,,,,,,,,,,,,,,,,,Low,Low,Low,Medium,Medium,,,
524,2026-09-04,15:34:23.16,,,,,Undefined,FOR_RAM,"Rubin, Jack",10076675,Right,FOR_RAM,Undefined,1,Bottom,0,0,0,Undefined,,Undefined,Undefined,LineDrive,Undefined,0,0,,48.89202,4.728387,-2.224165,2903.638195,,,4.11227,-0.78977,21.86959,,,,2.64467,0.04246,48.35587,-9.279563,4.775406,0.52665,99.11983,10.044515,-30.342747,1966.246127,97.04258,9.39306,-51.79459,166.68201,166.68201,-27.986949,1.437703,-29.16698,-1.38016,0.1586,50.00016,2.76906,5.29508,-72.00667,11.09963,-16.3322,3.11852,-32.94688,FOR_RAM,,FordhamUniversity,,,20260904-FordhamUniversity-BP-1,a2204d30-a897-11f1-884b-8d6b77d225c8,71.57024,10.21857,,0.53615,,,,2.85371,2.35318,0.70976,568bcc58-7a80-4f8d-8682-9863113bc81a,2026-09-04,19:34:23.16,2026-09-04T15:34:23.1600000-04:00,2026-09-04T19:34:23.1600000Z,LineDrive,v3,471298,,,,,Undefined,FOR_RAM,2e9cb6d8-f5d7-4364-abf2-3c6f2257f23a,38.6407,-71.51301,1.55926,4.11331,5.8842,-16.47344,0.79217,2.70972,-8.1661,,2.85371,123.5388,-18.36666,1.99243,-0.33219,0.03045,0.00173,-0.00179,0.00032,2.35318,25.35543,-22.12548,3.04521,-0.67567,0.15417,-0.02014,-0.00179,0.00095,0.70976,-72.31398,16.00489,-3.65162,0.87095,-0.17441,0.00801,0.01102,-0.00293,,,,,,,,,,,,,,,,,,,,,,,Low,Low,Low,Low,Medium,,,
525,2026-09-04,15:34:28.85,,,,,Undefined,FOR_RAM,"Rubin, Jack",10076675,Right,FOR_RAM,Undefined,1,Bottom,0,0,0,Undefined,,Undefined,Undefined,FlyBall,Undefined,0,0,,50.06898,5.027825,-1.294108,3139.901204,,,4.09699,-0.99797,22.06387,,,,3.61723,0.37038,48.56315,-6.652114,5.506983,0.515581,83.41799,32.838244,-9.597607,4378.420986,109.28544,64.24929,-12.51708,300.91297,298.16885,-0.121723,5.038884,-28.29116,6.36756,0.55702,50,2.74014,4.11791,-74.0018,10.88401,-16.36313,5.25951,-28.49115,FOR_RAM,,FordhamUniversity,,,20260904-FordhamUniversity-BP-1,a584d4f0-a897-11f1-884b-8d6b77d225c8,73.10671,80.07303,,1.50583,,,,2.28571,3.20286,-0.08649,568bcc58-7a80-4f8d-8682-9863113bc81a,2026-09-04,19:34:28.85,2026-09-04T15:34:28.8590000-04:00,2026-09-04T19:34:28.8590000Z,FlyBall,v3,471298,,,,,Undefined,FOR_RAM,6f5376a3-1ae6-4882-a474-4f3cb4d90839,38.44409,-73.17588,2.62976,4.09801,6.40994,-14.24558,1.00192,1.54835,-8.18156,199.343331,2.28638,101.34871,-18.62081,4.11887,-0.77946,0.13262,-0.0206,0.00235,-0.00012,3.20424,66.30341,-15.35264,0.39548,0.13331,-0.09327,0.02728,-0.00375,0.0002,-0.08663,-17.13931,7.61921,-1.76483,0.35413,-0.06107,0.00899,-0.00096,5E-05,,,,,,,,,,,,,,,,,,,,,,,Low,Low,Low,High,Medium,,,
526,2026-09-04,15:34:40.40,,,,,Undefined,FOR_RAM,"Checkmayan, Luke",1000610172,Left,FOR_RAM,Undefined,1,Bottom,0,0,0,Undefined,,Undefined,Undefined,Undefined,Undefined,0,0,,51.86335,3.7613,-3.494417,2924.881727,,,3.98155,-0.69744,21.98291,,,,4.15587,-1.86184,44.94838,-3.884913,-0.108977,0.526586,,,,,,,,,,,,-17.41095,26.49946,-0.08964,50,3.04366,6.01839,-78.80552,7.60949,-9.64617,20.97217,-17.49259,FOR_RAM,,FordhamUniversity,,,20260904-FordhamUniversity-BP-1,ac6b7e90-a897-11f1-884b-8d6b77d225c8,71.57887,,,6.91497,,,,,,,568bcc58-7a80-4f8d-8682-9863113bc81a,2026-09-04,19:34:40.40,2026-09-04T15:34:40.4020000-04:00,2026-09-04T19:34:40.4020000Z,,v3,471298,,,,,Undefined,FOR_RAM,d460e0ac-b447-409f-9415-1fd9a758b132,38.52222,-75.68938,10.48608,3.98122,5.01036,-8.74629,0.69812,4.58511,-4.82309,,,,,,,,,,,,,,,,,,,,,,,,,,,,,,,,,,,,,,,,,,,,,,,,,,,Low,Low,Low,,,,,
527,2026-09-04,15:34:46.65,,,,,Undefined,FOR_RAM,"Checkmayan, Luke",1000610172,Left,FOR_RAM,Undefined,1,Bottom,0,0,0,Undefined,,Undefined,Undefined,GroundBall,Undefined,0,0,,49.30812,4.220191,-1.830832,2671.60275,,,4.14274,-0.92243,22.07709,,,,2.59786,0.14935,48.78785,-9.031418,5.13935,0.51899,81.9066,5.473446,9.827239,1384.705443,,,,78.53489,78.53489,9.152996,0.687661,-29.27344,0.42996,0.3512,50.00011,2.88879,4.92005,-72.6639,10.40359,-16.69552,3.15959,-31.92883,FOR_RAM,,FordhamUniversity,,,20260904-FordhamUniversity-BP-1,b014d780-a897-11f1-884b-8d6b77d225c8,72.62655,3.99626,,0.52027,,,,2.0966,2.57035,-0.12843,568bcc58-7a80-4f8d-8682-9863113bc81a,2026-09-04,19:34:46.65,2026-09-04T15:34:46.6550000-04:00,2026-09-04T19:34:46.6550000Z,GroundBall,v3,471298,,,,,Undefined,FOR_RAM,ea3705fc-4c09-4ceb-bde4-90827c19a3db,38.43175,-72.15913,1.57979,4.1434,5.30268,-15.96442,0.92416,2.2528,-8.34776,9.565802,2.0966,117.82712,-12.61297,1.37261,-0.33283,-0.00443,0.13485,-0.15642,0.06923,2.57035,11.45851,-23.56731,2.3885,-0.3983,-0.14011,0.71193,-1.01077,0.53333,-0.12843,20.40997,-3.2384,0.41432,-0.08081,-0.03808,0.1562,-0.21385,0.11063,,,,,,,,,,,,,,,,,,,,,,,Low,Low,Low,High,High,,,
528,2026-09-04,15:34:51.98,,,,,Undefined,FOR_RAM,"Checkmayan, Luke",1000610172,Left,FOR_RAM,Undefined,1,Bottom,0,0,0,Undefined,Curveball,Undefined,Undefined,GroundBall,Undefined,0,0,,50.41647,4.831474,-0.777044,2866.156449,322.97098,4:45,4.25976,-0.36396,21.85267,-64.14704,-9.90847,8.75437,2.06194,-0.13947,46.58389,-11.909511,1.469247,0.530061,83.62866,6.827492,23.101352,763.897541,,,,107.05927,102.571,24.730867,0.980451,-9.23914,-11.18977,0.16782,50,2.91643,1.69938,-75.62868,11.81646,-5.12186,12.89755,-38.37726,FOR_RAM,,FordhamUniversity,,,20260904-FordhamUniversity-BP-1,b343a940-a897-11f1-884b-8d6b77d225c8,71.10966,5.10899,,3.83258,,,,2.86884,2.1758,0.2875,568bcc58-7a80-4f8d-8682-9863113bc81a,2026-09-04,19:34:51.98,2026-09-04T15:34:51.9870000-04:00,2026-09-04T19:34:51.9870000Z,GroundBall,v3,471298,,,,,Undefined,FOR_RAM,e9b17271-51f1-4135-b31a-5168cc064dab,38.65346,-73.66826,6.44878,4.26919,5.98313,-19.18863,0.36696,0.92086,-2.56093,,2.98673,110.359,-14.6185,,,,,,,2.24346,13.63471,-16.30408,,,,,,,0.28711,47.79422,-2.45338,,,,,,,,,,,,,,,,,,,,,,,,,,,,,High,Medium,Medium,High,High,,,
529,2026-09-04,15:35:16.25,,,,,Undefined,FOR_RAM,"Hanawalt, Chase",1000367090,Left,FOR_RAM,Undefined,1,Bottom,0,0,0,Undefined,,Undefined,Undefined,LineDrive,Undefined,0,0,,50.60939,4.040046,-1.438762,2837.281071,,,4.05659,-1.07486,22.07726,,,,3.67605,-0.10774,47.46379,-5.508358,4.416608,0.517695,95.14435,26.352829,18.946703,1690.430486,103.75738,50.73592,36.52947,349.41256,346.94258,21.286069,4.626328,-24.39167,15.94225,0.64488,50,2.9712,3.89049,-75.4431,8.79137,-13.99254,9.5767,-23.02861,FOR_RAM,,FordhamUniversity,,,20260904-FordhamUniversity-BP-1,c206a720-a897-11f1-884b-8d6b77d225c8,72.80815,68.97866,,3.1456,,,,1.27369,3.13348,-0.31434,568bcc58-7a80-4f8d-8682-9863113bc81a,2026-09-04,19:35:16.25,2026-09-04T15:35:16.2530000-04:00,2026-09-04T19:35:16.2530000Z,FlyBall,v3,471298,,,,,Undefined,FOR_RAM,6161d3f7-5d00-4a02-b8d1-673eefefefc1,38.42692,-73.95942,4.78835,4.05684,5.22366,-11.5143,1.07969,1.72269,-6.99627,,1.27316,118.27499,-22.31971,5.10167,-1.04493,0.20141,-0.03373,0.00379,-0.00019,3.13453,61.92897,-15.93854,0.90129,-0.1748,0.02679,-0.00098,-0.00012,0,-0.31464,40.60774,-5.61936,1.22404,-0.2964,0.07669,-0.01584,0.00193,-0.0001,,,,,,,,,,,,,,,,,,,,,,,Low,Low,Low,Medium,High,,,
530,2026-09-04,15:35:24.24,,,,,Undefined,FOR_RAM,"Hanawalt, Chase",1000367090,Left,FOR_RAM,Undefined,1,Bottom,0,0,0,Undefined,Curveball,Undefined,Undefined,LineDrive,Undefined,0,0,,51.80345,4.669302,-0.926923,3020.047328,318.964286,4:45,4.30036,-0.37841,21.90282,-57.45724,-7.05067,7.3004,2.54992,-0.3717,48.41079,-10.32265,0.947371,0.510993,100.16655,21.035491,15.223513,1220.572456,106.94073,38.16989,25.76125,339.567,339.13369,10.805578,3.855982,-7.85059,-8.20445,0.1546,50,3.00185,1.86449,-77.41534,11.5244,-4.66816,11.48237,-37.05261,FOR_RAM,,FordhamUniversity,,,20260904-FordhamUniversity-BP-1,c68b44e0-a897-11f1-884b-8d6b77d225c8,73.76311,49.52969,,3.39266,,,,0.99565,2.46632,0.32676,568bcc58-7a80-4f8d-8682-9863113bc81a,2026-09-04,19:35:24.24,2026-09-04T15:35:24.2460000-04:00,2026-09-04T19:35:24.2460000Z,LineDrive,v3,471298,,,,,Undefined,FOR_RAM,ef7bbf62-8b83-4ae6-bc53-7e0adcacace6,38.60316,-75.70608,5.74118,4.30684,6.00874,-18.52631,0.38043,1.16959,-2.33408,150.069274,0.99559,132.31007,-22.52897,4.89833,-0.97432,0.18846,-0.03381,0.00424,-0.00023,2.46642,52.72925,-15.55225,0.42653,0.02552,-0.02168,0.0058,-0.00021,-5E-05,0.32665,36.00997,-11.62034,3.33993,-0.80609,0.19014,-0.0406,0.00569,-0.00034,,,,,,,,,,,,,,,,,,,,,,,High,High,High,High,High,,,
531,2026-09-04,15:35:32.41,,,,,Undefined,FOR_RAM,"Hanawalt, Chase",1000367090,Left,FOR_RAM,Undefined,1,Bottom,0,0,0,Undefined,Curveball,Undefined,Undefined,LineDrive,Undefined,0,0,,52.6596,5.57125,-1.347112,3214.584081,310.592787,4:15,4.2698,-0.34506,21.98729,-62.5446,-13.30792,17.24784,2.67787,0.21977,48.64018,-10.792678,3.089527,0.505028,,,,,,,,,,,,-18.7169,-15.88135,-0.02575,50,2.74122,3.37418,-78.87426,13.48691,-11.35608,13.47405,-41.8097,FOR_RAM,,FordhamUniversity,,,20260904-FordhamUniversity-BP-1,cb521bc0-a897-11f1-884b-8d6b77d225c8,74.63432,,,4.01942,,,,,,,568bcc58-7a80-4f8d-8682-9863113bc81a,2026-09-04,19:35:32.41,2026-09-04T15:35:32.4190000-04:00,2026-09-04T19:35:32.4190000Z,,v3,471298,,,,,Undefined,FOR_RAM,c0a8a25e-a58b-41ce-9961-57da3b197725,38.52024,-76.88818,6.73702,4.275,7.32412,-20.90485,0.34824,1.70029,-5.67804,,,,,,,,,,,,,,,,,,,,,,,,,,,,,,,,,,,,,,,,,,,,,,,,,,,High,Medium,Medium,,,,,
532,2026-09-04,15:35:40.42,,,,,Undefined,FOR_RAM,"Hanawalt, Chase",1000367090,Left,FOR_RAM,Undefined,1,Bottom,0,0,0,Undefined,Curveball,Undefined,Undefined,Bunt,Undefined,0,0,,47.89084,5.560121,-0.375766,2585.035854,332.237657,5:00,4.28655,-0.38451,21.88553,-69.52248,-9.79256,6.07685,2.11485,-0.12211,44.59769,-12.553602,1.184222,0.556247,24.26258,-25.248001,-34.754856,,,,,8.03827,8.03813,-20.80237,0.159359,-6.3815,-11.3232,0.27882,50,2.74793,0.92675,-71.67048,12.67014,-3.20666,10.89937,-37.86387,FOR_RAM,,FordhamUniversity,,,20260904-FordhamUniversity-BP-1,d0263910-a897-11f1-884b-8d6b77d225c8,67.76211,2.49164,,3.29315,,,,3.17322,2.49164,0.15728,568bcc58-7a80-4f8d-8682-9863113bc81a,2026-09-04,19:35:40.42,2026-09-04T15:35:40.4230000-04:00,2026-09-04T19:35:40.4230000Z,GroundBall,v3,471298,,,,,Undefined,FOR_RAM,d4861b55-0ead-463b-aa2f-17785cc02b9c,38.62127,-69.91864,5.44969,4.29531,6.58432,-18.93194,0.38636,0.41135,-1.60333,,3.15279,27.24061,,,,,,,,2.50337,-15.63579,,,,,,,,0.17146,-18.9009,,,,,,,,,,,,,,,,,,,,,,,,,,,,,,High,Medium,Medium,Estimated,Estimated,,,
533,2026-09-04,15:36:00.45,,,,,Undefined,FOR_RAM,"Wansaw, Michael",1000503198,Right,FOR_RAM,Undefined,1,Bottom,0,0,0,Undefined,Curveball,Undefined,Undefined,LineDrive,Undefined,0,0,,52.16336,4.842665,-0.94651,3126.947379,316.519328,4:30,4.30337,-0.37812,21.92505,-57.32964,-7.08122,8.1493,2.675,-0.31302,48.16661,-10.176033,1.146181,0.510191,98.21992,18.529632,12.773049,2538.976006,104.90745,31.83938,33.081,307.9938,302.98789,25.331454,3.342678,-8.80485,-8.59166,0.14594,50,2.97241,1.972,-78.13898,11.79566,-5.24736,13.15113,-37.29437,FOR_RAM,,FordhamUniversity,,,20260904-FordhamUniversity-BP-1,dc194e10-a897-11f1-884b-8d6b77d225c8,73.87913,37.58727,,3.99675,,,,0.8044,2.57611,0.31483,568bcc58-7a80-4f8d-8682-9863113bc81a,2026-09-04,19:36:00.45,2026-09-04T15:36:00.4550000-04:00,2026-09-04T19:36:00.4550000Z,LineDrive,v3,471298,,,,,Undefined,FOR_RAM,3b43987f-e4a7-4059-82cb-d602bb5999e2,38.58026,-76.19275,6.57557,4.30966,6.27648,-18.64719,0.38031,1.19545,-2.62368,235.889585,0.80447,133.20493,-26.90803,6.15774,-1.22578,0.18838,-0.01905,0.00053,0.0001,2.57599,45.78483,-15.52217,0.13557,0.19624,-0.0319,-0.00602,0.00349,-0.00041,0.31479,30.2,8.41038,-3.78053,1.18096,-0.28536,0.05163,-0.00585,0.0003,,,,,,,,,,,,,,,,,,,,,,,High,High,High,High,High,,,
534,2026-09-04,15:36:07.73,,,,,Undefined,FOR_RAM,"Wansaw, Michael",1000503198,Right,FOR_RAM,Undefined,1,Bottom,0,0,0,Undefined,,Undefined,Undefined,LineDrive,Undefined,0,0,,51.68315,4.995493,-1.012697,3193.865006,,,3.89793,-1.06637,21.90467,,,,3.05854,0.55203,50.88569,-7.642619,5.981681,0.498257,89.10086,19.11844,-22.24467,3931.989801,100.97471,26.13439,-43.63543,231.63594,231.63594,-24.300938,2.493704,-29.04289,-1.59106,0.67587,50.00024,2.53836,3.98125,-76.1983,11.55312,-18.13565,3.88521,-33.16758,FOR_RAM,,FordhamUniversity,,,20260904-FordhamUniversity-BP-1,e06576b0-a897-11f1-884b-8d6b77d225c8,75.64853,26.60149,,0.79746,,,,1.60333,2.76941,-0.22001,568bcc58-7a80-4f8d-8682-9863113bc81a,2026-09-04,19:36:07.73,2026-09-04T15:36:07.7340000-04:00,2026-09-04T19:36:07.7340000Z,LineDrive,v3,471298,,,,,Undefined,FOR_RAM,fd055676-f5ec-4f8f-80ae-ac6a3185bc5d,38.60591,-75.61509,1.94261,3.89892,6.57434,-16.58379,1.06917,1.25891,-9.06783,,1.60341,114.28007,-17.19733,3.18402,-0.68375,0.15441,-0.04181,0.00733,-0.00046,2.7694,42.80171,-21.16293,2.10692,-0.46618,0.14234,-0.04535,0.0104,-0.00107,-0.21999,-46.74294,2.81269,0.56239,-0.34187,0.21993,-0.10135,0.02624,-0.00275,,,,,,,,,,,,,,,,,,,,,,,Low,Low,Low,Medium,Medium,,,
535,2026-09-04,15:36:15.38,,,,,Undefined,FOR_RAM,"Wansaw, Michael",1000503198,Right,FOR_RAM,Undefined,1,Bottom,0,0,0,Undefined,Curveball,Undefined,Undefined,LineDrive,Undefined,0,0,,52.54199,4.106375,-0.257916,3268.621178,294.345541,3:45,4.29898,-0.38275,21.85571,-52.26507,-2.49614,8.92615,2.61671,0.19348,48.38894,-9.604599,2.03071,0.507751,95.02961,17.765243,-29.330581,1254.798178,96.73939,19.42081,-52.35769,196.18888,194.13755,-28.473679,1.857248,-9.19016,-3.30532,0.28863,50,3.16332,1.07156,-78.76896,10.32191,-5.5491,13.62979,-34.16983,FOR_RAM,,FordhamUniversity,,,20260904-FordhamUniversity-BP-1,e4fb5280-a897-11f1-884b-8d6b77d225c8,74.23417,19.53044,,4.15305,,,,2.13617,2.32286,0.25462,568bcc58-7a80-4f8d-8682-9863113bc81a,2026-09-04,19:36:15.38,2026-09-04T15:36:15.3870000-04:00,2026-09-04T19:36:15.3870000Z,LineDrive,v3,471298,,,,,Undefined,FOR_RAM,c7fabb17-b671-4921-bb74-cbe5220cd61f,38.64749,-76.77945,6.8149,4.30596,5.33423,-17.08492,0.38593,0.26157,-2.77455,,2.13617,115.7153,-18.49528,4.37227,-1.0834,0.26905,-0.06113,0.01009,-0.00084,2.32286,42.52619,-29.48758,4.7084,-1.2058,0.30033,-0.06756,0.01132,-0.00095,0.25462,-65.01763,11.11802,-2.58531,0.63659,-0.15789,0.03592,-0.00593,0.00049,,,,,,,,,,,,,,,,,,,,,,,High,Medium,Medium,Low,Medium,,,
536,2026-09-04,15:36:27.91,,,,,Undefined,FOR_RAM,"Crang, Mason",10913432,Right,FOR_RAM,Undefined,1,Bottom,0,0,0,Undefined,Curveball,Undefined,Undefined,Undefined,Undefined,0,0,,50.71501,4.978637,-0.894936,2801.818409,301.656376,4:00,4.29786,-0.37216,21.90348,-58.84649,-4.76327,10.79493,2.63379,-0.05346,46.17303,-10.506101,1.875281,0.529301,86.80866,28.400337,11.615341,4403.849827,105.42855,50.14019,31.38097,275.40397,273.41835,25.043225,4.012198,-11.4267,-6.20748,0.14286,50,2.94859,2.01645,-76.18167,11.64499,-6.33588,14.26525,-35.61599,FOR_RAM,,FordhamUniversity,,,20260904-FordhamUniversity-BP-1,ec70f5b0-a897-11f1-884b-8d6b77d225c8,71.21175,57.38518,,4.54198,,,,0.89326,2.53809,0.06277,568bcc58-7a80-4f8d-8682-9863113bc81a,2026-09-04,19:36:27.91,2026-09-04T15:36:27.9170000-04:00,2026-09-04T19:36:27.9170000Z,FlyBall,v3,471298,,,,,Undefined,FOR_RAM,41796e6e-5855-432f-95cb-6591a7d08d14,38.60004,-74.01621,7.13262,4.30595,6.23851,-17.808,0.37596,1.05467,-3.16794,222.060516,0.8929,109.71275,-23.59821,5.6352,-1.33742,0.3193,-0.06368,0.00793,-0.00042,2.53838,60.54766,-18.42056,1.0255,0.00483,-0.056,0.01522,-0.00131,0,0.06289,22.54451,4.76236,-1.8605,0.60536,-0.17209,0.03626,-0.00454,0.00024,,,,,,,,,,,,,,,,,,,,,,,High,Medium,Medium,High,Medium,,,
537,2026-09-04,15:36:34.10,,,,,Undefined,FOR_RAM,"Crang, Mason",10913432,Right,FOR_RAM,Undefined,1,Bottom,0,0,0,Undefined,,Undefined,Undefined,GroundBall,Undefined,0,0,,55.29139,1.119373,-4.403302,3439.519165,,,4.0388,-0.64607,21.95054,,,,3.18318,-2.75091,48.17884,-4.30391,-2.087124,0.493021,,,,,,,,,,,,-13.12981,30.13025,-0.29414,50,3.68723,7.34887,-83.99875,3.43603,-8.31696,23.254,-13.08831,FOR_RAM,,FordhamUniversity,,,20260904-FordhamUniversity-BP-1,f00789f0-a897-11f1-884b-8d6b77d225c8,76.45204,,,7.11255,,,,,,,568bcc58-7a80-4f8d-8682-9863113bc81a,2026-09-04,19:36:34.10,2026-09-04T15:36:34.1070000-04:00,2026-09-04T19:36:34.1070000Z,,v3,471298,,,,,Undefined,FOR_RAM,9afd0d8b-9958-4bd9-b6d2-ca720447c5df,38.55466,-80.76812,11.627,4.03828,1.61771,-6.54415,0.64656,6.19342,-4.15848,,,,,,,,,,,,,,,,,,,,,,,,,,,,,,,,,,,,,,,,,,,,,,,,,,,Low,Low,Low,,,,,
538,2026-09-04,15:36:47.08,,,,,Undefined,FOR_RAM,"Crang, Mason",10913432,Right,FOR_RAM,Undefined,1,Bottom,0,0,0,Undefined,Curveball,Undefined,Undefined,GroundBall,Undefined,0,0,,52.50129,4.641702,-0.289989,3136.405702,338.951141,5:15,4.29216,-0.38937,21.89515,-60.44606,-10.78568,4.72441,2.27488,-0.18392,48.59569,-11.143861,0.923742,0.507197,104.63765,7.035106,-12.915163,5683.363303,,,,113.69819,113.69819,-14.910594,0.861791,-4.96638,-12.17312,0.3076,50,2.99655,0.78771,-78.71427,11.7945,-3.00006,13.44832,-39.52751,FOR_RAM,,FordhamUniversity,,,20260904-FordhamUniversity-BP-1,f80792d0-a897-11f1-884b-8d6b77d225c8,74.31525,5.38199,,3.9056,,,,0.78405,2.12363,0.1713,568bcc58-7a80-4f8d-8682-9863113bc81a,2026-09-04,19:36:47.08,2026-09-04T15:36:47.0890000-04:00,2026-09-04T19:36:47.0890000Z,GroundBall,v3,471298,,,,,Undefined,FOR_RAM,198cd1bc-a9a8-4b11-987b-6e14a2cf23e6,38.61105,-76.74381,6.72416,4.30039,6.00288,-19.76375,0.39082,0.34814,-1.50003,40.954425,0.92094,146.26997,-23.19563,,,,,,,2.24969,16.7672,-22.63463,,,,,,,0.19857,-34.4916,0.33302,,,,,,,,,,,,,,,,,,,,,,,,,,,,,High,Medium,Medium,Medium,Medium,,,
539,2026-09-04,15:37:00.12,,,,,Undefined,FOR_RAM,"Palmer, Owen",10100501,Left,FOR_RAM,Undefined,1,Bottom,0,0,0,Undefined,,Undefined,Undefined,FlyBall,Undefined,0,0,,50.70273,4.80678,-1.928286,3202.459176,,,4.05732,-0.86865,22.0288,,,,2.95389,0.14194,50.01127,-8.268394,5.040125,0.50575,,,,,,,,,,,,-29.13273,-1.67728,0.28564,50.00017,2.70074,5.14049,-74.70048,11.34023,-17.53996,3.44158,-33.1839,FOR_RAM,,FordhamUniversity,,,20260904-FordhamUniversity-BP-1,ffb90680-a897-11f1-884b-8d6b77d225c8,74.52784,,,0.69145,,,,,,,568bcc58-7a80-4f8d-8682-9863113bc81a,2026-09-04,19:37:00.12,2026-09-04T15:37:00.1240000-04:00,2026-09-04T19:37:00.1240000Z,,v3,471298,,,,,Undefined,FOR_RAM,1e27961b-b9c2-452a-a987-8959ff14a292,38.48154,-74.1679,1.72079,4.0583,6.20505,-16.59195,0.87111,2.42619,-8.76998,,,,,,,,,,,,,,,,,,,,,,,,,,,,,,,,,,,,,,,,,,,,,,,,,,,Low,Low,Low,,,,,
540,2026-09-04,15:37:05.57,,,,,Undefined,FOR_RAM,"Palmer, Owen",10100501,Left,FOR_RAM,Undefined,1,Bottom,0,0,0,Undefined,Curveball,Undefined,Undefined,LineDrive,Undefined,0,0,,50.31986,5.465022,-1.12391,2763.646904,307.55104,4:15,4.28851,-0.37188,21.8755,-61.18806,-6.74965,10.99229,2.75058,-0.18594,46.31577,-10.5545,1.693178,0.531036,98.19106,21.979864,29.290786,1603.664421,96.4244,42.29458,52.93674,352.81637,339.88671,30.552285,4.291275,-11.65316,-8.17209,0.0958,50,2.8281,2.32276,-75.34859,12.41393,-6.42772,12.6078,-36.68167,FOR_RAM,,FordhamUniversity,,,20260904-FordhamUniversity-BP-1,02ea9760-a898-11f1-884b-8d6b77d225c8,70.97903,57.95466,,4.00409,,,,2.63072,2.92243,0.41462,568bcc58-7a80-4f8d-8682-9863113bc81a,2026-09-04,19:37:05.57,2026-09-04T15:37:05.5770000-04:00,2026-09-04T19:37:05.5770000Z,LineDrive,v3,471298,,,,,Undefined,FOR_RAM,185ee2bc-1b79-4aa9-a83d-565b2d148b4e,38.62965,-73.42138,6.3039,4.29713,6.80684,-18.34083,0.37576,1.34023,-3.21386,,2.63034,116.48099,-22.94681,5.53595,-1.21391,0.25646,-0.04666,0.00565,-0.00031,2.92325,53.88163,-12.35657,-1.30753,0.80687,-0.27692,0.06172,-0.00756,0.00038,0.41469,65.33415,-13.50054,3.83593,-0.88764,0.17534,-0.02757,0.00298,-0.00015,,,,,,,,,,,,,,,,,,,,,,,High,Medium,Medium,Medium,Medium,,,
541,2026-09-04,15:37:15.73,,,,,Undefined,FOR_RAM,"Palmer, Owen",10100501,Left,FOR_RAM,Undefined,1,Bottom,0,0,0,Undefined,Curveball,Undefined,Undefined,GroundBall,Undefined,0,0,,54.18511,5.050389,-0.524252,3408.852589,313.881696,4:30,4.29207,-0.37207,21.85905,-54.98475,-8.42607,10.15567,3.0004,0.13357,50.11265,-9.316141,2.078358,0.491102,,,,,,,,,,,,-10.83548,-10.36831,0.2101,50,2.93529,1.65172,-81.07754,12.35847,-6.99266,13.61017,-38.86522,FOR_RAM,,FordhamUniversity,,,20260904-FordhamUniversity-BP-1,08de2e70-a898-11f1-884b-8d6b77d225c8,76.75074,,,4.07246,,,,,,,568bcc58-7a80-4f8d-8682-9863113bc81a,2026-09-04,19:37:15.73,2026-09-04T15:37:15.7350000-04:00,2026-09-04T19:37:15.7350000Z,,v3,471298,,,,,Undefined,FOR_RAM,3f016500-cf06-4b5f-ac14-c59f86a8ccbc,38.64696,-79.14881,6.80509,4.29638,6.85079,-19.43261,0.37395,0.66077,-3.49633,,,,,,,,,,,,,,,,,,,,,,,,,,,,,,,,,,,,,,,,,,,,,,,,,,,High,Medium,Medium,,,,,
542,2026-09-04,15:37:23.04,,,,,Undefined,FOR_RAM,"Palmer, Owen",10100501,Left,FOR_RAM,Undefined,1,Bottom,0,0,0,Undefined,,Undefined,Undefined,LineDrive,Undefined,0,0,,51.84782,2.017412,-4.3613,2880.677127,,,4.15505,-0.58296,21.80151,,,,3.20535,-2.33269,45.22211,-5.553693,-1.018142,0.528145,,,,,,,,,,,,-17.71761,27.81742,-0.36185,50,3.58134,7.18224,-78.71014,5.14204,-9.84609,20.48496,-16.71527,FOR_RAM,,FordhamUniversity,,,20260904-FordhamUniversity-BP-1,0d48db90-a898-11f1-884b-8d6b77d225c8,71.36762,,,6.62572,,,,,,,568bcc58-7a80-4f8d-8682-9863113bc81a,2026-09-04,19:37:23.04,2026-09-04T15:37:23.0460000-04:00,2026-09-04T19:37:23.0460000Z,,v3,471298,,,,,Undefined,FOR_RAM,8fe73b89-bd75-4436-a1c9-ab8e02af7955,38.7038,-75.71315,10.24248,4.15474,2.69657,-8.35763,0.58355,5.74174,-4.92305,,,,,,,,,,,,,,,,,,,,,,,,,,,,,,,,,,,,,,,,,,,,,,,,,,,Low,Low,Low,,,,,
543,2026-09-04,15:37:32.14,,,,,Undefined,FOR_RAM,"Rubin, Jack",10076675,Right,FOR_RAM,Undefined,1,Bottom,0,0,0,Undefined,,Undefined,Undefined,GroundBall,Undefined,0,0,,53.09561,5.11668,-1.567829,3559.351788,,,4.03412,-0.96871,22.02515,,,,3.69115,0.2771,51.04565,-6.340171,5.398614,0.488543,,,,,,,,,,,,-28.86277,1.61307,0.47899,50,2.6814,4.73084,-78.65273,11.48445,-18.63847,7.08506,-31.1324,FOR_RAM,,FordhamUniversity,,,20260904-FordhamUniversity-BP-1,12e8ad50-a898-11f1-884b-8d6b77d225c8,77.1528,,,2.04996,,,,,,,568bcc58-7a80-4f8d-8682-9863113bc81a,2026-09-04,19:37:32.14,2026-09-04T15:37:32.1460000-04:00,2026-09-04T19:37:32.1460000Z,,v3,471298,,,,,Undefined,FOR_RAM,811dd665-0314-4002-a90f-1d3d7c775353,38.48393,-77.60843,3.54253,4.03597,6.89569,-15.5662,0.97383,1.98362,-9.31924,,,,,,,,,,,,,,,,,,,,,,,,,,,,,,,,,,,,,,,,,,,,,,,,,,,Low,Low,Low,,,,,
544,2026-09-04,15:37:37.79,,,,,Undefined,FOR_RAM,"Rubin, Jack",10076675,Right,FOR_RAM,Undefined,1,Bottom,0,0,0,Undefined,,Undefined,Undefined,GroundBall,Undefined,0,0,,52.42182,2.754786,-3.021347,3274.381314,,,4.14155,-0.7432,21.78122,,,,3.1462,-0.89904,45.73559,-6.419679,2.532736,0.522586,,,,,,,,,,,,-25.74793,18.81914,0.02251,50,3.38367,6.06514,-79.56935,6.79556,-14.68043,20.61232,-21.44412,FOR_RAM,,FordhamUniversity,,,20260904-FordhamUniversity-BP-1,16024960-a898-11f1-884b-8d6b77d225c8,72.12677,,,6.68623,,,,,,,568bcc58-7a80-4f8d-8682-9863113bc81a,2026-09-04,19:37:37.79,2026-09-04T15:37:37.7950000-04:00,2026-09-04T19:37:37.7950000Z,,v3,471298,,,,,Undefined,FOR_RAM,9d0eae77-d790-4650-8c69-dcce7bc278ff,38.72303,-76.59238,10.30616,4.14148,3.69845,-10.72206,0.74537,3.9449,-7.34022,,,,,,,,,,,,,,,,,,,,,,,,,,,,,,,,,,,,,,,,,,,,,,,,,,,Low,Low,Low,,,,,
545,2026-09-04,15:37:45.83,,,,,Undefined,FOR_RAM,"Rubin, Jack",10076675,Right,FOR_RAM,Undefined,1,Bottom,0,0,0,Undefined,Curveball,Undefined,Undefined,GroundBall,Undefined,0,0,,50.58819,5.318835,-0.761582,2593.112398,309.186711,4:15,4.28523,-0.37037,21.92814,-60.50054,-6.85713,10.44749,2.70352,0.00627,46.6093,-10.539691,1.9202,0.527144,89.8774,-15.6252,-19.220896,,,,,23.82832,23.82832,-20.728552,0.199113,-11.14048,-8.61871,0.16272,50,2.83794,1.85262,-75.78612,12.34388,-6.2188,12.72445,-36.98514,FOR_RAM,,FordhamUniversity,,,20260904-FordhamUniversity-BP-1,1af4eb30-a898-11f1-884b-8d6b77d225c8,71.50306,7.11062,,3.97889,,,,,,,568bcc58-7a80-4f8d-8682-9863113bc81a,2026-09-04,19:37:45.83,2026-09-04T15:37:45.8310000-04:00,2026-09-04T19:37:45.8310000Z,GroundBall,v3,471298,,,,,Undefined,FOR_RAM,e11430bd-2478-4696-9bac-baccad560392,38.57728,-73.84335,6.36222,4.29152,6.69699,-18.49257,0.3731,0.90313,-3.1094,180,-1.74346,120.56979,,,,,,,,7.11724,-35.71155,,,,,,,,-0.0561,-42.03615,,,,,,,,,,,,,,,,,,,,,,,,,,,,,,High,Medium,Medium,Low,Medium,,,
546,2026-09-04,15:37:50.77,,,,,Undefined,FOR_RAM,"Rubin, Jack",10076675,Right,FOR_RAM,Undefined,1,Bottom,0,0,0,Undefined,,Undefined,Undefined,GroundBall,Undefined,0,0,,54.2696,4.472142,-1.819674,1834.884362,,,4.0893,-0.90379,21.98803,,,,2.98498,0.15745,51.78949,-8.05306,5.087943,0.480619,89.86824,-14.093326,-0.786574,,,,,11.43176,11.12388,-3.604478,0.079029,-28.61813,-4.33626,0.37324,50,2.85532,5.11035,-80.71635,11.14369,-19.14338,9.13343,-35.07468,FOR_RAM,,FordhamUniversity,,,20260904-FordhamUniversity-BP-1,1dd527c0-a898-11f1-884b-8d6b77d225c8,78.42485,2.54169,,2.48011,,,,1.28623,2.54169,-0.57972,568bcc58-7a80-4f8d-8682-9863113bc81a,2026-09-04,19:37:50.77,2026-09-04T15:37:50.7730000-04:00,2026-09-04T19:37:50.7730000Z,GroundBall,v3,471298,,,,,Undefined,FOR_RAM,3bea311e-dc4c-4fde-83fd-65ef8de8db51,38.52159,-79.4069,4.56671,4.09251,6.11504,-17.53734,0.90917,2.36577,-9.57169,180,1.28287,128.09095,,,,,,,,2.54253,-32.16139,,,,,,,,-0.57967,-1.75858,,,,,,,,,,,,,,,,,,,,,,,,,,,,,,Low,Low,Low,Medium,High,,,
547,2026-09-04,15:38:00.83,,,,,Undefined,FOR_RAM,"Checkmayan, Luke",1000610172,Left,FOR_RAM,Undefined,1,Bottom,0,0,0,Undefined,Curveball,Undefined,Undefined,GroundBall,Undefined,0,0,,51.8974,4.920406,-0.801655,2897.733299,320.099274,4:45,4.29643,-0.37449,21.87902,-59.45842,-8.21414,8.24894,2.5453,-0.20775,47.65746,-10.651354,1.314902,0.515222,51.53548,-10.256565,33.356038,,,,,23.61978,9.14976,26.00565,0.243876,-8.87024,-9.9541,0.17212,50,2.94854,1.76616,-77.85568,11.96187,-5.19687,13.90625,-38.00592,FOR_RAM,,FordhamUniversity,,,20260904-FordhamUniversity-BP-1,23cdeef0-a898-11f1-884b-8d6b77d225c8,73.15772,3.30962,,4.23994,,,,,,,568bcc58-7a80-4f8d-8682-9863113bc81a,2026-09-04,19:38:00.83,2026-09-04T15:38:00.8340000-04:00,2026-09-04T19:38:00.8340000Z,GroundBall,v3,471298,,,,,Undefined,FOR_RAM,58caeca0-54c8-4c34-ab25-fc8d8dfa7011,38.62627,-75.79693,6.95313,4.30294,6.33529,-19.00296,0.37664,0.99679,-2.59844,,5.93046,62.64438,,,,,,,,3.31403,-13.5709,,,,,,,,0.28609,41.23743,,,,,,,,,,,,,,,,,,,,,,,,,,,,,,High,High,High,Estimated,Estimated,,,
548,2026-09-04,15:38:07.68,,,,,Undefined,FOR_RAM,"Checkmayan, Luke",1000610172,Left,FOR_RAM,Undefined,1,Bottom,0,0,0,Undefined,,Undefined,Undefined,Undefined,Undefined,0,0,,50.19555,5.529308,-1.071452,2891.816927,,,3.84796,-1.09227,21.96179,,,,3.5289,0.46786,49.28279,-6.602188,5.860953,0.512759,71.22165,37.62128,-57.260468,4757.679345,66.28452,42.18571,-87.78552,168.79402,124.60756,-53.642292,3.041204,-28.89931,3.61244,0.68709,50.00019,2.38324,3.94219,-73.88517,11.75502,-16.98582,3.5544,-30.0508,FOR_RAM,,FordhamUniversity,,,20260904-FordhamUniversity-BP-1,28278510-a898-11f1-884b-8d6b77d225c8,73.50901,43.14655,,0.91276,,,,1.78367,2.40931,0.14611,568bcc58-7a80-4f8d-8682-9863113bc81a,2026-09-04,19:38:07.68,2026-09-04T15:38:07.6890000-04:00,2026-09-04T19:38:07.6890000Z,FlyBall,v3,471298,,,,,Undefined,FOR_RAM,0b45948b-1aba-4f2b-96ce-32e4abece236,38.54703,-73.33212,1.7772,3.8485,7.07926,-15.0254,1.09486,1.29927,-8.49291,,1.78382,44.74283,-0.92989,-2.12531,0.66954,-0.06839,-0.0547,0.02097,-0.0022,2.40953,63.75582,-29.55363,4.31605,-0.6449,-0.06655,0.07432,-0.01657,0.00125,0.14572,-69.57941,12.08622,-1.98403,0.15497,0.09192,-0.02176,-0.00247,0.00076,,,,,,,,,,,,,,,,,,,,,,,Low,Low,Low,Medium,Low,,,
549,2026-09-04,15:38:12.37,,,,,Undefined,FOR_RAM,"Checkmayan, Luke",1000610172,Left,FOR_RAM,Undefined,1,Bottom,0,0,0,Undefined,Curveball,Undefined,Undefined,LineDrive,Undefined,0,0,,48.75781,4.881971,-0.844265,2703.372615,316.027625,4:30,4.27168,-0.38114,21.79577,-64.90425,-7.40603,8.6789,2.04873,-0.20747,45.61103,-11.984982,1.378385,0.545756,71.94624,26.848828,38.755355,2435.662176,84.19186,41.1417,70.79296,255.67439,249.00074,43.909999,3.650985,-9.19768,-8.5704,0.17007,50,2.90575,1.74102,-72.91242,11.63949,-4.82212,10.65739,-36.66729,FOR_RAM,,FordhamUniversity,,,20260904-FordhamUniversity-BP-1,2ab50dc0-a898-11f1-884b-8d6b77d225c8,69.06464,43.54041,,3.14678,,,,3.64151,2.49132,0.42058,568bcc58-7a80-4f8d-8682-9863113bc81a,2026-09-04,19:38:12.37,2026-09-04T15:38:12.3730000-04:00,2026-09-04T19:38:12.3730000Z,FlyBall,v3,471298,,,,,Undefined,FOR_RAM,f9959e98-5ec5-452b-9b23-4294aa5dbf58,38.71057,-71.24317,5.32869,4.27906,5.89635,-18.33364,0.38361,0.98574,-2.41106,,3.64152,73.41674,-12.41653,2.75814,-0.52284,0.11139,-0.03049,0.00597,-0.00048,2.49151,47.65331,-14.31939,0.25706,0.09384,-0.10177,0.04633,-0.00922,0.00067,0.42061,58.93388,-5.80677,1.34015,-0.22347,0.03418,-0.00756,0.00158,-0.00014,,,,,,,,,,,,,,,,,,,,,,,High,Medium,Medium,Medium,Medium,,,
550,2026-09-04,15:39:07.87,,,,,Undefined,FOR_RAM,"Hanawalt, Chase",1000367090,Left,FOR_RAM,Undefined,1,Bottom,0,0,0,Undefined,Curveball,Undefined,Undefined,LineDrive,Undefined,0,0,,53.01644,4.562856,-0.78138,3286.546843,330.63505,5:00,4.30821,-0.38459,21.9135,-56.37724,-7.91319,5.24339,2.57725,-0.45467,49.13718,-10.182254,0.565449,0.50105,,,,,,,,,,,,-5.71406,-9.2743,0.20091,50,3.04096,1.52954,-79.3884,11.5137,-3.53261,13.12378,-37.90771,FOR_RAM,,FordhamUniversity,,,20260904-FordhamUniversity-BP-1,4bc0d4e0-a898-11f1-884b-8d6b77d225c8,75.22686,,,3.87925,,,,,,,568bcc58-7a80-4f8d-8682-9863113bc81a,2026-09-04,19:39:07.87,2026-09-04T15:39:07.8750000-04:00,2026-09-04T19:39:07.8750000Z,,v3,471298,,,,,Undefined,FOR_RAM,4861c06a-a7a1-4cff-be2f-48b4ef6201d4,38.59202,-77.47959,6.56189,4.31463,6.00014,-18.95386,0.38601,1.01573,-1.76631,,,,,,,,,,,,,,,,,,,,,,,,,,,,,,,,,,,,,,,,,,,,,,,,,,,High,High,High,,,,,
551,2026-09-04,15:39:14.19,,,,,Undefined,FOR_RAM,"Hanawalt, Chase",1000367090,Left,FOR_RAM,Undefined,1,Bottom,0,0,0,Undefined,Curveball,Undefined,Undefined,FlyBall,Undefined,0,0,,51.75117,5.034043,-0.525546,2737.05987,314.94084,4:30,4.27667,-0.37339,21.76488,-58.16385,-7.038,8.46934,2.71766,-0.00999,48.13408,-10.106983,1.639479,0.514626,,,,,,,,,,,,-9.05111,-8.8589,0.2216,50,2.91317,1.43392,-77.3506,12.04068,-5.34438,11.93156,-37.40494,FOR_RAM,,FordhamUniversity,,,20260904-FordhamUniversity-BP-1,4f804de0-a898-11f1-884b-8d6b77d225c8,73.2424,,,3.61709,,,,,,,568bcc58-7a80-4f8d-8682-9863113bc81a,2026-09-04,19:39:14.19,2026-09-04T15:39:14.1960000-04:00,2026-09-04T19:39:14.1960000Z,,v3,471298,,,,,Undefined,FOR_RAM,34246041-7ddd-4b9c-a49d-91dba948f884,38.74109,-75.59393,5.96578,4.2805,6.5336,-18.70247,0.37479,0.64707,-2.67219,,,,,,,,,,,,,,,,,,,,,,,,,,,,,,,,,,,,,,,,,,,,,,,,,,,High,Medium,Medium,,,,,
552,2026-09-04,15:39:20.85,,,,,Undefined,FOR_RAM,"Hanawalt, Chase",1000367090,Left,FOR_RAM,Undefined,1,Bottom,0,0,0,Undefined,Curveball,Undefined,Undefined,Undefined,Undefined,0,0,,52.62273,4.714673,-0.431761,3224.508081,328.290276,5:00,4.27433,-0.37354,21.8539,-61.16074,-12.0802,8.28382,2.24863,0.03617,49.16859,-11.192505,1.694564,0.504227,,,,,,,,,,,,-8.69489,-13.50768,0.24375,50,2.95743,1.2936,-78.73859,12.03275,-5.32513,12.27525,-40.44676,FOR_RAM,,FordhamUniversity,,,20260904-FordhamUniversity-BP-1,5383d4c0-a898-11f1-884b-8d6b77d225c8,74.75291,,,3.45413,,,,,,,568bcc58-7a80-4f8d-8682-9863113bc81a,2026-09-04,19:39:20.85,2026-09-04T15:39:20.8530000-04:00,2026-09-04T19:39:20.8530000Z,,v3,471298,,,,,Undefined,FOR_RAM,3624978b-8f57-4964-b3d2-f8dc11dedf00,38.65361,-76.94937,6.13762,4.28165,6.1373,-20.22338,0.37573,0.51742,-2.66257,,,,,,,,,,,,,,,,,,,,,,,,,,,,,,,,,,,,,,,,,,,,,,,,,,,High,Medium,Medium,,,,,
553,2026-09-04,15:39:27.25,,,,,Undefined,FOR_RAM,"Hanawalt, Chase",1000367090,Left,FOR_RAM,Undefined,1,Bottom,0,0,0,Undefined,Curveball,Undefined,Undefined,LineDrive,Undefined,0,0,,52.3292,5.95123,-1.31201,3098.859817,336.657498,5:15,4.29033,-0.37428,22.07128,-69.96815,-21.89281,9.85418,2.3196,-0.40093,50.02364,-12.195398,1.232543,0.499037,,,,,,,,,,,,-11.1543,-25.80245,0.03587,50.00024,2.55896,2.77354,-77.57944,15.14789,-6.91654,8.1176,-48.17361,FOR_RAM,,FordhamUniversity,,,20260904-FordhamUniversity-BP-1,5742d890-a898-11f1-884b-8d6b77d225c8,75.53038,,,2.30556,,,,,,,568bcc58-7a80-4f8d-8682-9863113bc81a,2026-09-04,19:39:27.25,2026-09-04T15:39:27.2540000-04:00,2026-09-04T19:39:27.2540000Z,,v3,471298,,,,,Undefined,FOR_RAM,878b37d6-c316-4b75-99d6-71ee9104cbb8,38.43579,-76.3598,4.0588,4.29115,7.90994,-24.08681,0.37451,1.73435,-3.45827,,,,,,,,,,,,,,,,,,,,,,,,,,,,,,,,,,,,,,,,,,,,,,,,,,,High,Medium,Medium,,,,,
554,2026-09-04,15:39:43.62,,,,,Undefined,FOR_RAM,"Wansaw, Michael",1000503198,Right,FOR_RAM,Undefined,1,Bottom,0,0,0,Undefined,,Undefined,Undefined,FlyBall,Undefined,0,0,,52.02103,2.991121,-4.41151,3107.920185,,,4.01991,-0.56661,21.7597,,,,3.89293,-2.76679,45.12431,-4.032869,-2.339223,0.528365,,,,,,,,,,,,-12.06064,29.54006,-0.35136,50,3.26978,6.80516,-78.9266,6.29934,-6.71191,20.92442,-15.73462,FOR_RAM,,FordhamUniversity,,,20260904-FordhamUniversity-BP-1,61066360-a898-11f1-884b-8d6b77d225c8,71.33787,,,6.89672,,,,,,,568bcc58-7a80-4f8d-8682-9863113bc81a,2026-09-04,19:39:43.62,2026-09-04T15:39:43.6280000-04:00,2026-09-04T19:39:43.6280000Z,,v3,471298,,,,,Undefined,FOR_RAM,01a5c147-5816-47ab-b297-e3dbe904cc9e,38.74515,-75.88415,10.46221,4.01938,4.0115,-7.86731,0.56717,5.82924,-3.35595,,,,,,,,,,,,,,,,,,,,,,,,,,,,,,,,,,,,,,,,,,,,,,,,,,,Low,Low,Low,,,,,
555,2026-09-04,15:39:55.70,,,,,Undefined,FOR_RAM,"Wansaw, Michael",1000503198,Right,FOR_RAM,Undefined,1,Bottom,0,0,0,Undefined,,Undefined,Undefined,LineDrive,Undefined,0,0,,51.35176,5.309735,-1.54296,3124.286382,,,3.90446,-0.96708,21.93866,,,,2.90139,0.26281,50.61163,-8.45629,5.322193,0.500991,,,,,,,,,,,,-28.55505,-5.7117,0.47281,50.00022,2.44469,4.61362,-75.67158,12.34488,-17.60641,3.71989,-35.69576,FOR_RAM,,FordhamUniversity,,,20260904-FordhamUniversity-BP-1,68877840-a898-11f1-884b-8d6b77d225c8,75.23575,,,0.74013,,,,,,,568bcc58-7a80-4f8d-8682-9863113bc81a,2026-09-04,19:39:55.70,2026-09-04T15:39:55.7010000-04:00,2026-09-04T19:39:55.7010000Z,,v3,471298,,,,,Undefined,FOR_RAM,d1c010f5-0e02-4bb6-848f-43d74bb64dac,38.57309,-75.10775,1.85994,3.9058,6.93432,-17.84788,0.96986,1.94493,-8.80321,,,,,,,,,,,,,,,,,,,,,,,,,,,,,,,,,,,,,,,,,,,,,,,,,,,Low,Low,Low,,,,,
556,2026-09-04,15:40:02.84,,,,,Undefined,FOR_RAM,"Wansaw, Michael",1000503198,Right,FOR_RAM,Undefined,1,Bottom,0,0,0,Undefined,Curveball,Undefined,Undefined,FlyBall,Undefined,0,0,,51.16718,5.046078,-0.65561,3131.256876,314.407061,4:30,4.29562,-0.37954,21.81667,-56.57668,-4.41197,5.98437,2.87229,-0.30736,47.54607,-9.722485,0.875866,0.519828,,,,,,,,,,,,-6.42611,-5.80225,0.21759,50,2.93683,1.36908,-76.45074,11.77109,-3.70838,11.61527,-35.52241,FOR_RAM,,FordhamUniversity,,,20260904-FordhamUniversity-BP-1,6c8cd3e0-a898-11f1-884b-8d6b77d225c8,72.50941,,,3.6211,,,,,,,568bcc58-7a80-4f8d-8682-9863113bc81a,2026-09-04,19:40:02.84,2026-09-04T15:40:02.8490000-04:00,2026-09-04T19:40:02.8490000Z,,v3,471298,,,,,Undefined,FOR_RAM,44954e55-6fed-4f64-b433-8b9577aad37b,38.6884,-74.71239,5.80763,4.30068,6.45478,-17.76121,0.38096,0.81409,-1.85419,,,,,,,,,,,,,,,,,,,,,,,,,,,,,,,,,,,,,,,,,,,,,,,,,,,High,Medium,Medium,,,,,
557,2026-09-04,15:40:13.28,,,,,Undefined,FOR_RAM,"Wansaw, Michael",1000503198,Right,FOR_RAM,Undefined,1,Bottom,0,0,0,Undefined,,Undefined,Undefined,Undefined,Undefined,0,0,,51.88512,5.362494,-0.668356,3036.074215,,,3.90533,-1.01607,21.99458,,,,2.68602,0.70293,50.07962,-9.259545,5.964691,0.500952,47.97467,-7.133704,178.589499,,,,,12.22273,4.28595,-178.499007,0.235032,-27.37431,-9.19193,0.71505,50,2.42601,3.29711,-76.97411,12.70863,-16.84874,7.23481,-37.83163,FOR_RAM,,FordhamUniversity,,,20260904-FordhamUniversity-BP-1,72c981e0-a898-11f1-884b-8d6b77d225c8,75.24156,2.54384,,1.80549,,,,3.72019,2.54384,-0.99516,568bcc58-7a80-4f8d-8682-9863113bc81a,2026-09-04,19:40:13.28,2026-09-04T15:40:13.2800000-04:00,2026-09-04T19:40:13.2800000Z,GroundBall,v3,471298,,,,,Undefined,FOR_RAM,12e331c8-15f1-45d9-91d4-20aab2f8e107,38.51629,-75.88708,3.6174,3.90845,7.02442,-18.91581,1.02026,0.76558,-8.42437,,3.71929,-69.74643,8.24952,,,,,,,2.54377,-8.73402,-8.88801,,,,,,,-0.99579,1.75435,4.77743,,,,,,,,,,,,,,,,,,,,,,,,,,,,,Low,Low,Low,Medium,Low,,,
558,2026-09-04,15:40:17.65,,,,,Undefined,FOR_RAM,"Wansaw, Michael",1000503198,Right,FOR_RAM,Undefined,1,Bottom,0,0,0,Undefined,,Undefined,Undefined,FlyBall,Undefined,0,0,,52.16538,4.997069,-0.636922,3479.948946,,,3.85414,-1.27249,21.93237,,,,3.53346,0.56939,51.20782,-6.068077,6.293513,0.493538,,,,,,,,,,,,-28.77017,4.06764,0.95748,50.00026,2.53377,3.495,-76.89148,11.06309,-18.2808,4.02394,-29.58945,FOR_RAM,,FordhamUniversity,,,20260904-FordhamUniversity-BP-1,7567d370-a898-11f1-884b-8d6b77d225c8,76.37196,,,0.95756,,,,,,,568bcc58-7a80-4f8d-8682-9863113bc81a,2026-09-04,19:40:17.65,2026-09-04T15:40:17.6520000-04:00,2026-09-04T19:40:17.6520000Z,,v3,471298,,,,,Undefined,FOR_RAM,3d6f9075-bef0-4c29-9a26-1fddb9323b20,38.57689,-76.29131,2.01197,3.8547,6.64991,-14.79472,1.27543,0.76847,-9.1404,,,,,,,,,,,,,,,,,,,,,,,,,,,,,,,,,,,,,,,,,,,,,,,,,,,Low,Low,Low,,,,,
559,2026-09-04,15:40:30.48,,,,,Undefined,FOR_RAM,"Crang, Mason",10913432,Right,FOR_RAM,Undefined,1,Bottom,0,0,0,Undefined,Curveball,Undefined,Undefined,LineDrive,Undefined,0,0,,54.79229,4.36594,-0.401785,1793.443367,314.48204,4:30,4.31617,-0.38052,22.03362,-50.83818,-5.62559,7.1115,2.90887,-0.04776,50.48633,-9.014332,1.429788,0.483951,,,,,,,,,,,,-7.69268,-7.36485,0.25714,50,3.09487,1.2371,-82.16282,11.25066,-5.06535,14.60831,-37.02351,FOR_RAM,,FordhamUniversity,,,20260904-FordhamUniversity-BP-1,7d09b6c0-a898-11f1-884b-8d6b77d225c8,77.88489,,,4.30597,,,,,,,568bcc58-7a80-4f8d-8682-9863113bc81a,2026-09-04,19:40:30.48,2026-09-04T15:40:30.4820000-04:00,2026-09-04T19:40:30.4820000Z,,v3,471298,,,,,Undefined,FOR_RAM,b784051b-bee0-4ccc-9ca0-c0ea1bd5a1dc,38.47157,-80.08687,7.30415,4.31983,5.98935,-18.51176,0.38179,0.51728,-2.53268,,,,,,,,,,,,,,,,,,,,,,,,,,,,,,,,,,,,,,,,,,,,,,,,,,,High,Medium,Medium,,,,,
560,2026-09-04,15:40:35.83,,,,,Undefined,FOR_RAM,"Crang, Mason",10913432,Right,FOR_RAM,Undefined,1,Bottom,0,0,0,Undefined,,Undefined,Undefined,FlyBall,Undefined,0,0,,50.44955,4.756913,-1.748455,2925.739861,,,4.02408,-0.79554,22.03685,,,,2.99447,-0.85003,48.8915,-8.064733,1.573,0.512214,,,,,,,,,,,,-14.13843,0.74102,0.35169,50,2.69199,3.50515,-74.53119,11.03835,-8.2957,5.32666,-31.73926,FOR_RAM,,FordhamUniversity,,,20260904-FordhamUniversity-BP-1,80299460-a898-11f1-884b-8d6b77d225c8,73.58732,,,1.55805,,,,,,,568bcc58-7a80-4f8d-8682-9863113bc81a,2026-09-04,19:40:35.83,2026-09-04T15:40:35.8340000-04:00,2026-09-04T19:40:35.8340000Z,,v3,471298,,,,,Undefined,FOR_RAM,99bc569f-01d4-4c19-9c39-c8957428c249,38.46944,-73.70251,2.66333,4.02517,6.10059,-15.86963,0.7966,2.21457,-4.14785,,,,,,,,,,,,,,,,,,,,,,,,,,,,,,,,,,,,,,,,,,,,,,,,,,,Low,Low,Low,,,,,
561,2026-09-04,15:40:43.24,,,,,Undefined,FOR_RAM,"Crang, Mason",10913432,Right,FOR_RAM,Undefined,1,Bottom,0,0,0,Undefined,,Undefined,Undefined,LineDrive,Undefined,0,0,,51.94892,5.192039,-3.280868,3395.764858,,,3.96849,-0.60087,22.09174,,,,3.69059,-0.47886,50.98961,-6.137318,3.638747,0.492971,,,,,,,,,,,,-29.28407,3.06925,-0.26591,50.00006,2.56921,7.10869,-76.26755,11.49053,-18.49369,2.99268,-30.23572,FOR_RAM,,FordhamUniversity,,,20260904-FordhamUniversity-BP-1,8497c3f0-a898-11f1-884b-8d6b77d225c8,76.45972,,,0.95931,,,,,,,568bcc58-7a80-4f8d-8682-9863113bc81a,2026-09-04,19:40:43.24,2026-09-04T15:40:43.2410000-04:00,2026-09-04T19:40:43.2410000Z,,v3,471298,,,,,Undefined,FOR_RAM,a22c518b-6919-46e7-8f8f-ec151cf4c025,38.41633,-75.81166,1.49634,3.96882,6.88448,-15.11786,0.60243,4.29139,-9.24684,,,,,,,,,,,,,,,,,,,,,,,,,,,,,,,,,,,,,,,,,,,,,,,,,,,Low,Low,Low,,,,,
562,2026-09-04,15:40:50.23,,,,,Undefined,FOR_RAM,"Crang, Mason",10913432,Right,FOR_RAM,Undefined,1,Bottom,0,0,0,Undefined,Curveball,Undefined,Undefined,FlyBall,Undefined,0,0,,50.5188,4.76876,-1.127933,2793.642058,328.852093,5:00,4.28922,-0.37317,21.87828,-62.91153,-9.57875,6.68843,2.15149,-0.54844,47.15886,-11.617602,0.589432,0.525616,,,,,,,,,,,,-7.81099,-12.94654,0.10267,50,2.90087,2.11262,-75.57327,12.12768,-4.39729,11.48995,-39.46246,FOR_RAM,,FordhamUniversity,,,20260904-FordhamUniversity-BP-1,88b7ac70-a898-11f1-884b-8d6b77d225c8,71.71099,,,3.35994,,,,,,,568bcc58-7a80-4f8d-8682-9863113bc81a,2026-09-04,19:40:50.23,2026-09-04T15:40:50.2340000-04:00,2026-09-04T19:40:50.2340000Z,,v3,471298,,,,,Undefined,FOR_RAM,482c5da4-dc1d-4562-adea-32251df1339c,38.62805,-73.82406,5.74497,4.28986,6.12,-19.73123,0.37333,1.44319,-2.19865,,,,,,,,,,,,,,,,,,,,,,,,,,,,,,,,,,,,,,,,,,,,,,,,,,,High,Medium,Medium,,,,,
563,2026-09-04,15:41:03.02,,,,,Undefined,FOR_RAM,"Palmer, Owen",10100501,Left,FOR_RAM,Undefined,1,Bottom,0,0,0,Undefined,,Undefined,Undefined,FlyBall,Undefined,0,0,,48.94988,4.258128,-1.733674,2657.928434,,,3.98707,-0.94699,21.97026,,,,2.94469,0.1197,48.28522,-7.532673,5.010423,0.524366,,,,,,,,,,,,-28.42832,7.58945,0.40467,50.00006,2.78192,4.67881,-72.06083,9.77931,-15.97049,2.97454,-27.91044,FOR_RAM,,FordhamUniversity,,,20260904-FordhamUniversity-BP-1,9069e370-a898-11f1-884b-8d6b77d225c8,71.88196,,,0.66467,,,,,,,568bcc58-7a80-4f8d-8682-9863113bc81a,2026-09-04,19:41:03.02,2026-09-04T15:41:03.0210000-04:00,2026-09-04T19:41:03.0210000Z,,v3,471298,,,,,Undefined,FOR_RAM,a4021123-2074-424a-946e-28ca1feec1bd,38.53674,-71.58608,1.48727,3.98725,5.32469,-13.95522,0.94801,2.12985,-7.98525,,,,,,,,,,,,,,,,,,,,,,,,,,,,,,,,,,,,,,,,,,,,,,,,,,,Low,Low,Low,,,,,
564,2026-09-04,15:41:24.27,,,,,Undefined,FOR_RAM,"Palmer, Owen",10100501,Left,FOR_RAM,Undefined,1,Bottom,0,0,0,Undefined,,Undefined,Undefined,Undefined,Undefined,0,0,,51.45168,5.367566,-1.064904,3147.55867,,,3.9256,-1.06074,21.81883,,,,3.46911,0.53529,50.54687,-6.850334,5.948165,0.501994,,,,,,,,,,,,-29.05982,0.80567,0.66509,50.00024,2.51685,4.00628,-75.78671,11.78282,-17.9571,3.80978,-31.67618,FOR_RAM,,FordhamUniversity,,,20260904-FordhamUniversity-BP-1,9d263be0-a898-11f1-884b-8d6b77d225c8,75.08539,,,0.9048,,,,,,,568bcc58-7a80-4f8d-8682-9863113bc81a,2026-09-04,19:41:24.27,2026-09-04T15:41:24.2760000-04:00,2026-09-04T19:41:24.2760000Z,,v3,471298,,,,,Undefined,FOR_RAM,1fce7f83-8539-4f8f-b94a-e9e6eac5e356,38.69122,-75.21606,1.90489,3.9264,7.03819,-15.83809,1.06374,1.31657,-8.97855,,,,,,,,,,,,,,,,,,,,,,,,,,,,,,,,,,,,,,,,,,,,,,,,,,,Low,Low,Low,,,,,
565,2026-09-04,15:41:32.41,,,,,Undefined,FOR_RAM,"Palmer, Owen",10100501,Left,FOR_RAM,Undefined,1,Bottom,0,0,0,Undefined,,Undefined,Undefined,LineDrive,Undefined,0,0,,50.4622,4.341084,-2.03469,3106.642624,,,4.1547,-0.85986,21.85535,,,,2.81725,0.10007,49.84115,-8.497493,4.978612,0.51023,103.7862,16.984833,29.404439,1094.226041,93.41147,26.086,58.08842,271.57879,258.15812,35.956918,2.550336,-29.19344,0.03264,0.26701,50.00017,2.92494,5.22251,-74.36685,10.50029,-17.42815,3.3679,-32.15457,FOR_RAM,,FordhamUniversity,,,20260904-FordhamUniversity-BP-1,a1f7c120-a898-11f1-884b-8d6b77d225c8,73.87344,28.13883,,0.62105,,,,2.18495,2.68511,-0.11169,568bcc58-7a80-4f8d-8682-9863113bc81a,2026-09-04,19:41:32.41,2026-09-04T15:41:32.4140000-04:00,2026-09-04T19:41:32.4140000Z,LineDrive,v3,471298,,,,,Undefined,FOR_RAM,44757ccf-375f-414b-a1ec-3849e2fed807,38.65473,-73.85125,1.68395,4.15564,5.5777,-16.07728,0.8623,2.55442,-8.71408,,2.18496,126.82628,-27.25801,7.09305,-1.68653,0.35159,-0.06383,0.00813,-0.0005,2.68511,44.46588,-21.10344,1.61099,-0.13977,-0.00776,0.00616,-0.0008,4E-05,-0.1117,71.47537,-2.18453,-1.52716,0.76872,-0.24073,0.05355,-0.00768,0.00052,,,,,,,,,,,,,,,,,,,,,,,Low,Low,Low,Medium,Medium,,,
566,2026-09-04,15:41:43.09,,,,,Undefined,FOR_RAM,"Rubin, Jack",10076675,Right,FOR_RAM,Undefined,1,Bottom,0,0,0,Undefined,Curveball,Undefined,Undefined,LineDrive,Undefined,0,0,,51.50283,5.471943,-0.827075,3026.943123,322.766786,4:45,4.25676,-0.36557,21.81752,-62.34582,-11.22989,9.50646,2.63213,-0.11143,48.31393,-10.713589,1.606803,0.514576,99.12467,14.769109,-29.712324,1033.030977,96.77459,22.84247,-52.29416,260.8642,260.8642,-29.341548,2.536434,-10.00985,-12.59182,0.15264,50,2.78603,1.88883,-76.84483,12.88547,-5.89617,10.84786,-39.59109,FOR_RAM,,FordhamUniversity,,,20260904-FordhamUniversity-BP-1,a87f81e0-a898-11f1-884b-8d6b77d225c8,73.2495,24.2756,,3.18889,,,,2.36812,2.77359,0.84863,568bcc58-7a80-4f8d-8682-9863113bc81a,2026-09-04,19:41:43.09,2026-09-04T15:41:43.0910000-04:00,2026-09-04T19:41:43.0910000Z,LineDrive,v3,471298,,,,,Undefined,FOR_RAM,bd318d17-3567-4dbe-9ec0-a5f70bd74849,38.6906,-75.23139,5.42393,4.26462,6.99696,-19.79554,0.36836,1.01187,-2.94808,,2.36814,122.09504,-19.50856,3.68985,-0.6083,0.03889,0.01969,-0.00731,0.00084,2.77357,37.06489,-16.97784,1.11353,-0.42093,0.28708,-0.12904,0.03137,-0.00308,0.84858,-69.6711,13.01583,-3.26971,0.27329,0.31201,-0.19514,0.05084,-0.00513,,,,,,,,,,,,,,,,,,,,,,,High,Medium,Medium,Low,Medium,,,
567,2026-09-04,15:42:01.66,,,,,Undefined,FOR_RAM,"Rubin, Jack",10076675,Right,FOR_RAM,Undefined,1,Bottom,0,0,0,Undefined,Curveball,Undefined,Undefined,LineDrive,Undefined,0,0,,52.51827,5.954712,-0.740137,3268.172116,327.810551,5:00,4.24707,-0.3503,21.88197,-66.69897,-16.96296,11.59446,2.5701,0.13524,48.62417,-11.411396,2.234749,0.507583,,,,,,,,,,,,-12.43253,-19.70867,0.13742,50,2.63759,2.01783,-78.58486,14.25395,-7.50897,13.12553,-44.07764,FOR_RAM,,FordhamUniversity,,,20260904-FordhamUniversity-BP-1,b369d970-a898-11f1-884b-8d6b77d225c8,74.25868,,,3.8941,,,,,,,568bcc58-7a80-4f8d-8682-9863113bc81a,2026-09-04,19:42:01.66,2026-09-04T15:42:01.6680000-04:00,2026-09-04T19:42:01.6680000Z,,v3,471298,,,,,Undefined,FOR_RAM,99fda3fc-4f79-4dfb-b9ee-ccf51e18d944,38.62608,-76.66161,6.56277,4.253,7.79537,-22.03882,0.35247,0.91756,-3.75449,,,,,,,,,,,,,,,,,,,,,,,,,,,,,,,,,,,,,,,,,,,,,,,,,,,High,Medium,Medium,,,,,
568,2026-09-04,15:42:08.21,,,,,Undefined,FOR_RAM,"Rubin, Jack",10076675,Right,FOR_RAM,Undefined,1,Bottom,0,0,0,Undefined,,Undefined,Undefined,GroundBall,Undefined,0,0,,50.77565,4.245835,-1.830279,3104.511269,,,4.20084,-0.85569,21.87317,,,,2.9201,0.23447,50.12951,-8.232533,5.175284,0.506822,99.12087,6.220663,-27.276274,1011.781795,,,,133.08944,132.94832,-32.447301,1.050065,-29.14781,0.86319,0.30284,50.00019,2.99799,4.98777,-74.85356,10.31247,-17.61846,3.46903,-31.65228,FOR_RAM,,FordhamUniversity,,,20260904-FordhamUniversity-BP-1,b74ba780-a898-11f1-884b-8d6b77d225c8,74.3702,6.32486,,0.64614,,,,2.12811,3.03529,-0.42989,568bcc58-7a80-4f8d-8682-9863113bc81a,2026-09-04,19:42:08.21,2026-09-04T15:42:08.2120000-04:00,2026-09-04T19:42:08.2120000Z,GroundBall,v3,471298,,,,,Undefined,FOR_RAM,f07a5c16-0514-4017-880c-86b90e7a6c1a,38.63684,-74.32507,1.73451,4.20173,5.49039,-15.82614,0.85824,2.30367,-8.80923,,2.12811,128.45133,-26.99268,5.35388,-1.10405,0.19255,-0.0325,0.00476,-0.00042,3.03529,15.75275,-19.74253,2.28022,-0.45765,0.1034,-0.02141,0.00415,-0.0005,-0.42989,-66.23133,-3.72701,3.23304,-1.15302,0.34013,-0.08741,0.01821,-0.00214,,,,,,,,,,,,,,,,,,,,,,,Low,Low,Low,Low,Medium,,,
569,2026-09-04,15:42:15.06,,,,,Undefined,FOR_RAM,"Rubin, Jack",10076675,Right,FOR_RAM,Undefined,1,Bottom,0,0,0,Undefined,Curveball,Undefined,Undefined,LineDrive,Undefined,0,0,,53.57023,3.746239,-0.128465,1200.990025,337.365353,5:15,4.26739,-0.38058,21.83908,-52.22231,-4.57748,2.49496,2.35461,-0.25619,49.60617,-9.91065,0.511438,0.496797,93.13711,18.300023,-22.297953,1176.015068,101.6074,29.71014,-42.1412,289.90475,289.90475,-23.92435,3.184844,-2.64595,-5.73807,0.34137,50,3.1928,0.39746,-80.2984,10.10883,-1.66989,13.62919,-35.79542,FOR_RAM,,FordhamUniversity,,,20260904-FordhamUniversity-BP-1,bb4e4400-a898-11f1-884b-8d6b77d225c8,75.87086,33.99582,,3.96405,,,,2.20537,2.23011,0.06205,568bcc58-7a80-4f8d-8682-9863113bc81a,2026-09-04,19:42:15.06,2026-09-04T15:42:15.0650000-04:00,2026-09-04T19:42:15.0650000Z,LineDrive,v3,471298,,,,,Undefined,FOR_RAM,1764884a-4e9d-466c-97ec-069363280bdb,38.66566,-78.35099,6.8146,4.2718,4.99419,-17.89771,0.38112,0.15885,-0.83494,,2.20524,119.99956,-20.48303,4.69097,-1.11862,0.29479,-0.06798,0.00993,-0.00064,2.23047,42.87675,-15.38535,0.51554,0.26317,-0.22162,0.07574,-0.01256,0.00084,0.06198,-49.20549,6.32167,-1.21331,0.17847,-0.00674,-0.0045,0.00107,-8E-05,,,,,,,,,,,,,,,,,,,,,,,High,Medium,Medium,Medium,Medium,,,
570,2026-09-04,15:42:27.10,,,,,Undefined,FOR_RAM,"Checkmayan, Luke",1000610172,Left,FOR_RAM,Undefined,1,Bottom,0,0,0,Undefined,Curveball,Undefined,Undefined,LineDrive,Undefined,0,0,,50.54655,5.343371,0.704683,3147.604217,291.560079,3:45,4.28465,-0.36692,22.0614,-55.47145,-4.50799,13.44662,3.12557,1.20906,48.64131,-9.077909,4.162761,0.513808,70.13273,21.729622,-6.865497,1599.462233,108.41437,26.71235,-18.60977,204.31655,203.84297,-11.901952,2.807087,-14.1191,-5.5602,0.41996,50,2.80017,0.31107,-74.90407,12.32463,-8.22786,6.8643,-35.41423,FOR_RAM,,FordhamUniversity,,,20260904-FordhamUniversity-BP-1,c283f800-a898-11f1-884b-8d6b77d225c8,73.359,26.71204,,1.90523,,,,1.54502,2.38064,-0.74853,568bcc58-7a80-4f8d-8682-9863113bc81a,2026-09-04,19:42:27.10,2026-09-04T15:42:27.1080000-04:00,2026-09-04T19:42:27.1080000Z,LineDrive,v3,471298,,,,,Undefined,FOR_RAM,d9e99e71-ee9c-4dd6-93f1-0643f7dbe5ad,38.44602,-73.83766,3.43215,4.28751,6.8228,-17.70711,0.369,-0.96719,-4.11393,142.287462,1.54491,94.87323,-12.5748,2.36215,-0.66651,0.27972,-0.11625,0.02833,-0.00272,2.38076,38.07524,-15.7894,0.63584,0.16838,-0.18853,0.09574,-0.02283,0.00207,-0.74858,-11.41884,-2.65129,1.06042,-0.30086,0.05959,-0.01094,0.00158,-0.00011,,,,,,,,,,,,,,,,,,,,,,,High,Medium,Medium,High,Medium,,,
571,2026-09-04,15:42:31.35,,,,,Undefined,FOR_RAM,"Checkmayan, Luke",1000610172,Left,FOR_RAM,Undefined,1,Bottom,0,0,0,Undefined,,Undefined,Undefined,LineDrive,Undefined,0,0,,48.82437,5.894424,-2.660838,3129.299488,,,3.89332,-0.75757,22.00332,,,,2.37826,-0.40863,48.30905,-10.601064,3.729582,0.526206,,,,,,,,,,,,-26.91616,-11.95095,0.03985,50.00006,2.21469,5.6781,-71.70921,13.56834,-15.00566,2.7664,-38.83665,FOR_RAM,,FordhamUniversity,,,20260904-FordhamUniversity-BP-1,c5102120-a898-11f1-884b-8d6b77d225c8,71.63055,,,0.51532,,,,,,,568bcc58-7a80-4f8d-8682-9863113bc81a,2026-09-04,19:42:31.35,2026-09-04T15:42:31.3560000-04:00,2026-09-04T19:42:31.3560000Z,,v3,471298,,,,,Undefined,FOR_RAM,f35a1f02-5fa9-4bfb-a608-582cdad92f64,38.50644,-71.26443,1.3832,3.89424,7.3242,-19.41832,0.75883,3.2655,-7.50283,,,,,,,,,,,,,,,,,,,,,,,,,,,,,,,,,,,,,,,,,,,,,,,,,,,Low,Low,Low,,,,,
572,2026-09-04,15:42:37.28,,,,,Undefined,FOR_RAM,"Checkmayan, Luke",1000610172,Left,FOR_RAM,Undefined,1,Bottom,0,0,0,Undefined,,Undefined,Undefined,LineDrive,Undefined,0,0,,51.14853,4.905959,-1.996648,3331.083852,,,3.95403,-0.85504,22.05422,,,,3.24351,0.10925,50.33157,-7.172639,4.96265,0.501092,,,,,,,,,,,,-29.32179,1.52776,0.25033,50.00008,2.59877,5.3204,-75.26083,11.21116,-17.96208,3.27453,-31.23818,FOR_RAM,,FordhamUniversity,,,20260904-FordhamUniversity-BP-1,c8871f70-a898-11f1-884b-8d6b77d225c8,75.22064,,,0.81696,,,,,,,568bcc58-7a80-4f8d-8682-9863113bc81a,2026-09-04,19:42:37.28,2026-09-04T15:42:37.2830000-04:00,2026-09-04T19:42:37.2830000Z,,v3,471298,,,,,Undefined,FOR_RAM,604c00c2-ee29-440d-a44b-d5a446bcacc5,38.45391,-74.75678,1.63726,3.95442,6.40263,-15.61909,0.8565,2.55548,-8.98104,,,,,,,,,,,,,,,,,,,,,,,,,,,,,,,,,,,,,,,,,,,,,,,,,,,Low,Low,Low,,,,,
573,2026-09-04,15:42:42.43,,,,,Undefined,FOR_RAM,"Checkmayan, Luke",1000610172,Left,FOR_RAM,Undefined,1,Bottom,0,0,0,Undefined,Curveball,Undefined,Undefined,FlyBall,Undefined,0,0,,52.47091,5.135135,-0.91387,3283.868611,313.108064,4:30,4.32143,-0.38041,22.02505,-54.92649,-5.71485,7.61752,3.07549,-0.33684,48.5389,-9.295049,1.046142,0.5049,68.48925,41.178503,9.813746,3452.497909,,,,,69.53778,,,-8.26256,-7.2237,0.15453,50,2.92576,1.90577,-78.48638,12.14878,-5.00109,12.67814,-36.54636,FOR_RAM,,FordhamUniversity,,,20260904-FordhamUniversity-BP-1,cba79950-a898-11f1-884b-8d6b77d225c8,74.6533,55.27143,,3.932,,,,2.19765,3.20055,0.32511,568bcc58-7a80-4f8d-8682-9863113bc81a,2026-09-04,19:42:42.43,2026-09-04T15:42:42.4390000-04:00,2026-09-04T19:42:42.4390000Z,,v3,471298,,,,,Undefined,FOR_RAM,3c2b0c24-0366-4b21-81f7-9725c18e5a83,38.48006,-76.60293,6.33907,4.32728,6.7195,-18.27318,0.38246,1.16281,-2.50054,176.721716,2.19765,74.49912,-14.24351,3.4563,-0.70524,0.13118,-0.02431,0.00411,-0.00037,3.20055,66.13748,-16.72844,0.59935,0.04488,-0.03948,0.01337,-0.0024,0.00025,0.32511,12.88664,-3.20339,1.18264,-0.29863,0.06576,-0.01337,0.00242,-0.00023,,,,,,,,,,,,,,,,,,,,,,,High,Medium,Medium,High,Undefined,,,
574,2026-09-04,15:42:49.43,,,,,Undefined,FOR_RAM,"Checkmayan, Luke",1000610172,Left,FOR_RAM,Undefined,1,Bottom,0,0,0,Undefined,,Undefined,Undefined,GroundBall,Undefined,0,0,,48.0506,5.048002,-1.716046,2924.831066,,,3.98395,-0.86012,21.9233,,,,2.04647,0.21053,47.68543,-11.020571,5.013058,0.535463,45.06792,-10.209254,38.735323,,,,,22.22837,10.9546,28.270672,0.251053,-28.10998,-8.18607,0.33072,50.00012,2.50755,4.51128,-70.78805,12.092,-15.1927,3.11814,-36.5984,FOR_RAM,,FordhamUniversity,,,20260904-FordhamUniversity-BP-1,cfde1710-a898-11f1-884b-8d6b77d225c8,70.39229,2.97043,,0.36517,,,,,,,568bcc58-7a80-4f8d-8682-9863113bc81a,2026-09-04,19:42:49.43,2026-09-04T15:42:49.4340000-04:00,2026-09-04T19:42:49.4340000Z,GroundBall,v3,471298,,,,,Undefined,FOR_RAM,4aff0692-2d65-4fb8-8357-ee70259bc8e7,38.58699,-70.28352,1.55907,3.98501,6.17015,-18.2992,0.86179,2.05301,-7.59635,,6.69083,51.24743,,,,,,,,2.97512,-11.8319,,,,,,,,0.19139,41.10883,,,,,,,,,,,,,,,,,,,,,,,,,,,,,,Low,Low,Low,Estimated,Estimated,,,
575,2026-09-04,15:43:04.83,,,,,Undefined,FOR_RAM,"Hanawalt, Chase",1000367090,Left,FOR_RAM,Undefined,1,Bottom,0,0,0,Undefined,Curveball,Undefined,Undefined,GroundBall,Undefined,0,0,,50.45938,5.968713,-0.641487,2896.299048,315.198984,4:30,4.29057,-0.39094,21.85707,-58.5796,-5.0389,6.43949,3.30193,-0.27118,46.88418,-9.328732,1.005921,0.52664,,,,,,,,,,,,-6.93717,-6.8591,0.22736,50,2.72241,1.37781,-75.24814,13.05666,-3.89217,10.95782,-36.02241,FOR_RAM,,FordhamUniversity,,,20260904-FordhamUniversity-BP-1,d905fe20-a898-11f1-884b-8d6b77d225c8,71.57161,,,3.5752,,,,,,,568bcc58-7a80-4f8d-8682-9863113bc81a,2026-09-04,19:43:04.83,2026-09-04T15:43:04.8350000-04:00,2026-09-04T19:43:04.8350000Z,,v3,471298,,,,,Undefined,FOR_RAM,83ccf1ce-7647-49dc-ac0e-abbbd9ffd321,38.64845,-73.57653,5.47891,4.29505,7.56146,-18.01121,0.39226,0.78406,-1.94608,,,,,,,,,,,,,,,,,,,,,,,,,,,,,,,,,,,,,,,,,,,,,,,,,,,High,High,High,,,,,
576,2026-09-04,15:43:08.68,,,,,Undefined,FOR_RAM,"Hanawalt, Chase",1000367090,Left,FOR_RAM,Undefined,1,Bottom,0,0,0,Undefined,,Undefined,Undefined,Undefined,Undefined,0,0,,48.40113,6.497629,-1.792116,2820.978161,,,3.738,-0.85961,21.92643,,,,2.5357,0.06842,47.80083,-10.246568,4.638016,0.532558,,,,,,,,,,,,-27.04391,-11.79316,0.31887,50.00005,1.94536,4.55221,-71.03318,14.23584,-14.78578,2.76021,-38.62175,FOR_RAM,,FordhamUniversity,,,20260904-FordhamUniversity-BP-1,db3eb010-a898-11f1-884b-8d6b77d225c8,70.77623,,,0.6003,,,,,,,568bcc58-7a80-4f8d-8682-9863113bc81a,2026-09-04,19:43:08.68,2026-09-04T15:43:08.6810000-04:00,2026-09-04T19:43:08.6810000Z,,v3,471298,,,,,Undefined,FOR_RAM,4f9e2804-69fd-48c7-84d1-e4ff646b86a5,38.58247,-70.58813,1.38011,3.7387,8.00844,-19.31088,0.86067,2.16814,-7.39289,,,,,,,,,,,,,,,,,,,,,,,,,,,,,,,,,,,,,,,,,,,,,,,,,,,Low,Low,Low,,,,,
577,2026-09-04,15:43:14.37,,,,,Undefined,FOR_RAM,"Hanawalt, Chase",1000367090,Left,FOR_RAM,Undefined,1,Bottom,0,0,0,Undefined,Curveball,Undefined,Undefined,LineDrive,Undefined,0,0,,51.46887,5.558792,-1.057499,3236.693571,318.146405,4:30,4.28778,-0.37985,21.94277,-58.78944,-7.59178,8.04882,3.00459,-0.39481,47.85675,-9.812479,1.007989,0.514987,93.55289,10.358051,41.646542,2008.34756,77.4244,6.38577,78.13731,144.41866,140.17412,46.814558,1.200867,-8.63725,-8.97221,0.12688,50,2.80113,2.07776,-76.8538,12.74371,-5.04658,11.57557,-37.41633,FOR_RAM,,FordhamUniversity,,,20260904-FordhamUniversity-BP-1,deb5ae60-a898-11f1-884b-8d6b77d225c8,73.19102,9.00173,,3.61212,,,,1.96278,2.81048,0.72696,568bcc58-7a80-4f8d-8682-9863113bc81a,2026-09-04,19:43:14.37,2026-09-04T15:43:14.3730000-04:00,2026-09-04T19:43:14.3730000Z,LineDrive,v3,471298,,,,,Undefined,FOR_RAM,c5d98dda-e89d-451d-907f-362134704a2a,38.56327,-75.11147,5.78778,4.29544,7.11189,-18.70816,0.38245,1.31816,-2.52329,,1.96278,100.86129,-18.57387,1.86259,-0.50256,0.21151,-0.05865,-0.00648,0.00612,2.81047,24.67237,-26.3822,4.07736,-1.51488,1.48547,-1.06576,0.39921,-0.05903,0.72695,89.6956,-1.42176,-0.80645,0.07127,0.15481,-0.09857,0.01735,0.00175,,,,,,,,,,,,,,,,,,,,,,,High,High,High,Medium,High,,,
578,2026-09-04,15:43:20.34,,,,,Undefined,FOR_RAM,"Hanawalt, Chase",1000367090,Left,FOR_RAM,Undefined,1,Bottom,0,0,0,Undefined,,Undefined,Undefined,LineDrive,Undefined,0,0,,53.3344,3.839439,-1.746543,3425.999833,,,4.01535,-0.94488,21.86115,,,,2.97545,0.19008,51.39871,-7.17999,5.228936,0.487913,104.56009,10.791728,3.524695,951.180455,109.99968,15.72837,0.25506,228.90375,187.06916,-3.785942,2.009309,-28.82191,3.26091,0.42894,50,2.95392,4.96495,-79.1231,9.53065,-18.82187,7.23981,-30.04454,FOR_RAM,,FordhamUniversity,,,20260904-FordhamUniversity-BP-1,e24d2d00-a898-11f1-884b-8d6b77d225c8,77.25243,15.85477,,1.93569,,,,0.09939,2.97023,-0.2983,568bcc58-7a80-4f8d-8682-9863113bc81a,2026-09-04,19:43:20.34,2026-09-04T15:43:20.3450000-04:00,2026-09-04T19:43:20.3450000Z,LineDrive,v3,471298,,,,,Undefined,FOR_RAM,eec72dc7-aa4a-49c7-9155-85b893f70745,38.64759,-78.07744,3.6199,4.01708,5.19125,-15.02227,0.94972,2.24647,-9.41094,109.021046,0.09941,150.35578,-26.49648,5.9861,-1.43482,0.41328,-0.13668,0.03388,-0.00386,2.97007,28.72532,-17.45789,2.12448,-0.56243,-0.24195,0.33828,-0.13199,0.01823,-0.29815,9.25106,-12.22431,2.64215,-0.62011,0.49701,-0.36692,0.12916,-0.01727,,,,,,,,,,,,,,,,,,,,,,,Low,Low,Low,High,High,,,
579,2026-09-04,15:43:26.31,,,,,Undefined,FOR_RAM,"Hanawalt, Chase",1000367090,Left,FOR_RAM,Undefined,1,Bottom,0,0,0,Undefined,,Undefined,Undefined,LineDrive,Undefined,0,0,,52.00974,3.690746,-0.570296,3040.98613,,,4.06133,-1.07503,21.89624,,,,3.15042,0.75547,51.22325,-6.554768,6.19329,0.494561,,,,,,,,,,,,-28.16257,7.71595,0.77447,50.00017,3.02859,3.3604,-76.73459,8.96656,-17.85433,3.83309,-27.28235,FOR_RAM,,FordhamUniversity,,,20260904-FordhamUniversity-BP-1,e5d03940-a898-11f1-884b-8d6b77d225c8,76.21399,,,0.78649,,,,,,,568bcc58-7a80-4f8d-8682-9863113bc81a,2026-09-04,19:43:26.31,2026-09-04T15:43:26.3130000-04:00,2026-09-04T19:43:26.3130000Z,,v3,471298,,,,,Undefined,FOR_RAM,2796d205-846f-4893-92b8-d3b8af66127b,38.6116,-76.16358,1.91655,4.06161,4.90233,-13.64117,1.07695,0.70066,-8.92716,,,,,,,,,,,,,,,,,,,,,,,,,,,,,,,,,,,,,,,,,,,,,,,,,,,Low,Low,Low,,,,,
580,2026-09-04,15:43:37.41,,,,,Undefined,FOR_RAM,"Wansaw, Michael",1000503198,Right,FOR_RAM,Undefined,1,Bottom,0,0,0,Undefined,Curveball,Undefined,Undefined,LineDrive,Undefined,0,0,,50.92742,4.860235,-0.305108,2977.912695,327.171769,5:00,4.27464,-0.37431,21.85788,-62.02354,-10.44217,7.4702,2.27192,0.04994,48.35409,-11.211022,1.611961,0.516913,97.37735,22.702983,-18.036071,1237.729938,104.47764,42.89561,-34.41533,335.16419,325.5346,-19.36055,4.44446,-7.79772,-11.53068,0.27235,50,2.91006,1.03113,-75.90317,12.02111,-4.54086,9.44801,-38.88873,FOR_RAM,,FordhamUniversity,,,20260904-FordhamUniversity-BP-1,ec8635f0-a898-11f1-884b-8d6b77d225c8,72.91828,58.93776,,2.57333,,,,1.65027,2.39453,0.08337,568bcc58-7a80-4f8d-8682-9863113bc81a,2026-09-04,19:43:37.41,2026-09-04T15:43:37.4130000-04:00,2026-09-04T19:43:37.4130000Z,LineDrive,v3,471298,,,,,Undefined,FOR_RAM,47fd5c6f-aebe-49df-b530-f28f2cd4a1a0,38.65056,-74.47706,4.724,4.28155,6.15112,-19.44437,0.37626,0.34572,-2.27043,173.418329,1.65022,125.28034,-24.9488,5.72511,-1.25819,0.24672,-0.03719,0.00347,-0.00014,2.39473,55.1154,-14.44665,0.54593,-0.01787,-0.0086,0.00148,0.00019,-4E-05,0.08344,-40.79384,6.66189,-1.3531,0.27644,-0.05234,0.00789,-0.00072,3E-05,,,,,,,,,,,,,,,,,,,,,,,High,Medium,Medium,High,Medium,,,
581,2026-09-04,15:43:46.39,,,,,Undefined,FOR_RAM,"Wansaw, Michael",1000503198,Right,FOR_RAM,Undefined,1,Bottom,0,0,0,Undefined,,Undefined,Undefined,LineDrive,Undefined,0,0,,51.11716,5.584213,-2.092852,3269.154519,,,3.89077,-0.92677,22.05748,,,,3.28901,-0.02937,50.26979,-7.518723,4.849866,0.501791,,,,,,,,,,,,-29.25218,-2.68906,0.3035,50.00008,2.36708,5.42965,-75.14122,12.49191,-17.87003,3.22531,-33.81678,FOR_RAM,,FordhamUniversity,,,20260904-FordhamUniversity-BP-1,f1fc86b0-a898-11f1-884b-8d6b77d225c8,75.11581,,,0.84737,,,,,,,568bcc58-7a80-4f8d-8682-9863113bc81a,2026-09-04,19:43:46.39,2026-09-04T15:43:46.3970000-04:00,2026-09-04T19:43:46.3970000Z,,v3,471298,,,,,Undefined,FOR_RAM,bd9390f5-1a2c-404c-a09e-b3a9370f6553,38.45122,-74.64385,1.61265,3.89133,7.27717,-16.90839,0.92832,2.67398,-8.93502,,,,,,,,,,,,,,,,,,,,,,,,,,,,,,,,,,,,,,,,,,,,,,,,,,,Low,Low,Low,,,,,
582,2026-09-04,15:43:53.87,,,,,Undefined,FOR_RAM,"Wansaw, Michael",1000503198,Right,FOR_RAM,Undefined,1,Bottom,0,0,0,Undefined,,Undefined,Undefined,Undefined,Undefined,0,0,,51.95841,5.008982,-2.556261,3312.013289,,,4.02632,-0.74613,21.99883,,,,3.60062,-0.14728,51.03864,-6.403488,4.387191,0.494037,49.81709,-9.018982,177.216206,3275.681224,,,,14.06917,9.89969,-179.185709,0.218481,-29.26332,2.80555,0.03357,50.00007,2.67782,6.12693,-76.37993,11.23124,-18.49436,3.21222,-30.40095,FOR_RAM,,FordhamUniversity,,,20260904-FordhamUniversity-BP-1,f64a35f0-a898-11f1-884b-8d6b77d225c8,76.29485,3.18562,,0.91977,,,,1.22465,3.18562,-0.54388,568bcc58-7a80-4f8d-8682-9863113bc81a,2026-09-04,19:43:53.87,2026-09-04T15:43:53.8750000-04:00,2026-09-04T19:43:53.8750000Z,GroundBall,v3,471298,,,,,Undefined,FOR_RAM,2f2b572b-c764-4baa-b974-dd5b08f30294,38.50918,-75.89514,1.60611,4.02664,6.64304,-15.20048,0.74763,3.33571,-9.24718,,1.22428,-72.05437,9.44533,,,,,,,3.18623,-11.49075,-14.17024,,,,,,,-0.54299,3.4505,-8.6247,,,,,,,,,,,,,,,,,,,,,,,,,,,,,Low,Low,Low,Medium,Medium,,,
583,2026-09-04,15:44:00.02,,,,,Undefined,FOR_RAM,"Wansaw, Michael",1000503198,Right,FOR_RAM,Undefined,1,Bottom,0,0,0,Undefined,Curveball,Undefined,Undefined,LineDrive,Undefined,0,0,,52.27987,4.219631,-0.638989,3213.089102,314.693553,4:30,4.29837,-0.37963,21.87202,-55.11113,-5.7241,7.06764,2.45186,-0.20575,48.9993,-10.145508,1.174789,0.505799,97.63265,21.640758,-0.917795,1853.109083,109.92702,40.78732,3.99682,327.56806,307.27632,9.416623,3.965474,-7.53985,-6.77122,0.21341,50,3.10311,1.47858,-78.11518,10.83082,-4.58257,11.34196,-36.28945,FOR_RAM,,FordhamUniversity,,,20260904-FordhamUniversity-BP-1,fa10dae0-a898-11f1-884b-8d6b77d225c8,74.5206,53.11113,,3.28057,,,,1.76583,2.4658,0.20763,568bcc58-7a80-4f8d-8682-9863113bc81a,2026-09-04,19:44:00.02,2026-09-04T15:44:00.0220000-04:00,2026-09-04T19:44:00.0220000Z,LineDrive,v3,471298,,,,,Undefined,FOR_RAM,9a90a280-63a1-40b5-91c1-b0554f73902d,38.63371,-76.44703,5.67098,4.30358,5.49347,-18.14472,0.38131,0.80459,-2.29128,208.884225,1.76642,133.06669,-27.63808,6.63395,-1.1933,0.15287,-0.01102,-6E-05,6E-05,2.46478,52.83751,-13.54611,-0.19638,-0.0809,0.12402,-0.04479,0.00755,-0.0005,0.20747,-2.12727,7.67116,-1.8021,0.3692,-0.05637,0.00492,2E-05,-3E-05,,,,,,,,,,,,,,,,,,,,,,,High,High,High,High,Medium,,,
584,2026-09-04,15:44:07.28,,,,,Undefined,FOR_RAM,"Wansaw, Michael",1000503198,Right,FOR_RAM,Undefined,1,Bottom,0,0,0,Undefined,,Undefined,Undefined,FlyBall,Undefined,0,0,,49.22754,5.62785,-1.734281,3067.97167,,,3.87278,-0.94043,21.862,,,,2.86487,0.19697,48.54305,-8.786042,5.2171,0.523965,94.84995,33.023128,-24.343783,,101.2092,69.66275,-43.08862,348.8142,170.98555,-21.450331,5.546929,-28.90317,-3.70827,0.41022,50.00019,2.34193,4.67545,-72.45943,12.43856,-16.35885,3.31368,-34.27289,FOR_RAM,,FordhamUniversity,,,20260904-FordhamUniversity-BP-1,fe6a22e0-a898-11f1-884b-8d6b77d225c8,71.93697,100.35742,,0.68449,,,,2.28157,2.81775,-0.33938,568bcc58-7a80-4f8d-8682-9863113bc81a,2026-09-04,19:44:07.28,2026-09-04T15:44:07.2820000-04:00,2026-09-04T19:44:07.2820000Z,FlyBall,v3,471298,,,,,Undefined,FOR_RAM,a7fb0d3f-d9cb-437d-82be-a7c9f3008ae0,38.64894,-71.93845,1.65684,3.87395,7.05012,-17.13644,0.94312,2.10348,-8.17942,,2.28504,106.20299,-21.9544,4.91246,-0.74446,0.06439,-0.00221,6E-05,-1E-05,2.81728,75.81731,-15.51914,0.25338,0.08249,-0.05595,0.01767,-0.0025,0.00013,-0.34125,-48.04335,12.03736,-2.82989,0.43806,-0.03583,0.00017,0.00016,-1E-05,,,,,,,,,,,,,,,,,,,,,,,Low,Low,Low,Medium,Low,,,
585,2026-09-04,15:44:23.16,,,,,Undefined,FOR_RAM,"Crang, Mason",10913432,Right,FOR_RAM,Undefined,1,Bottom,0,0,0,Undefined,Curveball,Undefined,Undefined,FlyBall,Undefined,0,0,,51.29492,5.285935,-0.826593,2961.892857,324.298985,4:45,4.26761,-0.36508,21.8052,-57.33838,-6.13646,5.25681,2.93932,-0.46495,48.32861,-9.604917,0.517664,0.515009,94.80335,31.391359,13.736091,3853.981372,103.30649,63.88368,37.78537,353.77951,319.56847,31.81908,5.077523,-5.61697,-7.09374,0.1745,50,2.85903,1.53331,-76.35771,12.18952,-3.30362,9.73664,-36.34624,FOR_RAM,,FordhamUniversity,,,20260904-FordhamUniversity-BP-1,07ca30f0-a899-11f1-884b-8d6b77d225c8,73.18799,85.27231,,2.96631,,,,0.60437,2.69734,0.38764,568bcc58-7a80-4f8d-8682-9863113bc81a,2026-09-04,19:44:23.16,2026-09-04T15:44:23.1600000-04:00,2026-09-04T19:44:23.1600000Z,FlyBall,v3,471298,,,,,Undefined,FOR_RAM,0d831f90-40e8-4edd-9746-2a8535eb0f56,38.7011,-74.90309,4.86832,4.27449,6.75953,-18.17312,0.36671,1.03976,-1.65181,216.879291,0.60889,115.20308,-28.69054,7.25284,-1.23777,0.10415,0.00379,-0.00135,7E-05,2.69578,72.44994,-16.3728,-0.5146,0.66052,-0.25646,0.06208,-0.00809,0.00042,0.38663,28.20617,6.21011,-2.47234,0.69385,-0.14028,0.01974,-0.00173,7E-05,,,,,,,,,,,,,,,,,,,,,,,High,High,High,High,Medium,,,
586,2026-09-04,15:44:33.05,,,,,Undefined,FOR_RAM,"Crang, Mason",10913432,Right,FOR_RAM,Undefined,1,Bottom,0,0,0,Undefined,,Undefined,Undefined,LineDrive,Undefined,0,0,,52.78152,3.920804,-2.393665,3324.150278,,,4.22418,-0.82206,21.87157,,,,3.32454,-0.12623,51.60479,-6.77842,4.52401,0.489041,,,,,,,,,,,,-29.06112,4.67162,0.15687,50.00016,3.13795,5.93345,-77.86136,9.54971,-18.87418,4.43965,-29.14,FOR_RAM,,FordhamUniversity,,,20260904-FordhamUniversity-BP-1,0d89bfb0-a899-11f1-884b-8d6b77d225c8,77.07422,,,1.17673,,,,,,,568bcc58-7a80-4f8d-8682-9863113bc81a,2026-09-04,19:44:33.05,2026-09-04T15:44:33.0530000-04:00,2026-09-04T19:44:33.0530000Z,,v3,471298,,,,,Undefined,FOR_RAM,7e7f2fc9-1db1-499d-a2b7-3966bea8ef2e,38.63613,-77.21066,2.21983,4.22462,5.27882,-14.57,0.82379,3.16716,-9.43709,,,,,,,,,,,,,,,,,,,,,,,,,,,,,,,,,,,,,,,,,,,,,,,,,,,Low,Low,Low,,,,,
587,2026-09-04,15:44:38.52,,,,,Undefined,FOR_RAM,"Crang, Mason",10913432,Right,FOR_RAM,Undefined,1,Bottom,0,0,0,Undefined,,Undefined,Undefined,Undefined,Undefined,0,0,,52.21111,3.570763,-3.169919,3353.397433,,,4.23334,-0.58089,21.95452,,,,3.19812,-0.45542,49.127,-7.01572,3.545724,0.502931,,,,,,,,,,,,-28.70214,8.29949,-0.22034,50,3.23076,6.7195,-77.76627,8.76579,-17.56234,9.82622,-27.09573,FOR_RAM,,FordhamUniversity,,,20260904-FordhamUniversity-BP-1,10deb710-a899-11f1-884b-8d6b77d225c8,74.94553,,,3.08411,,,,,,,568bcc58-7a80-4f8d-8682-9863113bc81a,2026-09-04,19:44:38.52,2026-09-04T15:44:38.5230000-04:00,2026-09-04T19:44:38.5230000Z,,v3,471298,,,,,Undefined,FOR_RAM,7db68f54-f673-44a7-9178-98b9e2865f4c,38.55165,-76.30599,4.91311,4.23424,4.73909,-13.54786,0.58431,4.10955,-8.78117,,,,,,,,,,,,,,,,,,,,,,,,,,,,,,,,,,,,,,,,,,,,,,,,,,,Low,Low,Low,,,,,
588,2026-09-04,15:44:46.12,,,,,Undefined,FOR_RAM,"Crang, Mason",10913432,Right,FOR_RAM,Undefined,1,Bottom,0,0,0,Undefined,,Undefined,Undefined,Undefined,Undefined,0,0,,50.39545,4.142059,-3.12158,2812.287755,,,3.94324,-0.78297,21.80158,,,,3.13853,-0.6922,46.68595,-6.96434,3.384513,0.527578,,,,,,,,,,,,-28.79084,10.86016,-0.00067,50,2.83514,6.39687,-75.29123,9.28407,-16.12747,11.19779,-26.09063,FOR_RAM,,FordhamUniversity,,,20260904-FordhamUniversity-BP-1,15539d60-a899-11f1-884b-8d6b77d225c8,71.44433,,,3.7095,,,,,,,568bcc58-7a80-4f8d-8682-9863113bc81a,2026-09-04,19:44:46.12,2026-09-04T15:44:46.1200000-04:00,2026-09-04T19:44:46.1200000Z,,v3,471298,,,,,Undefined,FOR_RAM,39845093-2d13-4519-884a-7d9bf77b1d5e,38.70434,-73.59209,5.59889,3.94353,5.32511,-13.04532,0.78432,3.94971,-8.06373,,,,,,,,,,,,,,,,,,,,,,,,,,,,,,,,,,,,,,,,,,,,,,,,,,,Low,Low,Low,,,,,
589,2026-09-04,15:44:57.29,,,,,Undefined,FOR_RAM,"Palmer, Owen",10100501,Left,FOR_RAM,Undefined,1,Bottom,0,0,0,Undefined,,Undefined,Undefined,LineDrive,Undefined,0,0,,52.31027,3.321383,-2.60497,3351.161699,,,4.18285,-0.79302,21.84932,,,,3.15949,-0.34384,49.50789,-6.695272,3.976177,0.501757,,,,,,,,,,,,-28.16576,10.23725,0.10715,50,3.253,5.95964,-77.85249,8.22895,-17.40567,9.14146,-25.8477,FOR_RAM,,FordhamUniversity,,,20260904-FordhamUniversity-BP-1,1bf7e6d0-a899-11f1-884b-8d6b77d225c8,75.12095,,,2.80238,,,,,,,568bcc58-7a80-4f8d-8682-9863113bc81a,2026-09-04,19:44:57.29,2026-09-04T15:44:57.2900000-04:00,2026-09-04T19:44:57.2900000Z,,v3,471298,,,,,Undefined,FOR_RAM,82aa40f9-9657-48c6-a756-e8c9d54541bf,38.65687,-76.50899,4.57073,4.18324,4.43016,-12.92385,0.79505,3.40155,-8.70284,,,,,,,,,,,,,,,,,,,,,,,,,,,,,,,,,,,,,,,,,,,,,,,,,,,Low,Low,Low,,,,,
590,2026-09-04,15:45:02.41,,,,,Undefined,FOR_RAM,"Palmer, Owen",10100501,Left,FOR_RAM,Undefined,1,Bottom,0,0,0,Undefined,,Undefined,Undefined,GroundBall,Undefined,0,0,,53.53151,4.310147,-2.072544,3420.883778,,,4.04151,-0.8418,21.8563,,,,2.89022,0.09203,49.53127,-8.159528,4.936371,0.496766,103.68781,3.901204,28.672838,1601.872081,,,,91.88255,86.71138,29.297562,0.657987,-28.76143,-0.7374,0.29333,50,2.8847,5.18927,-80.15354,10.44533,-18.14535,13.27677,-32.63927,FOR_RAM,,FordhamUniversity,,,20260904-FordhamUniversity-BP-1,1f5828d0-a899-11f1-884b-8d6b77d225c8,75.8756,3.76308,,4.00024,,,,2.39228,2.61624,0.14339,568bcc58-7a80-4f8d-8682-9863113bc81a,2026-09-04,19:45:02.41,2026-09-04T15:45:02.4190000-04:00,2026-09-04T19:45:02.4190000Z,GroundBall,v3,471298,,,,,Undefined,FOR_RAM,377d5bfd-d074-4c6b-8740-87231a59dcb0,38.65043,-78.251,6.63838,4.04639,5.76817,-16.31964,0.85064,2.58907,-9.07267,,2.44816,131.96197,-21.24686,,,,,,,2.6592,9.45636,-20.60461,,,,,,,0.15236,72.61537,-6.87974,,,,,,,,,,,,,,,,,,,,,,,,,,,,,Low,Low,Low,High,High,,,
591,2026-09-04,15:45:11.44,,,,,Undefined,FOR_RAM,"Palmer, Owen",10100501,Left,FOR_RAM,Undefined,1,Bottom,0,0,0,Undefined,,Undefined,Undefined,Undefined,Undefined,0,0,,47.75406,4.020718,-3.13988,2665.513914,,,4.16641,-0.67771,21.95444,,,,2.42777,-0.47232,46.06662,-9.537315,3.764431,0.544833,,,,,,,,,,,,-29.13269,4.86634,-0.12779,50,2.98181,6.20272,-70.76231,9.69576,-15.18416,5.9577,-29.63769,FOR_RAM,,FordhamUniversity,,,20260904-FordhamUniversity-BP-1,24abaf50-a899-11f1-884b-8d6b77d225c8,69.18158,,,1.68744,,,,,,,568bcc58-7a80-4f8d-8682-9863113bc81a,2026-09-04,19:45:11.44,2026-09-04T15:45:11.4450000-04:00,2026-09-04T19:45:11.4450000Z,,v3,471298,,,,,Undefined,FOR_RAM,67b04989-6c5e-42c9-93e4-6e69c7e57cc1,38.55294,-69.79189,2.97885,4.16794,4.86824,-14.81884,0.68111,3.72946,-7.59208,,,,,,,,,,,,,,,,,,,,,,,,,,,,,,,,,,,,,,,,,,,,,,,,,,,Low,Low,Low,,,,,
592,2026-09-04,15:45:18.11,,,,,Undefined,FOR_RAM,"Palmer, Owen",10100501,Left,FOR_RAM,Undefined,1,Bottom,0,0,0,Undefined,,Undefined,Undefined,LineDrive,Undefined,0,0,,50.56447,4.016566,-0.46794,3345.598379,,,4.05433,-1.1955,22.08819,,,,2.65053,0.75805,49.96499,-8.396046,6.504115,0.506307,,,,,,,,,,,,-29.04269,1.3061,0.90408,50.00027,2.86975,3.24252,-74.67027,10.05825,-17.39167,3.85439,-31.39191,FOR_RAM,,FordhamUniversity,,,20260904-FordhamUniversity-BP-1,28867880-a899-11f1-884b-8d6b77d225c8,74.44577,,,0.59948,,,,,,,568bcc58-7a80-4f8d-8682-9863113bc81a,2026-09-04,19:45:18.11,2026-09-04T15:45:18.1100000-04:00,2026-09-04T19:45:18.1100000Z,,v3,471298,,,,,Undefined,FOR_RAM,58004b85-258e-4557-9c61-cc2573a5841a,38.42176,-74.07019,1.9272,4.05525,5.17093,-15.69596,1.19812,0.53485,-8.69584,,,,,,,,,,,,,,,,,,,,,,,,,,,,,,,,,,,,,,,,,,,,,,,,,,,Low,Low,Low,,,,,
593,2026-09-04,15:45:30.09,,,,,Undefined,FOR_RAM,"Checkmayan, Luke",1000610172,Left,FOR_RAM,Undefined,1,Bottom,0,0,0,Undefined,,Undefined,Undefined,GroundBall,Undefined,0,0,,49.08499,-2.148523,2.600119,2849.866214,,,4.70511,-1.34692,38.15195,,,,2.33907,0.31046,49.23587,-10.673024,6.468876,0.293941,82.74754,5.130008,21.961988,1323.0487,,,,87.99972,85.60887,21.702952,0.778724,-27.93553,-7.24453,1.42683,50,3.11074,2.85245,-73.60658,11.1034,-16.11862,4.48444,-36.35408,FOR_RAM,,FordhamUniversity,,,20260904-FordhamUniversity-BP-1,2f9850d0-a899-11f1-884b-8d6b77d225c8,128.23151,4.30771,,-0.15088,,,,2.25127,2.79772,-0.162,568bcc58-7a80-4f8d-8682-9863113bc81a,2026-09-04,19:45:30.09,2026-09-04T15:45:30.0930000-04:00,2026-09-04T19:45:30.0930000Z,GroundBall,v3,471298,,,,,Undefined,FOR_RAM,fbf300cf-3352-4029-a2b9-5b51290122f7,22.35506,-71.9026,2.24222,4.70533,-2.71026,-18.17704,1.34708,-3.27222,-8.05931,,2.2874,111.47353,-12.14667,,,,,,,2.83439,10.21391,-17.84641,,,,,,,-0.15265,45.04365,-3.94238,,,,,,,,,,,,,,,,,,,,,,,,,,,,,Low,Low,Low,High,High,,,
594,2026-09-04,15:45:35.58,,,,,Undefined,FOR_RAM,"Checkmayan, Luke",1000610172,Left,FOR_RAM,Undefined,1,Bottom,0,0,0,Undefined,Curveball,Undefined,Undefined,Undefined,Undefined,0,0,,52.56659,5.292179,-0.920565,3071.408184,314.935771,4:30,4.30573,-0.38225,21.95286,-56.22491,-7.32166,8.64221,3.06073,-0.25879,48.95714,-9.410817,1.298979,0.503315,58.42638,43.64993,-29.68718,4344.831121,89.65047,44.58883,-63.73987,150.20191,104.94149,-36.897467,3.668423,-9.30016,-8.85871,0.14984,50,2.87805,2.00963,-78.49054,12.49099,-5.6854,11.79394,-37.58957,FOR_RAM,,FordhamUniversity,,,20260904-FordhamUniversity-BP-1,32ee80b0-a899-11f1-884b-8d6b77d225c8,74.88831,52.12035,,3.60945,,,,1.03485,2.78401,0.42987,568bcc58-7a80-4f8d-8682-9863113bc81a,2026-09-04,19:45:35.58,2026-09-04T15:45:35.5840000-04:00,2026-09-04T19:45:35.5840000Z,Popup,v3,471298,,,,,Undefined,FOR_RAM,697e9b3c-025d-4f31-a770-ae421dddffd2,38.55322,-76.75128,5.89697,4.31136,6.94764,-18.79479,0.38438,1.1712,-2.8427,155.957836,1.03513,53.86079,-12.66372,3.43664,-0.73229,0.15246,-0.03984,0.00831,-0.00072,2.78481,59.12048,-19.23834,0.75461,0.40109,-0.34268,0.12447,-0.02177,0.00147,0.42989,-30.70898,2.50784,-0.30065,0.02585,-0.01443,0.00792,-0.00179,0.00014,,,,,,,,,,,,,,,,,,,,,,,High,High,High,Medium,Medium,,,
595,2026-09-04,15:45:40.78,,,,,Undefined,FOR_RAM,"Checkmayan, Luke",1000610172,Left,FOR_RAM,Undefined,1,Bottom,0,0,0,Undefined,,Undefined,Undefined,LineDrive,Undefined,0,0,,51.89546,4.538569,-0.290231,3300.935532,,,3.90031,-1.14041,21.97785,,,,2.56109,0.92593,49.69701,-8.834987,6.655584,0.502989,78.05252,18.998368,-17.813733,2284.614985,102.25287,24.14994,-40.54914,210.73998,210.40049,-25.436396,2.570411,-28.34356,-3.33973,0.91859,50,2.63308,2.81843,-77.25854,11.05063,-17.31998,8.63219,-34.21486,FOR_RAM,,FordhamUniversity,,,20260904-FordhamUniversity-BP-1,360a3fa0-a899-11f1-884b-8d6b77d225c8,74.93691,24.18181,,2.19845,,,,1.17433,2.42803,-0.56866,568bcc58-7a80-4f8d-8682-9863113bc81a,2026-09-04,19:45:40.78,2026-09-04T15:45:40.7840000-04:00,2026-09-04T19:45:40.7840000Z,LineDrive,v3,471298,,,,,Undefined,FOR_RAM,bab8308c-43af-43cb-bb33-bb4a92e7831d,38.53203,-75.9664,4.3161,3.9039,5.92908,-17.10743,1.14643,0.22583,-8.65999,122.989993,1.17436,103.04957,-16.07186,2.73182,-0.41877,-0.04832,0.06167,-0.01915,0.00219,2.42802,37.26814,-17.16001,1.21802,-0.25809,0.11383,-0.04769,0.01266,-0.0014,-0.56869,-33.1128,-2.17642,1.04228,-0.28701,0.03812,0.00879,-0.00488,0.00062,,,,,,,,,,,,,,,,,,,,,,,Low,Low,Low,High,Medium,,,
596,2026-09-04,15:45:45.84,,,,,Undefined,FOR_RAM,"Checkmayan, Luke",1000610172,Left,FOR_RAM,Undefined,1,Bottom,0,0,0,Undefined,Curveball,Undefined,Undefined,Undefined,Undefined,0,0,,48.41213,5.22173,-0.971997,2457.179911,311.262729,4:30,4.27679,-0.36459,21.85202,-69.39118,-10.42099,14.00032,1.89782,0.17032,44.81053,-12.86627,2.620601,0.552698,67.12385,12.092379,46.565162,2041.539464,,,,114.46224,110.98563,47.479118,1.322803,-14.72619,-11.96512,0.1032,50,2.82125,2.27365,-72.63188,12.28327,-7.51056,12.0852,-38.27642,FOR_RAM,,FordhamUniversity,,,20260904-FordhamUniversity-BP-1,39004e20-a899-11f1-884b-8d6b77d225c8,68.1972,8.27575,,3.60159,,,,3.84134,2.23915,0.02454,568bcc58-7a80-4f8d-8682-9863113bc81a,2026-09-04,19:45:45.84,2026-09-04T15:45:45.8430000-04:00,2026-09-04T19:45:45.8430000Z,GroundBall,v3,471298,,,,,Undefined,FOR_RAM,b1ef5dbc-3db9-4ff6-b5ce-ab5aa8b2943d,38.65511,-70.71902,6.0426,4.286,6.22483,-19.13821,0.369,1.08487,-3.75528,,3.84134,66.18406,-9.46859,1.402,-0.26739,0.01825,0.01853,-0.01211,0.00266,2.23915,20.62376,-18.34387,1.36331,-0.24684,0.05301,-0.00864,0.00168,-0.00024,0.02454,69.90256,-5.37501,0.71218,-0.1539,0.0411,-0.02263,0.01017,-0.00201,,,,,,,,,,,,,,,,,,,,,,,High,Medium,Medium,Medium,High,,,
597,2026-09-04,15:45:59.22,,,,,Undefined,FOR_RAM,"Rubin, Jack",10076675,Right,FOR_RAM,Undefined,1,Bottom,0,0,0,Undefined,,Undefined,Undefined,FlyBall,Undefined,0,0,,48.64723,3.713109,-1.496487,2900.314455,,,4.19233,-0.92852,21.91941,,,,2.56751,0.32757,47.49945,-8.812078,5.358185,0.531779,82.40366,32.5464,-37.066491,2876.77385,89.74433,55.7618,-63.60704,261.81051,253.93887,-34.002094,4.163776,-28.48009,6.20221,0.4516,50,3.09678,4.25705,-72.00233,9.17524,-15.60344,4.93089,-28.77602,FOR_RAM,,FordhamUniversity,,,20260904-FordhamUniversity-BP-1,430500a0-a899-11f1-884b-8d6b77d225c8,70.87984,62.53296,,1.14778,,,,3.01554,2.52318,-0.2106,568bcc58-7a80-4f8d-8682-9863113bc81a,2026-09-04,19:45:59.22,2026-09-04T15:45:59.2250000-04:00,2026-09-04T19:45:59.2250000Z,FlyBall,v3,471298,,,,,Undefined,FOR_RAM,cd3c3ad5-a7f4-46c5-bc3b-350ad1e8d385,38.5885,-71.21655,2.46544,4.19354,4.58957,-14.38801,0.93187,1.77052,-7.80172,,3.01527,81.3009,-13.93826,3.13119,-0.75976,0.20599,-0.0461,0.00608,-0.00033,2.52392,64.99365,-20.56667,1.95963,-0.08115,-0.14607,0.05476,-0.00817,0.00046,-0.21033,-61.4144,12.14816,-2.71814,0.66808,-0.18275,0.04098,-0.0054,0.0003,,,,,,,,,,,,,,,,,,,,,,,Low,Low,Low,Medium,Medium,,,
598,2026-09-04,15:46:06.93,,,,,Undefined,FOR_RAM,"Rubin, Jack",10076675,Right,FOR_RAM,Undefined,1,Bottom,0,0,0,Undefined,Curveball,Undefined,Undefined,Undefined,Undefined,0,0,,52.03934,5.551571,-0.969304,3118.151291,314.807268,4:30,4.31236,-0.38291,22.00918,-59.56082,-9.39008,10.91445,2.95361,-0.10074,48.15422,-10.05937,1.837945,0.509796,,,,,,,,,,,,-11.84217,-11.53808,0.12475,50,2.80053,2.26719,-77.8466,13.06064,-7.03867,12.63063,-39.03196,FOR_RAM,,FordhamUniversity,,,20260904-FordhamUniversity-BP-1,45ba3590-a899-11f1-884b-8d6b77d225c8,73.93629,,,3.88513,,,,,,,568bcc58-7a80-4f8d-8682-9863113bc81a,2026-09-04,19:46:06.93,2026-09-04T15:46:06.9320000-04:00,2026-09-04T19:46:06.9320000Z,,v3,471298,,,,,Undefined,FOR_RAM,14056ef3-a8d6-46fb-a6d7-9c5950948f99,38.49722,-75.95734,6.31532,4.31746,7.22235,-19.51598,0.38513,1.21436,-3.51933,,,,,,,,,,,,,,,,,,,,,,,,,,,,,,,,,,,,,,,,,,,,,,,,,,,High,Medium,Medium,,,,,
599,2026-09-04,15:46:16.89,,,,,Undefined,FOR_RAM,"Rubin, Jack",10076675,Right,FOR_RAM,Undefined,1,Bottom,0,0,0,Undefined,,Undefined,Undefined,Undefined,Undefined,0,0,,48.04181,4.428828,-2.269246,2670.834376,,,4.13817,-0.81004,21.97675,,,,2.27856,-0.01989,47.65412,-10.178864,4.702899,0.534194,87.72471,12.168375,-46.980842,2803.694936,,,,113.28603,113.28603,-48.094436,1.035659,-29.12765,-2.10669,0.16186,50.00016,2.81973,5.28323,-70.79545,10.82635,-15.763,3.03042,-33.31412,FOR_RAM,,FordhamUniversity,,,20260904-FordhamUniversity-BP-1,4b8a8d30-a899-11f1-884b-8d6b77d225c8,70.55943,8.01412,,0.38769,,,,3.05614,1.96655,0.47089,568bcc58-7a80-4f8d-8682-9863113bc81a,2026-09-04,19:46:16.89,2026-09-04T15:46:16.8900000-04:00,2026-09-04T19:46:16.8900000Z,LineDrive,v3,471298,,,,,Undefined,FOR_RAM,c37062da-6c64-4104-8484-d0266661f192,38.53379,-70.30292,1.51521,4.13932,5.4118,-16.65706,0.81235,2.72127,-7.8815,,3.05614,85.80702,-19.17287,4.89849,-1.26848,0.35016,-0.09462,0.02109,-0.00266,1.96655,27.1202,-32.78101,5.86612,-1.56908,0.42754,-0.11531,0.02559,-0.0032,0.47089,-91.9551,12.37074,-3.19376,0.81501,-0.22505,0.06082,-0.01355,0.00171,,,,,,,,,,,,,,,,,,,,,,,Low,Low,Low,Low,Medium,,,
600,2026-09-04,15:46:23.14,,,,,Undefined,FOR_RAM,"Rubin, Jack",10076675,Right,FOR_RAM,Undefined,1,Bottom,0,0,0,Undefined,Curveball,Undefined,Undefined,LineDrive,Undefined,0,0,,50.28537,4.883703,-0.696194,2727.084608,323.601955,4:45,4.26998,-0.35978,21.81848,-61.83586,-8.16237,7.03937,2.30181,-0.22606,47.17952,-11.184722,1.107143,0.527292,,,,,,,,,,,,-7.45075,-9.26843,0.18553,50,2.91696,1.476,-75.10433,11.7798,-4.17906,10.62354,-37.37264,FOR_RAM,,FordhamUniversity,,,20260904-FordhamUniversity-BP-1,4f786930-a899-11f1-884b-8d6b77d225c8,71.483,,,3.10585,,,,,,,568bcc58-7a80-4f8d-8682-9863113bc81a,2026-09-04,19:46:23.14,2026-09-04T15:46:23.1470000-04:00,2026-09-04T19:46:23.1470000Z,,v3,471298,,,,,Undefined,FOR_RAM,d2e33043-3869-414d-9d19-260bf51ad14d,38.68821,-73.48686,5.31177,4.27731,6.08967,-18.68632,0.36182,0.83972,-2.08953,,,,,,,,,,,,,,,,,,,,,,,,,,,,,,,,,,,,,,,,,,,,,,,,,,,High,Medium,Medium,,,,,
601,2026-09-04,15:46:39.84,,,,,Undefined,FOR_RAM,"Hanawalt, Chase",1000367090,Left,FOR_RAM,Undefined,1,Bottom,0,0,0,Undefined,,Undefined,Undefined,Undefined,Undefined,0,0,,51.63679,4.574987,-2.077347,3017.280738,,,4.06516,-0.92897,22.03765,,,,3.41442,-0.03511,50.79006,-6.657692,4.825466,0.496349,,,,,,,,,,,,-29.09368,4.11142,0.31024,50.00007,2.8043,5.45722,-75.99365,10.53806,-18.17837,3.3009,-29.60515,FOR_RAM,,FordhamUniversity,,,20260904-FordhamUniversity-BP-1,5927f6d0-a899-11f1-884b-8d6b77d225c8,75.93943,,,0.84672,,,,,,,568bcc58-7a80-4f8d-8682-9863113bc81a,2026-09-04,19:46:39.84,2026-09-04T15:46:39.8430000-04:00,2026-09-04T19:46:39.8430000Z,,v3,471298,,,,,Undefined,FOR_RAM,49f53721-df3b-47e8-a603-873bf8a47ae9,38.4701,-75.49117,1.65045,4.06545,6.03138,-14.80258,0.93035,2.69,-9.08918,,,,,,,,,,,,,,,,,,,,,,,,,,,,,,,,,,,,,,,,,,,,,,,,,,,Low,Low,Low,,,,,
602,2026-09-04,15:46:45.48,,,,,Undefined,FOR_RAM,"Hanawalt, Chase",1000367090,Left,FOR_RAM,Undefined,1,Bottom,0,0,0,Undefined,,Undefined,Undefined,LineDrive,Undefined,0,0,,50.21269,3.293997,-0.588858,3002.915071,,,4.12282,-1.04169,21.80417,,,,2.04394,0.86562,47.94652,-9.850124,6.44501,0.523507,96.01988,9.922244,15.516301,2456.035357,104.80545,10.6043,33.40268,185.17605,181.84906,19.709215,1.617919,-28.64163,1.92504,0.76781,50,3.13486,3.07976,-74.9203,8.87835,-16.30545,8.91537,-31.07814,FOR_RAM,,FordhamUniversity,,,20260904-FordhamUniversity-BP-1,5c8fd9f0-a899-11f1-884b-8d6b77d225c8,71.9999,10.86303,,2.26617,,,,1.21169,1.99834,-0.6299,568bcc58-7a80-4f8d-8682-9863113bc81a,2026-09-04,19:46:45.48,2026-09-04T15:46:45.4890000-04:00,2026-09-04T19:46:45.4890000Z,LineDrive,v3,471298,,,,,Undefined,FOR_RAM,30910569-4213-4326-a272-ef91feeace24,38.70386,-73.5638,4.45769,4.12599,4.14972,-15.53907,1.04767,0.59884,-8.15273,253.690896,1.21169,133.66737,-21.53588,4.21144,-0.87034,0.14787,-0.01495,-0.00145,0.00054,1.99834,24.26588,-17.47342,1.33563,-0.24246,0.06641,-0.02219,0.00652,-0.00089,-0.6299,37.10861,2.62368,-1.38956,0.40046,-0.05972,-0.01175,0.00892,-0.00153,,,,,,,,,,,,,,,,,,,,,,,Low,Low,Low,High,High,,,
603,2026-09-04,15:46:52.03,,,,,Undefined,FOR_RAM,"Hanawalt, Chase",1000367090,Left,FOR_RAM,Undefined,1,Bottom,0,0,0,Undefined,Curveball,Undefined,Undefined,LineDrive,Undefined,0,0,,53.31928,5.037668,-0.682324,3330.441779,311.573686,4:30,4.30903,-0.3832,21.99014,-54.30735,-7.07256,9.32878,3.05402,-0.04764,49.82473,-9.168859,1.716484,0.494655,,,,,,,,,,,,-10.09536,-8.83556,0.189,50,2.92687,1.8069,-79.59452,12.2545,-6.37652,11.68492,-37.75484,FOR_RAM,,FordhamUniversity,,,20260904-FordhamUniversity-BP-1,606747c0-a899-11f1-884b-8d6b77d225c8,76.19946,,,3.49455,,,,,,,568bcc58-7a80-4f8d-8682-9863113bc81a,2026-09-04,19:46:52.03,2026-09-04T15:46:52.0380000-04:00,2026-09-04T19:46:52.0380000Z,,v3,471298,,,,,Undefined,FOR_RAM,be254b03-a6b0-4ed6-8141-b4d7a48d6ae8,38.51608,-77.89037,5.84246,4.31257,6.74827,-18.87742,0.38471,0.87694,-3.18826,,,,,,,,,,,,,,,,,,,,,,,,,,,,,,,,,,,,,,,,,,,,,,,,,,,High,Medium,Medium,,,,,
604,2026-09-04,15:47:05.37,,,,,Undefined,FOR_RAM,"Wansaw, Michael",1000503198,Right,FOR_RAM,Undefined,1,Bottom,0,0,0,Undefined,,Undefined,Undefined,LineDrive,Undefined,0,0,,51.03924,4.351246,-0.719794,3107.693185,,,4.04679,-1.0674,22.01226,,,,2.86736,0.73236,50.02127,-8.069026,6.266958,0.504475,95.52848,22.393747,-8.531373,1880.624188,109.42789,40.83623,-11.20002,350.90635,350.74042,1.997892,4.04054,-28.96789,0.8385,0.73543,50,2.81221,3.53407,-75.47005,10.49455,-17.54803,4.83552,-31.6661,FOR_RAM,,FordhamUniversity,,,20260904-FordhamUniversity-BP-1,686e0760-a899-11f1-884b-8d6b77d225c8,74.71612,53.11042,,1.01796,,,,0.8995,2.79276,-0.78961,568bcc58-7a80-4f8d-8682-9863113bc81a,2026-09-04,19:47:05.37,2026-09-04T15:47:05.3780000-04:00,2026-09-04T19:47:05.3780000Z,LineDrive,v3,471298,,,,,Undefined,FOR_RAM,22f08661-467a-4c7a-ae13-8ec79e3232e1,38.49769,-74.72943,2.41776,4.04815,5.64455,-15.83305,1.07089,0.8464,-8.77402,219.951511,0.89971,128.09979,-20.37429,4.50565,-0.81369,0.11417,-0.01057,0.00032,3E-05,2.79215,53.40145,-15.34873,1.07687,-0.4663,0.18822,-0.04846,0.0071,-0.00044,-0.78978,-19.21057,10.62784,-2.30591,0.41786,-0.05283,0.00312,0.00023,-4E-05,,,,,,,,,,,,,,,,,,,,,,,Low,Low,Low,High,High,,,
605,2026-09-04,15:47:14.45,,,,,Undefined,FOR_RAM,"Wansaw, Michael",1000503198,Right,FOR_RAM,Undefined,1,Bottom,0,0,0,Undefined,,Undefined,Undefined,Undefined,Undefined,0,0,,50.9038,5.054201,-1.300933,3006.527598,,,3.93887,-1.09553,21.99159,,,,3.32824,0.32286,50.06153,-7.013005,5.661894,0.504693,,,,,,,,,,,,-29.02289,2.27327,0.64248,50.00021,2.5679,4.31666,-74.99064,11.29174,-17.58001,3.62364,-30.79706,FOR_RAM,,FordhamUniversity,,,20260904-FordhamUniversity-BP-1,6dd208a0-a899-11f1-884b-8d6b77d225c8,74.68391,,,0.84226,,,,,,,568bcc58-7a80-4f8d-8682-9863113bc81a,2026-09-04,19:47:14.45,2026-09-04T15:47:14.4570000-04:00,2026-09-04T19:47:14.4570000Z,,v3,471298,,,,,Undefined,FOR_RAM,85ca07ca-6846-4e30-8a47-e2e07f339702,38.51794,-74.43373,1.81182,3.93958,6.55864,-15.39853,1.09827,1.61485,-8.79,,,,,,,,,,,,,,,,,,,,,,,,,,,,,,,,,,,,,,,,,,,,,,,,,,,Low,Low,Low,,,,,
606,2026-09-04,15:47:26.02,,,,,Undefined,FOR_RAM,"Wansaw, Michael",1000503198,Right,FOR_RAM,Undefined,1,Bottom,0,0,0,Undefined,,Undefined,Undefined,LineDrive,Undefined,0,0,,51.371,5.25885,-2.17404,3163.760936,,,4.03327,-0.82933,22.08969,,,,3.331,0.01722,50.5475,-7.501265,4.77847,0.498614,,,,,,,,,,,,-29.33604,-1.84543,0.18607,50.00007,2.58007,5.58486,-75.54172,12.01311,-18.11884,3.22871,-33.31385,FOR_RAM,,FordhamUniversity,,,20260904-FordhamUniversity-BP-1,74b1fb80-a899-11f1-884b-8d6b77d225c8,75.59446,,,0.8235,,,,,,,568bcc58-7a80-4f8d-8682-9863113bc81a,2026-09-04,19:47:26.02,2026-09-04T15:47:26.0240000-04:00,2026-09-04T19:47:26.0240000Z,,v3,471298,,,,,Undefined,FOR_RAM,3f374c97-9f42-4c4f-88a6-6fe4bef8f39d,38.41879,-75.0451,1.61435,4.03378,6.88893,-16.65693,0.83076,2.79791,-9.05942,,,,,,,,,,,,,,,,,,,,,,,,,,,,,,,,,,,,,,,,,,,,,,,,,,,Low,Low,Low,,,,,
607,2026-09-04,15:47:34.56,,,,,Undefined,FOR_RAM,"Wansaw, Michael",1000503198,Right,FOR_RAM,Undefined,1,Bottom,0,0,0,Undefined,Curveball,Undefined,Undefined,Undefined,Undefined,0,0,,52.29969,4.518768,-0.049165,3153.420408,335.441197,5:15,4.29837,-0.38651,21.95684,-54.99723,-6.53989,3.45563,2.64992,-0.13041,49.64627,-9.793916,0.839233,0.501016,,,,,,,,,,,,-3.68484,-7.94851,0.35436,50,3.0096,0.38812,-77.86535,11.45408,-2.27177,9.39388,-37.07441,FOR_RAM,,FordhamUniversity,,,20260904-FordhamUniversity-BP-1,79c6cb50-a899-11f1-884b-8d6b77d225c8,75.23205,,,2.65341,,,,,,,568bcc58-7a80-4f8d-8682-9863113bc81a,2026-09-04,19:47:34.56,2026-09-04T15:47:34.5610000-04:00,2026-09-04T19:47:34.5610000Z,,v3,471298,,,,,Undefined,FOR_RAM,5a08adf6-9a7f-432f-b307-29ce68f52826,38.5496,-76.47147,4.69694,4.30104,5.9529,-18.53721,0.38694,0.05103,-1.13588,,,,,,,,,,,,,,,,,,,,,,,,,,,,,,,,,,,,,,,,,,,,,,,,,,,High,Medium,Medium,,,,,
608,2026-09-04,15:47:47.81,,,,,Undefined,FOR_RAM,"Dieguez, Matthew",10131275,Right,FOR_RAM,Undefined,1,Bottom,0,0,0,Undefined,,Undefined,Undefined,Undefined,Undefined,0,0,,50.54964,4.939171,-2.170846,3071.482846,,,3.98463,-0.85081,21.97556,,,,3.49759,-0.03082,49.67931,-6.522981,4.68293,0.508176,,,,,,,,,,,,-28.85887,5.50882,0.21978,50.00007,2.65219,5.42176,-74.33793,10.84539,-17.25753,3.14267,-28.87979,FOR_RAM,,FordhamUniversity,,,20260904-FordhamUniversity-BP-1,81aae7c0-a899-11f1-884b-8d6b77d225c8,74.17198,,,0.87033,,,,,,,568bcc58-7a80-4f8d-8682-9863113bc81a,2026-09-04,19:47:47.81,2026-09-04T15:47:47.8160000-04:00,2026-09-04T19:47:47.8160000Z,,v3,471298,,,,,Undefined,FOR_RAM,aece9aa0-3712-41a3-876e-72fde33edf5a,38.532,-73.85152,1.57134,3.98487,6.3755,-14.4399,0.85223,2.75071,-8.62877,,,,,,,,,,,,,,,,,,,,,,,,,,,,,,,,,,,,,,,,,,,,,,,,,,,Low,Low,Low,,,,,
609,2026-09-04,15:47:52.50,,,,,Undefined,FOR_RAM,"Wansaw, Michael",1000503198,Right,FOR_RAM,Undefined,1,Bottom,0,0,0,Undefined,,Undefined,Undefined,LineDrive,Undefined,0,0,,54.66973,1.901372,-3.064657,1805.233527,,,4.10511,-0.73205,21.87641,,,,2.48844,-0.66281,47.85155,-7.411888,3.273308,0.499274,,,,,,,,,,,,-29.13612,13.62776,-0.02342,50,3.50532,6.69597,-83.05172,5.95353,-18.12915,22.30261,-23.69455,FOR_RAM,,FordhamUniversity,,,20260904-FordhamUniversity-BP-1,8466d370-a899-11f1-884b-8d6b77d225c8,75.49453,,,6.81818,,,,,,,568bcc58-7a80-4f8d-8682-9863113bc81a,2026-09-04,19:47:52.50,2026-09-04T15:47:52.5070000-04:00,2026-09-04T19:47:52.5070000Z,,v3,471298,,,,,Undefined,FOR_RAM,9f298911-680e-4541-9d79-2ab8c4dd6a4c,38.62821,-79.93965,11.15131,4.10538,2.64722,-11.84727,0.73443,4.16626,-9.06457,,,,,,,,,,,,,,,,,,,,,,,,,,,,,,,,,,,,,,,,,,,,,,,,,,,Low,Low,Low,,,,,
610,2026-09-04,15:47:59.53,,,,,Undefined,FOR_RAM,"Dieguez, Matthew",10131275,Right,FOR_RAM,Undefined,1,Bottom,0,0,0,Undefined,Curveball,Undefined,Undefined,Undefined,Undefined,0,0,,48.43983,5.88368,-0.175416,2693.470549,300.572254,4:00,4.25048,-0.3755,21.78968,-60.97995,-4.32067,9.01886,3.01267,0.26188,46.39617,-9.870038,2.127848,0.54176,89.84709,29.633368,-44.507607,2177.17676,79.56056,47.19018,-75.96105,253.10831,213.38355,-45.459744,3.424188,-9.40166,-5.3141,0.28775,50,2.67861,0.96136,-71.7597,12.72111,-4.99892,6.77059,-34.99958,FOR_RAM,,FordhamUniversity,,,20260904-FordhamUniversity-BP-1,88b5e240-a899-11f1-884b-8d6b77d225c8,69.57403,50.77956,,2.04365,,,,3.59405,2.94915,0.2284,568bcc58-7a80-4f8d-8682-9863113bc81a,2026-09-04,19:47:59.53,2026-09-04T15:47:59.5370000-04:00,2026-09-04T19:47:59.5370000Z,FlyBall,v3,471298,,,,,Undefined,FOR_RAM,bef462fc-f9f5-4750-9431-6f50d338b116,38.71733,-70.68716,3.3853,4.25465,7.17674,-17.49979,0.37732,0.16947,-2.49946,,3.59408,81.68264,-16.59481,3.90127,-0.82184,0.12669,-0.00429,-0.0024,0.0003,2.94902,65.16384,-26.71495,4.24011,-1.29373,0.45527,-0.13453,0.02339,-0.00168,0.22839,-80.29161,14.83173,-3.50899,0.76014,-0.13291,0.01167,0.00062,-0.00015,,,,,,,,,,,,,,,,,,,,,,,High,Medium,Medium,Low,Low,,,
611,2026-09-04,15:48:06.43,,,,,Undefined,FOR_RAM,"Dieguez, Matthew",10131275,Right,FOR_RAM,Undefined,1,Bottom,0,0,0,Undefined,,Undefined,Undefined,LineDrive,Undefined,0,0,,52.75733,4.659349,-1.963356,3445.571221,,,4.05991,-0.93122,22.0771,,,,2.81744,0.00195,52.052,-8.546972,4.844796,0.485252,,,,,,,,,,,,-28.68726,-6.49689,0.3351,50.00007,2.71827,5.39687,-77.68455,11.70412,-18.72604,3.47535,-36.41499,FOR_RAM,,FordhamUniversity,,,20260904-FordhamUniversity-BP-1,8cbbb310-a899-11f1-884b-8d6b77d225c8,77.67598,,,0.70533,,,,,,,568bcc58-7a80-4f8d-8682-9863113bc81a,2026-09-04,19:48:06.43,2026-09-04T15:48:06.4320000-04:00,2026-09-04T19:48:06.4320000Z,,v3,471298,,,,,Undefined,FOR_RAM,500bbb9f-e53f-4505-81a6-b88471ff09d2,38.43176,-77.16529,1.73767,4.06055,6.26323,-18.2075,0.93244,2.59894,-9.36302,,,,,,,,,,,,,,,,,,,,,,,,,,,,,,,,,,,,,,,,,,,,,,,,,,,Low,Low,Low,,,,,
612,2026-09-04,15:48:15.16,,,,,Undefined,FOR_RAM,"Dieguez, Matthew",10131275,Right,FOR_RAM,Undefined,1,Bottom,0,0,0,Undefined,Curveball,Undefined,Undefined,FlyBall,Undefined,0,0,,48.73438,5.213121,-0.712056,2636.582604,315.94514,4:30,4.30048,-0.38262,21.9418,-62.47728,-5.72949,6.94363,2.4836,-0.26568,45.76792,-11.081947,1.071408,0.542183,93.21501,30.790352,-19.302065,2292.211131,103.92543,60.91985,-36.048,360.47152,216.31634,-20.808155,5.200655,-7.41209,-6.88977,0.2025,50,2.84927,1.4559,-72.72295,12.01732,-3.90665,9.78602,-35.8054,FOR_RAM,,FordhamUniversity,,,20260904-FordhamUniversity-BP-1,92024140-a899-11f1-884b-8d6b77d225c8,69.51977,86.53555,,2.96646,,,,2.99601,2.64263,0.42659,568bcc58-7a80-4f8d-8682-9863113bc81a,2026-09-04,19:48:15.16,2026-09-04T15:48:15.1630000-04:00,2026-09-04T19:48:15.1630000Z,FlyBall,v3,471298,,,,,Undefined,FOR_RAM,907661ac-0c2c-41b7-b89b-ff735a019693,38.56424,-71.16745,4.89301,4.30712,6.32601,-17.9027,0.38456,0.83493,-1.95332,174.732328,2.99756,110.81489,-21.23979,4.93744,-0.98288,0.17929,-0.02842,0.00309,-0.00015,2.6436,69.95614,-15.60138,0.17894,0.33228,-0.17703,0.04534,-0.00569,0.00028,0.42615,-38.81321,6.17244,-1.35206,0.25359,-0.04482,0.00738,-0.00085,4E-05,,,,,,,,,,,,,,,,,,,,,,,High,Medium,Medium,Medium,Low,,,
613,2026-09-04,15:48:25.01,,,,,Undefined,FOR_RAM,"Dieguez, Matthew",10131275,Right,FOR_RAM,Undefined,1,Bottom,0,0,0,Undefined,Curveball,Undefined,Undefined,FlyBall,Undefined,0,0,,50.63104,4.801737,-0.859725,2702.477556,320.321319,4:45,4.28342,-0.37171,21.88907,-58.87334,-6.3163,6.32296,2.50261,-0.40303,47.58278,-10.531132,0.7624,0.521779,95.68396,30.768052,-1.923139,2869.370005,109.98231,61.46744,1.97231,372.28604,364.48858,8.391067,5.302342,-6.79878,-7.37386,0.16641,50,2.94698,1.65515,-75.55274,11.5892,-3.87947,10.30554,-36.38165,FOR_RAM,,FordhamUniversity,,,20260904-FordhamUniversity-BP-1,97f14470-a899-11f1-884b-8d6b77d225c8,72.2383,89.69578,,3.04826,,,,2.43442,2.63374,0.35019,568bcc58-7a80-4f8d-8682-9863113bc81a,2026-09-04,19:48:25.01,2026-09-04T15:48:25.0150000-04:00,2026-09-04T19:48:25.0150000Z,FlyBall,v3,471298,,,,,Undefined,FOR_RAM,ef95f32d-d445-4e94-aa07-b946f4aef766,38.61706,-73.9838,5.15277,4.28973,6.05035,-18.19083,0.37343,1.06453,-1.93973,203.769479,2.43539,120.50264,-22.8912,5.32896,-1.09392,0.20338,-0.0317,0.00331,-0.00015,2.63521,71.74881,-15.94267,0.30894,0.23727,-0.12889,0.03268,-0.00403,0.00019,0.34985,-4.04325,6.73077,-1.75414,0.39269,-0.07263,0.0103,-0.00096,4E-05,,,,,,,,,,,,,,,,,,,,,,,High,High,High,Medium,High,,,
614,2026-09-04,15:48:35.91,,,,,Undefined,FOR_RAM,"Crang, Mason",10913432,Right,FOR_RAM,Undefined,1,Bottom,0,0,0,Undefined,,Undefined,Undefined,LineDrive,Undefined,0,0,,49.15742,4.3219,-3.385916,2798.660295,,,4.1949,-0.5096,21.92674,,,,2.97237,-0.47678,46.87289,-8.303658,3.473665,0.532005,95.41853,8.364732,-9.71736,2032.24406,,,,131.46952,128.00394,-11.968437,1.055647,-28.95706,5.90776,-0.3342,50,2.98603,6.62504,-72.92849,9.95392,-15.85439,7.24027,-28.93947,FOR_RAM,,FordhamUniversity,,,20260904-FordhamUniversity-BP-1,9e6ad460-a899-11f1-884b-8d6b77d225c8,70.84981,7.00122,,2.28454,,,,1.64597,2.53747,0.01765,568bcc58-7a80-4f8d-8682-9863113bc81a,2026-09-04,19:48:35.91,2026-09-04T15:48:35.9140000-04:00,2026-09-04T19:48:35.9140000Z,GroundBall,v3,471298,,,,,Undefined,FOR_RAM,66360e80-8d9e-4892-9b23-6bc243ef9fdf,38.58024,-71.7858,3.62014,4.19658,5.38655,-14.46973,0.51394,4.12282,-7.9272,45.756267,1.64597,136.4715,-16.06392,0.81229,-0.12956,0.01739,-0.03551,0.03227,-0.0091,2.53747,20.3578,-24.52097,3.09429,-0.09464,-0.40358,0.31652,-0.10314,0.01095,0.01765,-23.37036,-3.2709,0.99957,-0.05146,-0.14452,0.12124,-0.04412,0.00595,,,,,,,,,,,,,,,,,,,,,,,Low,Low,Low,High,Medium,,,
615,2026-09-04,15:48:42.45,,,,,Undefined,FOR_RAM,"Crang, Mason",10913432,Right,FOR_RAM,Undefined,1,Bottom,0,0,0,Undefined,,Undefined,Undefined,LineDrive,Undefined,0,0,,49.77341,4.943943,-2.168031,3128.650432,,,4.10788,-0.84234,21.93621,,,,3.26391,0.01401,49.02708,-7.612502,4.790849,0.516598,90.15228,15.019509,8.963221,1984.54642,107.46558,21.31707,23.47511,230.41542,137.83523,16.971793,2.441622,-29.12194,2.65414,0.21633,50.00012,2.75055,5.33407,-73.23682,11.07151,-16.88633,3.13551,-30.63505,FOR_RAM,,FordhamUniversity,,,20260904-FordhamUniversity-BP-1,a2429050-a899-11f1-884b-8d6b77d225c8,72.96283,21.63415,,0.74633,,,,0.4371,2.76407,-0.35207,568bcc58-7a80-4f8d-8682-9863113bc81a,2026-09-04,19:48:42.45,2026-09-04T15:48:42.4520000-04:00,2026-09-04T19:48:42.4520000Z,LineDrive,v3,471298,,,,,Undefined,FOR_RAM,f69d31ee-c4c6-44b6-a0db-b15464216bf5,38.57257,-72.74593,1.56775,4.10846,6.27528,-15.31753,0.84448,2.69034,-8.44316,240.133067,0.43711,126.14644,-21.33998,4.10984,-0.86657,0.17096,-0.03017,0.00384,-0.00023,2.76407,34.26541,-16.75615,1.28429,-0.23218,0.05043,-0.00964,0.00174,-0.00017,-0.35207,19.89692,5.5653,-1.64462,0.43108,-0.09172,0.01403,-0.001,-2E-05,,,,,,,,,,,,,,,,,,,,,,,Low,Low,Low,High,Medium,,,
616,2026-09-04,15:48:48.73,,,,,Undefined,FOR_RAM,"Crang, Mason",10913432,Right,FOR_RAM,Undefined,1,Bottom,0,0,0,Undefined,,Undefined,Undefined,GroundBall,Undefined,0,0,,53.31931,3.476589,-2.489813,1848.518843,,,4.24303,-0.70147,21.97862,,,,3.37573,-0.14109,51.01859,-6.327609,4.208815,0.487683,30.67594,-37.478013,5.398149,,,,,8.64507,6.82169,4.382239,0.147216,-28.04935,8.48776,0.03438,50,3.27122,5.92799,-79.14366,8.60868,-18.22191,7.80455,-26.66007,FOR_RAM,,FordhamUniversity,,,20260904-FordhamUniversity-BP-1,a5f75af0-a899-11f1-884b-8d6b77d225c8,77.28889,4.15682,,2.30073,,,,3.22209,4.15682,0.15051,568bcc58-7a80-4f8d-8682-9863113bc81a,2026-09-04,19:48:48.73,2026-09-04T15:48:48.7380000-04:00,2026-09-04T19:48:48.7380000Z,GroundBall,v3,471298,,,,,Undefined,FOR_RAM,8d8ba8c4-d7f7-4630-952d-7262e2d1c71a,38.52839,-78.00422,3.90228,4.24393,4.71637,-13.33003,0.70565,3.26763,-9.11096,,3.19558,36.66514,,,,,,,,4.17724,-28.23704,,,,,,,,0.14801,3.46468,,,,,,,,,,,,,,,,,,,,,,,,,,,,,,Low,Low,Low,Low,Low,,,
617,2026-09-04,15:48:56.96,,,,,Undefined,FOR_RAM,"Crang, Mason",10913432,Right,FOR_RAM,Undefined,1,Bottom,0,0,0,Undefined,,Undefined,Undefined,LineDrive,Undefined,0,0,,51.83166,3.294087,-0.617369,3151.534254,,,4.12768,-1.13915,21.85729,,,,2.80597,0.66035,48.6172,-7.621041,6.142215,0.509612,104.28875,23.254132,-20.745987,1549.282704,103.02015,46.42705,-38.55922,366.93938,365.8668,-19.270784,4.552889,-27.59301,8.35599,0.86864,50,3.1927,3.09241,-77.50282,8.3393,-16.53187,11.03951,-27.1677,FOR_RAM,,FordhamUniversity,,,20260904-FordhamUniversity-BP-1,ab08cf60-a899-11f1-884b-8d6b77d225c8,73.96296,67.07391,,3.21446,,,,1.40655,2.31208,-0.18619,568bcc58-7a80-4f8d-8682-9863113bc81a,2026-09-04,19:48:56.96,2026-09-04T15:48:56.9660000-04:00,2026-09-04T19:48:56.9660000Z,LineDrive,v3,471298,,,,,Undefined,FOR_RAM,bee57ee8-a912-4d55-8f5c-0781c8479c93,38.64828,-75.86865,5.51976,4.1295,4.31769,-13.58385,1.14528,0.64521,-8.26594,,1.40674,131.4146,-30.13311,8.33291,-1.93286,0.39587,-0.06594,0.00733,-0.00037,2.31339,60.35831,-12.83189,-1.98779,1.25147,-0.43265,0.09491,-0.01148,0.00057,-0.18598,-49.78532,11.26158,-2.74399,0.61815,-0.13857,0.02683,-0.00335,0.00018,,,,,,,,,,,,,,,,,,,,,,,Low,Low,Low,Medium,Medium,,,
618,2026-09-04,15:49:12.54,,,,,Undefined,FOR_RAM,"Palmer, Owen",10100501,Left,FOR_RAM,Undefined,1,Bottom,0,0,0,Undefined,Curveball,Undefined,Undefined,FlyBall,Undefined,0,0,,49.88648,5.194823,-0.887544,2749.024041,320.704198,4:45,4.27629,-0.36298,21.89645,-62.81787,-7.83382,7.73737,2.42333,-0.29439,46.26208,-11.216988,1.097827,0.533691,93.40159,38.668695,35.853289,3941.128654,88.39072,82.12393,65.47524,363.63253,354.02148,39.741542,5.701707,-8.27461,-9.20327,0.14719,50,2.85006,1.7616,-74.66827,12.15919,-4.5136,11.82025,-37.1942,FOR_RAM,,FordhamUniversity,,,20260904-FordhamUniversity-BP-1,b44b4350-a899-11f1-884b-8d6b77d225c8,70.62597,113.15819,,3.62441,,,,2.62629,2.61939,0.37117,568bcc58-7a80-4f8d-8682-9863113bc81a,2026-09-04,19:49:12.54,2026-09-04T15:49:12.5470000-04:00,2026-09-04T19:49:12.5470000Z,FlyBall,v3,471298,,,,,Undefined,FOR_RAM,cd443b7a-696e-4863-9a18-133b56462b9e,38.60935,-72.84278,5.91012,4.28433,6.415,-18.5971,0.36542,1.06453,-2.2568,,2.63162,86.58719,-18.93305,4.63844,-0.6776,0.01812,0.01212,-0.00188,9E-05,2.61402,85.68254,-18.34918,0.7352,-6E-05,-0.03003,0.01126,-0.00174,0.0001,0.37409,62.58905,-10.96942,2.6542,-0.37105,0.00441,0.00811,-0.0012,6E-05,,,,,,,,,,,,,,,,,,,,,,,High,High,High,High,Medium,,,
619,2026-09-04,15:49:24.20,,,,,Undefined,FOR_RAM,"Palmer, Owen",10100501,Left,FOR_RAM,Undefined,1,Bottom,0,0,0,Undefined,,Undefined,Undefined,GroundBall,Undefined,0,0,,51.45452,4.903327,-3.438668,3317.346698,,,4.10431,-0.50915,22.07082,,,,3.00027,-0.62753,50.45539,-8.39334,3.061617,0.499065,,,,,,,,,,,,-27.55805,-4.02166,-0.37297,50.00011,2.71303,7.06701,-75.69128,11.73626,-17.00931,3.67423,-34.65628,FOR_RAM,,FordhamUniversity,,,20260904-FordhamUniversity-BP-1,bb3ebe30-a899-11f1-884b-8d6b77d225c8,75.52615,,,0.99913,,,,,,,568bcc58-7a80-4f8d-8682-9863113bc81a,2026-09-04,19:49:24.20,2026-09-04T15:49:24.2080000-04:00,2026-09-04T19:49:24.2080000Z,,v3,471298,,,,,Undefined,FOR_RAM,0f01155b-edcc-4018-a559-a3e87ef93b44,38.43768,-75.12792,1.83711,4.10515,6.42248,-17.32814,0.51066,4.459,-8.50466,,,,,,,,,,,,,,,,,,,,,,,,,,,,,,,,,,,,,,,,,,,,,,,,,,,Low,Low,Low,,,,,
620,2026-09-04,15:49:32.49,,,,,Undefined,FOR_RAM,"Palmer, Owen",10100501,Left,FOR_RAM,Undefined,1,Bottom,0,0,0,Undefined,,Undefined,Undefined,FlyBall,Undefined,0,0,,47.32571,5.087555,-0.77084,2738.944744,,,3.9102,-1.11145,22.05238,,,,2.59838,0.64856,46.79154,-9.183571,6.196159,0.54216,85.04577,36.153204,18.801844,3616.82284,104.86788,71.02433,33.20665,318.87766,318.87766,16.454672,5.104005,-29.04557,1.17059,0.76101,50.00022,2.45694,3.38768,-69.75454,11.37519,-15.19823,3.2622,-31.56153,FOR_RAM,,FordhamUniversity,,,20260904-FordhamUniversity-BP-1,c0992280-a899-11f1-884b-8d6b77d225c8,69.52269,88.18916,,0.53417,,,,2.64523,2.34357,-0.29229,568bcc58-7a80-4f8d-8682-9863113bc81a,2026-09-04,19:49:32.49,2026-09-04T15:49:32.4940000-04:00,2026-09-04T19:49:32.4940000Z,FlyBall,v3,471298,,,,,Undefined,FOR_RAM,9826c411-8004-4108-b079-0a097b1feb52,38.45721,-69.2126,1.6311,3.91114,6.13201,-15.78076,1.11408,0.86286,-7.59911,175.96859,2.64855,95.2699,-18.19929,4.37534,-0.61658,0.00255,0.01614,-0.00244,0.00012,2.34104,73.63173,-17.0155,0.46688,0.09232,-0.06424,0.02102,-0.00327,0.00019,-0.29082,32.42924,-7.12027,1.6412,-0.21715,-0.00455,0.00692,-0.00096,4E-05,,,,,,,,,,,,,,,,,,,,,,,Low,Low,Low,High,High,,,
621,2026-09-04,15:49:42.94,,,,,Undefined,FOR_RAM,"Palmer, Owen",10100501,Left,FOR_RAM,Undefined,1,Bottom,0,0,0,Undefined,Curveball,Undefined,Undefined,FlyBall,Undefined,0,0,,50.46601,4.626568,-0.656571,2894.396742,320.723673,4:45,4.29799,-0.3788,21.9305,-61.6411,-8.86335,8.32241,2.16853,-0.1111,47.53719,-11.4174,1.483363,0.522874,78.9965,44.753184,11.060722,,,,,,60.09804,,,-8.93764,-10.35308,0.1986,50,2.96389,1.5749,-75.37757,11.65506,-5.06893,10.38027,-38.04573,FOR_RAM,,FordhamUniversity,,,20260904-FordhamUniversity-BP-1,c6740170-a899-11f1-884b-8d6b77d225c8,72.08708,55.96822,,2.92883,,,,2.20638,2.37976,0.20484,568bcc58-7a80-4f8d-8682-9863113bc81a,2026-09-04,19:49:42.94,2026-09-04T15:49:42.9450000-04:00,2026-09-04T19:49:42.9450000Z,,v3,471298,,,,,Undefined,FOR_RAM,525964c6-353e-48c7-b0c2-1351459c5f09,38.57641,-73.78766,5.19014,4.30279,5.82771,-19.02287,0.38036,0.7985,-2.53447,160.229048,2.20638,80.75013,-17.71542,4.60093,-1.028,0.21364,-0.04472,0.00821,-0.00095,2.37976,81.57267,-21.86911,1.54657,-0.06057,-0.04884,0.02178,-0.00534,0.00077,0.20484,15.78507,-7.83753,3.05478,-0.86897,0.2182,-0.05268,0.01097,-0.00141,,,,,,,,,,,,,,,,,,,,,,,High,Medium,Medium,High,Undefined,,,
622,2026-09-04,15:49:52.07,,,,,Undefined,FOR_RAM,"Palmer, Owen",10100501,Left,FOR_RAM,Undefined,1,Bottom,0,0,0,Undefined,,Undefined,Undefined,GroundBall,Undefined,0,0,,52.49287,2.740305,-0.790131,3233.62538,,,4.20674,-1.09147,21.85849,,,,2.01183,0.68067,48.93065,-9.750006,6.243116,0.505826,91.29102,-3.181733,6.060835,,,,,41.02894,41.02894,4.908768,0.290119,-28.45368,1.40079,0.79331,50,3.35863,3.36295,-78.79526,8.12985,-17.31224,13.01589,-31.32176,FOR_RAM,,FordhamUniversity,,,20260904-FordhamUniversity-BP-1,cbc56510-a899-11f1-884b-8d6b77d225c8,74.51664,2.15794,,3.56222,,,,2.27589,2.15794,-0.58792,568bcc58-7a80-4f8d-8682-9863113bc81a,2026-09-04,19:49:52.07,2026-09-04T15:49:52.0730000-04:00,2026-09-04T19:49:52.0730000Z,GroundBall,v3,471298,,,,,Undefined,FOR_RAM,44fb0aa4-d951-4a32-a6d6-ce03524d2a7a,38.64794,-76.8972,6.50794,4.21114,3.5623,-15.66088,1.09964,0.83836,-8.65612,,2.27037,133.05783,,,,,,,,2.15824,-7.43811,,,,,,,,-0.5885,14.12779,,,,,,,,,,,,,,,,,,,,,,,,,,,,,,Low,Low,Low,Estimated,Estimated,,,
623,2026-09-04,15:50:06.64,,,,,Undefined,FOR_RAM,"Caron, Michael",1000322224,Right,FOR_RAM,Undefined,1,Bottom,0,0,0,Undefined,Curveball,Undefined,Undefined,LineDrive,Undefined,0,0,,52.27342,4.505343,-0.371559,3012.530303,325.404994,4:45,4.29768,-0.39676,21.91347,-58.3544,-7.4743,6.39658,2.36419,-0.1048,47.57864,-10.83522,1.272155,0.513388,98.94094,9.332961,35.549167,2854.437263,87.96586,7.13508,66.04432,153.45617,147.28177,38.023632,1.257624,-6.65166,-8.63237,0.29397,50,3.05583,1.00413,-78.6162,11.24484,-3.91901,15.38331,-37.26005,FOR_RAM,,FordhamUniversity,,,20260904-FordhamUniversity-BP-1,d47adb40-a899-11f1-884b-8d6b77d225c8,73.41905,8.69744,,4.69477,,,,2.32485,2.2848,0.07598,568bcc58-7a80-4f8d-8682-9863113bc81a,2026-09-04,19:50:06.64,2026-09-04T15:50:06.6460000-04:00,2026-09-04T19:50:06.6460000Z,LineDrive,v3,471298,,,,,Undefined,FOR_RAM,523242a7-42b1-419c-8356-87582034df2d,38.58992,-76.35088,7.69165,4.30773,5.758,-18.63002,0.39934,0.42702,-1.9595,,2.32485,116.5036,-21.83295,4.31946,-1.04603,0.24878,-0.05845,0.01122,-0.00118,2.2848,23.53322,-23.04096,2.96125,-0.70128,0.17485,-0.0399,0.00768,-0.00083,0.07598,83.25215,-7.89497,1.48224,-0.36689,0.08617,-0.02037,0.0039,-0.00041,,,,,,,,,,,,,,,,,,,,,,,High,Medium,Medium,Medium,Medium,,,
624,2026-09-04,15:50:13.40,,,,,Undefined,FOR_RAM,"Caron, Michael",1000322224,Right,FOR_RAM,Undefined,1,Bottom,0,0,0,Undefined,,Undefined,Undefined,FlyBall,Undefined,0,0,,49.19506,5.358129,-0.550387,3001.518245,,,3.85002,-1.18355,22.01838,,,,3.50741,0.66189,48.31283,-6.506381,6.227261,0.522491,96.39741,32.748405,29.960877,2262.689729,92.96708,63.9398,58.79729,371.43805,363.52217,40.335205,5.017701,-28.28387,6.91118,0.88318,50.0002,2.41724,3.1709,-72.43539,11.2389,-15.96121,3.50654,-28.27391,FOR_RAM,,FordhamUniversity,,,20260904-FordhamUniversity-BP-1,d88b0c50-a899-11f1-884b-8d6b77d225c8,72.13988,88.77673,,0.88223,,,,2.22258,2.78145,-0.17882,568bcc58-7a80-4f8d-8682-9863113bc81a,2026-09-04,19:50:13.40,2026-09-04T15:50:13.4050000-04:00,2026-09-04T19:50:13.4050000Z,FlyBall,v3,471298,,,,,Undefined,FOR_RAM,67ce1733-c98d-4e18-a90e-d19eda84d3a8,38.48949,-71.876,1.75327,3.85037,6.72848,-14.13695,1.18593,0.62467,-7.98061,,2.22323,103.0012,-21.71886,5.10257,-1.03871,0.20126,-0.03479,0.00401,-0.0002,2.78216,76.47276,-19.68635,1.66254,-0.25037,-0.00166,0.01066,-0.00183,0.0001,-0.17899,59.38921,-5.20651,1.19249,-0.25747,0.05856,-0.01132,0.00135,-7E-05,,,,,,,,,,,,,,,,,,,,,,,Low,Low,Low,High,Medium,,,
625,2026-09-04,15:50:24.06,,,,,Undefined,FOR_RAM,"Caron, Michael",1000322224,Right,FOR_RAM,Undefined,1,Bottom,0,0,0,Undefined,Curveball,Undefined,Undefined,Undefined,Undefined,0,0,,47.90433,5.372259,-1.158289,2318.059765,314.492203,4:30,4.29326,-0.37368,21.92217,-65.5007,-6.41941,8.14894,2.33079,-0.44608,44.86943,-11.705145,0.933632,0.553218,81.55638,22.372557,60.321028,2808.50384,48.33624,21.51515,98.81093,183.38646,130.86111,66.985133,1.999933,-8.81457,-7.72122,0.09896,50,2.79732,2.07678,-71.5362,12.22448,-4.46768,9.93602,-36.08756,FOR_RAM,,FordhamUniversity,,,20260904-FordhamUniversity-BP-1,ded8aa40-a899-11f1-884b-8d6b77d225c8,68.13305,22.13135,,3.0349,,,,3.49913,2.23186,0.72266,568bcc58-7a80-4f8d-8682-9863113bc81a,2026-09-04,19:50:24.06,2026-09-04T15:50:24.0640000-04:00,2026-09-04T19:50:24.0640000Z,LineDrive,v3,471298,,,,,Undefined,FOR_RAM,418e7e1e-cc17-4ff4-a956-59c1ae42c056,38.58404,-69.93261,4.96801,4.30026,6.40024,-18.04378,0.37595,1.35573,-2.23384,,3.49913,54.76844,-17.2321,5.34546,-1.35905,0.29065,-0.05558,0.00738,-0.00045,2.23186,45.52906,-29.19919,4.16712,-0.85071,0.16166,-0.02943,0.00452,-0.00035,0.72266,96.10139,-5.85103,-0.75491,0.63447,-0.23458,0.05886,-0.0103,0.00085,,,,,,,,,,,,,,,,,,,,,,,High,High,High,Medium,Medium,,,
626,2026-09-04,15:50:48.56,,,,,Undefined,FOR_RAM,"Caron, Michael",1000322224,Right,FOR_RAM,Undefined,1,Bottom,0,0,0,Undefined,Curveball,Undefined,Undefined,FlyBall,Undefined,0,0,,48.78848,4.515844,-0.5867,2602.325496,317.643355,4:30,4.28612,-0.37226,21.91375,-63.10149,-6.42095,7.1928,1.96397,-0.15355,45.92014,-11.911534,1.262231,0.541862,92.46415,31.527992,27.60487,1661.940903,95.72656,60.76671,54.18838,349.92186,343.28488,33.939549,4.84773,-7.66217,-7.52414,0.21523,50,2.97419,1.32408,-72.91505,11.1916,-4.04949,10.0374,-36.1506,FOR_RAM,,FordhamUniversity,,,20260904-FordhamUniversity-BP-1,ed8476a0-a899-11f1-884b-8d6b77d225c8,69.56098,81.16713,,2.86834,,,,2.24453,2.30215,0.21657,568bcc58-7a80-4f8d-8682-9863113bc81a,2026-09-04,19:50:48.56,2026-09-04T15:50:48.5640000-04:00,2026-09-04T19:50:48.5640000Z,FlyBall,v3,471298,,,,,Undefined,FOR_RAM,5a7482e9-7b66-446a-9e69-009f5a4a96f7,38.5925,-71.32743,5.0187,4.29217,5.47362,-18.0753,0.37401,0.68357,-2.02475,,2.2458,102.40847,-21.34817,5.09908,-0.86432,0.10309,-0.01109,0.00136,-9E-05,2.30332,70.88646,-17.13768,0.4719,0.1588,-0.1162,0.03594,-0.00518,0.00028,0.21672,53.56162,-5.60918,1.07593,-0.18224,0.03635,-0.00802,0.00116,-7E-05,,,,,,,,,,,,,,,,,,,,,,,High,Medium,Medium,Medium,High,,,
627,2026-09-04,15:51:03.00,,,,,Undefined,FOR_RAM,"Wansaw, Michael",1000503198,Right,FOR_RAM,Undefined,1,Bottom,0,0,0,Undefined,,Undefined,Undefined,GroundBall,Undefined,0,0,,50.68456,5.559232,-1.825759,2930.09986,,,4.02739,-0.92027,22.02157,,,,2.76779,0.02871,50.03971,-9.492407,4.749148,0.50649,,,,,,,,,,,,-27.55478,-9.97036,0.36679,50.00011,2.46095,4.86761,-74.59737,13.07791,-16.55742,3.35934,-38.16515,FOR_RAM,,FordhamUniversity,,,20260904-FordhamUniversity-BP-1,f60fcf90-a899-11f1-884b-8d6b77d225c8,74.41892,,,0.64485,,,,,,,568bcc58-7a80-4f8d-8682-9863113bc81a,2026-09-04,19:51:03.00,2026-09-04T15:51:03.0060000-04:00,2026-09-04T19:51:03.0060000Z,,v3,471298,,,,,Undefined,FOR_RAM,9320f889-d986-4824-b0ca-ce77dd95cd68,38.48899,-74.07717,1.67967,4.02849,7.16804,-19.08258,0.92203,2.30369,-8.27871,,,,,,,,,,,,,,,,,,,,,,,,,,,,,,,,,,,,,,,,,,,,,,,,,,,Low,Low,Low,,,,,
628,2026-09-04,15:51:10.12,,,,,Undefined,FOR_RAM,"Wansaw, Michael",1000503198,Right,FOR_RAM,Undefined,1,Bottom,0,0,0,Undefined,,Undefined,Undefined,FlyBall,Undefined,0,0,,50.35003,3.932287,-2.534508,3025.32206,,,3.97088,-0.88213,22.09255,,,,3.23337,-0.44924,48.70481,-6.362144,3.860758,0.512256,,,,,,,,,,,,-27.57372,11.55221,0.18046,50.00014,2.86755,5.74972,-74.44332,9.03862,-16.13086,5.36831,-25.41592,FOR_RAM,,FordhamUniversity,,,20260904-FordhamUniversity-BP-1,fa4b0840-a899-11f1-884b-8d6b77d225c8,73.58122,,,1.64522,,,,,,,568bcc58-7a80-4f8d-8682-9863113bc81a,2026-09-04,19:51:10.12,2026-09-04T15:51:10.1260000-04:00,2026-09-04T19:51:10.1260000Z,,v3,471298,,,,,Undefined,FOR_RAM,db5b1986-76e8-4b1e-8f04-c69819e69f34,38.41381,-73.60306,2.68416,3.97096,5.06044,-12.70796,0.88282,3.22487,-8.06543,,,,,,,,,,,,,,,,,,,,,,,,,,,,,,,,,,,,,,,,,,,,,,,,,,,Low,Low,Low,,,,,
629,2026-09-04,15:51:21.17,,,,,Undefined,FOR_RAM,"Wansaw, Michael",1000503198,Right,FOR_RAM,Undefined,1,Bottom,0,0,0,Undefined,,Undefined,Undefined,LineDrive,Undefined,0,0,,51.17488,4.288243,-1.608297,3370.750424,,,4.09245,-0.91726,22.09079,,,,3.1872,0.27155,49.87865,-7.196505,5.27504,0.502717,90.11507,27.254841,-11.607261,2454.279915,108.1872,54.5646,-19.88527,327.26246,320.86604,-6.872886,4.852268,-28.87289,4.51784,0.40062,50,2.88417,4.7232,-75.63475,10.1198,-17.54111,4.99188,-29.42933,FOR_RAM,,FordhamUniversity,,,20260904-FordhamUniversity-BP-1,00fcbf30-a89a-11f1-884b-8d6b77d225c8,74.97738,71.22711,,1.29623,,,,0.73189,2.66833,-0.10732,568bcc58-7a80-4f8d-8682-9863113bc81a,2026-09-04,19:51:21.17,2026-09-04T15:51:21.1700000-04:00,2026-09-04T19:51:21.1700000Z,FlyBall,v3,471298,,,,,Undefined,FOR_RAM,46305b9f-5337-495b-93c7-9d6ac222e161,38.41719,-74.86639,2.49594,4.09321,5.58994,-14.71467,0.91983,2.02322,-8.77055,187.342515,0.73387,115.04953,-24.54977,6.11143,-1.12228,0.14436,-0.01212,0.00079,-4E-05,2.66758,60.5377,-12.80867,-1.0766,0.69795,-0.24006,0.05602,-0.00732,0.00039,-0.108,-23.62624,7.10652,-1.59934,0.28423,-0.03798,0.00447,-0.00052,3E-05,,,,,,,,,,,,,,,,,,,,,,,Low,Low,Low,Medium,High,,,
630,2026-09-04,15:51:28.89,,,,,Undefined,FOR_RAM,"Wansaw, Michael",1000503198,Right,FOR_RAM,Undefined,1,Bottom,0,0,0,Undefined,,Undefined,Undefined,LineDrive,Undefined,0,0,,52.22456,4.053919,-0.881129,1818.622715,,,4.12891,-1.02877,21.91666,,,,2.99273,0.67299,50.88593,-7.651797,6.113245,0.495369,100.08597,22.293359,-21.03756,1726.380071,104.57058,42.5947,-34.13098,358.15041,353.26656,-13.948516,4.453605,-28.93029,1.8628,0.6721,50,2.9915,3.78436,-77.32662,9.97603,-18.27075,5.73957,-30.99762,FOR_RAM,,FordhamUniversity,,,20260904-FordhamUniversity-BP-1,058d6ae0-a89a-11f1-884b-8d6b77d225c8,76.08965,59.18073,,1.33863,,,,1.90527,2.54988,0.09231,568bcc58-7a80-4f8d-8682-9863113bc81a,2026-09-04,19:51:28.89,2026-09-04T15:51:28.8930000-04:00,2026-09-04T19:51:28.8930000Z,LineDrive,v3,471298,,,,,Undefined,FOR_RAM,d654c229-ce58-4ea8-a4c8-f579413938ff,38.59261,-76.47522,2.86979,4.13029,5.37788,-15.49881,1.03245,1.0741,-9.13537,,1.90548,126.76357,-22.28679,4.71699,-0.88842,0.15572,-0.02693,0.00379,-0.00025,2.55117,55.65264,-13.44677,-0.98441,0.85338,-0.34413,0.08803,-0.01203,0.00066,0.09195,-48.74814,17.05978,-5.26345,1.33183,-0.28138,0.04833,-0.00576,0.00032,,,,,,,,,,,,,,,,,,,,,,,Low,Low,Low,Medium,High,,,
631,2026-09-04,15:51:40.93,,,,,Undefined,FOR_RAM,"Hanawalt, Chase",1000367090,Left,FOR_RAM,Undefined,1,Bottom,0,0,0,Undefined,Curveball,Undefined,Undefined,LineDrive,Undefined,0,0,,49.65426,4.798018,-0.727091,2663.316165,312.525139,4:30,4.30828,-0.37795,21.96843,-62.82373,-7.95811,10.32225,2.18908,0.01114,46.43742,-11.605895,1.929937,0.533116,94.25371,7.144048,35.580348,2582.039742,,,,98.14467,95.88746,38.446221,0.765465,-10.94249,-9.20914,0.17644,50,2.94124,1.77459,-74.2927,11.70676,-5.959,11.02582,-37.18912,FOR_RAM,,FordhamUniversity,,,20260904-FordhamUniversity-BP-1,0ca78090-a89a-11f1-884b-8d6b77d225c8,70.70217,4.69895,,3.21684,,,,1.53874,1.99482,0.45487,568bcc58-7a80-4f8d-8682-9863113bc81a,2026-09-04,19:51:40.93,2026-09-04T15:51:40.9330000-04:00,2026-09-04T19:51:40.9330000Z,GroundBall,v3,471298,,,,,Undefined,FOR_RAM,51dc7d03-6826-41b5-b3ee-3655933415b9,38.53818,-72.57171,5.51291,4.3155,5.90202,-18.59456,0.38084,0.84447,-2.9795,,1.57144,110.98115,-16.53448,,,,,,,2.05728,16.08774,-24.62715,,,,,,,0.42569,80.32976,-1.47532,,,,,,,,,,,,,,,,,,,,,,,,,,,,,High,Medium,Medium,High,High,,,
632,2026-09-04,15:51:46.70,,,,,Undefined,FOR_RAM,"Hanawalt, Chase",1000367090,Left,FOR_RAM,Undefined,1,Bottom,0,0,0,Undefined,,Undefined,Undefined,LineDrive,Undefined,0,0,,52.5252,2.824997,-2.251457,3413.574102,,,3.94048,-0.9217,21.94099,,,,2.76012,-0.33637,48.20134,-6.822599,4.047609,0.506332,,,,,,,,,,,,-27.7512,13.12221,0.30996,50,3.12317,5.40703,-78.90765,7.34811,-16.75476,14.0002,-24.25153,FOR_RAM,,FordhamUniversity,,,20260904-FordhamUniversity-BP-1,1002e090-a89a-11f1-884b-8d6b77d225c8,74.44217,,,4.32386,,,,,,,568bcc58-7a80-4f8d-8682-9863113bc81a,2026-09-04,19:51:46.70,2026-09-04T15:51:46.7070000-04:00,2026-09-04T19:51:46.7070000Z,,v3,471298,,,,,Undefined,FOR_RAM,557530c7-4e08-4150-bff9-c82723354aab,38.56465,-76.85196,7.0001,3.94069,3.78718,-12.12576,0.92327,2.94688,-8.37738,,,,,,,,,,,,,,,,,,,,,,,,,,,,,,,,,,,,,,,,,,,,,,,,,,,Low,Low,Low,,,,,
633,2026-09-04,15:51:52.92,,,,,Undefined,FOR_RAM,"Hanawalt, Chase",1000367090,Left,FOR_RAM,Undefined,1,Bottom,0,0,0,Undefined,,Undefined,Undefined,LineDrive,Undefined,0,0,,52.69361,3.089363,-3.315391,2863.313499,,,4.04556,-0.77481,22.01247,,,,2.83454,-0.83569,46.2128,-7.400802,3.1175,0.515825,,,,,,,,,,,,-29.8621,11.76859,-0.04753,50,3.16543,6.88969,-79.9521,7.86357,-17.28895,20.33484,-25.36051,FOR_RAM,,FordhamUniversity,,,20260904-FordhamUniversity-BP-1,13ba1c30-a89a-11f1-884b-8d6b77d225c8,73.07218,,,6.48081,,,,,,,568bcc58-7a80-4f8d-8682-9863113bc81a,2026-09-04,19:51:52.92,2026-09-04T15:51:52.9270000-04:00,2026-09-04T19:51:52.9270000Z,,v3,471298,,,,,Undefined,FOR_RAM,913d0589-3071-45e4-8d18-a8b1b95b9619,38.49237,-76.96965,10.16742,4.04599,4.14402,-12.68025,0.77701,4.35396,-8.64448,,,,,,,,,,,,,,,,,,,,,,,,,,,,,,,,,,,,,,,,,,,,,,,,,,,Low,Low,Low,,,,,
634,2026-09-04,15:52:16.51,,,,,Undefined,FOR_RAM,"Dieguez, Matthew",10131275,Right,FOR_RAM,Undefined,1,Bottom,0,0,0,Undefined,,Undefined,Undefined,Undefined,Undefined,0,0,,48.60175,-3.167347,-0.461127,2862.128471,,,4.36074,-0.98783,35.69643,,,,1.27589,-0.26514,48.91793,-11.79636,4.022003,0.331104,,,,,,,,,,,,-29.36899,-0.33382,-0.22866,50.00031,3.76081,6.3781,-72.44802,7.38645,-16.58634,3.47127,-32.36258,FOR_RAM,,FordhamUniversity,,,20260904-FordhamUniversity-BP-1,21d2f760-a89a-11f1-884b-8d6b77d225c8,113.83872,,,-0.31618,,,,,,,568bcc58-7a80-4f8d-8682-9863113bc81a,2026-09-04,19:52:16.51,2026-09-04T15:52:16.5120000-04:00,2026-09-04T19:52:16.5120000Z,,v3,471298,,,,,Undefined,FOR_RAM,c60749ee-b702-4354-8e7f-c09cf35b8af0,24.81164,-71.23091,1.73563,4.36139,-3.96067,-16.18129,0.98811,0.56252,-8.29317,,,,,,,,,,,,,,,,,,,,,,,,,,,,,,,,,,,,,,,,,,,,,,,,,,,Low,Low,Low,,,,,
635,2026-09-04,15:52:21.78,,,,,Undefined,FOR_RAM,"Dieguez, Matthew",10131275,Right,FOR_RAM,Undefined,1,Bottom,0,0,0,Undefined,,Undefined,Undefined,Undefined,Undefined,0,0,,55.17556,4.336431,1.728123,1195.682353,,,3.72854,-1.28823,21.81711,,,,1.30714,1.42385,48.91264,-12.194712,6.607212,0.496314,,,,,,,,,,,,-17.27875,-15.8195,1.57985,50.00001,2.58579,-1.25902,-83.60813,11.37105,-10.96036,22.06285,-42.20877,FOR_RAM,,FordhamUniversity,,,20260904-FordhamUniversity-BP-1,252e3050-a89a-11f1-884b-8d6b77d225c8,75.9448,,,6.26292,,,,,,,568bcc58-7a80-4f8d-8682-9863113bc81a,2026-09-04,19:52:21.78,2026-09-04T15:52:21.7800000-04:00,2026-09-04T19:52:21.7800000Z,,v3,471298,,,,,Undefined,FOR_RAM,6ab4124c-e16e-48c8-99dd-1048f20b28d1,38.68553,-80.56712,11.03142,3.75216,5.55324,-21.10438,1.30219,-2.76973,-5.48018,,,,,,,,,,,,,,,,,,,,,,,,,,,,,,,,,,,,,,,,,,,,,,,,,,,Low,Low,Low,,,,,
636,2026-09-04,15:52:30.31,,,,,Undefined,FOR_RAM,"Dieguez, Matthew",10131275,Right,FOR_RAM,Undefined,1,Bottom,0,0,0,Undefined,,Undefined,Undefined,GroundBall,Undefined,0,0,,50.94334,3.793219,-0.725897,3210.432702,,,3.99851,-1.04679,21.87588,,,,2.38284,0.763,48.96042,-8.915916,6.287944,0.512698,89.1222,3.966375,-5.572927,1031.518509,,,,,40.57116,,,-28.92376,1.29236,0.73088,50,2.90283,3.40981,-75.78012,9.63481,-17.10042,7.80916,-31.40998,FOR_RAM,,FordhamUniversity,,,20260904-FordhamUniversity-BP-1,2a1b53e0-a89a-11f1-884b-8d6b77d225c8,73.51781,2.35483,,1.98292,,,,1.71492,1.8927,-0.42078,568bcc58-7a80-4f8d-8682-9863113bc81a,2026-09-04,19:52:30.31,2026-09-04T15:52:30.3190000-04:00,2026-09-04T19:52:30.3190000Z,,v3,471298,,,,,Undefined,FOR_RAM,9c475767-818a-4f7f-b685-7dd575a21ec6,38.63227,-74.59948,3.90458,4.00051,4.88603,-15.70499,1.05096,0.82445,-8.55021,357.96711,1.70766,130.10145,-5.3414,,,,,,,1.89559,8.91572,-43.39763,,,,,,,-0.42018,-12.69,1.48424,,,,,,,,,,,,,,,,,,,,,,,,,,,,,Low,Low,Low,Low,Undefined,,,
637,2026-09-04,15:52:37.88,,,,,Undefined,FOR_RAM,"Dieguez, Matthew",10131275,Right,FOR_RAM,Undefined,1,Bottom,0,0,0,Undefined,,Undefined,Undefined,GroundBall,Undefined,0,0,,51.9511,4.311334,-1.514168,3193.286684,,,3.92925,-0.81417,21.91693,,,,2.2104,0.39788,51.39863,-9.627974,5.248325,0.494883,52.01785,-7.757769,-37.494044,,,,,15.33442,6.45954,-26.413923,0.16377,-28.1712,-7.74654,0.32622,50.00017,2.6667,4.61172,-76.65698,11.23043,-17.82619,3.8118,-37.07592,FOR_RAM,,FordhamUniversity,,,20260904-FordhamUniversity-BP-1,2e9b84d0-a89a-11f1-884b-8d6b77d225c8,76.16433,1.69344,,0.55247,,,,3.87099,1.69344,0.74463,568bcc58-7a80-4f8d-8682-9863113bc81a,2026-09-04,19:52:37.88,2026-09-04T15:52:37.8800000-04:00,2026-09-04T19:52:37.8800000Z,GroundBall,v3,471298,,,,,Undefined,FOR_RAM,eec57c53-87ee-411a-aa77-231f8cc27144,38.5941,-76.0877,1.9059,3.93046,5.69321,-18.53796,0.81617,1.94941,-8.9131,180,3.86456,60.22205,,,,,,,,1.69454,-10.34032,,,,,,,,0.74956,-46.20006,,,,,,,,,,,,,,,,,,,,,,,,,,,,,,Low,Low,Low,Low,Low,,,
638,2026-09-04,15:52:44.64,,,,,Undefined,FOR_RAM,"Dieguez, Matthew",10131275,Right,FOR_RAM,Undefined,1,Bottom,0,0,0,Undefined,Curveball,Undefined,Undefined,LineDrive,Undefined,0,0,,53.56757,4.563264,-0.535509,3428.62316,326.101728,4:45,4.28633,-0.3767,21.99095,-56.83432,-10.05564,7.56382,2.51122,-0.09313,50.16835,-10.278028,1.412232,0.492261,,,,,,,,,,,,-8.19544,-11.90875,0.22248,50,2.98428,1.45048,-80.06531,11.88848,-5.22802,12.0022,-39.77086,FOR_RAM,,FordhamUniversity,,,20260904-FordhamUniversity-BP-1,3292fdc0-a89a-11f1-884b-8d6b77d225c8,76.57004,,,3.39922,,,,,,,568bcc58-7a80-4f8d-8682-9863113bc81a,2026-09-04,19:52:44.64,2026-09-04T15:52:44.6490000-04:00,2026-09-04T19:52:44.6490000Z,,v3,471298,,,,,Undefined,FOR_RAM,6450af3b-8c06-49b9-9bde-a8caa812f98a,38.51571,-78.32484,6.0011,4.2901,6.1212,-19.88543,0.37785,0.69235,-2.61401,,,,,,,,,,,,,,,,,,,,,,,,,,,,,,,,,,,,,,,,,,,,,,,,,,,High,Medium,Medium,,,,,
639,2026-09-04,15:52:51.04,,,,,Undefined,FOR_RAM,"Dieguez, Matthew",10131275,Right,FOR_RAM,Undefined,1,Bottom,0,0,0,Undefined,,Undefined,Undefined,FlyBall,Undefined,0,0,,52.19525,3.701414,-1.474051,3236.769192,,,3.89377,-1.09214,21.92319,,,,2.41548,0.22657,51.56693,-8.291819,5.532317,0.492141,,,,,,,,,,,,-29.50407,-0.1915,0.59536,50.00004,2.80166,4.74667,-76.92198,9.74061,-18.87992,3.42317,-32.29658,FOR_RAM,,FordhamUniversity,,,20260904-FordhamUniversity-BP-1,365adb30-a89a-11f1-884b-8d6b77d225c8,76.5887,,,0.62831,,,,,,,568bcc58-7a80-4f8d-8682-9863113bc81a,2026-09-04,19:52:51.04,2026-09-04T15:52:51.0490000-04:00,2026-09-04T19:52:51.0490000Z,,v3,471298,,,,,Undefined,FOR_RAM,b8428a78-c3f7-455b-a970-384de024ea09,38.58419,-76.41227,1.71158,3.89402,4.9316,-16.14829,1.09284,1.93542,-9.43996,,,,,,,,,,,,,,,,,,,,,,,,,,,,,,,,,,,,,,,,,,,,,,,,,,,Low,Low,Low,,,,,
640,2026-09-04,15:53:01.21,,,,,Undefined,FOR_RAM,"Dieguez, Matthew",10131275,Right,FOR_RAM,Undefined,1,Bottom,0,0,0,Undefined,,Undefined,Undefined,FlyBall,Undefined,0,0,,51.45558,4.765474,-0.484758,3299.867037,,,3.85404,-1.1668,22.03929,,,,3.09723,0.78034,50.64302,-7.169559,6.485899,0.498723,,,,,,,,,,,,-29.03309,1.6326,0.8744,50.00024,2.53893,3.30445,-75.89481,11.00355,-17.96584,3.95605,-31.16379,FOR_RAM,,FordhamUniversity,,,20260904-FordhamUniversity-BP-1,3c8ed6a0-a89a-11f1-884b-8d6b77d225c8,75.57792,,,0.81257,,,,,,,568bcc58-7a80-4f8d-8682-9863113bc81a,2026-09-04,19:53:01.21,2026-09-04T15:53:01.2150000-04:00,2026-09-04T19:53:01.2150000Z,,v3,471298,,,,,Undefined,FOR_RAM,e1de4a73-4d39-495f-bf21-f05f48d4be9a,38.47025,-75.2914,1.97802,3.85477,6.25023,-15.58189,1.16943,0.56417,-8.98292,,,,,,,,,,,,,,,,,,,,,,,,,,,,,,,,,,,,,,,,,,,,,,,,,,,Low,Low,Low,,,,,
641,2026-09-04,15:53:12.61,,,,,Undefined,FOR_RAM,"Caron, Michael",1000322224,Right,FOR_RAM,Undefined,1,Bottom,0,0,0,Undefined,Curveball,Undefined,Undefined,LineDrive,Undefined,0,0,,50.00058,4.121402,-0.73585,2874.499738,314.275498,4:30,4.24872,-0.35106,21.84312,-63.42066,-8.22748,10.24119,1.64774,0.02398,46.24921,-12.425848,1.893792,0.534705,100.22118,12.919787,26.730808,1264.845932,95.5105,17.21246,54.56868,231.13459,185.33526,33.720934,2.045894,-10.72347,-9.14229,0.15675,50,3.05357,1.74082,-75.09805,10.71587,-5.84474,12.94832,-37.15698,FOR_RAM,,FordhamUniversity,,,20260904-FordhamUniversity-BP-1,436fb3e0-a89a-11f1-884b-8d6b77d225c8,70.49205,17.43605,,3.75136,,,,1.89991,1.82135,0.18455,568bcc58-7a80-4f8d-8682-9863113bc81a,2026-09-04,19:53:12.61,2026-09-04T15:53:12.6190000-04:00,2026-09-04T19:53:12.6190000Z,LineDrive,v3,471298,,,,,Undefined,FOR_RAM,cd753532-3437-4af3-81fb-06a56f1ad0e5,38.66242,-73.11711,6.47416,4.25813,5.03129,-18.57849,0.35468,0.84664,-2.92237,,1.8999,127.95902,-26.18995,6.63365,-1.66927,0.52593,-0.19078,0.05105,-0.0062,1.82136,32.86396,-18.1085,0.81863,0.19329,-0.30058,0.19074,-0.06272,0.00827,0.18455,64.44206,-0.7598,-0.32763,0.29564,-0.18193,0.0913,-0.02776,0.00354,,,,,,,,,,,,,,,,,,,,,,,High,Medium,Medium,Medium,Medium,,,
642,2026-09-04,15:53:19.64,,,,,Undefined,FOR_RAM,"Caron, Michael",1000322224,Right,FOR_RAM,Undefined,1,Bottom,0,0,0,Undefined,,Undefined,Undefined,Undefined,Undefined,0,0,,51.81883,4.880513,-0.589106,3391.633947,,,3.91532,-1.1517,21.97923,,,,1.91074,0.36803,51.35355,-11.067483,5.283572,0.495865,,,,,,,,,,,,-24.4036,-16.01292,0.87072,50.00021,2.47295,3.03316,-76.51229,12.77401,-15.33653,4.09065,-42.23744,FOR_RAM,,FordhamUniversity,,,20260904-FordhamUniversity-BP-1,477b7820-a89a-11f1-884b-8d6b77d225c8,76.01351,,,0.46528,,,,,,,568bcc58-7a80-4f8d-8682-9863113bc81a,2026-09-04,19:53:19.64,2026-09-04T15:53:19.6400000-04:00,2026-09-04T19:53:19.6400000Z,,v3,471298,,,,,Undefined,FOR_RAM,5ba71d95-ee54-4758-ba3d-595d562518c1,38.53313,-75.89674,2.04533,3.91695,6.41822,-21.11872,1.1535,0.72536,-7.66826,,,,,,,,,,,,,,,,,,,,,,,,,,,,,,,,,,,,,,,,,,,,,,,,,,,Low,Low,Low,,,,,
643,2026-09-04,15:53:25.29,,,,,Undefined,FOR_RAM,"Caron, Michael",1000322224,Right,FOR_RAM,Undefined,1,Bottom,0,0,0,Undefined,Curveball,Undefined,Undefined,Undefined,Undefined,0,0,,47.51253,3.688893,-0.721407,2492.113598,332.381789,5:00,4.27901,-0.38393,21.94985,-64.47468,-5.5128,3.58441,1.3008,-0.55288,45.38735,-13.02708,0.201946,0.552659,78.72019,15.332505,58.799774,3770.733096,51.09578,7.28745,97.41248,140.12667,130.3977,63.944649,1.363183,-3.94886,-6.19327,0.21881,50,3.10824,1.18132,-70.91651,10.09639,-2.00189,8.45225,-35.31374,FOR_RAM,,FordhamUniversity,,,20260904-FordhamUniversity-BP-1,4aecd120-a89a-11f1-884b-8d6b77d225c8,68.20201,10.71867,,2.12517,,,,3.54984,1.48682,0.95485,568bcc58-7a80-4f8d-8682-9863113bc81a,2026-09-04,19:53:25.29,2026-09-04T15:53:25.2980000-04:00,2026-09-04T19:53:25.2980000Z,LineDrive,v3,471298,,,,,Undefined,FOR_RAM,3481c9f4-b9b3-46c6-94b1-ba9ea19ad733,38.55668,-69.53926,4.22613,4.2846,4.34218,-17.65687,0.38472,0.85512,-1.00094,,3.54984,57.68099,-12.96172,1.76045,-0.33112,0.03169,-0.00545,0.00371,-0.00058,1.48682,30.52892,-27.34549,3.88934,-0.80947,0.16622,-0.02797,0.00762,-0.00124,0.95485,95.24179,-0.72849,-1.94864,0.60667,-0.19046,0.03621,-0.00619,0.00102,,,,,,,,,,,,,,,,,,,,,,,High,High,High,Medium,Medium,,,
644,2026-09-04,15:53:34.75,,,,,Undefined,FOR_RAM,"Caron, Michael",1000322224,Right,FOR_RAM,Undefined,1,Bottom,0,0,0,Undefined,,Undefined,Undefined,GroundBall,Undefined,0,0,,48.24864,4.942845,-0.776183,2741.277519,,,3.87073,-1.23043,21.89695,,,,2.98838,0.4992,47.55147,-7.725223,6.082337,0.533966,89.54111,6.933723,26.986426,2833.805981,,,,94.95092,91.0922,28.674246,0.787119,-28.48041,5.87331,0.89043,50.00022,2.51842,3.37645,-71.08274,10.74289,-15.48794,3.32115,-28.98008,FOR_RAM,,FordhamUniversity,,,20260904-FordhamUniversity-BP-1,50941cf0-a89a-11f1-884b-8d6b77d225c8,70.58954,4.75697,,0.69716,,,,1.99814,2.27404,-0.15225,568bcc58-7a80-4f8d-8682-9863113bc81a,2026-09-04,19:53:34.75,2026-09-04T15:53:34.7500000-04:00,2026-09-04T19:53:34.7500000Z,GroundBall,v3,471298,,,,,Undefined,FOR_RAM,ef432c88-2eb1-4d91-bf54-0ee89d64f2c8,38.61153,-70.54862,1.66058,3.87134,6.08227,-14.49004,1.23315,0.88566,-7.74397,,2.03896,115.46728,-15.58644,,,,,,,2.33948,14.72309,-22.5783,,,,,,,-0.16952,59.45973,-1.70555,,,,,,,,,,,,,,,,,,,,,,,,,,,,,Low,Low,Low,High,High,,,
645,2026-09-04,15:53:40.80,,,,,Undefined,FOR_RAM,"Caron, Michael",1000322224,Right,FOR_RAM,Undefined,1,Bottom,0,0,0,Undefined,,Undefined,Undefined,LineDrive,Undefined,0,0,,48.80333,5.131935,-1.060313,2752.559223,,,3.95211,-1.06203,21.98208,,,,2.80233,0.51932,48.17574,-8.729913,5.925491,0.526659,,,,,,,,,,,,-29.31706,-0.72421,0.64958,50.00009,2.51076,3.89033,-71.85587,11.60745,-16.32518,3.22093,-32.57732,FOR_RAM,,FordhamUniversity,,,20260904-FordhamUniversity-BP-1,54197320-a89a-11f1-884b-8d6b77d225c8,71.56902,,,0.6276,,,,,,,568bcc58-7a80-4f8d-8682-9863113bc81a,2026-09-04,19:53:40.80,2026-09-04T15:53:40.8050000-04:00,2026-09-04T19:53:40.8050000Z,,v3,471298,,,,,Undefined,FOR_RAM,9c1f81a7-6158-4e3e-bd76-7c7618337b1f,38.5261,-71.3397,1.61046,3.9526,6.38673,-16.28866,1.0634,1.27412,-8.16259,,,,,,,,,,,,,,,,,,,,,,,,,,,,,,,,,,,,,,,,,,,,,,,,,,,Low,Low,Low,,,,,
646,2026-09-04,15:54:01.58,,,,,Undefined,FOR_RAM,"Crang, Mason",10913432,Right,FOR_RAM,Undefined,1,Bottom,0,0,0,Undefined,Curveball,Undefined,Undefined,LineDrive,Undefined,0,0,,49.33475,4.516815,-0.617222,2808.819387,311.160068,4:15,4.2746,-0.37672,21.77991,-62.47925,-5.88008,8.68067,2.01553,-0.05527,45.79468,-11.760635,1.605782,0.541473,97.24532,26.514777,-18.248688,1634.835345,,,,,114.29973,,,-9.04603,-6.76394,0.21401,50,3.00981,1.44572,-73.9165,11.00893,-4.82229,11.79926,-35.77979,FOR_RAM,,FordhamUniversity,,,20260904-FordhamUniversity-BP-1,60822d50-a89a-11f1-884b-8d6b77d225c8,69.61099,51.98495,,3.54007,,,,1.60793,2.00704,0.04073,568bcc58-7a80-4f8d-8682-9863113bc81a,2026-09-04,19:54:01.58,2026-09-04T15:54:01.5880000-04:00,2026-09-04T19:54:01.5880000Z,,v3,471298,,,,,Undefined,FOR_RAM,607e6056-55fe-4581-b9b2-3d74a8c04e34,38.72508,-72.09423,5.89963,4.28332,5.48311,-17.8899,0.37977,0.70097,-2.41115,166.042836,1.60793,121.20597,-26.31385,6.3781,-1.50306,0.35361,-0.06765,0.00396,0.00151,2.00704,63.67246,-16.9933,1.04804,-0.13455,0.03939,-0.04142,0.02706,-0.00696,0.04073,-39.96466,5.46555,-1.11467,0.22459,-0.05371,0.01794,-0.00658,0.00138,,,,,,,,,,,,,,,,,,,,,,,High,Medium,Medium,High,Undefined,,,
647,2026-09-04,15:54:09.78,,,,,Undefined,FOR_RAM,"Crang, Mason",10913432,Right,FOR_RAM,Undefined,1,Bottom,0,0,0,Undefined,Curveball,Undefined,Undefined,FlyBall,Undefined,0,0,,49.81186,4.378982,-0.227367,2795.022356,324.720209,4:45,4.3045,-0.38358,22.07652,-57.95924,-4.64445,4.13839,2.30894,-0.18559,47.21893,-10.761238,0.840329,0.525527,,,,,,,,,,,,-4.49437,-6.02374,0.31033,50,3.00396,0.66575,-74.27761,11.07913,-2.50279,9.16402,-35.52852,FOR_RAM,,FordhamUniversity,,,20260904-FordhamUniversity-BP-1,65527a10-a89a-11f1-884b-8d6b77d225c8,71.72309,,,2.59293,,,,,,,568bcc58-7a80-4f8d-8682-9863113bc81a,2026-09-04,19:54:09.78,2026-09-04T15:54:09.7890000-04:00,2026-09-04T19:54:09.7890000Z,,v3,471298,,,,,Undefined,FOR_RAM,40228288-11b1-4008-b8fd-0d47dbd5b15f,38.42958,-72.83612,4.58201,4.30715,5.49053,-17.76426,0.38408,0.27206,-1.2514,,,,,,,,,,,,,,,,,,,,,,,,,,,,,,,,,,,,,,,,,,,,,,,,,,,High,Medium,Medium,,,,,
648,2026-09-04,15:54:18.07,,,,,Undefined,FOR_RAM,"Crang, Mason",10913432,Right,FOR_RAM,Undefined,1,Bottom,0,0,0,Undefined,Curveball,Undefined,Undefined,LineDrive,Undefined,0,0,,50.17535,4.680495,-0.933825,2990.744643,319.140197,4:45,4.30971,-0.38014,22.00055,-59.88759,-6.3176,6.72544,2.35606,-0.42423,46.88748,-10.98649,0.797787,0.526783,,,,,,,,,,,,-7.32646,-7.56823,0.15503,50,2.97413,1.77982,-75.03472,11.47725,-4.07875,11.06864,-36.38739,FOR_RAM,,FordhamUniversity,,,20260904-FordhamUniversity-BP-1,6a4a7310-a89a-11f1-884b-8d6b77d225c8,71.55205,,,3.28787,,,,,,,568bcc58-7a80-4f8d-8682-9863113bc81a,2026-09-04,19:54:18.07,2026-09-04T15:54:18.0790000-04:00,2026-09-04T19:54:18.0790000Z,,v3,471298,,,,,Undefined,FOR_RAM,55cefdd5-73f5-42a0-afee-aee8e89a1cee,38.50523,-73.31948,5.53432,4.31579,5.83852,-18.19369,0.38186,1.14776,-2.03938,,,,,,,,,,,,,,,,,,,,,,,,,,,,,,,,,,,,,,,,,,,,,,,,,,,High,High,High,,,,,
649,2026-09-04,15:54:30.94,,,,,Undefined,FOR_RAM,"Wansaw, Michael",1000503198,Right,FOR_RAM,Undefined,1,Bottom,0,0,0,Undefined,Curveball,Undefined,Undefined,Undefined,Undefined,0,0,,49.03919,4.760089,-0.882651,2725.477312,304.907486,4:15,4.30235,-0.38313,22.05204,-64.90748,-9.64048,15.6456,1.97791,0.35005,46.55527,-12.141658,3.155088,0.535062,,,,,,,,,,,,-16.75651,-11.13312,0.10921,50,2.89485,2.45656,-73.2023,11.90682,-9.01935,9.28832,-38.16656,FOR_RAM,,FordhamUniversity,,,20260904-FordhamUniversity-BP-1,71fb98a0-a89a-11f1-884b-8d6b77d225c8,70.44496,,,2.48391,,,,,,,568bcc58-7a80-4f8d-8682-9863113bc81a,2026-09-04,19:54:30.94,2026-09-04T15:54:30.9410000-04:00,2026-09-04T19:54:30.9410000Z,,v3,471298,,,,,Undefined,FOR_RAM,8c8d4716-b24b-43f0-9761-6d70b867b6f0,38.45626,-71.72261,4.64416,4.30738,5.82664,-19.08328,0.3861,1.01971,-4.50967,,,,,,,,,,,,,,,,,,,,,,,,,,,,,,,,,,,,,,,,,,,,,,,,,,,High,Medium,Medium,,,,,
650,2026-09-04,15:54:38.80,,,,,Undefined,FOR_RAM,"Wansaw, Michael",1000503198,Right,FOR_RAM,Undefined,1,Bottom,0,0,0,Undefined,,Undefined,Undefined,Undefined,Undefined,0,0,,47.10747,4.683093,-1.154057,2624.094479,,,3.9005,-1.0838,21.9692,,,,2.57747,0.4017,46.46253,-8.819397,5.721108,0.546113,87.99108,18.41336,-43.505562,1384.589041,80.58663,23.23355,-74.87163,220.8952,217.26867,-44.063892,2.317946,-28.64108,5.21729,0.66432,50.00024,2.56553,3.7767,-69.45327,10.50383,-14.83461,3.3543,-29.47176,FOR_RAM,,FordhamUniversity,,,20260904-FordhamUniversity-BP-1,76b02000-a89a-11f1-884b-8d6b77d225c8,69.01955,23.33687,,0.64495,,,,2.98098,2.31217,0.14686,568bcc58-7a80-4f8d-8682-9863113bc81a,2026-09-04,19:54:38.80,2026-09-04T15:54:38.8020000-04:00,2026-09-04T19:54:38.8020000Z,LineDrive,v3,471298,,,,,Undefined,FOR_RAM,c3bcef38-204c-4c59-9529-3e4e800b57a6,38.53917,-68.89752,1.67715,3.90131,5.6209,-14.73588,1.08644,1.31888,-7.4173,,2.98098,88.81153,-14.13349,3.11325,-0.70242,0.18458,-0.05174,0.01088,-0.00109,2.31222,40.76028,-21.98431,2.51823,-0.33103,-0.154,0.13439,-0.04209,0.00493,0.14687,-84.29537,11.79249,-2.61651,0.59116,-0.15814,0.04537,-0.00972,0.00099,,,,,,,,,,,,,,,,,,,,,,,Low,Low,Low,Low,Medium,,,
651,2026-09-04,15:54:46.11,,,,,Undefined,FOR_RAM,"Wansaw, Michael",1000503198,Right,FOR_RAM,Undefined,1,Bottom,0,0,0,Undefined,,Undefined,Undefined,LineDrive,Undefined,0,0,,49.94022,3.181515,-2.75445,2807.150068,,,4.02373,-0.87198,22.00193,,,,2.60319,-0.66827,43.7685,-8.202671,3.373235,0.545269,,,,,,,,,,,,-28.28305,14.69367,0.17168,50,3.10566,5.67838,-75.87036,7.84222,-14.65171,18.78979,-24.56215,FOR_RAM,,FordhamUniversity,,,20260904-FordhamUniversity-BP-1,7b0bd900-a89a-11f1-884b-8d6b77d225c8,69.12631,,,6.17172,,,,,,,568bcc58-7a80-4f8d-8682-9863113bc81a,2026-09-04,19:54:46.11,2026-09-04T15:54:46.1190000-04:00,2026-09-04T19:54:46.1190000Z,,v3,471298,,,,,Undefined,FOR_RAM,43dd2ea6-11f2-4560-a73f-9eb5f2e1816d,38.50267,-72.96744,9.3949,4.02411,4.0475,-12.28108,0.8741,3.41476,-7.32585,,,,,,,,,,,,,,,,,,,,,,,,,,,,,,,,,,,,,,,,,,,,,,,,,,,Low,Low,Low,,,,,
652,2026-09-04,15:55:07.44,,,,,Undefined,FOR_RAM,"Dowd, Aidan",1000142838,Right,FOR_RAM,Undefined,1,Bottom,0,0,0,Undefined,,Undefined,Undefined,Undefined,Undefined,0,0,,48.71597,6.52323,-2.449611,2953.57419,,,3.82257,-0.86905,22.12157,,,,2.77202,-0.3645,48.06582,-9.829974,3.996644,0.526198,46.50109,-13.88483,168.151939,,,,,9.72582,5.34154,173.738332,0.131036,-27.03521,-11.07138,0.19039,50.00016,2.00318,5.40352,-71.58518,14.30693,-14.96653,3.05558,-38.30311,FOR_RAM,,FordhamUniversity,,,20260904-FordhamUniversity-BP-1,87c7bc40-a89a-11f1-884b-8d6b77d225c8,71.63161,2.15948,,0.65015,,,,-1.11792,2.15948,-0.73286,568bcc58-7a80-4f8d-8682-9863113bc81a,2026-09-04,19:55:07.44,2026-09-04T15:55:07.4480000-04:00,2026-09-04T19:55:07.4480000Z,GroundBall,v3,471298,,,,,Undefined,FOR_RAM,89fbe956-7ada-423b-8369-a1c2344583e9,38.39118,-71.08793,1.52779,3.82424,8.07366,-19.15155,0.87156,2.96794,-7.48326,,-1.10844,-65.24806,,,,,,,,2.16188,-16.48003,,,,,,,,-0.73485,13.68816,,,,,,,,,,,,,,,,,,,,,,,,,,,,,,Low,Low,Low,Medium,Low,,,
653,2026-09-04,15:55:13.05,,,,,Undefined,FOR_RAM,"Dowd, Aidan",1000142838,Right,FOR_RAM,Undefined,1,Bottom,0,0,0,Undefined,,Undefined,Undefined,LineDrive,Undefined,0,0,,51.1382,4.226719,-1.054772,2955.763951,,,4.00126,-1.08368,22.0079,,,,2.51037,0.49396,49.55305,-8.947359,5.920094,0.506726,98.6489,8.394434,2.655805,848.34337,109.99924,7.99009,-0.35896,164.62257,164.62257,-1.367553,1.393399,-28.80419,-1.72622,0.69581,50,2.78444,3.89361,-75.89926,10.52763,-17.30783,6.66637,-33.2113,FOR_RAM,,FordhamUniversity,,,20260904-FordhamUniversity-BP-1,8b12efa0-a89a-11f1-884b-8d6b77d225c8,74.38431,8.905,,1.58515,,,,0.45733,2.39365,-0.49924,568bcc58-7a80-4f8d-8682-9863113bc81a,2026-09-04,19:55:13.05,2026-09-04T15:55:13.0580000-04:00,2026-09-04T19:55:13.0580000Z,LineDrive,v3,471298,,,,,Undefined,FOR_RAM,59d23f53-7597-4940-ba29-e148664de9e9,38.50212,-74.88257,3.33319,4.00377,5.46257,-16.60565,1.08834,1.25399,-8.65391,100.927965,0.45733,142.98102,-23.28459,4.84742,-1.03835,0.2322,-0.06177,0.01595,-0.00231,2.39365,21.12205,-17.83763,1.23436,-0.15723,-0.0053,0.02539,-0.01305,0.00254,-0.49924,6.63235,-9.5736,3.08739,-0.90355,0.27633,-0.10121,0.03301,-0.00543,,,,,,,,,,,,,,,,,,,,,,,Low,Low,Low,High,High,,,
654,2026-09-04,15:55:21.55,,,,,Undefined,FOR_RAM,"Dowd, Aidan",1000142838,Right,FOR_RAM,Undefined,1,Bottom,0,0,0,Undefined,Curveball,Undefined,Undefined,LineDrive,Undefined,0,0,,51.56177,4.925027,-1.080458,3172.122866,316.989586,4:30,4.26218,-0.34265,21.8895,-64.1437,-13.13442,13.51627,2.12299,0.08211,48.29107,-11.753837,2.391949,0.514039,91.87421,27.101356,23.445823,2660.832171,100.73663,52.27531,44.1828,361.44241,359.32832,26.313217,4.782399,-14.22517,-14.4191,0.05862,50,2.88602,2.55698,-77.1606,12.31901,-8.36813,11.77083,-40.65626,FOR_RAM,,FordhamUniversity,,,20260904-FordhamUniversity-BP-1,905beed0-a89a-11f1-884b-8d6b77d225c8,73.32603,71.62081,,3.2707,,,,1.91317,2.47332,0.12518,568bcc58-7a80-4f8d-8682-9863113bc81a,2026-09-04,19:55:21.55,2026-09-04T15:55:21.5510000-04:00,2026-09-04T19:55:21.5510000Z,FlyBall,v3,471298,,,,,Undefined,FOR_RAM,78031d4c-b476-4db3-aff6-18330e4f8fb7,38.6197,-75.40456,5.88541,4.27141,6.25366,-20.32813,0.34696,1.30858,-4.18407,184.534705,1.91417,110.02939,-20.43651,4.81371,-0.9161,0.14734,-0.02135,0.00245,-0.00014,2.47363,61.37583,-13.40042,-0.71607,0.56559,-0.21881,0.05384,-0.00711,0.00038,0.12561,47.71784,-7.761,2.05133,-0.39884,0.05731,-0.00569,0.00041,-2E-05,,,,,,,,,,,,,,,,,,,,,,,High,Medium,Medium,High,High,,,
655,2026-09-04,15:55:32.48,,,,,Undefined,FOR_RAM,"Dowd, Aidan",1000142838,Right,FOR_RAM,Undefined,1,Bottom,0,0,0,Undefined,Curveball,Undefined,Undefined,Undefined,Undefined,0,0,"porter

",51.04887,4.970428,-0.678033,2954.606708,309.489838,4:15,4.29613,-0.37164,21.88875,-58.70594,-7.01748,10.06371,2.63951,0.02675,47.97045,-10.316707,1.904041,0.51745,,,,,,,,,,,,-10.83229,-8.69922,0.17556,50,2.91245,1.7829,-76.16123,11.99601,-6.28564,10.4087,-37.22191,FOR_RAM,,FordhamUniversity,,,20260904-FordhamUniversity-BP-1,96a5e340-a89a-11f1-884b-8d6b77d225c8,72.8427,,,3.07842,,,,,,,568bcc58-7a80-4f8d-8682-9863113bc81a,2026-09-04,19:55:32.48,2026-09-04T15:55:32.4810000-04:00,2026-09-04T19:55:32.4810000Z,,v3,471298,,,,,Undefined,FOR_RAM,ca2e15f4-d2d5-470e-abe9-e65b593f99fd,38.61772,-74.58943,5.20435,4.29955,6.3752,-18.61096,0.37313,0.83372,-3.14282,,,,,,,,,,,,,,,,,,,,,,,,,,,,,,,,,,,,,,,,,,,,,,,,,,,High,Medium,Medium,,,,,
656,2026-09-04,15:55:42.26,,,,,Undefined,FOR_RAM,"Dowd, Aidan",1000142838,Right,FOR_RAM,Undefined,1,Bottom,0,0,0,Undefined,Curveball,Undefined,Undefined,LineDrive,Undefined,0,0,porter,51.4914,4.131973,-1.111302,2953.283959,311.59573,4:30,4.3035,-0.38782,22.02458,-56.89168,-5.70485,8.15528,2.24069,-0.42722,47.70502,-10.803645,0.990722,0.514933,90.82454,25.976789,33.131825,2501.338393,89.64684,47.93322,63.74513,342.09243,309.99456,41.111145,4.342158,-8.89221,-6.81733,0.12024,50,3.10255,2.17742,-77.20702,10.72171,-5.17548,12.81099,-36.1419,FOR_RAM,,FordhamUniversity,,,20260904-FordhamUniversity-BP-1,9c7fb0c0-a89a-11f1-884b-8d6b77d225c8,73.19875,61.8908,,3.78638,,,,1.83469,2.18143,0.58301,568bcc58-7a80-4f8d-8682-9863113bc81a,2026-09-04,19:55:42.26,2026-09-04T15:55:42.2650000-04:00,2026-09-04T19:55:42.2650000Z,FlyBall,v3,471298,,,,,Undefined,FOR_RAM,b8d26b38-4de0-438d-ba02-54815380ebaf,38.48038,-75.2713,6.4055,4.31001,5.26072,-18.07095,0.39016,1.39541,-2.58774,,1.83453,100.28662,-21.33256,5.48236,-1.25441,0.28064,-0.05564,0.00731,-0.00042,2.18256,58.3171,-14.08208,-0.77923,0.71173,-0.2966,0.07505,-0.01005,0.00054,0.58301,65.4525,-7.22868,1.74569,-0.33477,0.06265,-0.01174,0.00162,-0.0001,,,,,,,,,,,,,,,,,,,,,,,High,High,High,Medium,Medium,,,
657,2026-09-04,15:55:58.17,,,,,Undefined,FOR_RAM,"Dieguez, Matthew",10131275,Right,FOR_RAM,Undefined,1,Bottom,0,0,0,Undefined,Curveball,Undefined,Undefined,LineDrive,Undefined,0,0,,51.75692,5.147782,-1.100322,3129.891215,319.957143,4:45,4.28067,-0.36775,21.90043,-59.18712,-8.71886,8.42784,2.69934,-0.37971,48.41201,-10.279112,1.062459,0.511306,90.17217,28.877028,19.379692,4154.001765,99.61742,53.33124,46.65086,328.69411,327.04595,35.11267,4.296831,-9.07878,-10.10288,0.10283,50,2.87455,2.1941,-77.27067,12.32204,-5.39281,11.20307,-38.17515,FOR_RAM,,FordhamUniversity,,,20260904-FordhamUniversity-BP-1,a5f7b3a0-a89a-11f1-884b-8d6b77d225c8,73.71803,65.96874,,3.34491,,,,0.84937,2.60369,0.36059,568bcc58-7a80-4f8d-8682-9863113bc81a,2026-09-04,19:55:58.17,2026-09-04T15:55:58.1720000-04:00,2026-09-04T19:55:58.1720000Z,FlyBall,v3,471298,,,,,Undefined,FOR_RAM,5d6dff53-f152-4381-a7b8-a52d670f169f,38.60631,-75.60071,5.60154,4.28718,6.63156,-19.08758,0.36997,1.39024,-2.6964,224.013854,0.8487,109.25766,-24.05741,5.96883,-1.23683,0.24146,-0.04469,0.0058,-0.00033,2.60487,63.84669,-16.99883,0.37316,0.10817,-0.05487,0.01315,-0.00131,3E-05,0.36067,38.42993,3.94048,-1.44379,0.34625,-0.05294,0.00469,-0.00015,-1E-05,,,,,,,,,,,,,,,,,,,,,,,High,High,High,High,High,,,
658,2026-09-04,15:56:08.33,,,,,Undefined,FOR_RAM,"Dieguez, Matthew",10131275,Right,FOR_RAM,Undefined,1,Bottom,0,0,0,Undefined,,Undefined,Undefined,Undefined,Undefined,0,0,,53.76219,3.011974,-2.936878,3426.372837,,,3.96416,-0.88524,22.1706,,,,3.49106,-1.09754,46.8116,-5.067715,2.267746,0.504163,,,,,,,,,,,,-25.14907,20.1584,0.14845,50,3.14772,6.16845,-81.8158,7.07299,-15.07948,22.25412,-20.08699,FOR_RAM,,FordhamUniversity,,,20260904-FordhamUniversity-BP-1,abefde90-a89a-11f1-884b-8d6b77d225c8,74.7624,,,6.95059,,,,,,,568bcc58-7a80-4f8d-8682-9863113bc81a,2026-09-04,19:56:08.33,2026-09-04T15:56:08.3350000-04:00,2026-09-04T19:56:08.3350000Z,,v3,471298,,,,,Undefined,FOR_RAM,6551fea1-1191-4cc1-bd9a-b1c7349a195b,38.33477,-78.57879,11.12706,3.96404,4.15121,-10.04349,0.88616,3.97504,-7.53974,,,,,,,,,,,,,,,,,,,,,,,,,,,,,,,,,,,,,,,,,,,,,,,,,,,Low,Low,Low,,,,,
659,2026-09-04,15:56:15.22,,,,,Undefined,FOR_RAM,"Dieguez, Matthew",10131275,Right,FOR_RAM,Undefined,1,Bottom,0,0,0,Undefined,Curveball,Undefined,Undefined,LineDrive,Undefined,0,0,,53.26581,4.723622,-0.970121,3307.395387,316.400318,4:30,4.28046,-0.37448,22.01808,-56.16212,-8.01973,9.0778,2.66395,-0.24574,48.95498,-10.040347,1.367275,0.499385,98.10416,8.643392,4.119472,1353.042139,,,,130.1369,130.1369,8.330562,1.027796,-9.84674,-9.69229,0.13018,50,2.9686,2.13499,-79.91289,11.81604,-6.09663,14.37069,-38.17503,FOR_RAM,,FordhamUniversity,,,20260904-FordhamUniversity-BP-1,b02bda90-a89a-11f1-884b-8d6b77d225c8,75.47776,7.04444,,4.31083,,,,1.30115,2.39176,0.2301,568bcc58-7a80-4f8d-8682-9863113bc81a,2026-09-04,19:56:15.22,2026-09-04T15:56:15.2280000-04:00,2026-09-04T19:56:15.2280000Z,LineDrive,v3,471298,,,,,Undefined,FOR_RAM,4d214f65-f07e-4b71-9dcb-b7919d4be526,38.48722,-77.81502,7.18534,4.28677,6.24314,-19.08752,0.37689,1.24499,-3.04831,303.297729,1.38551,140.76661,-16.4507,,,,,,,2.52964,19.77917,-21.75607,,,,,,,0.12648,11.6156,6.51388,,,,,,,,,,,,,,,,,,,,,,,,,,,,,High,Medium,Medium,Medium,High,,,
660,2026-09-04,15:56:22.70,,,,,Undefined,FOR_RAM,"Dieguez, Matthew",10131275,Right,FOR_RAM,Undefined,1,Bottom,0,0,0,Undefined,Curveball,Undefined,Undefined,FlyBall,Undefined,0,0,,53.88764,4.636849,-1.210846,3540.200231,317.604612,4:30,4.29506,-0.37153,21.9487,-54.95086,-8.20008,8.70099,2.72883,-0.43147,49.96198,-9.746137,1.0253,0.492114,72.94113,47.658881,45.220996,6167.927454,,,,,203.95972,,,-9.31855,-9.22241,0.08669,50,3.02718,2.43458,-80.65026,11.62526,-5.9614,13.29397,-38.07394,FOR_RAM,,FordhamUniversity,,,20260904-FordhamUniversity-BP-1,b4977210-a89a-11f1-884b-8d6b77d225c8,76.59287,40.65772,,3.92566,,,,0.82359,2.7704,0.45205,568bcc58-7a80-4f8d-8682-9863113bc81a,2026-09-04,19:56:22.70,2026-09-04T15:56:22.7040000-04:00,2026-09-04T19:56:22.7040000Z,,v3,471298,,,,,Undefined,FOR_RAM,59cce259-9db4-4c49-ad0a-a69d67b02daa,38.55699,-78.74147,6.64699,4.30391,6.15847,-19.03697,0.3748,1.57862,-2.9807,,0.82359,50.75473,-13.37235,3.62442,-3.29153,9.42486,-16.93093,15.64258,-5.86478,2.7704,79.07393,-20.9871,1.5895,0.84879,-4.06325,7.52454,-7.01371,2.64737,0.45205,51.14704,-3.14074,0.08367,1.11322,-3.92016,7.14832,-6.64405,2.50325,,,,,,,,,,,,,,,,,,,,,,,High,High,High,High,Undefined,,,
661,2026-09-04,15:56:30.66,,,,,Undefined,FOR_RAM,"Dieguez, Matthew",10131275,Right,FOR_RAM,Undefined,1,Bottom,0,0,0,Undefined,Curveball,Undefined,Undefined,LineDrive,Undefined,0,0,,50.69079,4.800607,-0.852832,2726.951471,324.976744,4:45,4.2797,-0.37171,21.98129,-61.42838,-9.46375,7.4915,2.27749,-0.29981,47.90068,-11.193832,1.075739,0.51883,79.63432,10.545303,-31.759425,2056.667536,,,,97.7293,97.7293,-33.20296,0.916934,-8.03607,-10.63449,0.15848,50,2.91099,1.75806,-75.63709,11.90975,-4.61593,9.95498,-38.28253,FOR_RAM,,FordhamUniversity,,,20260904-FordhamUniversity-BP-1,b963ee40-a89a-11f1-884b-8d6b77d225c8,72.64889,6.44043,,2.79012,,,,2.58284,2.38575,0.22094,568bcc58-7a80-4f8d-8682-9863113bc81a,2026-09-04,19:56:30.66,2026-09-04T15:56:30.6620000-04:00,2026-09-04T19:56:30.6620000Z,LineDrive,v3,471298,,,,,Undefined,FOR_RAM,ed62bafe-96b7-4165-a5eb-8536f362f247,38.52639,-74.11161,4.97749,4.28654,6.0434,-19.14127,0.37368,1.05072,-2.30797,,2.58284,97.63106,-13.63161,1.62402,-0.14621,-0.04058,0.01738,-0.0045,0.00076,2.38575,21.37533,-29.89662,4.93802,-1.11656,0.2425,-0.04871,0.00992,-0.00123,0.22094,-60.43814,0.6699,1.93831,-0.6827,0.19636,-0.04602,0.01,-0.00134,,,,,,,,,,,,,,,,,,,,,,,High,High,High,Low,High,,,
662,2026-09-04,15:56:39.34,,,,,Undefined,FOR_RAM,"Dieguez, Matthew",10131275,Right,FOR_RAM,Undefined,1,Bottom,0,0,0,Undefined,Curveball,Undefined,Undefined,LineDrive,Undefined,0,0,,48.40267,4.231042,-1.202649,2375.770506,318.165463,4:30,4.27536,-0.36424,21.86942,-63.84862,-6.57429,7.0937,1.70881,-0.55447,45.96315,-12.321655,0.61924,0.544693,91.31005,26.972335,-12.007809,2152.636985,108.42103,50.53806,-18.5676,342.91726,340.28057,-5.63902,4.634902,-7.68792,-7.34918,0.08648,50,3.02103,2.07984,-72.22906,10.79802,-4.02949,9.02962,-36.02598,FOR_RAM,,FordhamUniversity,,,20260904-FordhamUniversity-BP-1,be91c450-a89a-11f1-884b-8d6b77d225c8,69.19948,67.90927,,2.43952,,,,1.84351,1.80128,0.55901,568bcc58-7a80-4f8d-8682-9863113bc81a,2026-09-04,19:56:39.34,2026-09-04T15:56:39.3460000-04:00,2026-09-04T19:56:39.3460000Z,FlyBall,v3,471298,,,,,Undefined,FOR_RAM,cd1fea99-1597-4545-bb4c-f7aace840a32,38.63747,-70.79434,4.51481,4.28198,5.07384,-18.01299,0.36609,1.43959,-2.01475,197.928228,1.84337,116.74745,-20.5698,4.83956,-1.07542,0.24797,-0.04924,0.00614,-0.00033,1.80238,60.71301,-14.5047,-0.06039,0.40166,-0.20573,0.05395,-0.00699,0.00035,0.55903,-24.83254,8.29054,-2.03264,0.48217,-0.11462,0.02251,-0.00274,0.00014,,,,,,,,,,,,,,,,,,,,,,,High,High,High,Medium,High,,,
663,2026-09-04,15:56:54.61,,,,,Undefined,FOR_RAM,"Caron, Michael",1000322224,Right,FOR_RAM,Undefined,1,Bottom,0,0,0,Undefined,,Undefined,Undefined,FlyBall,Undefined,0,0,,50.55992,4.803637,-2.213723,3318.083942,,,3.93684,-0.90571,22.06146,,,,3.22282,-0.09687,49.75861,-7.083001,4.698961,0.506724,,,,,,,,,,,,-29.16954,3.54516,0.2573,50.00007,2.60593,5.53014,-74.37313,10.88322,-17.46515,3.11801,-30.05141,FOR_RAM,,FordhamUniversity,,,20260904-FordhamUniversity-BP-1,c79bc320-a89a-11f1-884b-8d6b77d225c8,74.38455,,,0.80132,,,,,,,568bcc58-7a80-4f8d-8682-9863113bc81a,2026-09-04,19:56:54.61,2026-09-04T15:56:54.6190000-04:00,2026-09-04T19:56:54.6190000Z,,v3,471298,,,,,Undefined,FOR_RAM,aa9c73f6-f6ea-458e-8a91-cb01bbb94cf4,38.44632,-73.88716,1.559,3.93716,6.19948,-15.0257,0.90709,2.80807,-8.73258,,,,,,,,,,,,,,,,,,,,,,,,,,,,,,,,,,,,,,,,,,,,,,,,,,,Low,Low,Low,,,,,
664,2026-09-04,15:57:01.23,,,,,Undefined,FOR_RAM,"Caron, Michael",1000322224,Right,FOR_RAM,Undefined,1,Bottom,0,0,0,Undefined,Curveball,Undefined,Undefined,LineDrive,Undefined,0,0,,50.55767,4.005326,-0.369831,3336.562465,315.018553,4:30,4.29029,-0.37962,21.86381,-59.48176,-5.59193,7.30914,1.9401,-0.01082,46.66589,-11.555468,1.507147,0.528354,100.35265,28.268365,16.077552,1627.604848,105.5325,53.53633,31.02952,377.14821,373.65484,18.303894,4.769548,-7.69654,-6.74697,0.2684,50,3.12586,1.07189,-75.91492,10.44657,-4.29067,13.15543,-35.93535,FOR_RAM,,FordhamUniversity,,,20260904-FordhamUniversity-BP-1,cb88b4c0-a89a-11f1-884b-8d6b77d225c8,71.3394,77.0573,,3.89178,,,,1.66473,1.92448,-0.02906,568bcc58-7a80-4f8d-8682-9863113bc81a,2026-09-04,19:57:01.23,2026-09-04T15:57:01.2330000-04:00,2026-09-04T19:57:01.2330000Z,FlyBall,v3,471298,,,,,Undefined,FOR_RAM,ec9c2c8f-2a89-499e-85af-0a13eb792b64,38.64083,-73.92026,6.57771,4.29672,4.99797,-17.96767,0.3816,0.42133,-2.14533,187.8362,1.66397,124.57821,-23.11957,5.66083,-1.37952,0.33013,-0.0622,0.00707,-0.00034,1.92652,69.65688,-18.20711,0.96131,0.17959,-0.15978,0.04341,-0.00539,0.00026,-0.0292,35.90279,-5.20542,1.27178,-0.30128,0.07043,-0.01313,0.00149,-7E-05,,,,,,,,,,,,,,,,,,,,,,,High,Medium,Medium,High,High,,,
665,2026-09-04,15:57:20.64,,,,,Undefined,FOR_RAM,"Caron, Michael",1000322224,Right,FOR_RAM,Undefined,1,Bottom,0,0,0,Undefined,,Undefined,Undefined,LineDrive,Undefined,0,0,,51.01207,3.839546,-2.683049,3080.922477,,,4.23815,-0.76113,21.88584,,,,2.98627,-0.24946,50.04357,-7.767658,4.24886,0.505442,,,,,,,,,,,,-29.15435,4.24988,0.03585,50.00014,3.13873,6.13087,-75.20675,9.48883,-17.71184,3.90255,-29.59216,FOR_RAM,,FordhamUniversity,,,20260904-FordhamUniversity-BP-1,d7184d00-a89a-11f1-884b-8d6b77d225c8,74.5732,,,0.9685,,,,,,,568bcc58-7a80-4f8d-8682-9863113bc81a,2026-09-04,19:57:20.64,2026-09-04T15:57:20.6460000-04:00,2026-09-04T19:57:20.6460000Z,,v3,471298,,,,,Undefined,FOR_RAM,09b2d7d0-9036-4d1a-9f98-4cbc1f187da1,38.62189,-74.61399,1.95127,4.23864,4.99403,-14.79608,0.76276,3.44059,-8.85592,,,,,,,,,,,,,,,,,,,,,,,,,,,,,,,,,,,,,,,,,,,,,,,,,,,Low,Low,Low,,,,,
666,2026-09-04,15:57:43.91,,,,,Undefined,FOR_RAM,"Wansaw, Michael",1000503198,Right,FOR_RAM,Undefined,1,Bottom,0,0,0,Undefined,,Undefined,Undefined,LineDrive,Undefined,0,0,,50.74884,4.1963,-0.338272,2804.075679,,,3.75612,-1.22902,21.91681,,,,2.33409,0.82921,47.92172,-8.812312,6.667675,0.518924,97.59371,14.03131,-36.403505,1469.688479,88.3823,11.70323,-65.48702,167.17928,155.08883,-37.356146,1.4261,-28.41714,1.60406,1.00838,50,2.58445,2.74243,-75.79734,10.10494,-16.37168,10.10394,-31.24992,FOR_RAM,,FordhamUniversity,,,20260904-FordhamUniversity-BP-1,e5081c60-a89a-11f1-884b-8d6b77d225c8,72.63571,12.79938,,2.82712,,,,2.10954,1.98999,-0.13777,568bcc58-7a80-4f8d-8682-9863113bc81a,2026-09-04,19:57:43.91,2026-09-04T15:57:43.9110000-04:00,2026-09-04T19:57:43.9110000Z,LineDrive,v3,471298,,,,,Undefined,FOR_RAM,bca7592e-0d5d-4493-9d68-7cecb9f3065f,38.59068,-74.26088,5.05197,3.75975,5.35292,-15.62496,1.23612,0.25287,-8.18584,,2.10954,111.76772,-16.40419,2.12739,-0.42794,0.07548,-0.01449,0.00233,-0.00019,1.98999,34.70391,-30.57686,4.94975,-1.2044,0.30074,-0.0681,0.01258,-0.00126,-0.13777,-82.41282,10.08717,-1.96769,0.4549,-0.10425,0.02344,-0.00425,0.00041,,,,,,,,,,,,,,,,,,,,,,,Low,Low,Low,Low,Medium,,,
667,2026-09-04,15:57:55.42,,,,,Undefined,FOR_RAM,"Wansaw, Michael",1000503198,Right,FOR_RAM,Undefined,1,Bottom,0,0,0,Undefined,Curveball,Undefined,Undefined,Undefined,Undefined,0,0,,53.66019,5.097877,-0.58197,3360.196646,313.304984,4:30,4.28872,-0.38435,21.88278,-51.34688,-4.22984,5.82764,3.32922,-0.27665,49.8373,-8.33653,0.911196,0.494038,,,,,,,,,,,,-6.29591,-5.7813,0.23514,50,2.9363,1.33484,-80.12339,12.01936,-4.00813,12.34845,-35.85458,FOR_RAM,,FordhamUniversity,,,20260904-FordhamUniversity-BP-1,ebdc0150-a89a-11f1-884b-8d6b77d225c8,76.29459,,,3.82289,,,,,,,568bcc58-7a80-4f8d-8682-9863113bc81a,2026-09-04,19:57:55.42,2026-09-04T15:57:55.4290000-04:00,2026-09-04T19:57:55.4290000Z,,v3,471298,,,,,Undefined,FOR_RAM,1ae4f8aa-69d7-44c2-a39e-bbac1234f29d,38.62244,-78.35028,6.17422,4.29253,6.87102,-17.92729,0.38549,0.75931,-2.00407,,,,,,,,,,,,,,,,,,,,,,,,,,,,,,,,,,,,,,,,,,,,,,,,,,,High,Medium,Medium,,,,,
668,2026-09-04,15:58:00.00,,,,,Undefined,FOR_RAM,"Wansaw, Michael",1000503198,Right,FOR_RAM,Undefined,1,Bottom,0,0,0,Undefined,,Undefined,Undefined,LineDrive,Undefined,0,0,,49.84454,3.942837,-0.782941,2754.942864,,,3.94604,-1.12279,21.68613,,,,2.90475,0.47842,45.44659,-7.565426,5.670689,0.540224,87.07021,11.401598,-38.901248,2168.592099,,,,109.20377,109.20377,-38.461692,0.997022,-25.92954,12.26859,0.85581,50,2.90185,2.87836,-74.82279,8.8441,-13.95113,13.29658,-25.57306,FOR_RAM,,FordhamUniversity,,,20260904-FordhamUniversity-BP-1,eeac1140-a89a-11f1-884b-8d6b77d225c8,69.77185,7.95501,,4.39795,,,,2.7302,2.72803,0.07303,568bcc58-7a80-4f8d-8682-9863113bc81a,2026-09-04,19:58:00.00,2026-09-04T15:58:00.0030000-04:00,2026-09-04T19:58:00.0030000Z,LineDrive,v3,471298,,,,,Undefined,FOR_RAM,d43233d8-d6d2-4862-8857-4078c3b874d4,38.8156,-72.80812,6.64829,3.94834,4.96931,-12.78653,1.13179,0.7645,-6.97557,,2.7302,97.42081,-18.10025,4.60189,-1.18524,0.32553,-0.08794,0.01972,-0.00253,2.72803,25.24488,-32.63833,5.80345,-1.54807,0.42031,-0.11348,0.02549,-0.00326,0.07303,-78.61219,13.10546,-3.33944,0.85456,-0.23451,0.06327,-0.01413,0.0018,,,,,,,,,,,,,,,,,,,,,,,Low,Low,Low,Medium,High,,,
669,2026-09-04,15:58:06.17,,,,,Undefined,FOR_RAM,"Caron, Michael",1000322224,Right,FOR_RAM,Undefined,1,Bottom,0,0,0,Undefined,,Undefined,Undefined,FlyBall,Undefined,0,0,,49.95487,4.953851,-2.558302,2872.77531,,,3.98736,-0.82213,21.98521,,,,3.44317,-0.28255,47.53511,-6.862988,4.204739,0.522682,83.92739,37.37379,13.888984,5013.912204,102.85157,71.63132,39.00629,295.74924,295.74924,29.806204,4.751142,-28.39718,7.22099,0.1417,50,2.66405,5.63959,-74.0915,10.67644,-16.05681,7.42498,-28.09103,FOR_RAM,,FordhamUniversity,,,20260904-FordhamUniversity-BP-1,f2498350-a89a-11f1-884b-8d6b77d225c8,72.11354,82.0136,,2.41977,,,,1.22945,2.89838,0.10138,568bcc58-7a80-4f8d-8682-9863113bc81a,2026-09-04,19:58:06.17,2026-09-04T15:58:06.1740000-04:00,2026-09-04T19:58:06.1740000Z,FlyBall,v3,471298,,,,,Undefined,FOR_RAM,de399dbd-07e7-4196-9255-8a300d4cbd7c,38.52152,-72.93213,3.71249,3.98868,6.29017,-14.04552,0.82655,3.1324,-8.02841,216.378972,1.23285,94.88581,-22.21452,5.72569,-0.93594,0.06099,0.00683,-0.00124,4E-05,2.8984,74.71032,-19.28329,0.415,0.4818,-0.26947,0.07585,-0.01073,0.00059,0.10078,23.49477,4.85317,-1.74837,0.47002,-0.09562,0.01453,-0.00146,7E-05,,,,,,,,,,,,,,,,,,,,,,,Low,Low,Low,High,High,,,
670,2026-09-04,15:58:25.60,,,,,Undefined,FOR_RAM,"Dieguez, Matthew",10131275,Right,FOR_RAM,Undefined,1,Bottom,0,0,0,Undefined,,Undefined,Undefined,Undefined,Undefined,0,0,,51.77672,4.327115,-2.027185,3252.119638,,,4.0671,-0.92127,21.97829,,,,3.45975,-0.02542,50.91234,-6.274649,4.777133,0.495666,,,,,,,,,,,,-28.73714,6.54272,0.31711,50.00005,2.88255,5.37045,-76.19886,9.96302,-18.06247,3.26731,-28.06169,FOR_RAM,,FordhamUniversity,,,20260904-FordhamUniversity-BP-1,fdc397c0-a89a-11f1-884b-8d6b77d225c8,76.04399,,,0.86438,,,,,,,568bcc58-7a80-4f8d-8682-9863113bc81a,2026-09-04,19:58:25.60,2026-09-04T15:58:25.6090000-04:00,2026-09-04T19:58:25.6090000Z,,v3,471298,,,,,Undefined,FOR_RAM,2ff8c2d2-680a-4b42-96c8-93d1faffe4e6,38.52882,-75.70539,1.63365,4.06723,5.72479,-14.03085,0.92221,2.64243,-9.03124,,,,,,,,,,,,,,,,,,,,,,,,,,,,,,,,,,,,,,,,,,,,,,,,,,,Low,Low,Low,,,,,
671,2026-09-04,15:58:32.06,,,,,Undefined,FOR_RAM,"Dieguez, Matthew",10131275,Right,FOR_RAM,Undefined,1,Bottom,0,0,0,Undefined,Curveball,Undefined,Undefined,LineDrive,Undefined,0,0,,49.82929,3.769921,0.069759,2786.031488,333.602668,5:00,4.29824,-0.3966,21.99204,-55.95783,-2.30772,1.78063,2.07955,-0.20305,47.12002,-10.834723,0.528368,0.527177,,,,,,,,,,,,-1.87158,-3.3328,0.39926,50,3.15145,0.06562,-74.40175,10.02407,-1.04017,9.63502,-34.02633,FOR_RAM,,FordhamUniversity,,,20260904-FordhamUniversity-BP-1,01ad06f0-a89b-11f1-884b-8d6b77d225c8,71.49859,,,2.70927,,,,,,,568bcc58-7a80-4f8d-8682-9863113bc81a,2026-09-04,19:58:32.06,2026-09-04T15:58:32.0610000-04:00,2026-09-04T19:58:32.0610000Z,,v3,471298,,,,,Undefined,FOR_RAM,0016ad43-5dcd-444a-bd13-d0ef8ec0cd5f,38.5135,-72.89908,4.81751,4.30098,4.71732,-17.01317,0.39684,-0.09661,-0.52009,,,,,,,,,,,,,,,,,,,,,,,,,,,,,,,,,,,,,,,,,,,,,,,,,,,High,Medium,Medium,,,,,
672,2026-09-04,15:58:40.63,,,,,Undefined,FOR_RAM,"Dieguez, Matthew",10131275,Right,FOR_RAM,Undefined,1,Bottom,0,0,0,Undefined,,Undefined,Undefined,GroundBall,Undefined,0,0,,47.60594,4.873352,-2.337065,2716.396864,,,4.04235,-0.88399,21.92546,,,,2.94335,-0.16294,46.9948,-8.317035,4.54175,0.54018,30.92802,-5.595263,34.190891,3914.444656,,,,16.23806,16.23806,27.972327,0.306739,-28.73836,5.14276,0.22899,50.00014,2.68147,5.26654,-70.0275,10.73196,-15.24652,2.8084,-29.44568,FOR_RAM,,FordhamUniversity,,,20260904-FordhamUniversity-BP-1,06cd6f80-a89b-11f1-884b-8d6b77d225c8,69.77761,3.17866,,0.61114,,,,2.98438,3.17866,-0.10876,568bcc58-7a80-4f8d-8682-9863113bc81a,2026-09-04,19:58:40.63,2026-09-04T15:58:40.6300000-04:00,2026-09-04T19:58:40.6300000Z,GroundBall,v3,471298,,,,,Undefined,FOR_RAM,8b105634-1b1c-4b47-aa68-2947596d311b,38.58311,-69.56812,1.4042,4.04301,5.91544,-14.72284,0.88648,2.77262,-7.62326,,2.98328,37.38904,-1.16727,,,,,,,3.17879,-4.42843,-19.34891,,,,,,,-0.1095,25.40065,-0.68814,,,,,,,,,,,,,,,,,,,,,,,,,,,,,Low,Low,Low,High,High,,,
673,2026-09-04,15:58:50.18,,,,,Undefined,FOR_RAM,"Dieguez, Matthew",10131275,Right,FOR_RAM,Undefined,1,Bottom,0,0,0,Undefined,,Undefined,Undefined,GroundBall,Undefined,0,0,,53.09543,3.894735,-1.475257,3218.454272,,,4.12695,-0.98135,22.05039,,,,3.83075,0.13832,52.11385,-4.890523,4.924147,0.4823,,,,,,,,,,,,-26.85958,11.6332,0.50029,50.00012,3.07537,4.5753,-78.23856,8.91501,-17.75526,3.68675,-24.48404,FOR_RAM,,FordhamUniversity,,,20260904-FordhamUniversity-BP-1,0c8201c0-a89b-11f1-884b-8d6b77d225c8,78.15136,,,0.98158,,,,,,,568bcc58-7a80-4f8d-8682-9863113bc81a,2026-09-04,19:58:50.18,2026-09-04T15:58:50.1800000-04:00,2026-09-04T19:58:50.1800000Z,,v3,471298,,,,,Undefined,FOR_RAM,98f121fe-f8c0-4791-8611-c4e0b06eeff0,38.45675,-77.69271,1.84337,4.12695,5.28997,-12.24202,0.98309,1.94651,-8.87763,,,,,,,,,,,,,,,,,,,,,,,,,,,,,,,,,,,,,,,,,,,,,,,,,,,Low,Low,Low,,,,,
674,2026-09-04,15:59:03.39,,,,,Undefined,FOR_RAM,"Dieguez, Matthew",10131275,Right,FOR_RAM,Undefined,1,Bottom,0,0,0,Undefined,Curveball,Undefined,Undefined,LineDrive,Undefined,0,0,,53.3402,4.982986,-0.812482,3376.150048,299.345834,4:00,4.31266,-0.38804,21.99793,-51.98893,-4.47587,10.30087,3.21459,-0.05565,49.45203,-8.667457,1.835759,0.49611,,,,,,,,,,,,-11.15099,-6.13134,0.16373,50,2.96051,2.06198,-79.74846,11.92561,-6.99912,12.67922,-36.0225,FOR_RAM,,FordhamUniversity,,,20260904-FordhamUniversity-BP-1,14526f20-a89b-11f1-884b-8d6b77d225c8,75.976,,,3.88818,,,,,,,568bcc58-7a80-4f8d-8682-9863113bc81a,2026-09-04,19:59:03.39,2026-09-04T15:59:03.3990000-04:00,2026-09-04T19:59:03.3990000Z,,v3,471298,,,,,Undefined,FOR_RAM,ca748bf5-40ad-49b5-81ac-c6ffafa296e7,38.50752,-77.89985,6.33961,4.31638,6.67357,-18.01125,0.38997,1.04152,-3.49956,,,,,,,,,,,,,,,,,,,,,,,,,,,,,,,,,,,,,,,,,,,,,,,,,,,High,Medium,Medium,,,,,
675,2026-09-04,15:59:10.32,,,,,Undefined,FOR_RAM,"Dieguez, Matthew",10131275,Right,FOR_RAM,Undefined,1,Bottom,0,0,0,Undefined,,Undefined,Undefined,FlyBall,Undefined,0,0,,51.69603,3.583779,-0.809132,3230.517524,,,3.93631,-1.06129,22.02558,,,,2.35083,0.67864,50.13193,-8.590764,6.179754,0.50061,95.85673,27.892149,-28.511931,2195.096553,97.18538,55.49356,-51.52559,369.80283,245.67557,-27.887396,5.156914,-28.85683,1.25039,0.71998,50,2.87255,3.62966,-76.76498,9.4286,-17.74751,6.7661,-31.40503,FOR_RAM,,FordhamUniversity,,,20260904-FordhamUniversity-BP-1,188c4840-a89b-11f1-884b-8d6b77d225c8,75.29298,81.82574,,1.5641,,,,1.79737,2.17186,-0.04075,568bcc58-7a80-4f8d-8682-9863113bc81a,2026-09-04,19:59:10.32,2026-09-04T15:59:10.3270000-04:00,2026-09-04T19:59:10.3270000Z,FlyBall,v3,471298,,,,,Undefined,FOR_RAM,bd0f723a-2592-4c40-a2dc-0ce3249a1c86,38.4837,-75.74312,3.38305,3.93835,4.68564,-15.70251,1.06575,0.94933,-8.87375,,1.79855,109.16516,-20.89471,4.81658,-0.97158,0.18586,-0.03099,0.00344,-0.00017,2.17285,65.74338,-13.96846,-0.22342,0.43124,-0.20062,0.04963,-0.00613,0.0003,-0.04145,-59.30027,11.75598,-2.73546,0.55557,-0.10642,0.01763,-0.00194,0.0001,,,,,,,,,,,,,,,,,,,,,,,Low,Low,Low,Medium,Low,,,
676,2026-09-04,15:59:30.21,,,,,Undefined,FOR_RAM,"Caron, Michael",1000322224,Right,FOR_RAM,Undefined,1,Bottom,0,0,0,Undefined,Curveball,Undefined,Undefined,GroundBall,Undefined,0,0,,50.90815,4.61284,-0.149491,3035.130614,328.094493,5:00,4.2851,-0.37904,21.89105,-55.29389,-3.07854,2.77776,2.67861,-0.24462,47.54625,-9.837012,0.563012,0.52008,80.07632,-2.625164,46.540105,4375.533547,,,,38.96267,35.31744,42.057228,0.332071,-2.91193,-4.00693,0.3345,50,3.0102,0.42602,-76.03724,11.06924,-1.6722,10.98642,-34.47506,FOR_RAM,,FordhamUniversity,,,20260904-FordhamUniversity-BP-1,246c7180-a89b-11f1-884b-8d6b77d225c8,72.47427,2.60487,,3.3619,,,,2.75416,2.60487,0.04751,568bcc58-7a80-4f8d-8682-9863113bc81a,2026-09-04,19:59:30.21,2026-09-04T15:59:30.2110000-04:00,2026-09-04T19:59:30.2110000Z,GroundBall,v3,471298,,,,,Undefined,FOR_RAM,346566fe-b56c-41fd-b829-01229a35318f,38.61344,-74.37383,5.49321,4.291,5.84951,-17.23753,0.37984,0.17284,-0.8361,,2.75462,80.68183,-5.60786,,,,,,,2.60352,-5.32408,-7.56574,,,,,,,0.05531,84.84489,-19.3823,,,,,,,,,,,,,,,,,,,,,,,,,,,,,High,Medium,Medium,Medium,Medium,,,
677,2026-09-04,15:59:35.24,,,,,Undefined,FOR_RAM,"Caron, Michael",1000322224,Right,FOR_RAM,Undefined,1,Bottom,0,0,0,Undefined,Curveball,Undefined,Undefined,FlyBall,Undefined,0,0,,50.21691,5.277665,-1.214426,2825.164991,309.690852,4:15,4.26639,-0.37697,21.83837,-59.85968,-6.22237,9.10347,2.71991,-0.40803,47.13963,-10.294231,1.116347,0.527114,90.15793,42.879356,15.477872,3849.933921,106.26266,97.02581,28.42841,293.45258,246.65868,14.46013,5.820967,-9.72741,-7.32709,0.08858,50,2.83908,2.31996,-74.86196,12.15108,-5.45314,10.06305,-36.28158,FOR_RAM,,FordhamUniversity,,,20260904-FordhamUniversity-BP-1,27985d10-a89b-11f1-884b-8d6b77d225c8,71.50713,121.06821,,3.07728,,,,1.73129,2.63288,0.39466,568bcc58-7a80-4f8d-8682-9863113bc81a,2026-09-04,19:59:35.24,2026-09-04T15:59:35.2420000-04:00,2026-09-04T19:59:35.2420000Z,FlyBall,v3,471298,,,,,Undefined,FOR_RAM,bff04af1-ea87-4944-b7fd-66c4a39e318b,38.668,-73.32288,5.03152,4.27317,6.60202,-18.14079,0.37963,1.48594,-2.72657,177.97837,1.73678,93.28197,-21.70767,5.03001,-0.63787,-0.0045,0.01458,-0.00187,8E-05,2.63166,89.98857,-19.27356,1.05267,-0.08101,-0.02434,0.01185,-0.00181,0.0001,0.39615,25.83059,-6.64831,1.5932,-0.2136,0.00205,0.00416,-0.00057,2E-05,,,,,,,,,,,,,,,,,,,,,,,High,High,High,Medium,Medium,,,
678,2026-09-04,15:59:44.70,,,,,Undefined,FOR_RAM,"Caron, Michael",1000322224,Right,FOR_RAM,Undefined,1,Bottom,0,0,0,Undefined,Curveball,Undefined,Undefined,GroundBall,Undefined,0,0,,50.8204,4.513297,-0.618255,2749.867446,314.382661,4:30,4.29429,-0.38687,21.9914,-61.19232,-9.47402,10.94894,2.12347,0.12521,48.01283,-11.424089,2.202667,0.517599,,,,,,,,,,,,-11.83792,-11.25398,0.19325,50,2.96585,1.79782,-75.88289,11.66589,-6.83056,10.18842,-38.66767,FOR_RAM,,FordhamUniversity,,,20260904-FordhamUniversity-BP-1,2cf9c640-a89b-11f1-884b-8d6b77d225c8,72.82169,,,2.80758,,,,,,,568bcc58-7a80-4f8d-8682-9863113bc81a,2026-09-04,19:59:44.70,2026-09-04T15:59:44.7000000-04:00,2026-09-04T19:59:44.7000000Z,,v3,471298,,,,,Undefined,FOR_RAM,aa9fea56-3b93-44ec-86fd-f9cf715367e4,38.51564,-74.32495,5.09421,4.29764,5.7531,-19.33383,0.38831,0.75334,-3.41528,,,,,,,,,,,,,,,,,,,,,,,,,,,,,,,,,,,,,,,,,,,,,,,,,,,High,Medium,Medium,,,,,
679,2026-09-04,15:59:53.05,,,,,Undefined,FOR_RAM,"Caron, Michael",1000322224,Right,FOR_RAM,Undefined,1,Bottom,0,0,0,Undefined,,Undefined,Undefined,FlyBall,Undefined,0,0,,50.68936,4.75983,-1.901301,2946.385935,,,3.9868,-0.87162,21.87306,,,,2.96611,0.17388,49.96973,-7.957632,5.105905,0.508027,,,,,,,,,,,,-29.16679,0.09319,0.30486,50.00018,2.6747,5.06808,-74.67103,11.05023,-17.547,3.43677,-32.118,FOR_RAM,,FordhamUniversity,,,20260904-FordhamUniversity-BP-1,32010180-a89b-11f1-884b-8d6b77d225c8,74.1938,,,0.71962,,,,,,,568bcc58-7a80-4f8d-8682-9863113bc81a,2026-09-04,19:59:53.05,2026-09-04T15:59:53.0560000-04:00,2026-09-04T19:59:53.0560000Z,,v3,471298,,,,,Undefined,FOR_RAM,dc219796-2cd5-43b8-9246-23bdd39d2c9a,38.63702,-74.14619,1.71839,3.9877,6.1454,-16.059,0.87421,2.38843,-8.7735,,,,,,,,,,,,,,,,,,,,,,,,,,,,,,,,,,,,,,,,,,,,,,,,,,,Low,Low,Low,,,,,
680,2026-09-04,15:59:59.84,,,,,Undefined,FOR_RAM,"Caron, Michael",1000322224,Right,FOR_RAM,Undefined,1,Bottom,0,0,0,Undefined,,Undefined,Undefined,LineDrive,Undefined,0,0,,53.04699,2.793692,-3.703178,3003.481303,,,3.89709,-0.77205,21.85831,,,,2.81547,-1.22553,46.31069,-6.710674,2.297911,0.515351,,,,,,,,,,,,-28.20053,15.85954,-0.10217,50,3.11613,7.27994,-80.47119,7.0795,-16.47475,20.93183,-22.9089,FOR_RAM,,FordhamUniversity,,,20260904-FordhamUniversity-BP-1,360a54c0-a89b-11f1-884b-8d6b77d225c8,73.13929,,,6.73631,,,,,,,568bcc58-7a80-4f8d-8682-9863113bc81a,2026-09-04,19:59:59.84,2026-09-04T15:59:59.8450000-04:00,2026-09-04T19:59:59.8450000Z,,v3,471298,,,,,Undefined,FOR_RAM,e33924b8-eec9-49a7-a2c6-51c48f862db6,38.64625,-77.46162,10.46592,3.89722,3.78567,-11.45445,0.77425,4.91121,-8.23738,,,,,,,,,,,,,,,,,,,,,,,,,,,,,,,,,,,,,,,,,,,,,,,,,,,Low,Low,Low,,,,,