PitchNo,Date,Time,PAofInning,PitchofPA,Pitcher,PitcherId,PitcherThrows,PitcherTeam,Batter,BatterId,BatterSide,BatterTeam,PitcherSet,Inning,Top/Bottom,Outs,Balls,Strikes,TaggedPitchType,AutoPitchType,PitchCall,KorBB,TaggedHitType,PlayResult,OutsOnPlay,RunsScored,Notes,RelSpeed,VertRelAngle,HorzRelAngle,SpinRate,SpinAxis,Tilt,RelHeight,RelSide,Extension,VertBreak,InducedVertBreak,HorzBreak,PlateLocHeight,PlateLocSide,ZoneSpeed,VertApprAngle,HorzApprAngle,ZoneTime,ExitSpeed,Angle,Direction,HitSpinRate,PositionAt110X,PositionAt110Y,PositionAt110Z,Distance,LastTrackedDistance,Bearing,HangTime,pfxx,pfxz,x0,y0,z0,vx0,vy0,vz0,ax0,ay0,az0,HomeTeam,AwayTeam,Stadium,Level,League,GameID,PitchUID,EffectiveVelo,MaxHeight,MeasuredDuration,SpeedDrop,PitchLastMeasuredX,PitchLastMeasuredY,PitchLastMeasuredZ,ContactPositionX,ContactPositionY,ContactPositionZ,GameUID,UTCDate,UTCTime,LocalDateTime,UTCDateTime,AutoHitType,System,HomeTeamForeignID,AwayTeamForeignID,GameForeignID,Catcher,CatcherId,CatcherThrows,CatcherTeam,PlayID,PitchTrajectoryXc0,PitchTrajectoryXc1,PitchTrajectoryXc2,PitchTrajectoryYc0,PitchTrajectoryYc1,PitchTrajectoryYc2,PitchTrajectoryZc0,PitchTrajectoryZc1,PitchTrajectoryZc2,HitSpinAxis,HitTrajectoryXc0,HitTrajectoryXc1,HitTrajectoryXc2,HitTrajectoryXc3,HitTrajectoryXc4,HitTrajectoryXc5,HitTrajectoryXc6,HitTrajectoryXc7,HitTrajectoryXc8,HitTrajectoryYc0,HitTrajectoryYc1,HitTrajectoryYc2,HitTrajectoryYc3,HitTrajectoryYc4,HitTrajectoryYc5,HitTrajectoryYc6,HitTrajectoryYc7,HitTrajectoryYc8,HitTrajectoryZc0,HitTrajectoryZc1,HitTrajectoryZc2,HitTrajectoryZc3,HitTrajectoryZc4,HitTrajectoryZc5,HitTrajectoryZc6,HitTrajectoryZc7,HitTrajectoryZc8,ThrowSpeed,PopTime,ExchangeTime,TimeToBase,CatchPositionX,CatchPositionY,CatchPositionZ,ThrowPositionX,ThrowPositionY,ThrowPositionZ,BasePositionX,BasePositionY,BasePositionZ,ThrowTrajectoryXc0,ThrowTrajectoryXc1,ThrowTrajectoryXc2,ThrowTrajectoryYc0,ThrowTrajectoryYc1,ThrowTrajectoryYc2,ThrowTrajectoryZc0,ThrowTrajectoryZc1,ThrowTrajectoryZc2,PitchReleaseConfidence,PitchLocationConfidence,PitchMovementConfidence,HitLaunchConfidence,HitLandingConfidence,CatcherThrowCatchConfidence,CatcherThrowReleaseConfidence,CatcherThrowLocationConfidence
1,2026-09-17,15:10:32.42,1,1,"Crang, Mason",10913432,Right,FOR_RAM,"Dean, Mason",1000150670,Left,FOR_RAM,Undefined,1,Top,0,0,0,Fastball,Four-Seam,BallCalled,Undefined,Undefined,Undefined,0,0,,86.28673,-3.527613,-1.755878,2252.418742,212.165197,1:00,6.22664,0.57149,5.74921,-19.42698,18.5708,10.87036,1.31794,-0.15782,78.7642,-7.184711,0.190223,0.44366,,,,,,,,,,,,-6.01284,10.848,-0.43222,50,5.9215,3.37293,-124.98913,-8.28249,-9.4776,26.03836,-15.07515,FOR_RAM,FOR_RAM,FordhamUniversity,TeamExclusive,Team,20260917-FordhamUniversity-Private-1,6c5d11e0-b2cb-11f1-9cb4-878818705a31,84.95792,,,7.52252,,,,,,,e89b69e8-41e5-4fd8-aee7-1d57f68d26e3,2026-09-17,19:10:32.42,2026-09-17T15:10:32.4260352-04:00,2026-09-17T19:10:32.4260352Z,,v3,471298,471298,,"Young, Caden",10264258,Right,FOR_RAM,96642a07-6bf9-46ad-b7c2-5049b3d433c1,54.74721,-125.97421,13.01918,6.22405,-7.71217,-7.53758,-0.56661,3.73149,-4.7388,,,,,,,,,,,,,,,,,,,,,,,,,,,,,,,,,,,,,,,,,,,,,,,,,,,High,High,High,,,,,
2,2026-09-17,15:10:58.99,1,2,"Crang, Mason",10913432,Right,FOR_RAM,"Dean, Mason",1000150670,Left,FOR_RAM,Undefined,1,Top,0,1,0,Fastball,Four-Seam,InPlay,Undefined,GroundBall,Single,0,0,,85.98348,-2.38003,-0.979681,2208.076524,215.756524,1:15,6.2346,0.59695,5.69869,-18.80241,19.5734,13.14068,2.4483,0.779,78.13235,-5.944842,1.370945,0.445862,97.02861,2.404151,22.382787,1927.078324,,,,96.60111,88.40019,22.977741,0.739256,-7.00272,11.0706,-0.52321,50,6.02336,1.58752,-124.68931,-5.73251,-10.93451,26.98608,-14.8877,FOR_RAM,FOR_RAM,FordhamUniversity,TeamExclusive,Team,20260917-FordhamUniversity-Private-1,7c3417d0-b2cb-11f1-9cb4-878818705a31,84.53839,3.34915,,7.85113,,,,1.83137,2.67894,-0.9263,e89b69e8-41e5-4fd8-aee7-1d57f68d26e3,2026-09-17,19:10:58.99,2026-09-17T15:10:58.9906944-04:00,2026-09-17T19:10:58.9906944Z,GroundBall,v3,471298,471298,,"Young, Caden",10264258,Right,FOR_RAM,cb6cbd83-9ec6-4ec0-b5ac-0fe78fc1d36e,54.79908,-125.72366,13.49304,6.23215,-5.16187,-7.44385,-0.59208,2.00663,-5.46726,239.733387,1.89171,130.36258,-17.16758,,,,,,,2.68957,5.77752,-12.75547,,,,,,,-0.92501,54.12126,-2.51678,,,,,,,,,,,,,,,,,,,,,,,,,,,,,High,High,High,High,High,,,
3,2026-09-17,15:11:30.52,2,1,"Crang, Mason",10913432,Right,FOR_RAM,"Caron, Michael",1000322224,Left,FOR_RAM,Undefined,1,Top,0,0,0,Fastball,Changeup,InPlay,Undefined,Bunt,Out,2,0,,83.77919,-1.243436,-1.725658,2126.457149,226.091771,1:30,6.2374,0.91926,5.8915,-25.17529,14.77139,13.97631,2.98425,0.48122,76.43457,-5.966784,0.783307,0.454896,,,,,,,,,,,,-7.72792,8.32516,-0.7886,50,6.12279,3.12287,-121.63374,-3.4007,-11.52207,24.9225,-19.76153,FOR_RAM,FOR_RAM,FordhamUniversity,TeamExclusive,Team,20260917-FordhamUniversity-Private-1,8f068370-b2cb-11f1-9cb4-878818705a31,82.85955,,,7.34462,,,,,,,e89b69e8-41e5-4fd8-aee7-1d57f68d26e3,2026-09-17,19:11:30.52,2026-09-17T15:11:30.5249280-04:00,2026-09-17T19:11:30.5249280Z,,v3,471298,471298,,"Young, Caden",10264258,Right,FOR_RAM,87773567-9a15-4ab4-8d21-4f975510ce48,54.60772,-122.57422,12.46125,6.23705,-2.65498,-9.88077,-0.91465,3.55767,-5.76104,,,,,,,,,,,,,,,,,,,,,,,,,,,,,,,,,,,,,,,,,,,,,,,,,,,High,High,High,,,,,
4,2026-09-17,15:12:36.14,3,1,"Crang, Mason",10913432,Right,FOR_RAM,"Grabau, Anthony",1000407420,Left,FOR_RAM,Undefined,1,Top,2,0,1,Slider,Slider,BallCalled,Undefined,Undefined,Undefined,0,0,,76.07058,1.249671,0.854228,2183.409082,78.233908,8:30,6.08645,0.46933,5.47996,-48.8868,1.1502,-3.5087,3.18214,0.97627,68.46697,-7.749879,0.228727,0.509116,,,,,,,,,,,,2.03646,0.78508,-0.54191,50,6.16368,-1.50358,-110.16725,0.8093,2.45014,23.40775,-31.22951,FOR_RAM,FOR_RAM,FordhamUniversity,TeamExclusive,Team,20260917-FordhamUniversity-Private-1,b623a2d0-b2cb-11f1-9cb4-878818705a31,74.03503,,,7.60361,,,,,,,e89b69e8-41e5-4fd8-aee7-1d57f68d26e3,2026-09-17,19:12:36.14,2026-09-17T15:12:36.1413120-04:00,2026-09-17T19:12:36.1413120Z,,v3,471298,471298,,"Young, Caden",10264258,Right,FOR_RAM,0504331e-fa80-4b12-8c37-b18da2d8c79a,55.01405,-111.22751,11.70388,6.09499,2.22385,-15.61475,-0.47129,-1.61456,1.22507,,,,,,,,,,,,,,,,,,,,,,,,,,,,,,,,,,,,,,,,,,,,,,,,,,,High,High,High,,,,,
5,2026-09-17,15:13:00.01,3,2,"Crang, Mason",10913432,Right,FOR_RAM,"Grabau, Anthony",1000407420,Left,FOR_RAM,Undefined,1,Top,2,1,1,Fastball,Four-Seam,InPlay,Undefined,LineDrive,Out,1,0,,86.68915,-1.380131,-0.957612,2291.426628,217.892284,1:15,6.18055,0.80091,5.79102,-20.90407,16.70686,11.99607,3.15427,0.9097,78.66733,-5.331912,1.19194,0.441396,93.1398,25.541103,4.635448,2334.293686,109.79995,47.08406,6.6194,382.13523,371.82424,1.706855,4.340652,-6.44075,9.33134,-0.72952,50,6.05462,1.6074,-125.79391,-3.66482,-10.22468,27.72694,-17.3606,FOR_RAM,FOR_RAM,FordhamUniversity,TeamExclusive,Team,20260917-FordhamUniversity-Private-1,c469f6a0-b2cb-11f1-9cb4-878818705a31,85.39373,62.80681,,8.02183,,,,1.60425,3.20058,-0.90007,e89b69e8-41e5-4fd8-aee7-1d57f68d26e3,2026-09-17,19:13:00.01,2026-09-17T15:13:00.0169472-04:00,2026-09-17T19:13:00.0169472Z,LineDrive,v3,471298,471298,,"Young, Caden",10264258,Right,FOR_RAM,16c0aaf6-5967-4e96-98ed-ce6178cde0f9,54.70677,-126.82712,13.86347,6.17913,-3.0179,-8.6803,-0.79652,1.98841,-5.11234,171.300353,1.60445,122.84501,-17.76365,4.12056,-0.71419,0.10034,-0.01525,0.00227,-0.00016,3.20141,58.88075,-15.17233,0.2039,0.1588,-0.10406,0.03526,-0.00568,0.00034,-0.90011,9.96292,-2.86662,0.54679,-0.13525,0.04328,-0.0119,0.00185,-0.00011,,,,,,,,,,,,,,,,,,,,,,,High,High,High,High,Medium,,,
6,2026-09-17,15:16:20.88,1,1,"Vieira, William",1000252264,Right,FOR_RAM,"Markey, Tommy",10084492,Left,FOR_RAM,Undefined,1,Bottom,0,0,0,Fastball,Changeup,BallCalled,Undefined,Undefined,Undefined,0,0,,84.76889,0.255763,-3.0786,1965.122509,237.573108,2:00,5.56203,1.65184,6.29413,-27.27139,12.12886,16.59851,3.52543,0.19552,75.37505,-4.946481,-0.081334,0.451774,,,,,,,,,,,,-9.58473,6.65591,-1.4321,50,5.56808,5.92034,-122.70925,-0.23062,-14.20053,30.68397,-22.31283,FOR_RAM,FOR_RAM,FordhamUniversity,TeamExclusive,Team,20260917-FordhamUniversity-Private-1,3c1b7160-b2cc-11f1-9cb4-878818705a31,83.4321,,,9.39384,,,,,,,e89b69e8-41e5-4fd8-aee7-1d57f68d26e3,2026-09-17,19:16:20.88,2026-09-17T15:16:20.8895488-04:00,2026-09-17T19:16:20.8895488Z,,v3,471298,471298,,"Player, Practice",111,Right,FOR_RAM,af3524ad-de08-4c3f-8d3a-464e92e60fc0,54.19799,-123.75452,15.34199,5.56299,0.52949,-11.15642,-1.64201,6.4041,-7.10026,,,,,,,,,,,,,,,,,,,,,,,,,,,,,,,,,,,,,,,,,,,,,,,,,,,High,High,High,,,,,
7,2026-09-17,15:16:36.41,1,2,"Vieira, William",1000252264,Right,FOR_RAM,"Markey, Tommy",10084492,Left,FOR_RAM,Undefined,1,Bottom,0,1,0,Fastball,Changeup,BallCalled,Undefined,Undefined,Undefined,0,0,,83.82235,-0.6549,-4.318325,1989.75596,231.03045,1:45,5.53932,1.3383,6.55297,-26.23871,13.56461,14.84709,2.75052,-1.39159,74.94658,-5.676693,-1.629744,0.454079,,,,,,,,,,,,-9.44638,7.78363,-1.04614,50,5.4829,8.63916,-121.36882,-2.08107,-13.7262,29.47373,-20.86396,FOR_RAM,FOR_RAM,FordhamUniversity,TeamExclusive,Team,20260917-FordhamUniversity-Private-1,45529ab0-b2cc-11f1-9cb4-878818705a31,83.0086,,,8.87577,,,,,,,e89b69e8-41e5-4fd8-aee7-1d57f68d26e3,2026-09-17,19:16:36.41,2026-09-17T15:16:36.4123136-04:00,2026-09-17T19:16:36.4123136Z,,v3,471298,471298,,"Player, Practice",111,Right,FOR_RAM,e782e3c4-5c36-43bb-b10c-783e937b78fa,53.94548,-122.32321,14.73687,5.53935,-1.40548,-10.43198,-1.33308,9.08363,-6.8631,,,,,,,,,,,,,,,,,,,,,,,,,,,,,,,,,,,,,,,,,,,,,,,,,,,High,High,High,,,,,
8,2026-09-17,15:16:55.04,1,3,"Vieira, William",1000252264,Right,FOR_RAM,"Markey, Tommy",10084492,Left,FOR_RAM,Undefined,1,Bottom,0,2,0,Fastball,Changeup,BallCalled,Undefined,Undefined,Undefined,0,0,,83.23002,0.596757,-2.977754,1999.506831,237.514836,2:00,5.49345,1.53728,6.37392,-28.5445,12.07792,16.46737,3.66455,0.16737,74.21725,-4.846093,0.000388,0.458727,,,,,,,,,,,,-9.51028,6.53709,-1.32886,50,5.52362,5.62295,-120.54979,0.46331,-13.63602,29.03242,-22.80104,FOR_RAM,FOR_RAM,FordhamUniversity,TeamExclusive,Team,20260917-FordhamUniversity-Private-1,50670f80-b2cc-11f1-9cb4-878818705a31,82.16746,,,9.01277,,,,,,,e89b69e8-41e5-4fd8-aee7-1d57f68d26e3,2026-09-17,19:16:55.04,2026-09-17T15:16:55.0419456-04:00,2026-09-17T19:16:55.0419456Z,,v3,471298,471298,,"Player, Practice",111,Right,FOR_RAM,b7cb1bb9-fb1d-471f-98a2-81fff4fb97a2,54.11927,-121.5378,14.51621,5.49465,1.23926,-11.40052,-1.52811,6.087,-6.81801,,,,,,,,,,,,,,,,,,,,,,,,,,,,,,,,,,,,,,,,,,,,,,,,,,,High,High,High,,,,,
9,2026-09-17,15:17:14.77,1,4,"Vieira, William",1000252264,Right,FOR_RAM,"Markey, Tommy",10084492,Left,FOR_RAM,Undefined,1,Bottom,0,3,0,Fastball,Changeup,StrikeCalled,Undefined,Undefined,Undefined,0,0,,84.05221,-0.89722,-3.198651,2015.161582,221.296341,1:30,5.40967,1.61495,6.47878,-22.668,16.98757,13.55308,2.69546,-0.19579,75.0759,-5.270811,-0.743382,0.453235,,,,,,,,,,,,-8.08441,9.60721,-1.39466,50,5.33637,6.26704,-121.71726,-2.47429,-11.83385,29.29248,-18.11113,FOR_RAM,FOR_RAM,FordhamUniversity,TeamExclusive,Team,20260917-FordhamUniversity-Private-1,5c3648d0-b2cc-11f1-9cb4-878818705a31,83.16312,,,8.97631,,,,,,,e89b69e8-41e5-4fd8-aee7-1d57f68d26e3,2026-09-17,19:17:14.77,2026-09-17T15:17:14.7770368-04:00,2026-09-17T19:17:14.7770368Z,,v3,471298,471298,,"Player, Practice",111,Right,FOR_RAM,61b716b0-0abd-4687-979c-3bd070bacf7d,54.01326,-122.67929,14.64624,5.40786,-1.87948,-9.05556,-1.60686,6.65569,-5.91692,,,,,,,,,,,,,,,,,,,,,,,,,,,,,,,,,,,,,,,,,,,,,,,,,,,High,High,High,,,,,
10,2026-09-17,15:17:31.51,1,5,"Vieira, William",1000252264,Right,FOR_RAM,"Markey, Tommy",10084492,Left,FOR_RAM,Undefined,1,Bottom,0,2,2,Fastball,Changeup,BallCalled,Undefined,Undefined,Undefined,0,0,,84.19124,-0.84044,-4.131334,1903.57927,226.82183,1:30,5.46843,1.49151,6.39764,-23.90533,15.91076,15.24954,2.70134,-1.04367,74.98959,-5.436474,-1.377114,0.454151,,,,,,,,,,,,-9.29949,9.02241,-1.2006,50,5.39708,8.18687,-121.75954,-2.41337,-13.58879,29.83983,-18.99016,FOR_RAM,FOR_RAM,FordhamUniversity,TeamExclusive,Team,20260917-FordhamUniversity-Private-1,6648de00-b2cc-11f1-9cb4-878818705a31,82.99531,,,9.20165,,,,,,,e89b69e8-41e5-4fd8-aee7-1d57f68d26e3,2026-09-17,19:17:31.51,2026-09-17T15:17:31.5172864-04:00,2026-09-17T19:17:31.5172864Z,,v3,471298,471298,,"Player, Practice",111,Right,FOR_RAM,24b83ea2-8966-4ae8-9b77-27fa0bf52b16,54.09466,-122.75892,14.91991,5.46725,-1.77736,-9.49508,-1.48241,8.64199,-6.79439,,,,,,,,,,,,,,,,,,,,,,,,,,,,,,,,,,,,,,,,,,,,,,,,,,,High,High,High,,,,,
11,2026-09-17,15:18:05.28,1,6,"Vieira, William",1000252264,Right,FOR_RAM,"Reina, Braedon",10305192,Left,FOR_RAM,Undefined,1,Bottom,0,0,0,Curveball,Curveball,StrikeCalled,Undefined,Undefined,Undefined,0,0,,71.0432,2.522047,-1.295443,1910.977252,58.471644,8:00,4.88172,2.07855,6.27874,-59.10354,-3.38236,-8.87079,2.28316,0.14508,64.09832,-8.479553,-2.899253,0.537256,,,,,,,,,,,,4.11488,-1.92791,-1.97907,50,5.04063,2.62535,-102.99415,2.92488,4.31964,20.72717,-34.19789,FOR_RAM,FOR_RAM,FordhamUniversity,TeamExclusive,Team,20260917-FordhamUniversity-Private-1,7a552930-b2cc-11f1-9cb4-878818705a31,70.15727,,,6.94488,,,,,,,e89b69e8-41e5-4fd8-aee7-1d57f68d26e3,2026-09-17,19:18:05.28,2026-09-17T15:18:05.2838400-04:00,2026-09-17T19:18:05.2838400Z,,v3,471298,471298,,"Player, Practice",111,Right,FOR_RAM,761f3b28-297d-4d73-b5b5-aa4c79162c4d,54.21798,-103.83953,10.36358,4.89289,4.31968,-17.09895,-2.08256,2.44917,2.15982,,,,,,,,,,,,,,,,,,,,,,,,,,,,,,,,,,,,,,,,,,,,,,,,,,,High,High,High,,,,,
12,2026-09-17,15:18:53.16,1,7,"Vieira, William",1000252264,Right,FOR_RAM,"Reina, Braedon",10305192,Left,FOR_RAM,Undefined,1,Bottom,0,0,1,Sinker,Changeup,InPlay,Undefined,GroundBall,Single,0,0,,82.5275,-0.734956,-3.645167,1871.128462,236.270793,2:00,5.32854,1.53303,6.74617,-29.21647,11.41749,14.76418,2.22101,-0.57122,74.01883,-6.314437,-0.957251,0.458792,94.17332,5.715117,9.108326,1513.316186,109.17616,4.87692,13.43672,150.80832,141.0722,6.163966,1.301783,-9.0376,6.73681,-1.29829,50,5.26913,7.09208,-119.60302,-2.29144,-12.78831,28.04232,-22.64134,FOR_RAM,FOR_RAM,FordhamUniversity,TeamExclusive,Team,20260917-FordhamUniversity-Private-1,96de2750-b2cc-11f1-9cb4-878818705a31,82.15583,6.15131,,8.50866,,,,0.69989,2.23155,0.33453,e89b69e8-41e5-4fd8-aee7-1d57f68d26e3,2026-09-17,19:18:53.16,2026-09-17T15:18:53.1679744-04:00,2026-09-17T19:18:53.1679744Z,GroundBall,v3,471298,471298,,"Player, Practice",111,Right,FOR_RAM,0ec0c93c-4096-4bd4-992a-4e2660e38071,53.74958,-120.47895,14.02116,5.32966,-1.58422,-11.32067,-1.52606,7.49153,-6.39416,131.24614,0.97141,132.79676,-14.247,,,,,,,2.25711,13.50483,-11.72207,,,,,,,0.49822,19.98459,-6.17221,,,,,,,,,,,,,,,,,,,,,,,,,,,,,High,High,High,High,High,,,
13,2026-09-17,15:19:33.77,2,1,"Vieira, William",1000252264,Right,FOR_RAM,"Dieguez, Matthew",10131275,Right,FOR_RAM,Undefined,1,Bottom,0,0,0,Fastball,Changeup,BallCalled,Undefined,Undefined,Undefined,0,0,,84.6853,-0.330966,-4.716405,1759.737968,216.45963,1:15,5.6874,1.26147,6.55443,-23.4036,15.36926,10.30186,3.4326,-2.21437,76.15527,-4.81788,-2.854077,0.448162,,,,,,,,,,,,-6.84847,8.56189,-0.93886,50,5.65441,9.70749,-122.53203,-1.30976,-10.24603,27.8109,-19.36451,FOR_RAM,FOR_RAM,FordhamUniversity,TeamExclusive,Team,20260917-FordhamUniversity-Private-1,af153070-b2cc-11f1-9cb4-878818705a31,84.10443,,,8.53003,,,,,,,e89b69e8-41e5-4fd8-aee7-1d57f68d26e3,2026-09-17,19:19:33.77,2026-09-17T15:19:33.7749504-04:00,2026-09-17T19:19:33.7749504Z,,v3,471298,471298,,"Player, Practice",111,Right,FOR_RAM,5942b6d9-8872-4080-9f53-4478b8f6a31c,53.93873,-123.42276,13.90545,5.68642,-0.68955,-9.68225,-1.25503,10.03565,-5.12302,,,,,,,,,,,,,,,,,,,,,,,,,,,,,,,,,,,,,,,,,,,,,,,,,,,High,High,High,,,,,
14,2026-09-17,15:19:50.65,2,2,"Vieira, William",1000252264,Right,FOR_RAM,"Dieguez, Matthew",10131275,Right,FOR_RAM,Undefined,1,Bottom,0,1,0,Slider,Curveball,BallCalled,Undefined,Undefined,Undefined,0,0,,71.47372,1.269027,-2.621721,1796.158027,103.320583,9:30,5.09158,1.61469,6.38289,-51.26408,3.92331,-7.50244,1.98838,-1.42393,64.18151,-8.336322,-3.978672,0.534677,,,,,,,,,,,,2.92028,2.27669,-1.42287,50,5.16056,4.99017,-103.52231,0.95689,3.07889,21.86232,-29.77368,FOR_RAM,FOR_RAM,FordhamUniversity,TeamExclusive,Team,20260917-FordhamUniversity-Private-1,b92358d0-b2cc-11f1-9cb4-878818705a31,70.49573,,,7.29221,,,,,,,e89b69e8-41e5-4fd8-aee7-1d57f68d26e3,2026-09-17,19:19:50.65,2026-09-17T15:19:50.6500000-04:00,2026-09-17T19:19:50.6500000Z,,v3,471298,471298,,"Player, Practice",111,Right,FOR_RAM,2b771acc-923f-4dc0-b25e-6ddfec9e3216,54.11072,-104.38682,10.93116,5.09944,2.13424,-14.88684,-1.61779,4.86842,1.53945,,,,,,,,,,,,,,,,,,,,,,,,,,,,,75.09451,1.864845,0.964454,0.900391,-1.15934,1.59794,1.60461,-2.26187,5.40157,-2.82725,66.22209,4.42979,-58.5671,-2.22434,82.87168,-7.6737,5.42545,11.44253,-13.97818,-2.88089,-70.04362,9.1923,High,High,High,,,High,Medium,Medium
15,2026-09-17,15:20:22.58,2,3,"Vieira, William",1000252264,Right,FOR_RAM,"Dieguez, Matthew",10131275,Right,FOR_RAM,Undefined,1,Bottom,0,2,0,Slider,Curveball,BallCalled,Undefined,Undefined,Undefined,0,0,,71.9885,1.546085,-3.465434,1827.976488,46.177164,7:30,5.23669,1.83751,6.11662,-58.0957,-3.21618,-5.51181,1.82778,-1.8297,64.93309,-9.209441,-4.4566,0.533183,,,,,,,,,,,,1.59122,-1.49508,-1.56904,50,5.32637,6.50015,-104.19138,1.16814,1.70468,21.65399,-33.77574,FOR_RAM,FOR_RAM,FordhamUniversity,TeamExclusive,Team,20260917-FordhamUniversity-Private-1,cc2538e0-b2cc-11f1-9cb4-878818705a31,70.69319,,,7.05541,,,,,,,e89b69e8-41e5-4fd8-aee7-1d57f68d26e3,2026-09-17,19:20:22.58,2026-09-17T15:20:22.5823744-04:00,2026-09-17T19:20:22.5823744Z,,v3,471298,471298,,"Player, Practice",111,Right,FOR_RAM,ceba186f-4775-453e-b483-72ba85997f8d,54.37909,-105.09754,10.827,5.24791,2.58157,-16.88787,-1.83956,6.42882,0.85234,,,,,,,,,,,,,,,,,,,,,,,,,,,,,,,,,,,,,,,,,,,,,,,,,,,High,High,High,,,,,
16,2026-09-17,15:20:40.65,2,4,"Vieira, William",1000252264,Right,FOR_RAM,"Dieguez, Matthew",10131275,Right,FOR_RAM,Undefined,1,Bottom,0,3,0,Sinker,Changeup,StrikeCalled,Undefined,Undefined,Undefined,0,0,,83.82509,-1.016898,-2.738088,1834.303905,228.807682,1:45,5.51685,1.43865,6.54907,-27.1447,12.22438,12.33749,2.32113,-0.04598,75.69314,-6.176917,-0.497732,0.451595,,,,,,,,,,,,-7.28083,7.16575,-1.25373,50,5.4351,5.34559,-121.58056,-2.8972,-10.73162,27.23392,-21.61206,FOR_RAM,FOR_RAM,FordhamUniversity,TeamExclusive,Team,20260917-FordhamUniversity-Private-1,d723b4b0-b2cc-11f1-9cb4-878818705a31,83.46516,,,8.13195,,,,,,,e89b69e8-41e5-4fd8-aee7-1d57f68d26e3,2026-09-17,19:20:40.65,2026-09-17T15:20:40.6520320-04:00,2026-09-17T19:20:40.6520320Z,,v3,471298,471298,,"Player, Practice",111,Right,FOR_RAM,b16029d5-c1b7-480f-820d-0444a352e5d7,53.9456,-122.46118,13.61696,5.51749,-2.19837,-10.80603,-1.43219,5.6926,-5.36581,,,,,,,,,,,,,,,,,,,,,,,,,,,,,,,,,,,,,,,,,,,,,,,,,,,High,High,High,,,,,
17,2026-09-17,15:20:57.19,2,5,"Vieira, William",1000252264,Right,FOR_RAM,"Dieguez, Matthew",10131275,Right,FOR_RAM,Undefined,1,Bottom,0,3,1,Fastball,Changeup,BallCalled,Walk,Undefined,Undefined,0,0,,83.81095,-2.368518,-3.984173,1905.693848,217.830834,1:15,5.48145,1.25264,6.62073,-20.44879,19.2619,13.74438,1.60191,-1.25641,75.05979,-6.336164,-1.490608,0.45355,,,,,,,,,,,,-8.52512,11.36005,-0.98662,50,5.31161,7.92566,-121.25157,-5.49364,-12.40141,28.76021,-15.64868,FOR_RAM,FOR_RAM,FordhamUniversity,TeamExclusive,Team,20260917-FordhamUniversity-Private-1,e0c845d0-b2cc-11f1-9cb4-878818705a31,83.10536,,,8.75116,,,,,,,e89b69e8-41e5-4fd8-aee7-1d57f68d26e3,2026-09-17,19:20:57.19,2026-09-17T15:20:57.1957248-04:00,2026-09-17T19:20:57.1957248Z,,v3,471298,471298,,"Player, Practice",111,Right,FOR_RAM,1fb89cd6-c2fe-4dd2-9f42-31626bb65705,53.87301,-122.16677,14.38011,5.47851,-4.99567,-7.82434,-1.24511,8.3203,-6.20071,,,,,,,,,,,,,,,,,,,,,,,,,,,,,,,,,,,,,,,,,,,,,,,,,,,High,High,High,,,,,
18,2026-09-17,15:21:27.97,3,1,"Vieira, William",1000252264,Right,FOR_RAM,"Young, Caden",10264258,Right,FOR_RAM,Undefined,1,Bottom,0,0,0,Sinker,Changeup,StrikeSwinging,Undefined,Undefined,Undefined,0,0,,84.26671,-1.03318,-2.789819,1766.332295,235.689768,1:45,5.55444,1.42696,6.50428,-26.72017,12.58438,16.223,2.37829,0.21638,75.53928,-6.129635,0.153998,0.451225,,,,,,,,,,,,-9.34831,7.3828,-1.2378,50,5.47074,5.3213,-122.13043,-2.93242,-13.79864,29.1487,-21.27658,FOR_RAM,FOR_RAM,FordhamUniversity,TeamExclusive,Team,20260917-FordhamUniversity-Private-1,f31ca7d0-b2cc-11f1-9cb4-878818705a31,83.53366,,,8.72742,,,,,,,e89b69e8-41e5-4fd8-aee7-1d57f68d26e3,2026-09-17,19:21:27.97,2026-09-17T15:21:27.9765504-04:00,2026-09-17T19:21:27.9765504Z,,v3,471298,471298,,"Player, Practice",111,Right,FOR_RAM,6768e178-22f2-45ac-994a-2eb34f00bda1,53.98966,-123.07895,14.57435,5.55489,-2.24006,-10.63829,-1.41826,5.77032,-6.89932,,,,,,,,,,,,,,,,,,,,,,,,,,,,,,,,,,,,,,,,,,,,,,,,,,,High,High,High,,,,,
19,2026-09-17,15:21:46.69,3,2,"Vieira, William",1000252264,Right,FOR_RAM,"Young, Caden",10264258,Right,FOR_RAM,Undefined,1,Bottom,0,0,1,Slider,Curveball,FoulBallNotFieldable,Undefined,Undefined,Undefined,0,0,,70.85574,2.099609,-1.17013,1850.105789,65.774716,8:15,5.18045,1.8026,6.24927,-57.84515,-1.51036,-8.19347,2.29763,0.04052,63.65583,-8.685386,-2.651302,0.540207,88.29341,2.582751,-50.867817,4680.273365,,,,55.01008,55.01008,-50.138967,0.431031,3.84638,-0.99012,-1.71166,50,5.30855,2.36222,-102.71573,2.22417,3.99073,21.58573,-33.20132,FOR_RAM,FOR_RAM,FordhamUniversity,TeamExclusive,Team,20260917-FordhamUniversity-Private-1,fe458f00-b2cc-11f1-9cb4-878818705a31,69.77413,2.98697,,7.19991,,,,3.26304,2.70024,-0.43033,e89b69e8-41e5-4fd8-aee7-1d57f68d26e3,2026-09-17,19:21:46.69,2026-09-17T15:21:46.6951168-04:00,2026-09-17T19:21:46.6951168Z,GroundBall,v3,471298,471298,,"Player, Practice",111,Right,FOR_RAM,02ae2e80-4249-4e57-ac46-2cc3f592ac6b,54.24837,-103.60468,10.79286,5.1888,3.59147,-16.60066,-1.80555,2.19787,1.99536,,3.27089,81.40062,-16.72391,,,,,,,2.71623,5.33852,-27.08751,,,,,,,-0.42736,-100.44162,8.03201,,,,,,,,,,,,,,,,,,,,,,,,,,,,,High,High,High,Medium,High,,,
20,2026-09-17,15:22:06.45,3,3,"Vieira, William",1000252264,Right,FOR_RAM,"Young, Caden",10264258,Right,FOR_RAM,Undefined,1,Bottom,0,0,2,ChangeUp,Changeup,BallCalled,Undefined,Undefined,Undefined,0,0,,76.13709,-1.591269,-4.857606,1592.205955,244.554797,2:15,5.12355,1.58038,7.15021,-36.27667,10.18717,18.0621,0.65242,-1.32851,69.53909,-8.472509,-1.547791,0.490602,,,,,,,,,,,,-11.17619,6.42788,-1.29947,50,5.01904,8.842,-110.38438,-3.89521,-13.67784,21.1342,-24.30735,FOR_RAM,FOR_RAM,FordhamUniversity,TeamExclusive,Team,20260917-FordhamUniversity-Private-1,0a100d60-b2cd-11f1-9cb4-878818705a31,76.82901,,,6.598,,,,,,,e89b69e8-41e5-4fd8-aee7-1d57f68d26e3,2026-09-17,19:22:06.45,2026-09-17T15:22:06.4544256-04:00,2026-09-17T19:22:06.4544256Z,,v3,471298,471298,,"Player, Practice",111,Right,FOR_RAM,1192f2f9-78b2-4108-860a-10c6466176bd,53.34876,-111.02368,10.5671,5.12575,-3.15992,-12.15368,-1.5732,9.25575,-6.83892,,,,,,,,,,,,,,,,,,,,,,,,,,,,,,,,,,,,,,,,,,,,,,,,,,,High,High,High,,,,,
21,2026-09-17,15:22:28.63,3,4,"Vieira, William",1000252264,Right,FOR_RAM,"Young, Caden",10264258,Right,FOR_RAM,Undefined,1,Bottom,0,1,2,Fastball,Changeup,BallCalled,Undefined,Undefined,Undefined,0,0,,83.96437,-2.946477,-3.282565,1922.100576,213.44382,1:00,5.7196,0.97397,6.59302,-21.47359,17.52174,10.68292,1.22363,-1.1467,76.44587,-7.047627,-1.342775,0.449446,,,,,,,,,,,,-6.59563,10.49796,-0.75354,50,5.50866,6.59253,-121.69932,-6.80658,-9.81619,25.58664,-16.55005,FOR_RAM,FOR_RAM,FordhamUniversity,TeamExclusive,Team,20260917-FordhamUniversity-Private-1,17416ec0-b2cd-11f1-9cb4-878818705a31,83.86417,,,7.5185,,,,,,,e89b69e8-41e5-4fd8-aee7-1d57f68d26e3,2026-09-17,19:22:28.63,2026-09-17T15:22:28.6366720-04:00,2026-09-17T19:22:28.6366720Z,,v3,471298,471298,,"Player, Practice",111,Right,FOR_RAM,094d93b1-70f7-44ed-b01d-70348207f204,53.90419,-122.51741,12.79332,5.71782,-6.27742,-8.27502,-0.96934,6.90638,-4.90809,,,,,,,,,,,,,,,,,,,,,,,,,,,,,,,,,,,,,,,,,,,,,,,,,,,High,High,High,,,,,
22,2026-09-17,15:22:45.28,3,5,"Vieira, William",1000252264,Right,FOR_RAM,"Young, Caden",10264258,Right,FOR_RAM,Undefined,1,Bottom,0,2,2,Slider,Curveball,StrikeSwinging,Strikeout,Undefined,Undefined,0,0,,70.35799,0.219829,-3.747722,1916.773102,75.529382,8:30,5.13202,1.94847,6.12439,-55.59007,0.95063,-3.58752,0.70317,-1.8199,64.62351,-10.015581,-4.39323,0.541193,,,,,,,,,,,,0.71256,0.96717,-1.6596,50,5.12017,6.79642,-102.00364,-1.10648,0.74361,18.26597,-31.16473,FOR_RAM,FOR_RAM,FordhamUniversity,TeamExclusive,Team,20260917-FordhamUniversity-Private-1,2142ecf0-b2cd-11f1-9cb4-878818705a31,69.64699,,,5.73448,,,,,,,e89b69e8-41e5-4fd8-aee7-1d57f68d26e3,2026-09-17,19:22:45.28,2026-09-17T15:22:45.2886016-04:00,2026-09-17T19:22:45.2886016Z,,v3,471298,471298,,"Player, Practice",111,Right,FOR_RAM,b3ae857f-50c0-43a9-8261-9024d7af45b8,54.37439,-102.78398,9.13299,5.139,0.22491,-15.58237,-1.94927,6.76466,0.3718,,,,,,,,,,,,,,,,,,,,,,,,,,,,,,,,,,,,,,,,,,,,,,,,,,,High,High,High,,,,,
23,2026-09-17,15:23:18.64,4,1,"Vieira, William",1000252264,Right,FOR_RAM,"Beaudreau, Bradley",1000297368,Left,FOR_RAM,Undefined,1,Bottom,1,0,0,Slider,Curveball,BallCalled,Undefined,Undefined,Undefined,0,0,,69.88714,0.714524,-1.129845,1870.630232,91.822494,9:00,4.9967,2.1935,6.39808,-54.40889,2.11433,-7.11575,1.1199,0.56134,64.04348,-9.399721,-2.421021,0.541109,,,,,,,,,,,,3.3765,1.42776,-2.10936,50,5.02333,2.22145,-101.55039,-0.11816,3.48933,18.23994,-30.6986,FOR_RAM,FOR_RAM,FordhamUniversity,TeamExclusive,Team,20260917-FordhamUniversity-Private-1,351bf320-b2cd-11f1-9cb4-878818705a31,69.65776,,,5.84367,,,,,,,e89b69e8-41e5-4fd8-aee7-1d57f68d26e3,2026-09-17,19:23:18.64,2026-09-17T15:23:18.6493440-04:00,2026-09-17T19:23:18.6493440Z,,v3,471298,471298,,"Player, Practice",111,Right,FOR_RAM,19a662e9-4609-4387-89ee-1fa0b7e825e9,54.10064,-102.28427,9.11997,5.00324,1.117,-15.3493,-2.19592,2.08106,1.74467,,,,,,,,,,,,,,,,,,,,,,,,,,,,,,,,,,,,,,,,,,,,,,,,,,,High,High,High,,,,,
24,2026-09-17,15:23:36.96,4,2,"Vieira, William",1000252264,Right,FOR_RAM,"Beaudreau, Bradley",1000297368,Left,FOR_RAM,Undefined,1,Bottom,1,1,0,Fastball,Changeup,BallCalled,Undefined,Undefined,Undefined,0,0,,83.86393,-2.188265,-3.110165,1864.136368,220.380721,1:15,5.49958,1.55377,6.54265,-24.26068,14.69087,11.40162,1.46702,-0.35129,76.65122,-6.785554,-1.040958,0.449194,,,,,,,,,,,,-6.83855,8.72489,-1.34263,50,5.33737,6.18979,-121.6715,-5.29771,-10.22014,24.55091,-19.13478,FOR_RAM,FOR_RAM,FordhamUniversity,TeamExclusive,Team,20260917-FordhamUniversity-Private-1,3ffc86b0-b2cd-11f1-9cb4-878818705a31,83.91127,,,7.21271,,,,,,,e89b69e8-41e5-4fd8-aee7-1d57f68d26e3,2026-09-17,19:23:36.96,2026-09-17T15:23:36.9640448-04:00,2026-09-17T19:23:36.9640448Z,,v3,471298,471298,,"Player, Practice",111,Right,FOR_RAM,223a06b6-2177-49a2-a493-c3f2e8569333,53.95428,-122.46679,12.27546,5.49894,-4.67786,-9.56739,-1.54851,6.52085,-5.11007,,,,,,,,,,,,,,,,,,,,,,,,,,,,,,,,,,,,,,,,,,,,,,,,,,,High,High,High,,,,,
25,2026-09-17,15:24:06.80,4,3,"Vieira, William",1000252264,Right,FOR_RAM,"Beaudreau, Bradley",1000297368,Left,FOR_RAM,Undefined,1,Bottom,1,2,0,Fastball,Changeup,BallCalled,Undefined,Undefined,Undefined,0,0,,83.72587,-2.872189,-2.52443,1933.668836,215.182906,1:15,5.50141,1.54116,6.4622,-19.75355,19.49513,12.81166,1.21233,0.28855,76.40071,-6.652103,-0.201579,0.450904,,,,,,,,,,,,-7.44709,11.43926,-1.36823,50,5.28929,4.88679,-121.45842,-6.58552,-11.07196,24.84042,-15.16674,FOR_RAM,FOR_RAM,FordhamUniversity,TeamExclusive,Team,20260917-FordhamUniversity-Private-1,51cc9d80-b2cd-11f1-9cb4-878818705a31,83.59305,,,7.32516,,,,,,,e89b69e8-41e5-4fd8-aee7-1d57f68d26e3,2026-09-17,19:24:06.80,2026-09-17T15:24:06.8058112-04:00,2026-09-17T19:24:06.8058112Z,,v3,471298,471298,,"Player, Practice",111,Right,FOR_RAM,e7793a6c-81c5-4fdf-b46c-bda6e64289f6,54.03581,-122.28103,12.42021,5.49906,-6.08326,-7.58337,-1.53613,5.25345,-5.53598,,,,,,,,,,,,,,,,,,,,,,,,,,,,,,,,,,,,,,,,,,,,,,,,,,,High,High,High,,,,,
26,2026-09-17,15:24:40.50,4,4,"Vieira, William",1000252264,Right,FOR_RAM,"Beaudreau, Bradley",1000297368,Left,FOR_RAM,Undefined,1,Bottom,1,3,0,Sinker,Changeup,StrikeCalled,Undefined,Undefined,Undefined,0,0,,84.62222,-1.351699,-3.681079,1842.709557,231.641773,1:45,5.48,1.42924,6.64439,-24.18533,14.14406,16.18938,2.2245,-0.59574,76.77052,-5.965754,-0.739803,0.445592,,,,,,,,,,,,-9.568,8.24961,-1.18618,50,5.37874,7.28983,-122.71924,-3.53009,-14.45679,26.37114,-19.70928,FOR_RAM,FOR_RAM,FordhamUniversity,TeamExclusive,Team,20260917-FordhamUniversity-Private-1,65dc1d00-b2cd-11f1-9cb4-878818705a31,84.58955,,,7.8517,,,,,,,e89b69e8-41e5-4fd8-aee7-1d57f68d26e3,2026-09-17,19:24:40.50,2026-09-17T15:24:40.5000192-04:00,2026-09-17T19:24:40.5000192Z,,v3,471298,471298,,"Player, Practice",111,Right,FOR_RAM,bfef73b4-594d-4b3d-b701-59f0706db2e6,53.85205,-123.54423,13.18557,5.47953,-2.9135,-9.85464,-1.42131,7.74209,-7.2284,,,,,,,,,,,,,,,,,,,,,,,,,,,,,,,,,,,,,,,,,,,,,,,,,,,High,High,High,,,,,
27,2026-09-17,15:25:01.04,4,5,"Vieira, William",1000252264,Right,FOR_RAM,"Beaudreau, Bradley",1000297368,Left,FOR_RAM,Undefined,1,Bottom,1,3,1,Fastball,Changeup,InPlay,Undefined,LineDrive,Double,0,2,,84.76758,-0.718897,-2.346902,1857.238016,220.012459,1:15,5.58733,1.50016,6.49252,-22.20206,16.06288,12.39682,3.07663,0.37758,76.98328,-4.963825,-0.098243,0.445217,87.04718,11.88399,-40.013399,2609.189849,84.48077,9.11337,-70.44811,152.65915,132.88258,-40.076048,1.449436,-7.20977,9.01497,-1.34075,50,5.52705,4.58668,-123.10233,-2.12513,-10.97317,26.30107,-18.45339,FOR_RAM,FOR_RAM,FordhamUniversity,TeamExclusive,Team,20260917-FordhamUniversity-Private-1,722ba9e0-b2cd-11f1-9cb4-878818705a31,84.66079,11.27268,,7.7843,,,,1.0388,2.96562,0.21345,e89b69e8-41e5-4fd8-aee7-1d57f68d26e3,2026-09-17,19:25:01.04,2026-09-17T15:25:01.0482688-04:00,2026-09-17T19:25:01.0482688Z,LineDrive,v3,471298,471298,,"Player, Practice",111,Right,FOR_RAM,4a1a3ecf-ae68-479c-b9c4-9b8aeab62d6c,54.00524,-123.95511,13.15054,5.58626,-1.52681,-9.2267,-1.49524,4.94246,-5.48658,,1.0388,95.68515,-14.72269,3.46411,-0.76131,0.17227,-0.03782,0.00653,-0.00061,2.96562,26.29097,-22.07888,2.2403,-0.43234,0.07922,-0.01471,0.00237,-0.0002,0.21345,-80.32751,11.79466,-3.01401,0.71038,-0.16828,0.03784,-0.00667,0.00063,,,,,,,,,,,,,,,,,,,,,,,High,High,High,Low,Medium,,,
28,2026-09-17,15:25:44.55,5,1,"Vieira, William",1000252264,Right,FOR_RAM,"Wansaw, Michael",1000503198,Right,FOR_RAM,Undefined,1,Bottom,1,0,0,Fastball,Changeup,InPlay,Undefined,FlyBall,Sacrifice,1,1,,84.33447,-1.057516,-2.077088,1844.570883,215.168304,1:15,5.54305,1.50084,6.52041,-21.06442,17.44143,11.39245,2.81665,0.54364,76.82228,-5.091548,-0.008967,0.446616,84.91352,26.72132,-15.534407,2115.551036,105.68955,47.24631,-30.49122,328.52557,316.2033,-15.911096,4.221831,-6.59835,9.84268,-1.36092,50,5.46011,4.02887,-122.52046,-2.79595,-9.97651,25.40806,-17.29219,FOR_RAM,FOR_RAM,FordhamUniversity,TeamExclusive,Team,20260917-FordhamUniversity-Private-1,8c023230-b2cd-11f1-9cb4-878818705a31,84.39556,57.56291,,7.51219,,,,1.24855,2.78157,-0.54568,e89b69e8-41e5-4fd8-aee7-1d57f68d26e3,2026-09-17,19:25:44.55,2026-09-17T15:25:44.5532672-04:00,2026-09-17T19:25:44.5532672Z,LineDrive,v3,471298,471298,,"Player, Practice",111,Right,FOR_RAM,a6e4372b-7529-47c2-84f5-e772177a7e19,53.97771,-123.34259,12.70403,5.54153,-2.23643,-8.6461,-1.4965,4.35169,-4.98825,172.900156,1.24921,107.16132,-16.11727,3.54163,-0.57568,0.06991,-0.00949,0.00168,-0.00014,2.78149,55.99567,-15.1383,0.39105,0.1196,-0.11616,0.04551,-0.00801,0.00052,-0.54557,-29.79484,3.33287,-0.53842,0.11569,-0.0367,0.01055,-0.00172,0.00011,,,,,,,,,,,,,,,,,,,,,,,High,High,High,High,High,,,
29,2026-09-17,15:26:25.97,6,1,"Vieira, William",1000252264,Right,FOR_RAM,"Palmer, Owen",10100501,Left,FOR_RAM,Undefined,1,Bottom,2,0,0,Sinker,Changeup,InPlay,Undefined,FlyBall,Out,1,0,,85.13898,-1.335387,-2.92186,1602.775438,232.022146,1:45,5.54559,1.61323,6.57603,-25.69541,12.00166,13.79532,2.17856,0.08253,77.75249,-6.198151,-0.415755,0.441901,80.61896,31.047322,-16.329406,3714.944001,103.20756,52.82608,-38.05518,303.02091,142.30841,-25.712201,4.190652,-8.1241,7.06359,-1.41809,50,5.44295,5.81134,-123.64361,-3.59149,-12.52592,25.57753,-21.28326,FOR_RAM,FOR_RAM,FordhamUniversity,TeamExclusive,Team,20260917-FordhamUniversity-Private-1,a4c01e90-b2cd-11f1-9cb4-878818705a31,85.29605,60.51061,,7.3865,,,,1.30644,2.20587,-0.07119,e89b69e8-41e5-4fd8-aee7-1d57f68d26e3,2026-09-17,19:26:25.97,2026-09-17T15:26:25.9789824-04:00,2026-09-17T19:26:25.9789824Z,FlyBall,v3,471298,471298,,"Player, Practice",111,Right,FOR_RAM,05bf9192-063b-4482-a281-0edacc22768c,53.92301,-124.45249,12.78877,5.54589,-2.91841,-10.64163,-1.60814,6.20747,-6.26296,141.261495,1.3074,97.19293,-16.27274,3.77114,-0.63841,0.06573,-0.00631,0.00149,-0.00016,2.20621,60.96863,-17.04732,0.39159,0.30532,-0.2083,0.07022,-0.01151,0.00073,-0.0711,-28.48379,-2.57898,1.12562,-0.32493,0.07074,-0.01227,0.00148,-9E-05,,,,,,,,,,,,,,,,,,,,,,,High,High,High,High,Low,,,
30,2026-09-17,15:29:18.68,1,1,"Howard, Austin",10149053,Right,FOR_RAM,"Rubin, Jack",10076675,Right,FOR_RAM,Undefined,2,Top,0,0,0,Fastball,Sinker,BallCalled,Undefined,Undefined,Undefined,0,0,,87.88494,-3.347334,-4.335604,2311.878662,233.390361,1:45,5.46699,1.59048,6.11892,-20.18812,16.68536,20.49706,0.67758,-0.71742,78.75328,-7.206637,-0.651287,0.437047,,,,,,,,,,,,-12.01568,10.16044,-1.26813,50,5.19924,8.7714,-126.92588,-8.00985,-19.17011,31.3087,-15.96386,FOR_RAM,FOR_RAM,FordhamUniversity,TeamExclusive,Team,20260917-FordhamUniversity-Private-1,0bbd79d0-b2ce-11f1-9cb4-878818705a31,86.24339,,,9.13166,,,,,,,e89b69e8-41e5-4fd8-aee7-1d57f68d26e3,2026-09-17,19:29:18.68,2026-09-17T15:29:18.6883072-04:00,2026-09-17T19:29:18.6883072Z,,v3,471298,471298,,"Young, Caden",10264258,Right,FOR_RAM,d6ed47b0-8af5-4f6f-a176-5114fdcd00c5,54.37715,-128.00103,15.65435,5.46489,-7.46164,-7.98193,-1.58065,9.42971,-9.58505,,,,,,,,,,,,,,,,,,,,,,,,,,,,,,,,,,,,,,,,,,,,,,,,,,,High,High,High,,,,,
31,2026-09-17,15:29:33.86,1,2,"Howard, Austin",10149053,Right,FOR_RAM,"Rubin, Jack",10076675,Right,FOR_RAM,Undefined,2,Top,0,1,0,Fastball,Sinker,BallCalled,Undefined,Undefined,Undefined,0,0,,87.82176,-3.954588,-5.442323,2055.803203,223.758317,1:30,5.7374,1.55692,5.99644,-18.98092,18.41721,16.16828,0.46868,-2.15408,78.41513,-7.593997,-2.552211,0.440145,,,,,,,,,,,,-10.10249,11.2382,-1.13558,50,5.4139,11.34736,-126.42383,-9.29562,-15.9526,31.61664,-14.42804,FOR_RAM,FOR_RAM,FordhamUniversity,TeamExclusive,Team,20260917-FordhamUniversity-Private-1,14b3c990-b2ce-11f1-9cb4-878818705a31,85.63632,,,9.40663,,,,,,,e89b69e8-41e5-4fd8-aee7-1d57f68d26e3,2026-09-17,19:29:33.86,2026-09-17T15:29:33.8621440-04:00,2026-09-17T19:29:33.8621440Z,,v3,471298,471298,,"Young, Caden",10264258,Right,FOR_RAM,da8607c7-e9ff-4481-a333-88a991bae886,54.49681,-127.54345,15.80832,5.73403,-8.78469,-7.21402,-1.54742,11.91228,-7.9763,,,,,,,,,,,,,,,,,,,,,,,,,,,,,,,,,,,,,,,,,,,,,,,,,,,High,High,High,,,,,
32,2026-09-17,15:29:54.31,1,3,"Howard, Austin",10149053,Right,FOR_RAM,"Rubin, Jack",10076675,Right,FOR_RAM,Undefined,2,Top,0,2,0,Fastball,Sinker,StrikeCalled,Undefined,Undefined,Undefined,0,0,,88.08121,-2.170431,-3.712481,2157.042239,225.318113,1:30,5.47948,1.73562,5.83789,-18.89954,17.76131,16.61249,1.88207,-0.33529,79.51749,-5.770276,-0.740843,0.435785,,,,,,,,,,,,-9.58394,10.11536,-1.44227,50,5.2912,7.55199,-127.45734,-5.39066,-15.57403,29.16985,-15.73646,FOR_RAM,FOR_RAM,FordhamUniversity,TeamExclusive,Team,20260917-FordhamUniversity-Private-1,20e3c080-b2ce-11f1-9cb4-878818705a31,86.49314,,,8.56372,,,,,,,e89b69e8-41e5-4fd8-aee7-1d57f68d26e3,2026-09-17,19:29:54.31,2026-09-17T15:29:54.3144960-04:00,2026-09-17T19:29:54.3144960Z,,v3,471298,471298,,"Young, Caden",10264258,Right,FOR_RAM,81a558a8-0c45-459f-8f07-15c02b3f602c,54.65802,-128.51895,14.58493,5.47697,-4.81795,-7.86823,-1.72744,8.11879,-7.78701,,,,,,,,,,,,,,,,,,,,,,,,,,,,,,,,,,,,,,,,,,,,,,,,,,,High,High,High,,,,,
33,2026-09-17,15:30:13.57,1,4,"Howard, Austin",10149053,Right,FOR_RAM,"Rubin, Jack",10076675,Right,FOR_RAM,Undefined,2,Top,0,2,1,Fastball,Four-Seam,BallCalled,Undefined,Undefined,Undefined,0,0,,89.04721,-3.765946,-3.642881,2207.088774,220.627517,1:15,5.64203,1.50982,5.94696,-15.95662,19.85556,15.90414,0.80722,-0.54822,80.46419,-6.831223,-0.791817,0.430712,,,,,,,,,,,,-9.26501,11.73162,-1.22832,50,5.33242,7.51605,-128.71441,-8.91739,-15.35121,29.79626,-12.73596,FOR_RAM,FOR_RAM,FordhamUniversity,TeamExclusive,Team,20260917-FordhamUniversity-Private-1,2c6464a0-b2ce-11f1-9cb4-878818705a31,87.51194,,,8.58303,,,,,,,e89b69e8-41e5-4fd8-aee7-1d57f68d26e3,2026-09-17,19:30:13.57,2026-09-17T15:30:13.5782400-04:00,2026-09-17T19:30:13.5782400Z,,v3,471298,471298,,"Young, Caden",10264258,Right,FOR_RAM,14a19dd0-d9e7-4271-a574-e93b75d9cd04,54.54958,-129.76332,14.89813,5.63845,-8.46904,-6.36798,-1.50242,8.05646,-7.67561,,,,,,,,,,,,,,,,,,,,,,,,,,,,,,,,,,,,,,,,,,,,,,,,,,,High,High,High,,,,,
34,2026-09-17,15:30:29.16,1,5,"Howard, Austin",10149053,Right,FOR_RAM,"Rubin, Jack",10076675,Right,FOR_RAM,Undefined,2,Top,0,3,1,Fastball,Four-Seam,BallCalled,Walk,Undefined,Undefined,0,0,,87.60492,-3.890805,-3.473993,2188.419442,216.268984,1:15,5.74455,1.67094,5.78336,-14.95288,22.18793,15.29284,0.86634,-0.29072,79.33745,-6.770662,-0.740844,0.438629,,,,,,,,,,,,-8.83339,12.87753,-1.39346,50,5.41395,7.03517,-126.63023,-9.01609,-14.20489,28.18405,-11.46586,FOR_RAM,FOR_RAM,FordhamUniversity,TeamExclusive,Team,20260917-FordhamUniversity-Private-1,35ca6620-b2ce-11f1-9cb4-878818705a31,85.93245,,,8.26747,,,,,,,e89b69e8-41e5-4fd8-aee7-1d57f68d26e3,2026-09-17,19:30:29.16,2026-09-17T15:30:29.1687936-04:00,2026-09-17T19:30:29.1687936Z,,v3,471298,471298,,"Young, Caden",10264258,Right,FOR_RAM,1fb02fed-6c0b-41c4-8b20-8cd7e2c35681,54.71347,-127.675,14.09202,5.74029,-8.59106,-5.73293,-1.66401,7.56174,-7.10244,,,,,,,,,,,,,,,,,,,,,,,,,,,,,,,,,,,,,,,,,,,,,,,,,,,High,High,High,,,,,
35,2026-09-17,15:31:01.72,2,1,"Howard, Austin",10149053,Right,FOR_RAM,"Hanawalt, Chase",1000367090,Left,FOR_RAM,Undefined,2,Top,0,0,0,Fastball,Four-Seam,BallCalled,Undefined,Undefined,Undefined,0,0,,87.86795,-1.46787,-1.029807,2250.070234,222.217628,1:30,5.72346,1.78079,5.72903,-16.59749,20.18694,17.14245,2.97277,2.25015,79.4798,-4.649503,2.037597,0.436519,,,,,,,,,,,,-8.98217,11.07619,-1.70536,50,5.591,1.54389,-127.43755,-3.72717,-14.60799,28.89006,-14.16052,FOR_RAM,FOR_RAM,FordhamUniversity,TeamExclusive,Team,20260917-FordhamUniversity-Private-1,4923dc10-b2ce-11f1-9cb4-878818705a31,86.3477,,,8.38815,,,,,,,e89b69e8-41e5-4fd8-aee7-1d57f68d26e3,2026-09-17,19:31:01.72,2026-09-17T15:31:01.7283584-04:00,2026-09-17T19:31:01.7283584Z,,v3,471298,471298,,"Young, Caden",10264258,Right,FOR_RAM,b9f4463f-acf9-4d27-abec-53874dc3139f,54.76707,-128.5137,14.44503,5.72001,-3.19969,-7.08026,-1.77301,2.08803,-7.304,,,,,,,,,,,,,,,,,,,,,,,,,,,,,,,,,,,,,,,,,,,,,,,,,,,High,High,High,,,,,
36,2026-09-17,15:31:34.72,2,2,"Howard, Austin",10149053,Right,FOR_RAM,"Hanawalt, Chase",1000367090,Left,FOR_RAM,Undefined,2,Top,0,1,0,ChangeUp,Changeup,BallCalled,Undefined,Undefined,Undefined,0,0,,79.57766,-1.170388,-2.945006,2007.67889,246.16295,2:15,5.49475,1.78107,5.59938,-35.91014,9.2602,17.3343,1.408,0.47377,72.26685,-7.809014,0.149134,0.483724,,,,,,,,,,,,-9.71749,5.513,-1.54026,50,5.3713,5.25336,-115.29447,-3.50139,-12.92565,23.79788,-24.84099,FOR_RAM,FOR_RAM,FordhamUniversity,TeamExclusive,Team,20260917-FordhamUniversity-Private-1,5cda8d30-b2ce-11f1-9cb4-878818705a31,77.92132,,,7.31082,,,,,,,e89b69e8-41e5-4fd8-aee7-1d57f68d26e3,2026-09-17,19:31:34.72,2026-09-17T15:31:34.7272192-04:00,2026-09-17T19:31:34.7272192Z,,v3,471298,471298,,"Young, Caden",10264258,Right,FOR_RAM,26fbeece-afe1-4bd8-b407-5e588e4d6248,54.89848,-116.30117,11.89894,5.49719,-2.45057,-12.4205,-1.77406,5.80014,-6.46282,,,,,,,,,,,,,,,,,,,,,,,,,,,,,,,,,,,,,,,,,,,,,,,,,,,High,High,High,,,,,
37,2026-09-17,15:32:02.48,2,3,"Howard, Austin",10149053,Right,FOR_RAM,"Hanawalt, Chase",1000367090,Left,FOR_RAM,Undefined,2,Top,0,2,0,ChangeUp,Changeup,FoulBallNotFieldable,Undefined,Undefined,Undefined,0,0,,79.49319,0.141762,-2.76608,1797.952099,254.660598,2:30,5.40332,1.88525,5.72348,-38.27821,6.43784,18.08564,2.34567,0.81401,72.55256,-6.931264,0.469061,0.481286,,,,,,,,,,,,-10.05272,3.65055,-1.66573,50,5.39153,4.88309,-115.3355,-0.92736,-13.47136,22.48072,-27.28207,FOR_RAM,FOR_RAM,FordhamUniversity,TeamExclusive,Team,20260917-FordhamUniversity-Private-1,6d60e5f0-b2ce-11f1-9cb4-878818705a31,78.31612,,,6.94064,,,,,,,e89b69e8-41e5-4fd8-aee7-1d57f68d26e3,2026-09-17,19:32:02.48,2026-09-17T15:32:02.4888832-04:00,2026-09-17T19:32:02.4888832Z,,v3,471298,471298,,"Young, Caden",10264258,Right,FOR_RAM,ef026eb0-fd28-4208-804f-c2360d555075,54.77602,-116.26269,11.24036,5.40657,0.19786,-13.64103,-1.87858,5.4387,-6.73568,,,,,,,,,,,,,,,,,,,,,,,,,,,,,,,,,,,,,,,,,,,,,,,,,,,High,High,High,,,,,
38,2026-09-17,15:32:26.37,2,4,"Howard, Austin",10149053,Right,FOR_RAM,"Hanawalt, Chase",1000367090,Left,FOR_RAM,Undefined,2,Top,0,2,1,ChangeUp,Changeup,BallCalled,Undefined,Undefined,Undefined,0,0,,81.60098,-0.257877,-1.760951,1992.313432,262.323941,2:45,5.26581,1.86101,5.73764,-38.64226,4.56138,21.40769,1.80538,2.00473,73.18543,-7.431109,2.074765,0.473077,,,,,,,,,,,,-11.42623,2.92583,-1.72735,50,5.22122,2.75871,-118.21814,-1.80239,-15.7594,27.86978,-28.13868,FOR_RAM,FOR_RAM,FordhamUniversity,TeamExclusive,Team,20260917-FordhamUniversity-Private-1,7b8e0c70-b2ce-11f1-9cb4-878818705a31,79.67509,,,8.41555,,,,,,,e89b69e8-41e5-4fd8-aee7-1d57f68d26e3,2026-09-17,19:32:26.37,2026-09-17T15:32:26.3790080-04:00,2026-09-17T19:32:26.3790080Z,,v3,471298,471298,,"Young, Caden",10264258,Right,FOR_RAM,7a62e3d2-ac0a-4a64-a0bf-4df2236df301,54.75806,-119.33457,13.93489,5.27085,-0.67518,-14.06934,-1.8505,3.39002,-7.8797,,,,,,,,,,,,,,,,,,,,,,,,,,,,,,,,,,,,,,,,,,,,,,,,,,,High,High,High,,,,,
39,2026-09-17,15:32:49.06,2,5,"Howard, Austin",10149053,Right,FOR_RAM,"Hanawalt, Chase",1000367090,Left,FOR_RAM,Undefined,2,Top,0,3,2,Fastball,Sinker,StrikeSwinging,Strikeout,Undefined,Undefined,0,0,,89.04699,-1.782634,-2.520672,2257.831403,228.958099,1:45,5.59517,1.87211,5.72794,-18.27367,18.35182,19.31722,2.40999,1.13276,78.90542,-5.306457,0.933666,0.435575,,,,,,,,,,,,-10.60568,10.3669,-1.67318,50,5.43544,4.78157,-128.71974,-4.52824,-17.23227,34.56967,-15.32974,FOR_RAM,FOR_RAM,FordhamUniversity,TeamExclusive,Team,20260917-FordhamUniversity-Private-1,890ddbf0-b2ce-11f1-9cb4-878818705a31,86.53485,,,10.14157,,,,,,,e89b69e8-41e5-4fd8-aee7-1d57f68d26e3,2026-09-17,19:32:49.06,2026-09-17T15:32:49.0680000-04:00,2026-09-17T19:32:49.0680000Z,,v3,471298,471298,,"Young, Caden",10264258,Right,FOR_RAM,2cfc2c9e-e71d-478f-afb1-60ce3e790e09,54.76386,-129.99286,17.28484,5.59181,-3.96369,-7.66487,-1.86095,5.41619,-8.61614,,,,,,,,,,,,,,,,,,,,,,,,,,,,,75.40187,2.100877,0.761498,1.33938,-1.14573,2.16724,-1.17823,-2.04883,5.90247,0.11721,127.27955,0.96126,1.14136,-1.91047,108.2821,-8.93411,5.93829,13.03724,-12.53931,0.08738,-1.12042,1.44606,High,High,High,,,High,High,Medium
40,2026-09-17,15:33:20.84,3,1,"Howard, Austin",10149053,Right,FOR_RAM,"Player, Practice",111,Right,FOR_RAM,Undefined,2,Top,1,0,0,Curveball,Curveball,StrikeCalled,Undefined,Undefined,Undefined,0,0,,77.28215,2.456693,-1.462666,2216.930262,63.235506,8:00,5.42479,1.94694,5.34305,-53.327,-4.83138,-12.94418,3.28756,-0.5041,69.96793,-7.280751,-3.76049,0.501213,,,,,,,,,,,,5.96516,-2.63992,-1.80568,50,5.60863,3.37969,-111.93328,2.97171,7.45311,23.06589,-35.47246,FOR_RAM,FOR_RAM,FordhamUniversity,TeamExclusive,Team,20260917-FordhamUniversity-Private-1,9c042340-b2ce-11f1-9cb4-878818705a31,75.20239,,,7.31422,,,,,,,e89b69e8-41e5-4fd8-aee7-1d57f68d26e3,2026-09-17,19:33:20.84,2026-09-17T15:33:20.8441856-04:00,2026-09-17T19:33:20.8441856Z,,v3,471298,471298,,"Young, Caden",10264258,Right,FOR_RAM,67a4d22c-4e9e-4b82-9d56-fcffb83e6e66,55.15474,-112.99051,11.53295,5.43516,4.5976,-17.73623,-1.95276,3.03807,3.72656,,,,,,,,,,,,,,,,,,,,,,,,,,,,,,,,,,,,,,,,,,,,,,,,,,,High,High,High,,,,,
41,2026-09-17,15:33:37.10,3,2,"Howard, Austin",10149053,Right,FOR_RAM,"Player, Practice",111,Right,FOR_RAM,Undefined,2,Top,1,0,1,Fastball,Sinker,BallCalled,Undefined,Undefined,Undefined,0,0,,89.25931,-2.984186,-2.610306,2238.061707,232.009147,1:45,5.6187,1.81266,5.85182,-20.27186,15.67371,18.28686,1.15116,0.90945,80.11336,-6.830385,0.668606,0.431513,,,,,,,,,,,,-10.25115,9.42508,-1.61133,50,5.36426,5.10267,-129.14083,-7.35798,-16.93768,32.31006,-16.60123,FOR_RAM,FOR_RAM,FordhamUniversity,TeamExclusive,Team,20260917-FordhamUniversity-Private-1,a5b3ff00-b2ce-11f1-9cb4-878818705a31,87.34942,,,9.14595,,,,,,,e89b69e8-41e5-4fd8-aee7-1d57f68d26e3,2026-09-17,19:33:37.10,2026-09-17T15:33:37.1037696-04:00,2026-09-17T19:33:37.1037696Z,,v3,471298,471298,,"Young, Caden",10264258,Right,FOR_RAM,22f55af3-f7f1-4cd2-bfb1-7e396b03e8a9,54.64486,-130.29776,16.15503,5.61709,-6.76354,-8.30062,-1.8049,5.70915,-8.46884,,,,,,,,,,,,,,,,,,,,,,,,,,,,,,,,,,,,,,,,,,,,,,,,,,,High,High,High,,,,,
42,2026-09-17,15:33:52.78,3,3,"Howard, Austin",10149053,Right,FOR_RAM,"Player, Practice",111,Right,FOR_RAM,Undefined,2,Top,1,1,1,Slider,Curveball,BallCalled,Undefined,Undefined,Undefined,0,0,,76.97285,1.017572,-5.053132,2215.677002,69.762838,8:15,5.48357,1.93608,5.53942,-52.10519,-2.86028,-12.69406,2.09634,-3.85684,69.5001,-8.494081,-7.298729,0.505071,,,,,,,,,,,,4.50862,-1.04661,-1.48908,50,5.53925,10.33613,-111.05487,0.23534,5.49752,24.27066,-33.45021,FOR_RAM,FOR_RAM,FordhamUniversity,TeamExclusive,Team,20260917-FordhamUniversity-Private-1,af12fba0-b2ce-11f1-9cb4-878818705a31,74.62804,,,7.47276,,,,,,,e89b69e8-41e5-4fd8-aee7-1d57f68d26e3,2026-09-17,19:33:52.78,2026-09-17T15:33:52.7897088-04:00,2026-09-17T19:33:52.7897088Z,,v3,471298,471298,,"Young, Caden",10264258,Right,FOR_RAM,3503a1a5-9785-4738-98a8-336af9f8dd0f,54.95383,-112.13228,12.13533,5.49585,1.72025,-16.72511,-1.9425,10.09209,2.74876,,,,,,,,,,,,,,,,,,,,,,,,,,,,,,,,,,,,,,,,,,,,,,,,,,,High,High,High,,,,,
43,2026-09-17,15:34:13.48,3,4,"Howard, Austin",10149053,Right,FOR_RAM,"Player, Practice",111,Right,FOR_RAM,Undefined,2,Top,1,2,1,Fastball,Four-Seam,BallCalled,Undefined,Undefined,Undefined,0,0,,89.04747,-3.510035,-3.983395,2343.48695,222.074991,1:30,5.68318,1.60561,5.82056,-15.96288,20.04351,16.89245,1.07758,-0.69611,80.37932,-6.575165,-0.964209,0.431878,,,,,,,,,,,,-9.77654,11.67304,-1.28898,50,5.38566,8.21306,-128.65267,-8.34281,-16.18645,29.71851,-12.84769,FOR_RAM,FOR_RAM,FordhamUniversity,TeamExclusive,Team,20260917-FordhamUniversity-Private-1,bb8579d0-b2ce-11f1-9cb4-878818705a31,87.27564,,,8.66816,,,,,,,e89b69e8-41e5-4fd8-aee7-1d57f68d26e3,2026-09-17,19:34:13.48,2026-09-17T15:34:13.4859264-04:00,2026-09-17T19:34:13.4859264Z,,v3,471298,471298,,"Young, Caden",10264258,Right,FOR_RAM,ad82278a-a84d-43aa-b232-7ace2f3ca719,54.67485,-129.72806,14.85926,5.67914,-7.87791,-6.42385,-1.59677,8.79878,-8.09322,,,,,,,,,,,,,,,,,,,,,,,,,,,,,,,,,,,,,,,,,,,,,,,,,,,High,High,High,,,,,
44,2026-09-17,15:34:29.86,3,5,"Howard, Austin",10149053,Right,FOR_RAM,"Player, Practice",111,Right,FOR_RAM,Undefined,2,Top,2,3,1,Fastball,Four-Seam,InPlay,Undefined,GroundBall,Out,1,0,,87.98371,-1.574234,-4.134202,2285.743778,222.00336,1:30,5.41969,2.11858,5.75703,-18.80544,18.01784,15.03583,2.38303,-0.48337,79.45174,-5.154198,-1.451584,0.43675,75.11435,-2.334502,-13.778954,2089.502902,,,,27.6681,26.83771,-12.885832,0.254606,-8.93831,10.04193,-1.78461,50,5.27765,8.55876,-127.30659,-4.06465,-14.50455,28.87028,-15.87861,FOR_RAM,FOR_RAM,FordhamUniversity,TeamExclusive,Team,20260917-FordhamUniversity-Private-1,c5318500-b2ce-11f1-9cb4-878818705a31,86.30216,2.287,,8.53198,,,,0.45646,2.287,0.51581,e89b69e8-41e5-4fd8-aee7-1d57f68d26e3,2026-09-17,19:34:29.86,2026-09-17T15:34:29.8629120-04:00,2026-09-17T19:34:29.8629120Z,GroundBall,v3,471298,471298,,"Young, Caden",10264258,Right,FOR_RAM,9f6726d5-0f9e-42ac-8779-092966ac9d60,54.74001,-128.37702,14.43514,5.41745,-3.47592,-7.9393,-2.11192,9.09654,-7.25228,51.023835,0.45723,106.86809,-10.73611,,,,,,,2.288,-4.53926,-17.48369,,,,,,,0.516,-26.22716,-0.13596,,,,,,,,,,,,,,,,,,,,,,,,,,,,,High,High,High,High,High,,,
45,2026-09-17,15:37:29.26,1,1,"Gaskin, Brendan",1000526489,Left,FOR_RAM,"Chavez, Carson",1000156814,Right,FOR_RAM,Undefined,2,Bottom,0,0,0,Fastball,Four-Seam,BallCalled,Undefined,Undefined,Undefined,0,0,,87.52994,-0.0363,0.37832,2232.874615,150.968197,11:00,5.41369,-1.5072,5.75192,-18.36647,18.61029,-9.62276,3.84936,-1.9569,79.15552,-3.543262,-1.344061,0.437659,,,,,,,,,,,,4.96185,9.82497,1.48148,50,5.39959,-0.41733,-126.98464,-0.60886,8.02413,28.33351,-16.28554,FOR_RAM,FOR_RAM,FordhamUniversity,TeamExclusive,Team,20260917-FordhamUniversity-Private-1,301198b0-b2cf-11f1-9cb4-878818705a31,86.12287,,,8.37442,,,,,,,e89b69e8-41e5-4fd8-aee7-1d57f68d26e3,2026-09-17,19:37:29.26,2026-09-17T15:37:29.2689408-04:00,2026-09-17T19:37:29.2689408Z,,v3,471298,471298,,"Player, Practice",111,Right,FOR_RAM,c49552e6-4a19-43b4-bc5f-83de10b053c7,54.7425,-128.03844,14.16676,5.41097,-0.00316,-8.14277,1.50255,-0.71576,4.01207,,,,,,,,,,,,,,,,,,,,,,,,,,,,,,,,,,,,,,,,,,,,,,,,,,,High,High,High,,,,,
46,2026-09-17,15:37:43.38,1,2,"Gaskin, Brendan",1000526489,Left,FOR_RAM,"Chavez, Carson",1000156814,Right,FOR_RAM,Undefined,2,Bottom,0,1,0,Cutter,Slider,StrikeCalled,Undefined,Undefined,Undefined,0,0,,84.46236,-0.161959,1.523326,2453.954532,143.782733,10:45,5.185,-1.68451,5.47094,-31.21407,8.63087,-5.3854,2.43221,-0.7074,77.18497,-5.921237,0.564114,0.454316,,,,,,,,,,,,3.12756,4.7952,1.55431,50,5.1497,-3.02888,-122.56218,-1.42802,4.75101,24.52056,-24.88976,FOR_RAM,FOR_RAM,FordhamUniversity,TeamExclusive,Team,20260917-FordhamUniversity-Private-1,3881ef90-b2cf-11f1-9cb4-878818705a31,82.96527,,,7.2774,,,,,,,e89b69e8-41e5-4fd8-aee7-1d57f68d26e3,2026-09-17,19:37:43.38,2026-09-17T15:37:43.3831424-04:00,2026-09-17T19:37:43.3831424Z,,v3,471298,471298,,"Player, Practice",111,Right,FOR_RAM,587af16b-e631-44e1-9d51-7637983cb87c,55.02555,-123.56353,12.26028,5.18727,-0.41159,-12.44488,1.68197,-3.2229,2.37551,,,,,,,,,,,,,,,,,,,,,,,,,,,,,,,,,,,,,,,,,,,,,,,,,,,High,High,High,,,,,
47,2026-09-17,15:38:00.79,1,3,"Gaskin, Brendan",1000526489,Left,FOR_RAM,"Chavez, Carson",1000156814,Right,FOR_RAM,Undefined,2,Bottom,0,1,1,Cutter,Changeup,BallCalled,Undefined,Undefined,Undefined,0,0,,84.44744,1.338319,3.271365,2571.153425,147.844091,11:00,5.20481,-1.92538,5.37465,-29.63876,10.92548,-5.96559,3.99187,0.64774,76.09114,-4.16986,2.214036,0.458398,,,,,,,,,,,,3.97484,5.49386,1.63627,50,5.30445,-6.71687,-122.15621,1.84359,5.93526,26.71253,-23.97063,FOR_RAM,FOR_RAM,FordhamUniversity,TeamExclusive,Team,20260917-FordhamUniversity-Private-1,42e4eeb0-b2cf-11f1-9cb4-878818705a31,82.22641,,,8.35631,,,,,,,e89b69e8-41e5-4fd8-aee7-1d57f68d26e3,2026-09-17,19:38:00.79,2026-09-17T15:38:00.7923200-04:00,2026-09-17T19:38:00.7923200Z,,v3,471298,471298,,"Player, Practice",111,Right,FOR_RAM,27c72a73-58ea-4d8e-93ca-8eb81b5c479c,55.11857,-123.27043,13.35627,5.2067,2.84345,-11.98532,1.9216,-6.96444,2.96763,,,,,,,,,,,,,,,,,,,,,,,,,,,,,,,,,,,,,,,,,,,,,,,,,,,High,High,High,,,,,
48,2026-09-17,15:38:17.84,1,4,"Gaskin, Brendan",1000526489,Left,FOR_RAM,"Chavez, Carson",1000156814,Right,FOR_RAM,Undefined,2,Bottom,0,2,1,Fastball,Four-Seam,StrikeCalled,Undefined,Undefined,Undefined,0,0,,87.90253,-0.874331,2.093174,2326.559799,140.522731,10:45,5.40328,-1.60579,5.97581,-19.74296,16.55084,-12.61749,2.94691,-0.71599,79.76195,-4.628001,-0.173765,0.433598,,,,,,,,,,,,7.05307,9.10658,1.44691,50,5.32313,-4.12767,-127.53766,-2.52329,11.53531,27.95341,-17.28028,FOR_RAM,FOR_RAM,FordhamUniversity,TeamExclusive,Team,20260917-FordhamUniversity-Private-1,4cff9a30-b2cf-11f1-9cb4-878818705a31,86.92942,,,8.14057,,,,,,,e89b69e8-41e5-4fd8-aee7-1d57f68d26e3,2026-09-17,19:38:17.84,2026-09-17T15:38:17.8457088-04:00,2026-09-17T19:38:17.8457088Z,,v3,471298,471298,,"Player, Practice",111,Right,FOR_RAM,121e5ab2-f0eb-44b9-acaf-c41d9366533a,54.5202,-128.52457,13.9767,5.40144,-1.9132,-8.64014,1.59983,-4.53492,5.76766,,,,,,,,,,,,,,,,,,,,,,,,,,,,,,,,,,,,,,,,,,,,,,,,,,,High,High,High,,,,,
49,2026-09-17,15:38:33.58,1,5,"Gaskin, Brendan",1000526489,Left,FOR_RAM,"Chavez, Carson",1000156814,Right,FOR_RAM,Undefined,2,Bottom,0,2,2,Fastball,Four-Seam,BallCalled,Undefined,Undefined,Undefined,0,0,,88.96289,0.420176,0.907463,2343.705387,138.927869,10:45,5.41198,-1.63852,5.9266,-21.61966,14.04981,-11.14969,4.00026,-1.72558,80.21587,-3.681276,-1.094847,0.429853,,,,,,,,,,,,5.91843,7.41689,1.57184,50,5.43343,-1.55275,-129.0446,0.28023,9.85259,30.05065,-19.82695,FOR_RAM,FOR_RAM,FordhamUniversity,TeamExclusive,Team,20260917-FordhamUniversity-Private-1,565ebde0-b2cf-11f1-9cb4-878818705a31,87.68684,,,8.74702,,,,,,,e89b69e8-41e5-4fd8-aee7-1d57f68d26e3,2026-09-17,19:38:33.58,2026-09-17T15:38:33.5810560-04:00,2026-09-17T19:38:33.5810560Z,,v3,471298,471298,,"Player, Practice",111,Right,FOR_RAM,61c2b05b-5207-47fc-89e8-5e239fcca989,54.56723,-130.10382,15.02532,5.41123,0.97909,-9.91347,1.63269,-1.90003,4.92629,,,,,,,,,,,,,,,,,,,,,,,,,,,,,,,,,,,,,,,,,,,,,,,,,,,High,High,High,,,,,
50,2026-09-17,15:39:03.91,1,6,"Gaskin, Brendan",1000526489,Left,FOR_RAM,"Forney, Colden",1000306564,Right,FOR_RAM,Undefined,2,Bottom,0,0,0,Fastball,Four-Seam,InPlay,Undefined,LineDrive,Out,2,0,,88.76141,-0.775724,2.353842,2326.573771,147.080425,11:00,5.33588,-1.72719,5.99552,-21.06509,14.56241,-8.63721,2.86096,-0.2645,80.45271,-4.765674,0.80201,0.4296,88.13568,18.889605,13.452494,3655.617812,104.81803,28.85307,33.36372,256.20634,249.90101,22.588634,2.899368,5.1502,8.07682,1.54648,50,5.26324,-4.93165,-128.7628,-2.38541,8.56958,28.95905,-18.73475,FOR_RAM,FOR_RAM,FordhamUniversity,TeamExclusive,Team,20260917-FordhamUniversity-Private-1,6878aef0-b2cf-11f1-9cb4-878818705a31,87.73848,30.37964,,8.30871,,,,0.56698,2.78907,0.26811,e89b69e8-41e5-4fd8-aee7-1d57f68d26e3,2026-09-17,19:39:03.91,2026-09-17T15:39:03.9123968-04:00,2026-09-17T19:39:03.9123968Z,LineDrive,v3,471298,471298,,"Player, Practice",111,Right,FOR_RAM,d7e3da86-ff90-4bf3-98cd-ff599ea30f89,54.5013,-129.7712,14.47952,5.33494,-1.73303,-9.36738,1.72341,-5.23006,4.28479,237.073448,0.56702,118.94609,-21.48796,4.78145,-0.92167,0.12019,-0.00367,-0.00226,0.00036,2.78902,41.85145,-16.80059,0.68315,0.00443,0.01677,-0.01606,0.00537,-0.0006,0.2681,28.45312,5.45142,-2.55397,0.7966,-0.19174,0.03579,-0.00427,0.00023,,,,,,,,,,,,,,,,,,,,,,,High,High,High,High,High,,,
51,2026-09-17,15:39:43.50,2,1,"Gaskin, Brendan",1000526489,Left,FOR_RAM,"Markey, Tommy",10084492,Left,FOR_RAM,Undefined,2,Bottom,2,0,0,Slider,Slider,StrikeCalled,Undefined,Undefined,Undefined,0,0,,78.74267,1.345754,1.350481,2566.871735,259.991781,2:45,5.02596,-1.68868,5.2521,-43.57656,3.12122,8.53823,2.65969,0.29205,71.40132,-6.636226,2.864161,0.491835,,,,,,,,,,,,-3.82201,1.64295,1.55831,50,5.11753,-3.04084,-114.09595,1.1832,-4.97896,23.29469,-30.03378,FOR_RAM,FOR_RAM,FordhamUniversity,TeamExclusive,Team,20260917-FordhamUniversity-Private-1,80146270-b2cf-11f1-9cb4-878818705a31,76.63633,,,7.34136,,,,,,,e89b69e8-41e5-4fd8-aee7-1d57f68d26e3,2026-09-17,19:39:43.50,2026-09-17T15:39:43.5012096-04:00,2026-09-17T19:39:43.5012096Z,,v3,471298,471298,,"Player, Practice",111,Right,FOR_RAM,17d20e56-4561-4b09-92c1-d94dfe53b4fc,55.24407,-115.16164,11.64735,5.03198,2.55719,-15.01689,1.69221,-2.81306,-2.48948,,,,,,,,,,,,,,,,,,,,,,,,,,,,,,,,,,,,,,,,,,,,,,,,,,,High,High,High,,,,,
52,2026-09-17,15:40:00.53,2,2,"Gaskin, Brendan",1000526489,Left,FOR_RAM,"Markey, Tommy",10084492,Left,FOR_RAM,Undefined,2,Bottom,2,0,1,Slider,Slider,BallCalled,Undefined,Undefined,Undefined,0,0,,80.6932,1.546376,2.272439,2653.328871,279.600835,3:15,5.12145,-1.67785,5.27945,-44.15022,0.11551,7.94225,2.89606,1.11932,73.49488,-6.512216,3.679674,0.478856,,,,,,,,,,,,-3.2687,0.07811,1.4645,50,5.23059,-4.97348,-116.92921,1.58719,-4.49367,23.49406,-32.06668,FOR_RAM,FOR_RAM,FordhamUniversity,TeamExclusive,Team,20260917-FordhamUniversity-Private-1,8a394720-b2cf-11f1-9cb4-878818705a31,78.71345,,,7.19832,,,,,,,e89b69e8-41e5-4fd8-aee7-1d57f68d26e3,2026-09-17,19:40:00.53,2026-09-17T15:40:00.5301248-04:00,2026-09-17T19:40:00.5301248Z,,v3,471298,471298,,"Player, Practice",111,Right,FOR_RAM,9487f0e4-2339-4c9d-a2d2-409741d79067,55.21766,-117.97292,11.74703,5.12844,3.01173,-16.03334,1.68101,-4.77386,-2.24683,,,,,,,,,,,,,,,,,,,,,,,,,,,,,,,,,,,,,,,,,,,,,,,,,,,High,High,High,,,,,
53,2026-09-17,15:40:16.37,2,3,"Gaskin, Brendan",1000526489,Left,FOR_RAM,"Markey, Tommy",10084492,Left,FOR_RAM,Undefined,2,Bottom,2,1,1,Cutter,Slider,InPlay,Undefined,GroundBall,Out,1,0,,84.33558,0.04298,2.447499,2667.564472,186.897979,12:15,5.08249,-1.92576,5.47692,-32.96392,7.23024,0.71236,2.37575,0.42516,76.74838,-6.035486,2.57422,0.456303,55.87891,-83.337891,40.553412,,,,,2.25714,2.25714,-5.395925,0.029808,0.37193,3.99583,1.71028,50,5.06388,-5.25621,-122.28647,-1.04402,0.55891,25.82714,-26.16942,FOR_RAM,FOR_RAM,FordhamUniversity,TeamExclusive,Team,20260917-FordhamUniversity-Private-1,93d54cc0-b2cf-11f1-9cb4-878818705a31,82.60404,2.44031,,7.58721,,,,2.03057,2.44031,-0.39757,e89b69e8-41e5-4fd8-aee7-1d57f68d26e3,2026-09-17,19:40:16.37,2026-09-17T15:40:16.3709440-04:00,2026-09-17T19:40:16.3709440Z,GroundBall,v3,471298,471298,,"Player, Practice",111,Right,FOR_RAM,64b3544e-82b5-497e-a5a4-7640634cbc88,55.02167,-123.34249,12.91357,5.08469,0.026,-13.08471,1.92566,-5.27907,0.27946,,2.03037,7.26538,,,,,,,,2.44253,-81.86649,,,,,,,,-0.39774,6.21694,,,,,,,,,,,,,,,,,,,,,,,,,,,,,,High,High,High,Estimated,Estimated,,,
54,2026-09-17,15:43:07.40,1,1,"Sullivan, Maximus",1000401613,Right,FOR_RAM,"Velit, Liam",1000239563,Right,FOR_RAM,Undefined,3,Top,0,0,0,Sinker,Changeup,BallCalled,Undefined,Undefined,Undefined,0,0,,85.98306,1.385013,-3.919458,2249.446152,242.377305,2:00,5.41518,2.33016,6.33893,-29.82344,8.06284,12.75938,4.20828,-0.22074,77.18359,-4.247227,-1.618095,0.443009,,,,,,,,,,,,-7.82166,4.1715,-2.04978,50,5.50254,8.00994,-124.47846,2.11322,-12.06714,28.88347,-25.7383,FOR_RAM,FOR_RAM,FordhamUniversity,TeamExclusive,Team,20260917-FordhamUniversity-Private-1,f9a6d230-b2cf-11f1-9cb4-878818705a31,85.08282,,,8.79947,,,,,,,e89b69e8-41e5-4fd8-aee7-1d57f68d26e3,2026-09-17,19:43:07.40,2026-09-17T15:43:07.4072064-04:00,2026-09-17T19:43:07.4072064Z,,v3,471298,471298,,"Young, Caden",10264258,Right,FOR_RAM,fd3b0f23-f03e-4da8-bcea-1e7d4abc2369,54.15531,-125.43894,14.44174,5.41803,2.96911,-12.86915,-2.32282,8.41121,-6.03357,,,,,,,,,,,,,,,,,,,,,,,,,,,,,,,,,,,,,,,,,,,,,,,,,,,High,High,High,,,,,
55,2026-09-17,15:43:20.22,1,2,"Sullivan, Maximus",1000401613,Right,FOR_RAM,"Velit, Liam",1000239563,Right,FOR_RAM,Undefined,3,Top,0,1,0,Sinker,Changeup,BallCalled,Undefined,Undefined,Undefined,0,0,,85.76799,-0.375888,-4.351111,2215.79158,246.031097,2:15,5.34642,1.7846,6.47358,-30.1812,7.59233,14.02804,2.48513,-1.04982,77.44907,-6.065817,-1.814182,0.442349,,,,,,,,,,,,-8.63945,4.51654,-1.48302,50,5.30693,8.90117,-124.2206,-1.71278,-13.31359,28.07844,-25.21398,FOR_RAM,FOR_RAM,FordhamUniversity,TeamExclusive,Team,20260917-FordhamUniversity-Private-1,01411460-b2d0-11f1-9cb4-878818705a31,85.20971,,,8.31892,,,,,,,e89b69e8-41e5-4fd8-aee7-1d57f68d26e3,2026-09-17,19:43:20.22,2026-09-17T15:43:20.2253824-04:00,2026-09-17T19:43:20.2253824Z,,v3,471298,471298,,"Young, Caden",10264258,Right,FOR_RAM,7c029d41-2b8d-41ab-9ce2-9fc40180b68f,54.02208,-125.12643,14.03922,5.34907,-0.89935,-12.60699,-1.77711,9.33068,-6.6568,,,,,,,,,,,,,,,,,,,,,,,,,,,,,,,,,,,,,,,,,,,,,,,,,,,High,High,High,,,,,
56,2026-09-17,15:43:37.81,1,3,"Sullivan, Maximus",1000401613,Right,FOR_RAM,"Velit, Liam",1000239563,Right,FOR_RAM,Undefined,3,Top,0,2,0,Sinker,Sinker,BallCalled,Undefined,Undefined,Undefined,0,0,,87.87136,-1.154204,-5.823398,2383.068979,263.167742,2:45,5.19984,1.81514,6.35236,-33.03191,3.41988,17.17162,1.37915,-2.1325,79.12161,-7.328746,-2.733459,0.434541,,,,,,,,,,,,-10.74398,2.61303,-1.39846,50,5.10091,12.23771,-126.90806,-3.6352,-17.21782,30.17698,-27.98649,FOR_RAM,FOR_RAM,FordhamUniversity,TeamExclusive,Team,20260917-FordhamUniversity-Private-1,0bc50900-b2d0-11f1-9cb4-878818705a31,86.74076,,,8.74975,,,,,,,e89b69e8-41e5-4fd8-aee7-1d57f68d26e3,2026-09-17,19:43:37.81,2026-09-17T15:43:37.8126848-04:00,2026-09-17T19:43:37.8126848Z,,v3,471298,471298,,"Young, Caden",10264258,Right,FOR_RAM,f87e307b-acd3-4a7a-8800-e7438d9f8e8b,54.14362,-127.88956,15.08849,5.20434,-2.72495,-13.99325,-1.80559,12.79772,-8.60891,,,,,,,,,,,,,,,,,,,,,,,,,,,,,,,,,,,,,,,,,,,,,,,,,,,High,High,High,,,,,
57,2026-09-17,15:43:56.99,1,4,"Sullivan, Maximus",1000401613,Right,FOR_RAM,"Velit, Liam",1000239563,Right,FOR_RAM,Undefined,3,Top,0,3,0,Fastball,Changeup,BallCalled,Walk,Undefined,Undefined,0,0,,86.60371,0.723801,-3.529664,2279.295275,244.593999,2:15,5.29944,1.71559,6.65789,-29.37407,7.1337,12.42934,3.51526,-0.48274,78.54874,-4.830438,-1.271795,0.434875,,,,,,,,,,,,-7.53516,3.93571,-1.48221,50,5.33666,7.27233,-125.6519,0.73875,-11.95164,27.33696,-25.93156,FOR_RAM,FOR_RAM,FordhamUniversity,TeamExclusive,Team,20260917-FordhamUniversity-Private-1,172ddf60-b2d0-11f1-9cb4-878818705a31,86.67425,,,8.05497,,,,,,,e89b69e8-41e5-4fd8-aee7-1d57f68d26e3,2026-09-17,19:43:56.99,2026-09-17T15:43:56.9945600-04:00,2026-09-17T19:43:56.9945600Z,,v3,471298,471298,,"Young, Caden",10264258,Right,FOR_RAM,e1891838-2710-42a5-af15-2e8614202567,53.83847,-126.48424,13.66848,5.30215,1.5283,-12.96578,-1.70918,7.63622,-5.97582,,,,,,,,,,,,,,,,,,,,,,,,,,,,,,,,,,,,,,,,,,,,,,,,,,,High,High,High,,,,,
58,2026-09-17,15:44:40.78,2,1,"Sullivan, Maximus",1000401613,Right,FOR_RAM,"Ford, Tim",1000142266,Right,FOR_RAM,Undefined,3,Top,0,0,0,Slider,Curveball,InPlay,Undefined,Popup,Out,1,0,,75.9773,1.719369,-0.750317,2674.414129,72.116978,8:30,5.19534,2.21257,5.6198,-53.19806,-3.49414,-16.32241,2.36735,0.15212,68.78983,-8.048609,-3.666429,0.507419,,,,,,,,,,,,8.06126,-1.88528,-2.13764,50,5.30777,2.04984,-110.17256,1.61205,9.72057,23.02803,-34.4474,FOR_RAM,FOR_RAM,FordhamUniversity,TeamExclusive,Team,20260917-FordhamUniversity-Private-1,315df960-b2d0-11f1-9cb4-878818705a31,74.28269,,,7.18747,,,,,,,e89b69e8-41e5-4fd8-aee7-1d57f68d26e3,2026-09-17,19:44:40.78,2026-09-17T15:44:40.7800320-04:00,2026-09-17T19:44:40.7800320Z,,v3,471298,471298,,"Young, Caden",10264258,Right,FOR_RAM,b48d2928-1a82-45ee-a4d0-c33c4f48b808,54.87965,-111.18781,11.51402,5.20322,3.13076,-17.2237,-2.21857,1.62128,4.86028,,,,,,,,,,,,,,,,,,,,,,,,,,,,,,,,,,,,,,,,,,,,,,,,,,,High,High,High,,,,,
59,2026-09-17,15:45:16.50,3,1,"Sullivan, Maximus",1000401613,Right,FOR_RAM,"Kaufman, Taylor",10314665,Right,FOR_RAM,Undefined,3,Top,1,0,0,Slider,Curveball,HitByPitch,Undefined,Undefined,Undefined,0,0,,74.66851,3.045885,1.957527,2572.933035,65.039858,8:15,5.21575,2.1201,5.43324,-57.07712,-5.20701,-15.18772,3.31609,2.68835,67.39918,-7.405143,-0.744175,0.518358,,,,,,,,,,,,8.295,-3.11917,-2.28242,50,5.44617,-3.12258,-108.10646,3.90611,9.65466,21.74632,-35.80448,FOR_RAM,FOR_RAM,FordhamUniversity,TeamExclusive,Team,20260917-FordhamUniversity-Private-1,469a8730-b2d0-11f1-9cb4-878818705a31,72.71503,,,7.26933,,,,,,,e89b69e8-41e5-4fd8-aee7-1d57f68d26e3,2026-09-17,19:45:16.50,2026-09-17T15:45:16.5053952-04:00,2026-09-17T19:45:16.5053952Z,,v3,471298,471298,,"Young, Caden",10264258,Right,FOR_RAM,ca220a7c-baaa-4164-b542-9223514baaae,55.06645,-109.12086,10.87316,5.22501,5.57626,-17.90224,-2.12626,-3.57294,4.82733,,,,,,,,,,,,,,,,,,,,,,,,,,,,,,,,,,,,,,,,,,,,,,,,,,,High,High,High,,,,,
60,2026-09-17,15:45:50.08,4,1,"Sullivan, Maximus",1000401613,Right,FOR_RAM,"Maryott, Gavin",1000410374,Right,FOR_RAM,Undefined,3,Top,1,0,0,Sinker,Changeup,BallCalled,Undefined,Undefined,Undefined,0,0,,85.95775,-0.540388,-4.715354,2314.546145,260.17313,2:45,5.2961,1.65444,6.69327,-33.02309,4.45327,17.64804,2.0483,-1.19679,77.3558,-6.772782,-1.510462,0.440606,,,,,,,,,,,,-10.76323,2.98398,-1.3454,50,5.24767,9.58813,-124.45384,-2.14729,-16.56666,29.31487,-27.58115,FOR_RAM,FOR_RAM,FordhamUniversity,TeamExclusive,Team,20260917-FordhamUniversity-Private-1,5a928710-b2d0-11f1-9cb4-878818705a31,85.5469,,,8.60195,,,,,,,e89b69e8-41e5-4fd8-aee7-1d57f68d26e3,2026-09-17,19:45:50.08,2026-09-17T15:45:50.0800000-04:00,2026-09-17T19:45:50.0800000Z,,v3,471298,471298,,"Young, Caden",10264258,Right,FOR_RAM,cec7fd56-c49e-4184-8501-f794e75cb40a,53.8028,-125.34638,14.65743,5.30026,-1.30753,-13.79057,-1.645,10.09253,-8.28333,,,,,,,,,,,,,,,,,,,,,,,,,,,,,,,,,,,,,,,,,,,,,,,,,,,High,High,High,,,,,
61,2026-09-17,15:46:07.74,4,2,"Sullivan, Maximus",1000401613,Right,FOR_RAM,"Maryott, Gavin",1000410374,Right,FOR_RAM,Undefined,3,Top,1,1,0,Sinker,Changeup,StrikeCalled,Undefined,Undefined,Undefined,0,0,,86.07756,-0.842229,-5.115397,2388.795195,264.439368,2:45,5.37028,2.06807,6.48001,-34.38285,3.3804,20.07895,1.72855,-0.96822,77.40874,-7.294271,-1.485445,0.442289,,,,,,,,,,,,-12.1076,2.51205,-1.7152,50,5.29638,10.35346,-124.50401,-2.89818,-18.63324,29.5549,-28.30804,FOR_RAM,FOR_RAM,FordhamUniversity,TeamExclusive,Team,20260917-FordhamUniversity-Private-1,6522fed0-b2d0-11f1-9cb4-878818705a31,85.22131,,,8.66883,,,,,,,e89b69e8-41e5-4fd8-aee7-1d57f68d26e3,2026-09-17,19:46:07.74,2026-09-17T15:46:07.7473792-04:00,2026-09-17T19:46:07.7473792Z,,v3,471298,471298,,"Young, Caden",10264258,Right,FOR_RAM,c35d05a6-898f-459d-a02c-fdf1e5b5adbf,54.01666,-125.45386,14.77745,5.37491,-1.98839,-14.15402,-2.05757,10.95231,-9.31662,,,,,,,,,,,,,,,,,,,,,,,,,,,,,,,,,,,,,,,,,,,,,,,,,,,High,High,High,,,,,
62,2026-09-17,15:46:30.68,4,3,"Sullivan, Maximus",1000401613,Right,FOR_RAM,"Maryott, Gavin",1000410374,Right,FOR_RAM,Undefined,3,Top,1,1,1,Sinker,Sinker,BallCalled,Undefined,Undefined,Undefined,0,0,,87.46221,-1.339572,-5.888369,2268.130134,269.199314,3:00,5.23308,1.77471,6.61131,-34.94856,1.76654,21.75533,1.08702,-1.82469,78.20376,-7.907772,-1.951281,0.436108,,,,,,,,,,,,-13.38387,1.88835,-1.38025,50,5.12805,12.15977,-126.28986,-4.05156,-21.05228,31.96026,-29.20377,FOR_RAM,FOR_RAM,FordhamUniversity,TeamExclusive,Team,20260917-FordhamUniversity-Private-1,72e2e490-b2d0-11f1-9cb4-878818705a31,86.42921,,,9.25845,,,,,,,e89b69e8-41e5-4fd8-aee7-1d57f68d26e3,2026-09-17,19:46:30.68,2026-09-17T15:46:30.6888704-04:00,2026-09-17T19:46:30.6888704Z,,v3,471298,471298,,"Young, Caden",10264258,Right,FOR_RAM,4f87805b-3de6-4858-8279-71972d84915b,53.88484,-127.2692,15.98013,5.23849,-3.15668,-14.60189,-1.76274,12.80486,-10.52614,,,,,,,,,,,,,,,,,,,,,,,,,,,,,,,,,,,,,,,,,,,,,,,,,,,High,High,High,,,,,
63,2026-09-17,15:46:50.86,4,4,"Sullivan, Maximus",1000401613,Right,FOR_RAM,"Maryott, Gavin",1000410374,Right,FOR_RAM,Undefined,3,Top,1,2,1,Sinker,Changeup,BallCalled,Undefined,Undefined,Undefined,0,0,,85.90001,-0.54711,-5.684514,2261.33767,260.261929,2:45,5.27005,1.73313,6.71413,-32.97777,4.59327,18.60718,2.01929,-1.92975,77.30182,-6.769003,-2.312643,0.441162,,,,,,,,,,,,-11.58241,3.05673,-1.36138,50,5.22143,11.65329,-124.20149,-2.15288,-17.77342,28.96449,-27.48341,FOR_RAM,FOR_RAM,FordhamUniversity,TeamExclusive,Team,20260917-FordhamUniversity-Private-1,7ed27720-b2d0-11f1-9cb4-878818705a31,85.43899,,,8.59819,,,,,,,e89b69e8-41e5-4fd8-aee7-1d57f68d26e3,2026-09-17,19:46:50.86,2026-09-17T15:46:50.8638720-04:00,2026-09-17T19:46:50.8638720Z,,v3,471298,471298,,"Young, Caden",10264258,Right,FOR_RAM,36ad1f86-38a3-44b3-9879-f81477e78327,53.78237,-125.08045,14.48225,5.27411,-1.31887,-13.7417,-1.7232,12.19264,-8.88671,,,,,,,,,,,,,,,,,,,,,,,,,,,,,,,,,,,,,,,,,,,,,,,,,,,High,High,High,,,,,
64,2026-09-17,15:47:12.66,4,5,"Sullivan, Maximus",1000401613,Right,FOR_RAM,"Maryott, Gavin",1000410374,Right,FOR_RAM,Undefined,3,Top,1,3,1,Sinker,Sinker,BallCalled,Walk,Undefined,Undefined,0,0,,87.05092,0.582962,-5.750302,2261.632178,274.098378,3:15,5.18008,1.89262,6.68667,-36.82896,-0.23646,22.18324,2.6469,-1.53575,78.27473,-6.333787,-1.732419,0.435379,,,,,,,,,,,,-13.38717,0.17744,-1.51463,50,5.20574,11.80147,-125.88322,0.14424,-21.1195,29.57111,-31.89415,FOR_RAM,FOR_RAM,FordhamUniversity,TeamExclusive,Team,20260917-FordhamUniversity-Private-1,8be30a10-b2d0-11f1-9cb4-878818705a31,86.57388,,,8.7762,,,,,,,e89b69e8-41e5-4fd8-aee7-1d57f68d26e3,2026-09-17,19:47:12.66,2026-09-17T15:47:12.6696448-04:00,2026-09-17T19:47:12.6696448Z,,v3,471298,471298,,"Young, Caden",10264258,Right,FOR_RAM,04b5aee5-c385-4ac9-98f9-5ff6156ed21b,53.8108,-126.77524,14.78555,5.18688,1.10635,-15.94707,-1.88024,12.43854,-10.55975,,,,,,,,,,,,,,,,,,,,,,,,,,,,,,,,,,,,,,,,,,,,,,,,,,,High,High,High,,,,,
65,2026-09-17,15:47:43.08,5,1,"Sullivan, Maximus",1000401613,Right,FOR_RAM,"Dean, Mason",1000150670,Left,FOR_RAM,Undefined,3,Top,1,0,0,Sinker,Changeup,StrikeCalled,Undefined,Undefined,Undefined,0,0,,86.09119,-0.02023,-4.260114,2323.240948,250.773693,2:15,5.18067,1.97712,6.78876,-29.42899,8.11674,18.9371,2.70974,-0.3407,76.60069,-5.644253,-0.813238,0.441013,,,,,,,,,,,,-11.38351,4.76776,-1.70516,50,5.1689,8.54263,-124.61041,-0.85899,-17.38638,31.71764,-24.89212,FOR_RAM,FOR_RAM,FordhamUniversity,TeamExclusive,Team,20260917-FordhamUniversity-Private-1,9e12a600-b2d0-11f1-9cb4-878818705a31,85.46781,,,9.4905,,,,,,,e89b69e8-41e5-4fd8-aee7-1d57f68d26e3,2026-09-17,19:47:43.08,2026-09-17T15:47:43.0853120-04:00,2026-09-17T19:47:43.0853120Z,,v3,471298,471298,,"Young, Caden",10264258,Right,FOR_RAM,5f90d780-3fee-4742-9628-9b54cbec3156,53.70453,-125.5498,15.85882,5.18343,-0.12175,-12.44606,-1.9658,9.05757,-8.69319,,,,,,,,,,,,,,,,,,,,,,,,,,,,,,,,,,,,,,,,,,,,,,,,,,,High,High,High,,,,,
66,2026-09-17,15:47:58.51,5,2,"Sullivan, Maximus",1000401613,Right,FOR_RAM,"Dean, Mason",1000150670,Left,FOR_RAM,Undefined,3,Top,1,0,1,Curveball,Curveball,HitByPitch,Undefined,Undefined,Undefined,0,0,,78.1659,1.154653,-3.755002,2838.145233,55.647036,7:45,4.943,1.92372,6.06956,-52.91593,-7.04225,-12.44446,1.60427,-2.59308,71.67693,-8.556364,-5.987975,0.487476,,,,,,,,,,,,5.43335,-3.85851,-1.62537,50,5.00349,7.85998,-113.38375,0.70117,6.99996,22.73208,-37.14509,FOR_RAM,FOR_RAM,FordhamUniversity,TeamExclusive,Team,20260917-FordhamUniversity-Private-1,a73a6600-b2d0-11f1-9cb4-878818705a31,77.32164,,,6.48897,,,,,,,e89b69e8-41e5-4fd8-aee7-1d57f68d26e3,2026-09-17,19:47:58.51,2026-09-17T15:47:58.5123840-04:00,2026-09-17T19:47:58.5123840Z,,v3,471298,471298,,"Young, Caden",10264258,Right,FOR_RAM,5a6a0fb5-0cd0-4a74-9a88-bb76b3ff695e,54.43353,-114.26916,11.36604,4.948,2.14797,-18.57255,-1.9262,7.58733,3.49998,,,,,,,,,,,,,,,,,,,,,,,,,,,,,,,,,,,,,,,,,,,,,,,,,,,High,High,High,,,,,
67,2026-09-17,15:48:30.46,6,1,"Sullivan, Maximus",1000401613,Right,FOR_RAM,"Caron, Michael",1000322224,Left,FOR_RAM,Undefined,3,Top,1,0,0,Sinker,Changeup,FoulBallNotFieldable,Undefined,Undefined,Undefined,0,0,,85.21228,-0.573954,-3.155886,2316.631633,255.051383,2:30,5.23975,1.88808,6.73444,-31.47588,6.08213,18.02536,2.09149,0.50352,77.51865,-6.512758,0.129565,0.441085,,,,,,,,,,,,-10.54875,3.74551,-1.68659,50,5.18977,6.18764,-123.76752,-2.12517,-16.2106,26.84514,-26.41818,FOR_RAM,FOR_RAM,FordhamUniversity,TeamExclusive,Team,20260917-FordhamUniversity-Private-1,ba35b660-b2d0-11f1-9cb4-878818705a31,85.45382,,,7.69363,,,,,,,e89b69e8-41e5-4fd8-aee7-1d57f68d26e3,2026-09-17,19:48:30.46,2026-09-17T15:48:30.4694784-04:00,2026-09-17T19:48:30.4694784Z,,v3,471298,471298,,"Young, Caden",10264258,Right,FOR_RAM,37210ee6-8e1c-4a29-a987-61a5dd9de794,53.76546,-124.58157,13.42257,5.24207,-1.32407,-13.20909,-1.88168,6.67922,-8.1053,,,,,,,,,,,,,,,,,,,,,,,,,,,,,,,,,,,,,,,,,,,,,,,,,,,High,High,High,,,,,
68,2026-09-17,15:48:54.43,6,2,"Sullivan, Maximus",1000401613,Right,FOR_RAM,"Caron, Michael",1000322224,Left,FOR_RAM,Undefined,3,Top,1,0,1,Sinker,Changeup,BallCalled,Undefined,Undefined,Undefined,0,0,,86.34374,-1.043409,-4.88321,2331.281416,241.507816,2:00,5.12565,1.77244,6.82821,-27.15348,9.45245,15.10269,1.90756,-1.43396,78.41778,-6.196967,-2.136338,0.435459,,,,,,,,,,,,-9.69945,5.6674,-1.46389,50,5.04822,10.18787,-125.1707,-3.01223,-15.23211,27.66043,-23.27393,FOR_RAM,FOR_RAM,FordhamUniversity,TeamExclusive,Team,20260917-FordhamUniversity-Private-1,c86cef00-b2d0-11f1-9cb4-878818705a31,86.55801,,,7.92596,,,,,,,e89b69e8-41e5-4fd8-aee7-1d57f68d26e3,2026-09-17,19:48:54.43,2026-09-17T15:48:54.4333312-04:00,2026-09-17T19:48:54.4333312Z,,v3,471298,471298,,"Young, Caden",10264258,Right,FOR_RAM,08a41a0b-0619-464e-a997-1688c6a40bc3,53.67316,-125.97978,13.83022,5.12637,-2.33145,-11.63697,-1.76841,10.63342,-7.61606,,,,,,,,,,,,,,,,,,,,,,,,,,,,,,,,,,,,,,,,,,,,,,,,,,,High,High,High,,,,,
69,2026-09-17,15:50:06.65,6,3,"Sullivan, Maximus",1000401613,Right,FOR_RAM,"Caron, Michael",1000322224,Left,FOR_RAM,Undefined,3,Top,1,1,1,ChangeUp,Changeup,BallCalled,Undefined,Undefined,Undefined,0,2,,82.4483,-1.458214,-4.559764,1794.132817,285.407839,3:30,5.17734,2.11265,6.36205,-45.5129,-3.96362,20.26871,0.03809,-0.40339,74.18754,-9.903213,-0.890757,0.463931,,,,,,,,,,,,-12.20662,-1.09232,-1.79113,50,5.05087,8.76108,-119.29102,-4.45789,-17.11369,28.72973,-33.70548,FOR_RAM,FOR_RAM,FordhamUniversity,TeamExclusive,Team,20260917-FordhamUniversity-Private-1,f37fd9a0-b2d0-11f1-9cb4-878818705a31,81.24584,,,8.26077,,,,,,,e89b69e8-41e5-4fd8-aee7-1d57f68d26e3,2026-09-17,19:50:06.65,2026-09-17T15:50:06.6570240-04:00,2026-09-17T19:50:06.6570240Z,,v3,471298,471298,,"Young, Caden",10264258,Right,FOR_RAM,f883f481-9d30-4568-96b4-6aa63cc4ed24,54.13679,-120.28319,14.36487,5.18472,-3.29389,-16.85274,-2.10389,9.35209,-8.55684,,,,,,,,,,,,,,,,,,,,,,,,,,,,,,,,,,,,,,,,,,,,,,,,,,,High,High,High,,,,,
70,2026-09-17,15:50:44.93,6,4,"Sullivan, Maximus",1000401613,Right,FOR_RAM,"Caron, Michael",1000322224,Left,FOR_RAM,Undefined,3,Top,1,2,1,Sinker,Changeup,InPlay,Undefined,GroundBall,Out,1,0,,85.77857,0.072435,-3.599298,2246.201219,258.909408,2:45,5.17269,1.83878,6.45443,-33.28565,4.33386,15.43206,2.46556,-0.1861,77.70356,-6.173614,-0.804655,0.441446,78.96572,-9.467068,35.782574,,,,,15.24883,14.32272,31.814854,0.119791,-9.2528,2.5954,-1.59062,50,5.16303,7.25316,-124.43872,-0.8472,-14.32936,27.84926,-28.15469,FOR_RAM,FOR_RAM,FordhamUniversity,TeamExclusive,Team,20260917-FordhamUniversity-Private-1,0a5a6000-b2d1-11f1-9cb4-878818705a31,85.38394,2.54521,,8.07501,,,,2.04795,2.54521,0.23813,e89b69e8-41e5-4fd8-aee7-1d57f68d26e3,2026-09-17,19:50:44.93,2026-09-17T15:50:44.9311232-04:00,2026-09-17T19:50:44.9311232Z,GroundBall,v3,471298,471298,,"Young, Caden",10264258,Right,FOR_RAM,6ddfaba2-6899-488a-be3a-1258054cf9a7,54.04492,-125.3407,13.92463,5.1757,0.06467,-14.07735,-1.83305,7.71726,-7.16468,39.930403,2.04809,92.65941,-13.25788,,,,,,,2.54542,-19.07303,-18.17749,,,,,,,0.23833,66.77463,-13.84899,,,,,,,,,,,,,,,,,,,,,,,,,,,,,High,High,High,High,High,,,
71,2026-09-17,15:51:21.44,7,1,"Sullivan, Maximus",1000401613,Right,FOR_RAM,"Grabau, Anthony",1000407420,Left,FOR_RAM,Undefined,3,Top,2,0,0,Sinker,Changeup,BallCalled,Undefined,Undefined,Undefined,0,0,,85.4342,-1.096807,-4.845347,2238.336905,257.169724,2:30,5.17261,2.03329,6.8723,-32.1758,4.86197,16.18123,1.488,-1.04471,78.30366,-7.147377,-1.897411,0.43802,,,,,,,,,,,,-9.91091,3.2728,-1.72991,50,5.09158,9.92826,-123.90605,-3.28018,-15.40187,24.84466,-27.08803,FOR_RAM,FOR_RAM,FordhamUniversity,TeamExclusive,Team,20260917-FordhamUniversity-Private-1,202460c0-b2d1-11f1-9cb4-878818705a31,86.05185,,,7.13054,,,,,,,e89b69e8-41e5-4fd8-aee7-1d57f68d26e3,2026-09-17,19:51:21.44,2026-09-17T15:51:21.4454272-04:00,2026-09-17T19:51:21.4454272Z,,v3,471298,471298,,"Young, Caden",10264258,Right,FOR_RAM,55712a38-2f30-44cd-bcd8-89ee56998bfc,53.62704,-124.63119,12.42233,5.17578,-2.48956,-13.54401,-2.02625,10.3778,-7.70094,,,,,,,,,,,,,,,,,,,,,,,,,,,,,,,,,,,,,,,,,,,,,,,,,,,High,High,High,,,,,
72,2026-09-17,15:51:40.83,7,2,"Sullivan, Maximus",1000401613,Right,FOR_RAM,"Grabau, Anthony",1000407420,Left,FOR_RAM,Undefined,3,Top,2,1,0,Curveball,Sinker,BallCalled,Undefined,Undefined,Undefined,0,0,,86.51953,2.662954,-4.195555,2372.847071,255.876705,2:30,5.25136,2.17181,6.58401,-31.3488,5.07969,15.7665,5.08761,-0.366,78.97833,-3.22167,-1.341027,0.434402,,,,,,,,,,,,-9.30985,2.33036,-1.88946,50,5.42153,8.5919,-125.43109,4.90835,-14.87863,24.6202,-28.44976,FOR_RAM,FOR_RAM,FordhamUniversity,TeamExclusive,Team,20260917-FordhamUniversity-Private-1,2bbcab90-b2d1-11f1-9cb4-878818705a31,86.76852,,,7.5412,,,,,,,e89b69e8-41e5-4fd8-aee7-1d57f68d26e3,2026-09-17,19:51:40.83,2026-09-17T15:51:40.8347648-04:00,2026-09-17T19:51:40.8347648Z,,v3,471298,471298,,"Young, Caden",10264258,Right,FOR_RAM,9e1ee542-b710-45ed-a209-71d34292ce6b,53.91436,-126.19707,12.3101,5.25505,5.79348,-14.22488,-2.16397,9.05481,-7.43931,,,,,,,,,,,,,,,,,,,,,,,,,,,,,,,,,,,,,,,,,,,,,,,,,,,High,High,High,,,,,
73,2026-09-17,15:52:17.10,7,3,"Sullivan, Maximus",1000401613,Right,FOR_RAM,"Grabau, Anthony",1000407420,Left,FOR_RAM,Undefined,3,Top,2,2,0,Sinker,Changeup,FoulBallNotFieldable,Undefined,Undefined,Undefined,0,0,,86.36773,-0.340477,-3.755044,2147.168802,256.570404,2:30,5.17906,2.14193,6.50218,-32.64136,4.04166,12.07347,2.14577,-0.30336,79.07613,-6.442328,-1.567295,0.435917,,,,,,,,,,,,-7.43611,2.53323,-1.88428,50,5.14092,7.78741,-125.39181,-1.73321,-11.82101,25.71907,-28.14706,FOR_RAM,FOR_RAM,FordhamUniversity,TeamExclusive,Team,20260917-FordhamUniversity-Private-1,41444c20-b2d1-11f1-9cb4-878818705a31,86.467,,,7.2916,,,,,,,e89b69e8-41e5-4fd8-aee7-1d57f68d26e3,2026-09-17,19:52:17.10,2026-09-17T15:52:17.1034112-04:00,2026-09-17T19:52:17.1034112Z,,v3,471298,471298,,"Young, Caden",10264258,Right,FOR_RAM,160d3de3-774c-437d-8b43-1f66f3d532e1,53.99815,-126.2092,12.85954,5.18178,-0.83865,-14.07353,-2.13775,8.16311,-5.9105,,,,,,,,,,,,,,,,,,,,,,,,,,,,,,,,,,,,,,,,,,,,,,,,,,,High,High,High,,,,,
74,2026-09-17,15:52:58.60,7,4,"Sullivan, Maximus",1000401613,Right,FOR_RAM,"Grabau, Anthony",1000407420,Left,FOR_RAM,Undefined,3,Top,2,2,1,Sinker,Changeup,BallCalled,Undefined,Undefined,Undefined,0,0,,85.21382,1.903165,-4.189036,2259.637247,259.215696,2:45,5.12887,2.06323,6.65405,-33.15124,5.25512,19.75375,4.1133,-0.13117,75.91557,-4.387701,-0.605132,0.446039,,,,,,,,,,,,-11.66548,2.58874,-1.78698,50,5.24471,8.25248,-123.30758,3.14124,-17.52101,30.11226,-28.28589,FOR_RAM,FOR_RAM,FordhamUniversity,TeamExclusive,Team,20260917-FordhamUniversity-Private-1,5ab13d30-b2d1-11f1-9cb4-878818705a31,84.50476,,,9.29825,,,,,,,e89b69e8-41e5-4fd8-aee7-1d57f68d26e3,2026-09-17,19:52:58.60,2026-09-17T15:52:58.6019328-04:00,2026-09-17T19:52:58.6019328Z,,v3,471298,471298,,"Young, Caden",10264258,Right,FOR_RAM,7c8cf8cc-2832-4d4f-9c4a-752a82ebd31b,53.84016,-124.24183,15.05613,5.13364,4.01882,-14.14295,-2.05145,8.79607,-8.76051,,,,,,,,,,,,,,,,,,,,,,,,,,,,,,,,,,,,,,,,,,,,,,,,,,,High,High,High,,,,,
75,2026-09-17,15:53:18.70,7,5,"Sullivan, Maximus",1000401613,Right,FOR_RAM,"Grabau, Anthony",1000407420,Left,FOR_RAM,Undefined,3,Top,2,3,1,Sinker,Changeup,BallCalled,Walk,Undefined,Undefined,0,0,,84.31629,1.852143,-1.899151,2258.125412,259.116085,2:45,5.19498,1.93976,6.58216,-34.02726,5.07717,18.75265,4.05826,1.7614,75.4398,-4.593712,1.508928,0.450075,,,,,,,,,,,,-10.32548,2.51819,-1.81567,50,5.30857,3.32056,-122.27426,2.95698,-15.27802,29.20213,-28.448,FOR_RAM,FOR_RAM,FordhamUniversity,TeamExclusive,Team,20260917-FordhamUniversity-Private-1,65f43c10-b2d1-11f1-9cb4-878818705a31,83.74711,,,8.87649,,,,,,,e89b69e8-41e5-4fd8-aee7-1d57f68d26e3,2026-09-17,19:53:18.70,2026-09-17T15:53:18.7019264-04:00,2026-09-17T19:53:18.7019264Z,,v3,471298,471298,,"Young, Caden",10264258,Right,FOR_RAM,76ee9d67-4e21-410f-9deb-751aae49b1e7,53.91224,-123.20505,14.60106,5.19987,3.86373,-14.224,-1.92927,3.80754,-7.63901,,,,,,,,,,,,,,,,,,,,,,,,,,,,,,,,,,,,,,,,,,,,,,,,,,,High,High,High,,,,,
76,2026-09-17,15:53:52.77,8,1,"Sullivan, Maximus",1000401613,Right,FOR_RAM,"Rubin, Jack",10076675,Right,FOR_RAM,Undefined,3,Top,2,0,0,Slider,Curveball,BallCalled,Undefined,Undefined,Undefined,0,0,,76.59602,1.887791,-2.093337,2525.934453,79.453842,8:45,5.00676,2.01443,5.96428,-49.22207,-1.1015,-14.71887,2.6571,-1.15398,69.59781,-7.208215,-4.734354,0.499272,,,,,,,,,,,,6.83705,-0.62205,-1.84053,50,5.12973,4.60282,-111.07518,2.15541,8.42388,22.45583,-32.94045,FOR_RAM,FOR_RAM,FordhamUniversity,TeamExclusive,Team,20260917-FordhamUniversity-Private-1,7a4c0f30-b2d1-11f1-9cb4-878818705a31,75.49486,,,6.9982,,,,,,,e89b69e8-41e5-4fd8-aee7-1d57f68d26e3,2026-09-17,19:53:52.77,2026-09-17T15:53:52.7710208-04:00,2026-09-17T19:53:52.7710208Z,,v3,471298,471298,,"Young, Caden",10264258,Right,FOR_RAM,babb0f98-93dc-4c21-94b3-d40c4e611a68,54.53352,-111.98796,11.22792,5.0149,3.49437,-16.47022,-2.02067,4.2604,4.21194,,,,,,,,,,,,,,,,,,,,,,,,,,,,,,,,,,,,,,,,,,,,,,,,,,,High,High,High,,,,,
77,2026-09-17,15:54:57.62,8,2,"Sullivan, Maximus",1000401613,Right,FOR_RAM,"Rubin, Jack",10076675,Right,FOR_RAM,Undefined,3,Top,2,1,0,Sinker,Changeup,StrikeCalled,Undefined,Undefined,Undefined,0,0,,84.22039,0.807954,-3.905597,2206.190514,245.945611,2:15,5.15417,1.87095,6.68591,-30.8897,7.66886,14.28182,3.32077,-0.51656,76.44836,-5.033281,-1.311404,0.446922,,,,,,,,,,,,-8.64288,4.20622,-1.61484,50,5.19616,7.81552,-122.16966,0.86475,-12.96791,25.69565,-25.86299,FOR_RAM,FOR_RAM,FordhamUniversity,TeamExclusive,Team,20260917-FordhamUniversity-Private-1,a0fd2650-b2d1-11f1-9cb4-878818705a31,84.33783,,,7.77203,,,,,,,e89b69e8-41e5-4fd8-aee7-1d57f68d26e3,2026-09-17,19:54:57.62,2026-09-17T15:54:57.6218624-04:00,2026-09-17T19:54:57.6218624Z,,v3,471298,471298,,"Young, Caden",10264258,Right,FOR_RAM,ebcd6650-8a0a-4b84-9b50-d502c785e030,53.8114,-122.96869,12.84782,5.15677,1.66898,-12.93149,-1.86414,8.21877,-6.48395,,,,,,,,,,,,,,,,,,,,,,,,,,,,,,,,,,,,,,,,,,,,,,,,,,,High,High,High,,,,,
78,2026-09-17,15:55:43.84,8,3,"Sullivan, Maximus",1000401613,Right,FOR_RAM,"Rubin, Jack",10076675,Right,FOR_RAM,Undefined,3,Top,2,1,1,Slider,Curveball,BallCalled,Undefined,Undefined,Undefined,0,1,,77.26269,2.513694,-2.824826,2814.550928,78.489341,8:30,4.91898,2.09245,5.598,-48.52747,-0.57169,-10.72879,3.22619,-1.44103,70.15836,-6.397909,-4.733566,0.498416,,,,,,,,,,,,4.53288,-0.56677,-1.84322,50,5.1035,5.934,-111.87858,3.3415,5.6812,22.28352,-32.8844,FOR_RAM,FOR_RAM,FordhamUniversity,TeamExclusive,Team,20260917-FordhamUniversity-Private-1,bc91d960-b2d1-11f1-9cb4-878818705a31,75.62447,,,7.10433,,,,,,,e89b69e8-41e5-4fd8-aee7-1d57f68d26e3,2026-09-17,19:55:43.84,2026-09-17T15:55:43.8410000-04:00,2026-09-17T19:55:43.8410000Z,,v3,471298,471298,,"Young, Caden",10264258,Right,FOR_RAM,b4c939a2-e712-4923-b3bc-1fe35c2c367b,54.89976,-112.85027,11.14176,4.92653,4.77546,-16.4422,-2.09657,5.68626,2.8406,,,,,,,,,,,,,,,,,,,,,,,,,,,,,75.16141,2.057414,0.749773,1.307642,-0.69375,2.98152,1.61719,-0.24848,6.07783,1.69007,127.27817,2.47433,-0.5752,-0.13719,108.19462,-8.33854,6.09454,12.66736,-11.82619,1.67391,-3.03312,1.02039,High,High,High,,,High,Medium,Medium
79,2026-09-17,15:56:14.02,8,4,"Sullivan, Maximus",1000401613,Right,FOR_RAM,"Rubin, Jack",10076675,Right,FOR_RAM,Undefined,3,Top,2,2,1,Sinker,Sinker,FoulBallNotFieldable,Undefined,Undefined,Undefined,0,0,,85.05516,-1.244233,-3.373942,2168.740925,265.587403,2:45,5.15795,1.85296,6.43551,-35.89758,3.21595,20.68497,1.02089,0.4725,75.7122,-7.997403,0.377394,0.450127,,,,,,,,,,,,-12.19579,2.55484,-1.62211,50,5.0535,6.48518,-123.16138,-3.75989,-18.07245,32.48418,-28.38811,FOR_RAM,FOR_RAM,FordhamUniversity,TeamExclusive,Team,20260917-FordhamUniversity-Private-1,ce715980-b2d1-11f1-9cb4-878818705a31,83.73739,,,9.34296,,,,,,,e89b69e8-41e5-4fd8-aee7-1d57f68d26e3,2026-09-17,19:56:14.02,2026-09-17T15:56:14.0237824-04:00,2026-09-17T19:56:14.0237824Z,,v3,471298,471298,,"Young, Caden",10264258,Right,FOR_RAM,e6c00045-f5cf-4a90-bfd5-0fd0a8fe9f95,54.06226,-124.22819,16.24209,5.16167,-2.82759,-14.19406,-1.84484,7.07869,-9.03623,,,,,,,,,,,,,,,,,,,,,,,,,,,,,,,,,,,,,,,,,,,,,,,,,,,High,High,High,,,,,
80,2026-09-17,15:56:54.70,8,5,"Sullivan, Maximus",1000401613,Right,FOR_RAM,"Rubin, Jack",10076675,Right,FOR_RAM,Undefined,3,Top,2,2,2,Sinker,Sinker,BallCalled,Undefined,Undefined,Undefined,0,0,,85.75161,-0.014532,-6.136263,2233.35639,264.987742,2:45,5.17578,1.91239,6.75925,-34.58927,3.26662,20.50663,2.27999,-2.00473,76.74368,-6.547923,-2.421688,0.442831,,,,,,,,,,,,-12.77993,2.22323,-1.51532,50,5.1626,12.52602,-123.85457,-1.04377,-19.41107,29.85301,-28.79724,FOR_RAM,FOR_RAM,FordhamUniversity,TeamExclusive,Team,20260917-FordhamUniversity-Private-1,e6b69370-b2d1-11f1-9cb4-878818705a31,85.11699,,,9.00793,,,,,,,e89b69e8-41e5-4fd8-aee7-1d57f68d26e3,2026-09-17,19:56:54.70,2026-09-17T15:56:54.7030016-04:00,2026-09-17T19:56:54.7030016Z,,v3,471298,471298,,"Young, Caden",10264258,Right,FOR_RAM,1db9a428-5dfb-489f-9304-9ad1c089351e,53.73658,-124.75196,14.9265,5.18096,-0.17812,-14.39862,-1.90063,13.10952,-9.70554,,,,,,,,,,,,,,,,,,,,,,,,,,,,,,,,,,,,,,,,,,,,,,,,,,,High,High,High,,,,,
81,2026-09-17,15:57:12.88,8,6,"Sullivan, Maximus",1000401613,Right,FOR_RAM,"Rubin, Jack",10076675,Right,FOR_RAM,Undefined,3,Top,2,3,2,Sinker,Changeup,BallCalled,Walk,Undefined,Undefined,0,0,,85.70078,0.551669,-5.1593,2280.249903,263.077238,2:45,5.22681,1.76986,6.64331,-34.01923,3.80197,19.67005,2.89892,-1.3264,76.93797,-5.866107,-1.596012,0.442628,,,,,,,,,,,,-11.92253,2.28437,-1.42736,50,5.25114,10.43167,-123.99431,0.18685,-18.21751,29.07759,-28.68353,FOR_RAM,FOR_RAM,FordhamUniversity,TeamExclusive,Team,20260917-FordhamUniversity-Private-1,f18d6300-b2d1-11f1-9cb4-878818705a31,85.15599,,,8.76281,,,,,,,e89b69e8-41e5-4fd8-aee7-1d57f68d26e3,2026-09-17,19:57:12.88,2026-09-17T15:57:12.8820000-04:00,2026-09-17T19:57:12.8820000Z,,v3,471298,471298,,"Young, Caden",10264258,Right,FOR_RAM,e68dfece-b752-468a-9143-fc215dd93099,53.85293,-124.89458,14.53879,5.23161,1.07492,-14.34176,-1.75906,10.99571,-9.10875,,,,,,,,,,,,,,,,,,,,,,,,,,,,,71.02659,1.717091,0.770509,0.946582,-1.37815,2.60224,1.39963,-2.64378,6.16599,-1.19802,65.05262,2.88745,-59.73358,-2.6184,76.81577,-5.66955,6.18871,9.80458,-14.08317,-1.23653,-68.62399,7.27606,High,High,High,,,High,Medium,Low
82,2026-09-17,15:58:11.03,9,1,"Sullivan, Maximus",1000401613,Right,FOR_RAM,"Hanawalt, Chase",1000367090,Left,FOR_RAM,Undefined,3,Top,2,0,0,Sinker,Changeup,StrikeCalled,Undefined,Undefined,Undefined,0,0,,85.36276,0.613237,-3.142711,2283.231972,247.18855,2:15,5.10356,2.06143,6.59542,-29.73478,8.02937,15.96572,3.18838,0.50967,77.18864,-5.01606,-0.243156,0.442294,,,,,,,,,,,,-9.28414,4.43792,-1.85219,50,5.13342,6.19012,-123.86206,0.47495,-14.25513,27.42928,-25.35996,FOR_RAM,FOR_RAM,FordhamUniversity,TeamExclusive,Team,20260917-FordhamUniversity-Private-1,144a3580-b2d2-11f1-9cb4-878818705a31,85.22027,,,8.17412,,,,,,,e89b69e8-41e5-4fd8-aee7-1d57f68d26e3,2026-09-17,19:58:11.03,2026-09-17T15:58:11.0318080-04:00,2026-09-17T19:58:11.0318080Z,,v3,471298,471298,,"Young, Caden",10264258,Right,FOR_RAM,c631bfe0-7878-429e-b2e4-e8a05108d7d6,53.90102,-124.72295,13.71464,5.10602,1.27089,-12.67998,-2.0535,6.63752,-7.12757,,,,,,,,,,,,,,,,,,,,,,,,,,,,,,,,,,,,,,,,,,,,,,,,,,,High,High,High,,,,,
83,2026-09-17,15:58:33.05,9,2,"Sullivan, Maximus",1000401613,Right,FOR_RAM,"Hanawalt, Chase",1000367090,Left,FOR_RAM,Undefined,3,Top,2,0,1,Sinker,Changeup,StrikeCalled,Undefined,Undefined,Undefined,0,0,,84.87569,0.868987,-3.431906,2269.489513,246.882389,2:15,5.20171,2.32672,6.4864,-30.42336,7.87087,15.37812,3.46574,0.45363,76.88947,-4.871544,-0.646504,0.445388,,,,,,,,,,,,-9.02997,4.25823,-2.09156,50,5.24967,6.79549,-123.12198,0.98284,-13.73524,26.51687,-25.69695,FOR_RAM,FOR_RAM,FordhamUniversity,TeamExclusive,Team,20260917-FordhamUniversity-Private-1,21579420-b2d2-11f1-9cb4-878818705a31,84.62838,,,7.98623,,,,,,,e89b69e8-41e5-4fd8-aee7-1d57f68d26e3,2026-09-17,19:58:33.05,2026-09-17T15:58:33.0540032-04:00,2026-09-17T19:58:33.0540032Z,,v3,471298,471298,,"Young, Caden",10264258,Right,FOR_RAM,70a58a9f-e43e-4c09-8650-1225d97f53cf,54.01063,-123.98275,13.25844,5.20423,1.81699,-12.84847,-2.31938,7.24135,-6.86762,,,,,,,,,,,,,,,,,,,,,,,,,,,,,,,,,,,,,,,,,,,,,,,,,,,High,High,High,,,,,
84,2026-09-17,15:59:07.71,9,3,"Sullivan, Maximus",1000401613,Right,FOR_RAM,"Hanawalt, Chase",1000367090,Left,FOR_RAM,Undefined,3,Top,2,0,2,ChangeUp,Changeup,InPlay,Undefined,GroundBall,Out,1,0,,81.17838,-0.085072,-3.839665,1520.735428,275.459687,3:15,5.11406,2.06404,6.40565,-42.22963,0.29614,13.69024,1.51653,-0.33101,73.08075,-7.974879,-1.361785,0.469351,97.34914,-3.254938,23.012427,,,,,24.05349,21.2089,23.013894,0.164727,-8.52351,0.58697,-1.79495,50,5.08889,7.40535,-117.62295,-1.42057,-11.66652,27.09159,-31.37064,FOR_RAM,FOR_RAM,FordhamUniversity,TeamExclusive,Team,20260917-FordhamUniversity-Private-1,35fdae50-b2d2-11f1-9cb4-878818705a31,80.30764,1.57264,,8.09763,,,,1.23881,1.57264,0.28933,e89b69e8-41e5-4fd8-aee7-1d57f68d26e3,2026-09-17,19:59:07.71,2026-09-17T15:59:07.7152768-04:00,2026-09-17T19:59:07.7152768Z,GroundBall,v3,471298,471298,,"Young, Caden",10264258,Right,FOR_RAM,5875aab3-703a-47ca-99ec-f6c2b09f6da2,54.09294,-118.56191,13.54579,5.11928,-0.3333,-15.68532,-2.05862,7.8097,-5.83326,238.34044,1.2401,131.10045,-25.72738,,,,,,,1.57255,-8.09968,-8.77951,,,,,,,0.28927,55.73174,-2.42979,,,,,,,,,,,,,,,,,,,,,,,,,,,,,High,High,High,High,High,,,
85,2026-09-17,16:01:22.12,1,1,"Gaskin, Brendan",1000526489,Left,FOR_RAM,"Reina, Braedon",10305192,Left,FOR_RAM,Undefined,3,Bottom,0,0,0,Cutter,Slider,BallinDirt,Undefined,Undefined,Undefined,0,0,,84.23747,0.232953,2.128685,2570.72639,173.433698,11:45,5.17761,-1.77046,5.32877,-30.10801,10.4906,-1.04736,2.88735,0.14053,76.36603,-5.338735,1.942845,0.458593,,,,,,,,,,,,1.16504,5.60764,1.57878,50,5.17744,-4.49068,-122.05124,-0.54695,1.74239,25.93091,-23.78731,FOR_RAM,FOR_RAM,FordhamUniversity,TeamExclusive,Team,20260917-FordhamUniversity-Private-1,86197e50-b2d2-11f1-9cb4-878818705a31,82.19154,,,7.87144,,,,,,,e89b69e8-41e5-4fd8-aee7-1d57f68d26e3,2026-09-17,20:01:22.12,2026-09-17T16:01:22.1268992-04:00,2026-09-17T20:01:22.1268992Z,,v3,471298,471298,,"Player, Practice",111,Right,FOR_RAM,d7cf13c6-fdc8-4a6c-b9ed-afe7f4d5ea73,55.16587,-123.14389,12.96546,5.17937,0.45537,-11.89366,1.76954,-4.56409,0.87119,,,,,,,,,,,,,,,,,,,,,,,,,,,,,,,,,,,,,,,,,,,,,,,,,,,High,High,High,,,,,
86,2026-09-17,16:01:39.49,1,2,"Gaskin, Brendan",1000526489,Left,FOR_RAM,"Reina, Braedon",10305192,Left,FOR_RAM,Undefined,3,Bottom,0,1,0,Cutter,Slider,BallCalled,Undefined,Undefined,Undefined,0,0,,84.00065,-0.42071,3.642401,2539.805151,176.177684,11:45,5.25833,-1.65413,5.2708,-32.14793,9.13705,-0.51035,2.18336,1.72932,75.81318,-6.348293,3.552136,0.462453,,,,,,,,,,,,1.42516,5.15886,1.32123,50,5.19673,-7.70847,-121.44669,-2.02409,2.09675,27.09317,-24.58409,FOR_RAM,FOR_RAM,FordhamUniversity,TeamExclusive,Team,20260917-FordhamUniversity-Private-1,90a4ed00-b2d2-11f1-9cb4-878818705a31,81.5055,,,8.18747,,,,,,,e89b69e8-41e5-4fd8-aee7-1d57f68d26e3,2026-09-17,20:01:39.49,2026-09-17T16:01:39.4995712-04:00,2026-09-17T20:01:39.4995712Z,,v3,471298,471298,,"Player, Practice",111,Right,FOR_RAM,0d832d73-4d9a-49f1-b13a-0e8bfd4c62c1,55.22292,-122.60632,13.54659,5.26085,-0.97186,-12.29204,1.65308,-7.79822,1.04838,,,,,,,,,,,,,,,,,,,,,,,,,,,,,,,,,,,,,,,,,,,,,,,,,,,High,High,High,,,,,
87,2026-09-17,16:01:56.57,1,3,"Gaskin, Brendan",1000526489,Left,FOR_RAM,"Reina, Braedon",10305192,Left,FOR_RAM,Undefined,3,Bottom,0,2,0,Fastball,Four-Seam,StrikeCalled,Undefined,Undefined,Undefined,0,0,,87.3058,-0.967119,2.892216,2390.980742,154.716951,11:15,5.4391,-1.72399,5.69074,-16.95525,20.03725,-8.9041,3.12359,0.2318,79.66802,-4.194,1.303097,0.437752,,,,,,,,,,,,5.30087,10.78469,1.48625,50,5.3472,-6.01401,-126.61811,-2.62614,8.60913,25.75174,-14.65869,FOR_RAM,FOR_RAM,FordhamUniversity,TeamExclusive,Team,20260917-FordhamUniversity-Private-1,9aa8dc30-b2d2-11f1-9cb4-878818705a31,86.10452,,,7.63778,,,,,,,e89b69e8-41e5-4fd8-aee7-1d57f68d26e3,2026-09-17,20:01:56.57,2026-09-17T16:01:56.5753344-04:00,2026-09-17T20:01:56.5753344Z,,v3,471298,471298,,"Player, Practice",111,Right,FOR_RAM,ae3cb92b-fdb9-427e-8d8e-249ea9be2179,54.80596,-127.59181,12.87587,5.43602,-2.07188,-7.32935,1.7198,-6.33952,4.30456,,,,,,,,,,,,,,,,,,,,,,,,,,,,,,,,,,,,,,,,,,,,,,,,,,,High,High,High,,,,,
88,2026-09-17,16:02:16.01,1,4,"Gaskin, Brendan",1000526489,Left,FOR_RAM,"Reina, Braedon",10305192,Left,FOR_RAM,Undefined,3,Bottom,0,2,1,Fastball,Four-Seam,BallCalled,Undefined,Undefined,Undefined,0,0,,87.69248,0.711184,4.091805,2357.934821,143.499061,10:45,5.30282,-1.63125,5.99274,-20.7669,15.6691,-10.71453,4.23303,1.27427,79.66399,-3.224246,2.173134,0.434447,,,,,,,,,,,,6.60981,8.178,1.31388,50,5.34747,-8.633,-127.03693,0.9688,10.77405,26.6448,-18.84387,FOR_RAM,FOR_RAM,FordhamUniversity,TeamExclusive,Team,20260917-FordhamUniversity-Private-1,a63dcba0-b2d2-11f1-9cb4-878818705a31,86.75959,,,8.0285,,,,,,,e89b69e8-41e5-4fd8-aee7-1d57f68d26e3,2026-09-17,20:02:16.01,2026-09-17T16:02:16.0150528-04:00,2026-09-17T20:02:16.0150528Z,,v3,471298,471298,,"Player, Practice",111,Right,FOR_RAM,32f95bee-e563-4301-955d-94f260ce3f5e,54.5029,-127.97788,13.3224,5.30151,1.63427,-9.42194,1.62547,-9.01348,5.38702,,,,,,,,,,,,,,,,,,,,,,,,,,,,,,,,,,,,,,,,,,,,,,,,,,,High,High,High,,,,,
89,2026-09-17,16:02:32.92,1,5,"Gaskin, Brendan",1000526489,Left,FOR_RAM,"Reina, Braedon",10305192,Left,FOR_RAM,Undefined,3,Bottom,0,3,2,Slider,Slider,StrikeSwinging,Strikeout,Undefined,Undefined,0,0,,79.57933,1.99197,1.525474,2814.694754,244.859149,2:15,5.14948,-1.792,5.26301,-39.45935,6.1028,9.77493,3.73398,0.45603,72.26633,-5.256804,3.256981,0.485818,,,,,,,,,,,,-4.39193,2.93366,1.64501,50,5.30322,-3.47773,-115.29879,2.66073,-5.86858,22.9116,-28.25401,FOR_RAM,FOR_RAM,FordhamUniversity,TeamExclusive,Team,20260917-FordhamUniversity-Private-1,b08b46f0-b2d2-11f1-9cb4-878818705a31,77.58551,,,7.313,,,,,,,e89b69e8-41e5-4fd8-aee7-1d57f68d26e3,2026-09-17,20:02:32.92,2026-09-17T16:02:32.9210368-04:00,2026-09-17T20:02:32.9210368Z,,v3,471298,471298,,"Player, Practice",111,Right,FOR_RAM,addb924b-34fb-425e-b0eb-353ee618987b,55.23281,-116.33398,11.4558,5.15417,3.9373,-14.12701,1.79615,-3.21258,-2.93429,,,,,,,,,,,,,,,,,,,,,,,,,,,,,,,,,,,,,,,,,,,,,,,,,,,High,High,High,,,,,
90,2026-09-17,16:03:08.72,2,1,"Gaskin, Brendan",1000526489,Left,FOR_RAM,"Dieguez, Matthew",10131275,Right,FOR_RAM,Undefined,3,Bottom,1,0,0,Cutter,Slider,StrikeCalled,Undefined,Undefined,Undefined,0,0,,83.56537,0.066096,1.349397,2545.647036,179.889421,12:00,5.11785,-1.79446,5.49931,-30.84663,9.59465,-0.01614,2.60914,-0.53344,76.75429,-5.623027,1.346519,0.457703,,,,,,,,,,,,0.3663,5.21461,1.67653,50,5.10298,-2.85753,-121.33814,-0.9095,0.54851,22.77062,-24.36587,FOR_RAM,FOR_RAM,FordhamUniversity,TeamExclusive,Team,20260917-FordhamUniversity-Private-1,c5c71170-b2d2-11f1-9cb4-878818705a31,82.35128,,,6.81108,,,,,,,e89b69e8-41e5-4fd8-aee7-1d57f68d26e3,2026-09-17,20:03:08.72,2026-09-17T16:03:08.7296512-04:00,2026-09-17T20:03:08.7296512Z,,v3,471298,471298,,"Player, Practice",111,Right,FOR_RAM,e48d4e09-503e-44f5-b858-8cb095471587,54.99748,-122.27239,11.38531,5.11979,0.09019,-12.18294,1.79423,-2.88004,0.27426,,,,,,,,,,,,,,,,,,,,,,,,,,,,,,,,,,,,,,,,,,,,,,,,,,,High,High,High,,,,,
91,2026-09-17,16:03:26.15,2,2,"Gaskin, Brendan",1000526489,Left,FOR_RAM,"Dieguez, Matthew",10131275,Right,FOR_RAM,Undefined,3,Bottom,1,0,1,Slider,Slider,FoulBallNotFieldable,Undefined,Undefined,Undefined,0,0,,79.11802,1.612133,1.361293,2641.000147,256.529261,2:30,5.21733,-1.78368,5.29942,-42.19683,2.95004,7.13304,3.21525,0.08898,73.26945,-6.070469,2.626812,0.483599,56.50143,58.641309,119.872133,4634.072601,,,,,18.2939,,,-3.25957,1.44126,1.65448,50,5.33287,-3.01239,-114.94678,1.7902,-4.41134,19.00704,-30.22355,FOR_RAM,FOR_RAM,FordhamUniversity,TeamExclusive,Team,20260917-FordhamUniversity-Private-1,d00ac8c0-b2d2-11f1-9cb4-878818705a31,77.94157,29.25257,,5.84857,,,,0.50532,3.18816,-0.14192,e89b69e8-41e5-4fd8-aee7-1d57f68d26e3,2026-09-17,20:03:26.15,2026-09-17T16:03:26.1551104-04:00,2026-09-17T20:03:26.1551104Z,,v3,471298,471298,,"Player, Practice",111,Right,FOR_RAM,af8dde7f-6f8c-42e6-b84d-ba03c418a536,55.20112,-115.80362,9.50352,5.22146,3.15268,-15.11178,1.7858,-2.81353,-2.20567,338.244958,0.51195,-21.68365,-1.97907,,,,,,,3.20307,70.3078,-25.35817,,,,,,,-0.14044,37.35102,-3.17368,,,,,,,,,,,,,,,,,,,,,,,,,,,,,High,High,High,High,Undefined,,,
92,2026-09-17,16:03:49.27,2,3,"Gaskin, Brendan",1000526489,Left,FOR_RAM,"Dieguez, Matthew",10131275,Right,FOR_RAM,Undefined,3,Bottom,1,0,2,ChangeUp,Changeup,BallCalled,Undefined,Undefined,Undefined,0,0,,81.41524,-1.724898,2.843612,1689.924606,105.653477,9:30,4.93098,-1.67992,5.80669,-35.69565,7.31185,-20.46643,0.3498,-0.73883,73.71019,-8.339781,-0.826605,0.472002,,,,,,,,,,,,11.46772,4.71925,1.4592,50,4.76809,-5.0713,-117.95981,-4.68506,15.88007,26.03712,-25.639,FOR_RAM,FOR_RAM,FordhamUniversity,TeamExclusive,Team,20260917-FordhamUniversity-Private-1,ddd95480-b2d2-11f1-9cb4-878818705a31,79.8566,,,7.70505,,,,,,,e89b69e8-41e5-4fd8-aee7-1d57f68d26e3,2026-09-17,20:03:49.27,2026-09-17T16:03:49.2787200-04:00,2026-09-17T20:03:49.2787200Z,,v3,471298,471298,,"Player, Practice",111,Right,FOR_RAM,e838f591-3e75-4ca3-9327-8f8349213dce,54.69232,-118.99103,13.01856,4.93354,-3.6696,-12.8195,1.67251,-5.70025,7.94003,,,,,,,,,,,,,,,,,,,,,,,,,,,,,,,,,,,,,,,,,,,,,,,,,,,High,High,High,,,,,
93,2026-09-17,16:04:09.65,2,4,"Gaskin, Brendan",1000526489,Left,FOR_RAM,"Dieguez, Matthew",10131275,Right,FOR_RAM,Undefined,3,Bottom,1,1,2,Cutter,Slider,FoulBallNotFieldable,Undefined,Undefined,Undefined,0,0,,84.19064,0.917096,2.115711,2624.309069,192.404611,12:30,5.15293,-1.84836,5.36937,-32.4886,7.89461,1.44795,3.30608,0.25688,76.68398,-5.070622,2.372741,0.457374,,,,,,,,,,,,-0.11181,4.11693,1.65756,50,5.21254,-4.57213,-122.05144,0.8102,-0.16812,24.74901,-25.98407,FOR_RAM,FOR_RAM,FordhamUniversity,TeamExclusive,Team,20260917-FordhamUniversity-Private-1,ea097280-b2d2-11f1-9cb4-878818705a31,82.41048,,,7.50666,,,,,,,e89b69e8-41e5-4fd8-aee7-1d57f68d26e3,2026-09-17,20:04:09.65,2026-09-17T16:04:09.6524800-04:00,2026-09-17T20:04:09.6524800Z,,v3,471298,471298,,"Player, Practice",111,Right,FOR_RAM,28c0b59c-4071-4dc8-b30c-6641c286a6c0,55.12602,-123.08648,12.3745,5.15593,1.8969,-12.99203,1.84863,-4.5651,-0.08406,,,,,,,,,,,,,,,,,,,,,,,,,,,,,,,,,,,,,,,,,,,,,,,,,,,High,High,High,,,,,
94,2026-09-17,16:04:35.43,2,5,"Gaskin, Brendan",1000526489,Left,FOR_RAM,"Dieguez, Matthew",10131275,Right,FOR_RAM,Undefined,3,Bottom,1,1,2,Fastball,Four-Seam,BallCalled,Undefined,Undefined,Undefined,0,0,,87.56195,1.201057,1.721738,2363.538686,153.177817,11:00,5.35774,-1.57783,5.97464,-19.21753,17.72438,-8.28209,4.87037,-0.67142,78.51004,-2.493462,0.234273,0.437453,,,,,,,,,,,,4.74142,9.04103,1.44579,50,5.4421,-3.453,-126.88149,2.13218,7.60054,29.99664,-17.68113,FOR_RAM,FOR_RAM,FordhamUniversity,TeamExclusive,Team,20260917-FordhamUniversity-Private-1,f95aa6a0-b2d2-11f1-9cb4-878818705a31,86.16349,,,9.05191,,,,,,,e89b69e8-41e5-4fd8-aee7-1d57f68d26e3,2026-09-17,20:04:35.43,2026-09-17T16:04:35.4387968-04:00,2026-09-17T20:04:35.4387968Z,,v3,471298,471298,,"Player, Practice",111,Right,FOR_RAM,98d0c2bb-3cfb-4d3e-9b84-c798011b95ad,54.51758,-127.94505,14.99832,5.35538,2.75908,-8.84056,1.573,-3.72249,3.80027,,,,,,,,,,,,,,,,,,,,,,,,,,,,,,,,,,,,,,,,,,,,,,,,,,,High,High,High,,,,,
95,2026-09-17,16:04:54.95,2,6,"Gaskin, Brendan",1000526489,Left,FOR_RAM,"Dieguez, Matthew",10131275,Right,FOR_RAM,Undefined,3,Bottom,1,2,2,Cutter,Cutter,BallCalled,Undefined,Undefined,Undefined,0,0,,84.88822,-0.439041,4.496399,2560.161718,158.737332,11:15,5.09839,-1.82569,5.6293,-30.2134,9.69922,-3.21457,2.16968,2.11048,76.63959,-6.050437,3.925172,0.454702,,,,,,,,,,,,3.13264,5.43107,1.4444,50,5.04165,-9.52657,-122.7731,-1.93929,4.70273,28.038,-24.0209,FOR_RAM,FOR_RAM,FordhamUniversity,TeamExclusive,Team,20260917-FordhamUniversity-Private-1,050233b0-b2d3-11f1-9cb4-878818705a31,82.89487,,,8.24863,,,,,,,e89b69e8-41e5-4fd8-aee7-1d57f68d26e3,2026-09-17,20:04:54.95,2026-09-17T16:04:54.9505536-04:00,2026-09-17T20:04:54.9505536Z,,v3,471298,471298,,"Player, Practice",111,Right,FOR_RAM,66eccf2f-fe41-4728-bfff-663964d0c5c8,54.86997,-123.88028,14.019,5.0995,-0.99074,-12.01045,1.82425,-9.71227,2.35136,,,,,,,,,,,,,,,,,,,,,,,,,,,,,,,,,,,,,,,,,,,,,,,,,,,High,High,High,,,,,
96,2026-09-17,16:05:56.93,2,7,"Gaskin, Brendan",1000526489,Left,FOR_RAM,"Dieguez, Matthew",10131275,Right,FOR_RAM,Undefined,3,Bottom,1,3,2,Cutter,Slider,BallCalled,Walk,Undefined,Undefined,0,0,,85.54994,0.428312,1.151381,2387.699566,128.94981,10:15,5.19524,-1.77461,5.7421,-31.89647,6.90189,-6.86587,2.93609,-1.27458,77.40315,-5.503827,-0.077804,0.44831,,,,,,,,,,,,3.81689,3.80614,1.68294,50,5.21172,-2.19995,-124.07829,-0.15447,5.88206,27.48559,-26.30854,FOR_RAM,FOR_RAM,FordhamUniversity,TeamExclusive,Team,20260917-FordhamUniversity-Private-1,2a102220-b2d3-11f1-9cb4-878818705a31,84.07678,,,8.14679,,,,,,,e89b69e8-41e5-4fd8-aee7-1d57f68d26e3,2026-09-17,20:05:56.93,2026-09-17T16:05:56.9383936-04:00,2026-09-17T20:05:56.9383936Z,,v3,471298,471298,,"Player, Practice",111,Right,FOR_RAM,b11e8cb0-84d4-4bcf-9d05-022da6b1c9f9,54.75278,-125.12669,13.74279,5.19847,0.84904,-13.15427,1.77114,-2.42431,2.94103,,,,,,,,,,,,,,,,,,,,,,,,,,,,,,,,,,,,,,,,,,,,,,,,,,,High,High,High,,,,,
97,2026-09-17,16:06:35.67,3,1,"Gaskin, Brendan",1000526489,Left,FOR_RAM,"Young, Caden",10264258,Right,FOR_RAM,Undefined,3,Bottom,1,0,0,Fastball,Four-Seam,BallCalled,Undefined,Undefined,Undefined,0,0,,88.05827,-0.92307,3.8856,2361.328051,139.924252,10:45,5.27573,-1.66415,5.83968,-22.228,14.49831,-11.07367,2.56345,1.02982,79.3323,-5.124922,1.906261,0.436174,,,,,,,,,,,,6.84792,8.07406,1.35353,50,5.1875,-8.17473,-127.42705,-2.74768,11.10186,29.60702,-19.08436,FOR_RAM,FOR_RAM,FordhamUniversity,TeamExclusive,Team,20260917-FordhamUniversity-Private-1,410387b0-b2d3-11f1-9cb4-878818705a31,86.41602,,,8.72597,,,,,,,e89b69e8-41e5-4fd8-aee7-1d57f68d26e3,2026-09-17,20:06:35.67,2026-09-17T16:06:35.6700000-04:00,2026-09-17T20:06:35.6700000Z,,v3,471298,471298,,"Player, Practice",111,Right,FOR_RAM,3d912d31-f1e1-429b-b040-7318dd680886,54.65515,-128.50411,14.80351,5.27483,-2.05343,-9.54218,1.65826,-8.5786,5.55093,,,,,,,,,,,,,,,,,,,,,,,,,,,,,76.16723,2.034274,0.719821,1.314453,-1.13854,2.32886,-1.11274,-1.55292,5.55606,1.67321,127.27888,-0.34745,6.53715,-1.42703,109.57557,-8.9393,5.6056,12.82199,-13.22992,1.60196,-0.61693,3.36418,High,High,High,,,High,High,High
98,2026-09-17,16:07:16.48,3,2,"Gaskin, Brendan",1000526489,Left,FOR_RAM,"Young, Caden",10264258,Right,FOR_RAM,Undefined,3,Bottom,1,1,0,Fastball,Four-Seam,InPlay,Undefined,LineDrive,Double,0,1,,88.17271,-1.473109,2.812296,2365.7125,150.844035,11:00,5.2971,-1.4981,6.07458,-17.75966,18.24989,-9.49056,2.45213,0.3153,79.96049,-4.873724,1.105691,0.431897,99.00365,20.111456,-32.15211,2301.856257,90.12466,25.5614,-63.06703,237.01548,147.53414,-39.22335,2.181104,5.79489,10.24804,1.2856,50,5.17368,-5.90327,-127.8869,-3.78836,9.51119,28.57682,-15.35393,FOR_RAM,FOR_RAM,FordhamUniversity,TeamExclusive,Team,20260917-FordhamUniversity-Private-1,594d5580-b2d3-11f1-9cb4-878818705a31,87.2718,25.83919,,8.21223,,,,2.26148,2.37948,-0.38097,e89b69e8-41e5-4fd8-aee7-1d57f68d26e3,2026-09-17,20:07:16.48,2026-09-17T16:07:16.4869632-04:00,2026-09-17T20:07:16.4869632Z,LineDrive,v3,471298,471298,,"Player, Practice",111,Right,FOR_RAM,f028c337-4459-49ff-a444-fbc85c2b953f,54.42406,-128.87168,14.28841,5.29512,-3.25925,-7.67697,1.49468,-6.23104,4.75559,,2.26146,115.44209,-23.07794,5.9056,-1.70376,0.67658,-0.28258,0.07898,-0.00955,2.37952,49.92519,-30.55045,5.02643,-0.97845,-0.09804,0.20364,-0.07866,0.01062,-0.38098,-72.56102,3.00862,-0.74952,0.08346,0.06875,-0.06215,0.02159,-0.00279,,,,,,,,,,,,,,,,,,,,,,,High,High,High,Medium,Medium,,,
99,2026-09-17,16:07:55.85,4,1,"Gaskin, Brendan",1000526489,Left,FOR_RAM,"Beaudreau, Bradley",1000297368,Left,FOR_RAM,Undefined,3,Bottom,1,0,0,Slider,Slider,BallCalled,Undefined,Undefined,Undefined,0,0,,79.31105,2.527789,1.469429,2615.435505,264.29059,2:45,5.1542,-1.60295,5.41977,-43.61365,2.23973,6.4128,3.88987,0.30819,71.637,-5.496613,2.608896,0.487368,,,,,,,,,,,,-2.72142,0.87189,1.46803,50,5.34909,-3.21162,-114.83655,3.58392,-3.58869,23.74631,-31.02428,FOR_RAM,FOR_RAM,FordhamUniversity,TeamExclusive,Team,20260917-FordhamUniversity-Private-1,70d33710-b2d3-11f1-9cb4-878818705a31,77.33876,,,7.67405,,,,,,,e89b69e8-41e5-4fd8-aee7-1d57f68d26e3,2026-09-17,20:07:55.85,2026-09-17T16:07:55.8529536-04:00,2026-09-17T20:07:55.8529536Z,,v3,471298,471298,,"Player, Practice",111,Right,FOR_RAM,6269ec27-7915-4649-afae-a6d784317c0d,55.07511,-115.88124,11.87315,5.1614,4.94881,-15.51214,1.60585,-3.05374,-1.79434,,,,,,,,,,,,,,,,,,,,,,,,,,,,,,,,,,,,,,,,,,,,,,,,,,,High,High,High,,,,,
100,2026-09-17,16:08:12.48,4,2,"Gaskin, Brendan",1000526489,Left,FOR_RAM,"Beaudreau, Bradley",1000297368,Left,FOR_RAM,Undefined,3,Bottom,1,1,0,Fastball,Four-Seam,StrikeSwinging,Undefined,Undefined,Undefined,0,0,,87.43972,-0.093755,2.680724,2373.07186,143.913968,10:45,5.23291,-1.43021,5.84778,-21.44596,15.47674,-10.36032,3.35853,0.1993,79.19014,-4.152466,0.825455,0.437339,,,,,,,,,,,,6.06473,8.29489,1.21802,50,5.21283,-5.49369,-126.78078,-0.86117,9.79201,27.85404,-18.78126,FOR_RAM,FOR_RAM,FordhamUniversity,TeamExclusive,Team,20260917-FordhamUniversity-Private-1,7abac4a0-b2d3-11f1-9cb4-878818705a31,86.18585,,,8.24958,,,,,,,e89b69e8-41e5-4fd8-aee7-1d57f68d26e3,2026-09-17,20:08:12.48,2026-09-17T16:08:12.4829184-04:00,2026-09-17T20:08:12.4829184Z,,v3,471298,471298,,"Player, Practice",111,Right,FOR_RAM,92f3ee73-a95d-4c79-9816-bdb88c12dfa4,54.64793,-127.79786,13.92702,5.23175,-0.17538,-9.39063,1.42515,-5.85125,4.89601,,,,,,,,,,,,,,,,,,,,,,,,,,,,,,,,,,,,,,,,,,,,,,,,,,,High,High,High,,,,,
101,2026-09-17,16:08:45.91,4,3,"Gaskin, Brendan",1000526489,Left,FOR_RAM,"Beaudreau, Bradley",1000297368,Left,FOR_RAM,Undefined,3,Bottom,1,1,1,Fastball,Four-Seam,InPlay,Undefined,GroundBall,Single,0,1,,87.03428,-0.154734,3.000977,2219.413766,138.775587,10:45,5.20033,-1.55558,6.09656,-21.68698,15.64426,-12.47859,3.24977,0.1827,77.99929,-4.301167,0.756525,0.439752,83.14821,-7.26965,9.637404,,,,,20.75038,18.88972,9.371036,0.171198,7.46197,8.51871,1.33094,50,5.17716,-6.10484,-126.10316,-0.96191,11.77134,30.50363,-18.73566,FOR_RAM,FOR_RAM,FordhamUniversity,TeamExclusive,Team,20260917-FordhamUniversity-Private-1,8ec450b0-b2d3-11f1-9cb4-878818705a31,85.71296,3.14434,,9.03498,,,,0.67092,3.14434,-0.33759,e89b69e8-41e5-4fd8-aee7-1d57f68d26e3,2026-09-17,20:08:45.91,2026-09-17T16:08:45.9123712-04:00,2026-09-17T20:08:45.9123712Z,GroundBall,v3,471298,471298,,"Player, Practice",111,Right,FOR_RAM,a313f4a7-2d9d-4a25-bc73-b80fb9d58f4a,54.39971,-127.16297,15.25181,5.19928,-0.31096,-9.36783,1.55015,-6.51382,5.88567,288.623204,0.67161,119.2089,-20.71614,,,,,,,3.14487,-15.47264,-16.94081,,,,,,,-0.33825,20.3028,8.25061,,,,,,,,,,,,,,,,,,,,,,,,,,,,,High,High,High,Medium,High,,,
102,2026-09-17,16:11:49.75,5,1,"Wallace, Danny",10306264,Right,FOR_RAM,"Wansaw, Michael",1000503198,Right,FOR_RAM,Undefined,3,Bottom,1,0,0,Fastball,Four-Seam,FoulBallNotFieldable,Undefined,Undefined,Undefined,0,0,,88.63684,-1.723238,-3.954694,1920.246696,220.921565,1:15,5.53315,2.00994,6.03222,-20.41867,15.2904,12.20213,2.23154,-0.6412,80.54608,-5.588313,-1.765549,0.430091,84.24117,40.081162,52.388522,4841.894189,54.49143,76.36687,95.55462,271.22224,111.16129,69.242411,4.881699,-7.44894,8.73693,-1.70719,50,5.38719,8.37177,-128.39404,-4.48231,-12.35898,28.08827,-17.67805,FOR_RAM,FOR_RAM,FordhamUniversity,TeamExclusive,Team,20260917-FordhamUniversity-Private-1,fc63f990-b2d3-11f1-9cb4-878818705a31,87.63822,85.80727,,8.09076,,,,0.05572,1.98842,0.74502,e89b69e8-41e5-4fd8-aee7-1d57f68d26e3,2026-09-17,20:11:49.75,2026-09-17T16:11:49.7550848-04:00,2026-09-17T20:11:49.7550848Z,FlyBall,v3,471298,471298,,"Player, Practice",111,Right,FOR_RAM,1f72c1f2-3c41-491b-9d42-9529c8dea56f,54.46542,-129.36724,14.04413,5.53188,-3.8698,-8.83903,-2.00467,8.79998,-6.17949,,0.06258,57.56043,-19.86449,5.16693,-0.89936,0.10828,-0.02274,0.00521,-0.00043,1.99321,79.43793,-21.10402,0.44584,0.92251,-0.53947,0.15145,-0.0208,0.00111,0.75134,74.75228,-7.90982,0.12297,0.79182,-0.40302,0.09828,-0.01179,0.00055,,,,,,,,,,,,,,,,,,,,,,,High,High,High,High,Low,,,
103,2026-09-17,16:12:31.67,5,2,"Wallace, Danny",10306264,Right,FOR_RAM,"Wansaw, Michael",1000503198,Right,FOR_RAM,Undefined,3,Bottom,1,0,1,Fastball,Sinker,InPlay,Undefined,GroundBall,Out,1,0,,87.93008,-1.476634,-3.126442,1955.776189,227.198976,1:30,5.67796,2.23429,5.95577,-21.09643,15.47028,15.28375,2.54821,0.60571,79.38589,-5.479915,-0.383838,0.435225,76.56084,-29.736461,-47.085062,,,,,5.43845,5.34988,-43.641273,0.044612,-8.86154,8.79063,-1.99442,50,5.54885,6.32772,-127.41049,-3.92195,-14.36896,29.49254,-17.92006,FOR_RAM,FOR_RAM,FordhamUniversity,TeamExclusive,Team,20260917-FordhamUniversity-Private-1,15385420-b2d4-11f1-9cb4-878818705a31,86.60439,2.49224,,8.5442,,,,0.96491,2.49224,-0.55805,e89b69e8-41e5-4fd8-aee7-1d57f68d26e3,2026-09-17,20:12:31.67,2026-09-17T16:12:31.6757504-04:00,2026-09-17T20:12:31.6757504Z,GroundBall,v3,471298,471298,,"Player, Practice",111,Right,FOR_RAM,f14a450b-6d8d-4143-8db9-4d2bc67f0bff,54.54183,-128.45752,14.74627,5.67679,-3.28576,-8.96003,-2.22812,6.83784,-7.18448,180,0.96348,66.59031,,,,,,,,2.49344,-55.86425,,,,,,,,-0.55651,-71.62225,,,,,,,,,,,,,,,,,,,,,,,,,,,,,,High,High,High,Low,Low,,,
104,2026-09-17,16:13:08.05,6,1,"Wallace, Danny",10306264,Right,FOR_RAM,"Palmer, Owen",10100501,Left,FOR_RAM,Undefined,3,Bottom,2,0,0,Sinker,Changeup,StrikeCalled,Undefined,Undefined,Undefined,0,0,,88.84971,-1.946663,-2.638877,1849.806187,235.188667,1:45,5.72539,2.40024,5.81173,-23.73186,11.89863,15.43729,1.93496,1.23112,81.15871,-6.374763,0.126889,0.429618,,,,,,,,,,,,-8.6189,6.97914,-2.19307,50,5.55161,5.28058,-128.86658,-5.16839,-14.46057,27.34698,-20.46461,FOR_RAM,FOR_RAM,FordhamUniversity,TeamExclusive,Team,20260917-FordhamUniversity-Private-1,2af27660-b2d4-11f1-9cb4-878818705a31,87.73479,,,7.69101,,,,,,,e89b69e8-41e5-4fd8-aee7-1d57f68d26e3,2026-09-17,20:13:08.05,2026-09-17T16:13:08.0592384-04:00,2026-09-17T20:13:08.0592384Z,,v3,471298,471298,,"Player, Practice",111,Right,FOR_RAM,08d7c012-a0b5-4870-a30e-d5c35985e59d,54.6865,-129.8573,13.67349,5.72542,-4.427,-10.23231,-2.39387,5.80445,-7.23029,,,,,,,,,,,,,,,,,,,,,,,,,,,,,,,,,,,,,,,,,,,,,,,,,,,High,High,High,,,,,
105,2026-09-17,16:13:25.86,6,2,"Wallace, Danny",10306264,Right,FOR_RAM,"Palmer, Owen",10100501,Left,FOR_RAM,Undefined,3,Bottom,2,0,1,Sinker,Changeup,InPlay,Undefined,LineDrive,Out,1,0,,88.06806,-1.168942,-3.105312,1867.056444,245.062787,2:15,5.58993,2.28046,5.98432,-26.66757,9.82906,18.26418,2.28244,0.92146,79.39242,-6.174982,0.176089,0.434808,85.19208,7.797249,-9.087945,2549.402635,107.11047,7.78477,-25.04425,166.69313,136.90337,-14.938813,1.591229,-10.38725,5.81303,-2.04519,50,5.48296,6.16046,-127.60932,-3.46763,-16.84786,30.26566,-22.74546,FOR_RAM,FOR_RAM,FordhamUniversity,TeamExclusive,Team,20260917-FordhamUniversity-Private-1,3591e240-b2d4-11f1-9cb4-878818705a31,86.68746,8.52409,,8.67564,,,,0.93678,2.23734,-0.91155,e89b69e8-41e5-4fd8-aee7-1d57f68d26e3,2026-09-17,20:13:25.86,2026-09-17T16:13:25.8668544-04:00,2026-09-17T20:13:25.8668544Z,GroundBall,v3,471298,471298,,"Player, Practice",111,Right,FOR_RAM,98dd8f58-bc2b-48ac-b48e-a82bb1335da4,54.51302,-128.67524,15.13283,5.59098,-2.66656,-11.37273,-2.2726,6.75382,-8.42393,128.306151,0.93679,122.23823,-18.14701,3.69305,-0.67983,0.19929,-0.11642,0.04691,-0.00764,2.23732,16.95423,-11.23582,-0.31387,0.19341,-0.32655,0.33362,-0.14956,0.02524,-0.91154,-19.55471,-6.21755,1.61786,-0.41054,0.2483,-0.20137,0.0869,-0.01451,,,,,,,,,,,,,,,,,,,,,,,High,High,High,High,Medium,,,
106,2026-09-17,16:16:21.39,1,1,"Murray, Alec",10181003,Right,FOR_RAM,"Velit, Liam",1000239563,Right,FOR_RAM,Undefined,4,Top,0,0,0,Fastball,Four-Seam,StrikeSwinging,Undefined,Undefined,Undefined,0,0,,88.21352,-2.104403,-2.141766,2146.600886,183.972979,12:15,6.38026,1.80437,6.9418,-15.99123,18.41414,1.20547,3.13013,-0.04542,80.98772,-5.198988,-1.921297,0.422167,,,,,,,,,,,,-1.21595,10.69304,-1.67138,50,6.24293,4.75164,-128.22524,-5.06397,-2.03044,25.77458,-14.31831,FOR_RAM,FOR_RAM,FordhamUniversity,TeamExclusive,Team,20260917-FordhamUniversity-Private-1,9e1dccc0-b2d4-11f1-9cb4-878818705a31,89.28319,,,7.2258,,,,,,,e89b69e8-41e5-4fd8-aee7-1d57f68d26e3,2026-09-17,20:16:21.39,2026-09-17T16:16:21.3961728-04:00,2026-09-17T20:16:21.3961728Z,,v3,471298,471298,,"Young, Caden",10264258,Right,FOR_RAM,51c1fdc7-6c6b-4883-94b0-617acad15a98,53.55555,-128.93796,12.88729,6.37748,-4.66804,-7.15916,-1.80355,4.80779,-1.01522,,,,,,,,,,,,,,,,,,,,,,,,,,,,,,,,,,,,,,,,,,,,,,,,,,,High,High,High,,,,,
107,2026-09-17,16:16:39.74,1,2,"Murray, Alec",10181003,Right,FOR_RAM,"Velit, Liam",1000239563,Right,FOR_RAM,Undefined,4,Top,0,0,1,Cutter,Slider,StrikeCalled,Undefined,Undefined,Undefined,0,0,,80.98563,-0.382796,-0.380613,2299.756103,110.991943,9:45,6.52079,1.73446,6.36008,-37.65246,4.12736,-7.38678,3.03078,0.76861,74.44956,-7.389942,-1.719957,0.465216,,,,,,,,,,,,3.72091,2.69516,-1.70382,50,6.47591,1.05205,-117.75969,-1.90353,5.2225,22.45926,-28.39126,FOR_RAM,FOR_RAM,FordhamUniversity,TeamExclusive,Team,20260917-FordhamUniversity-Private-1,a9321a80-b2d4-11f1-9cb4-878818705a31,81.02135,,,6.53607,,,,,,,e89b69e8-41e5-4fd8-aee7-1d57f68d26e3,2026-09-17,20:16:39.74,2026-09-17T16:16:39.7465600-04:00,2026-09-17T20:16:39.7465600Z,,v3,471298,471298,,"Young, Caden",10264258,Right,FOR_RAM,75848829-4673-47da-88ed-429d3ddbeed1,54.13771,-118.54621,11.22963,6.52516,-0.90927,-14.19563,-1.73746,0.86915,2.61125,,,,,,,,,,,,,,,,,,,,,,,,,,,,,,,,,,,,,,,,,,,,,,,,,,,High,High,High,,,,,
108,2026-09-17,16:17:00.09,1,3,"Murray, Alec",10181003,Right,FOR_RAM,"Velit, Liam",1000239563,Right,FOR_RAM,Undefined,4,Top,0,0,2,Slider,Curveball,InPlay,Undefined,FlyBall,Out,1,0,,75.72342,0.122281,-0.269883,2194.932557,71.412608,8:30,6.39,1.8555,6.51841,-51.84034,-3.79051,-16.12158,2.18217,0.2644,69.20696,-9.509108,-3.205309,0.498904,84.55312,39.747974,-28.99289,,97.07891,76.94282,-51.72702,315.28116,176.58837,-28.277043,5.17185,8.45067,-1.64106,-1.82991,50,6.37626,1.03626,-110.10681,-1.18037,10.2172,22.31256,-34.15817,FOR_RAM,FOR_RAM,FordhamUniversity,TeamExclusive,Team,20260917-FordhamUniversity-Private-1,b535aa40-b2d4-11f1-9cb4-878818705a31,75.55042,94.80446,,6.51646,,,,3.23195,2.35208,-0.13127,e89b69e8-41e5-4fd8-aee7-1d57f68d26e3,2026-09-17,20:17:00.09,2026-09-17T16:17:00.0900608-04:00,2026-09-17T20:17:00.0900608Z,FlyBall,v3,471298,471298,,"Young, Caden",10264258,Right,FOR_RAM,e4a1ce19-27df-47d4-9ffc-0807ab5b079f,53.98265,-110.91094,11.15628,6.39662,0.05066,-17.07908,-1.86062,0.66804,5.1086,,3.23476,83.33954,-13.65235,2.82492,-0.341,0.00324,0.00452,-0.00037,0,2.35105,79.31531,-19.79361,1.76893,-0.32823,0.02032,0.00839,-0.00191,0.00012,-0.1329,-46.18042,7.8677,-1.6353,0.19535,-0.00039,-0.00308,0.00029,-0,,,,,,,,,,,,,,,,,,,,,,,High,High,High,Medium,Low,,,
109,2026-09-17,16:17:36.72,2,1,"Murray, Alec",10181003,Right,FOR_RAM,"Ford, Tim",1000142266,Right,FOR_RAM,Undefined,4,Top,1,0,0,Cutter,Slider,BallCalled,Undefined,Undefined,Undefined,0,0,,81.37156,-0.872233,-2.11975,2357.290734,108.043071,9:30,6.45476,1.70154,6.49241,-37.47274,3.56327,-7.26197,2.53073,-0.85044,75.28825,-7.831063,-3.438121,0.461056,,,,,,,,,,,,3.23496,2.4989,-1.5501,50,6.37748,4.63567,-118.32127,-2.89166,4.6059,21.65955,-28.61616,FOR_RAM,FOR_RAM,FordhamUniversity,TeamExclusive,Team,20260917-FordhamUniversity-Private-1,cb0cca60-b2d4-11f1-9cb4-878818705a31,81.75238,,,6.08331,,,,,,,e89b69e8-41e5-4fd8-aee7-1d57f68d26e3,2026-09-17,20:17:36.72,2026-09-17T16:17:36.7293952-04:00,2026-09-17T20:17:36.7293952Z,,v3,471298,471298,,"Young, Caden",10264258,Right,FOR_RAM,93af0eb3-67e3-40de-906e-a3d6a4097b1b,54.00667,-119.05246,10.82977,6.45879,-1.92563,-14.30808,-1.70397,4.48018,2.30295,,,,,,,,,,,,,,,,,,,,,,,,,,,,,,,,,,,,,,,,,,,,,,,,,,,High,High,High,,,,,
110,2026-09-17,16:17:58.88,2,2,"Murray, Alec",10181003,Right,FOR_RAM,"Ford, Tim",1000142266,Right,FOR_RAM,Undefined,4,Top,1,1,0,Fastball,Four-Seam,InPlay,Undefined,LineDrive,Single,0,0,,89.58258,-2.856734,-2.267445,2243.897271,200.395747,12:45,6.32942,1.87663,6.96335,-15.26765,18.14627,6.35662,2.45394,0.3424,82.14987,-5.815135,-1.104134,0.41604,80.03947,13.572612,-13.744232,1058.591158,106.34882,16.26453,-28.10568,204.39664,195.76773,-15.651504,2.178266,-4.03484,10.81304,-1.73826,50,6.14679,4.92907,-130.16153,-6.84096,-6.92748,27.11769,-13.60905,FOR_RAM,FOR_RAM,FordhamUniversity,TeamExclusive,Team,20260917-FordhamUniversity-Private-1,d83949c0-b2d4-11f1-9cb4-878818705a31,90.59813,16.28332,,7.43272,,,,0.85557,2.39329,-0.34551,e89b69e8-41e5-4fd8-aee7-1d57f68d26e3,2026-09-17,20:17:58.88,2026-09-17T16:17:58.8814336-04:00,2026-09-17T20:17:58.8814336Z,LineDrive,v3,471298,471298,,"Young, Caden",10264258,Right,FOR_RAM,8a1a12fb-8bfe-431b-ae4e-7035b3303006,53.53603,-130.89615,13.55885,6.32712,-6.47229,-6.80452,-1.87433,5.11674,-3.46374,158.357171,0.85557,110.84516,-13.65431,2.64948,-0.49847,0.08893,-0.01537,0.00213,-0.00015,2.39329,27.54903,-14.19332,0.59119,-0.07406,0.01037,-7E-05,3E-05,-1E-05,-0.34551,-27.11182,1.24216,-0.20842,0.02799,-0.00288,0.00038,-5E-05,0,,,,,,,,,,,,,,,,,,,,,,,High,High,High,High,High,,,
111,2026-09-17,16:18:43.77,3,1,"Murray, Alec",10181003,Right,FOR_RAM,"Kaufman, Taylor",10314665,Right,FOR_RAM,Undefined,4,Top,1,0,0,Fastball,Four-Seam,BallCalled,Undefined,Undefined,Undefined,0,0,,88.92146,-2.543678,-3.625084,2184.317832,185.681524,12:15,6.43593,1.70356,6.90511,-11.65859,22.62052,2.1363,3.14145,-1.42452,80.93149,-4.861237,-3.235723,0.421392,,,,,,,,,,,,-2.18457,13.06296,-1.47595,50,6.27033,8.08815,-128.93968,-5.92129,-3.65954,28.04562,-10.29112,FOR_RAM,FOR_RAM,FordhamUniversity,TeamExclusive,Team,20260917-FordhamUniversity-Private-1,f2fa5920-b2d4-11f1-9cb4-878818705a31,89.44744,,,7.98997,,,,,,,e89b69e8-41e5-4fd8-aee7-1d57f68d26e3,2026-09-17,20:18:43.77,2026-09-17T16:18:43.7794816-04:00,2026-09-17T20:18:43.7794816Z,,v3,471298,471298,,"Young, Caden",10264258,Right,FOR_RAM,bdaabf5b-7599-4113-8160-13995d284906,53.59054,-129.7183,14.02281,6.43075,-5.63557,-5.14556,-1.70192,8.18975,-1.82977,,,,,,,,,,,,,,,,,,,,,,,,,,,,,,,,,,,,,,,,,,,,,,,,,,,High,High,High,,,,,
112,2026-09-17,16:19:02.87,3,2,"Murray, Alec",10181003,Right,FOR_RAM,"Kaufman, Taylor",10314665,Right,FOR_RAM,Undefined,4,Top,1,1,0,Fastball,Four-Seam,BallCalled,Undefined,Undefined,Undefined,0,0,,89.86578,-1.493418,-1.262884,2220.5402,198.291698,12:30,6.414,1.79943,6.63411,-15.51749,18.06001,5.62213,3.75298,1.11156,82.22367,-4.492041,-0.239703,0.417057,,,,,,,,,,,,-3.28575,10.2206,-1.71598,50,6.30611,2.65948,-130.63944,-3.77657,-5.68282,27.31728,-14.49707,FOR_RAM,FOR_RAM,FordhamUniversity,TeamExclusive,Team,20260917-FordhamUniversity-Private-1,fe984940-b2d4-11f1-9cb4-878818705a31,90.37713,,,7.6421,,,,,,,e89b69e8-41e5-4fd8-aee7-1d57f68d26e3,2026-09-17,20:19:02.87,2026-09-17T16:19:02.8792832-04:00,2026-09-17T20:19:02.8792832Z,,v3,471298,471298,,"Young, Caden",10264258,Right,FOR_RAM,0d872111-5cdc-4ec6-b97e-9e953daca541,53.86268,-131.44466,13.65864,6.41114,-3.34925,-7.24853,-1.79684,2.82699,-2.84141,,,,,,,,,,,,,,,,,,,,,,,,,,,,,,,,,,,,,,,,,,,,,,,,,,,High,High,High,,,,,
113,2026-09-17,16:19:37.13,3,3,"Murray, Alec",10181003,Right,FOR_RAM,"Kaufman, Taylor",10314665,Right,FOR_RAM,Undefined,4,Top,1,2,0,Slider,Slider,StrikeCalled,Undefined,Undefined,Undefined,0,0,,78.43036,-0.515512,-0.44738,2243.807012,101.234007,9:15,6.49499,1.62559,6.58749,-41.3525,2.69622,-6.90489,2.57654,0.64023,72.42237,-8.217286,-1.705293,0.477681,,,,,,,,,,,,3.49941,1.99843,-1.59245,50,6.44288,1.12397,-114.1219,-2.17211,4.62257,20.67844,-29.53423,FOR_RAM,FOR_RAM,FordhamUniversity,TeamExclusive,Team,20260917-FordhamUniversity-Private-1,12d2f770-b2d5-11f1-9cb4-878818705a31,78.90711,,,6.008,,,,,,,e89b69e8-41e5-4fd8-aee7-1d57f68d26e3,2026-09-17,20:19:37.13,2026-09-17T16:19:37.1350016-04:00,2026-09-17T20:19:37.1350016Z,,v3,471298,471298,,"Young, Caden",10264258,Right,FOR_RAM,d9aca850-08be-4a7a-90e0-9802cc7727df,53.91147,-114.82846,10.33922,6.49986,-1.16296,-14.76711,-1.62816,0.96602,2.31129,,,,,,,,,,,,,,,,,,,,,,,,,,,,,,,,,,,,,,,,,,,,,,,,,,,High,High,High,,,,,
114,2026-09-17,16:19:57.70,3,4,"Murray, Alec",10181003,Right,FOR_RAM,"Kaufman, Taylor",10314665,Right,FOR_RAM,Undefined,4,Top,1,2,1,Fastball,Four-Seam,FoulBallNotFieldable,Undefined,Undefined,Undefined,0,0,,89.82462,-2.599875,-1.985781,2183.62463,180.341925,12:00,6.38631,1.86363,6.95862,-11.31812,22.10592,0.12528,3.07457,0.06656,81.80239,-4.853272,-1.962863,0.416103,71.83628,29.634176,158.265112,3707.159625,-105.64102,31.01465,30.65776,178.37514,53.58551,168.099697,2.519373,-0.6524,12.9039,-1.74065,50,6.22053,4.5196,-130.48244,-6.11961,-1.11822,28.94046,-10.05627,FOR_RAM,FOR_RAM,FordhamUniversity,TeamExclusive,Team,20260917-FordhamUniversity-Private-1,1f1034d0-b2d5-11f1-9cb4-878818705a31,90.58444,31.93904,,8.02223,,,,1.37542,3.06605,-0.05333,e89b69e8-41e5-4fd8-aee7-1d57f68d26e3,2026-09-17,20:19:57.70,2026-09-17T16:19:57.7050112-04:00,2026-09-17T20:19:57.7050112Z,FlyBall,v3,471298,471298,,"Young, Caden",10264258,Right,FOR_RAM,33e182d3-288c-4120-9705-ead62ca26f71,53.53953,-131.26515,14.47023,6.38236,-5.84763,-5.02813,-1.8633,4.54984,-0.55911,308.522849,1.37553,-85.07484,5.69496,-0.18921,0.46924,-0.37486,0.17759,-0.04241,0.00391,3.06608,52.09286,-26.11705,2.652,-0.25067,-0.10717,0.06884,-0.0144,0.00105,-0.05341,33.91626,-10.17141,1.61636,-0.45048,0.18562,-0.07894,0.01976,-0.00193,,,,,,,,,,,,,,,,,,,,,,,High,High,High,High,Low,,,
115,2026-09-17,16:20:21.92,3,5,"Murray, Alec",10181003,Right,FOR_RAM,"Kaufman, Taylor",10314665,Right,FOR_RAM,Undefined,4,Top,1,2,2,Slider,Curveball,FoulBallNotFieldable,Undefined,Undefined,Undefined,0,0,,76.29648,-1.359435,-2.311936,2160.715422,97.785501,9:15,6.40412,1.80654,6.32399,-44.42786,4.00748,-15.84438,1.44859,-1.64412,68.97359,-9.618098,-5.178985,0.500902,57.27925,58.819193,98.394585,2573.544086,,,,,35.7982,,,7.4887,3.05323,-1.63025,50,6.28399,4.9985,-110.60314,-3.85142,9.01348,24.93616,-28.49917,FOR_RAM,FOR_RAM,FordhamUniversity,TeamExclusive,Team,20260917-FordhamUniversity-Private-1,2da21090-b2d5-11f1-9cb4-878818705a31,75.24914,47.32628,,7.32289,,,,4.11458,1.8963,1.40311,e89b69e8-41e5-4fd8-aee7-1d57f68d26e3,2026-09-17,20:20:21.92,2026-09-17T16:20:21.9285504-04:00,2026-09-17T20:20:21.9285504Z,,v3,471298,471298,,"Young, Caden",10264258,Right,FOR_RAM,8dd3ce40-b65f-4f8d-9335-384f2a224c06,54.17388,-111.54019,12.46808,6.40859,-2.78047,-14.24959,-1.81172,4.65978,4.50674,,4.11458,-6.34983,1.55201,-0.05212,0.00927,0.00504,-0.00054,0.00021,-7E-05,1.8963,71.87324,-24.09833,2.2718,-0.46705,0.08685,-0.01424,0.00297,-0.00032,1.40311,43.02908,-3.2911,0.02293,0.00122,-0.01455,0.0021,-0.00056,0.00015,,,,,,,,,,,,,,,,,,,,,,,High,High,High,Low,Undefined,,,
116,2026-09-17,16:20:47.29,3,6,"Murray, Alec",10181003,Right,FOR_RAM,"Kaufman, Taylor",10314665,Right,FOR_RAM,Undefined,4,Top,1,2,2,Slider,Curveball,InPlay,Undefined,Popup,Out,1,0,,76.3271,-0.824372,-0.92606,2180.384923,88.895951,9:00,6.37936,1.78716,6.2759,-47.04892,1.65465,-15.60997,1.69858,-0.36736,68.49013,-9.590119,-3.753874,0.502287,77.51079,59.459969,8.715052,,105.14138,123.15619,32.33075,185.73128,174.32806,19.061572,5.587886,7.76811,1.7178,-1.71154,50,6.29631,2.33387,-110.65443,-2.92669,9.30134,26.04503,-30.11719,FOR_RAM,FOR_RAM,FordhamUniversity,TeamExclusive,Team,20260917-FordhamUniversity-Private-1,3cb29230-b2d5-11f1-9cb4-878818705a31,75.04166,123.60724,,7.83697,,,,2.16017,1.83845,0.57087,e89b69e8-41e5-4fd8-aee7-1d57f68d26e3,2026-09-17,20:20:47.29,2026-09-17T16:20:47.2980992-04:00,2026-09-17T20:20:47.2980992Z,Popup,v3,471298,471298,,"Young, Caden",10264258,Right,FOR_RAM,bc283d94-09cf-4ca9-8278-0326e78690f1,54.22025,-111.64334,13.02251,6.38573,-1.78316,-15.0586,-1.79344,1.9807,4.65067,,2.16588,56.97208,-13.51865,2.80019,0.012,-0.18243,0.04961,-0.00575,0.00025,1.83273,98.00756,-24.10676,2.78271,-0.62379,0.09005,-0.00122,-0.00148,0.00013,0.57124,8.75843,2.12319,-0.66617,0.03342,0.04215,-0.01476,0.00204,-0.0001,,,,,,,,,,,,,,,,,,,,,,,High,High,High,Medium,Low,,,
117,2026-09-17,16:21:30.76,4,1,"Murray, Alec",10181003,Right,FOR_RAM,"Maryott, Gavin",1000410374,Right,FOR_RAM,Undefined,4,Top,2,0,0,Fastball,Four-Seam,BallCalled,Undefined,Undefined,Undefined,0,0,,89.71092,-2.823227,-1.6455,2123.631857,204.437831,12:45,6.355,1.8262,6.86153,-15.9506,17.89225,7.58855,2.44911,0.95821,81.29236,-5.92698,-0.258424,0.418702,,,,,,,,,,,,-4.50721,10.70768,-1.72358,50,6.16881,3.44943,-130.19615,-6.77623,-7.64783,30.2589,-14.00528,FOR_RAM,FOR_RAM,FordhamUniversity,TeamExclusive,Team,20260917-FordhamUniversity-Private-1,56810430-b2d5-11f1-9cb4-878818705a31,90.02212,,,8.41856,,,,,,,e89b69e8-41e5-4fd8-aee7-1d57f68d26e3,2026-09-17,20:21:30.76,2026-09-17T16:21:30.7642368-04:00,2026-09-17T20:21:30.7642368Z,,v3,471298,471298,,"Young, Caden",10264258,Right,FOR_RAM,73f85c52-4cfc-4f84-9cf1-7f746761bcaa,53.63403,-131.03801,15.12945,6.35192,-6.38658,-7.00264,-1.82251,3.66221,-3.82392,,,,,,,,,,,,,,,,,,,,,,,,,,,,,,,,,,,,,,,,,,,,,,,,,,,High,High,High,,,,,
118,2026-09-17,16:21:54.77,4,2,"Murray, Alec",10181003,Right,FOR_RAM,"Maryott, Gavin",1000410374,Right,FOR_RAM,Undefined,4,Top,2,1,0,Slider,Slider,BallCalled,Undefined,Undefined,Undefined,0,0,,80.5912,-0.166243,-1.614348,2267.268801,118.219765,10:00,6.42257,1.7093,6.46079,-36.04833,6.36985,-9.22776,3.26577,-0.54293,73.46006,-6.919758,-3.288212,0.468757,,,,,,,,,,,,4.30811,3.83453,-1.59164,50,6.39517,3.63137,-117.06408,-1.36376,5.92034,24.09656,-26.90451,FOR_RAM,FOR_RAM,FordhamUniversity,TeamExclusive,Team,20260917-FordhamUniversity-Private-1,64da43c0-b2d5-11f1-9cb4-878818705a31,80.40941,,,7.13115,,,,,,,e89b69e8-41e5-4fd8-aee7-1d57f68d26e3,2026-09-17,20:21:54.77,2026-09-17T16:21:54.7716608-04:00,2026-09-17T20:21:54.7716608Z,,v3,471298,471298,,"Young, Caden",10264258,Right,FOR_RAM,3cab56c9-fda0-4563-a7b5-1d82d89aa514,54.03591,-117.89191,12.04828,6.42615,-0.43947,-13.45226,-1.7129,3.42798,2.96017,,,,,,,,,,,,,,,,,,,,,,,,,,,,,,,,,,,,,,,,,,,,,,,,,,,High,High,High,,,,,
119,2026-09-17,16:22:38.14,4,3,"Murray, Alec",10181003,Right,FOR_RAM,"Maryott, Gavin",1000410374,Right,FOR_RAM,Undefined,4,Top,2,2,0,Fastball,Four-Seam,BallCalled,Undefined,Undefined,Undefined,0,0,,88.76257,-1.225763,-2.861145,2157.39526,192.726984,12:30,6.42061,1.77693,7.0332,-16.62288,17.60954,3.71516,3.92014,-0.51515,80.55683,-4.468483,-2.181144,0.421105,,,,,,,,,,,,-2.83268,10.10205,-1.60419,50,6.34001,6.30478,-128.89879,-3.11405,-4.72545,28.9087,-15.32176,FOR_RAM,FOR_RAM,FordhamUniversity,TeamExclusive,Team,20260917-FordhamUniversity-Private-1,7eb056e0-b2d5-11f1-9cb4-878818705a31,89.50848,,,8.20573,,,,,,,e89b69e8-41e5-4fd8-aee7-1d57f68d26e3,2026-09-17,20:22:38.14,2026-09-17T16:22:38.1464064-04:00,2026-09-17T20:22:38.1464064Z,,v3,471298,471298,,"Young, Caden",10264258,Right,FOR_RAM,36e5473f-bb4d-4430-ac01-17713dc01dd8,53.46231,-129.67298,14.45435,6.41791,-2.70373,-7.66088,-1.77473,6.43133,-2.36273,,,,,,,,,,,,,,,,,,,,,,,,,,,,,,,,,,,,,,,,,,,,,,,,,,,High,High,High,,,,,
120,2026-09-17,16:22:57.22,4,4,"Murray, Alec",10181003,Right,FOR_RAM,"Maryott, Gavin",1000410374,Right,FOR_RAM,Undefined,4,Top,2,3,0,Fastball,Four-Seam,StrikeCalled,Undefined,Undefined,Undefined,0,0,,88.33261,-2.27815,-2.857643,2201.374697,192.399042,12:30,6.3779,1.68768,7.03312,-16.82292,17.78367,3.64953,2.90249,-0.60668,80.25137,-5.551355,-2.189511,0.4234,,,,,,,,,,,,-2.8013,10.5289,-1.51515,50,6.23334,6.2663,-128.207,-5.46488,-4.62235,28.63825,-14.80048,FOR_RAM,FOR_RAM,FordhamUniversity,TeamExclusive,Team,20260917-FordhamUniversity-Private-1,8a0fb760-b2d5-11f1-9cb4-878818705a31,89.02322,,,8.08125,,,,,,,e89b69e8-41e5-4fd8-aee7-1d57f68d26e3,2026-09-17,20:22:57.22,2026-09-17T16:22:57.2244480-04:00,2026-09-17T20:22:57.2244480Z,,v3,471298,471298,,"Young, Caden",10264258,Right,FOR_RAM,5cfa9075-b59d-4021-864f-db4240d9613c,53.46267,-128.97815,14.31912,6.37513,-5.06634,-7.40024,-1.68557,6.39076,-2.31117,,,,,,,,,,,,,,,,,,,,,,,,,,,,,,,,,,,,,,,,,,,,,,,,,,,High,High,High,,,,,
121,2026-09-17,16:23:16.45,4,5,"Murray, Alec",10181003,Right,FOR_RAM,"Maryott, Gavin",1000410374,Right,FOR_RAM,Undefined,4,Top,2,3,1,Fastball,Four-Seam,StrikeCalled,Undefined,Undefined,Undefined,0,0,,88.11664,-2.097223,-1.401288,2146.071087,190.336757,12:15,6.46847,1.62094,6.69796,-14.7428,20.57076,3.5228,3.32076,0.6329,79.65538,-4.990488,-0.75952,0.427703,,,,,,,,,,,,-2.27721,11.83186,-1.52886,50,6.32239,2.99078,-127.89125,-4.98455,-3.72425,29.46719,-12.82383,FOR_RAM,FOR_RAM,FordhamUniversity,TeamExclusive,Team,20260917-FordhamUniversity-Private-1,958ba090-b2d5-11f1-9cb4-878818705a31,88.12764,,,8.46126,,,,,,,e89b69e8-41e5-4fd8-aee7-1d57f68d26e3,2026-09-17,20:23:16.45,2026-09-17T16:23:16.4525568-04:00,2026-09-17T20:23:16.4525568Z,,v3,471298,471298,,"Young, Caden",10264258,Right,FOR_RAM,5230c31c-a503-4d54-a29b-e5973cd0d186,53.79629,-128.76298,14.73359,6.46423,-4.60519,-6.41191,-1.61897,3.10095,-1.86212,,,,,,,,,,,,,,,,,,,,,,,,,,,,,,,,,,,,,,,,,,,,,,,,,,,High,High,High,,,,,
122,2026-09-17,16:23:56.08,4,6,"Murray, Alec",10181003,Right,FOR_RAM,"Maryott, Gavin",1000410374,Right,FOR_RAM,Undefined,4,Top,2,3,2,Cutter,Slider,StrikeSwinging,Strikeout,Undefined,Undefined,0,0,,79.77809,-0.954952,-2.109073,2248.894161,99.16681,9:15,6.40217,1.84565,6.43961,-40.50199,2.56532,-7.56107,2.14881,-0.72338,73.43827,-8.470956,-3.480854,0.47233,,,,,,,,,,,,3.34095,2.05417,-1.6928,50,6.31655,4.5345,-115.92446,-3.10491,4.53318,22.254,-29.38679,FOR_RAM,FOR_RAM,FordhamUniversity,TeamExclusive,Team,20260917-FordhamUniversity-Private-1,ad3efac0-b2d5-11f1-9cb4-878818705a31,79.80114,,,6.33983,,,,,,,e89b69e8-41e5-4fd8-aee7-1d57f68d26e3,2026-09-17,20:23:56.08,2026-09-17T16:23:56.0860000-04:00,2026-09-17T20:23:56.0860000Z,,v3,471298,471298,,"Young, Caden",10264258,Right,FOR_RAM,5f6c06fc-1208-4b5c-9710-94d208572c1c,54.05886,-116.70104,11.127,6.407,-2.07943,-14.6934,-1.84827,4.37631,2.26659,,,,,,,,,,,,,,,,,,,,,,,,,,,,,46.69396,,,,,,,-2.54921,5.68039,0.35713,,,,-2.56279,50.82101,-2.28538,5.78089,21.22153,-17.13421,0.3123,-39.82467,4.02394,High,High,High,,,High,Medium,Low
123,2026-09-17,16:26:49.81,1,1,"Wallace, Danny",10306264,Right,FOR_RAM,"Chavez, Carson",1000156814,Right,FOR_RAM,Undefined,4,Bottom,0,0,0,Sinker,Changeup,InPlay,Undefined,GroundBall,Single,0,0,,87.471,-2.150994,-3.285817,1860.185011,234.501849,1:45,5.78699,1.99371,5.87424,-23.75119,13.11796,16.62462,1.80569,0.32393,79.57874,-6.601258,-0.306228,0.437021,97.11533,-0.657654,-25.470421,,,,,27.27362,27.27362,-23.858268,0.187545,-9.52347,7.72559,-1.73766,50,5.59906,6.59318,-126.7543,-5.52171,-15.38731,27.57282,-19.69161,FOR_RAM,FOR_RAM,FordhamUniversity,TeamExclusive,Team,20260917-FordhamUniversity-Private-1,14b6dd30-b2d6-11f1-9cb4-878818705a31,86.24848,1.71678,,7.89227,,,,1.5378,1.71678,-0.28028,e89b69e8-41e5-4fd8-aee7-1d57f68d26e3,2026-09-17,20:26:49.81,2026-09-17T16:26:49.8159104-04:00,2026-09-17T20:26:49.8159104Z,GroundBall,v3,471298,471298,,"Player, Practice",111,Right,FOR_RAM,99009726-60af-4c74-9140-a5589b710f35,54.62454,-127.75631,13.78641,5.78672,-4.8061,-9.8458,-1.98742,7.15236,-7.69366,335.351393,1.53768,128.59256,-20.22572,,,,,,,1.72002,-1.86398,-39.05201,,,,,,,-0.28145,-61.16704,20.5455,,,,,,,,,,,,,,,,,,,,,,,,,,,,,High,High,High,High,Medium,,,
124,2026-09-17,16:27:27.63,2,1,"Wallace, Danny",10306264,Right,FOR_RAM,"Forney, Colden",1000306564,Right,FOR_RAM,Undefined,4,Bottom,0,0,0,Sinker,Changeup,BallCalled,Undefined,Undefined,Undefined,0,0,,87.25341,-2.576635,-4.650458,1874.760991,231.7753,1:45,5.70779,2.0872,5.82807,-22.89493,14.34709,16.58217,1.39513,-0.86349,79.35082,-6.868728,-1.688983,0.439226,,,,,,,,,,,,-9.82812,8.46473,-1.71651,50,5.48316,9.56888,-126.17392,-6.41553,-15.75212,27.05367,-18.6071,FOR_RAM,FOR_RAM,FordhamUniversity,TeamExclusive,Team,20260917-FordhamUniversity-Private-1,2b493700-b2d6-11f1-9cb4-878818705a31,85.8156,,,7.90259,,,,,,,e89b69e8-41e5-4fd8-aee7-1d57f68d26e3,2026-09-17,20:27:27.63,2026-09-17T16:27:27.6333056-04:00,2026-09-17T20:27:27.6333056Z,,v3,471298,471298,,"Player, Practice",111,Right,FOR_RAM,0aab27fc-e43d-4981-b10c-ee6a05cd06bd,54.66981,-127.17126,13.52683,5.70703,-5.72958,-9.30355,-2.07997,10.14959,-7.87606,,,,,,,,,,,,,,,,,,,,,,,,,,,,,,,,,,,,,,,,,,,,,,,,,,,High,High,High,,,,,
125,2026-09-17,16:28:08.46,2,2,"Wallace, Danny",10306264,Right,FOR_RAM,"Forney, Colden",1000306564,Right,FOR_RAM,Undefined,4,Bottom,0,1,0,Slider,Curveball,StrikeSwinging,Undefined,Undefined,Undefined,0,0,,73.67489,1.345706,-0.954769,2554.681305,71.587228,8:30,5.87581,2.00957,5.46811,-56.97066,-3.74252,-17.00517,2.38807,-0.30115,66.80573,-9.069178,-3.986027,0.5251,,,,,,,,,,,,8.19721,-1.71677,-1.91386,50,5.95582,2.42041,-106.78887,0.68719,9.27923,21.77005,-34.11744,FOR_RAM,FOR_RAM,FordhamUniversity,TeamExclusive,Team,20260917-FordhamUniversity-Private-1,43a30a60-b2d6-11f1-9cb4-878818705a31,71.78144,,,6.86916,,,,,,,e89b69e8-41e5-4fd8-aee7-1d57f68d26e3,2026-09-17,20:28:08.46,2026-09-17T16:28:08.4676096-04:00,2026-09-17T20:28:08.4676096Z,,v3,471298,471298,,"Player, Practice",111,Right,FOR_RAM,dadd07c0-4e0a-4958-940a-1ff86f0eb4ef,55.02994,-107.8094,10.88502,5.88612,2.28654,-17.05872,-2.01713,1.98542,4.63962,,,,,,,,,,,,,,,,,,,,,,,,,,,,,,,,,,,,,,,,,,,,,,,,,,,High,High,High,,,,,
126,2026-09-17,16:28:48.87,2,3,"Wallace, Danny",10306264,Right,FOR_RAM,"Forney, Colden",1000306564,Right,FOR_RAM,Undefined,4,Bottom,0,1,1,Fastball,Four-Seam,BallCalled,Undefined,Undefined,Undefined,0,0,,86.46495,0.446773,-5.094617,2102.327671,220.559981,1:15,5.70696,2.07439,6.09134,-21.15718,16.5791,13.04335,4.35877,-1.56362,77.89802,-3.588271,-2.759633,0.442131,,,,,,,,,,,,-8.21166,8.76363,-1.68705,50,5.7303,10.59853,-125.0043,0.38803,-12.85105,27.77421,-18.45918,FOR_RAM,FOR_RAM,FordhamUniversity,TeamExclusive,Team,20260917-FordhamUniversity-Private-1,5babd790-b2d6-11f1-9cb4-878818705a31,85.25172,,,8.56693,,,,,,,e89b69e8-41e5-4fd8-aee7-1d57f68d26e3,2026-09-17,20:28:48.87,2026-09-17T16:28:48.8726016-04:00,2026-09-17T20:28:48.8726016Z,,v3,471298,471298,,"Player, Practice",111,Right,FOR_RAM,08b859b1-4c9b-4733-a045-a93af81f6508,54.40307,-125.9788,13.88711,5.70532,1.0357,-9.22959,-2.06683,11.04943,-6.42553,,,,,,,,,,,,,,,,,,,,,,,,,,,,,,,,,,,,,,,,,,,,,,,,,,,High,High,High,,,,,
127,2026-09-17,16:29:06.63,2,4,"Wallace, Danny",10306264,Right,FOR_RAM,"Forney, Colden",1000306564,Right,FOR_RAM,Undefined,4,Bottom,0,2,1,Slider,Curveball,BallCalled,Undefined,Undefined,Undefined,0,0,,73.23659,-0.373296,-2.639551,2561.348839,62.876878,8:00,5.71484,2.16023,5.53593,-58.82637,-5.07611,-13.61174,0.46335,-1.44299,66.93075,-11.055827,-5.06879,0.527669,,,,,,,,,,,,6.04776,-1.96638,-1.92165,50,5.64324,5.37862,-106.13089,-2.52101,6.76281,21.48124,-34.37294,FOR_RAM,FOR_RAM,FordhamUniversity,TeamExclusive,Team,20260917-FordhamUniversity-Private-1,664e9ed0-b2d6-11f1-9cb4-878818705a31,71.43194,,,6.30584,,,,,,,e89b69e8-41e5-4fd8-aee7-1d57f68d26e3,2026-09-17,20:29:06.63,2026-09-17T16:29:06.6304512-04:00,2026-09-17T20:29:06.6304512Z,,v3,471298,471298,,"Player, Practice",111,Right,FOR_RAM,06fc1824-37f9-4937-81ee-0e810225bd29,54.96402,-107.13091,10.74062,5.72335,-0.92084,-17.18647,-2.16471,5.06379,3.38141,,,,,,,,,,,,,,,,,,,,,,,,,,,,,,,,,,,,,,,,,,,,,,,,,,,High,High,High,,,,,
128,2026-09-17,16:29:27.72,2,5,"Wallace, Danny",10306264,Right,FOR_RAM,"Forney, Colden",1000306564,Right,FOR_RAM,Undefined,4,Bottom,0,3,1,Sinker,Sinker,StrikeCalled,Undefined,Undefined,Undefined,0,0,,87.43899,-2.008475,-3.17083,1994.26317,229.960498,1:45,5.71419,1.9939,5.85457,-21.61021,15.37162,16.76017,2.04359,0.44146,79.33354,-6.0841,-0.168442,0.437689,,,,,,,,,,,,-9.47953,8.83449,-1.74585,50,5.53831,6.30677,-126.67717,-5.11149,-15.27682,27.86625,-17.93673,FOR_RAM,FOR_RAM,FordhamUniversity,TeamExclusive,Team,20260917-FordhamUniversity-Private-1,72cc67a0-b2d6-11f1-9cb4-878818705a31,86.11694,,,8.10545,,,,,,,e89b69e8-41e5-4fd8-aee7-1d57f68d26e3,2026-09-17,20:29:27.72,2026-09-17T16:29:27.7260288-04:00,2026-09-17T20:29:27.7260288Z,,v3,471298,471298,,"Player, Practice",111,Right,FOR_RAM,86f426f4-6a41-4f47-bc23-b3d4729c8e58,54.64232,-127.6943,13.93312,5.71293,-4.45679,-8.96836,-1.98622,6.86438,-7.63841,,,,,,,,,,,,,,,,,,,,,,,,,,,,,,,,,,,,,,,,,,,,,,,,,,,High,High,High,,,,,
129,2026-09-17,16:30:07.06,2,6,"Wallace, Danny",10306264,Right,FOR_RAM,"Forney, Colden",1000306564,Right,FOR_RAM,Undefined,4,Bottom,0,3,2,Fastball,Four-Seam,InPlay,Undefined,LineDrive,Single,0,0,,87.21097,-2.132,-4.265016,2012.075683,207.879487,1:00,5.80335,2.20006,5.7553,-16.99733,20.55257,10.15367,2.39589,-0.93128,78.74196,-5.389838,-2.45505,0.441038,75.67219,20.323211,23.072048,3986.400555,97.69241,26.81481,50.55856,214.58868,188.43564,31.665546,2.77531,-6.49961,11.51934,-1.85203,50,5.61595,8.9733,-126.10044,-5.17786,-10.34172,28.47681,-13.84528,FOR_RAM,FOR_RAM,FordhamUniversity,TeamExclusive,Team,20260917-FordhamUniversity-Private-1,8a4996a0-b2d6-11f1-9cb4-878818705a31,85.46307,26.93547,,8.46901,,,,0.76721,2.32035,0.92064,e89b69e8-41e5-4fd8-aee7-1d57f68d26e3,2026-09-17,20:30:07.06,2026-09-17T16:30:07.0603264-04:00,2026-09-17T20:30:07.0603264Z,LineDrive,v3,471298,471298,,"Player, Practice",111,Right,FOR_RAM,8bab0fff-ca92-4a75-b170-5add079155cf,54.74098,-127.16658,14.23841,5.80009,-4.65951,-6.92264,-2.19523,9.36048,-5.17086,226.900699,0.76729,95.74651,-16.83569,3.15052,-0.38824,-0.04463,0.03611,-0.0078,0.00064,2.32014,38.56093,-16.52205,1.77548,-0.91501,0.44455,-0.13988,0.02493,-0.00189,0.92054,40.79287,-0.36582,0.30607,-0.30309,0.17692,-0.05927,0.01072,-0.00081,,,,,,,,,,,,,,,,,,,,,,,High,High,High,High,High,,,
130,2026-09-17,16:31:00.06,3,1,"Wallace, Danny",10306264,Right,FOR_RAM,"Markey, Tommy",10084492,Left,FOR_RAM,Undefined,4,Bottom,0,0,0,Sinker,Sinker,InPlay,Undefined,Bunt,Single,0,1,,87.12898,-1.993872,-3.134073,1991.565533,237.186135,2:00,5.58893,2.3362,5.81328,-24.13139,13.42524,18.67092,1.72046,0.97499,78.58075,-6.531549,0.209472,0.441077,,,,,,,,,,,,-10.52516,7.89402,-2.09039,50,5.41121,6.11711,-126.15078,-5.16145,-16.69408,29.42943,-19.65327,FOR_RAM,FOR_RAM,FordhamUniversity,TeamExclusive,Team,20260917-FordhamUniversity-Private-1,a9e049f0-b2d6-11f1-9cb4-878818705a31,85.45541,,,8.54823,,,,,,,e89b69e8-41e5-4fd8-aee7-1d57f68d26e3,2026-09-17,20:31:00.06,2026-09-17T16:31:00.0664576-04:00,2026-09-17T20:31:00.0664576Z,,v3,471298,471298,,"Player, Practice",111,Right,FOR_RAM,9c8cf9fa-d8ec-4062-b7b8-3a0e2ff8b3c1,54.68359,-127.23871,14.71472,5.58859,-4.43492,-9.82663,-2.32794,6.73425,-8.34704,,,,,,,,,,,,,,,,,,,,,,,,,,,,,,,,,,,,,,,,,,,,,,,,,,,High,High,High,,,,,
131,2026-09-17,16:31:44.40,4,1,"Wallace, Danny",10306264,Right,FOR_RAM,"Reina, Braedon",10305192,Left,FOR_RAM,Undefined,4,Bottom,0,0,0,Sinker,Changeup,BallCalled,Undefined,Undefined,Undefined,0,0,,87.46385,-2.62172,-2.520941,1888.802344,244.406534,2:15,5.58375,2.12837,5.90431,-26.60994,10.42418,18.99281,0.92856,1.3695,79.28068,-7.586624,0.890607,0.437998,,,,,,,,,,,,-10.57319,6.55418,-1.93685,50,5.35773,4.79806,-126.72576,-6.67028,-16.96027,29.18164,-21.66063,FOR_RAM,FOR_RAM,FordhamUniversity,TeamExclusive,Team,20260917-FordhamUniversity-Private-1,c45a1720-b2d6-11f1-9cb4-878818705a31,86.05612,,,8.18318,,,,,,,e89b69e8-41e5-4fd8-aee7-1d57f68d26e3,2026-09-17,20:31:44.40,2026-09-17T16:31:44.4060160-04:00,2026-09-17T20:31:44.4060160Z,,v3,471298,471298,,"Player, Practice",111,Right,FOR_RAM,7970c5a7-924d-49e4-a828-c9061d564bc3,54.59419,-127.7793,14.59082,5.58443,-5.88826,-10.83032,-2.12113,5.41038,-8.48013,,,,,,,,,,,,,,,,,,,,,,,,,,,,,,,,,,,,,,,,,,,,,,,,,,,High,High,High,,,,,
132,2026-09-17,16:32:03.37,4,2,"Wallace, Danny",10306264,Right,FOR_RAM,"Reina, Braedon",10305192,Left,FOR_RAM,Undefined,4,Bottom,0,1,0,Slider,Curveball,StrikeCalled,Undefined,Undefined,Undefined,0,0,,73.30785,0.872954,-1.044555,2678.485904,79.198555,8:45,5.95809,2.16976,5.32993,-55.95842,-1.70476,-19.51855,2.11417,-0.43698,66.30423,-9.341054,-4.514821,0.530134,,,,,,,,,,,,9.3402,-0.49177,-2.06117,50,5.99748,2.6848,-106.18715,-0.18771,10.41339,22.17344,-32.72233,FOR_RAM,FOR_RAM,FordhamUniversity,TeamExclusive,Team,20260917-FordhamUniversity-Private-1,cf9ceef0-b2d6-11f1-9cb4-878818705a31,71.09977,,,7.00361,,,,,,,e89b69e8-41e5-4fd8-aee7-1d57f68d26e3,2026-09-17,20:32:03.37,2026-09-17T16:32:03.3795584-04:00,2026-09-17T20:32:03.3795584Z,,v3,471298,471298,,"Player, Practice",111,Right,FOR_RAM,50c2bf91-d2a5-432c-b86a-10a10fae2441,55.16692,-107.26065,11.08672,5.96822,1.39651,-16.36116,-2.17895,2.18065,5.20669,,,,,,,,,,,,,,,,,,,,,,,,,,,,,,,,,,,,,,,,,,,,,,,,,,,High,High,High,,,,,
133,2026-09-17,16:32:38.32,4,3,"Wallace, Danny",10306264,Right,FOR_RAM,"Reina, Braedon",10305192,Left,FOR_RAM,Undefined,4,Bottom,0,1,1,Slider,Curveball,InPlay,Undefined,GroundBall,Double,0,1,,72.46902,1.062388,-0.927687,2515.77395,60.537858,8:00,5.75216,2.23855,5.52121,-60.67814,-5.74835,-13.70107,1.68917,0.22938,65.80634,-10.018243,-3.374692,0.533427,90.89877,3.566108,39.370034,3748.132801,,,,75.20354,66.98107,40.749923,0.598607,6.62512,-2.72823,-2.14831,50,5.80408,2.19491,-105.07495,0.06431,7.25043,21.30976,-35.15976,FOR_RAM,FOR_RAM,FordhamUniversity,TeamExclusive,Team,20260917-FordhamUniversity-Private-1,e4873e10-b2d6-11f1-9cb4-878818705a31,70.66085,2.49292,,6.66268,,,,2.02856,1.59113,0.15799,e89b69e8-41e5-4fd8-aee7-1d57f68d26e3,2026-09-17,20:32:38.32,2026-09-17T16:32:38.3204352-04:00,2026-09-17T20:32:38.3204352Z,GroundBall,v3,471298,471298,,"Player, Practice",111,Right,FOR_RAM,2ee14b40-212c-4077-bc8d-c0f2cbc6370a,54.97821,-106.07975,10.65488,5.76196,1.72218,-17.57988,-2.24375,1.85304,3.62521,,2.05953,102.16552,-17.50848,,,,,,,1.60935,7.88203,-17.70627,,,,,,,0.15616,84.44708,-4.50859,,,,,,,,,,,,,,,,,,,,,,,,,,,,,High,High,High,High,High,,,
134,2026-09-17,16:33:24.92,5,1,"Wallace, Danny",10306264,Right,FOR_RAM,"Dieguez, Matthew",10131275,Right,FOR_RAM,Undefined,4,Bottom,0,0,0,Slider,Curveball,BallCalled,Undefined,Undefined,Undefined,0,0,,73.11415,0.991484,-3.773031,2542.200253,55.001358,7:45,5.76217,1.96431,5.54713,-61.78913,-7.73418,-13.75615,1.54172,-2.71302,66.65537,-10.239214,-6.219489,0.529163,,,,,,,,,,,,5.65863,-3.62394,-1.62812,50,5.80784,7.48315,-105.81823,-0.11642,6.29062,21.35056,-36.20271,FOR_RAM,FOR_RAM,FordhamUniversity,TeamExclusive,Team,20260917-FordhamUniversity-Private-1,004460b0-b2d7-11f1-9cb4-878818705a31,71.23036,,,6.45879,,,,,,,e89b69e8-41e5-4fd8-aee7-1d57f68d26e3,2026-09-17,20:33:24.92,2026-09-17T16:33:24.9284096-04:00,2026-09-17T20:33:24.9284096Z,,v3,471298,471298,,"Player, Practice",111,Right,FOR_RAM,aac80a14-aa60-400f-9d0c-b19bf79d3c30,54.95209,-106.81272,10.67528,5.77399,1.56988,-18.10136,-1.96985,7.19013,3.14531,,,,,,,,,,,,,,,,,,,,,,,,,,,,,,,,,,,,,,,,,,,,,,,,,,,High,High,High,,,,,
135,2026-09-17,16:33:43.22,5,2,"Wallace, Danny",10306264,Right,FOR_RAM,"Dieguez, Matthew",10131275,Right,FOR_RAM,Undefined,4,Bottom,0,1,0,Sinker,Changeup,InPlay,Undefined,LineDrive,Single,0,2,,86.01629,-1.526844,-4.374697,1834.544197,233.890258,1:45,5.8022,2.27126,5.94633,-23.78182,14.29631,17.80548,2.39972,-0.3105,78.14099,-6.002071,-1.186243,0.444129,98.56202,14.946141,10.590701,2476.625176,106.83477,24.09119,26.19782,280.64774,278.5962,18.684835,2.786435,-10.44784,8.16989,-1.93254,50,5.66701,8.80847,-124.54539,-4.05276,-16.30507,26.51431,-19.42401,FOR_RAM,FOR_RAM,FordhamUniversity,TeamExclusive,Team,20260917-FordhamUniversity-Private-1,0b4881d0-b2d7-11f1-9cb4-878818705a31,84.86823,26.69658,,7.8753,,,,0.88878,2.33629,0.32751,e89b69e8-41e5-4fd8-aee7-1d57f68d26e3,2026-09-17,20:33:43.22,2026-09-17T16:33:43.2230400-04:00,2026-09-17T20:33:43.2230400Z,LineDrive,v3,471298,471298,,"Player, Practice",111,Right,FOR_RAM,39985263-4a81-4a31-9230-c633cfbe2513,54.55219,-125.51076,13.25715,5.8017,-3.34555,-9.712,-2.26405,9.40212,-8.15254,230.522786,0.88867,137.29324,-24.77008,5.63941,-1.37163,0.3884,-0.10169,0.01716,-0.00127,2.33652,37.27175,-14.68578,0.05859,0.47696,-0.33734,0.12791,-0.02511,0.00202,0.3277,25.66048,5.16499,-2.0935,0.88028,-0.38348,0.12466,-0.02333,0.00184,,,,,,,,,,,,,,,,,,,,,,,High,High,High,High,High,,,
136,2026-09-17,16:34:23.60,6,1,"Wallace, Danny",10306264,Right,FOR_RAM,"Young, Caden",10264258,Right,FOR_RAM,Undefined,4,Bottom,0,0,0,Fastball,Changeup,StrikeCalled,Undefined,Undefined,Undefined,0,0,,86.83475,-1.041206,-3.02908,1836.569058,231.915765,1:45,5.7389,2.19413,5.76265,-23.09048,14.52599,16.86505,2.84415,0.77766,78.6682,-5.386498,-0.013033,0.441429,,,,,,,,,,,,-9.46375,8.09205,-1.95329,50,5.63874,5.93915,-125.84404,-3.01618,-15.04061,27.67051,-19.31341,FOR_RAM,FOR_RAM,FordhamUniversity,TeamExclusive,Team,20260917-FordhamUniversity-Private-1,2344a4d0-b2d7-11f1-9cb4-878818705a31,85.38737,,,8.16656,,,,,,,e89b69e8-41e5-4fd8-aee7-1d57f68d26e3,2026-09-17,20:34:23.60,2026-09-17T16:34:23.6080000-04:00,2026-09-17T20:34:23.6080000Z,,v3,471298,471298,,"Player, Practice",111,Right,FOR_RAM,912d4058-a7fd-40e2-9a8a-7e7c676c1ca4,54.73405,-126.88069,13.83525,5.73819,-2.29262,-9.6567,-2.18635,6.50263,-7.52031,,,,,,,,,,,,,,,,,,,,,,,,,,,,,74.24186,2.027427,0.672154,1.355273,-1.45349,2.56667,-0.78108,-1.95001,5.74841,1.74508,127.27725,-0.91792,-0.63573,-1.83001,106.77229,-8.61924,5.77272,11.34795,-12.04759,1.69154,-5.66238,2.96648,High,High,High,,,High,High,Medium
137,2026-09-17,16:34:59.20,6,2,"Wallace, Danny",10306264,Right,FOR_RAM,"Young, Caden",10264258,Right,FOR_RAM,Undefined,4,Bottom,0,0,1,Sinker,Changeup,BallCalled,Undefined,Undefined,Undefined,0,0,,86.22175,-3.025039,-4.388434,1868.165758,236.896834,2:00,5.70649,1.99337,5.97755,-24.42856,13.44398,18.63485,0.85576,-0.52969,78.61519,-7.596606,-1.047262,0.442929,,,,,,,,,,,,-10.79331,8.17107,-1.65583,50,5.45297,8.80725,-124.72562,-7.36207,-16.92731,26.11799,-19.3592,FOR_RAM,FOR_RAM,FordhamUniversity,TeamExclusive,Team,20260917-FordhamUniversity-Private-1,38848e00-b2d7-11f1-9cb4-878818705a31,85.09824,,,7.60657,,,,,,,e89b69e8-41e5-4fd8-aee7-1d57f68d26e3,2026-09-17,20:34:59.20,2026-09-17T16:34:59.2052224-04:00,2026-09-17T20:34:59.2052224Z,,v3,471298,471298,,"Player, Practice",111,Right,FOR_RAM,a14943ce-21ef-4815-b501-ba23bc57ed6d,54.52023,-125.66861,13.059,5.70616,-6.66311,-9.6796,-1.98485,9.41841,-8.46366,,,,,,,,,,,,,,,,,,,,,,,,,,,,,,,,,,,,,,,,,,,,,,,,,,,High,High,High,,,,,
138,2026-09-17,16:35:15.43,6,3,"Wallace, Danny",10306264,Right,FOR_RAM,"Young, Caden",10264258,Right,FOR_RAM,Undefined,4,Bottom,0,1,1,Fastball,Four-Seam,StrikeSwinging,Undefined,Undefined,Undefined,0,0,,87.07093,-1.25173,-4.195229,1959.060812,208.771093,1:00,5.69495,2.37657,6.0588,-17.73552,19.30812,9.89965,3.05514,-0.68836,78.90083,-4.65302,-2.420297,0.438055,,,,,,,,,,,,-6.29426,10.65469,-2.05525,50,5.58784,8.8319,-126.05495,-3.23026,-10.05589,27.31684,-15.1518,FOR_RAM,FOR_RAM,FordhamUniversity,TeamExclusive,Team,20260917-FordhamUniversity-Private-1,42386160-b2d7-11f1-9cb4-878818705a31,86.04506,,,8.1701,,,,,,,e89b69e8-41e5-4fd8-aee7-1d57f68d26e3,2026-09-17,20:35:15.43,2026-09-17T16:35:15.4391552-04:00,2026-09-17T20:35:15.4391552Z,,v3,471298,471298,,"Player, Practice",111,Right,FOR_RAM,2b11394e-2f53-4180-8c3b-92ed7f973346,54.43618,-127.01265,13.65842,5.69178,-2.69905,-7.5759,-2.37107,9.18446,-5.02795,,,,,,,,,,,,,,,,,,,,,,,,,,,,,,,,,,,,,,,,,,,,,,,,,,,High,High,High,,,,,
139,2026-09-17,16:35:37.53,6,4,"Wallace, Danny",10306264,Right,FOR_RAM,"Young, Caden",10264258,Right,FOR_RAM,Undefined,4,Bottom,0,1,2,Fastball,Four-Seam,StrikeSwinging,Strikeout,Undefined,Undefined,0,0,,89.25442,-1.833638,-2.673623,1988.188305,207.316311,1:00,6.0997,1.83672,5.86388,-15.54446,19.7054,9.57792,3.09851,0.14937,81.32203,-4.809801,-0.957964,0.427317,,,,,,,,,,,,-5.62733,10.92158,-1.62538,50,5.94184,5.63038,-129.42975,-4.57688,-9.52594,27.53782,-13.68601,FOR_RAM,FOR_RAM,FordhamUniversity,TeamExclusive,Team,20260917-FordhamUniversity-Private-1,4f40de00-b2d7-11f1-9cb4-878818705a31,88.20723,,,7.93239,,,,,,,e89b69e8-41e5-4fd8-aee7-1d57f68d26e3,2026-09-17,20:35:37.53,2026-09-17T16:35:37.5388672-04:00,2026-09-17T20:35:37.5388672Z,,v3,471298,471298,,"Player, Practice",111,Right,FOR_RAM,3160240d-b6e8-4ea2-99ba-cde4a7d96aaa,54.6327,-130.41169,13.76891,6.09635,-4.08886,-6.84301,-1.8322,5.97006,-4.76297,,,,,,,,,,,,,,,,,,,,,,,,,,,,,,,,,,,,,,,,,,,,,,,,,,,High,High,High,,,,,
140,2026-09-17,16:36:06.44,7,1,"Wallace, Danny",10306264,Right,FOR_RAM,"Beaudreau, Bradley",1000297368,Left,FOR_RAM,Undefined,4,Bottom,1,0,0,Sinker,Changeup,InPlay,Undefined,GroundBall,Out,1,0,,87.3695,-0.322166,-3.883622,2001.74812,249.208263,2:15,5.46407,2.23471,6.05462,-27.6969,8.97552,20.37737,2.8571,0.33249,79.36664,-5.507415,-0.222844,0.435854,87.64116,0.664185,12.429655,2918.794333,,,,38.32749,38.32749,13.735217,0.297114,-11.68516,5.07457,-1.94353,50,5.42414,7.77793,-126.67604,-1.59968,-18.86125,27.48084,-23.98307,FOR_RAM,FOR_RAM,FordhamUniversity,TeamExclusive,Team,20260917-FordhamUniversity-Private-1,6088b200-b2d7-11f1-9cb4-878818705a31,86.47945,2.63955,,8.00286,,,,1.3864,2.62417,-0.10964,e89b69e8-41e5-4fd8-aee7-1d57f68d26e3,2026-09-17,20:36:06.44,2026-09-17T16:36:06.4454656-04:00,2026-09-17T20:36:06.4454656Z,GroundBall,v3,471298,471298,,"Player, Practice",111,Right,FOR_RAM,1e51ed0a-13f9-4340-ba87-56943cecf02d,54.44494,-127.63668,13.74042,5.4654,-0.76131,-11.99154,-2.22694,8.43725,-9.43063,321.73046,1.38387,125.63273,-16.73387,,,,,,,2.62978,1.24017,-34.02648,,,,,,,-0.11364,27.84376,10.70593,,,,,,,,,,,,,,,,,,,,,,,,,,,,,High,High,High,Medium,Medium,,,