PitchNo,Date,Time,PAofInning,PitchofPA,Pitcher,PitcherId,PitcherThrows,PitcherTeam,Batter,BatterId,BatterSide,BatterTeam,PitcherSet,Inning,Top/Bottom,Outs,Balls,Strikes,TaggedPitchType,AutoPitchType,PitchCall,KorBB,TaggedHitType,PlayResult,OutsOnPlay,RunsScored,Notes,RelSpeed,VertRelAngle,HorzRelAngle,SpinRate,SpinAxis,Tilt,RelHeight,RelSide,Extension,VertBreak,InducedVertBreak,HorzBreak,PlateLocHeight,PlateLocSide,ZoneSpeed,VertApprAngle,HorzApprAngle,ZoneTime,ExitSpeed,Angle,Direction,HitSpinRate,PositionAt110X,PositionAt110Y,PositionAt110Z,Distance,LastTrackedDistance,Bearing,HangTime,pfxx,pfxz,x0,y0,z0,vx0,vy0,vz0,ax0,ay0,az0,HomeTeam,AwayTeam,Stadium,Level,League,GameID,PitchUID,EffectiveVelo,MaxHeight,MeasuredDuration,SpeedDrop,PitchLastMeasuredX,PitchLastMeasuredY,PitchLastMeasuredZ,ContactPositionX,ContactPositionY,ContactPositionZ,GameUID,UTCDate,UTCTime,LocalDateTime,UTCDateTime,AutoHitType,System,HomeTeamForeignID,AwayTeamForeignID,GameForeignID,Catcher,CatcherId,CatcherThrows,CatcherTeam,PlayID,PitchTrajectoryXc0,PitchTrajectoryXc1,PitchTrajectoryXc2,PitchTrajectoryYc0,PitchTrajectoryYc1,PitchTrajectoryYc2,PitchTrajectoryZc0,PitchTrajectoryZc1,PitchTrajectoryZc2,HitSpinAxis,HitTrajectoryXc0,HitTrajectoryXc1,HitTrajectoryXc2,HitTrajectoryXc3,HitTrajectoryXc4,HitTrajectoryXc5,HitTrajectoryXc6,HitTrajectoryXc7,HitTrajectoryXc8,HitTrajectoryYc0,HitTrajectoryYc1,HitTrajectoryYc2,HitTrajectoryYc3,HitTrajectoryYc4,HitTrajectoryYc5,HitTrajectoryYc6,HitTrajectoryYc7,HitTrajectoryYc8,HitTrajectoryZc0,HitTrajectoryZc1,HitTrajectoryZc2,HitTrajectoryZc3,HitTrajectoryZc4,HitTrajectoryZc5,HitTrajectoryZc6,HitTrajectoryZc7,HitTrajectoryZc8,ThrowSpeed,PopTime,ExchangeTime,TimeToBase,CatchPositionX,CatchPositionY,CatchPositionZ,ThrowPositionX,ThrowPositionY,ThrowPositionZ,BasePositionX,BasePositionY,BasePositionZ,ThrowTrajectoryXc0,ThrowTrajectoryXc1,ThrowTrajectoryXc2,ThrowTrajectoryYc0,ThrowTrajectoryYc1,ThrowTrajectoryYc2,ThrowTrajectoryZc0,ThrowTrajectoryZc1,ThrowTrajectoryZc2,PitchReleaseConfidence,PitchLocationConfidence,PitchMovementConfidence,HitLaunchConfidence,HitLandingConfidence,CatcherThrowCatchConfidence,CatcherThrowReleaseConfidence,CatcherThrowLocationConfidence
1,2026-10-02,15:18:20.12,1,1,"Gaskin, Brendan",1000526489,Left,FOR_RAM,"Dieguez, Matthew",10131275,Right,FOR_RAM,Undefined,1,Top,0,0,0,Fastball,Sinker,BallCalled,Undefined,Undefined,Undefined,0,0,,85.27559,1.999855,0.847371,2280.029902,158.067439,11:15,5.28729,-1.57034,5.83309,-22.46667,16.03926,-5.98,5.2749,-1.28099,77.72709,-2.23994,-0.22406,0.446617,,,,,,,,,,,,3.26063,7.98371,1.50463,50,5.43724,-1.58116,-123.77129,3.64916,5.0622,24.51244,-19.77915,FOR_RAM,FOR_RAM,FordhamUniversity,TeamExclusive,Team,20261002-FordhamUniversity-Private-1,f60763c0-be95-11f1-b1e5-4dbf427540c3,84.39545,,,7.5485,,,,,,,cb3f4724-d3a1-45f5-a9d9-4aecfea1f935,2026-10-02,19:18:20.12,2026-10-02T15:18:20.1249792-04:00,2026-10-02T19:18:20.1249792Z,,v3,471298,471298,,,,Undefined,FOR_RAM,2896c5ff-5433-4f62-b12d-edfa615b1e53,54.66268,-124.6913,12.25622,5.28635,4.39152,-9.88958,1.56754,-1.77115,2.5311,,,,,,,,,,,,,,,,,,,,,,,,,,,,,,,,,,,,,,,,,,,,,,,,,,,High,High,High,,,,,
2,2026-10-02,15:18:34.59,1,2,"Gaskin, Brendan",1000526489,Left,FOR_RAM,"Dieguez, Matthew",10131275,Right,FOR_RAM,Undefined,1,Top,0,1,0,Fastball,Sinker,BallCalled,Undefined,Undefined,Undefined,0,0,,84.86884,1.200138,1.095516,2211.886416,136.629288,10:30,5.35768,-1.51955,5.77133,-26.12907,12.44485,-10.72926,4.29745,-1.39407,78.19808,-3.665158,-0.825135,0.447011,,,,,,,,,,,,5.70831,6.38949,1.43537,50,5.44104,-1.91675,-123.35362,1.74568,8.88832,22.10649,-22.22509,FOR_RAM,FOR_RAM,FordhamUniversity,TeamExclusive,Team,20261002-FordhamUniversity-Private-1,feae5b00-be95-11f1-b1e5-4dbf427540c3,84.32106,,,6.67076,,,,,,,cb3f4724-d3a1-45f5-a9d9-4aecfea1f935,2026-10-02,19:18:34.59,2026-10-02T15:18:34.5961984-04:00,2026-10-02T19:18:34.5961984Z,,v3,471298,471298,,,,Undefined,FOR_RAM,842d0ff3-1aac-4714-b07c-ec229be75ce4,54.72668,-124.19781,11.05325,5.35817,2.5944,-11.11254,1.51505,-2.25617,4.44416,,,,,,,,,,,,,,,,,,,,,,,,,,,,,,,,,,,,,,,,,,,,,,,,,,,High,High,High,,,,,
3,2026-10-02,15:18:53.32,1,3,"Gaskin, Brendan",1000526489,Left,FOR_RAM,"Dieguez, Matthew",10131275,Right,FOR_RAM,Undefined,1,Top,0,2,0,Cutter,Changeup,InPlay,Undefined,FlyBall,Out,1,0,,83.28886,-0.612408,2.739064,2485.092824,151.253358,11:00,5.17624,-1.57076,5.28108,-30.04557,11.26611,-5.45138,2.09663,0.54927,76.16491,-6.144426,1.772898,0.462602,88.04907,45.79491,-18.574544,4712.038946,106.33802,102.57569,-28.1454,280.47352,279.19565,-10.341947,5.703631,3.5374,6.19095,1.32506,50,5.09848,-5.55316,-120.76883,-2.32397,5.21599,23.87051,-23.04531,FOR_RAM,FOR_RAM,FordhamUniversity,TeamExclusive,Team,20261002-FordhamUniversity-Private-1,09c31df0-be96-11f1-b1e5-4dbf427540c3,81.47911,119.85745,,7.12395,,,,2.01282,2.07064,-0.45655,cb3f4724-d3a1-45f5-a9d9-4aecfea1f935,2026-10-02,19:18:53.32,2026-10-02T15:18:53.3209600-04:00,2026-10-02T19:18:53.3209600Z,FlyBall,v3,471298,471298,,,,Undefined,FOR_RAM,c6388fba-d3ef-4896-a99b-163b997a9aff,55.21822,-121.79587,11.93526,5.17714,-1.33243,-11.52266,1.56881,-5.77758,2.608,194.435783,2.01768,85.25163,-19.47367,5.00928,-0.78842,0.04448,0.00742,-0.00136,6E-05,2.06869,92.59968,-20.70295,0.92377,0.19707,-0.14168,0.03853,-0.00504,0.00025,-0.45932,-28.62517,10.81964,-2.97185,0.52401,-0.04575,-0.00115,0.00054,-3E-05,,,,,,,,,,,,,,,,,,,,,,,High,High,High,High,Medium,,,
4,2026-10-02,15:19:27.27,2,1,"Gaskin, Brendan",1000526489,Left,FOR_RAM,"Curran, Tommy",1000559344,Right,FOR_RAM,Undefined,1,Top,1,0,0,Fastball,Sinker,FoulBallNotFieldable,Undefined,Undefined,Undefined,0,0,,86.76708,-0.855106,2.004728,2311.872795,132.943671,10:30,5.35852,-1.51853,5.90728,-23.77226,12.86505,-12.72469,2.58324,-0.71736,80.30295,-5.283089,-0.279346,0.435645,74.16955,54.337315,120.628156,4300.712785,,,,,23.46818,,,7.06304,7.12941,1.36508,50,5.27611,-3.91253,-126.17169,-2.64161,11.5261,22.70352,-20.53966,FOR_RAM,FOR_RAM,FordhamUniversity,TeamExclusive,Team,20261002-FordhamUniversity-Private-1,1e0ac470-be96-11f1-b1e5-4dbf427540c3,86.52093,31.28463,,6.46413,,,,0.81347,2.36606,0.58886,cb3f4724-d3a1-45f5-a9d9-4aecfea1f935,2026-10-02,19:19:27.27,2026-10-02T15:19:27.2717312-04:00,2026-10-02T19:19:27.2717312Z,,v3,471298,471298,,,,Undefined,FOR_RAM,fe6dc8d5-93f0-4c4f-ac7b-23d9c5e67060,54.59352,-126.99556,11.35176,5.35845,-1.89626,-10.26983,1.51465,-4.3308,5.76305,332.477989,0.82024,-32.55271,-2.95767,,,,,,,2.38069,87.86407,-31.04468,,,,,,,0.5929,54.43118,-7.46843,,,,,,,,,,,,,,,,,,,,,,,,,,,,,High,High,High,High,Undefined,,,
5,2026-10-02,15:19:47.92,2,2,"Gaskin, Brendan",1000526489,Left,FOR_RAM,"Caron, Michael",1000322224,Right,FOR_RAM,Undefined,1,Top,1,0,1,ChangeUp,Changeup,BallCalled,Undefined,Undefined,Undefined,0,0,,76.86332,0.104572,1.634423,1686.831413,113.928386,9:45,5.04361,-1.70549,5.19155,-40.44042,8.69402,-15.66729,1.77198,-1.47317,69.70059,-7.322179,-1.143035,0.504504,,,,,,,,,,,,8.26756,4.83583,1.56602,50,5.02325,-2.54173,-111.36279,-1.13375,10.25724,22.24897,-26.17443,FOR_RAM,FOR_RAM,FordhamUniversity,TeamExclusive,Team,20261002-FordhamUniversity-Private-1,2a659bf0-be96-11f1-b1e5-4dbf427540c3,74.71191,,,7.16273,,,,,,,cb3f4724-d3a1-45f5-a9d9-4aecfea1f935,2026-10-02,19:19:47.92,2026-10-02T15:19:47.9281664-04:00,2026-10-02T19:19:47.9281664Z,,v3,471298,471298,,,,Undefined,FOR_RAM,c49a6998-0c25-4a44-8d8c-5cc82d022211,55.30402,-112.41747,11.12449,5.04759,0.10701,-13.08721,1.69803,-3.02796,5.12862,,,,,,,,,,,,,,,,,,,,,,,,,,,,,,,,,,,,,,,,,,,,,,,,,,,High,High,High,,,,,
6,2026-10-02,15:20:02.80,2,3,"Gaskin, Brendan",1000526489,Left,FOR_RAM,"Caron, Michael",1000322224,Right,FOR_RAM,Undefined,1,Top,1,1,1,Cutter,Slider,BallCalled,Undefined,Undefined,Undefined,0,0,Caron Good challenge,83.85432,0.890789,0.723917,2442.485878,166.740648,11:30,5.17524,-1.59044,5.05372,-33.06289,7.66985,-1.52469,3.26024,-1.03473,77.11739,-5.145945,0.454476,0.459349,,,,,,,,,,,,0.93886,3.96173,1.5228,50,5.23391,-1.47065,-121.73103,0.67193,1.4192,22.24251,-26.18547,FOR_RAM,FOR_RAM,FordhamUniversity,TeamExclusive,Team,20261002-FordhamUniversity-Private-1,333f3bf0-be96-11f1-b1e5-4dbf427540c3,82.05613,,,6.73693,,,,,,,cb3f4724-d3a1-45f5-a9d9-4aecfea1f935,2026-10-02,19:20:02.80,2026-10-02T15:20:02.8056576-04:00,2026-10-02T19:20:02.8056576Z,,v3,471298,471298,,,,Undefined,FOR_RAM,9b5f80a3-0f0e-41c3-a715-f2f4c90720b1,55.44365,-122.72165,11.12125,5.17802,1.83816,-13.09274,1.5897,-1.53386,0.7096,,,,,,,,,,,,,,,,,,,,,,,,,,,,,,,,,,,,,,,,,,,,,,,,,,,High,High,High,,,,,
7,2026-10-02,15:20:28.71,2,4,"Gaskin, Brendan",1000526489,Left,FOR_RAM,"Caron, Michael",1000322224,Right,FOR_RAM,Undefined,1,Top,1,2,1,Fastball,Four-Seam,BallCalled,Undefined,Undefined,Undefined,0,0,,87.18991,-0.734612,3.062116,2206.570762,164.55972,11:30,5.29591,-1.46692,5.82456,-21.78438,15.31595,-3.88862,2.79659,1.05844,79.27942,-4.83868,2.366653,0.43839,,,,,,,,,,,,2.86366,8.39185,1.2187,50,5.22299,-6.59463,-126.38154,-2.29334,4.60904,26.92553,-18.66736,FOR_RAM,FOR_RAM,FordhamUniversity,TeamExclusive,Team,20261002-FordhamUniversity-Private-1,42b05420-be96-11f1-b1e5-4dbf427540c3,85.97931,,,7.91049,,,,,,,cb3f4724-d3a1-45f5-a9d9-4aecfea1f935,2026-10-02,19:20:28.71,2026-10-02T15:20:28.7155712-04:00,2026-10-02T19:20:28.7155712Z,,v3,471298,471298,,,,Undefined,FOR_RAM,21e7fc29-00a5-4958-a3ef-b54b203c0ef0,54.67072,-127.37275,13.46277,5.29476,-1.60614,-9.33368,1.46459,-6.7643,2.30452,,,,,,,,,,,,,,,,,,,,,,,,,,,,,,,,,,,,,,,,,,,,,,,,,,,High,High,High,,,,,
8,2026-10-02,15:20:43.47,2,5,"Gaskin, Brendan",1000526489,Left,FOR_RAM,"Caron, Michael",1000322224,Right,FOR_RAM,Undefined,1,Top,1,3,1,Cutter,Slider,InPlay,Undefined,LineDrive,Double,0,0,,83.91891,-0.285058,1.692909,2410.533816,177.975162,12:00,5.10475,-1.70715,5.41773,-32.32825,8.38587,-0.24752,2.14359,-0.14148,76.26854,-6.250936,1.648876,0.459244,93.84862,13.886729,-11.850301,1648.297546,107.61821,19.34931,-22.76538,249.22217,242.29664,-12.439582,2.376587,0.63937,4.69603,1.55693,50,5.0571,-3.58631,-121.69168,-1.71963,0.95029,25.85764,-25.19454,FOR_RAM,FOR_RAM,FordhamUniversity,TeamExclusive,Team,20261002-FordhamUniversity-Private-1,4b69e900-be96-11f1-b1e5-4dbf427540c3,82.07492,19.96818,,7.65037,,,,1.32757,2.12471,0.19247,cb3f4724-d3a1-45f5-a9d9-4aecfea1f935,2026-10-02,19:20:43.47,2026-10-02T15:20:43.4792448-04:00,2026-10-02T19:20:43.4792448Z,LineDrive,v3,471298,471298,,,,Undefined,FOR_RAM,c6ce10b3-3d54-460d-9831-73cb3e2a277f,55.07982,-122.76632,12.92882,5.10681,-0.67255,-12.59727,1.7068,-3.62581,0.47514,166.597202,1.32757,130.77492,-17.14105,3.19749,-0.90016,0.41876,-0.17718,0.04295,-0.00428,2.12471,33.03346,-16.49314,1.21281,0.04908,-0.27379,0.16232,-0.04265,0.00438,0.19247,-27.43749,2.57312,-0.20288,-0.37804,0.46997,-0.24851,0.0639,-0.00652,,,,,,,,,,,,,,,,,,,,,,,High,High,High,High,High,,,
9,2026-10-02,15:21:29.66,3,1,"Gaskin, Brendan",1000526489,Left,FOR_RAM,"Young, Caden",10264258,Right,FOR_RAM,Undefined,1,Top,1,0,0,Fastball,Four-Seam,StrikeCalled,Undefined,Undefined,Undefined,0,0,,86.42751,-0.217681,1.299502,2238.42368,163.492792,11:30,5.43798,-1.35921,5.64354,-23.37564,14.2643,-3.88406,3.2869,-0.47049,79.16847,-4.584026,0.605744,0.441566,,,,,,,,,,,,2.3041,7.64331,1.25134,50,5.4047,-2.6798,-125.49906,-1.23514,3.68677,24.61848,-19.94414,FOR_RAM,FOR_RAM,FordhamUniversity,TeamExclusive,Team,20261002-FordhamUniversity-Private-1,67013420-be96-11f1-b1e5-4dbf427540c3,85.3608,,,7.25904,,,,,,,cb3f4724-d3a1-45f5-a9d9-4aecfea1f935,2026-10-02,19:21:29.66,2026-10-02T15:21:29.6657920-04:00,2026-10-02T19:21:29.6657920Z,,v3,471298,471298,,,,Undefined,FOR_RAM,621949a0-f00b-44ab-9891-5346bf289e11,54.85269,-126.4474,12.30924,5.43748,-0.46687,-9.97207,1.35731,-2.82182,1.84338,,,,,,,,,,,,,,,,,,,,,,,,,,,,,,,,,,,,,,,,,,,,,,,,,,,High,High,High,,,,,
10,2026-10-02,15:21:56.33,3,2,"Gaskin, Brendan",1000526489,Left,FOR_RAM,"Young, Caden",10264258,Right,FOR_RAM,Undefined,1,Top,1,0,1,ChangeUp,Changeup,BallCalled,Undefined,Undefined,Undefined,0,0,,79.29895,-0.568439,2.204389,1705.539369,106.550965,9:30,4.91098,-1.60175,5.29777,-38.97593,6.57426,-17.14989,1.1289,-0.9603,72.64525,-7.696521,-0.842109,0.485754,,,,,,,,,,,,9.21686,3.89776,1.41423,50,4.83101,-3.73544,-115.02957,-2.46301,12.31982,21.81228,-26.96406,FOR_RAM,FOR_RAM,FordhamUniversity,TeamExclusive,Team,20261002-FordhamUniversity-Private-1,76ef4480-be96-11f1-b1e5-4dbf427540c3,77.59574,,,6.65371,,,,,,,cb3f4724-d3a1-45f5-a9d9-4aecfea1f935,2026-10-02,19:21:56.33,2026-10-02T15:21:56.3353600-04:00,2026-10-02T19:21:56.3353600Z,,v3,471298,471298,,,,Undefined,FOR_RAM,b44cf227-3a31-4805-8672-7c3260f3d237,55.20099,-116.01161,10.90614,4.91457,-1.24903,-13.48203,1.5949,-4.2901,6.15991,,,,,,,,,,,,,,,,,,,,,,,,,,,,,,,,,,,,,,,,,,,,,,,,,,,High,High,High,,,,,
11,2026-10-02,15:22:16.39,3,3,"Gaskin, Brendan",1000526489,Left,FOR_RAM,"Young, Caden",10264258,Right,FOR_RAM,Undefined,1,Top,1,1,1,Fastball,Changeup,BallCalled,Undefined,Undefined,Undefined,0,0,,85.24199,2.249397,0.808054,2404.740783,140.711234,10:45,5.14451,-1.66023,5.2084,-29.91572,9.46579,-6.76575,4.76818,-1.46409,77.88587,-3.258963,-0.390044,0.451666,,,,,,,,,,,,3.5661,4.4937,1.5907,50,5.33038,-1.44149,-123.63327,3.77788,5.53955,23.81331,-25.19362,FOR_RAM,FOR_RAM,FordhamUniversity,TeamExclusive,Team,20261002-FordhamUniversity-Private-1,82d64b90-be96-11f1-b1e5-4dbf427540c3,83.452,,,7.35611,,,,,,,cb3f4724-d3a1-45f5-a9d9-4aecfea1f935,2026-10-02,19:22:16.39,2026-10-02T15:22:16.3949056-04:00,2026-10-02T19:22:16.3949056Z,,v3,471298,471298,,,,Undefined,FOR_RAM,29e06b0a-c09e-4a01-a466-23ce8889ad3d,55.28817,-124.64768,11.90665,5.14659,4.85109,-12.59681,1.65713,-1.67746,2.76978,,,,,,,,,,,,,,,,,,,,,,,,,,,,,,,,,,,,,,,,,,,,,,,,,,,High,High,High,,,,,
12,2026-10-02,15:22:37.02,3,4,"Gaskin, Brendan",1000526489,Left,FOR_RAM,"Young, Caden",10264258,Right,FOR_RAM,Undefined,1,Top,1,2,1,Fastball,Sinker,BallCalled,Undefined,Undefined,Undefined,0,0,,86.48158,0.64109,1.736936,2174.38388,150.349154,11:00,5.2963,-1.45469,5.89925,-23.18749,14.11339,-7.37461,3.95946,-0.45626,79.0051,-3.719557,0.414039,0.439573,,,,,,,,,,,,4.21851,7.39638,1.31902,50,5.33457,-3.4989,-125.57678,0.68955,6.74603,25.08235,-20.34611,FOR_RAM,FOR_RAM,FordhamUniversity,TeamExclusive,Team,20261002-FordhamUniversity-Private-1,8f2b0890-be96-11f1-b1e5-4dbf427540c3,85.74784,,,7.47648,,,,,,,cb3f4724-d3a1-45f5-a9d9-4aecfea1f935,2026-10-02,19:22:37.02,2026-10-02T15:22:37.0227200-04:00,2026-10-02T19:22:37.0227200Z,,v3,471298,471298,,,,Undefined,FOR_RAM,26c86b1a-4e97-4911-991d-efab5e3ba872,54.59694,-126.49162,12.54118,5.29589,1.43165,-10.17305,1.45113,-3.74495,3.37302,,,,,,,,,,,,,,,,,,,,,,,,,,,,,,,,,,,,,,,,,,,,,,,,,,,High,High,High,,,,,
13,2026-10-02,15:22:58.31,3,5,"Gaskin, Brendan",1000526489,Left,FOR_RAM,"Young, Caden",10264258,Right,FOR_RAM,Undefined,1,Top,1,3,1,ChangeUp,Changeup,FoulBallNotFieldable,Undefined,Undefined,Undefined,0,0,,78.87827,0.304818,2.137086,1687.08464,99.85824,9:15,4.94397,-1.80008,5.42553,-42.0777,3.8513,-13.43052,1.7232,-0.91673,72.03027,-7.407759,-0.253879,0.48777,62.77191,-43.64776,-68.148167,,,,,3.50148,3.50148,-15.202468,0.029496,7.4863,2.2113,1.62049,50,4.94156,-3.75559,-114.44346,-0.78218,9.86726,22.33972,-29.25945,FOR_RAM,FOR_RAM,FordhamUniversity,TeamExclusive,Team,20261002-FordhamUniversity-Private-1,9bedf0b0-be96-11f1-b1e5-4dbf427540c3,77.27506,1.8808,,6.848,,,,2.64505,1.8808,0.91188,cb3f4724-d3a1-45f5-a9d9-4aecfea1f935,2026-10-02,19:22:58.31,2026-10-02T15:22:58.3129600-04:00,2026-10-02T19:22:58.3129600Z,GroundBall,v3,471298,471298,,,,Undefined,FOR_RAM,47e8d13b-6a2a-45e7-a09d-fbc97c752dce,55.07481,-115.42983,11.16986,4.94758,0.50971,-14.62972,1.79593,-4.19127,4.93363,,2.64464,24.88136,,,,,,,,1.88184,-63.76488,,,,,,,,0.91289,-62.04499,,,,,,,,,,,,,,,,,,,,,,,,,,,,,,High,High,High,Estimated,Estimated,,,
14,2026-10-02,15:23:24.86,3,6,"Gaskin, Brendan",1000526489,Left,FOR_RAM,"Young, Caden",10264258,Right,FOR_RAM,Undefined,1,Top,1,3,2,Slider,Slider,FoulBallNotFieldable,Undefined,Undefined,Undefined,0,0,,78.04704,1.183313,1.56058,2593.798527,258.565326,2:30,5.04758,-1.60287,5.06236,-43.99951,2.94374,7.94985,2.49734,0.53153,72.17923,-6.790171,2.964945,0.493126,,,,,,,,,,,,-3.54347,1.59906,1.44803,50,5.12516,-3.41143,-113.31227,0.7937,-4.64842,18.96343,-30.07637,FOR_RAM,FOR_RAM,FordhamUniversity,TeamExclusive,Team,20261002-FordhamUniversity-Private-1,abab5420-be96-11f1-b1e5-4dbf427540c3,76.43571,,,5.86781,,,,,,,cb3f4724-d3a1-45f5-a9d9-4aecfea1f935,2026-10-02,19:23:24.86,2026-10-02T15:23:24.8628736-04:00,2026-10-02T19:23:24.8628736Z,,v3,471298,471298,,,,Undefined,FOR_RAM,8c6a697c-6907-42bd-9abf-10b136814a3a,55.43668,-114.2185,9.48171,5.05289,2.231,-15.03819,1.60574,-3.18928,-2.32421,,,,,,,,,,,,,,,,,,,,,,,,,,,,,,,,,,,,,,,,,,,,,,,,,,,High,High,High,,,,,
15,2026-10-02,15:24:02.88,3,7,"Gaskin, Brendan",1000526489,Left,FOR_RAM,"Young, Caden",10264258,Right,FOR_RAM,Undefined,1,Top,1,3,2,Slider,Slider,BallCalled,Walk,Undefined,Undefined,0,0,,78.08345,2.897241,-0.161145,2522.12293,250.035134,2:15,5.07762,-1.60621,5.33207,-42.35613,4.34878,8.11461,4.26861,-1.08119,71.5331,-4.860843,1.279008,0.491873,,,,,,,,,,,,-4.07705,1.8761,1.61486,50,5.30924,-0.00927,-113.25321,4.30335,-5.31782,19.85787,-29.72701,FOR_RAM,FOR_RAM,FordhamUniversity,TeamExclusive,Team,20261002-FordhamUniversity-Private-1,c24ffd70-be96-11f1-b1e5-4dbf427540c3,76.63048,,,6.55035,,,,,,,cb3f4724-d3a1-45f5-a9d9-4aecfea1f935,2026-10-02,19:24:02.88,2026-10-02T15:24:02.8819456-04:00,2026-10-02T19:24:02.8819456Z,,v3,471298,471298,,,,Undefined,FOR_RAM,cf9e678a-7026-40f9-b13c-9849a6ff4406,55.16542,-114.15532,9.92894,5.08307,5.65381,-14.8635,1.60979,0.23231,-2.65891,,,,,,,,,,,,,,,,,,,,,,,,,,,,,,,,,,,,,,,,,,,,,,,,,,,High,High,High,,,,,
16,2026-10-02,15:24:32.21,4,1,"Gaskin, Brendan",1000526489,Left,FOR_RAM,"Beaudreau, Bradley",1000297368,Left,FOR_RAM,Undefined,1,Top,1,0,0,Fastball,Sinker,FoulBallNotFieldable,Undefined,Undefined,Undefined,0,0,,85.94539,0.886732,2.137262,2264.468278,141.567388,10:45,5.22895,-1.30353,5.75301,-26.25816,12.06138,-8.54532,3.86687,-0.02513,77.87011,-4.034554,0.609081,0.445535,,,,,,,,,,,,5.00055,6.25091,1.13146,50,5.28674,-4.29695,-124.65513,1.08442,7.80491,26.94184,-22.41754,FOR_RAM,FOR_RAM,FordhamUniversity,TeamExclusive,Team,20261002-FordhamUniversity-Private-1,d3c1a090-be96-11f1-b1e5-4dbf427540c3,84.60045,,,8.07528,,,,,,,cb3f4724-d3a1-45f5-a9d9-4aecfea1f935,2026-10-02,19:24:32.21,2026-10-02T15:24:32.2153984-04:00,2026-10-02T19:24:32.2153984Z,,v3,471298,471298,,,,Undefined,FOR_RAM,8e0a8a4f-fffe-42fc-aa52-4a6997cc5c80,54.74412,-125.6763,13.47092,5.22954,1.9341,-11.20877,1.29993,-4.59278,3.90245,,,,,,,,,,,,,,,,,,,,,,,,,,,,,,,,,,,,,,,,,,,,,,,,,,,High,High,High,,,,,
17,2026-10-02,15:25:10.86,4,2,"Gaskin, Brendan",1000526489,Left,FOR_RAM,"Beaudreau, Bradley",1000297368,Left,FOR_RAM,Undefined,1,Top,1,0,1,Cutter,Slider,StrikeCalled,Undefined,Undefined,Undefined,0,0,,83.26397,1.541838,0.841567,2028.524427,156.120356,11:15,5.30675,-1.49613,5.82956,-34.98537,5.95244,-1.99398,3.82504,-0.87994,75.08951,-4.977227,0.484151,0.460504,,,,,,,,,,,,1.29433,2.93831,1.42864,50,5.41209,-1.69468,-120.75864,2.11644,1.88227,26.84708,-27.90107,FOR_RAM,FOR_RAM,FordhamUniversity,TeamExclusive,Team,20261002-FordhamUniversity-Private-1,ead75b30-be96-11f1-b1e5-4dbf427540c3,81.85034,,,8.17445,,,,,,,cb3f4724-d3a1-45f5-a9d9-4aecfea1f935,2026-10-02,19:25:10.86,2026-10-02T15:25:10.8613632-04:00,2026-10-02T19:25:10.8613632Z,,v3,471298,471298,,,,Undefined,FOR_RAM,7a88ae20-0f6a-41ec-bdac-486ce58cd703,54.66769,-121.79194,13.42354,5.30997,3.19031,-13.95054,1.49526,-1.76712,0.94114,,,,,,,,,,,,,,,,,,,,,,,,,,,,,,,,,,,,,,,,,,,,,,,,,,,High,High,High,,,,,
18,2026-10-02,15:25:53.74,4,3,"Gaskin, Brendan",1000526489,Left,FOR_RAM,"Beaudreau, Bradley",1000297368,Left,FOR_RAM,Undefined,1,Top,1,0,2,Fastball,Sinker,BallCalled,Undefined,Undefined,Undefined,0,0,,84.55725,2.734839,2.840133,2225.885631,150.33154,11:00,5.23636,-1.67104,5.77331,-28.17942,11.46532,-5.783,5.43803,0.49209,76.4899,-2.539348,1.807496,0.453173,,,,,,,,,,,,3.74343,5.42587,1.43956,50,5.44593,-5.82786,-122.42085,4.9555,5.64745,25.49758,-23.98841,FOR_RAM,FOR_RAM,FordhamUniversity,TeamExclusive,Team,20261002-FordhamUniversity-Private-1,046a23c0-be97-11f1-b1e5-4dbf427540c3,83.17448,,,8.06735,,,,,,,cb3f4724-d3a1-45f5-a9d9-4aecfea1f935,2026-10-02,19:25:53.74,2026-10-02T15:25:53.7410000-04:00,2026-10-02T19:25:53.7410000Z,,v3,471298,471298,,,,Undefined,FOR_RAM,d215fdf1-a894-4fde-b8d7-ae1b080ce771,54.72094,-123.4002,12.74879,5.2379,5.87688,-11.9942,1.66758,-6.04478,2.82372,,,,,,,,,,,,,,,,,,,,,,,,,,,,,78.26325,2.744317,1.423565,1.320752,-3.84561,5.17709,-0.65348,-1.68692,5.93576,1.04797,127.2803,4.82281,-5.33866,-1.52118,111.62092,-10.86461,5.9674,15.58792,-12.50106,1.03204,-6.00177,0.91007,High,High,High,,,High,Medium,Medium
19,2026-10-02,15:26:27.43,4,4,"Gaskin, Brendan",1000526489,Left,FOR_RAM,"Beaudreau, Bradley",1000297368,Left,FOR_RAM,Undefined,1,Top,1,1,2,ChangeUp,Changeup,BallCalled,Undefined,Undefined,Undefined,0,0,,77.4304,-0.869401,4.257799,1640.543967,101.279197,9:30,4.93424,-1.56144,5.47071,-44.29156,3.98555,-11.12005,0.42735,1.5038,70.18894,-8.985146,2.281503,0.500083,,,,,,,,,,,,7.03469,2.75354,1.19455,50,4.82745,-7.91085,-111.96686,-3.13421,8.78365,23.31277,-28.73592,FOR_RAM,FOR_RAM,FordhamUniversity,TeamExclusive,Team,20261002-FordhamUniversity-Private-1,18781ca0-be97-11f1-b1e5-4dbf427540c3,75.37238,,,7.24146,,,,,,,cb3f4724-d3a1-45f5-a9d9-4aecfea1f935,2026-10-02,19:26:27.43,2026-10-02T15:26:27.4378240-04:00,2026-10-02T19:26:27.4378240Z,,v3,471298,471298,,,,Undefined,FOR_RAM,705e3d74-7988-4090-95f8-bcbf1700ea74,55.02736,-113.00876,11.65638,4.93883,-1.84993,-14.36796,1.55688,-8.30342,4.39182,,,,,,,,,,,,,,,,,,,,,,,,,,,,,,,,,,,,,,,,,,,,,,,,,,,High,High,High,,,,,
20,2026-10-02,15:26:51.15,4,5,"Gaskin, Brendan",1000526489,Left,FOR_RAM,"Beaudreau, Bradley",1000297368,Left,FOR_RAM,Undefined,1,Top,1,2,2,Slider,Slider,BallCalled,Undefined,Undefined,Undefined,0,0,,75.7495,0.582801,2.990944,2507.159454,248.15058,2:15,5.09462,-1.48553,5.19127,-46.08369,4.25213,6.52115,1.80333,1.87404,69.34598,-7.805366,4.14389,0.510634,,,,,,,,,,,,-2.36154,2.48114,1.20277,50,5.11423,-5.99119,-109.72757,-0.418,-2.8656,20.27051,-29.16334,FOR_RAM,FOR_RAM,FordhamUniversity,TeamExclusive,Team,20261002-FordhamUniversity-Private-1,26a78d10-be97-11f1-b1e5-4dbf427540c3,73.81494,,,6.40352,,,,,,,cb3f4724-d3a1-45f5-a9d9-4aecfea1f935,2026-10-02,19:26:51.15,2026-10-02T15:26:51.1559168-04:00,2026-10-02T19:26:51.1559168Z,,v3,471298,471298,,,,Undefined,FOR_RAM,12871e9f-34f5-4c32-8f38-3b0138d3568c,55.30529,-110.7033,10.13525,5.10056,0.9858,-14.58167,1.48784,-5.85325,-1.4328,,,,,,,,,,,,,,,,,,,,,,,,,,,,,,,,,,,,,,,,,,,,,,,,,,,High,High,High,,,,,
21,2026-10-02,15:27:10.66,4,6,"Gaskin, Brendan",1000526489,Left,FOR_RAM,"Beaudreau, Bradley",1000297368,Left,FOR_RAM,Undefined,1,Top,1,3,2,Cutter,Cutter,BallCalled,Walk,Undefined,Undefined,0,0,,87.13503,1.110041,3.546588,2231.737348,138.234747,10:30,5.32103,-1.29776,6.10566,-29.81891,6.94835,-5.13008,3.86473,1.55862,79.20593,-4.461517,2.625116,0.436418,,,,,,,,,,,,3.64981,3.65205,1.02747,50,5.39111,-7.61465,-126.30255,1.48405,5.86886,26.81643,-26.30156,FOR_RAM,FOR_RAM,FordhamUniversity,TeamExclusive,Team,20261002-FordhamUniversity-Private-1,32413770-be97-11f1-b1e5-4dbf427540c3,86.36784,,,7.9291,,,,,,,cb3f4724-d3a1-45f5-a9d9-4aecfea1f935,2026-10-02,19:27:10.66,2026-10-02T15:27:10.6648064-04:00,2026-10-02T19:27:10.6648064Z,,v3,471298,471298,,,,Undefined,FOR_RAM,27b9b49a-9f98-46f1-82cd-afd3a2e45a43,54.39003,-127.23122,13.40822,5.32395,2.39489,-13.15078,1.29469,-7.81789,2.93443,,,,,,,,,,,,,,,,,,,,,,,,,,,,,,,,,,,,,,,,,,,,,,,,,,,High,High,High,,,,,
22,2026-10-02,15:27:40.76,5,1,"Gaskin, Brendan",1000526489,Left,FOR_RAM,"Ford, Tim",1000142266,Right,FOR_RAM,Undefined,1,Top,1,0,0,Cutter,Slider,StrikeCalled,Undefined,Undefined,Undefined,0,0,,84.12277,0.066933,2.564937,2501.645267,145.326953,10:45,5.03684,-1.71699,5.44328,-34.51081,6.51178,-3.43083,2.22367,0.40027,75.51186,-6.320369,1.954882,0.460981,,,,,,,,,,,,2.60173,3.6904,1.49264,50,5.01935,-5.30781,-121.75253,-1.0552,3.82173,28.67583,-26.75316,FOR_RAM,FOR_RAM,FordhamUniversity,TeamExclusive,Team,20261002-FordhamUniversity-Private-1,442ac9b0-be97-11f1-b1e5-4dbf427540c3,81.76574,,,8.61091,,,,,,,cb3f4724-d3a1-45f5-a9d9-4aecfea1f935,2026-10-02,19:27:40.76,2026-10-02T15:27:40.7641600-04:00,2026-10-02T19:27:40.7641600Z,,v3,471298,471298,,,,Undefined,FOR_RAM,af47315b-2456-454c-a652-6276376f3130,55.05207,-122.93666,14.33792,5.04011,0.04953,-13.37658,1.71509,-5.46562,1.91086,,,,,,,,,,,,,,,,,,,,,,,,,,,,,,,,,,,,,,,,,,,,,,,,,,,High,High,High,,,,,
23,2026-10-02,15:28:20.74,5,2,"Gaskin, Brendan",1000526489,Left,FOR_RAM,"Ford, Tim",1000142266,Right,FOR_RAM,Undefined,1,Top,1,0,1,Fastball,Changeup,InPlay,Undefined,LineDrive,Single,0,1,,86.20178,-0.331912,1.814679,2091.540059,129.329515,10:15,5.19845,-1.57611,5.75351,-28.96943,8.83119,-9.31752,2.4752,-0.66273,78.84938,-5.707845,0.146596,0.442508,99.47648,14.657159,-3.399707,896.685033,109.90881,19.45958,-4.45884,230.69695,229.46006,-1.628388,2.112793,5.26618,4.94862,1.43134,50,5.15327,-3.5813,-125.16928,-1.69633,8.34817,25.44948,-24.32928,FOR_RAM,FOR_RAM,FordhamUniversity,TeamExclusive,Team,20261002-FordhamUniversity-Private-1,5bffb5a0-be97-11f1-b1e5-4dbf427540c3,85.17918,19.6495,,7.35239,,,,0.67234,2.37185,0.68136,cb3f4724-d3a1-45f5-a9d9-4aecfea1f935,2026-10-02,19:28:20.74,2026-10-02T15:28:20.7444992-04:00,2026-10-02T19:28:20.7444992Z,LineDrive,v3,471298,471298,,,,Undefined,FOR_RAM,6326d7f2-9a71-4bf6-b9cb-25688b90641b,54.74498,-126.13034,12.72474,5.19999,-0.77757,-12.16464,1.57253,-3.89656,4.17409,271.878136,0.67234,140.90217,-21.6329,4.5561,-1.05228,0.23704,-0.04881,0.00734,-0.00055,2.37185,36.91736,-21.82277,2.6875,-0.6317,0.14698,-0.02929,0.00447,-0.00035,0.68136,-8.3704,3.39176,-0.74441,0.17385,-0.03951,0.0081,-0.00122,9E-05,,,,,,,,,,,,,,,,,,,,,,,High,High,High,Medium,Medium,,,
24,2026-10-02,15:29:00.34,6,1,"Gaskin, Brendan",1000526489,Left,FOR_RAM,"Palmer, Owen",10100501,Left,FOR_RAM,Undefined,1,Top,1,0,0,Slider,Slider,BallCalled,Undefined,Undefined,Undefined,0,0,,77.99723,-0.219016,2.656675,2419.753344,241.508119,2:00,5.00838,-1.50347,5.0119,-42.19967,4.86067,6.52674,1.28481,1.54969,72.45594,-7.836143,3.807762,0.493741,,,,,,,,,,,,-2.60807,2.82827,1.24291,50,4.95302,-5.51164,-113.21289,-1.90366,-3.41955,18.68803,-28.46575,FOR_RAM,FOR_RAM,FordhamUniversity,TeamExclusive,Team,20261002-FordhamUniversity-Private-1,739f12a0-be97-11f1-b1e5-4dbf427540c3,76.34057,,,5.54129,,,,,,,cb3f4724-d3a1-45f5-a9d9-4aecfea1f935,2026-10-02,19:29:00.34,2026-10-02T15:29:00.3495936-04:00,2026-10-02T19:29:00.3495936Z,,v3,471298,471298,,,,Undefined,FOR_RAM,cd0db5af-9281-4ef2-9936-8e2ed503ff36,55.48871,-114.11531,9.34402,5.01176,-0.52909,-14.23288,1.50508,-5.34652,-1.70978,,,,,,,,,,,,,,,,,,,,,,,,,,,,,,,,,,,,,,,,,,,,,,,,,,,High,High,High,,,,,
25,2026-10-02,15:29:17.90,6,2,"Gaskin, Brendan",1000526489,Left,FOR_RAM,"Palmer, Owen",10100501,Left,FOR_RAM,Undefined,1,Top,1,1,0,Fastball,Sinker,FoulBallNotFieldable,Undefined,Undefined,Undefined,0,0,,85.24108,0.79676,2.727243,2224.278866,145.359129,10:45,5.23548,-1.45818,5.68854,-26.91442,11.87745,-7.36248,3.7361,0.47206,77.8084,-4.219042,1.413178,0.448272,71.23369,15.323302,-169.033283,2615.57051,-109.24407,9.18648,-12.87214,140.46366,52.86605,-174.640759,1.642989,4.50217,6.17823,1.2334,50,5.2858,-5.5866,-123.66459,0.84362,6.97213,24.65291,-22.60632,FOR_RAM,FOR_RAM,FordhamUniversity,TeamExclusive,Team,20261002-FordhamUniversity-Private-1,7e1e2540-be97-11f1-b1e5-4dbf427540c3,84.08383,13.39141,,7.43268,,,,0.39103,3.49213,-0.48831,cb3f4724-d3a1-45f5-a9d9-4aecfea1f935,2026-10-02,19:29:17.90,2026-10-02T15:29:17.9024896-04:00,2026-10-02T19:29:17.9024896Z,LineDrive,v3,471298,471298,,,,Undefined,FOR_RAM,de72c387-8244-43b8-848d-60f751005dd3,54.80932,-124.61966,12.32645,5.23616,1.71939,-11.30316,1.45506,-5.8567,3.48607,77.033579,0.39103,-98.92167,9.32928,-0.86427,0.13029,-0.00046,-0.00045,5E-05,-1E-05,3.49213,27.60936,-20.40509,1.82167,-0.34446,0.06843,-0.01019,0.00147,-0.00014,-0.48831,-19.16879,9.24484,-1.93445,0.44805,-0.08385,0.01508,-0.00252,0.0002,,,,,,,,,,,,,,,,,,,,,,,High,High,High,High,Low,,,
26,2026-10-02,15:29:41.55,6,3,"Gaskin, Brendan",1000526489,Left,FOR_RAM,"Palmer, Owen",10100501,Left,FOR_RAM,Undefined,1,Top,3,1,1,Slider,Curveball,InPlay,Undefined,LineDrive,HomeRun,0,3,,76.73584,1.553993,1.407049,2572.940169,292.05478,3:45,4.93591,-1.61822,5.07706,-50.20999,-1.44591,7.16162,2.21749,0.30528,70.71625,-7.534749,2.673246,0.502599,99.16404,26.583663,17.567659,3387.469267,105.06093,53.6683,32.59126,381.8874,372.72612,16.549374,5.07315,-3.20784,-0.76236,1.47884,50,5.04315,-3.0163,-111.38073,1.28589,-4.0424,19.41399,-33.13477,FOR_RAM,FOR_RAM,FordhamUniversity,TeamExclusive,Team,20261002-FordhamUniversity-Private-1,8c3775a0-be97-11f1-b1e5-4dbf427540c3,74.99511,80.13464,,6.01959,,,,1.92479,2.33424,-0.26885,cb3f4724-d3a1-45f5-a9d9-4aecfea1f935,2026-10-02,19:29:41.55,2026-10-02T15:29:41.5553024-04:00,2026-10-02T19:29:41.5553024Z,FlyBall,v3,471298,471298,,,,Undefined,FOR_RAM,e8f31fd1-0af9-4c75-bfff-09d95c3d648e,55.42377,-112.32213,9.707,4.94184,2.89262,-16.56739,1.62035,-2.82028,-2.0212,181.93512,1.92654,123.96329,-25.78688,6.48259,-1.28583,0.20421,-0.02583,0.00241,-0.00011,2.3345,65.07534,-12.87857,-1.25506,0.78943,-0.2697,0.05918,-0.00711,0.00035,-0.26843,39.25029,-7.61374,1.60191,-0.28543,0.04716,-0.00778,0.00096,-5E-05,,,,,,,,,,,,,,,,,,,,,,,High,High,High,High,Medium,,,
27,2026-10-02,15:33:20.21,1,1,"Curran, Tommy",1000559344,Left,FOR_RAM,"Chavez, Carson",1000156814,Right,FOR_RAM,Undefined,1,Bottom,0,0,0,Fastball,Changeup,BallCalled,Undefined,Undefined,Undefined,0,0,,81.3268,0.232122,0.805536,1698.995292,152.880446,11:00,5.94227,-1.6866,6.2007,-24.35088,17.85871,-8.38682,4.12732,-1.64188,73.46503,-4.417317,-0.708357,0.467603,,,,,,,,,,,,4.53961,9.58382,1.62982,50,5.94741,-1.33448,-118.02085,-0.15904,6.32429,25.03559,-18.82252,FOR_RAM,FOR_RAM,FordhamUniversity,TeamExclusive,Team,20261002-FordhamUniversity-Private-1,0e86fcb0-be98-11f1-b1e5-4dbf427540c3,80.60782,,,7.86177,,,,,,,cb3f4724-d3a1-45f5-a9d9-4aecfea1f935,2026-10-02,19:33:20.21,2026-10-02T15:33:20.2198016-04:00,2026-10-02T19:33:20.2198016Z,,v3,471298,471298,,,,Undefined,FOR_RAM,1f771f98-8756-4dbd-9c81-8f8f31b9987e,54.29278,-118.92799,12.51779,5.94082,0.52297,-9.41126,1.68233,-1.56363,3.16215,,,,,,,,,,,,,,,,,,,,,,,,,,,,,,,,,,,,,,,,,,,,,,,,,,,High,High,High,,,,,
28,2026-10-02,15:33:36.65,1,2,"Curran, Tommy",1000559344,Left,FOR_RAM,"Chavez, Carson",1000156814,Right,FOR_RAM,Undefined,1,Bottom,0,1,0,Cutter,Curveball,FoulBallNotFieldable,Undefined,Undefined,Undefined,0,0,,74.19516,-0.035617,2.604469,1865.150572,192.009476,12:30,5.90222,-1.92143,6.03681,-43.87561,7.34036,1.17394,2.21291,0.58966,67.38611,-8.18978,2.815594,0.515079,,,,,,,,,,,,0.235,4.29358,1.71748,50,5.87586,-4.93379,-107.58053,-1.29386,0.27112,21.37395,-27.22055,FOR_RAM,FOR_RAM,FordhamUniversity,TeamExclusive,Team,20261002-FordhamUniversity-Private-1,185adb30-be98-11f1-b1e5-4dbf427540c3,73.17794,,,6.80906,,,,,,,cb3f4724-d3a1-45f5-a9d9-4aecfea1f935,2026-10-02,19:33:36.65,2026-10-02T15:33:36.6563840-04:00,2026-10-02T19:33:36.6563840Z,,v3,471298,471298,,,,Undefined,FOR_RAM,9b6a06ea-cb9a-4de0-9b5f-6572df083784,54.46039,-108.46309,10.68698,5.90608,-0.16988,-13.61028,1.92144,-4.94499,0.13556,,,,,,,,,,,,,,,,,,,,,,,,,,,,,,,,,,,,,,,,,,,,,,,,,,,High,High,High,,,,,
29,2026-10-02,15:33:55.50,1,3,"Curran, Tommy",1000559344,Left,FOR_RAM,"Chavez, Carson",1000156814,Right,FOR_RAM,Undefined,1,Bottom,0,1,1,Curveball,Curveball,BallCalled,Undefined,Undefined,Undefined,0,0,,67.09209,1.1738,1.03185,2203.614186,306.423256,4:15,5.88483,-1.86221,5.27108,-73.59661,-8.54268,14.90217,0.85468,0.34897,61.01034,-12.161699,3.684904,0.580508,,,,,,,,,,,,-7.11591,-4.05059,1.7564,50,5.93804,-2.26215,-97.19908,-0.20256,-6.62415,19.0603,-35.94473,FOR_RAM,FOR_RAM,FordhamUniversity,TeamExclusive,Team,20261002-FordhamUniversity-Private-1,23a57b30-be98-11f1-b1e5-4dbf427540c3,64.9301,,,6.08175,,,,,,,cb3f4724-d3a1-45f5-a9d9-4aecfea1f935,2026-10-02,19:33:55.50,2026-10-02T15:33:55.5067392-04:00,2026-10-02T19:33:55.5067392Z,,v3,471298,471298,,,,Undefined,FOR_RAM,fd16e7e4-5138-4e24-bad2-69d500768647,55.22906,-98.21912,9.53015,5.89741,1.72108,-17.97237,1.86798,-1.90764,-3.31208,,,,,,,,,,,,,,,,,,,,,,,,,,,,,,,,,,,,,,,,,,,,,,,,,,,High,High,High,,,,,
30,2026-10-02,15:34:10.69,1,4,"Curran, Tommy",1000559344,Left,FOR_RAM,"Chavez, Carson",1000156814,Right,FOR_RAM,Undefined,1,Bottom,0,2,1,Fastball,Changeup,InPlay,Undefined,FlyBall,Out,1,0,,80.7069,-0.366761,1.967744,1660.669598,148.320477,11:00,5.84872,-1.63847,6.45161,-29.29226,12.88859,-7.09268,3.07055,-0.42103,73.57047,-5.902702,0.681644,0.467443,92.54096,33.635348,1.237716,3390.154974,109.60597,67.85336,9.29751,339.53417,311.04127,9.508982,5.21033,4.31551,7.26241,1.50224,50,5.8096,-3.78128,-117.2533,-1.53565,5.96921,23.50252,-22.12867,FOR_RAM,FOR_RAM,FordhamUniversity,TeamExclusive,Team,20261002-FordhamUniversity-Private-1,2c9e3bf0-be98-11f1-b1e5-4dbf427540c3,80.6353,89.82902,,7.13643,,,,1.12214,3.10756,0.43744,cb3f4724-d3a1-45f5-a9d9-4aecfea1f935,2026-10-02,19:34:10.69,2026-10-02T15:34:10.6949120-04:00,2026-10-02T19:34:10.6949120Z,FlyBall,v3,471298,471298,,,,Undefined,FOR_RAM,f0bf90b3-1977-461e-b085-b0dc9beba77b,54.04666,-118.06164,11.75126,5.84932,-0.77457,-11.06433,1.63582,-3.98658,2.98461,207.770522,1.12736,112.87445,-22.22741,4.68188,-0.46199,-0.09967,0.04233,-0.00552,0.00025,3.10599,75.19324,-17.85114,0.58094,0.14719,-0.10436,0.03419,-0.00523,0.0003,0.43586,2.46682,6.42428,-2.25778,0.44457,-0.03424,-0.00352,0.00078,-4E-05,,,,,,,,,,,,,,,,,,,,,,,High,High,High,High,Medium,,,
31,2026-10-02,15:34:45.23,2,1,"Curran, Tommy",1000559344,Left,FOR_RAM,"Grabau, Anthony",1000407420,Left,FOR_RAM,Undefined,1,Bottom,1,0,0,Fastball,Changeup,StrikeCalled,Undefined,Undefined,Undefined,0,0,,82.89278,-1.272497,2.322769,1826.185286,153.110984,11:00,5.97064,-1.62306,6.39084,-21.34796,19.35458,-9.03008,3.02009,-0.23799,74.39463,-5.394259,0.688114,0.459179,,,,,,,,,,,,5.41126,10.91631,1.45956,50,5.86905,-4.51897,-120.12487,-3.18374,7.75004,27.57327,-16.53964,FOR_RAM,FOR_RAM,FordhamUniversity,TeamExclusive,Team,20261002-FordhamUniversity-Private-1,412fbcb0-be98-11f1-b1e5-4dbf427540c3,82.08658,,,8.49815,,,,,,,cb3f4724-d3a1-45f5-a9d9-4aecfea1f935,2026-10-02,19:34:45.23,2026-10-02T15:34:45.2339712-04:00,2026-10-02T19:34:45.2339712Z,,v3,471298,471298,,,,Undefined,FOR_RAM,0f0c3a4b-f1a4-4095-8a8c-977c18bd7cdd,54.10114,-121.06257,13.78663,5.96776,-2.62126,-8.26982,1.61772,-4.78254,3.87502,,,,,,,,,,,,,,,,,,,,,,,,,,,,,,,,,,,,,,,,,,,,,,,,,,,High,High,High,,,,,
32,2026-10-02,15:35:00.18,2,2,"Curran, Tommy",1000559344,Left,FOR_RAM,"Grabau, Anthony",1000407420,Left,FOR_RAM,Undefined,1,Bottom,1,0,1,Cutter,Slider,BallCalled,Undefined,Undefined,Undefined,0,0,,76.99364,-0.097,2.688563,1905.381193,196.653974,12:30,5.80767,-1.69819,6.29867,-37.18707,9.46847,2.37701,2.61928,0.97889,70.41696,-7.04603,3.117854,0.491613,,,,,,,,,,,,-0.44287,5.42918,1.49954,50,5.78289,-5.33087,-111.75335,-1.21294,-0.55716,21.10916,-25.34361,FOR_RAM,FOR_RAM,FordhamUniversity,TeamExclusive,Team,20261002-FordhamUniversity-Private-1,4a28cb90-be98-11f1-b1e5-4dbf427540c3,76.67103,,,6.57668,,,,,,,cb3f4724-d3a1-45f5-a9d9-4aecfea1f935,2026-10-02,19:35:00.18,2026-10-02T15:35:00.1899520-04:00,2026-10-02T19:35:00.1899520Z,,v3,471298,471298,,,,Undefined,FOR_RAM,3a26dead-b62e-454d-b8c3-d77e88be009c,54.19777,-112.54347,10.55458,5.81053,-0.26431,-12.6718,1.69869,-5.31001,-0.27858,,,,,,,,,,,,,,,,,,,,,,,,,,,,,,,,,,,,,,,,,,,,,,,,,,,High,High,High,,,,,
33,2026-10-02,15:35:17.49,2,3,"Curran, Tommy",1000559344,Left,FOR_RAM,"Grabau, Anthony",1000407420,Left,FOR_RAM,Undefined,1,Bottom,1,1,1,Fastball,Changeup,BallCalled,Undefined,Undefined,Undefined,0,0,,82.49283,0.772558,1.847536,1680.119011,153.826722,11:15,5.83252,-1.64008,6.45563,-25.24427,15.01446,-6.74737,4.43894,-0.50455,75.19011,-4.0279,0.624622,0.456669,,,,,,,,,,,,4.02575,8.01367,1.51204,50,5.87574,-3.615,-119.83817,0.95061,5.84042,23.67277,-20.54814,FOR_RAM,FOR_RAM,FordhamUniversity,TeamExclusive,Team,20261002-FordhamUniversity-Private-1,546a11e0-be98-11f1-b1e5-4dbf427540c3,82.53779,,,7.30273,,,,,,,cb3f4724-d3a1-45f5-a9d9-4aecfea1f935,2026-10-02,19:35:17.49,2026-10-02T15:35:17.4979072-04:00,2026-10-02T19:35:17.4979072Z,,v3,471298,471298,,,,Undefined,FOR_RAM,96696872-12ce-4a84-af86-25dabdd0347f,54.04034,-120.63365,11.83638,5.8322,1.6411,-10.27407,1.63681,-3.81127,2.92021,,,,,,,,,,,,,,,,,,,,,,,,,,,,,,,,,,,,,,,,,,,,,,,,,,,High,High,High,,,,,
34,2026-10-02,15:35:33.87,2,4,"Curran, Tommy",1000559344,Left,FOR_RAM,"Grabau, Anthony",1000407420,Left,FOR_RAM,Undefined,1,Bottom,1,2,1,Cutter,Curveball,InPlay,Undefined,LineDrive,Single,0,0,,75.31636,0.002419,0.996291,1772.328286,237.508112,2:00,5.81391,-1.66955,6.1361,-42.63113,6.88583,8.01748,2.26356,-0.08054,68.27433,-7.946706,2.443112,0.506464,76.56059,16.37996,29.02907,1182.517923,94.58319,19.07578,56.16025,206.85732,199.98351,33.203595,2.286803,-3.85193,4.02764,1.58932,50,5.79212,-2.17389,-109.31736,-1.18235,-4.577,22.51634,-27.38826,FOR_RAM,FOR_RAM,FordhamUniversity,TeamExclusive,Team,20261002-FordhamUniversity-Private-1,5e2dead0-be98-11f1-b1e5-4dbf427540c3,74.42277,19.0869,,7.04202,,,,3.03074,2.58916,0.30766,cb3f4724-d3a1-45f5-a9d9-4aecfea1f935,2026-10-02,19:35:33.87,2026-10-02T15:35:33.8718720-04:00,2026-10-02T19:35:33.8718720Z,LineDrive,v3,471298,471298,,,,Undefined,FOR_RAM,1f979789-6862-4c98-8887-4bdaf53b9fae,54.36179,-110.21211,11.25817,5.81748,-0.09401,-13.69413,1.6721,-1.99201,-2.2885,232.194108,3.03077,94.19595,-11.69394,1.90395,-0.28062,-0.0444,0.05287,-0.01759,0.00224,2.58914,31.66714,-16.09022,0.99862,-0.22212,0.11477,-0.05246,0.0153,-0.00188,0.30767,52.27643,-1.40563,0.01558,0.06462,-0.04872,0.025,-0.0072,0.00087,,,,,,,,,,,,,,,,,,,,,,,High,High,High,Medium,Medium,,,
35,2026-10-02,15:36:10.27,3,1,"Curran, Tommy",1000559344,Left,FOR_RAM,"Rubin, Jack",10076675,Right,FOR_RAM,Undefined,1,Bottom,1,0,0,ChangeUp,Changeup,StrikeSwinging,Undefined,Undefined,Undefined,1,0,,70.38308,-1.067939,2.58136,1290.228524,110.461503,9:45,5.80821,-1.74834,6.46255,-48.49404,6.72721,-13.34091,0.78501,-0.48745,65.06761,-10.066862,0.157256,0.534841,,,,,,,,,,,,7.73536,4.34508,1.57168,50,5.7113,-4.2067,-102.26383,-3.11771,8.1815,17.05725,-27.57836,FOR_RAM,FOR_RAM,FordhamUniversity,TeamExclusive,Team,20261002-FordhamUniversity-Private-1,73e7e600-be98-11f1-b1e5-4dbf427540c3,70.47414,,,5.31546,,,,,,,cb3f4724-d3a1-45f5-a9d9-4aecfea1f935,2026-10-02,19:36:10.27,2026-10-02T15:36:10.2759936-04:00,2026-10-02T19:36:10.2759936Z,,v3,471298,471298,,,,Undefined,FOR_RAM,9799ec5f-b2d1-4ca2-9fa5-23c0528b77b1,54.0369,-102.93497,8.52862,5.81262,-2.03261,-13.78918,1.74353,-4.52861,4.09075,,,,,,,,,,,,,,,,,,,,,,,,,,,,,,,,,,,,,,,,,,,,,,,,,,,High,High,High,,,,,
36,2026-10-02,15:36:29.13,3,2,"Curran, Tommy",1000559344,Left,FOR_RAM,"Rubin, Jack",10076675,Right,FOR_RAM,Undefined,1,Bottom,2,0,1,ChangeUp,Changeup,StrikeCalled,Undefined,Undefined,Undefined,0,0,,73.02022,-0.312284,3.343509,1302.84881,111.948271,9:45,5.83665,-1.73705,6.45549,-44.7305,6.51122,-12.22701,1.82175,0.319,67.3805,-8.634502,1.126819,0.515209,,,,,,,,,,,,7.34914,3.95142,1.50569,50,5.79453,-5.81452,-106.06509,-1.73278,8.3839,17.89614,-27.66624,FOR_RAM,FOR_RAM,FordhamUniversity,TeamExclusive,Team,20261002-FordhamUniversity-Private-1,7f236ad0-be98-11f1-b1e5-4dbf427540c3,73.15955,,,5.63972,,,,,,,cb3f4724-d3a1-45f5-a9d9-4aecfea1f935,2026-10-02,19:36:29.13,2026-10-02T15:36:29.1340000-04:00,2026-10-02T19:36:29.1340000Z,,v3,471298,471298,,,,Undefined,FOR_RAM,520a8bc1-ed74-4539-a5fb-b635fe491112,54.04446,-106.74532,8.94807,5.84041,-0.68119,-13.83312,1.73276,-6.13319,4.19195,,,,,,,,,,,,,,,,,,,,,,,,,,,,,77.69196,2.068424,0.78505,1.283374,1.98046,1.90689,-0.3078,-0.62875,5.81667,1.62293,127.27777,0.43917,2.62386,-0.48478,111.80432,-9.64118,5.8391,10.91605,-11.80217,1.58066,-1.8793,2.12487,High,High,High,,,High,High,High
37,2026-10-02,15:37:00.91,3,3,"Curran, Tommy",1000559344,Left,FOR_RAM,"Rubin, Jack",10076675,Right,FOR_RAM,Undefined,1,Bottom,2,0,2,ChangeUp,Changeup,BallCalled,Undefined,Undefined,Undefined,0,0,Rubin good challenge,75.58476,-0.174372,1.936245,1311.863116,100.054357,9:15,5.73988,-1.58511,6.68295,-43.60506,4.22512,-14.66627,1.94655,-1.03561,68.98888,-8.352724,-0.739328,0.497763,,,,,,,,,,,,8.315,2.78874,1.46092,50,5.71145,-3.23738,-109.84119,-1.46597,10.05033,21.39085,-28.80331,FOR_RAM,FOR_RAM,FordhamUniversity,TeamExclusive,Team,20261002-FordhamUniversity-Private-1,921ee240-be98-11f1-b1e5-4dbf427540c3,75.72371,,,6.59588,,,,,,,cb3f4724-d3a1-45f5-a9d9-4aecfea1f935,2026-10-02,19:37:00.91,2026-10-02T15:37:00.9161728-04:00,2026-10-02T19:37:00.9161728Z,,v3,471298,471298,,,,Undefined,FOR_RAM,114a86e7-1b9c-4aa6-96b0-c57b4208be59,53.81526,-110.58169,10.69542,5.74494,-0.46887,-14.40165,1.57901,-3.5853,5.02517,,,,,,,,,,,,,,,,,,,,,,,,,,,,,,,,,,,,,,,,,,,,,,,,,,,High,High,High,,,,,
38,2026-10-02,15:37:34.85,3,4,"Curran, Tommy",1000559344,Left,FOR_RAM,"Rubin, Jack",10076675,Right,FOR_RAM,Undefined,1,Bottom,2,1,2,ChangeUp,Changeup,InPlay,Undefined,LineDrive,HomeRun,0,1,,75.56473,-0.265254,2.78733,1298.85888,114.776888,9:45,5.7646,-1.60476,6.65136,-40.58313,7.02441,-11.93201,2.13962,-0.04606,69.38739,-7.87132,0.615009,0.496603,97.68199,14.090933,-7.96224,1660.447131,109.39658,21.50629,-11.50517,279.41122,277.32976,-3.452102,2.598612,7.13378,4.20508,1.42168,50,5.73028,-4.97303,-109.81883,-1.54229,8.68798,19.94699,-27.05286,FOR_RAM,FOR_RAM,FordhamUniversity,TeamExclusive,Team,20261002-FordhamUniversity-Private-1,a652b2a0-be98-11f1-b1e5-4dbf427540c3,75.90055,23.37589,,6.17734,,,,2.22876,2.25151,0.05256,cb3f4724-d3a1-45f5-a9d9-4aecfea1f935,2026-10-02,19:37:34.85,2026-10-02T15:37:34.8584960-04:00,2026-10-02T19:37:34.8584960Z,LineDrive,v3,471298,471298,,,,Undefined,FOR_RAM,2d8c4517-6265-47a2-9e41-0e57140872ac,53.84847,-110.51564,9.97349,5.76765,-0.59725,-13.52643,1.60071,-5.27653,4.34399,225.111835,2.22876,137.61619,-18.51627,3.8365,-0.76179,0.14303,-0.02438,0.00308,-0.00019,2.25151,34.88003,-15.0233,0.53425,-0.01388,-0.00392,-0.00038,0.00081,-0.00012,0.05256,-19.24807,8.36727,-2.21115,0.53415,-0.11103,0.01803,-0.00183,7E-05,,,,,,,,,,,,,,,,,,,,,,,High,High,High,High,High,,,
39,2026-10-02,15:38:28.93,4,1,"Curran, Tommy",1000559344,Left,FOR_RAM,"Reina, Braedon",10305192,Left,FOR_RAM,Undefined,1,Bottom,2,0,0,Fastball,Changeup,StrikeCalled,Undefined,Undefined,Undefined,0,0,,83.0826,-1.013734,3.016286,1704.168612,129.109029,10:15,5.85724,-1.54595,6.3762,-26.26049,13.66241,-15.18395,2.73482,-0.03366,75.77662,-5.977292,0.268929,0.45476,,,,,,,,,,,,8.73374,7.81359,1.33465,50,5.77184,-5.78177,-120.58474,-2.86181,12.80983,24.294,-20.71384,FOR_RAM,FOR_RAM,FordhamUniversity,TeamExclusive,Team,20261002-FordhamUniversity-Private-1,c67cf360-be98-11f1-b1e5-4dbf427540c3,82.88423,,,7.30598,,,,,,,cb3f4724-d3a1-45f5-a9d9-4aecfea1f935,2026-10-02,19:38:28.93,2026-10-02T15:38:28.9306624-04:00,2026-10-02T19:38:28.9306624Z,,v3,471298,471298,,,,Undefined,FOR_RAM,71e9e1fb-520a-4688-b28d-965a300dfdbb,54.12089,-121.41214,12.147,5.85729,-2.15636,-10.35692,1.53899,-6.21803,6.40492,,,,,,,,,,,,,,,,,,,,,,,,,,,,,,,,,,,,,,,,,,,,,,,,,,,High,High,High,,,,,
40,2026-10-02,15:38:48.38,4,2,"Curran, Tommy",1000559344,Left,FOR_RAM,"Reina, Braedon",10305192,Left,FOR_RAM,Undefined,1,Bottom,2,0,1,Fastball,Changeup,InPlay,Undefined,GroundBall,Out,1,0,,83.28247,-0.51502,2.201465,1548.220517,134.147538,10:30,5.83915,-1.44946,6.27601,-26.06238,13.91009,-12.93556,3.19219,-0.49718,75.67261,-5.447093,-0.136103,0.455042,49.68962,-16.616672,0.686811,,,,,9.59588,9.22471,3.565625,0.134244,7.37737,7.78067,1.29285,50,5.78844,-4.16007,-120.91199,-1.81813,10.8339,25.33934,-20.74784,FOR_RAM,FOR_RAM,FordhamUniversity,TeamExclusive,Team,20261002-FordhamUniversity-Private-1,d2251cb0-be98-11f1-b1e5-4dbf427540c3,82.83284,3.10149,,7.60985,,,,0.3052,3.10149,0.50627,cb3f4724-d3a1-45f5-a9d9-4aecfea1f935,2026-10-02,19:38:48.38,2026-10-02T15:38:48.3806720-04:00,2026-10-02T19:38:48.3806720Z,GroundBall,v3,471298,471298,,,,Undefined,FOR_RAM,acb06293-0853-4633-ab7d-c133c43530f1,54.22134,-121.79344,12.66967,5.83913,-1.09641,-10.37392,1.44412,-4.53693,5.41695,24.002256,0.30518,69.83077,-5.67348,,,,,,,3.10159,-20.8506,-16.79189,,,,,,,0.50628,0.83646,-1.20915,,,,,,,,,,,,,,,,,,,,,,,,,,,,,High,High,High,High,High,,,
41,2026-10-02,15:40:45.01,1,1,"Gaskin, Brendan",1000526489,Left,FOR_RAM,"Kaufman, Taylor",10314665,Right,FOR_RAM,Undefined,2,Top,0,0,0,Fastball,Four-Seam,BallCalled,Undefined,Undefined,Undefined,0,0,,83.55571,1.327455,2.199311,2146.488115,151.920404,11:00,5.33756,-1.46147,5.67417,-26.02643,14.55517,-7.05335,4.40739,0.00213,75.84313,-3.554296,0.940286,0.458496,,,,,,,,,,,,4.18713,7.39095,1.28026,50,5.43345,-4.35721,-121.14468,1.99844,6.19494,24.64397,-21.23893,FOR_RAM,FOR_RAM,FordhamUniversity,TeamExclusive,Team,20261002-FordhamUniversity-Private-1,17aa3360-be99-11f1-b1e5-4dbf427540c3,82.2088,,,7.71258,,,,,,,cb3f4724-d3a1-45f5-a9d9-4aecfea1f935,2026-10-02,19:40:45.01,2026-10-02T15:40:45.0110464-04:00,2026-10-02T19:40:45.0110464Z,,v3,471298,471298,,,,Undefined,FOR_RAM,b907185c-7442-4af6-a1d5-8b6a4a8e3642,54.82091,-122.12143,12.32199,5.33756,2.84024,-10.61947,1.45782,-4.60275,3.09747,,,,,,,,,,,,,,,,,,,,,,,,,,,,,,,,,,,,,,,,,,,,,,,,,,,High,High,High,,,,,
42,2026-10-02,15:40:59.86,1,2,"Gaskin, Brendan",1000526489,Left,FOR_RAM,"Kaufman, Taylor",10314665,Right,FOR_RAM,Undefined,2,Top,0,1,0,Fastball,Sinker,InPlay,Undefined,GroundBall,Out,1,0,,85.58987,-0.535023,2.243852,2247.389124,139.62007,10:45,5.30287,-1.50777,5.70503,-26.10895,12.05709,-9.29158,2.62823,-0.19032,78.78075,-5.382682,0.582972,0.444642,90.42681,-7.732578,-24.140269,,,,,16.10464,15.90244,-21.731134,0.117777,5.34067,6.61772,1.32567,50,5.24174,-4.49558,-124.33119,-2.01795,8.41504,23.38465,-21.74683,FOR_RAM,FOR_RAM,FordhamUniversity,TeamExclusive,Team,20261002-FordhamUniversity-Private-1,2083d360-be99-11f1-b1e5-4dbf427540c3,84.7704,2.54666,,6.80912,,,,1.27108,2.54666,0.24307,cb3f4724-d3a1-45f5-a9d9-4aecfea1f935,2026-10-02,19:40:59.86,2026-10-02T15:40:59.8656000-04:00,2026-10-02T19:40:59.8656000Z,GroundBall,v3,471298,471298,,,,Undefined,FOR_RAM,fbcaf796-2113-4226-9308-fde331ef0452,54.79468,-125.22975,11.69233,5.30323,-1.18233,-10.87341,1.50462,-4.81892,4.20752,13.704709,1.27152,119.87723,-31.04415,,,,,,,2.54742,-17.92967,-31.46507,,,,,,,0.24303,-53.74267,8.93154,,,,,,,,,,,,,,,,,,,,,,,,,,,,,High,High,High,High,High,,,
43,2026-10-02,15:41:34.37,2,1,"Gaskin, Brendan",1000526489,Left,FOR_RAM,"Wansaw, Michael",1000503198,Right,FOR_RAM,Undefined,2,Top,1,0,0,Fastball,Sinker,BallCalled,Undefined,Undefined,Undefined,0,0,Wansaw good challenge,85.10967,0.476074,1.849632,2111.180072,144.901057,10:45,5.3741,-1.48527,5.62791,-26.31494,12.31485,-7.87087,3.62565,-0.41471,78.36839,-4.407954,0.444761,0.447335,,,,,,,,,,,,4.44374,6.47351,1.33281,50,5.39781,-3.66416,-123.64347,0.15842,6.9423,22.53082,-22.06072,FOR_RAM,FOR_RAM,FordhamUniversity,TeamExclusive,Team,20261002-FordhamUniversity-Private-1,35059cb0-be99-11f1-b1e5-4dbf427540c3,84.26003,,,6.74129,,,,,,,cb3f4724-d3a1-45f5-a9d9-4aecfea1f935,2026-10-02,19:41:34.37,2026-10-02T15:41:34.3729152-04:00,2026-10-02T19:41:34.3729152Z,,v3,471298,471298,,,,Undefined,FOR_RAM,58f110bb-03ee-4bbb-8d0d-df7d82f6162d,54.87013,-124.52776,11.26541,5.37459,1.02426,-11.03036,1.48197,-3.93663,3.47115,,,,,,,,,,,,,,,,,,,,,,,,,,,,,,,,,,,,,,,,,,,,,,,,,,,High,High,High,,,,,
44,2026-10-02,15:41:56.57,2,2,"Gaskin, Brendan",1000526489,Left,FOR_RAM,"Wansaw, Michael",1000503198,Right,FOR_RAM,Undefined,2,Top,1,1,0,ChangeUp,Changeup,InPlay,Undefined,FlyBall,Out,1,0,,77.83985,-0.128391,2.663666,1678.455963,122.438063,10:00,5.05038,-1.6421,5.38293,-38.84636,8.12418,-10.47213,1.69271,-0.01616,71.51409,-7.246705,0.802692,0.49327,91.29108,37.640349,-1.937681,3835.344979,109.98457,76.87842,1.83943,348.46494,344.27098,7.421264,5.348581,6.01843,4.54024,1.41151,50,5.01147,-4.84953,-112.93069,-1.51849,7.78493,20.25104,-26.30115,FOR_RAM,FOR_RAM,FordhamUniversity,TeamExclusive,Team,20261002-FordhamUniversity-Private-1,4253fbf0-be99-11f1-b1e5-4dbf427540c3,76.41347,101.61332,,6.32576,,,,1.84761,1.8696,0.02978,cb3f4724-d3a1-45f5-a9d9-4aecfea1f935,2026-10-02,19:41:56.57,2026-10-02T15:41:56.5757440-04:00,2026-10-02T19:41:56.5757440Z,FlyBall,v3,471298,471298,,,,Undefined,FOR_RAM,1af75890-d1b8-44d5-9f2c-dfe1ca702023,55.11614,-113.84443,10.12552,5.05321,-0.33176,-13.15058,1.63825,-5.2008,3.89246,198.20534,1.85005,105.9172,-21.07833,5.16932,-0.80816,0.05928,0.00222,-0.00061,2E-05,1.87074,81.73783,-18.31451,0.54416,0.17809,-0.11107,0.0298,-0.00387,0.00019,0.02871,-3.56574,5.17784,-1.15732,0.19369,-0.02299,0.00281,-0.00036,2E-05,,,,,,,,,,,,,,,,,,,,,,,High,High,High,High,High,,,
45,2026-10-02,15:42:28.74,3,1,"Gaskin, Brendan",1000526489,Left,FOR_RAM,"Forney, Colden",1000306564,Right,FOR_RAM,Undefined,2,Top,2,0,0,Fastball,Sinker,BallCalled,Undefined,Undefined,Undefined,0,0,,84.14332,0.675371,0.932228,2119.287021,149.384803,11:00,5.29164,-1.48399,5.78637,-25.58131,14.08379,-7.58426,3.78829,-1.24866,76.70335,-4.12269,-0.426027,0.453289,,,,,,,,,,,,4.10579,7.368,1.41166,50,5.33202,-1.67557,-122.16548,0.64746,6.19435,24.44782,-21.05805,FOR_RAM,FOR_RAM,FordhamUniversity,TeamExclusive,Team,20261002-FordhamUniversity-Private-1,557e99b0-be99-11f1-b1e5-4dbf427540c3,83.15314,,,7.43997,,,,,,,cb3f4724-d3a1-45f5-a9d9-4aecfea1f935,2026-10-02,19:42:28.74,2026-10-02T15:42:28.7470080-04:00,2026-10-02T19:42:28.7470080Z,,v3,471298,471298,,,,Undefined,FOR_RAM,2465fb7a-e98f-476e-9f60-188f1b19b4b7,54.70977,-123.10439,12.22391,5.29162,1.45619,-10.52902,1.48058,-1.91346,3.09718,,,,,,,,,,,,,,,,,,,,,,,,,,,,,,,,,,,,,,,,,,,,,,,,,,,High,High,High,,,,,
46,2026-10-02,15:42:41.19,3,2,"Gaskin, Brendan",1000526489,Left,FOR_RAM,"Forney, Colden",1000306564,Right,FOR_RAM,Undefined,2,Top,2,1,0,Fastball,Sinker,InPlay,Undefined,FlyBall,Out,1,0,,84.3027,-0.057841,2.290181,2039.544778,150.124412,11:00,5.22377,-1.45798,5.82032,-26.71305,13.09682,-6.73244,2.94386,0.11136,76.34914,-5.072115,1.084612,0.454116,85.79041,40.635505,-17.270234,4006.528048,107.21029,83.03366,-24.61543,300.48553,221.71377,-7.666212,5.330897,4.17803,7.10307,1.27474,50,5.20337,-4.62313,-122.27583,-0.95252,6.25627,26.57155,-21.53771,FOR_RAM,FOR_RAM,FordhamUniversity,TeamExclusive,Team,20261002-FordhamUniversity-Private-1,5ce0dbf0-be99-11f1-b1e5-4dbf427540c3,83.00181,100.27563,,7.95356,,,,1.56968,2.9652,-0.09892,cb3f4724-d3a1-45f5-a9d9-4aecfea1f935,2026-10-02,19:42:41.19,2026-10-02T15:42:41.1931136-04:00,2026-10-02T19:42:41.1931136Z,FlyBall,v3,471298,471298,,,,Undefined,FOR_RAM,37099bac-4cbf-4745-864c-23a123bac96f,54.67768,-123.28814,13.28577,5.22403,-0.13198,-10.76886,1.45541,-4.86147,3.12813,209.203983,1.57435,91.08429,-15.78816,3.09655,-0.23232,-0.07556,0.02569,-0.00303,0.00013,2.96197,82.0003,-19.99907,1.67188,-0.30282,0.01629,0.01115,-0.00255,0.00016,-0.103,-28.26043,10.71593,-2.41904,0.19511,0.06475,-0.02281,0.00277,-0.00012,,,,,,,,,,,,,,,,,,,,,,,High,High,High,High,Medium,,,
47,2026-10-02,15:44:48.27,1,1,"Curran, Tommy",1000559344,Left,FOR_RAM,"Crang, Mason",10913432,Right,FOR_RAM,Undefined,2,Bottom,0,0,0,Cutter,Curveball,BallCalled,Undefined,Undefined,Undefined,0,0,,77.8124,1.660033,1.376941,1919.657116,198.461628,12:30,5.82363,-1.94047,6.20517,-38.01782,8.02721,2.15654,4.18857,-0.48958,70.54146,-5.466279,1.765996,0.488385,,,,,,,,,,,,-0.68087,4.15181,1.83611,50,5.92972,-2.7931,-112.89575,2.1865,-0.86986,22.48656,-26.86968,FOR_RAM,FOR_RAM,FordhamUniversity,TeamExclusive,Team,20261002-FordhamUniversity-Private-1,a89fba70-be99-11f1-b1e5-4dbf427540c3,77.17765,,,7.27094,,,,,,,cb3f4724-d3a1-45f5-a9d9-4aecfea1f935,2026-10-02,19:44:48.27,2026-10-02T15:44:48.2747392-04:00,2026-10-02T19:44:48.2747392Z,,v3,471298,471298,,,,Undefined,FOR_RAM,8ce64ad7-f7bc-4eea-aa7c-6472de403681,54.28944,-113.74691,11.24328,5.82771,3.20358,-13.43484,1.94121,-2.76017,-0.43493,,,,,,,,,,,,,,,,,,,,,,,,,,,,,,,,,,,,,,,,,,,,,,,,,,,High,High,High,,,,,
48,2026-10-02,15:45:04.43,1,2,"Curran, Tommy",1000559344,Left,FOR_RAM,"Crang, Mason",10913432,Right,FOR_RAM,Undefined,2,Bottom,0,1,0,Fastball,Changeup,BallCalled,Undefined,Undefined,Undefined,0,0,,83.03818,-2.106061,3.845369,1761.485439,131.599983,10:30,5.77418,-1.67472,6.26709,-27.55379,12.38083,-12.55335,1.53114,0.82966,76.43672,-7.256853,1.5811,0.454827,,,,,,,,,,,,7.51705,7.37851,1.39551,50,5.60443,-7.62363,-120.42604,-5.2343,11.08809,22.41203,-21.29035,FOR_RAM,FOR_RAM,FordhamUniversity,TeamExclusive,Team,20261002-FordhamUniversity-Private-1,b2542a10-be99-11f1-b1e5-4dbf427540c3,82.87202,,,6.60146,,,,,,,cb3f4724-d3a1-45f5-a9d9-4aecfea1f935,2026-10-02,19:45:04.43,2026-10-02T15:45:04.4342272-04:00,2026-10-02T19:45:04.4342272Z,,v3,471298,471298,,,,Undefined,FOR_RAM,3f2df812-56c4-4fd8-88d3-8c4803dafd94,54.23118,-121.21093,11.20602,5.77469,-4.48869,-10.64517,1.6693,-8.01195,5.54404,,,,,,,,,,,,,,,,,,,,,,,,,,,,,,,,,,,,,,,,,,,,,,,,,,,High,High,High,,,,,
49,2026-10-02,15:45:21.47,1,3,"Curran, Tommy",1000559344,Left,FOR_RAM,"Crang, Mason",10913432,Right,FOR_RAM,Undefined,2,Bottom,0,2,0,Fastball,Changeup,BallCalled,Undefined,Undefined,Undefined,0,0,,82.24167,-0.913083,0.740023,1783.669514,157.891979,11:15,5.83941,-1.61981,6.19408,-21.44355,19.83887,-7.46489,3.20934,-1.55866,74.36942,-5.024715,-0.60749,0.462438,,,,,,,,,,,,4.0487,10.94859,1.56748,50,5.75969,-1.24947,-119.3395,-2.4431,5.76883,25.53553,-16.57389,FOR_RAM,FOR_RAM,FordhamUniversity,TeamExclusive,Team,20261002-FordhamUniversity-Private-1,bc75b360-be99-11f1-b1e5-4dbf427540c3,81.50803,,,7.87225,,,,,,,cb3f4724-d3a1-45f5-a9d9-4aecfea1f935,2026-10-02,19:45:21.47,2026-10-02T15:45:21.4799360-04:00,2026-10-02T19:45:21.4799360Z,,v3,471298,471298,,,,Undefined,FOR_RAM,63353fb9-0353-4a87-837c-994073d0e90d,54.29951,-120.25597,12.76777,5.8367,-1.84827,-8.28695,1.61604,-1.45651,2.88442,,,,,,,,,,,,,,,,,,,,,,,,,,,,,,,,,,,,,,,,,,,,,,,,,,,High,High,High,,,,,
50,2026-10-02,15:45:39.19,1,4,"Curran, Tommy",1000559344,Left,FOR_RAM,"Crang, Mason",10913432,Right,FOR_RAM,Undefined,2,Bottom,0,3,0,Fastball,Changeup,StrikeCalled,Undefined,Undefined,Undefined,0,0,,80.81011,-0.024957,2.233181,1680.181855,142.562557,10:45,5.85317,-1.69984,6.4358,-31.62017,10.18611,-6.81575,3.1952,-0.21452,74.18946,-5.960966,0.997927,0.465364,,,,,,,,,,,,4.13595,5.7487,1.54377,50,5.83727,-4.33142,-117.43033,-0.93394,5.78935,21.7311,-24.12722,FOR_RAM,FOR_RAM,FordhamUniversity,TeamExclusive,Team,20261002-FordhamUniversity-Private-1,c704f2a0-be99-11f1-b1e5-4dbf427540c3,80.99568,,,6.62065,,,,,,,cb3f4724-d3a1-45f5-a9d9-4aecfea1f935,2026-10-02,19:45:39.19,2026-10-02T15:45:39.1986688-04:00,2026-10-02T19:45:39.1986688Z,,v3,471298,471298,,,,Undefined,FOR_RAM,1636ace3-07d3-4135-bffb-3af7f6ea8251,54.0609,-118.17943,10.86555,5.85513,-0.10224,-12.06361,1.69652,-4.53098,2.89468,,,,,,,,,,,,,,,,,,,,,,,,,,,,,,,,,,,,,,,,,,,,,,,,,,,High,High,High,,,,,
51,2026-10-02,15:45:59.46,1,5,"Curran, Tommy",1000559344,Left,FOR_RAM,"Crang, Mason",10913432,Right,FOR_RAM,Undefined,2,Bottom,0,3,1,ChangeUp,Changeup,BallCalled,Walk,Undefined,Undefined,0,0,,71.95465,2.366931,1.297339,1195.811097,108.55871,9:30,5.7941,-1.75681,6.28212,-47.56381,5.59784,-11.78784,4.01377,-1.54322,65.97374,-6.497822,-0.833214,0.524772,,,,,,,,,,,,6.41142,2.82492,1.6662,50,5.94632,-1.97208,-104.50011,3.04928,7.09425,17.50312,-29.04826,FOR_RAM,FOR_RAM,FordhamUniversity,TeamExclusive,Team,20261002-FordhamUniversity-Private-1,d31ad1e0-be99-11f1-b1e5-4dbf427540c3,71.82632,,,5.98091,,,,,,,cb3f4724-d3a1-45f5-a9d9-4aecfea1f935,2026-10-02,19:45:59.46,2026-10-02T15:45:59.4689536-04:00,2026-10-02T19:45:59.4689536Z,,v3,471298,471298,,,,Undefined,FOR_RAM,7ab32446-cad4-4622-b6e4-85e9c541db0f,54.21502,-105.20373,8.75156,5.80027,4.21701,-14.52413,1.75121,-2.25726,3.54712,,,,,,,,,,,,,,,,,,,,,,,,,,,,,,,,,,,,,,,,,,,,,,,,,,,High,High,High,,,,,
52,2026-10-02,15:46:45.39,2,1,"Curran, Tommy",1000559344,Left,FOR_RAM,"Dean, Mason",1000150670,Left,FOR_RAM,Undefined,2,Bottom,0,0,0,Fastball,Changeup,InPlay,Undefined,Bunt,Sacrifice,1,0,,81.66712,-0.755082,1.972714,1612.184258,157.498931,11:15,5.88045,-1.77658,6.45325,-25.26076,15.87438,-6.01855,3.08125,-0.46512,74.51697,-5.552747,0.881507,0.461613,,,,,,,,,,,,3.74575,8.9352,1.63961,50,5.8156,-3.87571,-118.65507,-2.22387,5.31452,23.71908,-19.49659,FOR_RAM,FOR_RAM,FordhamUniversity,TeamExclusive,Team,20261002-FordhamUniversity-Private-1,ee72a300-be99-11f1-b1e5-4dbf427540c3,81.6538,,,7.15015,,,,,,,cb3f4724-d3a1-45f5-a9d9-4aecfea1f935,2026-10-02,19:46:45.39,2026-10-02T15:46:45.3985280-04:00,2026-10-02T19:46:45.3985280Z,,v3,471298,471298,,,,Undefined,FOR_RAM,e1e54ec5-03e8-4b4b-a2eb-8901f953875a,54.04515,-119.46096,11.85954,5.8799,-1.56145,-9.74829,1.77436,-4.05627,2.65726,,,,,,,,,,,,,,,,,,,,,,,,,,,,,,,,,,,,,,,,,,,,,,,,,,,High,High,High,,,,,
53,2026-10-02,15:47:36.24,3,1,"Curran, Tommy",1000559344,Left,FOR_RAM,"Dean, Mason",1000150670,Left,FOR_RAM,Undefined,2,Bottom,1,0,0,Cutter,Curveball,BallCalled,Undefined,Undefined,Undefined,0,0,,75.43952,2.116684,0.95673,1784.867612,195.319541,12:30,5.84844,-1.96577,6.16485,-40.44057,8.96973,1.96811,4.43476,-0.91794,67.91662,-5.482377,1.311556,0.505918,,,,,,,,,,,,-0.6902,4.5087,1.89237,50,5.9889,-1.89756,-109.34649,2.91922,-0.82153,22.32323,-26.80753,FOR_RAM,FOR_RAM,FordhamUniversity,TeamExclusive,Team,20261002-FordhamUniversity-Private-1,0cc84ad0-be9a-11f1-b1e5-4dbf427540c3,74.50306,,,7.5229,,,,,,,cb3f4724-d3a1-45f5-a9d9-4aecfea1f935,2026-10-02,19:47:36.24,2026-10-02T15:47:36.2467840-04:00,2026-10-02T19:47:36.2467840Z,,v3,471298,471298,,,,Undefined,FOR_RAM,c4c9f8ac-1c4e-40c0-8bb1-6124542e5a0f,54.32818,-110.22656,11.16161,5.85298,3.97607,-13.40377,1.96654,-1.86517,-0.41076,,,,,,,,,,,,,,,,,,,,,,,,,,,,,,,,,,,,,,,,,,,,,,,,,,,High,High,High,,,,,
54,2026-10-02,15:48:09.28,3,2,"Curran, Tommy",1000559344,Left,FOR_RAM,"Dean, Mason",1000150670,Left,FOR_RAM,Undefined,2,Bottom,1,1,0,Fastball,Changeup,InPlay,Undefined,LineDrive,Single,0,1,,81.9138,-0.417307,2.317909,1560.849626,141.607923,10:45,5.84779,-1.85123,6.43139,-30.67049,9.95768,-6.91811,2.90807,-0.29629,75.35748,-6.167513,1.06408,0.458759,91.96289,7.7242,11.742314,2718.797409,107.8227,9.49355,21.7763,189.17992,146.40841,10.976569,1.717222,4.26945,5.68264,1.68938,50,5.80408,-4.57889,-119.08716,-1.72913,6.15028,22.2002,-23.988,FOR_RAM,FOR_RAM,FordhamUniversity,TeamExclusive,Team,20261002-FordhamUniversity-Private-1,206f4480-be9a-11f1-b1e5-4dbf427540c3,82.16167,9.72035,,6.55632,,,,1.17117,2.87831,0.30449,cb3f4724-d3a1-45f5-a9d9-4aecfea1f935,2026-10-02,19:48:09.28,2026-10-02T15:48:09.2830208-04:00,2026-10-02T19:48:09.2830208Z,LineDrive,v3,471298,471298,,,,Undefined,FOR_RAM,6526dd51-141b-4d85-930c-4c2feeb970f5,54.06839,-119.84318,11.1001,5.84906,-0.91222,-11.994,1.84888,-4.78834,3.07514,169.894745,1.17117,130.85784,-17.40176,2.97128,-0.59886,0.11587,-0.02099,0.00319,-0.00026,2.87831,18.12833,-12.41203,0.56648,-0.05041,0.01265,-0.00109,4E-05,-1E-05,0.30449,27.20016,-4.31414,0.39176,-0.0296,-0.00133,0.00125,-0.00023,2E-05,,,,,,,,,,,,,,,,,,,,,,,High,High,High,High,Medium,,,
55,2026-10-02,15:49:31.62,4,1,"Curran, Tommy",1000559344,Left,FOR_RAM,"Velit, Liam",1000239563,Right,FOR_RAM,Undefined,2,Bottom,1,0,0,Cutter,Slider,BallCalled,Undefined,Undefined,Undefined,0,0,,73.93152,1.618097,1.844269,1543.424076,230.842802,1:45,5.78841,-2.00809,6.24245,-45.549,5.31744,4.44315,3.48629,0.06384,67.32916,-6.878297,2.646322,0.513319,,,,,,,,,,,,-1.72835,2.81433,1.86877,50,5.88698,-3.60699,-107.29019,1.78096,-1.99675,20.10048,-28.92269,FOR_RAM,FOR_RAM,FordhamUniversity,TeamExclusive,Team,20261002-FordhamUniversity-Private-1,5191d9b0-be9a-11f1-b1e5-4dbf427540c3,73.42891,,,6.60236,,,,,,,cb3f4724-d3a1-45f5-a9d9-4aecfea1f935,2026-10-02,19:49:31.62,2026-10-02T15:49:31.6204544-04:00,2026-10-02T19:49:31.6204544Z,,v3,471298,471298,,,,Undefined,FOR_RAM,ee1831e5-b75e-409f-8c33-22ae09def08b,54.25378,-108.08418,10.05024,5.79406,2.92344,-14.46135,2.00969,-3.52812,-0.99838,,,,,,,,,,,,,,,,,,,,,,,,,,,,,,,,,,,,,,,,,,,,,,,,,,,High,High,High,,,,,
56,2026-10-02,15:49:59.19,4,2,"Curran, Tommy",1000559344,Left,FOR_RAM,"Velit, Liam",1000239563,Right,FOR_RAM,Undefined,2,Bottom,1,1,0,ChangeUp,Changeup,FoulBallNotFieldable,Undefined,Undefined,Undefined,0,0,,72.22509,0.110429,3.014216,1173.243537,118.057576,10:00,5.79956,-1.79451,6.54405,-44.28561,8.18874,-12.14335,2.21051,-0.03959,66.20666,-8.179542,0.808885,0.521369,94.67125,23.308561,-44.120555,2704.218615,79.42497,32.00673,-76.10283,249.7587,183.60809,-46.325364,2.600634,7.31764,4.73418,1.59097,50,5.78822,-5.15503,-104.90308,-0.89322,8.11151,18.61547,-26.92627,FOR_RAM,FOR_RAM,FordhamUniversity,TeamExclusive,Team,20261002-FordhamUniversity-Private-1,61fc9420-be9a-11f1-b1e5-4dbf427540c3,72.29517,33.13532,,6.01843,,,,3.71812,2.22476,0.48531,cb3f4724-d3a1-45f5-a9d9-4aecfea1f935,2026-10-02,19:49:59.19,2026-10-02T15:49:59.1982592-04:00,2026-10-02T19:49:59.1982592Z,LineDrive,v3,471298,471298,,,,Undefined,FOR_RAM,fad877d0-27fb-45ef-84bc-5914123378a3,53.95556,-105.60267,9.30774,5.80277,0.11871,-13.46314,1.79043,-5.45987,4.05575,,3.71825,91.53509,-16.82718,3.84007,-0.54607,-0.14997,0.13705,-0.03802,0.00382,2.22453,54.95402,-28.57071,4.89698,-1.81518,0.88896,-0.35209,0.07848,-0.00716,0.48522,-88.76972,12.17509,-2.81317,0.41525,0.09168,-0.09178,0.02591,-0.00262,,,,,,,,,,,,,,,,,,,,,,,High,High,High,Low,Low,,,
57,2026-10-02,15:50:20.79,4,3,"Curran, Tommy",1000559344,Left,FOR_RAM,"Velit, Liam",1000239563,Right,FOR_RAM,Undefined,2,Bottom,1,1,1,ChangeUp,Changeup,BallCalled,Undefined,Undefined,Undefined,0,2,,75.80254,0.599251,1.276296,1281.445437,120.083311,10:00,5.75838,-1.75583,6.65723,-39.04116,8.4226,-11.82509,3.05349,-1.5731,69.14626,-6.759633,-0.877993,0.495852,,,,,,,,,,,,6.55233,4.77276,1.67395,50,5.7834,-2.05948,-110.16629,0.15329,7.99536,20.86866,-26.35016,FOR_RAM,FOR_RAM,FordhamUniversity,TeamExclusive,Team,20261002-FordhamUniversity-Private-1,6ede00c0-be9a-11f1-b1e5-4dbf427540c3,76.01543,,,6.65628,,,,,,,cb3f4724-d3a1-45f5-a9d9-4aecfea1f935,2026-10-02,19:50:20.79,2026-10-02T15:50:20.7942144-04:00,2026-10-02T19:50:20.7942144Z,,v3,471298,471298,,,,Undefined,FOR_RAM,cd4e2b58-ee43-4cb9-bc31-a4fbfc9cabae,53.83903,-110.89113,10.43433,5.76218,1.06852,-13.17508,1.7503,-2.33719,3.99768,,,,,,,,,,,,,,,,,,,,,,,,,,,,,,,,,,,,,,,,,,,,,,,,,,,High,High,High,,,,,
58,2026-10-02,15:50:37.18,4,4,"Curran, Tommy",1000559344,Left,FOR_RAM,"Velit, Liam",1000239563,Right,FOR_RAM,Undefined,2,Bottom,1,2,1,Curveball,Curveball,BallCalled,Undefined,Undefined,Undefined,0,0,,68.32438,3.336955,0.05734,2158.428464,326.735981,5:00,5.82536,-1.954,5.42631,-70.84323,-9.00288,7.32587,3.0507,-1.28981,62.113,-9.581696,1.361967,0.565988,,,,,,,,,,,,-3.62772,-4.8313,1.94379,50,6.07301,-0.35927,-98.96994,3.62225,-3.54469,17.98459,-36.89478,FOR_RAM,FOR_RAM,FordhamUniversity,TeamExclusive,Team,20261002-FordhamUniversity-Private-1,78a1b2a0-be9a-11f1-b1e5-4dbf427540c3,66.59579,,,6.21138,,,,,,,cb3f4724-d3a1-45f5-a9d9-4aecfea1f935,2026-10-02,19:50:37.18,2026-10-02T15:50:37.1842560-04:00,2026-10-02T19:50:37.1842560Z,,v3,471298,471298,,,,Undefined,FOR_RAM,883988a3-dd25-4c60-9ab9-d0f0b49616be,55.07325,-99.88758,8.9923,5.84016,5.50477,-18.44739,1.9575,-0.17841,-1.77235,,,,,,,,,,,,,,,,,,,,,,,,,,,,,,,,,,,,,,,,,,,,,,,,,,,High,High,High,,,,,
59,2026-10-02,15:51:03.90,4,5,"Curran, Tommy",1000559344,Left,FOR_RAM,"Velit, Liam",1000239563,Right,FOR_RAM,Undefined,2,Bottom,1,3,1,Curveball,Curveball,StrikeCalled,Undefined,Undefined,Undefined,0,0,,67.61892,3.654951,1.01377,2228.614981,319.977434,4:45,5.84402,-1.98963,6.3239,-71.8259,-10.2852,10.55119,3.22961,-0.17665,61.07041,-9.678359,2.923361,0.564615,,,,,,,,,,,,-5.04693,-5.73158,1.91133,50,6.0795,-2.07402,-97.98825,4.35541,-4.78854,18.96761,-37.61215,FOR_RAM,FOR_RAM,FordhamUniversity,TeamExclusive,Team,20261002-FordhamUniversity-Private-1,888fea10-be9a-11f1-b1e5-4dbf427540c3,66.75773,,,6.54852,,,,,,,cb3f4724-d3a1-45f5-a9d9-4aecfea1f935,2026-10-02,19:51:03.90,2026-10-02T15:51:03.9011840-04:00,2026-10-02T19:51:03.9011840Z,,v3,471298,471298,,,,Undefined,FOR_RAM,30580756-76ef-4ee6-8f27-7e9dba73b77d,54.17505,-98.79311,9.48381,5.86083,5.95142,-18.80607,1.99503,-1.87082,-2.39427,,,,,,,,,,,,,,,,,,,,,,,,,,,,,,,,,,,,,,,,,,,,,,,,,,,High,High,High,,,,,
60,2026-10-02,15:51:20.13,4,6,"Curran, Tommy",1000559344,Left,FOR_RAM,"Velit, Liam",1000239563,Right,FOR_RAM,Undefined,2,Bottom,1,3,2,ChangeUp,Changeup,StrikeSwinging,Strikeout,Undefined,Undefined,0,1,,76.25747,-2.180659,3.444699,1379.485472,106.440754,9:30,5.64362,-1.95016,6.84699,-41.05695,5.52721,-13.58989,0.22931,0.06204,70.20622,-9.854946,0.959649,0.491236,,,,,,,,,,,,8.32937,3.96331,1.73467,50,5.48896,-6.25845,-110.72158,-5.23824,10.28678,20.71782,-27.27934,FOR_RAM,FOR_RAM,FordhamUniversity,TeamExclusive,Team,20261002-FordhamUniversity-Private-1,92345420-be9a-11f1-b1e5-4dbf427540c3,76.72975,,,6.05125,,,,,,,cb3f4724-d3a1-45f5-a9d9-4aecfea1f935,2026-10-02,19:51:20.13,2026-10-02T15:51:20.1333248-04:00,2026-10-02T19:51:20.1333248Z,,v3,471298,471298,,,,Undefined,FOR_RAM,38f9e119-bde4-42a1-90a6-00df4e079001,53.65395,-111.40319,10.35891,5.64653,-4.34074,-13.63967,1.94614,-6.59688,5.14339,,,,,,,,,,,,,,,,,,,,,,,,,,,,,,,,,,,,,,,,,,,,,,,,,,,High,High,High,,,,,
61,2026-10-02,15:51:58.33,5,1,"Curran, Tommy",1000559344,Left,FOR_RAM,"Markey, Tommy",10084492,Left,FOR_RAM,Undefined,2,Bottom,2,0,0,Fastball,Changeup,BallCalled,Undefined,Undefined,Undefined,0,0,,84.01027,0.098887,1.019434,1662.778185,151.98873,11:00,5.85966,-1.66891,6.43484,-25.8682,12.98883,-6.24146,3.79487,-1.25207,76.5914,-4.802784,-0.112367,0.448649,,,,,,,,,,,,3.52138,7.14052,1.59887,50,5.85499,-1.93387,-122.07907,-0.5051,5.29574,24.81033,-21.43555,FOR_RAM,FOR_RAM,FordhamUniversity,TeamExclusive,Team,20261002-FordhamUniversity-Private-1,a8f8e180-be9a-11f1-b1e5-4dbf427540c3,84.01328,,,7.41888,,,,,,,cb3f4724-d3a1-45f5-a9d9-4aecfea1f935,2026-10-02,19:51:58.33,2026-10-02T15:51:58.3336448-04:00,2026-10-02T19:51:58.3336448Z,,v3,471298,471298,,,,Undefined,FOR_RAM,b16a6df7-7bcf-4fc5-a860-79bf1b15cf93,54.06074,-122.90157,12.40517,5.85996,0.20553,-10.71777,1.6659,-2.10944,2.64787,,,,,,,,,,,,,,,,,,,,,,,,,,,,,,,,,,,,,,,,,,,,,,,,,,,High,High,High,,,,,
62,2026-10-02,15:52:14.19,5,2,"Curran, Tommy",1000559344,Left,FOR_RAM,"Markey, Tommy",10084492,Left,FOR_RAM,Undefined,2,Bottom,2,1,0,Cutter,Curveball,StrikeCalled,Undefined,Undefined,Undefined,0,0,,74.79093,0.289717,1.402576,1762.466494,238.443829,2:00,5.76108,-1.86051,6.26316,-44.79046,4.9363,5.26355,2.29574,-0.12845,68.15026,-8.054326,2.354516,0.507536,,,,,,,,,,,,-2.28055,3.01567,1.75424,50,5.7612,-2.83993,-108.58757,-0.69303,-2.69119,21.0847,-28.61538,FOR_RAM,FOR_RAM,FordhamUniversity,TeamExclusive,Team,20261002-FordhamUniversity-Private-1,b26e9a70-be9a-11f1-b1e5-4dbf427540c3,74.2656,,,6.64067,,,,,,,cb3f4724-d3a1-45f5-a9d9-4aecfea1f935,2026-10-02,19:52:14.19,2026-10-02T15:52:14.1934080-04:00,2026-10-02T19:52:14.1934080Z,,v3,471298,471298,,,,Undefined,FOR_RAM,1e049dff-5bad-4db9-9775-15089f6f5869,54.23314,-109.40644,10.54235,5.76653,0.41831,-14.30769,1.8625,-2.73541,-1.3456,,,,,,,,,,,,,,,,,,,,,,,,,,,,,,,,,,,,,,,,,,,,,,,,,,,High,High,High,,,,,
63,2026-10-02,15:52:30.69,5,3,"Curran, Tommy",1000559344,Left,FOR_RAM,"Markey, Tommy",10084492,Left,FOR_RAM,Undefined,2,Bottom,2,1,1,Curveball,Curveball,FoulBallNotFieldable,Undefined,Undefined,Undefined,0,0,,68.58494,2.412892,1.14974,2118.005178,325.867456,4:45,5.74552,-1.86327,5.72536,-72.09657,-11.31666,9.13186,1.98658,-0.0313,62.4817,-10.771339,2.786858,0.561114,,,,,,,,,,,,-4.2839,-6.02394,1.76149,50,5.90238,-2.29857,-99.46642,2.11753,-4.20897,18.82299,-38.09264,FOR_RAM,FOR_RAM,FordhamUniversity,TeamExclusive,Team,20261002-FordhamUniversity-Private-1,bc520950-be9a-11f1-b1e5-4dbf427540c3,67.17425,,,6.10324,,,,,,,cb3f4724-d3a1-45f5-a9d9-4aecfea1f935,2026-10-02,19:52:30.69,2026-10-02T15:52:30.6995712-04:00,2026-10-02T19:52:30.6995712Z,,v3,471298,471298,,,,Undefined,FOR_RAM,4d315585-68e8-4103-91f0-843b2e4990be,54.77627,-100.36621,9.4115,5.75763,3.93846,-19.04632,1.86656,-2.09737,-2.10449,,,,,,,,,,,,,,,,,,,,,,,,,,,,,,,,,,,,,,,,,,,,,,,,,,,High,High,High,,,,,
64,2026-10-02,15:52:50.61,5,4,"Curran, Tommy",1000559344,Left,FOR_RAM,"Markey, Tommy",10084492,Left,FOR_RAM,Undefined,2,Bottom,2,1,2,Curveball,Curveball,InPlay,Undefined,LineDrive,Out,1,0,,71.22577,1.368931,0.651408,2290.196004,325.035014,4:45,5.66978,-1.70455,5.88348,-67.27744,-11.52249,9.39394,1.33488,-0.31679,65.1683,-10.945017,2.342692,0.537419,84.5529,8.97053,37.163306,2337.491845,,,,130.26446,119.60244,40.741558,1.180991,-4.65626,-5.97485,1.64631,50,5.74087,-1.48535,-103.44145,0.52255,-4.96263,19.88493,-38.54204,FOR_RAM,FOR_RAM,FordhamUniversity,TeamExclusive,Team,20261002-FordhamUniversity-Private-1,c82931e0-be9a-11f1-b1e5-4dbf427540c3,70.13602,6.49695,,6.05747,,,,1.93874,1.35958,0.88486,cb3f4724-d3a1-45f5-a9d9-4aecfea1f935,2026-10-02,19:52:50.61,2026-10-02T15:52:50.6160128-04:00,2026-10-02T19:52:50.6160128Z,GroundBall,v3,471298,471298,,,,Undefined,FOR_RAM,89be9a34-3a41-4358-b85d-69beb9cf812f,54.61902,-104.3256,9.94247,5.67954,2.23626,-19.27102,1.70745,-1.26469,-2.48132,,1.93874,97.61746,-15.71083,2.57931,-0.54482,0.10592,-0.0214,0.00381,-0.00038,1.35958,19.33655,-19.03462,1.75036,-0.34777,0.07751,-0.01449,0.00254,-0.00028,0.88486,73.9972,-2.6579,0.34549,-0.07483,0.01389,-0.00286,0.00049,-5E-05,,,,,,,,,,,,,,,,,,,,,,,High,High,High,Medium,High,,,
65,2026-10-02,15:55:33.12,1,1,"Howard, Austin",10149053,Right,FOR_RAM,"Dieguez, Matthew",10131275,Right,FOR_RAM,Undefined,3,Top,0,0,0,Sinker,Sinker,BallCalled,Undefined,Undefined,Undefined,0,0,,88.28696,-1.350472,-4.770071,2357.440007,236.669314,2:00,5.62264,1.64296,5.85173,-24.85316,12.57339,16.6371,2.29213,-1.41312,77.84455,-6.070438,-1.79891,0.440313,,,,,,,,,,,,-10.20312,7.38493,-1.26376,50,5.49854,9.87365,-127.28751,-3.79473,-16.13183,34.95408,-20.49799,FOR_RAM,FOR_RAM,FordhamUniversity,TeamExclusive,Team,20261002-FordhamUniversity-Private-1,2905cb90-be9b-11f1-b1e5-4dbf427540c3,85.60374,,,10.44242,,,,,,,cb3f4724-d3a1-45f5-a9d9-4aecfea1f935,2026-10-02,19:55:33.12,2026-10-02T15:55:33.1297792-04:00,2026-10-02T19:55:33.1297792Z,,v3,471298,471298,,,,Undefined,FOR_RAM,c42f3dff-b43c-45dd-bc11-07fc4b5eab2e,54.6391,-128.55513,17.47704,5.62267,-3.05136,-10.249,-1.63243,10.45867,-8.06592,,,,,,,,,,,,,,,,,,,,,,,,,,,,,,,,,,,,,,,,,,,,,,,,,,,High,High,High,,,,,
66,2026-10-02,15:55:48.85,1,2,"Howard, Austin",10149053,Right,FOR_RAM,"Dieguez, Matthew",10131275,Right,FOR_RAM,Undefined,3,Top,0,1,0,Sinker,Sinker,StrikeCalled,Undefined,Undefined,Undefined,0,0,,88.05737,-1.245047,-4.342522,2343.544737,238.149827,2:00,5.59762,1.65655,5.76705,-25.35411,12.1443,17.01997,2.32255,-0.97427,78.06234,-6.037229,-1.304622,0.440735,,,,,,,,,,,,-10.15418,7.07764,-1.30662,50,5.47948,8.88783,-127.09819,-3.58916,-16.09388,33.58334,-20.9563,FOR_RAM,FOR_RAM,FordhamUniversity,TeamExclusive,Team,20261002-FordhamUniversity-Private-1,325cb1e0-be9b-11f1-b1e5-4dbf427540c3,85.52173,,,9.99503,,,,,,,cb3f4724-d3a1-45f5-a9d9-4aecfea1f935,2026-10-02,19:55:48.85,2026-10-02T15:55:48.8510464-04:00,2026-10-02T19:55:48.8510464Z,,v3,471298,471298,,,,Undefined,FOR_RAM,45abd52e-8713-4ffe-8680-49eef125c73e,54.72512,-128.34064,16.79167,5.59792,-2.81386,-10.47815,-1.64645,9.48324,-8.04694,,,,,,,,,,,,,,,,,,,,,,,,,,,,,,,,,,,,,,,,,,,,,,,,,,,High,High,High,,,,,
67,2026-10-02,15:56:04.46,1,3,"Howard, Austin",10149053,Right,FOR_RAM,"Dieguez, Matthew",10131275,Right,FOR_RAM,Undefined,3,Top,0,1,1,ChangeUp,Changeup,BallCalled,Undefined,Undefined,Undefined,0,0,,79.05958,-1.208271,-5.44019,2144.871763,257.19859,2:30,5.17216,2.09052,5.78267,-40.32278,5.16662,15.89639,0.68252,-1.6615,72.17291,-8.62527,-2.60627,0.48543,,,,,,,,,,,,-9.64981,3.49469,-1.65004,50,5.04813,10.26592,-114.26665,-3.70066,-12.68414,22.19977,-27.58046,FOR_RAM,FOR_RAM,FordhamUniversity,TeamExclusive,Team,20261002-FordhamUniversity-Private-1,3bb37120-be9b-11f1-b1e5-4dbf427540c3,77.64755,,,6.88668,,,,,,,cb3f4724-d3a1-45f5-a9d9-4aecfea1f935,2026-10-02,19:56:04.46,2026-10-02T15:56:04.4678656-04:00,2026-10-02T19:56:04.4678656Z,,v3,471298,471298,,,,Undefined,FOR_RAM,16e326b0-ff1a-444b-bec6-2584978807f3,54.71484,-115.17901,11.09989,5.17693,-2.56717,-13.79023,-2.08265,10.78721,-6.34207,,,,,,,,,,,,,,,,,,,,,,,,,,,,,,,,,,,,,,,,,,,,,,,,,,,High,High,High,,,,,
68,2026-10-02,15:56:21.74,1,4,"Howard, Austin",10149053,Right,FOR_RAM,"Dieguez, Matthew",10131275,Right,FOR_RAM,Undefined,3,Top,0,2,1,Sinker,Sinker,InPlay,Undefined,GroundBall,Out,1,0,,88.58553,-0.903448,-4.444019,2267.909407,228.676951,1:30,5.48949,1.88427,5.86979,-20.44355,16.40591,16.92312,2.94408,-0.84164,78.51339,-4.826856,-1.419919,0.436905,96.59278,-0.050004,6.104168,1663.513823,,,,47.23784,45.93595,7.347204,0.33981,-10.26705,9.12847,-1.53381,50,5.4047,9.20967,-127.93516,-2.62379,-16.49872,33.87034,-17.505,FOR_RAM,FOR_RAM,FordhamUniversity,TeamExclusive,Team,20261002-FordhamUniversity-Private-1,45f46950-be9b-11f1-b1e5-4dbf427540c3,86.27149,2.92715,,10.07214,,,,1.24216,2.92715,0.859,cb3f4724-d3a1-45f5-a9d9-4aecfea1f935,2026-10-02,19:56:21.74,2026-10-02T15:56:21.7470976-04:00,2026-10-02T19:56:21.7470976Z,GroundBall,v3,471298,471298,,,,Undefined,FOR_RAM,50bc7577-7730-48dc-9464-2cdc01c93b5a,54.62472,-129.15373,16.93517,5.48777,-1.994,-8.7525,-1.87583,9.80325,-8.24936,344.353449,1.24621,140.70716,-19.17169,,,,,,,2.93399,-0.39203,-24.31211,,,,,,,0.85819,15.09655,0.46319,,,,,,,,,,,,,,,,,,,,,,,,,,,,,High,High,High,High,High,,,
69,2026-10-02,15:56:54.83,2,1,"Howard, Austin",10149053,Right,FOR_RAM,"Caron, Michael",1000322224,Left,FOR_RAM,Undefined,3,Top,1,0,0,Sinker,Sinker,InPlay,Undefined,FlyBall,Out,1,0,,90.08883,-1.636399,-2.498335,2296.728865,230.502809,1:45,5.55841,1.78203,5.79898,-19.63804,16.08816,17.6917,2.39804,0.93117,79.74983,-5.404501,0.669725,0.430194,86.45523,35.636464,7.389516,3830.69013,109.25368,71.2262,12.79147,311.76698,306.6027,6.234148,5.087683,-9.94288,9.22721,-1.5873,50,5.41254,4.89566,-130.27343,-4.31628,-16.50635,36.02334,-16.85583,FOR_RAM,FOR_RAM,FordhamUniversity,TeamExclusive,Team,20261002-FordhamUniversity-Private-1,59ab1a70-be9b-11f1-b1e5-4dbf427540c3,87.61722,87.61565,,10.33899,,,,1.70853,2.51925,-0.90639,cb3f4724-d3a1-45f5-a9d9-4aecfea1f935,2026-10-02,19:56:54.83,2026-10-02T15:56:54.8363776-04:00,2026-10-02T19:56:54.8363776Z,FlyBall,v3,471298,471298,,,,Undefined,FOR_RAM,e35f818c-60d7-460e-b0bb-305d082be80b,54.69505,-131.5653,18.01167,5.55649,-3.71179,-8.42791,-1.77348,5.48761,-8.25317,179.80035,1.71229,102.11806,-21.54085,5.35046,-0.81213,0.02617,0.01544,-0.0026,0.00013,2.51653,73.92861,-17.32481,0.40629,0.16096,-0.08614,0.02551,-0.00382,0.00022,-0.90568,13.23951,-2.82852,0.56258,-0.0501,-0.01097,0.00408,-0.00048,2E-05,,,,,,,,,,,,,,,,,,,,,,,High,High,High,High,High,,,
70,2026-10-02,15:57:28.06,3,1,"Howard, Austin",10149053,Right,FOR_RAM,"Young, Caden",10264258,Right,FOR_RAM,Undefined,3,Top,2,0,0,Curveball,Curveball,BallCalled,Undefined,Undefined,Undefined,0,0,,77.62572,0.798511,-3.867257,2272.957946,63.386411,8:00,5.18624,1.92485,5.26323,-54.76302,-5.77233,-15.26961,1.37457,-2.98623,69.86346,-9.149389,-6.565568,0.503765,,,,,,,,,,,,6.05355,-2.3674,-1.55968,50,5.22091,8.22575,-112.08846,-0.37868,7.4831,25.611,-35.10052,FOR_RAM,FOR_RAM,FordhamUniversity,TeamExclusive,Team,20261002-FordhamUniversity-Private-1,6d816180-be9b-11f1-b1e5-4dbf427540c3,74.82146,,,7.76225,,,,,,,cb3f4724-d3a1-45f5-a9d9-4aecfea1f935,2026-10-02,19:57:28.06,2026-10-02T15:57:28.0638464-04:00,2026-10-02T19:57:28.0638464Z,,v3,471298,471298,,,,Undefined,FOR_RAM,2875a791-3162-4b09-951d-fbceba02b8c8,55.2301,-113.27718,12.8055,5.20067,1.25049,-17.55026,-1.93341,7.87843,3.74155,,,,,,,,,,,,,,,,,,,,,,,,,,,,,,,,,,,,,,,,,,,,,,,,,,,High,High,High,,,,,
71,2026-10-02,15:57:45.18,3,2,"Howard, Austin",10149053,Right,FOR_RAM,"Young, Caden",10264258,Right,FOR_RAM,Undefined,3,Top,2,1,0,Sinker,Sinker,BallCalled,Undefined,Undefined,Undefined,0,0,,89.76396,-0.233835,-2.149766,2303.822543,242.554521,2:00,5.58005,1.57046,5.73807,-24.49182,11.21249,18.91249,3.32117,1.14378,80.13646,-4.851875,1.234217,0.430063,,,,,,,,,,,,-10.20249,6.18146,-1.40243,50,5.546,4.00579,-129.96442,-1.35085,-17.0345,33.2827,-21.85323,FOR_RAM,FOR_RAM,FordhamUniversity,TeamExclusive,Team,20261002-FordhamUniversity-Private-1,77bc8d50-be9b-11f1-b1e5-4dbf427540c3,87.64406,,,9.6275,,,,,,,cb3f4724-d3a1-45f5-a9d9-4aecfea1f935,2026-10-02,19:57:45.18,2026-10-02T15:57:45.1861504-04:00,2026-10-02T19:57:45.1861504Z,,v3,471298,471298,,,,Undefined,FOR_RAM,d8d3fa22-cc97-40ec-ae1e-a6c717b8914e,54.75484,-131.17644,16.64135,5.58071,-0.55505,-10.92661,-1.5596,4.62611,-8.51725,,,,,,,,,,,,,,,,,,,,,,,,,,,,,,,,,,,,,,,,,,,,,,,,,,,High,High,High,,,,,
72,2026-10-02,15:58:01.66,3,3,"Howard, Austin",10149053,Right,FOR_RAM,"Young, Caden",10264258,Right,FOR_RAM,Undefined,3,Top,2,2,0,Sinker,Sinker,StrikeCalled,Undefined,Undefined,Undefined,0,0,,89.06142,-1.677241,-2.407602,2244.970974,235.675198,1:45,5.57242,1.59635,5.74082,-22.98836,13.3228,17.41934,2.0932,0.80489,79.60984,-6.019886,0.709544,0.433702,,,,,,,,,,,,-9.57697,7.75756,-1.40622,50,5.41907,4.62867,-128.87039,-4.51829,-15.72002,32.75576,-19.44051,FOR_RAM,FOR_RAM,FordhamUniversity,TeamExclusive,Team,20261002-FordhamUniversity-Private-1,81860b90-be9b-11f1-b1e5-4dbf427540c3,86.90862,,,9.45158,,,,,,,cb3f4724-d3a1-45f5-a9d9-4aecfea1f935,2026-10-02,19:58:01.66,2026-10-02T15:58:01.6683520-04:00,2026-10-02T19:58:01.6683520Z,,v3,471298,471298,,,,Undefined,FOR_RAM,652a6373-aa68-4092-af36-a47baf74042e,54.75233,-130.07271,16.37788,5.57182,-3.80471,-9.72026,-1.58671,5.20568,-7.86001,,,,,,,,,,,,,,,,,,,,,,,,,,,,,,,,,,,,,,,,,,,,,,,,,,,High,High,High,,,,,
73,2026-10-02,15:58:18.96,3,4,"Howard, Austin",10149053,Right,FOR_RAM,"Young, Caden",10264258,Right,FOR_RAM,Undefined,3,Top,2,2,1,Curveball,Curveball,StrikeCalled,Undefined,Undefined,Undefined,0,0,,77.35812,1.686435,-1.6643,2416.550559,46.096438,7:30,5.32465,2.12263,5.04901,-55.84653,-7.10709,-9.10658,2.26253,-0.20643,70.42855,-8.419673,-3.273783,0.502472,,,,,,,,,,,,3.98256,-3.52894,-1.9565,50,5.4409,3.63052,-112.08848,1.30107,5.00716,22.48184,-36.61088,FOR_RAM,FOR_RAM,FordhamUniversity,TeamExclusive,Team,20261002-FordhamUniversity-Private-1,8be699b0-be9b-11f1-b1e5-4dbf427540c3,75.01406,,,6.92957,,,,,,,cb3f4724-d3a1-45f5-a9d9-4aecfea1f935,2026-10-02,19:58:18.96,2026-10-02T15:58:18.9694976-04:00,2026-10-02T19:58:18.9694976Z,,v3,471298,471298,,,,Undefined,FOR_RAM,a7ef05c5-61e6-49d4-b19a-d9a9c36c9361,55.45009,-113.17634,11.24092,5.33509,3.07261,-18.30544,-2.12632,3.38823,2.50358,,,,,,,,,,,,,,,,,,,,,,,,,,,,,,,,,,,,,,,,,,,,,,,,,,,High,High,High,,,,,
74,2026-10-02,15:58:36.40,3,5,"Howard, Austin",10149053,Right,FOR_RAM,"Young, Caden",10264258,Right,FOR_RAM,Undefined,3,Top,2,2,2,Curveball,Curveball,BallCalled,Undefined,Undefined,Undefined,0,0,,77.12118,0.281127,-1.845933,2312.359456,59.557098,8:00,5.16295,2.09421,5.276,-54.60282,-5.85973,-12.84312,0.87689,-0.7104,70.32217,-9.619163,-4.127547,0.502491,,,,,,,,,,,,5.86449,-2.5861,-1.91573,50,5.14837,4.10435,-111.80125,-1.31812,7.30563,23.12354,-35.39567,FOR_RAM,FOR_RAM,FordhamUniversity,TeamExclusive,Team,20261002-FordhamUniversity-Private-1,9636fb30-be9b-11f1-b1e5-4dbf427540c3,75.01123,,,6.799,,,,,,,cb3f4724-d3a1-45f5-a9d9-4aecfea1f935,2026-10-02,19:58:36.40,2026-10-02T15:58:36.4015104-04:00,2026-10-02T19:58:36.4015104Z,,v3,471298,471298,,,,Undefined,FOR_RAM,935759e2-a494-4875-9ff7-5a2349d68206,55.22386,-112.87652,11.56177,5.17139,0.32781,-17.69784,-2.09869,3.76463,3.65282,,,,,,,,,,,,,,,,,,,,,,,,,,,,,,,,,,,,,,,,,,,,,,,,,,,High,High,High,,,,,
75,2026-10-02,15:58:53.51,3,6,"Howard, Austin",10149053,Right,FOR_RAM,"Young, Caden",10264258,Right,FOR_RAM,Undefined,3,Top,2,3,2,Sinker,Sinker,FoulBallNotFieldable,Undefined,Undefined,Undefined,0,0,,90.79224,-1.844476,-3.754912,2298.026472,238.617906,2:00,5.61438,1.57706,5.7712,-22.58674,12.38808,18.04013,2.01142,-0.41886,81.09897,-6.109447,-0.530559,0.425647,,,,,,,,,,,,-10.49201,7.34091,-1.27738,50,5.44825,7.80998,-131.2546,-4.97972,-17.85499,34.12199,-19.68148,FOR_RAM,FOR_RAM,FordhamUniversity,TeamExclusive,Team,20261002-FordhamUniversity-Private-1,a068b120-be9b-11f1-b1e5-4dbf427540c3,88.55337,,,9.69327,,,,,,,cb3f4724-d3a1-45f5-a9d9-4aecfea1f935,2026-10-02,19:58:53.51,2026-10-02T15:58:53.5172096-04:00,2026-10-02T19:58:53.5172096Z,,v3,471298,471298,,,,Undefined,FOR_RAM,87b4d757-b6d9-4b80-b52f-5574f64834d5,54.72465,-132.47717,17.061,5.61404,-4.27455,-9.84074,-1.56866,8.44971,-8.9275,,,,,,,,,,,,,,,,,,,,,,,,,,,,,,,,,,,,,,,,,,,,,,,,,,,High,High,High,,,,,
76,2026-10-02,15:59:14.89,3,7,"Howard, Austin",10149053,Right,FOR_RAM,"Young, Caden",10264258,Right,FOR_RAM,Undefined,3,Top,2,3,2,ChangeUp,Changeup,StrikeCalled,Strikeout,Undefined,Undefined,0,0,,80.55199,0.60415,-2.376476,2243.257107,252.616582,2:30,5.20555,1.99639,5.79999,-36.99585,6.06319,15.19335,2.68497,1.05093,74.01891,-6.228686,0.345017,0.472284,,,,,,,,,,,,-8.32941,3.36579,-1.80993,50,5.23326,4.25826,-116.97998,0.04535,-11.58823,21.2377,-27.49142,FOR_RAM,FOR_RAM,FordhamUniversity,TeamExclusive,Team,20261002-FordhamUniversity-Private-1,ad2a12a0-be9b-11f1-b1e5-4dbf427540c3,79.80876,,,6.53307,,,,,,,cb3f4724-d3a1-45f5-a9d9-4aecfea1f935,2026-10-02,19:59:14.89,2026-10-02T15:59:14.8910000-04:00,2026-10-02T19:59:14.8910000Z,,v3,471298,471298,,,,Undefined,FOR_RAM,e97cf658-a49b-45ac-a352-3d1a9acd8d2d,54.69844,-117.8299,10.61885,5.20943,1.14553,-13.74571,-1.98963,4.72201,-5.79411,,,,,,,,,,,,,,,,,,,,,,,,,,,,,55.65212,,,1.263037,,,,-0.72059,4.39246,-0.9329,73.13799,4.52365,-51.65397,-0.69469,63.42428,-3.94866,4.47884,21.00517,-16.66219,-0.98067,-45.50444,4.29283,High,High,High,,,High,Medium,Medium
77,2026-10-02,16:01:49.93,1,1,"Wallace, Danny",10306264,Right,FOR_RAM,"Maryott, Gavin",1000410374,Right,FOR_RAM,Undefined,3,Bottom,0,0,0,Sinker,Sinker,BallCalled,Undefined,Undefined,Undefined,0,0,,88.81312,-2.734335,-4.26,1992.258303,241.484929,2:00,5.83333,1.68007,5.88184,-24.78304,10.69745,17.65733,1.21987,-0.81185,81.66426,-7.332846,-1.09907,0.428712,,,,,,,,,,,,-10.16178,6.54099,-1.34581,50,5.59751,8.84297,-128.6412,-6.98376,-17.10891,25.50175,-21.16125,FOR_RAM,FOR_RAM,FordhamUniversity,TeamExclusive,Team,20261002-FordhamUniversity-Private-1,09926240-be9c-11f1-b1e5-4dbf427540c3,87.92009,,,7.14886,,,,,,,cb3f4724-d3a1-45f5-a9d9-4aecfea1f935,2026-10-02,20:01:49.93,2026-10-02T16:01:49.9333632-04:00,2026-10-02T20:01:49.9333632Z,,v3,471298,471298,,,,Undefined,FOR_RAM,8cfbf159-e0aa-48b0-bc7c-8c3070ec2164,54.61785,-129.55341,12.75088,5.83378,-6.22682,-10.58063,-1.67307,9.45496,-8.55446,,,,,,,,,,,,,,,,,,,,,,,,,,,,,,,,,,,,,,,,,,,,,,,,,,,High,High,High,,,,,
78,2026-10-02,16:02:04.86,1,2,"Wallace, Danny",10306264,Right,FOR_RAM,"Maryott, Gavin",1000410374,Right,FOR_RAM,Undefined,3,Bottom,0,1,0,Sinker,Changeup,StrikeCalled,Undefined,Undefined,Undefined,0,0,,88.86563,-1.984604,-3.918371,1900.798273,239.370571,2:00,5.85699,1.88856,5.98236,-25.10923,10.21134,15.36513,1.91998,-0.46861,81.49355,-6.661004,-1.161853,0.427745,,,,,,,,,,,,-8.96351,6.1267,-1.58717,50,5.68593,8.18821,-128.82301,-5.29566,-15.09454,26.23228,-21.85668,FOR_RAM,FOR_RAM,FordhamUniversity,TeamExclusive,Team,20261002-FordhamUniversity-Private-1,127b92a0-be9c-11f1-b1e5-4dbf427540c3,88.11888,,,7.37208,,,,,,,cb3f4724-d3a1-45f5-a9d9-4aecfea1f935,2026-10-02,20:02:04.86,2026-10-02T16:02:04.8645120-04:00,2026-10-02T20:02:04.8645120Z,,v3,471298,471298,,,,Undefined,FOR_RAM,fe1dee65-d722-41ed-b4d9-62e49cf23982,54.5169,-129.73952,13.11614,5.85762,-4.53202,-10.92834,-1.88247,8.71559,-7.54727,,,,,,,,,,,,,,,,,,,,,,,,,,,,,,,,,,,,,,,,,,,,,,,,,,,High,High,High,,,,,
79,2026-10-02,16:02:21.11,1,3,"Wallace, Danny",10306264,Right,FOR_RAM,"Maryott, Gavin",1000410374,Right,FOR_RAM,Undefined,3,Bottom,0,1,1,Sinker,Sinker,InPlay,Undefined,FlyBall,Out,1,0,,87.45993,-1.857212,-3.968116,2042.435746,223.348692,1:30,6.00949,1.56602,5.97935,-23.93041,12.20375,10.54642,2.28901,-1.23925,80.93833,-6.306241,-2.077589,0.432644,82.16683,31.160302,25.312214,4249.625903,95.1988,53.27474,55.11014,292.57583,230.75492,35.352155,4.130176,-6.44083,7.05304,-1.25805,50,5.84892,8.38797,-126.90543,-4.88653,-10.62764,23.10038,-20.53625,FOR_RAM,FOR_RAM,FordhamUniversity,TeamExclusive,Team,20261002-FordhamUniversity-Private-1,1c204ad0-be9c-11f1-b1e5-4dbf427540c3,87.12121,60.4015,,6.5216,,,,0.90941,2.2257,1.21365,cb3f4724-d3a1-45f5-a9d9-4aecfea1f935,2026-10-02,20:02:21.11,2026-10-02T16:02:21.1183616-04:00,2026-10-02T20:02:21.1183616Z,FlyBall,v3,471298,471298,,,,Undefined,FOR_RAM,a7f1f66d-4ee8-4bce-9431-98e8da5f4b18,54.52144,-127.7258,11.55019,6.00951,-4.15721,-10.26812,-1.56264,8.7654,-5.31382,219.366854,0.90997,93.21064,-18.83726,4.79923,-1.01267,0.19541,-0.03979,0.00649,-0.00047,2.22667,62.32771,-17.94881,0.34852,0.48533,-0.3042,0.09615,-0.01504,0.00092,1.21369,44.09023,-0.24225,-0.62315,0.27579,-0.07507,0.01389,-0.0015,7E-05,,,,,,,,,,,,,,,,,,,,,,,High,High,High,High,Medium,,,
80,2026-10-02,16:02:54.54,2,1,"Wallace, Danny",10306264,Right,FOR_RAM,"Hanawalt, Chase",1000367090,Left,FOR_RAM,Undefined,3,Bottom,1,0,0,Sinker,Sinker,StrikeCalled,Undefined,Undefined,Undefined,0,0,,88.91361,-0.992274,-4.302305,2073.686896,239.211522,2:00,5.72453,1.95966,5.8858,-24.58277,10.74316,16.20694,2.75186,-0.69233,81.57484,-5.571454,-1.403397,0.427778,,,,,,,,,,,,-9.39497,6.09536,-1.62126,50,5.63008,9.00919,-128.89411,-3.0536,-15.88671,25.49773,-21.8669,FOR_RAM,FOR_RAM,FordhamUniversity,TeamExclusive,Team,20261002-FordhamUniversity-Private-1,3015b2a0-be9c-11f1-b1e5-4dbf427540c3,88.11223,,,7.33877,,,,,,,cb3f4724-d3a1-45f5-a9d9-4aecfea1f935,2026-10-02,20:02:54.54,2026-10-02T16:02:54.5407488-04:00,2026-10-02T20:02:54.5407488Z,,v3,471298,471298,,,,Undefined,FOR_RAM,119cdb21-12b1-4d56-b593-baf18ba61d66,54.61314,-129.80347,12.74887,5.72507,-2.27373,-10.93345,-1.95267,9.57578,-7.94335,,,,,,,,,,,,,,,,,,,,,,,,,,,,,,,,,,,,,,,,,,,,,,,,,,,High,High,High,,,,,
81,2026-10-02,16:03:10.42,2,2,"Wallace, Danny",10306264,Right,FOR_RAM,"Hanawalt, Chase",1000367090,Left,FOR_RAM,Undefined,3,Bottom,1,0,1,Sinker,Sinker,BallCalled,Undefined,Undefined,Undefined,0,0,,89.41564,-2.815404,-3.924783,2000.719366,244.717203,2:15,5.67509,1.92183,5.93056,-26.0497,8.89949,16.5343,0.88389,-0.34744,82.22191,-7.639359,-0.959713,0.425491,,,,,,,,,,,,-9.50056,5.66048,-1.61707,50,5.4348,8.18977,-129.54891,-7.26462,-16.20707,26.10042,-22.51782,FOR_RAM,FOR_RAM,FordhamUniversity,TeamExclusive,Team,20261002-FordhamUniversity-Private-1,398bb9b0-be9c-11f1-b1e5-4dbf427540c3,88.58583,,,7.19373,,,,,,,cb3f4724-d3a1-45f5-a9d9-4aecfea1f935,2026-10-02,20:03:10.42,2026-10-02T16:03:10.4212992-04:00,2026-10-02T20:03:10.4212992Z,,v3,471298,471298,,,,Undefined,FOR_RAM,a1ff7eac-d5ae-4e7d-a91f-276ceed8ace5,54.5686,-130.46611,13.05021,5.67618,-6.47332,-11.25891,-1.91488,8.7593,-8.10353,,,,,,,,,,,,,,,,,,,,,,,,,,,,,,,,,,,,,,,,,,,,,,,,,,,High,High,High,,,,,
82,2026-10-02,16:03:26.31,2,3,"Wallace, Danny",10306264,Right,FOR_RAM,"Hanawalt, Chase",1000367090,Left,FOR_RAM,Undefined,3,Bottom,1,1,1,Sinker,Sinker,InPlay,Undefined,GroundBall,Single,0,0,,89.35807,-1.198045,-2.429044,2070.072646,234.205011,1:45,5.65771,1.84453,6.10495,-23.10525,11.46587,14.44442,2.62321,0.80061,82.08282,-5.52685,0.172847,0.423183,104.46164,-1.632615,1.144076,1999.328239,,,,37.38709,36.47887,-0.581692,0.247154,-8.15481,6.56193,-1.66552,50,5.55336,4.92769,-129.83319,-3.44879,-13.97351,26.19627,-20.92998,FOR_RAM,FOR_RAM,FordhamUniversity,TeamExclusive,Team,20261002-FordhamUniversity-Private-1,4301e7d0-be9c-11f1-b1e5-4dbf427540c3,89.06893,2.58629,,7.27525,,,,0.83184,2.58629,-0.82202,cb3f4724-d3a1-45f5-a9d9-4aecfea1f935,2026-10-02,20:03:26.31,2026-10-02T16:03:26.3151104-04:00,2026-10-02T20:03:26.3151104Z,GroundBall,v3,471298,471298,,,,Undefined,FOR_RAM,885b4818-594f-4299-b1eb-cc46aa04eb81,54.39525,-130.71701,13.09814,5.6578,-2.74264,-10.46499,-1.83972,5.39913,-6.98676,26.214759,0.83359,153.02406,-20.8006,,,,,,,2.5889,-4.50567,-24.19328,,,,,,,-0.82114,3.01026,-4.96484,,,,,,,,,,,,,,,,,,,,,,,,,,,,,High,High,High,High,High,,,
83,2026-10-02,16:04:09.23,3,1,"Wallace, Danny",10306264,Right,FOR_RAM,"Chavez, Carson",1000156814,Right,FOR_RAM,Undefined,3,Bottom,1,0,0,Sinker,Sinker,BallCalled,Undefined,Undefined,Undefined,0,0,,88.7602,-2.966445,-4.450545,2022.57069,230.885552,1:45,5.80516,1.6758,5.98478,-23.08674,12.33575,13.81253,1.12102,-1.30649,81.60831,-7.267494,-1.975333,0.428362,,,,,,,,,,,,-8.26473,7.46682,-1.3314,50,5.55733,9.43045,-128.50453,-7.4174,-13.88595,25.43811,-19.62873,FOR_RAM,FOR_RAM,FordhamUniversity,TeamExclusive,Team,20261002-FordhamUniversity-Private-1,5c946240-be9c-11f1-b1e5-4dbf427540c3,87.99203,,,7.15188,,,,,,,cb3f4724-d3a1-45f5-a9d9-4aecfea1f935,2026-10-02,20:04:09.23,2026-10-02T16:04:09.2346880-04:00,2026-10-02T20:04:09.2346880Z,,v3,471298,471298,,,,Undefined,FOR_RAM,86c33de0-3449-45b1-9f15-1b25e302a165,54.51413,-129.39504,12.71906,5.80496,-6.73025,-9.81436,-1.67004,9.91655,-6.94298,,,,,,,,,,,,,,,,,,,,,,,,,,,,,,,,,,,,,,,,,,,,,,,,,,,High,High,High,,,,,
84,2026-10-02,16:04:29.05,3,2,"Wallace, Danny",10306264,Right,FOR_RAM,"Chavez, Carson",1000156814,Right,FOR_RAM,Undefined,3,Bottom,1,1,0,Curveball,Curveball,BallCalled,Undefined,Undefined,Undefined,0,0,,75.23164,-1.337657,-1.20854,2607.132475,77.155232,8:30,6.12268,1.65719,4.95432,-52.54271,-1.29728,-12.74465,0.47974,-0.54691,69.59862,-10.758684,-3.463295,0.515227,,,,,,,,,,,,6.02949,0.13843,-1.52889,50,5.94938,2.79391,-109.14117,-4.35293,7.24965,19.77748,-32.0076,FOR_RAM,FOR_RAM,FordhamUniversity,TeamExclusive,Team,20261002-FordhamUniversity-Private-1,687b6950-be9c-11f1-b1e5-4dbf427540c3,73.1569,,,5.63302,,,,,,,cb3f4724-d3a1-45f5-a9d9-4aecfea1f935,2026-10-02,20:04:29.05,2026-10-02T16:04:29.0596352-04:00,2026-10-02T20:04:29.0596352Z,,v3,471298,471298,,,,Undefined,FOR_RAM,0d71c11e-68b1-46aa-825e-25461f624045,55.54663,-110.14169,9.88874,6.12864,-2.7337,-16.0038,-1.66096,2.42716,3.62483,,,,,,,,,,,,,,,,,,,,,,,,,,,,,,,,,,,,,,,,,,,,,,,,,,,High,High,High,,,,,
85,2026-10-02,16:04:46.86,3,3,"Wallace, Danny",10306264,Right,FOR_RAM,"Chavez, Carson",1000156814,Right,FOR_RAM,Undefined,3,Bottom,1,2,0,Sinker,Changeup,StrikeCalled,Undefined,Undefined,Undefined,0,0,,87.34224,-1.9326,-4.537554,1985.598405,238.63407,2:00,5.78415,1.81121,5.86059,-25.04253,11.73697,17.33611,1.89552,-0.96844,80.0484,-6.59504,-1.438418,0.43649,,,,,,,,,,,,-10.0991,6.88055,-1.45272,50,5.61229,9.32297,-126.50086,-5.0947,-16.40562,25.20158,-20.99683,FOR_RAM,FOR_RAM,FordhamUniversity,TeamExclusive,Team,20261002-FordhamUniversity-Private-1,72fdb040-be9c-11f1-b1e5-4dbf427540c3,86.35352,,,7.29385,,,,,,,cb3f4724-d3a1-45f5-a9d9-4aecfea1f935,2026-10-02,20:04:46.86,2026-10-02T16:04:46.8620288-04:00,2026-10-02T20:04:46.8620288Z,,v3,471298,471298,,,,Undefined,FOR_RAM,3ef8cbfc-9ebb-4bf1-84b1-8ee7825d43c7,54.63879,-127.42165,12.60079,5.78442,-4.32753,-10.49842,-1.8043,9.92238,-8.20281,,,,,,,,,,,,,,,,,,,,,,,,,,,,,,,,,,,,,,,,,,,,,,,,,,,High,High,High,,,,,
86,2026-10-02,16:05:06.36,3,4,"Wallace, Danny",10306264,Right,FOR_RAM,"Chavez, Carson",1000156814,Right,FOR_RAM,Undefined,3,Bottom,1,2,1,Sinker,Sinker,InPlay,Undefined,GroundBall,Error,0,0,,87.74245,-0.850071,-4.11992,1973.023784,229.284333,1:45,5.81618,1.81818,5.87164,-23.366,13.01686,13.79032,3.07734,-0.86594,80.26478,-5.222967,-1.653964,0.43413,67.83663,-33.387849,5.390502,,,,,4.95324,4.90282,15.460451,0.052141,-8.20796,7.2389,-1.49253,50,5.73368,8.59472,-127.19508,-2.63852,-13.46976,25.66977,-20.29454,FOR_RAM,FOR_RAM,FordhamUniversity,TeamExclusive,Team,20261002-FordhamUniversity-Private-1,7ea34180-be9c-11f1-b1e5-4dbf427540c3,86.82297,2.86752,,7.47767,,,,0.44242,2.86752,0.91167,cb3f4724-d3a1-45f5-a9d9-4aecfea1f935,2026-10-02,20:05:06.36,2026-10-02T16:05:06.3668224-04:00,2026-10-02T20:05:06.3668224Z,GroundBall,v3,471298,471298,,,,Undefined,FOR_RAM,4c7e0ccb-5ac8-4606-a881-00a2f7913c94,54.62762,-128.1256,12.83489,5.816,-1.90285,-10.14727,-1.81294,9.083,-6.73488,180,0.43933,83.07431,,,,,,,,2.86956,-54.99536,,,,,,,,0.91138,7.83894,,,,,,,,,,,,,,,,,,,,,,,,,,,,,,High,High,High,Medium,High,,,
87,2026-10-02,16:05:46.88,4,1,"Wallace, Danny",10306264,Right,FOR_RAM,"Grabau, Anthony",1000407420,Left,FOR_RAM,Undefined,3,Bottom,1,0,0,ChangeUp,Changeup,StrikeCalled,Undefined,Undefined,Undefined,0,0,,80.9859,-0.865081,-2.417908,1902.816803,209.241289,1:00,5.33461,2.4217,5.8663,-28.10714,15.00733,7.55363,2.18798,0.80379,73.41279,-6.143575,-1.06385,0.472588,,,,,,,,,,,,-4.59044,8.38461,-2.2301,50,5.24835,4.66065,-117.39958,-2.60022,-6.33847,24.43218,-20.59661,FOR_RAM,FOR_RAM,FordhamUniversity,TeamExclusive,Team,20261002-FordhamUniversity-Private-1,96ced8f0-be9c-11f1-b1e5-4dbf427540c3,79.75743,,,7.5731,,,,,,,cb3f4724-d3a1-45f5-a9d9-4aecfea1f935,2026-10-02,20:05:46.88,2026-10-02T16:05:46.8856320-04:00,2026-10-02T20:05:46.8856320Z,,v3,471298,471298,,,,Undefined,FOR_RAM,e5f16573-4e99-4b46-a277-3adc2350a980,54.62893,-118.35899,12.21609,5.33458,-1.79142,-10.2983,-2.418,4.90955,-3.16924,,,,,,,,,,,,,,,,,,,,,,,,,,,,,,,,,,,,,,,,,,,,,,,,,,,High,High,High,,,,,
88,2026-10-02,16:06:02.19,4,2,"Wallace, Danny",10306264,Right,FOR_RAM,"Grabau, Anthony",1000407420,Left,FOR_RAM,Undefined,3,Bottom,1,0,1,Sinker,Sinker,InPlay,Undefined,GroundBall,Out,1,0,,87.76748,-1.24946,-3.516921,2007.228263,233.720951,1:45,5.75476,1.75541,5.90316,-23.8921,12.21087,15.15891,2.60154,-0.25013,80.74737,-5.70495,-0.800516,0.432457,47.34801,-20.094084,7.120909,,,,,9.2357,4.15987,10.119872,0.117484,-8.72087,6.91441,-1.48142,50,5.64042,7.21362,-127.38232,-3.55347,-14.42416,24.53999,-20.7377,FOR_RAM,FOR_RAM,FordhamUniversity,TeamExclusive,Team,20261002-FordhamUniversity-Private-1,9fe6ba70-be9c-11f1-b1e5-4dbf427540c3,87.15884,2.82798,,7.02011,,,,1.42135,2.82798,0.66451,cb3f4724-d3a1-45f5-a9d9-4aecfea1f935,2026-10-02,20:06:02.19,2026-10-02T16:06:02.1980672-04:00,2026-10-02T20:06:02.1980672Z,GroundBall,v3,471298,471298,,,,Undefined,FOR_RAM,8cb12d30-2159-445e-9561-fa98a23f7190,54.59708,-128.26488,12.27,5.75481,-2.80766,-10.36885,-1.75018,7.73237,-7.21208,180,1.41043,65.29118,,,,,,,,2.832,-24.0712,,,,,,,,0.66315,8.15664,,,,,,,,,,,,,,,,,,,,,,,,,,,,,,High,High,High,Low,Low,,,
89,2026-10-02,16:06:40.00,5,1,"Wallace, Danny",10306264,Right,FOR_RAM,"Rubin, Jack",10076675,Right,FOR_RAM,Undefined,3,Bottom,2,0,0,Sinker,Sinker,StrikeCalled,Undefined,Undefined,Undefined,0,0,,89.07264,-0.321723,-3.590737,2060.637988,233.510054,1:45,5.73963,1.76699,5.87351,-24.78241,10.27662,12.49379,3.37502,-0.5313,81.93002,-4.932696,-1.354526,0.426159,,,,,,,,,,,,-7.28851,5.66437,-1.48343,50,5.69915,7.58263,-129.27367,-1.5568,-12.43268,24.92679,-22.51178,FOR_RAM,FOR_RAM,FordhamUniversity,TeamExclusive,Team,20261002-FordhamUniversity-Private-1,b670fdf0-be9c-11f1-b1e5-4dbf427540c3,88.44696,,,7.14261,,,,,,,cb3f4724-d3a1-45f5-a9d9-4aecfea1f935,2026-10-02,20:06:40.00,2026-10-02T16:06:40.0028160-04:00,2026-10-02T20:06:40.0028160Z,,v3,471298,471298,,,,Undefined,FOR_RAM,55f9b732-4acc-43ec-b6ac-31ff5c942d6b,54.62536,-130.16248,12.4634,5.74035,-0.75409,-11.25589,-1.76171,8.02594,-6.21634,,,,,,,,,,,,,,,,,,,,,,,,,,,,,,,,,,,,,,,,,,,,,,,,,,,High,High,High,,,,,
90,2026-10-02,16:06:55.29,5,2,"Wallace, Danny",10306264,Right,FOR_RAM,"Rubin, Jack",10076675,Right,FOR_RAM,Undefined,3,Bottom,2,0,1,Curveball,Curveball,FoulBallNotFieldable,Undefined,Undefined,Undefined,0,0,,74.69377,1.461039,-0.757206,2602.881011,72.638348,8:30,5.87572,1.86441,5.80061,-52.53408,-2.3465,-12.39154,2.85716,0.12749,68.79781,-8.172178,-2.979267,0.509882,59.12536,74.402489,129.480431,4967.964033,,,,,6.25751,,,6.1626,-1.21736,-1.79452,50,5.96396,1.86754,-108.54662,1.17346,7.34629,19.1497,-33.62524,FOR_RAM,FOR_RAM,FordhamUniversity,TeamExclusive,Team,20261002-FordhamUniversity-Private-1,bf945120-be9c-11f1-b1e5-4dbf427540c3,73.92387,27.8492,,5.89596,,,,2.29317,2.93823,-0.15749,cb3f4724-d3a1-45f5-a9d9-4aecfea1f935,2026-10-02,20:06:55.29,2026-10-02T16:06:55.2931328-04:00,2026-10-02T20:06:55.2931328Z,,v3,471298,471298,,,,Undefined,FOR_RAM,72adaa1c-e08c-4f74-9589-5aae0fbae4da,54.70076,-109.37278,9.57485,5.88204,2.62413,-16.81262,-1.86825,1.5506,3.67314,346.210545,2.29603,-14.94221,-4.78048,,,,,,,2.93985,83.4577,-20.41777,,,,,,,-0.15678,17.96738,-1.92843,,,,,,,,,,,,,,,,,,,,,,,,,,,,,High,High,High,High,Undefined,,,
91,2026-10-02,16:07:39.88,5,3,"Wallace, Danny",10306264,Right,FOR_RAM,"Rubin, Jack",10076675,Right,FOR_RAM,Undefined,3,Bottom,2,0,2,Curveball,Curveball,BallCalled,Undefined,Undefined,Undefined,0,0,,76.59738,-1.712644,-4.225938,2695.027384,61.405823,8:00,6.07053,1.57201,5.7547,-53.14042,-3.95988,-10.57666,0.0431,-3.25032,69.73964,-11.372272,-6.115886,0.50474,,,,,,,,,,,,3.92418,-0.9076,-1.21441,50,5.89608,8.57069,-110.73028,-4.99507,4.75277,24.28847,-33.27327,FOR_RAM,FOR_RAM,FordhamUniversity,TeamExclusive,Team,20261002-FordhamUniversity-Private-1,da30e890-be9c-11f1-b1e5-4dbf427540c3,74.67689,,,6.85774,,,,,,,cb3f4724-d3a1-45f5-a9d9-4aecfea1f935,2026-10-02,20:07:39.88,2026-10-02T16:07:39.8836736-04:00,2026-10-02T20:07:39.8836736Z,,v3,471298,471298,,,,Undefined,FOR_RAM,b2c40a9b-ffef-4e6a-bd72-b045ac116e0e,54.74329,-111.76587,12.14423,6.07882,-3.5764,-16.63663,-1.57552,8.36804,2.37638,,,,,,,,,,,,,,,,,,,,,,,,,,,,,,,,,,,,,,,,,,,,,,,,,,,High,High,High,,,,,
92,2026-10-02,16:08:24.41,5,4,"Wallace, Danny",10306264,Right,FOR_RAM,"Rubin, Jack",10076675,Right,FOR_RAM,Undefined,3,Bottom,2,2,2,Fastball,Four-Seam,BallCalled,Undefined,Undefined,Undefined,0,0,,89.45427,-3.714311,-4.533745,2184.588436,207.412136,1:00,5.90245,1.24956,6.00946,-17.42588,17.93918,8.65174,0.99362,-2.23842,81.15848,-7.028371,-2.984714,0.428015,,,,,,,,,,,,-5.72878,10.6602,-0.89718,50,5.59986,9.86033,-129.16068,-8.89473,-9.60317,28.83089,-14.30433,FOR_RAM,FOR_RAM,FordhamUniversity,TeamExclusive,Team,20261002-FordhamUniversity-Private-1,f4ae1120-be9c-11f1-b1e5-4dbf427540c3,88.06342,,,8.2958,,,,,,,cb3f4724-d3a1-45f5-a9d9-4aecfea1f935,2026-10-02,20:08:24.41,2026-10-02T16:08:24.4151808-04:00,2026-10-02T20:08:24.4151808Z,,v3,471298,471298,,,,Undefined,FOR_RAM,fd622eb5-46b3-4f4b-b055-7356c1fd0d4c,54.48393,-130.15772,14.41545,5.8989,-8.40006,-7.15217,-1.24391,10.19243,-4.80158,,,,,,,,,,,,,,,,,,,,,,,,,,,,,,,,,,,,,,,,,,,,,,,,,,,High,High,High,,,,,
93,2026-10-02,16:09:00.77,5,5,"Wallace, Danny",10306264,Right,FOR_RAM,"Rubin, Jack",10076675,Right,FOR_RAM,Undefined,3,Bottom,2,3,2,Fastball,Four-Seam,InPlay,Undefined,GroundBall,Out,1,1,,88.81207,-1.313637,-1.43273,2162.729909,198.855957,12:45,5.99964,1.53372,5.74166,-16.82997,19.08694,6.09567,3.37342,0.7074,80.46867,-4.530129,-0.34209,0.431341,73.44363,-12.327533,29.811361,,,,,15.57859,15.06406,25.574233,0.150511,-3.53949,10.47906,-1.41836,50,5.8803,2.95941,-128.82154,-3.44348,-5.8952,28.97482,-14.72066,FOR_RAM,FOR_RAM,FordhamUniversity,TeamExclusive,Team,20261002-FordhamUniversity-Private-1,0a59b470-be9d-11f1-b1e5-4dbf427540c3,87.3843,3.37028,,8.3434,,,,0.55404,3.37028,-0.76779,cb3f4724-d3a1-45f5-a9d9-4aecfea1f935,2026-10-02,20:09:00.77,2026-10-02T16:09:00.7723008-04:00,2026-10-02T20:09:00.7723008Z,GroundBall,v3,471298,471298,,,,Undefined,FOR_RAM,b3037ba5-f6d5-4f2f-98fa-dc0497cfe9c1,54.75499,-129.88664,14.48741,5.99694,-2.90236,-7.36033,-1.53113,3.17612,-2.9476,148.017704,0.55425,91.28965,-10.69304,,,,,,,3.36961,-22.93825,3.68805,,,,,,,-0.76708,52.25451,-16.48778,,,,,,,,,,,,,,,,,,,,,,,,,,,,,High,High,High,High,High,,,
94,2026-10-02,16:11:59.85,1,1,"Crang, Mason",10913432,Right,FOR_RAM,"Beaudreau, Bradley",1000297368,Left,FOR_RAM,Undefined,4,Top,0,0,0,Fastball,Four-Seam,BallCalled,Undefined,Undefined,Undefined,0,0,Velit challenge no good,83.95617,-0.697423,-0.644689,2176.514775,203.762369,12:45,6.36576,0.55581,5.55078,-23.74576,16.97036,6.82036,3.73519,0.52174,75.68344,-5.174108,0.571895,0.459256,,,,,,,,,,,,-3.60866,9.20426,-0.50448,50,6.29014,1.07379,-121.66158,-2.20988,-5.33135,27.05494,-18.57594,FOR_RAM,FOR_RAM,FordhamUniversity,TeamExclusive,Team,20261002-FordhamUniversity-Private-1,751947d0-be9d-11f1-b1e5-4dbf427540c3,82.07288,,,8.27273,,,,,,,cb3f4724-d3a1-45f5-a9d9-4aecfea1f935,2026-10-02,20:11:59.85,2026-10-02T16:11:59.8556672-04:00,2026-10-02T20:11:59.8556672Z,,v3,471298,471298,,,,Undefined,FOR_RAM,1f638c28-1a33-4b44-af77-868b6a296566,54.94203,-122.75566,13.52747,6.36432,-1.45868,-9.28797,-0.55226,1.28938,-2.66568,,,,,,,,,,,,,,,,,,,,,,,,,,,,,,,,,,,,,,,,,,,,,,,,,,,High,High,High,,,,,
95,2026-10-02,16:12:23.08,1,2,"Crang, Mason",10913432,Right,FOR_RAM,"Beaudreau, Bradley",1000297368,Left,FOR_RAM,Undefined,4,Top,0,1,0,Fastball,Four-Seam,BallCalled,Undefined,Undefined,Undefined,0,0,,83.87017,-0.752794,-0.681332,2211.593177,200.664828,12:45,6.50546,0.31115,5.64442,-19.79044,20.89415,7.31926,4.15396,0.28551,75.48964,-4.536785,0.62624,0.459078,,,,,,,,,,,,-3.88177,11.21701,-0.25785,50,6.42923,1.13164,-121.54217,-2.14297,-5.71902,27.1751,-15.64802,FOR_RAM,FOR_RAM,FordhamUniversity,TeamExclusive,Team,20261002-FordhamUniversity-Private-1,82f3e180-be9d-11f1-b1e5-4dbf427540c3,82.10467,,,8.38053,,,,,,,cb3f4724-d3a1-45f5-a9d9-4aecfea1f935,2026-10-02,20:12:23.08,2026-10-02T16:12:23.0874112-04:00,2026-10-02T20:12:23.0874112Z,,v3,471298,471298,,,,Undefined,FOR_RAM,60920d2a-3f6c-48da-9c3a-320bdb399442,54.84817,-122.62136,13.58755,6.502,-1.52155,-7.82401,-0.3073,1.35876,-2.85951,,,,,,,,,,,,,,,,,,,,,,,,,,,,,,,,,,,,,,,,,,,,,,,,,,,High,High,High,,,,,
96,2026-10-02,16:12:39.60,1,3,"Crang, Mason",10913432,Right,FOR_RAM,"Beaudreau, Bradley",1000297368,Left,FOR_RAM,Undefined,4,Top,0,2,0,Fastball,Changeup,StrikeCalled,Undefined,Undefined,Undefined,0,0,,83.67255,-1.061748,-0.834131,2180.409152,216.867506,1:15,6.38533,0.67955,5.77921,-26.05612,14.16639,9.62709,3.22588,0.70564,76.30732,-5.935689,0.891031,0.456463,,,,,,,,,,,,-5.10957,7.92811,-0.61637,50,6.28216,1.37167,-121.4413,-3.05782,-7.59952,24.68597,-20.38248,FOR_RAM,FOR_RAM,FordhamUniversity,TeamExclusive,Team,20261002-FordhamUniversity-Private-1,8cc527f0-be9d-11f1-b1e5-4dbf427540c3,82.57496,,,7.36523,,,,,,,cb3f4724-d3a1-45f5-a9d9-4aecfea1f935,2026-10-02,20:12:39.60,2026-10-02T16:12:39.6017152-04:00,2026-10-02T20:12:39.6017152Z,,v3,471298,471298,,,,Undefined,FOR_RAM,29159041-0061-4e54-8d32-27d5503b26f1,54.71643,-122.39628,12.34299,6.3852,-2.26932,-10.19124,-0.67512,1.66566,-3.79976,,,,,,,,,,,,,,,,,,,,,,,,,,,,,,,,,,,,,,,,,,,,,,,,,,,High,High,High,,,,,
97,2026-10-02,16:12:55.57,1,4,"Crang, Mason",10913432,Right,FOR_RAM,"Beaudreau, Bradley",1000297368,Left,FOR_RAM,Undefined,4,Top,0,2,1,Curveball,Curveball,BallCalled,Undefined,Undefined,Undefined,0,0,Brad good challenge,74.42607,1.385994,0.937688,2292.68941,65.054648,8:15,6.15261,0.66302,5.63217,-51.34995,0.21224,-3.42965,3.16702,1.25217,67.56619,-8.059894,0.324511,0.516817,,,,,,,,,,,,2.01473,0.29598,-0.74065,50,6.23841,-1.63639,-107.91084,0.99949,2.34461,21.07022,-31.82962,FOR_RAM,FOR_RAM,FordhamUniversity,TeamExclusive,Team,20261002-FordhamUniversity-Private-1,965d0ee0-be9d-11f1-b1e5-4dbf427540c3,72.93183,,,6.85988,,,,,,,cb3f4724-d3a1-45f5-a9d9-4aecfea1f935,2026-10-02,20:12:55.57,2026-10-02T16:12:55.5701248-04:00,2026-10-02T20:12:55.5701248Z,,v3,471298,471298,,,,Undefined,FOR_RAM,a8021b72-437a-43c6-aec6-b1b3db1d870f,54.86353,-108.85633,10.53511,6.16151,2.4278,-15.91481,-0.66486,-1.74161,1.17231,,,,,,,,,,,,,,,,,,,,,,,,,,,,,,,,,,,,,,,,,,,,,,,,,,,High,High,High,,,,,
98,2026-10-02,16:13:20.86,1,5,"Crang, Mason",10913432,Right,FOR_RAM,"Beaudreau, Bradley",1000297368,Left,FOR_RAM,Undefined,4,Top,0,3,1,Fastball,Four-Seam,FoulBallNotFieldable,Undefined,Undefined,Undefined,0,0,,84.4367,-2.001275,-1.211339,2177.194226,212.455483,1:00,6.28538,0.44514,5.7367,-23.01867,16.58135,9.70497,2.50242,0.12574,77.0218,-6.319281,0.526248,0.452917,90.44959,8.552767,45.809179,4850.628511,,,,120.37223,116.58372,51.040309,1.006607,-5.34244,9.4363,-0.35053,50,6.10477,2.20389,-122.52032,-4.98529,-8.07862,25.3789,-17.90486,FOR_RAM,FOR_RAM,FordhamUniversity,TeamExclusive,Team,20261002-FordhamUniversity-Private-1,a5607120-be9d-11f1-b1e5-4dbf427540c3,83.22142,6.53979,,7.4149,,,,2.69292,2.39084,0.50495,cb3f4724-d3a1-45f5-a9d9-4aecfea1f935,2026-10-02,20:13:20.86,2026-10-02T16:13:20.8644608-04:00,2026-10-02T20:13:20.8644608Z,LineDrive,v3,471298,471298,,,,Undefined,FOR_RAM,2825efef-68ec-453a-8c8d-da6056598dd8,54.76197,-123.50278,12.68945,6.28434,-4.29217,-8.95243,-0.44191,2.51662,-4.03931,,2.69291,91.44215,-21.06553,2.76582,-0.66156,0.06027,0.29972,-0.31437,0.10036,2.39084,19.72968,-24.7032,3.29526,-0.83259,0.26181,0.21386,-0.32502,0.11469,0.50495,94.06128,-0.21214,-1.68648,0.59569,-0.36957,0.04087,0.13501,-0.06267,,,,,,,,,,,,,,,,,,,,,,,High,High,High,High,High,,,
99,2026-10-02,16:13:44.39,1,6,"Crang, Mason",10913432,Right,FOR_RAM,"Beaudreau, Bradley",1000297368,Left,FOR_RAM,Undefined,4,Top,0,3,2,Curveball,Curveball,BallCalled,Walk,Undefined,Undefined,0,0,,72.56812,3.379817,2.477456,2187.408984,49.067745,7:45,6.29472,0.63749,5.52903,-62.37976,-7.233,-10.75154,4.26253,2.05892,65.13896,-8.063754,0.56281,0.53448,,,,,,,,,,,,6.18426,-4.01713,-0.84582,50,6.54848,-4.12885,-104.91075,4.2109,6.73815,21.44999,-36.55096,FOR_RAM,FOR_RAM,FordhamUniversity,TeamExclusive,Team,20261002-FordhamUniversity-Private-1,b380ed70-be9d-11f1-b1e5-4dbf427540c3,70.52169,,,7.42916,,,,,,,cb3f4724-d3a1-45f5-a9d9-4aecfea1f935,2026-10-02,20:13:44.39,2026-10-02T16:13:44.3986432-04:00,2026-10-02T20:13:44.3986432Z,,v3,471298,471298,,,,Undefined,FOR_RAM,d05af4a2-066a-4094-8e19-1ec4a2dc8790,54.96753,-105.92154,10.72499,6.30947,5.93329,-18.27548,-0.64377,-4.44637,3.36907,,,,,,,,,,,,,,,,,,,,,,,,,,,,,,,,,,,,,,,,,,,,,,,,,,,High,High,High,,,,,
100,2026-10-02,16:14:10.74,2,1,"Crang, Mason",10913432,Right,FOR_RAM,"Ford, Tim",1000142266,Right,FOR_RAM,Undefined,4,Top,0,0,0,Fastball,Four-Seam,BallCalled,Undefined,Undefined,Undefined,0,0,Tim good challenge,82.46894,-3.256503,-1.122402,2164.981978,199.166743,12:45,6.30943,0.63876,5.76132,-21.523,20.11706,6.49189,1.48099,0.13493,75.16542,-7.310513,0.04043,0.464437,,,,,,,,,,,,-3.64662,11.65178,-0.54981,50,6.02656,2.08415,-119.499,-7.41157,-5.23806,24.45562,-15.43723,FOR_RAM,FOR_RAM,FordhamUniversity,TeamExclusive,Team,20261002-FordhamUniversity-Private-1,c3296950-be9d-11f1-b1e5-4dbf427540c3,81.1572,,,7.30352,,,,,,,cb3f4724-d3a1-45f5-a9d9-4aecfea1f935,2026-10-02,20:14:10.74,2026-10-02T16:14:10.7407872-04:00,2026-10-02T20:14:10.7407872Z,,v3,471298,471298,,,,Undefined,FOR_RAM,4eeec546-a340-4fb0-9599-4ff0cfbc148f,54.73545,-120.46422,12.22781,6.30706,-6.80229,-7.71862,-0.63615,2.29089,-2.61903,,,,,,,,,,,,,,,,,,,,,,,,,,,,,,,,,,,,,,,,,,,,,,,,,,,High,High,High,,,,,
101,2026-10-02,16:14:41.22,2,2,"Crang, Mason",10913432,Right,FOR_RAM,"Ford, Tim",1000142266,Right,FOR_RAM,Undefined,4,Top,0,1,0,Fastball,Four-Seam,FoulBallNotFieldable,Undefined,Undefined,Undefined,0,0,,83.32741,-1.417374,-1.243891,2221.765921,191.870762,12:30,6.38915,0.57185,5.7216,-20.71836,20.29489,3.95575,3.34183,-0.25731,75.27684,-5.36076,-0.536283,0.460928,72.03655,62.791815,160.810119,3856.508585,,,,,24.97333,,,-2.42709,11.22973,-0.47052,50,6.25841,2.46602,-120.82097,-3.57794,-3.53712,26.6342,-15.80844,FOR_RAM,FOR_RAM,FordhamUniversity,TeamExclusive,Team,20261002-FordhamUniversity-Private-1,d54a1120-be9d-11f1-b1e5-4dbf427540c3,81.77505,45.77578,,8.05057,,,,1.56952,3.25348,0.2419,cb3f4724-d3a1-45f5-a9d9-4aecfea1f935,2026-10-02,20:14:41.22,2026-10-02T16:14:41.2262400-04:00,2026-10-02T20:14:41.2262400Z,,v3,471298,471298,,,,Undefined,FOR_RAM,d0b6d01c-416a-4f3e-8675-7b974ae6ea38,54.77557,-121.86917,13.3171,6.38698,-2.95579,-7.90422,-0.57031,2.60522,-1.76856,359.896086,1.56952,-45.62316,-0.55556,1.75932,-0.62167,0.18359,-0.05133,0.01682,-0.00427,3.25348,93.963,-32.14843,4.63417,-0.9438,0.16476,-0.01896,-0.00764,0.00531,0.2419,15.87863,0.23219,-1.27171,0.43431,-0.12275,0.0309,-0.0082,0.00156,,,,,,,,,,,,,,,,,,,,,,,High,High,High,High,Undefined,,,
102,2026-10-02,16:15:09.66,2,3,"Crang, Mason",10913432,Right,FOR_RAM,"Ford, Tim",1000142266,Right,FOR_RAM,Undefined,4,Top,0,1,1,Fastball,Four-Seam,BallCalled,Undefined,Undefined,Undefined,0,0,,83.55406,-1.725712,-2.822812,2171.211402,203.919707,12:45,6.38833,0.60583,5.60145,-21.8817,18.74131,7.71973,2.95138,-1.38821,76.28379,-5.835514,-1.446869,0.45873,,,,,,,,,,,,-4.67366,10.35973,-0.36895,50,6.22638,5.64746,-121.0915,-4.30788,-6.93154,23.89612,-16.80944,FOR_RAM,FOR_RAM,FordhamUniversity,TeamExclusive,Team,20261002-FordhamUniversity-Private-1,e641c950-be9d-11f1-b1e5-4dbf427540c3,82.16689,,,7.27027,,,,,,,cb3f4724-d3a1-45f5-a9d9-4aecfea1f935,2026-10-02,20:15:09.66,2026-10-02T16:15:09.6680448-04:00,2026-10-02T20:15:09.6680448Z,,v3,471298,471298,,,,Undefined,FOR_RAM,d15bf280-595a-4bf8-bba2-068f0f691496,54.89417,-122.05349,11.94806,6.38618,-3.63118,-8.40472,-0.60192,5.9265,-3.46577,,,,,,,,,,,,,,,,,,,,,,,,,,,,,,,,,,,,,,,,,,,,,,,,,,,High,High,High,,,,,
103,2026-10-02,16:15:30.15,2,4,"Crang, Mason",10913432,Right,FOR_RAM,"Ford, Tim",1000142266,Right,FOR_RAM,Undefined,4,Top,0,2,1,Curveball,Curveball,InPlay,Undefined,FlyBall,Out,1,0,,73.84933,0.47277,-0.222102,2222.415513,46.82801,7:30,6.23467,0.57663,5.51537,-53.84534,-1.61236,-3.55421,2.18963,0.07277,67.70618,-9.355163,-0.857042,0.520168,72.54598,36.505462,-7.759347,3276.859578,109.49172,62.98579,-10.5581,258.71777,252.49158,-2.841674,4.435447,1.73465,-0.47539,-0.55481,50,6.23964,0.54488,-107.20901,-0.80747,2.00373,19.83552,-32.72317,FOR_RAM,FOR_RAM,FordhamUniversity,TeamExclusive,Team,20261002-FordhamUniversity-Private-1,f277b3b0-be9d-11f1-b1e5-4dbf427540c3,72.46202,67.44055,,6.14315,,,,1.22596,2.21035,-0.05808,cb3f4724-d3a1-45f5-a9d9-4aecfea1f935,2026-10-02,20:15:30.15,2026-10-02T16:15:30.1569024-04:00,2026-10-02T20:15:30.1569024Z,FlyBall,v3,471298,471298,,,,Undefined,FOR_RAM,cb397862-8863-4877-892b-19e7b3cf90b7,54.98393,-108.12719,9.91776,6.24196,0.70728,-16.36158,-0.57789,0.45213,1.00187,193.787769,1.22728,84.71316,-13.73332,3.14914,-0.38996,-0.02659,0.01845,-0.00245,0.0001,2.20997,63.29796,-16.34745,0.47287,0.07455,-0.0802,0.03134,-0.00548,0.00035,-0.05851,-11.53794,4.30833,-0.99602,0.13968,0.00093,-0.00378,0.00047,-2E-05,,,,,,,,,,,,,,,,,,,,,,,High,High,High,High,High,,,
104,2026-10-02,16:16:10.70,3,1,"Crang, Mason",10913432,Right,FOR_RAM,"Palmer, Owen",10100501,Left,FOR_RAM,Undefined,4,Top,1,0,0,Fastball,Four-Seam,InPlay,Undefined,GroundBall,Out,1,0,,83.72203,-3.188642,-0.99786,2217.140067,193.549749,12:30,6.26841,0.68226,5.62769,-19.43781,20.81481,4.70701,1.66978,0.14333,76.88168,-6.839507,-0.15698,0.456634,99.56362,-10.67527,5.283857,,,,,8.00554,8.00554,3.102837,0.052945,-2.6687,11.82914,-0.60042,50,5.98437,1.92523,-121.42006,-7.33442,-3.99372,23.23238,-14.47177,FOR_RAM,FOR_RAM,FordhamUniversity,TeamExclusive,Team,20261002-FordhamUniversity-Private-1,0a9b5be0-be9e-11f1-b1e5-4dbf427540c3,82.54404,1.43345,,6.84035,,,,0.42179,1.43345,-0.26696,cb3f4724-d3a1-45f5-a9d9-4aecfea1f935,2026-10-02,20:16:10.70,2026-10-02T16:16:10.7044352-04:00,2026-10-02T20:16:10.7044352Z,GroundBall,v3,471298,471298,,,,Undefined,FOR_RAM,09532f6c-5178-45e9-8a4f-e2cdd773168f,54.87055,-122.34843,11.61619,6.2659,-6.75612,-7.23588,-0.68054,2.08482,-1.99686,180,0.42071,143.01644,,,,,,,,1.43366,-27.07436,,,,,,,,-0.26706,13.22659,,,,,,,,,,,,,,,,,,,,,,,,,,,,,,High,High,High,Medium,High,,,
105,2026-10-02,16:16:49.11,4,1,"Crang, Mason",10913432,Right,FOR_RAM,"Kaufman, Taylor",10314665,Right,FOR_RAM,Undefined,4,Top,2,0,0,Curveball,Curveball,StrikeCalled,Undefined,Undefined,Undefined,0,0,,72.95895,0.622816,-0.783232,2175.45019,106.316326,9:30,6.24049,0.43573,5.76084,-48.70959,3.83595,-7.69552,2.76113,-0.93461,67.38107,-8.317783,-2.16264,0.521722,,,,,,,,,,,,3.68717,2.32854,-0.36629,50,6.26277,1.72281,-106.0086,-0.29698,4.20844,17.61078,-29.5163,FOR_RAM,FOR_RAM,FordhamUniversity,TeamExclusive,Team,20261002-FordhamUniversity-Private-1,2187bc90-be9e-11f1-b1e5-4dbf427540c3,72.24616,,,5.57788,,,,,,,cb3f4724-d3a1-45f5-a9d9-4aecfea1f935,2026-10-02,20:16:49.11,2026-10-02T16:16:49.1124224-04:00,2026-10-02T20:16:49.1124224Z,,v3,471298,471298,,,,Undefined,FOR_RAM,3781aa41-823a-49a1-a470-2d602f4245cb,54.7371,-106.79265,8.80539,6.24674,1.01713,-14.75815,-0.43882,1.53544,2.10422,,,,,,,,,,,,,,,,,,,,,,,,,,,,,,,,,,,,,,,,,,,,,,,,,,,High,High,High,,,,,
106,2026-10-02,16:17:09.48,4,2,"Crang, Mason",10913432,Right,FOR_RAM,"Kaufman, Taylor",10314665,Right,FOR_RAM,Undefined,4,Top,2,0,1,Fastball,Four-Seam,BallCalled,Undefined,Undefined,Undefined,0,0,,82.99893,-1.155267,-3.906256,2186.819942,198.240701,12:30,6.35972,0.69169,5.62761,-22.80411,18.24288,5.58485,3.37875,-2.49344,76.01274,-5.424961,-2.912622,0.461118,,,,,,,,,,,,-3.86512,9.9391,-0.36211,50,6.24659,7.97893,-120.23172,-3.1153,-5.67363,22.69698,-17.58443,FOR_RAM,FOR_RAM,FordhamUniversity,TeamExclusive,Team,20261002-FordhamUniversity-Private-1,2d9e1100-be9e-11f1-b1e5-4dbf427540c3,81.74142,,,6.9862,,,,,,,cb3f4724-d3a1-45f5-a9d9-4aecfea1f935,2026-10-02,20:17:09.48,2026-10-02T16:17:09.4838784-04:00,2026-10-02T20:17:09.4838784Z,,v3,471298,471298,,,,Undefined,FOR_RAM,4c7a29d5-cdea-4c66-a451-852b0345f6db,54.8683,-121.14725,11.34849,6.35795,-2.40599,-8.79221,-0.68857,8.20779,-2.83681,,,,,,,,,,,,,,,,,,,,,,,,,,,,,,,,,,,,,,,,,,,,,,,,,,,High,High,High,,,,,
107,2026-10-02,16:17:31.01,4,3,"Crang, Mason",10913432,Right,FOR_RAM,"Kaufman, Taylor",10314665,Right,FOR_RAM,Undefined,4,Top,2,1,1,Curveball,Curveball,FoulBallNotFieldable,Undefined,Undefined,Undefined,0,0,,74.58274,0.919613,-0.854407,2383.805051,26.599027,7:00,6.25817,0.77107,5.22507,-57.6794,-6.333,-3.94496,2.31627,-0.36097,68.96097,-9.50435,-1.555336,0.515735,76.33356,45.120574,46.050262,5331.536518,65.41896,82.86435,88.43274,241.042,93.75282,59.614056,4.837265,1.7502,-3.01862,-0.6892,50,6.2992,1.7636,-108.33563,-0.18601,2.08292,18.67966,-35.76653,FOR_RAM,FOR_RAM,FordhamUniversity,TeamExclusive,Team,20261002-FordhamUniversity-Private-1,3a8bb2a0-be9e-11f1-b1e5-4dbf427540c3,73.08493,86.52256,,5.62177,,,,1.10418,2.23652,0.34488,cb3f4724-d3a1-45f5-a9d9-4aecfea1f935,2026-10-02,20:17:31.01,2026-10-02T16:17:31.0199296-04:00,2026-10-02T20:17:31.0199296Z,FlyBall,v3,471298,471298,,,,Undefined,FOR_RAM,af9a92d6-de30-49b0-8a9a-fa53c5cd82d5,55.27665,-109.24166,9.33983,6.26615,1.5488,-17.88327,-0.77229,1.66257,1.04146,213.006207,1.11315,54.63212,-15.04993,2.70815,0.51057,-0.50247,0.13777,-0.01689,0.00078,2.23622,79.31909,-21.35613,1.37799,0.1507,-0.22493,0.08237,-0.01325,0.00079,0.34723,56.81686,-4.77914,0.14501,0.41306,-0.22787,0.06104,-0.00817,0.00043,,,,,,,,,,,,,,,,,,,,,,,High,High,High,High,Low,,,
108,2026-10-02,16:18:00.67,4,4,"Crang, Mason",10913432,Right,FOR_RAM,"Kaufman, Taylor",10314665,Right,FOR_RAM,Undefined,4,Top,2,1,2,Fastball,Four-Seam,FoulBallNotFieldable,Undefined,Undefined,Undefined,0,0,,83.76294,-1.231895,-1.95459,2183.163305,196.699773,12:30,6.36431,0.65025,5.83862,-20.14092,20.27694,5.64807,3.54013,-0.69639,75.6464,-5.078951,-0.942629,0.45757,,,,,,,,,,,,-3.5061,11.16981,-0.49431,50,6.2523,3.91668,-121.42749,-3.16571,-5.16521,26.72593,-15.71863,FOR_RAM,FOR_RAM,FordhamUniversity,TeamExclusive,Team,20261002-FordhamUniversity-Private-1,4c349260-be9e-11f1-b1e5-4dbf427540c3,82.37518,,,8.11654,,,,,,,cb3f4724-d3a1-45f5-a9d9-4aecfea1f935,2026-10-02,20:18:00.67,2026-10-02T16:18:00.6775296-04:00,2026-10-02T20:18:00.6775296Z,,v3,471298,471298,,,,Undefined,FOR_RAM,0cfe86bc-9d59-4e31-b648-529137fdcbeb,54.65725,-122.44826,13.36296,6.36175,-2.56535,-7.85931,-0.64767,4.11395,-2.58261,,,,,,,,,,,,,,,,,,,,,,,,,,,,,,,,,,,,,,,,,,,,,,,,,,,High,High,High,,,,,
109,2026-10-02,16:18:30.64,4,5,"Crang, Mason",10913432,Right,FOR_RAM,"Kaufman, Taylor",10314665,Right,FOR_RAM,Undefined,4,Top,2,1,2,Curveball,Curveball,BallCalled,Undefined,Undefined,Undefined,0,0,,73.65527,-0.329218,-3.31569,2325.146307,39.51676,7:15,6.17729,0.37621,5.26021,-59.58661,-6.13717,-6.55386,0.90192,-3.28852,67.60889,-11.077077,-4.478638,0.52619,,,,,,,,,,,,2.22165,-2.35685,-0.06736,50,6.1035,6.42905,-106.6636,-2.58616,2.52793,20.45598,-34.85582,FOR_RAM,FOR_RAM,FordhamUniversity,TeamExclusive,Team,20261002-FordhamUniversity-Private-1,5e11c890-be9e-11f1-b1e5-4dbf427540c3,71.6327,,,6.04638,,,,,,,cb3f4724-d3a1-45f5-a9d9-4aecfea1f935,2026-10-02,20:18:30.64,2026-10-02T16:18:30.6424832-04:00,2026-10-02T20:18:30.6424832Z,,v3,471298,471298,,,,Undefined,FOR_RAM,99c04c70-4ba4-47cc-b22e-ccad497a0ccb,55.23854,-107.66356,10.22799,6.18828,-0.88228,-17.42791,-0.37862,6.30547,1.26396,,,,,,,,,,,,,,,,,,,,,,,,,,,,,,,,,,,,,,,,,,,,,,,,,,,High,High,High,,,,,
110,2026-10-02,16:18:58.73,4,6,"Crang, Mason",10913432,Right,FOR_RAM,"Kaufman, Taylor",10314665,Right,FOR_RAM,Undefined,4,Top,2,2,2,Fastball,Changeup,BallCalled,Undefined,Undefined,Undefined,0,0,,83.11898,0.924457,-0.842681,2156.845892,211.702123,1:00,6.41511,0.44979,5.71157,-24.97277,15.85304,8.97682,5.19546,0.41274,75.63199,-3.769822,0.762604,0.459874,,,,,,,,,,,,-4.73839,8.17465,-0.38455,50,6.47713,1.39702,-120.61726,1.18877,-6.96323,24.00326,-20.16107,FOR_RAM,FOR_RAM,FordhamUniversity,TeamExclusive,Team,20261002-FordhamUniversity-Private-1,6ecaf120-be9e-11f1-b1e5-4dbf427540c3,81.96255,,,7.48699,,,,,,,cb3f4724-d3a1-45f5-a9d9-4aecfea1f935,2026-10-02,20:18:58.73,2026-10-02T16:18:58.7335680-04:00,2026-10-02T20:18:58.7335680Z,,v3,471298,471298,,,,Undefined,FOR_RAM,1949d5e2-929f-4757-bfc0-3758df41b936,54.78267,-121.5653,12.00163,6.41446,1.98506,-10.08054,-0.44516,1.67204,-3.48162,,,,,,,,,,,,,,,,,,,,,,,,,,,,,,,,,,,,,,,,,,,,,,,,,,,High,High,High,,,,,
111,2026-10-02,16:19:18.14,4,7,"Crang, Mason",10913432,Right,FOR_RAM,"Kaufman, Taylor",10314665,Right,FOR_RAM,Undefined,4,Top,2,3,2,ChangeUp,Splitter,InPlay,Undefined,GroundBall,Error,0,1,,79.45534,-0.871559,-1.533583,985.173808,210.018808,1:00,6.18468,0.58223,5.74362,-35.43207,9.71359,4.66933,2.42018,-0.45686,71.93479,-7.455173,-0.697199,0.483592,86.57708,-12.460274,-35.574236,,,,,12.90088,9.85232,-26.924226,0.090515,-2.8789,5.69441,-0.45765,50,6.09078,2.90437,-115.19141,-2.84807,-3.80767,24.51948,-24.64253,FOR_RAM,FOR_RAM,FordhamUniversity,TeamExclusive,Team,20261002-FordhamUniversity-Private-1,7a63d830-be9e-11f1-b1e5-4dbf427540c3,77.94259,2.48521,,7.52055,,,,2.35465,2.48521,0.70133,cb3f4724-d3a1-45f5-a9d9-4aecfea1f935,2026-10-02,20:19:18.14,2026-10-02T16:19:18.1438976-04:00,2026-10-02T20:19:18.1438976Z,GroundBall,v3,471298,471298,,,,Undefined,FOR_RAM,1ac25ec1-0301-4796-9dd8-227cc525bf00,54.75262,-116.19864,12.25974,6.18699,-1.83579,-12.32127,-0.58017,3.06078,-1.90383,180,2.3515,101.06427,,,,,,,,2.48607,-27.45628,,,,,,,,0.70359,-72.28619,,,,,,,,,,,,,,,,,,,,,,,,,,,,,,High,High,High,Low,Low,,,
112,2026-10-02,16:19:57.37,5,1,"Crang, Mason",10913432,Right,FOR_RAM,"Wansaw, Michael",1000503198,Right,FOR_RAM,Undefined,4,Top,2,0,0,Fastball,Four-Seam,FoulBallNotFieldable,Undefined,Undefined,Undefined,0,0,,83.39982,-2.500793,-1.223808,2153.491799,202.245231,12:45,6.29158,0.68556,5.71377,-20.1945,20.84529,7.91095,2.27699,0.20456,75.35625,-6.341798,0.191553,0.461078,72.19714,77.72517,117.961857,4869.035756,,,,,4.79609,,,-4.42067,11.83957,-0.58821,50,6.07012,2.26003,-120.82208,-5.84249,-6.44054,26.70216,-14.92472,FOR_RAM,FOR_RAM,FordhamUniversity,TeamExclusive,Team,20261002-FordhamUniversity-Private-1,91c43060-be9e-11f1-b1e5-4dbf427540c3,81.74858,24.30208,,8.04356,,,,1.56465,2.23697,-0.17072,cb3f4724-d3a1-45f5-a9d9-4aecfea1f935,2026-10-02,20:19:57.37,2026-10-02T16:19:57.3782528-04:00,2026-10-02T20:19:57.3782528Z,,v3,471298,471298,,,,Undefined,FOR_RAM,f559bd4f-5348-499b-bcbf-8a63687cb635,54.78219,-121.87438,13.35108,6.28877,-5.25433,-7.46236,-0.68227,2.51385,-3.22027,351.03855,1.56936,-10.82677,-12.17934,,,,,,,2.24171,103.19758,-36.92528,,,,,,,-0.17172,19.94246,0.72136,,,,,,,,,,,,,,,,,,,,,,,,,,,,,High,High,High,Medium,Undefined,,,
113,2026-10-02,16:20:26.63,5,2,"Crang, Mason",10913432,Right,FOR_RAM,"Wansaw, Michael",1000503198,Right,FOR_RAM,Undefined,4,Top,2,0,1,Curveball,Curveball,BallCalled,Undefined,Undefined,Undefined,1,0,,71.50147,3.48242,1.512468,2309.149582,61.867562,8:00,6.30998,0.72882,5.46344,-61.18314,-3.35488,-10.90367,4.47593,1.23611,63.17204,-7.811529,-0.427944,0.54732,,,,,,,,,,,,5.96969,-2.17032,-0.85464,50,6.57664,-2.30497,-103.18134,4.367,6.19067,23.2483,-34.42471,FOR_RAM,FOR_RAM,FordhamUniversity,TeamExclusive,Team,20261002-FordhamUniversity-Private-1,a338e0c0-be9e-11f1-b1e5-4dbf427540c3,68.86725,,,8.32942,,,,,,,cb3f4724-d3a1-45f5-a9d9-4aecfea1f935,2026-10-02,20:20:26.63,2026-10-02T16:20:26.6310000-04:00,2026-10-02T20:20:26.6310000Z,,v3,471298,471298,,,,Undefined,FOR_RAM,74b27d78-6984-46c5-8412-9d428158262f,55.02857,-104.3082,11.62415,6.32453,6.03558,-17.21236,-0.73564,-2.60504,3.09534,,,,,,,,,,,,,,,,,,,,,,,,,,,,,77.24166,1.946631,0.623462,1.323169,-2.12122,3.96435,-1.20572,-1.873,5.87521,1.2985,127.27769,0.39653,5.80245,-1.70037,110.76815,-10.15525,5.90961,11.92623,-12.18801,1.2625,1.51497,1.47059,High,High,High,,,High,High,High
114,2026-10-02,16:23:14.97,1,1,"Rodarte, Jordan",10138918,Right,FOR_RAM,"Reina, Braedon",10305192,Left,FOR_RAM,Undefined,4,Bottom,0,0,0,Fastball,Four-Seam,BallCalled,Undefined,Undefined,Undefined,0,0,,88.16414,-0.734691,-0.301833,1972.051193,210.138568,1:00,5.98939,2.18562,5.66554,-19.08918,18.04718,9.62926,3.71353,2.70662,78.61107,-4.393876,1.419244,0.438602,,,,,,,,,,,,-4.91343,9.77894,-2.16595,50,5.91561,0.23381,-127.64642,-2.19391,-7.90453,32.3796,-16.44203,FOR_RAM,FOR_RAM,FordhamUniversity,TeamExclusive,Team,20261002-FordhamUniversity-Private-1,0780b8f0-be9f-11f1-b1e5-4dbf427540c3,85.93763,,,9.55307,,,,,,,cb3f4724-d3a1-45f5-a9d9-4aecfea1f935,2026-10-02,20:23:14.97,2026-10-02T16:23:14.9721600-04:00,2026-10-02T20:23:14.9721600Z,,v3,471298,471298,,,,Undefined,FOR_RAM,d648fa91-bb61-4f7f-9bbf-a2660ab555fd,54.82555,-128.86468,16.1898,5.98652,-1.57529,-8.22101,-2.18035,0.53122,-3.95227,,,,,,,,,,,,,,,,,,,,,,,,,,,,,,,,,,,,,,,,,,,,,,,,,,,High,High,High,,,,,
115,2026-10-02,16:23:30.11,1,2,"Rodarte, Jordan",10138918,Right,FOR_RAM,"Reina, Braedon",10305192,Left,FOR_RAM,Undefined,4,Bottom,0,1,0,Fastball,Four-Seam,BallCalled,Undefined,Undefined,Undefined,0,0,,89.21386,-1.372028,-1.274585,2056.138615,213.591931,1:00,5.97697,2.22573,5.77477,-20.61159,15.30044,9.26642,2.98208,1.81171,80.10998,-5.283668,0.385207,0.431312,,,,,,,,,,,,-5.09418,8.62067,-2.12587,50,5.85143,2.4613,-129.24884,-3.73543,-8.45517,31.66268,-17.86564,FOR_RAM,FOR_RAM,FordhamUniversity,TeamExclusive,Team,20261002-FordhamUniversity-Private-1,10897f40-be9f-11f1-b1e5-4dbf427540c3,87.39024,,,9.10388,,,,,,,cb3f4724-d3a1-45f5-a9d9-4aecfea1f935,2026-10-02,20:23:30.11,2026-10-02T16:23:30.1118976-04:00,2026-10-02T20:23:30.1118976Z,,v3,471298,471298,,,,Undefined,FOR_RAM,c062c456-63fb-4a8a-a7ef-359bd6fd7218,54.7186,-130.39966,15.83134,5.9754,-3.08609,-8.93282,-2.22092,2.76861,-4.22759,,,,,,,,,,,,,,,,,,,,,,,,,,,,,,,,,,,,,,,,,,,,,,,,,,,High,High,High,,,,,
116,2026-10-02,16:23:46.95,1,3,"Rodarte, Jordan",10138918,Right,FOR_RAM,"Reina, Braedon",10305192,Left,FOR_RAM,Undefined,4,Bottom,0,2,0,Curveball,Curveball,BallCalled,Undefined,Undefined,Undefined,0,0,,74.74846,3.195421,-0.214529,1983.474624,41.101768,7:15,5.9229,2.11618,5.19852,-54.14282,-2.43878,-3.60866,4.41969,1.61368,68.0351,-6.669823,-0.853671,0.517528,,,,,,,,,,,,1.71878,-1.56626,-2.09352,50,6.17866,0.54844,-108.28188,4.21932,2.02972,19.85376,-34.02365,FOR_RAM,FOR_RAM,FordhamUniversity,TeamExclusive,Team,20261002-FordhamUniversity-Private-1,1a9b7830-be9f-11f1-b1e5-4dbf427540c3,72.83173,,,6.71336,,,,,,,cb3f4724-d3a1-45f5-a9d9-4aecfea1f935,2026-10-02,20:23:46.95,2026-10-02T16:23:46.9528576-04:00,2026-10-02T20:23:46.9528576Z,,v3,471298,471298,,,,Undefined,FOR_RAM,89446186-5d3d-4097-a89e-1e8040147fd8,55.29903,-109.24915,9.92688,5.93271,5.87695,-17.01182,-2.11783,0.44955,1.01486,,,,,,,,,,,,,,,,,,,,,,,,,,,,,,,,,,,,,,,,,,,,,,,,,,,High,High,High,,,,,
117,2026-10-02,16:24:05.16,1,4,"Rodarte, Jordan",10138918,Right,FOR_RAM,"Reina, Braedon",10305192,Left,FOR_RAM,Undefined,4,Bottom,0,3,0,Fastball,Four-Seam,StrikeCalled,Undefined,Undefined,Undefined,0,0,,88.29127,-1.292947,-3.103323,2043.811131,204.994682,12:45,6.02102,2.04862,5.76224,-19.19048,17.88859,7.64115,3.21644,-0.20584,78.54732,-4.976664,-1.738061,0.438264,,,,,,,,,,,,-4.92449,9.93469,-1.79575,50,5.90241,6.57112,-127.60948,-3.43366,-7.90407,32.77141,-16.22829,FOR_RAM,FOR_RAM,FordhamUniversity,TeamExclusive,Team,20261002-FordhamUniversity-Private-1,2568d1e0-be9f-11f1-b1e5-4dbf427540c3,86.00395,,,9.74394,,,,,,,cb3f4724-d3a1-45f5-a9d9-4aecfea1f935,2026-10-02,20:24:05.16,2026-10-02T16:24:05.1608576-04:00,2026-10-02T20:24:05.1608576Z,,v3,471298,471298,,,,Undefined,FOR_RAM,23e36afe-b87d-47c6-aaca-b0c9b61821c1,54.72796,-128.81794,16.38571,6.01799,-2.83523,-8.11414,-2.04344,6.86259,-3.95204,,,,,,,,,,,,,,,,,,,,,,,,,,,,,,,,,,,,,,,,,,,,,,,,,,,High,High,High,,,,,
118,2026-10-02,16:24:21.25,1,5,"Rodarte, Jordan",10138918,Right,FOR_RAM,"Reina, Braedon",10305192,Left,FOR_RAM,Undefined,4,Bottom,0,3,1,Fastball,Four-Seam,BallCalled,Walk,Undefined,Undefined,0,0,,88.56338,-2.073369,-1.350509,2027.671656,217.08413,1:15,5.9719,2.0083,5.65958,-20.31257,16.5254,11.38918,2.34432,1.69778,79.13801,-5.934793,0.685369,0.436837,,,,,,,,,,,,-6.18315,9.49489,-1.9011,50,5.78394,2.5063,-128.15023,-5.26379,-10.03077,32.51947,-16.77075,FOR_RAM,FOR_RAM,FordhamUniversity,TeamExclusive,Team,20261002-FordhamUniversity-Private-1,2efb1380-be9f-11f1-b1e5-4dbf427540c3,86.28496,,,9.42537,,,,,,,cb3f4724-d3a1-45f5-a9d9-4aecfea1f935,2026-10-02,20:24:21.25,2026-10-02T16:24:21.2557312-04:00,2026-10-02T20:24:21.2557312Z,,v3,471298,471298,,,,Undefined,FOR_RAM,22102349-e892-485a-9cb3-ed5736f820ab,54.8329,-129.37081,16.25973,5.9697,-4.63432,-8.38537,-2.00224,2.8828,-5.01538,,,,,,,,,,,,,,,,,,,,,,,,,,,,,,,,,,,,,,,,,,,,,,,,,,,High,High,High,,,,,
119,2026-10-02,16:24:52.57,2,1,"Rodarte, Jordan",10138918,Right,FOR_RAM,"Crang, Mason",10913432,Right,FOR_RAM,Undefined,4,Bottom,0,0,0,Fastball,Four-Seam,StrikeCalled,Undefined,Undefined,Undefined,0,0,,88.11437,-3.210096,-3.682604,2066.262878,202.388697,12:45,6.16936,1.98492,5.56552,-16.76036,20.78812,7.93878,1.76453,-0.79845,78.66571,-6.432212,-2.270709,0.44103,,,,,,,,,,,,-5.2778,12.03048,-1.67219,50,5.88123,7.82724,-127.14145,-7.61327,-8.42677,32.03688,-12.96563,FOR_RAM,FOR_RAM,FordhamUniversity,TeamExclusive,Team,20261002-FordhamUniversity-Private-1,41ab5120-be9f-11f1-b1e5-4dbf427540c3,85.46464,,,9.44866,,,,,,,cb3f4724-d3a1-45f5-a9d9-4aecfea1f935,2026-10-02,20:24:52.57,2026-10-02T16:24:52.5746176-04:00,2026-10-02T20:24:52.5746176Z,,v3,471298,471298,,,,Undefined,FOR_RAM,3484e1ff-b355-43e7-a3a1-075611c39963,54.92767,-128.37711,16.01844,6.16523,-7.11319,-6.48282,-1.98036,8.15226,-4.21339,,,,,,,,,,,,,,,,,,,,,,,,,,,,,,,,,,,,,,,,,,,,,,,,,,,High,High,High,,,,,
120,2026-10-02,16:25:13.22,2,2,"Rodarte, Jordan",10138918,Right,FOR_RAM,"Crang, Mason",10913432,Right,FOR_RAM,Undefined,4,Bottom,0,0,1,ChangeUp,Changeup,StrikeSwinging,Undefined,Undefined,Undefined,0,0,,79.81651,-1.38314,-2.189245,1480.85692,231.830387,1:45,6.12134,1.80321,5.53271,-33.27455,11.43505,12.63887,2.05438,0.80906,72.90594,-7.527942,0.064971,0.481251,,,,,,,,,,,,-7.01241,6.63343,-1.62166,50,5.97926,3.92137,-115.73039,-3.86017,-9.46313,22.60234,-23.22235,FOR_RAM,FOR_RAM,FordhamUniversity,TeamExclusive,Team,20261002-FordhamUniversity-Private-1,4e0bf500-be9f-11f1-b1e5-4dbf427540c3,78.32177,,,6.91057,,,,,,,cb3f4724-d3a1-45f5-a9d9-4aecfea1f935,2026-10-02,20:25:13.22,2026-10-02T16:25:13.2296704-04:00,2026-10-02T20:25:13.2296704Z,,v3,471298,471298,,,,Undefined,FOR_RAM,4a3588cf-3265-4e99-8946-933c8d41c881,54.96431,-116.6959,11.30117,6.12296,-2.86818,-11.61117,-1.79781,4.32561,-4.73157,,,,,,,,,,,,,,,,,,,,,,,,,,,,,,,,,,,,,,,,,,,,,,,,,,,High,High,High,,,,,
121,2026-10-02,16:25:33.62,2,3,"Rodarte, Jordan",10138918,Right,FOR_RAM,"Crang, Mason",10913432,Right,FOR_RAM,Undefined,4,Bottom,0,0,2,Fastball,Four-Seam,FoulBallNotFieldable,Undefined,Undefined,Undefined,0,0,,89.89584,-1.726024,-3.693735,2069.320162,195.524352,12:30,6.04958,2.0208,5.64946,-18.57824,16.98847,4.35492,2.88769,-1.06625,80.91814,-5.252699,-2.918284,0.429233,69.83648,32.960914,131.093777,4645.206812,,,,,44.34424,,,-3.39807,9.54178,-1.71005,50,5.89147,8.19804,-130.00659,-4.49985,-5.72411,31.2604,-16.10076,FOR_RAM,FOR_RAM,FordhamUniversity,TeamExclusive,Team,20261002-FordhamUniversity-Private-1,5a252fa0-be9f-11f1-b1e5-4dbf427540c3,87.81346,24.69826,,8.9777,,,,-0.59919,2.39063,1.59723,cb3f4724-d3a1-45f5-a9d9-4aecfea1f935,2026-10-02,20:25:33.62,2026-10-02T16:25:33.6260096-04:00,2026-10-02T20:25:33.6260096Z,,v3,471298,471298,,,,Undefined,FOR_RAM,ca5670a7-8fbb-4611-9918-4b2e72112f78,54.84541,-131.1665,15.6302,6.04735,-3.90243,-8.05038,-2.01818,8.41043,-2.86205,,-0.59919,-56.48797,0.87588,-0.33786,0.01257,0.01979,-0.00774,0.00092,0.00044,2.39063,55.72695,-25.95242,2.7413,-0.39252,0.03184,-0.00061,0.00086,-0.00089,1.59723,64.76757,-10.59271,3.88585,-1.01392,0.23755,-0.05469,0.01197,-0.00199,,,,,,,,,,,,,,,,,,,,,,,High,High,High,High,Undefined,,,
122,2026-10-02,16:25:56.97,2,4,"Rodarte, Jordan",10138918,Right,FOR_RAM,"Crang, Mason",10913432,Right,FOR_RAM,Undefined,4,Bottom,0,0,2,Slider,Slider,InPlay,Undefined,FlyBall,Out,1,0,,79.33509,-0.188563,-2.360935,2357.042141,112.53531,9:45,6.11226,2.02055,5.33289,-42.45046,3.18823,-4.05418,2.39766,-0.53365,72.53875,-7.935845,-3.080834,0.486226,81.84242,38.638471,8.873572,,107.00805,74.76772,25.47947,286.70955,264.11851,20.403293,4.950063,1.34536,2.05654,-1.80417,50,6.06463,4.90282,-115.03138,-1.81949,1.79016,22.71735,-29.43756,FOR_RAM,FOR_RAM,FordhamUniversity,TeamExclusive,Team,20261002-FordhamUniversity-Private-1,680f80c0-be9f-11f1-b1e5-4dbf427540c3,77.52044,86.64614,,6.79634,,,,0.94124,2.36756,0.55043,cb3f4724-d3a1-45f5-a9d9-4aecfea1f935,2026-10-02,20:25:56.97,2026-10-02T16:25:56.9724928-04:00,2026-10-02T20:25:56.9724928Z,FlyBall,v3,471298,471298,,,,Undefined,FOR_RAM,433ca611-02be-4be6-b8fb-c52fa65f936e,55.16592,-116.04711,11.35868,6.11656,-0.50329,-14.71878,-2.02159,4.82278,0.89508,203.973764,0.94241,92.61665,-18.52929,4.46694,-0.92022,0.18568,-0.03419,0.00421,-0.00023,2.36915,74.90946,-18.57066,0.79452,0.24874,-0.18976,0.05293,-0.00694,0.00035,0.55038,14.46294,2.54349,-0.67404,0.18302,-0.04645,0.00917,-0.00109,6E-05,,,,,,,,,,,,,,,,,,,,,,,High,High,High,High,Medium,,,
123,2026-10-02,16:26:30.99,3,1,"Rodarte, Jordan",10138918,Right,FOR_RAM,"Dean, Mason",1000150670,Left,FOR_RAM,Undefined,4,Bottom,1,0,0,ChangeUp,Changeup,StrikeSwinging,Undefined,Undefined,Undefined,0,0,,83.01538,-0.639173,-2.87144,1440.937093,237.974389,2:00,6.03044,1.96739,5.62437,-32.64541,8.78784,11.7265,2.71278,0.26288,75.27288,-6.690577,-0.778699,0.463282,,,,,,,,,,,,-6.76985,5.10095,-1.72995,50,5.95533,5.54047,-120.2675,-2.42756,-9.81334,25.569,-24.77991,FOR_RAM,FOR_RAM,FordhamUniversity,TeamExclusive,Team,20261002-FordhamUniversity-Private-1,7c530890-be9f-11f1-b1e5-4dbf427540c3,81.35952,,,7.7425,,,,,,,cb3f4724-d3a1-45f5-a9d9-4aecfea1f935,2026-10-02,20:26:30.99,2026-10-02T16:26:30.9926912-04:00,2026-10-02T20:26:30.9926912Z,,v3,471298,471298,,,,Undefined,FOR_RAM,f8c9f318-fe07-4045-b898-44e446ce8e96,54.87092,-121.29864,12.7845,6.03307,-1.42824,-12.38996,-1.96136,5.93622,-4.90667,,,,,,,,,,,,,,,,,,,,,,,,,,,,,,,,,,,,,,,,,,,,,,,,,,,High,High,High,,,,,
124,2026-10-02,16:27:01.44,3,2,"Rodarte, Jordan",10138918,Right,FOR_RAM,"Dean, Mason",1000150670,Left,FOR_RAM,Undefined,4,Bottom,1,0,1,ChangeUp,Changeup,BallCalled,Undefined,Undefined,Undefined,0,0,,80.11068,-3.074862,-2.606321,1358.901452,241.595074,2:00,6.1131,1.83375,5.52967,-38.18112,6.48646,9.14209,0.05122,0.15752,73.31626,-10.04626,-0.973896,0.481025,,,,,,,,,,,,-5.43362,4.65874,-1.61353,50,5.82014,4.92045,-115.96777,-7.49294,-7.332,23.53509,-25.88766,FOR_RAM,FOR_RAM,FordhamUniversity,TeamExclusive,Team,20261002-FordhamUniversity-Private-1,8e840410-be9f-11f1-b1e5-4dbf427540c3,78.3586,,,6.79442,,,,,,,cb3f4724-d3a1-45f5-a9d9-4aecfea1f935,2026-10-02,20:27:01.44,2026-10-02T16:27:01.4484480-04:00,2026-10-02T20:27:01.4484480Z,,v3,471298,471298,,,,Undefined,FOR_RAM,36c9a683-6fe2-48a6-b261-fece59813168,54.96827,-116.97171,11.76755,6.11622,-6.38864,-12.94383,-1.8301,5.23321,-3.666,,,,,,,,,,,,,,,,,,,,,,,,,,,,,,,,,,,,,,,,,,,,,,,,,,,High,High,High,,,,,
125,2026-10-02,16:27:39.01,3,3,"Rodarte, Jordan",10138918,Right,FOR_RAM,"Dean, Mason",1000150670,Left,FOR_RAM,Undefined,4,Bottom,1,1,1,Fastball,Sinker,FoulBallNotFieldable,Undefined,Undefined,Undefined,0,0,,89.10446,-1.719006,-2.776484,1941.132617,220.455181,1:15,6.0595,1.98975,5.77032,-19.57277,16.88426,13.11713,2.82637,0.49703,79.14065,-5.470376,-0.430173,0.434572,,,,,,,,,,,,-7.67063,9.63319,-1.76803,50,5.90581,5.66714,-128.83379,-4.45262,-12.50444,34.26661,-16.47028,FOR_RAM,FOR_RAM,FordhamUniversity,TeamExclusive,Team,20261002-FordhamUniversity-Private-1,a4ea1dc0-be9f-11f1-b1e5-4dbf427540c3,86.73457,,,9.96382,,,,,,,cb3f4724-d3a1-45f5-a9d9-4aecfea1f935,2026-10-02,20:27:39.01,2026-10-02T16:27:39.0184448-04:00,2026-10-02T20:27:39.0184448Z,,v3,471298,471298,,,,Undefined,FOR_RAM,65aaee0b-49c0-4675-b9e0-940a9bcc82d3,54.72325,-130.08399,17.13331,6.0573,-3.85171,-8.23514,-1.98311,6.12335,-6.25222,,,,,,,,,,,,,,,,,,,,,,,,,,,,,,,,,,,,,,,,,,,,,,,,,,,High,High,High,,,,,
126,2026-10-02,16:28:04.49,3,4,"Rodarte, Jordan",10138918,Right,FOR_RAM,"Dean, Mason",1000150670,Left,FOR_RAM,Undefined,4,Bottom,1,1,2,Fastball,Four-Seam,BallCalled,Undefined,Undefined,Undefined,0,0,,88.47354,-2.757254,-4.832382,2133.061474,217.70204,1:15,6.06095,1.97143,5.84952,-17.16749,19.37229,13.91682,2.05712,-1.36984,79.65825,-6.049123,-2.349151,0.435065,,,,,,,,,,,,-8.57469,11.13071,-1.58557,50,5.82591,10.18951,-127.73515,-6.64591,-13.96758,29.76751,-14.04281,FOR_RAM,FOR_RAM,FordhamUniversity,TeamExclusive,Team,20261002-FordhamUniversity-Private-1,b40ca0c0-be9f-11f1-b1e5-4dbf427540c3,86.63625,,,8.81529,,,,,,,cb3f4724-d3a1-45f5-a9d9-4aecfea1f935,2026-10-02,20:28:04.49,2026-10-02T16:28:04.4932608-04:00,2026-10-02T20:28:04.4932608Z,,v3,471298,471298,,,,Undefined,FOR_RAM,9ee566b6-8024-4241-8cd0-e95749582b80,54.64508,-128.81309,14.88376,6.05737,-6.13739,-7.02141,-1.96372,10.69531,-6.98379,,,,,,,,,,,,,,,,,,,,,,,,,,,,,,,,,,,,,,,,,,,,,,,,,,,High,High,High,,,,,
127,2026-10-02,16:28:36.52,3,5,"Rodarte, Jordan",10138918,Right,FOR_RAM,"Dean, Mason",1000150670,Left,FOR_RAM,Undefined,4,Bottom,1,2,2,ChangeUp,Changeup,StrikeSwinging,Strikeout,Undefined,Undefined,0,0,,82.07693,-2.400086,-3.714141,1431.234288,238.310932,2:00,6.08572,1.88939,5.64877,-32.44301,9.62012,13.3702,1.1375,-0.46554,75.33818,-8.368976,-1.327991,0.466791,,,,,,,,,,,,-7.79441,5.9787,-1.58259,50,5.86121,7.17672,-118.86135,-6.05263,-11.14834,22.82838,-23.62273,FOR_RAM,FOR_RAM,FordhamUniversity,TeamExclusive,Team,20261002-FordhamUniversity-Private-1,c7376590-be9f-11f1-b1e5-4dbf427540c3,80.74806,,,6.73876,,,,,,,cb3f4724-d3a1-45f5-a9d9-4aecfea1f935,2026-10-02,20:28:36.52,2026-10-02T16:28:36.5273600-04:00,2026-10-02T20:28:36.5273600Z,,v3,471298,471298,,,,Undefined,FOR_RAM,85d96be0-1ad6-4bd1-b07d-817146b9e75b,54.84895,-119.78901,11.41419,6.08766,-5.09269,-11.81136,-1.88343,7.62975,-5.57417,,,,,,,,,,,,,,,,,,,,,,,,,,,,,,,,,,,,,,,,,,,,,,,,,,,High,High,High,,,,,
128,2026-10-02,16:29:03.51,4,1,"Rodarte, Jordan",10138918,Right,FOR_RAM,"Velit, Liam",1000239563,Right,FOR_RAM,Undefined,4,Bottom,2,0,0,Fastball,Sinker,BallCalled,Undefined,Undefined,Undefined,0,0,,89.76213,-3.044943,-1.38279,2025.186358,223.348467,1:30,5.98436,1.97732,5.85923,-18.40942,17.12351,14.86048,1.61785,1.93077,80.49761,-6.557113,1.283838,0.429029,,,,,,,,,,,,-7.98957,10.1613,-1.87347,50,5.72656,2.47406,-129.89405,-7.44924,-13.35182,32.75403,-15.1929,FOR_RAM,FOR_RAM,FordhamUniversity,TeamExclusive,Team,20261002-FordhamUniversity-Private-1,d74496b0-be9f-11f1-b1e5-4dbf427540c3,87.85513,,,9.26452,,,,,,,cb3f4724-d3a1-45f5-a9d9-4aecfea1f935,2026-10-02,20:29:03.51,2026-10-02T16:29:03.5171328-04:00,2026-10-02T20:29:03.5171328Z,,v3,471298,471298,,,,Undefined,FOR_RAM,e798e9b3-5044-458d-b709-26f78e59300d,54.63457,-131.05749,16.37701,5.98157,-6.90958,-7.59645,-1.96977,2.94832,-6.67591,,,,,,,,,,,,,,,,,,,,,,,,,,,,,,,,,,,,,,,,,,,,,,,,,,,High,High,High,,,,,
129,2026-10-02,16:30:05.52,4,2,"Rodarte, Jordan",10138918,Right,FOR_RAM,"Velit, Liam",1000239563,Right,FOR_RAM,Undefined,4,Bottom,2,1,0,ChangeUp,Changeup,InPlay,Undefined,GroundBall,Out,1,0,,80.45982,-0.422495,-3.698664,1308.400456,236.75531,2:00,6.07654,1.83718,5.52244,-33.09675,11.46264,14.978,2.92265,-0.37743,72.54372,-6.574773,-1.034435,0.480442,82.47464,-14.548915,-27.480355,,,,,13.19193,9.19209,-22.029108,0.098213,-8.82319,6.37512,-1.5256,50,6.0179,6.93324,-116.4327,-1.91381,-11.91313,25.20972,-23.56634,FOR_RAM,FOR_RAM,FordhamUniversity,TeamExclusive,Team,20261002-FordhamUniversity-Private-1,fc412000-be9f-11f1-b1e5-4dbf427540c3,78.45368,2.99311,,7.91611,,,,1.99723,2.99311,0.37378,cb3f4724-d3a1-45f5-a9d9-4aecfea1f935,2026-10-02,20:30:05.52,2026-10-02T16:30:05.5267328-04:00,2026-10-02T20:30:05.5267328Z,GroundBall,v3,471298,471298,,,,Undefined,FOR_RAM,cb0a35e5-74a2-4eb8-ab0b-da0fa210fe0d,54.97515,-117.50497,12.60486,6.07799,-0.91144,-11.78317,-1.83127,7.43995,-5.95657,180,1.99242,104.17713,,,,,,,,2.99451,-30.47553,,,,,,,,0.37628,-54.18579,,,,,,,,,,,,,,,,,,,,,,,,,,,,,,High,High,High,High,High,,,