PitchNo,Date,Time,PAofInning,PitchofPA,Pitcher,PitcherId,PitcherThrows,PitcherTeam,Batter,BatterId,BatterSide,BatterTeam,PitcherSet,Inning,Top/Bottom,Outs,Balls,Strikes,TaggedPitchType,AutoPitchType,PitchCall,KorBB,TaggedHitType,PlayResult,OutsOnPlay,RunsScored,Notes,RelSpeed,VertRelAngle,HorzRelAngle,SpinRate,SpinAxis,Tilt,RelHeight,RelSide,Extension,VertBreak,InducedVertBreak,HorzBreak,PlateLocHeight,PlateLocSide,ZoneSpeed,VertApprAngle,HorzApprAngle,ZoneTime,ExitSpeed,Angle,Direction,HitSpinRate,PositionAt110X,PositionAt110Y,PositionAt110Z,Distance,LastTrackedDistance,Bearing,HangTime,pfxx,pfxz,x0,y0,z0,vx0,vy0,vz0,ax0,ay0,az0,HomeTeam,AwayTeam,Stadium,Level,League,GameID,PitchUID,EffectiveVelo,MaxHeight,MeasuredDuration,SpeedDrop,PitchLastMeasuredX,PitchLastMeasuredY,PitchLastMeasuredZ,ContactPositionX,ContactPositionY,ContactPositionZ,GameUID,UTCDate,UTCTime,LocalDateTime,UTCDateTime,AutoHitType,System,HomeTeamForeignID,AwayTeamForeignID,GameForeignID,Catcher,CatcherId,CatcherThrows,CatcherTeam,PlayID,PitchTrajectoryXc0,PitchTrajectoryXc1,PitchTrajectoryXc2,PitchTrajectoryYc0,PitchTrajectoryYc1,PitchTrajectoryYc2,PitchTrajectoryZc0,PitchTrajectoryZc1,PitchTrajectoryZc2,HitSpinAxis,HitTrajectoryXc0,HitTrajectoryXc1,HitTrajectoryXc2,HitTrajectoryXc3,HitTrajectoryXc4,HitTrajectoryXc5,HitTrajectoryXc6,HitTrajectoryXc7,HitTrajectoryXc8,HitTrajectoryYc0,HitTrajectoryYc1,HitTrajectoryYc2,HitTrajectoryYc3,HitTrajectoryYc4,HitTrajectoryYc5,HitTrajectoryYc6,HitTrajectoryYc7,HitTrajectoryYc8,HitTrajectoryZc0,HitTrajectoryZc1,HitTrajectoryZc2,HitTrajectoryZc3,HitTrajectoryZc4,HitTrajectoryZc5,HitTrajectoryZc6,HitTrajectoryZc7,HitTrajectoryZc8,ThrowSpeed,PopTime,ExchangeTime,TimeToBase,CatchPositionX,CatchPositionY,CatchPositionZ,ThrowPositionX,ThrowPositionY,ThrowPositionZ,BasePositionX,BasePositionY,BasePositionZ,ThrowTrajectoryXc0,ThrowTrajectoryXc1,ThrowTrajectoryXc2,ThrowTrajectoryYc0,ThrowTrajectoryYc1,ThrowTrajectoryYc2,ThrowTrajectoryZc0,ThrowTrajectoryZc1,ThrowTrajectoryZc2,PitchReleaseConfidence,PitchLocationConfidence,PitchMovementConfidence,HitLaunchConfidence,HitLandingConfidence,CatcherThrowCatchConfidence,CatcherThrowReleaseConfidence,CatcherThrowLocationConfidence
1,2026-09-16,15:43:17.75,1,1,"Robitaille, Christian",1000361030,Left,FOR_RAM,"Markey, Tommy",10084492,Left,FOR_RAM,Undefined,1,Top,0,0,0,Curveball,Curveball,HitByPitch,Undefined,Undefined,Undefined,0,0,,67.69994,2.932013,-1.410665,2280.865746,297.724515,4:00,5.82122,-2.37809,5.65707,-68.47441,-5.90638,15.51375,2.85256,-2.40109,61.43479,-9.628514,1.364449,0.569308,,,,,,,,,,,,-8.37658,-3.40323,2.48721,50,6.02605,1.90355,-98.10441,3.08565,-8.01578,18.14197,-35.43069,FOR_RAM,FOR_RAM,FordhamUniversity,TeamExclusive,Team,20260916-FordhamUniversity-Private-1,d5cdfab0-b206-11f1-9cb4-878818705a31,66.20741,,,6.26515,,,,,,,fe8d6ad8-6366-43a8-8e06-1e5f959c4394,2026-09-16,19:43:17.75,2026-09-16T15:43:17.7587200-04:00,2026-09-16T19:43:17.7587200Z,,v3,471298,471298,,"Velit, Liam",1000239563,Right,FOR_RAM,7d5256ee-e1be-4ab1-869e-a5c38826a21f,54.84364,-98.99607,9.07098,5.8316,4.82703,-17.71535,2.38397,2.29751,-4.00789,,,,,,,,,,,,,,,,,,,,,,,,,,,,,,,,,,,,,,,,,,,,,,,,,,,High,High,High,,,,,
2,2026-09-16,15:43:49.61,2,1,"Robitaille, Christian",1000361030,Left,FOR_RAM,"Crang, Mason",10913432,Right,FOR_RAM,Undefined,1,Top,0,0,0,Fastball,Changeup,BallCalled,Undefined,Undefined,Undefined,0,0,,82.20575,-1.37995,4.278856,1969.476402,156.636058,11:15,5.73578,-2.31823,6.36439,-22.65989,18.7447,-7.43831,2.57379,1.00678,74.09885,-5.722649,2.937806,0.463122,,,,,,,,,,,,5.20449,10.62083,2.0113,50,5.62497,-8.61377,-118.94482,-3.43558,7.34269,26.05151,-17.18979,FOR_RAM,FOR_RAM,FordhamUniversity,TeamExclusive,Team,20260916-FordhamUniversity-Private-1,e8b4ffc0-b206-11f1-9cb4-878818705a31,81.38766,,,8.1069,,,,,,,fe8d6ad8-6366-43a8-8e06-1e5f959c4394,2026-09-16,19:43:49.61,2026-09-16T15:43:49.6103936-04:00,2026-09-16T19:43:49.6103936Z,,v3,471298,471298,,"Velit, Liam",1000239563,Right,FOR_RAM,ec0b35db-c9c0-43e8-8653-f300528d04bf,54.12879,-119.84571,13.02576,5.7335,-2.84115,-8.5949,2.31356,-8.86769,3.67135,,,,,,,,,,,,,,,,,,,,,,,,,,,,,,,,,,,,,,,,,,,,,,,,,,,High,High,High,,,,,
3,2026-09-16,15:44:22.73,2,2,"Robitaille, Christian",1000361030,Left,FOR_RAM,"Crang, Mason",10913432,Right,FOR_RAM,Undefined,1,Top,0,1,0,Fastball,Changeup,BallCalled,Undefined,Undefined,Undefined,0,0,,81.17218,1.052272,3.300262,1929.418159,152.004169,11:00,5.74629,-2.42911,6.22015,-23.94942,19.09867,-9.25237,4.7232,-0.15147,72.2127,-3.568329,1.634216,0.472224,,,,,,,,,,,,5.88355,9.94985,2.18599,50,5.81323,-6.40752,-117.43007,1.56447,8.00381,27.57849,-18.6386,FOR_RAM,FOR_RAM,FordhamUniversity,TeamExclusive,Team,20260916-FordhamUniversity-Private-1,fc634c70-b206-11f1-9cb4-878818705a31,79.81892,,,8.95949,,,,,,,fe8d6ad8-6366-43a8-8e06-1e5f959c4394,2026-09-16,19:44:22.73,2026-09-16T15:44:22.7300000-04:00,2026-09-16T19:44:22.7300000Z,,v3,471298,471298,,"Velit, Liam",1000239563,Right,FOR_RAM,58182ae9-2d35-488c-a7af-a6d02ad15bad,54.27085,-118.42883,13.78925,5.74434,2.23948,-9.3193,2.42329,-6.69738,4.00191,,,,,,,,,,,,,,,,,,,,,,,,,,,,,77.27891,1.889834,0.593203,1.296631,-1.76879,4.5151,0.06337,-0.91969,5.81187,1.10544,127.27912,0.74595,6.84523,-0.79114,111.20847,-9.71433,5.84186,12.15883,-12.44148,1.05517,1.08718,2.65237,High,High,High,,,High,Medium,Medium
4,2026-09-16,15:44:55.18,2,3,"Robitaille, Christian",1000361030,Left,FOR_RAM,"Crang, Mason",10913432,Right,FOR_RAM,Undefined,1,Top,0,2,0,Fastball,Changeup,InPlay,Undefined,GroundBall,Single,0,0,,82.15716,-1.431314,3.219853,1918.745609,144.527434,10:45,5.81953,-2.46842,6.36718,-24.2221,17.24615,-11.17552,2.4816,-0.43375,73.89074,-6.065903,1.199491,0.463478,90.12085,-19.465585,-26.395187,,,,,8.01716,7.96265,-19.238182,0.056014,6.8941,9.91032,2.24046,50,5.7047,-6.28087,-119.02765,-3.60158,9.69879,26.97327,-18.23193,FOR_RAM,FOR_RAM,FordhamUniversity,TeamExclusive,Team,20260916-FordhamUniversity-Private-1,0fbbd800-b207-11f1-9cb4-878818705a31,81.32518,2.47236,,8.26642,,,,1.30363,2.47236,0.46811,fe8d6ad8-6366-43a8-8e06-1e5f959c4394,2026-09-16,19:44:55.18,2026-09-16T15:44:55.1881728-04:00,2026-09-16T19:44:55.1881728Z,GroundBall,v3,471298,471298,,"Velit, Liam",1000239563,Right,FOR_RAM,013f5230-131c-4814-ba22-eecce17ecc17,54.12839,-119.95956,13.48664,5.81825,-2.97169,-9.11597,2.46324,-6.61595,4.84939,180,1.30154,111.86112,,,,,,,,2.47318,-44.13791,,,,,,,,0.46914,-55.51663,,,,,,,,,,,,,,,,,,,,,,,,,,,,,,High,High,High,High,High,,,
5,2026-09-16,15:45:30.36,3,1,"Robitaille, Christian",1000361030,Left,FOR_RAM,"Reina, Braedon",10305192,Left,FOR_RAM,Undefined,1,Top,0,0,0,Curveball,Curveball,BallCalled,Undefined,Undefined,Undefined,0,0,,70.45335,-1.369847,4.848946,2323.600166,298.614593,4:00,5.84891,-2.50123,5.43378,-61.34771,-2.46638,8.48363,-0.55107,2.75751,64.42181,-12.435502,6.354207,0.552281,,,,,,,,,,,,-2.66721,-0.3776,2.0646,50,5.68431,-8.91695,-101.75338,-4.25822,-2.72814,20.49354,-32.56026,FOR_RAM,FOR_RAM,FordhamUniversity,TeamExclusive,Team,20260916-FordhamUniversity-Private-1,24b9fd40-b207-11f1-9cb4-878818705a31,68.24865,,,6.03154,,,,,,,fe8d6ad8-6366-43a8-8e06-1e5f959c4394,2026-09-16,19:45:30.36,2026-09-16T15:45:30.3631360-04:00,2026-09-16T19:45:30.3631360Z,,v3,471298,471298,,"Velit, Liam",1000239563,Right,FOR_RAM,4436d79d-519c-4845-9970-ec97180ee95a,55.06657,-102.76874,10.24677,5.85532,-2.64501,-16.28013,2.50304,-8.78178,-1.36407,,,,,,,,,,,,,,,,,,,,,,,,,,,,,,,,,,,,,,,,,,,,,,,,,,,High,High,High,,,,,
6,2026-09-16,15:45:48.45,3,2,"Robitaille, Christian",1000361030,Left,FOR_RAM,"Reina, Braedon",10305192,Left,FOR_RAM,Undefined,1,Top,0,1,0,Fastball,Changeup,StrikeCalled,Undefined,Undefined,Undefined,0,0,,82.46706,-2.413311,4.425075,1994.328487,136.844893,10:30,5.72841,-2.2744,6.39412,-24.84301,16.18469,-13.77465,1.43066,0.65561,74.64337,-7.133094,1.937952,0.46101,,,,,,,,,,,,8.52623,9.63197,1.96184,50,5.54312,-8.71521,-119.30881,-5.69511,12.13393,25.66986,-18.46647,FOR_RAM,FOR_RAM,FordhamUniversity,TeamExclusive,Team,20260916-FordhamUniversity-Private-1,2f7ea460-b207-11f1-9cb4-878818705a31,81.76064,,,7.82369,,,,,,,fe8d6ad8-6366-43a8-8e06-1e5f959c4394,2026-09-16,19:45:48.45,2026-09-16T15:45:48.4520960-04:00,2026-09-16T19:45:48.4520960Z,,v3,471298,471298,,"Velit, Liam",1000239563,Right,FOR_RAM,d140770a-f096-4ce3-a3f4-7b4c3ea10bce,54.10148,-120.18802,12.83493,5.72735,-5.06262,-9.23324,2.26746,-9.13081,6.06697,,,,,,,,,,,,,,,,,,,,,,,,,,,,,,,,,,,,,,,,,,,,,,,,,,,High,High,High,,,,,
7,2026-09-16,15:46:12.60,3,3,"Robitaille, Christian",1000361030,Left,FOR_RAM,"Reina, Braedon",10305192,Left,FOR_RAM,Undefined,1,Top,0,1,1,Fastball,Changeup,FoulBallNotFieldable,Undefined,Undefined,Undefined,0,0,,82.89419,-1.19892,4.136838,1911.098576,133.864948,10:30,5.81268,-2.28469,6.43787,-25.23336,15.4293,-14.46241,2.60512,0.31826,74.54343,-6.017595,1.522439,0.458954,,,,,,,,,,,,8.95997,8.89878,1.99665,50,5.71599,-8.15117,-120.03162,-3.18021,12.82261,27.36458,-19.43895,FOR_RAM,FOR_RAM,FordhamUniversity,TeamExclusive,Team,20260916-FordhamUniversity-Private-1,3ddec1c0-b207-11f1-9cb4-878818705a31,82.12683,,,8.35076,,,,,,,fe8d6ad8-6366-43a8-8e06-1e5f959c4394,2026-09-16,19:46:12.60,2026-09-16T15:46:12.6083072-04:00,2026-09-16T19:46:12.6083072Z,,v3,471298,471298,,"Velit, Liam",1000239563,Right,FOR_RAM,a479dbf2-6823-42fd-a802-306fa4745bff,54.05904,-120.95345,13.68229,5.8121,-2.52537,-9.71948,2.27851,-8.58312,6.41131,,,,,,,,,,,,,,,,,,,,,,,,,,,,,,,,,,,,,,,,,,,,,,,,,,,High,High,High,,,,,
8,2026-09-16,15:46:34.69,3,4,"Robitaille, Christian",1000361030,Left,FOR_RAM,"Reina, Braedon",10305192,Left,FOR_RAM,Undefined,1,Top,0,1,2,Fastball,Changeup,BallCalled,Undefined,Undefined,Undefined,0,0,,84.03339,-5.128916,6.939779,1956.993054,122.177108,10:00,5.7332,-2.03911,6.31776,-27.56179,13.16229,-18.23225,-1.33519,2.86481,75.30595,-10.308669,3.670649,0.4593,,,,,,,,,,,,12.25288,9.17028,1.53856,50,5.34144,-14.03078,-120.6071,-11.67165,17.53447,29.67163,-19.05093,FOR_RAM,FOR_RAM,FordhamUniversity,TeamExclusive,Team,20260916-FordhamUniversity-Private-1,4b03c710-b207-11f1-9cb4-878818705a31,82.06489,,,8.72744,,,,,,,fe8d6ad8-6366-43a8-8e06-1e5f959c4394,2026-09-16,19:46:34.69,2026-09-16T15:46:34.6900000-04:00,2026-09-16T19:46:34.6900000Z,,v3,471298,471298,,"Velit, Liam",1000239563,Right,FOR_RAM,320638fd-5714-4871-955b-22810caf6497,54.18207,-121.63162,14.83581,5.73309,-11.01385,-9.52546,2.03347,-14.63622,8.76723,,,,,,,,,,,,,,,,,,,,,,,,,,,,,76.06568,,,0.867383,,,,-0.3755,5.38017,0.75451,67.90419,4.48598,56.8752,-0.31867,87.32592,-10.02176,5.40003,10.71071,-13.57167,0.76257,67.35291,-3.0713,High,High,High,,,High,Medium,High
9,2026-09-16,15:47:39.12,3,5,"Robitaille, Christian",1000361030,Left,FOR_RAM,"Reina, Braedon",10305192,Left,FOR_RAM,Undefined,1,Top,0,2,2,ChangeUp,Changeup,BallCalled,Undefined,Undefined,Undefined,0,0,,78.02313,-2.43953,4.250136,1587.218796,151.866763,11:00,5.73006,-2.41256,6.03316,-32.80266,13.78765,-6.45386,0.72988,0.99252,70.73859,-8.562609,3.092263,0.491269,,,,,,,,,,,,4.71992,8.38414,2.08367,50,5.52138,-8.15154,-112.8155,-5.73942,5.98604,23.57434,-21.54091,FOR_RAM,FOR_RAM,FordhamUniversity,TeamExclusive,Team,20260916-FordhamUniversity-Private-1,7181e750-b207-11f1-9cb4-878818705a31,76.7247,,,7.28453,,,,,,,fe8d6ad8-6366-43a8-8e06-1e5f959c4394,2026-09-16,19:47:39.12,2026-09-16T15:47:39.1263232-04:00,2026-09-16T19:47:39.1263232Z,,v3,471298,471298,,"Velit, Liam",1000239563,Right,FOR_RAM,47d9a39c-5d8b-4dbc-8cc6-33203d472062,54.46344,-113.74437,11.78717,5.7308,-4.89067,-10.77045,2.4095,-8.3874,2.99302,,,,,,,,,,,,,,,,,,,,,,,,,,,,,,,,,,,,,,,,,,,,,,,,,,,High,High,High,,,,,
10,2026-09-16,15:47:57.50,3,6,"Robitaille, Christian",1000361030,Left,FOR_RAM,"Reina, Braedon",10305192,Left,FOR_RAM,Undefined,1,Top,1,3,2,Fastball,Changeup,BallCalled,Walk,Undefined,Undefined,0,0,,82.332,-1.310783,5.23293,1851.206197,144.166153,10:45,5.85366,-2.17565,6.05983,-22.76123,19.00769,-12.62312,2.73841,1.62925,74.26984,-5.646788,2.974542,0.465155,,,,,,,,,,,,8.09481,10.61906,1.77481,50,5.73933,-10.39744,-118.95773,-3.33876,11.45217,25.52104,-17.1507,FOR_RAM,FOR_RAM,FordhamUniversity,TeamExclusive,Team,20260916-FordhamUniversity-Private-1,7c71bd20-b207-11f1-9cb4-878818705a31,81.03193,,,8.06215,,,,,,,fe8d6ad8-6366-43a8-8e06-1e5f959c4394,2026-09-16,19:47:57.50,2026-09-16T15:47:57.5043072-04:00,2026-09-16T19:47:57.5043072Z,,v3,471298,471298,,"Velit, Liam",1000239563,Right,FOR_RAM,a594f3ce-d016-4664-a0cb-0ee1f3bc6b72,54.435,-119.90544,12.76052,5.85149,-2.70188,-8.57535,2.1688,-10.82271,5.72609,,,,,,,,,,,,,,,,,,,,,,,,,,,,,,,,,,,,,,,,,,,,,,,,,,,High,High,High,,,,,
11,2026-09-16,15:48:29.14,4,1,"Robitaille, Christian",1000361030,Left,FOR_RAM,"Dieguez, Matthew",10131275,Right,FOR_RAM,Undefined,1,Top,1,0,0,Fastball,Changeup,BallCalled,Undefined,Undefined,Undefined,0,0,,82.29329,-2.567406,3.326875,1955.03215,162.381921,11:30,5.78141,-2.40122,6.33159,-22.6506,18.47162,-5.40402,1.52422,0.21528,74.71557,-6.878182,2.351053,0.46154,,,,,,,,,,,,3.84225,10.83973,2.16098,50,5.58311,-6.73029,-119.20919,-5.93573,5.46964,25.21335,-16.74309,FOR_RAM,FOR_RAM,FordhamUniversity,TeamExclusive,Team,20260916-FordhamUniversity-Private-1,8f453a30-b207-11f1-9cb4-878818705a31,81.66661,,,7.57771,,,,,,,fe8d6ad8-6366-43a8-8e06-1e5f959c4394,2026-09-16,19:48:29.14,2026-09-16T15:48:29.1420000-04:00,2026-09-16T19:48:29.1420000Z,,v3,471298,471298,,"Velit, Liam",1000239563,Right,FOR_RAM,b276950a-8c7b-486c-bc5f-281187637f51,54.16477,-120.08682,12.60668,5.77958,-5.35292,-8.37155,2.39856,-6.92068,2.73482,,,,,,,,,,,,,,,,,,,,,,,,,,,,,75.06874,2.176744,0.83712,1.339624,1.837,1.57479,-0.198,-1.83237,5.59784,1.47647,127.27913,-0.27428,0.23115,-1.71115,107.76495,-8.65012,5.64465,13.142,-13.14426,1.39994,-5.85965,3.77451,High,High,High,,,High,Medium,Medium
12,2026-09-16,15:49:02.96,4,2,"Robitaille, Christian",1000361030,Left,FOR_RAM,"Dieguez, Matthew",10131275,Right,FOR_RAM,Undefined,1,Top,1,1,0,Fastball,Changeup,InPlay,Undefined,GroundBall,Out,1,1,,82.04845,-1.277143,3.233093,1829.883798,148.405207,11:00,5.79257,-2.38441,6.3523,-22.97383,18.83887,-10.57749,2.70048,-0.28683,73.38372,-5.702997,1.321885,0.465399,94.39323,-1.231634,-12.244752,2288.839452,,,,37.36438,36.73445,-12.197879,0.272726,6.64599,10.7202,2.15448,50,5.68911,-6.31812,-118.81438,-3.22426,9.26422,28.03636,-17.23053,FOR_RAM,FOR_RAM,FordhamUniversity,TeamExclusive,Team,20260916-FordhamUniversity-Private-1,a37a4310-b207-11f1-9cb4-878818705a31,80.98954,2.63008,,8.66473,,,,1.09129,2.63008,0.21629,fe8d6ad8-6366-43a8-8e06-1e5f959c4394,2026-09-16,19:49:02.96,2026-09-16T15:49:02.9629440-04:00,2026-09-16T19:49:02.9629440Z,GroundBall,v3,471298,471298,,"Velit, Liam",1000239563,Right,FOR_RAM,1cb2afa1-8d37-48fc-adbb-246086aff568,54.14278,-119.78795,14.01818,5.79069,-2.62592,-8.61527,2.37946,-6.63982,4.63211,31.678505,1.09336,135.16184,-19.31599,,,,,,,2.63346,-3.14076,-23.93389,,,,,,,0.21719,-29.3996,-1.27308,,,,,,,,,,,,,,,,,,,,,,,,,,,,,High,High,High,High,High,,,
13,2026-09-16,15:49:46.98,5,1,"Robitaille, Christian",1000361030,Left,FOR_RAM,"Young, Caden",10264258,Right,FOR_RAM,Undefined,1,Top,2,0,0,Fastball,Changeup,StrikeCalled,Undefined,Undefined,Undefined,0,0,,82.62197,-1.967095,4.557801,1901.270246,136.779763,10:30,5.83793,-2.11467,6.14641,-25.79742,15.5358,-13.16709,1.86401,1.00855,74.61135,-6.845929,2.192602,0.462723,,,,,,,,,,,,8.23276,9.09532,1.77358,50,5.67453,-9.01496,-119.4783,-4.83653,11.72787,26.13463,-19.21745,FOR_RAM,FOR_RAM,FordhamUniversity,TeamExclusive,Team,20260916-FordhamUniversity-Private-1,bdc1dcb0-b207-11f1-9cb4-878818705a31,81.45793,,,8.01062,,,,,,,fe8d6ad8-6366-43a8-8e06-1e5f959c4394,2026-09-16,19:49:46.98,2026-09-16T15:49:46.9807616-04:00,2026-09-16T19:49:46.9807616Z,,v3,471298,471298,,"Velit, Liam",1000239563,Right,FOR_RAM,fb39b953-1224-413d-816b-cb3dcbb571c5,54.34927,-120.4259,13.06732,5.83727,-4.13974,-9.60873,2.10815,-9.44019,5.86393,,,,,,,,,,,,,,,,,,,,,,,,,,,,,,,,,,,,,,,,,,,,,,,,,,,High,High,High,,,,,
14,2026-09-16,15:50:03.57,5,2,"Robitaille, Christian",1000361030,Left,FOR_RAM,"Young, Caden",10264258,Right,FOR_RAM,Undefined,1,Top,2,0,1,ChangeUp,Changeup,BallCalled,Undefined,Undefined,Undefined,0,0,,77.56156,-1.033061,0.837069,1336.643324,137.693026,10:30,5.73392,-2.44532,5.93883,-33.7386,12.91587,-10.31571,1.96384,-2.5284,70.75127,-7.325491,-1.017953,0.491607,,,,,,,,,,,,5.49835,7.42154,2.38414,50,5.63278,-1.25839,-112.56752,-3.00428,7.00462,21.79684,-22.71936,FOR_RAM,FOR_RAM,FordhamUniversity,TeamExclusive,Team,20260916-FordhamUniversity-Private-1,c78f79a0-b207-11f1-9cb4-878818705a31,76.67188,,,6.81029,,,,,,,fe8d6ad8-6366-43a8-8e06-1e5f959c4394,2026-09-16,19:50:03.57,2026-09-16T15:50:03.5702784-04:00,2026-09-16T19:50:03.5702784Z,,v3,471298,471298,,"Velit, Liam",1000239563,Right,FOR_RAM,e0039160-d950-4ff2-bfed-8b941849c9e5,54.55645,-113.44637,10.89842,5.73544,-2.08823,-11.35968,2.44057,-1.54081,3.50231,,,,,,,,,,,,,,,,,,,,,,,,,,,,,,,,,,,,,,,,,,,,,,,,,,,High,High,High,,,,,
15,2026-09-16,15:50:21.03,5,3,"Robitaille, Christian",1000361030,Left,FOR_RAM,"Young, Caden",10264258,Right,FOR_RAM,Undefined,1,Top,2,1,1,Fastball,Changeup,BallCalled,Undefined,Undefined,Undefined,0,0,,82.91095,-3.080435,4.125809,1889.323031,149.524833,11:00,5.70729,-2.42802,6.24996,-25.01974,15.66485,-8.37721,0.77132,0.6854,75.44878,-7.793452,2.616745,0.459078,,,,,,,,,,,,5.61658,9.4967,2.12501,50,5.46534,-8.34094,-119.9578,-7.1617,8.1083,25.21077,-18.46428,FOR_RAM,FOR_RAM,FordhamUniversity,TeamExclusive,Team,20260916-FordhamUniversity-Private-1,d209aa40-b207-11f1-9cb4-878818705a31,82.10467,,,7.46217,,,,,,,fe8d6ad8-6366-43a8-8e06-1e5f959c4394,2026-09-16,19:50:21.03,2026-09-16T15:50:21.0304512-04:00,2026-09-16T19:50:21.0304512Z,,v3,471298,471298,,"Velit, Liam",1000239563,Right,FOR_RAM,6f8ff8bd-73ed-4b17-bf01-c74c69a334d5,54.24727,-120.84712,12.60538,5.70649,-6.51037,-9.23214,2.42428,-8.62697,4.05415,,,,,,,,,,,,,,,,,,,,,,,,,,,,,,,,,,,,,,,,,,,,,,,,,,,High,High,High,,,,,
16,2026-09-16,15:50:47.83,5,4,"Robitaille, Christian",1000361030,Left,FOR_RAM,"Young, Caden",10264258,Right,FOR_RAM,Undefined,1,Top,2,2,1,Curveball,Curveball,BallCalled,Undefined,Undefined,Undefined,0,1,,70.24203,0.449456,1.314114,2235.882147,324.770476,4:45,5.89419,-2.51941,5.05862,-69.40102,-10.22938,8.66288,0.53473,-0.55805,64.48616,-12.02728,2.851237,0.553641,,,,,,,,,,,,-3.87622,-4.60776,2.38727,50,5.88182,-2.65562,-101.84607,-1.45557,-4.00969,19.09066,-36.94042,FOR_RAM,FOR_RAM,FordhamUniversity,TeamExclusive,Team,20260916-FordhamUniversity-Private-1,e2395780-b207-11f1-9cb4-878818705a31,68.08102,,,5.75587,,,,,,,fe8d6ad8-6366-43a8-8e06-1e5f959c4394,2026-09-16,19:50:47.83,2026-09-16T15:50:47.8356480-04:00,2026-09-16T19:50:47.8356480Z,,v3,471298,471298,,"Velit, Liam",1000239563,Right,FOR_RAM,497adaa6-6fbc-4708-9e64-2e187405052a,55.44218,-102.86113,9.54533,5.907,0.50857,-18.47021,2.5228,-2.44243,-2.00484,,,,,,,,,,,,,,,,,,,,,,,,,,,,,,,,,,,,,,,,,,,,,,,,,,,High,High,High,,,,,
17,2026-09-16,15:51:18.40,5,5,"Robitaille, Christian",1000361030,Left,FOR_RAM,"Young, Caden",10264258,Right,FOR_RAM,Undefined,1,Top,2,3,1,Fastball,Changeup,BallCalled,Walk,Undefined,Undefined,0,0,,81.33895,0.13192,2.092375,1724.638923,140.131445,10:45,5.86608,-2.3303,6.35862,-25.97222,16.4171,-12.35485,3.82322,-1.43334,72.78709,-4.847844,-0.143204,0.468597,,,,,,,,,,,,7.06481,8.94835,2.18371,50,5.86356,-3.83334,-117.90166,-0.39731,9.71987,27.13439,-19.86275,FOR_RAM,FOR_RAM,FordhamUniversity,TeamExclusive,Team,20260916-FordhamUniversity-Private-1,f42d9820-b207-11f1-9cb4-878818705a31,80.43679,,,8.55187,,,,,,,fe8d6ad8-6366-43a8-8e06-1e5f959c4394,2026-09-16,19:51:18.40,2026-09-16T15:51:18.4085504-04:00,2026-09-16T19:51:18.4085504Z,,v3,471298,471298,,"Velit, Liam",1000239563,Right,FOR_RAM,d53103bd-dd92-480d-964d-fa310d4859ea,54.13396,-118.84926,13.56719,5.86532,0.29635,-9.93137,2.32351,-4.17278,4.85993,,,,,,,,,,,,,,,,,,,,,,,,,,,,,,,,,,,,,,,,,,,,,,,,,,,High,High,High,,,,,
18,2026-09-16,15:51:47.81,6,1,"Robitaille, Christian",1000361030,Left,FOR_RAM,"Beaudreau, Bradley",1000297368,Left,FOR_RAM,Undefined,1,Top,2,0,0,Curveball,Curveball,BallCalled,Undefined,Undefined,Undefined,0,0,,70.7774,-1.167368,5.633231,2381.774568,337.22311,5:15,5.90034,-2.52132,4.92873,-70.07996,-10.9441,5.43658,-1.04865,3.27397,65.39894,-13.593066,6.588521,0.553474,,,,,,,,,,,,-0.91488,-4.79697,1.96629,50,5.72689,-10.26692,-102.13892,-4.35062,-0.9508,19.36573,-37.1594,FOR_RAM,FOR_RAM,FordhamUniversity,TeamExclusive,Team,20260916-FordhamUniversity-Private-1,05bcfc70-b208-11f1-9cb4-878818705a31,68.10161,,,5.37846,,,,,,,fe8d6ad8-6366-43a8-8e06-1e5f959c4394,2026-09-16,19:51:47.81,2026-09-16T15:51:47.8145536-04:00,2026-09-16T19:51:47.8145536Z,,v3,471298,471298,,"Velit, Liam",1000239563,Right,FOR_RAM,4aba8c31-020a-41e8-ad90-116da88fa4d6,55.57419,-103.19038,9.68287,5.90833,-2.33304,-18.5797,2.52233,-10.2153,-0.4754,,,,,,,,,,,,,,,,,,,,,,,,,,,,,,,,,,,,,,,,,,,,,,,,,,,High,High,High,,,,,
19,2026-09-16,15:52:10.89,6,2,"Robitaille, Christian",1000361030,Left,FOR_RAM,"Beaudreau, Bradley",1000297368,Left,FOR_RAM,Undefined,1,Top,2,1,0,Fastball,Changeup,BallCalled,Undefined,Undefined,Undefined,0,0,,80.64013,-2.356359,7.026939,1991.947611,133.55938,10:30,5.65796,-2.3564,6.35459,-28.62883,14.71674,-13.79749,1.08579,2.99403,72.98062,-7.74967,4.556942,0.473853,,,,,,,,,,,,9.37146,8.8717,1.85064,50,5.47249,-13.81268,-116.14502,-5.57948,12.64167,24.28227,-20.20652,FOR_RAM,FOR_RAM,FordhamUniversity,TeamExclusive,Team,20260916-FordhamUniversity-Private-1,137c1ee0-b208-11f1-9cb4-878818705a31,79.54456,,,7.65952,,,,,,,fe8d6ad8-6366-43a8-8e06-1e5f959c4394,2026-09-16,19:52:10.89,2026-09-16T15:52:10.8920832-04:00,2026-09-16T19:52:10.8920832Z,,v3,471298,471298,,"Velit, Liam",1000239563,Right,FOR_RAM,da17b750-7568-40c4-91c7-1334ec8a3efa,54.14167,-117.00771,12.14114,5.65796,-4.86159,-10.10326,2.34934,-14.2618,6.32084,,,,,,,,,,,,,,,,,,,,,,,,,,,,,,,,,,,,,,,,,,,,,,,,,,,High,High,High,,,,,
20,2026-09-16,15:52:31.93,6,3,"Robitaille, Christian",1000361030,Left,FOR_RAM,"Beaudreau, Bradley",1000297368,Left,FOR_RAM,Undefined,1,Top,2,2,0,Fastball,Changeup,BallCalled,Undefined,Undefined,Undefined,0,0,,80.68751,0.406007,3.516008,1785.570512,150.909601,11:00,5.71395,-2.35217,6.32699,-27.23631,15.49351,-7.79426,3.81886,0.24021,73.00464,-4.768147,2.109862,0.470475,,,,,,,,,,,,5.08681,8.36308,2.09861,50,5.73071,-6.89144,-116.93769,0.1091,6.97224,24.13643,-20.71118,FOR_RAM,FOR_RAM,FordhamUniversity,TeamExclusive,Team,20260916-FordhamUniversity-Private-1,1ffddf50-b208-11f1-9cb4-878818705a31,80.11565,,,7.68287,,,,,,,fe8d6ad8-6366-43a8-8e06-1e5f959c4394,2026-09-16,19:52:31.93,2026-09-16T15:52:31.9342592-04:00,2026-09-16T19:52:31.9342592Z,,v3,471298,471298,,"Velit, Liam",1000239563,Right,FOR_RAM,215bd6b8-bf13-4413-9b96-b31f5e435352,54.1671,-117.79466,12.06821,5.71378,0.84445,-10.35559,2.34768,-7.13899,3.48612,,,,,,,,,,,,,,,,,,,,,,,,,,,,,,,,,,,,,,,,,,,,,,,,,,,High,High,High,,,,,
21,2026-09-16,15:53:06.52,6,4,"Robitaille, Christian",1000361030,Left,FOR_RAM,"Beaudreau, Bradley",1000297368,Left,FOR_RAM,Undefined,1,Top,2,3,0,Fastball,Changeup,BallCalled,Walk,Undefined,Undefined,0,0,,81.94952,-2.356541,5.828332,1939.363256,147.201699,11:00,5.96459,-2.22346,6.33027,-24.69104,16.9943,-10.00044,1.72453,2.32863,74.40366,-7.03076,4.032932,0.46469,,,,,,,,,,,,6.90158,9.97745,1.80129,50,5.78004,-11.69499,-118.30461,-5.54046,9.70023,24.31385,-18.15069,FOR_RAM,FOR_RAM,FordhamUniversity,TeamExclusive,Team,20260916-FordhamUniversity-Private-1,34c05b20-b208-11f1-9cb4-878818705a31,81.11313,,,7.54585,,,,,,,fe8d6ad8-6366-43a8-8e06-1e5f959c4394,2026-09-16,19:53:06.52,2026-09-16T15:53:06.5293312-04:00,2026-09-16T19:53:06.5293312Z,,v3,471298,471298,,"Velit, Liam",1000239563,Right,FOR_RAM,d4a941d1-5acf-446a-a65e-255d24e6a5cc,54.16418,-119.15736,12.15693,5.96319,-4.90387,-9.07534,2.21743,-12.0352,4.85011,,,,,,,,,,,,,,,,,,,,,,,,,,,,,,,,,,,,,,,,,,,,,,,,,,,High,High,High,,,,,
22,2026-09-16,15:55:51.09,1,1,"Rodarte, Jordan",10138918,Right,FOR_RAM,"Dean, Mason",1000150670,Left,FOR_RAM,Undefined,1,Bottom,0,0,0,Fastball,Four-Seam,BallCalled,Undefined,Undefined,Undefined,0,0,,88.30126,-0.560113,-2.753049,2163.740761,218.180167,1:15,5.87006,2.25418,6.02602,-20.00694,16.04469,11.6239,3.68345,0.67118,79.80199,-4.37238,-0.664407,0.432149,,,,,,,,,,,,-6.76233,8.77197,-2.04463,50,5.81533,5.65921,-128.0162,-1.83333,-11.10463,29.0046,-17.7693,FOR_RAM,FOR_RAM,FordhamUniversity,TeamExclusive,Team,20260916-FordhamUniversity-Private-1,96b51b90-b208-11f1-9cb4-878818705a31,87.22083,,,8.49926,,,,,,,fe8d6ad8-6366-43a8-8e06-1e5f959c4394,2026-09-16,19:55:51.09,2026-09-16T15:55:51.0981632-04:00,2026-09-16T19:55:51.0981632Z,,v3,471298,471298,,"Young, Caden",10264258,Right,FOR_RAM,6df98a39-f890-472c-a4f5-73495e3aebb0,54.46888,-129.02474,14.5023,5.86834,-1.21546,-8.88465,-2.24812,6.04533,-5.55231,,,,,,,,,,,,,,,,,,,,,,,,,,,,,,,,,,,,,,,,,,,,,,,,,,,High,High,High,,,,,
23,2026-09-16,15:56:18.88,1,2,"Rodarte, Jordan",10138918,Right,FOR_RAM,"Dean, Mason",1000150670,Left,FOR_RAM,Undefined,1,Bottom,0,1,0,Fastball,Four-Seam,StrikeCalled,Undefined,Undefined,Undefined,0,0,,88.28451,-2.721449,-3.091254,2142.608757,206.576984,1:00,5.93241,2.13886,5.96536,-15.81623,20.41686,9.56721,2.0855,0.06715,79.9042,-5.766375,-1.375094,0.433235,,,,,,,,,,,,-5.84437,11.67965,-1.89885,50,5.70746,6.50019,-127.82382,-6.5001,-9.56924,28.89729,-13.0505,FOR_RAM,FOR_RAM,FordhamUniversity,TeamExclusive,Team,20260916-FordhamUniversity-Private-1,a73a62e0-b208-11f1-9cb4-878818705a31,87.0022,,,8.38031,,,,,,,fe8d6ad8-6366-43a8-8e06-1e5f959c4394,2026-09-16,19:56:18.88,2026-09-16T15:56:18.8885504-04:00,2026-09-16T19:56:18.8885504Z,,v3,471298,471298,,"Young, Caden",10264258,Right,FOR_RAM,65e59ff2-a798-44f8-94f6-4bb4ee697176,54.53071,-128.84402,14.44865,5.92881,-6.03936,-6.52525,-2.1343,6.83803,-4.78462,,,,,,,,,,,,,,,,,,,,,,,,,,,,,,,,,,,,,,,,,,,,,,,,,,,High,High,High,,,,,
24,2026-09-16,15:56:34.55,1,3,"Rodarte, Jordan",10138918,Right,FOR_RAM,"Dean, Mason",1000150670,Left,FOR_RAM,Undefined,1,Bottom,0,1,1,ChangeUp,Changeup,StrikeSwinging,Undefined,Undefined,Undefined,0,0,,81.76294,-0.874648,-2.810459,1283.548302,260.950938,2:45,5.90736,2.17122,5.88258,-38.47892,4.01638,15.50753,1.88751,0.85152,73.98064,-8.00316,-0.026329,0.469182,,,,,,,,,,,,-8.84894,2.79228,-1.9532,50,5.81472,5.20875,-118.49416,-3.04934,-12.37083,26.17735,-28.27043,FOR_RAM,FOR_RAM,FordhamUniversity,TeamExclusive,Team,20260916-FordhamUniversity-Private-1,b09f2be0-b208-11f1-9cb4-878818705a31,80.33641,,,7.78231,,,,,,,fe8d6ad8-6366-43a8-8e06-1e5f959c4394,2026-09-16,19:56:34.55,2026-09-16T15:56:34.5539584-04:00,2026-09-16T19:56:34.5539584Z,,v3,471298,471298,,"Young, Caden",10264258,Right,FOR_RAM,d6c59192-caac-4d1c-9fe5-72b584d6bd6b,54.61484,-119.50931,13.08867,5.91172,-1.95302,-14.13521,-2.16449,5.68848,-6.18542,,,,,,,,,,,,,,,,,,,,,,,,,,,,,,,,,,,,,,,,,,,,,,,,,,,High,High,High,,,,,
25,2026-09-16,15:56:53.27,1,4,"Rodarte, Jordan",10138918,Right,FOR_RAM,"Dean, Mason",1000150670,Left,FOR_RAM,Undefined,1,Bottom,0,1,2,ChangeUp,Changeup,StrikeSwinging,Strikeout,Undefined,Undefined,0,0,,84.18759,-0.43868,-2.456147,1349.773659,264.857592,2:45,5.85546,2.25535,5.96616,-37.00478,2.90229,16.24607,2.36461,1.33051,76.1131,-7.308645,0.465652,0.45467,,,,,,,,,,,,-9.07126,2.09311,-2.06928,50,5.80052,4.57377,-122.06666,-2.15989,-13.46784,27.61443,-29.06649,FOR_RAM,FOR_RAM,FordhamUniversity,TeamExclusive,Team,20260916-FordhamUniversity-Private-1,bbce2d90-b208-11f1-9cb4-878818705a31,82.90061,,,8.0745,,,,,,,fe8d6ad8-6366-43a8-8e06-1e5f959c4394,2026-09-16,19:56:53.27,2026-09-16T15:56:53.2700000-04:00,2026-09-16T19:56:53.2700000Z,,v3,471298,471298,,"Young, Caden",10264258,Right,FOR_RAM,fe153592-152b-44b1-b1f7-d95758a9b120,54.53048,-123.0873,13.80722,5.86049,-1.08558,-14.53325,-2.24752,5.07155,-6.73392,,,,,,,,,,,,,,,,,,,,,,,,,,,,,75.304,2.521502,1.65888,0.862622,-0.75941,2.07948,-1.35048,0.98103,5.52822,-4.23044,73.67508,6.67831,-51.11682,1.02353,90.34508,-7.09178,5.56063,13.77092,-14.45626,-4.28108,-60.34181,7.00232,High,High,High,,,High,Medium,Medium
26,2026-09-16,15:57:18.98,2,1,"Rodarte, Jordan",10138918,Right,FOR_RAM,"Caron, Michael",1000322224,Left,FOR_RAM,Undefined,1,Bottom,1,0,0,Fastball,Four-Seam,StrikeCalled,Undefined,Undefined,Undefined,0,0,,89.84997,-2.56488,-3.375601,2081.443781,199.792592,12:45,5.85993,2.13452,5.97517,-14.13469,20.8121,7.04618,2.29862,-0.41118,81.3538,-5.301531,-2.112458,0.425476,,,,,,,,,,,,-4.63878,11.81725,-1.87111,50,5.64879,7.37225,-130.08535,-6.19735,-7.87382,29.69175,-12.11563,FOR_RAM,FOR_RAM,FordhamUniversity,TeamExclusive,Team,20260916-FordhamUniversity-Private-1,cb10bbb0-b208-11f1-9cb4-878818705a31,88.5889,,,8.49617,,,,,,,fe8d6ad8-6366-43a8-8e06-1e5f959c4394,2026-09-16,19:57:18.98,2026-09-16T15:57:18.9879808-04:00,2026-09-16T19:57:18.9879808Z,,v3,471298,471298,,"Young, Caden",10264258,Right,FOR_RAM,01044928-d13b-405d-a0fa-6e161f6ef2de,54.5211,-131.11322,14.84587,5.85607,-5.77793,-6.05782,-2.13104,7.64483,-3.93691,,,,,,,,,,,,,,,,,,,,,,,,,,,,,,,,,,,,,,,,,,,,,,,,,,,High,High,High,,,,,
27,2026-09-16,15:57:33.41,2,2,"Rodarte, Jordan",10138918,Right,FOR_RAM,"Caron, Michael",1000322224,Left,FOR_RAM,Undefined,1,Bottom,1,0,1,Fastball,Sinker,BallCalled,Undefined,Undefined,Undefined,0,0,,89.21857,0.307901,-3.410218,2112.414248,223.14294,1:30,5.90956,2.26969,5.95815,-19.45714,16.08084,13.87855,4.57416,0.26014,80.28562,-3.408113,-0.922304,0.42906,,,,,,,,,,,,-8.1176,8.49142,-2.006,50,5.92321,7.09424,-129.22714,0.12566,-13.54647,30.23392,-18.00375,FOR_RAM,FOR_RAM,FordhamUniversity,TeamExclusive,Team,20260916-FordhamUniversity-Private-1,d3a7d470-b208-11f1-9cb4-878818705a31,87.84894,,,8.93295,,,,,,,fe8d6ad8-6366-43a8-8e06-1e5f959c4394,2026-09-16,19:57:33.41,2026-09-16T15:57:33.4193152-04:00,2026-09-16T19:57:33.4193152Z,,v3,471298,471298,,"Young, Caden",10264258,Right,FOR_RAM,4987e801-38ea-419c-88da-25256a0bf87a,54.53662,-130.2842,15.11696,5.90782,0.75512,-9.00187,-2.26232,7.56786,-6.77324,,,,,,,,,,,,,,,,,,,,,,,,,,,,,,,,,,,,,,,,,,,,,,,,,,,High,High,High,,,,,
28,2026-09-16,15:57:48.39,2,3,"Rodarte, Jordan",10138918,Right,FOR_RAM,"Caron, Michael",1000322224,Left,FOR_RAM,Undefined,1,Bottom,1,1,1,ChangeUp,Changeup,StrikeSwinging,Undefined,Undefined,Undefined,0,0,,82.93493,-1.289708,-2.352851,1447.929878,247.644186,2:15,5.87535,2.11841,5.76221,-34.79781,6.67902,12.56552,1.77394,0.97441,75.02176,-7.739203,-0.101586,0.463526,,,,,,,,,,,,-7.168,4.26016,-1.93122,50,5.74758,4.43148,-120.17764,-3.84591,-10.31144,26.84719,-26.04565,FOR_RAM,FOR_RAM,FordhamUniversity,TeamExclusive,Team,20260916-FordhamUniversity-Private-1,dcbdba20-b208-11f1-9cb4-878818705a31,81.31676,,,7.91317,,,,,,,fe8d6ad8-6366-43a8-8e06-1e5f959c4394,2026-09-16,19:57:48.39,2026-09-16T15:57:48.3942912-04:00,2026-09-16T19:57:48.3942912Z,,v3,471298,471298,,"Young, Caden",10264258,Right,FOR_RAM,87c567a8-fc49-47a9-9dad-6084016eac5b,54.73456,-121.23071,13.4236,5.87839,-2.82428,-13.02283,-2.11297,4.83595,-5.15572,,,,,,,,,,,,,,,,,,,,,,,,,,,,,,,,,,,,,,,,,,,,,,,,,,,High,High,High,,,,,
29,2026-09-16,15:58:04.97,2,4,"Rodarte, Jordan",10138918,Right,FOR_RAM,"Caron, Michael",1000322224,Left,FOR_RAM,Undefined,1,Bottom,1,1,2,Fastball,Four-Seam,FoulBallNotFieldable,Undefined,Undefined,Undefined,0,0,,90.14197,-2.946236,-3.609481,2119.869838,216.965696,1:15,5.84817,2.19328,6.08289,-17.12253,17.4091,12.20052,1.68778,-0.13372,81.86158,-6.213693,-1.417153,0.422941,79.79295,5.003144,-144.17841,2201.430602,,,,49.33665,41.80684,-147.882228,0.470242,-7.37378,10.21339,-1.92063,50,5.61099,7.72357,-130.5108,-7.21548,-12.62415,29.36497,-14.68836,FOR_RAM,FOR_RAM,FordhamUniversity,TeamExclusive,Team,20260916-FordhamUniversity-Private-1,e690d550-b208-11f1-9cb4-878818705a31,89.11984,2.37721,,8.28039,,,,0.3211,1.53553,0.22868,fe8d6ad8-6366-43a8-8e06-1e5f959c4394,2026-09-16,19:58:04.97,2026-09-16T15:58:04.9708032-04:00,2026-09-16T19:58:04.9708032Z,GroundBall,v3,471298,471298,,"Young, Caden",10264258,Right,FOR_RAM,8e5e3139-c353-4c29-8407-73a75faca8db,54.41474,-131.50037,14.68248,5.8458,-6.7205,-7.34418,-2.18808,8.14899,-6.31207,,0.32605,-94.68237,10.88797,,,,,,,1.56794,9.27004,-26.93885,,,,,,,0.19765,-67.33866,23.81527,,,,,,,,,,,,,,,,,,,,,,,,,,,,,High,High,High,Medium,Medium,,,
30,2026-09-16,15:58:26.93,2,5,"Rodarte, Jordan",10138918,Right,FOR_RAM,"Caron, Michael",1000322224,Left,FOR_RAM,Undefined,1,Bottom,1,1,2,Fastball,Four-Seam,BallCalled,Undefined,Undefined,Undefined,0,0,,90.18818,-0.254857,-1.489681,2121.148249,204.703049,12:45,5.86472,2.19448,5.91717,-16.34477,18.76344,8.00457,4.26606,1.47874,80.42468,-3.427929,-0.053014,0.426458,,,,,,,,,,,,-4.5589,10.02918,-2.0794,50,5.83508,3.03661,-130.6359,-1.0176,-7.69114,33.60953,-15.25424,FOR_RAM,FOR_RAM,FordhamUniversity,TeamExclusive,Team,20260916-FordhamUniversity-Private-1,f3c3e460-b208-11f1-9cb4-878818705a31,88.38497,,,9.7635,,,,,,,fe8d6ad8-6366-43a8-8e06-1e5f959c4394,2026-09-16,19:58:26.93,2026-09-16T15:58:26.9307392-04:00,2026-09-16T19:58:26.9307392Z,,v3,471298,471298,,"Young, Caden",10264258,Right,FOR_RAM,72bb5367-907a-40c7-abfa-b909d6169ed1,54.57476,-131.80762,16.80476,5.86128,-0.4858,-7.62712,-2.18994,3.30475,-3.84557,,,,,,,,,,,,,,,,,,,,,,,,,,,,,,,,,,,,,,,,,,,,,,,,,,,High,High,High,,,,,
31,2026-09-16,15:58:41.72,2,6,"Rodarte, Jordan",10138918,Right,FOR_RAM,"Caron, Michael",1000322224,Left,FOR_RAM,Undefined,1,Bottom,1,2,2,ChangeUp,Changeup,StrikeSwinging,Strikeout,Undefined,Undefined,0,0,,82.59232,-2.588412,-2.745306,1437.904773,262.297808,2:45,5.82969,2.22587,5.74333,-38.13841,4.43532,19.82599,0.23709,1.32,73.88018,-9.639275,0.810076,0.469615,,,,,,,,,,,,-11.19544,3.68232,-2.01008,50,5.59108,4.93448,-119.404,-6.65403,-15.63141,30.02894,-27.03266,FOR_RAM,FOR_RAM,FordhamUniversity,TeamExclusive,Team,20260916-FordhamUniversity-Private-1,fc711d30-b208-11f1-9cb4-878818705a31,80.26235,,,8.71214,,,,,,,fe8d6ad8-6366-43a8-8e06-1e5f959c4394,2026-09-16,19:58:41.72,2026-09-16T15:58:41.7296384-04:00,2026-09-16T19:58:41.7296384Z,,v3,471298,471298,,"Young, Caden",10264258,Right,FOR_RAM,677b2b16-87f4-4930-9907-1a60fd1b4be6,54.75367,-120.59358,15.01447,5.83346,-5.58315,-13.51633,-2.21782,5.55371,-7.81571,,,,,,,,,,,,,,,,,,,,,,,,,,,,,,,,,,,,,,,,,,,,,,,,,,,High,High,High,,,,,
32,2026-09-16,15:59:17.27,3,1,"Rodarte, Jordan",10138918,Right,FOR_RAM,"Grabau, Anthony",1000407420,Left,FOR_RAM,Undefined,1,Bottom,2,0,0,Fastball,Four-Seam,StrikeCalled,Undefined,Undefined,Undefined,0,0,,89.99943,-2.151234,-2.195428,2071.707033,204.842474,12:45,5.80458,2.16848,5.97351,-16.6406,18.43903,7.92079,2.42115,0.79227,80.78232,-5.357946,-0.77273,0.426284,,,,,,,,,,,,-4.76024,10.53138,-1.9989,50,5.625,4.64859,-130.32079,-5.35292,-8.03061,32.24939,-14.40737,FOR_RAM,FOR_RAM,FordhamUniversity,TeamExclusive,Team,20260916-FordhamUniversity-Private-1,11b10660-b209-11f1-9cb4-878818705a31,88.42097,,,9.21711,,,,,,,fe8d6ad8-6366-43a8-8e06-1e5f959c4394,2026-09-16,19:59:17.27,2026-09-16T15:59:17.2773888-04:00,2026-09-16T19:59:17.2773888Z,,v3,471298,471298,,"Young, Caden",10264258,Right,FOR_RAM,f245482e-f085-4245-8777-a0ca19896f6a,54.52024,-131.43461,16.1247,5.80129,-4.85532,-7.20368,-2.16424,4.92595,-4.01531,,,,,,,,,,,,,,,,,,,,,,,,,,,,,,,,,,,,,,,,,,,,,,,,,,,High,High,High,,,,,
33,2026-09-16,15:59:35.78,3,2,"Rodarte, Jordan",10138918,Right,FOR_RAM,"Grabau, Anthony",1000407420,Left,FOR_RAM,Undefined,1,Bottom,2,0,1,Fastball,Four-Seam,BallCalled,Undefined,Undefined,Undefined,0,0,,90.04692,-1.162782,-2.055417,1980.206546,219.015781,1:15,5.8458,2.26218,5.82058,-18.29072,17.04938,12.70201,3.23967,1.4089,80.46177,-4.671879,0.220138,0.427863,,,,,,,,,,,,-7.10713,9.45347,-2.10122,50,5.74001,4.10416,-130.3769,-3.18263,-11.95592,33.20038,-16.27103,FOR_RAM,FOR_RAM,FordhamUniversity,TeamExclusive,Team,20260916-FordhamUniversity-Private-1,1cae97d0-b209-11f1-9cb4-878818705a31,88.09455,,,9.58515,,,,,,,fe8d6ad8-6366-43a8-8e06-1e5f959c4394,2026-09-16,19:59:35.78,2026-09-16T15:59:35.7854208-04:00,2026-09-16T19:59:35.7854208Z,,v3,471298,471298,,"Young, Caden",10264258,Right,FOR_RAM,9d5c5a69-ed7e-44ec-a331-17f1d12017cb,54.67228,-131.56132,16.60019,5.8432,-2.60217,-8.13552,-2.25524,4.53068,-5.97796,,,,,,,,,,,,,,,,,,,,,,,,,,,,,,,,,,,,,,,,,,,,,,,,,,,High,High,High,,,,,
34,2026-09-16,15:59:55.71,3,3,"Rodarte, Jordan",10138918,Right,FOR_RAM,"Grabau, Anthony",1000407420,Left,FOR_RAM,Undefined,1,Bottom,2,1,1,ChangeUp,Changeup,StrikeSwinging,Undefined,Undefined,Undefined,0,0,,82.19269,-1.250102,-2.85619,1339.537845,241.536061,2:00,5.86417,2.09888,5.89631,-31.51466,10.74382,16.82938,2.07572,0.84745,73.86317,-7.15323,0.163901,0.467873,,,,,,,,,,,,-9.53189,6.39713,-1.87832,50,5.74574,5.26161,-119.0065,-3.56917,-13.37778,27.38624,-23.19584,FOR_RAM,FOR_RAM,FordhamUniversity,TeamExclusive,Team,20260916-FordhamUniversity-Private-1,28810570-b209-11f1-9cb4-878818705a31,80.56119,,,8.32951,,,,,,,fe8d6ad8-6366-43a8-8e06-1e5f959c4394,2026-09-16,19:59:55.71,2026-09-16T15:59:55.7106688-04:00,2026-09-16T19:59:55.7106688Z,,v3,471298,471298,,"Young, Caden",10264258,Right,FOR_RAM,bb1679a2-ae93-47b9-8226-533cecf032f8,54.59879,-120.06013,13.69312,5.86589,-2.67676,-11.59792,-2.09065,5.77629,-6.68889,,,,,,,,,,,,,,,,,,,,,,,,,,,,,,,,,,,,,,,,,,,,,,,,,,,High,High,High,,,,,
35,2026-09-16,16:00:19.17,3,4,"Rodarte, Jordan",10138918,Right,FOR_RAM,"Grabau, Anthony",1000407420,Left,FOR_RAM,Undefined,1,Bottom,2,1,2,Fastball,Four-Seam,BallCalled,Undefined,Undefined,Undefined,0,0,,89.73349,-1.713557,-1.859927,2069.094912,210.46421,1:00,5.76767,2.27007,6.02167,-17.25214,17.9834,9.78764,2.74157,1.36241,80.42986,-5.039515,-0.099593,0.42723,,,,,,,,,,,,-5.61382,10.17953,-2.12947,50,5.6241,3.79507,-129.99295,-4.36249,-9.40906,32.45604,-15.11263,FOR_RAM,FOR_RAM,FordhamUniversity,TeamExclusive,Team,20260916-FordhamUniversity-Private-1,366f4e30-b209-11f1-9cb4-878818705a31,88.22518,,,9.30362,,,,,,,fe8d6ad8-6366-43a8-8e06-1e5f959c4394,2026-09-16,20:00:19.17,2026-09-16T16:00:19.1721984-04:00,2026-09-16T20:00:19.1721984Z,,v3,471298,471298,,"Young, Caden",10264258,Right,FOR_RAM,1802b077-a39c-4e9e-9c2b-4e56696033d9,54.47203,-131.10475,16.22802,5.76467,-3.8448,-7.55632,-2.26499,4.11739,-4.70453,,,,,,,,,,,,,,,,,,,,,,,,,,,,,,,,,,,,,,,,,,,,,,,,,,,High,High,High,,,,,
36,2026-09-16,16:00:40.48,3,5,"Rodarte, Jordan",10138918,Right,FOR_RAM,"Grabau, Anthony",1000407420,Left,FOR_RAM,Undefined,1,Bottom,2,2,2,ChangeUp,Changeup,StrikeSwinging,Strikeout,Undefined,Undefined,0,0,,83.76242,-1.921705,-3.306389,1315.14383,244.419265,2:15,5.82065,2.12977,5.7675,-31.70344,9.18871,15.94552,1.38661,0.37806,75.43228,-7.821877,-0.452415,0.460247,,,,,,,,,,,,-9.22812,5.77544,-1.86577,50,5.6425,6.34917,-121.19403,-5.09787,-13.44919,28.1264,-23.75681,FOR_RAM,FOR_RAM,FordhamUniversity,TeamExclusive,Team,20260916-FordhamUniversity-Private-1,432cb810-b209-11f1-9cb4-878818705a31,81.89604,,,8.33014,,,,,,,fe8d6ad8-6366-43a8-8e06-1e5f959c4394,2026-09-16,20:00:40.48,2026-09-16T16:00:40.4854784-04:00,2026-09-16T20:00:40.4854784Z,,v3,471298,471298,,"Young, Caden",10264258,Right,FOR_RAM,4d8b1918-4809-49cc-8a88-5ac086d7ddfd,54.72873,-122.28654,14.0632,5.82259,-4.17509,-11.87841,-2.12253,6.87158,-6.7246,,,,,,,,,,,,,,,,,,,,,,,,,,,,,,,,,,,,,,,,,,,,,,,,,,,High,High,High,,,,,
37,2026-09-16,16:04:11.38,1,1,"Musser, Aiden",10882258,Right,FOR_RAM,"Wansaw, Michael",1000503198,Right,FOR_RAM,Undefined,2,Top,0,0,0,Fastball,Sinker,BallCalled,Undefined,Undefined,Undefined,0,0,,87.50561,-1.706976,-5.308668,2097.83127,229.887129,1:45,5.65576,1.18815,5.27216,-24.43151,13.53146,14.46717,2.00907,-2.60696,79.25337,-6.240681,-2.757145,0.443457,,,,,,,,,,,,-8.79103,7.66658,-0.71276,50,5.48158,11.0787,-126.30858,-4.63205,-14.09141,27.59462,-19.88506,FOR_RAM,FOR_RAM,FordhamUniversity,TeamExclusive,Team,20260916-FordhamUniversity-Private-1,c0de25f0-b209-11f1-9cb4-878818705a31,84.99681,,,8.25225,,,,,,,fe8d6ad8-6366-43a8-8e06-1e5f959c4394,2026-09-16,20:04:11.38,2026-09-16T16:04:11.3896448-04:00,2026-09-16T20:04:11.3896448Z,,v3,471298,471298,,"Velit, Liam",1000239563,Right,FOR_RAM,3399f989-673b-4d65-bb4d-42983f9d4784,55.22407,-127.44477,13.79731,5.65545,-3.8133,-9.94253,-1.18086,11.6589,-7.04571,,,,,,,,,,,,,,,,,,,,,,,,,,,,,,,,,,,,,,,,,,,,,,,,,,,High,High,High,,,,,
38,2026-09-16,16:04:27.77,1,2,"Musser, Aiden",10882258,Right,FOR_RAM,"Wansaw, Michael",1000503198,Right,FOR_RAM,Undefined,2,Top,0,1,0,Fastball,Changeup,BallCalled,Undefined,Undefined,Undefined,0,0,,82.73158,-0.921827,-4.923768,1984.755036,223.797698,1:30,5.6671,1.28582,5.46906,-27.95651,14.10292,12.11658,2.47143,-2.32378,75.03769,-6.11919,-2.777499,0.46677,,,,,,,,,,,,-7.52426,7.80808,-0.86019,50,5.56704,9.78623,-119.55266,-2.83383,-10.8125,24.57691,-20.95372,FOR_RAM,FOR_RAM,FordhamUniversity,TeamExclusive,Team,20260916-FordhamUniversity-Private-1,cab20470-b209-11f1-9cb4-878818705a31,80.75157,,,7.69389,,,,,,,fe8d6ad8-6366-43a8-8e06-1e5f959c4394,2026-09-16,20:04:27.77,2026-09-16T16:04:27.7739008-04:00,2026-09-16T20:04:27.7739008Z,,v3,471298,471298,,"Velit, Liam",1000239563,Right,FOR_RAM,c8c035f5-889f-4bf2-b17b-51d59e1a1024,55.02626,-120.5815,12.28846,5.66731,-1.95667,-10.47686,-1.27934,10.23887,-5.40625,,,,,,,,,,,,,,,,,,,,,,,,,,,,,,,,,,,,,,,,,,,,,,,,,,,High,High,High,,,,,
39,2026-09-16,16:04:46.52,1,3,"Musser, Aiden",10882258,Right,FOR_RAM,"Wansaw, Michael",1000503198,Right,FOR_RAM,Undefined,2,Top,0,2,0,Fastball,Changeup,BallCalled,Undefined,Undefined,Undefined,0,0,,83.66521,-1.699985,-6.182003,2023.711566,215.162442,1:15,5.808,1.09534,5.38673,-24.95793,16.4282,10.55949,2.125,-3.84164,75.98859,-6.340419,-4.322084,0.463019,,,,,,,,,,,,-7.04225,9.15465,-0.54819,50,5.63798,12.60204,-120.59467,-4.40039,-10.32136,24.49381,-18.75668,FOR_RAM,FOR_RAM,FordhamUniversity,TeamExclusive,Team,20260916-FordhamUniversity-Private-1,d5f1cf00-b209-11f1-9cb4-878818705a31,81.40581,,,7.67661,,,,,,,fe8d6ad8-6366-43a8-8e06-1e5f959c4394,2026-09-16,20:04:46.52,2026-09-16T16:04:46.5266176-04:00,2026-09-16T20:04:46.5266176Z,,v3,471298,471298,,"Velit, Liam",1000239563,Right,FOR_RAM,bbe4a472-e450-40c3-87a6-547d73739866,55.10759,-121.62764,12.2469,5.80687,-3.60937,-9.37834,-1.08883,13.03732,-5.16068,,,,,,,,,,,,,,,,,,,,,,,,,,,,,,,,,,,,,,,,,,,,,,,,,,,High,High,High,,,,,
40,2026-09-16,16:05:14.21,1,4,"Musser, Aiden",10882258,Right,FOR_RAM,"Wansaw, Michael",1000503198,Right,FOR_RAM,Undefined,2,Top,0,3,0,Fastball,Changeup,StrikeCalled,Undefined,Undefined,Undefined,0,0,,84.93101,-1.183169,-3.465623,2019.027042,225.649471,1:30,5.79852,0.83179,5.26921,-24.50446,15.62198,14.53406,2.64289,-1.21643,76.91129,-5.751333,-0.892343,0.455918,,,,,,,,,,,,-8.25977,8.57091,-0.52556,50,5.67264,6.79642,-122.89835,-3.35928,-12.52504,26.2964,-19.17719,FOR_RAM,FOR_RAM,FordhamUniversity,TeamExclusive,Team,20260916-FordhamUniversity-Private-1,e6502d60-b209-11f1-9cb4-878818705a31,82.67374,,,8.01972,,,,,,,fe8d6ad8-6366-43a8-8e06-1e5f959c4394,2026-09-16,20:05:14.21,2026-09-16T16:05:14.2180864-04:00,2026-09-16T20:05:14.2180864Z,,v3,471298,471298,,"Velit, Liam",1000239563,Right,FOR_RAM,97348199-bd0d-4a83-9c68-43265a89be01,55.22623,-124.01156,13.1482,5.79767,-2.54744,-9.5886,-0.8245,7.32665,-6.26252,,,,,,,,,,,,,,,,,,,,,,,,,,,,,,,,,,,,,,,,,,,,,,,,,,,High,High,High,,,,,
41,2026-09-16,16:05:28.58,1,5,"Musser, Aiden",10882258,Right,FOR_RAM,"Wansaw, Michael",1000503198,Right,FOR_RAM,Undefined,2,Top,0,3,1,Fastball,Changeup,InPlay,Undefined,GroundBall,Single,0,1,,85.84847,-1.266996,-2.971597,2100.41403,234.725918,1:45,5.6275,0.95767,5.3676,-25.93289,13.34237,16.83434,2.27666,-0.42821,77.44961,-6.100209,0.017886,0.451056,87.40888,-19.327684,-31.245313,,,,,8.10308,7.40691,-21.395097,0.054606,-9.41855,7.51079,-0.70345,50,5.49576,5.71831,-124.27446,-3.62991,-14.51643,28.26616,-20.59797,FOR_RAM,FOR_RAM,FordhamUniversity,TeamExclusive,Team,20260916-FordhamUniversity-Private-1,eef1cd70-b209-11f1-9cb4-878818705a31,83.56479,2.32173,,8.39886,,,,1.88526,2.32173,0.4776,fe8d6ad8-6366-43a8-8e06-1e5f959c4394,2026-09-16,20:05:28.58,2026-09-16T16:05:28.5841920-04:00,2026-09-16T20:05:28.5841920Z,GroundBall,v3,471298,471298,,"Velit, Liam",1000239563,Right,FOR_RAM,ac79fcbe-b438-415c-b1f9-c51d12e28d39,55.12948,-125.43573,14.13308,5.62751,-2.78367,-10.29898,-0.95063,6.31469,-7.25822,180,1.88338,103.64169,,,,,,,,2.3225,-42.5181,,,,,,,,0.47874,-62.87972,,,,,,,,,,,,,,,,,,,,,,,,,,,,,,High,High,High,High,High,,,
42,2026-09-16,16:06:11.32,2,1,"Musser, Aiden",10882258,Right,FOR_RAM,"Forney, Colden",1000306564,Right,FOR_RAM,Undefined,2,Top,0,0,0,ChangeUp,Changeup,BallCalled,Undefined,Undefined,Undefined,0,0,,72.27948,0.196994,-3.167066,1495.315339,238.259214,2:00,5.76386,0.81448,5.35168,-46.15758,9.8656,12.37095,2.10244,-1.12804,64.87542,-8.326393,-0.970722,0.53871,,,,,,,,,,,,-7.21445,5.56693,-0.53807,50,5.74969,5.30429,-104.45694,-1.04133,-7.78169,21.49237,-26.16942,FOR_RAM,FOR_RAM,FordhamUniversity,TeamExclusive,Team,20260916-FordhamUniversity-Private-1,08964940-b20a-11f1-9cb4-878818705a31,69.96794,,,7.40405,,,,,,,fe8d6ad8-6366-43a8-8e06-1e5f959c4394,2026-09-16,20:06:11.32,2026-09-16T16:06:11.3276416-04:00,2026-09-16T20:06:11.3276416Z,,v3,471298,471298,,"Velit, Liam",1000239563,Right,FOR_RAM,87baabe9-b133-44ec-ad57-9ceb61a3f3d5,55.14004,-105.50922,10.74618,5.76931,0.23994,-13.08471,-0.8071,5.68529,-3.89084,,,,,,,,,,,,,,,,,,,,,,,,,,,,,,,,,,,,,,,,,,,,,,,,,,,High,High,High,,,,,
43,2026-09-16,16:06:41.96,2,2,"Musser, Aiden",10882258,Right,FOR_RAM,"Forney, Colden",1000306564,Right,FOR_RAM,Undefined,2,Top,0,1,0,Fastball,Changeup,FoulBallNotFieldable,Undefined,Undefined,Undefined,0,0,"velit challange unsuccessful
",85.22149,-1.500765,-2.573939,2038.315169,232.995191,1:45,5.71153,0.89493,5.47151,-26.24371,13.18485,15.69099,2.11838,-0.20783,77.43485,-6.380831,0.219342,0.451936,92.5409,-52.804046,-95.736495,,,,,2.54137,2.54137,-35.029274,0.020411,-8.78441,7.49382,-0.68003,50,5.56188,4.90208,-123.52464,-4.11351,-13.45584,26.57971,-20.69513,FOR_RAM,FOR_RAM,FordhamUniversity,TeamExclusive,Team,20260916-FordhamUniversity-Private-1,1ab3e3d0-b20a-11f1-9cb4-878818705a31,83.40217,2.21079,,7.78663,,,,2.24873,2.21079,0.2107,fe8d6ad8-6366-43a8-8e06-1e5f959c4394,2026-09-16,20:06:41.96,2026-09-16T16:06:41.9649024-04:00,2026-09-16T20:06:41.9649024Z,GroundBall,v3,471298,471298,,"Velit, Liam",1000239563,Right,FOR_RAM,06484e71-c32c-4b4d-b7e3-8c76d3ebd942,55.02779,-124.60181,13.28986,5.71159,-3.27482,-10.34757,-0.88974,5.44739,-6.72792,,2.24878,-8.21663,,,,,,,,2.21145,-108.31635,,,,,,,,0.2112,-81.79285,,,,,,,,,,,,,,,,,,,,,,,,,,,,,,High,High,High,Estimated,Estimated,,,
44,2026-09-16,16:07:10.01,2,3,"Musser, Aiden",10882258,Right,FOR_RAM,"Forney, Colden",1000306564,Right,FOR_RAM,Undefined,2,Top,0,1,1,ChangeUp,Changeup,BallCalled,Undefined,Undefined,Undefined,0,0,,74.86085,0.485663,-4.509381,1582.633066,235.741381,1:45,5.60089,0.74806,5.49702,-41.06975,11.14965,13.27052,2.6341,-2.37272,66.80369,-7.151481,-2.154697,0.520101,,,,,,,,,,,,-8.17158,6.08721,-0.36176,50,5.61672,7.99329,-108.00892,-0.32634,-9.40233,23.36511,-25.17003,FOR_RAM,FOR_RAM,FordhamUniversity,TeamExclusive,Team,20260916-FordhamUniversity-Private-1,2b5fc5f0-b20a-11f1-9cb4-878818705a31,72.47145,,,8.05716,,,,,,,fe8d6ad8-6366-43a8-8e06-1e5f959c4394,2026-09-16,20:07:10.01,2026-09-16T16:07:10.0179456-04:00,2026-09-16T20:07:10.0179456Z,,v3,471298,471298,,"Velit, Liam",1000239563,Right,FOR_RAM,1c544c8a-3dea-4202-af8e-8e2e1238c74e,54.99388,-109.08387,11.68255,5.6051,0.83165,-12.58501,-0.73946,8.42587,-4.70116,,,,,,,,,,,,,,,,,,,,,,,,,,,,,,,,,,,,,,,,,,,,,,,,,,,High,High,High,,,,,
45,2026-09-16,16:07:26.52,2,4,"Musser, Aiden",10882258,Right,FOR_RAM,"Forney, Colden",1000306564,Right,FOR_RAM,Undefined,2,Top,0,2,1,Fastball,Changeup,BallCalled,Undefined,Undefined,Undefined,0,0,,85.70518,-0.806216,-4.686755,2087.842878,226.212653,1:30,5.70351,1.02738,5.18419,-25.77832,13.78501,12.94973,2.79421,-2.31276,77.69122,-5.583047,-2.403739,0.452708,,,,,,,,,,,,-7.78685,7.50587,-0.60114,50,5.60929,9.56676,-123.85125,-2.64498,-12.01943,26.17733,-20.58835,FOR_RAM,FOR_RAM,FordhamUniversity,TeamExclusive,Team,20260916-FordhamUniversity-Private-1,35422360-b20a-11f1-9cb4-878818705a31,83.25998,,,8.01396,,,,,,,fe8d6ad8-6366-43a8-8e06-1e5f959c4394,2026-09-16,20:07:26.52,2026-09-16T16:07:26.5212416-04:00,2026-09-16T20:07:26.5212416Z,,v3,471298,471298,,"Velit, Liam",1000239563,Right,FOR_RAM,a350bea6-95c9-4d6f-82e9-5123899f452b,55.31124,-124.96879,13.08867,5.70345,-1.76604,-10.29417,-1.02051,10.07988,-6.00972,,,,,,,,,,,,,,,,,,,,,,,,,,,,,,,,,,,,,,,,,,,,,,,,,,,High,High,High,,,,,
46,2026-09-16,16:07:45.80,2,5,"Musser, Aiden",10882258,Right,FOR_RAM,"Forney, Colden",1000306564,Right,FOR_RAM,Undefined,2,Top,0,3,1,Fastball,Changeup,BallCalled,Walk,Undefined,Undefined,0,0,,85.79037,-1.389682,-4.805101,2087.275147,232.387774,1:45,5.69336,1.14397,5.39411,-27.0395,11.85859,13.7578,2.13286,-2.2233,78.451,-6.380282,-2.369809,0.448885,,,,,,,,,,,,-8.1893,6.72217,-0.72405,50,5.55014,9.8292,-124.09282,-3.95609,-12.78701,24.51569,-21.67784,FOR_RAM,FOR_RAM,FordhamUniversity,TeamExclusive,Team,20260916-FordhamUniversity-Private-1,40d1e2b0-b20a-11f1-9cb4-878818705a31,83.96897,,,7.33937,,,,,,,fe8d6ad8-6366-43a8-8e06-1e5f959c4394,2026-09-16,20:07:45.80,2026-09-16T16:07:45.8068480-04:00,2026-09-16T20:07:45.8068480Z,,v3,471298,471298,,"Velit, Liam",1000239563,Right,FOR_RAM,aa521f7c-b858-4b74-b343-4d5725066386,55.10319,-125.09694,12.25784,5.69399,-3.06821,-10.83892,-1.13736,10.35293,-6.39351,,,,,,,,,,,,,,,,,,,,,,,,,,,,,,,,,,,,,,,,,,,,,,,,,,,High,High,High,,,,,
47,2026-09-16,16:08:13.94,3,1,"Musser, Aiden",10882258,Right,FOR_RAM,"Chavez, Carson",1000156814,Right,FOR_RAM,Undefined,2,Top,0,0,0,Fastball,Sinker,StrikeSwinging,Undefined,Undefined,Undefined,0,0,,87.59141,-0.858916,-3.162444,2131.161128,234.571644,1:45,5.5938,1.15511,5.4148,-25.67793,11.70796,14.66674,2.64805,-0.58826,79.53905,-5.627744,-0.556966,0.440074,,,,,,,,,,,,-8.23871,6.51859,-0.88407,50,5.49979,6.34656,-126.87466,-2.80168,-13.34967,27.39217,-21.6116,FOR_RAM,FOR_RAM,FordhamUniversity,TeamExclusive,Team,20260916-FordhamUniversity-Private-1,5181e380-b20a-11f1-9cb4-878818705a31,85.6503,,,8.05236,,,,,,,fe8d6ad8-6366-43a8-8e06-1e5f959c4394,2026-09-16,20:08:13.94,2026-09-16T16:08:13.9424768-04:00,2026-09-16T20:08:13.9424768Z,,v3,471298,471298,,"Velit, Liam",1000239563,Right,FOR_RAM,842225e0-e38f-4767-9647-61dbcdd02d27,55.08119,-127.96698,13.69608,5.59433,-1.93987,-10.8058,-1.14777,6.87891,-6.67483,,,,,,,,,,,,,,,,,,,,,,,,,,,,,,,,,,,,,,,,,,,,,,,,,,,High,High,High,,,,,
48,2026-09-16,16:08:32.54,3,2,"Musser, Aiden",10882258,Right,FOR_RAM,"Chavez, Carson",1000156814,Right,FOR_RAM,Undefined,2,Top,0,0,1,ChangeUp,Changeup,FoulBallNotFieldable,Undefined,Undefined,Undefined,0,0,,76.43554,0.538664,-3.266555,1551.17319,255.694994,2:30,5.57534,1.12119,5.52998,-44.16183,5.27335,13.46166,2.39957,-0.81387,68.91723,-7.610613,-0.869243,0.506045,79.4896,34.081928,33.713205,4811.463769,84.8962,59.38346,69.94683,259.20558,220.52511,46.102627,4.364411,-7.87351,3.01099,-0.84643,50,5.59311,5.79624,-110.62381,-0.35473,-9.57628,23.1398,-28.51187,FOR_RAM,FOR_RAM,FordhamUniversity,TeamExclusive,Team,20260916-FordhamUniversity-Private-1,5cb4dcd0-b20a-11f1-9cb4-878818705a31,74.4843,64.97722,,7.51832,,,,0.49874,2.24842,0.86282,fe8d6ad8-6366-43a8-8e06-1e5f959c4394,2026-09-16,20:08:32.54,2026-09-16T16:08:32.5480448-04:00,2026-09-16T20:08:32.5480448Z,FlyBall,v3,471298,471298,,"Velit, Liam",1000239563,Right,FOR_RAM,7bd99aaf-d255-4424-82cb-72aa85eb3a9b,54.96644,-111.65783,11.5699,5.5805,0.91935,-14.25594,-1.115,6.22416,-4.78814,,0.49963,80.30397,-19.46143,4.90709,-1.13258,0.26581,-0.0658,0.01131,-0.0008,2.24967,65.29624,-18.66907,0.60958,0.42892,-0.28638,0.09005,-0.01357,0.00078,0.86408,53.56383,-2.73724,-0.60667,0.50351,-0.19747,0.04583,-0.00549,0.00025,,,,,,,,,,,,,,,,,,,,,,,High,High,High,High,Medium,,,
49,2026-09-16,16:09:11.72,3,3,"Musser, Aiden",10882258,Right,FOR_RAM,"Chavez, Carson",1000156814,Right,FOR_RAM,Undefined,2,Top,0,0,2,Fastball,Sinker,BallCalled,Undefined,Undefined,Undefined,0,0,,90.01676,0.567019,-4.050437,2090.117824,236.573628,2:00,5.70344,1.32436,5.00052,-25.3371,10.60493,14.24993,4.12866,-1.31828,81.66653,-4.10139,-1.543792,0.431492,,,,,,,,,,,,-8.14713,5.44177,-0.94639,50,5.738,8.52724,-130.21454,0.3193,-13.94476,28.13635,-22.85985,FOR_RAM,FOR_RAM,FordhamUniversity,TeamExclusive,Team,20260916-FordhamUniversity-Private-1,73e376a0-b20a-11f1-9cb4-878818705a31,87.35374,,,8.35023,,,,,,,fe8d6ad8-6366-43a8-8e06-1e5f959c4394,2026-09-16,20:09:11.72,2026-09-16T16:09:11.7293056-04:00,2026-09-16T20:09:11.7293056Z,,v3,471298,471298,,"Velit, Liam",1000239563,Right,FOR_RAM,ffac92b3-7018-4a62-ad6e-3b82bed2fd25,55.49557,-131.39663,14.06818,5.70441,1.27972,-11.42993,-1.31695,9.1131,-6.97238,,,,,,,,,,,,,,,,,,,,,,,,,,,,,,,,,,,,,,,,,,,,,,,,,,,High,High,High,,,,,
50,2026-09-16,16:09:29.47,3,4,"Musser, Aiden",10882258,Right,FOR_RAM,"Chavez, Carson",1000156814,Right,FOR_RAM,Undefined,2,Top,0,1,2,Fastball,Changeup,InPlay,Undefined,GroundBall,Out,2,0,,75.7384,-0.104588,-3.108637,1644.319998,262.714451,2:45,5.49031,1.14617,5.59558,-46.17853,4.22327,17.85473,1.5443,-0.27116,68.1831,-8.625197,0.078915,0.510969,80.50111,-10.693962,2.384756,,,,,9.10389,8.46163,3.993729,0.068793,-10.11843,2.71528,-0.89144,50,5.45167,5.28025,-109.62332,-1.63794,-12.02829,23.55338,-28.94626,FOR_RAM,FOR_RAM,FordhamUniversity,TeamExclusive,Team,20260916-FordhamUniversity-Private-1,7e899940-b20a-11f1-9cb4-878818705a31,73.7666,1.50944,,7.5553,,,,1.09562,1.50944,0.30147,fe8d6ad8-6366-43a8-8e06-1e5f959c4394,2026-09-16,20:09:29.47,2026-09-16T16:09:29.4777344-04:00,2026-09-16T20:09:29.4777344Z,GroundBall,v3,471298,471298,,"Velit, Liam",1000239563,Right,FOR_RAM,7f9a0b48-650f-429b-b85d-15c7466de6f0,54.90137,-110.67141,11.77669,5.4959,-0.34988,-14.47313,-1.13831,5.81549,-6.01414,180,1.09371,116.08993,,,,,,,,1.5098,-21.94175,,,,,,,,0.30139,4.83467,,,,,,,,,,,,,,,,,,,,,,,,,,,,,,High,High,High,High,High,,,
51,2026-09-16,16:10:09.66,4,1,"Musser, Aiden",10882258,Right,FOR_RAM,"Markey, Tommy",10084492,Left,FOR_RAM,Undefined,2,Top,2,0,0,Fastball,Sinker,BallCalled,Undefined,Undefined,Undefined,0,0,,90.36229,0.759648,-3.143669,2180.903263,232.218182,1:45,5.63943,1.45251,5.27662,-23.21174,12.01572,13.99969,4.41971,-0.3364,82.00669,-3.555506,-0.664787,0.427181,,,,,,,,,,,,-7.84276,6.12977,-1.17573,50,5.69219,6.52643,-130.89793,0.89562,-13.56213,28.48844,-21.57414,FOR_RAM,FOR_RAM,FordhamUniversity,TeamExclusive,Team,20260916-FordhamUniversity-Private-1,9672d080-b20a-11f1-9cb4-878818705a31,88.23528,,,8.35559,,,,,,,fe8d6ad8-6366-43a8-8e06-1e5f959c4394,2026-09-16,20:10:09.66,2026-09-16T16:10:09.6641024-04:00,2026-09-16T20:10:09.6641024Z,,v3,471298,471298,,"Velit, Liam",1000239563,Right,FOR_RAM,281090e7-1404-4ea9-add6-833b9d42fe37,55.21963,-132.02904,14.24422,5.63963,1.75219,-10.78707,-1.44554,7.06491,-6.78107,,,,,,,,,,,,,,,,,,,,,,,,,,,,,,,,,,,,,,,,,,,,,,,,,,,High,High,High,,,,,
52,2026-09-16,16:10:27.22,4,2,"Musser, Aiden",10882258,Right,FOR_RAM,"Markey, Tommy",10084492,Left,FOR_RAM,Undefined,2,Top,2,1,0,ChangeUp,Changeup,StrikeSwinging,Undefined,Undefined,Undefined,0,0,,75.06175,-1.101826,-2.451173,1597.375736,257.719263,2:30,5.51391,1.36599,5.47412,-45.87723,5.19174,15.46359,0.65868,0.3595,68.35134,-9.504753,0.306972,0.51434,,,,,,,,,,,,-8.63075,3.4587,-1.16166,50,5.38586,4.08336,-108.76709,-3.52829,-10.19279,21.59675,-28.08937,FOR_RAM,FOR_RAM,FordhamUniversity,TeamExclusive,Team,20260916-FordhamUniversity-Private-1,a0ed7650-b20a-11f1-9cb4-878818705a31,73.28317,,,6.71041,,,,,,,fe8d6ad8-6366-43a8-8e06-1e5f959c4394,2026-09-16,20:10:27.22,2026-09-16T16:10:27.2278528-04:00,2026-09-16T20:10:27.2278528Z,,v3,471298,471298,,"Velit, Liam",1000239563,Right,FOR_RAM,e27cfb72-ccbf-4539-aa00-07ee23b06c55,55.02438,-109.7602,10.79838,5.51841,-2.23663,-14.04469,-1.36021,4.55206,-5.09639,,,,,,,,,,,,,,,,,,,,,,,,,,,,,,,,,,,,,,,,,,,,,,,,,,,High,High,High,,,,,
53,2026-09-16,16:10:45.45,4,3,"Musser, Aiden",10882258,Right,FOR_RAM,"Markey, Tommy",10084492,Left,FOR_RAM,Undefined,2,Top,2,1,1,Fastball,Four-Seam,BallCalled,Undefined,Undefined,Undefined,0,0,,86.97616,1.437641,-3.191385,2184.493509,221.397824,1:30,5.6336,1.42085,5.27113,-23.68277,14.27898,11.51359,5.01281,-0.62049,79.07848,-2.971372,-1.153994,0.44345,,,,,,,,,,,,-6.58465,7.08772,-1.13748,50,5.74813,6.49701,-125.97196,2.35187,-10.57649,25.68725,-20.78949,FOR_RAM,FOR_RAM,FordhamUniversity,TeamExclusive,Team,20260916-FordhamUniversity-Private-1,abc55750-b20a-11f1-9cb4-878818705a31,84.99822,,,7.89769,,,,,,,fe8d6ad8-6366-43a8-8e06-1e5f959c4394,2026-09-16,20:10:45.45,2026-09-16T16:10:45.4502400-04:00,2026-09-16T20:10:45.4502400Z,,v3,471298,471298,,"Velit, Liam",1000239563,Right,FOR_RAM,c3055cd6-b467-420e-990c-6531444ae89a,55.22444,-127.03282,12.84363,5.63327,3.21046,-10.39475,-1.41483,6.93381,-5.28825,,,,,,,,,,,,,,,,,,,,,,,,,,,,,,,,,,,,,,,,,,,,,,,,,,,High,High,High,,,,,
54,2026-09-16,16:11:03.86,4,4,"Musser, Aiden",10882258,Right,FOR_RAM,"Markey, Tommy",10084492,Left,FOR_RAM,Undefined,2,Top,2,2,1,ChangeUp,Changeup,BallCalled,Undefined,Undefined,Undefined,0,0,,74.6255,-1.023651,-3.826461,1545.624547,265.980106,2:45,5.52317,1.42966,5.3887,-48.89373,2.99654,16.38395,0.48702,-0.79674,68.0463,-9.938978,-0.913182,0.518459,,,,,,,,,,,,-9.44914,2.35386,-1.09939,50,5.39723,6.60773,-107.99896,-3.49269,-11.02246,20.97581,-29.42825,FOR_RAM,FOR_RAM,FordhamUniversity,TeamExclusive,Team,20260916-FordhamUniversity-Private-1,b6c83ff0-b20a-11f1-9cb4-878818705a31,72.70092,,,6.5792,,,,,,,fe8d6ad8-6366-43a8-8e06-1e5f959c4394,2026-09-16,20:11:03.86,2026-09-16T16:11:03.8685696-04:00,2026-09-16T20:11:03.8685696Z,,v3,471298,471298,,"Velit, Liam",1000239563,Right,FOR_RAM,783b4e79-a2a2-4ad8-9406-6ff17101970e,55.10975,-108.98687,10.4879,5.52909,-2.1067,-14.71413,-1.42282,7.12686,-5.51123,,,,,,,,,,,,,,,,,,,,,,,,,,,,,,,,,,,,,,,,,,,,,,,,,,,High,High,High,,,,,
55,2026-09-16,16:11:23.67,4,5,"Musser, Aiden",10882258,Right,FOR_RAM,"Markey, Tommy",10084492,Left,FOR_RAM,Undefined,2,Top,2,3,1,ChangeUp,Changeup,BallCalled,Walk,Undefined,Undefined,0,0,,73.74453,0.255413,-4.371372,1593.310015,262.685605,2:45,5.49902,1.20557,5.3267,-49.69085,4.00768,15.38938,1.59848,-1.62179,66.5584,-8.847288,-1.644822,0.527415,,,,,,,,,,,,-9.10229,2.5574,-0.82095,50,5.48699,7.55033,-106.54189,-1.10529,-10.26576,21.51297,-29.28976,FOR_RAM,FOR_RAM,FordhamUniversity,TeamExclusive,Team,20260916-FordhamUniversity-Private-1,c2968ee0-b20a-11f1-9cb4-878818705a31,71.46635,,,7.18612,,,,,,,fe8d6ad8-6366-43a8-8e06-1e5f959c4394,2026-09-16,20:11:23.67,2026-09-16T16:11:23.6733952-04:00,2026-09-16T20:11:23.6733952Z,,v3,471298,471298,,"Velit, Liam",1000239563,Right,FOR_RAM,63103cca-f469-4f2c-81fe-e140420e7156,55.16879,-107.58051,10.75648,5.50622,0.30879,-14.64488,-1.19743,8.04595,-5.13288,,,,,,,,,,,,,,,,,,,,,,,,,,,,,,,,,,,,,,,,,,,,,,,,,,,High,High,High,,,,,
56,2026-09-16,16:11:51.66,5,1,"Musser, Aiden",10882258,Right,FOR_RAM,"Crang, Mason",10913432,Right,FOR_RAM,Undefined,2,Top,2,0,0,Fastball,Sinker,BallCalled,Undefined,Undefined,Undefined,0,0,,88.17832,0.856198,-1.237758,2020.911209,232.104215,1:45,5.62522,0.75796,5.40452,-23.84501,13.13414,15.22568,4.44062,0.86683,79.60927,-3.60678,1.469501,0.437673,,,,,,,,,,,,-7.92933,6.70197,-0.65828,50,5.68521,2.05732,-127.80821,1.09289,-12.97968,28.89364,-21.20351,FOR_RAM,FOR_RAM,FordhamUniversity,TeamExclusive,Team,20260916-FordhamUniversity-Private-1,d3329280-b20a-11f1-9cb4-878818705a31,86.12006,,,8.56905,,,,,,,fe8d6ad8-6366-43a8-8e06-1e5f959c4394,2026-09-16,20:11:51.66,2026-09-16T16:11:51.6667904-04:00,2026-09-16T20:11:51.6667904Z,,v3,471298,471298,,"Velit, Liam",1000239563,Right,FOR_RAM,28fc8ccc-f706-4fa4-93de-6d304433f9d2,55.08996,-128.95376,14.44682,5.62522,1.93355,-10.60176,-0.75005,2.57193,-6.48984,,,,,,,,,,,,,,,,,,,,,,,,,,,,,,,,,,,,,,,,,,,,,,,,,,,High,High,High,,,,,
57,2026-09-16,16:12:08.67,5,2,"Musser, Aiden",10882258,Right,FOR_RAM,"Crang, Mason",10913432,Right,FOR_RAM,Undefined,2,Top,2,1,0,Fastball,Sinker,FoulBallNotFieldable,Undefined,Undefined,Undefined,0,0,,87.86754,-1.116873,-2.980754,2038.516189,234.841256,1:45,5.51506,0.94074,5.48441,-25.61454,11.42489,14.43335,2.33404,-0.64776,79.84795,-5.875661,-0.412368,0.43803,,,,,,,,,,,,-8.21985,6.45733,-0.68959,50,5.39986,6.00812,-127.34517,-3.37274,-13.40395,27.85141,-21.64418,FOR_RAM,FOR_RAM,FordhamUniversity,TeamExclusive,Team,20260916-FordhamUniversity-Private-1,dd6b4d50-b20a-11f1-9cb4-878818705a31,86.04997,,,8.01959,,,,,,,fe8d6ad8-6366-43a8-8e06-1e5f959c4394,2026-09-16,20:12:08.67,2026-09-16T16:12:08.6729216-04:00,2026-09-16T20:12:08.6729216Z,,v3,471298,471298,,"Velit, Liam",1000239563,Right,FOR_RAM,8d26fcc0-ae09-4afa-809e-32387c7ef85f,55.01438,-128.43717,13.92571,5.51547,-2.52411,-10.82209,-0.93546,6.53366,-6.70198,,,,,,,,,,,,,,,,,,,,,,,,,,,,,,,,,,,,,,,,,,,,,,,,,,,High,High,High,,,,,
58,2026-09-16,16:12:35.20,5,3,"Musser, Aiden",10882258,Right,FOR_RAM,"Crang, Mason",10913432,Right,FOR_RAM,Undefined,2,Top,2,1,1,ChangeUp,Changeup,FoulBallNotFieldable,Undefined,Undefined,Undefined,0,0,,73.85661,0.229629,-2.853887,1496.028213,259.842368,2:45,5.52456,0.99857,5.25094,-48.34719,5.37154,18.35347,1.71167,-0.15589,66.44619,-8.644639,0.40225,0.527514,,,,,,,,,,,,-10.16312,3.18351,-0.75088,50,5.5103,4.62315,-106.84126,-1.10794,-11.47299,22.41651,-28.58023,FOR_RAM,FOR_RAM,FordhamUniversity,TeamExclusive,Team,20260916-FordhamUniversity-Private-1,ed52ce00-b20a-11f1-9cb4-878818705a31,71.45293,,,7.41042,,,,,,,fe8d6ad8-6366-43a8-8e06-1e5f959c4394,2026-09-16,20:12:35.20,2026-09-16T16:12:35.2012288-04:00,2026-09-16T20:12:35.2012288Z,,v3,471298,471298,,"Velit, Liam",1000239563,Right,FOR_RAM,bd2efebc-b264-4e27-8374-a8fc5b05b246,55.24554,-107.93622,11.20825,5.53032,0.28809,-14.29012,-0.99039,5.18357,-5.7365,,,,,,,,,,,,,,,,,,,,,,,,,,,,,,,,,,,,,,,,,,,,,,,,,,,High,High,High,,,,,
59,2026-09-16,16:13:18.86,5,4,"Musser, Aiden",10882258,Right,FOR_RAM,"Crang, Mason",10913432,Right,FOR_RAM,Undefined,2,Top,2,1,2,Fastball,Sinker,FoulBallNotFieldable,Undefined,Undefined,Undefined,0,0,,90.9397,-0.913912,-2.746097,2166.642349,226.286807,1:30,5.58249,0.35773,5.20422,-20.98466,13.90894,13.3202,2.9732,-1.11687,82.59462,-4.822585,-0.388473,0.425152,77.89421,50.200655,97.130841,2693.315569,,,,,44.68855,,,-7.44418,7.54906,-0.11392,50,5.48245,5.69361,-131.7632,-2.86075,-13.02258,29.28683,-18.96797,FOR_RAM,FOR_RAM,FordhamUniversity,TeamExclusive,Team,20260916-FordhamUniversity-Private-1,0742f8d0-b20b-11f1-9cb4-878818705a31,88.65639,49.97479,,8.34509,,,,0.10651,2.86139,1.1251,fe8d6ad8-6366-43a8-8e06-1e5f959c4394,2026-09-16,20:13:18.86,2026-09-16T16:13:18.8695552-04:00,2026-09-16T20:13:18.8695552Z,,v3,471298,471298,,"Velit, Liam",1000239563,Right,FOR_RAM,48662a19-a828-4316-9758-baaff2e45160,55.29316,-132.93449,14.64341,5.58169,-2.10214,-9.48399,-0.35204,6.21444,-6.51129,,0.10651,-9.0778,-5.98979,2.10377,-0.51543,0.13535,-0.03346,0.00608,-0.00064,2.86139,87.77312,-28.99731,4.70611,-0.88523,0.2217,-0.03937,0.0052,-0.00113,1.1251,72.56248,-12.99019,-0.18035,0.1773,-0.09426,0.03543,-0.00428,-0.00065,,,,,,,,,,,,,,,,,,,,,,,High,High,High,Low,Undefined,,,
60,2026-09-16,16:13:47.29,5,5,"Musser, Aiden",10882258,Right,FOR_RAM,"Crang, Mason",10913432,Right,FOR_RAM,Undefined,2,Top,2,1,2,Fastball,Sinker,BallCalled,Undefined,Undefined,Undefined,0,0,,91.30463,-0.028731,-3.620008,2214.166039,235.700253,1:45,5.64169,0.51607,5.38911,-21.76604,12.67127,16.86765,3.80087,-1.47568,82.75048,-4.093014,-0.628201,0.422363,,,,,,,,,,,,-9.46166,6.70599,-0.20434,50,5.62411,7.56874,-132.2235,-0.84003,-16.66198,29.5819,-20.3648,FOR_RAM,FOR_RAM,FordhamUniversity,TeamExclusive,Team,20260916-FordhamUniversity-Private-1,18233160-b20b-11f1-9cb4-878818705a31,89.24183,,,8.55415,,,,,,,fe8d6ad8-6366-43a8-8e06-1e5f959c4394,2026-09-16,20:13:47.29,2026-09-16T16:13:47.2978944-04:00,2026-09-16T20:13:47.2978944Z,,v3,471298,471298,,"Velit, Liam",1000239563,Right,FOR_RAM,0a2faf3e-134e-423d-880d-8458a1ead038,55.10755,-133.3613,14.79095,5.64136,-0.05675,-10.1824,-0.50778,8.2096,-8.33099,,,,,,,,,,,,,,,,,,,,,,,,,,,,,,,,,,,,,,,,,,,,,,,,,,,High,High,High,,,,,
61,2026-09-16,16:14:06.86,5,6,"Musser, Aiden",10882258,Right,FOR_RAM,"Crang, Mason",10913432,Right,FOR_RAM,Undefined,2,Top,2,2,2,ChangeUp,Changeup,BallCalled,Undefined,Undefined,Undefined,0,0,,77.49646,0.777618,-1.984811,1812.982361,203.009042,12:45,5.46625,1.1686,5.26435,-29.68549,18.98808,7.27347,3.72346,-0.09061,69.34869,-4.800329,-0.695955,0.502132,,,,,,,,,,,,-4.24729,9.72764,-0.99231,50,5.51644,3.58099,-112.07772,0.63449,-5.29412,24.04332,-20.04881,FOR_RAM,FOR_RAM,FordhamUniversity,TeamExclusive,Team,20260916-FordhamUniversity-Private-1,23dfa600-b20b-11f1-9cb4-878818705a31,75.06478,,,8.14777,,,,,,,fe8d6ad8-6366-43a8-8e06-1e5f959c4394,2026-09-16,20:14:06.86,2026-09-16T16:14:06.8635648-04:00,2026-09-16T20:14:06.8635648Z,,v3,471298,471298,,"Velit, Liam",1000239563,Right,FOR_RAM,fe057e89-fe72-4fe7-839a-ed3e91cdc3d8,55.22614,-113.1933,12.02166,5.46542,1.56473,-10.02441,-1.16417,3.82663,-2.64706,,,,,,,,,,,,,,,,,,,,,,,,,,,,,,,,,,,,,,,,,,,,,,,,,,,High,High,High,,,,,
62,2026-09-16,16:14:30.99,5,7,"Musser, Aiden",10882258,Right,FOR_RAM,"Crang, Mason",10913432,Right,FOR_RAM,Undefined,2,Top,2,3,2,Fastball,Sinker,FoulBallNotFieldable,Undefined,Undefined,Undefined,0,0,,90.40461,-1.505535,-2.385125,2188.540949,232.93765,1:45,5.61257,0.62969,5.22096,-22.013,13.48902,16.18391,2.36111,-0.2654,81.70263,-5.607755,0.482455,0.428843,,,,,,,,,,,,-8.87926,7.573,-0.42245,50,5.45757,4.70793,-130.93355,-4.23457,-15.22696,30.7784,-19.18717,FOR_RAM,FOR_RAM,FordhamUniversity,TeamExclusive,Team,20260916-FordhamUniversity-Private-1,323fea70-b20b-11f1-9cb4-878818705a31,87.89337,,,8.70198,,,,,,,fe8d6ad8-6366-43a8-8e06-1e5f959c4394,2026-09-16,20:14:30.99,2026-09-16T16:14:30.9988352-04:00,2026-09-16T20:14:30.9988352Z,,v3,471298,471298,,"Velit, Liam",1000239563,Right,FOR_RAM,fe4d068d-5b3c-4b8d-a75e-cf80ec7d310c,55.27709,-132.1682,15.3892,5.612,-3.46489,-9.59358,-0.62356,5.31875,-7.61348,,,,,,,,,,,,,,,,,,,,,,,,,,,,,,,,,,,,,,,,,,,,,,,,,,,High,High,High,,,,,
63,2026-09-16,16:14:55.21,5,8,"Musser, Aiden",10882258,Right,FOR_RAM,"Crang, Mason",10913432,Right,FOR_RAM,Undefined,2,Top,2,3,2,ChangeUp,Changeup,BallCalled,Walk,Undefined,Undefined,0,0,,76.25862,-1.00164,-1.688812,1603.469073,268.048955,3:00,5.53527,0.73046,5.44627,-47.01361,2.23929,16.63816,0.67918,0.53536,69.80252,-9.578028,1.280224,0.505112,,,,,,,,,,,,-8.96091,1.87614,-0.59333,50,5.41429,2.63741,-110.62425,-3.45157,-10.99769,21.5035,-29.87149,FOR_RAM,FOR_RAM,FordhamUniversity,TeamExclusive,Team,20260916-FordhamUniversity-Private-1,412b09c0-b20b-11f1-9cb4-878818705a31,74.62199,,,6.45611,,,,,,,fe8d6ad8-6366-43a8-8e06-1e5f959c4394,2026-09-16,20:14:55.21,2026-09-16T16:14:55.2122880-04:00,2026-09-16T20:14:55.2122880Z,,v3,471298,471298,,"Velit, Liam",1000239563,Right,FOR_RAM,93f5aead-1061-44fa-bbae-6fa43a62a8b7,55.0535,-111.60224,10.75175,5.54037,-2.093,-14.93575,-0.72466,3.13759,-5.49885,,,,,,,,,,,,,,,,,,,,,,,,,,,,,,,,,,,,,,,,,,,,,,,,,,,High,High,High,,,,,
64,2026-09-16,16:17:40.36,1,1,"Wallace, Danny",10306264,Right,FOR_RAM,"Rubin, Jack",10076675,Right,FOR_RAM,Undefined,2,Bottom,0,0,0,Sinker,Changeup,BallCalled,Undefined,Undefined,Undefined,0,0,,84.90106,-1.226028,-5.270026,2132.952322,235.538854,1:45,5.07493,1.75991,6.1182,-24.16808,14.98654,19.7547,1.92244,-1.47993,76.57907,-5.807453,-1.728419,0.450363,,,,,,,,,,,,-11.76536,8.52107,-1.36485,50,4.96808,10.52308,-122.72553,-3.33009,-17.72196,27.09083,-19.3389,FOR_RAM,FOR_RAM,FordhamUniversity,TeamExclusive,Team,20260916-FordhamUniversity-Private-1,a30f9d90-b20b-11f1-9cb4-878818705a31,83.69345,,,8.32199,,,,,,,fe8d6ad8-6366-43a8-8e06-1e5f959c4394,2026-09-16,20:17:40.36,2026-09-16T16:17:40.3617792-04:00,2026-09-16T20:17:40.3617792Z,,v3,471298,471298,,"Young, Caden",10264258,Right,FOR_RAM,a9cee81f-dd01-4100-a6ec-cd45d2f6ad55,54.37826,-123.68823,13.54541,5.07421,-2.64286,-9.66945,-1.74999,11.15284,-8.86098,,,,,,,,,,,,,,,,,,,,,,,,,,,,,,,,,,,,,,,,,,,,,,,,,,,High,High,High,,,,,
65,2026-09-16,16:17:53.98,1,2,"Wallace, Danny",10306264,Right,FOR_RAM,"Rubin, Jack",10076675,Right,FOR_RAM,Undefined,2,Bottom,0,1,0,Sinker,Changeup,StrikeCalled,Undefined,Undefined,Undefined,0,0,,83.09523,-0.95877,-4.160538,2091.358061,232.22442,1:45,5.09631,1.70207,6.25273,-26.57501,14.02662,16.18788,1.99515,-0.79246,74.97046,-5.995205,-1.244208,0.45861,,,,,,,,,,,,-9.6726,8.00859,-1.40002,50,5.01199,8.12645,-120.31433,-2.76155,-13.97518,26.46078,-20.60307,FOR_RAM,FOR_RAM,FordhamUniversity,TeamExclusive,Team,20260916-FordhamUniversity-Private-1,ab564c60-b20b-11f1-9cb4-878818705a31,82.18849,,,8.12476,,,,,,,fe8d6ad8-6366-43a8-8e06-1e5f959c4394,2026-09-16,20:17:53.98,2026-09-16T16:17:53.9817984-04:00,2026-09-16T20:17:53.9817984Z,,v3,471298,471298,,"Young, Caden",10264258,Right,FOR_RAM,b6bb51c7-3c76-4356-8734-344165d2458a,54.24323,-121.24395,13.23039,5.09629,-2.03772,-10.30154,-1.69414,8.61743,-6.98759,,,,,,,,,,,,,,,,,,,,,,,,,,,,,,,,,,,,,,,,,,,,,,,,,,,High,High,High,,,,,
66,2026-09-16,16:18:11.63,1,3,"Wallace, Danny",10306264,Right,FOR_RAM,"Rubin, Jack",10076675,Right,FOR_RAM,Undefined,2,Bottom,0,1,1,Sinker,Changeup,FoulBallNotFieldable,Undefined,Undefined,Undefined,0,0,,83.64717,-0.402041,-3.409424,2120.752205,237.625578,2:00,5.19059,1.63105,6.24351,-27.66183,12.5117,17.36158,2.51396,-0.07052,75.15496,-5.645977,-0.277802,0.456185,,,,,,,,,,,,-10.12768,7.0502,-1.38529,50,5.14716,6.55075,-121.19851,-1.64233,-14.7741,27.9406,-21.8893,FOR_RAM,FOR_RAM,FordhamUniversity,TeamExclusive,Team,20260916-FordhamUniversity-Private-1,b5b83a10-b20b-11f1-9cb4-878818705a31,82.62526,,,8.4922,,,,,,,fe8d6ad8-6366-43a8-8e06-1e5f959c4394,2026-09-16,20:18:11.63,2026-09-16T16:18:11.6342784-04:00,2026-09-16T20:18:11.6342784Z,,v3,471298,471298,,"Young, Caden",10264258,Right,FOR_RAM,2512fb09-9baa-46bd-9440-1ec764e75615,54.25298,-122.17504,13.9703,5.19119,-0.87729,-10.94465,-1.62326,7.06711,-7.38705,,,,,,,,,,,,,,,,,,,,,,,,,,,,,,,,,,,,,,,,,,,,,,,,,,,High,High,High,,,,,
67,2026-09-16,16:18:48.17,1,4,"Wallace, Danny",10306264,Right,FOR_RAM,"Rubin, Jack",10076675,Right,FOR_RAM,Undefined,2,Bottom,0,1,2,Slider,Curveball,BallCalled,Undefined,Undefined,Undefined,0,0,,72.59877,3.796902,0.441531,2483.985225,83.265363,8:45,5.35366,1.30491,6.15589,-53.86802,0.20331,-16.22481,4.37774,0.36077,64.68042,-6.279161,-2.481757,0.529243,,,,,,,,,,,,8.40918,-0.55189,-1.33097,50,5.61612,-0.23277,-105.02852,5.45405,9.12291,22.5542,-32.77276,FOR_RAM,FOR_RAM,FordhamUniversity,TeamExclusive,Team,20260916-FordhamUniversity-Private-1,cb9b1a00-b20b-11f1-9cb4-878818705a31,71.21958,,,7.91835,,,,,,,fe8d6ad8-6366-43a8-8e06-1e5f959c4394,2026-09-16,20:18:48.17,2026-09-16T16:18:48.1715712-04:00,2026-09-16T20:18:48.1715712Z,,v3,471298,471298,,"Young, Caden",10264258,Right,FOR_RAM,6f132eed-a109-4713-86e1-76034dfe225b,54.33853,-105.95609,11.2771,5.36409,6.80187,-16.38638,-1.31368,-0.60796,4.56146,,,,,,,,,,,,,,,,,,,,,,,,,,,,,,,,,,,,,,,,,,,,,,,,,,,High,High,High,,,,,
68,2026-09-16,16:19:03.13,1,5,"Wallace, Danny",10306264,Right,FOR_RAM,"Rubin, Jack",10076675,Right,FOR_RAM,Undefined,2,Bottom,0,2,2,Slider,Curveball,BallCalled,Undefined,Undefined,Undefined,0,0,,74.42543,1.892941,-1.670761,2602.614799,71.900274,8:30,5.38665,1.27187,5.97907,-54.40408,-2.93402,-14.87194,2.60904,-1.51661,67.0244,-8.17885,-4.342761,0.516356,,,,,,,,,,,,6.95618,-1.49681,-1.13213,50,5.50739,3.68964,-107.83569,1.93039,7.98622,23.1208,-33.89249,FOR_RAM,FOR_RAM,FordhamUniversity,TeamExclusive,Team,20260916-FordhamUniversity-Private-1,d47d4580-b20b-11f1-9cb4-878818705a31,72.99706,,,7.40103,,,,,,,fe8d6ad8-6366-43a8-8e06-1e5f959c4394,2026-09-16,20:19:03.13,2026-09-16T16:19:03.1396864-04:00,2026-09-16T20:19:03.1396864Z,,v3,471298,471298,,"Young, Caden",10264258,Right,FOR_RAM,5b5bc2fa-8a52-4ab3-bdf0-80f6da9a21bf,54.51696,-108.79985,11.5604,5.39742,3.34374,-16.94624,-1.27905,3.3566,3.99311,,,,,,,,,,,,,,,,,,,,,,,,,,,,,,,,,,,,,,,,,,,,,,,,,,,High,High,High,,,,,
69,2026-09-16,16:19:20.47,1,6,"Wallace, Danny",10306264,Right,FOR_RAM,"Rubin, Jack",10076675,Right,FOR_RAM,Undefined,2,Bottom,0,3,2,Sinker,Changeup,InPlay,Undefined,FlyBall,Out,1,0,,83.96341,0.174008,-2.371327,2103.795034,241.427763,2:00,5.1866,1.60841,6.23766,-28.22596,11.84725,18.87808,2.99509,0.99292,74.96087,-5.190717,1.037496,0.455615,73.55357,55.595728,-14.261251,,107.98968,109.79689,-20.93381,202.98621,200.2021,-10.704879,5.367849,-10.62615,6.5167,-1.44064,50,5.18587,4.30597,-121.69709,-0.442,-15.51452,29.76671,-22.65948,FOR_RAM,FOR_RAM,FordhamUniversity,TeamExclusive,Team,20260916-FordhamUniversity-Private-1,decd58e0-b20b-11f1-9cb4-878818705a31,82.72863,109.81306,,9.00253,,,,2.04419,3.0155,-0.94784,fe8d6ad8-6366-43a8-8e06-1e5f959c4394,2026-09-16,20:19:20.47,2026-09-16T16:19:20.4749312-04:00,2026-09-16T20:19:20.4749312Z,Popup,v3,471298,471298,,"Young, Caden",10264258,Right,FOR_RAM,747e1cd3-261b-47e9-9b3a-0be8a6fddeeb,54.25837,-122.73425,14.88336,5.18751,0.34752,-11.32974,-1.60009,4.84655,-7.75726,191.06398,2.0467,59.01264,-12.58903,3.17603,-0.24341,-0.15282,0.06165,-0.00924,0.00051,2.99898,89.32632,-23.0223,3.63017,-1.64646,0.58882,-0.12012,0.01214,-0.00047,-0.94581,-15.04955,6.08077,-2.20391,0.55197,-0.08812,0.00421,0.00079,-9E-05,,,,,,,,,,,,,,,,,,,,,,,High,High,High,High,Medium,,,
70,2026-09-16,16:19:59.15,2,1,"Wallace, Danny",10306264,Right,FOR_RAM,"Hanawalt, Chase",1000367090,Left,FOR_RAM,Undefined,2,Bottom,1,0,0,Sinker,Changeup,BallCalled,Undefined,Undefined,Undefined,0,0,,85.45044,-2.591826,-3.70563,2139.750259,251.237555,2:15,5.14329,1.72484,6.1499,-30.56844,8.0652,19.53981,0.19449,-0.07553,77.27723,-8.30034,-0.183232,0.447357,,,,,,,,,,,,-11.30993,5.43229,-1.45249,50,4.93016,7.23883,-123.68483,-6.5616,-17.22609,28.52912,-23.90017,FOR_RAM,FOR_RAM,FordhamUniversity,TeamExclusive,Team,20260916-FordhamUniversity-Private-1,f5ca3450-b20b-11f1-9cb4-878818705a31,84.25584,,,8.1732,,,,,,,fe8d6ad8-6366-43a8-8e06-1e5f959c4394,2026-09-16,20:19:59.15,2026-09-16T16:19:59.1532032-04:00,2026-09-16T20:19:59.1532032Z,,v3,471298,471298,,"Young, Caden",10264258,Right,FOR_RAM,81648da2-205e-4414-bbb6-677e7b6c4fc9,54.34789,-124.68368,14.26456,5.14525,-5.72481,-11.95009,-1.71649,7.84194,-8.61304,,,,,,,,,,,,,,,,,,,,,,,,,,,,,,,,,,,,,,,,,,,,,,,,,,,High,High,High,,,,,
71,2026-09-16,16:20:20.37,2,2,"Wallace, Danny",10306264,Right,FOR_RAM,"Hanawalt, Chase",1000367090,Left,FOR_RAM,Undefined,2,Bottom,1,1,0,Sinker,Changeup,FoulBallNotFieldable,Undefined,Undefined,Undefined,0,0,,84.32267,-1.118976,-2.836445,2091.415446,244.736087,2:15,5.15933,1.57335,6.16429,-28.86466,10.70898,19.58745,1.71892,0.58341,75.99528,-6.555636,0.696366,0.452766,51.1529,-60.233799,127.998999,,,,,1.85423,1.85423,8.009358,0.028116,-11.09201,6.32516,-1.3681,50,5.05983,5.29677,-122.2439,-3.25162,-16.47663,28.21824,-22.77835,FOR_RAM,FOR_RAM,FordhamUniversity,TeamExclusive,Team,20260916-FordhamUniversity-Private-1,02743d40-b20c-11f1-9cb4-878818705a31,83.24918,1.84043,,8.3274,,,,2.48416,1.84043,-0.5711,fe8d6ad8-6366-43a8-8e06-1e5f959c4394,2026-09-16,20:20:20.37,2026-09-16T16:20:20.3794944-04:00,2026-09-16T20:20:20.3794944Z,GroundBall,v3,471298,471298,,"Young, Caden",10264258,Right,FOR_RAM,22fc7a53-bae5-4433-9677-8394b3b01206,54.33341,-123.24015,14.10912,5.16043,-2.44743,-11.38917,-1.56537,5.87847,-8.23831,,2.48469,-23.04847,,,,,,,,1.84195,-65.45952,,,,,,,,-0.57178,29.50176,,,,,,,,,,,,,,,,,,,,,,,,,,,,,,High,High,High,Estimated,Estimated,,,
72,2026-09-16,16:20:48.24,2,3,"Wallace, Danny",10306264,Right,FOR_RAM,"Hanawalt, Chase",1000367090,Left,FOR_RAM,Undefined,2,Bottom,1,1,1,ChangeUp,Changeup,InPlay,Undefined,LineDrive,Double,0,0,,76.93875,0.698502,-3.31429,1709.63495,256.74896,2:30,5.06722,1.68207,6.26516,-40.78923,6.57496,20.52859,2.31322,0.33372,69.38633,-6.948602,0.392342,0.495332,103.50846,19.130362,19.170104,1261.654136,102.90283,33.15392,38.87142,346.66552,340.45768,23.993946,3.515773,-11.83209,3.63921,-1.44651,50,5.09921,5.75122,-111.54676,0.22823,-14.63029,23.54885,-27.67418,FOR_RAM,FOR_RAM,FordhamUniversity,TeamExclusive,Team,20260916-FordhamUniversity-Private-1,1314fbd0-b20c-11f1-9cb4-878818705a31,76.09529,41.9511,,7.55242,,,,1.74542,2.37624,-0.35672,fe8d6ad8-6366-43a8-8e06-1e5f959c4394,2026-09-16,20:20:48.24,2026-09-16T16:20:48.2443776-04:00,2026-09-16T20:20:48.2443776Z,LineDrive,v3,471298,471298,,"Young, Caden",10264258,Right,FOR_RAM,7338c3c8-d55d-4c95-b2f7-25e51852aee5,54.23378,-112.43701,11.77443,5.07081,1.27444,-13.83709,-1.67438,6.30431,-7.31514,222.460362,1.74525,135.48018,-24.52252,6.05362,-1.4108,0.30597,-0.05887,0.00764,-0.00041,2.37633,49.74958,-16.57094,0.42947,0.17087,-0.06697,0.01194,-8E-05,-0.00014,-0.35681,47.10146,-0.75465,-1.19724,0.48836,-0.11652,0.0176,-0.00135,3E-05,,,,,,,,,,,,,,,,,,,,,,,High,High,High,High,High,,,
73,2026-09-16,16:21:33.78,3,1,"Wallace, Danny",10306264,Right,FOR_RAM,"Velit, Liam",1000239563,Right,FOR_RAM,Undefined,2,Bottom,1,0,0,Sinker,Changeup,InPlay,Undefined,LineDrive,Single,0,0,,83.35618,-0.294614,-3.800615,2055.731623,233.280463,1:45,5.19662,1.66346,6.23096,-25.9999,14.38961,17.30544,2.75756,-0.40586,75.03619,-5.234896,-0.682548,0.45741,93.0584,12.302917,-18.259613,1290.311706,103.69491,12.53282,-36.70518,181.86531,143.26275,-20.962448,1.600203,-10.29477,7.97945,-1.38815,50,5.16179,7.37742,-120.78085,-1.34816,-14.95048,27.23066,-20.58597,FOR_RAM,FOR_RAM,FordhamUniversity,TeamExclusive,Team,20260916-FordhamUniversity-Private-1,2e3171a0-b20c-11f1-9cb4-878818705a31,82.40405,13.0404,,8.31999,,,,2.34983,2.85165,0.39597,fe8d6ad8-6366-43a8-8e06-1e5f959c4394,2026-09-16,20:21:33.78,2026-09-16T16:21:33.7840640-04:00,2026-09-16T20:21:33.7840640Z,LineDrive,v3,471298,471298,,"Young, Caden",10264258,Right,FOR_RAM,258392d2-79bf-4fa6-a57e-2c0614a3c995,54.26742,-121.73916,13.61533,5.19649,-0.62369,-10.29299,-1.65703,7.90356,-7.47524,67.200292,2.34983,126.63632,-16.70927,2.52946,-0.5388,0.09865,-0.01893,0.00313,-0.00027,2.85165,29.08233,-22.30052,2.49541,-0.52799,0.11836,-0.02216,0.00356,-0.00033,0.39597,-41.78196,-0.13538,0.61418,-0.17495,0.04862,-0.01033,0.00178,-0.00016,,,,,,,,,,,,,,,,,,,,,,,High,High,High,High,Medium,,,
74,2026-09-16,16:22:13.20,4,1,"Wallace, Danny",10306264,Right,FOR_RAM,"Palmer, Owen",10100501,Left,FOR_RAM,Undefined,2,Bottom,1,0,0,Sinker,Changeup,BallCalled,Undefined,Undefined,Undefined,0,0,,83.83028,-1.943405,-2.717337,2102.883083,235.14702,1:45,5.13703,1.73362,6.25861,-26.60541,12.93906,16.63406,1.12525,0.61232,76.31144,-6.952652,0.288392,0.4526,,,,,,,,,,,,-9.43331,7.70654,-1.53974,50,4.97975,5.13653,-121.60426,-4.89423,-14.01298,25.6183,-20.72612,FOR_RAM,FOR_RAM,FordhamUniversity,TeamExclusive,Team,20260916-FordhamUniversity-Private-1,45b8d9d0-b20c-11f1-9cb4-878818705a31,83.27986,,,7.51885,,,,,,,fe8d6ad8-6366-43a8-8e06-1e5f959c4394,2026-09-16,20:22:13.20,2026-09-16T16:22:13.2019712-04:00,2026-09-16T20:22:13.2019712Z,,v3,471298,471298,,"Young, Caden",10264258,Right,FOR_RAM,5d18b1a0-50a2-4e0c-af7e-9041fd0556d2,54.23905,-122.49404,12.80915,5.13723,-4.17436,-10.36306,-1.7266,5.62324,-7.00649,,,,,,,,,,,,,,,,,,,,,,,,,,,,,,,,,,,,,,,,,,,,,,,,,,,High,High,High,,,,,
75,2026-09-16,16:22:31.15,4,2,"Wallace, Danny",10306264,Right,FOR_RAM,"Palmer, Owen",10100501,Left,FOR_RAM,Undefined,2,Bottom,1,1,0,Sinker,Changeup,FoulBallNotFieldable,Undefined,Undefined,Undefined,0,0,,83.5698,0.342851,-2.180934,2064.495819,232.513348,1:45,5.12466,1.5819,6.26217,-24.93112,15.06359,17.76993,3.36342,1.05091,75.2955,-4.409437,1.028763,0.455169,61.53152,38.23458,-136.160776,2616.211469,,,,,37.58606,,,-9.89103,8.11603,-1.42845,50,5.13794,3.93227,-121.25208,0.04157,-14.49831,27.11594,-20.27758,FOR_RAM,FOR_RAM,FordhamUniversity,TeamExclusive,Team,20260916-FordhamUniversity-Private-1,506a9530-b20c-11f1-9cb4-878818705a31,82.80977,24.88357,,8.2743,,,,0.20319,3.05772,-0.99909,fe8d6ad8-6366-43a8-8e06-1e5f959c4394,2026-09-16,20:22:31.15,2026-09-16T16:22:31.1507968-04:00,2026-09-16T20:22:31.1507968Z,,v3,471298,471298,,"Young, Caden",10264258,Right,FOR_RAM,fd14465e-cce0-46de-965a-adca710e56fc,54.2343,-122.19534,13.55797,5.12423,0.74695,-10.13879,-1.57402,4.43661,-7.24915,,0.20319,-51.12968,-1.49926,2.80082,-0.98636,0.28921,-0.07562,0.02073,-0.00382,3.05772,55.85173,-31.63379,4.92318,-1.0276,0.1912,-0.03396,0.00396,0.00057,-0.99909,-49.09884,9.77015,-1.74087,0.27869,-0.01751,-0.00354,0.00427,-0.00153,,,,,,,,,,,,,,,,,,,,,,,High,High,High,Medium,Undefined,,,
76,2026-09-16,16:22:59.20,4,3,"Wallace, Danny",10306264,Right,FOR_RAM,"Palmer, Owen",10100501,Left,FOR_RAM,Undefined,2,Bottom,1,1,1,ChangeUp,Changeup,BallCalled,Undefined,Undefined,Undefined,0,0,,77.83475,1.335854,-1.965783,1741.502861,247.788048,2:15,5.08312,1.69612,6.34069,-37.53175,8.28449,16.41135,3.18627,1.25324,70.50027,-5.721725,1.003653,0.487171,,,,,,,,,,,,-9.06902,4.39524,-1.56001,50,5.16307,3.28511,-112.96366,1.59256,-11.58412,22.78248,-26.55988,FOR_RAM,FOR_RAM,FordhamUniversity,TeamExclusive,Team,20260916-FordhamUniversity-Private-1,6130dd20-b20c-11f1-9cb4-878818705a31,77.37012,,,7.33448,,,,,,,fe8d6ad8-6366-43a8-8e06-1e5f959c4394,2026-09-16,20:22:59.20,2026-09-16T16:22:59.2043008-04:00,2026-09-16T20:22:59.2043008Z,,v3,471298,471298,,"Young, Caden",10264258,Right,FOR_RAM,494fdb8b-b824-4568-bdc1-c3d929ebb5ec,54.15551,-113.79866,11.39124,5.08686,2.566,-13.27994,-1.68819,3.70968,-5.79206,,,,,,,,,,,,,,,,,,,,,,,,,,,,,,,,,,,,,,,,,,,,,,,,,,,High,High,High,,,,,
77,2026-09-16,16:23:19.83,4,4,"Wallace, Danny",10306264,Right,FOR_RAM,"Palmer, Owen",10100501,Left,FOR_RAM,Undefined,2,Bottom,1,2,1,Slider,Curveball,FoulBallNotFieldable,Undefined,Undefined,Undefined,0,0,,74.78555,0.955455,0.477318,2475.900222,113.239374,9:45,5.49145,1.17032,5.97398,-42.47455,8.37981,-15.02174,2.83776,0.36102,67.20355,-6.988864,-2.224373,0.513258,59.22272,31.374348,-162.851859,4771.710182,,,,129.11317,48.17698,-167.263806,2.13491,7.85953,4.52591,-1.19985,50,5.5439,-0.36447,-108.42393,0.60366,9.13478,23.13439,-26.91378,FOR_RAM,FOR_RAM,FordhamUniversity,TeamExclusive,Team,20260916-FordhamUniversity-Private-1,6d9db600-b20c-11f1-9cb4-878818705a31,73.43763,24.10797,,7.582,,,,1.76135,2.65166,-0.27822,fe8d6ad8-6366-43a8-8e06-1e5f959c4394,2026-09-16,20:23:19.83,2026-09-16T16:23:19.8321152-04:00,2026-09-16T20:23:19.8321152Z,LineDrive,v3,471298,471298,,"Young, Caden",10264258,Right,FOR_RAM,5764c869-7f1d-4ecd-8c91-425f0d1de8da,54.52148,-109.38442,11.56719,5.49564,1.72107,-13.45689,-1.17684,-0.74372,4.56739,25.597008,1.7614,-70.86757,4.3839,0.2238,0.43546,-0.52937,0.3239,-0.09732,0.01129,2.65165,45.22084,-26.07069,2.64923,-0.32266,-0.04261,0.03798,-0.0053,-0.00018,-0.27819,-21.868,4.7232,-0.59233,0.35034,-0.2882,0.1693,-0.0516,0.00611,,,,,,,,,,,,,,,,,,,,,,,High,High,High,High,Low,,,
78,2026-09-16,16:23:45.73,4,5,"Wallace, Danny",10306264,Right,FOR_RAM,"Palmer, Owen",10100501,Left,FOR_RAM,Undefined,2,Bottom,1,2,2,Sinker,Changeup,StrikeSwinging,Strikeout,Undefined,Undefined,0,0,,83.94628,-0.282966,-1.720173,2046.276991,230.891851,1:45,5.19354,1.57167,6.15125,-25.87986,14.53611,15.85517,2.77532,1.3031,74.58679,-5.229343,1.139318,0.45756,,,,,,,,,,,,-8.70414,8.06402,-1.44818,50,5.15903,3.00101,-121.57327,-1.32791,-12.62797,30.63126,-20.47477,FOR_RAM,FOR_RAM,FordhamUniversity,TeamExclusive,Team,20260916-FordhamUniversity-Private-1,7cee4de0-b20c-11f1-9cb4-878818705a31,82.37708,,,9.35949,,,,,,,fe8d6ad8-6366-43a8-8e06-1e5f959c4394,2026-09-16,20:23:45.73,2026-09-16T16:23:45.7362944-04:00,2026-09-16T20:23:45.7362944Z,,v3,471298,471298,,"Young, Caden",10264258,Right,FOR_RAM,6bbb8c2a-5cd9-4da9-ae03-d790d3a88975,54.34052,-122.66202,15.31563,5.1933,-0.60016,-10.23738,-1.56282,3.44986,-6.31399,,,,,,,,,,,,,,,,,,,,,,,,,,,,,,,,,,,,,,,,,,,,,,,,,,,High,High,High,,,,,
79,2026-09-16,16:24:15.84,5,1,"Wallace, Danny",10306264,Right,FOR_RAM,"Ford, Tim",1000142266,Right,FOR_RAM,Undefined,2,Bottom,2,0,0,Slider,Curveball,BallCalled,Undefined,Undefined,Undefined,0,0,,74.15746,2.981943,-0.173679,2447.637317,71.17178,8:15,5.53266,1.16149,5.90933,-52.32133,-0.47724,-7.03189,3.94283,0.41429,66.62877,-6.729541,-1.435697,0.518228,,,,,,,,,,,,3.48756,-0.58008,-1.14379,50,5.74332,0.58629,-107.39308,4.02118,3.98921,22.16521,-32.83757,FOR_RAM,FOR_RAM,FordhamUniversity,TeamExclusive,Team,20260916-FordhamUniversity-Private-1,8ed4f9f0-b20c-11f1-9cb4-878818705a31,72.73331,,,7.52869,,,,,,,fe8d6ad8-6366-43a8-8e06-1e5f959c4394,2026-09-16,20:24:15.84,2026-09-16T16:24:15.8496256-04:00,2026-09-16T20:24:15.8496256Z,,v3,471298,471298,,"Young, Caden",10264258,Right,FOR_RAM,0ac55563-3cc8-42f0-a6cb-5b7d1b8a4cbf,54.58533,-108.33533,11.0826,5.54271,5.41711,-16.41878,-1.16511,0.41671,1.9946,,,,,,,,,,,,,,,,,,,,,,,,,,,,,,,,,,,,,,,,,,,,,,,,,,,High,High,High,,,,,
80,2026-09-16,16:24:37.59,5,2,"Wallace, Danny",10306264,Right,FOR_RAM,"Ford, Tim",1000142266,Right,FOR_RAM,Undefined,2,Bottom,2,1,0,Sinker,Changeup,StrikeCalled,Undefined,Undefined,Undefined,0,0,,82.44463,0.236609,-2.219915,2059.732125,233.526417,1:45,5.21793,1.47688,6.30078,-26.05088,15.11572,18.39151,3.26518,0.96318,74.0814,-4.734533,1.10467,0.461789,,,,,,,,,,,,-10.17044,8.20284,-1.32159,50,5.22288,3.91854,-119.56455,-0.2076,-14.45488,26.9627,-20.51564,FOR_RAM,FOR_RAM,FordhamUniversity,TeamExclusive,Team,20260916-FordhamUniversity-Private-1,9be5db00-b20c-11f1-9cb4-878818705a31,81.62258,,,8.36323,,,,,,,fe8d6ad8-6366-43a8-8e06-1e5f959c4394,2026-09-16,20:24:37.59,2026-09-16T16:24:37.5984640-04:00,2026-09-16T20:24:37.5984640Z,,v3,471298,471298,,"Young, Caden",10264258,Right,FOR_RAM,900f28d5-30e6-4752-b172-66c437e56a6c,54.1937,-120.50655,13.48135,5.21761,0.50916,-10.25782,-1.46732,4.42355,-7.22744,,,,,,,,,,,,,,,,,,,,,,,,,,,,,,,,,,,,,,,,,,,,,,,,,,,High,High,High,,,,,
81,2026-09-16,16:24:58.48,5,3,"Wallace, Danny",10306264,Right,FOR_RAM,"Ford, Tim",1000142266,Right,FOR_RAM,Undefined,2,Bottom,2,1,1,Slider,Slider,FoulBallNotFieldable,Undefined,Undefined,Undefined,0,0,,75.00454,0.770464,-0.061242,2295.547561,85.013634,8:45,5.42127,1.2382,5.85976,-48.88329,1.25984,-5.10929,2.0635,0.75553,68.37577,-8.249849,-0.97908,0.509656,,,,,,,,,,,,2.61669,0.8363,-1.23013,50,5.45511,0.29559,-108.90258,0.00696,3.10655,21.16464,-31.18121,FOR_RAM,FOR_RAM,FordhamUniversity,TeamExclusive,Team,20260916-FordhamUniversity-Private-1,a83ae620-b20c-11f1-9cb4-878818705a31,73.95664,,,6.62877,,,,,,,fe8d6ad8-6366-43a8-8e06-1e5f959c4394,2026-09-16,20:24:58.48,2026-09-16T16:24:58.4806400-04:00,2026-09-16T20:24:58.4806400Z,,v3,471298,471298,,"Young, Caden",10264258,Right,FOR_RAM,98544462-f07d-43e4-8a41-f1030bba8abc,54.63941,-109.80053,10.58232,5.42675,1.32988,-15.59061,-1.23988,0.16379,1.55327,,,,,,,,,,,,,,,,,,,,,,,,,,,,,,,,,,,,,,,,,,,,,,,,,,,High,High,High,,,,,
82,2026-09-16,16:25:24.52,5,4,"Wallace, Danny",10306264,Right,FOR_RAM,"Ford, Tim",1000142266,Right,FOR_RAM,Undefined,2,Bottom,2,1,2,Slider,Curveball,BallCalled,Undefined,Undefined,Undefined,0,0,,73.56371,0.854685,-0.974573,2566.469408,101.883483,9:30,5.51264,1.07545,5.96315,-46.78132,5.69949,-17.91379,2.40686,-1.32111,66.4634,-7.842037,-4.1943,0.521401,,,,,,,,,,,,8.76449,3.26036,-0.98877,50,5.55514,2.45918,-106.66376,0.25132,9.88282,21.97825,-28.49768,FOR_RAM,FOR_RAM,FordhamUniversity,TeamExclusive,Team,20260916-FordhamUniversity-Private-1,b7c1f750-b20c-11f1-9cb4-878818705a31,72.29071,,,7.1003,,,,,,,fe8d6ad8-6366-43a8-8e06-1e5f959c4394,2026-09-16,20:25:24.52,2026-09-16T16:25:24.5268480-04:00,2026-09-16T20:25:24.5268480Z,,v3,471298,471298,,"Young, Caden",10264258,Right,FOR_RAM,40e8575c-098f-4de6-b0f0-5ab21e6701be,54.53189,-107.59351,10.98913,5.51901,1.45687,-14.24884,-1.08396,2.0411,4.94141,,,,,,,,,,,,,,,,,,,,,,,,,,,,,,,,,,,,,,,,,,,,,,,,,,,High,High,High,,,,,
83,2026-09-16,16:25:56.52,5,5,"Wallace, Danny",10306264,Right,FOR_RAM,"Ford, Tim",1000142266,Right,FOR_RAM,Undefined,2,Bottom,2,2,2,Slider,Curveball,FoulBallNotFieldable,Undefined,Undefined,Undefined,0,0,,73.2702,1.959823,0.950145,2604.691769,69.004259,8:15,5.46363,1.09698,6.00271,-56.80861,-3.60827,-14.82036,2.54639,0.74239,65.69899,-8.579789,-1.718902,0.524963,57.61281,52.389725,167.316767,3568.188619,,,,128.98225,44.14988,168.809113,3.275755,7.99784,-2.04402,-1.16342,50,5.58685,-1.24927,-106.19428,1.98858,8.86369,23.18077,-34.43935,FOR_RAM,FOR_RAM,FordhamUniversity,TeamExclusive,Team,20260916-FordhamUniversity-Private-1,caea9940-b20c-11f1-9cb4-878818705a31,71.80018,49.171,,7.57122,,,,2.9557,2.83267,-0.79256,fe8d6ad8-6366-43a8-8e06-1e5f959c4394,2026-09-16,20:25:56.52,2026-09-16T16:25:56.5293568-04:00,2026-09-16T20:25:56.5293568Z,Popup,v3,471298,471298,,"Young, Caden",10264258,Right,FOR_RAM,58e99cb8-d210-4dbd-88ac-aa879e0227f9,54.49557,-107.17112,11.59038,5.47248,3.43984,-17.21967,-1.1029,-1.62278,4.43185,351.418439,2.95457,-50.26604,0.09138,2.70222,-1.67973,0.86729,-0.26675,0.04218,-0.00269,2.83264,66.93527,-28.54839,3.76689,-0.41314,-0.20541,0.14043,-0.03287,0.00275,-0.79243,11.31711,-1.85683,0.31809,0.08316,-0.11244,0.04682,-0.00899,0.00067,,,,,,,,,,,,,,,,,,,,,,,High,High,High,High,Low,,,
84,2026-09-16,16:26:25.28,5,6,"Wallace, Danny",10306264,Right,FOR_RAM,"Ford, Tim",1000142266,Right,FOR_RAM,Undefined,2,Bottom,2,2,2,Sinker,Changeup,FoulBallNotFieldable,Undefined,Undefined,Undefined,0,0,,81.90044,-0.649012,-3.300129,2083.85919,231.930243,1:45,5.21515,1.32692,6.40155,-27.29627,14.05717,16.08363,2.34263,-0.37088,74.14257,-5.830004,-0.390131,0.462836,,,,,,,,,,,,-9.5091,7.96323,-1.09757,50,5.15607,6.2784,-118.80993,-2.0814,-13.4193,25.46317,-20.93631,FOR_RAM,FOR_RAM,FordhamUniversity,TeamExclusive,Team,20260916-FordhamUniversity-Private-1,dbee8670-b20c-11f1-9cb4-878818705a31,81.438,,,7.75787,,,,,,,fe8d6ad8-6366-43a8-8e06-1e5f959c4394,2026-09-16,20:26:25.28,2026-09-16T16:26:25.2811776-04:00,2026-09-16T20:26:25.2811776Z,,v3,471298,471298,,"Young, Caden",10264258,Right,FOR_RAM,71a66195-0e93-4054-9794-75f03185c7da,54.09727,-119.68483,12.73158,5.21523,-1.36204,-10.46815,-1.32121,6.73948,-6.70965,,,,,,,,,,,,,,,,,,,,,,,,,,,,,,,,,,,,,,,,,,,,,,,,,,,High,High,High,,,,,
85,2026-09-16,16:26:56.97,5,7,"Wallace, Danny",10306264,Right,FOR_RAM,"Ford, Tim",1000142266,Right,FOR_RAM,Undefined,2,Bottom,2,2,2,ChangeUp,Changeup,BallCalled,Undefined,Undefined,Undefined,0,0,,78.05044,-0.191323,-4.42422,1744.096926,252.472788,2:30,5.27261,1.16484,6.42922,-37.55282,8.22122,20.70375,1.96683,-1.18424,70.47628,-7.254475,-0.680336,0.486946,,,,,,,,,,,,-12.10245,4.8904,-0.85732,50,5.24259,7.99535,-113.02255,-1.4113,-15.40845,23.62151,-25.94772,FOR_RAM,FOR_RAM,FordhamUniversity,TeamExclusive,Team,20260916-FordhamUniversity-Private-1,ef0749e0-b20c-11f1-9cb4-878818705a31,77.40575,,,7.57416,,,,,,,fe8d6ad8-6366-43a8-8e06-1e5f959c4394,2026-09-16,20:26:56.97,2026-09-16T16:26:56.9767936-04:00,2026-09-16T20:26:56.9767936Z,,v3,471298,471298,,"Young, Caden",10264258,Right,FOR_RAM,7b916d34-11ac-4527-acf8-8d171eaa0802,54.06682,-113.86933,11.81075,5.2765,-0.48112,-12.97386,-1.15384,8.54771,-7.70423,,,,,,,,,,,,,,,,,,,,,,,,,,,,,,,,,,,,,,,,,,,,,,,,,,,High,High,High,,,,,
86,2026-09-16,16:27:18.09,5,8,"Wallace, Danny",10306264,Right,FOR_RAM,"Ford, Tim",1000142266,Right,FOR_RAM,Undefined,2,Bottom,2,3,2,Sinker,Changeup,FoulBallNotFieldable,Undefined,Undefined,Undefined,0,0,,82.57655,-1.859484,-3.040544,2067.797332,236.224305,1:45,5.22444,1.52913,6.23712,-27.53179,13.33276,17.80592,1.21182,0.20556,75.05958,-7.044366,0.174354,0.460092,,,,,,,,,,,,-10.20882,7.90351,-1.31107,50,5.07205,5.70086,-119.75435,-4.67287,-14.67786,25.27105,-20.81069,FOR_RAM,FOR_RAM,FordhamUniversity,TeamExclusive,Team,20260916-FordhamUniversity-Private-1,fb7e5bf0-b20c-11f1-9cb4-878818705a31,81.92369,,,7.51696,,,,,,,fe8d6ad8-6366-43a8-8e06-1e5f959c4394,2026-09-16,20:27:18.09,2026-09-16T16:27:18.0933632-04:00,2026-09-16T20:27:18.0933632Z,,v3,471298,471298,,"Young, Caden",10264258,Right,FOR_RAM,0d5942de-b256-4387-809f-a99a639e2c96,54.26149,-120.65028,12.63553,5.22464,-3.93508,-10.40534,-1.52241,6.22122,-7.33893,,,,,,,,,,,,,,,,,,,,,,,,,,,,,,,,,,,,,,,,,,,,,,,,,,,High,High,High,,,,,
87,2026-09-16,16:27:48.91,5,9,"Wallace, Danny",10306264,Right,FOR_RAM,"Ford, Tim",1000142266,Right,FOR_RAM,Undefined,2,Bottom,2,3,2,Sinker,Changeup,HitByPitch,Undefined,Undefined,Undefined,0,0,,82.07913,0.946695,-0.941718,1986.742011,229.839546,1:45,5.23111,1.47829,6.48561,-26.39478,15.07001,15.97391,3.90091,1.94477,73.31127,-4.124534,1.956818,0.463459,,,,,,,,,,,,-8.76603,8.00083,-1.41904,50,5.28605,1.38573,-119.1057,1.28971,-12.25625,28.56608,-20.98765,FOR_RAM,FOR_RAM,FordhamUniversity,TeamExclusive,Team,20260916-FordhamUniversity-Private-1,0dcaceb0-b20d-11f1-9cb4-878818705a31,81.32853,,,8.76786,,,,,,,fe8d6ad8-6366-43a8-8e06-1e5f959c4394,2026-09-16,20:27:48.91,2026-09-16T16:27:48.9162752-04:00,2026-09-16T20:27:48.9162752Z,,v3,471298,471298,,"Young, Caden",10264258,Right,FOR_RAM,2416304b-f96b-4d0c-ac25-c92674bc707c,54.01141,-120.06393,14.28304,5.23098,1.99373,-10.49383,-1.47242,1.79686,-6.12813,,,,,,,,,,,,,,,,,,,,,,,,,,,,,,,,,,,,,,,,,,,,,,,,,,,High,High,High,,,,,
88,2026-09-16,16:30:34.69,1,1,"Yakabosky, Chase",10173837,Left,FOR_RAM,"Reina, Braedon",10305192,Left,FOR_RAM,Undefined,3,Top,0,0,0,Curveball,Curveball,BallCalled,Undefined,Undefined,Undefined,0,0,,72.02709,2.878812,0.594894,2049.917458,254.854998,2:30,5.17962,-1.64631,6.04975,-50.40243,4.75185,9.46823,3.64678,-0.30657,64.18255,-6.561176,2.297855,0.534516,,,,,,,,,,,,-4.55323,2.14665,1.59555,50,5.37809,-1.42482,-104.20262,3.83201,-4.86044,22.26105,-29.88254,FOR_RAM,FOR_RAM,FordhamUniversity,TeamExclusive,Team,20260916-FordhamUniversity-Private-1,70c120a0-b20d-11f1-9cb4-878818705a31,70.51691,,,7.84453,,,,,,,fe8d6ad8-6366-43a8-8e06-1e5f959c4394,2026-09-16,20:30:34.69,2026-09-16T16:30:34.6975744-04:00,2026-09-16T20:30:34.6975744Z,,v3,471298,471298,,"Velit, Liam",1000239563,Right,FOR_RAM,89be0957-d8fc-4e2b-b396-2103f9114446,54.44125,-105.14714,11.13053,5.1886,5.0999,-14.94127,1.65163,-1.2186,-2.43022,,,,,,,,,,,,,,,,,,,,,,,,,,,,,,,,,,,,,,,,,,,,,,,,,,,High,High,High,,,,,
89,2026-09-16,16:30:57.18,1,2,"Yakabosky, Chase",10173837,Left,FOR_RAM,"Reina, Braedon",10305192,Left,FOR_RAM,Undefined,3,Top,0,1,0,Fastball,Four-Seam,BallCalled,Undefined,Undefined,Undefined,0,0,,84.51499,0.863007,1.990248,2117.684798,159.643046,11:15,5.27354,-1.75925,6.39318,-20.458,18.81347,-6.42126,4.36298,-0.46314,75.38152,-3.1121,0.828162,0.451035,,,,,,,,,,,,3.97658,9.87918,1.61872,50,5.32584,-3.99681,-122.46308,1.35571,5.89689,29.48701,-17.52423,FOR_RAM,FOR_RAM,FordhamUniversity,TeamExclusive,Team,20260916-FordhamUniversity-Private-1,7e28ad30-b20d-11f1-9cb4-878818705a31,83.56879,,,9.13348,,,,,,,fe8d6ad8-6366-43a8-8e06-1e5f959c4394,2026-09-16,20:30:57.18,2026-09-16T16:30:57.1881472-04:00,2026-09-16T20:30:57.1881472Z,,v3,471298,471298,,"Velit, Liam",1000239563,Right,FOR_RAM,195700f0-4209-4338-bb2a-156a3876bb4c,54.0977,-123.44579,14.74351,5.27093,1.93974,-8.76211,1.75519,-4.19334,2.94844,,,,,,,,,,,,,,,,,,,,,,,,,,,,,,,,,,,,,,,,,,,,,,,,,,,High,High,High,,,,,
90,2026-09-16,16:31:18.19,1,3,"Yakabosky, Chase",10173837,Left,FOR_RAM,"Reina, Braedon",10305192,Left,FOR_RAM,Undefined,3,Top,0,2,0,Curveball,Curveball,StrikeCalled,Undefined,Undefined,Undefined,0,0,,72.90651,1.830638,0.229233,2047.149577,286.645583,3:30,5.06405,-1.68815,6.24257,-53.41558,-1.0841,9.52953,2.30184,-0.68259,66.44486,-8.090109,1.95245,0.520658,,,,,,,,,,,,-4.82166,-0.50685,1.66686,50,5.175,-0.74931,-105.86449,1.88609,-5.41244,19.90497,-32.74302,FOR_RAM,FOR_RAM,FordhamUniversity,TeamExclusive,Team,20260916-FordhamUniversity-Private-1,8a9ed4e0-b20d-11f1-9cb4-878818705a31,72.3938,,,6.46165,,,,,,,fe8d6ad8-6366-43a8-8e06-1e5f959c4394,2026-09-16,20:31:18.19,2026-09-16T16:31:18.1955584-04:00,2026-09-16T20:31:18.1955584Z,,v3,471298,471298,,"Velit, Liam",1000239563,Right,FOR_RAM,35795379-82ca-4b9a-8005-0d1f61d6fe06,54.25488,-106.66151,9.95249,5.07324,3.19715,-16.37151,1.69253,-0.53259,-2.70622,,,,,,,,,,,,,,,,,,,,,,,,,,,,,,,,,,,,,,,,,,,,,,,,,,,High,High,High,,,,,
91,2026-09-16,16:31:43.19,1,4,"Yakabosky, Chase",10173837,Left,FOR_RAM,"Reina, Braedon",10305192,Left,FOR_RAM,Undefined,3,Top,0,2,1,Fastball,Four-Seam,BallCalled,Undefined,Undefined,Undefined,0,0,,85.99704,1.020177,1.777767,2022.976826,138.756369,10:45,5.30451,-1.81964,6.61327,-23.39171,14.33095,-11.2639,4.29011,-1.12955,76.48411,-3.501416,-0.270218,0.442051,,,,,,,,,,,,6.42949,7.56449,1.70216,50,5.36419,-3.41394,-124.64077,1.62079,9.83907,31.40381,-20.59812,FOR_RAM,FOR_RAM,FordhamUniversity,TeamExclusive,Team,20260916-FordhamUniversity-Private-1,997b9c50-b20d-11f1-9cb4-878818705a31,85.26716,,,9.51293,,,,,,,fe8d6ad8-6366-43a8-8e06-1e5f959c4394,2026-09-16,20:31:43.19,2026-09-16T16:31:43.1981056-04:00,2026-09-16T20:31:43.1981056Z,,v3,471298,471298,,"Velit, Liam",1000239563,Right,FOR_RAM,52fc5f55-b13e-4902-a0ea-771a526a4392,53.8773,-125.61388,15.70191,5.30407,2.25906,-10.29906,1.81267,-3.71882,4.91954,,,,,,,,,,,,,,,,,,,,,,,,,,,,,,,,,,,,,,,,,,,,,,,,,,,High,High,High,,,,,
92,2026-09-16,16:32:10.38,1,5,"Yakabosky, Chase",10173837,Left,FOR_RAM,"Reina, Braedon",10305192,Left,FOR_RAM,Undefined,3,Top,0,3,1,Fastball,Changeup,BallCalled,Walk,Undefined,Undefined,0,0,,83.27341,0.02072,3.592986,2005.044108,163.303773,11:30,5.23537,-1.51431,6.59087,-22.50623,17.68706,-4.84319,3.37887,1.37858,74.4627,-4.333623,2.715209,0.456298,,,,,,,,,,,,3.74083,9.68615,1.27001,50,5.22714,-7.38543,-120.57783,-0.49076,5.3827,28.39155,-18.23656,FOR_RAM,FOR_RAM,FordhamUniversity,TeamExclusive,Team,20260916-FordhamUniversity-Private-1,a9ad9380-b20d-11f1-9cb4-878818705a31,82.60495,,,8.81071,,,,,,,fe8d6ad8-6366-43a8-8e06-1e5f959c4394,2026-09-16,20:32:10.38,2026-09-16T16:32:10.3856640-04:00,2026-09-16T20:32:10.3856640Z,,v3,471298,471298,,"Velit, Liam",1000239563,Right,FOR_RAM,1409527b-4894-4f3b-8112-931b1aaed1e7,53.90066,-121.49282,14.19577,5.23348,0.09696,-9.11828,1.51082,-7.5589,2.69135,,,,,,,,,,,,,,,,,,,,,,,,,,,,,,,,,,,,,,,,,,,,,,,,,,,High,High,High,,,,,
93,2026-09-16,16:32:52.60,2,1,"Yakabosky, Chase",10173837,Left,FOR_RAM,"Dieguez, Matthew",10131275,Right,FOR_RAM,Undefined,3,Top,0,0,0,Fastball,Changeup,BallCalled,Undefined,Undefined,Undefined,0,0,,85.54633,0.635089,1.79221,1973.859374,136.328027,10:30,5.33685,-1.92018,6.6381,-23.86844,14.35375,-12.22174,3.92951,-1.29744,75.8494,-3.985194,-0.431329,0.444968,,,,,,,,,,,,6.96902,7.73221,1.80279,50,5.37005,-3.3916,-123.96832,0.76836,10.50475,32.02467,-20.51895,FOR_RAM,FOR_RAM,FordhamUniversity,TeamExclusive,Team,20260916-FordhamUniversity-Private-1,c2df2940-b20d-11f1-9cb4-878818705a31,84.70815,,,9.69693,,,,,,,fe8d6ad8-6366-43a8-8e06-1e5f959c4394,2026-09-16,20:32:52.60,2026-09-16T16:32:52.6031360-04:00,2026-09-16T20:32:52.6031360Z,,v3,471298,471298,,"Velit, Liam",1000239563,Right,FOR_RAM,2c4ce019-ec52-495b-bd47-18af9003d79d,53.85248,-124.95957,16.01234,5.33644,1.40347,-10.25948,1.9128,-3.71675,5.25238,,,,,,,,,,,,,,,,,,,,,,,,,,,,,,,,,,,,,,,,,,,,,,,,,,,High,High,High,,,,,
94,2026-09-16,16:33:13.70,2,2,"Yakabosky, Chase",10173837,Left,FOR_RAM,"Dieguez, Matthew",10131275,Right,FOR_RAM,Undefined,3,Top,0,1,0,Curveball,Curveball,BallCalled,Undefined,Undefined,Undefined,0,0,,73.30541,1.217811,2.463151,2040.595141,271.7048,3:00,5.10605,-1.64735,6.24516,-50.63774,1.58386,9.57859,2.01065,1.42406,66.43689,-8.203051,4.191488,0.520111,,,,,,,,,,,,-4.09154,1.06484,1.45987,50,5.17292,-4.90357,-106.27648,0.85112,-4.59332,21.34218,-30.97861,FOR_RAM,FOR_RAM,FordhamUniversity,TeamExclusive,Team,20260916-FordhamUniversity-Private-1,cf7200b0-b20d-11f1-9cb4-878818705a31,72.46993,,,6.86851,,,,,,,fe8d6ad8-6366-43a8-8e06-1e5f959c4394,2026-09-16,20:33:13.70,2026-09-16T16:33:13.7042944-04:00,2026-09-16T20:33:13.7042944Z,,v3,471298,471298,,"Velit, Liam",1000239563,Right,FOR_RAM,80462ec1-5951-4772-8c2d-d17630b4ac08,54.25014,-107.12658,10.67109,5.11444,2.08507,-15.4893,1.65155,-4.7206,-2.29666,,,,,,,,,,,,,,,,,,,,,,,,,,,,,,,,,,,,,,,,,,,,,,,,,,,High,High,High,,,,,
95,2026-09-16,16:33:38.93,2,3,"Yakabosky, Chase",10173837,Left,FOR_RAM,"Dieguez, Matthew",10131275,Right,FOR_RAM,Undefined,3,Top,0,2,0,Fastball,Sinker,InPlay,Undefined,LineDrive,Single,0,0,,85.97536,-1.340425,2.649232,2024.955493,135.708443,10:30,5.15614,-1.83493,6.71069,-23.42419,13.92516,-12.21642,1.97719,-0.42935,77.27457,-5.838423,0.423988,0.439858,101.51501,6.14604,17.901115,2782.404192,102.26924,5.86967,40.50845,161.99573,153.47172,23.313988,1.336524,7.33894,8.20745,1.66348,50,5.05799,-5.31807,-124.71141,-3.52313,11.31869,29.9244,-19.51591,FOR_RAM,FOR_RAM,FordhamUniversity,TeamExclusive,Team,20260916-FordhamUniversity-Private-1,de69f140-b20d-11f1-9cb4-878818705a31,85.6922,6.61229,,8.70079,,,,0.57678,1.85981,0.3133,fe8d6ad8-6366-43a8-8e06-1e5f959c4394,2026-09-16,20:33:38.93,2026-09-16T16:33:38.9324288-04:00,2026-09-16T20:33:38.9324288Z,LineDrive,v3,471298,471298,,"Velit, Liam",1000239563,Right,FOR_RAM,428ad950-ed08-4363-a92c-dd49f9ceb9c4,53.78541,-125.61643,14.9622,5.15561,-2.93289,-9.75795,1.82949,-5.66038,5.65934,247.144933,1.03417,136.0571,-19.31309,,,,,,,1.91605,15.37662,-12.60781,,,,,,,0.1871,46.87796,0.76783,,,,,,,,,,,,,,,,,,,,,,,,,,,,,High,High,High,High,High,,,
96,2026-09-16,16:34:23.35,3,1,"Yakabosky, Chase",10173837,Left,FOR_RAM,"Young, Caden",10264258,Right,FOR_RAM,Undefined,3,Top,0,0,0,Curveball,Curveball,StrikeCalled,Undefined,Undefined,Undefined,0,0,,74.95887,1.737899,2.096867,2088.643935,286.02373,3:30,5.12632,-1.75699,6.12629,-49.9057,-0.04224,6.0715,2.57557,0.68815,68.1541,-7.51845,3.190448,0.508233,,,,,,,,,,,,-2.4498,0.01535,1.5937,50,5.23417,-4.19697,-108.72823,1.84419,-2.89715,21.21476,-32.15587,FOR_RAM,FOR_RAM,FordhamUniversity,TeamExclusive,Team,20260916-FordhamUniversity-Private-1,f8ef3020-b20d-11f1-9cb4-878818705a31,74.16374,,,6.80477,,,,,,,fe8d6ad8-6366-43a8-8e06-1e5f959c4394,2026-09-16,20:34:23.35,2026-09-16T16:34:23.3518592-04:00,2026-09-16T20:34:23.3518592Z,,v3,471298,471298,,"Velit, Liam",1000239563,Right,FOR_RAM,bed3cfc4-1258-4144-8755-5b9b3b45edf7,54.37042,-109.57765,10.60738,5.13455,3.13169,-16.07794,1.75942,-4.08096,-1.44857,,,,,,,,,,,,,,,,,,,,,,,,,,,,,,,,,,,,,,,,,,,,,,,,,,,High,High,High,,,,,
97,2026-09-16,16:34:46.30,3,2,"Yakabosky, Chase",10173837,Left,FOR_RAM,"Young, Caden",10264258,Right,FOR_RAM,Undefined,3,Top,0,0,1,Curveball,Curveball,FoulBallNotFieldable,Undefined,Undefined,Undefined,0,0,,75.54111,0.439328,1.208129,2093.185821,287.835383,3:30,5.02007,-1.93379,6.37116,-49.22837,-0.15571,6.19457,1.32204,-0.30579,68.19004,-8.744803,2.331664,0.504186,,,,,,,,,,,,-2.81559,0.26929,1.84383,50,5.02944,-2.52126,-109.62929,-0.52878,-3.34279,23.79878,-31.85434,FOR_RAM,FOR_RAM,FordhamUniversity,TeamExclusive,Team,20260916-FordhamUniversity-Private-1,06b00040-b20e-11f1-9cb4-878818705a31,74.75893,,,7.35108,,,,,,,fe8d6ad8-6366-43a8-8e06-1e5f959c4394,2026-09-16,20:34:46.30,2026-09-16T16:34:46.3040000-04:00,2026-09-16T20:34:46.3040000Z,,v3,471298,471298,,"Velit, Liam",1000239563,Right,FOR_RAM,587ad9ee-8985-4eec-ac1d-bc057c2442db,54.12618,-110.52138,11.89939,5.02688,0.66528,-15.92717,1.93599,-2.39595,-1.6714,,,,,,,,,,,,,,,,,,,,,,,,,,,,,,,,,,,,,,,,,,,,,,,,,,,High,High,High,,,,,
98,2026-09-16,16:35:19.41,3,3,"Yakabosky, Chase",10173837,Left,FOR_RAM,"Young, Caden",10264258,Right,FOR_RAM,Undefined,3,Top,0,0,2,Fastball,Four-Seam,InPlay,Undefined,GroundBall,Out,1,1,,87.50197,-0.748209,3.76663,1926.639618,155.772278,11:15,5.32621,-1.78843,6.48826,-19.78781,16.89186,-6.94847,2.9888,1.09554,77.98553,-4.584146,2.509738,0.435897,45.95099,-32.045296,-55.61746,,,,,6.60562,5.89811,-48.671915,0.082585,4.99016,9.51528,1.52673,50,5.26492,-8.06812,-126.66817,-2.15827,7.88588,32.46326,-17.13712,FOR_RAM,FOR_RAM,FordhamUniversity,TeamExclusive,Team,20260916-FordhamUniversity-Private-1,1a8cfe10-b20e-11f1-9cb4-878818705a31,86.47093,2.98316,,9.51644,,,,1.67091,2.98316,-1.0274,fe8d6ad8-6366-43a8-8e06-1e5f959c4394,2026-09-16,20:35:19.41,2026-09-16T16:35:19.4119680-04:00,2026-09-16T20:35:19.4119680Z,GroundBall,v3,471298,471298,,"Velit, Liam",1000239563,Right,FOR_RAM,a55517a9-c74e-48a3-8337-f9fd3f61db46,54.00666,-127.69089,16.23163,5.32441,-1.61839,-8.56856,1.78482,-8.31656,3.94294,180,1.66656,32.5875,,,,,,,,2.98798,-36.12221,,,,,,,,-1.02103,-47.62397,,,,,,,,,,,,,,,,,,,,,,,,,,,,,,High,High,High,Low,Low,,,
99,2026-09-16,16:36:06.45,4,1,"Yakabosky, Chase",10173837,Left,FOR_RAM,"Beaudreau, Bradley",1000297368,Left,FOR_RAM,Undefined,3,Top,1,0,0,Curveball,Curveball,BallCalled,Undefined,Undefined,Undefined,0,0,,73.87087,2.891195,1.147001,2054.384723,292.688664,3:45,5.104,-1.59454,6.0787,-52.56267,-0.62394,6.09398,3.40157,-0.02534,66.40046,-6.890993,2.243858,0.518701,,,,,,,,,,,,-2.69953,-0.61205,1.50298,50,5.30106,-2.36338,-106.99231,3.86829,-3.06335,22.083,-32.86858,FOR_RAM,FOR_RAM,FordhamUniversity,TeamExclusive,Team,20260916-FordhamUniversity-Private-1,367f6180-b20e-11f1-9cb4-878818705a31,72.66698,,,7.47041,,,,,,,fe8d6ad8-6366-43a8-8e06-1e5f959c4394,2026-09-16,20:36:06.45,2026-09-16T16:36:06.4557056-04:00,2026-09-16T20:36:06.4557056Z,,v3,471298,471298,,"Velit, Liam",1000239563,Right,FOR_RAM,cc133dfa-9e48-4acb-a648-dae3fc207eee,54.41573,-107.89986,11.0415,5.11433,5.2191,-16.43429,1.59752,-2.23748,-1.53167,,,,,,,,,,,,,,,,,,,,,,,,,,,,,,,,,,,,,,,,,,,,,,,,,,,High,High,High,,,,,
100,2026-09-16,16:36:30.46,4,2,"Yakabosky, Chase",10173837,Left,FOR_RAM,"Beaudreau, Bradley",1000297368,Left,FOR_RAM,Undefined,3,Top,1,1,0,Curveball,Curveball,BallCalled,Undefined,Undefined,Undefined,0,1,,73.94624,-0.37752,4.012447,2053.682148,277.62859,3:15,5.06722,-1.66677,6.48618,-50.17617,0.42819,9.34115,0.53842,2.80153,67.84409,-9.667211,5.702714,0.511994,,,,,,,,,,,,-3.63154,0.87665,1.38108,50,5.01935,-7.82299,-107.2161,-2.05032,-4.17757,20.56723,-31.1656,FOR_RAM,FOR_RAM,FordhamUniversity,TeamExclusive,Team,20260916-FordhamUniversity-Private-1,44b69a20-b20e-11f1-9cb4-878818705a31,73.61884,,,6.10216,,,,,,,fe8d6ad8-6366-43a8-8e06-1e5f959c4394,2026-09-16,20:36:30.46,2026-09-16T16:36:30.4606208-04:00,2026-09-16T20:36:30.4606208Z,,v3,471298,471298,,"Velit, Liam",1000239563,Right,FOR_RAM,9e2443bf-c463-4834-97b6-9f70802994e6,54.0121,-107.983,10.28362,5.07413,-0.88824,-15.5828,1.66987,-7.66721,-2.08878,,,,,,,,,,,,,,,,,,,,,,,,,,,,,,,,,,,,,,,,,,,,,,,,,,,High,High,High,,,,,
101,2026-09-16,16:37:11.01,4,3,"Yakabosky, Chase",10173837,Left,FOR_RAM,"Beaudreau, Bradley",1000297368,Left,FOR_RAM,Undefined,3,Top,1,2,1,Fastball,Four-Seam,BallCalled,Undefined,Undefined,Undefined,0,0,,85.68569,0.978067,2.646144,1897.52465,147.576061,11:00,5.44676,-1.46651,6.41945,-22.56332,15.54221,-8.95989,4.46664,0.22108,76.59809,-3.365603,1.024774,0.444289,,,,,,,,,,,,5.48469,8.15808,1.28088,50,5.50627,-5.3725,-124.14375,1.53091,8.37974,29.71486,-19.70974,FOR_RAM,FOR_RAM,FordhamUniversity,TeamExclusive,Team,20260916-FordhamUniversity-Private-1,5cef9f10-b20e-11f1-9cb4-878818705a31,84.83769,,,9.0876,,,,,,,fe8d6ad8-6366-43a8-8e06-1e5f959c4394,2026-09-16,20:37:11.01,2026-09-16T16:37:11.0173184-04:00,2026-09-16T20:37:11.0173184Z,,v3,471298,471298,,"Velit, Liam",1000239563,Right,FOR_RAM,87842c79-3891-4e87-981a-48042790181b,54.07209,-125.11465,14.85743,5.44573,2.1749,-9.85487,1.46089,-5.64629,4.18987,,,,,,,,,,,,,,,,,,,,,,,,,,,,,,,,,,,,,,,,,,,,,,,,,,,High,High,High,,,,,
102,2026-09-16,16:37:36.54,4,4,"Yakabosky, Chase",10173837,Left,FOR_RAM,"Beaudreau, Bradley",1000297368,Left,FOR_RAM,Undefined,3,Top,1,3,0,Fastball,Changeup,BallCalled,Walk,Undefined,Undefined,0,1,,84.25954,-1.930748,4.743091,2062.200863,154.221157,11:15,5.13187,-1.44928,6.66092,-21.60041,17.6171,-7.78059,1.55836,2.25246,75.61741,-6.098044,3.33375,0.450725,,,,,,,,,,,,5.64674,10.33583,1.13263,50,4.9928,-9.81126,-121.81704,-4.63102,8.31044,28.52089,-16.96256,FOR_RAM,FOR_RAM,FordhamUniversity,TeamExclusive,Team,20260916-FordhamUniversity-Private-1,6c124920-b20e-11f1-9cb4-878818705a31,83.62629,,,8.64214,,,,,,,fe8d6ad8-6366-43a8-8e06-1e5f959c4394,2026-09-16,20:37:36.54,2026-09-16T16:37:36.5459968-04:00,2026-09-16T20:37:36.5459968Z,,v3,471298,471298,,"Velit, Liam",1000239563,Right,FOR_RAM,caf361b4-8330-4e22-8a56-e1fb03256392,53.83178,-122.7109,14.26045,5.1296,-4.09941,-8.48128,1.4442,-10.07171,4.15522,,,,,,,,,,,,,,,,,,,,,,,,,,,,,,,,,,,,,,,,,,,,,,,,,,,High,High,High,,,,,
103,2026-09-16,16:38:24.62,5,1,"Yakabosky, Chase",10173837,Left,FOR_RAM,"Wansaw, Michael",1000503198,Right,FOR_RAM,Undefined,3,Top,1,0,0,Fastball,Changeup,BallCalled,Undefined,Undefined,Undefined,0,0,,84.92494,0.86049,0.997682,2009.510615,141.022926,10:45,5.30953,-2.0253,6.68533,-23.32403,15.20493,-11.08375,4.15307,-2.03635,75.61799,-3.658548,-1.021212,0.44675,,,,,,,,,,,,6.09811,8.11028,1.96199,50,5.35754,-1.71326,-123.16661,1.27582,9.1125,30.66552,-20.0547,FOR_RAM,FOR_RAM,FordhamUniversity,TeamExclusive,Team,20260916-FordhamUniversity-Private-1,88c1e210-b20e-11f1-9cb4-878818705a31,84.37023,,,9.30696,,,,,,,fe8d6ad8-6366-43a8-8e06-1e5f959c4394,2026-09-16,20:38:24.62,2026-09-16T16:38:24.6221824-04:00,2026-09-16T20:38:24.6221824Z,,v3,471298,471298,,"Velit, Liam",1000239563,Right,FOR_RAM,5d1343ec-a782-4022-b109-aac59f669ca5,53.80615,-124.11063,15.33276,5.30876,1.89319,-10.02735,2.01906,-1.99378,4.55625,,,,,,,,,,,,,,,,,,,,,,,,,,,,,,,,,,,,,,,,,,,,,,,,,,,High,High,High,,,,,
104,2026-09-16,16:39:09.84,5,2,"Yakabosky, Chase",10173837,Left,FOR_RAM,"Wansaw, Michael",1000503198,Right,FOR_RAM,Undefined,3,Top,1,1,0,Curveball,Curveball,BallCalled,Undefined,Undefined,Undefined,0,0,,73.92691,0.837301,3.299208,2085.276472,268.376393,3:00,5.0929,-1.89324,6.37911,-49.40719,2.17429,6.69201,1.74726,1.70296,66.47639,-8.396145,4.508456,0.516914,,,,,,,,,,,,-2.26776,1.48421,1.65263,50,5.13167,-6.40064,-107.04368,0.22067,-2.55918,23.19045,-30.49911,FOR_RAM,FOR_RAM,FordhamUniversity,TeamExclusive,Team,20260916-FordhamUniversity-Private-1,a3b76ef0-b20e-11f1-9cb4-878818705a31,72.9182,,,7.45053,,,,,,,fe8d6ad8-6366-43a8-8e06-1e5f959c4394,2026-09-16,20:39:09.84,2026-09-16T16:39:09.8405376-04:00,2026-09-16T20:39:09.8405376Z,,v3,471298,471298,,"Velit, Liam",1000239563,Right,FOR_RAM,e7999560-89d0-48f4-a94d-36e6de0bba29,54.11496,-107.93148,11.59523,5.10087,1.38827,-15.24956,1.8958,-6.30267,-1.27959,,,,,,,,,,,,,,,,,,,,,,,,,,,,,,,,,,,,,,,,,,,,,,,,,,,High,High,High,,,,,
105,2026-09-16,16:39:43.67,5,3,"Yakabosky, Chase",10173837,Left,FOR_RAM,"Wansaw, Michael",1000503198,Right,FOR_RAM,Undefined,3,Top,1,2,0,Fastball,Four-Seam,FoulBallNotFieldable,Undefined,Undefined,Undefined,0,0,,85.56357,-2.254963,3.108828,2029.849174,151.606843,11:00,5.26809,-1.72423,6.52958,-19.23623,19.05926,-9.47312,1.59238,0.34102,76.3874,-5.995548,1.391042,0.445395,63.50804,30.710657,147.063846,3338.232044,-97.0981,19.28154,51.691,141.21884,49.58792,153.565653,2.248167,6.06615,11.22123,1.51191,50,5.10287,-6.3655,-123.86677,-5.33776,9.16941,30.98366,-15.2124,FOR_RAM,FOR_RAM,FordhamUniversity,TeamExclusive,Team,20260916-FordhamUniversity-Private-1,b7e01bc0-b20e-11f1-9cb4-878818705a31,84.62704,25.59516,,9.17617,,,,1.13072,1.49367,-0.39431,fe8d6ad8-6366-43a8-8e06-1e5f959c4394,2026-09-16,20:39:43.67,2026-09-16T16:39:43.6739072-04:00,2026-09-16T20:39:43.6739072Z,FlyBall,v3,471298,471298,,"Velit, Liam",1000239563,Right,FOR_RAM,178b04ac-af41-4fe8-b4cf-5b54d28e30a1,53.96489,-124.85459,15.49183,5.26532,-4.85276,-7.6062,1.71951,-6.65784,4.5847,319.060586,1.13075,-67.2132,3.94911,0.33438,0.00229,-0.04673,0.03264,-0.00657,0.00013,1.49367,47.56964,-25.90234,2.85555,-0.62267,0.16452,-0.04792,0.01284,-0.00161,-0.39434,43.54281,-8.63254,1.26998,-0.36255,0.13768,-0.05395,0.01193,-0.00088,,,,,,,,,,,,,,,,,,,,,,,High,High,High,High,Low,,,
106,2026-09-16,16:40:20.90,5,4,"Yakabosky, Chase",10173837,Left,FOR_RAM,"Wansaw, Michael",1000503198,Right,FOR_RAM,Undefined,3,Top,1,2,1,Curveball,Curveball,BallCalled,Undefined,Undefined,Undefined,0,0,,74.01958,1.774131,2.368204,2034.419514,271.191745,3:00,5.15915,-1.77218,6.09688,-49.99089,1.76784,7.82792,2.63606,1.07175,66.6397,-7.530624,3.776465,0.517801,,,,,,,,,,,,-3.17776,0.93409,1.586,50,5.27049,-4.71304,-107.21284,1.8893,-3.61429,22.48101,-31.11163,FOR_RAM,FOR_RAM,FordhamUniversity,TeamExclusive,Team,20260916-FordhamUniversity-Private-1,ce231d10-b20e-11f1-9cb4-878818705a31,72.79323,,,7.37988,,,,,,,fe8d6ad8-6366-43a8-8e06-1e5f959c4394,2026-09-16,20:40:20.90,2026-09-16T16:40:20.9054720-04:00,2026-09-16T20:40:20.9054720Z,,v3,471298,471298,,"Velit, Liam",1000239563,Right,FOR_RAM,39be6699-c429-46b4-937b-8673bdbb755a,54.39781,-108.13107,11.24051,5.16737,3.16005,-15.55582,1.77548,-4.56542,-1.80714,,,,,,,,,,,,,,,,,,,,,,,,,,,,,,,,,,,,,,,,,,,,,,,,,,,High,High,High,,,,,
107,2026-09-16,16:40:47.36,5,5,"Yakabosky, Chase",10173837,Left,FOR_RAM,"Wansaw, Michael",1000503198,Right,FOR_RAM,Undefined,3,Top,1,3,1,Fastball,Changeup,FoulBallNotFieldable,Undefined,Undefined,Undefined,0,0,,85.53332,-0.613414,2.688891,2028.179987,136.590851,10:30,5.3197,-1.70391,6.48814,-23.25206,14.91544,-12.72138,2.81823,-0.29363,76.55184,-5.080878,0.382251,0.44465,75.99805,53.817464,45.684508,4683.435014,60.46327,104.15656,91.89218,204.47902,75.47483,60.782848,5.183063,7.61965,8.43819,1.5205,50,5.26647,-5.34467,-124.0162,-1.94347,11.58155,30.35754,-19.34835,FOR_RAM,FOR_RAM,FordhamUniversity,TeamExclusive,Team,20260916-FordhamUniversity-Private-1,ddc35b90-b20e-11f1-9cb4-878818705a31,84.76878,104.29849,,8.98147,,,,0.69708,2.74417,0.25614,fe8d6ad8-6366-43a8-8e06-1e5f959c4394,2026-09-16,20:40:47.36,2026-09-16T16:40:47.3673216-04:00,2026-09-16T20:40:47.3673216Z,Popup,v3,471298,471298,,"Velit, Liam",1000239563,Right,FOR_RAM,8e1e0fcc-3dd5-40e9-8703-a240ba75ca06,54.00822,-124.99351,15.17877,5.31901,-1.32058,-9.67417,1.69856,-5.71752,5.79077,206.278565,0.70732,45.73147,-14.59507,2.66406,0.78124,-0.69114,0.19713,-0.02581,0.0013,2.73128,90.20375,-24.41554,3.31287,-1.1071,0.29824,-0.0433,0.00254,-2E-05,0.25342,47.12983,-4.75166,0.82865,-0.16619,0.03494,-0.00455,0.00021,1E-05,,,,,,,,,,,,,,,,,,,,,,,High,High,High,High,Low,,,
108,2026-09-16,16:41:24.80,5,6,"Yakabosky, Chase",10173837,Left,FOR_RAM,"Wansaw, Michael",1000503198,Right,FOR_RAM,Undefined,3,Top,1,3,2,Curveball,Curveball,FoulBallNotFieldable,Undefined,Undefined,Undefined,0,0,,75.00945,1.066495,1.866135,2103.170376,294.428956,3:45,5.14367,-1.93034,6.14892,-52.04897,-2.30658,8.81532,1.79233,0.52917,68.35894,-8.562579,3.456338,0.507615,73.99877,-14.560289,-66.369984,,,,,8.49925,8.21887,-55.431388,0.067622,-3.97642,-1.05772,1.78389,50,5.1983,-3.84978,-108.886,0.52175,-4.70769,21.59534,-33.42627,FOR_RAM,FOR_RAM,FordhamUniversity,TeamExclusive,Team,20260916-FordhamUniversity-Private-1,f43004f0-b20e-11f1-9cb4-878818705a31,74.25393,1.84923,,6.65051,,,,1.9687,1.84923,-0.47612,fe8d6ad8-6366-43a8-8e06-1e5f959c4394,2026-09-16,20:41:24.80,2026-09-16T16:41:24.8051712-04:00,2026-09-16T20:41:24.8051712Z,GroundBall,v3,471298,471298,,"Velit, Liam",1000239563,Right,FOR_RAM,23256d0c-d09d-4f94-a7d0-65bad965a913,54.35021,-109.74539,10.79767,5.15107,1.85195,-16.71314,1.93336,-3.66243,-2.35385,180,1.96766,42.20121,,,,,,,,1.8499,-27.34673,,,,,,,,-0.47373,-96.45697,,,,,,,,,,,,,,,,,,,,,,,,,,,,,,High,High,High,High,High,,,
109,2026-09-16,16:42:02.91,5,7,"Yakabosky, Chase",10173837,Left,FOR_RAM,"Wansaw, Michael",1000503198,Right,FOR_RAM,Undefined,3,Top,1,3,2,Fastball,Four-Seam,BallCalled,Walk,Undefined,Undefined,0,0,,84.8655,0.265917,4.300356,2003.112501,151.177335,11:00,5.2929,-1.66196,6.61091,-21.31564,17.46048,-8.77961,3.76085,1.55263,75.69316,-3.869916,2.710512,0.448181,,,,,,,,,,,,6.02823,9.46658,1.37177,50,5.3019,-8.88728,-122.77286,0.067,8.98228,29.69139,-18.06844,FOR_RAM,FOR_RAM,FordhamUniversity,TeamExclusive,Team,20260916-FordhamUniversity-Private-1,0add87e0-b20f-11f1-9cb4-878818705a31,84.10091,,,9.17234,,,,,,,fe8d6ad8-6366-43a8-8e06-1e5f959c4394,2026-09-16,20:42:02.91,2026-09-16T16:42:02.9126656-04:00,2026-09-16T20:42:02.9126656Z,,v3,471298,471298,,"Velit, Liam",1000239563,Right,FOR_RAM,5e281c8c-ef1a-4d99-ba29-8277f7806b73,53.88052,-123.70777,14.8457,5.29084,0.63593,-9.03422,1.65606,-9.17011,4.49114,,,,,,,,,,,,,,,,,,,,,,,,,,,,,,,,,,,,,,,,,,,,,,,,,,,High,High,High,,,,,
110,2026-09-16,16:44:55.89,1,1,"Curran, Tommy",1000559344,Left,FOR_RAM,"Kaufman, Taylor",10314665,Right,FOR_RAM,Undefined,3,Bottom,0,0,0,Fastball,Changeup,BallCalled,Undefined,Undefined,Undefined,0,0,,84.00662,-0.690007,0.589983,1653.988225,142.947486,10:45,5.90798,-1.88076,6.57391,-23.98356,15.16292,-10.37209,3.27685,-2.20432,75.71009,-5.287377,-1.29641,0.450316,,,,,,,,,,,,5.57158,8.5926,1.84379,50,5.85044,-0.86016,-121.95567,-2.08342,8.24777,27.8073,-19.45416,FOR_RAM,FOR_RAM,FordhamUniversity,TeamExclusive,Team,20260916-FordhamUniversity-Private-1,71fe70b0-b20f-11f1-9cb4-878818705a31,83.70215,,,8.29653,,,,,,,fe8d6ad8-6366-43a8-8e06-1e5f959c4394,2026-09-16,20:44:55.89,2026-09-16T16:44:55.8999040-04:00,2026-09-16T20:44:55.8999040Z,,v3,471298,471298,,"Young, Caden",10264258,Right,FOR_RAM,35e84ad9-f968-4baa-abaa-aaea1380f5aa,53.91981,-122.84619,13.90365,5.90718,-1.46041,-9.72708,1.87557,-1.12429,4.12388,,,,,,,,,,,,,,,,,,,,,,,,,,,,,,,,,,,,,,,,,,,,,,,,,,,High,High,High,,,,,
111,2026-09-16,16:45:14.02,1,2,"Curran, Tommy",1000559344,Left,FOR_RAM,"Kaufman, Taylor",10314665,Right,FOR_RAM,Undefined,3,Bottom,0,1,0,Fastball,Changeup,BallCalled,Undefined,Undefined,Undefined,0,0,,83.75769,-1.992487,1.668123,1762.601906,149.570124,11:00,5.86901,-1.94275,6.49469,-19.86596,19.94273,-10.80331,2.38299,-1.31133,75.03082,-5.849104,-0.292865,0.454109,,,,,,,,,,,,6.15835,11.52859,1.82983,50,5.72037,-3.11725,-121.39238,-4.6815,8.97664,28.89088,-15.36948,FOR_RAM,FOR_RAM,FordhamUniversity,TeamExclusive,Team,20260916-FordhamUniversity-Private-1,7cc0cde0-b20f-11f1-9cb4-878818705a31,83.00302,,,8.72687,,,,,,,fe8d6ad8-6366-43a8-8e06-1e5f959c4394,2026-09-16,20:45:14.02,2026-09-16T16:45:14.0275712-04:00,2026-09-16T20:45:14.0275712Z,,v3,471298,471298,,"Young, Caden",10264258,Right,FOR_RAM,c9904bd7-5270-4ddd-a72b-6598dd2ac7ea,53.99798,-122.34018,14.44544,5.86569,-4.17728,-7.68474,1.93693,-3.41175,4.48832,,,,,,,,,,,,,,,,,,,,,,,,,,,,,,,,,,,,,,,,,,,,,,,,,,,High,High,High,,,,,
112,2026-09-16,16:45:35.31,1,3,"Curran, Tommy",1000559344,Left,FOR_RAM,"Kaufman, Taylor",10314665,Right,FOR_RAM,Undefined,3,Bottom,0,2,0,Fastball,Changeup,BallCalled,Undefined,Undefined,Undefined,0,0,,84.4096,-1.902983,1.177931,1732.824273,148.293924,11:00,5.88716,-1.86943,6.52333,-21.32478,17.72497,-10.03091,2.36318,-1.62449,75.81747,-6.014047,-0.644659,0.44976,,,,,,,,,,,,5.58107,10.33174,1.79103,50,5.74535,-2.12641,-122.39761,-4.58825,8.28967,28.86191,-16.82807,FOR_RAM,FOR_RAM,FordhamUniversity,TeamExclusive,Team,20260916-FordhamUniversity-Private-1,896de410-b20f-11f1-9cb4-878818705a31,83.80574,,,8.59213,,,,,,,fe8d6ad8-6366-43a8-8e06-1e5f959c4394,2026-09-16,20:45:35.31,2026-09-16T16:45:35.3118720-04:00,2026-09-16T20:45:35.3118720Z,,v3,471298,471298,,"Young, Caden",10264258,Right,FOR_RAM,90691bb9-caba-4cca-87ba-ebeca5962b9e,53.96936,-123.33005,14.43096,5.8848,-4.04459,-8.41404,1.86405,-2.39422,4.14484,,,,,,,,,,,,,,,,,,,,,,,,,,,,,,,,,,,,,,,,,,,,,,,,,,,High,High,High,,,,,
113,2026-09-16,16:45:54.89,1,4,"Curran, Tommy",1000559344,Left,FOR_RAM,"Kaufman, Taylor",10314665,Right,FOR_RAM,Undefined,3,Bottom,0,3,0,Fastball,Changeup,StrikeCalled,Undefined,Undefined,Undefined,0,0,,83.26341,-0.446446,2.109238,1645.438097,140.186216,10:45,5.8641,-1.81833,6.57074,-25.72458,14.188,-10.6056,3.31088,-0.76786,74.9636,-5.366993,0.181996,0.454701,,,,,,,,,,,,6.18772,8.0163,1.67698,50,5.82259,-4.0467,-120.80101,-1.61063,8.9844,27.35113,-20.53458,FOR_RAM,FOR_RAM,FordhamUniversity,TeamExclusive,Team,20260916-FordhamUniversity-Private-1,95241720-b20f-11f1-9cb4-878818705a31,82.89492,,,8.29981,,,,,,,fe8d6ad8-6366-43a8-8e06-1e5f959c4394,2026-09-16,20:45:54.89,2026-09-16T16:45:54.8928000-04:00,2026-09-16T20:45:54.8928000Z,,v3,471298,471298,,"Young, Caden",10264258,Right,FOR_RAM,2ada08ed-2c42-4a51-a2e2-5cd78f845257,53.92288,-121.68597,13.67556,5.86395,-0.94622,-10.26729,1.81261,-4.3374,4.4922,,,,,,,,,,,,,,,,,,,,,,,,,,,,,,,,,,,,,,,,,,,,,,,,,,,High,High,High,,,,,
114,2026-09-16,16:46:18.51,1,5,"Curran, Tommy",1000559344,Left,FOR_RAM,"Kaufman, Taylor",10314665,Right,FOR_RAM,Undefined,3,Bottom,0,3,1,Cutter,Curveball,BallCalled,Walk,Undefined,Undefined,0,0,,76.46526,1.764781,0.12005,1829.377629,229.890136,1:45,5.84665,-1.99148,6.27619,-41.56896,5.67087,4.93016,4.00981,-1.46997,69.78922,-6.001107,1.011414,0.494681,,,,,,,,,,,,-2.50303,2.93713,1.98046,50,5.95727,-0.40728,-111.0648,2.24886,-3.1137,20.65373,-28.52036,FOR_RAM,FOR_RAM,FordhamUniversity,TeamExclusive,Team,20260916-FordhamUniversity-Private-1,a3441e40-b20f-11f1-9cb4-878818705a31,76.19539,,,6.67604,,,,,,,fe8d6ad8-6366-43a8-8e06-1e5f959c4394,2026-09-16,20:46:18.51,2026-09-16T16:46:18.5170944-04:00,2026-09-16T20:46:18.5170944Z,,v3,471298,471298,,"Young, Caden",10264258,Right,FOR_RAM,498797d2-99b9-47f3-ad16-908f595fee44,54.22023,-111.84684,10.32686,5.85167,3.32877,-14.26018,1.99365,-0.28938,-1.55685,,,,,,,,,,,,,,,,,,,,,,,,,,,,,,,,,,,,,,,,,,,,,,,,,,,High,High,High,,,,,
115,2026-09-16,16:46:47.69,2,1,"Curran, Tommy",1000559344,Left,FOR_RAM,"Maryott, Gavin",1000410374,Right,FOR_RAM,Undefined,3,Bottom,0,0,0,Fastball,Changeup,StrikeCalled,Undefined,Undefined,Undefined,0,0,,84.58223,-0.680508,1.813085,1539.700023,140.266165,10:45,5.88996,-1.70945,6.56359,-27.27954,11.00249,-8.08276,2.99246,-0.7203,76.99543,-5.844436,0.343798,0.445317,,,,,,,,,,,,4.75055,6.37429,1.58754,50,5.83164,-3.58574,-122.86766,-2.21783,7.21161,25.92361,-22.49755,FOR_RAM,FOR_RAM,FordhamUniversity,TeamExclusive,Team,20260916-FordhamUniversity-Private-1,b48848c0-b20f-11f1-9cb4-878818705a31,84.64189,,,7.5868,,,,,,,fe8d6ad8-6366-43a8-8e06-1e5f959c4394,2026-09-16,20:46:47.69,2026-09-16T16:46:47.6909056-04:00,2026-09-16T20:46:47.6909056Z,,v3,471298,471298,,"Young, Caden",10264258,Right,FOR_RAM,03e2a022-8ee6-4b5c-931d-4dc6923e6e0d,53.93247,-123.69459,12.9618,5.89095,-1.5002,-11.24878,1.70559,-3.81578,3.60581,,,,,,,,,,,,,,,,,,,,,,,,,,,,,,,,,,,,,,,,,,,,,,,,,,,High,High,High,,,,,
116,2026-09-16,16:47:05.58,2,2,"Curran, Tommy",1000559344,Left,FOR_RAM,"Maryott, Gavin",1000410374,Right,FOR_RAM,Undefined,3,Bottom,0,0,1,Curveball,Curveball,BallCalled,Undefined,Undefined,Undefined,0,0,,68.78776,0.059844,1.563017,2121.071768,302.164233,4:00,5.91218,-1.89642,5.95042,-69.1346,-8.7563,17.51879,0.20648,1.01346,62.68155,-12.584434,4.722419,0.559258,,,,,,,,,,,,-8.50056,-3.9865,1.76207,50,5.87833,-3.28264,-99.78625,-1.80239,-8.31836,20.46413,-36.07509,FOR_RAM,FOR_RAM,FordhamUniversity,TeamExclusive,Team,20260916-FordhamUniversity-Private-1,bf60c600-b20f-11f1-9cb4-878818705a31,67.39728,,,6.10621,,,,,,,fe8d6ad8-6366-43a8-8e06-1e5f959c4394,2026-09-16,20:47:05.58,2026-09-16T16:47:05.5891968-04:00,2026-09-16T20:47:05.5891968Z,,v3,471298,471298,,"Young, Caden",10264258,Right,FOR_RAM,f7fbd5bf-0cf3-4698-b270-8c48ca2c0c0f,54.5505,-100.71514,10.23207,5.92298,-0.1649,-18.03754,1.90251,-2.90506,-4.15918,,,,,,,,,,,,,,,,,,,,,,,,,,,,,,,,,,,,,,,,,,,,,,,,,,,High,High,High,,,,,
117,2026-09-16,16:47:26.62,2,3,"Curran, Tommy",1000559344,Left,FOR_RAM,"Maryott, Gavin",1000410374,Right,FOR_RAM,Undefined,3,Bottom,0,1,1,Cutter,Changeup,StrikeCalled,Undefined,Undefined,Undefined,0,0,,77.89344,0.484234,1.945415,1805.91108,145.934952,10:45,5.83417,-1.95605,6.3597,-38.15786,7.4326,-3.98425,3.10027,-0.497,70.88073,-6.667482,1.224106,0.485969,,,,,,,,,,,,2.6526,4.21386,1.81688,50,5.85181,-3.6997,-113.08921,-0.10831,3.40463,22.33744,-26.7655,FOR_RAM,FOR_RAM,FordhamUniversity,TeamExclusive,Team,20260916-FordhamUniversity-Private-1,cbd0fa40-b20f-11f1-9cb4-878818705a31,77.56146,,,7.01272,,,,,,,fe8d6ad8-6366-43a8-8e06-1e5f959c4394,2026-09-16,20:47:26.62,2026-09-16T16:47:26.6241024-04:00,2026-09-16T20:47:26.6241024Z,,v3,471298,471298,,"Young, Caden",10264258,Right,FOR_RAM,a5199ecb-6486-450e-ad79-20e31a7834dd,54.13624,-113.90327,11.16872,5.83798,0.86713,-13.38275,1.95397,-3.82378,1.70231,,,,,,,,,,,,,,,,,,,,,,,,,,,,,,,,,,,,,,,,,,,,,,,,,,,High,High,High,,,,,
118,2026-09-16,16:47:47.17,2,4,"Curran, Tommy",1000559344,Left,FOR_RAM,"Maryott, Gavin",1000410374,Right,FOR_RAM,Undefined,3,Bottom,0,1,2,ChangeUp,Changeup,InPlay,Undefined,LineDrive,Out,2,1,,74.8133,-0.257334,2.134345,1226.773116,123.655503,10:00,5.80624,-1.94875,6.7615,-38.02152,10.41079,-13.2645,2.4026,-1.10393,68.50678,-7.430276,-0.286648,0.500886,89.90281,20.907889,-7.290005,2552.677758,109.40074,37.89092,-11.46603,333.31477,323.12682,-4.623167,4.026064,7.68933,6.0441,1.81388,50,5.77487,-3.64632,-108.76557,-1.40688,9.16239,20.01832,-24.97205,FOR_RAM,FOR_RAM,FordhamUniversity,TeamExclusive,Team,20260916-FordhamUniversity-Private-1,d8657f60-b20f-11f1-9cb4-878818705a31,75.25151,48.37878,,6.30652,,,,2.21496,2.53988,1.09835,fe8d6ad8-6366-43a8-8e06-1e5f959c4394,2026-09-16,20:47:47.17,2026-09-16T16:47:47.1714816-04:00,2026-09-16T20:47:47.1714816Z,LineDrive,v3,471298,471298,,"Young, Caden",10264258,Right,FOR_RAM,3b461381-8f58-494e-a25d-b1e00780f713,53.73761,-109.45132,10.00916,5.80841,-0.55144,-12.48602,1.94416,-3.96019,4.5812,186.042762,2.2149,122.18017,-19.99106,4.48378,-0.87007,0.16921,-0.03254,0.00444,-0.00027,2.5398,47.06013,-11.77905,-0.3697,0.18309,-0.06423,0.01884,-0.00277,0.00015,1.09849,-15.63369,3.83293,-0.77281,0.17617,-0.04609,0.01064,-0.00149,9E-05,,,,,,,,,,,,,,,,,,,,,,,High,High,High,High,High,,,
119,2026-09-16,16:48:40.48,3,1,"Curran, Tommy",1000559344,Left,FOR_RAM,"Player, Practice",111,Left,FOR_RAM,Undefined,3,Bottom,2,0,0,Fastball,Changeup,BallCalled,Undefined,Undefined,Undefined,0,0,,84.16366,-0.394874,1.329818,1597.58129,138.856739,10:45,5.99411,-1.57765,6.4938,-25.38458,13.2267,-10.47036,3.51615,-1.22923,76.81742,-5.207703,-0.57157,0.447227,,,,,,,,,,,,5.82449,7.42008,1.48848,50,5.95525,-2.44615,-122.32111,-1.53628,8.79689,24.83862,-20.9673,FOR_RAM,FOR_RAM,FordhamUniversity,TeamExclusive,Team,20260916-FordhamUniversity-Private-1,f7e10990-b20f-11f1-9cb4-878818705a31,84.28025,,,7.34624,,,,,,,fe8d6ad8-6366-43a8-8e06-1e5f959c4394,2026-09-16,20:48:40.48,2026-09-16T16:48:40.4860000-04:00,2026-09-16T20:48:40.4860000Z,,v3,471298,471298,,"Young, Caden",10264258,Right,FOR_RAM,069322c4-0d14-4b0e-9c3d-d36dfe6dc005,54.00272,-123.13122,12.41931,5.9942,-0.85243,-10.48365,1.57294,-2.73305,4.39845,,,,,,,,,,,,,,,,,,,,,,,,,,,,,75.04208,2.086322,0.743475,1.342847,-1.79145,3.21429,1.26449,-2.44944,6.10553,1.13102,127.27844,1.34568,4.8607,-2.32198,107.79861,-8.50569,6.14191,13.42719,-12.69189,1.12553,2.47896,0.22954,High,High,High,,,High,High,Medium
120,2026-09-16,16:49:12.82,3,2,"Curran, Tommy",1000559344,Left,FOR_RAM,"Player, Practice",111,Left,FOR_RAM,Undefined,3,Bottom,2,1,0,ChangeUp,Changeup,FoulBallNotFieldable,Undefined,Undefined,Undefined,0,0,,78.99017,-1.116653,1.546438,1689.398463,167.88724,11:30,5.946,-1.67189,6.70177,-32.48884,11.39327,-2.11567,2.2171,-0.43388,71.77991,-7.267265,1.160658,0.476777,70.24848,-11.374548,50.687463,,,,,12.21828,11.79909,45.186672,0.106132,1.61036,6.8187,1.56993,50,5.85908,-3.02723,-114.73876,-3.06065,2.11829,23.85826,-23.20471,FOR_RAM,FOR_RAM,FordhamUniversity,TeamExclusive,Team,20260916-FordhamUniversity-Private-1,0b1df6d0-b210-11f1-9cb4-878818705a31,79.0568,2.33024,,7.21027,,,,1.92971,2.33024,0.57827,fe8d6ad8-6366-43a8-8e06-1e5f959c4394,2026-09-16,20:49:12.82,2026-09-16T16:49:12.8251392-04:00,2026-09-16T20:49:12.8251392Z,GroundBall,v3,471298,471298,,"Young, Caden",10264258,Right,FOR_RAM,e1f0389d-89eb-481a-a9e8-731223e705d4,53.79533,-115.52525,11.92913,5.94737,-2.2957,-11.60236,1.67088,-3.09706,1.05915,66.940359,1.9298,63.98199,-9.67453,,,,,,,2.33037,-20.33603,-15.28704,,,,,,,0.5785,78.12142,-17.9469,,,,,,,,,,,,,,,,,,,,,,,,,,,,,High,High,High,Medium,Medium,,,
121,2026-09-16,16:49:51.18,3,3,"Curran, Tommy",1000559344,Left,FOR_RAM,"Player, Practice",111,Left,FOR_RAM,Undefined,3,Bottom,2,1,1,Fastball,Changeup,BallCalled,Undefined,Undefined,Undefined,0,0,,83.00376,-0.460556,1.476255,1621.647007,127.677273,10:15,5.94863,-1.77757,6.58107,-25.86852,14.01863,-16.3556,3.37069,-1.78733,75.19153,-5.393663,-1.498261,0.454557,,,,,,,,,,,,8.95186,7.91638,1.68198,50,5.90617,-2.49519,-120.55764,-1.64396,13.01971,26.0113,-20.66034,FOR_RAM,FOR_RAM,FordhamUniversity,TeamExclusive,Team,20260916-FordhamUniversity-Private-1,21ef2e60-b210-11f1-9cb4-878818705a31,82.92134,,,7.81223,,,,,,,fe8d6ad8-6366-43a8-8e06-1e5f959c4394,2026-09-16,20:49:51.18,2026-09-16T16:49:51.1874048-04:00,2026-09-16T20:49:51.1874048Z,,v3,471298,471298,,"Young, Caden",10264258,Right,FOR_RAM,eaf30966-02be-4661-9554-1551a30e5721,53.91439,-121.39926,13.00565,5.94855,-0.97548,-10.33017,1.76953,-2.91646,6.50986,,,,,,,,,,,,,,,,,,,,,,,,,,,,,,,,,,,,,,,,,,,,,,,,,,,High,High,High,,,,,
122,2026-09-16,16:50:12.24,3,4,"Curran, Tommy",1000559344,Left,FOR_RAM,"Player, Practice",111,Left,FOR_RAM,Undefined,3,Bottom,2,2,1,Curveball,Curveball,BallCalled,Undefined,Undefined,Undefined,0,0,,67.15879,1.824806,3.196938,1969.027825,324.933799,4:45,5.93415,-1.66992,5.81719,-77.19729,-12.61284,10.71008,1.20093,2.19812,60.3882,-12.313917,5.116874,0.578409,,,,,,,,,,,,-4.19079,-6.42473,1.40161,50,6.03879,-5.77634,-97.12118,0.94167,-3.84139,20.9157,-38.06309,FOR_RAM,FOR_RAM,FordhamUniversity,TeamExclusive,Team,20260916-FordhamUniversity-Private-1,2e9ae500-b210-11f1-9cb4-878818705a31,65.16568,,,6.7706,,,,,,,fe8d6ad8-6366-43a8-8e06-1e5f959c4394,2026-09-16,20:50:12.24,2026-09-16T16:50:12.2470400-04:00,2026-09-16T20:50:12.2470400Z,,v3,471298,471298,,"Young, Caden",10264258,Right,FOR_RAM,deb4fc5b-2435-4273-8ad5-59c6aa43ccdd,54.68187,-98.12427,10.45785,5.94986,2.76713,-19.03155,1.67422,-5.59211,-1.9207,,,,,,,,,,,,,,,,,,,,,,,,,,,,,,,,,,,,,,,,,,,,,,,,,,,High,High,High,,,,,
123,2026-09-16,16:50:36.01,3,5,"Curran, Tommy",1000559344,Left,FOR_RAM,"Player, Practice",111,Left,FOR_RAM,Undefined,3,Bottom,2,3,1,Fastball,Changeup,StrikeCalled,Undefined,Undefined,Undefined,0,0,,82.4883,-0.944984,2.915447,1706.245279,141.863594,10:45,5.88754,-1.55834,6.6185,-25.98706,14.54355,-10.27087,2.85534,0.25801,74.51233,-5.908223,1.048925,0.458208,,,,,,,,,,,,6.27961,8.37713,1.36379,50,5.81261,-5.71393,-119.63997,-2.63928,8.96929,26.21616,-20.20878,FOR_RAM,FOR_RAM,FordhamUniversity,TeamExclusive,Team,20260916-FordhamUniversity-Private-1,3cafc890-b210-11f1-9cb4-878818705a31,82.26049,,,7.97597,,,,,,,fe8d6ad8-6366-43a8-8e06-1e5f959c4394,2026-09-16,20:50:36.01,2026-09-16T16:50:36.0187904-04:00,2026-09-16T20:50:36.0187904Z,,v3,471298,471298,,"Young, Caden",10264258,Right,FOR_RAM,21071a10-98b9-471c-890f-51fca0424ffd,53.87602,-120.48631,13.10808,5.88728,-1.98687,-10.10439,1.55292,-6.00349,4.48465,,,,,,,,,,,,,,,,,,,,,,,,,,,,,,,,,,,,,,,,,,,,,,,,,,,High,High,High,,,,,
124,2026-09-16,16:50:57.11,3,6,"Curran, Tommy",1000559344,Left,FOR_RAM,"Player, Practice",111,Left,FOR_RAM,Undefined,3,Bottom,2,3,2,Fastball,Changeup,InPlay,Undefined,GroundBall,Single,1,0,,83.31326,-0.901354,1.709582,1698.074846,136.205385,10:30,5.90714,-1.61487,6.49515,-26.31316,13.73788,-11.73619,2.88655,-1.02311,74.93496,-5.921673,-0.421247,0.45549,41.33592,-25.846438,43.469279,,,,,7.89551,7.46873,39.551093,0.108621,6.72709,7.92808,1.4999,50,5.83256,-3.17578,-120.89417,-2.60327,9.75063,28.09797,-20.68261,FOR_RAM,FOR_RAM,FordhamUniversity,TeamExclusive,Team,20260916-FordhamUniversity-Private-1,493d96f0-b210-11f1-9cb4-878818705a31,82.75148,2.90583,,8.37829,,,,1.73445,2.90583,0.90077,fe8d6ad8-6366-43a8-8e06-1e5f959c4394,2026-09-16,20:50:57.11,2026-09-16T16:50:57.1162624-04:00,2026-09-16T20:50:57.1162624Z,GroundBall,v3,471298,471298,,"Young, Caden",10264258,Right,FOR_RAM,5dc66ba9-5eef-4f96-b81e-d97feb5ffe10,54.00096,-121.82051,14.04899,5.90715,-1.9214,-10.34131,1.6099,-3.49724,4.87532,180,1.72603,40.07921,,,,,,,,2.91145,-26.75207,,,,,,,,0.89279,37.99293,,,,,,,,,,,,,,,,,,,,,,,,,,,,,,High,High,High,Low,Low,,,
125,2026-09-16,16:54:25.81,1,1,"Travaglia, Giacomo",1000136183,Right,FOR_RAM,"Forney, Colden",1000306564,Right,FOR_RAM,Undefined,4,Top,0,0,0,Sinker,Changeup,StrikeCalled,Undefined,Undefined,Undefined,0,0,,82.1788,0.518358,-3.826231,1991.140884,232.676901,1:45,4.16687,2.70742,6.26,-28.15458,13.25733,15.45009,2.29969,0.4617,74.11855,-4.816021,-1.042195,0.463163,,,,,,,,,,,,-9.20536,7.13914,-2.43061,50,4.19169,7.3793,-119.06876,0.29352,-13.03878,25.71152,-22.0619,FOR_RAM,FOR_RAM,FordhamUniversity,TeamExclusive,Team,20260916-FordhamUniversity-Private-1,c5ae9590-b210-11f1-9cb4-878818705a31,81.38047,,,8.06025,,,,,,,fe8d6ad8-6366-43a8-8e06-1e5f959c4394,2026-09-16,20:54:25.81,2026-09-16T16:54:25.8110000-04:00,2026-09-16T20:54:25.8110000Z,,v3,471298,471298,,"Velit, Liam",1000239563,Right,FOR_RAM,a9e2f0d1-4239-4a8c-a313-a60459d0f249,54.23662,-119.98012,12.85576,4.16743,1.07552,-11.03095,-2.70037,7.84147,-6.51939,,,,,,,,,,,,,,,,,,,,,,,,,,,,,69.16013,,1.007923,,1.7559,2.32816,-0.46792,0.49831,6.56244,0.75984,,,,0.58381,99.79869,-7.20556,6.60098,10.98846,-13.2464,0.75248,-2.61093,0.52198,High,High,High,,,High,High,Medium
126,2026-09-16,16:54:59.07,1,2,"Travaglia, Giacomo",1000136183,Right,FOR_RAM,"Forney, Colden",1000306564,Right,FOR_RAM,Undefined,4,Top,0,0,1,Slider,Curveball,BallCalled,Undefined,Undefined,Undefined,0,0,,75.10738,2.140055,-3.197064,1993.570729,110.110145,9:45,4.28152,2.50255,5.97427,-44.80987,5.61792,-10.38682,2.53529,-1.3299,67.72388,-6.200248,-5.056371,0.511101,,,,,,,,,,,,4.20921,2.75496,-2.24397,50,4.42697,6.45163,-108.68675,2.76499,4.94034,22.38653,-28.94055,FOR_RAM,FOR_RAM,FordhamUniversity,TeamExclusive,Team,20260916-FordhamUniversity-Private-1,d9821d80-b210-11f1-9cb4-878818705a31,73.74759,,,7.3835,,,,,,,fe8d6ad8-6366-43a8-8e06-1e5f959c4394,2026-09-16,20:54:59.07,2026-09-16T16:54:59.0770688-04:00,2026-09-16T20:54:59.0770688Z,,v3,471298,471298,,"Velit, Liam",1000239563,Right,FOR_RAM,e9cd6018-2dd6-488f-9f2e-24f71faf5c4f,54.52007,-109.6138,11.19326,4.28765,3.96346,-14.47028,-2.5069,6.24704,2.47017,,,,,,,,,,,,,,,,,,,,,,,,,,,,,,,,,,,,,,,,,,,,,,,,,,,High,High,High,,,,,
127,2026-09-16,16:55:23.52,1,3,"Travaglia, Giacomo",1000136183,Right,FOR_RAM,"Forney, Colden",1000306564,Right,FOR_RAM,Undefined,4,Top,0,1,1,Sinker,Changeup,InPlay,Undefined,FlyBall,Out,1,0,,81.54626,0.617829,-4.224861,1873.857111,250.598724,2:15,4.20263,2.49782,6.74703,-33.95604,7.13949,16.30414,1.93894,-0.01013,74.01911,-5.799799,-1.260558,0.46139,71.07983,58.695279,25.03307,,91.04621,94.4667,61.72987,157.05773,137.11022,35.310673,5.13641,-9.92371,3.98835,-2.22576,50,4.23033,8.17969,-118.28142,0.37187,-13.93197,24.46037,-26.57476,FOR_RAM,FOR_RAM,FordhamUniversity,TeamExclusive,Team,20260916-FordhamUniversity-Private-1,e80f6560-b210-11f1-9cb4-878818705a31,81.69315,104.02645,,7.52716,,,,1.73167,2.04703,0.02387,fe8d6ad8-6366-43a8-8e06-1e5f959c4394,2026-09-16,20:55:23.52,2026-09-16T16:55:23.5260928-04:00,2026-09-16T20:55:23.5260928Z,Popup,v3,471298,471298,,"Velit, Liam",1000239563,Right,FOR_RAM,835d719c-7b4b-411c-9f8e-f9d7c8135925,53.75197,-119.05479,12.23019,4.20529,1.2121,-13.28738,-2.49135,8.62018,-6.96599,194.402745,1.73336,49.03042,-14.44778,3.96896,-0.53473,-0.05254,0.03589,-0.00552,0.00029,2.04433,89.11994,-22.93709,2.00351,-0.22818,-0.04243,0.0293,-0.00566,0.00037,0.02465,22.90752,-1.69251,0.09364,0.041,-0.00454,-0.00345,0.00097,-7E-05,,,,,,,,,,,,,,,,,,,,,,,High,High,High,High,Low,,,
128,2026-09-16,16:56:24.71,2,1,"Travaglia, Giacomo",1000136183,Right,FOR_RAM,"Chavez, Carson",1000156814,Right,FOR_RAM,Undefined,4,Top,1,0,0,Fastball,Changeup,BallCalled,Undefined,Undefined,Undefined,0,0,,84.04798,-1.853611,-4.651242,2127.549712,218.081781,1:15,5.0158,2.22494,6.86018,-20.91336,18.03052,12.98509,1.57714,-0.94227,75.63638,-5.9087,-2.288453,0.44915,,,,,,,,,,,,-8.36237,10.58005,-1.93189,50,4.88941,9.42747,-121.65166,-4.41585,-12.31333,27.74131,-16.59525,FOR_RAM,FOR_RAM,FordhamUniversity,TeamExclusive,Team,20260916-FordhamUniversity-Private-1,0c844820-b211-11f1-9cb4-878818705a31,83.91956,,,8.41159,,,,,,,fe8d6ad8-6366-43a8-8e06-1e5f959c4394,2026-09-16,20:56:24.71,2026-09-16T16:56:24.7152128-04:00,2026-09-16T20:56:24.7152128Z,,v3,471298,471298,,"Velit, Liam",1000239563,Right,FOR_RAM,5eb65b6a-c677-4910-8833-31a2e556557b,53.63483,-122.47774,13.87066,5.01355,-3.92168,-8.29762,-2.21808,9.79414,-6.15667,,,,,,,,,,,,,,,,,,,,,,,,,,,,,,,,,,,,,,,,,,,,,,,,,,,High,High,High,,,,,
129,2026-09-16,16:57:12.61,2,2,"Travaglia, Giacomo",1000136183,Right,FOR_RAM,"Chavez, Carson",1000156814,Right,FOR_RAM,Undefined,4,Top,1,1,0,Slider,Curveball,StrikeCalled,Undefined,Undefined,Undefined,0,0,,73.38533,2.202394,-1.970574,2066.109942,105.95369,9:30,4.49709,2.54525,6.28293,-46.59684,5.45607,-12.58154,2.64607,-0.32011,66.26696,-6.522199,-4.240694,0.519271,,,,,,,,,,,,5.80429,2.71433,-2.39455,50,4.63794,4.09456,-106.36724,2.83169,6.52832,21.35179,-29.12115,FOR_RAM,FOR_RAM,FordhamUniversity,TeamExclusive,Team,20260916-FordhamUniversity-Private-1,29328180-b211-11f1-9cb4-878818705a31,72.58725,,,7.11837,,,,,,,fe8d6ad8-6366-43a8-8e06-1e5f959c4394,2026-09-16,20:57:12.61,2026-09-16T16:57:12.6119424-04:00,2026-09-16T20:57:12.6119424Z,,v3,471298,471298,,"Velit, Liam",1000239563,Right,FOR_RAM,61c9ed00-7a8c-4848-bee0-2baedba37218,54.21184,-107.20938,10.6759,4.5036,3.98026,-14.56057,-2.55097,3.83707,3.26416,,,,,,,,,,,,,,,,,,,,,,,,,,,,,,,,,,,,,,,,,,,,,,,,,,,High,High,High,,,,,
130,2026-09-16,16:57:35.11,2,3,"Travaglia, Giacomo",1000136183,Right,FOR_RAM,"Chavez, Carson",1000156814,Right,FOR_RAM,Undefined,4,Top,1,1,1,Sinker,Changeup,InPlay,Undefined,Popup,Out,1,0,,82.30424,1.212235,-5.061192,1908.676108,244.597473,2:15,4.37345,2.72913,6.35599,-31.7249,9.423,16.82013,2.84995,-0.53955,74.35887,-4.76346,-2.033032,0.461685,68.13763,61.693296,45.97336,,,,,,112.74528,,,-10.35796,4.9339,-2.36926,50,4.4468,9.93488,-119.11638,1.62687,-14.72357,25.15192,-25.16062,FOR_RAM,FOR_RAM,FordhamUniversity,TeamExclusive,Team,20260916-FordhamUniversity-Private-1,3675e440-b211-11f1-9cb4-878818705a31,81.6411,68.86079,,7.94537,,,,0.55886,2.80364,0.56904,fe8d6ad8-6366-43a8-8e06-1e5f959c4394,2026-09-16,20:57:35.11,2026-09-16T16:57:35.1100416-04:00,2026-09-16T20:57:35.1100416Z,,v3,471298,471298,,"Velit, Liam",1000239563,Right,FOR_RAM,364f307b-1e24-4b01-a9de-710568b7ad8b,54.14267,-119.98793,12.57596,4.37532,2.49873,-12.58031,-2.72236,10.44507,-7.36178,203.526266,0.55886,32.93454,-12.67269,4.09655,-1.01254,0.22539,-0.04924,0.00897,-0.00102,2.80364,87.98498,-24.55955,2.386,-0.33278,0.02265,0.0026,-0.00154,0.00031,0.56904,34.07299,-2.05937,-0.06203,0.12938,-0.04802,0.01348,-0.00297,0.00035,,,,,,,,,,,,,,,,,,,,,,,High,High,High,High,Undefined,,,
131,2026-09-16,16:58:16.68,3,1,"Travaglia, Giacomo",1000136183,Right,FOR_RAM,"Markey, Tommy",10084492,Left,FOR_RAM,Undefined,4,Top,2,0,0,Sinker,Changeup,StrikeCalled,Undefined,Undefined,Undefined,0,0,,82.76982,1.820923,-4.068522,1845.602879,256.575929,2:30,4.2639,2.73281,6.60239,-34.56112,5.97398,18.7419,3.05669,0.56129,74.21875,-4.718807,-0.670731,0.458234,,,,,,,,,,,,-11.04753,3.01811,-2.46127,50,4.3747,7.81448,-119.85404,2.8361,-15.77375,27.1449,-27.86476,FOR_RAM,FOR_RAM,FordhamUniversity,TeamExclusive,Team,20260916-FordhamUniversity-Private-1,4f58bdc0-b211-11f1-9cb4-878818705a31,82.2559,,,8.55106,,,,,,,fe8d6ad8-6366-43a8-8e06-1e5f959c4394,2026-09-16,20:58:16.68,2026-09-16T16:58:16.6836736-04:00,2026-09-16T20:58:16.6836736Z,,v3,471298,471298,,"Velit, Liam",1000239563,Right,FOR_RAM,1936d85c-18b6-496c-b898-55d709dc906c,53.89303,-120.73252,13.57245,4.26832,3.73788,-13.93238,-2.72242,8.32496,-7.88688,,,,,,,,,,,,,,,,,,,,,,,,,,,,,,,,,,,,,,,,,,,,,,,,,,,High,High,High,,,,,
132,2026-09-16,16:58:35.70,3,2,"Travaglia, Giacomo",1000136183,Right,FOR_RAM,"Markey, Tommy",10084492,Left,FOR_RAM,Undefined,4,Top,2,0,1,ChangeUp,Splitter,InPlay,Undefined,LineDrive,Single,0,0,,79.3578,1.835772,-2.900775,1037.880041,259.564787,2:45,4.58033,2.63988,6.12395,-41.18553,3.43335,10.09701,2.848,0.79745,71.67376,-5.846512,-1.083701,0.480763,92.09603,10.254411,-16.867719,2477.651607,103.11649,14.70524,-38.30029,224.63807,218.36803,-23.653247,2.134133,-6.12032,1.65701,-2.4229,50,4.69987,5.45264,-115.01619,2.44987,-8.08467,24.09558,-29.9852,FOR_RAM,FOR_RAM,FordhamUniversity,TeamExclusive,Team,20260916-FordhamUniversity-Private-1,5aa69210-b211-11f1-9cb4-878818705a31,78.40134,14.77662,,7.68403,,,,0.7099,2.77183,-0.73444,fe8d6ad8-6366-43a8-8e06-1e5f959c4394,2026-09-16,20:58:35.70,2026-09-16T16:58:35.7056512-04:00,2026-09-16T20:58:35.7056512Z,LineDrive,v3,471298,471298,,"Velit, Liam",1000239563,Right,FOR_RAM,747a2795-4d72-4118-ad9c-3d0dced33087,54.3731,-115.92872,12.04779,4.58558,3.58545,-14.9926,-2.6352,5.75882,-4.04233,129.728046,0.70989,127.1988,-20.93923,4.15449,-0.62215,-0.07032,0.10456,-0.03564,0.00444,2.77186,24.0441,-12.06638,0.06697,-0.25535,0.40478,-0.25654,0.07907,-0.00955,-0.73447,-38.566,-3.24221,1.19544,-0.05415,-0.28883,0.21114,-0.06685,0.00814,,,,,,,,,,,,,,,,,,,,,,,High,High,High,High,Medium,,,
133,2026-09-16,16:59:32.00,4,1,"Travaglia, Giacomo",1000136183,Right,FOR_RAM,"Crang, Mason",10913432,Right,FOR_RAM,Undefined,4,Top,2,0,0,Fastball,Changeup,BallCalled,Undefined,Undefined,Undefined,0,0,,80.49529,-1.941993,-4.003169,2026.044038,204.983274,12:45,5.11618,2.07657,6.64616,-25.99112,16.4971,6.98937,1.1677,-1.0111,73.09637,-6.892683,-2.734892,0.469143,,,,,,,,,,,,-4.88977,9.7278,-1.80879,50,4.97428,7.91375,-116.60963,-4.59796,-6.6619,24.08277,-18.9207,FOR_RAM,FOR_RAM,FordhamUniversity,TeamExclusive,Team,20260916-FordhamUniversity-Private-1,7c212090-b211-11f1-9cb4-878818705a31,80.34312,,,7.39892,,,,,,,fe8d6ad8-6366-43a8-8e06-1e5f959c4394,2026-09-16,20:59:32.00,2026-09-16T16:59:32.0000512-04:00,2026-09-16T20:59:32.0000512Z,,v3,471298,471298,,"Velit, Liam",1000239563,Right,FOR_RAM,0762cb73-fb70-4012-966c-f8d87e3f7740,53.84896,-117.40184,12.04138,5.11529,-3.97555,-9.46035,-2.07272,8.13289,-3.33095,,,,,,,,,,,,,,,,,,,,,,,,,,,,,,,,,,,,,,,,,,,,,,,,,,,High,High,High,,,,,
134,2026-09-16,17:00:08.07,4,2,"Travaglia, Giacomo",1000136183,Right,FOR_RAM,"Crang, Mason",10913432,Right,FOR_RAM,Undefined,4,Top,2,1,0,Slider,Curveball,StrikeSwinging,Undefined,Undefined,Undefined,0,0,,75.47949,0.660649,-3.196702,2038.416792,118.446579,10:00,4.50328,2.49289,6.1159,-43.13471,5.46059,-7.39473,1.52052,-1.08197,69.60292,-7.315024,-4.525745,0.501728,,,,,,,,,,,,2.96232,3.07028,-2.24383,50,4.53139,6.37153,-109.57881,0.03998,3.60783,19.06395,-28.43478,FOR_RAM,FOR_RAM,FordhamUniversity,TeamExclusive,Team,20260916-FordhamUniversity-Private-1,91ab5930-b211-11f1-9cb4-878818705a31,75.12519,,,5.87657,,,,,,,fe8d6ad8-6366-43a8-8e06-1e5f959c4394,2026-09-16,21:00:08.07,2026-09-16T17:00:08.0771072-04:00,2026-09-16T21:00:08.0771072Z,,v3,471298,471298,,"Velit, Liam",1000239563,Right,FOR_RAM,4ff8c261-aa66-4e13-a440-81d8b191cc56,54.38344,-110.33878,9.53198,4.5072,1.17351,-14.21739,-2.49496,6.2277,1.80391,,,,,,,,,,,,,,,,,,,,,,,,,,,,,,,,,,,,,,,,,,,,,,,,,,,High,High,High,,,,,
135,2026-09-16,17:00:35.11,4,3,"Travaglia, Giacomo",1000136183,Right,FOR_RAM,"Crang, Mason",10913432,Right,FOR_RAM,Undefined,4,Top,2,1,1,Fastball,Changeup,BallCalled,Undefined,Undefined,Undefined,0,0,,82.97784,-0.425588,-4.48746,1928.465678,213.642559,1:00,5.06482,1.83517,6.70502,-23.38261,16.40162,10.01115,2.72596,-1.44179,75.28084,-4.907377,-2.671528,0.45397,,,,,,,,,,,,-6.56992,9.16981,-1.53994,50,5.02698,9.07085,-120.23898,-1.46255,-9.54661,24.93277,-18.84961,FOR_RAM,FOR_RAM,FordhamUniversity,TeamExclusive,Team,20260916-FordhamUniversity-Private-1,a1f14d90-b211-11f1-9cb4-878818705a31,83.02851,,,7.697,,,,,,,fe8d6ad8-6366-43a8-8e06-1e5f959c4394,2026-09-16,21:00:35.11,2026-09-16T17:00:35.1178752-04:00,2026-09-16T21:00:35.1178752Z,,v3,471298,471298,,"Velit, Liam",1000239563,Right,FOR_RAM,605fbacd-ea12-484f-8166-b4e44af99526,53.79022,-121.02237,12.46638,5.06363,-0.8703,-9.42481,-1.82966,9.3708,-4.7733,,,,,,,,,,,,,,,,,,,,,,,,,,,,,,,,,,,,,,,,,,,,,,,,,,,High,High,High,,,,,
136,2026-09-16,17:00:59.84,4,4,"Travaglia, Giacomo",1000136183,Right,FOR_RAM,"Crang, Mason",10913432,Right,FOR_RAM,Undefined,4,Top,2,2,1,Fastball,Changeup,BallCalled,Undefined,Undefined,Undefined,0,0,,82.38713,-2.693552,-3.184977,1911.382579,215.656055,1:15,5.07085,2.18351,6.56518,-23.43734,17.35316,11.37949,0.64285,0.20905,74.55905,-7.173245,-1.11922,0.459675,,,,,,,,,,,,-7.0541,10.43162,-1.96886,50,4.87518,6.2454,-119.39483,-6.20779,-10.02552,26.29259,-17.34823,FOR_RAM,FOR_RAM,FordhamUniversity,TeamExclusive,Team,20260916-FordhamUniversity-Private-1,b08dfec0-b211-11f1-9cb4-878818705a31,81.99803,,,7.82808,,,,,,,fe8d6ad8-6366-43a8-8e06-1e5f959c4394,2026-09-16,21:00:59.84,2026-09-16T17:00:59.8410752-04:00,2026-09-16T21:00:59.8410752Z,,v3,471298,471298,,"Velit, Liam",1000239563,Right,FOR_RAM,9b638297-ec0e-4422-83fc-c6c139148e6e,53.93274,-120.25776,13.1463,5.06957,-5.63841,-8.67411,-2.17923,6.57444,-5.01276,,,,,,,,,,,,,,,,,,,,,,,,,,,,,,,,,,,,,,,,,,,,,,,,,,,High,High,High,,,,,
137,2026-09-16,17:01:27.71,4,5,"Travaglia, Giacomo",1000136183,Right,FOR_RAM,"Crang, Mason",10913432,Right,FOR_RAM,Undefined,4,Top,2,3,1,Fastball,Changeup,BallCalled,Walk,Undefined,Undefined,0,0,,82.7248,-1.820486,-5.117454,1919.782167,211.115154,1:00,5.09625,1.91177,6.7087,-22.24438,18.01056,10.00603,1.571,-1.94535,74.91918,-6.09335,-3.304813,0.456647,,,,,,,,,,,,-6.80465,10.46776,-1.57476,50,4.96594,10.35239,-119.67072,-4.33833,-9.76325,25.37903,-17.15506,FOR_RAM,FOR_RAM,FordhamUniversity,TeamExclusive,Team,20260916-FordhamUniversity-Private-1,c131ca90-b211-11f1-9cb4-878818705a31,82.54169,,,7.80562,,,,,,,fe8d6ad8-6366-43a8-8e06-1e5f959c4394,2026-09-16,21:01:27.71,2026-09-16T17:01:27.7130240-04:00,2026-09-16T21:01:27.7130240Z,,v3,471298,471298,,"Velit, Liam",1000239563,Right,FOR_RAM,f7d414dd-36fa-4875-b625-ac52a959e61f,53.78609,-120.47097,12.68951,5.09421,-3.7974,-8.57753,-1.90605,10.66025,-4.88163,,,,,,,,,,,,,,,,,,,,,,,,,,,,,,,,,,,,,,,,,,,,,,,,,,,High,High,High,,,,,
138,2026-09-16,17:02:00.40,5,1,"Travaglia, Giacomo",1000136183,Right,FOR_RAM,"Reina, Braedon",10305192,Left,FOR_RAM,Undefined,4,Top,2,0,0,Sinker,Changeup,FoulBallNotFieldable,Undefined,Undefined,Undefined,0,0,,83.74998,0.745999,-4.259131,1833.488603,258.16976,2:30,4.46767,2.75998,6.52371,-34.05092,5.30579,18.84879,2.31645,0.41597,75.85884,-5.657767,-0.846228,0.451524,65.42589,20.610581,-142.496686,2820.732154,,,,,40.1909,,,-11.18623,2.94677,-2.47091,50,4.50518,8.35022,-121.41775,0.59451,-16.52801,26.04438,-27.82009,FOR_RAM,FOR_RAM,FordhamUniversity,TeamExclusive,Team,20260916-FordhamUniversity-Private-1,d4aa8850-b211-11f1-9cb4-878818705a31,83.47826,13.8214,,7.89114,,,,0.5326,2.34822,-0.32244,fe8d6ad8-6366-43a8-8e06-1e5f959c4394,2026-09-16,21:02:00.40,2026-09-16T17:02:00.4039168-04:00,2026-09-16T21:02:00.4039168Z,,v3,471298,471298,,"Velit, Liam",1000239563,Right,FOR_RAM,c04a1a01-b03c-4d41-a6bd-9388be6a00be,53.97528,-122.26748,13.02219,4.47098,1.50218,-13.91004,-2.75214,8.88947,-8.264,,0.52771,-71.11497,6.61371,,,,,,,2.35852,33.48775,-19.8207,,,,,,,-0.33052,-54.45216,7.73336,,,,,,,,,,,,,,,,,,,,,,,,,,,,,High,High,High,Medium,Undefined,,,
139,2026-09-16,17:02:22.97,5,2,"Travaglia, Giacomo",1000136183,Right,FOR_RAM,"Reina, Braedon",10305192,Left,FOR_RAM,Undefined,4,Top,2,0,1,Sinker,Changeup,StrikeCalled,Undefined,Undefined,Undefined,0,0,,83.12021,0.48724,-3.902789,2032.685756,243.343279,2:00,4.25966,2.76308,6.54506,-31.44517,8.86237,14.63465,2.08712,0.39793,74.56285,-5.476765,-1.251103,0.456945,,,,,,,,,,,,-8.883,4.94811,-2.49792,50,4.28047,7.65435,-120.38646,0.14389,-12.77556,27.73019,-25.05766,FOR_RAM,FOR_RAM,FordhamUniversity,TeamExclusive,Team,20260916-FordhamUniversity-Private-1,e20b5e20-b211-11f1-9cb4-878818705a31,82.48782,,,8.55737,,,,,,,fe8d6ad8-6366-43a8-8e06-1e5f959c4394,2026-09-16,21:02:22.97,2026-09-16T17:02:22.9721600-04:00,2026-09-16T21:02:22.9721600Z,,v3,471298,471298,,"Velit, Liam",1000239563,Right,FOR_RAM,6c4ac346-575f-4c32-8666-63d1ef6c0001,53.94924,-121.29273,13.8651,4.26238,0.96282,-12.52883,-2.7549,8.07187,-6.38778,,,,,,,,,,,,,,,,,,,,,,,,,,,,,,,,,,,,,,,,,,,,,,,,,,,High,High,High,,,,,
140,2026-09-16,17:02:45.42,5,3,"Travaglia, Giacomo",1000136183,Right,FOR_RAM,"Reina, Braedon",10305192,Left,FOR_RAM,Undefined,4,Top,2,0,2,ChangeUp,Splitter,BallCalled,Undefined,Undefined,Undefined,0,0,,79.609,0.983832,-2.348931,1048.216849,244.32872,2:15,4.76107,2.51439,6.3676,-38.71687,6.13185,8.83048,2.44081,1.08762,70.47075,-6.343104,-0.750688,0.481999,,,,,,,,,,,,-5.42229,3.4148,-2.34803,50,4.81529,4.38758,-115.21182,0.86981,-7.02497,28.59694,-27.74989,FOR_RAM,FOR_RAM,FordhamUniversity,TeamExclusive,Team,20260916-FordhamUniversity-Private-1,ef724e70-b211-11f1-9cb4-878818705a31,78.20017,,,9.13825,,,,,,,fe8d6ad8-6366-43a8-8e06-1e5f959c4394,2026-09-16,21:02:45.42,2026-09-16T17:02:45.4212096-04:00,2026-09-16T21:02:45.4212096Z,,v3,471298,471298,,"Velit, Liam",1000239563,Right,FOR_RAM,0f168745-519e-4231-9a60-f8cb0d597e41,54.12294,-116.23068,14.29847,4.76669,1.85849,-13.87494,-2.50881,4.63786,-3.51249,,,,,,,,,,,,,,,,,,,,,,,,,,,,,,,,,,,,,,,,,,,,,,,,,,,High,High,High,,,,,
141,2026-09-16,17:03:14.74,5,4,"Travaglia, Giacomo",1000136183,Right,FOR_RAM,"Reina, Braedon",10305192,Left,FOR_RAM,Undefined,4,Top,2,1,2,Slider,Curveball,BallCalled,Undefined,Undefined,Undefined,0,0,,74.34385,1.945187,-3.009398,2200.619798,114.251637,9:45,4.55519,2.52591,6.48987,-43.70191,7.40717,-11.90879,2.70227,-1.23177,66.22781,-6.317906,-5.162699,0.514542,,,,,,,,,,,,5.10284,3.69225,-2.30988,50,4.67316,6.05088,-107.60571,2.54175,5.77658,24.66882,-27.99429,FOR_RAM,FOR_RAM,FordhamUniversity,TeamExclusive,Team,20260916-FordhamUniversity-Private-1,00f18620-b212-11f1-9cb4-878818705a31,73.2544,,,8.11604,,,,,,,fe8d6ad8-6366-43a8-8e06-1e5f959c4394,2026-09-16,21:03:14.74,2026-09-16T17:03:14.7451392-04:00,2026-09-16T21:03:14.7451392Z,,v3,471298,471298,,"Velit, Liam",1000239563,Right,FOR_RAM,f1da66cd-3054-45fa-8f34-cdb6d713ef94,54.00518,-108.52002,12.33441,4.55973,3.57931,-13.99715,-2.53018,5.83678,2.88829,,,,,,,,,,,,,,,,,,,,,,,,,,,,,,,,,,,,,,,,,,,,,,,,,,,High,High,High,,,,,
142,2026-09-16,17:03:40.77,5,5,"Travaglia, Giacomo",1000136183,Right,FOR_RAM,"Reina, Braedon",10305192,Left,FOR_RAM,Undefined,4,Top,2,2,2,Sinker,Changeup,BallCalled,Undefined,Undefined,Undefined,0,0,,82.5345,1.280511,-2.988201,1987.987289,244.074529,2:15,4.37181,2.68278,6.41567,-31.73203,9.69902,16.51198,2.9065,1.30912,73.27204,-4.760646,-0.000118,0.46327,,,,,,,,,,,,-9.55642,5.08996,-2.4754,50,4.44954,5.58702,-119.47277,1.77768,-13.40116,29.40165,-25.03626,FOR_RAM,FOR_RAM,FordhamUniversity,TeamExclusive,Team,20260916-FordhamUniversity-Private-1,1086ef30-b212-11f1-9cb4-878818705a31,81.36169,,,9.26246,,,,,,,fe8d6ad8-6366-43a8-8e06-1e5f959c4394,2026-09-16,21:03:40.77,2026-09-16T17:03:40.7760000-04:00,2026-09-16T21:03:40.7760000Z,,v3,471298,471298,,"Velit, Liam",1000239563,Right,FOR_RAM,7142bf7c-8aca-49f6-bce9-e462b950380d,54.07646,-120.4718,14.70083,4.37469,2.62837,-12.51813,-2.67298,6.04237,-6.70058,,,,,,,,,,,,,,,,,,,,,,,,,,,,,64.44282,,,1.058521,,,,-3.52115,6.24296,-2.64023,68.0573,2.11028,-56.7262,-3.47961,73.66956,-5.77345,6.29527,12.19291,-15.28364,-2.6823,-56.58803,5.24885,High,High,High,,,High,Medium,Medium
143,2026-09-16,17:04:11.32,5,6,"Travaglia, Giacomo",1000136183,Right,FOR_RAM,"Reina, Braedon",10305192,Left,FOR_RAM,Undefined,4,Top,2,3,2,Fastball,Changeup,BallCalled,Walk,Undefined,Undefined,0,0,,82.78114,-1.80663,-3.086239,2007.2615,201.585437,12:45,5.02334,2.12115,6.72433,-22.07611,18.52781,6.68819,1.52955,-0.14489,73.93377,-6.091519,-1.869048,0.458622,,,,,,,,,,,,-4.58733,10.85654,-1.91922,50,4.89496,6.21461,-119.87141,-4.28399,-6.49554,28.96487,-16.80141,FOR_RAM,FOR_RAM,FordhamUniversity,TeamExclusive,Team,20260916-FordhamUniversity-Private-1,22a23fd0-b212-11f1-9cb4-878818705a31,82.18621,,,8.84737,,,,,,,fe8d6ad8-6366-43a8-8e06-1e5f959c4394,2026-09-16,21:04:11.32,2026-09-16T17:04:11.3201664-04:00,2026-09-16T21:04:11.3201664Z,,v3,471298,471298,,"Velit, Liam",1000239563,Right,FOR_RAM,ab81516c-5084-4254-9f51-159e6b385664,53.76761,-120.77836,14.48243,5.02087,-3.7579,-8.40071,-2.11699,6.418,-3.24777,,,,,,,,,,,,,,,,,,,,,,,,,,,,,,,,,,,,,,,,,,,,,,,,,,,High,High,High,,,,,
144,2026-09-16,17:07:21.55,1,1,"Osterhus, Eric",1000138994,Right,FOR_RAM,"Osterhus, Eric",1000138994,Right,FOR_RAM,Undefined,4,Bottom,0,0,0,ChangeUp,Changeup,BallCalled,Undefined,Undefined,Undefined,0,0,,77.32917,1.066256,0.121814,1090.015188,266.839911,3:00,6.1687,1.06793,5.94076,-44.86247,2.37024,12.84863,3.41936,2.25165,70.08261,-7.253414,2.431848,0.494644,,,,,,,,,,,,-6.45138,1.46473,-1.08429,50,6.22931,-0.73052,-112.19039,0.70182,-8.10371,23.03382,-30.33419,FOR_RAM,FOR_RAM,FordhamUniversity,TeamExclusive,Team,20260916-FordhamUniversity-Private-1,9420d090-b212-11f1-9cb4-878818705a31,76.20113,,,7.24656,,,,,,,fe8d6ad8-6366-43a8-8e06-1e5f959c4394,2026-09-16,21:07:21.55,2026-09-16T17:07:21.5521280-04:00,2026-09-16T21:07:21.5521280Z,,v3,471298,471298,,"Young, Caden",10264258,Right,FOR_RAM,68861134-ba87-4603-a856-9a2cc4574fb6,54.5544,-113.12159,11.51691,6.17615,1.92816,-15.1671,-1.06138,-0.4029,-4.05185,,,,,,,,,,,,,,,,,,,,,,,,,,,,,,,,,,,,,,,,,,,,,,,,,,,High,High,High,,,,,
145,2026-09-16,17:07:42.47,1,2,"Osterhus, Eric",1000138994,Right,FOR_RAM,"Dean, Mason",1000150670,Left,FOR_RAM,Undefined,4,Bottom,0,1,0,Fastball,Changeup,BallCalled,Undefined,Undefined,Undefined,0,0,,83.71961,-1.352586,-2.560701,2002.469561,208.386047,1:00,6.38698,0.77481,5.91859,-18.6534,21.8134,10.98146,3.57583,-0.68801,75.37429,-4.947256,-0.59123,0.457848,,,,,,,,,,,,-6.36827,11.97922,-0.57547,50,6.2679,4.96712,-121.26251,-3.33567,-9.34217,26.98246,-14.60072,FOR_RAM,FOR_RAM,FordhamUniversity,TeamExclusive,Team,20260916-FordhamUniversity-Private-1,a08f0900-b212-11f1-9cb4-878818705a31,82.32531,,,8.34532,,,,,,,fe8d6ad8-6366-43a8-8e06-1e5f959c4394,2026-09-16,21:07:42.47,2026-09-16T17:07:42.4763392-04:00,2026-09-16T21:07:42.4763392Z,,v3,471298,471298,,"Young, Caden",10264258,Right,FOR_RAM,610888cb-7f35-441c-97ca-dc923be4d27a,54.57449,-122.27615,13.49123,6.38291,-2.78717,-7.30036,-0.76866,5.31807,-4.67109,,,,,,,,,,,,,,,,,,,,,,,,,,,,,,,,,,,,,,,,,,,,,,,,,,,High,High,High,,,,,
146,2026-09-16,17:08:07.41,1,3,"Osterhus, Eric",1000138994,Right,FOR_RAM,"Dean, Mason",1000150670,Left,FOR_RAM,Undefined,4,Bottom,0,2,0,Fastball,Changeup,HitByPitch,Undefined,Undefined,Undefined,0,0,,83.59226,-2.938386,-3.857769,1869.005299,202.229752,12:45,6.37491,0.86032,6.08029,-17.12517,23.58789,8.99071,2.22068,-1.96502,74.98185,-6.268716,-2.243989,0.459238,,,,,,,,,,,,-5.93059,13.59099,-0.56652,50,6.13823,7.7919,-120.80838,-6.61184,-8.58289,28.08594,-12.5049,FOR_RAM,FOR_RAM,FordhamUniversity,TeamExclusive,Team,20260916-FordhamUniversity-Private-1,af665230-b212-11f1-9cb4-878818705a31,82.07596,,,8.61041,,,,,,,fe8d6ad8-6366-43a8-8e06-1e5f959c4394,2026-09-16,21:08:07.41,2026-09-16T17:08:07.4151936-04:00,2026-09-16T21:08:07.4151936Z,,v3,471298,471298,,"Young, Caden",10264258,Right,FOR_RAM,0eece8ca-ac48-43e9-8074-7dc17a6f3343,54.41453,-121.83036,14.04297,6.37054,-6.15682,-6.25245,-0.85573,8.10421,-4.29145,,,,,,,,,,,,,,,,,,,,,,,,,,,,,,,,,,,,,,,,,,,,,,,,,,,High,High,High,,,,,
147,2026-09-16,17:08:43.41,2,1,"Osterhus, Eric",1000138994,Right,FOR_RAM,"Caron, Michael",1000322224,Left,FOR_RAM,Undefined,4,Bottom,0,0,0,Curveball,Curveball,StrikeSwinging,Undefined,Undefined,Undefined,0,0,,71.19419,-0.628155,-1.466503,2126.556737,353.677368,5:45,6.11634,1.11774,5.5521,-60.20964,-2.69032,0.55453,0.5117,-0.20666,64.19759,-11.63521,-1.36722,0.545856,,,,,,,,,,,,-0.83138,-0.53008,-0.99129,50,6.02252,2.61909,-103.06878,-2.93804,-0.86511,22.33686,-32.72565,FOR_RAM,FOR_RAM,FordhamUniversity,TeamExclusive,Team,20260916-FordhamUniversity-Private-1,c4d5d6e0-b212-11f1-9cb4-878818705a31,69.05195,,,6.9966,,,,,,,fe8d6ad8-6366-43a8-8e06-1e5f959c4394,2026-09-16,21:08:43.41,2026-09-16T17:08:43.4168320-04:00,2026-09-16T21:08:43.4168320Z,,v3,471298,471298,,"Young, Caden",10264258,Right,FOR_RAM,fd36054f-4686-4fac-80f3-898c025db4fe,54.94469,-104.13487,11.16843,6.12548,-1.37612,-16.36283,-1.11728,2.66038,-0.43256,,,,,,,,,,,,,,,,,,,,,,,,,,,,,,,,,,,,,,,,,,,,,,,,,,,High,High,High,,,,,
148,2026-09-16,17:09:21.57,2,2,"Osterhus, Eric",1000138994,Right,FOR_RAM,"Caron, Michael",1000322224,Left,FOR_RAM,Undefined,4,Bottom,0,0,1,Fastball,Changeup,BallCalled,Undefined,Undefined,Undefined,0,0,,83.70965,-2.643967,-3.217691,1963.592043,206.789401,1:00,6.24942,1.08969,6.01763,-21.35808,19.56194,9.03095,2.01491,-1.14136,74.65434,-6.743179,-1.595976,0.460404,,,,,,,,,,,,-5.75012,11.44564,-0.84198,50,6.03037,6.43078,-120.96009,-6.15476,-8.28449,29.65056,-15.68367,FOR_RAM,FOR_RAM,FordhamUniversity,TeamExclusive,Team,20260916-FordhamUniversity-Private-1,db9f1f30-b212-11f1-9cb4-878818705a31,81.86814,,,9.05531,,,,,,,fe8d6ad8-6366-43a8-8e06-1e5f959c4394,2026-09-16,21:09:21.57,2026-09-16T17:09:21.5757312-04:00,2026-09-16T21:09:21.5757312Z,,v3,471298,471298,,"Young, Caden",10264258,Right,FOR_RAM,806ce533-a3be-4df0-a631-cf37644241cf,54.47441,-122.05196,14.82528,6.24638,-5.57721,-7.84183,-1.08441,6.73585,-4.14224,,,,,,,,,,,,,,,,,,,,,,,,,,,,,,,,,,,,,,,,,,,,,,,,,,,High,High,High,,,,,
149,2026-09-16,17:09:45.68,2,3,"Osterhus, Eric",1000138994,Right,FOR_RAM,"Caron, Michael",1000322224,Left,FOR_RAM,Undefined,4,Bottom,0,1,1,Curveball,Curveball,BallCalled,Undefined,Undefined,Undefined,0,0,,72.42552,1.004356,0.380689,2198.172694,358.39963,6:00,6.2012,1.18427,5.63551,-59.00956,-4.27024,0.17535,2.22087,1.55405,65.66455,-9.814871,0.412091,0.532502,,,,,,,,,,,,0.03996,-1.81087,-1.21674,50,6.24972,-0.7041,-105.00043,0.0167,0.04374,21.08247,-34.15541,FOR_RAM,FOR_RAM,FordhamUniversity,TeamExclusive,Team,20260916-FordhamUniversity-Private-1,e9ff3c90-b212-11f1-9cb4-878818705a31,70.78368,,,6.76098,,,,,,,fe8d6ad8-6366-43a8-8e06-1e5f959c4394,2026-09-16,21:09:45.68,2026-09-16T17:09:45.6839168-04:00,2026-09-16T21:09:45.6839168Z,,v3,471298,471298,,"Young, Caden",10264258,Right,FOR_RAM,a6624ea6-8116-4bae-9730-af40b80b963c,54.861,-105.97195,10.54123,6.21268,1.59065,-17.0777,-1.18425,-0.70612,0.02187,,,,,,,,,,,,,,,,,,,,,,,,,,,,,,,,,,,,,,,,,,,,,,,,,,,High,High,High,,,,,
150,2026-09-16,17:10:10.78,2,4,"Osterhus, Eric",1000138994,Right,FOR_RAM,"Caron, Michael",1000322224,Left,FOR_RAM,Undefined,4,Bottom,0,2,1,Curveball,Curveball,BallCalled,Undefined,Undefined,Undefined,0,0,,71.74842,1.023301,-0.214406,2029.992791,328.662117,5:00,6.07843,1.3955,5.74635,-61.06125,-5.37095,4.54044,1.94281,1.57425,64.94889,-10.191994,0.600765,0.537108,,,,,,,,,,,,-2.36335,-2.36705,-1.38038,50,6.12714,0.22596,-104.02039,0.0124,-2.52974,21.19667,-34.70778,FOR_RAM,FOR_RAM,FordhamUniversity,TeamExclusive,Team,20260916-FordhamUniversity-Private-1,f9033b10-b212-11f1-9cb4-878818705a31,70.1767,,,6.79952,,,,,,,fe8d6ad8-6366-43a8-8e06-1e5f959c4394,2026-09-16,21:10:10.78,2026-09-16T17:10:10.7880448-04:00,2026-09-16T21:10:10.7880448Z,,v3,471298,471298,,"Young, Caden",10264258,Right,FOR_RAM,706acbe4-35e5-4c33-98f6-55acaae3a08e,54.75028,-104.98391,10.59833,6.09072,1.59009,-17.35389,-1.39327,0.34096,-1.26487,,,,,,,,,,,,,,,,,,,,,,,,,,,,,,,,,,,,,,,,,,,,,,,,,,,High,High,High,,,,,
151,2026-09-16,17:10:32.92,2,5,"Osterhus, Eric",1000138994,Right,FOR_RAM,"Caron, Michael",1000322224,Left,FOR_RAM,Undefined,4,Bottom,0,3,1,Fastball,Changeup,StrikeSwinging,Undefined,Undefined,Undefined,0,0,,82.04091,-2.143661,-2.306879,2015.711459,204.912533,12:45,6.28186,1.06065,6.02593,-23.42541,18.81344,7.97701,2.34188,-0.41224,73.64355,-6.610208,-0.872361,0.467765,,,,,,,,,,,,-4.85028,10.85316,-0.88425,50,6.10146,4.46695,-118.75842,-5.0758,-6.77865,27.27965,-17.00589,FOR_RAM,FOR_RAM,FordhamUniversity,TeamExclusive,Team,20260916-FordhamUniversity-Private-1,061f8dd0-b213-11f1-9cb4-878818705a31,80.57993,,,8.39736,,,,,,,fe8d6ad8-6366-43a8-8e06-1e5f959c4394,2026-09-16,21:10:32.92,2026-09-16T17:10:32.9275392-04:00,2026-09-16T21:10:32.9275392Z,,v3,471298,471298,,"Young, Caden",10264258,Right,FOR_RAM,47d580ef-6bf2-4d10-bc4d-497b3aff19d0,54.46702,-119.78013,13.63983,6.27964,-4.43887,-8.50294,-1.0563,4.72083,-3.38932,,,,,,,,,,,,,,,,,,,,,,,,,,,,,,,,,,,,,,,,,,,,,,,,,,,High,High,High,,,,,
152,2026-09-16,17:10:58.13,2,6,"Osterhus, Eric",1000138994,Right,FOR_RAM,"Caron, Michael",1000322224,Left,FOR_RAM,Undefined,4,Bottom,0,3,2,Fastball,Four-Seam,InPlay,Undefined,GroundBall,Double,0,1,,83.30243,-2.63146,-1.770994,2078.381347,200.513496,12:45,6.34481,1.00001,5.96059,-20.20261,20.97044,7.23485,2.21828,-0.03981,74.57402,-6.513885,-0.471076,0.461826,93.5678,-1.989967,41.620181,4862.713434,,,,40.36107,37.03021,38.87659,0.293929,-4.35512,12.16394,-0.86359,50,6.12489,3.44427,-120.58007,-6.07327,-6.25099,28.93214,-14.71497,FOR_RAM,FOR_RAM,FordhamUniversity,TeamExclusive,Team,20260916-FordhamUniversity-Private-1,151f6da0-b213-11f1-9cb4-878818705a31,81.61618,2.35233,,8.72841,,,,2.65978,2.35233,0.23398,fe8d6ad8-6366-43a8-8e06-1e5f959c4394,2026-09-16,21:10:58.13,2026-09-16T17:10:58.1335040-04:00,2026-09-16T21:10:58.1335040Z,GroundBall,v3,471298,471298,,"Young, Caden",10264258,Right,FOR_RAM,c0de3f70-6c66-4eb8-b54a-fb9435e239f1,54.53489,-121.66331,14.46607,6.34197,-5.52234,-7.35748,-0.99692,3.6783,-3.1255,,2.66387,102.34295,-15.37397,,,,,,,2.35268,-4.78078,-10.97103,,,,,,,0.23976,90.83041,-18.64143,,,,,,,,,,,,,,,,,,,,,,,,,,,,,High,High,High,Medium,Medium,,,
153,2026-09-16,17:11:53.97,3,1,"Osterhus, Eric",1000138994,Right,FOR_RAM,"Grabau, Anthony",1000407420,Left,FOR_RAM,Undefined,4,Bottom,0,0,0,Curveball,Curveball,BallCalled,Undefined,Undefined,Undefined,0,0,,73.06675,1.095614,0.25103,1990.081136,33.964781,7:15,6.03609,1.26942,5.63495,-54.70755,-0.61032,-1.8178,2.49943,1.35213,65.73719,-8.985416,-0.074278,0.529369,,,,,,,,,,,,0.99658,0.03346,-1.28963,50,6.0954,-0.39523,-105.82774,0.33248,1.10186,22.27836,-32.13705,FOR_RAM,FOR_RAM,FordhamUniversity,TeamExclusive,Team,20260916-FordhamUniversity-Private-1,366cf8b0-b213-11f1-9cb4-878818705a31,71.20252,,,7.32956,,,,,,,fe8d6ad8-6366-43a8-8e06-1e5f959c4394,2026-09-16,21:11:53.97,2026-09-16T17:11:53.9717632-04:00,2026-09-16T21:11:53.9717632Z,,v3,471298,471298,,"Young, Caden",10264258,Right,FOR_RAM,9e3799f5-6808-4907-a7dc-7cecfce8fa6e,54.85875,-106.84568,11.13918,6.04666,1.80089,-16.06853,-1.27042,-0.44558,0.55093,,,,,,,,,,,,,,,,,,,,,,,,,,,,,,,,,,,,,,,,,,,,,,,,,,,High,High,High,,,,,
154,2026-09-16,17:12:18.83,3,2,"Osterhus, Eric",1000138994,Right,FOR_RAM,"Grabau, Anthony",1000407420,Left,FOR_RAM,Undefined,4,Bottom,0,1,0,Curveball,Curveball,StrikeCalled,Undefined,Undefined,Undefined,0,0,,73.37685,1.321726,-1.169707,1982.376262,14.244197,6:30,6.12087,1.14774,5.88084,-54.92554,-1.24091,-0.88016,2.77166,-0.01202,65.37993,-8.873345,-1.327851,0.527347,,,,,,,,,,,,-0.00472,-0.34949,-1.05283,50,6.19746,2.20086,-106.18076,0.79936,-0.00519,24.11302,-32.55904,FOR_RAM,FOR_RAM,FordhamUniversity,TeamExclusive,Team,20260916-FordhamUniversity-Private-1,453f86f0-b213-11f1-9cb4-878818705a31,71.4756,,,7.99692,,,,,,,fe8d6ad8-6366-43a8-8e06-1e5f959c4394,2026-09-16,21:12:18.83,2026-09-16T17:12:18.8302848-04:00,2026-09-16T21:12:18.8302848Z,,v3,471298,471298,,"Young, Caden",10264258,Right,FOR_RAM,dd0d3c0f-cc1e-4dad-b9aa-cc83fea4403d,54.61098,-107.22277,12.05651,6.13252,2.20636,-16.27952,-1.14794,2.20109,-0.0026,,,,,,,,,,,,,,,,,,,,,,,,,,,,,,,,,,,,,,,,,,,,,,,,,,,High,High,High,,,,,
155,2026-09-16,17:12:46.45,3,3,"Osterhus, Eric",1000138994,Right,FOR_RAM,"Grabau, Anthony",1000407420,Left,FOR_RAM,Undefined,4,Bottom,0,1,1,Curveball,Curveball,StrikeSwinging,Undefined,Undefined,Undefined,0,0,,75.93971,-0.941398,-2.305643,2186.648627,29.108782,7:00,6.20227,0.97316,5.74281,-51.84054,-1.5863,-2.00913,1.00492,-1.34216,68.23544,-10.469677,-2.665954,0.51022,,,,,,,,,,,,0.15327,0.24043,-0.78019,50,6.09342,4.50071,-109.86425,-3.44888,0.18143,25.18489,-31.88945,FOR_RAM,FOR_RAM,FordhamUniversity,TeamExclusive,Team,20260916-FordhamUniversity-Private-1,55cfa3b0-b213-11f1-9cb4-878818705a31,73.87483,,,7.70427,,,,,,,fe8d6ad8-6366-43a8-8e06-1e5f959c4394,2026-09-16,21:12:46.45,2026-09-16T17:12:46.4570880-04:00,2026-09-16T21:12:46.4570880Z,,v3,471298,471298,,"Young, Caden",10264258,Right,FOR_RAM,6571f26c-5c12-478e-9c81-4366ec43f1d8,54.75037,-110.94787,12.59245,6.2123,-2.07679,-15.94472,-0.97367,4.49291,0.09072,,,,,,,,,,,,,,,,,,,,,,,,,,,,,,,,,,,,,,,,,,,,,,,,,,,High,High,High,,,,,
156,2026-09-16,17:13:20.11,3,4,"Osterhus, Eric",1000138994,Right,FOR_RAM,"Grabau, Anthony",1000407420,Left,FOR_RAM,Undefined,4,Bottom,0,1,2,Curveball,Slider,BallCalled,Undefined,Undefined,Undefined,0,0,,76.03062,1.559996,0.568186,2117.134394,355.170061,5:45,6.16767,1.25241,5.65243,-49.83428,0.46102,0.13413,3.47018,1.79353,67.71824,-7.672233,0.592173,0.510429,,,,,,,,,,,,0.14437,0.3598,-1.30063,50,6.26945,-1.09617,-109.99846,1.40374,0.1713,25.27092,-31.74717,FOR_RAM,FOR_RAM,FordhamUniversity,TeamExclusive,Team,20260916-FordhamUniversity-Private-1,69cfe0f0-b213-11f1-9cb4-878818705a31,73.84466,,,8.31237,,,,,,,fe8d6ad8-6366-43a8-8e06-1e5f959c4394,2026-09-16,21:13:20.11,2026-09-16T17:13:20.1168896-04:00,2026-09-16T21:13:20.1168896Z,,v3,471298,471298,,"Young, Caden",10264258,Right,FOR_RAM,f589d32c-a04c-4abe-8f8d-d44e7af3f408,54.83923,-111.10466,12.63546,6.17759,2.79343,-15.87358,-1.25248,-1.10367,0.08565,,,,,,,,,,,,,,,,,,,,,,,,,,,,,,,,,,,,,,,,,,,,,,,,,,,High,High,High,,,,,
157,2026-09-16,17:13:48.82,3,5,"Osterhus, Eric",1000138994,Right,FOR_RAM,"Grabau, Anthony",1000407420,Left,FOR_RAM,Undefined,4,Bottom,0,2,2,Fastball,Changeup,FoulBallNotFieldable,Undefined,Undefined,Undefined,0,0,,83.39762,-1.852441,-1.661242,1963.233292,197.553829,12:30,6.31656,0.95907,6.03013,-20.51269,20.73143,6.01319,2.89037,-0.07867,74.04111,-5.822824,-0.579492,0.462224,77.48314,81.969304,-68.512766,,,,,,18.41838,,,-3.71248,11.8289,-0.83247,50,6.16096,3.26037,-120.68595,-4.42594,-5.29615,30.64791,-15.29926,FOR_RAM,FOR_RAM,FordhamUniversity,TeamExclusive,Team,20260916-FordhamUniversity-Private-1,7ad86200-b213-11f1-9cb4-878818705a31,81.54584,91.30873,,9.35651,,,,2.12969,2.96268,0.07137,fe8d6ad8-6366-43a8-8e06-1e5f959c4394,2026-09-16,21:13:48.82,2026-09-16T17:13:48.8285696-04:00,2026-09-16T21:13:48.8285696Z,,v3,471298,471298,,"Young, Caden",10264258,Right,FOR_RAM,077f2211-1703-4ea5-a09d-b3f91c9ad6b1,54.46301,-121.81404,15.32396,6.31351,-3.8628,-7.64963,-0.95607,3.45532,-2.64807,,2.12968,5.81579,-6.93159,2.40371,-1.03506,1.28525,-1.56274,1.03282,-0.26997,2.96268,112.52747,-29.81133,3.93381,-0.93266,0.50965,-0.49357,0.30656,-0.07741,0.07137,-14.77235,-4.26789,1.85859,-0.90304,1.17348,-1.43701,0.95192,-0.24923,,,,,,,,,,,,,,,,,,,,,,,High,High,High,Low,Undefined,,,
158,2026-09-16,17:14:29.32,3,6,"Osterhus, Eric",1000138994,Right,FOR_RAM,"Grabau, Anthony",1000407420,Left,FOR_RAM,Undefined,4,Bottom,0,2,2,ChangeUp,Changeup,FoulBallNotFieldable,Undefined,Undefined,Undefined,0,0,,77.84227,0.254725,-2.221256,1076.779593,253.391805,2:30,6.02881,1.14024,6.0271,-41.65144,5.4441,11.99926,2.79395,0.08201,69.6508,-7.530922,-0.061297,0.493925,61.60661,-30.579209,70.552462,,,,,6.52084,6.52084,45.801051,0.06452,-6.99248,3.21425,-0.97304,50,6.0265,3.93312,-112.7676,-0.7287,-8.74721,25.95573,-28.15321,FOR_RAM,FOR_RAM,FordhamUniversity,TeamExclusive,Team,20260916-FordhamUniversity-Private-1,9322f320-b213-11f1-9cb4-878818705a31,76.31203,2.98244,,8.19148,,,,2.86558,2.98244,-0.08431,fe8d6ad8-6366-43a8-8e06-1e5f959c4394,2026-09-16,21:14:29.32,2026-09-16T17:14:29.3291520-04:00,2026-09-16T21:14:29.3291520Z,GroundBall,v3,471298,471298,,"Young, Caden",10264258,Right,FOR_RAM,f15c4e39-b682-4e85-b4c0-aaea36e7b12f,54.46883,-113.79154,12.97786,6.03334,0.38193,-14.0766,-1.135,4.27819,-4.37361,,2.86407,26.04501,,,,,,,,2.98512,-46.22472,,,,,,,,-0.08858,73.76342,,,,,,,,,,,,,,,,,,,,,,,,,,,,,,High,High,High,Estimated,Estimated,,,
159,2026-09-16,17:15:06.65,3,7,"Osterhus, Eric",1000138994,Right,FOR_RAM,"Grabau, Anthony",1000407420,Left,FOR_RAM,Undefined,4,Bottom,0,2,2,Curveball,Curveball,FoulBallNotFieldable,Undefined,Undefined,Undefined,0,0,,74.24532,-0.103893,-1.235818,2092.851838,1.207189,6:00,6.18829,1.25674,5.646,-53.83716,-2.13406,-0.08256,1.60493,0.09696,67.8458,-9.949343,-1.250604,0.517523,82.69013,18.344631,39.646332,2726.940483,82.02994,23.51474,73.28747,227.12096,171.97106,46.821821,2.521567,-0.34988,-0.63909,-1.15184,50,6.14488,2.32722,-107.74396,-1.85064,-0.40574,21.08587,-32.91514,FOR_RAM,FOR_RAM,FordhamUniversity,TeamExclusive,Team,20260916-FordhamUniversity-Private-1,a948f690-b213-11f1-9cb4-878818705a31,72.83238,23.78467,,6.39952,,,,3.29375,1.87364,0.16907,fe8d6ad8-6366-43a8-8e06-1e5f959c4394,2026-09-16,21:15:06.65,2026-09-16T17:15:06.6546176-04:00,2026-09-16T21:15:06.6546176Z,LineDrive,v3,471298,471298,,"Young, Caden",10264258,Right,FOR_RAM,2f266f0f-899d-4255-a007-fab3502a77d6,54.85384,-108.68972,10.54294,6.19478,-0.3743,-16.45757,-1.25663,2.34542,-0.20287,,3.29375,88.63847,-15.65187,2.69826,-0.5461,0.09847,-0.0167,0.0022,-0.00014,1.87365,38.17022,-18.01315,1.42449,-0.25056,0.04834,-0.00619,0.00068,-5E-05,0.16907,73.44894,-5.02793,1.278,-0.31676,0.06649,-0.01206,0.00157,-0.0001,,,,,,,,,,,,,,,,,,,,,,,High,High,High,Medium,Medium,,,
160,2026-09-16,17:15:45.65,3,8,"Osterhus, Eric",1000138994,Right,FOR_RAM,"Grabau, Anthony",1000407420,Left,FOR_RAM,Undefined,4,Bottom,0,2,2,Curveball,Curveball,StrikeCalled,Strikeout,Undefined,Undefined,0,0,,74.19076,0.569641,-1.010045,2096.938805,9.41512,6:15,6.07531,1.18615,5.56097,-56.18231,-3.59894,-0.93012,1.92574,0.16491,66.92593,-9.73098,-1.176346,0.52191,,,,,,,,,,,,0.11173,-1.37661,-1.09835,50,6.08817,1.93005,-107.48113,-0.71785,0.12742,22.98991,-33.74393,FOR_RAM,FOR_RAM,FordhamUniversity,TeamExclusive,Team,20260916-FordhamUniversity-Private-1,c08d6250-b213-11f1-9cb4-878818705a31,72.22018,,,7.26484,,,,,,,fe8d6ad8-6366-43a8-8e06-1e5f959c4394,2026-09-16,21:15:45.65,2026-09-16T17:15:45.6577024-04:00,2026-09-16T21:15:45.6577024Z,,v3,471298,471298,,"Young, Caden",10264258,Right,FOR_RAM,407f9c8e-f518-4aad-9ba7-537e9f961d26,54.93492,-108.53157,11.49496,6.08574,0.82395,-16.87197,-1.1864,1.92423,0.06371,,,,,,,,,,,,,,,,,,,,,,,,,,,,,,,,,,,,,,,,,,,,,,,,,,,High,High,High,,,,,
161,2026-09-16,17:16:21.13,4,1,"Osterhus, Eric",1000138994,Right,FOR_RAM,"Rubin, Jack",10076675,Right,FOR_RAM,Undefined,4,Bottom,2,0,0,Curveball,Curveball,BallCalled,Undefined,Undefined,Undefined,0,0,,71.53994,1.656825,0.48801,1999.419452,58.443676,8:00,6.10363,1.24806,5.7685,-56.50389,0.42532,-3.26654,2.93735,1.43002,63.49208,-8.837713,-0.097706,0.543049,,,,,,,,,,,,1.82201,0.41791,-1.28657,50,6.20817,-0.75974,-103.44627,1.31895,1.89861,23.41233,-31.73857,FOR_RAM,FOR_RAM,FordhamUniversity,TeamExclusive,Team,20260916-FordhamUniversity-Private-1,d5b35ae0-b213-11f1-9cb4-878818705a31,69.40893,,,8.04786,,,,,,,fe8d6ad8-6366-43a8-8e06-1e5f959c4394,2026-09-16,21:16:21.13,2026-09-16T17:16:21.1332608-04:00,2026-09-16T21:16:21.1332608Z,,v3,471298,471298,,"Young, Caden",10264258,Right,FOR_RAM,a0404f1c-e566-4ac4-aebd-fa1af5a61c83,54.72189,-104.50948,11.70617,6.11554,2.76028,-15.86929,-1.25011,-0.84596,0.9493,,,,,,,,,,,,,,,,,,,,,,,,,,,,,,,,,,,,,,,,,,,,,,,,,,,High,High,High,,,,,
162,2026-09-16,17:16:59.18,4,2,"Osterhus, Eric",1000138994,Right,FOR_RAM,"Rubin, Jack",10076675,Right,FOR_RAM,Undefined,4,Bottom,2,1,0,Fastball,Changeup,BallCalled,Undefined,Undefined,Undefined,0,0,,83.8223,-3.714092,-4.627055,1997.396611,200.467054,12:45,6.31011,0.68965,6.32284,-19.56737,20.69462,7.13552,1.24299,-2.98632,75.31966,-7.478727,-3.342364,0.456687,,,,,,,,,,,,-5.23103,12.43146,-0.35404,50,6.02814,9.50852,-120.94698,-8.34231,-7.59103,28.05919,-14.13408,FOR_RAM,FOR_RAM,FordhamUniversity,TeamExclusive,Team,20260916-FordhamUniversity-Private-1,ec702010-b213-11f1-9cb4-878818705a31,82.53444,,,8.50263,,,,,,,fe8d6ad8-6366-43a8-8e06-1e5f959c4394,2026-09-16,21:16:59.18,2026-09-16T17:16:59.1856640-04:00,2026-09-16T21:16:59.1856640Z,,v3,471298,471298,,"Young, Caden",10264258,Right,FOR_RAM,c2a5ade3-c7fc-462f-8f12-63f4b82da191,54.17003,-121.91057,14.02959,6.3063,-7.85693,-7.06704,-0.68505,9.76921,-3.79552,,,,,,,,,,,,,,,,,,,,,,,,,,,,,,,,,,,,,,,,,,,,,,,,,,,High,High,High,,,,,
163,2026-09-16,17:17:22.29,4,3,"Osterhus, Eric",1000138994,Right,FOR_RAM,"Rubin, Jack",10076675,Right,FOR_RAM,Undefined,4,Bottom,2,2,0,Curveball,Curveball,StrikeCalled,Undefined,Undefined,Undefined,0,0,,73.07732,1.713642,-1.893793,2081.815812,336.264734,5:15,6.06095,1.03016,5.74966,-55.9696,-2.21063,1.86122,2.9935,-0.57842,65.85602,-8.608147,-1.560488,0.527712,,,,,,,,,,,,-1.58662,-1.01772,-0.87399,50,6.17015,3.4307,-105.83269,1.46101,-1.75939,21.81571,-33.30259,FOR_RAM,FOR_RAM,FordhamUniversity,TeamExclusive,Team,20260916-FordhamUniversity-Private-1,fa302ce0-b213-11f1-9cb4-878818705a31,71.42617,,,7.22129,,,,,,,fe8d6ad8-6366-43a8-8e06-1e5f959c4394,2026-09-16,21:17:22.29,2026-09-16T17:17:22.2947840-04:00,2026-09-16T21:17:22.2947840Z,,v3,471298,471298,,"Young, Caden",10264258,Right,FOR_RAM,3b109d28-c9e8-4479-acbf-18422bed72d8,54.74552,-106.80642,10.90785,6.07177,2.94745,-16.65129,-1.02886,3.50923,-0.87969,,,,,,,,,,,,,,,,,,,,,,,,,,,,,,,,,,,,,,,,,,,,,,,,,,,High,High,High,,,,,
164,2026-09-16,17:17:41.79,4,4,"Osterhus, Eric",1000138994,Right,FOR_RAM,"Rubin, Jack",10076675,Right,FOR_RAM,Undefined,4,Bottom,2,2,1,Curveball,Curveball,BallCalled,Undefined,Undefined,Undefined,0,0,,73.08415,-0.235894,-2.423096,1980.862521,338.386777,5:15,6.13844,1.1188,5.78906,-54.50129,-0.63539,1.07902,1.37702,-1.04677,65.96544,-10.266036,-2.229526,0.528237,,,,,,,,,,,,-1.40433,0.47331,-0.9198,50,6.0874,4.43789,-105.80896,-2.07957,-1.55044,22.45062,-31.65149,FOR_RAM,FOR_RAM,FordhamUniversity,TeamExclusive,Team,20260916-FordhamUniversity-Private-1,05c03a50-b214-11f1-9cb4-878818705a31,71.35523,,,7.11871,,,,,,,fe8d6ad8-6366-43a8-8e06-1e5f959c4394,2026-09-16,21:17:41.79,2026-09-16T17:17:41.7950208-04:00,2026-09-16T21:17:41.7950208Z,,v3,471298,471298,,"Young, Caden",10264258,Right,FOR_RAM,edc3e2b1-0aee-4b1d-8894-ec206395a5f6,54.7051,-106.80262,11.22531,6.14844,-0.67867,-15.82574,-1.11774,4.50652,-0.77522,,,,,,,,,,,,,,,,,,,,,,,,,,,,,,,,,,,,,,,,,,,,,,,,,,,High,High,High,,,,,
165,2026-09-16,17:18:02.24,4,5,"Osterhus, Eric",1000138994,Right,FOR_RAM,"Rubin, Jack",10076675,Right,FOR_RAM,Undefined,4,Bottom,2,3,1,Curveball,Curveball,StrikeCalled,Undefined,Undefined,Undefined,0,0,,72.04226,2.483545,-0.980678,2069.542245,324.517987,4:45,6.1105,1.23014,5.73906,-56.36759,-1.31638,2.35051,3.72753,0.51278,65.13241,-7.914159,-0.559891,0.534017,,,,,,,,,,,,-1.50118,-0.7911,-1.14993,50,6.28364,1.70117,-104.37719,2.83442,-1.62857,20.29197,-33.03229,FOR_RAM,FOR_RAM,FordhamUniversity,TeamExclusive,Team,20260916-FordhamUniversity-Private-1,11f05850-b214-11f1-9cb4-878818705a31,70.58288,,,6.90985,,,,,,,fe8d6ad8-6366-43a8-8e06-1e5f959c4394,2026-09-16,21:18:02.24,2026-09-16T17:18:02.2473728-04:00,2026-09-16T21:18:02.2473728Z,,v3,471298,471298,,"Young, Caden",10264258,Right,FOR_RAM,ed2fa22e-01ea-49b3-954a-66b88f78b266,54.75663,-105.29787,10.14598,6.12103,4.33314,-16.51615,-1.2288,1.77506,-0.81428,,,,,,,,,,,,,,,,,,,,,,,,,,,,,,,,,,,,,,,,,,,,,,,,,,,High,High,High,,,,,
166,2026-09-16,17:18:27.87,4,6,"Osterhus, Eric",1000138994,Right,FOR_RAM,"Rubin, Jack",10076675,Right,FOR_RAM,Undefined,4,Bottom,2,3,2,Curveball,Curveball,BallCalled,Walk,Undefined,Undefined,0,0,,73.82001,1.872077,-2.062335,2026.167621,358.051749,6:00,6.11359,0.9282,5.75014,-54.27613,-1.27461,0.11425,3.33514,-0.98303,66.09274,-8.165009,-2.041886,0.523981,,,,,,,,,,,,-0.8,-0.60382,-0.757,50,6.23718,3.84193,-106.80968,1.82552,-0.89848,23.16291,-32.8522,FOR_RAM,FOR_RAM,FordhamUniversity,TeamExclusive,Team,20260916-FordhamUniversity-Private-1,2141b380-b214-11f1-9cb4-878818705a31,71.93474,,,7.72726,,,,,,,fe8d6ad8-6366-43a8-8e06-1e5f959c4394,2026-09-16,21:18:27.87,2026-09-16T17:18:27.8770688-04:00,2026-09-16T21:18:27.8770688Z,,v3,471298,471298,,"Young, Caden",10264258,Right,FOR_RAM,4b60ec64-8fd2-4112-ac52-0a820ee22b37,54.7434,-107.83343,11.58145,6.12441,3.27752,-16.4261,-0.92768,3.88163,-0.44924,,,,,,,,,,,,,,,,,,,,,,,,,,,,,,,,,,,,,,,,,,,,,,,,,,,High,High,High,,,,,
167,2026-09-16,17:19:10.73,5,1,"Osterhus, Eric",1000138994,Right,FOR_RAM,"Hanawalt, Chase",1000367090,Left,FOR_RAM,Undefined,4,Bottom,2,0,0,Fastball,Changeup,BallCalled,Undefined,Undefined,Undefined,0,0,,82.81695,-2.185814,-2.964446,1888.069303,191.884086,12:30,6.35197,0.92961,6.14097,-21.04261,20.27741,3.92988,2.57476,-1.48487,74.29328,-6.228373,-2.257182,0.462649,,,,,,,,,,,,-3.10941,11.75997,-0.7057,50,6.17464,6.06631,-119.9193,-5.12901,-4.41791,28.4397,-15.46524,FOR_RAM,FOR_RAM,FordhamUniversity,TeamExclusive,Team,20260916-FordhamUniversity-Private-1,3ab693d0-b214-11f1-9cb4-878818705a31,81.47091,,,8.52367,,,,,,,fe8d6ad8-6366-43a8-8e06-1e5f959c4394,2026-09-16,21:19:10.73,2026-09-16T17:19:10.7390000-04:00,2026-09-16T21:19:10.7390000Z,,v3,471298,471298,,"Young, Caden",10264258,Right,FOR_RAM,38bd3ae5-e112-4ed5-9cac-9808a558723f,54.35729,-120.94825,14.21985,6.35008,-4.56948,-7.73262,-0.92807,6.22615,-2.20896,,,,,,,,,,,,,,,,,,,,,,,,,,,,,76.34327,2.820027,1.490534,1.329492,6.6721,3.12668,1.2745,-1.00342,6.13376,0.69655,127.27941,5.01493,0.10283,-0.83369,109.00328,-9.60651,6.1659,15.46296,-12.30389,0.64938,-3.0399,2.00416,High,High,High,,,High,Medium,Medium
168,2026-09-16,17:19:45.51,5,2,"Osterhus, Eric",1000138994,Right,FOR_RAM,"Hanawalt, Chase",1000367090,Left,FOR_RAM,Undefined,4,Bottom,2,1,0,Curveball,Curveball,StrikeCalled,Undefined,Undefined,Undefined,0,0,,72.94303,1.863774,-0.767539,2171.118463,356.828343,6:00,6.08687,1.1024,6.0168,-55.11928,-1.08138,0.18378,3.22076,0.40671,64.92427,-8.404964,-0.73444,0.529079,,,,,,,,,,,,-0.38555,-0.47406,-1.04235,50,6.20459,1.40758,-105.5699,1.82371,-0.41993,23.8023,-32.69038,FOR_RAM,FOR_RAM,FordhamUniversity,TeamExclusive,Team,20260916-FordhamUniversity-Private-1,4f8c4980-b214-11f1-9cb4-878818705a31,71.24159,,,8.01877,,,,,,,fe8d6ad8-6366-43a8-8e06-1e5f959c4394,2026-09-16,21:19:45.51,2026-09-16T17:19:45.5181824-04:00,2026-09-16T21:19:45.5181824Z,,v3,471298,471298,,"Young, Caden",10264258,Right,FOR_RAM,5468c118-4f0f-4ee1-a38e-d5b55380c3f5,54.47511,-106.5741,11.90115,6.09856,3.2029,-16.34519,-1.10211,1.4253,-0.20996,,,,,,,,,,,,,,,,,,,,,,,,,,,,,,,,,,,,,,,,,,,,,,,,,,,High,High,High,,,,,
169,2026-09-16,17:20:10.79,5,3,"Osterhus, Eric",1000138994,Right,FOR_RAM,"Hanawalt, Chase",1000367090,Left,FOR_RAM,Undefined,4,Bottom,2,1,1,Curveball,Slider,InPlay,Undefined,Popup,Out,1,0,,73.92778,0.65281,-1.958024,2120.198242,30.618181,7:00,6.13545,0.87422,6.05045,-51.2955,1.0948,-0.60744,2.46552,-0.98967,66.1239,-8.894075,-2.067459,0.520951,73.18753,81.475937,22.901982,,,,,,10.18105,,,-0.4237,0.90909,-0.72156,50,6.15932,3.68157,-107.06474,-0.24857,-0.47555,24.17704,-31.15373,FOR_RAM,FOR_RAM,FordhamUniversity,TeamExclusive,Team,20260916-FordhamUniversity-Private-1,5e8ac9c0-b214-11f1-9cb4-878818705a31,72.35316,90.74005,,7.80387,,,,1.38383,2.52695,1.01229,fe8d6ad8-6366-43a8-8e06-1e5f959c4394,2026-09-16,21:20:10.79,2026-09-16T17:20:10.7944960-04:00,2026-09-16T21:20:10.7944960Z,,v3,471298,471298,,"Young, Caden",10264258,Right,FOR_RAM,aa0d1c44-fd29-4764-9934-34d03907b2fd,54.44469,-108.06377,12.08852,6.14299,1.03874,-15.57687,-0.8741,3.70121,-0.23777,176.573353,1.38384,14.65577,-8.9045,3.06576,-1.38647,2.04956,-2.30015,1.29514,-0.28794,2.52695,106.156,-27.66484,3.22772,-0.52691,-0.06543,0.21161,-0.14127,0.03382,1.0123,6.19113,-6.93043,2.50935,-1.17639,1.76265,-1.98268,1.11734,-0.24854,,,,,,,,,,,,,,,,,,,,,,,High,High,High,High,Undefined,,,