PitchNo,Date,Time,PAofInning,PitchofPA,Pitcher,PitcherId,PitcherThrows,PitcherTeam,Batter,BatterId,BatterSide,BatterTeam,PitcherSet,Inning,Top/Bottom,Outs,Balls,Strikes,TaggedPitchType,AutoPitchType,PitchCall,KorBB,TaggedHitType,PlayResult,OutsOnPlay,RunsScored,Notes,RelSpeed,VertRelAngle,HorzRelAngle,SpinRate,SpinAxis,Tilt,RelHeight,RelSide,Extension,VertBreak,InducedVertBreak,HorzBreak,PlateLocHeight,PlateLocSide,ZoneSpeed,VertApprAngle,HorzApprAngle,ZoneTime,ExitSpeed,Angle,Direction,HitSpinRate,PositionAt110X,PositionAt110Y,PositionAt110Z,Distance,LastTrackedDistance,Bearing,HangTime,pfxx,pfxz,x0,y0,z0,vx0,vy0,vz0,ax0,ay0,az0,HomeTeam,AwayTeam,Stadium,Level,League,GameID,PitchUID,EffectiveVelo,MaxHeight,MeasuredDuration,SpeedDrop,PitchLastMeasuredX,PitchLastMeasuredY,PitchLastMeasuredZ,ContactPositionX,ContactPositionY,ContactPositionZ,GameUID,UTCDate,UTCTime,LocalDateTime,UTCDateTime,AutoHitType,System,HomeTeamForeignID,AwayTeamForeignID,GameForeignID,Catcher,CatcherId,CatcherThrows,CatcherTeam,PlayID,PitchTrajectoryXc0,PitchTrajectoryXc1,PitchTrajectoryXc2,PitchTrajectoryYc0,PitchTrajectoryYc1,PitchTrajectoryYc2,PitchTrajectoryZc0,PitchTrajectoryZc1,PitchTrajectoryZc2,HitSpinAxis,HitTrajectoryXc0,HitTrajectoryXc1,HitTrajectoryXc2,HitTrajectoryXc3,HitTrajectoryXc4,HitTrajectoryXc5,HitTrajectoryXc6,HitTrajectoryXc7,HitTrajectoryXc8,HitTrajectoryYc0,HitTrajectoryYc1,HitTrajectoryYc2,HitTrajectoryYc3,HitTrajectoryYc4,HitTrajectoryYc5,HitTrajectoryYc6,HitTrajectoryYc7,HitTrajectoryYc8,HitTrajectoryZc0,HitTrajectoryZc1,HitTrajectoryZc2,HitTrajectoryZc3,HitTrajectoryZc4,HitTrajectoryZc5,HitTrajectoryZc6,HitTrajectoryZc7,HitTrajectoryZc8,ThrowSpeed,PopTime,ExchangeTime,TimeToBase,CatchPositionX,CatchPositionY,CatchPositionZ,ThrowPositionX,ThrowPositionY,ThrowPositionZ,BasePositionX,BasePositionY,BasePositionZ,ThrowTrajectoryXc0,ThrowTrajectoryXc1,ThrowTrajectoryXc2,ThrowTrajectoryYc0,ThrowTrajectoryYc1,ThrowTrajectoryYc2,ThrowTrajectoryZc0,ThrowTrajectoryZc1,ThrowTrajectoryZc2,PitchReleaseConfidence,PitchLocationConfidence,PitchMovementConfidence,HitLaunchConfidence,HitLandingConfidence,CatcherThrowCatchConfidence,CatcherThrowReleaseConfidence,CatcherThrowLocationConfidence
1,2026-09-25,15:21:29.01,1,1,"Curran, Tommy",1000559344,Left,FOR_RAM,"Caron, Michael",1000322224,Right,FOR_RAM,Undefined,1,Top,0,0,0,Cutter,Changeup,StrikeSwinging,Undefined,Undefined,Undefined,0,0,,78.69595,-0.333005,1.435852,1978.755101,144.128065,10:45,5.90942,-1.79281,6.39658,-34.39998,8.90646,-5.66252,2.7364,-0.9439,73.70206,-6.719973,0.409301,0.473639,,,,,,,,,,,,3.27209,5.08941,1.69226,50,5.86951,-2.68162,-114.62172,-1.62569,4.44832,16.83932,-25.25511,FOR_RAM,FOR_RAM,FordhamUniversity,TeamExclusive,Team,20260925-FordhamUniversity-Private-2,42351470-b916-11f1-93a8-090a75922668,79.58049,,,4.99389,,,,,,,19664ea5-8cf3-4660-9b31-69759f333a4e,2026-09-25,19:21:29.01,2026-09-25T15:21:29.0143744-04:00,2026-09-25T19:21:29.0143744Z,,v3,471298,471298,,"Chavez, Carson",1000156814,Right,FOR_RAM,eeb720e4-c8f7-4223-a579-a5bbdbfc980a,54.10369,-115.22302,8.41966,5.91146,-0.72387,-12.62755,1.79085,-2.84047,2.22416,,,,,,,,,,,,,,,,,,,,,,,,,,,,,,,,,,,,,,,,,,,,,,,,,,,High,High,High,,,,,
2,2026-09-25,15:21:44.31,1,2,"Curran, Tommy",1000559344,Left,FOR_RAM,"Caron, Michael",1000322224,Right,FOR_RAM,Undefined,1,Top,0,0,1,ChangeUp,Changeup,StrikeSwinging,Undefined,Undefined,Undefined,0,0,,74.54708,0.141807,1.877325,1265.169739,123.878121,10:15,5.80983,-1.69201,6.51735,-39.94545,8.67764,-10.8528,2.61123,-0.87324,69.08184,-7.315434,-0.094486,0.501872,,,,,,,,,,,,6.15075,4.97366,1.56551,50,5.8025,-3.20482,-108.45623,-0.76685,7.39209,17.36952,-26.19657,FOR_RAM,FOR_RAM,FordhamUniversity,TeamExclusive,Team,20260925-FordhamUniversity-Private-2,4b4d1d00-b916-11f1-93a8-090a75922668,75.10375,,,5.46524,,,,,,,19664ea5-8cf3-4660-9b31-69759f333a4e,2026-09-25,19:21:44.31,2026-09-25T15:21:44.3199488-04:00,2026-09-25T19:21:44.3199488Z,,v3,471298,471298,,"Chavez, Carson",1000156814,Right,FOR_RAM,41ee8a28-622b-4344-be2f-ab6d7c859b30,53.98158,-109.09202,8.68476,5.81302,0.19205,-13.09828,1.68777,-3.4754,3.69604,,,,,,,,,,,,,,,,,,,,,,,,,,,,,,,,,,,,,,,,,,,,,,,,,,,High,High,High,,,,,
3,2026-09-25,15:22:01.44,1,3,"Curran, Tommy",1000559344,Left,FOR_RAM,"Caron, Michael",1000322224,Right,FOR_RAM,Undefined,1,Top,0,0,2,Cutter,Slider,BallCalled,Undefined,Undefined,Undefined,0,0,,79.44642,-1.266851,0.794502,2160.867701,145.162735,10:45,5.8434,-2.02627,6.1677,-36.24742,7.01347,-4.04677,1.65233,-1.6296,73.92373,-7.962859,0.063173,0.47339,,,,,,,,,,,,2.28965,4.33382,1.9681,50,5.72888,-1.45855,-115.58285,-3.63072,3.13473,19.10915,-26.24063,FOR_RAM,FOR_RAM,FordhamUniversity,TeamExclusive,Team,20260925-FordhamUniversity-Private-2,557e5dc0-b916-11f1-93a8-090a75922668,79.62236,,,5.52269,,,,,,,19664ea5-8cf3-4660-9b31-69759f333a4e,2026-09-25,19:22:01.44,2026-09-25T15:22:01.4408704-04:00,2026-09-25T19:22:01.4408704Z,,v3,471298,471298,,"Chavez, Carson",1000156814,Right,FOR_RAM,8268eb08-e531-4750-bbcf-bcacc8fe7b2d,54.33168,-116.2968,9.55458,5.84622,-2.65033,-13.12032,2.02478,-1.57567,1.56737,,,,,,,,,,,,,,,,,,,,,,,,,,,,,,,,,,,,,,,,,,,,,,,,,,,High,High,High,,,,,
4,2026-09-25,15:22:19.77,1,4,"Curran, Tommy",1000559344,Left,FOR_RAM,"Caron, Michael",1000322224,Right,FOR_RAM,Undefined,1,Top,0,1,2,Curveball,Curveball,StrikeCalled,Strikeout,Undefined,Undefined,0,0,caron no good challenge,69.13278,2.699283,-0.073468,2277.916552,311.691817,4:30,5.89612,-1.71042,5.66166,-66.77157,-7.79016,10.77209,2.85075,-0.88125,63.75412,-9.484176,1.854104,0.55275,,,,,,,,,,,,-5.46709,-4.11225,1.70977,50,6.08239,-0.23802,-100.39376,2.76638,-5.5741,16.40481,-36.36678,FOR_RAM,FOR_RAM,FordhamUniversity,TeamExclusive,Team,20260925-FordhamUniversity-Private-2,607ed560-b916-11f1-93a8-090a75922668,68.19072,,,5.37866,,,,,,,19664ea5-8cf3-4660-9b31-69759f333a4e,2026-09-25,19:22:19.77,2026-09-25T15:22:19.7780000-04:00,2026-09-25T19:22:19.7780000Z,,v3,471298,471298,,"Chavez, Carson",1000156814,Right,FOR_RAM,1c72fead-f1dd-4e3c-8de3-d96a6585a715,54.84031,-101.1816,8.20241,5.90759,4.51289,-18.18339,1.71477,0.02968,-2.78705,,,,,,,,,,,,,,,,,,,,,,,,,,,,,62.7767,,,1.183594,,,,-3.64394,4.38771,4.36397,82.18752,7.998,42.59379,-3.5248,81.81514,-7.98076,4.44984,20.18088,-14.54003,4.36467,33.5525,-1.05924,High,High,High,,,High,High,High
5,2026-09-25,15:22:55.84,2,1,"Curran, Tommy",1000559344,Left,FOR_RAM,"Palmer, Owen",10100501,Left,FOR_RAM,Undefined,1,Top,1,0,0,Curveball,Curveball,StrikeCalled,Undefined,Undefined,Undefined,0,0,,69.72976,2.225268,1.090192,2196.936991,313.917015,4:30,5.93996,-1.52072,5.87159,-67.75177,-9.99079,12.27091,2.3623,0.51459,64.21068,-10.168455,3.295036,0.547002,,,,,,,,,,,,-5.93969,-5.18386,1.42546,50,6.0811,-2.33676,-101.2823,1.98028,-6.12924,17.55767,-37.52333,FOR_RAM,FOR_RAM,FordhamUniversity,TeamExclusive,Team,20260925-FordhamUniversity-Private-2,75f75ac0-b916-11f1-93a8-090a75922668,68.90737,,,5.51908,,,,,,,19664ea5-8cf3-4660-9b31-69759f333a4e,2026-09-25,19:22:55.84,2026-09-25T15:22:55.8466560-04:00,2026-09-25T19:22:55.8466560Z,,v3,471298,471298,,"Chavez, Carson",1000156814,Right,FOR_RAM,fa84cca6-c79a-4614-a26d-fad1afa32cd0,54.63082,-102.08191,8.77884,5.952,3.68917,-18.76166,1.52552,-2.05762,-3.06462,,,,,,,,,,,,,,,,,,,,,,,,,,,,,,,,,,,,,,,,,,,,,,,,,,,High,High,High,,,,,
6,2026-09-25,15:23:11.64,2,2,"Curran, Tommy",1000559344,Left,FOR_RAM,"Palmer, Owen",10100501,Left,FOR_RAM,Undefined,1,Top,1,0,1,Curveball,Curveball,BallCalled,Undefined,Undefined,Undefined,0,0,,69.1936,0.270875,1.139,2152.750872,307.069591,4:15,5.89693,-1.45742,6.45979,-65.96763,-8.79512,13.95741,0.64849,0.75208,64.28176,-11.864082,3.680643,0.544208,,,,,,,,,,,,-7.05288,-4.29638,1.37081,50,5.88665,-2.40787,-100.70201,-1.19935,-7.19943,17.25857,-36.55971,FOR_RAM,FOR_RAM,FordhamUniversity,TeamExclusive,Team,20260925-FordhamUniversity-Private-2,7f6d13b0-b916-11f1-93a8-090a75922668,69.26106,,,4.91184,,,,,,,19664ea5-8cf3-4660-9b31-69759f333a4e,2026-09-25,19:23:11.64,2026-09-25T15:23:11.6402176-04:00,2026-09-25T19:23:11.6402176Z,,v3,471298,471298,,"Chavez, Carson",1000156814,Right,FOR_RAM,61f32fc0-8aa7-471a-a4ca-30d6cefbf399,54.04383,-101.39268,8.62929,5.90537,0.26374,-18.27986,1.4614,-2.11975,-3.59971,,,,,,,,,,,,,,,,,,,,,,,,,,,,,,,,,,,,,,,,,,,,,,,,,,,High,High,High,,,,,
7,2026-09-25,15:23:29.12,2,3,"Curran, Tommy",1000559344,Left,FOR_RAM,"Palmer, Owen",10100501,Left,FOR_RAM,Undefined,1,Top,1,1,1,Fastball,Cutter,BallCalled,Undefined,Undefined,Undefined,0,0,,83.78434,0.935204,3.213111,1920.975947,170.228069,11:45,5.89544,-1.53242,6.86722,-22.433,15.94867,-2.54299,4.87984,1.18733,76.55314,-3.369494,2.749633,0.445896,,,,,,,,,,,,2.22417,8.56,1.3288,50,5.94636,-6.74008,-121.6803,1.46019,3.33663,23.74304,-19.33269,FOR_RAM,FOR_RAM,FordhamUniversity,TeamExclusive,Team,20260925-FordhamUniversity-Private-2,89bd7530-b916-11f1-93a8-090a75922668,84.53194,,,7.2312,,,,,,,19664ea5-8cf3-4660-9b31-69759f333a4e,2026-09-25,19:23:29.12,2026-09-25T15:23:29.1252736-04:00,2026-09-25T19:23:29.1252736Z,,v3,471298,471298,,"Chavez, Carson",1000156814,Right,FOR_RAM,d5ac35ec-f9ac-491a-a17c-d3d37f6388dd,53.62851,-122.38627,11.87152,5.8944,2.03502,-9.66635,1.53069,-6.83929,1.66832,,,,,,,,,,,,,,,,,,,,,,,,,,,,,,,,,,,,,,,,,,,,,,,,,,,High,High,High,,,,,
8,2026-09-25,15:23:45.03,2,4,"Curran, Tommy",1000559344,Left,FOR_RAM,"Palmer, Owen",10100501,Left,FOR_RAM,Undefined,1,Top,1,2,1,Cutter,Curveball,InPlay,Undefined,FlyBall,Out,1,0,,77.00717,0.032987,1.897964,2049.356801,164.7713,11:30,5.90067,-1.68449,6.07401,-40.62939,6.09339,-1.26579,2.54543,-0.03315,70.84048,-7.493157,1.669935,0.491967,68.59809,45.715765,-10.780114,,106.44059,77.34359,-27.75606,192.04883,192.04883,-16.234302,4.590342,1.18323,3.54642,1.5383,50,5.88149,-3.66382,-111.89279,-1.11734,1.50046,20.14071,-27.67683,FOR_RAM,FOR_RAM,FordhamUniversity,TeamExclusive,Team,20260925-FordhamUniversity-Private-2,9343cff0-b916-11f1-93a8-090a75922668,76.61582,77.34623,,6.16669,,,,1.13193,2.58763,0.02812,19664ea5-8cf3-4660-9b31-69759f333a4e,2026-09-25,19:23:45.03,2026-09-25T15:23:45.0314240-04:00,2026-09-25T19:23:45.0314240Z,FlyBall,v3,471298,471298,,"Chavez, Carson",1000156814,Right,FOR_RAM,5859da27-e705-4ebe-828b-7fe1cea2a163,54.42521,-112.68652,10.07035,5.90403,-0.02662,-13.83842,1.68386,-3.72295,0.75023,166.973465,1.13438,68.94943,-15.81652,3.90268,-0.48587,-0.05115,0.03152,-0.00462,0.00023,2.58656,72.04428,-19.28045,1.02742,0.02556,-0.09201,0.03624,-0.00617,0.00038,0.028,-13.13745,-0.10035,0.30844,-0.10547,0.01754,-0.00016,-0.00034,3E-05,,,,,,,,,,,,,,,,,,,,,,,High,High,High,High,Low,,,
9,2026-09-25,15:24:18.73,3,1,"Curran, Tommy",1000559344,Left,FOR_RAM,"Rubin, Jack",10076675,Right,FOR_RAM,Undefined,1,Top,2,0,0,Fastball,Cutter,BallCalled,Undefined,Undefined,Undefined,0,0,,84.92307,-0.924423,3.425443,1996.973136,165.168008,11:30,5.93072,-1.63139,6.56413,-22.73934,15.01761,-3.66768,3.18672,1.20697,77.87055,-5.240803,2.760638,0.442252,,,,,,,,,,,,2.84441,8.49441,1.39675,50,5.85711,-7.24293,-123.28505,-2.59166,4.38757,23.9952,-19.07116,FOR_RAM,FOR_RAM,FordhamUniversity,TeamExclusive,Team,20260925-FordhamUniversity-Private-2,a757e350-b916-11f1-93a8-090a75922668,85.2284,,,7.05252,,,,,,,19664ea5-8cf3-4660-9b31-69759f333a4e,2026-09-25,19:24:18.73,2026-09-25T15:24:18.7366400-04:00,2026-09-25T19:24:18.7366400Z,,v3,471298,471298,,"Chavez, Carson",1000156814,Right,FOR_RAM,f76e3303-4d63-41bc-81f5-61233b2c4381,53.93265,-124.04811,11.9976,5.92989,-1.98519,-9.53558,1.6293,-7.38245,2.19379,,,,,,,,,,,,,,,,,,,,,,,,,,,,,,,,,,,,,,,,,,,,,,,,,,,High,High,High,,,,,
10,2026-09-25,15:24:37.09,3,2,"Curran, Tommy",1000559344,Left,FOR_RAM,"Rubin, Jack",10076675,Right,FOR_RAM,Undefined,1,Top,2,1,0,Cutter,Slider,InPlay,Undefined,LineDrive,Out,1,0,,79.06473,-1.403764,2.226042,1975.403864,195.28636,12:30,5.85478,-1.88671,6.03842,-35.23994,8.73276,2.05252,1.61711,0.34651,73.56035,-7.899135,2.595463,0.477269,101.91651,16.053645,-23.932238,1365.827459,99.97878,23.79714,-45.87202,266.2399,262.29885,-27.327033,2.64341,-0.52169,5.20831,1.71189,50,5.72586,-4.53965,-114.9376,-3.86388,-0.70576,19.05397,-25.12825,FOR_RAM,FOR_RAM,FordhamUniversity,TeamExclusive,Team,20260925-FordhamUniversity-Private-2,b244abe0-b916-11f1-93a8-090a75922668,78.9753,25.92653,,5.50438,,,,2.1947,1.46112,0.11266,19664ea5-8cf3-4660-9b31-69759f333a4e,2026-09-25,19:24:37.09,2026-09-25T15:24:37.0936832-04:00,2026-09-25T19:24:37.0936832Z,LineDrive,v3,471298,471298,,"Chavez, Carson",1000156814,Right,FOR_RAM,da73f709-02cf-49a9-983d-dea58adbe7be,54.46218,-115.67496,9.52699,5.85657,-2.89146,-12.56413,1.88704,-4.51234,-0.35288,,2.19475,131.29559,-25.98739,5.98677,-1.33608,0.25398,-0.03015,0.00068,0.00017,1.46086,41.34888,-19.85159,2.77497,-1.09146,0.52827,-0.19007,0.03727,-0.00292,0.11261,-58.26921,7.44982,-1.71611,0.31926,-0.01839,-0.01511,0.00487,-0.00047,,,,,,,,,,,,,,,,,,,,,,,High,High,High,Medium,Medium,,,
11,2026-09-25,15:27:09.05,1,1,"Gaskin, Brendan",1000526489,Left,FOR_RAM,"Crang, Mason",10913432,Right,FOR_RAM,Undefined,1,Bottom,0,0,0,Fastball,Four-Seam,BallCalled,Undefined,Undefined,Undefined,0,0,,85.59153,0.594007,2.086913,2366.776987,146.897421,11:00,5.35963,-1.87048,5.89052,-22.76501,15.45926,-9.27823,4.01447,-0.70511,77.94073,-3.702069,0.423325,0.444981,,,,,,,,,,,,5.30288,8.10126,1.70744,50,5.39444,-4.14136,-124.223,0.60489,8.2708,25.31593,-19.53864,FOR_RAM,FOR_RAM,FordhamUniversity,TeamExclusive,Team,20260925-FordhamUniversity-Private-2,0cd7ed60-b917-11f1-93a8-090a75922668,84.7058,,,7.6508,,,,,,,19664ea5-8cf3-4660-9b31-69759f333a4e,2026-09-25,19:27:09.05,2026-09-25T15:27:09.0597376-04:00,2026-09-25T19:27:09.0597376Z,,v3,471298,471298,,"Velit, Liam",1000239563,Right,FOR_RAM,211e4f94-2a5a-4e05-9587-3564a03fd350,54.60554,-125.15806,12.65797,5.35877,1.32657,-9.76932,1.86604,-4.44685,4.1354,,,,,,,,,,,,,,,,,,,,,,,,,,,,,,,,,,,,,,,,,,,,,,,,,,,High,High,High,,,,,
12,2026-09-25,15:27:22.36,1,2,"Gaskin, Brendan",1000526489,Left,FOR_RAM,"Crang, Mason",10913432,Right,FOR_RAM,Undefined,1,Bottom,0,1,0,Cutter,Slider,BallCalled,Undefined,Undefined,Undefined,0,0,,82.54329,0.632407,2.689279,2616.589185,184.463928,12:15,5.26767,-1.72594,5.45264,-31.75549,9.77985,0.66709,3.21408,0.84904,75.87639,-5.214632,2.807792,0.463853,,,,,,,,,,,,0.36787,5.15571,1.48811,50,5.30185,-5.65299,-119.75774,0.2488,0.53745,21.83185,-24.64176,FOR_RAM,FOR_RAM,FordhamUniversity,TeamExclusive,Team,20260925-FordhamUniversity-Private-2,14c7a290-b917-11f1-93a8-090a75922668,81.25946,,,6.66689,,,,,,,19664ea5-8cf3-4660-9b31-69759f333a4e,2026-09-25,19:27:22.36,2026-09-25T15:27:22.3638528-04:00,2026-09-25T19:27:22.3638528Z,,v3,471298,471298,,"Velit, Liam",1000239563,Right,FOR_RAM,82f8ba49-d752-487b-9a03-2fe81e4a225b,55.04428,-120.67381,10.91592,5.26972,1.28277,-12.32088,1.72578,-5.67554,0.26872,,,,,,,,,,,,,,,,,,,,,,,,,,,,,,,,,,,,,,,,,,,,,,,,,,,High,High,High,,,,,
13,2026-09-25,15:27:37.84,1,3,"Gaskin, Brendan",1000526489,Left,FOR_RAM,"Crang, Mason",10913432,Right,FOR_RAM,Undefined,1,Bottom,0,1,0,Cutter,Slider,BallCalled,Undefined,Undefined,Undefined,0,0,,81.83687,0.267083,3.287048,2585.118869,169.682564,11:45,5.1276,-1.85885,5.44236,-35.35628,6.75111,-1.01209,2.43173,1.13792,75.69216,-6.198646,3.107355,0.467036,,,,,,,,,,,,1.31992,3.72788,1.56872,50,5.12689,-6.77857,-118.74892,-0.66,1.90528,20.41477,-26.79289,FOR_RAM,FOR_RAM,FordhamUniversity,TeamExclusive,Team,20260925-FordhamUniversity-Private-2,1dfc81f0-b917-11f1-93a8-090a75922668,80.70561,,,6.14472,,,,,,,19664ea5-8cf3-4660-9b31-69759f333a4e,2026-09-25,19:27:37.84,2026-09-25T15:27:37.8414080-04:00,2026-09-25T19:27:37.8414080Z,,v3,471298,471298,,"Velit, Liam",1000239563,Right,FOR_RAM,d320e4e5-6db3-47ab-8114-cc8e518bd6f8,55.05583,-119.61493,10.20739,5.13078,0.47658,-13.39645,1.85799,-6.85939,0.95264,,,,,,,,,,,,,,,,,,,,,,,,,,,,,,,,,,,,,,,,,,,,,,,,,,,High,High,High,,,,,
14,2026-09-25,15:27:52.62,1,4,"Gaskin, Brendan",1000526489,Left,FOR_RAM,"Crang, Mason",10913432,Right,FOR_RAM,Undefined,1,Bottom,0,3,0,Cutter,Cutter,StrikeCalled,Undefined,Undefined,Undefined,0,0,,85.38444,-0.275396,1.810252,2322.597399,154.832179,11:15,5.31882,-1.66754,5.93053,-26.7934,11.36292,-4.78882,2.83039,-0.3865,78.30496,-5.275724,0.950426,0.444585,,,,,,,,,,,,2.92949,6.2667,1.52554,50,5.28168,-3.72455,-124.02105,-1.4447,4.57618,24.11854,-22.38484,FOR_RAM,FOR_RAM,FordhamUniversity,TeamExclusive,Team,20260925-FordhamUniversity-Private-2,26d86be0-b917-11f1-93a8-090a75922668,84.78122,,,7.07947,,,,,,,19664ea5-8cf3-4660-9b31-69759f333a4e,2026-09-25,19:27:52.62,2026-09-25T15:27:52.6288384-04:00,2026-09-25T19:27:52.6288384Z,,v3,471298,471298,,"Velit, Liam",1000239563,Right,FOR_RAM,90864440-f1de-4007-a036-3f320a58bc09,54.56646,-124.90594,12.05927,5.31962,-0.62342,-11.19242,1.66527,-3.89245,2.28809,,,,,,,,,,,,,,,,,,,,,,,,,,,,,,,,,,,,,,,,,,,,,,,,,,,High,High,High,,,,,
15,2026-09-25,15:28:07.86,1,5,"Gaskin, Brendan",1000526489,Left,FOR_RAM,"Crang, Mason",10913432,Right,FOR_RAM,Undefined,1,Bottom,0,3,1,Fastball,Cutter,BallCalled,Walk,Undefined,Undefined,0,0,crang good chall,87.29515,-1.285387,3.198887,2364.022273,145.877263,10:45,5.29897,-1.5425,5.79989,-26.36411,10.42067,-6.28748,1.90438,0.91187,80.10245,-6.178372,2.074267,0.436521,,,,,,,,,,,,4.07681,6.01705,1.28325,50,5.17746,-6.81556,-126.62735,-3.72202,6.63579,25.25537,-22.38012,FOR_RAM,FOR_RAM,FordhamUniversity,TeamExclusive,Team,20260925-FordhamUniversity-Private-2,2ff07470-b917-11f1-93a8-090a75922668,86.34729,,,7.1927,,,,,,,19664ea5-8cf3-4660-9b31-69759f333a4e,2026-09-25,19:28:07.86,2026-09-25T15:28:07.8650880-04:00,2026-09-25T19:28:07.8650880Z,,v3,471298,471298,,"Velit, Liam",1000239563,Right,FOR_RAM,bbd488e7-4d6e-44ee-b0d2-55b2f0bbebe1,54.69832,-127.56097,12.62768,5.29976,-2.89469,-11.19006,1.53974,-7.06087,3.31789,,,,,,,,,,,,,,,,,,,,,,,,,,,,,,,,,,,,,,,,,,,,,,,,,,,High,High,High,,,,,
16,2026-09-25,15:28:50.80,2,1,"Gaskin, Brendan",1000526489,Left,FOR_RAM,"Young, Caden",10264258,Right,FOR_RAM,Undefined,1,Bottom,0,0,0,Slider,Slider,StrikeCalled,Undefined,Undefined,Undefined,0,0,,77.18861,1.583598,0.64568,2623.016526,251.051226,2:15,5.12063,-1.54939,5.03137,-43.21577,5.38721,11.13583,3.01391,-0.01218,70.48691,-6.296743,2.612192,0.501768,,,,,,,,,,,,-5.28933,2.72744,1.47851,50,5.23778,-1.72212,-111.90781,1.5991,-6.68813,20.73931,-28.7253,FOR_RAM,FOR_RAM,FordhamUniversity,TeamExclusive,Team,20260925-FordhamUniversity-Private-2,49931b80-b917-11f1-93a8-090a75922668,75.11928,,,6.70171,,,,,,,19664ea5-8cf3-4660-9b31-69759f333a4e,2026-09-25,19:28:50.80,2026-09-25T15:28:50.8041728-04:00,2026-09-25T19:28:50.8041728Z,,v3,471298,471298,,"Velit, Liam",1000239563,Right,FOR_RAM,9d9a304f-f986-4070-9e43-371b5f88cab7,55.46503,-112.91608,10.36966,5.12609,2.99562,-14.36265,1.55432,-1.39697,-3.34407,,,,,,,,,,,,,,,,,,,,,,,,,,,,,,,,,,,,,,,,,,,,,,,,,,,High,High,High,,,,,
17,2026-09-25,15:29:41.83,2,2,"Gaskin, Brendan",1000526489,Left,FOR_RAM,"Young, Caden",10264258,Right,FOR_RAM,Undefined,1,Bottom,0,0,1,ChangeUp,Changeup,StrikeSwinging,Undefined,Undefined,Undefined,0,0,,80.60298,1.258823,1.952033,1834.024062,100.616561,9:15,4.76051,-1.86317,5.76443,-39.48947,2.87528,-9.68741,2.64218,-0.853,75.22978,-5.975317,0.217984,0.468461,,,,,,,,,,,,5.35611,1.55331,1.70743,50,4.8406,-3.62493,-117.2638,1.28004,7.61594,17.76745,-29.96537,FOR_RAM,FOR_RAM,FordhamUniversity,TeamExclusive,Team,20260925-FordhamUniversity-Private-2,67e8c350-b917-11f1-93a8-090a75922668,80.46009,,,5.3732,,,,,,,19664ea5-8cf3-4660-9b31-69759f333a4e,2026-09-25,19:29:41.83,2026-09-25T15:29:41.8386432-04:00,2026-09-25T19:29:41.8386432Z,,v3,471298,471298,,"Velit, Liam",1000239563,Right,FOR_RAM,820550b0-507f-4383-b3ea-e80d5c62b302,54.73648,-117.97928,8.88373,4.76476,2.48671,-14.98269,1.85957,-3.93161,3.80797,,,,,,,,,,,,,,,,,,,,,,,,,,,,,,,,,,,,,,,,,,,,,,,,,,,High,High,High,,,,,
18,2026-09-25,15:30:02.69,2,3,"Gaskin, Brendan",1000526489,Left,FOR_RAM,"Young, Caden",10264258,Right,FOR_RAM,Undefined,1,Bottom,0,0,2,Cutter,Slider,StrikeCalled,Strikeout,Undefined,Undefined,0,0,CY bad challenge,83.99518,0.216161,2.789032,2519.87708,169.273059,11:45,5.13222,-1.68395,5.35143,-34.13683,6.09205,-0.92913,2.49047,0.85655,77.35992,-6.027468,2.624203,0.4565,,,,,,,,,,,,1.18862,3.37634,1.4335,50,5.12737,-5.89804,-121.87822,-0.75758,1.79968,22.47273,-27.062,FOR_RAM,FOR_RAM,FordhamUniversity,TeamExclusive,Team,20260925-FordhamUniversity-Private-2,745c2be0-b917-11f1-93a8-090a75922668,82.56839,,,6.63525,,,,,,,19664ea5-8cf3-4660-9b31-69759f333a4e,2026-09-25,19:30:02.69,2026-09-25T15:30:02.6900480-04:00,2026-09-25T19:30:02.6900480Z,,v3,471298,471298,,"Velit, Liam",1000239563,Right,FOR_RAM,a2d76090-5367-4e06-84af-928c81efaead,55.14683,-122.82356,11.23637,5.13529,0.38082,-13.531,1.6832,-5.97374,0.89984,,,,,,,,,,,,,,,,,,,,,,,,,,,,,,,,,,,,,,,,,,,,,,,,,,,High,High,High,,,,,
19,2026-09-25,15:30:37.00,3,1,"Gaskin, Brendan",1000526489,Left,FOR_RAM,"Markey, Tommy",10084492,Left,FOR_RAM,Undefined,1,Bottom,1,0,0,Sinker,Changeup,StrikeCalled,Undefined,Undefined,Undefined,0,0,,86.89896,-0.313825,3.818462,2201.391784,122.684051,10:00,5.25466,-1.83104,5.85469,-27.74336,9.1826,-12.58827,2.65048,0.67302,79.88452,-5.461082,1.566627,0.437358,,,,,,,,,,,,7.40882,5.12292,1.52788,50,5.21289,-7.89304,-126.0695,-1.61431,12.00294,24.03374,-23.87447,FOR_RAM,FOR_RAM,FordhamUniversity,TeamExclusive,Team,20260925-FordhamUniversity-Private-2,88cdefa0-b917-11f1-93a8-090a75922668,86.18208,,,7.01444,,,,,,,19664ea5-8cf3-4660-9b31-69759f333a4e,2026-09-25,19:30:37.00,2026-09-25T15:30:37.0013696-04:00,2026-09-25T19:30:37.0013696Z,,v3,471298,471298,,"Velit, Liam",1000239563,Right,FOR_RAM,bad7820a-b552-4516-a7e9-8e2f443a2076,54.64416,-126.95177,12.01687,5.25607,-0.73789,-11.93723,1.82572,-8.33366,6.00147,,,,,,,,,,,,,,,,,,,,,,,,,,,,,,,,,,,,,,,,,,,,,,,,,,,High,High,High,,,,,
20,2026-09-25,15:30:54.90,3,2,"Gaskin, Brendan",1000526489,Left,FOR_RAM,"Markey, Tommy",10084492,Left,FOR_RAM,Undefined,1,Bottom,1,0,1,Cutter,Sinker,StrikeCalled,Undefined,Undefined,Undefined,0,0,"markey no good challenge
",87.65186,-0.474858,3.160053,2312.29715,128.82992,10:15,5.23724,-1.51842,5.73152,-28.896,7.13898,-7.69095,2.38633,0.78654,81.5257,-5.785816,1.786053,0.43205,,,,,,,,,,,,4.63914,4.05118,1.2596,50,5.17965,-6.71215,-127.3676,-2.06528,7.75775,21.74947,-25.39946,FOR_RAM,FOR_RAM,FordhamUniversity,TeamExclusive,Team,20260925-FordhamUniversity-Private-2,937cebe0-b917-11f1-93a8-090a75922668,87.24097,,,6.12616,,,,,,,19664ea5-8cf3-4660-9b31-69759f333a4e,2026-09-25,19:30:54.90,2026-09-25T15:30:54.9023744-04:00,2026-09-25T19:30:54.9023744Z,,v3,471298,471298,,"Velit, Liam",1000239563,Right,FOR_RAM,f99022bb-3e79-4b87-abf0-65ed201219a0,54.76873,-128.17932,10.87473,5.23904,-1.11733,-12.69973,1.51552,-7.00168,3.87887,,,,,,,,,,,,,,,,,,,,,,,,,,,,,,,,,,,,,,,,,,,,,,,,,,,High,High,High,,,,,
21,2026-09-25,15:31:19.12,3,3,"Gaskin, Brendan",1000526489,Left,FOR_RAM,"Markey, Tommy",10084492,Left,FOR_RAM,Undefined,1,Bottom,1,0,2,Sinker,Sinker,BallCalled,Undefined,Undefined,Undefined,0,0,,87.00723,1.835313,2.680149,2226.612873,129.765928,10:15,5.32053,-1.6346,6.01286,-24.44934,12.47784,-13.55694,4.9857,-0.27974,78.98227,-2.772266,0.245718,0.437365,,,,,,,,,,,,7.64315,6.23941,1.43105,50,5.45137,-5.33225,-126.17528,3.29284,12.28237,26.43203,-22.14746,FOR_RAM,FOR_RAM,FordhamUniversity,TeamExclusive,Team,20260925-FordhamUniversity-Private-2,a1e48350-b917-11f1-93a8-090a75922668,86.18069,,,8.02496,,,,,,,19664ea5-8cf3-4660-9b31-69759f333a4e,2026-09-25,19:31:19.12,2026-09-25T15:31:19.1213568-04:00,2026-09-25T19:31:19.1213568Z,,v3,471298,471298,,"Velit, Liam",1000239563,Right,FOR_RAM,7226fdf6-aa74-444a-9501-ef133ac25aa9,54.48277,-127.11089,13.21601,5.32093,4.07679,-11.07373,1.62749,-5.767,6.14118,,,,,,,,,,,,,,,,,,,,,,,,,,,,,,,,,,,,,,,,,,,,,,,,,,,High,High,High,,,,,
22,2026-09-25,15:31:33.51,3,4,"Gaskin, Brendan",1000526489,Left,FOR_RAM,"Markey, Tommy",10084492,Left,FOR_RAM,Undefined,1,Bottom,3,1,2,ChangeUp,Changeup,StrikeSwinging,Strikeout,Undefined,Undefined,0,0,,78.37667,-0.601009,2.702642,1856.443466,91.570358,9:00,4.88246,-1.74601,5.36724,-44.36577,1.83358,-16.2391,0.62114,-0.56331,72.44861,-8.664322,-0.186527,0.489203,,,,,,,,,,,,8.90512,1.48154,1.51547,50,4.79676,-4.73886,-113.77647,-2.69423,11.72928,19.93377,-30.22268,FOR_RAM,FOR_RAM,FordhamUniversity,TeamExclusive,Team,20260925-FordhamUniversity-Private-2,aa7b7500-b917-11f1-93a8-090a75922668,77.04861,,,5.92806,,,,,,,19664ea5-8cf3-4660-9b31-69759f333a4e,2026-09-25,19:31:33.51,2026-09-25T15:31:33.5197696-04:00,2026-09-25T19:31:33.5197696Z,,v3,471298,471298,,"Velit, Liam",1000239563,Right,FOR_RAM,e2e8feb0-4c19-4346-a531-3d96a13e3e87,55.13366,-114.67237,9.96688,4.88733,-1.33591,-15.11134,1.7403,-5.26601,5.86464,,,,,,,,,,,,,,,,,,,,,,,,,,,,,,,,,,,,,,,,,,,,,,,,,,,High,High,High,,,,,
23,2026-09-25,15:33:41.50,1,1,"Curran, Tommy",1000559344,Left,FOR_RAM,"Kaufman, Taylor",10314665,Right,FOR_RAM,Undefined,2,Top,0,0,0,Cutter,Curveball,FoulBallNotFieldable,Undefined,Undefined,Undefined,0,0,,77.38659,0.15015,1.715365,1891.968867,187.032287,12:15,5.89998,-1.71822,5.97958,-37.1877,9.35902,0.97217,2.94025,-0.04668,70.9167,-6.759401,1.890112,0.491039,63.81963,42.122248,131.225862,4207.704758,,,,,40.8195,,,-0.01421,5.20095,1.58211,50,5.89121,-3.40071,-112.3941,-0.79086,-0.01816,20.77458,-25.5353,FOR_RAM,FOR_RAM,FordhamUniversity,TeamExclusive,Team,20260925-FordhamUniversity-Private-2,f6c1abf0-b917-11f1-93a8-090a75922668,76.76058,32.18668,,6.46989,,,,1.11862,2.87878,0.0041,19664ea5-8cf3-4660-9b31-69759f333a4e,2026-09-25,19:33:41.50,2026-09-25T15:33:41.5021568-04:00,2026-09-25T19:33:41.5021568Z,,v3,471298,471298,,"Chavez, Carson",1000156814,Right,FOR_RAM,51deb4b3-8180-4c44-a686-e2641c40db05,54.51857,-113.22622,10.38729,5.90241,0.23195,-12.76765,1.7183,-3.39998,-0.00908,330.199964,1.11862,-45.75365,-1.13404,1.3539,-0.92831,2.49394,-5.34755,6.01346,-2.663,2.87878,62.78037,-26.55496,3.04121,-1.36016,3.16669,-6.74758,7.52697,-3.30265,0.0041,52.21654,-5.57306,0.39256,-0.04314,0.00632,-0.02299,0.0002,0.01316,,,,,,,,,,,,,,,,,,,,,,,High,High,High,High,Undefined,,,
24,2026-09-25,15:33:59.03,1,2,"Curran, Tommy",1000559344,Left,FOR_RAM,"Kaufman, Taylor",10314665,Right,FOR_RAM,Undefined,2,Top,0,0,1,ChangeUp,Changeup,BallCalled,Undefined,Undefined,Undefined,0,0,,74.20291,2.139288,1.495384,1380.966018,134.838375,10:30,5.85379,-1.62192,6.542,-36.63825,13.08233,-11.54134,4.76419,-1.21193,67.55919,-4.793787,-0.599677,0.507504,,,,,,,,,,,,6.41681,6.74209,1.52252,50,5.98643,-2.42651,-107.74002,3.12165,7.51106,19.44615,-24.28222,FOR_RAM,FOR_RAM,FordhamUniversity,TeamExclusive,Team,20260925-FordhamUniversity-Private-2,014a5b80-b918-11f1-93a8-090a75922668,74.27024,,,6.64373,,,,,,,19664ea5-8cf3-4660-9b31-69759f333a4e,2026-09-25,19:33:59.03,2026-09-25T15:33:59.0330880-04:00,2026-09-25T19:33:59.0330880Z,,v3,471298,471298,,"Chavez, Carson",1000156814,Right,FOR_RAM,9d6c751e-26b0-4f91-9add-017e0a3321c9,53.9533,-108.45121,9.72307,5.85602,4.0097,-12.14111,1.61629,-2.7012,3.75553,,,,,,,,,,,,,,,,,,,,,,,,,,,,,,,,,,,,,,,,,,,,,,,,,,,High,High,High,,,,,
25,2026-09-25,15:34:15.21,1,3,"Curran, Tommy",1000559344,Left,FOR_RAM,"Kaufman, Taylor",10314665,Right,FOR_RAM,Undefined,2,Top,0,1,1,ChangeUp,Changeup,InPlay,Undefined,LineDrive,Single,0,0,,74.20591,0.085215,2.259246,1272.848325,114.493203,9:45,5.83052,-1.58332,6.56715,-42.28242,6.96634,-12.02327,2.38516,-0.51315,68.47703,-7.814303,0.072668,0.50509,82.4309,11.257569,-26.934072,1852.568885,95.39407,6.37981,-54.77129,138.24014,132.20681,-30.961609,1.366422,7.0015,4.04295,1.43295,50,5.81831,-3.88936,-107.92812,-0.91443,8.27797,18.36914,-27.39401,FOR_RAM,FOR_RAM,FordhamUniversity,TeamExclusive,Team,20260925-FordhamUniversity-Private-2,0adf8350-b918-11f1-93a8-090a75922668,74.62513,9.59274,,5.72888,,,,2.27897,2.54746,0.56779,19664ea5-8cf3-4660-9b31-69759f333a4e,2026-09-25,19:34:15.21,2026-09-25T15:34:15.2179200-04:00,2026-09-25T19:34:15.2179200Z,LineDrive,v3,471298,471298,,"Chavez, Carson",1000156814,Right,FOR_RAM,a6ac20a1-728e-4fb7-9b27-3b2aa2858b77,53.9336,-108.59555,9.18457,5.83345,0.08091,-13.697,1.57973,-4.19013,4.13899,86.658719,2.27896,105.71256,-19.1066,3.94423,-1.23104,0.65456,-0.2833,0.04692,0.00226,2.54747,23.60155,-20.88579,2.04591,-0.33275,-0.00119,0.03747,-0.01309,0.00142,0.56778,-53.70689,-0.39653,1.61811,-1.04177,0.80532,-0.41883,0.10338,-0.00711,,,,,,,,,,,,,,,,,,,,,,,High,High,High,High,Medium,,,
26,2026-09-25,15:35:11.76,2,1,"Curran, Tommy",1000559344,Left,FOR_RAM,"Grabau, Anthony",1000407420,Left,FOR_RAM,Undefined,2,Top,0,0,0,Curveball,Curveball,BallCalled,Undefined,Undefined,Undefined,0,0,,68.83883,1.179387,2.048135,2263.003356,323.567703,4:45,5.98836,-1.68901,6.01864,-68.63094,-9.95213,8.64949,1.3624,0.9297,63.93649,-11.353455,3.60759,0.551331,,,,,,,,,,,,-3.88626,-4.96351,1.5238,50,6.04338,-3.85091,-100.06597,0.1677,-3.93075,16.5181,-37.19436,FOR_RAM,FOR_RAM,FordhamUniversity,TeamExclusive,Team,20260925-FordhamUniversity-Private-2,2ca15400-b918-11f1-93a8-090a75922668,68.3663,,,4.90234,,,,,,,19664ea5-8cf3-4660-9b31-69759f333a4e,2026-09-25,19:35:11.76,2026-09-25T15:35:11.7643264-04:00,2026-09-25T19:35:11.7643264Z,,v3,471298,471298,,"Chavez, Carson",1000156814,Right,FOR_RAM,11b1ac46-efe4-4c52-8c4d-014f5633799d,54.48462,-100.80354,8.25905,5.99882,1.8285,-18.59718,1.69184,-3.6754,-1.96538,,,,,,,,,,,,,,,,,,,,,,,,,,,,,,,,,,,,,,,,,,,,,,,,,,,High,High,High,,,,,
27,2026-09-25,15:35:51.38,2,2,"Curran, Tommy",1000559344,Left,FOR_RAM,"Grabau, Anthony",1000407420,Left,FOR_RAM,Undefined,2,Top,0,1,0,Cutter,Slider,InPlay,Undefined,FlyBall,Out,1,0,,78.74308,0.225426,1.519808,2125.625623,167.746907,11:30,5.96209,-1.76724,6.14504,-36.91498,7.92489,-1.40012,3.09423,-0.4792,71.85332,-6.661602,1.267274,0.481952,66.78538,57.14955,-18.389792,,97.44322,73.26526,-51.0374,144.84305,129.90889,-28.399155,4.814963,1.17665,4.46268,1.65225,50,5.9603,-2.98398,-114.36173,-0.62137,1.5482,22.36675,-26.30221,FOR_RAM,FOR_RAM,FordhamUniversity,TeamExclusive,Team,20260925-FordhamUniversity-Private-2,44308460-b918-11f1-93a8-090a75922668,78.20793,90.97214,,6.88976,,,,1.36268,3.2009,0.46851,19664ea5-8cf3-4660-9b31-69759f333a4e,2026-09-25,19:35:51.38,2026-09-25T15:35:51.3896448-04:00,2026-09-25T19:35:51.3896448Z,Popup,v3,471298,471298,,"Chavez, Carson",1000156814,Right,FOR_RAM,d86beba0-6305-41b4-a29c-e07e4f38c8ad,54.35269,-115.20988,11.18338,5.96495,0.37601,-13.1511,1.76651,-3.04269,0.7741,164.394285,1.36298,50.39865,-14.51346,4.04124,-0.57735,-0.05503,0.0429,-0.00717,0.00041,3.19857,82.33633,-22.57473,2.04471,-0.31691,0.00375,0.02043,-0.00516,0.00039,0.46837,-16.76332,-0.03176,0.37125,-0.07541,-0.02049,0.01384,-0.00263,0.00017,,,,,,,,,,,,,,,,,,,,,,,High,High,High,High,Low,,,
28,2026-09-25,15:36:36.34,3,1,"Curran, Tommy",1000559344,Left,FOR_RAM,"Velit, Liam",1000239563,Right,FOR_RAM,Undefined,2,Top,1,0,0,Fastball,Changeup,BallCalled,Undefined,Undefined,Undefined,0,0,,83.6985,-0.373428,2.250467,1845.926344,139.017949,10:45,5.94938,-1.70677,6.44461,-24.79741,14.17253,-11.26323,3.53955,-0.57651,76.69041,-5.068047,0.209004,0.4493,,,,,,,,,,,,6.46607,7.88075,1.55164,50,5.9116,-4.35954,-121.63382,-1.46793,9.70498,23.44181,-20.3457,FOR_RAM,FOR_RAM,FordhamUniversity,TeamExclusive,Team,20260925-FordhamUniversity-Private-2,5efbccf0-b918-11f1-93a8-090a75922668,83.8915,,,7.00809,,,,,,,19664ea5-8cf3-4660-9b31-69759f333a4e,2026-09-25,19:36:36.34,2026-09-25T15:36:36.3448320-04:00,2026-09-25T19:36:36.3448320Z,,v3,471298,471298,,"Chavez, Carson",1000156814,Right,FOR_RAM,f35bf6f2-ccc9-4aa7-a7f7-89e67e093481,54.05276,-122.41239,11.72091,5.94913,-0.79219,-10.17285,1.70179,-4.68187,4.85249,,,,,,,,,,,,,,,,,,,,,,,,,,,,,,,,,,,,,,,,,,,,,,,,,,,High,High,High,,,,,
29,2026-09-25,15:37:16.51,3,2,"Curran, Tommy",1000559344,Left,FOR_RAM,"Velit, Liam",1000239563,Right,FOR_RAM,Undefined,2,Top,1,1,0,Cutter,Slider,StrikeCalled,Undefined,Undefined,Undefined,0,0,,77.61625,-0.492536,2.457736,2081.707709,193.656678,12:30,5.88736,-1.89774,6.03935,-39.3779,5.94209,1.16244,2.1494,0.47615,72.65567,-7.726532,2.666892,0.484525,,,,,,,,,,,,-0.04866,3.54606,1.70538,50,5.82737,-4.88676,-112.90829,-2.14323,-0.06399,16.94075,-27.51052,FOR_RAM,FOR_RAM,FordhamUniversity,TeamExclusive,Team,20260925-FordhamUniversity-Private-2,76e8fbd0-b918-11f1-93a8-090a75922668,77.79252,,,4.96058,,,,,,,19664ea5-8cf3-4660-9b31-69759f333a4e,2026-09-25,19:37:16.51,2026-09-25T15:37:16.5199360-04:00,2026-09-25T19:37:16.5199360Z,,v3,471298,471298,,"Chavez, Carson",1000156814,Right,FOR_RAM,8aa8126a-fcc1-41de-a065-46be4b6bd4d0,54.46119,-113.57568,8.47038,5.89046,-1.05946,-13.75526,1.89785,-4.88424,-0.03199,,,,,,,,,,,,,,,,,,,,,,,,,,,,,,,,,,,,,,,,,,,,,,,,,,,High,High,High,,,,,
30,2026-09-25,15:37:56.55,3,3,"Curran, Tommy",1000559344,Left,FOR_RAM,"Velit, Liam",1000239563,Right,FOR_RAM,Undefined,2,Top,1,1,1,Fastball,Changeup,BallCalled,Undefined,Undefined,Undefined,0,0,,84.16573,-0.358297,1.223646,1778.047841,142.043636,10:45,6.01908,-1.77927,6.30324,-25.13395,13.36253,-9.54997,3.59441,-1.44759,77.57607,-5.085775,-0.503934,0.446562,,,,,,,,,,,,5.2565,7.39615,1.69371,50,5.98057,-2.25259,-122.41818,-1.48419,8.03944,22.38983,-20.8622,FOR_RAM,FOR_RAM,FordhamUniversity,TeamExclusive,Team,20260925-FordhamUniversity-Private-2,8ebf6e60-b918-11f1-93a8-090a75922668,84.40581,,,6.58966,,,,,,,19664ea5-8cf3-4660-9b31-69759f333a4e,2026-09-25,19:37:56.55,2026-09-25T15:37:56.5540000-04:00,2026-09-25T19:37:56.5540000Z,,v3,471298,471298,,"Chavez, Carson",1000156814,Right,FOR_RAM,97653dc8-a60c-4582-aa3a-f2dfa8e001f9,54.19478,-123.183,11.19492,6.01909,-0.77156,-10.4311,1.77535,-2.52721,4.01972,,,,,,,,,,,,,,,,,,,,,,,,,,,,,72.99452,2.164172,0.74281,1.421362,-3.27188,3.15761,1.49511,-0.99766,6.02699,1.13103,127.28099,8.56075,6.32709,-0.81123,102.7553,-8.99961,6.10319,21.4972,-13.95731,1.13681,4.07867,-0.30386,High,High,High,,,High,High,High
31,2026-09-25,15:38:32.21,3,4,"Curran, Tommy",1000559344,Left,FOR_RAM,"Velit, Liam",1000239563,Right,FOR_RAM,Undefined,2,Top,1,2,1,Cutter,Curveball,InPlay,Undefined,Popup,Out,1,0,,77.66048,-0.133111,2.797318,1867.574664,191.533637,12:30,5.87384,-1.96299,6.36269,-36.95707,8.10863,1.39839,2.67144,0.72985,72.07564,-7.000993,3.050174,0.483164,57.99992,69.19597,14.242616,,,,,86.52998,39.77134,32.957905,4.379697,-0.03839,4.63481,1.75988,50,5.84669,-5.56355,-112.9186,-1.2804,-0.05007,18.61602,-26.12946,FOR_RAM,FOR_RAM,FordhamUniversity,TeamExclusive,Team,20260925-FordhamUniversity-Private-2,a4137bd0-b918-11f1-93a8-090a75922668,78.01173,80.175,,5.58483,,,,2.07216,3.00414,-0.62299,19664ea5-8cf3-4660-9b31-69759f333a4e,2026-09-25,19:38:32.21,2026-09-25T15:38:32.2187264-04:00,2026-09-25T19:38:32.2187264Z,Popup,v3,471298,471298,,"Chavez, Carson",1000156814,Right,FOR_RAM,6b80de15-523a-4292-b523-946abcef0961,54.13769,-113.5987,9.30801,5.87603,-0.32581,-13.06473,1.9631,-5.56172,-0.02504,202.602887,2.06786,29.35313,-8.78645,2.66325,-0.21275,-0.27428,0.13757,-0.02603,0.00178,2.9954,79.73172,-25.05158,4.18927,-1.94066,0.74862,-0.16937,0.01901,-0.0008,-0.61732,7.33232,4.56096,-2.15928,0.3894,0.14932,-0.10562,0.02244,-0.00164,,,,,,,,,,,,,,,,,,,,,,,High,High,High,High,Low,,,
32,2026-09-25,15:39:07.48,4,1,"Curran, Tommy",1000559344,Left,FOR_RAM,"Hanawalt, Chase",1000367090,Left,FOR_RAM,Undefined,2,Top,2,0,0,Curveball,Curveball,BallCalled,Undefined,Undefined,Undefined,0,0,,69.62173,2.090155,2.972427,2258.144772,308.751069,4:15,5.95194,-1.65727,5.6741,-64.94996,-6.77827,10.59784,2.49154,1.9995,64.46614,-9.726744,4.863688,0.548943,,,,,,,,,,,,-4.53918,-3.43347,1.3997,50,6.08787,-5.60624,-101.01907,1.77543,-4.69187,16.41265,-35.723,FOR_RAM,FOR_RAM,FordhamUniversity,TeamExclusive,Team,20260925-FordhamUniversity-Private-2,b921f4c0-b918-11f1-93a8-090a75922668,68.66367,,,5.15558,,,,,,,19664ea5-8cf3-4660-9b31-69759f333a4e,2026-09-25,19:39:07.48,2026-09-25T15:39:07.4882560-04:00,2026-09-25T19:39:07.4882560Z,,v3,471298,471298,,"Chavez, Carson",1000156814,Right,FOR_RAM,144917c9-bcd6-4fb3-88f0-68bf938240cc,54.8276,-101.8004,8.20633,5.96288,3.47602,-17.8615,1.66127,-5.38288,-2.34594,,,,,,,,,,,,,,,,,,,,,,,,,,,,,,,,,,,,,,,,,,,,,,,,,,,High,High,High,,,,,
33,2026-09-25,15:39:29.82,4,2,"Curran, Tommy",1000559344,Left,FOR_RAM,"Hanawalt, Chase",1000367090,Left,FOR_RAM,Undefined,2,Top,2,1,0,Fastball,Changeup,BallCalled,Undefined,Undefined,Undefined,0,0,,82.5254,1.511897,0.68132,1705.389906,150.417859,11:00,5.95647,-1.73652,6.32036,-28.88364,10.83875,-5.56158,4.94238,-1.57246,76.51116,-3.89281,-0.32462,0.453617,,,,,,,,,,,,3.02354,5.64607,1.68906,50,6.05311,-1.21934,-120.08492,2.33283,4.48851,19.62796,-23.7924,FOR_RAM,FOR_RAM,FordhamUniversity,TeamExclusive,Team,20260925-FordhamUniversity-Private-2,c660c3a0-b918-11f1-93a8-090a75922668,83.09315,,,6.01423,,,,,,,19664ea5-8cf3-4660-9b31-69759f333a4e,2026-09-25,19:39:29.82,2026-09-25T15:39:29.8203648-04:00,2026-09-25T19:39:29.8203648Z,,v3,471298,471298,,"Chavez, Carson",1000156814,Right,FOR_RAM,2194987a-41aa-4895-ad4d-c91b17d8f616,54.17739,-120.76578,9.81398,5.95787,3.15816,-11.8962,1.73405,-1.37504,2.24426,,,,,,,,,,,,,,,,,,,,,,,,,,,,,,,,,,,,,,,,,,,,,,,,,,,High,High,High,,,,,
34,2026-09-25,15:40:03.24,4,3,"Curran, Tommy",1000559344,Left,FOR_RAM,"Hanawalt, Chase",1000367090,Left,FOR_RAM,Undefined,2,Top,2,2,0,Curveball,Curveball,BallCalled,Undefined,Undefined,Undefined,0,0,,68.74863,0.935367,1.238301,2187.756917,315.052536,4:30,5.92398,-1.76873,5.78048,-70.69634,-10.41792,12.50753,0.90319,0.42589,62.97518,-11.959475,3.486579,0.558795,,,,,,,,,,,,-5.9815,-5.03985,1.65892,50,5.95874,-2.56972,-99.7853,-0.39625,-5.91444,18.94845,-37.15741,FOR_RAM,FOR_RAM,FordhamUniversity,TeamExclusive,Team,20260925-FordhamUniversity-Private-2,da656db0-b918-11f1-93a8-090a75922668,67.4531,,,5.77344,,,,,,,19664ea5-8cf3-4660-9b31-69759f333a4e,2026-09-25,19:40:03.24,2026-09-25T15:40:03.2478720-04:00,2026-09-25T19:40:03.2478720Z,,v3,471298,471298,,"Chavez, Carson",1000156814,Right,FOR_RAM,9c91b9ed-5479-47be-b792-c9c9be8606fa,54.72102,-100.6778,9.47423,5.93619,1.3539,-18.5787,1.7734,-2.29115,-2.95722,,,,,,,,,,,,,,,,,,,,,,,,,,,,,,,,,,,,,,,,,,,,,,,,,,,High,High,High,,,,,
35,2026-09-25,15:40:21.79,4,4,"Curran, Tommy",1000559344,Left,FOR_RAM,"Hanawalt, Chase",1000367090,Left,FOR_RAM,Undefined,2,Top,2,3,0,Cutter,Slider,BallCalled,Walk,Undefined,Undefined,0,0,,78.52481,1.03051,2.846632,2056.097508,207.779954,1:00,5.87919,-1.70741,6.34592,-36.87427,7.70839,3.33642,3.75625,1.19325,71.99027,-5.859644,3.449143,0.480568,,,,,,,,,,,,-0.93327,4.18201,1.49913,50,5.93706,-5.78766,-114.00171,1.01441,-1.22831,20.94297,-26.67007,FOR_RAM,FOR_RAM,FordhamUniversity,TeamExclusive,Team,20260925-FordhamUniversity-Private-2,e5623bd0-b918-11f1-93a8-090a75922668,78.43317,,,6.53453,,,,,,,19664ea5-8cf3-4660-9b31-69759f333a4e,2026-09-25,19:40:21.79,2026-09-25T15:40:21.7937408-04:00,2026-09-25T19:40:21.7937408Z,,v3,471298,471298,,"Chavez, Carson",1000156814,Right,FOR_RAM,df91e4d3-e522-4acd-bb48-32998959a8fc,54.15079,-114.76171,10.47149,5.88269,1.98224,-13.33504,1.70835,-5.74308,-0.61415,,,,,,,,,,,,,,,,,,,,,,,,,,,,,,,,,,,,,,,,,,,,,,,,,,,High,High,High,,,,,
36,2026-09-25,15:40:55.31,5,1,"Curran, Tommy",1000559344,Left,FOR_RAM,"Ford, Tim",1000142266,Right,FOR_RAM,Undefined,2,Top,2,0,0,ChangeUp,Changeup,BallCalled,Undefined,Undefined,Undefined,0,0,,73.8633,-1.035327,3.560843,1342.012965,116.663917,10:00,5.86898,-1.82018,6.51781,-41.23912,8.47209,-13.96166,1.48048,0.28782,68.53445,-8.706186,1.027072,0.507456,,,,,,,,,,,,8.27642,5.15099,1.5778,50,5.77877,-6.24383,-107.31342,-2.99789,9.72506,17.24345,-26.12147,FOR_RAM,FOR_RAM,FordhamUniversity,TeamExclusive,Team,20260925-FordhamUniversity-Private-2,f9670cf0-b918-11f1-93a8-090a75922668,74.27723,,,5.32885,,,,,,,19664ea5-8cf3-4660-9b31-69759f333a4e,2026-09-25,19:40:55.31,2026-09-25T15:40:55.3177088-04:00,2026-09-25T19:40:55.3177088Z,,v3,471298,471298,,"Chavez, Carson",1000156814,Right,FOR_RAM,24ba7bb0-39bb-48a6-a7fb-04cd503792ad,53.98264,-107.95146,8.62173,5.87182,-2.03134,-13.06074,1.8155,-6.60368,4.86253,,,,,,,,,,,,,,,,,,,,,,,,,,,,,,,,,,,,,,,,,,,,,,,,,,,High,High,High,,,,,
37,2026-09-25,15:41:14.61,5,2,"Curran, Tommy",1000559344,Left,FOR_RAM,"Ford, Tim",1000142266,Right,FOR_RAM,Undefined,2,Top,2,1,0,Fastball,Changeup,InPlay,Undefined,FlyBall,Out,1,0,,83.61385,-1.389864,2.966343,1799.238535,137.268372,10:30,5.88443,-1.70524,6.35275,-24.99643,13.85328,-11.78709,2.52015,0.04526,77.46645,-6.078008,0.834822,0.448606,87.86154,42.544328,-2.538012,3953.566344,109.96775,94.96009,2.66273,266.36455,250.63604,5.337107,5.595622,6.90055,7.91197,1.49546,50,5.77156,-5.87387,-121.54133,-3.65659,10.44939,21.07161,-20.19309,FOR_RAM,FOR_RAM,FordhamUniversity,TeamExclusive,Team,20260925-FordhamUniversity-Private-2,04e0ac30-b919-11f1-93a8-090a75922668,84.02123,111.12748,,6.1474,,,,1.22305,2.52869,-0.02835,19664ea5-8cf3-4660-9b31-69759f333a4e,2026-09-25,19:41:14.61,2026-09-25T15:41:14.6118656-04:00,2026-09-25T19:41:14.6118656Z,FlyBall,v3,471298,471298,,"Chavez, Carson",1000156814,Right,FOR_RAM,a8d55f69-de86-4981-9225-fabdb7f8ac2a,54.14765,-122.25829,10.53581,5.88428,-2.96952,-10.09655,1.70137,-6.22941,5.22469,194.866571,1.22884,94.73342,-23.83595,5.93401,-0.92899,0.04719,0.01152,-0.0021,0.0001,2.52393,87.21189,-19.57697,0.83174,0.06065,-0.05852,0.01776,-0.00253,0.00013,-0.02939,-4.18043,6.03919,-2.04553,0.44506,-0.05678,0.00224,0.00028,-2E-05,,,,,,,,,,,,,,,,,,,,,,,High,High,High,High,Low,,,
38,2026-09-25,15:43:21.75,1,1,"Gaskin, Brendan",1000526489,Left,FOR_RAM,"Maryott, Gavin",1000410374,Right,FOR_RAM,Undefined,2,Bottom,0,0,0,Cutter,Curveball,BallCalled,Undefined,Undefined,Undefined,0,0,,75.57066,0.261028,2.178359,2595.078016,250.308383,2:15,5.15981,-1.68102,5.2419,-46.2716,3.7276,6.21327,1.54934,0.88501,69.77845,-8.143489,3.279757,0.508924,,,,,,,,,,,,-2.5411,2.21185,1.47589,50,5.1492,-4.40715,-109.6808,-1.01984,-3.10454,18.86469,-29.47174,FOR_RAM,FOR_RAM,FordhamUniversity,TeamExclusive,Team,20260925-FordhamUniversity-Private-2,50aea5e0-b919-11f1-93a8-090a75922668,74.06303,,,5.79221,,,,,,,19664ea5-8cf3-4660-9b31-69759f333a4e,2026-09-25,19:43:21.75,2026-09-25T15:43:21.7593344-04:00,2026-09-25T19:43:21.7593344Z,,v3,471298,471298,,"Velit, Liam",1000239563,Right,FOR_RAM,fb5499a7-bf44-492a-9fb4-0d0835141ed0,55.25783,-110.58143,9.43234,5.1643,0.38719,-14.73587,1.68276,-4.25893,-1.55227,,,,,,,,,,,,,,,,,,,,,,,,,,,,,,,,,,,,,,,,,,,,,,,,,,,High,High,High,,,,,
39,2026-09-25,15:43:37.06,1,2,"Gaskin, Brendan",1000526489,Left,FOR_RAM,"Maryott, Gavin",1000410374,Right,FOR_RAM,Undefined,2,Bottom,0,1,0,Slider,Slider,InPlay,Undefined,GroundBall,Single,1,0,,75.49171,0.493264,1.68734,2499.820676,247.604755,2:15,5.10615,-1.62432,5.22536,-45.57239,4.72862,7.65595,1.77239,0.60041,69.39053,-7.805929,3.044486,0.510458,72.6203,6.590634,-42.042314,2945.693933,,,,64.69498,64.69498,-42.628214,0.648578,-3.3776,2.65768,1.4627,50,5.11745,-3.51796,-109.54326,-0.54827,-4.09975,19.54259,-28.94815,FOR_RAM,FOR_RAM,FordhamUniversity,TeamExclusive,Team,20260925-FordhamUniversity-Private-2,59c74ab0-b919-11f1-93a8-090a75922668,73.84048,3.29994,,6.10118,,,,1.97475,1.76941,-0.54897,19664ea5-8cf3-4660-9b31-69759f333a4e,2026-09-25,19:43:37.06,2026-09-25T15:43:37.0646016-04:00,2026-09-25T19:43:37.0646016Z,GroundBall,v3,471298,471298,,"Velit, Liam",1000239563,Right,FOR_RAM,058145c4-791f-4a9f-84cc-4668bcf563d5,55.27383,-110.48011,9.7713,5.11047,0.83947,-14.47408,1.62663,-3.32142,-2.04987,,1.9955,78.14229,-12.11379,,,,,,,1.80814,11.41455,-21.98303,,,,,,,-0.5505,-70.82518,6.35611,,,,,,,,,,,,,,,,,,,,,,,,,,,,,High,High,High,Medium,High,,,
40,2026-09-25,15:44:12.47,2,1,"Gaskin, Brendan",1000526489,Left,FOR_RAM,"Wansaw, Michael",1000503198,Right,FOR_RAM,Undefined,2,Bottom,1,0,0,Cutter,Slider,InPlay,Undefined,GroundBall,Out,1,0,,81.65576,0.234073,2.854687,2579.775228,203.625588,12:45,5.02508,-1.92995,5.30026,-35.15947,7.11969,2.62213,2.31515,0.97076,75.92878,-6.167991,3.319207,0.467988,64.62197,-2.888589,-46.820259,3932.381372,,,,24.27213,23.39753,-43.974322,0.249572,-0.65756,3.84504,1.66833,50,5.02053,-6.01925,-118.60221,-0.73582,-0.95115,19.38563,-26.61231,FOR_RAM,FOR_RAM,FordhamUniversity,TeamExclusive,Team,20260925-FordhamUniversity-Private-2,6ed59c90-b919-11f1-93a8-090a75922668,80.54149,2.41433,,5.72698,,,,1.45016,2.41433,-0.93952,19664ea5-8cf3-4660-9b31-69759f333a4e,2026-09-25,19:44:12.47,2026-09-25T15:44:12.4747776-04:00,2026-09-25T19:44:12.4747776Z,GroundBall,v3,471298,471298,,"Velit, Liam",1000239563,Right,FOR_RAM,29fd8117-d515-4ac7-9460-ee05d29e083d,55.20037,-119.44919,9.69282,5.02728,0.4269,-13.30616,1.93041,-5.97769,-0.47558,,1.44891,64.84074,-2.61216,,,,,,,2.41662,-4.8986,-19.20804,,,,,,,-0.94252,-68.86627,20.54206,,,,,,,,,,,,,,,,,,,,,,,,,,,,,High,High,High,Medium,Medium,,,
41,2026-09-25,15:44:46.88,3,1,"Gaskin, Brendan",1000526489,Left,FOR_RAM,"Reina, Braedon",10305192,Left,FOR_RAM,Undefined,2,Bottom,2,0,0,Fastball,Sinker,StrikeCalled,Undefined,Undefined,Undefined,0,0,,86.26718,-0.682401,3.407191,2299.979869,141.007057,10:45,5.24035,-1.71736,5.81403,-26.92679,10.15906,-7.43524,2.36078,0.8349,80.26583,-5.651935,2.077625,0.438304,,,,,,,,,,,,4.57744,5.66012,1.44249,50,5.16816,-7.16271,-125.33533,-2.38891,7.41636,20.9278,-23.00352,FOR_RAM,FOR_RAM,FordhamUniversity,TeamExclusive,Team,20260925-FordhamUniversity-Private-2,8357b400-b919-11f1-93a8-090a75922668,85.99614,,,6.00135,,,,,,,19664ea5-8cf3-4660-9b31-69759f333a4e,2026-09-25,19:44:46.88,2026-09-25T15:44:46.8881408-04:00,2026-09-25T19:44:46.8881408Z,,v3,471298,471298,,"Velit, Liam",1000239563,Right,FOR_RAM,79f41d0e-210f-424d-8a31-9e260bc04638,54.68619,-126.11537,10.4639,5.24122,-1.5315,-11.50176,1.71462,-7.43914,3.70818,,,,,,,,,,,,,,,,,,,,,,,,,,,,,,,,,,,,,,,,,,,,,,,,,,,High,High,High,,,,,
42,2026-09-25,15:45:02.98,3,2,"Gaskin, Brendan",1000526489,Left,FOR_RAM,"Reina, Braedon",10305192,Left,FOR_RAM,Undefined,2,Bottom,2,0,1,Cutter,Cutter,StrikeCalled,Undefined,Undefined,Undefined,0,0,reina bad challenge,86.31457,0.493219,3.105022,2290.653455,144.97064,10:45,5.30129,-1.65918,5.61749,-28.47691,8.66666,-5.43229,3.38921,0.78878,80.54463,-4.733731,2.137231,0.438645,,,,,,,,,,,,3.41764,4.59355,1.39756,50,5.32487,-6.58102,-125.46523,0.0923,5.5748,19.82881,-24.6811,FOR_RAM,FOR_RAM,FordhamUniversity,TeamExclusive,Team,20260925-FordhamUniversity-Private-2,8cfc6c30-b919-11f1-93a8-090a75922668,85.92926,,,5.76993,,,,,,,19664ea5-8cf3-4660-9b31-69759f333a4e,2026-09-25,19:45:02.98,2026-09-25T15:45:02.9886976-04:00,2026-09-25T19:45:02.9886976Z,,v3,471298,471298,,"Velit, Liam",1000239563,Right,FOR_RAM,5a7c7f57-cd94-43cb-89f4-1d669d6ee97a,54.88286,-126.23457,9.9144,5.30271,1.0499,-12.34055,1.65709,-6.79732,2.7874,,,,,,,,,,,,,,,,,,,,,,,,,,,,,,,,,,,,,,,,,,,,,,,,,,,High,High,High,,,,,
43,2026-09-25,15:45:30.38,3,3,"Gaskin, Brendan",1000526489,Left,FOR_RAM,"Reina, Braedon",10305192,Left,FOR_RAM,Undefined,2,Bottom,2,0,2,Fastball,Sinker,BallCalled,Undefined,Undefined,Undefined,0,0,,84.83364,2.306254,2.877208,2242.53744,140.747131,10:45,5.30756,-1.57828,6.04291,-27.39202,10.84571,-8.0067,5.16396,0.42057,78.19944,-2.802849,1.439754,0.445059,,,,,,,,,,,,4.78677,5.36563,1.35805,50,5.47265,-5.87171,-123.16997,4.11686,7.4503,21.44577,-23.8228,FOR_RAM,FOR_RAM,FordhamUniversity,TeamExclusive,Team,20260925-FordhamUniversity-Private-2,9d482cf0-b919-11f1-93a8-090a75922668,84.69093,,,6.6342,,,,,,,19664ea5-8cf3-4660-9b31-69759f333a4e,2026-09-25,19:45:30.38,2026-09-25T15:45:30.3861248-04:00,2026-09-25T19:45:30.3861248Z,,v3,471298,471298,,"Velit, Liam",1000239563,Right,FOR_RAM,8c0d2e60-932b-4bcc-923e-d252e2dc975a,54.45526,-123.94327,10.72288,5.30872,4.97587,-11.9114,1.57462,-6.14036,3.72515,,,,,,,,,,,,,,,,,,,,,,,,,,,,,,,,,,,,,,,,,,,,,,,,,,,High,High,High,,,,,
44,2026-09-25,15:45:45.73,3,4,"Gaskin, Brendan",1000526489,Left,FOR_RAM,"Reina, Braedon",10305192,Left,FOR_RAM,Undefined,2,Bottom,2,1,2,ChangeUp,Changeup,HitByPitch,Undefined,Undefined,Undefined,0,0,,78.22576,1.713755,0.924052,1848.019238,100.51277,9:15,4.87899,-1.73476,5.21321,-42.34742,4.37949,-15.92973,2.96221,-2.19325,71.77116,-6.019474,-1.899262,0.491989,,,,,,,,,,,,8.33871,2.0498,1.66234,50,5.00521,-1.21601,-113.56975,1.96931,10.90673,20.51586,-29.49299,FOR_RAM,FOR_RAM,FordhamUniversity,TeamExclusive,Team,20260925-FordhamUniversity-Private-2,a66fc5e0-b919-11f1-93a8-090a75922668,76.61243,,,6.4546,,,,,,,19664ea5-8cf3-4660-9b31-69759f333a4e,2026-09-25,19:45:45.73,2026-09-25T15:45:45.7364992-04:00,2026-09-25T19:45:45.7364992Z,,v3,471298,471298,,"Velit, Liam",1000239563,Right,FOR_RAM,26828298-a814-415f-a145-ad08c5265d72,55.28826,-114.52107,10.25793,4.88219,3.33689,-14.7465,1.73046,-1.72175,5.45336,,,,,,,,,,,,,,,,,,,,,,,,,,,,,,,,,,,,,,,,,,,,,,,,,,,High,High,High,,,,,
45,2026-09-25,15:46:23.35,4,1,"Gaskin, Brendan",1000526489,Left,FOR_RAM,"Dieguez, Matthew",10131275,Right,FOR_RAM,Undefined,2,Bottom,2,0,0,Cutter,Changeup,FoulBallNotFieldable,Undefined,Undefined,Undefined,0,0,,83.55997,-0.878009,2.69972,2443.848105,140.845367,10:45,5.03368,-1.77846,5.46986,-30.7336,9.72623,-6.93473,1.64989,0.17203,77.00533,-6.526724,1.465855,0.457808,,,,,,,,,,,,4.22996,5.48874,1.54597,50,4.93538,-5.43805,-121.28546,-2.90531,6.33941,22.35912,-23.9481,FOR_RAM,FOR_RAM,FordhamUniversity,TeamExclusive,Team,20260925-FordhamUniversity-Private-2,bcd67bd0-b919-11f1-93a8-090a75922668,82.33243,,,6.55464,,,,,,,19664ea5-8cf3-4660-9b31-69759f333a4e,2026-09-25,19:46:23.35,2026-09-25T15:46:23.3573376-04:00,2026-09-25T19:46:23.3573376Z,,v3,471298,471298,,"Velit, Liam",1000239563,Right,FOR_RAM,05c9d035-eb1f-4a0a-bf4b-521e5d4893c4,55.0299,-122.20921,11.17956,5.03498,-1.91592,-11.97405,1.77605,-5.69996,3.1697,,,,,,,,,,,,,,,,,,,,,,,,,,,,,,,,,,,,,,,,,,,,,,,,,,,High,High,High,,,,,
46,2026-09-25,15:46:47.38,4,2,"Gaskin, Brendan",1000526489,Left,FOR_RAM,"Dieguez, Matthew",10131275,Right,FOR_RAM,Undefined,2,Bottom,2,0,1,ChangeUp,Changeup,BallCalled,Undefined,Undefined,Undefined,0,0,,78.05866,1.243381,1.063146,1837.808026,116.858543,10:00,5.0315,-1.63539,5.2167,-39.95317,6.32473,-10.0802,2.87155,-1.47566,72.5819,-6.026624,-0.723801,0.489619,,,,,,,,,,,,5.28193,3.26414,1.54509,50,5.11616,-1.70637,-113.46944,1.10399,7.00469,17.41854,-27.84527,FOR_RAM,FOR_RAM,FordhamUniversity,TeamExclusive,Team,20260925-FordhamUniversity-Private-2,cb2e34c0-b919-11f1-93a8-090a75922668,76.98321,,,5.47677,,,,,,,19664ea5-8cf3-4660-9b31-69759f333a4e,2026-09-25,19:46:47.38,2026-09-25T15:46:47.3826304-04:00,2026-09-25T19:46:47.3826304Z,,v3,471298,471298,,"Velit, Liam",1000239563,Right,FOR_RAM,c5bd2961-168a-42b2-856e-ca95ae6add15,55.28331,-114.27759,8.70927,5.03497,2.3959,-13.92263,1.6318,-2.03137,3.50235,,,,,,,,,,,,,,,,,,,,,,,,,,,,,,,,,,,,,,,,,,,,,,,,,,,High,High,High,,,,,
47,2026-09-25,15:47:23.94,4,3,"Gaskin, Brendan",1000526489,Left,FOR_RAM,"Dieguez, Matthew",10131275,Right,FOR_RAM,Undefined,2,Bottom,2,1,1,Fastball,Sinker,BallCalled,Undefined,Undefined,Undefined,0,0,,85.99708,0.330009,0.768087,2323.200914,144.793228,10:45,5.32536,-1.58725,5.7145,-24.91765,12.35012,-8.04926,3.55635,-1.54245,80.07438,-4.281935,-0.671838,0.439378,,,,,,,,,,,,4.26528,6.52548,1.52804,50,5.33736,-1.34791,-125.15553,-0.1032,6.90552,20.35003,-21.60926,FOR_RAM,FOR_RAM,FordhamUniversity,TeamExclusive,Team,20260925-FordhamUniversity-Private-2,e0f85c90-b919-11f1-93a8-090a75922668,85.78592,,,5.9227,,,,,,,19664ea5-8cf3-4660-9b31-69759f333a4e,2026-09-25,19:47:23.94,2026-09-25T15:47:23.9460000-04:00,2026-09-25T19:47:23.9460000Z,,v3,471298,471298,,"Velit, Liam",1000239563,Right,FOR_RAM,87fd1fd5-5a62-412b-9802-7c25ea31e600,54.78527,-125.9312,10.17502,5.3256,0.72047,-10.80463,1.58443,-1.61112,3.45276,,,,,,,,,,,,,,,,,,,,,,,,,,,,,78.03098,1.972379,0.641178,1.331201,-2.01329,3.28964,1.58544,-1.55812,5.79769,2.60742,127.27776,-0.83891,-3.35893,-1.35578,111.36746,-11.22142,5.80295,9.36893,-10.79531,2.5105,-9.63308,3.99437,High,High,High,,,High,Medium,Medium
48,2026-09-25,15:47:52.21,4,4,"Gaskin, Brendan",1000526489,Left,FOR_RAM,"Dieguez, Matthew",10131275,Right,FOR_RAM,Undefined,2,Bottom,2,2,1,ChangeUp,Changeup,InPlay,Undefined,GroundBall,Single,0,1,,79.48031,1.148415,2.441808,1683.389552,103.645376,9:30,4.97043,-1.57884,5.59437,-39.3814,4.85736,-14.93576,2.762,-0.54226,73.56246,-6.071671,-0.222452,0.47871,91.81109,-14.535748,-8.685647,,,,,11.60251,11.37263,-5.238593,0.080526,8.22516,2.52272,1.3796,50,5.043,-4.35937,-115.49548,1.03192,11.24135,19.12825,-28.72626,FOR_RAM,FOR_RAM,FordhamUniversity,TeamExclusive,Team,20260925-FordhamUniversity-Private-2,f1d0f400-b919-11f1-93a8-090a75922668,78.73745,2.72728,,5.91785,,,,1.15616,2.72728,0.52909,19664ea5-8cf3-4660-9b31-69759f333a4e,2026-09-25,19:47:52.21,2026-09-25T15:47:52.2172928-04:00,2026-09-25T19:47:52.2172928Z,GroundBall,v3,471298,471298,,"Velit, Liam",1000239563,Right,FOR_RAM,6edc3f98-6080-4a84-9c95-d6f223050592,54.90712,-116.30535,9.56413,4.97356,2.24816,-14.36313,1.57425,-4.83532,5.62067,180,1.15261,129.1247,,,,,,,,2.72821,-33.8683,,,,,,,,0.52963,-19.72575,,,,,,,,,,,,,,,,,,,,,,,,,,,,,,High,High,High,High,High,,,
49,2026-09-25,15:48:26.56,5,1,"Gaskin, Brendan",1000526489,Left,FOR_RAM,"Beaudreau, Bradley",1000297368,Left,FOR_RAM,Undefined,2,Bottom,2,0,0,Slider,Slider,BallCalled,Undefined,Undefined,Undefined,1,0,,77.99844,-0.675434,3.897483,2405.713758,210.701687,1:00,4.99967,-1.45433,4.7659,-43.26278,4.51583,1.84949,0.75253,2.40081,72.2605,-8.440042,4.221644,0.497494,,,,,,,,,,,,0.08874,2.74988,1.0615,50,4.89362,-7.77262,-112.98938,-2.88717,0.1155,19.29676,-28.59532,FOR_RAM,FOR_RAM,FordhamUniversity,TeamExclusive,Team,20260925-FordhamUniversity-Private-2,0652bd50-b91a-11f1-93a8-090a75922668,75.76455,,,5.73794,,,,,,,19664ea5-8cf3-4660-9b31-69759f333a4e,2026-09-25,19:48:26.56,2026-09-25T15:48:26.5640000-04:00,2026-09-25T19:48:26.5640000Z,,v3,471298,471298,,"Velit, Liam",1000239563,Right,FOR_RAM,dc7486ef-99e1-4297-b1df-12f5e1bb34bf,55.73472,-113.96457,9.64838,5.00302,-1.44206,-14.29766,1.45445,-7.77846,0.05775,,,,,,,,,,,,,,,,,,,,,,,,,,,,,71.74912,,,1.47915,,,,-1.95458,3.59399,-1.49629,127.27911,4.94713,-0.40685,-1.74738,100.66122,-9.21158,3.68927,21.84024,-14.25721,-1.55286,-1.65799,1.68001,High,High,High,,,High,Medium,Medium
50,2026-09-25,15:51:29.14,1,1,"Vieira, William",1000252264,Right,FOR_RAM,"Dean, Mason",1000150670,Left,FOR_RAM,Undefined,3,Top,0,0,0,ChangeUp,Changeup,BallCalled,Undefined,Undefined,Undefined,0,0,,76.57355,-0.316,-1.398708,1624.729868,259.430972,2:45,5.16806,1.86038,7.14991,-41.00006,4.26736,15.46879,1.46484,1.88123,70.6081,-8.049629,1.449196,0.484244,,,,,,,,,,,,-8.66827,2.84193,-1.78182,50,5.13767,2.25446,-111.49539,-1.59316,-10.91091,20.05624,-28.59686,FOR_RAM,FOR_RAM,FordhamUniversity,TeamExclusive,Team,20260925-FordhamUniversity-Private-2,732663a0-b91a-11f1-93a8-090a75922668,77.83768,,,5.96545,,,,,,,19664ea5-8cf3-4660-9b31-69759f333a4e,2026-09-25,19:51:29.14,2026-09-25T15:51:29.1463168-04:00,2026-09-25T19:51:29.1463168Z,,v3,471298,471298,,"Chavez, Carson",1000156814,Right,FOR_RAM,3b615886-3fd1-4f50-a3ec-c170476aacf9,53.34966,-112.09632,10.02812,5.17257,-0.73633,-14.29843,-1.85427,2.58137,-5.45546,,,,,,,,,,,,,,,,,,,,,,,,,,,,,,,,,,,,,,,,,,,,,,,,,,,High,High,High,,,,,
51,2026-09-25,15:51:44.89,1,2,"Vieira, William",1000252264,Right,FOR_RAM,"Dean, Mason",1000150670,Left,FOR_RAM,Undefined,3,Top,0,1,0,Fastball,Changeup,InPlay,Undefined,GroundBall,Out,1,0,,84.17284,-1.126588,-2.793767,1920.756232,220.89711,1:15,5.58665,1.44126,6.53298,-25.11182,13.31383,10.49879,2.45924,-0.24856,77.23538,-5.873895,-0.888393,0.446151,71.61861,-27.752555,47.6024,,,,,7.25491,2.59317,38.866026,0.057771,-6.30433,7.66225,-1.25169,50,5.49746,5.59403,-122.30384,-3.0897,-9.56325,23.78473,-20.55096,FOR_RAM,FOR_RAM,FordhamUniversity,TeamExclusive,Team,20260925-FordhamUniversity-Private-2,7c7cadb0-b91a-11f1-93a8-090a75922668,84.48356,2.83676,,6.93746,,,,2.01365,2.83676,0.57115,19664ea5-8cf3-4660-9b31-69759f333a4e,2026-09-25,19:51:44.89,2026-09-25T15:51:44.8989184-04:00,2026-09-25T19:51:44.8989184Z,GroundBall,v3,471298,471298,,"Chavez, Carson",1000156814,Right,FOR_RAM,472c0d41-3352-4dc1-a679-31b7d061c23d,53.9664,-123.07277,11.89237,5.58661,-2.42531,-10.27548,-1.43754,5.90321,-4.78163,,2.01137,62.92361,,,,,,,,2.83854,-49.10381,,,,,,,,0.56865,68.91594,,,,,,,,,,,,,,,,,,,,,,,,,,,,,,High,High,High,Low,Low,,,
52,2026-09-25,15:52:21.70,2,1,"Vieira, William",1000252264,Right,FOR_RAM,"Caron, Michael",1000322224,Left,FOR_RAM,Undefined,3,Top,1,0,0,Fastball,Changeup,BallCalled,Undefined,Undefined,Undefined,0,0,,84.35266,0.221714,-1.342643,1887.867896,224.794364,1:30,5.70006,1.26594,6.39739,-27.65163,10.65953,9.44508,3.59972,0.81804,77.48783,-4.978602,0.368878,0.445486,,,,,,,,,,,,-5.24992,5.8715,-1.17349,50,5.70326,2.51663,-122.66422,-0.32524,-8.03415,23.26248,-23.18869,FOR_RAM,FOR_RAM,FordhamUniversity,TeamExclusive,Team,20260925-FordhamUniversity-Private-2,9275fbd0-b91a-11f1-93a8-090a75922668,84.60971,,,6.86483,,,,,,,19664ea5-8cf3-4660-9b31-69759f333a4e,2026-09-25,19:52:21.70,2026-09-25T15:52:21.7057280-04:00,2026-09-25T19:52:21.7057280Z,,v3,471298,471298,,"Chavez, Carson",1000156814,Right,FOR_RAM,1fef04d7-e3c6-4753-a4b6-711162152c0b,54.10011,-123.43932,11.63124,5.70123,0.44741,-11.59434,-1.2618,2.78433,-4.01707,,,,,,,,,,,,,,,,,,,,,,,,,,,,,,,,,,,,,,,,,,,,,,,,,,,High,High,High,,,,,
53,2026-09-25,15:52:40.19,2,2,"Vieira, William",1000252264,Right,FOR_RAM,"Caron, Michael",1000322224,Left,FOR_RAM,Undefined,3,Top,1,1,0,Fastball,Changeup,BallCalled,Undefined,Undefined,Undefined,0,0,,84.03498,0.634864,-3.103989,1876.548075,224.866635,1:30,5.48792,1.70274,6.49596,-28.08761,10.24241,9.11489,3.73094,-0.38973,77.52885,-4.641504,-1.452707,0.445596,,,,,,,,,,,,-5.51847,5.56154,-1.48878,50,5.52006,6.28689,-122.13714,0.55682,-8.42274,21.70853,-23.68557,FOR_RAM,FOR_RAM,FordhamUniversity,TeamExclusive,Team,20260925-FordhamUniversity-Private-2,9d727bd0-b91a-11f1-93a8-090a75922668,84.58887,,,6.50612,,,,,,,19664ea5-8cf3-4660-9b31-69759f333a4e,2026-09-25,19:52:40.19,2026-09-25T15:52:40.1996288-04:00,2026-09-25T19:52:40.1996288Z,,v3,471298,471298,,"Chavez, Carson",1000156814,Right,FOR_RAM,f40d1318-a5d8-4129-ae94-df8697d3db9c,54.00249,-122.84648,10.85427,5.48922,1.33076,-11.84279,-1.6987,6.5621,-4.21137,,,,,,,,,,,,,,,,,,,,,,,,,,,,,,,,,,,,,,,,,,,,,,,,,,,High,High,High,,,,,
54,2026-09-25,15:52:58.20,2,3,"Vieira, William",1000252264,Right,FOR_RAM,"Caron, Michael",1000322224,Left,FOR_RAM,Undefined,3,Top,1,2,0,Curveball,Curveball,BallCalled,Undefined,Undefined,Undefined,0,0,,68.03504,1.048138,-2.11374,1932.530956,62.954743,8:00,4.99367,2.08108,5.97092,-62.81775,-3.11055,-9.35386,0.73136,-0.65893,63.556,-10.423303,-3.796464,0.556141,,,,,,,,,,,,4.28012,-1.37165,-1.90846,50,5.04157,3.94247,-98.92805,0.10867,4.27139,14.7452,-33.54292,FOR_RAM,FOR_RAM,FordhamUniversity,TeamExclusive,Team,20260925-FordhamUniversity-Private-2,a83c5310-b91a-11f1-93a8-090a75922668,67.77498,,,4.47904,,,,,,,19664ea5-8cf3-4660-9b31-69759f333a4e,2026-09-25,19:52:58.20,2026-09-25T15:52:58.2068736-04:00,2026-09-25T19:52:58.2068736Z,,v3,471298,471298,,"Chavez, Carson",1000156814,Right,FOR_RAM,f7b31f8a-8d12-4804-a88a-d01cf12da1fa,54.5312,-99.60113,7.3726,5.00166,1.63983,-16.77146,-2.08397,3.7475,2.1357,,,,,,,,,,,,,,,,,,,,,,,,,,,,,,,,,,,,,,,,,,,,,,,,,,,High,High,High,,,,,
55,2026-09-25,15:53:16.42,2,4,"Vieira, William",1000252264,Right,FOR_RAM,"Caron, Michael",1000322224,Left,FOR_RAM,Undefined,3,Top,1,3,0,Fastball,Changeup,StrikeCalled,Undefined,Undefined,Undefined,0,0,,83.67711,-1.080014,-2.18108,1909.537724,213.377682,1:00,5.53463,1.5124,6.53212,-23.04127,15.63513,9.54626,2.62299,0.30624,77.09294,-5.44621,-0.447829,0.447604,,,,,,,,,,,,-5.56063,8.84146,-1.36474,50,5.44945,4.28826,-121.66588,-2.90017,-8.39251,22.32591,-18.82986,FOR_RAM,FOR_RAM,FordhamUniversity,TeamExclusive,Team,20260925-FordhamUniversity-Private-2,b30e40a0-b91a-11f1-93a8-090a75922668,84.20927,,,6.58417,,,,,,,19664ea5-8cf3-4660-9b31-69759f333a4e,2026-09-25,19:53:16.42,2026-09-25T15:53:16.4233728-04:00,2026-09-25T19:53:16.4233728Z,,v3,471298,471298,,"Chavez, Carson",1000156814,Right,FOR_RAM,31434360-17ad-41c1-b79c-4799ab5a3269,53.96626,-122.39154,11.16295,5.53377,-2.28815,-9.41493,-1.50856,4.56104,-4.19625,,,,,,,,,,,,,,,,,,,,,,,,,,,,,,,,,,,,,,,,,,,,,,,,,,,High,High,High,,,,,
56,2026-09-25,15:53:34.26,2,5,"Vieira, William",1000252264,Right,FOR_RAM,"Caron, Michael",1000322224,Left,FOR_RAM,Undefined,3,Top,1,3,1,ChangeUp,Changeup,BallCalled,Walk,Undefined,Undefined,0,0,caron good challenge,76.02608,1.158305,-2.229282,1640.349708,263.726193,2:45,5.29123,1.72555,6.92024,-43.53774,3.22843,15.26769,2.7187,0.96701,69.32118,-7.055881,0.56494,0.492195,,,,,,,,,,,,-8.73233,1.8878,-1.58998,50,5.34947,3.81199,-110.50266,1.14187,-10.70902,21.19411,-29.85894,FOR_RAM,FOR_RAM,FordhamUniversity,TeamExclusive,Team,20260925-FordhamUniversity-Private-2,bdbc0460-b91a-11f1-93a8-090a75922668,76.58029,,,6.7049,,,,,,,19664ea5-8cf3-4660-9b31-69759f333a4e,2026-09-25,19:53:34.26,2026-09-25T15:53:34.2692864-04:00,2026-09-25T19:53:34.2692864Z,,v3,471298,471298,,"Chavez, Carson",1000156814,Right,FOR_RAM,545d0c46-9b91-411b-92a5-8abeb69a965f,53.57785,-111.18677,10.59706,5.29705,2.10566,-14.92947,-1.7186,4.15766,-5.35451,,,,,,,,,,,,,,,,,,,,,,,,,,,,,,,,,,,,,,,,,,,,,,,,,,,High,High,High,,,,,
57,2026-09-25,15:55:06.24,3,1,"Vieira, William",1000252264,Right,FOR_RAM,"Palmer, Owen",10100501,Left,FOR_RAM,Undefined,3,Top,1,0,0,Fastball,Changeup,StrikeCalled,Undefined,Undefined,Undefined,0,0,,82.33308,0.171678,-2.895597,1897.167344,223.4818,1:30,5.25397,1.64342,6.47786,-28.18391,12.05977,10.26095,3.06315,-0.16265,75.45723,-5.144804,-1.03632,0.456584,,,,,,,,,,,,-6.13217,6.65166,-1.44371,50,5.25355,5.67639,-119.60501,-0.41457,-8.90235,22.59452,-22.51755,FOR_RAM,FOR_RAM,FordhamUniversity,TeamExclusive,Team,20260925-FordhamUniversity-Private-2,f48b8ab0-b91a-11f1-93a8-090a75922668,82.55319,,,6.87584,,,,,,,19664ea5-8cf3-4660-9b31-69759f333a4e,2026-09-25,19:55:06.24,2026-09-25T15:55:06.2412800-04:00,2026-09-25T19:55:06.2412800Z,,v3,471298,471298,,"Chavez, Carson",1000156814,Right,FOR_RAM,516688ac-e13c-478c-9621-98f42fb0f8f9,54.0198,-120.362,11.29726,5.2548,0.33984,-11.25878,-1.63888,5.97464,-4.45117,,,,,,,,,,,,,,,,,,,,,,,,,,,,,,,,,,,,,,,,,,,,,,,,,,,High,High,High,,,,,
58,2026-09-25,15:55:27.37,3,2,"Vieira, William",1000252264,Right,FOR_RAM,"Palmer, Owen",10100501,Left,FOR_RAM,Undefined,3,Top,1,0,1,Sinker,Changeup,BallCalled,Undefined,Undefined,Undefined,0,0,,83.57487,1.059029,-0.753177,1914.854325,239.618773,2:00,5.32135,1.70894,6.42311,-30.04179,9.04138,13.39457,3.79152,2.13279,76.56293,-4.590028,1.67517,0.449952,,,,,,,,,,,,-7.14863,4.8165,-1.6606,50,5.38332,1.09377,-121.52478,1.37601,-10.70636,23.48117,-24.96047,FOR_RAM,FOR_RAM,FordhamUniversity,TeamExclusive,Team,20260925-FordhamUniversity-Private-2,011e3b10-b91b-11f1-93a8-090a75922668,83.76988,,,7.01194,,,,,,,19664ea5-8cf3-4660-9b31-69759f333a4e,2026-09-25,19:55:27.37,2026-09-25T15:55:27.3769472-04:00,2026-09-25T19:55:27.3769472Z,,v3,471298,471298,,"Chavez, Carson",1000156814,Right,FOR_RAM,91d2df3a-cd53-4b4c-8a3b-a8926e2b5df9,54.07461,-122.30955,11.74058,5.32339,2.21022,-12.48024,-1.70314,1.45159,-5.35318,,,,,,,,,,,,,,,,,,,,,,,,,,,,,,,,,,,,,,,,,,,,,,,,,,,High,High,High,,,,,
59,2026-09-25,15:56:13.83,3,3,"Vieira, William",1000252264,Right,FOR_RAM,"Palmer, Owen",10100501,Left,FOR_RAM,Undefined,3,Top,1,1,1,ChangeUp,Changeup,StrikeSwinging,Undefined,Undefined,Undefined,0,0,,74.45945,0.475644,-3.098982,1643.737241,256.222239,2:30,4.84783,1.90677,6.91072,-42.94266,5.72744,16.89832,1.70308,0.48998,68.15675,-7.618997,-0.008641,0.502114,,,,,,,,,,,,-9.90079,3.38725,-1.71711,50,4.86297,5.34366,-108.20783,-0.13569,-11.67817,19.7938,-28.17872,FOR_RAM,FOR_RAM,FordhamUniversity,TeamExclusive,Team,20260925-FordhamUniversity-Private-2,1cd40ab0-b91b-11f1-93a8-090a75922668,75.06746,,,6.30271,,,,,,,19664ea5-8cf3-4660-9b31-69759f333a4e,2026-09-25,19:56:13.83,2026-09-25T15:56:13.8332160-04:00,2026-09-25T19:56:13.8332160Z,,v3,471298,471298,,"Chavez, Carson",1000156814,Right,FOR_RAM,cda9a20a-73ca-4666-a114-8023175e8efa,53.58871,-108.86231,9.8969,4.85206,0.79604,-14.08936,-1.90018,5.7298,-5.83908,,,,,,,,,,,,,,,,,,,,,,,,,,,,,,,,,,,,,,,,,,,,,,,,,,,High,High,High,,,,,
60,2026-09-25,15:56:51.19,3,4,"Vieira, William",1000252264,Right,FOR_RAM,"Palmer, Owen",10100501,Left,FOR_RAM,Undefined,3,Top,1,1,2,ChangeUp,Changeup,InPlay,Undefined,FlyBall,Out,1,0,,74.4903,1.484083,-2.954687,1569.965889,264.513336,2:45,4.88846,2.02886,6.75409,-46.48648,2.87516,11.98304,2.3723,0.32616,67.55347,-7.267208,-0.771048,0.505669,89.138,39.14933,23.494609,4095.721459,99.87055,83.89744,46.10671,314.14339,260.40763,28.367114,5.616943,-7.29957,1.52547,-1.83934,50,4.96839,5.20597,-108.12663,1.63562,-8.51876,21.35725,-30.39381,FOR_RAM,FOR_RAM,FordhamUniversity,TeamExclusive,Team,20260925-FordhamUniversity-Private-2,331b2ab0-b91b-11f1-93a8-090a75922668,74.53977,108.35026,,6.93683,,,,2.05221,2.437,-0.32727,19664ea5-8cf3-4660-9b31-69759f333a4e,2026-09-25,19:56:51.19,2026-09-25T15:56:51.1913984-04:00,2026-09-25T19:56:51.1913984Z,FlyBall,v3,471298,471298,,"Chavez, Carson",1000156814,Right,FOR_RAM,31a05f92-da5f-411c-b7d2-8dac09326ba2,53.74459,-108.86376,10.67862,4.89384,2.68463,-15.1969,-2.02409,5.49998,-4.25938,189.8433,2.0568,92.89236,-20.95302,4.72152,-0.58254,-0.01042,0.01511,-0.00192,8E-05,2.43543,82.56081,-17.78744,0.88701,-0.11219,-0.00525,0.00861,-0.0016,9E-05,-0.32571,40.3895,-6.15239,1.26538,-0.13062,-0.01005,0.00497,-0.00056,2E-05,,,,,,,,,,,,,,,,,,,,,,,High,High,High,High,Low,,,
61,2026-09-25,15:57:31.08,4,1,"Vieira, William",1000252264,Right,FOR_RAM,"Rubin, Jack",10076675,Right,FOR_RAM,Undefined,3,Top,2,0,0,Sinker,Changeup,BallCalled,Undefined,Undefined,Undefined,0,0,,84.7117,-1.801845,-5.417027,1955.225349,233.153038,1:45,5.52659,1.30418,6.88943,-26.34356,11.38331,13.57642,1.68179,-2.51447,77.6046,-6.792385,-2.948645,0.442076,,,,,,,,,,,,-8.64493,6.93237,-0.9648,50,5.40289,11.14817,-122.67719,-4.55756,-13.18416,24.09865,-21.60167,FOR_RAM,FOR_RAM,FordhamUniversity,TeamExclusive,Team,20260925-FordhamUniversity-Private-2,4ad95a50-b91b-11f1-93a8-090a75922668,85.26238,,,7.1071,,,,,,,19664ea5-8cf3-4660-9b31-69759f333a4e,2026-09-25,19:57:31.08,2026-09-25T15:57:31.0889472-04:00,2026-09-25T19:57:31.0889472Z,,v3,471298,471298,,"Chavez, Carson",1000156814,Right,FOR_RAM,069c90c8-a23f-4248-a8a3-01452ca1aec3,53.60809,-123.38392,12.04932,5.52726,-3.92405,-10.80083,-1.29741,11.53481,-6.59208,,,,,,,,,,,,,,,,,,,,,,,,,,,,,,,,,,,,,,,,,,,,,,,,,,,High,High,High,,,,,
62,2026-09-25,15:57:54.24,4,2,"Vieira, William",1000252264,Right,FOR_RAM,"Rubin, Jack",10076675,Right,FOR_RAM,Undefined,3,Top,2,1,0,ChangeUp,Changeup,InPlay,Undefined,LineDrive,Single,0,0,,75.05529,1.313994,-2.548475,1593.789802,274.637343,3:15,5.10508,1.6011,6.83085,-47.82684,0.35839,15.32107,2.31939,0.55189,68.47902,-7.670562,0.250831,0.499607,101.65305,15.903998,-27.691915,1158.007007,95.79352,21.33836,-54.0696,240.42488,239.34045,-32.58305,2.181175,-8.9491,0.21894,-1.44262,50,5.17222,4.38469,-109.08124,1.29905,-10.68241,20.85007,-31.91273,FOR_RAM,FOR_RAM,FordhamUniversity,TeamExclusive,Team,20260925-FordhamUniversity-Private-2,58a43c90-b91b-11f1-93a8-090a75922668,75.44422,21.81712,,6.57627,,,,2.28417,2.18983,-0.5023,19664ea5-8cf3-4660-9b31-69759f333a4e,2026-09-25,19:57:54.24,2026-09-25T15:57:54.2405120-04:00,2026-09-25T19:57:54.2405120Z,LineDrive,v3,471298,471298,,"Chavez, Carson",1000156814,Right,FOR_RAM,ba2e6878-6dce-462e-b515-e3b21834b600,53.66958,-109.78041,10.42504,5.11072,2.36918,-15.95636,-1.59567,4.74291,-5.3412,,2.28417,126.96057,-23.5977,5.25479,-1.26917,0.299,-0.06303,0.00948,-0.0007,2.18983,40.85475,-23.8682,3.28787,-0.81124,0.19491,-0.04022,0.00614,-0.00047,-0.5023,-66.63298,4.9808,-1.07634,0.25719,-0.06029,0.01274,-0.00192,0.00014,,,,,,,,,,,,,,,,,,,,,,,High,High,High,Medium,Medium,,,
63,2026-09-25,15:58:37.51,5,1,"Vieira, William",1000252264,Right,FOR_RAM,"Kaufman, Taylor",10314665,Right,FOR_RAM,Undefined,3,Top,3,0,0,Fastball,Changeup,BallCalled,Undefined,Undefined,Undefined,0,0,,85.47093,-1.14092,-3.871889,2015.894543,223.539216,1:30,5.59101,1.2266,6.61832,-23.17442,14.12603,12.29174,2.61243,-1.30036,78.16451,-5.54536,-1.641616,0.439571,,,,,,,,,,,,-7.50197,8.11008,-0.96776,50,5.50365,7.93573,-124.02082,-3.08873,-11.68452,24.79955,-19.54238,FOR_RAM,FOR_RAM,FordhamUniversity,TeamExclusive,Team,20260925-FordhamUniversity-Private-2,7275e2e0-b91b-11f1-93a8-090a75922668,85.74833,,,7.30642,,,,,,,19664ea5-8cf3-4660-9b31-69759f333a4e,2026-09-25,19:58:37.51,2026-09-25T15:58:37.5199232-04:00,2026-09-25T19:58:37.5199232Z,,v3,471298,471298,,"Chavez, Carson",1000156814,Right,FOR_RAM,65aea569-9dc2-4be7-9770-dbd4999efda3,53.87912,-124.79409,12.39977,5.59046,-2.47939,-9.77119,-1.22089,8.30006,-5.84226,,,,,,,,,,,,,,,,,,,,,,,,,,,,,,,,,,,,,,,,,,,,,,,,,,,High,High,High,,,,,
64,2026-09-25,16:01:47.45,1,1,"Rodarte, Jordan",10138918,Right,FOR_RAM,"Beaudreau, Bradley",1000297368,Left,FOR_RAM,Undefined,3,Bottom,0,0,0,Fastball,Four-Seam,BallCalled,Undefined,Undefined,Undefined,0,0,Brad good challenge,88.52017,-0.853784,-3.484937,2141.374337,210.573986,1:00,5.90108,2.11389,6.39303,-17.59875,17.13296,9.52772,3.64775,-0.30129,81.5486,-4.206942,-1.763398,0.424165,,,,,,,,,,,,-5.81284,9.45571,-1.86734,50,5.83116,7.45363,-128.57139,-2.38874,-9.82691,24.17303,-16.1887,FOR_RAM,FOR_RAM,FordhamUniversity,TeamExclusive,Team,20260925-FordhamUniversity-Private-2,e39eb280-b91b-11f1-93a8-090a75922668,88.86272,,,6.97157,,,,,,,19664ea5-8cf3-4660-9b31-69759f333a4e,2026-09-25,20:01:47.45,2026-09-25T16:01:47.4531328-04:00,2026-09-25T20:01:47.4531328Z,,v3,471298,471298,,"Velit, Liam",1000239563,Right,FOR_RAM,2090041a-88a4-46a2-b5b8-10b2a9563d5e,54.10517,-129.34091,12.08652,5.899,-1.87339,-8.09435,-2.1096,7.76646,-4.91345,,,,,,,,,,,,,,,,,,,,,,,,,,,,,,,,,,,,,,,,,,,,,,,,,,,High,High,High,,,,,
65,2026-09-25,16:02:16.75,1,2,"Rodarte, Jordan",10138918,Right,FOR_RAM,"Beaudreau, Bradley",1000297368,Left,FOR_RAM,Undefined,3,Bottom,0,1,0,Curveball,Curveball,BallCalled,Undefined,Undefined,Undefined,0,0,,74.58117,3.834667,2.232999,1743.613455,40.665541,7:15,5.9545,2.12593,5.36266,-59.44279,-8.50441,-8.53599,4.60488,3.50957,68.86553,-6.944295,0.718397,0.513681,,,,,,,,,,,,4.80185,-4.67815,-2.32036,50,6.25724,-3.88961,-108.15546,5.26306,5.74626,17.04833,-37.77228,FOR_RAM,FOR_RAM,FordhamUniversity,TeamExclusive,Team,20260925-FordhamUniversity-Private-2,f522cc30-b91b-11f1-93a8-090a75922668,73.37708,,,5.71564,,,,,,,19664ea5-8cf3-4660-9b31-69759f333a4e,2026-09-25,20:02:16.75,2026-09-25T16:02:16.7565824-04:00,2026-09-25T20:02:16.7565824Z,,v3,471298,471298,,"Velit, Liam",1000239563,Right,FOR_RAM,42b12fdb-8826-49c0-b9ef-7ad756e70672,55.13965,-108.96261,8.52416,5.96574,7.05137,-18.88614,-2.12977,-4.16166,2.87313,,,,,,,,,,,,,,,,,,,,,,,,,,,,,,,,,,,,,,,,,,,,,,,,,,,High,High,High,,,,,
66,2026-09-25,16:02:36.15,1,3,"Rodarte, Jordan",10138918,Right,FOR_RAM,"Beaudreau, Bradley",1000297368,Left,FOR_RAM,Undefined,3,Bottom,0,2,0,Fastball,Four-Seam,FoulBallNotFieldable,Undefined,Undefined,Undefined,0,0,,89.26284,-1.347356,-2.753876,2142.775796,217.042706,1:15,5.87888,2.14083,6.11734,-17.99521,16.52521,11.70599,3.13193,0.5683,82.19622,-4.754024,-0.6467,0.422873,,,,,,,,,,,,-6.78122,9.20934,-1.93589,50,5.76603,5.76973,-129.68949,-3.58074,-11.64393,25.04229,-16.36082,FOR_RAM,FOR_RAM,FordhamUniversity,TeamExclusive,Team,20260925-FordhamUniversity-Private-2,00ac22e0-b91c-11f1-93a8-090a75922668,89.13428,,,7.06662,,,,,,,19664ea5-8cf3-4660-9b31-69759f333a4e,2026-09-25,20:02:36.15,2026-09-25T16:02:36.1519616-04:00,2026-09-25T20:02:36.1519616Z,,v3,471298,471298,,"Velit, Liam",1000239563,Right,FOR_RAM,0d38da6b-5676-4757-ad5d-b5f3ac8e0fd0,54.38268,-130.53302,12.52115,5.87736,-3.02965,-8.18041,-2.13684,6.16195,-5.82196,,,,,,,,,,,,,,,,,,,,,,,,,,,,,,,,,,,,,,,,,,,,,,,,,,,High,High,High,,,,,
67,2026-09-25,16:02:59.09,1,4,"Rodarte, Jordan",10138918,Right,FOR_RAM,"Beaudreau, Bradley",1000297368,Left,FOR_RAM,Undefined,3,Bottom,0,2,1,Fastball,Four-Seam,BallCalled,Undefined,Undefined,Undefined,0,0,,89.88232,-3.146787,-3.479908,2138.417454,192.524065,12:30,5.91525,2.20458,6.06766,-17.25442,17.03017,3.55398,1.557,-0.72355,82.8472,-6.398435,-2.841727,0.421426,,,,,,,,,,,,-2.70914,9.89375,-1.93645,50,5.66133,7.77267,-130.26912,-7.67662,-4.69254,25.31816,-15.03689,FOR_RAM,FOR_RAM,FordhamUniversity,TeamExclusive,Team,20260925-FordhamUniversity-Private-2,0e583280-b91c-11f1-93a8-090a75922668,89.44032,,,7.03512,,,,,,,19664ea5-8cf3-4660-9b31-69759f333a4e,2026-09-25,20:02:59.09,2026-09-25T16:02:59.0988800-04:00,2026-09-25T20:02:59.0988800Z,,v3,471298,471298,,"Velit, Liam",1000239563,Right,FOR_RAM,b1e7dcf8-77f4-42b9-8d9c-c3182f48fd0e,54.4297,-131.12722,12.65908,5.91288,-7.16698,-7.51845,-2.20259,7.93171,-2.34627,,,,,,,,,,,,,,,,,,,,,,,,,,,,,,,,,,,,,,,,,,,,,,,,,,,High,High,High,,,,,
68,2026-09-25,16:03:20.17,1,5,"Rodarte, Jordan",10138918,Right,FOR_RAM,"Beaudreau, Bradley",1000297368,Left,FOR_RAM,Undefined,3,Bottom,0,3,1,Fastball,Four-Seam,BallCalled,Walk,Undefined,Undefined,0,0,,88.78651,-0.602301,-2.09116,2226.224471,200.748471,12:45,5.99572,2.16877,6.11291,-14.7008,20.88934,7.43374,4.21337,0.85386,80.0227,-3.470537,-0.752765,0.429375,,,,,,,,,,,,-4.43929,11.27146,-2.01184,50,5.94149,4.38163,-128.74937,-1.70015,-7.35756,29.87622,-13.49309,FOR_RAM,FOR_RAM,FordhamUniversity,TeamExclusive,Team,20260925-FordhamUniversity-Private-2,1aeae2e0-b91c-11f1-93a8-090a75922668,87.78452,,,8.76381,,,,,,,19664ea5-8cf3-4660-9b31-69759f333a4e,2026-09-25,20:03:20.17,2026-09-25T16:03:20.1777152-04:00,2026-09-25T20:03:20.1777152Z,,v3,471298,471298,,"Velit, Liam",1000239563,Right,FOR_RAM,de36b52a-775c-44f6-9be3-bbbf444b1038,54.38062,-129.76191,14.93811,5.99136,-1.24286,-6.74655,-2.16457,4.63098,-3.67878,,,,,,,,,,,,,,,,,,,,,,,,,,,,,,,,,,,,,,,,,,,,,,,,,,,High,High,High,,,,,
69,2026-09-25,16:03:51.90,2,1,"Rodarte, Jordan",10138918,Right,FOR_RAM,"Chavez, Carson",1000156814,Right,FOR_RAM,Undefined,3,Bottom,0,0,0,Fastball,Four-Seam,StrikeCalled,Undefined,Undefined,Undefined,0,0,,87.52036,-1.509065,-3.978221,2158.727063,210.976938,1:00,6.05087,2.01038,6.48799,-20.63733,14.91028,8.31264,2.942,-0.95507,80.54527,-5.418145,-2.474683,0.429118,,,,,,,,,,,,-5.36158,8.52705,-1.7342,50,5.9354,8.51389,-127.00654,-3.91896,-8.81895,24.30585,-18.14842,FOR_RAM,FOR_RAM,FordhamUniversity,TeamExclusive,Team,20260925-FordhamUniversity-Private-2,2dd6a2e0-b91c-11f1-93a8-090a75922668,87.837,,,6.97509,,,,,,,19664ea5-8cf3-4660-9b31-69759f333a4e,2026-09-25,20:03:51.90,2026-09-25T16:03:51.9062528-04:00,2026-09-25T20:03:51.9062528Z,,v3,471298,471298,,"Velit, Liam",1000239563,Right,FOR_RAM,f312f1ff-6c08-4337-8382-afd0ecdf6982,54.01014,-127.77167,12.15292,6.04977,-3.34766,-9.07421,-2.00658,8.79151,-4.40947,,,,,,,,,,,,,,,,,,,,,,,,,,,,,,,,,,,,,,,,,,,,,,,,,,,High,High,High,,,,,
70,2026-09-25,16:04:10.37,2,2,"Rodarte, Jordan",10138918,Right,FOR_RAM,"Chavez, Carson",1000156814,Right,FOR_RAM,Undefined,3,Bottom,0,0,1,Slider,Curveball,HitByPitch,Undefined,Undefined,Undefined,0,0,,78.18485,2.281973,0.273687,2396.262101,57.734424,8:00,5.92685,2.18676,5.66469,-47.55692,-2.18681,-5.32874,4.09273,1.99789,72.7348,-6.402061,-0.678887,0.484793,,,,,,,,,,,,2.78886,-1.32256,-2.20636,50,6.0891,-0.34647,-113.71814,2.98229,3.71158,17.6633,-33.93416,FOR_RAM,FOR_RAM,FordhamUniversity,TeamExclusive,Team,20260925-FordhamUniversity-Private-2,38e28c30-b91c-11f1-93a8-090a75922668,77.74958,,,5.45005,,,,,,,19664ea5-8cf3-4660-9b31-69759f333a4e,2026-09-25,20:04:10.37,2026-09-25T16:04:10.3775744-04:00,2026-09-25T20:04:10.3775744Z,,v3,471298,471298,,"Velit, Liam",1000239563,Right,FOR_RAM,c128a978-37c5-46b3-b4ef-7c1c9bdc31b5,54.83757,-114.46707,8.83165,5.93215,4.42111,-16.96708,-2.18834,-0.50384,1.85579,,,,,,,,,,,,,,,,,,,,,,,,,,,,,,,,,,,,,,,,,,,,,,,,,,,High,High,High,,,,,
71,2026-09-25,16:04:42.45,3,1,"Rodarte, Jordan",10138918,Right,FOR_RAM,"Forney, Colden",1000306564,Right,FOR_RAM,Undefined,3,Bottom,0,0,0,Slider,Curveball,FoulBallNotFieldable,Undefined,Undefined,Undefined,0,0,,76.84514,1.177542,-0.545115,2398.086383,59.749273,8:00,6.09989,2.20892,5.09941,-49.82621,-1.99272,-5.493,3.05752,1.23749,71.87972,-7.801764,-1.51772,0.49778,,,,,,,,,,,,2.64091,-0.95992,-2.15289,50,6.17118,1.27442,-111.77943,0.5727,3.40399,16.60498,-33.41132,FOR_RAM,FOR_RAM,FordhamUniversity,TeamExclusive,Team,20260925-FordhamUniversity-Private-2,4bfd7280-b91c-11f1-93a8-090a75922668,75.72108,,,4.96543,,,,,,,19664ea5-8cf3-4660-9b31-69759f333a4e,2026-09-25,20:04:42.45,2026-09-25T16:04:42.4566272-04:00,2026-09-25T20:04:42.4566272Z,,v3,471298,471298,,"Velit, Liam",1000239563,Right,FOR_RAM,5ce23b76-3601-4771-bb37-03d4d2e36bb6,55.40333,-112.57924,8.30249,6.10483,2.18202,-16.70566,-2.21032,1.11046,1.70199,,,,,,,,,,,,,,,,,,,,,,,,,,,,,,,,,,,,,,,,,,,,,,,,,,,High,High,High,,,,,
72,2026-09-25,16:05:10.54,3,2,"Rodarte, Jordan",10138918,Right,FOR_RAM,"Forney, Colden",1000306564,Right,FOR_RAM,Undefined,3,Bottom,0,0,1,Slider,Curveball,FoulBallNotFieldable,Undefined,Undefined,Undefined,0,0,,76.72808,0.069693,-1.001873,2354.029864,55.380124,7:45,5.95292,2.08116,5.47944,-51.19207,-3.06386,-6.57244,1.75214,0.59594,70.82911,-9.235329,-2.175034,0.499311,,,,,,,,,,,,3.08335,-1.2552,-1.98848,50,5.92357,2.19072,-111.47814,-1.53383,3.87676,20.20145,-33.75224,FOR_RAM,FOR_RAM,FordhamUniversity,TeamExclusive,Team,20260925-FordhamUniversity-Private-2,5cb71040-b91c-11f1-93a8-090a75922668,75.48888,,,5.89897,,,,,,,19664ea5-8cf3-4660-9b31-69759f333a4e,2026-09-25,20:05:10.54,2026-09-25T16:05:10.5447424-04:00,2026-09-25T20:05:10.5447424Z,,v3,471298,471298,,"Velit, Liam",1000239563,Right,FOR_RAM,e250dbe3-3388-4f05-a613-56a61f80fd0a,55.02225,-112.38456,10.10073,5.95841,-0.0194,-16.87612,-2.08287,2.01677,1.93838,,,,,,,,,,,,,,,,,,,,,,,,,,,,,,,,,,,,,,,,,,,,,,,,,,,High,High,High,,,,,
73,2026-09-25,16:05:44.80,3,3,"Rodarte, Jordan",10138918,Right,FOR_RAM,"Forney, Colden",1000306564,Right,FOR_RAM,Undefined,3,Bottom,0,0,2,Fastball,Four-Seam,InPlay,Undefined,LineDrive,Error,0,0,,89.32153,-2.182197,-1.862256,2109.859383,199.589481,12:45,5.92874,2.18437,6.05555,-16.74816,17.91017,5.99815,2.51113,0.95986,82.08755,-5.361163,-0.782915,0.423716,79.13908,24.990664,-19.142565,2055.21317,103.89801,41.37474,-36.12747,270.57847,233.67975,-20.528948,3.976087,-3.59906,10.14949,-2.04291,50,5.75002,3.9752,-129.73287,-5.42742,-6.16383,25.89538,-14.79172,FOR_RAM,FOR_RAM,FordhamUniversity,TeamExclusive,Team,20260925-FordhamUniversity-Private-2,71196ab0-b91c-11f1-93a8-090a75922668,88.95677,45.46333,,7.23398,,,,0.63309,2.46156,-0.94042,19664ea5-8cf3-4660-9b31-69759f333a4e,2026-09-25,20:05:44.80,2026-09-25T16:05:44.8064512-04:00,2026-09-25T20:05:44.8064512Z,LineDrive,v3,471298,471298,,"Velit, Liam",1000239563,Right,FOR_RAM,f9e3ce72-6e42-4780-bfa3-5084b7d3335c,54.44366,-130.61683,12.94769,5.92667,-4.92249,-7.39586,-2.1822,4.18561,-3.08191,187.34745,0.63493,99.33549,-16.42712,2.77019,-0.04177,-0.22065,0.07979,-0.01124,0.00055,2.46168,49.02806,-14.87882,0.19579,0.42865,-0.27464,0.10395,-0.01941,0.00137,-0.94116,-34.47893,7.2121,-2.2416,0.46036,-0.0541,0.00759,-0.00252,0.0003,,,,,,,,,,,,,,,,,,,,,,,High,High,High,High,Medium,,,
74,2026-09-25,16:06:27.30,4,1,"Rodarte, Jordan",10138918,Right,FOR_RAM,"Crang, Mason",10913432,Right,FOR_RAM,Undefined,3,Bottom,0,0,0,Curveball,Curveball,StrikeCalled,Undefined,Undefined,Undefined,0,0,,73.98115,2.371509,-0.704585,1928.227315,62.21918,8:00,5.9292,1.98314,5.38705,-53.73727,-2.70906,-7.52906,3.67532,0.69529,69.23119,-7.365675,-2.04337,0.514134,,,,,,,,,,,,3.63004,-1.46575,-1.91473,50,6.10291,1.6,-107.59486,2.71382,4.34377,15.03124,-33.92796,FOR_RAM,FOR_RAM,FordhamUniversity,TeamExclusive,Team,20260925-FordhamUniversity-Private-2,8a7ff320-b91c-11f1-93a8-090a75922668,73.31244,,,4.74997,,,,,,,19664ea5-8cf3-4660-9b31-69759f333a4e,2026-09-25,20:06:27.30,2026-09-25T16:06:27.3086976-04:00,2026-09-25T20:06:27.3086976Z,,v3,471298,471298,,"Velit, Liam",1000239563,Right,FOR_RAM,82865b86-338d-46a8-aaee-3ef59ccf8aad,55.11524,-108.30711,7.51562,5.93623,4.3215,-16.96398,-1.98567,1.39417,2.17188,,,,,,,,,,,,,,,,,,,,,,,,,,,,,,,,,,,,,,,,,,,,,,,,,,,High,High,High,,,,,
75,2026-09-25,16:06:46.71,4,2,"Rodarte, Jordan",10138918,Right,FOR_RAM,"Crang, Mason",10913432,Right,FOR_RAM,Undefined,3,Bottom,0,0,1,Fastball,Four-Seam,StrikeSwinging,Undefined,Undefined,Undefined,0,0,,88.85511,-0.855154,-3.064796,2142.210797,199.569223,12:45,5.94829,1.89889,6.15331,-19.36678,15.21076,5.07445,3.54312,-0.51255,82.36439,-4.496543,-2.151582,0.423222,,,,,,,,,,,,-3.33055,8.36697,-1.6683,50,5.873,6.70892,-129.13426,-2.5064,-5.71327,22.88754,-17.82125,FOR_RAM,FOR_RAM,FordhamUniversity,TeamExclusive,Team,20260925-FordhamUniversity-Private-2,96063c90-b91c-11f1-93a8-090a75922668,89.06066,,,6.49072,,,,,,,19664ea5-8cf3-4660-9b31-69759f333a4e,2026-09-25,20:06:46.71,2026-09-25T16:06:46.7162112-04:00,2026-09-25T20:06:46.7162112Z,,v3,471298,471298,,"Velit, Liam",1000239563,Right,FOR_RAM,0d906aa0-7555-43bd-8b66-fb946b11c6d1,54.34548,-129.90217,11.44377,5.94706,-1.90848,-8.91063,-1.89661,6.9006,-2.85664,,,,,,,,,,,,,,,,,,,,,,,,,,,,,,,,,,,,,,,,,,,,,,,,,,,High,High,High,,,,,
76,2026-09-25,16:07:07.49,4,3,"Rodarte, Jordan",10138918,Right,FOR_RAM,"Crang, Mason",10913432,Right,FOR_RAM,Undefined,3,Bottom,0,0,2,Fastball,Four-Seam,FoulBallNotFieldable,Undefined,Undefined,Undefined,0,0,,90.018,-1.79268,-2.645134,2216.161918,204.695953,12:45,5.84908,1.99238,6.23781,-15.12847,18.55847,8.09402,2.93244,0.22517,83.16212,-4.678292,-1.185046,0.417736,80.16418,2.990332,169.050089,2484.537417,,,,116.76595,55.02382,174.577592,1.125865,-4.77528,10.31658,-1.79858,50,5.70721,5.70047,-130.77309,-4.49287,-8.37723,24.21012,-14.07579,FOR_RAM,FOR_RAM,FordhamUniversity,TeamExclusive,Team,20260925-FordhamUniversity-Private-2,a26a89f0-b91c-11f1-93a8-090a75922668,90.23021,4.24415,,6.85588,,,,-0.37394,2.95236,-0.45646,19664ea5-8cf3-4660-9b31-69759f333a4e,2026-09-25,20:07:07.49,2026-09-25T16:07:07.4909184-04:00,2026-09-25T20:07:07.4909184Z,GroundBall,v3,471298,471298,,"Velit, Liam",1000239563,Right,FOR_RAM,120bf929-83f5-461c-a3d9-577be9d871cb,54.2589,-131.55918,12.10506,5.84567,-4.03584,-7.03789,-1.98808,5.97247,-4.18862,228.423845,-0.46204,-114.22204,10.1766,,,,,,,2.91241,6.63678,-8.16656,,,,,,,-0.32025,20.63451,-9.46558,,,,,,,,,,,,,,,,,,,,,,,,,,,,,High,High,High,Medium,Low,,,
77,2026-09-25,16:07:28.87,4,4,"Rodarte, Jordan",10138918,Right,FOR_RAM,"Crang, Mason",10913432,Right,FOR_RAM,Undefined,3,Bottom,0,0,2,Fastball,Four-Seam,StrikeSwinging,Strikeout,Undefined,Undefined,0,0,,90.10226,-1.567416,-3.385632,2294.078137,191.507202,12:30,5.91479,1.99086,6.32914,-14.53292,19.37859,3.72658,3.25749,-0.81987,82.3554,-4.371684,-2.713315,0.419127,,,,,,,,,,,,-2.85957,10.81812,-1.74533,50,5.79297,7.58024,-130.71519,-3.94057,-4.95157,27.34291,-13.4415,FOR_RAM,FOR_RAM,FordhamUniversity,TeamExclusive,Team,20260925-FordhamUniversity-Private-2,af2c1280-b91c-11f1-93a8-090a75922668,89.93092,,,7.74686,,,,,,,19664ea5-8cf3-4660-9b31-69759f333a4e,2026-09-25,20:07:28.87,2026-09-25T16:07:28.8765952-04:00,2026-09-25T20:07:28.8765952Z,,v3,471298,471298,,"Velit, Liam",1000239563,Right,FOR_RAM,955d71a6-a836-4b53-bf3a-71abf3ec3655,54.16749,-131.58405,13.67145,5.9114,-3.51344,-6.72075,-1.9887,7.73758,-2.47578,,,,,,,,,,,,,,,,,,,,,,,,,,,,,,,,,,,,,,,,,,,,,,,,,,,High,High,High,,,,,
78,2026-09-25,16:08:03.52,5,1,"Rodarte, Jordan",10138918,Right,FOR_RAM,"Young, Caden",10264258,Right,FOR_RAM,Undefined,3,Bottom,1,0,0,Slider,Slider,BallCalled,Undefined,Undefined,Undefined,0,0,,80.58832,-1.611839,-2.506221,2463.038516,66.634006,8:15,5.92127,2.00059,5.36676,-44.09057,-0.37331,-3.82599,0.73388,-0.66968,74.79623,-9.578679,-3.186958,0.475881,,,,,,,,,,,,1.27748,0.57819,-1.77278,50,5.74483,5.2698,-116.95935,-4.8287,1.77806,21.06715,-31.3693,FOR_RAM,FOR_RAM,FordhamUniversity,TeamExclusive,Team,20260925-FordhamUniversity-Private-2,c3cd4ab0-b91c-11f1-93a8-090a75922668,79.20568,,,5.79209,,,,,,,19664ea5-8cf3-4660-9b31-69759f333a4e,2026-09-25,20:08:03.52,2026-09-25T16:08:03.5248128-04:00,2026-09-25T20:08:03.5248128Z,,v3,471298,471298,,"Velit, Liam",1000239563,Right,FOR_RAM,ba4243e7-9b07-4235-bd51-474d9dd65799,55.13406,-117.88049,10.53358,5.92597,-3.45712,-15.68465,-2.0015,5.19205,0.88903,,,,,,,,,,,,,,,,,,,,,,,,,,,,,,,,,,,,,,,,,,,,,,,,,,,High,High,High,,,,,
79,2026-09-25,16:08:24.71,5,2,"Rodarte, Jordan",10138918,Right,FOR_RAM,"Young, Caden",10264258,Right,FOR_RAM,Undefined,3,Bottom,1,1,0,Fastball,Four-Seam,FoulBallNotFieldable,Undefined,Undefined,Undefined,0,0,,88.8151,-1.15286,-3.075108,2132.457907,221.327286,1:30,5.8669,2.03956,6.32581,-20.21808,15.12091,12.18135,3.11871,0.22007,80.14043,-5.020922,-0.87444,0.427857,89.52814,-57.557041,-124.79365,,,,,1.98943,1.98943,-70.258565,0.028379,-7.34126,8.60764,-1.82059,50,5.77305,6.43441,-128.7858,-3.16092,-12.15222,30.33481,-17.92553,FOR_RAM,FOR_RAM,FordhamUniversity,TeamExclusive,Team,20260925-FordhamUniversity-Private-2,d06f6460-b91c-11f1-93a8-090a75922668,88.09592,3.15367,,8.67466,,,,1.81591,3.15367,-0.22622,19664ea5-8cf3-4660-9b31-69759f333a4e,2026-09-25,20:08:24.71,2026-09-25T16:08:24.7159808-04:00,2026-09-25T20:08:24.7159808Z,GroundBall,v3,471298,471298,,"Velit, Liam",1000239563,Right,FOR_RAM,aca9951a-31ec-4c62-b68a-0ec3e8d4d285,54.17159,-129.76468,15.16741,5.86572,-2.58248,-8.96277,-2.03455,6.82655,-6.07611,,1.81643,-40.30921,,,,,,,,3.15511,-111.12778,,,,,,,,-0.22547,-58.01108,,,,,,,,,,,,,,,,,,,,,,,,,,,,,,High,High,High,Estimated,Estimated,,,
80,2026-09-25,16:08:49.06,5,3,"Rodarte, Jordan",10138918,Right,FOR_RAM,"Young, Caden",10264258,Right,FOR_RAM,Undefined,3,Bottom,1,1,1,Curveball,Curveball,BallCalled,Undefined,Undefined,Undefined,0,0,,76.41889,1.701321,0.122711,1849.206246,46.047482,7:30,5.85557,1.983,5.58305,-52.46385,-4.73638,-6.23307,3.07287,1.57817,71.13974,-7.845126,-0.990937,0.497228,,,,,,,,,,,,3.17835,-2.36973,-1.98944,50,5.96739,-0.00466,-111.15213,1.57927,4.0306,17.37347,-35.1792,FOR_RAM,FOR_RAM,FordhamUniversity,TeamExclusive,Team,20260925-FordhamUniversity-Private-2,df05fb10-b91c-11f1-93a8-090a75922668,75.80514,,,5.27915,,,,,,,19664ea5-8cf3-4660-9b31-69759f333a4e,2026-09-25,20:08:49.06,2026-09-25T16:08:49.0649088-04:00,2026-09-25T20:08:49.0649088Z,,v3,471298,471298,,"Velit, Liam",1000239563,Right,FOR_RAM,3099f56d-8885-45cd-b8c6-18e7b206b946,54.91874,-111.91831,8.68673,5.86354,3.13069,-17.5896,-1.98531,-0.1824,2.0153,,,,,,,,,,,,,,,,,,,,,,,,,,,,,,,,,,,,,,,,,,,,,,,,,,,High,High,High,,,,,
81,2026-09-25,16:09:08.64,5,4,"Rodarte, Jordan",10138918,Right,FOR_RAM,"Young, Caden",10264258,Right,FOR_RAM,Undefined,3,Bottom,1,2,1,Slider,Slider,BallCalled,Undefined,Undefined,Undefined,0,0,,80.20588,-1.054516,-2.103506,2503.459289,68.989613,8:15,5.96706,2.09321,5.54722,-44.4388,-1.1235,-5.82414,1.27761,-0.35873,75.18066,-9.094856,-3.143303,0.473688,,,,,,,,,,,,2.48512,-0.01705,-1.90704,50,5.84574,4.50525,-116.63259,-3.65498,3.47894,18.59065,-32.1979,FOR_RAM,FOR_RAM,FordhamUniversity,TeamExclusive,Team,20260925-FordhamUniversity-Private-2,eaae7280-b91c-11f1-93a8-090a75922668,79.57236,,,5.02523,,,,,,,19664ea5-8cf3-4660-9b31-69759f333a4e,2026-09-25,20:09:08.64,2026-09-25T16:09:08.6453760-04:00,2026-09-25T20:09:08.6453760Z,,v3,471298,471298,,"Velit, Liam",1000239563,Right,FOR_RAM,7305db16-3d3d-4fd0-9e1f-7790e94debd2,54.95492,-117.41972,9.29533,5.97164,-2.29171,-16.09895,-2.09468,4.35795,1.73947,,,,,,,,,,,,,,,,,,,,,,,,,,,,,,,,,,,,,,,,,,,,,,,,,,,High,High,High,,,,,
82,2026-09-25,16:09:29.85,5,5,"Rodarte, Jordan",10138918,Right,FOR_RAM,"Young, Caden",10264258,Right,FOR_RAM,Undefined,3,Bottom,1,3,1,Fastball,Four-Seam,BallCalled,Walk,Undefined,Undefined,0,1,,89.64732,-3.184431,-4.266964,2218.423888,216.104544,1:15,5.8748,2.04088,6.33509,-18.35064,16.05686,10.89347,1.40236,-0.98738,82.01806,-6.668266,-2.302665,0.42218,,,,,,,,,,,,-6.84469,9.58323,-1.73448,50,5.63321,9.24705,-129.79464,-7.75213,-11.67608,27.17181,-15.82641,FOR_RAM,FOR_RAM,FordhamUniversity,TeamExclusive,Team,20260925-FordhamUniversity-Private-2,f74149f0-b91c-11f1-93a8-090a75922668,89.2804,,,7.62926,,,,,,,19664ea5-8cf3-4660-9b31-69759f333a4e,2026-09-25,20:09:29.85,2026-09-25T16:09:29.8551808-04:00,2026-09-25T20:09:29.8551808Z,,v3,471298,471298,,"Velit, Liam",1000239563,Right,FOR_RAM,7edb1585-a8d6-4764-b5b0-bb5381a31e90,54.1629,-130.66322,13.58591,5.87293,-7.24622,-7.91321,-2.03604,9.62029,-5.83804,,,,,,,,,,,,,,,,,,,,,,,,,,,,,,,,,,,,,,,,,,,,,,,,,,,High,High,High,,,,,
83,2026-09-25,16:10:01.07,6,1,"Rodarte, Jordan",10138918,Right,FOR_RAM,"Markey, Tommy",10084492,Left,FOR_RAM,Undefined,3,Bottom,1,0,0,Fastball,Four-Seam,StrikeCalled,Undefined,Undefined,Undefined,0,0,,88.31492,-2.174231,-2.540105,2150.267744,201.80678,12:45,5.88778,2.24535,6.11769,-19.17659,16.16863,6.0452,2.27663,0.39916,81.33189,-5.790071,-1.451688,0.427895,,,,,,,,,,,,-3.7691,9.23989,-2.0537,50,5.71081,5.44316,-128.22354,-5.43324,-6.3195,24.7506,-16.68179,FOR_RAM,FOR_RAM,FordhamUniversity,TeamExclusive,Team,20260925-FordhamUniversity-Private-2,09dec2e0-b91d-11f1-93a8-090a75922668,88.08816,,,6.98303,,,,,,,19664ea5-8cf3-4660-9b31-69759f333a4e,2026-09-25,20:10:01.07,2026-09-25T16:10:01.0766848-04:00,2026-09-25T20:10:01.0766848Z,,v3,471298,471298,,"Velit, Liam",1000239563,Right,FOR_RAM,f7adee85-033f-43f1-9760-1a95d9f6b8b0,54.38038,-129.0663,12.3753,5.88614,-4.86522,-8.3409,-2.2427,5.65834,-3.15975,,,,,,,,,,,,,,,,,,,,,,,,,,,,,,,,,,,,,,,,,,,,,,,,,,,High,High,High,,,,,
84,2026-09-25,16:10:17.67,6,2,"Rodarte, Jordan",10138918,Right,FOR_RAM,"Markey, Tommy",10084492,Left,FOR_RAM,Undefined,3,Bottom,1,0,1,ChangeUp,Changeup,BallCalled,Undefined,Undefined,Undefined,0,0,,83.53786,-0.111914,-1.487312,1289.410678,253.560093,2:30,6.01627,2.2324,5.73516,-35.45959,4.61658,11.56544,2.95705,1.81088,76.89583,-6.64013,0.584032,0.455632,,,,,,,,,,,,-6.25752,2.77453,-2.11556,50,5.98527,2.68141,-121.38011,-1.43733,-9.37607,22.79153,-28.01677,FOR_RAM,FOR_RAM,FordhamUniversity,TeamExclusive,Team,20260925-FordhamUniversity-Private-2,13c20ab0-b91d-11f1-93a8-090a75922668,82.72556,,,6.64203,,,,,,,19664ea5-8cf3-4660-9b31-69759f333a4e,2026-09-25,20:10:17.67,2026-09-25T16:10:17.6782848-04:00,2026-09-25T20:10:17.6782848Z,,v3,471298,471298,,"Velit, Liam",1000239563,Right,FOR_RAM,1ccdc463-e0b3-40f3-b7e6-5992ad0fda10,54.76349,-122.27127,11.39576,6.02005,-0.34185,-14.00838,-2.22758,3.04803,-4.68803,,,,,,,,,,,,,,,,,,,,,,,,,,,,,,,,,,,,,,,,,,,,,,,,,,,High,High,High,,,,,
85,2026-09-25,16:10:37.22,6,3,"Rodarte, Jordan",10138918,Right,FOR_RAM,"Markey, Tommy",10084492,Left,FOR_RAM,Undefined,3,Bottom,1,1,1,Curveball,Curveball,BallCalled,Undefined,Undefined,Undefined,0,0,,76.68806,4.0745,0.329819,1711.861031,40.763495,7:15,6.00397,2.13563,5.46756,-51.43822,-3.60933,-4.22843,5.53721,2.09193,70.8397,-5.294627,-0.422116,0.497756,,,,,,,,,,,,2.19335,-2.32343,-2.16172,50,6.32773,-0.47644,-111.26638,6.20329,2.78702,17.42201,-35.12635,FOR_RAM,FOR_RAM,FordhamUniversity,TeamExclusive,Team,20260925-FordhamUniversity-Private-2,1f7a1280-b91d-11f1-93a8-090a75922668,75.72473,,,5.84837,,,,,,,19664ea5-8cf3-4660-9b31-69759f333a4e,2026-09-25,20:10:37.22,2026-09-25T16:10:37.2269056-04:00,2026-09-25T20:10:37.2269056Z,,v3,471298,471298,,"Velit, Liam",1000239563,Right,FOR_RAM,07778f95-741c-4b8f-b3d4-542fc056aa20,55.03312,-112.0517,8.711,6.01243,7.78664,-17.56318,-2.13742,-0.60206,1.39351,,,,,,,,,,,,,,,,,,,,,,,,,,,,,,,,,,,,,,,,,,,,,,,,,,,High,High,High,,,,,
86,2026-09-25,16:10:56.61,6,4,"Rodarte, Jordan",10138918,Right,FOR_RAM,"Markey, Tommy",10084492,Left,FOR_RAM,Undefined,3,Bottom,1,2,1,Fastball,Four-Seam,StrikeSwinging,Undefined,Undefined,Undefined,0,0,,87.87332,-1.208144,-1.873317,2184.187847,196.553497,12:30,5.9254,2.11648,6.32465,-19.1532,16.10178,4.485,3.21594,0.76443,81.09615,-4.835669,-1.062229,0.427348,,,,,,,,,,,,-2.79473,9.00071,-1.98168,50,5.82776,4.00312,-127.77036,-3.23027,-4.66598,23.8711,-17.14679,FOR_RAM,FOR_RAM,FordhamUniversity,TeamExclusive,Team,20260925-FordhamUniversity-Private-2,2af38ab0-b91d-11f1-93a8-090a75922668,88.20084,,,6.77717,,,,,,,19664ea5-8cf3-4660-9b31-69759f333a4e,2026-09-25,20:10:56.61,2026-09-25T16:10:56.6172672-04:00,2026-09-25T20:10:56.6172672Z,,v3,471298,471298,,"Velit, Liam",1000239563,Right,FOR_RAM,5d0b3945-5e76-4e0d-a949-bf153286ade7,54.17356,-128.54773,11.93555,5.92387,-2.67188,-8.5734,-2.11452,4.15507,-2.33299,,,,,,,,,,,,,,,,,,,,,,,,,,,,,,,,,,,,,,,,,,,,,,,,,,,High,High,High,,,,,
87,2026-09-25,16:11:14.44,6,5,"Rodarte, Jordan",10138918,Right,FOR_RAM,"Markey, Tommy",10084492,Left,FOR_RAM,Undefined,3,Bottom,1,2,2,Fastball,Four-Seam,BallCalled,Undefined,Undefined,Undefined,0,0,,88.98168,-0.626787,-0.727644,2155.610043,195.48087,12:30,5.95739,2.15706,6.13072,-17.39784,17.37355,4.52229,3.92815,1.86131,81.64122,-3.939143,0.087666,0.424407,,,,,,,,,,,,-2.50638,9.44056,-2.10364,50,5.90018,1.45381,-129.345,-1.90094,-4.26785,25.68039,-16.09858,FOR_RAM,FOR_RAM,FordhamUniversity,TeamExclusive,Team,20260925-FordhamUniversity-Private-2,35928160-b91d-11f1-93a8-090a75922668,88.81201,,,7.34047,,,,,,,19664ea5-8cf3-4660-9b31-69759f333a4e,2026-09-25,20:11:14.44,2026-09-25T16:11:14.4494080-04:00,2026-09-25T20:11:14.4494080Z,,v3,471298,471298,,"Velit, Liam",1000239563,Right,FOR_RAM,1a87b73c-2a37-4dbc-8278-5eb595e81cf5,54.36577,-130.2089,12.8402,5.95502,-1.35937,-8.04929,-2.15496,1.59739,-2.13393,,,,,,,,,,,,,,,,,,,,,,,,,,,,,,,,,,,,,,,,,,,,,,,,,,,High,High,High,,,,,
88,2026-09-25,16:11:34.67,6,6,"Rodarte, Jordan",10138918,Right,FOR_RAM,"Markey, Tommy",10084492,Left,FOR_RAM,Undefined,3,Bottom,1,3,2,Fastball,Four-Seam,BallCalled,Walk,Undefined,Undefined,0,0,,88.88038,-1.770839,-1.37396,2147.863622,200.08135,12:45,5.94991,2.20419,6.18751,-18.31316,16.40513,5.62229,2.78778,1.40387,81.8784,-5.236627,-0.359288,0.424083,,,,,,,,,,,,-3.25461,9.26662,-2.10331,50,5.80685,2.87088,-129.18472,-4.52001,-5.54226,24.97536,-16.39399,FOR_RAM,FOR_RAM,FordhamUniversity,TeamExclusive,Team,20260925-FordhamUniversity-Private-2,419f8700-b91d-11f1-93a8-090a75922668,88.87993,,,7.00198,,,,,,,19664ea5-8cf3-4660-9b31-69759f333a4e,2026-09-25,20:11:34.67,2026-09-25T16:11:34.6715136-04:00,2026-09-25T20:11:34.6715136Z,,v3,471298,471298,,"Velit, Liam",1000239563,Right,FOR_RAM,049fddd8-7907-4f89-8bb5-a968ab73df69,54.31057,-130.01541,12.48768,5.94812,-3.97474,-8.197,-2.20186,3.05522,-2.77113,,,,,,,,,,,,,,,,,,,,,,,,,,,,,,,,,,,,,,,,,,,,,,,,,,,High,High,High,,,,,
89,2026-09-25,16:12:58.40,7,1,"Rodarte, Jordan",10138918,Right,FOR_RAM,"Maryott, Gavin",1000410374,Right,FOR_RAM,Undefined,3,Bottom,1,0,0,Curveball,Curveball,StrikeCalled,Undefined,Undefined,Undefined,0,0,,78.78432,0.284782,-0.973618,2339.758276,48.827186,7:45,5.86163,2.12882,5.51781,-50.30148,-5.23658,-7.37536,1.93615,0.60379,73.46633,-8.83291,-2.29084,0.48316,,,,,,,,,,,,3.50689,-2.36945,-2.03893,50,5.85225,2.22855,-114.60752,-1.13681,4.71846,18.87897,-35.3621,FOR_RAM,FOR_RAM,FordhamUniversity,TeamExclusive,Team,20260925-FordhamUniversity-Private-2,73965c20-b91d-11f1-93a8-090a75922668,78.01239,,,5.318,,,,,,,19664ea5-8cf3-4660-9b31-69759f333a4e,2026-09-25,20:12:58.40,2026-09-25T16:12:58.4080384-04:00,2026-09-25T20:12:58.4080384Z,,v3,471298,471298,,"Velit, Liam",1000239563,Right,FOR_RAM,f7052434-798e-4311-b720-503f9032f886,54.98456,-115.42569,9.43949,5.86831,0.3957,-17.68105,-2.13108,2.02406,2.35923,,,,,,,,,,,,,,,,,,,,,,,,,,,,,,,,,,,,,,,,,,,,,,,,,,,High,High,High,,,,,
90,2026-09-25,16:13:14.51,7,2,"Rodarte, Jordan",10138918,Right,FOR_RAM,"Maryott, Gavin",1000410374,Right,FOR_RAM,Undefined,3,Bottom,1,0,1,Curveball,Curveball,InPlay,Undefined,GroundBall,FieldersChoice,0,2,,78.68121,0.348638,-1.392023,2292.786292,48.405066,7:30,5.95941,2.11377,5.43537,-50.07546,-5.22292,-7.07036,2.11304,0.22077,74.13495,-8.686282,-2.652114,0.48202,95.52986,-78.653136,92.186642,,,,,0.32613,0.32613,42.657838,0.014051,3.29941,-2.43327,-1.98542,50,5.9548,3.05032,-114.563,-1.0131,4.48668,16.56004,-35.48291,FOR_RAM,FOR_RAM,FordhamUniversity,TeamExclusive,Team,20260925-FordhamUniversity-Private-2,7d303ee0-b91d-11f1-93a8-090a75922668,78.19688,1.93318,,4.54625,,,,0.25464,1.93318,-0.16666,19664ea5-8cf3-4660-9b31-69759f333a4e,2026-09-25,20:13:14.51,2026-09-25T16:13:14.5132544-04:00,2026-09-25T20:13:14.5132544Z,GroundBall,v3,471298,471298,,"Velit, Liam",1000239563,Right,FOR_RAM,2acb0ca0-2994-49c4-b2e9-18243997bfd1,55.06841,-115.29331,8.28002,5.96497,0.55172,-17.74145,-2.11557,2.85246,2.24334,,0.25464,-1.0534,,,,,,,,1.93365,-137.58198,,,,,,,,-0.16676,27.58853,,,,,,,,,,,,,,,,,,,,,,,,,,,,,,High,High,High,Estimated,Estimated,,,
91,2026-09-25,16:14:20.90,8,1,"Rodarte, Jordan",10138918,Right,FOR_RAM,"Wansaw, Michael",1000503198,Right,FOR_RAM,Undefined,3,Bottom,1,0,0,Fastball,Four-Seam,FoulBallNotFieldable,Undefined,Undefined,Undefined,0,0,,86.71516,-1.446406,-2.702571,2162.038254,197.562803,12:30,6.05991,2.20986,6.27127,-18.77985,17.48725,5.20851,3.15978,0.15068,80.14587,-5.002201,-1.762568,0.433439,79.7822,49.074501,47.312795,5324.86894,,,,,71.7869,,,-3.38744,9.78721,-2.01247,50,5.9435,5.75209,-126.03324,-3.70485,-5.50943,22.93564,-16.25594,FOR_RAM,FOR_RAM,FordhamUniversity,TeamExclusive,Team,20260925-FordhamUniversity-Private-2,a4c72220-b91d-11f1-93a8-090a75922668,86.96136,77.58375,,6.56928,,,,0.56786,3.03271,-0.04345,19664ea5-8cf3-4660-9b31-69759f333a4e,2026-09-25,20:14:20.90,2026-09-25T16:14:20.9054208-04:00,2026-09-25T20:14:20.9054208Z,,v3,471298,471298,,"Velit, Liam",1000239563,Right,FOR_RAM,570e4814-5856-41a7-8f5b-3455f3636732,54.22852,-126.80041,11.46782,6.05833,-3.1611,-8.12797,-2.20796,5.93638,-2.75472,,0.56786,51.97039,-19.47133,6.06552,-1.55218,0.36608,-0.08249,0.01507,-0.00157,3.03271,88.41111,-23.37629,1.82201,-0.09214,-0.05218,0.02398,-0.00593,0.0008,-0.04345,56.34502,-7.40934,1.21132,-0.11655,-0.00962,0.00838,-0.00245,0.00033,,,,,,,,,,,,,,,,,,,,,,,High,High,High,High,Undefined,,,
92,2026-09-25,16:15:06.49,8,2,"Rodarte, Jordan",10138918,Right,FOR_RAM,"Wansaw, Michael",1000503198,Right,FOR_RAM,Undefined,3,Bottom,1,0,1,Fastball,Four-Seam,InPlay,Undefined,GroundBall,Out,2,0,,86.99766,-2.028487,-3.515956,2121.80315,205.11403,12:45,6.05686,1.94068,6.40973,-21.00966,15.0969,6.56461,2.43669,-0.74903,80.06953,-5.998235,-2.329179,0.432478,82.27171,-8.6028,-4.994548,,,,,13.51925,13.51925,-1.069055,0.107241,-4.37292,8.76831,-1.69191,50,5.90171,7.51323,-126.27401,-5.06598,-7.09767,24.44631,-17.94219,FOR_RAM,FOR_RAM,FordhamUniversity,TeamExclusive,Team,20260925-FordhamUniversity-Private-2,bfe08ab0-b91d-11f1-93a8-090a75922668,87.15453,2.36208,,6.92813,,,,0.9325,2.36208,0.78924,19664ea5-8cf3-4660-9b31-69759f333a4e,2026-09-25,20:15:06.49,2026-09-25T16:15:06.4930816-04:00,2026-09-25T20:15:06.4930816Z,GroundBall,v3,471298,471298,,"Velit, Liam",1000239563,Right,FOR_RAM,4da15eb1-b4a5-4b86-a125-93243594ec50,54.0897,-127.06329,12.22315,6.05592,-4.48669,-8.9711,-1.93818,7.74239,-3.54884,347.694228,0.93231,118.87776,-14.24506,,,,,,,2.36235,-18.08351,-36.81066,,,,,,,0.78921,-10.38386,6.27446,,,,,,,,,,,,,,,,,,,,,,,,,,,,,High,High,High,High,High,,,
93,2026-09-25,16:18:12.42,1,1,"Vieira, William",1000252264,Right,FOR_RAM,"Kaufman, Taylor",10314665,Right,FOR_RAM,Undefined,4,Top,0,0,0,Sinker,Changeup,InPlay,Undefined,LineDrive,Single,0,0,,84.25573,-0.844234,-3.567413,1995.765668,235.613699,1:45,5.58113,1.36028,6.64146,-28.06718,9.7154,12.68894,2.46783,-0.85212,78.21659,-6.106811,-1.261955,0.442402,96.96086,9.730676,25.713268,3345.749844,95.31697,16.83933,54.90563,244.27877,234.11464,35.743058,2.451981,-7.56111,5.64969,-1.12418,50,5.51242,7.19619,-122.50404,-2.58828,-11.65582,20.93106,-23.46475,FOR_RAM,FOR_RAM,FordhamUniversity,TeamExclusive,Team,20260925-FordhamUniversity-Private-2,2eb7f040-b91e-11f1-93a8-090a75922668,85.19949,17.77373,,6.03915,,,,0.44089,2.37905,0.98477,19664ea5-8cf3-4660-9b31-69759f333a4e,2026-09-25,20:18:12.42,2026-09-25T16:18:12.4297216-04:00,2026-09-25T20:18:12.4297216Z,LineDrive,v3,471298,471298,,"Chavez, Carson",1000156814,Right,FOR_RAM,7af31bb3-71fe-4701-bc30-946d77f3e49c,53.85942,-123.16169,10.46553,5.58217,-1.85101,-11.73238,-1.35603,7.56242,-5.82791,,0.44089,126.28369,-30.22449,7.25908,-1.5358,0.30183,-0.05183,0.00647,-0.00041,2.37904,24.03561,-7.21397,-2.74571,1.12148,-0.32849,0.07243,-0.01048,0.00073,0.98477,60.81236,-2.72338,0.84602,-0.11561,0.00385,0.00294,-0.0007,6E-05,,,,,,,,,,,,,,,,,,,,,,,High,High,High,Medium,Medium,,,
94,2026-09-25,16:18:46.93,2,1,"Vieira, William",1000252264,Right,FOR_RAM,"Grabau, Anthony",1000407420,Left,FOR_RAM,Undefined,4,Top,0,0,0,ChangeUp,Changeup,BallCalled,Undefined,Undefined,Undefined,0,0,,74.08418,1.054296,-1.594988,1602.486707,251.923584,2:30,4.89978,1.9985,6.921,-43.49963,5.03693,11.15965,2.23524,1.47584,68.53088,-7.120606,0.44813,0.501425,,,,,,,,,,,,-6.33768,2.87299,-1.90183,50,4.95098,2.666,-107.84495,0.93418,-7.51456,17.56452,-28.76753,FOR_RAM,FOR_RAM,FordhamUniversity,TeamExclusive,Team,20260925-FordhamUniversity-Private-2,4358da50-b91e-11f1-93a8-090a75922668,75.17064,,,5.5533,,,,,,,19664ea5-8cf3-4660-9b31-69759f333a4e,2026-09-25,20:18:46.93,2026-09-25T16:18:46.9331456-04:00,2026-09-25T20:18:46.9331456Z,,v3,471298,471298,,"Chavez, Carson",1000156814,Right,FOR_RAM,0933a9b8-a371-4de6-baff-7c6740c5b375,53.57857,-108.42622,8.78226,4.90431,1.88619,-14.38376,-1.99418,2.91469,-3.75728,,,,,,,,,,,,,,,,,,,,,,,,,,,,,,,,,,,,,,,,,,,,,,,,,,,High,High,High,,,,,
95,2026-09-25,16:19:04.00,2,2,"Vieira, William",1000252264,Right,FOR_RAM,"Grabau, Anthony",1000407420,Left,FOR_RAM,Undefined,4,Top,0,1,0,Fastball,Sinker,InPlay,Undefined,LineDrive,Out,1,0,,85.42704,-1.213515,-2.179778,1962.901426,222.613931,1:30,5.63977,1.28872,6.7789,-24.21659,12.52036,10.52823,2.51282,0.17498,78.79378,-5.800861,-0.258593,0.436238,102.31557,9.678373,11.250656,2202.246122,107.04135,8.89767,25.33925,167.44917,147.50618,14.432122,1.36449,-6.20618,7.28922,-1.15068,50,5.55133,4.37346,-124.29667,-3.27138,-9.76959,23.46252,-20.69958,FOR_RAM,FOR_RAM,FordhamUniversity,TeamExclusive,Team,20260925-FordhamUniversity-Private-2,4d7ab1c0-b91e-11f1-93a8-090a75922668,86.40346,9.80695,,6.63326,,,,1.82645,2.53283,-0.15892,19664ea5-8cf3-4660-9b31-69759f333a4e,2026-09-25,20:19:04.00,2026-09-25T16:19:04.0001536-04:00,2026-09-25T20:19:04.0001536Z,LineDrive,v3,471298,471298,,"Chavez, Carson",1000156814,Right,FOR_RAM,fd561f66-d95a-444e-a1e3-ce2270269b6c,53.72189,-124.99724,11.73126,5.63978,-2.6533,-10.34979,-1.28563,4.66518,-4.88479,289.9968,1.82645,145.08405,-24.75657,4.23054,-0.77507,0.0966,-0.00879,0.00042,7E-05,2.53283,25.22811,-23.86826,3.84914,-0.8859,0.21176,-0.04442,0.00788,-0.0008,-0.15892,28.86074,4.63988,-3.5783,1.20643,-0.34411,0.08178,-0.01556,0.0016,,,,,,,,,,,,,,,,,,,,,,,High,High,High,High,High,,,
96,2026-09-25,16:19:37.47,3,1,"Vieira, William",1000252264,Right,FOR_RAM,"Velit, Liam",1000239563,Right,FOR_RAM,Undefined,4,Top,1,0,0,ChangeUp,Changeup,StrikeCalled,Undefined,Undefined,Undefined,0,0,,73.09178,1.898185,-3.360851,1519.554664,241.550379,2:00,5.14298,1.62184,6.63721,-42.95998,8.21028,12.06611,3.30434,-0.45293,66.63075,-6.189176,-1.170087,0.514849,,,,,,,,,,,,-7.28178,4.30252,-1.39877,50,5.25437,5.83984,-106.04084,2.45416,-8.25232,18.92912,-27.29808,FOR_RAM,FOR_RAM,FordhamUniversity,TeamExclusive,Team,20260925-FordhamUniversity-Private-2,617fa9f0-b91e-11f1-93a8-090a75922668,73.21061,,,6.46103,,,,,,,19664ea5-8cf3-4660-9b31-69759f333a4e,2026-09-25,20:19:37.47,2026-09-25T16:19:37.4771712-04:00,2026-09-25T20:19:37.4771712Z,,v3,471298,471298,,"Chavez, Carson",1000156814,Right,FOR_RAM,37f7461d-f4a6-40ba-b0b6-216384e25c82,53.85971,-106.72761,9.46456,5.14737,3.44456,-13.64904,-1.61607,6.13924,-4.12616,,,,,,,,,,,,,,,,,,,,,,,,,,,,,,,,,,,,,,,,,,,,,,,,,,,High,High,High,,,,,
97,2026-09-25,16:20:12.80,3,2,"Vieira, William",1000252264,Right,FOR_RAM,"Velit, Liam",1000239563,Right,FOR_RAM,Undefined,4,Top,1,0,1,Fastball,Changeup,BallCalled,Undefined,Undefined,Undefined,0,0,,84.26578,0.682218,-3.176022,1972.717044,225.035708,1:30,5.6295,1.17757,6.5911,-24.93616,13.55812,12.3202,4.17758,-0.70884,76.65563,-4.066581,-0.940146,0.446549,,,,,,,,,,,,-7.31493,7.30024,-0.96449,50,5.66566,6.3226,-122.31493,0.79866,-11.04148,24.94471,-21.15475,FOR_RAM,FOR_RAM,FordhamUniversity,TeamExclusive,Team,20260925-FordhamUniversity-Private-2,767e6b70-b91e-11f1-93a8-090a75922668,84.40825,,,7.61014,,,,,,,19664ea5-8cf3-4660-9b31-69759f333a4e,2026-09-25,20:20:12.80,2026-09-25T16:20:12.8023552-04:00,2026-09-25T20:20:12.8023552Z,,v3,471298,471298,,"Chavez, Carson",1000156814,Right,FOR_RAM,faebeded-4d0f-488b-bf37-43dfece50c77,53.9049,-123.10871,12.47236,5.62953,1.47185,-10.57738,-1.17128,6.67396,-5.52074,,,,,,,,,,,,,,,,,,,,,,,,,,,,,,,,,,,,,,,,,,,,,,,,,,,High,High,High,,,,,
98,2026-09-25,16:20:31.14,3,3,"Vieira, William",1000252264,Right,FOR_RAM,"Velit, Liam",1000239563,Right,FOR_RAM,Undefined,4,Top,1,1,1,ChangeUp,Changeup,StrikeSwinging,Undefined,Undefined,Undefined,0,0,,74.05589,0.01959,-4.065867,1606.359429,269.878026,3:00,5.12275,1.51506,6.72108,-48.24751,1.76957,13.76406,1.12008,-1.06041,67.49635,-9.01094,-1.559848,0.509015,,,,,,,,,,,,-8.50422,1.49421,-1.25046,50,5.10617,7.19438,-107.40587,-1.20106,-9.8128,20.72354,-30.44993,FOR_RAM,FOR_RAM,FordhamUniversity,TeamExclusive,Team,20260925-FordhamUniversity-Private-2,817aeb70-b91e-11f1-93a8-090a75922668,74.04977,,,6.55954,,,,,,,19664ea5-8cf3-4660-9b31-69759f333a4e,2026-09-25,20:20:31.14,2026-09-25T16:20:31.1483392-04:00,2026-09-25T20:20:31.1483392Z,,v3,471298,471298,,"Chavez, Carson",1000156814,Right,FOR_RAM,94d088d8-8308-403f-a6ed-c9c23303df1f,53.77694,-108.13216,10.36177,5.12956,-0.13389,-15.22497,-1.50862,7.53829,-4.9064,,,,,,,,,,,,,,,,,,,,,,,,,,,,,,,,,,,,,,,,,,,,,,,,,,,High,High,High,,,,,
99,2026-09-25,16:20:51.28,3,4,"Vieira, William",1000252264,Right,FOR_RAM,"Velit, Liam",1000239563,Right,FOR_RAM,Undefined,4,Top,1,1,2,ChangeUp,Changeup,FoulBallNotFieldable,Undefined,Undefined,Undefined,0,0,,73.56158,1.307897,-3.497305,1579.767102,244.109948,2:15,5.16274,1.63514,6.91748,-43.30176,6.07874,9.57666,2.74763,-0.75532,67.95171,-6.831038,-1.748793,0.505765,,,,,,,,,,,,-6.06083,3.28803,-1.41897,50,5.22947,6.26086,-106.93491,1.42819,-7.06231,17.3492,-28.34272,FOR_RAM,FOR_RAM,FordhamUniversity,TeamExclusive,Team,20260925-FordhamUniversity-Private-2,8d71a9f0-b91e-11f1-93a8-090a75922668,74.52555,,,5.60987,,,,,,,19664ea5-8cf3-4660-9b31-69759f333a4e,2026-09-25,20:20:51.28,2026-09-25T16:20:51.2871936-04:00,2026-09-25T20:20:51.2871936Z,,v3,471298,471298,,"Chavez, Carson",1000156814,Right,FOR_RAM,2fad72cf-3166-459b-a6be-c4d875ad1fe9,53.58355,-107.51473,8.6746,5.16591,2.37543,-14.17136,-1.63216,6.49689,-3.53115,,,,,,,,,,,,,,,,,,,,,,,,,,,,,,,,,,,,,,,,,,,,,,,,,,,High,High,High,,,,,
100,2026-09-25,16:21:22.35,3,5,"Vieira, William",1000252264,Right,FOR_RAM,"Velit, Liam",1000239563,Right,FOR_RAM,Undefined,4,Top,1,1,2,ChangeUp,Changeup,BallCalled,Undefined,Undefined,Undefined,1,0,,76.86439,-2.409937,-3.457747,1685.908163,246.638415,2:15,5.30463,1.29407,7.19029,-37.41018,7.13607,13.66473,-0.00111,-0.70309,71.79775,-9.421277,-0.943522,0.480371,,,,,,,,,,,,-8.28245,4.79083,-1.09737,50,5.15348,6.37209,-111.77801,-5.57212,-10.6062,17.85319,-26.03908,FOR_RAM,FOR_RAM,FordhamUniversity,TeamExclusive,Team,20260925-FordhamUniversity-Private-2,9ff00220-b91e-11f1-93a8-090a75922668,78.46521,,,5.06664,,,,,,,19664ea5-8cf3-4660-9b31-69759f333a4e,2026-09-25,20:21:22.35,2026-09-25T16:21:22.3540000-04:00,2026-09-25T20:21:22.3540000Z,,v3,471298,471298,,"Chavez, Carson",1000156814,Right,FOR_RAM,7e9c5716-c354-47de-9fa3-8391dc3ea664,53.31173,-112.30572,8.92659,5.3068,-4.80246,-13.01954,-1.29034,6.68559,-5.3031,,,,,,,,,,,,,,,,,,,,,,,,,,,,,81.41979,,,1.227026,,,,4.45236,5.7528,5.80471,127.27931,4.86967,3.91231,4.6764,116.09566,-13.32987,5.69725,9.90926,-8.59451,5.66613,-8.33455,5.71438,High,High,High,,,High,High,High
101,2026-09-25,16:21:55.91,3,6,"Vieira, William",1000252264,Right,FOR_RAM,"Velit, Liam",1000239563,Right,FOR_RAM,Undefined,4,Top,2,2,2,Fastball,Changeup,FoulBallNotFieldable,Undefined,Undefined,Undefined,0,0,,85.76839,-0.685236,-2.694785,2002.759996,213.336184,1:00,5.79436,1.15578,6.24715,-22.83151,14.71217,8.88457,3.25903,-0.59101,78.31091,-5.006406,-1.091545,0.441001,69.83611,57.86557,143.489583,4891.781053,,,,,31.11222,,,-5.38244,8.19445,-0.95958,50,5.73204,5.51941,-124.53416,-2.14189,-8.437,25.44462,-19.32918,FOR_RAM,FOR_RAM,FordhamUniversity,TeamExclusive,Team,20260925-FordhamUniversity-Private-2,b3f4d340-b91e-11f1-93a8-090a75922668,85.47016,44.15089,,7.45748,,,,0.86871,3.29017,0.60523,19664ea5-8cf3-4660-9b31-69759f333a4e,2026-09-25,20:21:55.91,2026-09-25T16:21:55.9159808-04:00,2026-09-25T20:21:55.9159808Z,,v3,471298,471298,,"Chavez, Carson",1000156814,Right,FOR_RAM,07d0f273-6851-484f-99b7-34c8253c6695,54.25097,-125.39971,12.72231,5.79371,-1.48438,-9.66459,-1.15221,5.80641,-4.2185,337.782093,0.86871,-43.78922,-3.34592,2.76039,-0.93833,0.26185,-0.06691,0.01462,-0.00178,3.29017,86.73469,-31.67439,4.47635,-0.86134,0.14466,-0.02601,0.00531,-0.00111,0.60523,32.41464,-6.67842,2.09867,-0.49687,0.10551,-0.02383,0.00604,-0.00135,,,,,,,,,,,,,,,,,,,,,,,High,High,High,High,Undefined,,,
102,2026-09-25,16:22:15.44,3,7,"Vieira, William",1000252264,Right,FOR_RAM,"Velit, Liam",1000239563,Right,FOR_RAM,Undefined,4,Top,2,2,2,ChangeUp,Changeup,FoulBallNotFieldable,Undefined,Undefined,Undefined,0,0,,76.44208,-0.023483,-1.64973,1666.059333,236.782728,2:00,5.24179,1.53337,7.18554,-37.28226,8.71315,10.85044,2.11366,0.94267,69.40199,-7.134247,0.347347,0.488122,102.62847,-37.902835,-119.536796,,,,,5.05065,4.6161,-53.482795,0.031681,-6.42461,5.13252,-1.44049,50,5.22935,2.88535,-111.17367,-0.88231,-7.91719,22.78606,-25.84914,FOR_RAM,FOR_RAM,FordhamUniversity,TeamExclusive,Team,20260925-FordhamUniversity-Private-2,bf9d23a0-b91e-11f1-93a8-090a75922668,77.21926,2.93526,,7.04009,,,,4.86407,2.93526,-0.77894,19664ea5-8cf3-4660-9b31-69759f333a4e,2026-09-25,20:22:15.44,2026-09-25T16:22:15.4474496-04:00,2026-09-25T20:22:15.4474496Z,GroundBall,v3,471298,471298,,"Chavez, Carson",1000156814,Right,FOR_RAM,9755aa44-dd07-4ea5-8b74-674704f65379,53.31333,-111.85071,11.39303,5.24416,-0.11427,-12.92457,-1.52971,3.12059,-3.95859,,4.86465,-58.6664,,,,,,,,2.93618,-92.65079,,,,,,,,-0.77791,-103.53731,,,,,,,,,,,,,,,,,,,,,,,,,,,,,,High,High,High,Low,Low,,,
103,2026-09-25,16:22:38.71,3,8,"Vieira, William",1000252264,Right,FOR_RAM,"Velit, Liam",1000239563,Right,FOR_RAM,Undefined,4,Top,2,2,2,ChangeUp,Changeup,StrikeSwinging,Strikeout,Undefined,Undefined,0,0,,75.03186,-0.960608,-1.820615,1597.108773,248.405808,2:15,5.26809,1.51197,7.11118,-40.24211,7.04642,14.08902,1.0426,1.03385,69.19496,-8.550109,0.771224,0.494936,,,,,,,,,,,,-8.11099,4.48744,-1.40775,50,5.19868,3.06441,-109.20358,-2.75625,-9.78309,19.44176,-26.76151,FOR_RAM,FOR_RAM,FordhamUniversity,TeamExclusive,Team,20260925-FordhamUniversity-Private-2,cd785990-b91e-11f1-93a8-090a75922668,76.15614,,,5.83691,,,,,,,19664ea5-8cf3-4660-9b31-69759f333a4e,2026-09-25,20:22:38.71,2026-09-25T16:22:38.7189248-04:00,2026-09-25T20:22:38.7189248Z,,v3,471298,471298,,"Chavez, Carson",1000156814,Right,FOR_RAM,803d865c-33d6-4d6b-a239-f7c2d419763e,53.38889,-109.80526,9.72088,5.27116,-1.92805,-13.38076,-1.50727,3.36717,-4.89155,,,,,,,,,,,,,,,,,,,,,,,,,,,,,,,,,,,,,,,,,,,,,,,,,,,High,High,High,,,,,
104,2026-09-25,16:25:52.54,1,1,"Howard, Austin",10149053,Right,FOR_RAM,"Reina, Braedon",10305192,Left,FOR_RAM,Undefined,4,Bottom,0,0,0,Curveball,Curveball,BallCalled,Undefined,Undefined,Undefined,0,0,,78.0816,2.123481,0.519145,2027.47618,47.148103,7:30,5.25888,2.27036,5.60653,-55.04235,-9.49575,-11.48906,2.65519,1.79755,72.88906,-7.87141,-1.534516,0.485735,,,,,,,,,,,,5.94418,-4.92646,-2.30719,50,5.40455,-0.59501,-113.62352,2.35708,7.89839,17.61649,-38.72015,FOR_RAM,FOR_RAM,FordhamUniversity,TeamExclusive,Team,20260925-FordhamUniversity-Private-2,41024ab0-b91f-11f1-93a8-090a75922668,77.59875,,,5.19254,,,,,,,19664ea5-8cf3-4660-9b31-69759f333a4e,2026-09-25,20:25:52.54,2026-09-25T16:25:52.5446144-04:00,2026-09-25T20:25:52.5446144Z,,v3,471298,471298,,"Velit, Liam",1000239563,Right,FOR_RAM,bc686b3a-e865-4b4e-8c40-8cee71af9e70,54.89763,-114.38034,8.80824,5.26756,4.02053,-19.36008,-2.27433,-0.93433,3.9492,,,,,,,,,,,,,,,,,,,,,,,,,,,,,,,,,,,,,,,,,,,,,,,,,,,High,High,High,,,,,
105,2026-09-25,16:26:09.82,1,2,"Howard, Austin",10149053,Right,FOR_RAM,"Reina, Braedon",10305192,Left,FOR_RAM,Undefined,4,Bottom,0,1,0,Sinker,Sinker,StrikeCalled,Undefined,Undefined,Undefined,0,0,,88.08423,-1.379301,-2.385874,2235.690455,232.245902,1:45,5.49382,1.95447,6.07981,-24.00033,11.84119,13.79139,2.21632,0.89508,80.45884,-5.883365,0.097481,0.430888,,,,,,,,,,,,-7.75697,6.84985,-1.77706,50,5.37442,4.75897,-127.86168,-3.83124,-12.81465,26.87627,-20.85801,FOR_RAM,FOR_RAM,FordhamUniversity,TeamExclusive,Team,20260925-FordhamUniversity-Private-2,4b473a80-b91f-11f1-93a8-090a75922668,87.47616,,,7.62538,,,,,,,19664ea5-8cf3-4660-9b31-69759f333a4e,2026-09-25,20:26:09.82,2026-09-25T16:26:09.8257408-04:00,2026-09-25T20:26:09.8257408Z,,v3,471298,471298,,"Velit, Liam",1000239563,Right,FOR_RAM,39f6e07b-ca18-43b6-9443-9f5d4f107272,54.41787,-128.78696,13.43813,5.49396,-3.11315,-10.42901,-1.94849,5.20014,-6.40733,,,,,,,,,,,,,,,,,,,,,,,,,,,,,,,,,,,,,,,,,,,,,,,,,,,High,High,High,,,,,
106,2026-09-25,16:26:28.22,1,3,"Howard, Austin",10149053,Right,FOR_RAM,"Reina, Braedon",10305192,Left,FOR_RAM,Undefined,4,Bottom,0,1,1,Curveball,Curveball,BallCalled,Undefined,Undefined,Undefined,0,0,,78.43572,0.588961,-2.737616,2139.059127,36.188876,7:15,5.29993,2.16005,5.61972,-57.11027,-10.79426,-9.00402,1.09102,-1.14705,71.91346,-9.790183,-4.346009,0.489821,,,,,,,,,,,,3.70918,-5.16126,-1.92056,50,5.31372,5.78897,-113.77819,-0.76677,4.81143,22.91061,-38.86912,FOR_RAM,FOR_RAM,FordhamUniversity,TeamExclusive,Team,20260925-FordhamUniversity-Private-2,56462b80-b91f-11f1-93a8-090a75922668,76.95153,,,6.52226,,,,,,,19664ea5-8cf3-4660-9b31-69759f333a4e,2026-09-25,20:26:28.22,2026-09-25T16:26:28.2299904-04:00,2026-09-25T20:26:28.2299904Z,,v3,471298,471298,,"Velit, Liam",1000239563,Right,FOR_RAM,2d2b4a3e-51df-41ef-bb16-9838a71c1002,54.88106,-114.75684,11.45531,5.31101,0.89357,-19.43456,-2.16345,5.58344,2.40572,,,,,,,,,,,,,,,,,,,,,,,,,,,,,,,,,,,,,,,,,,,,,,,,,,,High,High,High,,,,,
107,2026-09-25,16:26:45.66,1,4,"Howard, Austin",10149053,Right,FOR_RAM,"Reina, Braedon",10305192,Left,FOR_RAM,Undefined,4,Bottom,0,2,1,ChangeUp,Changeup,FoulBallNotFieldable,Undefined,Undefined,Undefined,0,0,,80.74055,-0.547173,-2.363125,2189.339211,253.456543,2:30,5.24006,2.04722,5.85937,-36.87616,6.16079,16.0358,1.65824,1.18684,73.89488,-7.366414,0.514768,0.472163,,,,,,,,,,,,-8.90434,3.71792,-1.86495,50,5.17413,4.22556,-117.21164,-2.28518,-12.343,22.89833,-27.02034,FOR_RAM,FOR_RAM,FordhamUniversity,TeamExclusive,Team,20260925-FordhamUniversity-Private-2,60afe160-b91f-11f1-93a8-090a75922668,79.82925,,,6.84567,,,,,,,19664ea5-8cf3-4660-9b31-69759f333a4e,2026-09-25,20:26:45.66,2026-09-25T16:26:45.6696320-04:00,2026-09-25T20:26:45.6696320Z,,v3,471298,471298,,"Velit, Liam",1000239563,Right,FOR_RAM,008d6751-d594-4157-bf75-3db87f190407,54.63987,-118.1146,11.44917,5.24324,-1.21968,-13.51017,-2.04118,4.71229,-6.1715,,,,,,,,,,,,,,,,,,,,,,,,,,,,,,,,,,,,,,,,,,,,,,,,,,,High,High,High,,,,,
108,2026-09-25,16:27:04.54,1,5,"Howard, Austin",10149053,Right,FOR_RAM,"Reina, Braedon",10305192,Left,FOR_RAM,Undefined,4,Bottom,0,2,2,ChangeUp,Changeup,InPlay,Undefined,LineDrive,Out,1,0,,80.81811,0.544716,-2.419942,2226.092434,249.257506,2:15,5.21353,2.04996,5.73519,-34.82671,8.14898,17.98721,2.81902,1.29407,74.05992,-5.9001,0.797728,0.471827,83.29288,22.387931,0.518745,2647.578422,109.97972,40.66926,-2.09866,280.14307,272.56209,-2.783781,3.960752,-9.8378,4.39544,-1.85964,50,5.23752,4.26136,-117.34748,0.00505,-13.73412,21.95881,-26.03776,FOR_RAM,FOR_RAM,FordhamUniversity,TeamExclusive,Team,20260925-FordhamUniversity-Private-2,6bfa5a50-b91f-11f1-93a8-090a75922668,79.8861,47.44549,,6.75819,,,,0.85453,2.82226,-1.29629,19664ea5-8cf3-4660-9b31-69759f333a4e,2026-09-25,20:27:04.54,2026-09-25T16:27:04.5483008-04:00,2026-09-25T20:27:04.5483008Z,LineDrive,v3,471298,471298,,"Velit, Liam",1000239563,Right,FOR_RAM,2f9fa947-3be9-48d7-82b8-226e0ab1c9c5,54.76444,-118.23567,10.9794,5.21601,1.05823,-13.01888,-2.04324,4.81688,-6.86706,172.917647,0.85434,112.95652,-21.25282,4.78733,-0.95535,0.19353,-0.03713,0.00483,-0.00027,2.82247,46.5187,-11.81977,-0.43051,0.2682,-0.11017,0.03026,-0.00411,0.00021,-1.29633,1.02366,-1.79779,0.35942,-0.08107,0.01886,-0.00378,0.00046,-2E-05,,,,,,,,,,,,,,,,,,,,,,,High,High,High,High,High,,,
109,2026-09-25,16:27:37.09,2,1,"Howard, Austin",10149053,Right,FOR_RAM,"Dieguez, Matthew",10131275,Right,FOR_RAM,Undefined,4,Bottom,0,0,0,Fastball,Four-Seam,StrikeCalled,Undefined,Undefined,Undefined,0,0,,88.37367,-1.248273,-3.990767,2249.92682,218.872162,1:15,5.57912,1.714,6.03541,-18.4354,17.30399,13.01103,2.88398,-0.90307,80.57779,-4.754401,-1.657027,0.430274,,,,,,,,,,,,-7.7517,9.57993,-1.40871,50,5.47134,8.38655,-128.07237,-3.32185,-12.86839,26.57669,-16.27069,FOR_RAM,FOR_RAM,FordhamUniversity,TeamExclusive,Team,20260925-FordhamUniversity-Private-2,7f4418d0-b91f-11f1-93a8-090a75922668,87.60105,,,7.79587,,,,,,,19664ea5-8cf3-4660-9b31-69759f333a4e,2026-09-25,20:27:37.09,2026-09-25T16:27:37.0919936-04:00,2026-09-25T20:27:37.0919936Z,,v3,471298,471298,,"Velit, Liam",1000239563,Right,FOR_RAM,629e6ebc-8e2c-4429-982d-3d975251304c,54.4613,-128.99483,13.28835,5.57683,-2.75711,-8.13534,-1.70755,8.8332,-6.4342,,,,,,,,,,,,,,,,,,,,,,,,,,,,,,,,,,,,,,,,,,,,,,,,,,,High,High,High,,,,,
110,2026-09-25,16:27:54.84,2,2,"Howard, Austin",10149053,Right,FOR_RAM,"Dieguez, Matthew",10131275,Right,FOR_RAM,Undefined,4,Bottom,1,0,1,Fastball,Sinker,FoulBallNotFieldable,Undefined,Undefined,Undefined,0,0,,88.49102,-1.407788,-3.360399,2235.723935,221.686826,1:30,5.48679,1.8392,5.99739,-19.56887,16.00454,13.2467,2.54904,-0.17435,80.92582,-5.107435,-0.98298,0.429273,90.15777,13.340475,46.545157,4882.661418,69.17505,17.83759,85.52665,215.49677,184.07309,56.066725,2.192106,-7.73843,8.95717,-1.58172,50,5.365,6.99264,-128.37295,-3.74529,-12.92809,26.29077,-17.20989,FOR_RAM,FOR_RAM,FordhamUniversity,TeamExclusive,Team,20260925-FordhamUniversity-Private-2,89e2c160-b91f-11f1-93a8-090a75922668,87.80519,17.86332,,7.56521,,,,-0.08191,2.1525,0.17939,19664ea5-8cf3-4660-9b31-69759f333a4e,2026-09-25,20:27:54.84,2026-09-25T16:27:54.8442112-04:00,2026-09-25T20:27:54.8442112Z,LineDrive,v3,471298,471298,,"Velit, Liam",1000239563,Right,FOR_RAM,1102b9a2-24f3-4665-a864-baa2d88c8467,54.50127,-129.29152,13.14538,5.48536,-3.14399,-8.60494,-1.83393,7.44433,-6.46405,,-0.08191,88.49235,-23.15994,5.27236,-1.12395,0.22729,-0.04244,0.00623,-0.00039,2.1525,30.51064,-14.81622,-0.32314,0.43952,-0.14381,0.0301,-0.00252,-6E-05,0.17939,93.39886,-10.09772,3.34463,-0.8399,0.18426,-0.03386,0.00448,-0.00018,,,,,,,,,,,,,,,,,,,,,,,High,High,High,Medium,Medium,,,
111,2026-09-25,16:28:16.89,2,3,"Howard, Austin",10149053,Right,FOR_RAM,"Dieguez, Matthew",10131275,Right,FOR_RAM,Undefined,4,Bottom,1,0,2,Fastball,Four-Seam,BallCalled,Undefined,Undefined,Undefined,0,0,,87.27443,-2.141805,-1.308984,2243.96702,222.298298,1:30,5.54299,1.78055,6.11815,-22.58974,14.0119,11.62461,1.67892,1.53887,79.48812,-6.400088,0.78749,0.435433,,,,,,,,,,,,-6.3739,8.24087,-1.68611,50,5.36707,2.42262,-126.65738,-5.41195,-10.2845,27.48914,-18.87713,FOR_RAM,FOR_RAM,FordhamUniversity,TeamExclusive,Team,20260925-FordhamUniversity-Private-2,97022160-b91f-11f1-93a8-090a75922668,86.56307,,,7.78631,,,,,,,19664ea5-8cf3-4660-9b31-69759f333a4e,2026-09-25,20:28:16.89,2026-09-25T16:28:16.8927232-04:00,2026-09-25T20:28:16.8927232Z,,v3,471298,471298,,"Velit, Liam",1000239563,Right,FOR_RAM,ac1419b3-c8dd-49ed-a3bd-1884529b0993,54.37883,-127.6042,13.74457,5.54227,-4.76176,-9.43856,-1.77565,2.77686,-5.14225,,,,,,,,,,,,,,,,,,,,,,,,,,,,,,,,,,,,,,,,,,,,,,,,,,,High,High,High,,,,,
112,2026-09-25,16:28:33.81,2,4,"Howard, Austin",10149053,Right,FOR_RAM,"Dieguez, Matthew",10131275,Right,FOR_RAM,Undefined,4,Bottom,1,1,2,Curveball,Curveball,FoulBallNotFieldable,Undefined,Undefined,Undefined,0,0,,77.15271,1.02401,-0.653929,2123.534177,50.618512,7:45,5.18505,1.98074,5.56263,-55.63645,-8.46548,-11.94572,1.5055,0.37432,71.59834,-9.075816,-2.789106,0.494321,110.90439,-33.311949,-49.568666,,,,,4.48074,2.27782,-30.834759,0.018211,5.92815,-4.24256,-1.91605,50,5.23607,1.72113,-112.20145,0.1692,7.59556,19.33445,-37.60989,FOR_RAM,FOR_RAM,FordhamUniversity,TeamExclusive,Team,20260925-FordhamUniversity-Private-2,a123aab0-b91f-11f1-93a8-090a75922668,76.25098,1.6283,,5.55437,,,,2.24049,1.6283,-0.41067,19664ea5-8cf3-4660-9b31-69759f333a4e,2026-09-25,20:28:33.81,2026-09-25T16:28:33.8156544-04:00,2026-09-25T20:28:33.8156544Z,GroundBall,v3,471298,471298,,"Velit, Liam",1000239563,Right,FOR_RAM,7e1d3285-6b34-4504-b226-c19f7b195919,54.94071,-113.04962,9.66723,5.19246,1.81909,-18.80494,-1.98425,1.38792,3.79778,,2.24026,88.23915,,,,,,,,1.62854,-89.41463,,,,,,,,-0.41039,-103.56584,,,,,,,,,,,,,,,,,,,,,,,,,,,,,,High,High,High,Estimated,Estimated,,,
113,2026-09-25,16:28:58.79,2,5,"Howard, Austin",10149053,Right,FOR_RAM,"Dieguez, Matthew",10131275,Right,FOR_RAM,Undefined,4,Bottom,1,1,2,ChangeUp,Changeup,BallCalled,Undefined,Undefined,Undefined,0,0,,80.64125,-1.639599,-4.880993,2268.126857,242.351738,2:00,5.25892,1.91055,6.04642,-33.59116,9.13508,14.94454,0.93582,-1.37375,74.37804,-7.854338,-2.201299,0.470456,,,,,,,,,,,,-8.93162,5.55422,-1.53742,50,5.11275,9.41329,-116.81159,-4.37246,-12.41885,20.69965,-24.45123,FOR_RAM,FOR_RAM,FordhamUniversity,TeamExclusive,Team,20260925-FordhamUniversity-Private-2,b0081340-b91f-11f1-93a8-090a75922668,80.11898,,,6.26321,,,,,,,19664ea5-8cf3-4660-9b31-69759f333a4e,2026-09-25,20:28:58.79,2026-09-25T16:28:58.7917824-04:00,2026-09-25T20:28:58.7917824Z,,v3,471298,471298,,"Velit, Liam",1000239563,Right,FOR_RAM,f42f5897-a8ce-45b5-84e0-e8d98f6df2fa,54.45238,-117.59793,10.34982,5.26121,-3.44361,-12.22562,-1.90398,9.88505,-6.20943,,,,,,,,,,,,,,,,,,,,,,,,,,,,,,,,,,,,,,,,,,,,,,,,,,,High,High,High,,,,,
114,2026-09-25,16:29:16.49,2,6,"Howard, Austin",10149053,Right,FOR_RAM,"Dieguez, Matthew",10131275,Right,FOR_RAM,Undefined,4,Bottom,1,2,2,Curveball,Curveball,BallCalled,Undefined,Undefined,Undefined,0,0,,78.2207,-0.605131,-2.126295,2338.26779,52.317823,7:45,5.23461,2.08997,5.49845,-53.00511,-7.32205,-10.99178,0.2511,-0.81574,73.47046,-10.150969,-4.088298,0.486462,,,,,,,,,,,,5.12292,-3.31906,-1.89619,50,5.14496,4.6285,-113.77853,-2.97844,6.8082,18.17599,-36.58497,FOR_RAM,FOR_RAM,FordhamUniversity,TeamExclusive,Team,20260925-FordhamUniversity-Private-2,ba977990-b91f-11f1-93a8-090a75922668,77.48279,,,4.75024,,,,,,,19664ea5-8cf3-4660-9b31-69759f333a4e,2026-09-25,20:29:16.49,2026-09-25T16:29:16.4980736-04:00,2026-09-25T20:29:16.4980736Z,,v3,471298,471298,,"Velit, Liam",1000239563,Right,FOR_RAM,9670f39d-8498-4c6c-93f0-aabf1a96c1e0,55.00566,-114.57539,9.08799,5.24038,-1.37451,-18.29249,-2.09257,4.33002,3.4041,,,,,,,,,,,,,,,,,,,,,,,,,,,,,,,,,,,,,,,,,,,,,,,,,,,High,High,High,,,,,
115,2026-09-25,16:29:37.45,2,7,"Howard, Austin",10149053,Right,FOR_RAM,"Dieguez, Matthew",10131275,Right,FOR_RAM,Undefined,4,Bottom,1,3,2,Fastball,Four-Seam,BallCalled,Walk,Undefined,Undefined,0,0,,89.39534,-3.379268,-6.546098,2340.951438,212.93028,1:00,5.55825,1.72333,6.07917,-16.48804,18.91918,11.45257,1.03355,-3.40528,81.19724,-6.529144,-4.505302,0.42827,,,,,,,,,,,,-7.68827,11.03371,-1.22057,50,5.28597,14.27301,-128.74846,-8.08606,-12.852,27.75202,-13.72964,FOR_RAM,FOR_RAM,FordhamUniversity,TeamExclusive,Team,20260925-FordhamUniversity-Private-2,c70b0930-b91f-11f1-93a8-090a75922668,88.01096,,,8.1981,,,,,,,19664ea5-8cf3-4660-9b31-69759f333a4e,2026-09-25,20:29:37.45,2026-09-25T16:29:37.4571520-04:00,2026-09-25T20:29:37.4571520Z,,v3,471298,471298,,"Velit, Liam",1000239563,Right,FOR_RAM,7ac791f8-b766-47f2-8216-4803a42c5c59,54.41484,-129.6966,13.87601,5.55422,-7.61699,-6.86482,-1.7157,14.71209,-6.426,,,,,,,,,,,,,,,,,,,,,,,,,,,,,,,,,,,,,,,,,,,,,,,,,,,High,High,High,,,,,
116,2026-09-25,16:30:10.19,3,1,"Howard, Austin",10149053,Right,FOR_RAM,"Beaudreau, Bradley",1000297368,Left,FOR_RAM,Undefined,4,Bottom,1,0,0,Curveball,Curveball,BallCalled,Undefined,Undefined,Undefined,0,0,,77.55463,3.026279,1.403308,1978.376567,41.736998,7:30,5.39745,2.12002,5.18646,-56.69755,-9.41272,-9.57075,3.52325,2.64293,71.74907,-7.216547,-0.291999,0.494917,,,,,,,,,,,,5.09807,-4.98024,-2.24285,50,5.63542,-2.37294,-112.59837,3.93227,6.61397,18.42652,-38.63517,FOR_RAM,FOR_RAM,FordhamUniversity,TeamExclusive,Team,20260925-FordhamUniversity-Private-2,daa2c0a0-b91f-11f1-93a8-090a75922668,76.15914,,,5.80556,,,,,,,19664ea5-8cf3-4660-9b31-69759f333a4e,2026-09-25,20:30:10.19,2026-09-25T16:30:10.1962240-04:00,2026-09-25T20:30:10.1962240Z,,v3,471298,471298,,"Velit, Liam",1000239563,Right,FOR_RAM,f5d64813-4860-45b9-ba67-11de2df055a8,55.3163,-113.46503,9.21326,5.40774,5.74942,-19.31759,-2.12393,-2.68402,3.30699,,,,,,,,,,,,,,,,,,,,,,,,,,,,,,,,,,,,,,,,,,,,,,,,,,,High,High,High,,,,,
117,2026-09-25,16:30:29.59,3,2,"Howard, Austin",10149053,Right,FOR_RAM,"Beaudreau, Bradley",1000297368,Left,FOR_RAM,Undefined,4,Bottom,1,1,0,Fastball,Four-Seam,BallCalled,Undefined,Undefined,Undefined,0,0,,87.34775,-1.199719,-1.012663,2268.305465,220.90457,1:15,5.69455,1.93694,5.84527,-20.54068,15.80225,12.7782,2.86761,2.06063,80.5707,-5.049278,1.279354,0.433892,,,,,,,,,,,,-6.76689,8.70867,-1.86194,50,5.58479,1.71226,-126.97409,-3.2957,-11.15002,23.73719,-17.82454,FOR_RAM,FOR_RAM,FordhamUniversity,TeamExclusive,Team,20260925-FordhamUniversity-Private-2,e61c38d0-b91f-11f1-93a8-090a75922668,86.8706,,,6.77705,,,,,,,19664ea5-8cf3-4660-9b31-69759f333a4e,2026-09-25,20:30:29.59,2026-09-25T16:30:29.5901696-04:00,2026-09-25T20:30:29.5901696Z,,v3,471298,471298,,"Velit, Liam",1000239563,Right,FOR_RAM,1e15845a-dc88-4bd7-947f-94d2132bd535,54.65332,-127.84104,11.8686,5.69327,-2.64469,-8.91227,-1.93192,2.11949,-5.57501,,,,,,,,,,,,,,,,,,,,,,,,,,,,,,,,,,,,,,,,,,,,,,,,,,,High,High,High,,,,,
118,2026-09-25,16:31:06.72,3,3,"Howard, Austin",10149053,Right,FOR_RAM,"Beaudreau, Bradley",1000297368,Left,FOR_RAM,Undefined,4,Bottom,1,2,0,Fastball,Four-Seam,BallCalled,Undefined,Undefined,Undefined,0,0,,88.69028,-1.693822,-4.401448,2269.980175,215.251093,1:15,5.72283,1.62723,6.01019,-16.07221,19.49462,12.95371,2.80921,-1.37889,80.83724,-4.773165,-2.08142,0.429234,,,,,,,,,,,,-8.07682,10.94398,-1.28882,50,5.58098,9.38742,-128.51075,-4.26559,-13.47132,27.2882,-13.92055,FOR_RAM,FOR_RAM,FordhamUniversity,TeamExclusive,Team,20260925-FordhamUniversity-Private-2,fc3480a0-b91f-11f1-93a8-090a75922668,87.81328,,,7.85304,,,,,,,19664ea5-8cf3-4660-9b31-69759f333a4e,2026-09-25,20:31:06.72,2026-09-25T16:31:06.7272704-04:00,2026-09-25T20:31:06.7272704Z,,v3,471298,471298,,"Velit, Liam",1000239563,Right,FOR_RAM,1fcf9b8c-d524-4f3d-af39-65dfce5926e5,54.49119,-129.4609,13.6441,5.72107,-3.78089,-6.96028,-1.62385,9.85648,-6.73566,,,,,,,,,,,,,,,,,,,,,,,,,,,,,,,,,,,,,,,,,,,,,,,,,,,High,High,High,,,,,
119,2026-09-25,16:32:06.95,3,4,"Howard, Austin",10149053,Right,FOR_RAM,"Beaudreau, Bradley",1000297368,Left,FOR_RAM,Undefined,4,Bottom,1,3,0,Fastball,Four-Seam,StrikeCalled,Undefined,Undefined,Undefined,0,0,,87.05044,-1.414947,-2.364158,2143.790496,221.227433,1:15,5.58369,1.7042,5.93833,-19.45013,17.35493,14.18123,2.64886,0.69157,79.60741,-5.096703,0.181613,0.436642,,,,,,,,,,,,-7.86634,9.62693,-1.52326,50,5.4597,4.62318,-126.3506,-3.68932,-12.73009,25.48591,-16.59481,FOR_RAM,FOR_RAM,FordhamUniversity,TeamExclusive,Team,20260925-FordhamUniversity-Private-2,20282570-b920-11f1-93a8-090a75922668,86.32351,,,7.44304,,,,,,,19664ea5-8cf3-4660-9b31-69759f333a4e,2026-09-25,20:32:06.95,2026-09-25T16:32:06.9595136-04:00,2026-09-25T20:32:06.9595136Z,,v3,471298,471298,,"Velit, Liam",1000239563,Right,FOR_RAM,b6d7d610-55b6-4375-abd7-69b99d98cc0a,54.55878,-127.26682,12.74296,5.5816,-3.09274,-8.29741,-1.6977,5.08083,-6.36505,,,,,,,,,,,,,,,,,,,,,,,,,,,,,,,,,,,,,,,,,,,,,,,,,,,High,High,High,,,,,
120,2026-09-25,16:32:25.07,3,5,"Howard, Austin",10149053,Right,FOR_RAM,"Beaudreau, Bradley",1000297368,Left,FOR_RAM,Undefined,4,Bottom,1,3,1,Sinker,Sinker,BallCalled,Walk,Undefined,Undefined,0,0,,87.17116,-1.221979,-1.131102,2201.878355,228.571425,1:30,5.64205,1.86277,5.85516,-21.37745,15.34434,16.09544,2.72484,2.15299,79.91086,-5.236533,1.75661,0.436147,,,,,,,,,,,,-8.47402,8.51796,-1.78,50,5.5303,1.81981,-126.62673,-3.361,-13.79038,25.30072,-18.31216,FOR_RAM,FOR_RAM,FordhamUniversity,TeamExclusive,Team,20260925-FordhamUniversity-Private-2,2af55810-b920-11f1-93a8-090a75922668,86.42136,,,7.26031,,,,,,,19664ea5-8cf3-4660-9b31-69759f333a4e,2026-09-25,20:32:25.07,2026-09-25T16:32:25.0784256-04:00,2026-09-25T20:32:25.0784256Z,,v3,471298,471298,,"Velit, Liam",1000239563,Right,FOR_RAM,434ee957-50bd-4e81-b2c1-d833ed5e6df1,54.64237,-127.55093,12.65036,5.64085,-2.69208,-9.15608,-1.85568,2.32355,-6.89519,,,,,,,,,,,,,,,,,,,,,,,,,,,,,,,,,,,,,,,,,,,,,,,,,,,High,High,High,,,,,
121,2026-09-25,16:33:00.21,4,1,"Howard, Austin",10149053,Right,FOR_RAM,"Chavez, Carson",1000156814,Right,FOR_RAM,Undefined,4,Bottom,1,0,0,Curveball,Curveball,BallCalled,Undefined,Undefined,Undefined,0,0,,76.02763,0.072555,-2.491706,2295.28551,37.273857,7:15,5.3502,1.93766,5.30057,-57.26448,-8.70894,-7.53343,0.64634,-1.03081,71.63908,-10.199152,-3.83069,0.501523,,,,,,,,,,,,3.24166,-4.06894,-1.7054,50,5.31429,5.0923,-110.58227,-1.79783,4.08676,16.369,-37.30377,FOR_RAM,FOR_RAM,FordhamUniversity,TeamExclusive,Team,20260925-FordhamUniversity-Private-2,3ff467b0-b920-11f1-93a8-090a75922668,75.15595,,,4.38855,,,,,,,19664ea5-8cf3-4660-9b31-69759f333a4e,2026-09-25,20:33:00.21,2026-09-25T16:33:00.2192896-04:00,2026-09-25T20:33:00.2192896Z,,v3,471298,471298,,"Velit, Liam",1000239563,Right,FOR_RAM,0b3ae279-86cd-4243-9c59-8146df46a0c2,55.20376,-111.3499,8.1845,5.35758,-0.04847,-18.65188,-1.9397,4.90065,2.04338,,,,,,,,,,,,,,,,,,,,,,,,,,,,,,,,,,,,,,,,,,,,,,,,,,,High,High,High,,,,,
122,2026-09-25,16:33:26.49,4,2,"Howard, Austin",10149053,Right,FOR_RAM,"Chavez, Carson",1000156814,Right,FOR_RAM,Undefined,4,Bottom,1,1,0,Fastball,Four-Seam,FoulBallNotFieldable,Undefined,Undefined,Undefined,0,0,,85.82547,-0.280857,-3.036313,2186.100915,218.318119,1:15,5.66534,1.63712,5.90808,-20.58253,17.4141,12.79406,3.68907,-0.11763,78.23578,-4.180452,-0.743592,0.443654,70.38042,34.36886,165.495976,3647.315355,-108.13035,39.73138,20.19383,195.61088,60.51637,174.227765,2.954821,-7.41953,9.36819,-1.4006,50,5.63107,6.0879,-124.52712,-1.21185,-11.63414,25.33385,-17.48433,FOR_RAM,FOR_RAM,FordhamUniversity,TeamExclusive,Team,20260925-FordhamUniversity-Private-2,4f943100-b920-11f1-93a8-090a75922668,84.95918,39.91669,,7.5897,,,,0.42799,3.64196,0.12877,19664ea5-8cf3-4660-9b31-69759f333a4e,2026-09-25,20:33:26.49,2026-09-25T16:33:26.4964608-04:00,2026-09-25T20:33:26.4964608Z,FlyBall,v3,471298,471298,,"Velit, Liam",1000239563,Right,FOR_RAM,2cbd4a73-e288-48a3-8de5-8fb64c6b7fa6,54.59009,-125.45745,12.66692,5.66378,-0.56978,-8.74217,-1.63201,6.51514,-5.81707,326.884522,0.42765,-82.47148,3.85196,1.44651,-0.95629,0.61115,-0.23549,0.04601,-0.00359,3.64187,58.27464,-26.98959,3.40633,-0.59219,0.06743,0.02659,-0.01199,0.00134,0.12902,21.32679,-5.30201,-0.08527,0.46265,-0.41289,0.17377,-0.03514,0.00279,,,,,,,,,,,,,,,,,,,,,,,High,High,High,High,Low,,,
123,2026-09-25,16:34:18.29,4,3,"Howard, Austin",10149053,Right,FOR_RAM,"Chavez, Carson",1000156814,Right,FOR_RAM,Undefined,4,Bottom,1,1,1,Fastball,Four-Seam,BallCalled,Undefined,Undefined,Undefined,0,0,,86.93964,-1.694383,-4.35737,2226.410001,221.634935,1:30,5.70984,1.58954,5.95741,-19.70029,16.91619,14.09883,2.49188,-1.28409,80.30385,-5.395588,-1.833675,0.435521,,,,,,,,,,,,-8.25662,9.41674,-1.25059,50,5.56367,9.02981,-126.07301,-4.32504,-13.46081,22.5226,-16.82184,FOR_RAM,FOR_RAM,FordhamUniversity,TeamExclusive,Team,20260925-FordhamUniversity-Private-2,6e66f810-b920-11f1-93a8-090a75922668,86.54555,,,6.63579,,,,,,,19664ea5-8cf3-4660-9b31-69759f333a4e,2026-09-25,20:34:18.29,2026-09-25T16:34:18.2919680-04:00,2026-09-25T20:34:18.2919680Z,,v3,471298,471298,,"Velit, Liam",1000239563,Right,FOR_RAM,82d2f569-556d-4fd9-828b-e21733f4ef00,54.54162,-126.88176,11.2613,5.70813,-3.72099,-8.41092,-1.58352,9.51317,-6.7304,,,,,,,,,,,,,,,,,,,,,,,,,,,,,,,,,,,,,,,,,,,,,,,,,,,High,High,High,,,,,
124,2026-09-25,16:34:35.43,4,4,"Howard, Austin",10149053,Right,FOR_RAM,"Chavez, Carson",1000156814,Right,FOR_RAM,Undefined,4,Bottom,1,2,1,Curveball,Curveball,StrikeCalled,Undefined,Undefined,Undefined,0,0,,75.34432,2.347457,-0.56215,2213.098702,44.885534,7:30,5.37463,1.9315,5.23894,-57.44716,-7.54717,-8.87414,2.79502,0.66362,69.98043,-8.034787,-2.136791,0.508419,,,,,,,,,,,,4.29307,-3.91059,-1.87298,50,5.54738,1.41511,-109.48553,2.53071,5.26835,17.3374,-36.97302,FOR_RAM,FOR_RAM,FordhamUniversity,TeamExclusive,Team,20260925-FordhamUniversity-Private-2,78a7c930-b920-11f1-93a8-090a75922668,74.13659,,,5.36389,,,,,,,19664ea5-8cf3-4660-9b31-69759f333a4e,2026-09-25,20:34:35.43,2026-09-25T16:34:35.4360832-04:00,2026-09-25T20:34:35.4360832Z,,v3,471298,471298,,"Velit, Liam",1000239563,Right,FOR_RAM,61e9f8ad-eb9e-4ce1-aab8-f8d20b61ae0d,55.26371,-110.3159,8.6687,5.38376,4.30154,-18.48651,-1.93471,1.16279,2.63418,,,,,,,,,,,,,,,,,,,,,,,,,,,,,,,,,,,,,,,,,,,,,,,,,,,High,High,High,,,,,
125,2026-09-25,16:35:12.90,4,5,"Howard, Austin",10149053,Right,FOR_RAM,"Chavez, Carson",1000156814,Right,FOR_RAM,Undefined,4,Bottom,1,2,2,Curveball,Curveball,StrikeCalled,Strikeout,Undefined,Undefined,0,0,chav challenge no good,76.25972,0.972123,-2.171446,2073.72648,45.412677,7:30,5.36132,1.89435,5.42351,-54.62129,-6.18201,-7.61973,1.72083,-0.77549,70.994,-8.910961,-3.527563,0.500922,,,,,,,,,,,,3.30169,-2.96075,-1.69615,50,5.40926,4.48827,-110.82304,0.05931,4.14462,18.06811,-35.89071,FOR_RAM,FOR_RAM,FordhamUniversity,TeamExclusive,Team,20260925-FordhamUniversity-Private-2,8f0e09f0-b920-11f1-93a8-090a75922668,75.2461,,,5.26572,,,,,,,19664ea5-8cf3-4660-9b31-69759f333a4e,2026-09-25,20:35:12.90,2026-09-25T16:35:12.9056768-04:00,2026-09-25T20:35:12.9056768Z,,v3,471298,471298,,"Velit, Liam",1000239563,Right,FOR_RAM,58d93660-a1fb-486c-a05c-4427e2a611e9,55.07879,-111.64799,9.03406,5.36914,1.69801,-17.94535,-1.89676,4.29903,2.07231,,,,,,,,,,,,,,,,,,,,,,,,,,,,,,,,,,,,,,,,,,,,,,,,,,,High,High,High,,,,,
126,2026-09-25,16:35:51.94,5,1,"Howard, Austin",10149053,Right,FOR_RAM,"Forney, Colden",1000306564,Right,FOR_RAM,Undefined,4,Bottom,2,0,0,Curveball,Curveball,BallCalled,Undefined,Undefined,Undefined,0,0,,76.51763,0.452243,-2.623199,2137.243535,44.935595,7:30,5.39653,1.98488,5.42566,-55.49653,-7.49622,-8.73993,1.19585,-1.20209,71.58182,-9.55638,-4.178554,0.498647,,,,,,,,,,,,3.78067,-3.5165,-1.74583,50,5.39764,5.42234,-111.21831,-0.98092,4.79231,17.70326,-36.63149,FOR_RAM,FOR_RAM,FordhamUniversity,TeamExclusive,Team,20260925-FordhamUniversity-Private-2,a63fff20-b920-11f1-93a8-090a75922668,75.58938,,,4.93581,,,,,,,19664ea5-8cf3-4660-9b31-69759f333a4e,2026-09-25,20:35:51.94,2026-09-25T16:35:51.9421952-04:00,2026-09-25T20:35:51.9421952Z,,v3,471298,471298,,"Velit, Liam",1000239563,Right,FOR_RAM,011f9ad2-dec1-4fcf-b4c9-589199ccb6d7,55.07752,-112.02361,8.85163,5.40436,0.68541,-18.31575,-1.98753,5.20434,2.39616,,,,,,,,,,,,,,,,,,,,,,,,,,,,,,,,,,,,,,,,,,,,,,,,,,,High,High,High,,,,,
127,2026-09-25,16:36:11.69,5,2,"Howard, Austin",10149053,Right,FOR_RAM,"Forney, Colden",1000306564,Right,FOR_RAM,Undefined,4,Bottom,3,1,0,Fastball,Sinker,StrikeSwinging,Undefined,Undefined,Undefined,0,0,,87.72461,-0.197997,-2.977874,2261.265989,229.249078,1:45,5.51764,1.816,5.83688,-20.72352,15.72591,16.89088,3.6064,0.45334,79.96689,-4.110216,0.046092,0.434527,,,,,,,,,,,,-9.36508,8.41977,-1.5826,50,5.48926,5.89116,-127.26747,-1.0739,-15.35428,26.20594,-18.36961,FOR_RAM,FOR_RAM,FordhamUniversity,TeamExclusive,Team,20260925-FordhamUniversity-Private-2,b2080c80-b920-11f1-93a8-090a75922668,86.7436,,,7.75772,,,,,,,19664ea5-8cf3-4660-9b31-69759f333a4e,2026-09-25,20:36:11.69,2026-09-25T16:36:11.6961280-04:00,2026-09-25T20:36:11.6961280Z,,v3,471298,471298,,"Velit, Liam",1000239563,Right,FOR_RAM,ff05b243-ba9f-40bc-810e-01093c9eaeb7,54.65996,-128.22343,13.10297,5.51621,-0.40381,-9.18481,-1.80772,6.45126,-7.67714,,,,,,,,,,,,,,,,,,,,,,,,,,,,,,,,,,,,,,,,,,,,,,,,,,,High,High,High,,,,,
128,2026-09-25,16:39:16.12,1,1,"Murray, Alec",10181003,Right,FOR_RAM,"Hanawalt, Chase",1000367090,Left,FOR_RAM,Undefined,5,Top,0,0,0,Fastball,Four-Seam,FoulBallNotFieldable,Undefined,Undefined,Undefined,0,0,,88.25405,-1.122816,-2.676974,2020.807637,189.701286,12:15,6.31868,2.06185,7.39282,-21.9395,11.583,1.82016,3.47606,-0.20361,81.667,-5.321054,-2.341311,0.416715,55.18977,4.613557,-131.135355,3897.38806,,,,42.5882,33.76972,-136.39741,0.556353,-1.65162,6.87055,-1.91658,50,6.25151,5.94707,-128.47242,-3.03082,-2.78841,24.08597,-20.57463,FOR_RAM,FOR_RAM,FordhamUniversity,TeamExclusive,Team,20260925-FordhamUniversity-Private-2,1ff3d990-b921-11f1-93a8-090a75922668,90.45128,3.56597,,6.58705,,,,,,,19664ea5-8cf3-4660-9b31-69759f333a4e,2026-09-25,20:39:16.12,2026-09-25T16:39:16.1230336-04:00,2026-09-25T20:39:16.1230336Z,GroundBall,v3,471298,471298,,"Chavez, Carson",1000156814,Right,FOR_RAM,c8aa68c6-5f8f-4318-9df0-4c2fe50e5311,53.10619,-129.05345,12.04299,6.31864,-2.53449,-10.28731,-2.06085,6.01433,-1.39421,,-1.98733,-53.30239,2.56506,,,,,,,3.13233,5.93751,-20.86307,,,,,,,0.23725,-60.41578,12.97941,,,,,,,,,,,,,,,,,,,,,,,,,,,,,High,High,High,Medium,Medium,,,
129,2026-09-25,16:39:39.93,1,2,"Murray, Alec",10181003,Right,FOR_RAM,"Hanawalt, Chase",1000367090,Left,FOR_RAM,Undefined,5,Top,0,0,1,Fastball,Four-Seam,StrikeCalled,Undefined,Undefined,Undefined,0,0,,90.04966,-2.991967,-2.019304,2080.704146,205.5937,12:45,6.37015,1.93761,6.98232,-18.06426,15.06859,6.70744,2.1396,0.65935,82.4457,-6.460527,-0.790538,0.414287,,,,,,,,,,,,-4.14126,9.21422,-1.81514,50,6.17931,4.36659,-130.79728,-7.27724,-7.1622,28.0158,-16.23826,FOR_RAM,FOR_RAM,FordhamUniversity,TeamExclusive,Team,20260925-FordhamUniversity-Private-2,2e1d0870-b921-11f1-93a8-090a75922668,90.98157,,,7.60396,,,,,,,19664ea5-8cf3-4660-9b31-69759f333a4e,2026-09-25,20:39:39.93,2026-09-25T16:39:39.9305216-04:00,2026-09-25T20:39:39.9305216Z,,v3,471298,471298,,"Chavez, Carson",1000156814,Right,FOR_RAM,02d2ccc2-b70f-420e-bc21-969e0f2083bf,53.5155,-131.54812,14.0079,6.36851,-6.84205,-8.11913,-1.93474,4.55854,-3.5811,,,,,,,,,,,,,,,,,,,,,,,,,,,,,,,,,,,,,,,,,,,,,,,,,,,High,High,High,,,,,
130,2026-09-25,16:39:57.69,1,3,"Murray, Alec",10181003,Right,FOR_RAM,"Hanawalt, Chase",1000367090,Left,FOR_RAM,Undefined,5,Top,0,0,2,ChangeUp,Changeup,InPlay,Undefined,GroundBall,Out,1,0,,81.93148,-1.662911,-2.038049,1569.532254,206.967834,1:00,6.40231,1.82353,6.7848,-26.49891,14.27272,6.51827,2.67462,0.50541,74.1927,-6.724241,-0.848275,0.459569,79.94918,-33.956603,17.27125,,,,,5.0467,5.0467,7.596809,0.040397,-4.1115,8.52485,-1.69323,50,6.28413,4.00836,-118.94406,-4.10795,-5.80087,26.04129,-20.14649,FOR_RAM,FOR_RAM,FordhamUniversity,TeamExclusive,Team,20260925-FordhamUniversity-Private-2,38bbb100-b921-11f1-93a8-090a75922668,82.01697,2.65368,,7.73878,,,,1.2394,2.65368,-0.50279,19664ea5-8cf3-4660-9b31-69759f333a4e,2026-09-25,20:39:57.69,2026-09-25T16:39:57.6949248-04:00,2026-09-25T20:39:57.6949248Z,GroundBall,v3,471298,471298,,"Chavez, Carson",1000156814,Right,FOR_RAM,2a9b60e7-8062-4cb6-8b39-9c7fd832fd4c,53.71175,-119.75394,13.02065,6.40214,-3.4814,-10.07325,-1.8207,4.18876,-2.90043,,1.23762,93.14986,,,,,,,,2.65494,-65.68973,,,,,,,,-0.50335,28.96168,,,,,,,,,,,,,,,,,,,,,,,,,,,,,,High,High,High,Estimated,Estimated,,,
131,2026-09-25,16:40:33.76,2,1,"Murray, Alec",10181003,Right,FOR_RAM,"Ford, Tim",1000142266,Right,FOR_RAM,Undefined,5,Top,1,0,0,Slider,Slider,BallCalled,Undefined,Undefined,Undefined,0,0,,81.92453,-0.116392,-1.323527,2280.48138,141.249545,10:45,6.51242,1.89878,6.2791,-34.23006,6.31378,-4.16638,3.55261,0.33144,75.96319,-6.472594,-2.077015,0.458283,,,,,,,,,,,,1.83213,3.69055,-1.79923,50,6.48729,2.90694,-119.19776,-1.2699,2.66509,20.53777,-26.80567,FOR_RAM,FOR_RAM,FordhamUniversity,TeamExclusive,Team,20260925-FordhamUniversity-Private-2,4e474930-b921-11f1-93a8-090a75922668,82.24705,,,5.96134,,,,,,,19664ea5-8cf3-4660-9b31-69759f333a4e,2026-09-25,20:40:33.76,2026-09-25T16:40:33.7682432-04:00,2026-09-25T20:40:33.7682432Z,,v3,471298,471298,,"Chavez, Carson",1000156814,Right,FOR_RAM,84653126-e505-4f78-a86a-111e34124b18,54.21974,-119.92261,10.26888,6.51541,-0.32382,-13.40283,-1.90017,2.81288,1.33255,,,,,,,,,,,,,,,,,,,,,,,,,,,,,,,,,,,,,,,,,,,,,,,,,,,High,High,High,,,,,
132,2026-09-25,16:41:05.37,2,2,"Murray, Alec",10181003,Right,FOR_RAM,"Ford, Tim",1000142266,Right,FOR_RAM,Undefined,5,Top,1,1,0,Slider,Slider,StrikeSwinging,Undefined,Undefined,Undefined,0,0,,81.99496,-2.124548,-1.648347,2209.408961,125.025673,10:15,6.47507,1.8459,6.53041,-35.48029,4.82028,-5.21815,1.56776,-0.10145,76.10699,-8.703101,-2.597558,0.456906,,,,,,,,,,,,2.3211,3.44606,-1.72937,50,6.31228,3.61116,-119.22713,-5.44349,3.36164,21.602,-27.18315,FOR_RAM,FOR_RAM,FordhamUniversity,TeamExclusive,Team,20260925-FordhamUniversity-Private-2,610d7fd0-b921-11f1-93a8-090a75922668,82.4949,,,5.88797,,,,,,,19664ea5-8cf3-4660-9b31-69759f333a4e,2026-09-25,20:41:05.37,2026-09-25T16:41:05.3736960-04:00,2026-09-25T20:41:05.3736960Z,,v3,471298,471298,,"Chavez, Carson",1000156814,Right,FOR_RAM,1bf26358-4c02-449e-ac8f-3743cfa73183,53.96952,-119.94418,10.801,6.478,-4.54117,-13.59158,-1.84739,3.49957,1.68082,,,,,,,,,,,,,,,,,,,,,,,,,,,,,,,,,,,,,,,,,,,,,,,,,,,High,High,High,,,,,
133,2026-09-25,16:41:25.88,2,3,"Murray, Alec",10181003,Right,FOR_RAM,"Ford, Tim",1000142266,Right,FOR_RAM,Undefined,5,Top,1,1,1,Fastball,Four-Seam,StrikeCalled,Undefined,Undefined,Undefined,0,0,,91.88571,-2.676428,-1.354076,2139.071375,186.638636,12:15,6.49824,1.76949,6.87154,-12.45201,19.31958,2.1352,3.01888,0.71312,84.36782,-5.107948,-0.963809,0.405687,,,,,,,,,,,,-1.48807,11.2576,-1.68417,50,6.32295,3.07506,-133.56139,-6.49875,-2.69844,27.71729,-11.75973,FOR_RAM,FOR_RAM,FordhamUniversity,TeamExclusive,Team,20260925-FordhamUniversity-Private-2,6d490f80-b921-11f1-93a8-090a75922668,92.91019,,,7.51788,,,,,,,19664ea5-8cf3-4660-9b31-69759f333a4e,2026-09-25,20:41:25.88,2026-09-25T16:41:25.8881536-04:00,2026-09-25T20:41:25.8881536Z,,v3,471298,471298,,"Chavez, Carson",1000156814,Right,FOR_RAM,e77ab185-d9b0-4106-a9d3-ea3c64c5cd16,53.6259,-134.31174,13.85865,6.49457,-6.18039,-5.87986,-1.76841,3.14811,-1.34922,,,,,,,,,,,,,,,,,,,,,,,,,,,,,,,,,,,,,,,,,,,,,,,,,,,High,High,High,,,,,
134,2026-09-25,16:41:53.78,2,4,"Murray, Alec",10181003,Right,FOR_RAM,"Ford, Tim",1000142266,Right,FOR_RAM,Undefined,5,Top,1,1,2,Fastball,Four-Seam,BallCalled,Undefined,Undefined,Undefined,0,0,,93.79015,-1.651083,-1.961558,2176.751612,216.862934,1:15,6.7221,1.58469,6.72263,-14.21859,16.4815,11.64446,4.02687,0.76155,85.87931,-4.402079,0.160514,0.398787,,,,,,,,,,,,-6.63111,9.42453,-1.45874,50,6.60682,4.19778,-136.34154,-4.27765,-12.50759,29.3997,-14.39756,FOR_RAM,FOR_RAM,FordhamUniversity,TeamExclusive,Team,20260925-FordhamUniversity-Private-2,7de2f040-b921-11f1-93a8-090a75922668,94.51771,,,7.91084,,,,,,,19664ea5-8cf3-4660-9b31-69759f333a4e,2026-09-25,20:41:53.78,2026-09-25T16:41:53.7819136-04:00,2026-09-25T20:41:53.7819136Z,,v3,471298,471298,,"Chavez, Carson",1000156814,Right,FOR_RAM,7eb10400-895f-4cdc-8cb0-7cb7329180a2,53.77493,-137.15312,14.69985,6.71942,-3.88021,-7.19878,-1.57938,4.54305,-6.25379,,,,,,,,,,,,,,,,,,,,,,,,,,,,,,,,,,,,,,,,,,,,,,,,,,,High,High,High,,,,,
135,2026-09-25,16:42:12.74,2,5,"Murray, Alec",10181003,Right,FOR_RAM,"Ford, Tim",1000142266,Right,FOR_RAM,Undefined,5,Top,1,2,2,Slider,Slider,StrikeCalled,Strikeout,Undefined,Undefined,0,0,,81.2288,-1.283062,-0.744524,2290.917911,92.671346,9:00,6.57582,1.6072,6.57737,-39.39939,1.60134,-8.6902,2.1163,0.20061,75.26428,-8.595605,-2.32791,0.460858,,,,,,,,,,,,4.375,1.56784,-1.55283,50,6.47155,1.8352,-118.20294,-3.78115,6.21469,21.68215,-29.94697,FOR_RAM,FOR_RAM,FordhamUniversity,TeamExclusive,Team,20260925-FordhamUniversity-Private-2,893d47b0-b921-11f1-93a8-090a75922668,81.78749,,,5.96451,,,,,,,19664ea5-8cf3-4660-9b31-69759f333a4e,2026-09-25,20:42:12.74,2026-09-25T16:42:12.7450000-04:00,2026-09-25T20:42:12.7450000Z,,v3,471298,471298,,"Chavez, Carson",1000156814,Right,FOR_RAM,6949aeb8-040c-499c-845e-1058747d24b6,53.92265,-118.9203,10.84107,6.58026,-2.79035,-14.97349,-1.61014,1.62959,3.10735,,,,,,,,,,,,,,,,,,,,,,,,,,,,,71.23836,,,0.925903,,,,3.61141,5.44557,0.08052,72.03322,6.02947,-52.75959,3.64934,79.04595,-5.5935,5.49915,14.35105,-14.86376,-0.00963,-64.94479,8.58496,High,High,High,,,High,Low,Medium
136,2026-09-25,16:42:47.82,3,1,"Murray, Alec",10181003,Right,FOR_RAM,"Dean, Mason",1000150670,Left,FOR_RAM,Undefined,5,Top,2,0,0,Slider,Slider,StrikeCalled,Undefined,Undefined,Undefined,0,0,,81.05793,-1.062729,-1.089448,2307.217475,75.487854,8:30,6.53658,1.56831,6.52456,-41.6077,-0.90909,-7.39709,2.094,-0.04773,76.14885,-8.732893,-2.435796,0.459157,,,,,,,,,,,,3.64823,0.09697,-1.48963,50,6.44488,2.49699,-118.10266,-3.41055,5.24947,18.53686,-32.03452,FOR_RAM,FOR_RAM,FordhamUniversity,TeamExclusive,Team,20260925-FordhamUniversity-Private-2,9e2c9fe0-b921-11f1-93a8-090a75922668,82.09054,,,4.90908,,,,,,,19664ea5-8cf3-4660-9b31-69759f333a4e,2026-09-25,20:42:47.82,2026-09-25T16:42:47.8222848-04:00,2026-09-25T20:42:47.8222848Z,,v3,471298,471298,,"Chavez, Carson",1000156814,Right,FOR_RAM,fdc7043a-ce02-4c31-aabd-1f0305d823b9,53.97744,-118.7253,9.26843,6.54136,-2.33453,-16.01726,-1.57054,2.32067,2.62474,,,,,,,,,,,,,,,,,,,,,,,,,,,,,,,,,,,,,,,,,,,,,,,,,,,High,High,High,,,,,
137,2026-09-25,16:43:08.15,3,2,"Murray, Alec",10181003,Right,FOR_RAM,"Dean, Mason",1000150670,Left,FOR_RAM,Undefined,5,Top,2,0,1,ChangeUp,Changeup,StrikeSwinging,Undefined,Undefined,Undefined,0,0,,79.54726,-1.070634,-1.179715,1423.942702,225.140682,1:30,6.39851,1.59564,6.91813,-37.48289,4.78268,3.53047,2.29974,0.81548,73.47059,-8.103518,-0.532542,0.467913,,,,,,,,,,,,-2.20091,3.24437,-1.52278,50,6.31862,2.27074,-115.77227,-3.13297,-2.99378,21.16009,-27.76088,FOR_RAM,FOR_RAM,FordhamUniversity,TeamExclusive,Team,20260925-FordhamUniversity-Private-2,aa423100-b921-11f1-93a8-090a75922668,80.55444,,,6.07667,,,,,,,19664ea5-8cf3-4660-9b31-69759f333a4e,2026-09-25,20:43:08.15,2026-09-25T16:43:08.1591296-04:00,2026-09-25T20:43:08.1591296Z,,v3,471298,471298,,"Chavez, Carson",1000156814,Right,FOR_RAM,2682f62e-ec59-432a-a734-f9ab41a914af,53.58096,-116.42493,10.58004,6.40205,-2.27671,-13.88044,-1.59424,2.36308,-1.49689,,,,,,,,,,,,,,,,,,,,,,,,,,,,,,,,,,,,,,,,,,,,,,,,,,,High,High,High,,,,,
138,2026-09-25,16:43:29.32,3,3,"Murray, Alec",10181003,Right,FOR_RAM,"Dean, Mason",1000150670,Left,FOR_RAM,Undefined,5,Top,2,0,2,Slider,Slider,BallCalled,Undefined,Undefined,Undefined,0,0,,81.20968,-3.354514,-1.114895,2646.289609,207.601025,1:00,6.44094,1.68623,6.65821,-38.56057,2.50807,0.67063,0.15374,0.72175,75.4206,-10.481968,-0.992338,0.46124,,,,,,,,,,,,-0.66158,2.55532,-1.61161,50,6.19967,2.2747,-118.00686,-7.98919,-0.93487,22.01394,-28.56319,FOR_RAM,FOR_RAM,FordhamUniversity,TeamExclusive,Team,20260925-FordhamUniversity-Private-2,b6e4bfe0-b921-11f1-93a8-090a75922668,81.71988,,,5.78908,,,,,,,19664ea5-8cf3-4660-9b31-69759f333a4e,2026-09-25,20:43:29.32,2026-09-25T16:43:29.3236224-04:00,2026-09-25T20:43:29.3236224Z,,v3,471298,471298,,"Chavez, Carson",1000156814,Right,FOR_RAM,604ec95f-3247-4f98-af1a-3c03bb6071ab,53.84288,-118.72158,11.00697,6.444,-7.06184,-14.28159,-1.68595,2.30506,-0.46744,,,,,,,,,,,,,,,,,,,,,,,,,,,,,,,,,,,,,,,,,,,,,,,,,,,High,High,High,,,,,
139,2026-09-25,16:43:52.20,3,4,"Murray, Alec",10181003,Right,FOR_RAM,"Dean, Mason",1000150670,Left,FOR_RAM,Undefined,5,Top,2,1,2,Fastball,Four-Seam,BallCalled,Undefined,Undefined,Undefined,0,0,,90.43847,-1.562299,-0.510147,2080.804899,197.762065,12:30,6.59749,1.65434,6.87718,-19.12655,13.4806,4.01587,3.57951,1.52409,83.41963,-5.210227,0.224562,0.410987,,,,,,,,,,,,-2.25709,7.86678,-1.62319,50,6.49126,1.02264,-131.63531,-4.08818,-3.99073,25.93418,-18.26488,FOR_RAM,FOR_RAM,FordhamUniversity,TeamExclusive,Team,20260925-FordhamUniversity-Private-2,c4842550-b921-11f1-93a8-090a75922668,91.7121,,,7.01885,,,,,,,19664ea5-8cf3-4660-9b31-69759f333a4e,2026-09-25,20:43:52.20,2026-09-25T16:43:52.2022400-04:00,2026-09-25T20:43:52.2022400Z,,v3,471298,471298,,"Chavez, Carson",1000156814,Right,FOR_RAM,e6435c5e-40a1-4b4d-a3d6-b5390172829e,53.62114,-132.34681,12.96709,6.59654,-3.58708,-9.13244,-1.65274,1.13212,-1.99537,,,,,,,,,,,,,,,,,,,,,,,,,,,,,,,,,,,,,,,,,,,,,,,,,,,High,High,High,,,,,
140,2026-09-25,16:44:10.24,3,5,"Murray, Alec",10181003,Right,FOR_RAM,"Dean, Mason",1000150670,Left,FOR_RAM,Undefined,5,Top,2,2,2,Slider,Curveball,BallCalled,Undefined,Undefined,Undefined,0,0,,77.74818,0.563271,0.164658,1433.24617,41.938865,7:30,6.53594,1.69357,6.32662,-48.13971,-3.46213,-4.14477,3.04302,1.4998,72.6913,-8.304348,-0.586846,0.481079,,,,,,,,,,,,2.19398,-1.53118,-1.70374,50,6.55447,-0.18355,-113.25989,-0.30881,2.89465,17.63848,-34.19425,FOR_RAM,FOR_RAM,FordhamUniversity,TeamExclusive,Team,20260925-FordhamUniversity-Private-2,cf3f0870-b921-11f1-93a8-090a75922668,78.34979,,,5.05688,,,,,,,19664ea5-8cf3-4660-9b31-69759f333a4e,2026-09-25,20:44:10.24,2026-09-25T16:44:10.2475776-04:00,2026-09-25T20:44:10.2475776Z,,v3,471298,471298,,"Chavez, Carson",1000156814,Right,FOR_RAM,5e2a8802-995d-429f-86ef-d46bc01bc0b9,54.17517,-113.90825,8.81924,6.54272,0.94811,-17.09713,-1.69504,-0.28995,1.44732,,,,,,,,,,,,,,,,,,,,,,,,,,,,,,,,,,,,,,,,,,,,,,,,,,,High,High,High,,,,,
141,2026-09-25,16:44:29.94,3,6,"Murray, Alec",10181003,Right,FOR_RAM,"Dean, Mason",1000150670,Left,FOR_RAM,Undefined,5,Top,2,3,2,Slider,Slider,InPlay,Undefined,FlyBall,Out,1,0,,80.80628,-1.26177,-0.747705,2213.298946,110.124909,9:45,6.4811,1.631,6.56549,-37.60947,3.28819,-6.17016,2.19,0.43135,75.7902,-8.221959,-1.871385,0.460278,74.93261,37.244,12.689858,4017.085592,107.65079,71.77115,22.61056,232.55868,219.71056,11.822199,4.897071,3.10917,2.31083,-1.577,50,6.37809,1.73866,-117.73616,-3.65434,4.44437,18.50499,-28.87086,FOR_RAM,FOR_RAM,FordhamUniversity,TeamExclusive,Team,20260925-FordhamUniversity-Private-2,dafb2ef0-b921-11f1-93a8-090a75922668,81.89052,78.0232,,5.01609,,,,2.17633,2.34519,-0.44238,19664ea5-8cf3-4660-9b31-69759f333a4e,2026-09-25,20:44:29.94,2026-09-25T16:44:29.9426304-04:00,2026-09-25T20:44:29.9426304Z,FlyBall,v3,471298,471298,,"Chavez, Carson",1000156814,Right,FOR_RAM,b4a0f587-7dd7-4684-85cc-a3bc3deef7ea,53.93661,-118.35327,9.2525,6.48391,-2.69154,-14.43543,-1.63251,1.59045,2.22218,178.405765,2.17819,85.3108,-18.30703,3.99671,-0.62363,0.07094,-0.00858,0.00122,-9E-05,2.34497,66.5146,-15.68867,0.47594,0.11768,-0.11507,0.03833,-0.00569,0.00031,-0.4419,19.20815,-4.52595,1.01972,-0.16052,0.01772,-0.00185,0.00024,-2E-05,,,,,,,,,,,,,,,,,,,,,,,High,High,High,High,Medium,,,
142,2026-09-25,16:47:09.91,1,1,"Wallace, Danny",10306264,Right,FOR_RAM,"Forney, Colden",1000306564,Right,FOR_RAM,Undefined,5,Bottom,0,0,0,Curveball,Curveball,StrikeCalled,Undefined,Undefined,Undefined,0,0,,74.35867,1.509459,-0.367948,2460.271843,62.112015,8:00,5.86726,2.1139,5.45554,-55.15428,-3.63032,-9.97028,2.68442,0.93861,68.20843,-8.546287,-2.145303,0.516626,,,,,,,,,,,,4.90075,-1.74201,-2.07448,50,5.9626,1.06699,-107.94233,1.06148,5.75633,19.57134,-34.22018,FOR_RAM,FOR_RAM,FordhamUniversity,TeamExclusive,Team,20260925-FordhamUniversity-Private-2,3a5d0f80-b922-11f1-93a8-090a75922668,72.95888,,,6.15023,,,,,,,19664ea5-8cf3-4660-9b31-69759f333a4e,2026-09-25,20:47:09.91,2026-09-25T16:47:09.9194368-04:00,2026-09-25T20:47:09.9194368Z,,v3,471298,471298,,"Velit, Liam",1000239563,Right,FOR_RAM,f1fdd16e-8b87-4b21-9a56-dc21cf02c07b,55.04407,-108.85305,9.78567,5.87616,2.65385,-17.11009,-2.1179,0.79913,2.87816,,,,,,,,,,,,,,,,,,,,,,,,,,,,,,,,,,,,,,,,,,,,,,,,,,,High,High,High,,,,,
143,2026-09-25,16:47:24.47,1,2,"Wallace, Danny",10306264,Right,FOR_RAM,"Forney, Colden",1000306564,Right,FOR_RAM,Undefined,5,Bottom,0,0,1,Curveball,Curveball,FoulBallNotFieldable,Undefined,Undefined,Undefined,0,0,,73.6918,0.804979,-0.388414,2517.105294,63.925905,8:15,5.9293,2.07675,5.69117,-55.4946,-3.92941,-11.12591,2.05505,0.78759,68.29158,-9.313949,-2.382121,0.516832,93.80539,14.914702,-42.049465,1927.561842,78.6149,8.40569,-76.93912,142.20405,117.48462,-45.344304,1.277318,5.59591,-1.82327,-2.03686,50,5.96178,1.1139,-107.14981,-0.19473,6.52461,18.00927,-34.2999,FOR_RAM,FOR_RAM,FordhamUniversity,TeamExclusive,Team,20260925-FordhamUniversity-Private-2,431767b0-b922-11f1-93a8-090a75922668,72.92972,11.68342,,5.40022,,,,1.83625,1.87109,-0.73439,19664ea5-8cf3-4660-9b31-69759f333a4e,2026-09-25,20:47:24.47,2026-09-25T16:47:24.4766720-04:00,2026-09-25T20:47:24.4766720Z,LineDrive,v3,471298,471298,,"Velit, Liam",1000239563,Right,FOR_RAM,6ee842da-771b-44c9-bb92-78eb9492bc72,54.81085,-107.95536,9.00464,5.93617,1.33951,-17.14995,-2.08016,0.82205,3.2623,,1.83625,98.72123,-22.94982,6.08269,-1.65256,0.47201,-0.12726,0.02668,-0.00299,1.87109,35.4107,-35.26474,6.78388,-1.8941,0.53579,-0.14453,0.03034,-0.0034,-0.73439,-89.04344,10.9783,-2.94186,0.78757,-0.22494,0.06062,-0.01269,0.00142,,,,,,,,,,,,,,,,,,,,,,,High,High,High,Medium,Medium,,,
144,2026-09-25,16:47:47.29,1,3,"Wallace, Danny",10306264,Right,FOR_RAM,"Forney, Colden",1000306564,Right,FOR_RAM,Undefined,5,Bottom,0,0,2,Fastball,Four-Seam,BallCalled,Undefined,Undefined,Undefined,0,0,,86.8947,-3.535708,-5.914949,2239.937862,209.253589,1:00,5.8405,1.88217,6.30329,-23.49824,12.7345,6.58804,0.60328,-3.03768,81.10494,-7.887866,-4.733113,0.433234,,,,,,,,,,,,-4.7524,7.74855,-1.44972,50,5.56789,12.76738,-125.64529,-8.50483,-7.7439,20.84518,-19.54805,FOR_RAM,FOR_RAM,FordhamUniversity,TeamExclusive,Team,20260925-FordhamUniversity-Private-2,50a3e160-b922-11f1-93a8-090a75922668,87.00259,,,5.78976,,,,,,,19664ea5-8cf3-4660-9b31-69759f333a4e,2026-09-25,20:47:47.29,2026-09-25T16:47:47.2984576-04:00,2026-09-25T20:47:47.2984576Z,,v3,471298,471298,,"Velit, Liam",1000239563,Right,FOR_RAM,de4d7b1f-a692-4fd1-8ea6-e094addfc031,54.19652,-126.33959,10.42259,5.84032,-7.85372,-9.77403,-1.87927,13.02531,-3.87195,,,,,,,,,,,,,,,,,,,,,,,,,,,,,,,,,,,,,,,,,,,,,,,,,,,High,High,High,,,,,
145,2026-09-25,16:48:08.25,1,4,"Wallace, Danny",10306264,Right,FOR_RAM,"Forney, Colden",1000306564,Right,FOR_RAM,Undefined,5,Bottom,0,1,2,Sinker,Sinker,InPlay,Undefined,GroundBall,Out,1,0,,89.36083,-0.921899,-3.251964,2112.198897,244.167432,2:15,5.86067,2.07453,5.92066,-26.41872,8.97166,15.95513,2.80216,0.38314,80.84613,-5.864507,-0.39025,0.428168,74.22859,-40.00381,-58.972274,,,,,4.85022,3.47631,-40.906572,0.041268,-9.22642,5.24103,-1.82323,50,5.77185,6.68795,-129.52108,-2.96717,-15.48393,30.09917,-23.37848,FOR_RAM,FOR_RAM,FordhamUniversity,TeamExclusive,Team,20260925-FordhamUniversity-Private-2,5d17bf20-b922-11f1-93a8-090a75922668,88.03191,2.89903,,8.5147,,,,1.88508,2.89903,-0.21586,19664ea5-8cf3-4660-9b31-69759f333a4e,2026-09-25,20:48:08.25,2026-09-25T16:48:08.2520064-04:00,2026-09-25T20:48:08.2520064Z,GroundBall,v3,471298,471298,,"Velit, Liam",1000239563,Right,FOR_RAM,b3eb4fce-67c1-4eb4-bf05-ed37385432ea,54.57766,-130.58054,15.04959,5.86181,-2.14427,-11.68924,-2.06823,7.23297,-7.74197,180,1.884,43.14746,,,,,,,,2.90078,-70.24874,,,,,,,,-0.21407,-71.73079,,,,,,,,,,,,,,,,,,,,,,,,,,,,,,High,High,High,Low,Low,,,
146,2026-09-25,16:48:46.51,2,1,"Wallace, Danny",10306264,Right,FOR_RAM,"Crang, Mason",10913432,Right,FOR_RAM,Undefined,5,Bottom,1,0,0,Sinker,Sinker,BallCalled,Undefined,Undefined,Undefined,0,0,,88.29356,-1.392779,-1.954844,2066.023556,228.657466,1:30,5.78794,2.07748,5.95861,-20.87796,15.44769,16.03765,2.75556,1.6005,79.49353,-5.362582,0.926982,0.433789,,,,,,,,,,,,-8.74406,8.74044,-1.93054,50,5.66573,3.66749,-127.96335,-3.73293,-14.26546,30.36548,-17.91447,FOR_RAM,FOR_RAM,FordhamUniversity,TeamExclusive,Team,20260925-FordhamUniversity-Private-2,73faf810-b922-11f1-93a8-090a75922668,86.89126,,,8.80004,,,,,,,19664ea5-8cf3-4660-9b31-69759f333a4e,2026-09-25,20:48:46.51,2026-09-25T16:48:46.5104384-04:00,2026-09-25T20:48:46.5104384Z,,v3,471298,471298,,"Velit, Liam",1000239563,Right,FOR_RAM,6edeb6ef-5ab2-432a-bf58-9a869397da31,54.5354,-129.0351,15.18274,5.78633,-3.10064,-8.95724,-2.06887,4.17099,-7.13273,,,,,,,,,,,,,,,,,,,,,,,,,,,,,,,,,,,,,,,,,,,,,,,,,,,High,High,High,,,,,
147,2026-09-25,16:49:01.93,2,2,"Wallace, Danny",10306264,Right,FOR_RAM,"Crang, Mason",10913432,Right,FOR_RAM,Undefined,5,Bottom,1,1,0,Curveball,Curveball,StrikeCalled,Undefined,Undefined,Undefined,0,0,,73.36637,2.099848,-1.450897,2603.554251,41.605579,7:30,5.97191,2.06672,5.7129,-65.47897,-12.88552,-12.93961,2.47305,-0.36353,67.37781,-9.835634,-3.768585,0.52196,,,,,,,,,,,,6.1154,-6.61681,-1.93732,50,6.1075,3.16389,-106.52287,1.84762,6.96685,19.7524,-39.71216,FOR_RAM,FOR_RAM,FordhamUniversity,TeamExclusive,Team,20260925-FordhamUniversity-Private-2,7d22df20-b922-11f1-93a8-090a75922668,72.21327,,,5.98856,,,,,,,19664ea5-8cf3-4660-9b31-69759f333a4e,2026-09-25,20:49:01.93,2026-09-25T16:49:01.9348992-04:00,2026-09-25T20:49:01.9348992Z,,v3,471298,471298,,"Velit, Liam",1000239563,Right,FOR_RAM,79976b29-2fc5-4c69-97ea-ff749cbce5e0,54.78975,-107.40736,9.8762,5.98495,3.62587,-19.85608,-2.07201,2.85193,3.48343,,,,,,,,,,,,,,,,,,,,,,,,,,,,,,,,,,,,,,,,,,,,,,,,,,,High,High,High,,,,,
148,2026-09-25,16:49:18.38,2,3,"Wallace, Danny",10306264,Right,FOR_RAM,"Crang, Mason",10913432,Right,FOR_RAM,Undefined,5,Bottom,1,1,1,Curveball,Curveball,StrikeSwinging,Undefined,Undefined,Undefined,0,0,,75.92265,0.087302,-2.146261,2652.082925,70.832632,8:15,5.77138,2.14347,5.6597,-51.05125,-2.15445,-10.47753,1.59858,-0.73204,70.13573,-9.215562,-4.019453,0.503282,,,,,,,,,,,,4.72429,-0.66185,-1.9551,50,5.74643,4.51655,-110.25366,-1.45453,5.80999,19.76514,-32.988,FOR_RAM,FOR_RAM,FordhamUniversity,TeamExclusive,Team,20260925-FordhamUniversity-Private-2,86f69690-b922-11f1-93a8-090a75922668,74.89323,,,5.78692,,,,,,,19664ea5-8cf3-4660-9b31-69759f333a4e,2026-09-25,20:49:18.38,2026-09-25T16:49:18.3890432-04:00,2026-09-25T20:49:18.3890432Z,,v3,471298,471298,,"Velit, Liam",1000239563,Right,FOR_RAM,5af1168d-a144-483e-b40c-5018377e4466,54.8405,-111.11802,9.88257,5.7785,-0.01191,-16.494,-2.14706,4.26247,2.905,,,,,,,,,,,,,,,,,,,,,,,,,,,,,,,,,,,,,,,,,,,,,,,,,,,High,High,High,,,,,
149,2026-09-25,16:49:35.45,2,4,"Wallace, Danny",10306264,Right,FOR_RAM,"Crang, Mason",10913432,Right,FOR_RAM,Undefined,5,Bottom,1,1,2,Curveball,Curveball,BallCalled,Undefined,Undefined,Undefined,0,0,,75.79494,0.684425,-2.854661,2682.694491,65.293725,8:15,5.63275,2.25727,5.85876,-52.71152,-4.33697,-12.33434,1.87681,-1.42492,70.54723,-8.925318,-5.064369,0.500587,,,,,,,,,,,,5.57929,-1.96701,-2.01836,50,5.65757,5.92983,-110.1387,-0.31578,6.90006,18.31131,-34.60668,FOR_RAM,FOR_RAM,FordhamUniversity,TeamExclusive,Team,20260925-FordhamUniversity-Private-2,9128e8c0-b922-11f1-93a8-090a75922668,75.29642,,,5.24771,,,,,,,19664ea5-8cf3-4660-9b31-69759f333a4e,2026-09-25,20:49:35.45,2026-09-25T16:49:35.4564608-04:00,2026-09-25T20:49:35.4564608Z,,v3,471298,471298,,"Velit, Liam",1000239563,Right,FOR_RAM,b5322c79-acec-4247-9c2e-52493eda7cc0,54.64313,-110.90797,9.15565,5.6403,1.13806,-17.30334,-2.26138,5.63995,3.45003,,,,,,,,,,,,,,,,,,,,,,,,,,,,,,,,,,,,,,,,,,,,,,,,,,,High,High,High,,,,,
150,2026-09-25,16:50:08.63,2,5,"Wallace, Danny",10306264,Right,FOR_RAM,"Crang, Mason",10913432,Right,FOR_RAM,Undefined,5,Bottom,1,2,2,Fastball,Four-Seam,BallCalled,Undefined,Undefined,Undefined,0,0,crang good challenge,90.29115,-1.920681,-3.89362,2135.742368,212.412346,1:00,6.01814,1.85473,6.05105,-18.48501,15.48387,9.1826,2.69497,-0.98993,83.05445,-5.404663,-2.246013,0.419481,,,,,,,,,,,,-5.69654,8.77477,-1.55617,50,5.85827,8.52221,-130.92883,-4.95811,-9.96407,25.65908,-16.82566,FOR_RAM,FOR_RAM,FordhamUniversity,TeamExclusive,Team,20260925-FordhamUniversity-Private-2,a4ded690-b922-11f1-93a8-090a75922668,89.85499,,,7.2367,,,,,,,19664ea5-8cf3-4660-9b31-69759f333a4e,2026-09-25,20:50:08.63,2026-09-25T16:50:08.6350000-04:00,2026-09-25T20:50:08.6350000Z,,v3,471298,471298,,"Velit, Liam",1000239563,Right,FOR_RAM,c5b679f3-5f3b-427a-8bf1-2e0faefdcac9,54.4467,-131.79741,12.82954,6.01646,-4.38855,-8.41283,-1.85036,8.8595,-4.98204,,,,,,,,,,,,,,,,,,,,,,,,,,,,,50.42024,,,1.521973,,,,-4.56651,5.82236,-1.39982,71.52786,3.94744,-53.2616,-4.51562,55.35437,-3.55559,5.98976,22.83058,-15.9375,-1.52561,-40.76817,4.48828,High,High,High,,,High,Medium,Medium
151,2026-09-25,16:50:36.59,2,6,"Wallace, Danny",10306264,Right,FOR_RAM,"Crang, Mason",10913432,Right,FOR_RAM,Undefined,5,Bottom,1,3,2,Curveball,Curveball,BallCalled,Walk,Undefined,Undefined,0,0,,74.38223,2.758397,-0.12871,2562.232361,65.610496,8:15,5.8844,1.93211,5.6167,-53.27841,-2.77197,-9.16957,4.02089,1.04786,68.92405,-6.969156,-1.765922,0.511499,,,,,,,,,,,,4.58272,-1.57669,-1.91528,50,6.08578,0.58125,-108.07676,3.51672,5.48196,16.83029,-34.06014,FOR_RAM,FOR_RAM,FordhamUniversity,TeamExclusive,Team,20260925-FordhamUniversity-Private-2,b597b100-b922-11f1-93a8-090a75922668,73.69013,,,5.45817,,,,,,,19664ea5-8cf3-4660-9b31-69759f333a4e,2026-09-25,20:50:36.59,2026-09-25T16:50:36.5922304-04:00,2026-09-25T20:50:36.5922304Z,,v3,471298,471298,,"Velit, Liam",1000239563,Right,FOR_RAM,88e928f7-bf68-4905-a202-aa17a7715833,54.88404,-108.83467,8.41515,5.89288,5.05054,-17.03007,-1.93589,0.33438,2.74098,,,,,,,,,,,,,,,,,,,,,,,,,,,,,,,,,,,,,,,,,,,,,,,,,,,High,High,High,,,,,
152,2026-09-25,16:51:09.46,3,1,"Wallace, Danny",10306264,Right,FOR_RAM,"Young, Caden",10264258,Right,FOR_RAM,Undefined,5,Bottom,1,0,0,Curveball,Curveball,StrikeCalled,Undefined,Undefined,Undefined,0,0,,73.33073,0.866313,-1.590157,2471.372983,55.727595,7:45,5.81223,1.99653,5.48623,-57.97334,-6.09847,-10.8669,1.79198,-0.3971,68.874,-9.605948,-3.528343,0.518382,,,,,,,,,,,,5.14559,-2.90083,-1.84954,50,5.84822,3.34694,-106.703,-0.22418,6.02865,15.56741,-35.57269,FOR_RAM,FOR_RAM,FordhamUniversity,TeamExclusive,Team,20260925-FordhamUniversity-Private-2,c92f4160-b922-11f1-93a8-090a75922668,72.71169,,,4.45672,,,,,,,19664ea5-8cf3-4660-9b31-69759f333a4e,2026-09-25,20:51:09.46,2026-09-25T16:51:09.4619648-04:00,2026-09-25T20:51:09.4619648Z,,v3,471298,471298,,"Velit, Liam",1000239563,Right,FOR_RAM,e4eccff9-5223-4a95-af0e-7a7f7f4c8adf,55.01747,-107.43253,7.78371,5.81967,1.44285,-17.78635,-1.99976,3.06443,3.01432,,,,,,,,,,,,,,,,,,,,,,,,,,,,,,,,,,,,,,,,,,,,,,,,,,,High,High,High,,,,,
153,2026-09-25,16:51:28.70,3,2,"Wallace, Danny",10306264,Right,FOR_RAM,"Young, Caden",10264258,Right,FOR_RAM,Undefined,5,Bottom,1,0,1,Sinker,Sinker,BallCalled,Undefined,Undefined,Undefined,0,0,,87.5812,-1.986763,-5.083153,2068.316495,235.657333,1:45,5.8192,1.95337,6.02915,-26.92033,9.30756,12.03292,1.72793,-1.76369,80.75163,-6.976787,-2.928837,0.433204,,,,,,,,,,,,-7.4713,5.64599,-1.56144,50,5.64864,10.79035,-126.8147,-5.29085,-12.26431,23.98624,-22.906,FOR_RAM,FOR_RAM,FordhamUniversity,TeamExclusive,Team,20260925-FordhamUniversity-Private-2,d4992930-b922-11f1-93a8-090a75922668,87.00843,,,6.82957,,,,,,,19664ea5-8cf3-4660-9b31-69759f333a4e,2026-09-25,20:51:28.70,2026-09-25T16:51:28.7038464-04:00,2026-09-25T20:51:28.7038464Z,,v3,471298,471298,,"Velit, Liam",1000239563,Right,FOR_RAM,e84e64c9-a038-4acf-958d-8f295d1ef655,54.46977,-127.65733,11.99312,5.82037,-4.48617,-11.453,-1.94807,11.22119,-6.13216,,,,,,,,,,,,,,,,,,,,,,,,,,,,,,,,,,,,,,,,,,,,,,,,,,,High,High,High,,,,,
154,2026-09-25,16:52:30.28,3,3,"Wallace, Danny",10306264,Right,FOR_RAM,"Young, Caden",10264258,Right,FOR_RAM,Undefined,5,Bottom,1,1,1,Curveball,Curveball,InPlay,Undefined,FlyBall,Out,1,0,,76.00457,1.105829,-1.360269,2514.271491,63.046166,8:00,5.79317,1.97292,5.42771,-50.49892,-1.97835,-6.41508,2.62104,0.16409,70.87819,-8.054021,-2.502416,0.501342,78.0178,60.281717,-20.632738,,,,,,51.10067,,,2.94291,-0.95039,-1.8476,50,5.85542,2.85908,-110.53183,0.48631,3.69121,17.14331,-33.36612,FOR_RAM,FOR_RAM,FordhamUniversity,TeamExclusive,Team,20260925-FordhamUniversity-Private-2,f9577100-b922-11f1-93a8-090a75922668,75.18302,94.64058,,5.12639,,,,1.67988,2.40502,-0.12723,19664ea5-8cf3-4660-9b31-69759f333a4e,2026-09-25,20:52:30.28,2026-09-25T16:52:30.2803968-04:00,2026-09-25T20:52:30.2803968Z,,v3,471298,471298,,"Velit, Liam",1000239563,Right,FOR_RAM,28dfc5ae-0235-4d02-82bf-d14a920506ea,55.07479,-111.31614,8.57166,5.79825,2.01282,-16.68306,-1.97454,2.6902,1.8456,175.957606,1.67988,53.08658,-21.85692,7.36437,-1.96674,0.48931,-0.1122,0.02027,-0.00201,2.40502,99.37587,-26.27063,2.26899,-0.04058,-0.10398,0.04218,-0.00996,0.00114,-0.12723,-19.98856,6.05779,-1.82658,0.44873,-0.10404,0.02254,-0.00391,0.00038,,,,,,,,,,,,,,,,,,,,,,,High,High,High,Medium,Undefined,,,
155,2026-09-25,16:53:07.53,4,1,"Wallace, Danny",10306264,Right,FOR_RAM,"Markey, Tommy",10084492,Left,FOR_RAM,Undefined,5,Bottom,2,0,0,Curveball,Curveball,BallCalled,Undefined,Undefined,Undefined,0,0,markey good challenge,74.91749,0.460117,-0.921069,2494.729587,52.870393,7:45,5.80392,2.03226,5.47239,-56.64562,-6.96174,-10.85068,1.51409,0.26603,70.38369,-9.764754,-2.858237,0.507317,,,,,,,,,,,,5.28359,-3.24012,-1.94371,50,5.80518,2.14768,-109.05127,-0.97169,6.46692,16.22831,-36.13986,FOR_RAM,FOR_RAM,FordhamUniversity,TeamExclusive,Team,20260925-FordhamUniversity-Private-2,0f8f27b0-b923-11f1-93a8-090a75922668,74.29763,,,4.5338,,,,,,,19664ea5-8cf3-4660-9b31-69759f333a4e,2026-09-25,20:53:07.53,2026-09-25T16:53:07.5352576-04:00,2026-09-25T20:53:07.5352576Z,,v3,471298,471298,,"Velit, Liam",1000239563,Right,FOR_RAM,3e9a6ae0-7baa-49f3-adbe-05528a01b789,55.0314,-109.79746,8.11415,5.81166,0.69004,-18.06993,-2.03563,1.85033,3.23346,,,,,,,,,,,,,,,,,,,,,,,,,,,,,,,,,,,,,,,,,,,,,,,,,,,High,High,High,,,,,
156,2026-09-25,16:53:39.36,4,2,"Wallace, Danny",10306264,Right,FOR_RAM,"Markey, Tommy",10084492,Left,FOR_RAM,Undefined,5,Bottom,2,1,0,Sinker,Sinker,FoulBallNotFieldable,Undefined,Undefined,Undefined,0,0,,88.26631,-0.831159,-2.406532,2104.546612,239.534562,2:00,5.75563,2.08825,5.9074,-26.47175,9.6065,14.26694,2.77743,1.04209,80.25588,-5.776858,0.154218,0.432309,82.30172,34.318627,-32.745844,4653.135571,86.20686,53.70558,-68.3252,216.74462,101.39297,-45.223241,3.566822,-8.0376,5.52607,-1.9032,50,5.67381,4.78724,-128.07352,-2.73236,-13.25524,28.20705,-23.06069,FOR_RAM,FOR_RAM,FordhamUniversity,TeamExclusive,Team,20260925-FordhamUniversity-Private-2,227b0ec0-b923-11f1-93a8-090a75922668,87.18867,54.82842,,8.01043,,,,0.27305,2.44157,-1.10938,19664ea5-8cf3-4660-9b31-69759f333a4e,2026-09-25,20:53:39.36,2026-09-25T16:53:39.3651200-04:00,2026-09-25T20:53:39.3651200Z,FlyBall,v3,471298,471298,,"Velit, Liam",1000239563,Right,FOR_RAM,032222d3-0cc7-4932-a0f7-0a6b98fc7731,54.59081,-129.08065,14.10352,5.75667,-1.90898,-11.53034,-2.08258,5.26051,-6.62762,,0.27347,83.84329,-21.98613,5.36855,-1.42721,0.45637,-0.12083,0.01881,-0.00124,2.44123,68.05776,-26.71295,3.86081,-0.60181,-0.09309,0.07568,-0.01586,0.00119,-1.10951,-53.92356,6.18683,-1.54217,0.39445,-0.12604,0.03389,-0.00535,0.00035,,,,,,,,,,,,,,,,,,,,,,,High,High,High,Medium,Low,,,
157,2026-09-25,16:54:04.80,4,3,"Wallace, Danny",10306264,Right,FOR_RAM,"Markey, Tommy",10084492,Left,FOR_RAM,Undefined,5,Bottom,2,1,1,ChangeUp,Changeup,StrikeCalled,Undefined,Undefined,Undefined,0,0,,82.80072,-1.492927,-2.588371,1785.636359,206.828067,1:00,5.33578,2.40044,5.95719,-25.46324,15.00013,6.9693,1.82767,0.57929,76.27578,-6.24878,-1.337149,0.457828,,,,,,,,,,,,-4.25181,8.47111,-2.19867,50,5.20278,5.16601,-120.22265,-3.89354,-6.26183,21.93881,-19.69828,FOR_RAM,FOR_RAM,FordhamUniversity,TeamExclusive,Team,20260925-FordhamUniversity-Private-2,31adbe60-b923-11f1-93a8-090a75922668,82.32881,,,6.52495,,,,,,,19664ea5-8cf3-4660-9b31-69759f333a4e,2026-09-25,20:54:04.80,2026-09-25T16:54:04.8078336-04:00,2026-09-25T20:54:04.8078336Z,,v3,471298,471298,,"Velit, Liam",1000239563,Right,FOR_RAM,752d459e-bc13-48a9-ae88-fcc0de4d41f4,54.541,-121.04848,10.96941,5.33539,-3.15205,-9.84914,-2.39757,5.40172,-3.13092,,,,,,,,,,,,,,,,,,,,,,,,,,,,,,,,,,,,,,,,,,,,,,,,,,,High,High,High,,,,,
158,2026-09-25,16:54:20.64,4,4,"Wallace, Danny",10306264,Right,FOR_RAM,"Markey, Tommy",10084492,Left,FOR_RAM,Undefined,5,Bottom,2,1,2,Curveball,Curveball,InPlay,Undefined,GroundBall,Out,1,0,,73.39806,0.991682,-0.452981,2675.147309,79.70509,8:45,5.66832,2.08293,5.8211,-53.31916,-1.26161,-15.90997,2.14716,0.33595,67.55455,-8.789347,-3.30874,0.519294,91.14327,-1.222931,19.49083,,,,,33.10636,31.46384,19.058186,0.247148,8.05304,-0.50134,-2.03615,50,5.71758,1.39011,-106.66412,0.2641,9.24122,19.01862,-32.74937,FOR_RAM,FOR_RAM,FordhamUniversity,TeamExclusive,Team,20260925-FordhamUniversity-Private-2,3b232930-b923-11f1-93a8-090a75922668,72.58401,2.1399,,5.8435,,,,1.5831,2.1399,-0.35786,19664ea5-8cf3-4660-9b31-69759f333a4e,2026-09-25,20:54:20.64,2026-09-25T16:54:20.6439936-04:00,2026-09-25T20:54:20.6439936Z,GroundBall,v3,471298,471298,,"Velit, Liam",1000239563,Right,FOR_RAM,b7aa8831-b411-49b9-9183-6fec9221a2f7,54.68005,-107.49535,9.50931,5.67475,1.69545,-16.37469,-2.08808,0.98621,4.62061,308.014788,1.58559,125.85395,-22.933,,,,,,,2.14266,-3.00162,-22.97715,,,,,,,-0.35919,44.6639,2.16191,,,,,,,,,,,,,,,,,,,,,,,,,,,,,High,High,High,High,High,,,