PitchNo,Date,Time,PAofInning,PitchofPA,Pitcher,PitcherId,PitcherThrows,PitcherTeam,Batter,BatterId,BatterSide,BatterTeam,PitcherSet,Inning,Top/Bottom,Outs,Balls,Strikes,TaggedPitchType,AutoPitchType,PitchCall,KorBB,TaggedHitType,PlayResult,OutsOnPlay,RunsScored,Notes,RelSpeed,VertRelAngle,HorzRelAngle,SpinRate,SpinAxis,Tilt,RelHeight,RelSide,Extension,VertBreak,InducedVertBreak,HorzBreak,PlateLocHeight,PlateLocSide,ZoneSpeed,VertApprAngle,HorzApprAngle,ZoneTime,ExitSpeed,Angle,Direction,HitSpinRate,PositionAt110X,PositionAt110Y,PositionAt110Z,Distance,LastTrackedDistance,Bearing,HangTime,pfxx,pfxz,x0,y0,z0,vx0,vy0,vz0,ax0,ay0,az0,HomeTeam,AwayTeam,Stadium,Level,League,GameID,PitchUID,EffectiveVelo,MaxHeight,MeasuredDuration,SpeedDrop,PitchLastMeasuredX,PitchLastMeasuredY,PitchLastMeasuredZ,ContactPositionX,ContactPositionY,ContactPositionZ,GameUID,UTCDate,UTCTime,LocalDateTime,UTCDateTime,AutoHitType,System,HomeTeamForeignID,AwayTeamForeignID,GameForeignID,Catcher,CatcherId,CatcherThrows,CatcherTeam,PlayID,PitchTrajectoryXc0,PitchTrajectoryXc1,PitchTrajectoryXc2,PitchTrajectoryYc0,PitchTrajectoryYc1,PitchTrajectoryYc2,PitchTrajectoryZc0,PitchTrajectoryZc1,PitchTrajectoryZc2,HitSpinAxis,HitTrajectoryXc0,HitTrajectoryXc1,HitTrajectoryXc2,HitTrajectoryXc3,HitTrajectoryXc4,HitTrajectoryXc5,HitTrajectoryXc6,HitTrajectoryXc7,HitTrajectoryXc8,HitTrajectoryYc0,HitTrajectoryYc1,HitTrajectoryYc2,HitTrajectoryYc3,HitTrajectoryYc4,HitTrajectoryYc5,HitTrajectoryYc6,HitTrajectoryYc7,HitTrajectoryYc8,HitTrajectoryZc0,HitTrajectoryZc1,HitTrajectoryZc2,HitTrajectoryZc3,HitTrajectoryZc4,HitTrajectoryZc5,HitTrajectoryZc6,HitTrajectoryZc7,HitTrajectoryZc8,ThrowSpeed,PopTime,ExchangeTime,TimeToBase,CatchPositionX,CatchPositionY,CatchPositionZ,ThrowPositionX,ThrowPositionY,ThrowPositionZ,BasePositionX,BasePositionY,BasePositionZ,ThrowTrajectoryXc0,ThrowTrajectoryXc1,ThrowTrajectoryXc2,ThrowTrajectoryYc0,ThrowTrajectoryYc1,ThrowTrajectoryYc2,ThrowTrajectoryZc0,ThrowTrajectoryZc1,ThrowTrajectoryZc2,PitchReleaseConfidence,PitchLocationConfidence,PitchMovementConfidence,HitLaunchConfidence,HitLandingConfidence,CatcherThrowCatchConfidence,CatcherThrowReleaseConfidence,CatcherThrowLocationConfidence
1,2026-04-28,15:04:51.19,1,1,"Chavez, Caden",1000258549,Left,FOR_RAM,"Link, Peter",836328,Right,SAC_PIO,Undefined,1,Top,0,0,0,Fastball,Changeup,BallCalled,Undefined,Undefined,Undefined,0,0,,85.14591,-2.792113,2.307561,1997.670537,137.185301,10:30,5.07119,-2.17021,6.05885,-25.21403,13.64627,-11.34694,0.3816,-0.97884,77.1801,-7.530276,0.26406,0.448667,,,,,,,,,,,,6.54717,8.32327,1.99683,50,4.84075,-4.51401,-123.34426,-6.77202,9.95558,27.50113,-19.51775,FOR_RAM,SAC_PIO,FordhamUniversity,D1,A10,20260428-FordhamUniversity-1,2295b400-4335-11f1-a27e-053988b4ee35,84.00974,,,7.9658,,,,,,,13ca75c8-bb5c-4445-823c-d5e13dddedc7,2026-04-28,19:04:51.19,2026-04-28T15:04:51.1907328-04:00,2026-04-28T19:04:51.1907328Z,,v3,471298,471423,4e64d94106064b97a0d56267f0d32905,"McAndrews, Thomas",836274,Right,FOR_RAM,c6ce6d13-5c2d-4dfe-b5b4-38a88184ffa4,54.43698,-124.32961,13.75057,5.07086,-6.07272,-9.75887,2.16495,-4.87071,4.97779,,,,,,,,,,,,,,,,,,,,,,,,,,,,,,,,,,,,,,,,,,,,,,,,,,,High,High,High,,,,,
2,2026-04-28,15:05:08.35,1,2,"Chavez, Caden",1000258549,Left,FOR_RAM,"Link, Peter",836328,Right,SAC_PIO,Undefined,1,Top,0,1,0,Fastball,Changeup,InPlay,Undefined,GroundBall,Out,1,0,,85.76568,-0.838234,2.470617,2051.664006,139.655507,10:45,5.06019,-1.99327,6.07239,-23.82001,14.67619,-11.22505,2.29877,-0.64115,76.9219,-5.368613,0.450656,0.446561,75.73752,10.35221,-18.080875,990.686479,,,,137.27321,129.61719,-20.306324,1.422256,6.66953,8.26768,1.80804,50,4.98279,-4.91867,-124.29817,-2.51395,10.20689,29.97803,-19.5214,FOR_RAM,SAC_PIO,FordhamUniversity,D1,A10,20260428-FordhamUniversity-1,2cd6d340-4335-11f1-a27e-053988b4ee35,84.4061,8.6583,,8.84379,,,,2.60986,2.40291,0.6699,13ca75c8-bb5c-4445-823c-d5e13dddedc7,2026-04-28,19:05:08.35,2026-04-28T15:05:08.3577344-04:00,2026-04-28T19:05:08.3577344Z,GroundBall,v3,471298,471423,4e64d94106064b97a0d56267f0d32905,"McAndrews, Thomas",836274,Right,FOR_RAM,82bcbac1-250e-43e4-afc5-517c405e0e23,54.42445,-125.36072,14.98902,5.05964,-1.82204,-9.7607,1.98879,-5.28045,5.10345,113.225825,2.60986,103.87732,-12.40949,1.59372,-0.32548,0.05042,-0.00799,0.00131,-0.00013,2.40291,19.9612,-16.58347,1.13648,-0.17248,0.03927,-0.0056,0.00063,-6E-05,0.6699,-33.91397,-0.4069,0.36252,-0.09815,0.02328,-0.00429,0.00068,-6E-05,,,,,,,,,,,,,,,,,,,,,,,High,High,High,High,Medium,,,
3,2026-04-28,15:05:44.56,2,1,"Chavez, Caden",1000258549,Left,FOR_RAM,"Donohue, Gavin",1000302007,Right,SAC_PIO,Undefined,1,Top,1,0,0,Fastball,Changeup,StrikeSwinging,Undefined,Undefined,Undefined,0,0,,84.38795,-0.765679,2.041253,1873.344412,146.797455,11:00,5.12147,-2.0722,6.13928,-24.8499,15.08938,-8.825,2.34255,-0.92038,75.17591,-5.512576,0.450641,0.454853,,,,,,,,,,,,5.24382,8.50831,1.92074,50,5.0505,-3.99565,-122.20045,-2.33138,7.7061,30.39463,-19.67061,FOR_RAM,SAC_PIO,FordhamUniversity,D1,A10,20260428-FordhamUniversity-1,4271d4c0-4335-11f1-a27e-053988b4ee35,82.86723,,,9.21205,,,,,,,13ca75c8-bb5c-4445-823c-d5e13dddedc7,2026-04-28,19:05:44.56,2026-04-28T15:05:44.5687808-04:00,2026-04-28T19:05:44.5687808Z,,v3,471298,471423,4e64d94106064b97a0d56267f0d32905,"McAndrews, Thomas",836274,Right,FOR_RAM,ab11af88-d0ac-4e71-b7c3-cfa07d3a2ff7,54.35285,-123.27837,15.19732,5.1208,-1.63378,-9.83531,2.06729,-4.26894,3.85305,,,,,,,,,,,,,,,,,,,,,,,,,,,,,,,,,,,,,,,,,,,,,,,,,,,High,High,High,,,,,
4,2026-04-28,15:05:59.92,2,2,"Chavez, Caden",1000258549,Left,FOR_RAM,"Donohue, Gavin",1000302007,Right,SAC_PIO,Undefined,1,Top,1,0,1,Fastball,Four-Seam,BallCalled,Undefined,Undefined,Undefined,0,0,,85.6893,-2.150938,2.742811,1970.18808,146.956301,11:00,5.0717,-1.97678,6.15122,-22.88316,15.68095,-9.22922,1.1742,-0.20973,76.86552,-6.509298,1.079756,0.446954,,,,,,,,,,,,5.70953,9.26768,1.77275,50,4.89635,-5.57468,-124.06092,-5.30931,8.69718,30.05057,-18.05683,FOR_RAM,SAC_PIO,FordhamUniversity,D1,A10,20260428-FordhamUniversity-1,4b89b640-4335-11f1-a27e-053988b4ee35,84.33175,,,8.82379,,,,,,,13ca75c8-bb5c-4445-823c-d5e13dddedc7,2026-04-28,19:05:59.92,2026-04-28T15:05:59.9220224-04:00,2026-04-28T19:05:59.9220224Z,,v3,471298,471423,4e64d94106064b97a0d56267f0d32905,"McAndrews, Thomas",836274,Right,FOR_RAM,1a6a764d-a5b8-4bcd-b95f-70d8249b5733,54.3439,-125.10869,15.02528,5.0705,-4.67972,-9.02842,1.9724,-5.87792,4.34859,,,,,,,,,,,,,,,,,,,,,,,,,,,,,,,,,,,,,,,,,,,,,,,,,,,High,High,High,,,,,
5,2026-04-28,15:06:14.78,2,3,"Chavez, Caden",1000258549,Left,FOR_RAM,"Donohue, Gavin",1000302007,Right,SAC_PIO,Undefined,1,Top,1,1,1,Curveball,Curveball,FoulBallNotFieldable,Undefined,Undefined,Undefined,0,0,,73.66623,1.900526,0.777361,2190.86711,322.75562,4:45,5.34048,-1.87798,5.3119,-65.33763,-11.64351,10.35355,1.68033,-0.28551,66.67969,-9.975372,2.6196,0.527394,,,,,,,,,,,,-4.95359,-6.03331,1.79954,50,5.46507,-1.83459,-106.74774,1.39915,-5.58439,22.31324,-38.97565,FOR_RAM,SAC_PIO,FordhamUniversity,D1,A10,20260428-FordhamUniversity-1,5472bf90-4335-11f1-a27e-053988b4ee35,71.46929,,,6.98654,,,,,,,13ca75c8-bb5c-4445-823c-d5e13dddedc7,2026-04-28,19:06:14.78,2026-04-28T15:06:14.7861504-04:00,2026-04-28T19:06:14.7861504Z,,v3,471298,471423,4e64d94106064b97a0d56267f0d32905,"McAndrews, Thomas",836274,Right,FOR_RAM,5e675cc1-e1b8-4d6b-b44c-905d340dc244,55.18888,-107.8269,11.15662,5.35182,3.28418,-19.48783,1.88174,-1.5645,-2.79219,,,,,,,,,,,,,,,,,,,,,,,,,,,,,,,,,,,,,,,,,,,,,,,,,,,High,High,High,,,,,
6,2026-04-28,15:06:33.74,2,4,"Chavez, Caden",1000258549,Left,FOR_RAM,"Donohue, Gavin",1000302007,Right,SAC_PIO,Undefined,1,Top,1,1,2,Fastball,Four-Seam,StrikeSwinging,Strikeout,Undefined,Undefined,0,0,,86.07517,-0.728124,2.243411,2088.527737,157.691496,11:15,5.18188,-1.82573,6.36261,-20.87273,16.9995,-6.37666,2.77187,-0.29155,76.99788,-4.754073,1.089841,0.442927,,,,,,,,,,,,4.04575,9.48737,1.66593,50,5.11933,-4.62702,-124.73243,-2.12416,6.22906,30.40055,-17.56685,FOR_RAM,SAC_PIO,FordhamUniversity,D1,A10,20260428-FordhamUniversity-1,5fbd86a0-4335-11f1-a27e-053988b4ee35,85.09861,,,9.07729,,,,,,,13ca75c8-bb5c-4445-823c-d5e13dddedc7,2026-04-28,19:06:33.74,2026-04-28T15:06:33.7420000-04:00,2026-04-28T19:06:33.7420000Z,,v3,471298,471423,4e64d94106064b97a0d56267f0d32905,"McAndrews, Thomas",836274,Right,FOR_RAM,2001f793-ccdc-4760-ab76-528c517e51a4,54.12947,-125.73486,15.20028,5.17983,-1.54491,-8.78343,1.82189,-4.83242,3.11453,,,,,,,,,,,,,,,,,,,,,,,,,,,,,60.27835,3.05085,1.87817,1.172681,-2.40508,2.4422,0.22163,-2.9047,5.28029,3.51893,77.56009,5.99643,47.21895,-2.80982,76.32122,-6.66987,5.31986,16.39023,-13.49843,3.53461,39.11157,-1.5911,High,High,High,,,High,High,High
7,2026-04-28,15:07:07.58,3,1,"Chavez, Caden",1000258549,Left,FOR_RAM,"Rudolph, Will",1000236032,Right,SAC_PIO,Undefined,1,Top,2,0,0,Fastball,Four-Seam,StrikeCalled,Undefined,Undefined,Undefined,0,0,,86.01969,-1.600863,3.510386,2060.675489,159.50824,11:15,5.11831,-1.94636,6.22912,-19.54166,18.75005,-6.44193,2.00974,0.75952,76.82708,-5.376157,2.350172,0.445373,,,,,,,,,,,,4.52347,10.6643,1.68681,50,4.98878,-7.36757,-124.42582,-3.97918,6.91803,30.65467,-15.86447,FOR_RAM,SAC_PIO,FordhamUniversity,D1,A10,20260428-FordhamUniversity-1,73e17880-4335-11f1-a27e-053988b4ee35,84.63117,,,9.19261,,,,,,,13ca75c8-bb5c-4445-823c-d5e13dddedc7,2026-04-28,19:07:07.58,2026-04-28T15:07:07.5842560-04:00,2026-04-28T19:07:07.5842560Z,,v3,471298,471423,4e64d94106064b97a0d56267f0d32905,"McAndrews, Thomas",836274,Right,FOR_RAM,ef2817ea-066b-4138-816e-2dc0bc3221cf,54.26294,-125.47168,15.32733,5.11531,-3.43793,-7.93223,1.9422,-7.6036,3.45902,,,,,,,,,,,,,,,,,,,,,,,,,,,,,,,,,,,,,,,,,,,,,,,,,,,High,High,High,,,,,
8,2026-04-28,15:07:24.69,3,2,"Chavez, Caden",1000258549,Left,FOR_RAM,"Rudolph, Will",1000236032,Right,SAC_PIO,Undefined,1,Top,2,0,1,ChangeUp,Changeup,BallCalled,Undefined,Undefined,Undefined,0,0,,79.80674,2.582762,1.169375,1240.874037,67.610567,8:15,5.02542,-2.03456,6.00742,-49.67944,-3.69756,-14.17564,3.28041,-2.13233,69.54215,-6.719614,-1.380707,0.48805,,,,,,,,,,,,7.59162,-2.19543,1.94945,50,5.20343,-1.7632,-115.22197,3.57203,9.67913,31.66773,-34.97319,FOR_RAM,SAC_PIO,FordhamUniversity,D1,A10,20260428-FordhamUniversity-1,7e2270b0-4335-11f1-a27e-053988b4ee35,77.23061,,,10.2646,,,,,,,13ca75c8-bb5c-4445-823c-d5e13dddedc7,2026-04-28,19:07:24.69,2026-04-28T15:07:24.6916096-04:00,2026-04-28T19:07:24.6916096Z,,v3,471298,471423,4e64d94106064b97a0d56267f0d32905,"McAndrews, Thomas",836274,Right,FOR_RAM,96eee47f-b1bb-4f8a-9d35-373fcf2c6718,54.48099,-116.44702,15.83387,5.03907,4.92495,-17.48659,2.0249,-2.13762,4.83957,,,,,,,,,,,,,,,,,,,,,,,,,,,,,,,,,,,,,,,,,,,,,,,,,,,High,High,High,,,,,
9,2026-04-28,15:07:41.36,3,3,"Chavez, Caden",1000258549,Left,FOR_RAM,"Rudolph, Will",1000236032,Right,SAC_PIO,Undefined,1,Top,2,1,1,Curveball,Curveball,FoulBallNotFieldable,Undefined,Undefined,Undefined,0,0,,72.93662,2.098377,1.607977,2246.243209,321.031274,4:45,5.34332,-1.85885,5.41688,-66.62728,-11.65579,11.14788,1.7584,0.57684,65.62966,-10.050457,3.593446,0.53363,85.18356,17.981614,-57.715736,4031.085392,55.04389,19.05905,-95.23741,191.81708,128.18008,-63.459563,2.013503,-5.05937,-6.16055,1.70774,50,5.48315,-3.37177,-105.5914,1.74298,-5.53974,23.03143,-38.91951,FOR_RAM,SAC_PIO,FordhamUniversity,D1,A10,20260428-FordhamUniversity-1,881521d0-4335-11f1-a27e-053988b4ee35,70.63404,19.23756,,7.30695,,,,3.06107,1.93198,-0.18843,13ca75c8-bb5c-4445-823c-d5e13dddedc7,2026-04-28,19:07:41.36,2026-04-28T15:07:41.3687296-04:00,2026-04-28T19:07:41.3687296Z,LineDrive,v3,471298,471423,4e64d94106064b97a0d56267f0d32905,"McAndrews, Thomas",836274,Right,FOR_RAM,71ec7ebe-32aa-42a7-8644-561d99c6b015,55.08323,-106.69438,11.51572,5.35505,3.60685,-19.45976,1.86286,-3.10647,-2.76987,,3.06106,63.47248,-16.07325,3.63806,-1.02784,0.48203,-0.25273,0.08315,-0.01134,1.93199,38.56791,-23.7819,2.9827,-0.51935,-0.10427,0.15644,-0.06275,0.00911,-0.18843,-100.46197,10.95459,-2.35339,0.41615,0.02697,-0.07699,0.03234,-0.00472,,,,,,,,,,,,,,,,,,,,,,,High,High,High,Low,Low,,,
10,2026-04-28,15:08:06.20,3,4,"Chavez, Caden",1000258549,Left,FOR_RAM,"Rudolph, Will",1000236032,Right,SAC_PIO,Undefined,1,Top,2,1,2,Fastball,Four-Seam,BallCalled,Undefined,Undefined,Undefined,0,0,,86.11709,-1.716803,4.753585,1975.620686,159.940179,11:15,5.20513,-1.82331,6.44849,-19.43627,18.19497,-6.14193,2.00219,2.04232,77.65435,-5.457485,3.646021,0.441515,,,,,,,,,,,,4.7067,10.43371,1.48825,50,5.07413,-10.1159,-124.54993,-4.22744,7.28482,28.44354,-16.02524,FOR_RAM,SAC_PIO,FordhamUniversity,D1,A10,20260428-FordhamUniversity-1,96d9f470-4335-11f1-a27e-053988b4ee35,85.37066,,,8.46274,,,,,,,13ca75c8-bb5c-4445-823c-d5e13dddedc7,2026-04-28,19:08:06.20,2026-04-28T15:08:06.2098432-04:00,2026-04-28T19:08:06.2098432Z,,v3,471298,471423,4e64d94106064b97a0d56267f0d32905,"McAndrews, Thomas",836274,Right,FOR_RAM,63818ce9-e6f4-4b8b-a5d4-2d7a599c6a25,54.04584,-125.47048,14.22177,5.20255,-3.7088,-8.01262,1.81946,-10.35167,3.64241,,,,,,,,,,,,,,,,,,,,,,,,,,,,,,,,,,,,,,,,,,,,,,,,,,,High,High,High,,,,,
11,2026-04-28,15:08:27.06,3,5,"Chavez, Caden",1000258549,Left,FOR_RAM,"Rudolph, Will",1000236032,Right,SAC_PIO,Undefined,1,Top,2,2,2,Fastball,Four-Seam,BallCalled,Undefined,Undefined,Undefined,0,0,,86.15738,-2.548104,4.862798,2020.995365,149.063868,11:00,5.06478,-2.00363,6.32992,-20.17572,17.69977,-9.75752,1.02706,1.67184,77.6051,-6.413977,3.106513,0.442946,,,,,,,,,,,,6.65555,10.44552,1.65265,50,4.86865,-10.21019,-124.5051,-6.08671,10.27226,28.90095,-16.05228,FOR_RAM,SAC_PIO,FordhamUniversity,D1,A10,20260428-FordhamUniversity-1,a34df940-4335-11f1-a27e-053988b4ee35,85.09489,,,8.55229,,,,,,,13ca75c8-bb5c-4445-823c-d5e13dddedc7,2026-04-28,19:08:27.06,2026-04-28T15:08:27.0698496-04:00,2026-04-28T19:08:27.0698496Z,,v3,471298,471423,4e64d94106064b97a0d56267f0d32905,"McAndrews, Thomas",836274,Right,FOR_RAM,f1f9b410-eda1-4848-ba21-0e77e9534808,54.16581,-125.46837,14.45048,5.0626,-5.55169,-8.02614,1.99866,-10.55257,5.13613,,,,,,,,,,,,,,,,,,,,,,,,,,,,,,,,,,,,,,,,,,,,,,,,,,,High,High,High,,,,,
12,2026-04-28,15:08:46.30,3,6,"Chavez, Caden",1000258549,Left,FOR_RAM,"Rudolph, Will",1000236032,Right,SAC_PIO,Undefined,1,Top,2,3,2,Fastball,Changeup,InPlay,Undefined,GroundBall,Single,0,0,,84.55897,-0.156881,2.574044,1955.600171,141.181682,10:45,5.17106,-2.14631,6.19664,-26.93387,12.04075,-8.61347,2.7816,-0.48625,76.68103,-5.237668,1.020891,0.449327,101.59479,-1.415676,16.487761,1924.695592,,,,40.10573,40.10573,19.50548,0.278298,5.23292,6.67697,1.95671,50,5.14576,-5.17947,-122.6886,-1.12834,7.90148,26.39446,-22.09211,FOR_RAM,SAC_PIO,FordhamUniversity,D1,A10,20260428-FordhamUniversity-1,aec6d530-4335-11f1-a27e-053988b4ee35,83.88647,2.64976,,7.87794,,,,0.14785,2.64976,0.47349,13ca75c8-bb5c-4445-823c-d5e13dddedc7,2026-04-28,19:08:46.30,2026-04-28T15:08:46.3099392-04:00,2026-04-28T19:08:46.3099392Z,GroundBall,v3,471298,471423,4e64d94106064b97a0d56267f0d32905,"McAndrews, Thomas",836274,Right,FOR_RAM,3873e27e-ef90-4cf6-b84d-706157ac46ea,54.29989,-123.61018,13.19723,5.17169,-0.35698,-11.04606,2.14237,-5.45536,3.95074,284.739241,0.15068,142.7008,-26.6339,,,,,,,2.6527,-3.8214,-20.55585,,,,,,,0.46815,42.53253,14.09253,,,,,,,,,,,,,,,,,,,,,,,,,,,,,High,High,High,High,High,,,
13,2026-04-28,15:09:21.07,4,1,"Chavez, Caden",1000258549,Left,FOR_RAM,"Donohue, Ronan",10108737,Right,SAC_PIO,Undefined,1,Top,2,0,0,ChangeUp,Slider,BallCalled,Undefined,Undefined,Undefined,0,0,,80.43243,2.063203,3.197396,988.357592,116.134877,9:45,5.17574,-1.99223,6.05526,-36.27085,8.13497,-12.85725,4.06672,-0.101,71.18029,-4.779708,0.88842,0.479613,,,,,,,,,,,,7.69201,3.97256,1.74983,50,5.31769,-5.97762,-116.2359,3.10663,10.18857,28.24336,-26.91214,FOR_RAM,SAC_PIO,FordhamUniversity,D1,A10,20260428-FordhamUniversity-1,c3875530-4335-11f1-a27e-053988b4ee35,78.5892,,,9.25214,,,,,,,13ca75c8-bb5c-4445-823c-d5e13dddedc7,2026-04-28,19:09:21.07,2026-04-28T15:09:21.0765824-04:00,2026-04-28T19:09:21.0765824Z,,v3,471298,471423,4e64d94106064b97a0d56267f0d32905,"McAndrews, Thomas",836274,Right,FOR_RAM,e4ad838d-b637-451b-b8cd-e2ccc0674d37,54.43593,-117.30881,14.12168,5.18026,4.12896,-13.45607,1.98425,-6.36467,5.09428,,,,,,,,,,,,,,,,,,,,,,,,,,,,,,,,,,,,,,,,,,,,,,,,,,,High,High,High,,,,,
14,2026-04-28,15:09:37.05,4,2,"Chavez, Caden",1000258549,Left,FOR_RAM,"Donohue, Ronan",10108737,Right,SAC_PIO,Undefined,1,Top,2,1,0,Fastball,Changeup,StrikeCalled,Undefined,Undefined,Undefined,0,0,,85.35281,-1.250791,4.007037,1969.115561,143.242912,10:45,5.11809,-2.0489,6.23049,-20.8547,17.98863,-12.30182,2.22325,0.62874,76.30087,-5.266773,1.792465,0.448569,,,,,,,,,,,,7.67166,10.14745,1.75481,50,5.01413,-8.14534,-123.44792,-3.243,11.57131,29.74489,-16.86847,FOR_RAM,SAC_PIO,FordhamUniversity,D1,A10,20260428-FordhamUniversity-1,ccfd0e20-4335-11f1-a27e-053988b4ee35,84.02811,,,9.05194,,,,,,,13ca75c8-bb5c-4445-823c-d5e13dddedc7,2026-04-28,19:09:37.05,2026-04-28T15:09:37.0542592-04:00,2026-04-28T19:09:37.0542592Z,,v3,471298,471423,4e64d94106064b97a0d56267f0d32905,"McAndrews, Thomas",836274,Right,FOR_RAM,cf1660d2-0905-48f8-881f-dc33265e3105,54.26241,-124.47071,14.87244,5.11567,-2.66297,-8.43423,2.04174,-8.54323,5.78565,,,,,,,,,,,,,,,,,,,,,,,,,,,,,,,,,,,,,,,,,,,,,,,,,,,High,High,High,,,,,
15,2026-04-28,15:09:59.99,4,3,"Chavez, Caden",1000258549,Left,FOR_RAM,"Donohue, Ronan",10108737,Right,SAC_PIO,Undefined,1,Top,2,1,1,Curveball,Curveball,BallCalled,Undefined,Undefined,Undefined,0,0,,73.59655,2.842754,0.213544,2105.296883,332.17105,5:00,5.32798,-1.88509,5.5579,-61.19117,-8.16902,5.2991,2.88692,-1.24398,66.68916,-8.358971,1.159484,0.524083,,,,,,,,,,,,-2.58142,-4.37693,1.86317,50,5.534,-0.59733,-106.65055,3.32914,-2.92768,20.96285,-37.13807,FOR_RAM,SAC_PIO,FordhamUniversity,D1,A10,20260428-FordhamUniversity-1,daa8f6b0-4335-11f1-a27e-053988b4ee35,71.92073,,,6.90738,,,,,,,13ca75c8-bb5c-4445-823c-d5e13dddedc7,2026-04-28,19:09:59.99,2026-04-28T15:09:59.9916544-04:00,2026-04-28T19:09:59.9916544Z,,v3,471298,471423,4e64d94106064b97a0d56267f0d32905,"McAndrews, Thomas",836274,Right,FOR_RAM,05aa970b-756d-4591-98ce-01a450541d2f,54.94052,-107.61726,10.48143,5.34099,5.04178,-18.56904,1.8876,-0.46232,-1.46384,,,,,,,,,,,,,,,,,,,,,,,,,,,,,,,,,,,,,,,,,,,,,,,,,,,High,High,High,,,,,
16,2026-04-28,15:10:18.74,4,4,"Chavez, Caden",1000258549,Left,FOR_RAM,"Donohue, Ronan",10108737,Right,SAC_PIO,Undefined,1,Top,2,2,1,Fastball,Four-Seam,StrikeCalled,Undefined,Undefined,Undefined,0,0,,85.5991,-2.068062,3.918716,1984.939424,145.690594,10:45,5.16794,-2.04633,6.20575,-20.99375,17.50379,-10.95178,1.50434,0.66364,76.97085,-6.085908,1.947526,0.446568,,,,,,,,,,,,6.93835,10.15308,1.7569,50,5.00178,-8.04514,-123.84092,-5.04504,10.57947,28.92067,-16.69281,FOR_RAM,SAC_PIO,FordhamUniversity,D1,A10,20260428-FordhamUniversity-1,e5d623a0-4335-11f1-a27e-053988b4ee35,84.40466,,,8.62825,,,,,,,13ca75c8-bb5c-4445-823c-d5e13dddedc7,2026-04-28,19:10:18.74,2026-04-28T15:10:18.7405824-04:00,2026-04-28T19:10:18.7405824Z,,v3,471298,471423,4e64d94106064b97a0d56267f0d32905,"McAndrews, Thomas",836274,Right,FOR_RAM,8e81cff8-a9b1-4d9c-bd7f-2010e397f59d,54.2892,-124.83856,14.46033,5.16588,-4.46921,-8.3464,2.04072,-8.41009,5.28974,,,,,,,,,,,,,,,,,,,,,,,,,,,,,,,,,,,,,,,,,,,,,,,,,,,High,High,High,,,,,
17,2026-04-28,15:10:36.52,4,5,"Chavez, Caden",1000258549,Left,FOR_RAM,"Donohue, Ronan",10108737,Right,SAC_PIO,Undefined,1,Top,2,2,2,Slider,Slider,StrikeSwinging,Strikeout,Undefined,Undefined,0,0,,80.78779,-0.674832,1.987496,2019.829339,185.491115,12:15,5.15333,-2.16743,5.74473,-35.42041,8.72339,0.67232,1.57293,-0.26021,72.39072,-7.277028,2.107839,0.478196,,,,,,,,,,,,0.36232,5.21575,2.0018,50,5.07629,-4.0851,-116.92128,-2.50212,0.48897,27.20055,-25.13515,FOR_RAM,SAC_PIO,FordhamUniversity,D1,A10,20260428-FordhamUniversity-1,f0762bc0-4335-11f1-a27e-053988b4ee35,78.82209,,,8.39707,,,,,,,13ca75c8-bb5c-4445-823c-d5e13dddedc7,2026-04-28,19:10:36.52,2026-04-28T15:10:36.5260000-04:00,2026-04-28T19:10:36.5260000Z,,v3,471298,471423,4e64d94106064b97a0d56267f0d32905,"McAndrews, Thomas",836274,Right,FOR_RAM,cb878ca3-6881-4c85-9dce-ec486686b79d,54.74667,-118.02038,13.60028,5.15687,-1.48648,-12.56758,2.16726,-4.10486,0.24448,,,,,,,,,,,,,,,,,,,,,,,,,,,,,45.55145,,1.941606,,-1.47979,1.19234,0.15344,-2.64753,5.97424,5.37961,,,,-2.62649,52.48835,-2.57938,6.0519,21.39131,-16.18845,5.36278,-34.38824,1.81568,High,High,High,,,High,Medium,Low
18,2026-04-28,15:13:20.55,1,1,"Emrich, Aidan",1000214374,Right,SAC_PIO,"Kirk, Taylor",1000367095,Right,FOR_RAM,Undefined,1,Bottom,0,0,0,Fastball,Sinker,StrikeCalled,Undefined,Undefined,Undefined,0,0,,86.92309,-1.628228,-2.775606,2028.50965,221.859165,1:30,5.76664,1.29487,5.55228,-21.4843,16.6954,13.66997,2.45266,-0.16154,78.11015,-5.689297,-0.340074,0.444721,,,,,,,,,,,,-7.76638,9.36532,-1.06376,50,5.6119,5.49226,-125.78304,-4.2515,-12.22474,29.67547,-17.43246,FOR_RAM,SAC_PIO,FordhamUniversity,D1,A10,20260428-FordhamUniversity-1,522d6e00-4336-11f1-a27e-053988b4ee35,84.75524,,,8.81294,,,,,,,13ca75c8-bb5c-4445-823c-d5e13dddedc7,2026-04-28,19:13:20.55,2026-04-28T15:13:20.5561856-04:00,2026-04-28T19:13:20.5561856Z,,v3,471298,471423,4e64d94106064b97a0d56267f0d32905,"Bowes, Nathan",1000145608,Both,SAC_PIO,7efa6f43-d749-4e59-b38c-d3de084ac805,54.94213,-126.94367,14.83773,5.76484,-3.5697,-8.71623,-1.28792,5.97038,-6.11237,,,,,,,,,,,,,,,,,,,,,,,,,,,,,,,,,,,,,,,,,,,,,,,,,,,High,High,High,,,,,
19,2026-04-28,15:13:38.58,1,2,"Emrich, Aidan",1000214374,Right,SAC_PIO,"Kirk, Taylor",1000367095,Right,FOR_RAM,Undefined,1,Bottom,0,0,1,Slider,Slider,StrikeSwinging,Undefined,Undefined,Undefined,0,0,,80.6941,0.57128,-2.548186,2149.044006,209.100402,1:00,5.61601,1.63415,4.85967,-44.86983,2.70496,0.16272,2.41812,-0.76572,69.6415,-7.711073,-2.519555,0.496432,,,,,,,,,,,,-1.26595,1.81984,-1.383,50,5.63592,5.15476,-115.99771,-0.49765,-1.61845,34.11318,-29.84749,FOR_RAM,SAC_PIO,FordhamUniversity,D1,A10,20260428-FordhamUniversity-1,5cf2d870-4336-11f1-a27e-053988b4ee35,75.92667,,,11.0526,,,,,,,13ca75c8-bb5c-4445-823c-d5e13dddedc7,2026-04-28,19:13:38.58,2026-04-28T15:13:38.5875968-04:00,2026-04-28T19:13:38.5875968Z,,v3,471298,471423,4e64d94106064b97a0d56267f0d32905,"Bowes, Nathan",1000145608,Both,SAC_PIO,06f3699a-3fa2-4a8a-bc8e-111f238be3f4,55.62408,-117.64004,17.05659,5.62529,0.93931,-14.92375,-1.63304,5.23268,-0.80923,,,,,,,,,,,,,,,,,,,,,,,,,,,,,,,,,,,,,,,,,,,,,,,,,,,High,High,High,,,,,
20,2026-04-28,15:13:58.65,1,3,"Emrich, Aidan",1000214374,Right,SAC_PIO,"Kirk, Taylor",1000367095,Right,FOR_RAM,Undefined,1,Bottom,0,0,2,Fastball,Sinker,BallCalled,Undefined,Undefined,Undefined,0,0,,88.19161,-3.627061,-4.978166,2082.879986,220.52573,1:15,5.75194,1.38202,5.57582,-20.67352,16.38395,12.86418,0.62412,-2.20727,79.94896,-7.500932,-2.694425,0.438136,,,,,,,,,,,,-7.99071,9.77382,-0.96107,50,5.42499,10.51333,-127.21445,-8.75391,-12.97651,28.29804,-16.30189,FOR_RAM,SAC_PIO,FordhamUniversity,D1,A10,20260428-FordhamUniversity-1,68e21ce0-4336-11f1-a27e-053988b4ee35,86.02901,,,8.24265,,,,,,,13ca75c8-bb5c-4445-823c-d5e13dddedc7,2026-04-28,19:13:58.65,2026-04-28T15:13:58.6544128-04:00,2026-04-28T19:13:58.6544128Z,,v3,471298,471423,4e64d94106064b97a0d56267f0d32905,"Bowes, Nathan",1000145608,Both,SAC_PIO,d6e51f58-38a3-4a07-b455-0dd9fe06bc92,54.92034,-128.30428,14.14902,5.75003,-8.12608,-8.15095,-1.37558,11.01309,-6.48826,,,,,,,,,,,,,,,,,,,,,,,,,,,,,,,,,,,,,,,,,,,,,,,,,,,High,High,High,,,,,
21,2026-04-28,15:14:20.90,1,4,"Emrich, Aidan",1000214374,Right,SAC_PIO,"Kirk, Taylor",1000367095,Right,FOR_RAM,Undefined,1,Bottom,0,1,2,Slider,Curveball,InPlay,Undefined,GroundBall,Single,0,0,,80.65973,0.80088,-0.403157,2108.198881,30.099551,7:00,5.52865,1.58429,4.94645,-48.90089,-2.9898,-2.82437,2.21045,0.96794,71.82814,-8.112638,-0.902072,0.487675,60.11445,-83.09951,-70.69534,,,,,1.32548,1.13657,-59.877365,0.024946,1.23689,-1.21484,-1.54271,50,5.56647,0.94464,-116.60006,-0.19624,1.64714,28.59972,-33.79182,FOR_RAM,SAC_PIO,FordhamUniversity,D1,A10,20260428-FordhamUniversity-1,763fe570-4336-11f1-a27e-053988b4ee35,77.29012,2.19314,,8.83159,,,,0.57745,2.19314,-0.89598,13ca75c8-bb5c-4445-823c-d5e13dddedc7,2026-04-28,19:14:20.90,2026-04-28T15:14:20.9090560-04:00,2026-04-28T19:14:20.9090560Z,GroundBall,v3,471298,471423,4e64d94106064b97a0d56267f0d32905,"Bowes, Nathan",1000145608,Both,SAC_PIO,4ad620be-dfa2-4edb-9181-c9ee2d9d202f,55.54758,-117.95292,14.29986,5.53795,1.40223,-16.89591,-1.58555,0.86672,0.82357,,0.57739,3.51744,,,,,,,,2.1947,-87.91667,,,,,,,,-0.8958,-10.04161,,,,,,,,,,,,,,,,,,,,,,,,,,,,,,High,High,High,Low,Low,,,
22,2026-04-28,15:14:58.41,2,1,"Emrich, Aidan",1000214374,Right,SAC_PIO,"Grabau, Anthony",1000407420,Left,FOR_RAM,Undefined,1,Bottom,0,0,0,Fastball,Changeup,BallCalled,Undefined,Undefined,Undefined,0,0,,85.49725,0.586438,-1.838254,2005.067241,230.059337,1:45,5.71214,1.42406,5.76278,-24.02426,15.25367,16.41131,4.25623,1.08016,76.32827,-3.977669,1.098559,0.451072,,,,,,,,,,,,-8.87626,7.97166,-1.28139,50,5.74651,3.2611,-123.81091,0.54021,-13.46186,30.00785,-20.08417,FOR_RAM,SAC_PIO,FordhamUniversity,D1,A10,20260428-FordhamUniversity-1,8c87c8c0-4336-11f1-a27e-053988b4ee35,83.56193,,,9.16898,,,,,,,13ca75c8-bb5c-4445-823c-d5e13dddedc7,2026-04-28,19:14:58.41,2026-04-28T15:14:58.4153600-04:00,2026-04-28T19:14:58.4153600Z,,v3,471298,471423,4e64d94106064b97a0d56267f0d32905,"Bowes, Nathan",1000145608,Both,SAC_PIO,27204ad2-6849-4deb-a1b0-b6d8fbc0e1a4,54.73015,-124.95208,15.00393,5.71144,1.304,-10.04208,-1.41514,3.77304,-6.73093,,,,,,,,,,,,,,,,,,,,,,,,,,,,,,,,,,,,,,,,,,,,,,,,,,,High,High,High,,,,,
23,2026-04-28,15:15:18.14,2,2,"Emrich, Aidan",1000214374,Right,SAC_PIO,"Grabau, Anthony",1000407420,Left,FOR_RAM,Undefined,1,Bottom,0,1,0,Fastball,Changeup,BallCalled,Undefined,Undefined,Undefined,0,0,,86.48105,-1.574028,-3.531496,2015.753527,224.853522,1:30,5.6517,1.38983,5.62921,-23.50222,14.96174,13.45548,2.22136,-0.78816,77.8139,-5.99693,-1.13319,0.446373,,,,,,,,,,,,-7.9265,8.49823,-1.0975,50,5.50274,7.13495,-125.09527,-4.19024,-12.35411,29.10105,-18.92884,FOR_RAM,SAC_PIO,FordhamUniversity,D1,A10,20260428-FordhamUniversity-1,984f60f0-4336-11f1-a27e-053988b4ee35,84.44149,,,8.66715,,,,,,,13ca75c8-bb5c-4445-823c-d5e13dddedc7,2026-04-28,19:15:18.14,2026-04-28T15:15:18.1446144-04:00,2026-04-28T19:15:18.1446144Z,,v3,471298,471423,4e64d94106064b97a0d56267f0d32905,"Bowes, Nathan",1000145608,Both,SAC_PIO,000a63ac-ab9c-4338-bb49-29167045a50a,54.86575,-126.22212,14.55053,5.65081,-3.45728,-9.46442,-1.38304,7.61333,-6.17705,,,,,,,,,,,,,,,,,,,,,,,,,,,,,,,,,,,,,,,,,,,,,,,,,,,High,High,High,,,,,
24,2026-04-28,15:15:38.75,2,3,"Emrich, Aidan",1000214374,Right,SAC_PIO,"Grabau, Anthony",1000407420,Left,FOR_RAM,Undefined,1,Bottom,0,2,0,Fastball,Sinker,FoulBallNotFieldable,Undefined,Undefined,Undefined,0,0,,86.22999,-2.440472,-3.505456,2019.759425,224.566947,1:30,5.68795,1.4619,5.47894,-23.00584,15.95769,14.26788,1.48162,-0.63321,77.6222,-6.758802,-0.968746,0.449263,,,,,,,,,,,,-8.38331,9.27012,-1.16414,50,5.45817,7.02478,-124.66313,-6.06398,-12.96123,29.1611,-17.84173,FOR_RAM,SAC_PIO,FordhamUniversity,D1,A10,20260428-FordhamUniversity-1,a489df30-4336-11f1-a27e-053988b4ee35,83.89841,,,8.60779,,,,,,,13ca75c8-bb5c-4445-823c-d5e13dddedc7,2026-04-28,19:15:38.75,2026-04-28T15:15:38.7551744-04:00,2026-04-28T19:15:38.7551744Z,,v3,471298,471423,4e64d94106064b97a0d56267f0d32905,"Bowes, Nathan",1000145608,Both,SAC_PIO,3404be2b-6551-47d8-8f25-dd83e9d82c3f,55.018,-125.83147,14.58055,5.6868,-5.34915,-8.92086,-1.45599,7.54407,-6.48062,,,,,,,,,,,,,,,,,,,,,,,,,,,,,,,,,,,,,,,,,,,,,,,,,,,High,High,High,,,,,
25,2026-04-28,15:16:01.47,2,4,"Emrich, Aidan",1000214374,Right,SAC_PIO,"Grabau, Anthony",1000407420,Left,FOR_RAM,Undefined,1,Bottom,0,2,1,Slider,Slider,InPlay,Undefined,FlyBall,HomeRun,0,2,,79.29094,1.514179,-1.407584,1847.419748,316.023948,4:30,5.47945,1.78224,5.30374,-46.78636,0.54598,1.4715,3.00278,0.58324,69.85864,-7.129173,-1.146283,0.495166,95.60802,31.105067,31.544732,4108.664661,93.37976,63.0757,58.13966,370.15347,261.53463,35.599645,5.329005,-1.30532,0.21146,-1.65552,50,5.5836,2.75311,-114.52429,1.42446,-1.66052,29.44401,-31.90504,FOR_RAM,SAC_PIO,FordhamUniversity,D1,A10,20260428-FordhamUniversity-1,b2206b00-4336-11f1-a27e-053988b4ee35,76.12088,91.34832,,9.43231,,,,2.59025,3.09451,-0.66375,13ca75c8-bb5c-4445-823c-d5e13dddedc7,2026-04-28,19:16:01.47,2026-04-28T15:16:01.4753280-04:00,2026-04-28T19:16:01.4753280Z,FlyBall,v3,471298,471423,4e64d94106064b97a0d56267f0d32905,"Bowes, Nathan",1000145608,Both,SAC_PIO,26212377-69ab-4d51-9c27-8bb7ad7af348,55.18946,-115.8508,14.72201,5.48704,2.86185,-15.95252,-1.78125,2.82792,-0.83026,193.3932,2.59226,102.28555,-21.14864,4.98859,-0.99287,0.17355,-0.02541,0.00258,-0.00012,3.09525,72.41773,-16.04428,0.27995,0.29651,-0.16197,0.04131,-0.00513,0.00025,-0.66292,62.79785,-9.44283,2.00104,-0.35693,0.05823,-0.00901,0.00102,-5E-05,,,,,,,,,,,,,,,,,,,,,,,High,High,High,Medium,Medium,,,
26,2026-04-28,15:16:52.28,3,1,"Emrich, Aidan",1000214374,Right,SAC_PIO,"McAndrews, Thomas",836274,Right,FOR_RAM,Undefined,1,Bottom,0,0,0,Slider,Slider,BallCalled,Undefined,Undefined,Undefined,0,0,,79.20537,4.073581,-1.468883,1571.112569,147.703116,11:00,5.55813,1.49721,5.14623,-44.68904,3.82768,-0.96752,5.67702,0.03334,68.49377,-4.236684,-1.639745,0.501323,,,,,,,,,,,,-0.16776,0.90996,-1.35903,50,5.90739,2.96285,-113.83691,6.54789,-0.20892,30.80504,-31.04094,FOR_RAM,SAC_PIO,FordhamUniversity,D1,A10,20260428-FordhamUniversity-1,d075c4b0-4336-11f1-a27e-053988b4ee35,75.186,,,10.71161,,,,,,,13ca75c8-bb5c-4445-823c-d5e13dddedc7,2026-04-28,19:16:52.28,2026-04-28T15:16:52.2898944-04:00,2026-04-28T19:16:52.2898944Z,,v3,471298,471423,4e64d94106064b97a0d56267f0d32905,"Bowes, Nathan",1000145608,Both,SAC_PIO,b89c94e7-c327-4aac-9f3e-9f1d6c2ccb94,55.33731,-115.27217,15.40252,5.56862,7.99415,-15.52047,-1.4973,2.97258,-0.10446,,,,,,,,,,,,,,,,,,,,,,,,,,,,,,,,,,,,,,,,,,,,,,,,,,,High,High,High,,,,,
27,2026-04-28,15:17:10.56,3,2,"Emrich, Aidan",1000214374,Right,SAC_PIO,"McAndrews, Thomas",836274,Right,FOR_RAM,Undefined,1,Bottom,0,1,0,Fastball,Changeup,BallCalled,Undefined,Undefined,Undefined,0,0,,87.57231,0.807334,-1.707929,1935.42978,234.680184,1:45,5.68062,1.42612,5.46286,-24.53769,12.98032,16.43469,4.39183,1.19664,78.86037,-3.792067,1.216988,0.440851,,,,,,,,,,,,-8.71941,6.66044,-1.28693,50,5.73536,3.03571,-126.89078,0.95905,-14.0281,29.17307,-21.45851,FOR_RAM,SAC_PIO,FordhamUniversity,D1,A10,20260428-FordhamUniversity-1,db52fce0-4336-11f1-a27e-053988b4ee35,85.49935,,,8.71194,,,,,,,13ca75c8-bb5c-4445-823c-d5e13dddedc7,2026-04-28,19:17:10.56,2026-04-28T15:17:10.5662976-04:00,2026-04-28T19:17:10.5662976Z,,v3,471298,471423,4e64d94106064b97a0d56267f0d32905,"Bowes, Nathan",1000145608,Both,SAC_PIO,289bfb27-a26d-4764-8c98-077e3770e3d1,55.03185,-128.04242,14.58654,5.68078,1.80614,-10.72926,-1.41769,3.58949,-7.01405,,,,,,,,,,,,,,,,,,,,,,,,,,,,,,,,,,,,,,,,,,,,,,,,,,,High,High,High,,,,,
28,2026-04-28,15:17:29.32,3,3,"Emrich, Aidan",1000214374,Right,SAC_PIO,"McAndrews, Thomas",836274,Right,FOR_RAM,Undefined,1,Bottom,0,2,0,Fastball,Changeup,FoulBallNotFieldable,Undefined,Undefined,Undefined,0,0,,86.54004,-1.520609,-2.819057,1795.903263,233.324974,1:45,5.68458,1.31052,5.55257,-25.29151,13.09816,15.70398,2.15405,-0.01707,78.08532,-6.249184,-0.02006,0.445942,,,,,,,,,,,,-8.77036,7.50827,-1.07697,50,5.5366,5.47724,-125.28591,-4.16778,-13.74185,28.66854,-20.40966,FOR_RAM,SAC_PIO,FordhamUniversity,D1,A10,20260428-FordhamUniversity-1,e67e2e00-4336-11f1-a27e-053988b4ee35,84.52313,,,8.45472,,,,,,,13ca75c8-bb5c-4445-823c-d5e13dddedc7,2026-04-28,19:17:29.32,2026-04-28T15:17:29.3265920-04:00,2026-04-28T19:17:29.3265920Z,,v3,471298,471423,4e64d94106064b97a0d56267f0d32905,"Bowes, Nathan",1000145608,Both,SAC_PIO,e1b49de8-6d90-4473-a019-f12d17865d75,54.94266,-126.41186,14.33427,5.68455,-3.36619,-10.20483,-1.30268,6.01695,-6.87093,,,,,,,,,,,,,,,,,,,,,,,,,,,,,,,,,,,,,,,,,,,,,,,,,,,High,High,High,,,,,
29,2026-04-28,15:18:03.43,3,4,"Emrich, Aidan",1000214374,Right,SAC_PIO,"McAndrews, Thomas",836274,Right,FOR_RAM,Undefined,1,Bottom,0,2,1,Slider,Slider,BallCalled,Undefined,Undefined,Undefined,0,0,,80.57974,2.843341,-0.874333,1978.234254,110.601356,9:45,5.47893,1.66312,5.20318,-43.81857,2.93449,-1.81658,4.50405,0.68936,69.70317,-5.311908,-1.195938,0.492126,,,,,,,,,,,,0.49587,0.94764,-1.58082,50,5.71097,1.85261,-115.98501,4.20946,0.63891,32.5887,-30.953,FOR_RAM,SAC_PIO,FordhamUniversity,D1,A10,20260428-FordhamUniversity-1,fad11f20-4336-11f1-a27e-053988b4ee35,76.59102,,,10.87657,,,,,,,13ca75c8-bb5c-4445-823c-d5e13dddedc7,2026-04-28,19:18:03.43,2026-04-28T15:18:03.4355712-04:00,2026-04-28T19:18:03.4355712Z,,v3,471298,471423,4e64d94106064b97a0d56267f0d32905,"Bowes, Nathan",1000145608,Both,SAC_PIO,13de726a-a4d5-47e2-a2d3-34c74e6d8629,55.28113,-117.45949,16.29435,5.48883,5.60994,-15.4765,-1.66399,1.8237,0.31946,,,,,,,,,,,,,,,,,,,,,,,,,,,,,,,,,,,,,,,,,,,,,,,,,,,High,High,High,,,,,
30,2026-04-28,15:18:21.32,3,5,"Emrich, Aidan",1000214374,Right,SAC_PIO,"McAndrews, Thomas",836274,Right,FOR_RAM,Undefined,1,Bottom,0,3,1,Fastball,Sinker,InPlay,Undefined,FlyBall,Out,1,0,,87.69296,-1.855495,-3.021559,1971.625086,218.27961,1:15,5.7971,1.23535,5.55366,-19.72623,17.70753,12.88276,2.41649,-0.51699,78.98069,-5.593683,-0.727303,0.440355,91.36211,45.335298,12.800032,4886.313173,104.25161,102.04977,35.09333,290.59965,247.18927,25.08032,5.83254,-7.51823,9.95422,-0.98283,50,5.62391,6.14212,-126.92504,-4.73028,-12.07305,29.76218,-16.18923,FOR_RAM,SAC_PIO,FordhamUniversity,D1,A10,20260428-FordhamUniversity-1,056f7990-4337-11f1-a27e-053988b4ee35,85.59557,124.14178,,8.71226,,,,1.69728,2.32499,0.48481,13ca75c8-bb5c-4445-823c-d5e13dddedc7,2026-04-28,19:18:21.32,2026-04-28T15:18:21.3222400-04:00,2026-04-28T19:18:21.3222400Z,FlyBall,v3,471298,471423,4e64d94106064b97a0d56267f0d32905,"Bowes, Nathan",1000145608,Both,SAC_PIO,a9f2edf8-e49e-4dd9-8040-c0b63d2c8f94,54.9433,-128.07893,14.88109,5.79514,-4.10261,-8.09461,-1.23004,6.61019,-6.03652,202.603975,1.70334,91.72978,-22.79751,5.1798,-0.50099,-0.10553,0.04245,-0.00534,0.00024,2.31855,95.40283,-22.15428,2.06222,-0.4685,0.09184,-0.00832,-3E-05,3E-05,0.48426,20.88392,2.30103,-1.03258,0.15281,0.01757,-0.01035,0.00145,-7E-05,,,,,,,,,,,,,,,,,,,,,,,High,High,High,Medium,Low,,,
31,2026-04-28,15:19:01.92,4,1,"Emrich, Aidan",1000214374,Right,SAC_PIO,"Donnelly, Joey",800885,Left,FOR_RAM,Undefined,1,Bottom,1,0,0,Fastball,Changeup,FoulBallNotFieldable,Undefined,Undefined,Undefined,0,0,,86.32005,-0.869055,-3.345229,1895.930764,226.494645,1:30,5.72515,1.28888,5.6438,-23.54899,14.83965,14.18383,2.95063,-0.65313,77.92514,-5.298497,-0.816078,0.445936,71.01882,28.737654,-171.90617,2132.007181,,,,,48.97252,,,-8.25079,8.19374,-1.01397,50,5.63658,6.70405,-125.00094,-2.64831,-12.88974,28.16527,-19.37338,FOR_RAM,SAC_PIO,FordhamUniversity,D1,A10,20260428-FordhamUniversity-1,1dac4f10-4337-11f1-a27e-053988b4ee35,84.52428,23.10128,,8.39491,,,,1.09285,2.91851,0.65156,13ca75c8-bb5c-4445-823c-d5e13dddedc7,2026-04-28,19:19:01.92,2026-04-28T15:19:01.9262464-04:00,2026-04-28T19:19:01.9262464Z,,v3,471298,471423,4e64d94106064b97a0d56267f0d32905,"Bowes, Nathan",1000145608,Both,SAC_PIO,fddc2027-9672-4023-9f36-7f5781e72095,54.85309,-126.0897,14.08264,5.72448,-1.89941,-9.68669,-1.28275,7.20232,-6.44487,358.93896,1.09285,-90.42156,6.98179,0.291,-0.12456,0.06313,-0.01546,0.00344,-0.0007,2.91851,50.08048,-27.81372,3.42326,-0.69114,0.14374,-0.02524,0.00579,-0.00106,0.65156,-12.85896,0.8692,-0.15201,0.02434,-0.00367,0.00077,-0.00063,0.00026,,,,,,,,,,,,,,,,,,,,,,,High,High,High,High,Undefined,,,
32,2026-04-28,15:19:25.82,4,2,"Emrich, Aidan",1000214374,Right,SAC_PIO,"Donnelly, Joey",800885,Left,FOR_RAM,Undefined,1,Bottom,1,0,1,ChangeUp,Changeup,InPlay,Undefined,GroundBall,Out,1,0,,82.63737,-0.611375,-2.76545,1504.291904,249.16228,2:15,5.67359,1.50087,5.35703,-34.44667,8.10095,17.09375,2.22899,0.32986,74.39483,-6.976414,0.271605,0.469471,,,,,,,,,,,,-9.53186,4.70567,-1.26497,50,5.59439,5.06216,-119.626,-2.45715,-13.54966,27.1699,-25.48489,FOR_RAM,SAC_PIO,FordhamUniversity,D1,A10,20260428-FordhamUniversity-1,2c05b5b0-4337-11f1-a27e-053988b4ee35,80.287,,,8.24254,,,,,,,13ca75c8-bb5c-4445-823c-d5e13dddedc7,2026-04-28,19:19:25.82,2026-04-28T15:19:25.8230784-04:00,2026-04-28T19:19:25.8230784Z,,v3,471298,471423,4e64d94106064b97a0d56267f0d32905,"Bowes, Nathan",1000145608,Both,SAC_PIO,853d98cd-b3ef-409f-9dc1-0034220ea710,55.14018,-120.78782,13.58495,5.67616,-1.36739,-12.74244,-1.49383,5.64156,-6.77483,,,,,,,,,,,,,,,,,,,,,,,,,,,,,,,,,,,,,,,,,,,,,,,,,,,High,High,High,,,,,
33,2026-04-28,15:20:00.31,5,1,"Emrich, Aidan",1000214374,Right,SAC_PIO,"Ocko, Madden",10300306,Right,FOR_RAM,Undefined,1,Bottom,2,0,0,Slider,Slider,BallCalled,Undefined,Undefined,Undefined,0,0,,79.22341,2.800569,-0.551972,1990.926859,69.803815,8:15,5.54972,1.48529,4.75237,-46.45443,1.56563,-1.09752,4.33673,0.87034,70.17144,-5.69383,-0.744733,0.49875,,,,,,,,,,,,0.32614,0.37492,-1.42885,50,5.79125,1.15074,-114.30855,3.86606,0.4183,27.07951,-31.6932,FOR_RAM,SAC_PIO,FordhamUniversity,D1,A10,20260428-FordhamUniversity-1,408730e0-4337-11f1-a27e-053988b4ee35,75.57382,,,9.05196,,,,,,,13ca75c8-bb5c-4445-823c-d5e13dddedc7,2026-04-28,19:20:00.31,2026-04-28T15:20:00.3135488-04:00,2026-04-28T19:20:00.3135488Z,,v3,471298,471423,4e64d94106064b97a0d56267f0d32905,"Bowes, Nathan",1000145608,Both,SAC_PIO,610a1ab4-7781-4267-a5b1-058a2971eec6,55.73855,-115.66001,13.53976,5.55884,5.44779,-15.8466,-1.48576,1.12987,0.20915,,,,,,,,,,,,,,,,,,,,,,,,,,,,,,,,,,,,,,,,,,,,,,,,,,,High,High,High,,,,,
34,2026-04-28,15:20:16.35,5,2,"Emrich, Aidan",1000214374,Right,SAC_PIO,"Ocko, Madden",10300306,Right,FOR_RAM,Undefined,1,Bottom,2,1,0,Slider,Slider,StrikeSwinging,Undefined,Undefined,Undefined,0,0,,80.08683,-0.870004,-2.974839,2123.167314,23.539492,6:45,5.60838,1.5687,5.17754,-46.45085,-0.4361,-0.97496,0.91768,-1.31422,71.99733,-9.329787,-3.147539,0.488225,,,,,,,,,,,,-0.57799,0.67488,-1.29102,50,5.49269,6.05583,-115.73108,-3.42398,-0.76315,26.92496,-31.28297,FOR_RAM,SAC_PIO,FordhamUniversity,D1,A10,20260428-FordhamUniversity-1,4a0cef60-4337-11f1-a27e-053988b4ee35,77.20302,,,8.0895,,,,,,,13ca75c8-bb5c-4445-823c-d5e13dddedc7,2026-04-28,19:20:16.35,2026-04-28T15:20:16.3593728-04:00,2026-04-28T19:20:16.3593728Z,,v3,471298,471423,4e64d94106064b97a0d56267f0d32905,"Bowes, Nathan",1000145608,Both,SAC_PIO,c6fca66d-6539-41f3-ae5e-ecf6656b10a4,55.31629,-116.96138,13.46248,5.61649,-1.99455,-15.64148,-1.56853,6.0907,-0.38158,,,,,,,,,,,,,,,,,,,,,,,,,,,,,,,,,,,,,,,,,,,,,,,,,,,High,High,High,,,,,
35,2026-04-28,15:20:39.31,5,3,"Emrich, Aidan",1000214374,Right,SAC_PIO,"Ocko, Madden",10300306,Right,FOR_RAM,Undefined,1,Bottom,2,1,1,Fastball,Four-Seam,FoulBallNotFieldable,Undefined,Undefined,Undefined,0,0,,87.434,-2.064962,-2.934078,2071.246032,214.745707,1:15,5.69563,1.28966,5.52559,-18.28473,19.56828,12.56658,2.23806,-0.4085,78.42576,-5.556419,-0.69736,0.442814,85.01337,19.064321,54.480109,5629.482466,55.13018,25.70309,95.1872,221.78834,127.64332,65.621988,2.549138,-7.30126,10.9639,-1.04297,50,5.50416,5.92504,-126.45787,-5.10556,-11.59672,30.39137,-14.75989,FOR_RAM,SAC_PIO,FordhamUniversity,D1,A10,20260428-FordhamUniversity-1,57b92610-4337-11f1-a27e-053988b4ee35,85.12019,25.91846,,9.00824,,,,-0.11618,1.87087,0.60389,13ca75c8-bb5c-4445-823c-d5e13dddedc7,2026-04-28,19:20:39.31,2026-04-28T15:20:39.3144320-04:00,2026-04-28T19:20:39.3144320Z,LineDrive,v3,471298,471423,4e64d94106064b97a0d56267f0d32905,"Bowes, Nathan",1000145608,Both,SAC_PIO,ee3cba79-33b9-4549-a2d4-8f90ef3dde0c,54.96933,-127.64655,15.19569,5.69256,-4.52826,-7.37994,-1.28359,6.37862,-5.79836,,-0.11613,68.46449,-21.11374,5.11733,-1.03637,0.12483,0.01702,-0.00979,0.00116,1.87076,40.73256,-18.38997,1.16731,-0.36206,0.27386,-0.13735,0.03423,-0.00336,0.60393,95.91513,-11.72544,3.04176,-0.55652,0.03321,0.02792,-0.0099,0.00107,,,,,,,,,,,,,,,,,,,,,,,High,High,High,Medium,Medium,,,
36,2026-04-28,15:21:03.59,5,4,"Emrich, Aidan",1000214374,Right,SAC_PIO,"Ocko, Madden",10300306,Right,FOR_RAM,Undefined,1,Bottom,2,1,2,Slider,Slider,InPlay,Undefined,GroundBall,Out,1,0,,81.1898,1.14119,-2.061924,1712.446709,172.668795,11:45,5.48979,1.75213,5.01678,-42.9888,3.14748,-0.12594,2.98523,-0.20514,70.77015,-6.804236,-2.084149,0.488869,83.35628,-13.577603,-34.650582,,,,,13.46317,4.1856,-29.360942,0.102552,-0.83213,1.65421,-1.55438,50,5.56559,4.21793,-117.00021,0.78513,-1.09394,32.65219,-29.99934,FOR_RAM,SAC_PIO,FordhamUniversity,D1,A10,20260428-FordhamUniversity-1,663f4200-4337-11f1-a27e-053988b4ee35,77.10128,2.95159,,10.41965,,,,1.68014,2.95159,0.34754,13ca75c8-bb5c-4445-823c-d5e13dddedc7,2026-04-28,19:21:03.59,2026-04-28T15:21:03.5923456-04:00,2026-04-28T19:21:03.5923456Z,GroundBall,v3,471298,471423,4e64d94106064b97a0d56267f0d32905,"Bowes, Nathan",1000145608,Both,SAC_PIO,3782fa80-608d-499d-9541-979cf23b1828,55.47312,-118.5178,16.3261,5.4967,2.17942,-14.99967,-1.7516,4.26878,-0.54697,180,1.67562,98.03465,,,,,,,,2.95291,-28.78132,,,,,,,,0.35066,-67.75739,,,,,,,,,,,,,,,,,,,,,,,,,,,,,,High,High,High,Low,Low,,,
37,2026-04-28,15:23:04.74,1,1,"Chavez, Caden",1000258549,Left,FOR_RAM,"Nolan, CJ",1000398229,Right,SAC_PIO,Undefined,2,Top,0,0,0,Fastball,Changeup,BallCalled,Undefined,Undefined,Undefined,0,0,,84.26794,-2.539434,1.431153,2005.449934,138.167656,10:30,5.20292,-1.98517,5.8762,-22.48741,17.60824,-14.41324,0.96818,-1.85681,75.94732,-6.799959,-1.156311,0.455743,,,,,,,,,,,,7.76721,10.2578,1.87748,50,4.98469,-2.44979,-122.04119,-6.05757,11.50907,27.94307,-16.97452,FOR_RAM,SAC_PIO,FordhamUniversity,D1,A10,20260428-FordhamUniversity-1,ae634680-4337-11f1-a27e-053988b4ee35,82.70547,,,8.32062,,,,,,,13ca75c8-bb5c-4445-823c-d5e13dddedc7,2026-04-28,19:23:04.74,2026-04-28T15:23:04.7439360-04:00,2026-04-28T19:23:04.7439360Z,,v3,471298,471423,4e64d94106064b97a0d56267f0d32905,"McAndrews, Thomas",836274,Right,FOR_RAM,02cae742-8042-4a5d-bc9b-559db15a3e1e,54.61784,-123.09397,13.97154,5.20086,-5.41803,-8.48726,1.97794,-2.88341,5.75453,,,,,,,,,,,,,,,,,,,,,,,,,,,,,,,,,,,,,,,,,,,,,,,,,,,High,High,High,,,,,
38,2026-04-28,15:23:21.13,1,2,"Chavez, Caden",1000258549,Left,FOR_RAM,"Nolan, CJ",1000398229,Right,SAC_PIO,Undefined,2,Top,0,1,0,Fastball,Changeup,BallCalled,Undefined,Undefined,Undefined,0,0,,83.99126,-0.13705,1.366375,1918.776182,128.199251,10:15,5.18453,-1.99451,5.96386,-26.39749,14.04922,-15.84276,2.85763,-2.04757,74.99791,-5.147816,-1.481192,0.457734,,,,,,,,,,,,8.47906,7.69737,1.89428,50,5.1593,-2.23782,-121.67622,-1.07007,12.39243,29.46058,-20.92412,FOR_RAM,SAC_PIO,FordhamUniversity,D1,A10,20260428-FordhamUniversity-1,b82830e0-4337-11f1-a27e-053988b4ee35,82.34575,,,8.99335,,,,,,,13ca75c8-bb5c-4445-823c-d5e13dddedc7,2026-04-28,19:23:21.13,2026-04-28T15:23:21.1302912-04:00,2026-04-28T19:23:21.1302912Z,,v3,471298,471423,4e64d94106064b97a0d56267f0d32905,"McAndrews, Thomas",836274,Right,FOR_RAM,8e207146-f456-434f-acc9-36315ec72163,54.52834,-122.76774,14.73029,5.18458,-0.29483,-10.46206,1.9857,-2.69696,6.19621,,,,,,,,,,,,,,,,,,,,,,,,,,,,,,,,,,,,,,,,,,,,,,,,,,,High,High,High,,,,,
39,2026-04-28,15:23:39.70,1,3,"Chavez, Caden",1000258549,Left,FOR_RAM,"Nolan, CJ",1000398229,Right,SAC_PIO,Undefined,2,Top,0,2,0,Fastball,Changeup,InPlay,Undefined,FlyBall,Out,1,0,,83.58718,-0.818139,2.881546,1980.132079,140.716687,10:45,5.19314,-2.12773,5.98199,-22.91726,17.50308,-13.12489,2.52402,-0.54829,75.42166,-5.177006,0.525142,0.457585,83.48316,54.714866,19.955109,,95.65322,125.00084,54.31798,214.40879,89.51748,33.625132,5.71922,7.65776,9.66847,1.90724,50,5.11593,-5.57879,-121.14626,-2.37588,11.22179,26.74752,-18.00576,FOR_RAM,SAC_PIO,FordhamUniversity,D1,A10,20260428-FordhamUniversity-1,c365b180-4337-11f1-a27e-053988b4ee35,82.37262,127.18141,,8.16551,,,,0.68436,2.3489,0.5328,13ca75c8-bb5c-4445-823c-d5e13dddedc7,2026-04-28,19:23:39.70,2026-04-28T15:23:39.7000704-04:00,2026-04-28T19:23:39.7000704Z,FlyBall,v3,471298,471423,4e64d94106064b97a0d56267f0d32905,"McAndrews, Thomas",836274,Right,FOR_RAM,882e8e0f-688f-4157-8eb5-2b00806c3ded,54.51445,-122.13892,13.37376,5.1917,-1.70765,-9.00288,2.12201,-5.99526,5.6109,198.984914,0.68436,66.4642,-19.2741,5.10232,-0.7275,-0.02539,0.03025,-0.00453,0.00022,2.34352,100.0295,-24.24739,2.41875,-0.43389,0.04683,0.00481,-0.00191,0.00014,0.53261,24.14583,0.22154,-0.49139,0.05823,0.03621,-0.01515,0.00222,-0.00011,,,,,,,,,,,,,,,,,,,,,,,High,High,High,Medium,Low,,,
40,2026-04-28,15:24:17.42,2,1,"Chavez, Caden",1000258549,Left,FOR_RAM,"Yorke, David",10089071,Right,SAC_PIO,Undefined,2,Top,1,0,0,Fastball,Changeup,StrikeCalled,Undefined,Undefined,Undefined,0,0,,85.40827,-2.176396,3.119014,2078.989284,144.49395,10:45,5.18738,-2.0728,6.13007,-19.37718,19.35261,-12.7604,1.55697,-0.25035,76.77353,-5.902908,0.822268,0.447913,,,,,,,,,,,,7.6015,11.12323,1.84071,50,5.01082,-6.22576,-123.65145,-5.21117,11.55112,28.91168,-15.27135,FOR_RAM,SAC_PIO,FordhamUniversity,D1,A10,20260428-FordhamUniversity-1,d9c90c10-4337-11f1-a27e-053988b4ee35,84.15116,,,8.63474,,,,,,,13ca75c8-bb5c-4445-823c-d5e13dddedc7,2026-04-28,19:24:17.42,2026-04-28T15:24:17.4273024-04:00,2026-04-28T19:24:17.4273024Z,,v3,471298,471423,4e64d94106064b97a0d56267f0d32905,"McAndrews, Thomas",836274,Right,FOR_RAM,eb962327-dd8b-45c3-9a02-e5e997db5389,54.36531,-124.66795,14.45584,5.1846,-4.67424,-7.63568,2.06674,-6.63189,5.77556,,,,,,,,,,,,,,,,,,,,,,,,,,,,,,,,,,,,,,,,,,,,,,,,,,,High,High,High,,,,,
41,2026-04-28,15:24:34.98,2,2,"Chavez, Caden",1000258549,Left,FOR_RAM,"Yorke, David",10089071,Right,SAC_PIO,Undefined,2,Top,1,0,1,Fastball,Changeup,BallCalled,Undefined,Undefined,Undefined,0,0,,85.44123,-0.439362,1.020046,2079.811491,139.517444,10:45,5.16805,-2.14385,5.91937,-22.80946,15.69202,-12.27532,2.85946,-2.2201,77.50742,-4.753174,-1.184472,0.446591,,,,,,,,,,,,6.54453,8.54886,2.06887,50,5.11998,-1.6983,-124.00649,-1.62748,10.10733,26.69318,-18.97121,FOR_RAM,SAC_PIO,FordhamUniversity,D1,A10,20260428-FordhamUniversity-1,e4399fc0-4337-11f1-a27e-053988b4ee35,84.40034,,,7.93381,,,,,,,13ca75c8-bb5c-4445-823c-d5e13dddedc7,2026-04-28,19:24:34.98,2026-04-28T15:24:34.9856768-04:00,2026-04-28T19:24:34.9856768Z,,v3,471298,471423,4e64d94106064b97a0d56267f0d32905,"McAndrews, Thomas",836274,Right,FOR_RAM,ab09a7a6-5234-4387-ae52-d6da54c2d000,54.57616,-124.98765,13.34659,5.16699,-0.93015,-9.4856,2.13812,-2.06982,5.05366,,,,,,,,,,,,,,,,,,,,,,,,,,,,,,,,,,,,,,,,,,,,,,,,,,,High,High,High,,,,,
42,2026-04-28,15:24:52.00,2,3,"Chavez, Caden",1000258549,Left,FOR_RAM,"Yorke, David",10089071,Right,SAC_PIO,Undefined,2,Top,1,1,1,Curveball,Curveball,StrikeCalled,Undefined,Undefined,Undefined,0,0,,73.19598,2.333588,0.480401,2093.589201,315.734762,4:30,5.46291,-1.89594,5.50442,-56.08475,-2.82032,4.45796,2.97293,-1.07514,66.82147,-7.927487,1.275253,0.525279,,,,,,,,,,,,-2.08976,-1.52473,1.85098,50,5.62934,-1.05608,-106.16117,2.55191,-2.36886,19.31538,-33.90239,FOR_RAM,SAC_PIO,FordhamUniversity,D1,A10,20260428-FordhamUniversity-1,ee6c6720-4337-11f1-a27e-053988b4ee35,71.75698,,,6.37451,,,,,,,13ca75c8-bb5c-4445-823c-d5e13dddedc7,2026-04-28,19:24:52.00,2026-04-28T15:24:52.0005632-04:00,2026-04-28T19:24:52.0005632Z,,v3,471298,471423,4e64d94106064b97a0d56267f0d32905,"McAndrews, Thomas",836274,Right,FOR_RAM,4a779b0d-4cdf-4256-a17a-6e2d11f2e6dd,54.99378,-107.0659,9.65769,5.47262,4.1399,-16.95119,1.89784,-0.94512,-1.18443,,,,,,,,,,,,,,,,,,,,,,,,,,,,,,,,,,,,,,,,,,,,,,,,,,,High,High,High,,,,,
43,2026-04-28,15:25:15.71,2,4,"Chavez, Caden",1000258549,Left,FOR_RAM,"Yorke, David",10089071,Right,SAC_PIO,Undefined,2,Top,1,1,2,Slider,Slider,BallCalled,Undefined,Undefined,Undefined,0,0,,80.76274,-1.013366,3.266295,2158.832834,205.859316,12:45,5.25615,-2.02862,5.63561,-38.10872,6.12894,2.16583,1.13336,1.20246,72.84746,-8.048169,3.652537,0.478704,,,,,,,,,,,,0.01425,3.92268,1.74923,50,5.14582,-6.75454,-116.84897,-3.3097,0.01927,26.41909,-26.86692,FOR_RAM,SAC_PIO,FordhamUniversity,D1,A10,20260428-FordhamUniversity-1,fc836d90-4337-11f1-a27e-053988b4ee35,78.73844,,,7.91528,,,,,,,13ca75c8-bb5c-4445-823c-d5e13dddedc7,2026-04-28,19:25:15.71,2026-04-28T15:25:15.7119488-04:00,2026-04-28T19:25:15.7119488Z,,v3,471298,471423,4e64d94106064b97a0d56267f0d32905,"McAndrews, Thomas",836274,Right,FOR_RAM,b6810f77-9b80-4e7f-8aec-3157b00fba27,54.86014,-117.94271,13.20954,5.25981,-2.19742,-13.43346,2.02888,-6.75533,0.00964,,,,,,,,,,,,,,,,,,,,,,,,,,,,,,,,,,,,,,,,,,,,,,,,,,,High,High,High,,,,,
44,2026-04-28,15:25:36.70,2,5,"Chavez, Caden",1000258549,Left,FOR_RAM,"Yorke, David",10089071,Right,SAC_PIO,Undefined,2,Top,1,2,2,Fastball,Changeup,BallCalled,Undefined,Undefined,Undefined,0,0,,85.20493,-0.68409,1.537313,2042.827255,138.527387,10:30,5.07082,-2.05857,6.07025,-22.86214,15.84757,-12.78327,2.53235,-1.70093,76.91247,-5.030867,-0.7647,0.447797,,,,,,,,,,,,7.00949,8.77154,1.94586,50,5.00572,-2.79345,-123.59643,-2.12801,10.69425,27.78215,-18.79153,FOR_RAM,SAC_PIO,FordhamUniversity,D1,A10,20260428-FordhamUniversity-1,09066680-4338-11f1-a27e-053988b4ee35,84.17299,,,8.29246,,,,,,,13ca75c8-bb5c-4445-823c-d5e13dddedc7,2026-04-28,19:25:36.70,2026-04-28T15:25:36.7023104-04:00,2026-04-28T19:25:36.7023104Z,,v3,471298,471423,4e64d94106064b97a0d56267f0d32905,"McAndrews, Thomas",836274,Right,FOR_RAM,d4a5c9f4-0ea8-4a7d-a6fd-fcd67dbb32c8,54.42444,-124.58699,13.89108,5.06964,-1.45801,-9.39576,2.05226,-3.17475,5.34712,,,,,,,,,,,,,,,,,,,,,,,,,,,,,,,,,,,,,,,,,,,,,,,,,,,High,High,High,,,,,
45,2026-04-28,15:25:54.40,2,6,"Chavez, Caden",1000258549,Left,FOR_RAM,"Yorke, David",10089071,Right,SAC_PIO,Undefined,2,Top,1,3,2,Fastball,Four-Seam,StrikeCalled,Strikeout,Undefined,Undefined,0,0,,85.68482,-2.092396,3.185496,2051.492715,147.778321,11:00,5.15225,-2.0449,6.08881,-18.70351,19.7571,-11.55056,1.65422,-0.0577,77.16038,-5.689843,1.10863,0.446354,,,,,,,,,,,,6.97095,11.26568,1.80495,50,4.98078,-6.43825,-124.06552,-5.02748,10.68917,28.57092,-14.8994,FOR_RAM,SAC_PIO,FordhamUniversity,D1,A10,20260428-FordhamUniversity-1,13c56850-4338-11f1-a27e-053988b4ee35,84.44517,,,8.52444,,,,,,,13ca75c8-bb5c-4445-823c-d5e13dddedc7,2026-04-28,19:25:54.40,2026-04-28T15:25:54.4000000-04:00,2026-04-28T19:25:54.4000000Z,,v3,471298,471423,4e64d94106064b97a0d56267f0d32905,"McAndrews, Thomas",836274,Right,FOR_RAM,1786975a-d1aa-4645-9ce2-511532c99daa,54.40673,-125.07622,14.28546,5.1493,-4.50041,-7.4497,2.0394,-6.81639,5.34459,,,,,,,,,,,,,,,,,,,,,,,,,,,,,58.70676,,,1.164014,,,,-2.56001,5.36048,4.87349,74.28404,7.71708,50.49411,-2.48895,71.85382,-5.06959,5.41429,18.88134,-14.52232,4.90019,41.68911,-2.1654,High,High,High,,,High,High,High
46,2026-04-28,15:26:24.63,3,1,"Chavez, Caden",1000258549,Left,FOR_RAM,"Wilson, Chris",1000507906,Right,SAC_PIO,Undefined,2,Top,2,0,0,Fastball,Changeup,StrikeCalled,Undefined,Undefined,Undefined,0,0,,83.78038,-0.119493,2.144568,1952.600629,129.577722,10:15,5.08767,-2.00767,5.98351,-26.96541,13.21111,-14.24887,2.72972,-1.20639,75.64056,-5.205093,-0.416177,0.456202,,,,,,,,,,,,7.92162,7.23926,1.84574,50,5.06352,-3.96885,-121.48915,-1.06113,11.68225,26.74899,-21.49809,FOR_RAM,SAC_PIO,FordhamUniversity,D1,A10,20260428-FordhamUniversity-1,258d8fe0-4338-11f1-a27e-053988b4ee35,82.6222,,,8.13982,,,,,,,13ca75c8-bb5c-4445-823c-d5e13dddedc7,2026-04-28,19:26:24.63,2026-04-28T15:26:24.6384640-04:00,2026-04-28T19:26:24.6384640Z,,v3,471298,471423,4e64d94106064b97a0d56267f0d32905,"McAndrews, Thomas",836274,Right,FOR_RAM,ab7eedd2-536d-40a7-9d98-662d2a8d285d,54.51144,-122.47843,13.3745,5.08806,-0.26605,-10.74905,2.00052,-4.4009,5.84113,,,,,,,,,,,,,,,,,,,,,,,,,,,,,,,,,,,,,,,,,,,,,,,,,,,High,High,High,,,,,
47,2026-04-28,15:26:40.07,3,2,"Chavez, Caden",1000258549,Left,FOR_RAM,"Wilson, Chris",1000507906,Right,SAC_PIO,Undefined,2,Top,2,0,1,Curveball,Curveball,FoulBallNotFieldable,Undefined,Undefined,Undefined,0,0,,73.04326,1.955409,1.552671,2134.593357,296.1764,3:45,5.38115,-1.76726,5.34411,-58.48543,-4.28425,12.53792,2.343,0.73438,66.44064,-8.704011,3.780322,0.529878,71.70636,61.927658,-86.738215,4277.009246,,,,,46.00798,,,-5.83351,-2.31488,1.61783,50,5.51533,-3.32877,-105.86367,1.75332,-6.52037,20.61207,-34.7615,FOR_RAM,SAC_PIO,FordhamUniversity,D1,A10,20260428-FordhamUniversity-1,2ec1fa10-4338-11f1-a27e-053988b4ee35,71.1342,75.66245,,6.60262,,,,2.99482,2.58033,-0.63102,13ca75c8-bb5c-4445-823c-d5e13dddedc7,2026-04-28,19:26:40.07,2026-04-28T15:26:40.0726016-04:00,2026-04-28T19:26:40.0726016Z,,v3,471298,471423,4e64d94106064b97a0d56267f0d32905,"McAndrews, Thomas",836274,Right,FOR_RAM,52b4a34a-6162-4846-8ec1-d4d1741bad2d,55.1559,-106.86283,10.30604,5.38949,3.43837,-17.38075,1.77153,-3.0127,-3.26019,,2.99482,2.81691,-7.78697,2.60417,-0.72945,-0.17699,0.96319,-0.88459,0.26862,2.58033,92.79625,-24.97632,2.64013,-0.43976,0.05533,-0.08588,0.09488,-0.03196,-0.63101,-49.41127,7.96482,-1.86862,0.38129,0.07913,-0.37681,0.33301,-0.09921,,,,,,,,,,,,,,,,,,,,,,,High,High,High,Low,Undefined,,,
48,2026-04-28,15:27:02.83,3,3,"Chavez, Caden",1000258549,Left,FOR_RAM,"Wilson, Chris",1000507906,Right,SAC_PIO,Undefined,2,Top,2,0,2,Fastball,Four-Seam,StrikeSwinging,Strikeout,Undefined,Undefined,0,0,,85.39379,-1.060273,3.992964,2058.841984,147.990367,11:00,5.27913,-1.89482,6.35166,-21.13399,17.498,-9.99627,2.53955,0.95345,76.3322,-5.134348,2.189631,0.447347,,,,,,,,,,,,6.51709,9.87123,1.60886,50,5.19205,-8.22139,-123.53644,-2.83124,9.83964,29.88574,-17.27026,FOR_RAM,SAC_PIO,FordhamUniversity,D1,A10,20260428-FordhamUniversity-1,3c5a5aa0-4338-11f1-a27e-053988b4ee35,84.25767,,,9.06159,,,,,,,13ca75c8-bb5c-4445-823c-d5e13dddedc7,2026-04-28,19:27:02.83,2026-04-28T15:27:02.8350000-04:00,2026-04-28T19:27:02.8350000Z,,v3,471298,471423,4e64d94106064b97a0d56267f0d32905,"McAndrews, Thomas",836274,Right,FOR_RAM,688f147c-cfde-444f-a7ed-6cde205f8127,54.14105,-124.53421,14.94287,5.27695,-2.25466,-8.63513,1.88883,-8.5499,4.91982,,,,,,,,,,,,,,,,,,,,,,,,,,,,,62.22669,,,1.119067,,,,-0.45959,5.42468,4.10345,76.36118,0.64327,-48.41932,-0.4476,73.81314,-4.67942,5.45248,14.15364,-16.62874,4.09156,-51.21111,3.88507,High,High,High,,,High,Medium,Low
49,2026-04-28,15:29:36.78,1,1,"Emrich, Aidan",1000214374,Right,SAC_PIO,"Dean, Mason",1000150670,Left,FOR_RAM,Undefined,2,Bottom,0,0,0,ChangeUp,Changeup,FoulBallNotFieldable,Undefined,Undefined,Undefined,0,0,,82.34192,-1.245846,-2.379372,1412.986692,247.101646,2:15,5.62228,1.37248,5.36034,-35.37766,7.19099,13.45461,1.50465,0.26115,74.73546,-7.747859,0.013255,0.469587,61.45259,-40.155617,109.647353,,,,,2.18832,2.21486,42.591292,0.028102,-7.52843,4.42315,-1.16871,50,5.48531,4.39925,-119.29147,-3.81432,-10.71442,25.59114,-25.87905,FOR_RAM,SAC_PIO,FordhamUniversity,D1,A10,20260428-FordhamUniversity-1,9819c010-4338-11f1-a27e-053988b4ee35,80.26716,1.63846,,7.60646,,,,2.26396,1.63846,-0.34787,13ca75c8-bb5c-4445-823c-d5e13dddedc7,2026-04-28,19:29:36.78,2026-04-28T15:29:36.7857664-04:00,2026-04-28T19:29:36.7857664Z,GroundBall,v3,471298,471423,4e64d94106064b97a0d56267f0d32905,"Bowes, Nathan",1000145608,Both,SAC_PIO,02ccd481-84d2-45a0-9213-6d0e6e07a5d9,55.13742,-120.38853,12.79557,5.62505,-2.70491,-12.93952,-1.36715,4.85857,-5.35721,,2.26429,-23.23418,,,,,,,,1.63928,-58.30406,,,,,,,,-0.34879,65.07892,,,,,,,,,,,,,,,,,,,,,,,,,,,,,,High,High,High,Low,Low,,,
50,2026-04-28,15:29:57.08,1,2,"Emrich, Aidan",1000214374,Right,SAC_PIO,"Dean, Mason",1000150670,Left,FOR_RAM,Undefined,2,Bottom,0,0,1,Fastball,Changeup,InPlay,Undefined,LineDrive,Out,1,0,,86.4384,-1.15008,-2.748311,1941.208067,236.883173,2:00,5.7021,1.26478,5.59014,-25.8486,12.44075,16.98836,2.47279,0.11229,78.20551,-5.977161,0.281915,0.445359,97.70839,22.792244,7.530243,2544.35209,109.32053,42.90887,12.20697,368.23653,363.71777,3.546195,4.355672,-9.453,7.048,-1.04015,50,5.58676,5.28379,-125.24212,-3.37484,-14.83878,28.05713,-21.11049,FOR_RAM,SAC_PIO,FordhamUniversity,D1,A10,20260428-FordhamUniversity-1,a42f9f50-4338-11f1-a27e-053988b4ee35,84.63379,59.54171,,8.23289,,,,1.09353,2.47899,-0.10011,13ca75c8-bb5c-4445-823c-d5e13dddedc7,2026-04-28,19:29:57.08,2026-04-28T15:29:57.0826240-04:00,2026-04-28T19:29:57.0826240Z,LineDrive,v3,471298,471423,4e64d94106064b97a0d56267f0d32905,"Bowes, Nathan",1000145608,Both,SAC_PIO,e33983a0-379a-460d-b217-e3d6779e8c1e,54.90714,-126.33665,14.02857,5.70235,-2.5513,-10.55525,-1.25757,5.86266,-7.41939,167.054914,1.09299,130.98921,-22.65616,5.37906,-1.22108,0.27781,-0.05233,0.00615,-0.00031,2.48031,55.48259,-13.77815,-0.23239,0.41208,-0.18058,0.04237,-0.00493,0.00022,-0.10029,17.31807,-5.69323,1.36424,-0.32908,0.07806,-0.01488,0.00174,-9E-05,,,,,,,,,,,,,,,,,,,,,,,High,High,High,High,High,,,
51,2026-04-28,15:30:32.34,2,1,"Emrich, Aidan",1000214374,Right,SAC_PIO,"Ford, Tim",1000142266,Right,FOR_RAM,Undefined,2,Bottom,1,0,0,Slider,Slider,BallCalled,Undefined,Undefined,Undefined,0,0,,80.34467,1.438411,-2.718647,1932.127775,291.527501,3:45,5.46905,1.52003,4.82201,-44.38172,1.6611,0.15787,3.13478,-1.04371,72.17734,-6.638854,-2.690912,0.488374,,,,,,,,,,,,-0.98784,0.87228,-1.25026,50,5.57427,5.50629,-116.10601,1.26401,-1.32228,25.67546,-31.00646,FOR_RAM,SAC_PIO,FordhamUniversity,D1,A10,20260428-FordhamUniversity-1,b92e12b0-4338-11f1-a27e-053988b4ee35,77.17949,,,8.16733,,,,,,,13ca75c8-bb5c-4445-823c-d5e13dddedc7,2026-04-28,19:30:32.34,2026-04-28T15:30:32.3492864-04:00,2026-04-28T19:30:32.3492864Z,,v3,471298,471423,4e64d94106064b97a0d56267f0d32905,"Bowes, Nathan",1000145608,Both,SAC_PIO,3f7ebfdc-f782-4c18-b930-1aa85a1d0e53,55.67228,-117.35367,12.83773,5.47624,2.77072,-15.50323,-1.51939,5.57054,-0.66114,,,,,,,,,,,,,,,,,,,,,,,,,,,,,,,,,,,,,,,,,,,,,,,,,,,High,High,High,,,,,
52,2026-04-28,15:30:47.66,2,2,"Emrich, Aidan",1000214374,Right,SAC_PIO,"Ford, Tim",1000142266,Right,FOR_RAM,Undefined,2,Bottom,1,1,0,Fastball,Sinker,StrikeCalled,Undefined,Undefined,Undefined,0,0,,87.3691,-0.886641,-3.644418,1970.057211,229.541297,1:45,5.71154,1.29731,5.52151,-22.10174,15.48304,16.59717,3.03903,-0.73151,78.97588,-5.041722,-0.692962,0.441243,,,,,,,,,,,,-9.388,8.45158,-0.99079,50,5.61978,7.30772,-126.45913,-2.67553,-15.06114,28.02574,-18.61518,FOR_RAM,SAC_PIO,FordhamUniversity,D1,A10,20260428-FordhamUniversity-1,c255d2b0-4338-11f1-a27e-053988b4ee35,85.42337,,,8.39322,,,,,,,13ca75c8-bb5c-4445-823c-d5e13dddedc7,2026-04-28,19:30:47.66,2026-04-28T15:30:47.6659200-04:00,2026-04-28T19:30:47.6659200Z,,v3,471298,471423,4e64d94106064b97a0d56267f0d32905,"Bowes, Nathan",1000145608,Both,SAC_PIO,bf8016e1-de09-45a8-bc4f-179c556eeee1,54.97372,-127.55664,14.01287,5.71028,-1.94655,-9.30759,-1.28852,7.89752,-7.53057,,,,,,,,,,,,,,,,,,,,,,,,,,,,,,,,,,,,,,,,,,,,,,,,,,,High,High,High,,,,,
53,2026-04-28,15:31:05.68,2,3,"Emrich, Aidan",1000214374,Right,SAC_PIO,"Ford, Tim",1000142266,Right,FOR_RAM,Undefined,2,Bottom,1,1,1,Fastball,Four-Seam,FoulBallNotFieldable,Undefined,Undefined,Undefined,0,0,,87.23509,-2.036376,-3.019873,2014.891042,216.393664,1:15,5.68429,1.16947,5.65712,-17.91084,19.75407,13.53623,2.28921,-0.52138,78.59053,-5.459441,-0.604817,0.441713,68.03245,35.435599,153.343114,4502.828335,-103.53982,32.61967,37.14124,156.0901,54.51108,164.487514,2.669062,-7.83721,11.07201,-0.92245,50,5.50071,6.0795,-126.26919,-5.01303,-12.46582,29.261,-14.56295,FOR_RAM,SAC_PIO,FordhamUniversity,D1,A10,20260428-FordhamUniversity-1,cd23a190-4338-11f1-a27e-053988b4ee35,85.33251,35.72324,,8.64457,,,,1.16595,2.23065,0.49426,13ca75c8-bb5c-4445-823c-d5e13dddedc7,2026-04-28,19:31:05.68,2026-04-28T15:31:05.6895488-04:00,2026-04-28T19:31:05.6895488Z,FlyBall,v3,471298,471423,4e64d94106064b97a0d56267f0d32905,"Bowes, Nathan",1000145608,Both,SAC_PIO,d7812f0d-084d-4530-bd25-5783b2d962a7,54.83925,-127.38568,14.6305,5.68138,-4.45736,-7.28147,-1.16349,6.55515,-6.23291,315.913883,1.16606,-72.66436,4.19823,0.71945,0.23333,-0.36255,0.20886,-0.05606,0.00568,2.23083,57.8414,-28.31424,3.23945,-0.31221,-0.11849,0.07623,-0.01538,0.00104,0.49428,36.47351,-10.47423,1.56883,-0.42183,0.19899,-0.10262,0.02971,-0.00327,,,,,,,,,,,,,,,,,,,,,,,High,High,High,High,Low,,,
54,2026-04-28,15:31:25.66,2,4,"Emrich, Aidan",1000214374,Right,SAC_PIO,"Ford, Tim",1000142266,Right,FOR_RAM,Undefined,2,Bottom,1,1,2,Slider,Slider,InPlay,Undefined,LineDrive,Double,0,0,,80.51259,1.075058,-1.518449,1997.558372,255.189543,2:30,5.53002,1.46254,5.15158,-42.7605,2.45181,2.85996,2.97918,0.27107,72.34833,-6.764411,-1.012067,0.483949,84.46224,22.07349,-34.877717,1897.570864,86.70049,27.1172,-67.69797,222.09403,221.0713,-41.803181,2.383814,-1.94398,1.30874,-1.32293,50,5.59792,2.96969,-116.54797,0.67554,-2.61796,26.17332,-30.41156,FOR_RAM,SAC_PIO,FordhamUniversity,D1,A10,20260428-FordhamUniversity-1,d8fa7c00-4338-11f1-a27e-053988b4ee35,77.88509,27.15982,,8.16425,,,,1.99776,2.80111,-0.4858,13ca75c8-bb5c-4445-823c-d5e13dddedc7,2026-04-28,19:31:25.66,2026-04-28T15:31:25.6656896-04:00,2026-04-28T19:31:25.6656896Z,LineDrive,v3,471298,471423,4e64d94106064b97a0d56267f0d32905,"Bowes, Nathan",1000145608,Both,SAC_PIO,abb6e83d-8fb7-4b42-8cae-4a3e39532437,55.34482,-117.74214,13.08666,5.53545,2.06309,-15.20578,-1.46115,3.08914,-1.30898,,1.99774,94.17861,-16.67812,3.825,-0.93057,0.295,-0.09964,0.02324,-0.00242,2.80117,46.54892,-25.10434,3.24264,-0.52946,-0.08984,0.11038,-0.03581,0.00421,-0.48582,-65.64326,2.63717,-0.61828,0.05133,0.05285,-0.03897,0.01171,-0.00132,,,,,,,,,,,,,,,,,,,,,,,High,High,High,Low,Medium,,,
55,2026-04-28,15:32:11.08,3,1,"Emrich, Aidan",1000214374,Right,SAC_PIO,"Markey, Tommy",10084492,Left,FOR_RAM,Undefined,2,Bottom,1,0,0,Fastball,Changeup,StrikeCalled,Undefined,Undefined,Undefined,0,0,,87.07421,-0.825434,-3.355553,1909.869478,233.639429,1:45,5.79045,1.47091,5.37939,-25.3884,12.76174,15.45611,2.89959,-0.39025,78.52728,-5.559715,-0.612585,0.444549,,,,,,,,,,,,-8.76028,7.06323,-1.18142,50,5.69898,6.69028,-126.00482,-2.69071,-13.90161,28.70142,-20.96548,FOR_RAM,SAC_PIO,FordhamUniversity,D1,A10,20260428-FordhamUniversity-1,f4139670-4338-11f1-a27e-053988b4ee35,84.78809,,,8.54692,,,,,,,13ca75c8-bb5c-4445-823c-d5e13dddedc7,2026-04-28,19:32:11.08,2026-04-28T15:32:11.0882304-04:00,2026-04-28T19:32:11.0882304Z,,v3,471298,471423,4e64d94106064b97a0d56267f0d32905,"Bowes, Nathan",1000145608,Both,SAC_PIO,2111e42c-7ea7-4f84-8f85-756a18db30a8,55.11604,-127.16481,14.35071,5.79061,-1.84337,-10.48274,-1.46317,7.25212,-6.9508,,,,,,,,,,,,,,,,,,,,,,,,,,,,,,,,,,,,,,,,,,,,,,,,,,,High,High,High,,,,,
56,2026-04-28,15:32:45.52,3,2,"Emrich, Aidan",1000214374,Right,SAC_PIO,"Markey, Tommy",10084492,Left,FOR_RAM,Undefined,2,Bottom,1,0,1,Fastball,Changeup,BallCalled,Undefined,Undefined,Undefined,0,0,,86.97118,-2.070189,-4.347496,1907.281428,231.843693,1:45,5.69991,1.50414,5.57999,-23.16363,14.77973,17.0843,1.8298,-1.1402,78.72369,-6.409018,-1.308859,0.443342,,,,,,,,,,,,-9.92481,8.49776,-1.1409,50,5.5065,8.81288,-125.74313,-5.30926,-15.7366,27.79822,-18.70013,FOR_RAM,SAC_PIO,FordhamUniversity,D1,A10,20260428-FordhamUniversity-1,0890a4d0-4339-11f1-a27e-053988b4ee35,85.01879,,,8.24749,,,,,,,13ca75c8-bb5c-4445-823c-d5e13dddedc7,2026-04-28,19:32:45.52,2026-04-28T15:32:45.5200768-04:00,2026-04-28T19:32:45.5200768Z,,v3,471298,471423,4e64d94106064b97a0d56267f0d32905,"Bowes, Nathan",1000145608,Both,SAC_PIO,b4af94f5-584b-4f94-91bd-efae30a0281e,54.91655,-126.82538,13.89911,5.69903,-4.58122,-9.35007,-1.49593,9.42555,-7.8683,,,,,,,,,,,,,,,,,,,,,,,,,,,,,,,,,,,,,,,,,,,,,,,,,,,High,High,High,,,,,
57,2026-04-28,15:33:05.95,3,3,"Emrich, Aidan",1000214374,Right,SAC_PIO,"Markey, Tommy",10084492,Left,FOR_RAM,Undefined,2,Bottom,1,1,1,Slider,Slider,BallCalled,Undefined,Undefined,Undefined,0,0,,78.94228,3.178302,-2.255333,1971.599614,45.995555,7:30,5.53801,1.69836,4.99332,-48.50298,0.60543,-1.7963,4.50233,-0.58182,68.42286,-5.777446,-2.571673,0.50437,,,,,,,,,,,,-0.11728,-0.29457,-1.47976,50,5.80662,4.55135,-113.50355,4.55793,-0.14499,30.87239,-32.5382,FOR_RAM,SAC_PIO,FordhamUniversity,D1,A10,20260428-FordhamUniversity-1,14cd9410-4339-11f1-a27e-053988b4ee35,74.73171,,,10.51942,,,,,,,13ca75c8-bb5c-4445-823c-d5e13dddedc7,2026-04-28,19:33:05.95,2026-04-28T15:33:05.9531264-04:00,2026-04-28T19:33:05.9531264Z,,v3,471298,471423,4e64d94106064b97a0d56267f0d32905,"Bowes, Nathan",1000145608,Both,SAC_PIO,ea013680-19c1-4da3-a053-dfb52816f9b5,55.49199,-114.98764,15.4362,5.54991,6.12209,-16.2691,-1.69872,4.55832,-0.0725,,,,,,,,,,,,,,,,,,,,,,,,,,,,,,,,,,,,,,,,,,,,,,,,,,,High,High,High,,,,,
58,2026-04-28,15:33:28.04,3,4,"Emrich, Aidan",1000214374,Right,SAC_PIO,"Markey, Tommy",10084492,Left,FOR_RAM,Undefined,2,Bottom,1,2,1,Fastball,Four-Seam,BallCalled,Undefined,Undefined,Undefined,0,0,,86.20024,-1.765238,-4.072194,2006.352541,213.07668,1:00,5.6873,1.38302,5.51892,-20.03966,18.64525,11.2469,2.36216,-1.4936,77.97682,-5.55224,-2.074795,0.447654,,,,,,,,,,,,-7.06138,10.41245,-1.03614,50,5.5204,8.41729,-124.71945,-4.4761,-10.9948,27.76921,-15.96151,FOR_RAM,SAC_PIO,FordhamUniversity,D1,A10,20260428-FordhamUniversity-1,21ea8310-4339-11f1-a27e-053988b4ee35,84.19997,,,8.22342,,,,,,,13ca75c8-bb5c-4445-823c-d5e13dddedc7,2026-04-28,19:33:28.04,2026-04-28T15:33:28.0479232-04:00,2026-04-28T19:33:28.0479232Z,,v3,471298,471423,4e64d94106064b97a0d56267f0d32905,"Bowes, Nathan",1000145608,Both,SAC_PIO,5c017436-a77c-4933-8225-25b5bd79ef57,54.98075,-125.82354,13.88461,5.68575,-3.84148,-7.98075,-1.37949,8.85444,-5.4974,,,,,,,,,,,,,,,,,,,,,,,,,,,,,,,,,,,,,,,,,,,,,,,,,,,High,High,High,,,,,
59,2026-04-28,15:33:50.36,3,5,"Emrich, Aidan",1000214374,Right,SAC_PIO,"Markey, Tommy",10084492,Left,FOR_RAM,Undefined,2,Bottom,1,3,1,Fastball,Changeup,BallCalled,Walk,Undefined,Undefined,0,0,,85.40855,-2.117472,-4.428355,1923.577746,224.395308,1:30,5.69214,1.31563,5.78857,-23.3573,15.85788,14.10454,1.76906,-1.63683,77.03095,-6.521151,-1.911103,0.450711,,,,,,,,,,,,-8.5376,9.16567,-0.95854,50,5.5034,8.9615,-123.43064,-5.28392,-12.98657,27.77912,-18.23206,FOR_RAM,SAC_PIO,FordhamUniversity,D1,A10,20260428-FordhamUniversity-1,2f3008b0-4339-11f1-a27e-053988b4ee35,83.62875,,,8.37759,,,,,,,13ca75c8-bb5c-4445-823c-d5e13dddedc7,2026-04-28,19:33:50.36,2026-04-28T15:33:50.3612928-04:00,2026-04-28T19:33:50.3612928Z,,v3,471298,471423,4e64d94106064b97a0d56267f0d32905,"Bowes, Nathan",1000145608,Both,SAC_PIO,f7a19934-4502-4980-886f-a52b43f959f8,54.70632,-124.48533,13.88956,5.69088,-4.59171,-9.11603,-1.30814,9.45456,-6.49329,,,,,,,,,,,,,,,,,,,,,,,,,,,,,,,,,,,,,,,,,,,,,,,,,,,High,High,High,,,,,
60,2026-04-28,15:34:45.55,4,1,"Emrich, Aidan",1000214374,Right,SAC_PIO,"Little, Ernie",1000290947,Right,FOR_RAM,Undefined,2,Bottom,1,0,0,Slider,Slider,StrikeCalled,Undefined,Undefined,Undefined,0,0,,79.99304,0.930901,-2.134854,1959.625323,295.090104,3:45,5.59493,1.61926,5.27713,-44.76483,0.80299,1.9,2.73952,-0.22841,72.02788,-7.27307,-1.797776,0.485848,,,,,,,,,,,,-1.65843,0.62173,-1.42575,50,5.64759,4.23627,-115.78247,0.30991,-2.20755,25.52859,-31.34644,FOR_RAM,SAC_PIO,FordhamUniversity,D1,A10,20260428-FordhamUniversity-1,501e0ea0-4339-11f1-a27e-053988b4ee35,77.58071,,,7.96516,,,,,,,13ca75c8-bb5c-4445-823c-d5e13dddedc7,2026-04-28,19:34:45.55,2026-04-28T15:34:45.5536128-04:00,2026-04-28T19:34:45.5536128Z,,v3,471298,471423,4e64d94106064b97a0d56267f0d32905,"Bowes, Nathan",1000145608,Both,SAC_PIO,79908dcc-6673-498b-8f70-1f6b0290ab28,55.21791,-116.92729,12.76429,5.60217,1.71564,-15.67322,-1.61795,4.33527,-1.10377,,,,,,,,,,,,,,,,,,,,,,,,,,,,,,,,,,,,,,,,,,,,,,,,,,,High,High,High,,,,,
61,2026-04-28,15:35:05.80,4,2,"Emrich, Aidan",1000214374,Right,SAC_PIO,"Little, Ernie",1000290947,Right,FOR_RAM,Undefined,2,Bottom,1,0,1,Slider,Slider,BallCalled,Undefined,Undefined,Undefined,0,0,,80.20295,0.1116,-2.043953,1991.667975,358.651294,6:00,5.57123,1.57914,4.89069,-46.56735,0.92035,0.03094,1.79626,-0.35258,70.15829,-8.430951,-2.038504,0.495978,,,,,,,,,,,,-0.89969,1.04965,-1.37875,50,5.54406,4.12315,-115.56912,-1.48207,-1.15437,31.80187,-30.82728,FOR_RAM,SAC_PIO,FordhamUniversity,D1,A10,20260428-FordhamUniversity-1,5c33ede0-4339-11f1-a27e-053988b4ee35,75.99626,,,10.04466,,,,,,,13ca75c8-bb5c-4445-823c-d5e13dddedc7,2026-04-28,19:35:05.80,2026-04-28T15:35:05.8056704-04:00,2026-04-28T19:35:05.8056704Z,,v3,471298,471423,4e64d94106064b97a0d56267f0d32905,"Bowes, Nathan",1000145608,Both,SAC_PIO,75e4830c-1fde-401e-bb50-56d5b60e2371,55.59877,-117.09963,15.90094,5.57969,0.00154,-15.41364,-1.57852,4.17871,-0.57719,,,,,,,,,,,,,,,,,,,,,,,,,,,,,,,,,,,,,,,,,,,,,,,,,,,High,High,High,,,,,
62,2026-04-28,15:35:26.58,4,3,"Emrich, Aidan",1000214374,Right,SAC_PIO,"Little, Ernie",1000290947,Right,FOR_RAM,Undefined,2,Bottom,1,1,1,Fastball,Changeup,BallCalled,Undefined,Undefined,Undefined,0,0,,85.91751,-2.962178,-4.518902,1928.803062,209.945273,1:00,5.71908,1.35469,5.59133,-20.30844,18.50379,9.87938,1.24976,-2.0502,78.09676,-6.780963,-2.763561,0.44839,,,,,,,,,,,,-6.29922,10.62182,-0.97267,50,5.451,9.38421,-124.12233,-7.05806,-9.76998,26.19323,-15.69984,FOR_RAM,SAC_PIO,FordhamUniversity,D1,A10,20260428-FordhamUniversity-1,688aa6b0-4339-11f1-a27e-053988b4ee35,84.06179,,,7.82076,,,,,,,13ca75c8-bb5c-4445-823c-d5e13dddedc7,2026-04-28,19:35:26.58,2026-04-28T15:35:26.5884672-04:00,2026-04-28T19:35:26.5884672Z,,v3,471298,471423,4e64d94106064b97a0d56267f0d32905,"Bowes, Nathan",1000145608,Both,SAC_PIO,f4fb0c5f-81de-4d35-bc2c-605fd564baa0,54.90431,-125.15299,13.09661,5.71657,-6.4403,-7.84992,-1.34948,9.76864,-4.88499,,,,,,,,,,,,,,,,,,,,,,,,,,,,,,,,,,,,,,,,,,,,,,,,,,,High,High,High,,,,,
63,2026-04-28,15:35:48.52,4,4,"Emrich, Aidan",1000214374,Right,SAC_PIO,"Little, Ernie",1000290947,Right,FOR_RAM,Undefined,2,Bottom,1,2,1,Slider,Slider,BallCalled,Undefined,Undefined,Undefined,0,0,,80.41091,1.67196,-0.960373,2005.045625,119.792651,10:00,5.51522,1.67188,5.02124,-44.23006,2.84933,-1.0724,3.40783,0.67615,69.92164,-6.513608,-1.149775,0.49384,,,,,,,,,,,,0.1026,1.41307,-1.57905,50,5.64133,1.99073,-115.83173,1.7803,0.13219,31.99798,-30.35324,FOR_RAM,SAC_PIO,FordhamUniversity,D1,A10,20260428-FordhamUniversity-1,75a6f970-4339-11f1-a27e-053988b4ee35,76.32513,,,10.48927,,,,,,,13ca75c8-bb5c-4445-823c-d5e13dddedc7,2026-04-28,19:35:48.52,2026-04-28T15:35:48.5278720-04:00,2026-04-28T19:35:48.5278720Z,,v3,471298,471423,4e64d94106064b97a0d56267f0d32905,"Bowes, Nathan",1000145608,Both,SAC_PIO,061c0cfe-c5e1-42ef-9b4d-539af6d68e09,55.46412,-117.33146,15.99899,5.52455,3.20294,-15.17662,-1.67221,1.98454,0.0661,,,,,,,,,,,,,,,,,,,,,,,,,,,,,,,,,,,,,,,,,,,,,,,,,,,High,High,High,,,,,
64,2026-04-28,15:36:08.29,4,5,"Emrich, Aidan",1000214374,Right,SAC_PIO,"Little, Ernie",1000290947,Right,FOR_RAM,Undefined,2,Bottom,1,3,1,Fastball,Changeup,BallCalled,Walk,Undefined,Undefined,0,0,,86.45884,-0.359509,-2.86587,1934.496387,215.118096,1:15,5.78918,1.3731,5.34114,-21.28072,17.3278,11.23079,3.67811,-0.38169,78.09792,-4.365387,-0.874065,0.447211,,,,,,,,,,,,-6.45091,9.16697,-1.12265,50,5.74197,5.7589,-125.18555,-1.4705,-10.13783,27.55579,-17.76789,FOR_RAM,SAC_PIO,FordhamUniversity,D1,A10,20260428-FordhamUniversity-1,816eb8b0-4339-11f1-a27e-053988b4ee35,84.28328,,,8.36092,,,,,,,13ca75c8-bb5c-4445-823c-d5e13dddedc7,2026-04-28,19:36:08.29,2026-04-28T15:36:08.2978816-04:00,2026-04-28T19:36:08.2978816Z,,v3,471298,471423,4e64d94106064b97a0d56267f0d32905,"Bowes, Nathan",1000145608,Both,SAC_PIO,ef538c7d-6548-4b4f-91e4-fb48c6dc4d6f,55.15332,-126.3148,13.7779,5.78731,-0.74236,-8.88394,-1.36717,6.17436,-5.06891,,,,,,,,,,,,,,,,,,,,,,,,,,,,,,,,,,,,,,,,,,,,,,,,,,,High,High,High,,,,,
65,2026-04-28,15:37:36.80,5,1,"Emrich, Aidan",1000214374,Right,SAC_PIO,"Kirk, Taylor",1000367095,Right,FOR_RAM,Undefined,2,Bottom,1,0,0,Slider,Slider,BallCalled,Undefined,Undefined,Undefined,0,0,,79.92226,1.521539,-1.222914,1943.313947,236.520146,2:00,5.53632,1.59056,5.42993,-42.62805,2.53335,1.39099,3.40962,0.561,72.14931,-6.325796,-0.975395,0.483677,,,,,,,,,,,,-1.08449,1.31378,-1.48317,50,5.64219,2.41386,-115.78247,1.61702,-1.45065,24.56698,-30.41672,FOR_RAM,SAC_PIO,FordhamUniversity,D1,A10,20260428-FordhamUniversity-1,b639bc70-4339-11f1-a27e-053988b4ee35,77.92902,,,7.77295,,,,,,,13ca75c8-bb5c-4445-823c-d5e13dddedc7,2026-04-28,19:37:36.80,2026-04-28T15:37:36.8035328-04:00,2026-04-28T19:37:36.8035328Z,,v3,471298,471423,4e64d94106064b97a0d56267f0d32905,"Bowes, Nathan",1000145608,Both,SAC_PIO,65e9e5bb-fcbb-4da9-966d-b639b7239130,55.06489,-116.85221,12.28349,5.54294,2.94148,-15.20836,-1.58965,2.47703,-0.72532,,,,,,,,,,,,,,,,,,,,,,,,,,,,,,,,,,,,,,,,,,,,,,,,,,,High,High,High,,,,,
66,2026-04-28,15:37:52.98,5,2,"Emrich, Aidan",1000214374,Right,SAC_PIO,"Kirk, Taylor",1000367095,Right,FOR_RAM,Undefined,2,Bottom,1,1,0,Slider,Slider,BallCalled,Undefined,Undefined,Undefined,0,0,,78.08926,1.994134,-0.336662,1746.982476,100.483642,9:15,5.5585,1.53671,4.9826,-46.3714,2.09406,-1.3648,3.57817,1.10505,69.98546,-6.489796,-0.577537,0.501057,,,,,,,,,,,,0.55138,0.96193,-1.50311,50,5.71381,0.72231,-112.93098,2.28085,0.69692,24.64526,-30.95823,FOR_RAM,SAC_PIO,FordhamUniversity,D1,A10,20260428-FordhamUniversity-1,bfe07070-4339-11f1-a27e-053988b4ee35,75.22579,,,8.10379,,,,,,,13ca75c8-bb5c-4445-823c-d5e13dddedc7,2026-04-28,19:37:52.98,2026-04-28T15:37:52.9882624-04:00,2026-04-28T19:37:52.9882624Z,,v3,471298,471423,4e64d94106064b97a0d56267f0d32905,"Bowes, Nathan",1000145608,Both,SAC_PIO,17ea618e-a44a-44a6-a3e1-f601617f1cf6,55.51044,-114.1272,12.32263,5.56663,3.78349,-15.47912,-1.53735,0.68848,0.34846,,,,,,,,,,,,,,,,,,,,,,,,,,,,,,,,,,,,,,,,,,,,,,,,,,,High,High,High,,,,,
67,2026-04-28,15:38:11.20,5,3,"Emrich, Aidan",1000214374,Right,SAC_PIO,"Kirk, Taylor",1000367095,Right,FOR_RAM,Undefined,2,Bottom,1,2,0,Fastball,Changeup,FoulBallNotFieldable,Undefined,Undefined,Undefined,0,0,,85.80025,-1.432562,-2.908459,1937.550918,217.349279,1:15,5.68595,1.37739,5.70211,-21.85426,16.75989,11.76516,2.52792,-0.35458,77.79017,-5.553771,-0.807144,0.447244,66.33409,33.334514,166.902037,4135.399741,-108.86727,28.81915,15.74526,160.62094,52.12114,174.279661,2.482746,-6.88953,9.35339,-1.14089,50,5.55234,5.82962,-124.33575,-3.78321,-10.6874,27.03634,-17.66457,FOR_RAM,SAC_PIO,FordhamUniversity,D1,A10,20260428-FordhamUniversity-1,caa6c540-4339-11f1-a27e-053988b4ee35,84.27709,32.03056,,8.01008,,,,2.02019,2.61692,0.33725,13ca75c8-bb5c-4445-823c-d5e13dddedc7,2026-04-28,19:38:11.20,2026-04-28T15:38:11.2015360-04:00,2026-04-28T19:38:11.2015360Z,FlyBall,v3,471298,471423,4e64d94106064b97a0d56267f0d32905,"Bowes, Nathan",1000145608,Both,SAC_PIO,ce47ec90-aeaa-40f9-a494-75559148cb7d,54.79547,-125.37417,13.51817,5.68462,-3.10474,-8.83229,-1.37267,6.24011,-5.3437,322.359655,2.02036,-79.17902,4.99538,0.01906,0.47148,-0.46259,0.2372,-0.05895,0.00561,2.61697,53.45956,-27.08027,2.95098,-0.4742,0.04723,-0.00776,0.00559,-0.001,0.33722,18.42091,-7.07538,1.37466,-0.34436,0.14268,-0.06855,0.01926,-0.00208,,,,,,,,,,,,,,,,,,,,,,,High,High,High,High,Medium,,,
68,2026-04-28,15:38:32.47,5,4,"Emrich, Aidan",1000214374,Right,SAC_PIO,"Kirk, Taylor",1000367095,Right,FOR_RAM,Undefined,2,Bottom,1,2,1,Fastball,Changeup,FoulBallNotFieldable,Undefined,Undefined,Undefined,0,0,,85.00939,-1.757016,-1.692759,1758.075394,228.787298,1:45,5.7158,1.28463,5.58986,-24.61946,15.42272,15.81544,2.02234,1.02152,76.10743,-6.395804,1.130932,0.455439,100.45028,21.743873,-42.415914,2113.64845,79.5341,31.985,-75.98879,270.16179,154.7453,-46.696728,2.739922,-8.61508,8.86174,-1.15002,50,5.54944,2.96869,-123.05876,-4.54853,-12.88662,30.00211,-18.91844,FOR_RAM,SAC_PIO,FordhamUniversity,D1,A10,20260428-FordhamUniversity-1,d75d7860-4339-11f1-a27e-053988b4ee35,82.76068,34.57352,,8.90196,,,,2.03277,1.88829,-0.93258,13ca75c8-bb5c-4445-823c-d5e13dddedc7,2026-04-28,19:38:32.47,2026-04-28T15:38:32.4740608-04:00,2026-04-28T19:38:32.4740608Z,LineDrive,v3,471298,471423,4e64d94106064b97a0d56267f0d32905,"Bowes, Nathan",1000145608,Both,SAC_PIO,584fa75f-b812-4ae0-a557-521d993d9dfd,54.90584,-124.24906,15.00106,5.71501,-3.79796,-9.45922,-1.27794,3.47996,-6.44331,,2.03279,101.03151,-21.2385,5.48575,-1.84479,0.85937,-0.31634,0.06563,-0.00565,1.88831,54.57061,-26.54888,3.64183,-0.10813,-0.60819,0.33454,-0.0787,0.00715,-0.93259,-92.30442,13.11408,-3.39382,1.10016,-0.49857,0.18177,-0.0376,0.00323,,,,,,,,,,,,,,,,,,,,,,,High,High,High,Low,Low,,,
69,2026-04-28,15:38:58.77,5,5,"Emrich, Aidan",1000214374,Right,SAC_PIO,"Kirk, Taylor",1000367095,Right,FOR_RAM,Undefined,2,Bottom,1,2,2,Slider,Slider,BallCalled,Undefined,Undefined,Undefined,0,0,,79.74743,2.450937,-1.637412,1967.644949,217.473956,1:15,5.56663,1.62928,5.28978,-43.51408,2.24437,0.44658,4.2442,0.12858,71.70904,-5.548194,-1.558243,0.486863,,,,,,,,,,,,-0.75437,0.86721,-1.4805,50,5.75882,3.27954,-115.38615,3.42458,-1.00037,24.75286,-31.02406,FOR_RAM,SAC_PIO,FordhamUniversity,D1,A10,20260428-FordhamUniversity-1,e70d4740-4339-11f1-a27e-053988b4ee35,77.41895,,,8.03839,,,,,,,13ca75c8-bb5c-4445-823c-d5e13dddedc7,2026-04-28,19:38:58.77,2026-04-28T15:38:58.7734016-04:00,2026-04-28T19:38:58.7734016Z,,v3,471298,471423,4e64d94106064b97a0d56267f0d32905,"Bowes, Nathan",1000145608,Both,SAC_PIO,92e352e9-e1fa-4ab7-b7bd-9d5777cffbbb,55.2045,-116.49727,12.37643,5.57383,4.81722,-15.51203,-1.62872,3.32445,-0.50018,,,,,,,,,,,,,,,,,,,,,,,,,,,,,,,,,,,,,,,,,,,,,,,,,,,High,High,High,,,,,
70,2026-04-28,15:39:18.16,5,6,"Emrich, Aidan",1000214374,Right,SAC_PIO,"Kirk, Taylor",1000367095,Right,FOR_RAM,Undefined,2,Bottom,1,3,2,Fastball,Changeup,BallCalled,Walk,Undefined,Undefined,0,1,,86.22748,-2.785752,-3.4396,1857.897102,230.79778,1:45,5.70884,1.24788,5.59607,-24.76753,14.09284,15.45859,1.03724,-0.67911,77.60525,-7.421545,-0.683748,0.448668,,,,,,,,,,,,-8.96032,8.48229,-0.96305,50,5.45382,6.82686,-124.63155,-6.87611,-13.83019,29.41436,-19.0817,FOR_RAM,SAC_PIO,FordhamUniversity,D1,A10,20260428-FordhamUniversity-1,f295daa0-4339-11f1-a27e-053988b4ee35,84.00969,,,8.62223,,,,,,,13ca75c8-bb5c-4445-823c-d5e13dddedc7,2026-04-28,19:39:18.16,2026-04-28T15:39:18.1690880-04:00,2026-04-28T19:39:18.1690880Z,,v3,471298,471423,4e64d94106064b97a0d56267f0d32905,"Bowes, Nathan",1000145608,Both,SAC_PIO,620e2535-f325-4d0c-8595-1b52c7706de2,54.89989,-125.78266,14.70718,5.70829,-6.12936,-9.54085,-1.2408,7.3681,-6.91509,,,,,,,,,,,,,,,,,,,,,,,,,,,,,,,,,,,,,,,,,,,,,,,,,,,High,High,High,,,,,
71,2026-04-28,15:43:08.55,6,1,"Trantino, Christian",10096040,Left,SAC_PIO,"Grabau, Anthony",1000407420,Left,FOR_RAM,Undefined,2,Bottom,1,0,0,Slider,Curveball,FoulBallNotFieldable,Undefined,Undefined,Undefined,0,0,,70.97124,1.656866,0.970251,1852.17939,319.241411,4:45,5.09517,-1.55987,5.64442,-59.72645,-1.69725,3.56579,1.66413,-0.35759,63.18868,-9.378213,1.608129,0.54827,,,,,,,,,,,,-1.4365,-0.90909,1.47515,50,5.19814,-1.86415,-102.67651,1.21654,-1.47433,23.10298,-33.1071,FOR_RAM,SAC_PIO,FordhamUniversity,D1,A10,20260428-FordhamUniversity-1,7bfda2a0-433a-11f1-a27e-053988b4ee35,68.74791,,,7.78256,,,,,,,13ca75c8-bb5c-4445-823c-d5e13dddedc7,2026-04-28,19:43:08.55,2026-04-28T15:43:08.5588480-04:00,2026-04-28T19:43:08.5588480Z,,v3,471298,471423,4e64d94106064b97a0d56267f0d32905,"Bowes, Nathan",1000145608,Both,SAC_PIO,2dcdb592-5c0b-435e-882d-b26ad84ed600,54.85147,-103.76239,11.55149,5.10439,2.77262,-16.55355,1.56114,-1.79486,-0.73717,,,,,,,,,,,,,,,,,,,,,,,,,,,,,,,,,,,,,,,,,,,,,,,,,,,High,High,High,,,,,
72,2026-04-28,15:43:31.70,6,2,"Trantino, Christian",10096040,Left,SAC_PIO,"Grabau, Anthony",1000407420,Left,FOR_RAM,Undefined,2,Bottom,1,0,1,Curveball,Curveball,FoulBallNotFieldable,Undefined,Undefined,Undefined,0,0,,72.117,1.700196,1.210077,1786.817046,2.044017,6:00,5.16184,-1.74966,5.55335,-60.67893,-4.25583,-0.23681,1.69473,-0.63855,64.17131,-9.476648,1.167774,0.54063,97.09984,3.962362,60.553269,5135.446702,,,,60.08473,56.95245,60.320621,0.431955,0.59701,-2.23811,1.6452,50,5.26908,-2.1948,-104.31048,1.24676,0.63219,23.89885,-34.54396,FOR_RAM,SAC_PIO,FordhamUniversity,D1,A10,20260428-FordhamUniversity-1,89c63af0-433a-11f1-a27e-053988b4ee35,69.71952,2.27511,,7.94569,,,,3.40583,1.53561,1.06628,13ca75c8-bb5c-4445-823c-d5e13dddedc7,2026-04-28,19:43:31.70,2026-04-28T15:43:31.7077504-04:00,2026-04-28T19:43:31.7077504Z,GroundBall,v3,471298,471423,4e64d94106064b97a0d56267f0d32905,"Bowes, Nathan",1000145608,Both,SAC_PIO,943a0fb1-f4bd-402c-8b21-3f5f8165025c,54.94289,-105.43687,11.94942,5.17195,2.87488,-17.27198,1.74935,-2.22459,0.31609,,3.41938,69.4249,-19.66903,,,,,,,1.55673,9.18431,-29.71258,,,,,,,1.0639,123.79569,-12.50792,,,,,,,,,,,,,,,,,,,,,,,,,,,,,High,High,High,High,High,,,
73,2026-04-28,15:43:57.07,6,3,"Trantino, Christian",10096040,Left,SAC_PIO,"Grabau, Anthony",1000407420,Left,FOR_RAM,Undefined,2,Bottom,1,0,2,Fastball,Changeup,BallCalled,Undefined,Undefined,Undefined,0,0,,83.09941,0.787114,2.109232,2180.66443,131.400314,10:30,5.33983,-1.59348,6.33509,-25.86045,15.05119,-15.21241,3.91006,-0.91825,73.82425,-4.181029,-0.641949,0.460357,,,,,,,,,,,,8.58473,7.98772,1.44615,50,5.38515,-3.8343,-120.37691,0.96679,12.2267,29.75773,-20.79761,FOR_RAM,SAC_PIO,FordhamUniversity,D1,A10,20260428-FordhamUniversity-1,98d97bb0-433a-11f1-a27e-053988b4ee35,81.87656,,,9.27516,,,,,,,13ca75c8-bb5c-4445-823c-d5e13dddedc7,2026-04-28,19:43:57.07,2026-04-28T15:43:57.0793472-04:00,2026-04-28T19:43:57.0793472Z,,v3,471298,471423,4e64d94106064b97a0d56267f0d32905,"Bowes, Nathan",1000145608,Both,SAC_PIO,f9896716-64b1-4573-9012-c7aa74cc6520,54.15743,-121.4003,14.87887,5.3396,1.68204,-10.3988,1.58525,-4.25478,6.11335,,,,,,,,,,,,,,,,,,,,,,,,,,,,,,,,,,,,,,,,,,,,,,,,,,,High,High,High,,,,,
74,2026-04-28,15:44:17.70,6,4,"Trantino, Christian",10096040,Left,SAC_PIO,"Grabau, Anthony",1000407420,Left,FOR_RAM,Undefined,2,Bottom,1,1,2,Slider,Slider,BallCalled,Undefined,Undefined,Undefined,0,0,,71.92745,3.090521,2.794293,1628.721019,328.779155,5:00,5.13273,-1.58078,5.77275,-57.66306,-0.81382,2.01579,3.2096,1.18951,63.27559,-7.637351,3.15436,0.542667,,,,,,,,,,,,0.13693,-0.81413,1.34859,50,5.3555,-5.13818,-103.72441,3.8901,0.14265,24.3945,-33.02227,FOR_RAM,SAC_PIO,FordhamUniversity,D1,A10,20260428-FordhamUniversity-1,a53d53e0-433a-11f1-a27e-053988b4ee35,69.45771,,,8.65186,,,,,,,13ca75c8-bb5c-4445-823c-d5e13dddedc7,2026-04-28,19:44:17.70,2026-04-28T15:44:17.7077248-04:00,2026-04-28T19:44:17.7077248Z,,v3,471298,471423,4e64d94106064b97a0d56267f0d32905,"Bowes, Nathan",1000145608,Both,SAC_PIO,39fb182f-9e1e-40be-865a-ecf960abb123,54.71712,-104.82793,12.19725,5.14574,5.38392,-16.51114,1.58117,-5.14463,0.07132,,,,,,,,,,,,,,,,,,,,,,,,,,,,,,,,,,,,,,,,,,,,,,,,,,,High,High,High,,,,,
75,2026-04-28,15:44:38.23,6,5,"Trantino, Christian",10096040,Left,SAC_PIO,"Grabau, Anthony",1000407420,Left,FOR_RAM,Undefined,2,Bottom,1,2,2,Slider,Curveball,FoulBallNotFieldable,Undefined,Undefined,Undefined,0,0,,71.88837,3.038881,0.587184,1690.840056,337.446943,5:15,5.05328,-1.64588,5.60356,-58.49751,-1.90193,1.76193,3.01812,-0.95089,63.83688,-7.782587,0.901711,0.541455,,,,,,,,,,,,-0.67957,-1.6878,1.5944,50,5.27554,-1.12687,-103.95037,3.78688,-0.71634,23.36015,-33.95323,FOR_RAM,SAC_PIO,FordhamUniversity,D1,A10,20260428-FordhamUniversity-1,b172f020-433a-11f1-a27e-053988b4ee35,69.61318,,,8.05149,,,,,,,13ca75c8-bb5c-4445-823c-d5e13dddedc7,2026-04-28,19:44:38.23,2026-04-28T15:44:38.2324224-04:00,2026-04-28T19:44:38.2324224Z,,v3,471298,471423,4e64d94106064b97a0d56267f0d32905,"Bowes, Nathan",1000145608,Both,SAC_PIO,3e2db61c-2cc3-4dc3-9208-bfc0ba172781,54.89425,-105.04447,11.68008,5.06094,5.37712,-16.97661,1.64639,-1.09332,-0.35817,,,,,,,,,,,,,,,,,,,,,,,,,,,,,,,,,,,,,,,,,,,,,,,,,,,High,High,High,,,,,
76,2026-04-28,15:45:02.32,6,6,"Trantino, Christian",10096040,Left,SAC_PIO,"Grabau, Anthony",1000407420,Left,FOR_RAM,Undefined,2,Bottom,1,2,2,Slider,Curveball,InPlay,Undefined,Popup,Out,1,0,,70.8747,2.728836,0.484165,1728.513733,336.756152,5:15,5.12186,-1.55718,5.41501,-59.88094,-1.55476,1.66701,2.69019,-0.96469,63.32538,-8.288668,0.78081,0.549671,44.53292,59.800892,-21.593875,3308.501279,,,,91.54047,88.24093,-23.301785,3.524369,-0.67181,-1.32835,1.5129,50,5.32261,-0.92496,-102.52812,3.08902,-0.69278,21.87839,-33.54389,FOR_RAM,SAC_PIO,FordhamUniversity,D1,A10,20260428-FordhamUniversity-1,bfc9e5c0-433a-11f1-a27e-053988b4ee35,68.57268,49.47264,,7.54932,,,,2.20744,2.86196,0.94255,13ca75c8-bb5c-4445-823c-d5e13dddedc7,2026-04-28,19:45:02.32,2026-04-28T15:45:02.3290880-04:00,2026-04-28T19:45:02.3290880Z,Popup,v3,471298,471423,4e64d94106064b97a0d56267f0d32905,"Bowes, Nathan",1000145608,Both,SAC_PIO,97f1d326-41ad-40ee-8e1c-27afefd0e694,55.08321,-103.60714,10.93919,5.12947,4.74338,-16.77195,1.55767,-0.8908,-0.34639,174.683684,2.20771,30.53541,-5.20918,1.43841,0.00422,-0.19419,0.08038,-0.01396,0.00089,2.86178,56.45462,-18.49725,1.07034,-0.06797,-0.13244,0.08371,-0.02101,0.00189,0.94261,-12.09195,1.41546,-0.51891,0.08825,0.01087,-0.01144,0.00264,-0.0002,,,,,,,,,,,,,,,,,,,,,,,High,High,High,High,Medium,,,
77,2026-04-28,15:45:44.34,7,1,"Trantino, Christian",10096040,Left,SAC_PIO,"McAndrews, Thomas",836274,Right,FOR_RAM,Undefined,2,Bottom,2,0,0,Fastball,Changeup,BallCalled,Undefined,Undefined,Undefined,0,0,,82.04032,1.651603,1.521911,2158.299887,138.7187,10:30,5.12761,-1.69173,6.13428,-26.07454,16.27784,-12.79847,4.48218,-1.35132,72.73256,-3.353874,-0.783818,0.468393,,,,,,,,,,,,7.04272,8.2467,1.5814,50,5.24047,-2.63606,-118.75065,2.72442,9.75888,29.01101,-20.74685,FOR_RAM,SAC_PIO,FordhamUniversity,D1,A10,20260428-FordhamUniversity-1,d8d11020-433a-11f1-a27e-053988b4ee35,80.47182,,,9.30776,,,,,,,13ca75c8-bb5c-4445-823c-d5e13dddedc7,2026-04-28,19:45:44.34,2026-04-28T15:45:44.3479040-04:00,2026-04-28T19:45:44.3479040Z,,v3,471298,471423,4e64d94106064b97a0d56267f0d32905,"Bowes, Nathan",1000145608,Both,SAC_PIO,ae5bd04c-3fb4-4210-8ca0-8de508c3dad0,54.35616,-119.81014,14.5055,5.12714,3.4821,-10.37343,1.68418,-2.99245,4.87944,,,,,,,,,,,,,,,,,,,,,,,,,,,,,,,,,,,,,,,,,,,,,,,,,,,High,High,High,,,,,
78,2026-04-28,15:46:04.41,7,2,"Trantino, Christian",10096040,Left,SAC_PIO,"McAndrews, Thomas",836274,Right,FOR_RAM,Undefined,2,Bottom,2,1,0,Slider,Curveball,BallCalled,Undefined,Undefined,Undefined,0,0,,70.4849,3.748961,-0.575494,1804.737948,339.249499,5:15,4.98851,-1.59015,5.64574,-60.31243,-1.88047,1.57929,3.46459,-1.99537,62.93842,-7.398139,-0.293539,0.55017,,,,,,,,,,,,-0.99319,-1.50106,1.638,50,5.2698,0.96554,-101.87396,4.87687,-1.01578,20.91391,-33.70925,FOR_RAM,SAC_PIO,FordhamUniversity,D1,A10,20260428-FordhamUniversity-1,e4d75f00-433a-11f1-a27e-053988b4ee35,68.51058,,,7.54648,,,,,,,13ca75c8-bb5c-4445-823c-d5e13dddedc7,2026-04-28,19:46:04.41,2026-04-28T15:46:04.4153856-04:00,2026-04-28T19:46:04.4153856Z,,v3,471298,471423,4e64d94106064b97a0d56267f0d32905,"Bowes, Nathan",1000145608,Both,SAC_PIO,f13b94fb-fc83-45a8-ab86-13a09067c394,54.84813,-102.86443,10.45696,5.00103,6.47332,-16.85462,1.59113,1.01365,-0.50789,,,,,,,,,,,,,,,,,,,,,,,,,,,,,,,,,,,,,,,,,,,,,,,,,,,High,High,High,,,,,
79,2026-04-28,15:46:26.84,7,3,"Trantino, Christian",10096040,Left,SAC_PIO,"McAndrews, Thomas",836274,Right,FOR_RAM,Undefined,2,Bottom,2,2,0,Fastball,Changeup,InPlay,Undefined,Popup,Out,1,0,,80.61531,-0.749086,2.921388,2222.063089,120.883152,10:00,5.04155,-1.69217,6.21533,-32.00073,11.46426,-16.34867,1.6826,-0.35627,72.2878,-6.792718,-0.029128,0.474505,81.77303,58.518304,27.855031,,81.74762,121.51716,73.60231,207.69151,82.22359,47.163038,5.481937,9.52225,6.66929,1.48126,50,4.96962,-5.35752,-116.80318,-2.43154,12.83367,27.00746,-23.18545,FOR_RAM,SAC_PIO,FordhamUniversity,D1,A10,20260428-FordhamUniversity-1,f2280830-433a-11f1-a27e-053988b4ee35,79.43522,122.02126,,8.32751,,,,2.31818,1.67531,0.30025,13ca75c8-bb5c-4445-823c-d5e13dddedc7,2026-04-28,19:46:26.84,2026-04-28T15:46:26.8466176-04:00,2026-04-28T19:46:26.8466176Z,Popup,v3,471298,471423,4e64d94106064b97a0d56267f0d32905,"Bowes, Nathan",1000145608,Both,SAC_PIO,b7a44a1a-1292-4c89-b6c4-29c3847fe05b,54.2813,-117.78895,13.50373,5.04293,-1.58527,-11.59272,1.68535,-5.82595,6.41684,210.017261,2.33413,54.97354,-14.47566,1.04935,2.14647,-1.26203,0.32316,-0.03979,0.00191,1.65746,102.57731,-27.75642,4.23284,-1.26459,0.28891,-0.03526,0.00146,3E-05,0.28384,29.61228,1.17676,0.94483,-1.6675,0.84408,-0.20797,0.02519,-0.0012,,,,,,,,,,,,,,,,,,,,,,,High,High,High,High,Low,,,
80,2026-04-28,15:48:57.92,1,1,"Chavez, Caden",1000258549,Left,FOR_RAM,"Bowes, Nathan",1000145608,Right,SAC_PIO,Undefined,3,Top,0,0,0,Fastball,Changeup,StrikeCalled,Undefined,Undefined,Undefined,0,0,,83.37577,-0.737803,1.895971,2018.399677,137.491614,10:30,5.21142,-2.02539,5.90001,-24.41572,16.37906,-13.64406,2.49144,-1.40166,75.11769,-5.36513,-0.552677,0.459699,,,,,,,,,,,,7.51386,9.0378,1.88031,50,5.13827,-3.43798,-120.84904,-2.26285,10.93923,26.96549,-19.01612,FOR_RAM,SAC_PIO,FordhamUniversity,D1,A10,20260428-FordhamUniversity-1,4c2bdaf0-433b-11f1-a27e-053988b4ee35,81.9937,,,8.25808,,,,,,,13ca75c8-bb5c-4445-823c-d5e13dddedc7,2026-04-28,19:48:57.92,2026-04-28T15:48:57.9227136-04:00,2026-04-28T19:48:57.9227136Z,,v3,471298,471423,4e64d94106064b97a0d56267f0d32905,"McAndrews, Thomas",836274,Right,FOR_RAM,cd874f61-0db7-4908-be9f-0a22d28dd870,54.59387,-121.86978,13.48274,5.21031,-1.54302,-9.50806,2.01829,-3.85207,5.46962,,,,,,,,,,,,,,,,,,,,,,,,,,,,,,,,,,,,,,,,,,,,,,,,,,,High,High,High,,,,,
81,2026-04-28,15:49:13.48,1,2,"Chavez, Caden",1000258549,Left,FOR_RAM,"Bowes, Nathan",1000145608,Right,SAC_PIO,Undefined,3,Top,0,0,1,Curveball,Curveball,FoulBallNotFieldable,Undefined,Undefined,Undefined,0,0,,71.80096,1.02023,1.88542,2081.640362,331.661293,5:00,5.48041,-1.91283,5.22659,-63.55417,-6.71394,4.77378,1.14396,0.25808,64.99599,-10.522047,2.733166,0.542624,,,,,,,,,,,,-1.73366,-3.15532,1.73526,50,5.52693,-3.59851,-103.95952,-0.18477,-1.85087,21.40041,-35.54273,FOR_RAM,SAC_PIO,FordhamUniversity,D1,A10,20260428-FordhamUniversity-1,55a20910-433b-11f1-a27e-053988b4ee35,69.46323,,,6.80496,,,,,,,13ca75c8-bb5c-4445-823c-d5e13dddedc7,2026-04-28,19:49:13.48,2026-04-28T15:49:13.4853632-04:00,2026-04-28T19:49:13.4853632Z,,v3,471298,471423,4e64d94106064b97a0d56267f0d32905,"McAndrews, Thomas",836274,Right,FOR_RAM,110cc791-80cf-4b39-b739-739bb83039a0,55.27204,-105.03918,10.70021,5.49102,1.60837,-17.77137,1.91445,-3.50514,-0.92543,,,,,,,,,,,,,,,,,,,,,,,,,,,,,,,,,,,,,,,,,,,,,,,,,,,High,High,High,,,,,
82,2026-04-28,15:49:35.15,1,3,"Chavez, Caden",1000258549,Left,FOR_RAM,"Bowes, Nathan",1000145608,Right,SAC_PIO,Undefined,3,Top,0,0,2,Fastball,Changeup,InPlay,Undefined,LineDrive,Out,1,0,,84.20313,-0.672869,1.393528,2078.397345,159.033322,11:15,5.32785,-2.1002,6.09518,-17.74446,22.93592,-8.10087,3.22658,-1.4861,73.94694,-4.181998,-0.065356,0.459054,77.84371,37.29305,10.259317,3784.668086,106.76969,67.41159,26.46163,270.37204,262.89121,15.493164,4.589114,4.71158,12.54808,1.99697,50,5.26697,-2.63259,-121.80889,-1.8272,6.7831,33.22306,-14.10902,FOR_RAM,SAC_PIO,FordhamUniversity,D1,A10,20260428-FordhamUniversity-1,62631c70-433b-11f1-a27e-053988b4ee35,82.1089,73.46487,,10.25619,,,,1.37747,3.25783,1.4868,13ca75c8-bb5c-4445-823c-d5e13dddedc7,2026-04-28,19:49:35.15,2026-04-28T15:49:35.1565824-04:00,2026-04-28T19:49:35.1565824Z,FlyBall,v3,471298,471423,4e64d94106064b97a0d56267f0d32905,"McAndrews, Thomas",836274,Right,FOR_RAM,f3f230d3-e8b8-43e2-a01d-4bad57734cae,54.39575,-123.00197,16.61153,5.32348,-1.32052,-7.05451,2.09588,-2.87618,3.39155,202.021416,1.37971,89.31583,-17.70472,4.25788,-0.43023,-0.14729,0.06927,-0.01092,0.00062,3.2543,69.25373,-19.26549,1.49639,-0.40501,0.12809,-0.01907,0.0006,6E-05,1.48662,16.18295,1.19589,-0.81021,0.20161,-0.01465,-0.00526,0.00132,-9E-05,,,,,,,,,,,,,,,,,,,,,,,High,High,High,High,High,,,
83,2026-04-28,15:50:13.54,2,1,"Chavez, Caden",1000258549,Left,FOR_RAM,"Martin, Drew",1000527196,Left,SAC_PIO,Undefined,3,Top,1,0,0,Fastball,Changeup,BallCalled,Undefined,Undefined,Undefined,0,0,,83.18315,-1.029074,1.910351,2003.82534,136.966713,10:30,5.18848,-2.0133,6.17699,-25.80871,15.0878,-12.59146,2.08678,-1.29772,74.4145,-5.946217,-0.361765,0.460272,,,,,,,,,,,,7.10965,8.61016,1.87472,50,5.09778,-3.51775,-120.51811,-2.8824,10.19934,28.79369,-19.8221,FOR_RAM,SAC_PIO,FordhamUniversity,D1,A10,20260428-FordhamUniversity-1,794a25f0-433b-11f1-a27e-053988b4ee35,81.89167,,,8.76865,,,,,,,13ca75c8-bb5c-4445-823c-d5e13dddedc7,2026-04-28,19:50:13.54,2026-04-28T15:50:13.5458304-04:00,2026-04-28T19:50:13.5458304Z,,v3,471298,471423,4e64d94106064b97a0d56267f0d32905,"McAndrews, Thomas",836274,Right,FOR_RAM,a96ca895-d834-4f10-a129-5394c3286097,54.31599,-121.5449,14.39684,5.18797,-2.17555,-9.91105,2.00665,-3.88146,5.09967,,,,,,,,,,,,,,,,,,,,,,,,,,,,,,,,,,,,,,,,,,,,,,,,,,,High,High,High,,,,,
84,2026-04-28,15:50:29.60,2,2,"Chavez, Caden",1000258549,Left,FOR_RAM,"Martin, Drew",1000527196,Left,SAC_PIO,Undefined,3,Top,1,1,0,Fastball,Changeup,BallCalled,Undefined,Undefined,Undefined,0,0,,82.96301,0.512316,2.41722,2014.492524,129.831587,10:15,5.24494,-2.10871,6.17849,-29.14986,11.68823,-12.21678,3.28933,-0.89321,74.59864,-5.000786,0.214732,0.459943,,,,,,,,,,,,7.02685,6.32095,1.93157,50,5.26917,-4.58951,-120.25872,0.22651,10.11416,27.04845,-23.07597,FOR_RAM,SAC_PIO,FordhamUniversity,D1,A10,20260428-FordhamUniversity-1,82d059a0-433b-11f1-a27e-053988b4ee35,81.95022,,,8.36437,,,,,,,13ca75c8-bb5c-4445-823c-d5e13dddedc7,2026-04-28,19:50:29.60,2026-04-28T15:50:29.6040448-04:00,2026-04-28T19:50:29.6040448Z,,v3,471298,471423,4e64d94106064b97a0d56267f0d32905,"McAndrews, Thomas",836274,Right,FOR_RAM,47a69aa5-9f07-4420-8a3f-e7259d0ac465,54.31527,-121.22542,13.52422,5.24634,1.05124,-11.53799,2.10206,-4.95099,5.05708,,,,,,,,,,,,,,,,,,,,,,,,,,,,,,,,,,,,,,,,,,,,,,,,,,,High,High,High,,,,,
85,2026-04-28,15:50:45.99,2,3,"Chavez, Caden",1000258549,Left,FOR_RAM,"Martin, Drew",1000527196,Left,SAC_PIO,Undefined,3,Top,1,2,0,Fastball,Changeup,StrikeCalled,Undefined,Undefined,Undefined,0,0,,83.91357,0.412709,2.253566,2051.471085,137.233642,10:30,5.21025,-2.05136,6.13104,-26.61686,13.49095,-11.0817,3.37395,-0.89079,75.19309,-4.643923,0.25738,0.455812,,,,,,,,,,,,6.39678,7.25449,1.88434,50,5.22823,-4.33287,-121.59234,0.10852,9.38359,28.32393,-21.53227,FOR_RAM,SAC_PIO,FordhamUniversity,D1,A10,20260428-FordhamUniversity-1,8c8cb880-433b-11f1-a27e-053988b4ee35,82.69292,,,8.72049,,,,,,,13ca75c8-bb5c-4445-823c-d5e13dddedc7,2026-04-28,19:50:45.99,2026-04-28T15:50:45.9921920-04:00,2026-04-28T19:50:45.9921920Z,,v3,471298,471423,4e64d94106064b97a0d56267f0d32905,"McAndrews, Thomas",836274,Right,FOR_RAM,5b0581e2-9e4b-4b51-a75c-69beee1fb951,54.3617,-122.60416,14.16196,5.21061,0.87772,-10.76614,2.04511,-4.66808,4.69179,,,,,,,,,,,,,,,,,,,,,,,,,,,,,,,,,,,,,,,,,,,,,,,,,,,High,High,High,,,,,
86,2026-04-28,15:51:09.03,2,4,"Chavez, Caden",1000258549,Left,FOR_RAM,"Martin, Drew",1000527196,Left,SAC_PIO,Undefined,3,Top,1,2,1,Fastball,Changeup,StrikeCalled,Undefined,Undefined,Undefined,0,0,,83.57353,0.005135,3.017322,2046.013732,132.603342,10:30,5.20348,-1.89905,6.23852,-26.23175,14.04509,-13.62363,3.02224,-0.24852,74.95452,-4.988413,0.560038,0.456772,,,,,,,,,,,,7.99182,7.7067,1.68012,50,5.19107,-5.84096,-121.07957,-0.72246,11.63046,27.97878,-20.95853,FOR_RAM,SAC_PIO,FordhamUniversity,D1,A10,20260428-FordhamUniversity-1,9a729cd0-433b-11f1-a27e-053988b4ee35,82.51921,,,8.61901,,,,,,,13ca75c8-bb5c-4445-823c-d5e13dddedc7,2026-04-28,19:51:09.03,2026-04-28T15:51:09.0378752-04:00,2026-04-28T19:51:09.0378752Z,,v3,471298,471423,4e64d94106064b97a0d56267f0d32905,"McAndrews, Thomas",836274,Right,FOR_RAM,d708b40a-f450-4f73-ba85-c16cdc845833,54.25532,-122.05892,13.98939,5.20351,0.01115,-10.47927,1.8917,-6.24807,5.81523,,,,,,,,,,,,,,,,,,,,,,,,,,,,,,,,,,,,,,,,,,,,,,,,,,,High,High,High,,,,,
87,2026-04-28,15:51:27.15,2,5,"Chavez, Caden",1000258549,Left,FOR_RAM,"Martin, Drew",1000527196,Left,SAC_PIO,Undefined,3,Top,1,2,2,Fastball,Four-Seam,BallCalled,Undefined,Undefined,Undefined,0,0,,84.64197,-2.056296,3.638852,2115.724086,153.078046,11:00,5.21717,-2.01513,6.29782,-19.5995,19.99253,-9.33335,1.68458,0.56441,75.39166,-5.86018,1.955594,0.452872,,,,,,,,,,,,6.13626,11.55997,1.75163,50,5.05634,-7.41504,-122.38992,-4.87748,9.04406,30.5246,-15.13613,FOR_RAM,SAC_PIO,FordhamUniversity,D1,A10,20260428-FordhamUniversity-1,a52d7ff0-433b-11f1-a27e-053988b4ee35,83.22985,,,9.25031,,,,,,,13ca75c8-bb5c-4445-823c-d5e13dddedc7,2026-04-28,19:51:27.15,2026-04-28T15:51:27.1580160-04:00,2026-04-28T19:51:27.1580160Z,,v3,471298,471423,4e64d94106064b97a0d56267f0d32905,"McAndrews, Thomas",836274,Right,FOR_RAM,9bb33702-79f7-4513-8239-db112190b5c6,54.1955,-123.43186,15.2623,5.21401,-4.36081,-7.56806,2.01001,-7.72375,4.52203,,,,,,,,,,,,,,,,,,,,,,,,,,,,,,,,,,,,,,,,,,,,,,,,,,,High,High,High,,,,,
88,2026-04-28,15:51:48.45,2,6,"Chavez, Caden",1000258549,Left,FOR_RAM,"Martin, Drew",1000527196,Left,SAC_PIO,Undefined,3,Top,1,3,2,Fastball,Changeup,BallCalled,Walk,Undefined,Undefined,0,0,,84.04752,-1.355442,4.492847,2059.419005,128.35284,10:15,5.21728,-1.96752,6.27805,-27.06793,12.64824,-14.14493,1.70818,1.00347,75.84291,-6.471905,1.944929,0.453581,,,,,,,,,,,,8.76182,7.42682,1.64171,50,5.10392,-9.01001,-121.6247,-3.65923,12.92681,27.20366,-21.2168,FOR_RAM,SAC_PIO,FordhamUniversity,D1,A10,20260428-FordhamUniversity-1,b1cf7290-433b-11f1-a27e-053988b4ee35,83.09963,,,8.2046,,,,,,,13ca75c8-bb5c-4445-823c-d5e13dddedc7,2026-04-28,19:51:48.45,2026-04-28T15:51:48.4596224-04:00,2026-04-28T19:51:48.4596224Z,,v3,471298,471423,4e64d94106064b97a0d56267f0d32905,"McAndrews, Thomas",836274,Right,FOR_RAM,b5aa92cd-8da1-4cda-ac13-312861533b2f,54.21815,-122.56453,13.60183,5.21768,-2.92622,-10.6084,1.96071,-9.4566,6.46341,,,,,,,,,,,,,,,,,,,,,,,,,,,,,,,,,,,,,,,,,,,,,,,,,,,High,High,High,,,,,
89,2026-04-28,15:52:21.00,3,1,"Chavez, Caden",1000258549,Left,FOR_RAM,"Link, Peter",836328,Right,SAC_PIO,Undefined,3,Top,1,0,0,ChangeUp,Splitter,StrikeCalled,Undefined,Undefined,Undefined,0,0,,80.7465,0.229835,2.161324,1020.272509,94.131558,9:15,5.19584,-1.95155,5.84723,-41.30801,2.82945,-14.69753,1.96723,-1.16697,72.1005,-7.455308,-0.476158,0.478162,,,,,,,,,,,,8.18725,1.94213,1.78387,50,5.19123,-3.81296,-116.89266,-0.87199,11.00038,27.96932,-29.56458,FOR_RAM,SAC_PIO,FordhamUniversity,D1,A10,20260428-FordhamUniversity-1,c5382ac0-433b-11f1-a27e-053988b4ee35,78.82775,,,8.64599,,,,,,,13ca75c8-bb5c-4445-823c-d5e13dddedc7,2026-04-28,19:52:21.00,2026-04-28T15:52:21.0056192-04:00,2026-04-28T19:52:21.0056192Z,,v3,471298,471423,4e64d94106064b97a0d56267f0d32905,"McAndrews, Thomas",836274,Right,FOR_RAM,c7809e17-a7d6-4cbe-a5af-2ef360d95fba,54.64608,-117.99911,13.98466,5.20259,0.29757,-14.78229,1.94332,-4.24813,5.50019,,,,,,,,,,,,,,,,,,,,,,,,,,,,,,,,,,,,,,,,,,,,,,,,,,,High,High,High,,,,,
90,2026-04-28,15:53:02.33,3,2,"Chavez, Caden",1000258549,Left,FOR_RAM,"Link, Peter",836328,Right,SAC_PIO,Undefined,3,Top,1,0,1,Fastball,Changeup,InPlay,Undefined,LineDrive,HomeRun,0,2,,83.3846,-0.800943,3.605724,2055.572551,139.123349,10:45,5.12315,-2.05388,6.22112,-26.62604,13.92217,-10.72052,2.16375,0.38426,74.86552,-5.855585,1.674281,0.458308,99.05513,29.748706,-33.042325,2859.071396,90.00751,53.00877,-63.23485,320.68159,248.79813,-42.669436,4.21201,6.80374,7.92162,1.78914,50,5.05002,-7.20254,-120.75483,-2.43957,9.83544,28.11146,-20.72261,FOR_RAM,SAC_PIO,FordhamUniversity,D1,A10,20260428-FordhamUniversity-1,dde04530-433b-11f1-a27e-053988b4ee35,82.2426,67.4684,,8.51909,,,,2.98787,2.18652,-0.6093,13ca75c8-bb5c-4445-823c-d5e13dddedc7,2026-04-28,19:53:02.33,2026-04-28T15:53:02.3308288-04:00,2026-04-28T19:53:02.3308288Z,FlyBall,v3,471298,471423,4e64d94106064b97a0d56267f0d32905,"McAndrews, Thomas",836274,Right,FOR_RAM,d684998d-f94e-4a70-a302-fc4141a17723,54.27537,-121.74605,14.05573,5.12316,-1.70888,-10.3613,2.04922,-7.54934,4.91772,,2.98757,105.74074,-24.21997,5.83824,-1.40229,0.30987,-0.05063,0.00476,-0.00018,2.18799,72.05044,-24.29827,3.25176,-0.6076,0.08242,-0.01248,0.00219,-0.00018,-0.60956,-68.76898,8.41571,-1.9827,0.42214,-0.08017,0.01202,-0.00112,4E-05,,,,,,,,,,,,,,,,,,,,,,,High,High,High,Medium,Low,,,
91,2026-04-28,15:53:50.47,4,1,"Chavez, Caden",1000258549,Left,FOR_RAM,"Donohue, Gavin",1000302007,Right,SAC_PIO,Undefined,3,Top,1,0,0,ChangeUp,Slider,InPlay,Undefined,LineDrive,HomeRun,0,1,,80.168,1.494048,2.912119,1070.165675,97.062563,9:15,5.16,-2.03777,5.85346,-41.75522,3.28795,-11.46949,3.07071,-0.28544,71.0639,-6.302866,0.857887,0.483043,109.88962,20.428121,-28.497583,2161.573289,98.11262,36.45927,-49.73739,337.21013,337.21013,-29.046778,3.473767,6.95189,1.63047,1.80783,50,5.25762,-5.44506,-115.91638,1.70563,9.13588,28.55222,-30.03138,FOR_RAM,SAC_PIO,FordhamUniversity,D1,A10,20260428-FordhamUniversity-1,fa902c40-433b-11f1-a27e-053988b4ee35,78.03121,46.40279,,9.10409,,,,2.12395,3.08523,0.88365,13ca75c8-bb5c-4445-823c-d5e13dddedc7,2026-04-28,19:53:50.47,2026-04-28T15:53:50.4744448-04:00,2026-04-28T19:53:50.4744448Z,LineDrive,v3,471298,471423,4e64d94106064b97a0d56267f0d32905,"McAndrews, Thomas",836274,Right,FOR_RAM,7d7b1335-8e46-4099-9520-64d8ae8453af,54.64104,-117.05397,14.27611,5.16583,2.90215,-15.01569,2.03203,-5.80906,4.56794,,2.12391,132.7363,-22.96241,4.44964,-0.81203,0.11506,-0.01191,0.00034,5E-05,3.08513,56.25779,-20.21261,1.39063,-0.1216,0.02918,-0.01552,0.00446,-0.00047,0.88353,-72.05739,16.84196,-5.86431,1.60237,-0.33473,0.04935,-0.00396,8E-05,,,,,,,,,,,,,,,,,,,,,,,High,High,High,Low,Medium,,,
92,2026-04-28,15:55:04.60,5,1,"Chavez, Caden",1000258549,Left,FOR_RAM,"Rudolph, Will",1000236032,Right,SAC_PIO,Undefined,3,Top,1,0,0,Fastball,Changeup,BallCalled,Undefined,Undefined,Undefined,0,0,,85.28918,-0.986577,0.805597,2075.392646,147.743453,11:00,5.21527,-2.12006,6.02444,-20.10698,19.00296,-11.02697,2.62578,-2.29281,76.18056,-4.861055,-1.178673,0.450106,,,,,,,,,,,,5.85555,10.49855,2.06244,50,5.12719,-1.2703,-123.56146,-2.6566,8.83338,30.17721,-16.33653,FOR_RAM,SAC_PIO,FordhamUniversity,D1,A10,20260428-FordhamUniversity-1,26c094d0-433c-11f1-a27e-053988b4ee35,83.74125,,,9.10863,,,,,,,13ca75c8-bb5c-4445-823c-d5e13dddedc7,2026-04-28,19:55:04.60,2026-04-28T15:55:04.6057472-04:00,2026-04-28T19:55:04.6057472Z,,v3,471298,471423,4e64d94106064b97a0d56267f0d32905,"McAndrews, Thomas",836274,Right,FOR_RAM,7ae8fec1-9bce-4441-a99b-d49c5c68b4a7,54.46686,-124.64762,15.0886,5.21222,-2.06861,-8.16827,2.11388,-1.58823,4.41669,,,,,,,,,,,,,,,,,,,,,,,,,,,,,,,,,,,,,,,,,,,,,,,,,,,High,High,High,,,,,
93,2026-04-28,15:55:21.41,5,2,"Chavez, Caden",1000258549,Left,FOR_RAM,"Rudolph, Will",1000236032,Right,SAC_PIO,Undefined,3,Top,1,1,0,Curveball,Curveball,StrikeCalled,Undefined,Undefined,Undefined,0,0,,72.14689,2.648684,2.454964,2137.724777,326.153259,4:45,5.38504,-2.03131,5.327,-62.60011,-6.28898,5.66004,2.65777,0.74535,64.8533,-8.784651,3.459005,0.540093,,,,,,,,,,,,-1.93402,-3.31402,1.80515,50,5.58071,-4.68853,-104.29245,2.80522,-2.07685,21.62715,-35.73283,FOR_RAM,SAC_PIO,FordhamUniversity,D1,A10,20260428-FordhamUniversity-1,30d2b4d0-433c-11f1-a27e-053988b4ee35,69.78879,,,7.2936,,,,,,,13ca75c8-bb5c-4445-823c-d5e13dddedc7,2026-04-28,19:55:21.41,2026-04-28T15:55:21.4150656-04:00,2026-04-28T19:55:21.4150656Z,,v3,471298,471423,4e64d94106064b97a0d56267f0d32905,"McAndrews, Thomas",836274,Right,FOR_RAM,1be9363e-9668-46b9-bc5d-e8daac7b3182,55.16878,-105.35885,10.81357,5.39895,4.56714,-17.86641,2.03381,-4.58612,-1.03843,,,,,,,,,,,,,,,,,,,,,,,,,,,,,,,,,,,,,,,,,,,,,,,,,,,High,High,High,,,,,
94,2026-04-28,15:55:39.37,5,3,"Chavez, Caden",1000258549,Left,FOR_RAM,"Rudolph, Will",1000236032,Right,SAC_PIO,Undefined,3,Top,1,1,1,Curveball,Curveball,StrikeCalled,Undefined,Undefined,Undefined,0,0,,71.53331,3.36135,0.420528,2171.048806,317.747584,4:30,5.40981,-1.93702,5.17334,-66.49181,-8.97563,10.13863,3.03564,-0.6964,64.2856,-8.747358,2.216665,0.545841,,,,,,,,,,,,-4.82784,-4.83173,1.89002,50,5.67323,-1.15301,-103.43834,3.8813,-5.10491,21.11919,-37.2831,FOR_RAM,SAC_PIO,FordhamUniversity,D1,A10,20260428-FordhamUniversity-1,3b809fa0-433c-11f1-a27e-053988b4ee35,69.05384,,,7.24771,,,,,,,13ca75c8-bb5c-4445-823c-d5e13dddedc7,2026-04-28,19:55:39.37,2026-04-28T15:55:39.3746944-04:00,2026-04-28T19:55:39.3746944Z,,v3,471298,471423,4e64d94106064b97a0d56267f0d32905,"McAndrews, Thomas",836274,Right,FOR_RAM,a8fe495a-e631-4ed9-838b-ab6d90b95539,55.32375,-104.51965,10.55959,5.42563,5.79021,-18.64155,1.94237,-0.89163,-2.55246,,,,,,,,,,,,,,,,,,,,,,,,,,,,,,,,,,,,,,,,,,,,,,,,,,,High,High,High,,,,,
95,2026-04-28,15:56:00.23,5,4,"Chavez, Caden",1000258549,Left,FOR_RAM,"Rudolph, Will",1000236032,Right,SAC_PIO,Undefined,3,Top,1,1,2,Slider,Slider,FoulBallNotFieldable,Undefined,Undefined,Undefined,0,0,,80.66535,-1.05566,2.365795,2213.133825,183.554981,12:00,5.14882,-2.0579,5.7937,-34.97171,9.88347,0.49256,1.2516,0.18504,71.33933,-7.617052,2.454007,0.482034,,,,,,,,,,,,0.68866,6.03689,1.86292,50,5.04189,-4.83457,-116.52595,-3.23118,0.90958,29.91285,-24.20037,FOR_RAM,SAC_PIO,FordhamUniversity,D1,A10,20260428-FordhamUniversity-1,47e49ee0-433c-11f1-a27e-053988b4ee35,78.19455,,,9.32602,,,,,,,13ca75c8-bb5c-4445-823c-d5e13dddedc7,2026-04-28,19:56:00.23,2026-04-28T15:56:00.2333696-04:00,2026-04-28T19:56:00.2333696Z,,v3,471298,471423,4e64d94106064b97a0d56267f0d32905,"McAndrews, Thomas",836274,Right,FOR_RAM,ca8f855a-75c6-4520-9e69-fb6e766705aa,54.69506,-117.72503,14.95643,5.15197,-2.2611,-12.10019,2.05744,-4.87103,0.45479,,,,,,,,,,,,,,,,,,,,,,,,,,,,,,,,,,,,,,,,,,,,,,,,,,,High,High,High,,,,,
96,2026-04-28,15:56:23.78,5,5,"Chavez, Caden",1000258549,Left,FOR_RAM,"Rudolph, Will",1000236032,Right,SAC_PIO,Undefined,3,Top,1,1,2,Curveball,Curveball,FoulBallNotFieldable,Undefined,Undefined,Undefined,0,0,,74.25785,1.132825,1.039156,2304.979072,320.727956,4:45,5.35537,-1.97366,5.48941,-63.08515,-10.53434,10.21288,1.15835,-0.15035,67.22907,-10.364306,2.863486,0.521748,,,,,,,,,,,,-4.80134,-5.19205,1.87548,50,5.41185,-2.33179,-107.63709,0.08638,-5.49365,22.98448,-38.11478,FOR_RAM,SAC_PIO,FordhamUniversity,D1,A10,20260428-FordhamUniversity-1,563c7ee0-433c-11f1-a27e-053988b4ee35,72.24257,,,7.02878,,,,,,,13ca75c8-bb5c-4445-823c-d5e13dddedc7,2026-04-28,19:56:23.78,2026-04-28T15:56:23.7827584-04:00,2026-04-28T19:56:23.7827584Z,,v3,471298,471423,4e64d94106064b97a0d56267f0d32905,"McAndrews, Thomas",836274,Right,FOR_RAM,d020eedb-54ce-409f-a2f3-c447cb1d1141,55.0104,-108.70173,11.49224,5.36696,1.85186,-19.05739,1.97759,-2.07732,-2.74683,,,,,,,,,,,,,,,,,,,,,,,,,,,,,,,,,,,,,,,,,,,,,,,,,,,High,High,High,,,,,
97,2026-04-28,15:56:48.86,5,6,"Chavez, Caden",1000258549,Left,FOR_RAM,"Rudolph, Will",1000236032,Right,SAC_PIO,Undefined,3,Top,1,1,2,Slider,Slider,BallCalled,Undefined,Undefined,Undefined,0,0,,77.84493,-1.213954,3.33484,2228.529528,207.764715,1:00,5.08118,-2.02688,5.82537,-43.29632,4.71717,1.41717,0.34254,1.19491,69.37446,-9.24442,3.588629,0.498716,,,,,,,,,,,,0.57642,3.42835,1.75327,50,4.95676,-6.60746,-112.47629,-3.71079,0.71062,27.54475,-27.94749,FOR_RAM,SAC_PIO,FordhamUniversity,D1,A10,20260428-FordhamUniversity-1,64e230c0-433c-11f1-a27e-053988b4ee35,75.579,,,8.47048,,,,,,,13ca75c8-bb5c-4445-823c-d5e13dddedc7,2026-04-28,19:56:48.86,2026-04-28T15:56:48.8693248-04:00,2026-04-28T19:56:48.8693248Z,,v3,471298,471423,4e64d94106064b97a0d56267f0d32905,"McAndrews, Thomas",836274,Right,FOR_RAM,9d9b0548-7a7a-48db-8a44-f9f46705e38d,54.66874,-113.61388,13.77238,5.08618,-2.55657,-13.97375,2.02676,-6.63681,0.35531,,,,,,,,,,,,,,,,,,,,,,,,,,,,,,,,,,,,,,,,,,,,,,,,,,,High,High,High,,,,,
98,2026-04-28,15:57:09.75,5,7,"Chavez, Caden",1000258549,Left,FOR_RAM,"Rudolph, Will",1000236032,Right,SAC_PIO,Undefined,3,Top,1,2,2,Fastball,Changeup,BallCalled,Undefined,Undefined,Undefined,0,0,,84.49868,-1.27655,1.088465,2072.559808,147.619235,11:00,5.19382,-2.1724,6.21699,-22.16584,17.31966,-10.01717,2.16826,-2.0026,75.69233,-5.528983,-0.720915,0.452262,,,,,,,,,,,,5.48843,9.8165,2.09529,50,5.08717,-1.91984,-122.47084,-3.31613,8.14781,29.27493,-17.60102,FOR_RAM,SAC_PIO,FordhamUniversity,D1,A10,20260428-FordhamUniversity-1,71559950-433c-11f1-a27e-053988b4ee35,83.34202,,,8.80635,,,,,,,13ca75c8-bb5c-4445-823c-d5e13dddedc7,2026-04-28,19:57:09.75,2026-04-28T15:57:09.7519104-04:00,2026-04-28T19:57:09.7519104Z,,v3,471298,471423,4e64d94106064b97a0d56267f0d32905,"McAndrews, Thomas",836274,Right,FOR_RAM,2c90017f-0194-4d1f-80fc-bdfb641157b1,54.2752,-123.48854,14.63747,5.19182,-2.70426,-8.80051,2.16696,-2.20308,4.0739,,,,,,,,,,,,,,,,,,,,,,,,,,,,,,,,,,,,,,,,,,,,,,,,,,,High,High,High,,,,,
99,2026-04-28,15:57:28.67,5,8,"Chavez, Caden",1000258549,Left,FOR_RAM,"Rudolph, Will",1000236032,Right,SAC_PIO,Undefined,3,Top,1,3,2,Curveball,Curveball,InPlay,Undefined,GroundBall,Out,1,0,,74.70967,0.581646,1.11167,2228.196512,319.079262,4:45,5.32631,-1.98175,5.30214,-57.51102,-4.54748,5.85142,1.07989,-0.45039,66.70115,-9.935145,2.152919,0.523793,66.68058,-27.425711,-50.842415,,,,,3.77517,3.77517,-20.334088,0.026502,-2.4987,-1.89449,1.87631,50,5.33779,-2.32381,-108.05694,-0.79844,-2.84559,25.27665,-34.33156,FOR_RAM,SAC_PIO,FordhamUniversity,D1,A10,20260428-FordhamUniversity-1,7cafa2a0-433c-11f1-a27e-053988b4ee35,71.96053,1.19607,,8.00852,,,,2.08446,1.19607,0.47542,13ca75c8-bb5c-4445-823c-d5e13dddedc7,2026-04-28,19:57:28.67,2026-04-28T15:57:28.6764544-04:00,2026-04-28T19:57:28.6764544Z,GroundBall,v3,471298,471423,4e64d94106064b97a0d56267f0d32905,"McAndrews, Thomas",836274,Right,FOR_RAM,b78b20e8-2498-4954-a18c-bfdff801b2af,55.19333,-109.26501,12.63833,5.33674,0.8424,-17.16578,1.98413,-2.1878,-1.4228,,2.08401,54.91918,,,,,,,,1.19644,-45.13173,,,,,,,,0.47597,-67.43944,,,,,,,,,,,,,,,,,,,,,,,,,,,,,,High,High,High,Estimated,Estimated,,,
100,2026-04-28,15:58:06.24,6,1,"Chavez, Caden",1000258549,Left,FOR_RAM,"Donohue, Ronan",10108737,Right,SAC_PIO,Undefined,3,Top,2,0,0,Fastball,Cutter,BallCalled,Undefined,Undefined,Undefined,0,0,,84.80538,-1.92378,2.637856,2014.405933,159.230501,11:15,5.15213,-2.0522,6.37378,-25.95714,13.07068,-4.38874,1.21649,0.01079,76.16541,-6.852855,1.843573,0.449633,,,,,,,,,,,,3.19851,7.90788,1.86372,50,5.00129,-5.49197,-122.85452,-4.85472,4.77543,29.58296,-20.36742,FOR_RAM,SAC_PIO,FordhamUniversity,D1,A10,20260428-FordhamUniversity-1,9307d9a0-433c-11f1-a27e-053988b4ee35,83.82926,,,8.63996,,,,,,,13ca75c8-bb5c-4445-823c-d5e13dddedc7,2026-04-28,19:58:06.24,2026-04-28T15:58:06.2418432-04:00,2026-04-28T19:58:06.2418432Z,,v3,471298,471423,4e64d94106064b97a0d56267f0d32905,"McAndrews, Thomas",836274,Right,FOR_RAM,8891f344-f1f5-4b76-bcce-539e0f2fd398,54.12129,-123.84293,14.79148,5.15213,-4.17421,-10.18371,2.04988,-5.65153,2.38771,,,,,,,,,,,,,,,,,,,,,,,,,,,,,,,,,,,,,,,,,,,,,,,,,,,High,High,High,,,,,
101,2026-04-28,15:58:22.75,6,2,"Chavez, Caden",1000258549,Left,FOR_RAM,"Donohue, Ronan",10108737,Right,SAC_PIO,Undefined,3,Top,2,1,0,Curveball,Curveball,StrikeSwinging,Undefined,Undefined,Undefined,0,0,,73.84701,1.442795,1.525452,2123.228942,319.290154,4:45,5.37013,-2.06929,5.43632,-58.39043,-4.85256,5.97331,1.85611,-0.1427,66.33022,-9.251123,2.589549,0.526626,,,,,,,,,,,,-2.42803,-2.27508,1.9301,50,5.4583,-3.07566,-106.87653,0.80333,-2.72946,23.24367,-34.73158,FOR_RAM,SAC_PIO,FordhamUniversity,D1,A10,20260428-FordhamUniversity-1,9cd9bc50-433c-11f1-a27e-053988b4ee35,71.5735,,,7.51679,,,,,,,13ca75c8-bb5c-4445-823c-d5e13dddedc7,2026-04-28,19:58:22.75,2026-04-28T15:58:22.7515392-04:00,2026-04-28T19:58:22.7515392Z,,v3,471298,471423,4e64d94106064b97a0d56267f0d32905,"McAndrews, Thomas",836274,Right,FOR_RAM,c41a05dc-f6fa-42ce-98a7-9190a2c90d3a,55.05922,-107.97121,11.62184,5.38195,2.43905,-17.36579,2.07193,-2.94711,-1.36473,,,,,,,,,,,,,,,,,,,,,,,,,,,,,,,,,,,,,,,,,,,,,,,,,,,High,High,High,,,,,
102,2026-04-28,15:58:42.10,6,3,"Chavez, Caden",1000258549,Left,FOR_RAM,"Donohue, Ronan",10108737,Right,SAC_PIO,Undefined,3,Top,2,1,1,Curveball,Curveball,StrikeCalled,Undefined,Undefined,Undefined,0,0,,74.31529,2.454076,-0.278127,2254.602862,329.011077,5:00,5.31379,-1.85926,5.18395,-65.39232,-12.04402,8.47961,2.17475,-1.41429,66.71075,-9.437519,1.22679,0.525692,,,,,,,,,,,,-4.26626,-6.09981,1.87856,50,5.49307,0.18056,-107.52739,2.34821,-4.8573,23.42937,-39.11892,FOR_RAM,SAC_PIO,FordhamUniversity,D1,A10,20260428-FordhamUniversity-1,a8642470-433c-11f1-a27e-053988b4ee35,71.70057,,,7.60455,,,,,,,13ca75c8-bb5c-4445-823c-d5e13dddedc7,2026-04-28,19:58:42.10,2026-04-28T15:58:42.1032448-04:00,2026-04-28T19:58:42.1032448Z,,v3,471298,471423,4e64d94106064b97a0d56267f0d32905,"McAndrews, Thomas",836274,Right,FOR_RAM,08a9edc9-6cb8-454f-ac66-8c8766c9b774,55.31339,-108.67897,11.71469,5.3304,4.27095,-19.55946,1.86382,0.4193,-2.42865,,,,,,,,,,,,,,,,,,,,,,,,,,,,,,,,,,,,,,,,,,,,,,,,,,,High,High,High,,,,,
103,2026-04-28,15:58:58.70,6,4,"Chavez, Caden",1000258549,Left,FOR_RAM,"Donohue, Ronan",10108737,Right,SAC_PIO,Undefined,3,Top,2,1,2,Slider,Slider,BallCalled,Undefined,Undefined,Undefined,0,0,,80.73898,-1.759115,1.315392,2290.12168,197.141064,12:30,5.11894,-1.99065,5.77678,-34.46986,10.16969,2.54799,0.60868,-0.55415,71.70887,-8.209535,1.772225,0.480874,,,,,,,,,,,,-0.77689,6.41473,1.88055,50,4.9536,-2.78367,-116.7258,-4.65176,-1.03228,29.52051,-23.6507,FOR_RAM,SAC_PIO,FordhamUniversity,D1,A10,20260428-FordhamUniversity-1,b2494100-433c-11f1-a27e-053988b4ee35,78.38319,,,9.03011,,,,,,,13ca75c8-bb5c-4445-823c-d5e13dddedc7,2026-04-28,19:58:58.70,2026-04-28T15:58:58.7032576-04:00,2026-04-28T19:58:58.7032576Z,,v3,471298,471423,4e64d94106064b97a0d56267f0d32905,"McAndrews, Thomas",836274,Right,FOR_RAM,22f98906-99dd-4dda-81c0-773cb44f3d4a,54.71419,-117.91202,14.76026,5.12143,-3.70141,-11.82535,1.99157,-2.74219,-0.51614,,,,,,,,,,,,,,,,,,,,,,,,,,,,,,,,,,,,,,,,,,,,,,,,,,,High,High,High,,,,,
104,2026-04-28,15:59:18.11,6,5,"Chavez, Caden",1000258549,Left,FOR_RAM,"Donohue, Ronan",10108737,Right,SAC_PIO,Undefined,3,Top,2,2,2,Slider,Slider,FoulBallNotFieldable,Undefined,Undefined,Undefined,0,0,,79.08396,0.518609,1.996737,2278.11302,214.056295,1:15,5.08684,-2.1929,5.62397,-39.6414,6.85973,3.36669,2.26764,-0.04832,70.47895,-6.858391,2.597644,0.490798,116.70151,-44.488729,-112.939468,,,,,2.72867,2.41599,-52.556357,0.020539,-0.96898,3.78921,2.02044,50,5.10608,-4.12153,-114.42538,-0.21842,-1.24422,27.31013,-27.30859,FOR_RAM,SAC_PIO,FordhamUniversity,D1,A10,20260428-FordhamUniversity-1,bde24f20-433c-11f1-a27e-053988b4ee35,76.79821,2.46666,,8.60501,,,,2.6377,2.46666,0.14606,13ca75c8-bb5c-4445-823c-d5e13dddedc7,2026-04-28,19:59:18.11,2026-04-28T15:59:18.1185536-04:00,2026-04-28T19:59:18.1185536Z,GroundBall,v3,471298,471423,4e64d94106064b97a0d56267f0d32905,"McAndrews, Thomas",836274,Right,FOR_RAM,ba7e172d-2e21-4744-9f74-08005a2d65e2,54.87056,-115.582,13.65507,5.09084,0.93814,-13.6543,2.19387,-4.06884,-0.62211,,2.6379,-47.65228,,,,,,,,2.46717,-120.09834,,,,,,,,0.14653,-112.59231,,,,,,,,,,,,,,,,,,,,,,,,,,,,,,High,High,High,Low,Low,,,
105,2026-04-28,15:59:37.62,6,6,"Chavez, Caden",1000258549,Left,FOR_RAM,"Donohue, Ronan",10108737,Right,SAC_PIO,Undefined,3,Top,2,2,2,Curveball,Curveball,BallCalled,Undefined,Undefined,Undefined,0,0,,73.92175,-0.201432,1.883377,2285.628061,324.007263,4:45,5.3314,-1.90711,5.51646,-62.0322,-8.73874,7.84721,-0.0264,0.50847,66.83692,-11.492177,3.28657,0.525422,,,,,,,,,,,,-3.30477,-3.87362,1.7375,50,5.27217,-3.8059,-107.06714,-2.34253,-3.71869,23.75593,-36.53286,FOR_RAM,SAC_PIO,FordhamUniversity,D1,A10,20260428-FordhamUniversity-1,c98ac690-433c-11f1-a27e-053988b4ee35,71.73744,,,7.08483,,,,,,,13ca75c8-bb5c-4445-823c-d5e13dddedc7,2026-04-28,19:59:37.62,2026-04-28T15:59:37.6276480-04:00,2026-04-28T19:59:37.6276480Z,,v3,471298,471423,4e64d94106064b97a0d56267f0d32905,"McAndrews, Thomas",836274,Right,FOR_RAM,db138770-545e-4963-96a8-bc3eb906daf1,54.98274,-108.16705,11.87796,5.34147,-0.65104,-18.26643,1.90973,-3.63372,-1.85934,,,,,,,,,,,,,,,,,,,,,,,,,,,,,,,,,,,,,,,,,,,,,,,,,,,High,High,High,,,,,
106,2026-04-28,15:59:57.30,6,7,"Chavez, Caden",1000258549,Left,FOR_RAM,"Donohue, Ronan",10108737,Right,SAC_PIO,Undefined,3,Top,2,3,2,Fastball,Four-Seam,StrikeCalled,Strikeout,Undefined,Undefined,0,0,,85.02198,-1.95516,2.416078,2079.424719,161.152792,11:15,5.13634,-2.09498,6.31283,-21.78253,17.03737,-5.31339,1.51787,-0.31092,76.42153,-6.127055,1.455678,0.448434,,,,,,,,,,,,3.56504,9.93221,1.92039,50,4.98267,-4.98972,-123.18532,-4.78348,5.3671,29.08976,-17.22129,FOR_RAM,SAC_PIO,FordhamUniversity,D1,A10,20260428-FordhamUniversity-1,d534ebb0-433c-11f1-a27e-053988b4ee35,84.05344,,,8.60045,,,,,,,13ca75c8-bb5c-4445-823c-d5e13dddedc7,2026-04-28,19:59:57.30,2026-04-28T15:59:57.3060000-04:00,2026-04-28T19:59:57.3060000Z,,v3,471298,471423,4e64d94106064b97a0d56267f0d32905,"McAndrews, Thomas",836274,Right,FOR_RAM,8ef32322-73ad-4726-b613-da292998efe7,54.18164,-124.16888,14.54488,5.13456,-4.20122,-8.61064,2.09217,-5.17118,2.68355,,,,,,,,,,,,,,,,,,,,,,,,,,,,,57.73149,,,1.217969,,,,-0.19608,5.84714,2.35718,76.6248,0.52966,-48.15691,-0.19647,66.06573,-2.45545,5.88288,13.60576,-14.86534,2.29761,-50.29372,7.40804,High,High,High,,,High,Medium,Low
107,2026-04-28,16:02:27.04,1,1,"Trantino, Christian",10096040,Left,SAC_PIO,"Donnelly, Joey",800885,Left,FOR_RAM,Undefined,3,Bottom,0,0,0,Fastball,Changeup,BallCalled,Undefined,Undefined,Undefined,0,0,,81.34217,1.171404,2.086291,2184.267597,129.408598,10:15,5.16222,-1.68995,6.33442,-29.19848,12.90583,-13.8819,3.80845,-0.92497,73.29083,-4.372662,-0.424005,0.467019,,,,,,,,,,,,7.81126,6.7789,1.54376,50,5.23395,-3.77099,-117.98939,1.61303,10.85076,25.50709,-22.75732,FOR_RAM,SAC_PIO,FordhamUniversity,D1,A10,20260428-FordhamUniversity-1,2e6df460-433d-11f1-a27e-053988b4ee35,80.70856,,,8.05133,,,,,,,13ca75c8-bb5c-4445-823c-d5e13dddedc7,2026-04-28,20:02:27.04,2026-04-28T16:02:27.0450176-04:00,2026-04-28T20:02:27.0450176Z,,v3,471298,471423,4e64d94106064b97a0d56267f0d32905,"Bowes, Nathan",1000145608,Both,SAC_PIO,d3b504b5-8b35-46d3-856d-118887a91b2c,54.1603,-118.88537,12.75354,5.16325,2.41242,-11.37866,1.68292,-4.15214,5.42538,,,,,,,,,,,,,,,,,,,,,,,,,,,,,,,,,,,,,,,,,,,,,,,,,,,High,High,High,,,,,
108,2026-04-28,16:02:45.03,1,2,"Trantino, Christian",10096040,Left,SAC_PIO,"Donnelly, Joey",800885,Left,FOR_RAM,Undefined,3,Bottom,0,1,0,Curveball,Curveball,BallCalled,Undefined,Undefined,Undefined,0,0,,70.522,0.359752,3.727551,1853.420201,15.656078,6:30,5.1011,-1.59204,5.3867,-63.62826,-4.41772,-1.90882,0.13666,1.74764,63.45126,-11.235469,3.388204,0.553823,,,,,,,,,,,,2.37658,-1.84043,1.25993,50,5.0884,-6.57191,-101.90217,-1.28661,2.41573,21.93614,-34.04482,FOR_RAM,SAC_PIO,FordhamUniversity,D1,A10,20260428-FordhamUniversity-1,395abcf0-433d-11f1-a27e-053988b4ee35,68.05866,,,7.07074,,,,,,,13ca75c8-bb5c-4445-823c-d5e13dddedc7,2026-04-28,20:02:45.03,2026-04-28T16:02:45.0318848-04:00,2026-04-28T20:02:45.0318848Z,,v3,471298,471423,4e64d94106064b97a0d56267f0d32905,"Bowes, Nathan",1000145608,Both,SAC_PIO,c0335209-6afb-4bdf-b927-e1cfc6a415f0,55.11145,-102.99662,10.96807,5.11022,0.41197,-17.02241,1.59082,-6.69243,1.20786,,,,,,,,,,,,,,,,,,,,,,,,,,,,,,,,,,,,,,,,,,,,,,,,,,,High,High,High,,,,,
109,2026-04-28,16:03:07.66,1,3,"Trantino, Christian",10096040,Left,SAC_PIO,"Donnelly, Joey",800885,Left,FOR_RAM,Undefined,3,Bottom,0,2,0,Fastball,Changeup,BallCalled,Undefined,Undefined,Undefined,0,0,,80.92519,2.192715,1.082222,2222.898903,123.544886,10:00,5.14073,-1.69691,6.23733,-31.20423,11.51355,-15.0895,4.5644,-1.95595,72.84373,-3.7122,-1.641804,0.470409,,,,,,,,,,,,8.07079,5.71457,1.62291,50,5.28907,-1.63665,-117.35697,3.61157,11.08857,25.28722,-24.32275,FOR_RAM,SAC_PIO,FordhamUniversity,D1,A10,20260428-FordhamUniversity-1,46a43a30-433d-11f1-a27e-053988b4ee35,80.12696,,,8.08147,,,,,,,13ca75c8-bb5c-4445-823c-d5e13dddedc7,2026-04-28,20:03:07.66,2026-04-28T16:03:07.6674560-04:00,2026-04-28T20:03:07.6674560Z,,v3,471298,471423,4e64d94106064b97a0d56267f0d32905,"Bowes, Nathan",1000145608,Both,SAC_PIO,2c09e993-8b46-49e8-a944-05f337c53bb8,54.25725,-118.27074,12.64361,5.14268,4.49049,-12.16138,1.68929,-2.03734,5.54428,,,,,,,,,,,,,,,,,,,,,,,,,,,,,,,,,,,,,,,,,,,,,,,,,,,High,High,High,,,,,
110,2026-04-28,16:03:32.66,1,4,"Trantino, Christian",10096040,Left,SAC_PIO,"Donnelly, Joey",800885,Left,FOR_RAM,Undefined,3,Bottom,0,3,0,Fastball,Changeup,StrikeCalled,Undefined,Undefined,Undefined,0,0,,80.13101,0.733719,2.706912,2197.775875,121.6075,10:00,5.16517,-1.62242,6.32744,-33.16722,10.08071,-13.95123,3.07769,-0.29044,72.58444,-5.515353,0.185013,0.473319,,,,,,,,,,,,8.04953,5.46949,1.4309,50,5.20324,-4.98374,-116.25985,0.55926,10.89902,23.97849,-24.76839,FOR_RAM,SAC_PIO,FordhamUniversity,D1,A10,20260428-FordhamUniversity-1,559d3c30-433d-11f1-a27e-053988b4ee35,79.63429,,,7.54657,,,,,,,13ca75c8-bb5c-4445-823c-d5e13dddedc7,2026-04-28,20:03:32.66,2026-04-28T16:03:32.6694912-04:00,2026-04-28T20:03:32.6694912Z,,v3,471298,471423,4e64d94106064b97a0d56267f0d32905,"Bowes, Nathan",1000145608,Both,SAC_PIO,c80b783b-c330-4ac5-a840-762a4b95d91f,54.169,-117.11655,11.98925,5.16745,1.44417,-12.3842,1.61591,-5.37314,5.44951,,,,,,,,,,,,,,,,,,,,,,,,,,,,,,,,,,,,,,,,,,,,,,,,,,,High,High,High,,,,,
111,2026-04-28,16:03:51.87,1,5,"Trantino, Christian",10096040,Left,SAC_PIO,"Donnelly, Joey",800885,Left,FOR_RAM,Undefined,3,Bottom,0,3,1,Sinker,Changeup,BallCalled,Walk,Undefined,Undefined,0,0,,81.45318,2.52665,1.950725,2265.431467,114.232191,9:45,5.07349,-1.7497,6.28973,-33.98246,7.86264,-14.36367,4.57288,-1.14832,73.75206,-3.86285,-0.643528,0.465579,,,,,,,,,,,,7.96256,3.76693,1.61224,50,5.24361,-3.47658,-118.15118,4.22197,11.16638,24.17712,-26.89146,FOR_RAM,SAC_PIO,FordhamUniversity,D1,A10,20260428-FordhamUniversity-1,61088390-433d-11f1-a27e-053988b4ee35,80.95814,,,7.70112,,,,,,,13ca75c8-bb5c-4445-823c-d5e13dddedc7,2026-04-28,20:03:51.87,2026-04-28T16:03:51.8795776-04:00,2026-04-28T20:03:51.8795776Z,,v3,471298,471423,4e64d94106064b97a0d56267f0d32905,"Bowes, Nathan",1000145608,Both,SAC_PIO,9f68de1e-1755-4401-abb5-e61e79b82ad1,54.20646,-119.00883,12.08856,5.07692,5.17591,-13.44573,1.7426,-3.87269,5.58319,,,,,,,,,,,,,,,,,,,,,,,,,,,,,,,,,,,,,,,,,,,,,,,,,,,High,High,High,,,,,
112,2026-04-28,16:04:33.69,2,1,"Trantino, Christian",10096040,Left,SAC_PIO,"Ocko, Madden",10300306,Right,FOR_RAM,Undefined,3,Bottom,0,0,0,Sinker,Changeup,StrikeCalled,Undefined,Undefined,Undefined,0,0,,80.23902,0.26145,2.982254,2240.578492,126.458943,10:15,5.09436,-1.48948,6.18543,-31.73317,11.73953,-13.80536,2.69167,0.11623,72.54767,-5.716128,0.494065,0.474548,,,,,,,,,,,,8.04335,6.44733,1.27097,50,5.09824,-5.5433,-116.34174,-0.36977,10.88415,24.41471,-23.44962,FOR_RAM,SAC_PIO,FordhamUniversity,D1,A10,20260428-FordhamUniversity-1,79fdd3a0-433d-11f1-a27e-053988b4ee35,79.42814,,,7.69135,,,,,,,13ca75c8-bb5c-4445-823c-d5e13dddedc7,2026-04-28,20:04:33.69,2026-04-28T16:04:33.6952832-04:00,2026-04-28T20:04:33.6952832Z,,v3,471298,471423,4e64d94106064b97a0d56267f0d32905,"Bowes, Nathan",1000145608,Both,SAC_PIO,426ceeec-f889-4022-b912-c6aaa9954efa,54.3106,-117.24284,12.20736,5.09591,0.49571,-11.72481,1.48297,-5.94502,5.44208,,,,,,,,,,,,,,,,,,,,,,,,,,,,,,,,,,,,,,,,,,,,,,,,,,,High,High,High,,,,,
113,2026-04-28,16:05:14.42,2,2,"Trantino, Christian",10096040,Left,SAC_PIO,"Ocko, Madden",10300306,Right,FOR_RAM,Undefined,3,Bottom,0,0,1,Sinker,Changeup,BallCalled,Undefined,Undefined,Undefined,0,0,,81.14349,-0.992072,4.060224,2214.332577,108.568593,9:30,5.07266,-1.57359,6.1342,-35.56722,6.94012,-16.30816,1.18941,0.82635,73.86853,-7.613558,1.125205,0.469249,,,,,,,,,,,,9.7154,4.29299,1.27178,50,4.97833,-7.74857,-117.59402,-3.10744,13.48163,24.1745,-26.21686,FOR_RAM,SAC_PIO,FordhamUniversity,D1,A10,20260428-FordhamUniversity-1,92388640-433d-11f1-a27e-053988b4ee35,80.325,,,7.27496,,,,,,,13ca75c8-bb5c-4445-823c-d5e13dddedc7,2026-04-28,20:05:14.42,2026-04-28T16:05:14.4254976-04:00,2026-04-28T20:05:14.4254976Z,,v3,471298,471423,4e64d94106064b97a0d56267f0d32905,"Bowes, Nathan",1000145608,Both,SAC_PIO,dc6b2b8a-98bf-44b1-ae5c-a414003f409b,54.36512,-118.48798,12.08725,5.07532,-2.13795,-13.10843,1.56754,-8.24712,6.74081,,,,,,,,,,,,,,,,,,,,,,,,,,,,,,,,,,,,,,,,,,,,,,,,,,,High,High,High,,,,,
114,2026-04-28,16:05:36.06,2,3,"Trantino, Christian",10096040,Left,SAC_PIO,"Ocko, Madden",10300306,Right,FOR_RAM,Undefined,3,Bottom,0,1,1,Curveball,Curveball,StrikeCalled,Undefined,Undefined,Undefined,0,0,,71.68027,3.962245,1.101302,2003.298582,8.68198,6:15,5.10944,-1.60541,5.51999,-64.17208,-7.67087,-1.49532,3.47295,-0.70021,64.35126,-7.810939,0.834952,0.541004,,,,,,,,,,,,1.11882,-4.43185,1.51054,50,5.41298,-1.93607,-103.63733,5.15702,1.19036,20.83568,-36.88921,FOR_RAM,SAC_PIO,FordhamUniversity,D1,A10,20260428-FordhamUniversity-1,9f293520-433d-11f1-a27e-053988b4ee35,69.67132,,,7.32901,,,,,,,13ca75c8-bb5c-4445-823c-d5e13dddedc7,2026-04-28,20:05:36.06,2026-04-28T16:05:36.0664576-04:00,2026-04-28T20:05:36.0664576Z,,v3,471298,471423,4e64d94106064b97a0d56267f0d32905,"Bowes, Nathan",1000145608,Both,SAC_PIO,8c91a7f3-2568-4094-a3ee-24c99ae981da,54.97653,-104.63304,10.41784,5.12441,6.91992,-18.4446,1.60442,-1.99295,0.59518,,,,,,,,,,,,,,,,,,,,,,,,,,,,,,,,,,,,,,,,,,,,,,,,,,,High,High,High,,,,,
115,2026-04-28,16:05:57.50,2,4,"Trantino, Christian",10096040,Left,SAC_PIO,"Ocko, Madden",10300306,Right,FOR_RAM,Undefined,3,Bottom,0,1,2,Sinker,Changeup,InPlay,Undefined,GroundBall,Out,1,0,,81.27563,0.473062,3.741605,2255.382479,121.804785,10:00,5.24773,-1.60516,6.483,-31.74132,9.89682,-13.73639,3.0379,0.69043,73.97289,-5.510004,1.255019,0.464426,,,,,,,,,,,,8.31898,5.44177,1.34783,50,5.26703,-7.22781,-117.9241,0.10275,11.64657,23.63528,-24.55558,FOR_RAM,SAC_PIO,FordhamUniversity,D1,A10,20260428-FordhamUniversity-1,abeabdb0-433d-11f1-a27e-053988b4ee35,81.15912,,,7.30275,,,,,,,13ca75c8-bb5c-4445-823c-d5e13dddedc7,2026-04-28,20:05:57.50,2026-04-28T16:05:57.5083008-04:00,2026-04-28T20:05:57.5083008Z,,v3,471298,471423,4e64d94106064b97a0d56267f0d32905,"Bowes, Nathan",1000145608,Both,SAC_PIO,8c3438fe-4544-466b-81c2-3537e6956240,54.0158,-118.72625,11.81764,5.2494,0.93614,-12.27779,1.59984,-7.62307,5.82328,,,,,,,,,,,,,,,,,,,,,,,,,,,,,,,,,,,,,,,,,,,,,,,,,,,High,High,High,,,,,
116,2026-04-28,16:06:36.25,3,1,"Trantino, Christian",10096040,Left,SAC_PIO,"Dean, Mason",1000150670,Left,FOR_RAM,Undefined,3,Bottom,1,0,0,Curveball,Curveball,StrikeCalled,Undefined,Undefined,Undefined,0,0,,71.81944,2.161811,1.402809,2007.966353,21.247677,6:45,5.098,-1.59182,5.57166,-59.36436,-3.35114,-2.11925,2.17181,-0.45785,64.74415,-8.745488,1.024477,0.538662,,,,,,,,,,,,1.54563,-1.77382,1.47239,50,5.24597,-2.4694,-103.9991,2.10682,1.65534,21.03729,-34.0738,FOR_RAM,SAC_PIO,FordhamUniversity,D1,A10,20260428-FordhamUniversity-1,c30c8640-433d-11f1-a27e-053988b4ee35,69.97414,,,7.07529,,,,,,,13ca75c8-bb5c-4445-823c-d5e13dddedc7,2026-04-28,20:06:36.25,2026-04-28T16:06:36.2561536-04:00,2026-04-28T20:06:36.2561536Z,,v3,471298,471423,4e64d94106064b97a0d56267f0d32905,"Bowes, Nathan",1000145608,Both,SAC_PIO,cff89d81-f45f-4a4c-98b6-ad87fa60481c,54.92486,-104.99059,10.51865,5.10884,3.71272,-17.0369,1.59061,-2.54741,0.82767,,,,,,,,,,,,,,,,,,,,,,,,,,,,,,,,,,,,,,,,,,,,,,,,,,,High,High,High,,,,,
117,2026-04-28,16:06:55.40,3,2,"Trantino, Christian",10096040,Left,SAC_PIO,"Dean, Mason",1000150670,Left,FOR_RAM,Undefined,3,Bottom,1,0,1,Curveball,Curveball,StrikeCalled,Undefined,Undefined,Undefined,0,0,,71.55927,4.16615,1.040306,2046.60606,350.616613,5:45,5.16076,-1.51624,5.39073,-65.7833,-8.59292,1.78457,3.59098,-0.39242,64.02305,-7.879065,1.357352,0.544293,,,,,,,,,,,,-0.51484,-4.95445,1.4221,50,5.48823,-1.94541,-103.3787,5.42026,-0.54315,21.27159,-37.40088,FOR_RAM,SAC_PIO,FordhamUniversity,D1,A10,20260428-FordhamUniversity-1,ce668f90-433d-11f1-a27e-053988b4ee35,69.25025,,,7.53622,,,,,,,13ca75c8-bb5c-4445-823c-d5e13dddedc7,2026-04-28,20:06:55.40,2026-04-28T16:06:55.4037760-04:00,2026-04-28T20:06:55.4037760Z,,v3,471298,471423,4e64d94106064b97a0d56267f0d32905,"Bowes, Nathan",1000145608,Both,SAC_PIO,8a39ecdf-27f4-4b20-84fd-e2dc3401c0cc,55.10543,-104.42393,10.63579,5.17674,7.25804,-18.70044,1.51703,-1.91872,-0.27157,,,,,,,,,,,,,,,,,,,,,,,,,,,,,,,,,,,,,,,,,,,,,,,,,,,High,High,High,,,,,
118,2026-04-28,16:07:32.91,3,3,"Trantino, Christian",10096040,Left,SAC_PIO,"Dean, Mason",1000150670,Left,FOR_RAM,Undefined,3,Bottom,1,0,2,Curveball,Curveball,StrikeSwinging,Strikeout,Undefined,Undefined,0,0,,71.86206,2.010814,2.096242,1945.09583,5.327296,6:15,5.16698,-1.49032,5.40435,-64.63905,-7.59784,-0.9276,1.66654,0.3974,64.15577,-9.824761,1.931124,0.543583,,,,,,,,,,,,1.26437,-3.85236,1.30424,50,5.30172,-3.7674,-103.87777,1.59866,1.333,23.08751,-36.23555,FOR_RAM,SAC_PIO,FordhamUniversity,D1,A10,20260428-FordhamUniversity-1,e4ce08d0-433d-11f1-a27e-053988b4ee35,69.34074,,,7.70629,,,,,,,13ca75c8-bb5c-4445-823c-d5e13dddedc7,2026-04-28,20:07:32.91,2026-04-28T16:07:32.9116160-04:00,2026-04-28T20:07:32.9116160Z,,v3,471298,471423,4e64d94106064b97a0d56267f0d32905,"Bowes, Nathan",1000145608,Both,SAC_PIO,cce68e43-68e4-4612-8e59-a47a23bb42fa,55.09135,-105.00326,11.54376,5.18073,3.36511,-18.11778,1.48948,-3.83238,0.6665,,,,,,,,,,,,,,,,,,,,,,,,,,,,,,,,,,,,,,,,,,,,,,,,,,,High,High,High,,,,,
119,2026-04-28,16:08:07.86,4,1,"Trantino, Christian",10096040,Left,SAC_PIO,"Ford, Tim",1000142266,Right,FOR_RAM,Undefined,3,Bottom,2,0,0,Curveball,Curveball,StrikeCalled,Undefined,Undefined,Undefined,0,0,,71.37187,2.899762,0.852707,1927.02888,354.570234,5:45,5.01567,-1.57189,5.52688,-64.16996,-7.45579,0.90622,2.38163,-0.69916,64.46321,-8.853503,1.014368,0.542022,,,,,,,,,,,,-0.16638,-4.02047,1.49718,50,5.22579,-1.57157,-103.35161,3.23643,-0.17639,20.40629,-36.43655,FOR_RAM,SAC_PIO,FordhamUniversity,D1,A10,20260428-FordhamUniversity-1,f9afa560-433d-11f1-a27e-053988b4ee35,69.54038,,,6.90865,,,,,,,13ca75c8-bb5c-4445-823c-d5e13dddedc7,2026-04-28,20:08:07.86,2026-04-28T16:08:07.8638592-04:00,2026-04-28T20:08:07.8638592Z,,v3,471298,471423,4e64d94106064b97a0d56267f0d32905,"Bowes, Nathan",1000145608,Both,SAC_PIO,1dae252a-5801-4e08-89f5-6a7322e31eca,54.97078,-104.32845,10.20315,5.02912,4.98063,-18.21827,1.5722,-1.56312,-0.0882,,,,,,,,,,,,,,,,,,,,,,,,,,,,,,,,,,,,,,,,,,,,,,,,,,,High,High,High,,,,,
120,2026-04-28,16:08:28.65,4,2,"Trantino, Christian",10096040,Left,SAC_PIO,"Ford, Tim",1000142266,Right,FOR_RAM,Undefined,3,Bottom,2,0,1,Sinker,Changeup,InPlay,Undefined,FlyBall,Out,1,0,,81.64003,-0.030872,2.554066,2215.198915,122.604285,10:00,5.22386,-1.54886,6.41205,-31.17143,10.28867,-13.86485,2.59782,-0.3545,74.10898,-5.910378,0.042556,0.463433,99.27875,26.965047,-6.480471,2783.769376,109.63842,53.32487,-8.90631,393.57528,384.40048,-2.310746,5.022243,8.05902,5.78918,1.37235,50,5.20747,-4.79124,-118.53271,-0.93262,11.34711,24.84288,-24.02286,FOR_RAM,SAC_PIO,FordhamUniversity,D1,A10,20260428-FordhamUniversity-1,05fc7320-433e-11f1-a27e-053988b4ee35,81.33317,79.23852,,7.53105,,,,1.45533,2.6551,0.3634,13ca75c8-bb5c-4445-823c-d5e13dddedc7,2026-04-28,20:08:28.65,2026-04-28T16:08:28.6585344-04:00,2026-04-28T20:08:28.6585344Z,FlyBall,v3,471298,471423,4e64d94106064b97a0d56267f0d32905,"Bowes, Nathan",1000145608,Both,SAC_PIO,56154be4-5e5a-43cb-a7ce-d203babe27b0,54.08638,-119.38608,12.42144,5.22533,-0.10741,-12.01143,1.54363,-5.18103,5.67356,198.148383,1.45705,128.91302,-23.15931,5.07851,-0.82153,0.08687,-0.00595,0.00051,-4E-05,2.65538,66.01697,-14.75991,0.0427,0.1875,-0.09214,0.02778,-0.00409,0.00023,0.36249,-14.6263,6.88582,-1.93255,0.30931,-0.01186,-0.00532,0.0009,-5E-05,,,,,,,,,,,,,,,,,,,,,,,High,High,High,High,High,,,
121,2026-04-28,16:11:48.37,1,1,"Murray, Alec",10181003,Right,FOR_RAM,"Nolan, CJ",1000398229,Right,SAC_PIO,Undefined,4,Top,0,0,0,Fastball,Four-Seam,StrikeCalled,Undefined,Undefined,Undefined,0,0,,87.11421,-2.191997,-1.802485,2100.732126,201.087704,12:45,6.32199,1.92051,6.38262,-16.9832,20.07434,7.17414,2.8883,0.85968,77.80378,-5.508645,-0.503466,0.438137,,,,,,,,,,,,-4.29894,11.57422,-1.79341,50,6.15578,3.67098,-126.15319,-5.21626,-6.75646,31.5796,-13.98328,FOR_RAM,SAC_PIO,FordhamUniversity,D1,A10,20260428-FordhamUniversity-1,7d074da0-433e-11f1-a27e-053988b4ee35,86.02896,,,9.31043,,,,,,,13ca75c8-bb5c-4445-823c-d5e13dddedc7,2026-04-28,20:11:48.37,2026-04-28T16:11:48.3782656-04:00,2026-04-28T20:11:48.3782656Z,,v3,471298,471423,4e64d94106064b97a0d56267f0d32905,"McAndrews, Thomas",836274,Right,FOR_RAM,a2a7fa0d-7416-4434-ba69-2438704ef097,54.10819,-127.17742,15.7898,6.31761,-4.76273,-6.99164,-1.91602,3.89012,-3.37823,,,,,,,,,,,,,,,,,,,,,,,,,,,,,,,,,,,,,,,,,,,,,,,,,,,High,High,High,,,,,
122,2026-04-28,16:12:04.74,1,2,"Murray, Alec",10181003,Right,FOR_RAM,"Nolan, CJ",1000398229,Right,SAC_PIO,Undefined,4,Top,0,0,1,Cutter,Slider,BallCalled,Undefined,Undefined,Undefined,0,0,,84.26722,-3.034729,-3.140184,2192.114361,151.55389,11:00,6.29729,1.77112,6.15371,-29.50187,10.27485,-4.77788,1.02815,-1.53119,76.36464,-8.533213,-4.000697,0.453927,,,,,,,,,,,,1.41583,6.76099,-1.53009,50,6.05139,6.87829,-121.90603,-7.36523,2.09411,27.79462,-22.17414,FOR_RAM,SAC_PIO,FordhamUniversity,D1,A10,20260428-FordhamUniversity-1,86cbe9e0-433e-11f1-a27e-053988b4ee35,83.03639,,,7.90258,,,,,,,13ca75c8-bb5c-4445-823c-d5e13dddedc7,2026-04-28,20:12:04.74,2026-04-28T16:12:04.7461376-04:00,2026-04-28T20:12:04.7461376Z,,v3,471298,471423,4e64d94106064b97a0d56267f0d32905,"McAndrews, Thomas",836274,Right,FOR_RAM,f486c4a0-ff97-42d4-9f98-e719a664e98c,54.34024,-122.89162,13.89731,6.29863,-6.57894,-11.08707,-1.77268,6.80404,1.04706,,,,,,,,,,,,,,,,,,,,,,,,,,,,,,,,,,,,,,,,,,,,,,,,,,,High,High,High,,,,,
123,2026-04-28,16:12:23.25,1,3,"Murray, Alec",10181003,Right,FOR_RAM,"Nolan, CJ",1000398229,Right,SAC_PIO,Undefined,4,Top,0,1,1,Cutter,Slider,StrikeSwinging,Undefined,Undefined,Undefined,0,0,,83.39773,-2.634997,-2.291307,2215.838403,141.82108,10:45,6.31332,1.69386,6.2061,-31.01388,9.50103,-6.29205,1.29309,-0.94646,75.45429,-8.426743,-3.427258,0.45812,,,,,,,,,,,,2.46945,6.26457,-1.51891,50,6.10009,5.07785,-120.7749,-6.48972,3.57712,27.75374,-23.09949,FOR_RAM,SAC_PIO,FordhamUniversity,D1,A10,20260428-FordhamUniversity-1,91d7d330-433e-11f1-a27e-053988b4ee35,82.2764,,,7.94345,,,,,,,13ca75c8-bb5c-4445-823c-d5e13dddedc7,2026-04-28,20:12:23.25,2026-04-28T16:12:23.2547840-04:00,2026-04-28T20:12:23.2547840Z,,v3,471298,471423,4e64d94106064b97a0d56267f0d32905,"McAndrews, Thomas",836274,Right,FOR_RAM,e85d9b45-8d2c-4360-a020-0f44fd0ab569,54.28826,-121.75634,13.87687,6.31514,-5.67286,-11.54974,-1.69624,4.95135,1.78856,,,,,,,,,,,,,,,,,,,,,,,,,,,,,,,,,,,,,,,,,,,,,,,,,,,High,High,High,,,,,
124,2026-04-28,16:12:43.36,1,4,"Murray, Alec",10181003,Right,FOR_RAM,"Nolan, CJ",1000398229,Right,SAC_PIO,Undefined,4,Top,0,1,2,Fastball,Four-Seam,InPlay,Undefined,LineDrive,Single,0,0,,88.69651,-2.86722,-3.366571,2153.127742,200.394467,12:45,6.39713,1.83638,6.47783,-15.35847,20.29855,7.02559,2.47768,-0.67306,79.36433,-5.877943,-2.094868,0.429778,99.00383,8.837296,-6.330433,6734.23585,,,,133.85159,133.85159,-5.842535,1.083326,-4.84236,12.00843,-1.60224,50,6.18804,7.27027,-128.33379,-6.78286,-7.882,32.49589,-12.62776,FOR_RAM,SAC_PIO,FordhamUniversity,D1,A10,20260428-FordhamUniversity-1,9dce6aa0-433e-11f1-a27e-053988b4ee35,87.7022,7.53028,,9.33218,,,,0.9211,2.44636,0.67804,13ca75c8-bb5c-4445-823c-d5e13dddedc7,2026-04-28,20:12:43.36,2026-04-28T16:12:43.3651712-04:00,2026-04-28T20:12:43.3651712Z,LineDrive,v3,471298,471423,4e64d94106064b97a0d56267f0d32905,"McAndrews, Thomas",836274,Right,FOR_RAM,1f4039d4-3fdc-40a5-b0f0-9ce4795a4b3f,54.01715,-129.34699,16.24794,6.39339,-6.38914,-6.31388,-1.83275,7.51603,-3.941,352.550682,0.9211,142.60671,-21.8188,3.27609,-0.72069,0.14856,-0.03195,0.00621,-0.0007,2.44636,22.30777,-26.10209,3.95222,-0.93494,0.23844,-0.05533,0.01108,-0.0013,0.67804,-15.8206,3.36402,-1.11884,0.29139,-0.07804,0.01921,-0.00396,0.00047,,,,,,,,,,,,,,,,,,,,,,,High,High,High,High,High,,,
125,2026-04-28,16:13:17.21,2,1,"Murray, Alec",10181003,Right,FOR_RAM,"Yorke, David",10089071,Right,SAC_PIO,Undefined,4,Top,0,0,0,Fastball,Four-Seam,BallCalled,Undefined,Undefined,Undefined,0,0,,86.88461,-4.459256,-4.829674,2045.63867,210.346266,1:00,6.35653,1.81754,6.49762,-19.87946,17.24434,9.27638,0.58384,-1.85314,78.49377,-8.254367,-3.153833,0.438528,,,,,,,,,,,,-6.40284,10.88008,-1.48242,50,6.03394,10.23176,-125.34728,-10.31636,-10.02408,29.11557,-15.14058,FOR_RAM,SAC_PIO,FordhamUniversity,D1,A10,20260428-FordhamUniversity-1,b27ce940-433e-11f1-a27e-053988b4ee35,85.95214,,,8.39084,,,,,,,13ca75c8-bb5c-4445-823c-d5e13dddedc7,2026-04-28,20:13:17.21,2026-04-28T16:13:17.2132352-04:00,2026-04-28T20:13:17.2132352Z,,v3,471298,471423,4e64d94106064b97a0d56267f0d32905,"McAndrews, Thomas",836274,Right,FOR_RAM,a3caefa7-a291-41e9-ab7e-f34bdebad9c2,53.99785,-126.27248,14.55779,6.35412,-9.83523,-7.57029,-1.81262,10.55029,-5.01204,,,,,,,,,,,,,,,,,,,,,,,,,,,,,,,,,,,,,,,,,,,,,,,,,,,High,High,High,,,,,
126,2026-04-28,16:13:48.37,2,2,"Murray, Alec",10181003,Right,FOR_RAM,"Yorke, David",10089071,Right,SAC_PIO,Undefined,4,Top,0,1,0,Cutter,Slider,BallCalled,Undefined,Undefined,Undefined,0,0,,82.64326,-3.319535,-1.573341,2178.598174,157.877233,11:15,6.33493,1.92522,6.14426,-30.93529,10.32945,-3.58575,0.68491,0.17217,75.00567,-9.080492,-2.220823,0.46234,,,,,,,,,,,,1.34724,6.8667,-1.80356,50,6.06603,3.42233,-119.70945,-7.86262,1.92079,26.87916,-22.38409,FOR_RAM,SAC_PIO,FordhamUniversity,D1,A10,20260428-FordhamUniversity-1,c48ffc80-433e-11f1-a27e-053988b4ee35,81.52543,,,7.63759,,,,,,,13ca75c8-bb5c-4445-823c-d5e13dddedc7,2026-04-28,20:13:48.37,2026-04-28T16:13:48.3782144-04:00,2026-04-28T20:13:48.3782144Z,,v3,471298,471423,4e64d94106064b97a0d56267f0d32905,"McAndrews, Thomas",836274,Right,FOR_RAM,dad20c34-6a44-4ed8-a72d-5d5a6a8637ea,54.35273,-120.68284,13.43958,6.33609,-7.05201,-11.19205,-1.92624,3.35277,0.96039,,,,,,,,,,,,,,,,,,,,,,,,,,,,,,,,,,,,,,,,,,,,,,,,,,,High,High,High,,,,,
127,2026-04-28,16:14:10.07,2,3,"Murray, Alec",10181003,Right,FOR_RAM,"Yorke, David",10089071,Right,SAC_PIO,Undefined,4,Top,0,2,0,Fastball,Four-Seam,FoulBallNotFieldable,Undefined,Undefined,Undefined,0,0,,86.47031,-2.166456,-2.288618,2038.045899,201.230601,12:45,6.40527,1.85467,6.36981,-17.48308,20.0145,7.215,2.95238,0.34896,77.53434,-5.56618,-0.983157,0.44073,,,,,,,,,,,,-4.56945,11.60682,-1.69263,50,6.24057,4.73073,-125.31112,-5.16708,-7.10164,30.65489,-14.13521,FOR_RAM,SAC_PIO,FordhamUniversity,D1,A10,20260428-FordhamUniversity-1,d1831c60-433e-11f1-a27e-053988b4ee35,85.52267,,,8.93597,,,,,,,13ca75c8-bb5c-4445-823c-d5e13dddedc7,2026-04-28,20:14:10.07,2026-04-28T16:14:10.0701184-04:00,2026-04-28T20:14:10.0701184Z,,v3,471298,471423,4e64d94106064b97a0d56267f0d32905,"McAndrews, Thomas",836274,Right,FOR_RAM,c44bacd5-010e-4dae-a37c-5ede322e8cef,54.12659,-126.31657,15.32745,6.40244,-4.70345,-7.06761,-1.85161,4.96366,-3.55082,,,,,,,,,,,,,,,,,,,,,,,,,,,,,,,,,,,,,,,,,,,,,,,,,,,High,High,High,,,,,
128,2026-04-28,16:14:35.07,2,4,"Murray, Alec",10181003,Right,FOR_RAM,"Yorke, David",10089071,Right,SAC_PIO,Undefined,4,Top,0,2,1,Cutter,Slider,StrikeSwinging,Undefined,Undefined,Undefined,0,0,,82.18726,-3.371425,-1.601008,2139.256716,137.265055,10:30,6.42267,1.67398,6.2147,-32.49679,9.33071,-7.15591,0.5985,-0.40021,74.32293,-9.425334,-2.894991,0.465482,,,,,,,,,,,,3.18634,6.44508,-1.55045,50,6.1537,3.58959,-119.00853,-7.96362,4.46373,27.77567,-23.14513,FOR_RAM,SAC_PIO,FordhamUniversity,D1,A10,20260428-FordhamUniversity-1,e06477b0-433e-11f1-a27e-053988b4ee35,80.97515,,,7.86433,,,,,,,13ca75c8-bb5c-4445-823c-d5e13dddedc7,2026-04-28,20:14:35.07,2026-04-28T16:14:35.0723072-04:00,2026-04-28T20:14:35.0723072Z,,v3,471298,471423,4e64d94106064b97a0d56267f0d32905,"McAndrews, Thomas",836274,Right,FOR_RAM,31a29bf6-2b2f-4a16-97a5-870461f31282,54.2823,-120.00383,13.88784,6.42421,-7.13425,-11.57257,-1.67621,3.42965,2.23187,,,,,,,,,,,,,,,,,,,,,,,,,,,,,,,,,,,,,,,,,,,,,,,,,,,High,High,High,,,,,
129,2026-04-28,16:15:01.55,2,5,"Murray, Alec",10181003,Right,FOR_RAM,"Yorke, David",10089071,Right,SAC_PIO,Undefined,4,Top,0,2,2,Cutter,Slider,BallCalled,Undefined,Undefined,Undefined,0,0,,84.64361,0.060562,-1.231365,2146.120121,166.105016,11:30,6.26457,2.0185,6.09541,-28.06832,11.08902,-2.40221,3.98157,0.67922,76.50833,-5.224882,-1.664087,0.450379,,,,,,,,,,,,0.83618,6.11615,-1.92252,50,6.2547,2.73724,-122.80212,-0.72206,1.26023,27.27852,-22.95625,FOR_RAM,SAC_PIO,FordhamUniversity,D1,A10,20260428-FordhamUniversity-1,f02388d0-433e-11f1-a27e-053988b4ee35,83.69051,,,8.13528,,,,,,,13ca75c8-bb5c-4445-823c-d5e13dddedc7,2026-04-28,20:15:01.55,2026-04-28T16:15:01.5524352-04:00,2026-04-28T20:15:01.5524352Z,,v3,471298,471423,4e64d94106064b97a0d56267f0d32905,"McAndrews, Thomas",836274,Right,FOR_RAM,4ee8d198-b503-4a40-81ab-d14d899c45e7,54.39863,-123.77535,13.63926,6.26585,0.09696,-11.47812,-2.01938,2.69228,0.63011,,,,,,,,,,,,,,,,,,,,,,,,,,,,,,,,,,,,,,,,,,,,,,,,,,,High,High,High,,,,,
130,2026-04-28,16:15:21.26,2,6,"Murray, Alec",10181003,Right,FOR_RAM,"Yorke, David",10089071,Right,SAC_PIO,Undefined,4,Top,0,3,2,Fastball,Four-Seam,FoulBallNotFieldable,Undefined,Undefined,Undefined,0,0,,87.52923,-3.775242,-2.124106,2094.815264,210.779789,1:00,6.31382,2.00077,6.51791,-19.78493,16.59623,9.06449,1.19369,0.80628,78.90188,-7.565802,-0.477846,0.43412,,,,,,,,,,,,-5.50248,10.38544,-1.85663,50,6.04187,4.35994,-126.75706,-8.88242,-8.77307,30.75139,-15.61564,FOR_RAM,SAC_PIO,FordhamUniversity,D1,A10,20260428-FordhamUniversity-1,fbeb2100-433e-11f1-a27e-053988b4ee35,86.82492,,,8.62735,,,,,,,13ca75c8-bb5c-4445-823c-d5e13dddedc7,2026-04-28,20:15:21.26,2026-04-28T16:15:21.2627968-04:00,2026-04-28T20:15:21.2627968Z,,v3,471298,471423,4e64d94106064b97a0d56267f0d32905,"McAndrews, Thomas",836274,Right,FOR_RAM,dd3e62db-bb86-45c4-b82e-030d075aeee6,53.97945,-127.71883,15.3757,6.31204,-8.39404,-7.80782,-1.99728,4.63433,-4.38654,,,,,,,,,,,,,,,,,,,,,,,,,,,,,,,,,,,,,,,,,,,,,,,,,,,High,High,High,,,,,
131,2026-04-28,16:15:45.07,2,7,"Murray, Alec",10181003,Right,FOR_RAM,"Yorke, David",10089071,Right,SAC_PIO,Undefined,4,Top,0,3,2,Cutter,Slider,InPlay,Undefined,GroundBall,Single,0,0,,83.59826,-1.066566,-1.658274,2265.345948,141.197679,10:45,6.36576,1.98226,6.33616,-29.74596,10.22477,-7.0502,2.9044,-0.13249,75.48757,-6.672248,-2.93409,0.455032,81.44746,-14.437807,-47.708029,,,,,14.0765,4.52188,-38.177559,0.102856,3.13366,6.09567,-1.85829,50,6.27419,3.77389,-121.29465,-3.11481,4.5787,27.97891,-23.2674,FOR_RAM,SAC_PIO,FordhamUniversity,D1,A10,20260428-FordhamUniversity-1,0a1401c0-433f-11f1-a27e-053988b4ee35,82.83462,3.07288,,8.11069,,,,3.0341,3.07288,0.12821,13ca75c8-bb5c-4445-823c-d5e13dddedc7,2026-04-28,20:15:45.07,2026-04-28T16:15:45.0796544-04:00,2026-04-28T20:15:45.0796544Z,GroundBall,v3,471298,471423,4e64d94106064b97a0d56267f0d32905,"McAndrews, Thomas",836274,Right,FOR_RAM,c5850f4b-dabe-4390-9d0e-749dda9904b9,54.16067,-122.25062,13.98946,6.36703,-2.31983,-11.6337,-1.98456,3.61745,2.28935,,3.03013,78.08439,,,,,,,,3.0744,-29.87566,,,,,,,,0.13258,-85.83778,,,,,,,,,,,,,,,,,,,,,,,,,,,,,,High,High,High,Low,Low,,,
132,2026-04-28,16:16:23.79,3,1,"Murray, Alec",10181003,Right,FOR_RAM,"Wilson, Chris",1000507906,Right,SAC_PIO,Undefined,4,Top,0,0,0,Fastball,Four-Seam,BallCalled,Undefined,Undefined,Undefined,0,0,,87.07925,-3.817006,-2.70326,2002.072052,209.749195,1:00,6.36447,1.77974,6.31304,-18.47521,19.05737,9.99367,1.29979,0.12066,77.50917,-7.394139,-0.896844,0.440936,,,,,,,,,,,,-6.15977,11.7376,-1.58611,50,6.07557,5.53392,-125.80447,-8.85918,-9.56524,32.90198,-13.94722,FOR_RAM,SAC_PIO,FordhamUniversity,D1,A10,20260428-FordhamUniversity-1,21279980-433f-11f1-a27e-053988b4ee35,85.48279,,,9.57009,,,,,,,13ca75c8-bb5c-4445-823c-d5e13dddedc7,2026-04-28,20:16:23.79,2026-04-28T16:16:23.7936640-04:00,2026-04-28T20:16:23.7936640Z,,v3,471298,471423,4e64d94106064b97a0d56267f0d32905,"McAndrews, Thomas",836274,Right,FOR_RAM,b87b5d70-1c7b-4156-a4dc-aecc3a03b292,54.17996,-126.89296,16.45099,6.36103,-8.39776,-6.97361,-1.77442,5.85036,-4.78262,,,,,,,,,,,,,,,,,,,,,,,,,,,,,,,,,,,,,,,,,,,,,,,,,,,High,High,High,,,,,
133,2026-04-28,16:16:43.43,3,2,"Murray, Alec",10181003,Right,FOR_RAM,"Wilson, Chris",1000507906,Right,SAC_PIO,Undefined,4,Top,0,1,0,Cutter,Slider,StrikeSwinging,Undefined,Undefined,Undefined,0,0,,82.80485,-1.78529,-2.104526,2199.542733,166.830294,11:30,6.31681,1.94716,6.2511,-28.73112,11.91717,-2.45776,2.2745,-0.19934,75.28394,-7.179737,-2.548493,0.458873,,,,,,,,,,,,0.61524,7.16792,-1.78968,50,6.17014,4.50715,-120.09803,-4.57358,0.88866,25.65711,-21.8207,FOR_RAM,SAC_PIO,FordhamUniversity,D1,A10,20260428-FordhamUniversity-1,2d0f15c0-433f-11f1-a27e-053988b4ee35,82.1413,,,7.52091,,,,,,,13ca75c8-bb5c-4445-823c-d5e13dddedc7,2026-04-28,20:16:43.43,2026-04-28T16:16:43.4321920-04:00,2026-04-28T20:16:43.4321920Z,,v3,471298,471423,4e64d94106064b97a0d56267f0d32905,"McAndrews, Thomas",836274,Right,FOR_RAM,019458f6-336b-4718-84a7-ff5ae2ce8098,54.24425,-121.00135,12.82855,6.31764,-3.80533,-10.91035,-1.94781,4.47587,0.44433,,,,,,,,,,,,,,,,,,,,,,,,,,,,,,,,,,,,,,,,,,,,,,,,,,,High,High,High,,,,,
134,2026-04-28,16:17:04.74,3,3,"Murray, Alec",10181003,Right,FOR_RAM,"Wilson, Chris",1000507906,Right,SAC_PIO,Undefined,4,Top,0,1,1,Cutter,Slider,StrikeSwinging,Undefined,Undefined,Undefined,0,0,,82.9246,-2.358019,-2.045912,2179.008304,179.932739,12:00,6.36438,1.77259,6.24745,-30.50506,10.53083,-0.01051,1.64494,-0.11597,74.64167,-8.089515,-2.047812,0.461056,,,,,,,,,,,,-0.70315,6.74827,-1.62044,50,6.17425,4.29057,-120.09514,-5.83732,-1.00308,28.29578,-22.54747,FOR_RAM,SAC_PIO,FordhamUniversity,D1,A10,20260428-FordhamUniversity-1,39a21440-433f-11f1-a27e-053988b4ee35,81.75247,,,8.28293,,,,,,,13ca75c8-bb5c-4445-823c-d5e13dddedc7,2026-04-28,20:17:04.74,2026-04-28T16:17:04.7468032-04:00,2026-04-28T20:17:04.7468032Z,,v3,471298,471423,4e64d94106064b97a0d56267f0d32905,"McAndrews, Thomas",836274,Right,FOR_RAM,95623904-d584-4e4b-b9b7-36bf336d322d,54.24643,-121.09151,14.14789,6.36582,-5.04336,-11.27374,-1.77215,4.3259,-0.50154,,,,,,,,,,,,,,,,,,,,,,,,,,,,,,,,,,,,,,,,,,,,,,,,,,,High,High,High,,,,,
135,2026-04-28,16:17:25.82,3,4,"Murray, Alec",10181003,Right,FOR_RAM,"Wilson, Chris",1000507906,Right,SAC_PIO,Undefined,4,Top,0,1,2,Cutter,Slider,InPlay,Undefined,LineDrive,Single,0,1,,84.03353,-3.011682,-2.426509,2227.949725,168.879833,11:45,6.34847,1.77729,6.30881,-26.89509,12.6306,-2.20713,1.3278,-0.64328,76.38321,-8.059735,-2.825607,0.452492,77.21064,18.819369,-27.467815,2736.175775,96.35113,25.09802,-53.06977,224.39067,224.39067,-31.610707,2.732654,0.38252,7.94197,-1.59839,50,6.11463,5.24247,-121.76579,-7.17808,0.5666,26.90045,-20.40996,FOR_RAM,SAC_PIO,FordhamUniversity,D1,A10,20260428-FordhamUniversity-1,46275720-433f-11f1-a27e-053988b4ee35,83.2996,25.41882,,7.65031,,,,2.09074,1.3965,0.66235,13ca75c8-bb5c-4445-823c-d5e13dddedc7,2026-04-28,20:17:25.82,2026-04-28T16:17:25.8253824-04:00,2026-04-28T20:17:25.8253824Z,LineDrive,v3,471298,471423,4e64d94106064b97a0d56267f0d32905,"McAndrews, Thomas",836274,Right,FOR_RAM,94e0e308-c766-43d5-944c-7d221db9cb7d,54.18811,-122.68754,13.45022,6.34861,-6.47874,-10.20498,-1.77769,5.22306,0.2833,151.422985,2.09072,95.10709,-16.09588,3.78299,-0.72286,0.10715,-0.01007,-2E-05,0.0001,1.39655,36.52616,-13.98947,-0.05079,0.12338,-0.01291,-0.00812,0.00353,-0.0004,0.66235,-49.44091,3.9569,-0.92724,0.15165,-0.0182,0.00137,-2E-05,-1E-05,,,,,,,,,,,,,,,,,,,,,,,High,High,High,High,Medium,,,
136,2026-04-28,16:19:00.17,4,1,"Murray, Alec",10181003,Right,FOR_RAM,"Bowes, Nathan",1000145608,Left,SAC_PIO,Undefined,4,Top,0,0,0,Fastball,Four-Seam,InPlay,Undefined,GroundBall,Sacrifice,0,2,,86.11451,-3.379331,-2.711948,2062.239129,202.140988,12:45,6.31899,2.08521,6.63013,-17.79651,19.7608,7.44315,1.73479,0.22058,77.26496,-6.841332,-1.358916,0.441081,,,,,,,,,,,,-4.90563,12.0365,-1.90454,50,6.0825,5.63616,-124.69528,-7.7805,-7.53732,30.71815,-13.68041,FOR_RAM,SAC_PIO,FordhamUniversity,D1,A10,20260428-FordhamUniversity-1,7e5b0150-433f-11f1-a27e-053988b4ee35,85.45465,,,8.84955,,,,,,,13ca75c8-bb5c-4445-823c-d5e13dddedc7,2026-04-28,20:19:00.17,2026-04-28T16:19:00.1709056-04:00,2026-04-28T20:19:00.1709056Z,,v3,471298,471423,4e64d94106064b97a0d56267f0d32905,"McAndrews, Thomas",836274,Right,FOR_RAM,22cce444-5827-4a27-a22c-559ec5dfde83,53.86714,-125.64432,15.35908,6.31635,-7.35784,-6.8402,-2.08226,5.86902,-3.76866,,,,,,,,,,,,,,,,,,,,,,,,,,,,,,,,,,,,,,,,,,,,,,,,,,,High,High,High,,,,,
137,2026-04-28,16:19:52.36,5,1,"Murray, Alec",10181003,Right,FOR_RAM,"Martin, Drew",1000527196,Left,SAC_PIO,Undefined,4,Top,0,0,0,Fastball,Four-Seam,BallCalled,Undefined,Undefined,Undefined,0,0,,88.0524,-3.343095,-1.573437,2047.798286,216.375661,1:15,6.33186,1.93698,6.341,-18.15777,18.26281,12.37446,1.73627,1.51926,78.69736,-6.85291,0.667057,0.434355,,,,,,,,,,,,-6.91618,11.07024,-1.82761,50,6.07975,2.98619,-127.41963,-7.89991,-11.07163,32.59398,-14.45252,FOR_RAM,SAC_PIO,FordhamUniversity,D1,A10,20260428-FordhamUniversity-1,9d7b7330-433f-11f1-a27e-053988b4ee35,86.77796,,,9.35504,,,,,,,13ca75c8-bb5c-4445-823c-d5e13dddedc7,2026-04-28,20:19:52.36,2026-04-28T16:19:52.3617280-04:00,2026-04-28T20:19:52.3617280Z,,v3,471298,471423,4e64d94106064b97a0d56267f0d32905,"McAndrews, Thomas",836274,Right,FOR_RAM,26ff9483-9275-4cc5-bfea-a5292483991e,54.15167,-128.47724,16.29699,6.32847,-7.43096,-7.22626,-1.93033,3.34544,-5.53581,,,,,,,,,,,,,,,,,,,,,,,,,,,,,,,,,,,,,,,,,,,,,,,,,,,High,High,High,,,,,
138,2026-04-28,16:20:13.93,5,2,"Murray, Alec",10181003,Right,FOR_RAM,"Martin, Drew",1000527196,Left,SAC_PIO,Undefined,4,Top,0,1,0,Fastball,Changeup,BallCalled,Undefined,Undefined,Undefined,0,0,,86.51715,-2.198922,-0.582203,1956.905552,208.508711,1:00,6.33682,1.89335,6.33816,-19.20103,18.48088,9.21697,2.71112,2.12538,77.20273,-5.916999,1.086729,0.441812,,,,,,,,,,,,-4.9128,10.77528,-1.85455,50,6.16749,0.88969,-125.31008,-5.28491,-7.60126,31.67477,-15.50216,FOR_RAM,SAC_PIO,FordhamUniversity,D1,A10,20260428-FordhamUniversity-1,aa6b85d0-433f-11f1-a27e-053988b4ee35,85.31325,,,9.31443,,,,,,,13ca75c8-bb5c-4445-823c-d5e13dddedc7,2026-04-28,20:20:13.93,2026-04-28T16:20:13.9367424-04:00,2026-04-28T20:20:13.9367424Z,,v3,471298,471423,4e64d94106064b97a0d56267f0d32905,"McAndrews, Thomas",836274,Right,FOR_RAM,fd10fcba-14f7-46dc-a1c1-ad38b6fbdcfe,54.15247,-126.35534,15.83739,6.33345,-4.77334,-7.75108,-1.88805,1.14053,-3.80063,,,,,,,,,,,,,,,,,,,,,,,,,,,,,,,,,,,,,,,,,,,,,,,,,,,High,High,High,,,,,
139,2026-04-28,16:20:35.74,5,3,"Murray, Alec",10181003,Right,FOR_RAM,"Martin, Drew",1000527196,Left,SAC_PIO,Undefined,4,Top,0,2,0,Cutter,Slider,BallCalled,Undefined,Undefined,Undefined,0,0,,82.91855,-0.557542,-0.079236,2228.639337,161.149381,11:15,6.3306,1.91418,6.28003,-27.6675,12.52635,-3.82402,3.51107,1.52247,75.58116,-5.772342,-0.771006,0.456301,,,,,,,,,,,,1.94193,7.07918,-1.90669,50,6.27614,0.31417,-120.4485,-1.96174,2.83795,24.5332,-21.82841,FOR_RAM,SAC_PIO,FordhamUniversity,D1,A10,20260428-FordhamUniversity-1,b75cd0f0-433f-11f1-a27e-053988b4ee35,82.60439,,,7.33739,,,,,,,13ca75c8-bb5c-4445-823c-d5e13dddedc7,2026-04-28,20:20:35.74,2026-04-28T16:20:35.7414400-04:00,2026-04-28T20:20:35.7414400Z,,v3,471298,471423,4e64d94106064b97a0d56267f0d32905,"McAndrews, Thomas",836274,Right,FOR_RAM,3be584a6-ecab-4823-b4b5-6d2b8c482dd2,54.21498,-121.30398,12.2666,6.33128,-1.20058,-10.91421,-1.91592,0.21521,1.41897,,,,,,,,,,,,,,,,,,,,,,,,,,,,,,,,,,,,,,,,,,,,,,,,,,,High,High,High,,,,,
140,2026-04-28,16:20:56.06,5,4,"Murray, Alec",10181003,Right,FOR_RAM,"Martin, Drew",1000527196,Left,SAC_PIO,Undefined,4,Top,0,3,0,Fastball,Four-Seam,BallCalled,Walk,Undefined,Undefined,0,0,,86.27673,-1.961448,-1.565129,1970.085078,210.305908,1:00,6.38581,1.89524,6.36789,-18.95844,18.883,10.15075,2.99969,1.30059,76.96609,-5.642446,0.273031,0.442747,,,,,,,,,,,,-5.76481,10.91646,-1.78614,50,6.235,2.9991,-124.96877,-4.74044,-8.87236,31.46799,-15.37303,FOR_RAM,SAC_PIO,FordhamUniversity,D1,A10,20260428-FordhamUniversity-1,c3732560-433f-11f1-a27e-053988b4ee35,85.13319,,,9.31064,,,,,,,13ca75c8-bb5c-4445-823c-d5e13dddedc7,2026-04-28,20:20:56.06,2026-04-28T16:20:56.0659456-04:00,2026-04-28T20:20:56.0659456Z,,v3,471298,471423,4e64d94106064b97a0d56267f0d32905,"McAndrews, Thomas",836274,Right,FOR_RAM,08467038-40af-4b58-9921-00e92ab1233e,54.12377,-126.00288,15.73399,6.38248,-4.23525,-7.68652,-1.88948,3.29067,-4.43618,,,,,,,,,,,,,,,,,,,,,,,,,,,,,,,,,,,,,,,,,,,,,,,,,,,High,High,High,,,,,
141,2026-04-28,16:21:31.53,6,1,"Murray, Alec",10181003,Right,FOR_RAM,"Link, Peter",836328,Right,SAC_PIO,Undefined,4,Top,0,0,0,Cutter,Slider,StrikeSwinging,Undefined,Undefined,Undefined,0,0,,83.50494,-2.038553,-2.261542,2142.04528,159.614205,11:15,6.37174,1.68514,6.27905,-28.91568,11.2493,-3.6374,2.08087,-0.70356,75.56564,-7.47267,-2.918902,0.456137,,,,,,,,,,,,1.13642,6.95142,-1.5166,50,6.20738,4.92,-121.02265,-5.14887,1.65715,27.31328,-22.0372,FOR_RAM,SAC_PIO,FordhamUniversity,D1,A10,20260428-FordhamUniversity-1,d8a09800-433f-11f1-a27e-053988b4ee35,82.63409,,,7.9393,,,,,,,13ca75c8-bb5c-4445-823c-d5e13dddedc7,2026-04-28,20:21:31.53,2026-04-28T16:21:31.5392512-04:00,2026-04-28T20:21:31.5392512Z,,v3,471298,471423,4e64d94106064b97a0d56267f0d32905,"McAndrews, Thomas",836274,Right,FOR_RAM,b8d64ab0-7aa2-4c9c-8895-fd1f28619fd2,54.21546,-121.97032,13.65664,6.37276,-4.38426,-11.0186,-1.68631,4.86251,0.82858,,,,,,,,,,,,,,,,,,,,,,,,,,,,,,,,,,,,,,,,,,,,,,,,,,,High,High,High,,,,,
142,2026-04-28,16:21:52.14,6,2,"Murray, Alec",10181003,Right,FOR_RAM,"Link, Peter",836328,Right,SAC_PIO,Undefined,4,Top,0,0,1,Cutter,Slider,FoulBallNotFieldable,Undefined,Undefined,Undefined,0,0,,83.32109,-2.11008,-2.067707,2169.30358,169.288761,11:45,6.3806,1.7377,6.1494,-27.39005,13.2706,-2.22138,2.14627,-0.35877,75.11958,-7.271297,-2.468221,0.458943,79.29851,-41.940322,-70.766882,,,,,4.35214,4.35214,-29.769168,0.029974,0.45587,8.01434,-1.57924,50,6.20605,4.443,-120.74173,-5.24027,0.65881,28.12621,-20.59223,FOR_RAM,SAC_PIO,FordhamUniversity,D1,A10,20260428-FordhamUniversity-1,e4e52860-433f-11f1-a27e-053988b4ee35,82.12884,2.33619,,8.20151,,,,2.92131,2.33619,0.29406,13ca75c8-bb5c-4445-823c-d5e13dddedc7,2026-04-28,20:21:52.14,2026-04-28T16:21:52.1432576-04:00,2026-04-28T20:21:52.1432576Z,GroundBall,v3,471298,471423,4e64d94106064b97a0d56267f0d32905,"McAndrews, Thomas",836274,Right,FOR_RAM,ae6024b5-5a94-4a7e-97cb-95c523c9e2ab,54.34747,-121.75024,14.06311,6.38071,-4.50191,-10.29612,-1.73813,4.41937,0.3294,,2.92094,28.574,,,,,,,,2.33719,-77.93968,,,,,,,,0.29511,-81.90088,,,,,,,,,,,,,,,,,,,,,,,,,,,,,,High,High,High,Estimated,Estimated,,,
143,2026-04-28,16:22:19.69,6,3,"Murray, Alec",10181003,Right,FOR_RAM,"Link, Peter",836328,Right,SAC_PIO,Undefined,4,Top,0,0,2,Cutter,Slider,FoulBallNotFieldable,Undefined,Undefined,Undefined,0,0,,84.08211,-1.965483,-1.33184,2210.26951,162.410621,11:30,6.37867,1.74574,6.34366,-27.82435,11.30902,-3.16634,2.24937,0.25558,76.67889,-7.191332,-1.905331,0.450241,65.31175,27.239258,154.41324,2875.984282,-103.20445,19.60736,38.06357,146.2017,52.73758,161.909021,2.240766,1.25614,6.87827,-1.6475,50,6.22268,2.95484,-122.08217,-4.99007,1.87905,26.01217,-21.88494,FOR_RAM,SAC_PIO,FordhamUniversity,D1,A10,20260428-FordhamUniversity-1,f5603680-433f-11f1-a27e-053988b4ee35,83.71611,24.40474,,7.40322,,,,2.68727,2.38076,-0.29046,13ca75c8-bb5c-4445-823c-d5e13dddedc7,2026-04-28,20:22:19.69,2026-04-28T16:22:19.6935680-04:00,2026-04-28T20:22:19.6935680Z,FlyBall,v3,471298,471423,4e64d94106064b97a0d56267f0d32905,"McAndrews, Thomas",836274,Right,FOR_RAM,09833a08-0461-4d53-a70c-7eac53cb7b1b,54.15447,-122.96418,13.00609,6.3793,-4.248,-10.94247,-1.74661,2.89112,0.93952,302.808786,2.68737,-76.82195,5.68245,-0.07318,0.41604,-0.41617,0.23735,-0.06606,0.00705,2.38079,43.84173,-23.84537,2.34173,-0.42461,0.09722,-0.03425,0.01204,-0.00174,-0.29048,36.78338,-9.74953,1.71141,-0.58178,0.35367,-0.19278,0.05742,-0.00665,,,,,,,,,,,,,,,,,,,,,,,High,High,High,High,Low,,,
144,2026-04-28,16:22:44.98,6,4,"Murray, Alec",10181003,Right,FOR_RAM,"Link, Peter",836328,Right,SAC_PIO,Undefined,4,Top,0,0,2,Cutter,Slider,BallCalled,Undefined,Undefined,Undefined,0,0,,84.67138,-1.409236,-3.749513,2250.534314,172.077739,11:45,6.34728,1.83966,6.06727,-30.47163,8.91319,-1.04492,2.50078,-1.72224,76.70019,-7.094023,-3.937096,0.451686,,,,,,,,,,,,-0.66575,5.48107,-1.54823,50,6.22194,8.07449,-122.56369,-3.97357,-0.99828,27.43784,-23.9552,FOR_RAM,SAC_PIO,FordhamUniversity,D1,A10,20260428-FordhamUniversity-1,04634aa0-4340-11f1-a27e-053988b4ee35,83.4484,,,7.97118,,,,,,,13ca75c8-bb5c-4445-823c-d5e13dddedc7,2026-04-28,20:22:44.98,2026-04-28T16:22:44.9842176-04:00,2026-04-28T20:22:44.9842176Z,,v3,471298,471423,4e64d94106064b97a0d56267f0d32905,"McAndrews, Thomas",836274,Right,FOR_RAM,fdcacee9-71b5-4e31-a9dd-a76af8c8be08,54.42716,-123.5508,13.71892,6.34939,-3.11175,-11.9776,-1.83936,8.11041,-0.49914,,,,,,,,,,,,,,,,,,,,,,,,,,,,,,,,,,,,,,,,,,,,,,,,,,,High,High,High,,,,,
145,2026-04-28,16:23:09.19,6,5,"Murray, Alec",10181003,Right,FOR_RAM,"Link, Peter",836328,Right,SAC_PIO,Undefined,4,Top,0,1,2,Cutter,Slider,FoulBallNotFieldable,Undefined,Undefined,Undefined,0,0,,84.06916,-1.657687,-2.878248,2236.768582,175.444696,11:45,6.36607,1.84527,6.09953,-29.84265,10.48406,-0.70835,2.3437,-0.87795,75.27138,-7.269391,-3.005724,0.457054,61.88446,-42.301218,-72.785383,,,,,3.96726,3.84327,-27.730842,0.04062,-0.67299,6.4454,-1.62333,50,6.22294,6.14544,-121.68644,-4.4206,-0.98052,30.17346,-22.78317,FOR_RAM,SAC_PIO,FordhamUniversity,D1,A10,20260428-FordhamUniversity-1,12da2450-4340-11f1-a27e-053988b4ee35,82.4682,2.49297,,8.79778,,,,2.70079,2.49297,0.77086,13ca75c8-bb5c-4445-823c-d5e13dddedc7,2026-04-28,20:23:09.19,2026-04-28T16:23:09.1969024-04:00,2026-04-28T20:23:09.1969024Z,GroundBall,v3,471298,471423,4e64d94106064b97a0d56267f0d32905,"McAndrews, Thomas",836274,Right,FOR_RAM,0b270033-c7f7-4e01-8296-ce27709f9e5b,54.39638,-122.77173,15.08673,6.3672,-3.60113,-11.39159,-1.84501,6.18071,-0.49026,180,2.70018,19.9607,,,,,,,,2.49485,-61.37357,,,,,,,,0.77283,-64.42442,,,,,,,,,,,,,,,,,,,,,,,,,,,,,,High,High,High,High,High,,,
146,2026-04-28,16:23:37.93,6,6,"Murray, Alec",10181003,Right,FOR_RAM,"Link, Peter",836328,Right,SAC_PIO,Undefined,4,Top,0,1,2,Fastball,Four-Seam,InPlay,Undefined,Popup,Out,1,0,,88.38649,-2.816945,-1.779719,2121.395728,198.356528,12:30,6.47808,1.62899,6.31852,-13.83855,22.18025,6.8926,2.72703,0.56367,79.12314,-5.548458,-0.533383,0.431953,65.52576,45.415173,-0.978518,4283.314795,109.71867,70.53811,7.85771,198.89499,195.24645,7.19492,4.321432,-4.20532,12.91556,-1.50201,50,6.26528,3.70129,-128.02591,-6.60013,-6.8157,32.21949,-11.24145,FOR_RAM,SAC_PIO,FordhamUniversity,D1,A10,20260428-FordhamUniversity-1,23f14b60-4340-11f1-a27e-053988b4ee35,87.2606,70.53719,,9.26336,,,,1.86102,2.86653,-0.56539,13ca75c8-bb5c-4445-823c-d5e13dddedc7,2026-04-28,20:23:37.93,2026-04-28T16:23:37.9317760-04:00,2026-04-28T20:23:37.9317760Z,Popup,v3,471298,471423,4e64d94106064b97a0d56267f0d32905,"McAndrews, Thomas",836274,Right,FOR_RAM,6240f9e7-ffd5-46fd-8b62-87cc9b26769c,54.17696,-129.07282,16.10975,6.4738,-6.23486,-5.62073,-1.62588,3.92275,-3.40785,204.189171,1.86263,67.41105,-11.63413,2.4897,-0.16171,-0.07895,0.02358,-0.0023,6E-05,2.86649,68.44408,-19.29937,1.28612,-0.08009,-0.09805,0.0464,-0.00829,0.00053,-0.56605,-1.13454,4.04737,-0.94918,0.05689,0.03836,-0.01212,0.0014,-6E-05,,,,,,,,,,,,,,,,,,,,,,,High,High,High,High,High,,,
147,2026-04-28,16:24:19.32,7,1,"Murray, Alec",10181003,Right,FOR_RAM,"Donohue, Gavin",1000302007,Right,SAC_PIO,Undefined,4,Top,1,0,0,Cutter,Slider,StrikeCalled,Undefined,Undefined,Undefined,0,0,,82.88459,-1.620677,-1.345085,2193.881695,152.560369,11:00,6.38367,1.76503,6.31691,-29.50009,11.07666,-4.99799,2.43178,0.1094,75.10184,-7.17104,-2.249794,0.458469,,,,,,,,,,,,2.14831,6.72453,-1.66451,50,6.25129,3.01418,-120.24167,-4.24917,3.0982,26.56639,-22.47629,FOR_RAM,SAC_PIO,FordhamUniversity,D1,A10,20260428-FordhamUniversity-1,3ca91d40-4340-11f1-a27e-053988b4ee35,82.21369,,,7.78275,,,,,,,13ca75c8-bb5c-4445-823c-d5e13dddedc7,2026-04-28,20:24:19.32,2026-04-28T16:24:19.3217024-04:00,2026-04-28T20:24:19.3217024Z,,v3,471298,471423,4e64d94106064b97a0d56267f0d32905,"McAndrews, Thomas",836274,Right,FOR_RAM,fe30ad41-770a-45d7-aa86-052453006b4c,54.17785,-121.16121,13.2832,6.3849,-3.4712,-11.23814,-1.76698,2.90694,1.5491,,,,,,,,,,,,,,,,,,,,,,,,,,,,,,,,,,,,,,,,,,,,,,,,,,,High,High,High,,,,,
148,2026-04-28,16:24:37.26,7,2,"Murray, Alec",10181003,Right,FOR_RAM,"Donohue, Gavin",1000302007,Right,SAC_PIO,Undefined,4,Top,1,0,1,Cutter,Slider,InPlay,Undefined,LineDrive,Double,0,1,,84.67113,-2.499935,-1.719385,2224.959141,165.982009,11:30,6.40262,1.97207,6.203,-28.61214,10.38398,-2.2511,1.70821,0.19693,76.99192,-7.850758,-2.126019,0.449451,109.03089,11.868415,-30.105235,2548.202398,91.97231,11.72136,-60.34144,186.79707,145.05596,-36.254163,1.470616,0.63071,6.56689,-1.84177,50,6.20036,3.77164,-122.79233,-6.21962,0.95068,27.21013,-22.27567,FOR_RAM,SAC_PIO,FordhamUniversity,D1,A10,20260428-FordhamUniversity-1,4776ec20-4340-11f1-a27e-053988b4ee35,83.86336,11.97004,,7.67921,,,,2.37504,1.69377,-0.34364,13ca75c8-bb5c-4445-823c-d5e13dddedc7,2026-04-28,20:24:37.26,2026-04-28T16:24:37.2608512-04:00,2026-04-28T20:24:37.2608512Z,LineDrive,v3,471298,471423,4e64d94106064b97a0d56267f0d32905,"McAndrews, Thomas",836274,Right,FOR_RAM,936fe5c7-6590-4f3d-b6dd-7fae548ca2a7,54.29446,-123.7403,13.60507,6.40352,-5.44356,-11.13784,-1.9726,3.73852,0.47534,,2.37504,135.38314,-28.27717,4.17327,-0.77893,0.11369,-0.01069,0.00103,-9E-05,1.69377,32.88819,-29.60293,5.90862,-1.44604,0.3746,-0.08108,0.01395,-0.00136,-0.34364,-78.4954,-0.488,3.00459,-1.02631,0.32947,-0.0839,0.01547,-0.00154,,,,,,,,,,,,,,,,,,,,,,,High,High,High,Low,Medium,,,
149,2026-04-28,16:25:26.54,8,1,"Murray, Alec",10181003,Right,FOR_RAM,"Rudolph, Will",1000236032,Right,SAC_PIO,Undefined,4,Top,1,0,0,Fastball,Four-Seam,BallCalled,Undefined,Undefined,Undefined,0,0,,87.40154,-3.513896,-3.252262,2102.712494,211.6184,1:00,6.38958,1.79304,6.3824,-18.67725,17.8917,10.18654,1.59138,-0.35311,78.99949,-7.094794,-1.410082,0.435239,,,,,,,,,,,,-6.31099,10.82579,-1.56291,50,6.12712,6.78011,-126.47113,-8.25758,-10.07688,29.20125,-14.88827,FOR_RAM,SAC_PIO,FordhamUniversity,D1,A10,20260428-FordhamUniversity-1,64b1d520-4340-11f1-a27e-053988b4ee35,86.6017,,,8.40205,,,,,,,13ca75c8-bb5c-4445-823c-d5e13dddedc7,2026-04-28,20:25:26.54,2026-04-28T16:25:26.5448960-04:00,2026-04-28T20:25:26.5448960Z,,v3,471298,471423,4e64d94106064b97a0d56267f0d32905,"McAndrews, Thomas",836274,Right,FOR_RAM,f6f10124-8d2a-4d8d-a243-3756c2d8a8b0,54.11287,-127.41722,14.60062,6.38684,-7.77521,-7.44413,-1.78787,7.10658,-5.03844,,,,,,,,,,,,,,,,,,,,,,,,,,,,,,,,,,,,,,,,,,,,,,,,,,,High,High,High,,,,,
150,2026-04-28,16:25:46.52,8,2,"Murray, Alec",10181003,Right,FOR_RAM,"Rudolph, Will",1000236032,Right,SAC_PIO,Undefined,4,Top,1,1,0,Cutter,Slider,InPlay,Undefined,GroundBall,Out,1,0,,84.02929,-2.115048,-2.348908,2230.464717,156.203446,11:15,6.33618,1.82308,6.09645,-29.63135,10.16461,-3.86591,1.90815,-0.67282,76.35409,-7.644605,-3.045156,0.454037,76.11188,-2.424849,8.3668,1699.746841,,,,24.52399,22.99416,10.540944,0.218902,1.25181,6.33079,-1.64021,50,6.15776,5.14678,-121.79955,-5.40443,1.85616,26.81341,-22.78701,FOR_RAM,SAC_PIO,FordhamUniversity,D1,A10,20260428-FordhamUniversity-1,70986700-4340-11f1-a27e-053988b4ee35,83.01628,1.78025,,7.6752,,,,0.54732,1.78025,0.70876,13ca75c8-bb5c-4445-823c-d5e13dddedc7,2026-04-28,20:25:46.52,2026-04-28T16:25:46.5218048-04:00,2026-04-28T20:25:46.5218048Z,GroundBall,v3,471298,471423,4e64d94106064b97a0d56267f0d32905,"McAndrews, Thomas",836274,Right,FOR_RAM,1f9fcfe5-8c3d-4518-8df2-78e82a44728d,54.39983,-122.76432,13.4067,6.33746,-4.58453,-11.39351,-1.82419,5.07999,0.92808,272.368875,0.54799,110.30349,-12.1905,,,,,,,1.78075,-4.75323,-15.45897,,,,,,,0.70826,16.25931,4.57885,,,,,,,,,,,,,,,,,,,,,,,,,,,,,High,High,High,High,High,,,
151,2026-04-28,16:26:24.74,9,1,"Murray, Alec",10181003,Right,FOR_RAM,"Donohue, Ronan",10108737,Right,SAC_PIO,Undefined,4,Top,2,0,0,Fastball,Four-Seam,BallCalled,Undefined,Undefined,Undefined,0,0,,86.54436,-1.470194,-2.220278,2066.573396,211.787504,1:00,6.45601,1.74265,6.29443,-17.02103,20.35438,11.75178,3.68156,0.67506,77.78708,-4.780887,-0.096669,0.440012,,,,,,,,,,,,-6.74823,11.40205,-1.58426,50,6.33928,4.38154,-125.44934,-3.62226,-10.56863,29.45711,-14.31696,FOR_RAM,SAC_PIO,FordhamUniversity,D1,A10,20260428-FordhamUniversity-1,875c5820-4340-11f1-a27e-053988b4ee35,85.66228,,,8.75728,,,,,,,13ca75c8-bb5c-4445-823c-d5e13dddedc7,2026-04-28,20:26:24.74,2026-04-28T16:26:24.7418368-04:00,2026-04-28T20:26:24.7418368Z,,v3,471298,471423,4e64d94106064b97a0d56267f0d32905,"McAndrews, Thomas",836274,Right,FOR_RAM,b585fa1d-ff90-41c2-a60b-2e065079c402,54.199,-126.43148,14.72856,6.45209,-3.14491,-7.15848,-1.73621,4.73391,-5.28431,,,,,,,,,,,,,,,,,,,,,,,,,,,,,,,,,,,,,,,,,,,,,,,,,,,High,High,High,,,,,
152,2026-04-28,16:26:42.58,9,2,"Murray, Alec",10181003,Right,FOR_RAM,"Donohue, Ronan",10108737,Right,SAC_PIO,Undefined,4,Top,2,1,0,Cutter,Slider,BallCalled,Undefined,Undefined,Undefined,0,0,,82.60081,-2.891229,-1.338759,2188.932292,170.754757,11:45,6.38876,1.82249,6.17416,-29.21545,11.56087,-1.66083,1.28094,0.44746,75.63626,-8.334808,-1.638778,0.459595,,,,,,,,,,,,0.46803,7.24796,-1.72042,50,6.15507,2.86228,-119.83217,-6.91112,0.67658,24.41762,-21.69643,FOR_RAM,SAC_PIO,FordhamUniversity,D1,A10,20260428-FordhamUniversity-1,9229b1d0-4340-11f1-a27e-053988b4ee35,82.01229,,,6.96456,,,,,,,13ca75c8-bb5c-4445-823c-d5e13dddedc7,2026-04-28,20:26:42.58,2026-04-28T16:26:42.5835520-04:00,2026-04-28T20:26:42.5835520Z,,v3,471298,471423,4e64d94106064b97a0d56267f0d32905,"McAndrews, Thomas",836274,Right,FOR_RAM,f0376aa1-851a-47bc-ba07-5656f9c5d4ef,54.32355,-120.70994,12.20881,6.38949,-6.13116,-10.84821,-1.82287,2.83796,0.33829,,,,,,,,,,,,,,,,,,,,,,,,,,,,,,,,,,,,,,,,,,,,,,,,,,,High,High,High,,,,,
153,2026-04-28,16:27:02.83,9,3,"Murray, Alec",10181003,Right,FOR_RAM,"Donohue, Ronan",10108737,Right,SAC_PIO,Undefined,4,Top,2,2,0,Cutter,Slider,StrikeSwinging,Undefined,Undefined,Undefined,0,0,,83.29887,-1.851122,-2.278723,2184.261016,162.158127,11:30,6.38308,1.83965,6.25797,-29.57698,10.73564,-2.99114,2.20949,-0.5119,75.50621,-7.401076,-2.819059,0.456975,,,,,,,,,,,,0.80713,6.6102,-1.66929,50,6.23147,4.92117,-120.74692,-4.77124,1.17427,26.70559,-22.55715,FOR_RAM,SAC_PIO,FordhamUniversity,D1,A10,20260428-FordhamUniversity-1,9e204940-4340-11f1-a27e-053988b4ee35,82.48258,,,7.79266,,,,,,,13ca75c8-bb5c-4445-823c-d5e13dddedc7,2026-04-28,20:27:02.83,2026-04-28T16:27:02.8332032-04:00,2026-04-28T20:27:02.8332032Z,,v3,471298,471423,4e64d94106064b97a0d56267f0d32905,"McAndrews, Thomas",836274,Right,FOR_RAM,6df7c086-3b9e-4eee-8d4e-73fc20b6acef,54.23628,-121.68025,13.35279,6.38445,-3.98289,-11.27857,-1.84056,4.88013,0.58714,,,,,,,,,,,,,,,,,,,,,,,,,,,,,,,,,,,,,,,,,,,,,,,,,,,High,High,High,,,,,
154,2026-04-28,16:27:22.10,9,4,"Murray, Alec",10181003,Right,FOR_RAM,"Donohue, Ronan",10108737,Right,SAC_PIO,Undefined,4,Top,2,2,1,Cutter,Slider,InPlay,Undefined,GroundBall,Out,1,0,,83.63205,-1.960139,-1.555736,2204.985277,154.435098,11:15,6.37266,1.75498,6.24728,-30.24431,9.49875,-3.89945,2.04315,-0.00514,76.27836,-7.611406,-2.260758,0.453735,89.67789,-13.393306,-25.122386,,,,,9.58058,8.36346,-22.385671,0.065661,1.56118,5.92162,-1.6374,50,6.21199,3.44172,-121.39108,-5.05207,2.30714,25.89644,-23.42306,FOR_RAM,SAC_PIO,FordhamUniversity,D1,A10,20260428-FordhamUniversity-1,a989bbe0-4340-11f1-a27e-053988b4ee35,83.0715,2.00368,,7.35369,,,,1.2397,2.00368,-0.07608,13ca75c8-bb5c-4445-823c-d5e13dddedc7,2026-04-28,20:27:22.10,2026-04-28T16:27:22.1030400-04:00,2026-04-28T20:27:22.1030400Z,GroundBall,v3,471298,471423,4e64d94106064b97a0d56267f0d32905,"McAndrews, Thomas",836274,Right,FOR_RAM,b811210c-803e-4de0-830b-adef662cc134,54.25082,-122.29455,12.94822,6.37399,-4.2349,-11.71153,-1.75607,3.36122,1.15357,180,1.23772,116.03457,,,,,,,,2.0042,-30.5157,,,,,,,,-0.07514,-54.40986,,,,,,,,,,,,,,,,,,,,,,,,,,,,,,High,High,High,Medium,High,,,
155,2026-04-28,16:30:01.05,1,1,"Trantino, Christian",10096040,Left,SAC_PIO,"Markey, Tommy",10084492,Left,FOR_RAM,Undefined,4,Bottom,0,0,0,Curveball,Curveball,BallCalled,Undefined,Undefined,Undefined,0,0,,70.88502,1.335901,3.250645,1909.061834,358.080615,6:00,5.13571,-1.462,5.65597,-62.66956,-5.35583,0.25004,1.16133,1.59362,64.29488,-10.133842,3.295295,0.54488,,,,,,,,,,,,0.98134,-2.64815,1.18636,50,5.20919,-5.83742,-102.62815,0.54094,1.02418,20.37822,-34.93784,FOR_RAM,SAC_PIO,FordhamUniversity,D1,A10,20260428-FordhamUniversity-1,0866b500-4341-11f1-a27e-053988b4ee35,69.17568,,,6.59014,,,,,,,13ca75c8-bb5c-4445-823c-d5e13dddedc7,2026-04-28,20:30:01.05,2026-04-28T16:30:01.0598912-04:00,2026-04-28T20:30:01.0598912Z,,v3,471298,471423,4e64d94106064b97a0d56267f0d32905,"Bowes, Nathan",1000145608,Both,SAC_PIO,a7689d40-123e-4376-9f8b-9226a99c2884,54.84317,-103.58536,10.18911,5.14523,2.18206,-17.46892,1.46168,-5.88553,0.51209,,,,,,,,,,,,,,,,,,,,,,,,,,,,,,,,,,,,,,,,,,,,,,,,,,,High,High,High,,,,,
156,2026-04-28,16:30:18.56,1,2,"Trantino, Christian",10096040,Left,SAC_PIO,"Markey, Tommy",10084492,Left,FOR_RAM,Undefined,4,Bottom,0,1,0,Sinker,Changeup,BallCalled,Undefined,Undefined,Undefined,0,0,,80.92834,1.497894,1.956131,2189.255925,116.067903,9:45,5.2295,-1.63752,6.33014,-32.99683,9.78504,-16.74399,3.86018,-1.23089,72.55118,-4.749732,-1.072124,0.470762,,,,,,,,,,,,9.27662,5.05937,1.50191,50,5.32355,-3.37175,-117.3349,2.13718,12.66512,26.48155,-25.26663,FOR_RAM,SAC_PIO,FordhamUniversity,D1,A10,20260428-FordhamUniversity-1,12c6f500-4341-11f1-a27e-053988b4ee35,80.06687,,,8.37716,,,,,,,13ca75c8-bb5c-4445-823c-d5e13dddedc7,2026-04-28,20:30:18.56,2026-04-28T16:30:18.5667584-04:00,2026-04-28T20:30:18.5667584Z,,v3,471298,471423,4e64d94106064b97a0d56267f0d32905,"Bowes, Nathan",1000145608,Both,SAC_PIO,5b57e121-92a4-478e-90dd-525f72438f83,54.16458,-118.27107,13.24077,5.2322,3.03041,-12.63332,1.62903,-3.81949,6.33256,,,,,,,,,,,,,,,,,,,,,,,,,,,,,,,,,,,,,,,,,,,,,,,,,,,High,High,High,,,,,
157,2026-04-28,16:30:49.08,1,3,"Trantino, Christian",10096040,Left,SAC_PIO,"Markey, Tommy",10084492,Left,FOR_RAM,Undefined,4,Bottom,0,2,0,Sinker,Changeup,BallCalled,Undefined,Undefined,Undefined,0,0,,80.12985,1.935961,2.323517,2189.328437,117.155901,10:00,5.1686,-1.76428,6.26923,-33.57821,10.4278,-16.99343,4.15731,-1.0372,71.4057,-4.432788,-0.744566,0.477449,,,,,,,,,,,,9.50351,5.23473,1.59959,50,5.29611,-4.05349,-116.0358,2.98013,12.62642,26.87598,-25.21913,FOR_RAM,SAC_PIO,FordhamUniversity,D1,A10,20260428-FordhamUniversity-1,24f72d30-4341-11f1-a27e-053988b4ee35,78.94541,,,8.72414,,,,,,,13ca75c8-bb5c-4445-823c-d5e13dddedc7,2026-04-28,20:30:49.08,2026-04-28T16:30:49.0893824-04:00,2026-04-28T20:30:49.0893824Z,,v3,471298,471423,4e64d94106064b97a0d56267f0d32905,"Bowes, Nathan",1000145608,Both,SAC_PIO,5755e7f9-2818-47f8-bb62-e4369e2f43a0,54.22383,-117.01003,13.43799,5.17152,3.89429,-12.60957,1.75482,-4.51119,6.31321,,,,,,,,,,,,,,,,,,,,,,,,,,,,,,,,,,,,,,,,,,,,,,,,,,,High,High,High,,,,,
158,2026-04-28,16:31:06.46,1,4,"Trantino, Christian",10096040,Left,SAC_PIO,"Markey, Tommy",10084492,Left,FOR_RAM,Undefined,4,Bottom,0,3,0,Sinker,Changeup,BallCalled,Walk,Undefined,Undefined,0,0,,79.79573,2.343002,1.715154,2182.31534,121.88884,10:00,5.17196,-1.69218,6.26921,-32.67813,11.58449,-15.92269,4.61095,-1.43741,71.24385,-3.861727,-1.160046,0.478839,,,,,,,,,,,,8.74642,5.68985,1.57217,50,5.32989,-2.85503,-115.59011,3.82716,11.5598,26.1904,-24.65402,FOR_RAM,SAC_PIO,FordhamUniversity,D1,A10,20260428-FordhamUniversity-1,2f770320-4341-11f1-a27e-053988b4ee35,78.71626,,,8.55188,,,,,,,13ca75c8-bb5c-4445-823c-d5e13dddedc7,2026-04-28,20:31:06.46,2026-04-28T16:31:06.4696320-04:00,2026-04-28T20:31:06.4696320Z,,v3,471298,471423,4e64d94106064b97a0d56267f0d32905,"Bowes, Nathan",1000145608,Both,SAC_PIO,bfed3b16-caea-43ee-a156-4b94501437bb,54.22426,-116.54331,13.0952,5.17428,4.72444,-12.32701,1.68374,-3.27575,5.7799,,,,,,,,,,,,,,,,,,,,,,,,,,,,,,,,,,,,,,,,,,,,,,,,,,,High,High,High,,,,,
159,2026-04-28,16:32:27.28,2,1,"Trantino, Christian",10096040,Left,SAC_PIO,"Little, Ernie",1000290947,Right,FOR_RAM,Undefined,4,Bottom,0,0,0,Curveball,Curveball,StrikeCalled,Undefined,Undefined,Undefined,0,0,,71.9631,3.317287,2.694839,1951.471476,4.350403,6:15,5.13,-1.62146,5.54801,-59.98295,-4.5239,-0.48906,3.23826,0.85791,65.30106,-7.667248,2.607811,0.535991,,,,,,,,,,,,1.08323,-2.67351,1.3884,50,5.37846,-4.88373,-104.1389,4.18257,1.17608,19.33722,-35.07673,FOR_RAM,SAC_PIO,FordhamUniversity,D1,A10,20260428-FordhamUniversity-1,5f9ee4a0-4341-11f1-a27e-053988b4ee35,70.32288,,,6.66204,,,,,,,13ca75c8-bb5c-4445-823c-d5e13dddedc7,2026-04-28,20:32:27.28,2026-04-28T16:32:27.2803840-04:00,2026-04-28T20:32:27.2803840Z,,v3,471298,471423,4e64d94106064b97a0d56267f0d32905,"Bowes, Nathan",1000145608,Both,SAC_PIO,beb5caad-0ab4-4162-8b3e-546c346bdf7d,54.94997,-105.05402,9.66861,5.14124,5.84255,-17.53837,1.62084,-4.93939,0.58804,,,,,,,,,,,,,,,,,,,,,,,,,,,,,,,,,,,,,,,,,,,,,,,,,,,High,High,High,,,,,
160,2026-04-28,16:32:46.01,2,2,"Trantino, Christian",10096040,Left,SAC_PIO,"Little, Ernie",1000290947,Right,FOR_RAM,Undefined,4,Bottom,0,0,1,Curveball,Curveball,StrikeCalled,Undefined,Undefined,Undefined,0,0,,72.07638,2.673625,1.688627,1860.324699,20.842877,6:45,5.07857,-1.68133,5.42444,-60.77381,-4.98087,-2.6715,2.52121,-0.32186,65.09821,-8.448026,1.213309,0.537602,,,,,,,,,,,,1.89599,-2.74469,1.53341,50,5.27418,-2.97658,-104.33839,2.95596,2.05119,20.60122,-35.14344,FOR_RAM,SAC_PIO,FordhamUniversity,D1,A10,20260428-FordhamUniversity-1,6aa88400-4341-11f1-a27e-053988b4ee35,70.11215,,,6.97817,,,,,,,13ca75c8-bb5c-4445-823c-d5e13dddedc7,2026-04-28,20:32:46.01,2026-04-28T16:32:46.0158464-04:00,2026-04-28T20:32:46.0158464Z,,v3,471298,471423,4e64d94106064b97a0d56267f0d32905,"Bowes, Nathan",1000145608,Both,SAC_PIO,14bc749a-f2d2-4284-b72a-66336e2b8dfc,55.07298,-105.33527,10.30061,5.09,4.65652,-17.57172,1.67984,-3.07584,1.02559,,,,,,,,,,,,,,,,,,,,,,,,,,,,,,,,,,,,,,,,,,,,,,,,,,,High,High,High,,,,,
161,2026-04-28,16:33:07.97,2,3,"Trantino, Christian",10096040,Left,SAC_PIO,"Little, Ernie",1000290947,Right,FOR_RAM,Undefined,4,Bottom,0,0,2,Sinker,Changeup,InPlay,Undefined,LineDrive,Single,0,1,,82.1665,-0.044783,3.087076,2231.287787,120.242429,10:00,5.22561,-1.62811,6.30007,-30.52332,10.71658,-15.89391,2.64069,-0.10556,74.35947,-5.800497,0.215906,0.4622,94.71887,9.048697,-1.844608,1069.563164,109.99946,8.68643,0.32956,168.6158,168.6158,1.237106,1.449111,9.28729,5.99429,1.40885,50,5.2077,-5.84802,-119.20144,-0.96207,13.19099,25.6598,-23.66021,FOR_RAM,SAC_PIO,FordhamUniversity,D1,A10,20260428-FordhamUniversity-1,77b9da40-4341-11f1-a27e-053988b4ee35,81.55001,9.532,,7.80704,,,,1.5771,2.62448,0.09714,13ca75c8-bb5c-4445-823c-d5e13dddedc7,2026-04-28,20:33:07.97,2026-04-28T16:33:07.9702528-04:00,2026-04-28T20:33:07.9702528Z,LineDrive,v3,471298,471423,4e64d94106064b97a0d56267f0d32905,"Bowes, Nathan",1000145608,Both,SAC_PIO,fcd0c83a-bdc7-49c1-bd09-7ba5a9092c87,54.19847,-120.10182,12.8299,5.22689,-0.13185,-11.83011,1.62217,-6.31088,6.5955,262.078175,1.5771,137.12082,-18.58878,3.15059,-0.65406,0.12718,-0.02528,0.00424,-0.00039,2.62448,21.84861,-18.2261,1.66614,-0.32884,0.07327,-0.01366,0.00227,-0.00022,0.09714,-4.41606,6.52532,-1.71055,0.44015,-0.10306,0.02248,-0.00392,0.00037,,,,,,,,,,,,,,,,,,,,,,,High,High,High,High,High,,,
162,2026-04-28,16:33:44.06,3,1,"Trantino, Christian",10096040,Left,SAC_PIO,"Kirk, Taylor",1000367095,Right,FOR_RAM,Undefined,4,Bottom,0,0,0,Curveball,Curveball,BallCalled,Undefined,Undefined,Undefined,0,0,,70.9581,4.657315,0.430651,1824.76224,5.691337,6:15,5.11549,-1.49511,5.55476,-62.88539,-4.8954,-0.71492,4.23638,-1.1523,63.1998,-6.930589,0.303325,0.548085,,,,,,,,,,,,0.50909,-3.33047,1.45836,50,5.47848,-0.74331,-102.43786,6.41347,0.52632,21.18721,-35.61717,FOR_RAM,SAC_PIO,FordhamUniversity,D1,A10,20260428-FordhamUniversity-1,8d454b60-4341-11f1-a27e-053988b4ee35,68.77117,,,7.7583,,,,,,,13ca75c8-bb5c-4445-823c-d5e13dddedc7,2026-04-28,20:33:44.06,2026-04-28T16:33:44.0638976-04:00,2026-04-28T20:33:44.0638976Z,,v3,471298,471423,4e64d94106064b97a0d56267f0d32905,"Bowes, Nathan",1000145608,Both,SAC_PIO,ea6fffc0-6dec-4882-8b56-99d461430c44,54.93988,-103.45453,10.59361,5.12973,8.12256,-17.80859,1.49464,-0.76856,0.26316,,,,,,,,,,,,,,,,,,,,,,,,,,,,,,,,,,,,,,,,,,,,,,,,,,,High,High,High,,,,,
163,2026-04-28,16:34:12.83,3,2,"Trantino, Christian",10096040,Left,SAC_PIO,"Kirk, Taylor",1000367095,Right,FOR_RAM,Undefined,4,Bottom,0,1,0,Curveball,Curveball,BallCalled,Undefined,Undefined,Undefined,0,0,,71.02204,3.858707,0.750164,1902.359059,19.641479,6:45,5.11027,-1.41495,5.5336,-62.93988,-5.02847,-2.61583,3.4779,-0.9317,63.32704,-7.732293,0.284045,0.547714,,,,,,,,,,,,1.5715,-3.12532,1.35156,50,5.40496,-1.24589,-102.61168,4.9793,1.62735,21.52366,-35.41047,FOR_RAM,SAC_PIO,FordhamUniversity,D1,A10,20260428-FordhamUniversity-1,9e7c5680-4341-11f1-a27e-053988b4ee35,68.81778,,,7.695,,,,,,,13ca75c8-bb5c-4445-823c-d5e13dddedc7,2026-04-28,20:34:12.83,2026-04-28T16:34:12.8349696-04:00,2026-04-28T20:34:12.8349696Z,,v3,471298,471423,4e64d94106064b97a0d56267f0d32905,"Bowes, Nathan",1000145608,Both,SAC_PIO,349ccb7f-cc7a-4819-993b-e5e8507dd079,54.96095,-103.64706,10.76183,5.12446,6.68269,-17.70523,1.41338,-1.32417,0.81367,,,,,,,,,,,,,,,,,,,,,,,,,,,,,,,,,,,,,,,,,,,,,,,,,,,High,High,High,,,,,
164,2026-04-28,16:34:32.67,3,3,"Trantino, Christian",10096040,Left,SAC_PIO,"Kirk, Taylor",1000367095,Right,FOR_RAM,Undefined,4,Bottom,0,2,0,Curveball,Curveball,InPlay,Undefined,FlyBall,Out,1,0,,71.84831,2.243952,1.97486,1920.663408,23.818404,6:45,5.10155,-1.55114,5.53324,-60.30684,-3.69445,-2.63992,2.1758,0.07557,64.18451,-8.853904,1.504141,0.541536,93.25725,32.410668,-20.77992,3640.490903,103.77913,64.75862,-36.46692,357.39348,194.24535,-17.747833,5.318891,2.07016,-2.08449,1.38149,50,5.25673,-3.48692,-103.90513,2.23002,2.19053,22.61365,-34.37973,FOR_RAM,SAC_PIO,FordhamUniversity,D1,A10,20260428-FordhamUniversity-1,aa43eeb0-4341-11f1-a27e-053988b4ee35,69.60286,91.7141,,7.66379,,,,2.41795,2.23489,0.04373,13ca75c8-bb5c-4445-823c-d5e13dddedc7,2026-04-28,20:34:32.67,2026-04-28T16:34:32.6712832-04:00,2026-04-28T20:34:32.6712832Z,FlyBall,v3,471298,471423,4e64d94106064b97a0d56267f0d32905,"Bowes, Nathan",1000145608,Both,SAC_PIO,1c11bc7e-5e0a-48b1-b48d-ce6c6e50be18,54.96307,-104.97972,11.30682,5.11194,3.86374,-17.18987,1.54966,-3.59101,1.09527,188.973958,2.4203,107.91671,-19.96668,4.5354,-0.84421,0.13826,-0.02029,0.00218,-0.00011,2.23509,73.29689,-16.31201,0.39572,0.24522,-0.14897,0.03939,-0.00498,0.00024,0.04253,-40.94456,9.66253,-2.33578,0.46095,-0.07823,0.01107,-0.0011,5E-05,,,,,,,,,,,,,,,,,,,,,,,High,High,High,High,Low,,,
165,2026-04-28,16:35:17.75,4,1,"Trantino, Christian",10096040,Left,SAC_PIO,"Grabau, Anthony",1000407420,Left,FOR_RAM,Undefined,4,Bottom,1,0,0,Sinker,Changeup,BallCalled,Undefined,Undefined,Undefined,0,0,,79.24326,0.887264,5.312804,2195.649638,144.571393,10:45,5.21648,-1.2615,6.16246,-32.50305,12.17761,-7.58241,3.33111,3.02847,71.8771,-5.20993,3.955172,0.481095,,,,,,,,,,,,5.46449,6.49284,0.86108,50,5.26763,-10.36862,-114.56311,0.86573,7.21099,22.56305,-23.60605,FOR_RAM,SAC_PIO,FordhamUniversity,D1,A10,20260428-FordhamUniversity-1,c51e5270-4341-11f1-a27e-053988b4ee35,78.34714,,,7.36615,,,,,,,13ca75c8-bb5c-4445-823c-d5e13dddedc7,2026-04-28,20:35:17.75,2026-04-28T16:35:17.7505280-04:00,2026-04-28T20:35:17.7505280Z,,v3,471298,471423,4e64d94106064b97a0d56267f0d32905,"Bowes, Nathan",1000145608,Both,SAC_PIO,3db02016-a298-4e1a-86b8-24721e894740,54.33232,-115.4132,11.28152,5.21825,1.75511,-11.80302,1.25685,-10.6403,3.6055,,,,,,,,,,,,,,,,,,,,,,,,,,,,,,,,,,,,,,,,,,,,,,,,,,,High,High,High,,,,,
166,2026-04-28,16:35:37.67,4,2,"Trantino, Christian",10096040,Left,SAC_PIO,"Grabau, Anthony",1000407420,Left,FOR_RAM,Undefined,4,Bottom,1,1,0,Curveball,Curveball,InPlay,Undefined,LineDrive,Out,1,0,,71.3889,1.995956,1.381586,1977.786237,21.202976,6:45,5.12731,-1.62465,5.4953,-59.49291,-2.96311,-1.93461,2.03788,-0.49328,64.74029,-8.900248,1.036618,0.541141,94.42029,6.078876,38.748055,2607.731214,,,,93.9879,89.65545,41.052232,0.726863,1.43547,-1.64945,1.50517,50,5.26159,-2.4269,-103.45811,1.7999,1.52923,20.01344,-33.93124,FOR_RAM,SAC_PIO,FordhamUniversity,D1,A10,20260428-FordhamUniversity-1,d1053270-4341-11f1-a27e-053988b4ee35,69.65369,3.98571,,6.64861,,,,2.81482,1.84078,0.97862,13ca75c8-bb5c-4445-823c-d5e13dddedc7,2026-04-28,20:35:37.67,2026-04-28T16:35:37.6724480-04:00,2026-04-28T20:35:37.6724480Z,GroundBall,v3,471298,471423,4e64d94106064b97a0d56267f0d32905,"Bowes, Nathan",1000145608,Both,SAC_PIO,e3760011-4eb5-439b-b58e-b9463d3fe1c3,55.00375,-104.42157,10.00672,5.13563,3.43338,-16.96562,1.62378,-2.50052,0.76462,,2.86163,106.52367,-17.89734,,,,,,,1.89405,13.67024,-22.48534,,,,,,,0.96407,86.46586,-3.9252,,,,,,,,,,,,,,,,,,,,,,,,,,,,,High,High,High,High,High,,,
167,2026-04-28,16:36:12.94,5,1,"Trantino, Christian",10096040,Left,SAC_PIO,"McAndrews, Thomas",836274,Right,FOR_RAM,Undefined,4,Bottom,2,0,0,Curveball,Curveball,InPlay,Undefined,LineDrive,Double,0,1,,73.73585,2.775126,1.011097,1946.55153,23.946204,6:45,5.18711,-1.54903,5.5005,-57.60684,-4.0454,-2.72295,2.98457,-0.83015,65.98702,-7.821125,0.525859,0.526742,104.67774,19.564681,5.550421,2738.096132,108.73412,36.81629,16.63951,377.96067,374.02538,14.832652,4.066053,1.73374,-2.45394,1.46259,50,5.3912,-1.78089,-106.68363,3.34959,1.94392,22.99227,-34.92545,FOR_RAM,SAC_PIO,FordhamUniversity,D1,A10,20260428-FordhamUniversity-1,e613f980-4341-11f1-a27e-053988b4ee35,71.55774,51.51773,,7.74883,,,,1.7036,3.04322,0.85327,13ca75c8-bb5c-4445-823c-d5e13dddedc7,2026-04-28,20:36:12.94,2026-04-28T16:36:12.9488896-04:00,2026-04-28T20:36:12.9488896Z,LineDrive,v3,471298,471423,4e64d94106064b97a0d56267f0d32905,"Bowes, Nathan",1000145608,Both,SAC_PIO,155a985d-2d5b-4955-b486-c6b0ea294799,54.99626,-107.75503,11.49614,5.19719,4.97706,-17.46273,1.54768,-1.87147,0.97196,220.101268,1.70373,143.98003,-25.84936,5.61595,-1.09614,0.19804,-0.03375,0.00424,-0.00024,3.04292,51.42149,-14.00382,0.10866,0.04111,0.00486,-0.00308,0.00092,-0.0001,0.85262,14.01091,6.96829,-2.38422,0.49965,-0.06307,0.0045,-0.00015,0,,,,,,,,,,,,,,,,,,,,,,,High,High,High,High,High,,,
168,2026-04-28,16:37:00.11,6,1,"Trantino, Christian",10096040,Left,SAC_PIO,"Donnelly, Joey",800885,Left,FOR_RAM,Undefined,4,Bottom,2,0,0,Curveball,Curveball,StrikeCalled,Undefined,Undefined,Undefined,0,0,,70.45243,3.041914,2.254397,1976.581855,19.570501,6:45,5.17885,-1.29292,5.31446,-65.23885,-6.1417,-2.99319,2.60219,0.57461,63.25579,-8.881889,1.723302,0.553292,,,,,,,,,,,,2.27811,-3.39898,1.09075,50,5.40838,-3.8973,-101.82907,3.3644,2.33186,20.63801,-35.6532,FOR_RAM,SAC_PIO,FordhamUniversity,D1,A10,20260428-FordhamUniversity-1,02275270-4342-11f1-a27e-053988b4ee35,68.12392,,,7.19664,,,,,,,13ca75c8-bb5c-4445-823c-d5e13dddedc7,2026-04-28,20:37:00.11,2026-04-28T16:37:00.1156608-04:00,2026-04-28T20:37:00.1156608Z,,v3,471298,471423,4e64d94106064b97a0d56267f0d32905,"Bowes, Nathan",1000145608,Both,SAC_PIO,6ed7668a-6a1c-426e-afd8-7d2a21cfc68e,55.18203,-102.87397,10.31901,5.19234,5.16951,-17.8266,1.29106,-4.01536,1.16593,,,,,,,,,,,,,,,,,,,,,,,,,,,,,,,,,,,,,,,,,,,,,,,,,,,High,High,High,,,,,
169,2026-04-28,16:37:20.05,6,2,"Trantino, Christian",10096040,Left,SAC_PIO,"Donnelly, Joey",800885,Left,FOR_RAM,Undefined,4,Bottom,2,0,1,Sinker,Slider,BallCalled,Undefined,Undefined,Undefined,0,0,,80.63306,-0.591655,3.401763,2070.069819,175.805671,11:45,5.19463,-1.5625,6.16174,-30.45265,12.62611,-0.81606,2.10937,1.51563,73.16708,-6.312045,3.254959,0.472393,,,,,,,,,,,,1.47158,7.16595,1.30463,50,5.13431,-6.91407,-116.83813,-2.07577,2.01224,24.23073,-22.37528,FOR_RAM,SAC_PIO,FordhamUniversity,D1,A10,20260428-FordhamUniversity-1,0dfddec0-4342-11f1-a27e-053988b4ee35,79.7905,,,7.46598,,,,,,,13ca75c8-bb5c-4445-823c-d5e13dddedc7,2026-04-28,20:37:20.05,2026-04-28T16:37:20.0561152-04:00,2026-04-28T20:37:20.0561152Z,,v3,471298,471423,4e64d94106064b97a0d56267f0d32905,"Bowes, Nathan",1000145608,Both,SAC_PIO,4d20bc5e-7c15-4a13-8ec4-d6e2dcd0f622,54.33278,-117.73327,12.11536,5.19573,-1.24918,-11.18764,1.56143,-6.9884,1.00612,,,,,,,,,,,,,,,,,,,,,,,,,,,,,,,,,,,,,,,,,,,,,,,,,,,High,High,High,,,,,
170,2026-04-28,16:37:49.22,6,3,"Trantino, Christian",10096040,Left,SAC_PIO,"Donnelly, Joey",800885,Left,FOR_RAM,Undefined,4,Bottom,2,1,1,Curveball,Curveball,BallCalled,Undefined,Undefined,Undefined,0,0,,71.68063,2.645026,2.979584,1910.134584,15.073293,6:30,5.16595,-1.40313,5.45986,-60.66869,-3.88536,-1.63386,2.59113,1.25217,64.36363,-8.480294,2.689213,0.542353,,,,,,,,,,,,1.85618,-2.1411,1.14158,50,5.35871,-5.33076,-103.59076,2.8954,1.96764,21.25112,-34.44372,FOR_RAM,SAC_PIO,FordhamUniversity,D1,A10,20260428-FordhamUniversity-1,1f72b630-4342-11f1-a27e-053988b4ee35,69.498,,,7.317,,,,,,,13ca75c8-bb5c-4445-823c-d5e13dddedc7,2026-04-28,20:37:49.22,2026-04-28T16:37:49.2220928-04:00,2026-04-28T20:37:49.2220928Z,,v3,471298,471423,4e64d94106064b97a0d56267f0d32905,"Bowes, Nathan",1000145608,Both,SAC_PIO,605ef22e-11db-4c31-bdc7-46a4a1e9d38e,55.03548,-104.61866,10.62556,5.17837,4.56142,-17.22186,1.40173,-5.42594,0.98382,,,,,,,,,,,,,,,,,,,,,,,,,,,,,,,,,,,,,,,,,,,,,,,,,,,High,High,High,,,,,
171,2026-04-28,16:38:06.79,6,4,"Trantino, Christian",10096040,Left,SAC_PIO,"Donnelly, Joey",800885,Left,FOR_RAM,Undefined,4,Bottom,2,2,1,Curveball,Curveball,FoulBallNotFieldable,Undefined,Undefined,Undefined,0,0,,69.97287,1.725259,2.105566,1908.860259,3.009719,6:00,5.11283,-1.61225,5.57605,-64.3296,-5.31134,-0.39532,1.36499,0.32226,63.31403,-10.054839,2.03496,0.552923,,,,,,,,,,,,0.92803,-2.67662,1.43126,50,5.21949,-3.71212,-101.3415,1.14154,0.94291,20.11261,-34.89359,FOR_RAM,SAC_PIO,FordhamUniversity,D1,A10,20260428-FordhamUniversity-1,29e322d0-4342-11f1-a27e-053988b4ee35,68.16942,,,6.65884,,,,,,,13ca75c8-bb5c-4445-823c-d5e13dddedc7,2026-04-28,20:38:06.79,2026-04-28T16:38:06.7937280-04:00,2026-04-28T20:38:06.7937280Z,,v3,471298,471423,4e64d94106064b97a0d56267f0d32905,"Bowes, Nathan",1000145608,Both,SAC_PIO,1092cfe7-5d6d-4506-a024-0614721661f0,54.92228,-102.31373,10.05631,5.12354,2.82827,-17.4468,1.6118,-3.7577,0.47145,,,,,,,,,,,,,,,,,,,,,,,,,,,,,,,,,,,,,,,,,,,,,,,,,,,High,High,High,,,,,
172,2026-04-28,16:38:33.79,6,5,"Trantino, Christian",10096040,Left,SAC_PIO,"Donnelly, Joey",800885,Left,FOR_RAM,Undefined,4,Bottom,2,2,2,Curveball,Curveball,InPlay,Undefined,Popup,Out,1,0,,72.20976,1.360913,2.354642,1944.111892,21.62462,6:45,5.10252,-1.59591,5.70147,-59.23972,-3.99095,-2.41378,1.43528,0.39823,65.14023,-9.529274,1.922699,0.534974,91.35489,26.106065,-1.472785,2502.918452,109.73292,46.45886,-7.66068,339.24052,329.76507,-9.003283,4.296817,2.0526,-1.91622,1.39987,50,5.18019,-4.21422,-104.57402,0.70422,2.21691,21.68901,-34.24363,FOR_RAM,SAC_PIO,FordhamUniversity,D1,A10,20260428-FordhamUniversity-1,3a040300-4342-11f1-a27e-053988b4ee35,70.45657,60.1125,,7.06953,,,,1.23885,1.49168,-0.38499,13ca75c8-bb5c-4445-823c-d5e13dddedc7,2026-04-28,20:38:33.79,2026-04-28T16:38:33.7976320-04:00,2026-04-28T20:38:33.7976320Z,FlyBall,v3,471298,471423,4e64d94106064b97a0d56267f0d32905,"Bowes, Nathan",1000145608,Both,SAC_PIO,96c31dff-277e-4a3d-a16d-2b612e9c041e,54.79601,-105.56404,10.8445,5.11238,2.26731,-17.12181,1.59454,-4.31541,1.10845,151.989765,1.2381,120.29436,-20.06937,4.52189,-0.9484,0.19729,-0.03675,0.00454,-0.00024,1.49287,58.93397,-16.1146,0.86163,-0.14771,0.02169,-0.00105,7E-05,-2E-05,-0.38521,-3.08903,-4.63562,1.12324,-0.20236,0.02216,-0.00084,-7E-05,1E-05,,,,,,,,,,,,,,,,,,,,,,,High,High,High,High,Medium,,,
173,2026-04-28,16:41:06.86,1,1,"Rodarte, Jordan",10138918,Right,FOR_RAM,"Nolan, CJ",1000398229,Right,SAC_PIO,Undefined,5,Top,0,0,0,Fastball,Four-Seam,BallCalled,Undefined,Undefined,Undefined,0,0,,88.93603,-3.395975,-4.408698,2188.567038,200.178028,12:45,5.8814,1.61922,6.07528,-16.35836,19.80855,6.75008,1.36298,-1.9056,79.54701,-6.560407,-3.198764,0.43284,,,,,,,,,,,,-4.95721,11.7389,-1.28088,50,5.60893,9.60047,-128.31273,-8.04842,-8.07406,32.25282,-13.05433,FOR_RAM,SAC_PIO,FordhamUniversity,D1,A10,20260428-FordhamUniversity-1,9533ab90-4342-11f1-a27e-053988b4ee35,87.08172,,,9.38902,,,,,,,13ca75c8-bb5c-4445-823c-d5e13dddedc7,2026-04-28,20:41:06.86,2026-04-28T16:41:06.8655104-04:00,2026-04-28T20:41:06.8655104Z,,v3,471298,471423,4e64d94106064b97a0d56267f0d32905,"McAndrews, Thomas",836274,Right,FOR_RAM,6281d060-9c35-46f8-a2a8-39456fc54c3e,54.41704,-129.41824,16.12641,5.87713,-7.60096,-6.52716,-1.61469,9.87721,-4.03703,,,,,,,,,,,,,,,,,,,,,,,,,,,,,,,,,,,,,,,,,,,,,,,,,,,High,High,High,,,,,
174,2026-04-28,16:41:22.69,1,2,"Rodarte, Jordan",10138918,Right,FOR_RAM,"Nolan, CJ",1000398229,Right,SAC_PIO,Undefined,5,Top,0,1,0,Fastball,Four-Seam,BallCalled,Undefined,Undefined,Undefined,0,0,,89.30868,-0.415579,-2.057508,2283.287918,210.743894,1:00,5.8526,1.66645,5.95032,-16.22946,19.29166,10.69835,4.11446,0.64891,80.19391,-3.557482,-0.136848,0.428958,,,,,,,,,,,,-6.08229,10.35079,-1.50837,50,5.81038,4.17779,-129.43582,-1.36675,-10.14933,31.14819,-14.902,FOR_RAM,SAC_PIO,FordhamUniversity,D1,A10,20260428-FordhamUniversity-1,9e99ad10-4342-11f1-a27e-053988b4ee35,87.8698,,,9.11477,,,,,,,13ca75c8-bb5c-4445-823c-d5e13dddedc7,2026-04-28,20:41:22.69,2026-04-28T16:41:22.6914816-04:00,2026-04-28T20:41:22.6914816Z,,v3,471298,471423,4e64d94106064b97a0d56267f0d32905,"McAndrews, Thomas",836274,Right,FOR_RAM,457fe8cd-259a-48a6-bfd5-8b997588bbee,54.54308,-130.52452,15.57409,5.84905,-0.84589,-7.451,-1.66059,4.53253,-5.07467,,,,,,,,,,,,,,,,,,,,,,,,,,,,,,,,,,,,,,,,,,,,,,,,,,,High,High,High,,,,,
175,2026-04-28,16:41:38.74,1,3,"Rodarte, Jordan",10138918,Right,FOR_RAM,"Nolan, CJ",1000398229,Right,SAC_PIO,Undefined,5,Top,0,2,0,Fastball,Four-Seam,BallCalled,Undefined,Undefined,Undefined,0,0,,89.12181,-0.987717,-3.633806,2165.835613,217.253474,1:15,5.85998,1.72353,6.17038,-16.79363,18.90871,13.31556,3.54631,-0.52759,79.49808,-4.256394,-1.237991,0.430051,,,,,,,,,,,,-8.02717,10.45044,-1.45414,50,5.77634,7.60978,-128.93731,-2.64702,-13.1997,32.60658,-14.98956,FOR_RAM,SAC_PIO,FordhamUniversity,D1,A10,20260428-FordhamUniversity-1,a84e43c0-4342-11f1-a27e-053988b4ee35,87.6465,,,9.62373,,,,,,,13ca75c8-bb5c-4445-823c-d5e13dddedc7,2026-04-28,20:41:38.74,2026-04-28T16:41:38.7491840-04:00,2026-04-28T20:41:38.7491840Z,,v3,471298,471423,4e64d94106064b97a0d56267f0d32905,"McAndrews, Thomas",836274,Right,FOR_RAM,37bd7a7e-b85e-4fab-953a-629c09b2e7ed,54.32193,-130.02567,16.30329,5.85634,-2.14669,-7.49478,-1.7155,8.05037,-6.59985,,,,,,,,,,,,,,,,,,,,,,,,,,,,,,,,,,,,,,,,,,,,,,,,,,,High,High,High,,,,,
176,2026-04-28,16:41:55.15,1,4,"Rodarte, Jordan",10138918,Right,FOR_RAM,"Nolan, CJ",1000398229,Right,SAC_PIO,Undefined,5,Top,0,3,0,Fastball,Four-Seam,StrikeCalled,Undefined,Undefined,Undefined,0,0,,89.78192,-1.925229,-2.881941,2124.569895,204.130097,12:45,5.84128,1.73918,6.07097,-15.41202,19.77288,8.25367,2.7725,-0.24207,80.43544,-4.923294,-1.398212,0.426923,,,,,,,,,,,,-5.17146,11.1689,-1.51995,50,5.68369,6.18224,-129.95478,-4.75889,-8.66592,32.34057,-13.45805,FOR_RAM,SAC_PIO,FordhamUniversity,D1,A10,20260428-FordhamUniversity-1,b1f2add0-4342-11f1-a27e-053988b4ee35,88.28865,,,9.34648,,,,,,,13ca75c8-bb5c-4445-823c-d5e13dddedc7,2026-04-28,20:41:55.15,2026-04-28T16:41:55.1542272-04:00,2026-04-28T20:41:55.1542272Z,,v3,471298,471423,4e64d94106064b97a0d56267f0d32905,"McAndrews, Thomas",836274,Right,FOR_RAM,29a5ca30-a7b2-4d7b-8492-b4bda49cc108,54.42217,-131.05066,16.17029,5.83722,-4.30285,-6.72903,-1.73442,6.4759,-4.33296,,,,,,,,,,,,,,,,,,,,,,,,,,,,,,,,,,,,,,,,,,,,,,,,,,,High,High,High,,,,,
177,2026-04-28,16:42:12.65,1,5,"Rodarte, Jordan",10138918,Right,FOR_RAM,"Nolan, CJ",1000398229,Right,SAC_PIO,Undefined,5,Top,0,3,1,Fastball,Four-Seam,StrikeSwinging,Undefined,Undefined,Undefined,0,0,,89.3553,-0.912596,-2.911611,2179.595569,209.439615,1:00,5.86138,1.66953,6.02632,-14.89737,20.93399,10.99599,3.77358,-0.11299,79.34251,-3.843873,-0.936682,0.430827,,,,,,,,,,,,-6.61666,11.42402,-1.44714,50,5.78177,6.08745,-129.26781,-2.40904,-10.88332,33.9554,-13.38345,FOR_RAM,SAC_PIO,FordhamUniversity,D1,A10,20260428-FordhamUniversity-1,bc620900-4342-11f1-a27e-053988b4ee35,87.48853,,,10.01279,,,,,,,13ca75c8-bb5c-4445-823c-d5e13dddedc7,2026-04-28,20:42:12.65,2026-04-28T16:42:12.6510080-04:00,2026-04-28T20:42:12.6510080Z,,v3,471298,471423,4e64d94106064b97a0d56267f0d32905,"McAndrews, Thomas",836274,Right,FOR_RAM,988eb440-a686-4350-b2c5-954bb4d927a8,54.46518,-130.43542,16.9777,5.8567,-1.94882,-6.69173,-1.6629,6.46169,-5.44166,,,,,,,,,,,,,,,,,,,,,,,,,,,,,,,,,,,,,,,,,,,,,,,,,,,High,High,High,,,,,
178,2026-04-28,16:42:30.15,1,6,"Rodarte, Jordan",10138918,Right,FOR_RAM,"Nolan, CJ",1000398229,Right,SAC_PIO,Undefined,5,Top,0,3,2,Fastball,Four-Seam,InPlay,Undefined,LineDrive,Out,1,0,,90.00318,-2.035455,-2.887575,2104.024917,202.821814,12:45,5.79712,1.52643,5.89578,-14.05438,21.5567,8.44894,2.73299,-0.45261,79.8086,-4.805514,-1.373894,0.429501,97.72661,26.587669,3.407249,2991.567401,109.39154,50.90417,11.55258,375.84163,366.45497,10.077958,4.810468,-5.37969,12.17575,-1.29871,50,5.62534,6.19175,-130.1132,-4.96746,-8.93542,35.209,-11.9507,FOR_RAM,SAC_PIO,FordhamUniversity,D1,A10,20260428-FordhamUniversity-1,c6d20070-4342-11f1-a27e-053988b4ee35,87.75872,71.37799,,10.19458,,,,0.95856,2.70527,0.45308,13ca75c8-bb5c-4445-823c-d5e13dddedc7,2026-04-28,20:42:30.15,2026-04-28T16:42:30.1591552-04:00,2026-04-28T20:42:30.1591552Z,LineDrive,v3,471298,471423,4e64d94106064b97a0d56267f0d32905,"McAndrews, Thomas",836274,Right,FOR_RAM,ffba3290-000b-4bb5-a9b4-5cb8c514419b,54.5977,-131.35146,17.6045,5.79265,-4.54717,-5.97535,-1.52199,6.50599,-4.46771,210.219018,0.96036,127.91068,-22.55676,4.69724,-0.71151,0.05081,-0.00056,0.00061,-9E-05,2.70691,64.10875,-15.93984,0.15839,0.34844,-0.1857,0.05504,-0.00801,0.00045,0.45394,7.59914,5.33959,-2.17467,0.56856,-0.11378,0.01907,-0.00228,0.00012,,,,,,,,,,,,,,,,,,,,,,,High,High,High,High,High,,,
179,2026-04-28,16:43:07.79,2,1,"Rodarte, Jordan",10138918,Right,FOR_RAM,"Yorke, David",10089071,Right,SAC_PIO,Undefined,5,Top,1,0,0,Fastball,Four-Seam,BallCalled,Undefined,Undefined,Undefined,0,0,,90.74308,-3.113676,-3.129892,2211.751481,220.622907,1:15,5.84355,1.62097,5.77735,-16.96237,18.05127,14.29013,1.52563,-0.10337,81.11976,-6.368938,-0.574277,0.425883,,,,,,,,,,,,-8.35926,10.66658,-1.37111,50,5.57607,6.53471,-131.13328,-7.63775,-14.20854,33.89469,-14.04367,FOR_RAM,SAC_PIO,FordhamUniversity,D1,A10,20260428-FordhamUniversity-1,dd39eee0-4342-11f1-a27e-053988b4ee35,88.50429,,,9.62332,,,,,,,13ca75c8-bb5c-4445-823c-d5e13dddedc7,2026-04-28,20:43:07.79,2026-04-28T16:43:07.7960192-04:00,2026-04-28T20:43:07.7960192Z,,v3,471298,471423,4e64d94106064b97a0d56267f0d32905,"McAndrews, Thomas",836274,Right,FOR_RAM,dd569341-5743-404c-a8c6-8e0ca9db90f6,54.71791,-132.34712,16.94735,5.84059,-7.13482,-7.02184,-1.61425,7.04355,-7.10427,,,,,,,,,,,,,,,,,,,,,,,,,,,,,,,,,,,,,,,,,,,,,,,,,,,High,High,High,,,,,
180,2026-04-28,16:43:21.98,2,2,"Rodarte, Jordan",10138918,Right,FOR_RAM,"Yorke, David",10089071,Right,SAC_PIO,Undefined,5,Top,1,1,0,Fastball,Four-Seam,BallCalled,Undefined,Undefined,Undefined,0,0,,88.83566,-0.216911,-2.18265,2131.167775,208.549297,1:00,5.96152,1.74459,5.94434,-15.698,20.4969,10.38174,4.45201,0.58422,79.13538,-3.285096,-0.319392,0.433007,,,,,,,,,,,,-6.00276,10.91245,-1.57614,50,5.9354,4.44139,-128.62612,-0.8747,-9.81223,32.72114,-14.33637,FOR_RAM,SAC_PIO,FordhamUniversity,D1,A10,20260428-FordhamUniversity-1,e5b54240-4342-11f1-a27e-053988b4ee35,87.04809,,,9.70028,,,,,,,13ca75c8-bb5c-4445-823c-d5e13dddedc7,2026-04-28,20:43:21.98,2026-04-28T16:43:21.9874816-04:00,2026-04-28T20:43:21.9874816Z,,v3,471298,471423,4e64d94106064b97a0d56267f0d32905,"McAndrews, Thomas",836274,Right,FOR_RAM,a711d5f3-c026-4ace-b1e8-6e7491468c03,54.54745,-129.77779,16.36057,5.9573,-0.37011,-7.16819,-1.73853,4.78675,-4.90612,,,,,,,,,,,,,,,,,,,,,,,,,,,,,,,,,,,,,,,,,,,,,,,,,,,High,High,High,,,,,
181,2026-04-28,16:43:38.44,2,3,"Rodarte, Jordan",10138918,Right,FOR_RAM,"Yorke, David",10089071,Right,SAC_PIO,Undefined,5,Top,1,2,0,Fastball,Four-Seam,BallCalled,Undefined,Undefined,Undefined,0,0,,89.86268,-2.085715,-4.648211,2211.930567,205.376194,12:45,5.85832,1.57693,6.17864,-13.74241,21.46765,9.52402,2.77981,-1.93134,80.21824,-4.795433,-2.938833,0.427076,,,,,,,,,,,,-6.46489,12.14686,-1.22942,50,5.69295,10.14053,-129.7893,-5.04078,-10.77678,32.92169,-11.9255,FOR_RAM,SAC_PIO,FordhamUniversity,D1,A10,20260428-FordhamUniversity-1,ef794240-4342-11f1-a27e-053988b4ee35,88.25702,,,9.64444,,,,,,,13ca75c8-bb5c-4445-823c-d5e13dddedc7,2026-04-28,20:43:38.44,2026-04-28T16:43:38.4462336-04:00,2026-04-28T20:43:38.4462336Z,,v3,471298,471423,4e64d94106064b97a0d56267f0d32905,"McAndrews, Thomas",836274,Right,FOR_RAM,427597f9-16b0-43e5-9363-51d16e0ff57a,54.31417,-130.87903,16.46084,5.85327,-4.64603,-5.96275,-1.57098,10.49725,-5.38839,,,,,,,,,,,,,,,,,,,,,,,,,,,,,,,,,,,,,,,,,,,,,,,,,,,High,High,High,,,,,
182,2026-04-28,16:43:53.74,2,4,"Rodarte, Jordan",10138918,Right,FOR_RAM,"Yorke, David",10089071,Right,SAC_PIO,Undefined,5,Top,1,3,0,Fastball,Four-Seam,BallCalled,Walk,Undefined,Undefined,0,0,,88.66039,-0.896008,-1.744945,2029.640551,212.756916,1:00,5.9238,1.77643,5.99342,-18.71603,17.44446,10.33099,3.53334,1.0198,79.31535,-4.496726,0.112143,0.432801,,,,,,,,,,,,-5.83851,9.62634,-1.64426,50,5.84296,3.46316,-128.45153,-2.53085,-9.54195,32.02007,-16.44151,FOR_RAM,SAC_PIO,FordhamUniversity,D1,A10,20260428-FordhamUniversity-1,f8a0b420-4342-11f1-a27e-053988b4ee35,87.08949,,,9.34505,,,,,,,13ca75c8-bb5c-4445-823c-d5e13dddedc7,2026-04-28,20:43:53.74,2026-04-28T16:43:53.7429504-04:00,2026-04-28T20:43:53.7429504Z,,v3,471298,471423,4e64d94106064b97a0d56267f0d32905,"McAndrews, Thomas",836274,Right,FOR_RAM,6e3f261b-8844-4321-99a0-f257010be31b,54.4995,-129.56829,16.01004,5.92123,-1.95742,-8.22076,-1.77085,3.79595,-4.77098,,,,,,,,,,,,,,,,,,,,,,,,,,,,,,,,,,,,,,,,,,,,,,,,,,,High,High,High,,,,,
183,2026-04-28,16:44:22.73,3,1,"Rodarte, Jordan",10138918,Right,FOR_RAM,"Wilson, Chris",1000507906,Right,SAC_PIO,Undefined,5,Top,1,0,0,Fastball,Four-Seam,StrikeCalled,Undefined,Undefined,Undefined,0,0,,89.38667,-2.16309,-3.063091,2087.317333,203.855154,12:45,5.80914,1.55555,6.23844,-15.82544,19.38981,7.98721,2.49126,-0.60702,80.28212,-5.238235,-1.623071,0.427107,,,,,,,,,,,,-5.09855,11.09796,-1.33066,50,5.63962,6.58473,-129.40621,-5.28104,-8.49012,31.53539,-13.69376,FOR_RAM,SAC_PIO,FordhamUniversity,D1,A10,20260428-FordhamUniversity-1,09e6b360-4343-11f1-a27e-053988b4ee35,88.25057,,,9.10454,,,,,,,13ca75c8-bb5c-4445-823c-d5e13dddedc7,2026-04-28,20:44:22.73,2026-04-28T16:44:22.7336192-04:00,2026-04-28T20:44:22.7336192Z,,v3,471298,471423,4e64d94106064b97a0d56267f0d32905,"McAndrews, Thomas",836274,Right,FOR_RAM,2223599b-3b9b-420f-b2ea-b0a4a7cb2cc8,54.25483,-130.43896,15.76769,5.80523,-4.83259,-6.84688,-1.55085,6.86278,-4.24506,,,,,,,,,,,,,,,,,,,,,,,,,,,,,,,,,,,,,,,,,,,,,,,,,,,High,High,High,,,,,
184,2026-04-28,16:44:40.08,3,2,"Rodarte, Jordan",10138918,Right,FOR_RAM,"Wilson, Chris",1000507906,Right,SAC_PIO,Undefined,5,Top,1,0,1,Slider,Slider,FoulBallNotFieldable,Undefined,Undefined,Undefined,0,0,,77.47668,-0.013979,-2.480497,2226.185801,153.803615,11:15,5.79519,1.69785,5.17614,-38.90211,9.22859,-3.75603,2.54019,-0.95068,70.75157,-7.13352,-3.144933,0.499324,60.22943,50.55502,152.287309,4728.975299,,,,136.43487,49.17313,159.981312,3.113735,1.14988,5.06252,-1.46393,50,5.76453,5.01251,-112.27562,-1.31633,1.45932,21.42379,-25.7492,FOR_RAM,SAC_PIO,FordhamUniversity,D1,A10,20260428-FordhamUniversity-1,1446cc50-4343-11f1-a27e-053988b4ee35,75.48692,48.61536,,6.72511,,,,1.07953,2.56298,0.98976,13ca75c8-bb5c-4445-823c-d5e13dddedc7,2026-04-28,20:44:40.08,2026-04-28T16:44:40.0875008-04:00,2026-04-28T20:44:40.0875008Z,Popup,v3,471298,471423,4e64d94106064b97a0d56267f0d32905,"McAndrews, Thomas",836274,Right,FOR_RAM,46643b52-a8eb-4616-8282-735492febd93,55.32128,-113.28644,10.71189,5.79797,-0.10141,-12.8746,-1.69881,4.94366,0.72966,342.360223,1.07942,-49.68136,0.13019,1.42406,-0.25874,-0.08546,0.08523,-0.02353,0.00222,2.56315,68.21161,-29.26072,3.55385,-0.47355,-0.07117,0.05547,-0.0103,0.00062,0.98986,26.09662,-4.12583,0.23159,-0.06744,0.08093,-0.05447,0.01504,-0.00146,,,,,,,,,,,,,,,,,,,,,,,High,High,High,High,Low,,,
185,2026-04-28,16:45:06.37,3,3,"Rodarte, Jordan",10138918,Right,FOR_RAM,"Wilson, Chris",1000507906,Right,SAC_PIO,Undefined,5,Top,1,0,2,Fastball,Four-Seam,BallCalled,Undefined,Undefined,Undefined,0,0,,89.48796,-0.521113,-2.741594,2137.653591,196.448624,12:30,5.85081,1.55148,6.09205,-13.99245,21.57304,5.95225,4.20219,-0.49037,79.58398,-3.288335,-1.671374,0.429226,,,,,,,,,,,,-4.00366,11.63304,-1.34297,50,5.80309,5.94214,-129.5237,-1.48699,-6.62133,33.72664,-12.93522,FOR_RAM,SAC_PIO,FordhamUniversity,D1,A10,20260428-FordhamUniversity-1,23e6bcb0-4343-11f1-a27e-053988b4ee35,87.81495,,,9.90398,,,,,,,13ca75c8-bb5c-4445-823c-d5e13dddedc7,2026-04-28,20:45:06.37,2026-04-28T16:45:06.3708160-04:00,2026-04-28T20:45:06.3708160Z,,v3,471298,471423,4e64d94106064b97a0d56267f0d32905,"McAndrews, Thomas",836274,Right,FOR_RAM,65389c02-374e-4817-8502-b5f997d0c3e3,54.39974,-130.66433,16.86332,5.84599,-1.04953,-6.46761,-1.54771,6.16607,-3.31067,,,,,,,,,,,,,,,,,,,,,,,,,,,,,,,,,,,,,,,,,,,,,,,,,,,High,High,High,,,,,
186,2026-04-28,16:45:26.03,3,4,"Rodarte, Jordan",10138918,Right,FOR_RAM,"Wilson, Chris",1000507906,Right,SAC_PIO,Undefined,5,Top,1,1,2,Fastball,Four-Seam,BallCalled,Undefined,Undefined,Undefined,0,0,,88.48733,-2.72004,-3.783234,2040.266453,201.764199,12:45,5.87974,1.51365,6.15068,-15.85276,20.3767,7.57457,2.03809,-1.35578,79.30238,-5.801514,-2.42169,0.433214,,,,,,,,,,,,-5.16937,11.82099,-1.22928,50,5.66415,8.14098,-127.91898,-6.47774,-8.38641,31.5281,-12.99654,FOR_RAM,SAC_PIO,FordhamUniversity,D1,A10,20260428-FordhamUniversity-1,2faddfb0-4343-11f1-a27e-053988b4ee35,87.00654,,,9.18496,,,,,,,13ca75c8-bb5c-4445-823c-d5e13dddedc7,2026-04-28,20:45:26.03,2026-04-28T16:45:26.0360000-04:00,2026-04-28T20:45:26.0360000Z,,v3,471298,471423,4e64d94106064b97a0d56267f0d32905,"McAndrews, Thomas",836274,Right,FOR_RAM,a8348e77-485a-4852-a430-8bf33ddef932,54.34334,-128.98503,15.76405,5.87575,-6.03829,-6.49827,-1.50934,8.42455,-4.1932,,,,,,,,,,,,,,,,,,,,,,,,,,,,,75.08508,1.588044,0.701594,0.88645,-1.96773,1.68661,1.49634,-3.70449,4.56147,5.09512,64.48173,2.26806,60.29439,-3.64707,87.36264,-11.96299,4.58661,10.33825,-14.66347,5.09658,64.92004,-2.99495,High,High,High,,,High,High,High
187,2026-04-28,16:45:49.18,3,5,"Rodarte, Jordan",10138918,Right,FOR_RAM,"Wilson, Chris",1000507906,Right,SAC_PIO,Undefined,5,Top,1,2,2,Fastball,Four-Seam,FoulBallNotFieldable,Undefined,Undefined,Undefined,0,0,,88.56392,-1.759818,-3.271572,2068.327425,196.374782,12:30,5.89655,1.58638,6.06022,-14.36497,21.80568,6.00256,3.06752,-0.94466,79.37294,-4.574762,-2.193768,0.432862,,,,,,,,,,,,-4.17425,12.18406,-1.33532,50,5.75204,7.07306,-128.17824,-4.27942,-6.80654,31.40515,-12.30667,FOR_RAM,SAC_PIO,FordhamUniversity,D1,A10,20260428-FordhamUniversity-1,3d78e900-4343-11f1-a27e-053988b4ee35,87.07728,,,9.19097,,,,,,,13ca75c8-bb5c-4445-823c-d5e13dddedc7,2026-04-28,20:45:49.18,2026-04-28T16:45:49.1828224-04:00,2026-04-28T20:45:49.1828224Z,,v3,471298,471423,4e64d94106064b97a0d56267f0d32905,"McAndrews, Thomas",836274,Right,FOR_RAM,d3047710-3d80-47ee-82af-cce49551acbe,54.43412,-129.26009,15.70258,5.89216,-3.85548,-6.15333,-1.58301,7.30753,-3.40327,,,,,,,,,,,,,,,,,,,,,,,,,,,,,,,,,,,,,,,,,,,,,,,,,,,High,High,High,,,,,
188,2026-04-28,16:46:13.28,3,6,"Rodarte, Jordan",10138918,Right,FOR_RAM,"Wilson, Chris",1000507906,Right,SAC_PIO,Undefined,5,Top,1,2,2,Fastball,Four-Seam,InPlay,Undefined,GroundBall,Single,0,0,,90.297,-2.60194,-2.478672,2207.135172,214.659108,1:15,5.8693,1.56118,5.77812,-16.4595,18.80273,12.04347,2.07274,0.25705,80.77723,-5.770884,-0.323517,0.427392,62.59233,6.530159,-21.015333,6812.981332,,,,67.82213,64.5087,-22.260476,0.793491,-6.98591,10.86418,-1.36386,50,5.64469,5.12186,-130.62423,-6.40971,-11.79258,33.41168,-13.83471,FOR_RAM,SAC_PIO,FordhamUniversity,D1,A10,20260428-FordhamUniversity-1,4bd16540-4343-11f1-a27e-053988b4ee35,88.19174,3.46909,,9.51976,,,,0.9825,1.82482,-0.2127,13ca75c8-bb5c-4445-823c-d5e13dddedc7,2026-04-28,20:46:13.28,2026-04-28T16:46:13.2887040-04:00,2026-04-28T20:46:13.2887040Z,GroundBall,v3,471298,471423,4e64d94106064b97a0d56267f0d32905,"McAndrews, Thomas",836274,Right,FOR_RAM,1a816075-9f51-4151-b46c-fc18c2994410,54.71704,-131.82525,16.70584,5.86616,-5.91241,-6.91736,-1.55559,5.54575,-5.89629,96.939925,1.00992,84.6682,-8.65727,,,,,,,1.84755,10.0551,-15.6406,,,,,,,-0.21037,-32.74832,0.79655,,,,,,,,,,,,,,,,,,,,,,,,,,,,,High,High,High,High,High,,,
189,2026-04-28,16:46:50.95,4,1,"Rodarte, Jordan",10138918,Right,FOR_RAM,"Bowes, Nathan",1000145608,Left,SAC_PIO,Undefined,5,Top,1,0,0,Fastball,Four-Seam,StrikeCalled,Undefined,Undefined,Undefined,0,0,,89.1354,-3.103532,-3.436574,2156.925346,208.876511,1:00,5.89807,1.5655,6.09297,-15.00139,20.59525,10.62394,1.7693,-0.73171,80.26857,-6.01508,-1.527225,0.429414,,,,,,,,,,,,-6.55099,11.97678,-1.30578,50,5.65035,7.29183,-128.92448,-7.37247,-10.85414,30.70116,-12.33009,FOR_RAM,SAC_PIO,FordhamUniversity,D1,A10,20260428-FordhamUniversity-1,62498050-4343-11f1-a27e-053988b4ee35,87.77651,,,8.86683,,,,,,,13ca75c8-bb5c-4445-823c-d5e13dddedc7,2026-04-28,20:46:50.95,2026-04-28T16:46:50.9529600-04:00,2026-04-28T20:46:50.9529600Z,,v3,471298,471423,4e64d94106064b97a0d56267f0d32905,"McAndrews, Thomas",836274,Right,FOR_RAM,b5387640-f8f1-45b1-b6b7-915bf81538d1,54.40208,-129.96853,15.35058,5.89394,-6.95316,-6.16504,-1.56003,7.66095,-5.42707,,,,,,,,,,,,,,,,,,,,,,,,,,,,,,,,,,,,,,,,,,,,,,,,,,,High,High,High,,,,,
190,2026-04-28,16:47:09.50,4,2,"Rodarte, Jordan",10138918,Right,FOR_RAM,"Bowes, Nathan",1000145608,Left,SAC_PIO,Undefined,5,Top,1,0,1,Slider,Slider,InPlay,Undefined,LineDrive,Single,0,0,,76.65448,-0.217846,-1.123874,2369.936677,87.460291,9:00,5.81842,1.77219,5.51878,-47.09699,1.27075,-6.43748,1.68994,0.18479,70.3999,-8.817753,-2.27306,0.500552,92.10938,16.517123,1.160424,1977.819053,109.71078,24.13763,7.96698,261.9485,261.9485,8.080949,2.677866,2.94382,1.12996,-1.66984,50,5.76776,2.42391,-111.28679,-1.94182,3.67412,20.86403,-30.76376,FOR_RAM,SAC_PIO,FordhamUniversity,D1,A10,20260428-FordhamUniversity-1,6d632540-4343-11f1-a27e-053988b4ee35,75.30173,25.65638,,6.25459,,,,1.38263,1.75427,-0.19795,13ca75c8-bb5c-4445-823c-d5e13dddedc7,2026-04-28,20:47:09.50,2026-04-28T16:47:09.5098880-04:00,2026-04-28T20:47:09.5098880Z,LineDrive,v3,471298,471423,4e64d94106064b97a0d56267f0d32905,"McAndrews, Thomas",836274,Right,FOR_RAM,f31d7efd-c9b5-46ec-b33b-810aaaa679f5,54.98063,-112.21667,10.43201,5.82375,-0.57073,-15.38188,-1.77423,2.26016,1.83706,237.648951,1.38262,129.49309,-19.23408,3.9492,-0.74996,0.12136,-0.01834,0.00228,-0.00013,1.75427,38.40608,-16.139,0.52212,0.06523,-0.03416,0.00878,-0.00083,1E-05,-0.19794,2.62127,8.52087,-2.96132,0.82002,-0.18364,0.03328,-0.00405,0.00023,,,,,,,,,,,,,,,,,,,,,,,High,High,High,High,High,,,
191,2026-04-28,16:47:51.35,5,1,"Rodarte, Jordan",10138918,Right,FOR_RAM,"Martin, Drew",1000527196,Left,SAC_PIO,Undefined,5,Top,1,0,0,Fastball,Four-Seam,FoulBallNotFieldable,Undefined,Undefined,Undefined,0,0,,88.99784,-2.411316,-3.071022,2118.135972,201.514745,12:45,5.84227,1.67303,6.20294,-12.56883,23.05875,8.55197,2.56459,-0.45173,79.77699,-4.906099,-1.530575,0.4296,74.67471,35.843932,-174.131838,3082.691664,-109.03972,40.23705,-14.50222,189.86715,63.31675,-169.854694,2.750853,-5.48599,13.16481,-1.44641,50,5.65457,6.56536,-128.8512,-5.69887,-9.03232,31.93312,-10.499,FOR_RAM,SAC_PIO,FordhamUniversity,D1,A10,20260428-FordhamUniversity-1,863caff0-4343-11f1-a27e-053988b4ee35,87.73837,40.74771,,9.22085,,,,2.33193,2.67488,0.42691,13ca75c8-bb5c-4445-823c-d5e13dddedc7,2026-04-28,20:47:51.35,2026-04-28T16:47:51.3532416-04:00,2026-04-28T20:47:51.3532416Z,FlyBall,v3,471298,471423,4e64d94106064b97a0d56267f0d32905,"McAndrews, Thomas",836274,Right,FOR_RAM,b0c632c8-37a0-4b0b-8555-9b1fc34be10f,54.29353,-129.91091,15.96656,5.83791,-5.35046,-5.2495,-1.66925,6.8651,-4.51616,348.371142,2.33187,-88.31304,7.86336,-0.4058,0.04697,0.00251,-0.00807,0.00466,-0.00076,2.6748,64.13556,-31.20718,4.17041,-0.64916,-0.00336,0.03594,-0.00816,0.00064,0.42697,-9.07821,-0.62808,-0.1682,-0.12626,0.10951,-0.04053,0.00701,-0.00044,,,,,,,,,,,,,,,,,,,,,,,High,High,High,High,Low,,,
192,2026-04-28,16:48:11.79,5,2,"Rodarte, Jordan",10138918,Right,FOR_RAM,"Martin, Drew",1000527196,Left,SAC_PIO,Undefined,5,Top,1,0,1,ChangeUp,Changeup,StrikeSwinging,Undefined,Undefined,Undefined,0,0,,82.3986,-1.396809,-2.886774,1296.219952,232.910863,1:45,5.8157,1.70829,5.95271,-28.3232,13.90729,16.13863,2.15811,0.37367,73.53451,-6.753134,0.011413,0.467719,,,,,,,,,,,,-9.22237,8.11272,-1.48726,50,5.68907,5.35492,-119.20539,-3.74116,-12.90574,28.77594,-20.82112,FOR_RAM,SAC_PIO,FordhamUniversity,D1,A10,20260428-FordhamUniversity-1,92811940-4343-11f1-a27e-053988b4ee35,80.58787,,,8.86409,,,,,,,13ca75c8-bb5c-4445-823c-d5e13dddedc7,2026-04-28,20:48:11.79,2026-04-28T16:48:11.7945856-04:00,2026-04-28T20:48:11.7945856Z,,v3,471298,471423,4e64d94106064b97a0d56267f0d32905,"McAndrews, Thomas",836274,Right,FOR_RAM,7e31a6c4-b471-4d82-99cf-704010ff38a6,54.54028,-120.29641,14.38797,5.81595,-2.95174,-10.41056,-1.69956,5.84423,-6.45287,,,,,,,,,,,,,,,,,,,,,,,,,,,,,,,,,,,,,,,,,,,,,,,,,,,High,High,High,,,,,
193,2026-04-28,16:48:32.81,5,3,"Rodarte, Jordan",10138918,Right,FOR_RAM,"Martin, Drew",1000527196,Left,SAC_PIO,Undefined,5,Top,1,0,2,ChangeUp,Changeup,StrikeSwinging,Strikeout,Undefined,Undefined,0,0,,80.73097,-2.639045,-2.495951,1210.88205,245.34387,2:15,5.81357,1.61956,5.79161,-33.89596,10.5967,19.03914,0.52993,0.88289,72.07472,-8.96354,0.919162,0.480082,,,,,,,,,,,,-10.70174,6.8987,-1.42584,50,5.57616,4.34522,-116.71086,-6.42181,-14.27123,28.75102,-22.97432,FOR_RAM,SAC_PIO,FordhamUniversity,D1,A10,20260428-FordhamUniversity-1,9ef481d0-4343-11f1-a27e-053988b4ee35,78.51249,,,8.65625,,,,,,,13ca75c8-bb5c-4445-823c-d5e13dddedc7,2026-04-28,20:48:32.81,2026-04-28T16:48:32.8164352-04:00,2026-04-28T20:48:32.8164352Z,,v3,471298,471423,4e64d94106064b97a0d56267f0d32905,"McAndrews, Thomas",836274,Right,FOR_RAM,c987c0c9-4ac3-40b0-ba64-10cd004dc08c,54.70432,-117.86404,14.37551,5.81526,-5.50032,-11.48716,-1.6116,4.91763,-7.13562,,,,,,,,,,,,,,,,,,,,,,,,,,,,,,,,,,,,,,,,,,,,,,,,,,,High,High,High,,,,,
194,2026-04-28,16:49:02.98,6,1,"Rodarte, Jordan",10138918,Right,FOR_RAM,"Link, Peter",836328,Right,SAC_PIO,Undefined,5,Top,2,0,0,ChangeUp,Changeup,BallCalled,Undefined,Undefined,Undefined,0,0,,80.47325,-3.562034,-3.210556,1187.484845,234.038402,1:45,5.82544,1.38929,5.83854,-33.92608,10.3878,11.97477,-0.3218,-0.59986,72.77443,-9.843216,-1.062398,0.479117,,,,,,,,,,,,-7.2763,6.98493,-1.1348,50,5.51465,6.07296,-116.31214,-8.28484,-9.75594,26.14008,-22.80881,FOR_RAM,SAC_PIO,FordhamUniversity,D1,A10,20260428-FordhamUniversity-1,b11577c0-4343-11f1-a27e-053988b4ee35,78.67069,,,7.69882,,,,,,,13ca75c8-bb5c-4445-823c-d5e13dddedc7,2026-04-28,20:49:02.98,2026-04-28T16:49:02.9847552-04:00,2026-04-28T20:49:02.9847552Z,,v3,471298,471423,4e64d94106064b97a0d56267f0d32905,"McAndrews, Thomas",836274,Right,FOR_RAM,0ee8db4b-829f-430f-b563-ba08b51a72b4,54.65904,-117.35454,13.07004,5.8269,-7.37527,-11.40441,-1.38474,6.462,-4.87797,,,,,,,,,,,,,,,,,,,,,,,,,,,,,,,,,,,,,,,,,,,,,,,,,,,High,High,High,,,,,
195,2026-04-28,16:49:24.91,6,2,"Rodarte, Jordan",10138918,Right,FOR_RAM,"Link, Peter",836328,Right,SAC_PIO,Undefined,5,Top,2,1,0,Fastball,Four-Seam,StrikeCalled,Undefined,Undefined,Undefined,0,0,,89.62207,-3.376429,-3.756477,2232.546676,212.06708,1:00,5.82903,1.53609,5.9712,-12.70666,22.81773,13.43387,1.6295,-0.83202,80.38219,-5.880608,-1.349112,0.428978,,,,,,,,,,,,-8.095,13.18446,-1.24556,50,5.55385,7.91881,-129.48938,-7.93622,-13.48766,31.74969,-10.20654,FOR_RAM,SAC_PIO,FordhamUniversity,D1,A10,20260428-FordhamUniversity-1,be05d880-4343-11f1-a27e-053988b4ee35,87.86576,,,9.23988,,,,,,,13ca75c8-bb5c-4445-823c-d5e13dddedc7,2026-04-28,20:49:24.91,2026-04-28T16:49:24.9182720-04:00,2026-04-28T20:49:24.9182720Z,,v3,471298,471423,4e64d94106064b97a0d56267f0d32905,"McAndrews, Thomas",836274,Right,FOR_RAM,d07bcc1e-9268-4a77-829b-b951a4c2d1ff,54.52378,-130.59386,15.87485,5.82375,-7.58117,-5.10327,-1.52919,8.38801,-6.74383,,,,,,,,,,,,,,,,,,,,,,,,,,,,,,,,,,,,,,,,,,,,,,,,,,,High,High,High,,,,,
196,2026-04-28,16:49:44.61,6,3,"Rodarte, Jordan",10138918,Right,FOR_RAM,"Link, Peter",836328,Right,SAC_PIO,Undefined,5,Top,2,1,1,ChangeUp,Changeup,FoulBallNotFieldable,Undefined,Undefined,Undefined,0,0,,82.07869,-2.175905,-3.453692,1245.692881,243.724734,2:00,5.87716,1.42691,5.83742,-34.25081,8.26993,13.46709,0.99593,-0.66468,74.00826,-8.536755,-1.040025,0.469323,,,,,,,,,,,,-7.99776,5.44713,-1.15289,50,5.67973,6.62189,-118.71075,-5.60622,-11.18243,27.00013,-24.55789,FOR_RAM,SAC_PIO,FordhamUniversity,D1,A10,20260428-FordhamUniversity-1,c9cd2290-4343-11f1-a27e-053988b4ee35,80.3124,,,8.07043,,,,,,,13ca75c8-bb5c-4445-823c-d5e13dddedc7,2026-04-28,20:49:44.61,2026-04-28T16:49:44.6164992-04:00,2026-04-28T20:49:44.6164992Z,,v3,471298,471423,4e64d94106064b97a0d56267f0d32905,"McAndrews, Thomas",836274,Right,FOR_RAM,fb2d7b45-985b-48c9-b231-7be38f2d79fb,54.65757,-119.7654,13.50007,5.87998,-4.64696,-12.27894,-1.42008,7.05868,-5.59122,,,,,,,,,,,,,,,,,,,,,,,,,,,,,,,,,,,,,,,,,,,,,,,,,,,High,High,High,,,,,
197,2026-04-28,16:50:05.13,6,4,"Rodarte, Jordan",10138918,Right,FOR_RAM,"Link, Peter",836328,Right,SAC_PIO,Undefined,5,Top,2,1,2,ChangeUp,Changeup,BallCalled,Undefined,Undefined,Undefined,0,0,,84.30839,-2.645369,-4.904332,1370.911202,247.997356,2:15,5.81299,1.51572,5.93951,-32.05368,8.29209,16.64269,0.67712,-1.65802,75.84542,-8.612085,-1.924179,0.457162,,,,,,,,,,,,-10.13099,5.62335,-1.13288,50,5.58357,9.75876,-121.69065,-6.6663,-14.87156,28.5719,-23.91938,FOR_RAM,SAC_PIO,FordhamUniversity,D1,A10,20260428-FordhamUniversity-1,d601fb80-4343-11f1-a27e-053988b4ee35,82.44867,,,8.46296,,,,,,,13ca75c8-bb5c-4445-823c-d5e13dddedc7,2026-04-28,20:50:05.13,2026-04-28T16:50:05.1371520-04:00,2026-04-28T20:50:05.1371520Z,,v3,471298,471423,4e64d94106064b97a0d56267f0d32905,"McAndrews, Thomas",836274,Right,FOR_RAM,edebbf7d-a03f-45df-a65f-7d4254c94482,54.55569,-122.75563,14.28595,5.81543,-5.77474,-11.95969,-1.50695,10.31307,-7.43578,,,,,,,,,,,,,,,,,,,,,,,,,,,,,,,,,,,,,,,,,,,,,,,,,,,High,High,High,,,,,
198,2026-04-28,16:50:24.69,6,5,"Rodarte, Jordan",10138918,Right,FOR_RAM,"Link, Peter",836328,Right,SAC_PIO,Undefined,5,Top,2,2,2,ChangeUp,Splitter,StrikeSwinging,Strikeout,Undefined,Undefined,0,0,,83.29031,-1.905397,-3.241467,1143.419756,245.312004,2:15,5.86555,1.44267,5.91831,-32.67167,8.65115,15.26792,1.37119,-0.29634,74.68092,-8.007524,-0.500589,0.462665,,,,,,,,,,,,-8.92563,5.57882,-1.19135,50,5.69452,6.20525,-120.47841,-5.04361,-12.78724,28.92152,-24.18163,FOR_RAM,SAC_PIO,FordhamUniversity,D1,A10,20260428-FordhamUniversity-1,e1a9d6b0-4343-11f1-a27e-053988b4ee35,81.46815,,,8.60939,,,,,,,13ca75c8-bb5c-4445-823c-d5e13dddedc7,2026-04-28,20:50:24.69,2026-04-28T16:50:24.6960000-04:00,2026-04-28T20:50:24.6960000Z,,v3,471298,471423,4e64d94106064b97a0d56267f0d32905,"McAndrews, Thomas",836274,Right,FOR_RAM,12c91676-a700-4053-984a-b6676ba9bba7,54.57662,-121.57209,14.46076,5.86796,-4.12917,-12.09081,-1.43514,6.68881,-6.39362,,,,,,,,,,,,,,,,,,,,,,,,,,,,,57.41812,,,1.239014,,,,-0.87243,5.61647,3.75379,72.80627,-1.00606,-51.97563,-0.88248,62.03141,-2.03011,5.65823,14.26205,-15.99682,3.70241,-54.44854,7.83575,High,High,High,,,High,Medium,Low
199,2026-04-28,16:53:38.80,1,1,"Willerer, Graham",1000462646,Right,SAC_PIO,"Ocko, Madden",10300306,Right,FOR_RAM,Undefined,5,Bottom,0,0,0,Sinker,Sinker,FoulBallNotFieldable,Undefined,Undefined,Undefined,0,0,,89.09035,-0.500007,-3.504967,2170.534179,240.961287,2:00,5.11029,1.76398,4.19891,-26.67332,11.18607,17.79466,2.40758,-0.11517,80.73248,-5.344789,-0.415314,0.442852,66.75264,40.503211,50.497893,5274.638768,57.22001,57.84976,93.94591,200.26019,122.76636,63.85581,4.047687,-9.64465,5.89197,-1.39785,50,5.02808,6.99144,-128.79744,-2.24698,-16.10115,28.28998,-22.33777,FOR_RAM,SAC_PIO,FordhamUniversity,D1,A10,20260428-FordhamUniversity-1,55618e90-4344-11f1-a27e-053988b4ee35,85.11302,57.84962,,8.35786,,,,0.46984,2.29286,0.08393,13ca75c8-bb5c-4445-823c-d5e13dddedc7,2026-04-28,20:53:38.80,2026-04-28T16:53:38.8034048-04:00,2026-04-28T20:53:38.8034048Z,Popup,v3,471298,471423,4e64d94106064b97a0d56267f0d32905,"Bowes, Nathan",1000145608,Both,SAC_PIO,8ce13c59-dc63-4c17-8c69-849fea723a73,56.2995,-130.17375,14.14499,5.11096,-1.16024,-11.16888,-1.75704,7.77476,-8.05057,221.917679,0.47837,47.17416,-13.1616,2.89016,-0.60921,0.41319,-0.24727,0.06308,-0.00555,2.3027,63.31745,-19.27922,-1.33833,2.99378,-1.8063,0.57153,-0.09103,0.00572,0.09485,57.13418,-2.60089,-3.49482,3.89532,-2.18832,0.67325,-0.10582,0.00663,,,,,,,,,,,,,,,,,,,,,,,High,High,High,High,Medium,,,
200,2026-04-28,16:54:00.55,1,2,"Willerer, Graham",1000462646,Right,SAC_PIO,"Ocko, Madden",10300306,Right,FOR_RAM,Undefined,5,Bottom,0,0,1,Slider,Curveball,StrikeSwinging,Undefined,Undefined,Undefined,0,0,,77.05211,1.88888,-0.261956,1902.319255,87.675427,9:00,5.01577,1.59874,4.55861,-48.8153,1.50354,-8.15737,2.74624,0.66965,69.45985,-6.94867,-1.690706,0.510548,,,,,,,,,,,,3.87681,0.64957,-1.56338,50,5.16652,0.86119,-111.45501,1.87685,4.79557,23.13476,-31.37056,FOR_RAM,SAC_PIO,FordhamUniversity,D1,A10,20260428-FordhamUniversity-1,6261a6c0-4344-11f1-a27e-053988b4ee35,73.8274,,,7.59225,,,,,,,13ca75c8-bb5c-4445-823c-d5e13dddedc7,2026-04-28,20:54:00.55,2026-04-28T16:54:00.5581824-04:00,2026-04-28T20:54:00.5581824Z,,v3,471298,471423,4e64d94106064b97a0d56267f0d32905,"Bowes, Nathan",1000145608,Both,SAC_PIO,037daea3-c703-4801-a104-38616b7b9527,55.93735,-112.68069,11.56738,5.02306,3.53886,-15.68528,-1.60227,0.60712,2.39779,,,,,,,,,,,,,,,,,,,,,,,,,,,,,,,,,,,,,,,,,,,,,,,,,,,High,High,High,,,,,
201,2026-04-28,16:54:18.88,1,3,"Willerer, Graham",1000462646,Right,SAC_PIO,"Ocko, Madden",10300306,Right,FOR_RAM,Undefined,5,Bottom,0,0,2,Sinker,Sinker,HitByPitch,Undefined,Undefined,Undefined,0,0,,88.31092,0.201133,-2.196555,2142.460028,238.254464,2:00,5.1196,1.86337,4.28642,-25.58793,12.95115,18.70123,3.17979,1.31978,79.57716,-4.484702,1.060117,0.446809,,,,,,,,,,,,-9.72449,6.57008,-1.6454,50,5.11645,3.96178,-127.73407,-0.58782,-15.87439,29.24685,-21.44895,FOR_RAM,SAC_PIO,FordhamUniversity,D1,A10,20260428-FordhamUniversity-1,6d3f2d10-4344-11f1-a27e-053988b4ee35,84.35915,,,8.73376,,,,,,,13ca75c8-bb5c-4445-823c-d5e13dddedc7,2026-04-28,20:54:18.88,2026-04-28T16:54:18.8897792-04:00,2026-04-28T20:54:18.8897792Z,,v3,471298,471423,4e64d94106064b97a0d56267f0d32905,"Bowes, Nathan",1000145608,Both,SAC_PIO,d6b84dc4-3420-4947-a633-0dde2e3e5fd2,56.21058,-129.14825,14.62343,5.1198,0.44931,-10.72448,-1.85553,4.72937,-7.9372,,,,,,,,,,,,,,,,,,,,,,,,,,,,,,,,,,,,,,,,,,,,,,,,,,,High,High,High,,,,,
202,2026-04-28,16:54:53.41,2,1,"Willerer, Graham",1000462646,Right,SAC_PIO,"Dean, Mason",1000150670,Left,FOR_RAM,Undefined,5,Bottom,0,0,0,Sinker,Sinker,BallCalled,Undefined,Undefined,Undefined,0,0,,88.01121,-0.036616,-2.300551,2124.316381,255.313835,2:30,5.19213,1.68587,4.3312,-30.93486,7.99863,24.97482,2.57921,1.56725,79.05553,-5.663071,2.054566,0.44909,,,,,,,,,,,,-12.69339,4.305,-1.46448,50,5.15795,3.83498,-127.23095,-1.37534,-20.45547,30.21453,-25.23652,FOR_RAM,SAC_PIO,FordhamUniversity,D1,A10,20260428-FordhamUniversity-1,81d086c0-4344-11f1-a27e-053988b4ee35,83.93076,,,8.95568,,,,,,,13ca75c8-bb5c-4445-823c-d5e13dddedc7,2026-04-28,20:54:53.41,2026-04-28T16:54:53.4174720-04:00,2026-04-28T20:54:53.4174720Z,,v3,471298,471423,4e64d94106064b97a0d56267f0d32905,"Bowes, Nathan",1000145608,Both,SAC_PIO,08f8314a-b7a9-40cf-9742-1d8b3c6c3833,56.16463,-128.68659,15.10727,5.19492,-0.15953,-12.61826,-1.67298,4.82046,-10.22774,,,,,,,,,,,,,,,,,,,,,,,,,,,,,,,,,,,,,,,,,,,,,,,,,,,High,High,High,,,,,
203,2026-04-28,16:55:12.13,2,2,"Willerer, Graham",1000462646,Right,SAC_PIO,"Dean, Mason",1000150670,Left,FOR_RAM,Undefined,5,Bottom,0,1,0,Sinker,Sinker,StrikeCalled,Undefined,Undefined,Undefined,0,0,,87.99431,-0.588932,-4.694992,2158.241119,251.792063,2:30,5.22603,1.93972,4.34379,-29.46143,9.5554,24.60277,2.20627,-0.50616,79.07014,-5.953202,-0.418349,0.44957,,,,,,,,,,,,-13.33477,5.21587,-1.46013,50,5.13379,9.18561,-126.93406,-2.52355,-21.44847,29.41102,-23.78456,FOR_RAM,SAC_PIO,FordhamUniversity,D1,A10,20260428-FordhamUniversity-1,8cfc0600-4344-11f1-a27e-053988b4ee35,83.84106,,,8.92418,,,,,,,13ca75c8-bb5c-4445-823c-d5e13dddedc7,2026-04-28,20:55:12.13,2026-04-28T16:55:12.1373696-04:00,2026-04-28T20:55:12.1373696Z,,v3,471298,471423,4e64d94106064b97a0d56267f0d32905,"Bowes, Nathan",1000145608,Both,SAC_PIO,5e3cfe62-db7d-432a-b944-5135f79d331e,56.15329,-128.35188,14.70551,5.2278,-1.37696,-11.89228,-1.92786,10.21958,-10.72424,,,,,,,,,,,,,,,,,,,,,,,,,,,,,,,,,,,,,,,,,,,,,,,,,,,High,High,High,,,,,
204,2026-04-28,16:55:32.25,2,3,"Willerer, Graham",1000462646,Right,SAC_PIO,"Dean, Mason",1000150670,Left,FOR_RAM,Undefined,5,Bottom,0,1,1,Sinker,Sinker,BallCalled,Undefined,Undefined,Undefined,0,0,,87.67093,0.158905,-1.975358,2225.876514,237.646957,2:00,5.23242,1.89497,4.25516,-24.72434,14.76989,20.91096,3.32423,1.7463,78.31435,-4.400232,1.664498,0.452312,,,,,,,,,,,,-10.60418,7.46819,-1.70223,50,5.22578,3.28745,-126.63835,-0.62221,-16.87387,30.71644,-20.2903,FOR_RAM,SAC_PIO,FordhamUniversity,D1,A10,20260428-FordhamUniversity-1,98f1b310-4344-11f1-a27e-053988b4ee35,83.33281,,,9.35658,,,,,,,13ca75c8-bb5c-4445-823c-d5e13dddedc7,2026-04-28,20:55:32.25,2026-04-28T16:55:32.2537472-04:00,2026-04-28T20:55:32.2537472Z,,v3,471298,471423,4e64d94106064b97a0d56267f0d32905,"Bowes, Nathan",1000145608,Both,SAC_PIO,59aec80c-7d4f-428b-93c2-3f06f8dd8bf0,56.2379,-128.14243,15.35822,5.23193,0.37134,-10.14515,-1.88344,4.11371,-8.43694,,,,,,,,,,,,,,,,,,,,,,,,,,,,,,,,,,,,,,,,,,,,,,,,,,,High,High,High,,,,,
205,2026-04-28,16:55:50.02,2,4,"Willerer, Graham",1000462646,Right,SAC_PIO,"Dean, Mason",1000150670,Left,FOR_RAM,Undefined,5,Bottom,0,2,1,Slider,Curveball,StrikeCalled,Undefined,Undefined,Undefined,0,0,,77.13458,1.121967,-1.342495,1967.81678,39.19852,7:15,5.02903,1.71456,4.62128,-51.21609,-1.3363,-2.51969,1.82806,0.22811,70.00304,-8.113189,-1.784575,0.508316,,,,,,,,,,,,0.80689,-0.50047,-1.57417,50,5.09732,2.72406,-111.66643,0.29513,1.00581,22.50665,-32.79788,FOR_RAM,SAC_PIO,FordhamUniversity,D1,A10,20260428-FordhamUniversity-1,a3a12480-4344-11f1-a27e-053988b4ee35,74.15159,,,7.13154,,,,,,,13ca75c8-bb5c-4445-823c-d5e13dddedc7,2026-04-28,20:55:50.02,2026-04-28T16:55:50.0252160-04:00,2026-04-28T20:55:50.0252160Z,,v3,471298,471423,4e64d94106064b97a0d56267f0d32905,"Bowes, Nathan",1000145608,Both,SAC_PIO,84b0aeb9-39e6-4086-8420-75706f23991d,55.87604,-112.84455,11.25332,5.03693,2.01195,-16.39894,-1.71539,2.67141,0.5029,,,,,,,,,,,,,,,,,,,,,,,,,,,,,,,,,,,,,,,,,,,,,,,,,,,High,High,High,,,,,
206,2026-04-28,16:56:09.55,2,5,"Willerer, Graham",1000462646,Right,SAC_PIO,"Dean, Mason",1000150670,Left,FOR_RAM,Undefined,5,Bottom,0,2,2,Sinker,Sinker,BallCalled,Undefined,Undefined,Undefined,0,0,,87.57727,-1.775154,-3.785328,2160.373281,248.058541,2:15,5.14456,1.75589,4.18318,-28.2697,11.5619,24.79982,1.08336,0.18978,78.3816,-6.925769,0.521978,0.45424,,,,,,,,,,,,-13.25186,6.58311,-1.36593,50,4.91963,7.11266,-126.29766,-5.08252,-20.95002,30.8157,-21.76672,FOR_RAM,SAC_PIO,FordhamUniversity,D1,A10,20260428-FordhamUniversity-1,af3bb940-4344-11f1-a27e-053988b4ee35,82.97915,,,9.19566,,,,,,,13ca75c8-bb5c-4445-823c-d5e13dddedc7,2026-04-28,20:56:09.55,2026-04-28T16:56:09.5592960-04:00,2026-04-28T20:56:09.5592960Z,,v3,471298,471423,4e64d94106064b97a0d56267f0d32905,"Bowes, Nathan",1000145608,Both,SAC_PIO,9dcdda25-6c95-45ec-bdfb-fc7b48e04389,56.31397,-127.82894,15.40785,5.14531,-4.0009,-10.88336,-1.74523,8.15369,-10.47501,,,,,,,,,,,,,,,,,,,,,,,,,,,,,,,,,,,,,,,,,,,,,,,,,,,High,High,High,,,,,
207,2026-04-28,16:56:28.80,2,6,"Willerer, Graham",1000462646,Right,SAC_PIO,"Dean, Mason",1000150670,Left,FOR_RAM,Undefined,5,Bottom,0,3,2,Sinker,Sinker,InPlay,Undefined,GroundBall,Out,1,0,,87.95613,-0.422204,-3.755005,2129.464518,260.52461,2:45,5.08142,1.83693,4.26476,-33.93919,5.15622,22.20001,1.84828,0.08871,79.16136,-6.553601,0.106102,0.450023,76.70086,-2.896733,39.936544,,,,,20.06312,13.13579,35.806049,0.170132,-11.95654,3.00567,-1.45203,50,5.00096,7.23052,-127.0267,-2.38282,-19.23747,29.72989,-27.3381,FOR_RAM,SAC_PIO,FordhamUniversity,D1,A10,20260428-FordhamUniversity-1,bab6b810-4344-11f1-a27e-053988b4ee35,83.75674,1.72631,,8.79477,,,,2.44326,1.72631,-0.42378,13ca75c8-bb5c-4445-823c-d5e13dddedc7,2026-04-28,20:56:28.80,2026-04-28T16:56:28.8004608-04:00,2026-04-28T20:56:28.8004608Z,GroundBall,v3,471298,471423,4e64d94106064b97a0d56267f0d32905,"Bowes, Nathan",1000145608,Both,SAC_PIO,08b4f6ae-d82f-4398-b836-b512e804deb5,56.23348,-128.47733,14.86494,5.08469,-1.0489,-13.66905,-1.82773,8.16918,-9.61873,301.578017,2.4447,86.03327,-28.04951,,,,,,,1.7278,-5.80133,-25.64365,,,,,,,-0.42439,72.16986,-3.99557,,,,,,,,,,,,,,,,,,,,,,,,,,,,,High,High,High,Low,Low,,,
208,2026-04-28,16:57:02.87,3,1,"Willerer, Graham",1000462646,Right,SAC_PIO,"Ford, Tim",1000142266,Right,FOR_RAM,Undefined,5,Bottom,1,0,0,Slider,Slider,BallCalled,Undefined,Undefined,Undefined,0,0,,78.05101,0.444907,-3.903263,2035.688773,88.439603,9:00,5.00947,1.48515,4.63697,-47.34247,1.61307,-4.60862,1.48808,-2.61423,70.79595,-8.087174,-4.708579,0.503585,,,,,,,,,,,,0.98547,1.23595,-1.08031,50,5.01252,7.8934,-112.72135,-0.88592,1.25077,23.07544,-30.60538,FOR_RAM,SAC_PIO,FordhamUniversity,D1,A10,20260428-FordhamUniversity-1,cf0870b0-4344-11f1-a27e-053988b4ee35,74.84828,,,7.25506,,,,,,,13ca75c8-bb5c-4445-823c-d5e13dddedc7,2026-04-28,20:57:02.87,2026-04-28T16:57:02.8762624-04:00,2026-04-28T20:57:02.8762624Z,,v3,471298,471423,4e64d94106064b97a0d56267f0d32905,"Bowes, Nathan",1000145608,Both,SAC_PIO,111367ba-bf15-49cf-8adf-3d5765405e53,55.85742,-113.91413,11.53772,5.01742,0.69608,-15.30269,-1.48665,7.82875,0.62538,,,,,,,,,,,,,,,,,,,,,,,,,,,,,,,,,,,,,,,,,,,,,,,,,,,High,High,High,,,,,
209,2026-04-28,16:57:26.41,3,2,"Willerer, Graham",1000462646,Right,SAC_PIO,"Ford, Tim",1000142266,Right,FOR_RAM,Undefined,5,Bottom,1,1,0,Sinker,Sinker,InPlay,Undefined,LineDrive,Single,0,0,,87.77494,-0.890969,-3.455406,2199.922342,247.816947,2:15,5.06619,1.63652,4.43422,-28.9871,9.85048,20.73659,1.79907,0.06439,79.29835,-6.169114,0.162745,0.448536,105.74005,6.757786,-25.796961,2479.927056,,,,115.06693,114.24892,-28.384844,0.842261,-11.18351,5.43725,-1.29176,50,4.94403,6.65074,-126.88113,-3.15327,-18.02692,28.67417,-23.40966,FOR_RAM,SAC_PIO,FordhamUniversity,D1,A10,20260428-FordhamUniversity-1,dd220f30-4344-11f1-a27e-053988b4ee35,84.03434,4.94141,,8.47659,,,,1.83385,1.76439,0.23856,13ca75c8-bb5c-4445-823c-d5e13dddedc7,2026-04-28,20:57:26.41,2026-04-28T16:57:26.4153088-04:00,2026-04-28T20:57:26.4153088Z,GroundBall,v3,471298,471423,4e64d94106064b97a0d56267f0d32905,"Bowes, Nathan",1000145608,Both,SAC_PIO,8e0423a7-6e46-4d02-98ab-feec858a1e92,56.06411,-128.24425,14.33708,5.06748,-2.04041,-11.70483,-1.62829,7.50771,-9.01346,,1.95079,136.75574,-22.56421,,,,,,,1.86778,16.55829,-22.42236,,,,,,,0.26411,-67.45185,2.57232,,,,,,,,,,,,,,,,,,,,,,,,,,,,,High,High,High,Medium,Medium,,,
210,2026-04-28,16:58:11.11,4,1,"Willerer, Graham",1000462646,Right,SAC_PIO,"Markey, Tommy",10084492,Left,FOR_RAM,Undefined,5,Bottom,1,0,0,Sinker,Sinker,BallCalled,Undefined,Undefined,Undefined,0,0,,88.14739,1.059981,-2.552504,2071.371906,232.615353,1:45,5.15245,1.60092,4.4425,-23.81009,14.92454,17.62296,4.18038,0.63337,78.80677,-3.349582,0.522686,0.447941,,,,,,,,,,,,-9.28749,7.27729,-1.34876,50,5.24288,4.78008,-127.33408,1.44272,-14.98162,30.41517,-20.43509,FOR_RAM,SAC_PIO,FordhamUniversity,D1,A10,20260428-FordhamUniversity-1,f7ae7a00-4344-11f1-a27e-053988b4ee35,84.14594,,,9.34062,,,,,,,13ca75c8-bb5c-4445-823c-d5e13dddedc7,2026-04-28,20:58:11.11,2026-04-28T16:58:11.1109120-04:00,2026-04-28T20:58:11.1109120Z,,v3,471298,471423,4e64d94106064b97a0d56267f0d32905,"Bowes, Nathan",1000145608,Both,SAC_PIO,a423235b-bdb7-4c5f-bf93-4ab00e0add71,56.05092,-128.77129,15.20759,5.15189,2.40834,-10.21755,-1.59136,5.48801,-7.49081,,,,,,,,,,,,,,,,,,,,,,,,,,,,,,,,,,,,,,,,,,,,,,,,,,,High,High,High,,,,,
211,2026-04-28,16:58:31.60,4,2,"Willerer, Graham",1000462646,Right,SAC_PIO,"Markey, Tommy",10084492,Left,FOR_RAM,Undefined,5,Bottom,1,1,0,Sinker,Sinker,StrikeCalled,Undefined,Undefined,Undefined,0,0,,87.41394,-0.731474,-3.570401,2139.280896,250.729631,2:15,5.14239,1.74962,4.23445,-29.83313,9.87087,23.91993,1.95458,0.32019,78.46004,-6.157908,0.58812,0.453512,,,,,,,,,,,,-12.6267,5.41425,-1.38493,50,5.03226,6.66318,-126.19535,-2.8499,-20.01809,29.72473,-23.59039,FOR_RAM,SAC_PIO,FordhamUniversity,D1,A10,20260428-FordhamUniversity-1,03e352f0-4345-11f1-a27e-053988b4ee35,83.11239,,,8.9539,,,,,,,13ca75c8-bb5c-4445-823c-d5e13dddedc7,2026-04-28,20:58:31.60,2026-04-28T16:58:31.6080000-04:00,2026-04-28T20:58:31.6080000Z,,v3,471298,471423,4e64d94106064b97a0d56267f0d32905,"Bowes, Nathan",1000145608,Both,SAC_PIO,0b52484e-dce8-492c-a188-9b8070418dc6,56.26185,-127.66178,14.86237,5.14415,-1.6861,-11.7952,-1.73801,7.65074,-10.00904,,,,,,,,,,,,,,,,,,,,,,,,,,,,,75.02324,,0.93824,,0.25622,1.82803,-0.333,-0.75142,6.11784,0.42718,,,,-0.65641,108.64745,-9.13229,6.11786,6.24606,-10.44934,0.40408,-2.82056,1.8315,High,High,High,,,High,High,Medium
212,2026-04-28,16:59:06.31,4,3,"Willerer, Graham",1000462646,Right,SAC_PIO,"Markey, Tommy",10084492,Left,FOR_RAM,Undefined,5,Bottom,1,1,1,Sinker,Sinker,StrikeCalled,Undefined,Undefined,Undefined,0,0,,88.78403,-1.10957,-4.619903,2231.417458,246.470683,2:15,5.16605,1.64848,4.32102,-26.28257,12.4004,24.9082,1.91161,-0.70157,79.12406,-5.935524,-0.291496,0.447643,,,,,,,,,,,,-13.53725,6.78898,-1.17573,50,5.02058,9.05898,-127.91835,-3.5478,-21.92753,31.90115,-21.17732,FOR_RAM,SAC_PIO,FordhamUniversity,D1,A10,20260428-FordhamUniversity-1,189728c0-4345-11f1-a27e-053988b4ee35,84.20209,,,9.65997,,,,,,,13ca75c8-bb5c-4445-823c-d5e13dddedc7,2026-04-28,20:59:06.31,2026-04-28T16:59:06.3167488-04:00,2026-04-28T20:59:06.3167488Z,,v3,471298,471423,4e64d94106064b97a0d56267f0d32905,"Bowes, Nathan",1000145608,Both,SAC_PIO,a5a8dcf5-35bf-4fd4-884c-acaed100f1cb,56.17428,-129.44898,15.95057,5.16643,-2.5317,-10.58866,-1.63562,10.11107,-10.96377,,,,,,,,,,,,,,,,,,,,,,,,,,,,,,,,,,,,,,,,,,,,,,,,,,,High,High,High,,,,,
213,2026-04-28,16:59:25.49,4,4,"Willerer, Graham",1000462646,Right,SAC_PIO,"Markey, Tommy",10084492,Left,FOR_RAM,Undefined,5,Bottom,1,1,2,Sinker,Sinker,FoulBallNotFieldable,Undefined,Undefined,Undefined,0,0,,88.02805,0.546891,-2.325874,2171.495048,250.493729,2:15,5.14914,1.88287,4.09699,-29.73041,9.35453,22.44356,3.19697,1.51956,79.30398,-4.844878,1.56926,0.449962,68.2847,45.104488,-130.161884,3310.438792,,,,,31.36701,,,-11.42886,4.70886,-1.64859,50,5.17927,4.01288,-127.26784,-0.05046,-18.51911,29.05441,-24.54391,FOR_RAM,SAC_PIO,FordhamUniversity,D1,A10,20260428-FordhamUniversity-1,23fdb530-4345-11f1-a27e-053988b4ee35,83.76801,27.42961,,8.72407,,,,-0.47043,3.08896,-1.80247,13ca75c8-bb5c-4445-823c-d5e13dddedc7,2026-04-28,20:59:25.49,2026-04-28T16:59:25.4952448-04:00,2026-04-28T20:59:25.4952448Z,,v3,471298,471423,4e64d94106064b97a0d56267f0d32905,"Bowes, Nathan",1000145608,Both,SAC_PIO,1f7ac944-3142-4abf-8ff4-0aae83d73d73,56.39969,-128.72056,14.52721,5.15112,1.17673,-12.27196,-1.87238,4.93884,-9.25955,,-0.45519,-46.07072,-2.4079,,,,,,,3.11564,70.11851,-32.92095,,,,,,,-1.81076,-53.76705,9.97665,,,,,,,,,,,,,,,,,,,,,,,,,,,,,High,High,High,Medium,Undefined,,,
214,2026-04-28,16:59:48.16,4,5,"Willerer, Graham",1000462646,Right,SAC_PIO,"Markey, Tommy",10084492,Left,FOR_RAM,Undefined,5,Bottom,1,1,2,ChangeUp,Changeup,BallCalled,Undefined,Undefined,Undefined,0,0,,84.00634,0.339821,-4.482804,2001.000579,247.205224,2:15,5.20375,1.50415,4.70373,-32.61104,9.73922,19.33844,2.80972,-1.14815,75.28314,-5.639441,-1.099898,0.468381,,,,,,,,,,,,-11.11945,5.05961,-1.06821,50,5.2097,8.6436,-121.26765,-0.49811,-16.24392,27.91243,-24.78269,FOR_RAM,SAC_PIO,FordhamUniversity,D1,A10,20260428-FordhamUniversity-1,318a55f0-4345-11f1-a27e-053988b4ee35,80.47384,,,8.72321,,,,,,,13ca75c8-bb5c-4445-823c-d5e13dddedc7,2026-04-28,20:59:48.16,2026-04-28T16:59:48.1687552-04:00,2026-04-28T20:59:48.1687552Z,,v3,471298,471423,4e64d94106064b97a0d56267f0d32905,"Bowes, Nathan",1000145608,Both,SAC_PIO,06549932-8431-474b-884c-cefb5ead9c45,55.7951,-122.59427,13.95622,5.20539,0.67976,-12.39135,-1.49737,9.41564,-8.12196,,,,,,,,,,,,,,,,,,,,,,,,,,,,,,,,,,,,,,,,,,,,,,,,,,,High,High,High,,,,,
215,2026-04-28,17:00:08.38,4,6,"Willerer, Graham",1000462646,Right,SAC_PIO,"Markey, Tommy",10084492,Left,FOR_RAM,Undefined,5,Bottom,1,2,2,Sinker,Sinker,InPlay,Undefined,GroundBall,Out,1,1,,88.31218,-0.11561,-2.902197,2214.389194,247.272826,2:15,5.18191,1.817,4.27402,-28.68903,10.18312,20.76044,2.68041,0.76809,79.06184,-5.35301,0.710942,0.448736,98.3697,-2.072294,-16.607554,2126.974713,,,,42.52313,39.98692,-18.517767,0.30285,-10.95032,5.3578,-1.52397,50,5.141,5.41157,-127.54961,-1.44459,-17.69527,30.90371,-23.51606,FOR_RAM,SAC_PIO,FordhamUniversity,D1,A10,20260428-FordhamUniversity-1,3d907dc0-4345-11f1-a27e-053988b4ee35,83.99697,2.61323,,9.25034,,,,0.54943,2.61323,-0.76642,13ca75c8-bb5c-4445-823c-d5e13dddedc7,2026-04-28,21:00:08.38,2026-04-28T17:00:08.3836416-04:00,2026-04-28T21:00:08.3836416Z,GroundBall,v3,471298,471423,4e64d94106064b97a0d56267f0d32905,"Bowes, Nathan",1000145608,Both,SAC_PIO,e18d30d6-6726-4b3a-97ba-3a73ed9f72f4,56.22174,-129.04826,15.45186,5.1834,-0.3042,-11.75803,-1.8072,6.26969,-8.84763,110.06224,0.55484,137.92831,-21.91654,,,,,,,2.61361,-5.23379,-11.21859,,,,,,,-0.76464,-41.28798,-2.59812,,,,,,,,,,,,,,,,,,,,,,,,,,,,,High,High,High,High,High,,,
216,2026-04-28,17:00:49.08,5,1,"Willerer, Graham",1000462646,Right,SAC_PIO,"Little, Ernie",1000290947,Right,FOR_RAM,Undefined,5,Bottom,2,0,0,Slider,Curveball,FoulBallNotFieldable,Undefined,Undefined,Undefined,0,0,,77.2329,1.952903,-1.39476,1921.774273,76.622481,8:30,5.1053,1.52843,4.8167,-50.6479,-0.37488,-10.04977,2.73578,-0.63049,68.84973,-7.275481,-3.161966,0.510316,,,,,,,,,,,,4.45158,-0.40067,-1.38054,50,5.25596,3.1361,-111.58667,2.00184,5.44009,25.83311,-32.6637,FOR_RAM,SAC_PIO,FordhamUniversity,D1,A10,20260428-FordhamUniversity-1,55df2d90-4345-11f1-a27e-053988b4ee35,73.86104,,,8.38317,,,,,,,13ca75c8-bb5c-4445-823c-d5e13dddedc7,2026-04-28,21:00:49.08,2026-04-28T17:00:49.0835968-04:00,2026-04-28T21:00:49.0835968Z,,v3,471298,471423,4e64d94106064b97a0d56267f0d32905,"Bowes, Nathan",1000145608,Both,SAC_PIO,bcd2320b-5269-45fb-beeb-9ab787ad5fa8,55.67933,-112.89382,12.91656,5.11286,3.65461,-16.33185,-1.53227,2.86083,2.72005,,,,,,,,,,,,,,,,,,,,,,,,,,,,,,,,,,,,,,,,,,,,,,,,,,,High,High,High,,,,,
217,2026-04-28,17:01:24.02,5,2,"Willerer, Graham",1000462646,Right,SAC_PIO,"Little, Ernie",1000290947,Right,FOR_RAM,Undefined,5,Bottom,2,0,1,Sinker,Sinker,StrikeCalled,Undefined,Undefined,Undefined,0,0,,88.4516,-0.735168,-3.79183,2120.258123,237.971281,2:00,5.26217,1.86755,4.28254,-24.30694,14.50308,20.78064,2.53178,-0.03317,79.1037,-5.211156,-0.179662,0.448377,,,,,,,,,,,,-11.20977,7.64221,-1.47784,50,5.15868,7.39206,-127.61084,-2.60595,-18.14145,30.80754,-19.80619,FOR_RAM,SAC_PIO,FordhamUniversity,D1,A10,20260428-FordhamUniversity-1,6a9c0410-4345-11f1-a27e-053988b4ee35,84.06417,,,9.34789,,,,,,,13ca75c8-bb5c-4445-823c-d5e13dddedc7,2026-04-28,21:01:24.02,2026-04-28T17:01:24.0288256-04:00,2026-04-28T21:01:24.0288256Z,,v3,471298,471423,4e64d94106064b97a0d56267f0d32905,"Bowes, Nathan",1000145608,Both,SAC_PIO,b2d33b26-f3d0-424c-b2f3-a5cf783c7ab3,56.21219,-129.10187,15.40377,5.26161,-1.64737,-9.90309,-1.85685,8.27007,-9.07073,,,,,,,,,,,,,,,,,,,,,,,,,,,,,,,,,,,,,,,,,,,,,,,,,,,High,High,High,,,,,
218,2026-04-28,17:01:43.38,5,3,"Willerer, Graham",1000462646,Right,SAC_PIO,"Little, Ernie",1000290947,Right,FOR_RAM,Undefined,5,Bottom,2,0,2,Slider,Curveball,BallCalled,Undefined,Undefined,Undefined,0,0,,76.98162,0.690283,-3.517892,1990.791419,57.660204,8:00,4.98928,1.66081,4.75821,-53.85389,-3.24587,-8.20126,1.15729,-2.36271,69.26922,-9.028961,-4.955886,0.512013,,,,,,,,,,,,2.73752,-1.17547,-1.29994,50,5.01203,7.18402,-111.12638,-0.6328,3.33607,24.63687,-33.60654,FOR_RAM,SAC_PIO,FordhamUniversity,D1,A10,20260428-FordhamUniversity-1,76643880-4345-11f1-a27e-053988b4ee35,73.61617,,,7.7124,,,,,,,13ca75c8-bb5c-4445-823c-d5e13dddedc7,2026-04-28,21:01:43.38,2026-04-28T17:01:43.3860608-04:00,2026-04-28T21:01:43.3860608Z,,v3,471298,471423,4e64d94106064b97a0d56267f0d32905,"Bowes, Nathan",1000145608,Both,SAC_PIO,a7cdf21e-caef-4198-a080-81623f2880c5,55.73614,-112.39089,12.31844,5.00025,1.09209,-16.80327,-1.66428,7.01279,1.66803,,,,,,,,,,,,,,,,,,,,,,,,,,,,,,,,,,,,,,,,,,,,,,,,,,,High,High,High,,,,,
219,2026-04-28,17:02:16.13,5,4,"Willerer, Graham",1000462646,Right,SAC_PIO,"Little, Ernie",1000290947,Right,FOR_RAM,Undefined,5,Bottom,2,1,2,Slider,Curveball,BallCalled,Undefined,Undefined,Undefined,0,0,,77.18182,2.947266,0.379411,1974.514718,80.036948,8:45,5.03934,1.66119,4.53305,-51.0133,-0.38098,-13.3069,3.59714,0.91357,68.94074,-6.302158,-1.948514,0.512136,,,,,,,,,,,,6.50929,-0.55256,-1.6875,50,5.29941,-0.14488,-111.44248,3.82493,7.99547,24.374,-32.85276,FOR_RAM,SAC_PIO,FordhamUniversity,D1,A10,20260428-FordhamUniversity-1,89bc9d00-4345-11f1-a27e-053988b4ee35,73.5985,,,8.24107,,,,,,,13ca75c8-bb5c-4445-823c-d5e13dddedc7,2026-04-28,21:02:16.13,2026-04-28T17:02:16.1305600-04:00,2026-04-28T21:02:16.1305600Z,,v3,471298,471423,4e64d94106064b97a0d56267f0d32905,"Bowes, Nathan",1000145608,Both,SAC_PIO,98d492ea-55d4-4600-bfa2-0779b2a89a0b,55.96063,-112.73861,12.187,5.04956,5.57194,-16.42638,-1.66849,-0.57005,3.99773,,,,,,,,,,,,,,,,,,,,,,,,,,,,,,,,,,,,,,,,,,,,,,,,,,,High,High,High,,,,,
220,2026-04-28,17:02:36.03,5,5,"Willerer, Graham",1000462646,Right,SAC_PIO,"Little, Ernie",1000290947,Right,FOR_RAM,Undefined,5,Bottom,2,2,2,Slider,Curveball,StrikeCalled,Strikeout,Undefined,Undefined,0,0,,76.65943,1.978705,0.585623,2038.665312,71.724252,8:30,4.97172,1.61927,4.39037,-53.24282,-1.85043,-11.50036,2.42471,1.22001,68.85698,-7.618334,-1.423351,0.515966,,,,,,,,,,,,5.71618,-0.94874,-1.66968,50,5.13087,-0.62396,-110.79075,1.8086,6.95605,23.65846,-33.32859,FOR_RAM,SAC_PIO,FordhamUniversity,D1,A10,20260428-FordhamUniversity-1,95a37d00-4345-11f1-a27e-053988b4ee35,73.05221,,,7.80245,,,,,,,13ca75c8-bb5c-4445-823c-d5e13dddedc7,2026-04-28,21:02:36.03,2026-04-28T17:02:36.0380000-04:00,2026-04-28T21:02:36.0380000Z,,v3,471298,471423,4e64d94106064b97a0d56267f0d32905,"Bowes, Nathan",1000145608,Both,SAC_PIO,3fd4a40d-d43e-4d9b-a4ee-c0e369a3d1ea,56.10489,-112.08682,11.82923,4.98178,3.63442,-16.6643,-1.62506,-1.00503,3.47803,,,,,,,,,,,,,,,,,,,,,,,,,,,,,51.96244,,,1.410791,,,,-4.40547,5.44792,-1.66579,72.69933,3.65968,52.08231,-4.34932,60.35425,-4.15748,5.48893,18.83253,-14.3465,-1.63798,41.11431,-2.19599,High,High,High,,,High,High,High
221,2026-04-28,17:05:27.59,1,1,"Kapica, Andrew",1000347281,Right,FOR_RAM,"Donohue, Gavin",1000302007,Right,SAC_PIO,Undefined,6,Top,0,0,0,Fastball,Changeup,BallCalled,Undefined,Undefined,Undefined,0,0,,88.61645,-0.094156,-1.576681,1868.424762,219.252938,1:15,5.83137,1.41479,6.2286,-17.52123,18.22363,13.80682,4.28437,1.11034,79.44948,-3.491475,0.916257,0.430307,,,,,,,,,,,,-7.55874,9.80024,-1.30294,50,5.81539,2.94633,-128.50666,-0.65664,-12.40319,31.27969,-16.09278,FOR_RAM,SAC_PIO,FordhamUniversity,D1,A10,20260428-FordhamUniversity-1,fbd0de10-4345-11f1-a27e-053988b4ee35,87.59433,,,9.16696,,,,,,,13ca75c8-bb5c-4445-823c-d5e13dddedc7,2026-04-28,21:05:27.59,2026-04-28T17:05:27.5948032-04:00,2026-04-28T21:05:27.5948032Z,,v3,471298,471423,4e64d94106064b97a0d56267f0d32905,"McAndrews, Thomas",836274,Right,FOR_RAM,b5c3eb17-2dde-4610-8287-eb65346333f9,54.26433,-129.54048,15.63984,5.8283,-0.12477,-8.04639,-1.40709,3.35626,-6.20159,,,,,,,,,,,,,,,,,,,,,,,,,,,,,,,,,,,,,,,,,,,,,,,,,,,High,High,High,,,,,
222,2026-04-28,17:05:45.59,1,2,"Kapica, Andrew",1000347281,Right,FOR_RAM,"Donohue, Gavin",1000302007,Right,SAC_PIO,Undefined,6,Top,0,1,0,Slider,Slider,BallCalled,Undefined,Undefined,Undefined,0,0,,79.13854,1.920447,-0.642129,2179.178591,127.325266,10:15,5.66798,1.61103,5.60859,-40.62975,5.30079,-4.73575,4.07553,0.61698,71.10864,-5.617306,-1.487335,0.487778,,,,,,,,,,,,2.15677,2.5811,-1.55312,50,5.80658,1.47654,-114.61664,2.5232,2.81572,24.859,-28.80439,FOR_RAM,SAC_PIO,FordhamUniversity,D1,A10,20260428-FordhamUniversity-1,06918d90-4346-11f1-a27e-053988b4ee35,77.27377,,,8.0299,,,,,,,13ca75c8-bb5c-4445-823c-d5e13dddedc7,2026-04-28,21:05:45.59,2026-04-28T17:05:45.5990784-04:00,2026-04-28T21:05:45.5990784Z,,v3,471298,471423,4e64d94106064b97a0d56267f0d32905,"McAndrews, Thomas",836274,Right,FOR_RAM,4035e507-fd63-4b9b-a802-81c20f11214f,54.88514,-115.67132,12.4295,5.67361,3.74527,-14.4022,-1.61323,1.35708,1.40786,,,,,,,,,,,,,,,,,,,,,,,,,,,,,,,,,,,,,,,,,,,,,,,,,,,High,High,High,,,,,
223,2026-04-28,17:06:04.58,1,3,"Kapica, Andrew",1000347281,Right,FOR_RAM,"Donohue, Gavin",1000302007,Right,SAC_PIO,Undefined,6,Top,0,2,0,Fastball,Four-Seam,FoulBallNotFieldable,Undefined,Undefined,Undefined,0,0,,88.57336,-1.193844,-1.219569,1858.609833,204.144244,12:45,5.75249,1.36338,6.04059,-15.01583,21.08214,8.83642,3.39541,0.9704,79.3431,-4.129563,0.370474,0.432427,73.13992,7.977025,174.753647,1981.069429,,,,128.78397,41.64658,-178.274949,1.465905,-4.86933,11.55209,-1.27252,50,5.65101,2.34312,-128.35066,-3.02608,-7.96356,31.42122,-13.28108,FOR_RAM,SAC_PIO,FordhamUniversity,D1,A10,20260428-FordhamUniversity-1,11db6a40-4346-11f1-a27e-053988b4ee35,87.16483,8.144,,9.23026,,,,1.77892,3.49259,-1.1182,13ca75c8-bb5c-4445-823c-d5e13dddedc7,2026-04-28,21:06:04.58,2026-04-28T17:06:04.5857280-04:00,2026-04-28T21:06:04.5857280Z,GroundBall,v3,471298,471423,4e64d94106064b97a0d56267f0d32905,"McAndrews, Thomas",836274,Right,FOR_RAM,264c0baa-67d4-4d65-a209-6a129c059901,54.45094,-129.4357,15.71061,5.74759,-2.56746,-6.64054,-1.35818,2.61812,-3.98178,238.152991,1.54567,-103.57859,10.13006,,,,,,,3.51649,14.69612,-11.67556,,,,,,,-0.87217,7.3357,-6.49824,,,,,,,,,,,,,,,,,,,,,,,,,,,,,High,High,High,High,Low,,,
224,2026-04-28,17:06:29.41,1,4,"Kapica, Andrew",1000347281,Right,FOR_RAM,"Donohue, Gavin",1000302007,Right,SAC_PIO,Undefined,6,Top,0,2,1,Fastball,Changeup,StrikeSwinging,Undefined,Undefined,Undefined,0,0,,89.14329,-2.384377,-2.175308,1871.178417,231.298202,1:45,5.69043,1.5999,6.17191,-20.51411,15.38434,17.34674,1.77587,1.0354,79.23891,-6.322308,0.954652,0.43123,,,,,,,,,,,,-9.6704,9.23245,-1.44329,50,5.49953,4.15307,-128.98017,-5.95313,-15.78087,34.63902,-17.10782,FOR_RAM,SAC_PIO,FordhamUniversity,D1,A10,20260428-FordhamUniversity-1,20b01b60-4346-11f1-a27e-053988b4ee35,87.40678,,,9.90438,,,,,,,13ca75c8-bb5c-4445-823c-d5e13dddedc7,2026-04-28,21:06:29.41,2026-04-28T17:06:29.4163456-04:00,2026-04-28T21:06:29.4163456Z,,v3,471298,471423,4e64d94106064b97a0d56267f0d32905,"McAndrews, Thomas",836274,Right,FOR_RAM,5a356d1c-acb0-44ef-a96e-eabe16dc1426,54.32096,-130.13544,17.31951,5.68856,-5.38256,-8.55391,-1.59058,4.67939,-7.89044,,,,,,,,,,,,,,,,,,,,,,,,,,,,,,,,,,,,,,,,,,,,,,,,,,,High,High,High,,,,,
225,2026-04-28,17:06:49.64,1,5,"Kapica, Andrew",1000347281,Right,FOR_RAM,"Donohue, Gavin",1000302007,Right,SAC_PIO,Undefined,6,Top,0,2,2,Curveball,Slider,InPlay,Undefined,LineDrive,Single,0,0,,79.72447,0.147351,-1.396502,2285.132823,56.581564,8:00,5.68,1.57371,5.71068,-46.55581,-2.0241,-5.29158,1.93767,-0.16854,72.9097,-8.385382,-2.344326,0.480293,107.24185,10.57047,-29.081584,2507.630182,92.96025,7.58394,-58.80784,155.09934,155.09934,-33.96806,1.17013,2.28977,-0.7011,-1.45339,50,5.66325,3.02244,-115.74576,-1.23197,3.07992,23.31729,-33.1171,FOR_RAM,SAC_PIO,FordhamUniversity,D1,A10,20260428-FordhamUniversity-1,2cc6bdf0-4346-11f1-a27e-053988b4ee35,78.47804,9.11052,,6.81477,,,,2.19164,1.85952,-0.13166,13ca75c8-bb5c-4445-823c-d5e13dddedc7,2026-04-28,21:06:49.64,2026-04-28T17:06:49.6453120-04:00,2026-04-28T21:06:49.6453120Z,LineDrive,v3,471298,471423,4e64d94106064b97a0d56267f0d32905,"McAndrews, Thomas",836274,Right,FOR_RAM,edf11090-8326-4baa-a9aa-6f0622d44616,54.78912,-116.70655,11.65865,5.6859,0.13262,-16.55855,-1.57531,2.89553,1.53996,,2.19164,135.12562,-28.0658,5.22647,-1.02191,0.15499,-0.01911,0.00141,5E-05,1.85952,28.85361,-31.43453,6.01389,-1.54216,0.39377,-0.09248,0.01833,-0.00205,-0.13166,-75.15308,-1.97875,3.78636,-1.44732,0.46618,-0.1265,0.02707,-0.00316,,,,,,,,,,,,,,,,,,,,,,,High,High,High,Low,Medium,,,
226,2026-04-28,17:07:28.78,2,1,"Kapica, Andrew",1000347281,Right,FOR_RAM,"Rudolph, Will",1000236032,Right,SAC_PIO,Undefined,6,Top,0,0,0,Curveball,Curveball,StrikeCalled,Undefined,Undefined,Undefined,0,0,,78.18231,0.811809,-0.710038,2261.942471,39.663082,7:15,5.78252,1.51017,5.61406,-49.47585,-3.00488,-3.7665,2.41732,0.53357,71.42586,-8.246897,-1.38363,0.490639,,,,,,,,,,,,1.68441,-1.25339,-1.44711,50,5.82028,1.55338,-113.47996,-0.03948,2.17935,22.27941,-33.79573,FOR_RAM,SAC_PIO,FordhamUniversity,D1,A10,20260428-FordhamUniversity-1,44164d40-4346-11f1-a27e-053988b4ee35,76.82312,,,6.75645,,,,,,,13ca75c8-bb5c-4445-823c-d5e13dddedc7,2026-04-28,21:07:28.78,2026-04-28T17:07:28.7842304-04:00,2026-04-28T21:07:28.7842304Z,,v3,471298,471423,4e64d94106064b97a0d56267f0d32905,"McAndrews, Thomas",836274,Right,FOR_RAM,fb58fa56-3bd1-4398-a8f1-cd97f85b9a98,54.88405,-114.43482,11.13971,5.79093,1.40895,-16.89787,-1.51169,1.45998,1.08967,,,,,,,,,,,,,,,,,,,,,,,,,,,,,,,,,,,,,,,,,,,,,,,,,,,High,High,High,,,,,
227,2026-04-28,17:07:51.37,2,2,"Kapica, Andrew",1000347281,Right,FOR_RAM,"Rudolph, Will",1000236032,Right,SAC_PIO,Undefined,6,Top,0,0,1,Fastball,Changeup,StrikeCalled,Undefined,Undefined,Undefined,0,0,,88.33307,-2.342129,-3.083416,1863.534856,221.609803,1:30,5.81487,1.27366,6.16175,-18.21871,17.89619,14.69477,2.12872,-0.35288,79.48833,-5.844176,-0.436271,0.432528,,,,,,,,,,,,-8.52079,10.37386,-1.0465,50,5.62751,6.27002,-127.8921,-5.72509,-13.87841,30.45903,-15.27742,FOR_RAM,SAC_PIO,FordhamUniversity,D1,A10,20260428-FordhamUniversity-1,5183a630-4346-11f1-a27e-053988b4ee35,87.14444,,,8.84474,,,,,,,13ca75c8-bb5c-4445-823c-d5e13dddedc7,2026-04-28,21:07:51.37,2026-04-28T17:07:51.3749504-04:00,2026-04-28T21:07:51.3749504Z,,v3,471298,471423,4e64d94106064b97a0d56267f0d32905,"McAndrews, Thomas",836274,Right,FOR_RAM,0591cf7d-4559-4278-8ee6-f2dbba0365ae,54.33291,-128.91991,15.22952,5.812,-5.20957,-7.63871,-1.26598,6.73833,-6.93921,,,,,,,,,,,,,,,,,,,,,,,,,,,,,,,,,,,,,,,,,,,,,,,,,,,High,High,High,,,,,
228,2026-04-28,17:08:12.96,2,3,"Kapica, Andrew",1000347281,Right,FOR_RAM,"Rudolph, Will",1000236032,Right,SAC_PIO,Undefined,6,Top,0,0,2,Fastball,Changeup,FoulBallNotFieldable,Undefined,Undefined,Undefined,0,0,,88.18686,-1.362365,-1.574298,1816.675405,218.521514,1:15,5.77769,1.36032,6.03222,-17.69036,18.81281,13.85627,3.0412,1.0568,78.91463,-4.781276,0.918866,0.434847,,,,,,,,,,,,-7.63166,10.5263,-1.2446,50,5.66179,2.92553,-127.7944,-3.51247,-12.33476,31.89686,-15.16077,FOR_RAM,SAC_PIO,FordhamUniversity,D1,A10,20260428-FordhamUniversity-1,5e644f80-4346-11f1-a27e-053988b4ee35,86.67974,,,9.27223,,,,,,,13ca75c8-bb5c-4445-823c-d5e13dddedc7,2026-04-28,21:08:12.96,2026-04-28T17:08:12.9645056-04:00,2026-04-28T21:08:12.9645056Z,,v3,471298,471423,4e64d94106064b97a0d56267f0d32905,"McAndrews, Thomas",836274,Right,FOR_RAM,be584918-b8b8-44de-9e5d-d4e07adb0fd9,54.46241,-128.90338,15.94843,5.77475,-2.98536,-7.58038,-1.35377,3.35438,-6.16738,,,,,,,,,,,,,,,,,,,,,,,,,,,,,,,,,,,,,,,,,,,,,,,,,,,High,High,High,,,,,
229,2026-04-28,17:08:44.04,2,4,"Kapica, Andrew",1000347281,Right,FOR_RAM,"Rudolph, Will",1000236032,Right,SAC_PIO,Undefined,6,Top,0,0,2,Curveball,Slider,StrikeSwinging,Strikeout,Undefined,Undefined,0,0,,79.54057,1.62526,-0.471463,2166.448775,61.228128,8:00,5.77312,1.45093,5.58228,-45.6066,0.88165,-2.07138,3.49083,0.83801,70.10907,-6.848688,-0.841276,0.490731,,,,,,,,,,,,0.83819,0.49618,-1.40911,50,5.88442,1.0334,-114.92771,1.72377,1.0761,29.24923,-31.53703,FOR_RAM,SAC_PIO,FordhamUniversity,D1,A10,20260428-FordhamUniversity-1,70f6f300-4346-11f1-a27e-053988b4ee35,76.80883,,,9.4315,,,,,,,13ca75c8-bb5c-4445-823c-d5e13dddedc7,2026-04-28,21:08:44.04,2026-04-28T17:08:44.0439296-04:00,2026-04-28T21:08:44.0439296Z,,v3,471298,471423,4e64d94106064b97a0d56267f0d32905,"McAndrews, Thomas",836274,Right,FOR_RAM,2f7e17fe-f9d1-4d9e-b512-a6f71122b5d0,54.90688,-116.16981,14.62462,5.78278,3.06302,-15.76852,-1.45202,0.9877,0.53805,,,,,,,,,,,,,,,,,,,,,,,,,,,,,,,,,,,,,,,,,,,,,,,,,,,High,High,High,,,,,
230,2026-04-28,17:09:34.27,3,1,"Kapica, Andrew",1000347281,Right,FOR_RAM,"Donohue, Ronan",10108737,Right,SAC_PIO,Undefined,6,Top,1,0,0,Fastball,Changeup,StrikeCalled,Undefined,Undefined,Undefined,0,0,,88.07505,-1.205102,-1.475247,1844.452166,228.439801,1:30,5.78934,1.3804,6.10195,-22.82218,13.55095,13.75257,2.77247,1.16182,79.16607,-5.539003,1.003547,0.434072,,,,,,,,,,,,-7.47898,7.77233,-1.27345,50,5.68482,2.69822,-127.68045,-3.36893,-12.11514,30.87617,-19.58369,FOR_RAM,SAC_PIO,FordhamUniversity,D1,A10,20260428-FordhamUniversity-1,8edbb090-4346-11f1-a27e-053988b4ee35,86.83453,,,8.90898,,,,,,,13ca75c8-bb5c-4445-823c-d5e13dddedc7,2026-04-28,21:09:34.27,2026-04-28T17:09:34.2709760-04:00,2026-04-28T21:09:34.2709760Z,,v3,471298,471423,4e64d94106064b97a0d56267f0d32905,"McAndrews, Thomas",836274,Right,FOR_RAM,6e2c2a5f-747f-4e07-bb11-6d354f3e14a0,54.39145,-128.73802,15.43809,5.78873,-2.69815,-9.79185,-1.37298,3.11319,-6.05757,,,,,,,,,,,,,,,,,,,,,,,,,,,,,,,,,,,,,,,,,,,,,,,,,,,High,High,High,,,,,
231,2026-04-28,17:10:39.41,3,2,"Kapica, Andrew",1000347281,Right,FOR_RAM,"Donohue, Ronan",10108737,Right,SAC_PIO,Undefined,6,Top,1,0,1,Fastball,Four-Seam,BallCalled,Undefined,Undefined,Undefined,0,0,,88.51428,-1.135407,-1.687267,1918.300358,208.895744,1:00,5.80941,1.39484,6.12091,-17.28158,18.44895,9.48871,3.31903,0.62527,80.00328,-4.461178,0.02248,0.430221,,,,,,,,,,,,-5.37488,10.21304,-1.27023,50,5.71331,3.38232,-128.4088,-3.00541,-8.87338,29.37991,-15.3134,FOR_RAM,SAC_PIO,FordhamUniversity,D1,A10,20260428-FordhamUniversity-1,b5ac5da0-4346-11f1-a27e-053988b4ee35,87.6119,,,8.51099,,,,,,,13ca75c8-bb5c-4445-823c-d5e13dddedc7,2026-04-28,21:10:39.41,2026-04-28T17:10:39.4105856-04:00,2026-04-28T21:10:39.4105856Z,,v3,471298,471423,4e64d94106064b97a0d56267f0d32905,"McAndrews, Thomas",836274,Right,FOR_RAM,95c7cff9-845c-43ea-b389-12d498ee52c1,54.37396,-129.40569,14.68995,5.80648,-2.48581,-7.6567,-1.39011,3.6834,-4.43669,,,,,,,,,,,,,,,,,,,,,,,,,,,,,,,,,,,,,,,,,,,,,,,,,,,High,High,High,,,,,
232,2026-04-28,17:10:59.12,3,3,"Kapica, Andrew",1000347281,Right,FOR_RAM,"Donohue, Ronan",10108737,Right,SAC_PIO,Undefined,6,Top,1,1,1,Curveball,Slider,InPlay,Undefined,LineDrive,Out,2,0,,79.33703,0.468419,-1.735861,2190.692241,31.454143,7:00,5.69365,1.3041,5.46729,-48.29322,-1.67744,-2.20142,2.10781,-0.50441,70.67252,-8.418985,-2.128211,0.491403,92.40202,18.555417,21.521997,3854.207939,98.54727,29.86521,48.8716,285.84625,268.78948,34.002949,3.221695,0.4428,-0.45087,-1.14986,50,5.7025,3.56753,-114.74683,-0.70843,0.56998,28.05784,-32.75442,FOR_RAM,SAC_PIO,FordhamUniversity,D1,A10,20260428-FordhamUniversity-1,c1838630-4346-11f1-a27e-053988b4ee35,76.70372,33.73626,,8.66451,,,,0.64906,2.01838,0.52457,13ca75c8-bb5c-4445-823c-d5e13dddedc7,2026-04-28,21:10:59.12,2026-04-28T17:10:59.1265792-04:00,2026-04-28T21:10:59.1265792Z,LineDrive,v3,471298,471423,4e64d94106064b97a0d56267f0d32905,"McAndrews, Thomas",836274,Right,FOR_RAM,1ad44596-5291-4f97-91f9-bd13825cc1bb,55.02669,-115.96945,14.02892,5.70227,0.71883,-16.37721,-1.30477,3.5427,0.28499,235.992754,0.64913,119.51688,-23.88354,5.03637,-0.96243,0.11983,-0.00145,-0.00269,0.00036,2.0183,43.12948,-15.53996,0.57068,-0.00186,0.02548,-0.01706,0.00483,-0.0005,0.52456,47.13377,4.20033,-2.46999,0.81008,-0.20056,0.03803,-0.00469,0.00028,,,,,,,,,,,,,,,,,,,,,,,High,High,High,High,Medium,,,
233,2026-04-28,17:13:34.25,1,1,"Willerer, Graham",1000462646,Right,SAC_PIO,"Kirk, Taylor",1000367095,Right,FOR_RAM,Undefined,6,Bottom,0,0,0,Sinker,Sinker,BallCalled,Undefined,Undefined,Undefined,0,0,,87.89231,-0.891683,-4.023534,2186.873062,256.8235,2:30,5.07177,1.97461,4.22845,-32.73549,6.38674,21.20068,1.48784,-0.11758,79.34914,-6.799589,-0.340157,0.450177,,,,,,,,,,,,-11.44516,3.75599,-1.55673,50,4.94044,7.85711,-126.90312,-3.37623,-18.44499,28.81526,-26.12091,FOR_RAM,SAC_PIO,FordhamUniversity,D1,A10,20260428-FordhamUniversity-1,1deac460-4347-11f1-a27e-053988b4ee35,83.72807,,,8.54317,,,,,,,13ca75c8-bb5c-4445-823c-d5e13dddedc7,2026-04-28,21:13:34.25,2026-04-28T17:13:34.2545920-04:00,2026-04-28T21:13:34.2545920Z,,v3,471298,471423,4e64d94106064b97a0d56267f0d32905,"Bowes, Nathan",1000145608,Both,SAC_PIO,1fe754f1-728d-4e13-b3ee-0a3e6af28037,56.26904,-128.3187,14.40763,5.07479,-2.09301,-13.06045,-1.96498,8.76324,-9.22249,,,,,,,,,,,,,,,,,,,,,,,,,,,,,,,,,,,,,,,,,,,,,,,,,,,High,High,High,,,,,
234,2026-04-28,17:13:48.61,1,2,"Willerer, Graham",1000462646,Right,SAC_PIO,"Kirk, Taylor",1000367095,Right,FOR_RAM,Undefined,6,Bottom,0,1,0,Slider,Curveball,StrikeSwinging,Undefined,Undefined,Undefined,0,0,,77.79687,0.609382,-2.516874,2026.413101,68.632884,8:15,4.99209,1.7795,4.45882,-49.80007,0.10551,-4.61473,1.42371,-1.00641,69.96936,-8.365027,-3.323049,0.508447,,,,,,,,,,,,1.35827,0.4261,-1.50893,50,5.00886,5.1433,-112.36558,-0.68865,1.69717,24.66923,-31.64162,FOR_RAM,SAC_PIO,FordhamUniversity,D1,A10,20260428-FordhamUniversity-1,2685adb0-4347-11f1-a27e-053988b4ee35,74.13244,,,7.82751,,,,,,,13ca75c8-bb5c-4445-823c-d5e13dddedc7,2026-04-28,21:13:48.61,2026-04-28T17:13:48.6142976-04:00,2026-04-28T21:13:48.6142976Z,,v3,471298,471423,4e64d94106064b97a0d56267f0d32905,"Bowes, Nathan",1000145608,Both,SAC_PIO,79dd20d0-214c-430a-8d73-89fee2c5a051,56.03558,-113.68293,12.33461,5.00052,1.00104,-15.82081,-1.78116,5.05267,0.84859,,,,,,,,,,,,,,,,,,,,,,,,,,,,,,,,,,,,,,,,,,,,,,,,,,,High,High,High,,,,,
235,2026-04-28,17:14:06.80,1,3,"Willerer, Graham",1000462646,Right,SAC_PIO,"Kirk, Taylor",1000367095,Right,FOR_RAM,Undefined,6,Bottom,0,1,1,Slider,Curveball,StrikeCalled,Undefined,Undefined,Undefined,0,0,,75.89948,1.719276,-2.208334,1896.550686,111.157349,9:45,4.97812,1.72699,4.26051,-49.08908,3.51355,-4.04103,2.53435,-0.72407,68.33789,-7.126561,-2.911214,0.522006,,,,,,,,,,,,1.20473,1.72358,-1.48171,50,5.11606,4.40492,-109.61004,1.45575,1.44004,22.53335,-30.11383,FOR_RAM,SAC_PIO,FordhamUniversity,D1,A10,20260428-FordhamUniversity-1,31530760-4347-11f1-a27e-053988b4ee35,72.20696,,,7.56159,,,,,,,13ca75c8-bb5c-4445-823c-d5e13dddedc7,2026-04-28,21:14:06.80,2026-04-28T17:14:06.8039168-04:00,2026-04-28T21:14:06.8039168Z,,v3,471298,471423,4e64d94106064b97a0d56267f0d32905,"Bowes, Nathan",1000145608,Both,SAC_PIO,d7c74067-027e-4dd9-8f20-cee321f3b8b4,56.23344,-110.88409,11.26668,4.98562,3.1584,-15.05692,-1.72846,4.3235,0.72002,,,,,,,,,,,,,,,,,,,,,,,,,,,,,,,,,,,,,,,,,,,,,,,,,,,High,High,High,,,,,
236,2026-04-28,17:14:26.80,1,4,"Willerer, Graham",1000462646,Right,SAC_PIO,"Kirk, Taylor",1000367095,Right,FOR_RAM,Undefined,6,Bottom,0,1,2,Sinker,Sinker,BallCalled,Undefined,Undefined,Undefined,0,0,,87.67394,-0.231236,-5.75068,2162.171145,245.699857,2:15,5.17562,1.90319,4.32241,-27.76407,11.71701,22.6334,2.6398,-1.72613,78.58704,-5.303683,-1.830743,0.452237,,,,,,,,,,,,-12.62953,6.1474,-1.30477,50,5.1236,11.55597,-126.22124,-1.63556,-20.09245,29.01306,-22.39406,FOR_RAM,SAC_PIO,FordhamUniversity,D1,A10,20260428-FordhamUniversity-1,3d2f6010-4347-11f1-a27e-053988b4ee35,83.34671,,,9.0869,,,,,,,13ca75c8-bb5c-4445-823c-d5e13dddedc7,2026-04-28,21:14:26.80,2026-04-28T17:14:26.8027904-04:00,2026-04-28T21:14:26.8027904Z,,v3,471298,471423,4e64d94106064b97a0d56267f0d32905,"Bowes, Nathan",1000145608,Both,SAC_PIO,0dedee11-4853-4efd-9eeb-d228173750b9,56.17277,-127.63222,14.50653,5.17665,-0.54648,-11.19703,-1.89053,12.53312,-10.04623,,,,,,,,,,,,,,,,,,,,,,,,,,,,,,,,,,,,,,,,,,,,,,,,,,,High,High,High,,,,,
237,2026-04-28,17:14:43.99,1,5,"Willerer, Graham",1000462646,Right,SAC_PIO,"Kirk, Taylor",1000367095,Right,FOR_RAM,Undefined,6,Bottom,0,2,2,Slider,Curveball,InPlay,Undefined,GroundBall,Single,0,0,,77.13036,0.886001,-1.979912,1926.048391,68.497072,8:15,4.97944,1.71156,4.72634,-50.35621,-0.18874,-5.29473,1.62431,-0.60899,69.4443,-8.234529,-2.909947,0.50978,80.48779,4.4965,-25.506674,1106.679183,,,,88.24938,81.62602,-22.485364,0.805668,1.93,0.0789,-1.50668,50,5.02428,4.07651,-111.54022,-0.08823,2.3764,24.29548,-32.07693,FOR_RAM,SAC_PIO,FordhamUniversity,D1,A10,20260428-FordhamUniversity-1,477ab880-4347-11f1-a27e-053988b4ee35,73.93869,3.12405,,7.68606,,,,2.52283,1.63363,1.07764,13ca75c8-bb5c-4445-823c-d5e13dddedc7,2026-04-28,21:14:43.99,2026-04-28T17:14:43.9963136-04:00,2026-04-28T21:14:43.9963136Z,GroundBall,v3,471298,471423,4e64d94106064b97a0d56267f0d32905,"Bowes, Nathan",1000145608,Both,SAC_PIO,2d8641f6-6d9e-4d7b-a1ce-87ef202c1608,55.77068,-112.79017,12.14774,4.98636,1.56206,-16.03847,-1.71326,3.95424,1.1882,245.517049,2.55626,105.65208,-9.50103,,,,,,,1.65032,8.97726,-13.70963,,,,,,,1.03788,-50.00451,8.52669,,,,,,,,,,,,,,,,,,,,,,,,,,,,,High,High,High,High,Medium,,,
238,2026-04-28,17:15:57.31,2,1,"Willerer, Graham",1000462646,Right,SAC_PIO,"Grabau, Anthony",1000407420,Left,FOR_RAM,Undefined,6,Bottom,0,0,0,Sinker,Sinker,BallCalled,Undefined,Undefined,Undefined,0,0,,87.66651,-1.925165,-5.127833,2089.380524,242.223352,2:00,5.18752,1.71136,4.38842,-26.37899,12.8932,21.69218,1.14321,-1.3897,78.97513,-6.745639,-1.358221,0.451039,,,,,,,,,,,,-12.02426,7.25504,-1.18524,50,4.95599,10.24721,-126.32374,-5.31366,-19.19663,28.61519,-20.5914,FOR_RAM,SAC_PIO,FordhamUniversity,D1,A10,20260428-FordhamUniversity-1,732db3b0-4347-11f1-a27e-053988b4ee35,83.56805,,,8.69137,,,,,,,13ca75c8-bb5c-4445-823c-d5e13dddedc7,2026-04-28,21:15:57.31,2026-04-28T17:15:57.3179392-04:00,2026-04-28T21:15:57.3179392Z,,v3,471298,471423,4e64d94106064b97a0d56267f0d32905,"Bowes, Nathan",1000145608,Both,SAC_PIO,3cd8082a-a584-4a4f-a0fb-25b55ef95d23,56.10755,-127.69974,14.30759,5.1877,-4.32349,-10.2957,-1.70018,11.17031,-9.59832,,,,,,,,,,,,,,,,,,,,,,,,,,,,,,,,,,,,,,,,,,,,,,,,,,,High,High,High,,,,,
239,2026-04-28,17:16:13.50,2,2,"Willerer, Graham",1000462646,Right,SAC_PIO,"Grabau, Anthony",1000407420,Left,FOR_RAM,Undefined,6,Bottom,0,1,0,Slider,Curveball,StrikeCalled,Undefined,Undefined,Undefined,0,0,,75.68136,1.890693,-0.44684,1668.245703,92.945838,9:00,5.02329,1.63327,4.46212,-50.12641,2.19528,-5.69095,2.64945,0.73298,68.28352,-7.168219,-1.441908,0.52061,,,,,,,,,,,,2.5978,1.04173,-1.58028,50,5.17494,1.09885,-109.44333,1.77472,3.1019,22.11361,-30.93019,FOR_RAM,SAC_PIO,FordhamUniversity,D1,A10,20260428-FordhamUniversity-1,7cd292f0-4347-11f1-a27e-053988b4ee35,72.40059,,,7.39784,,,,,,,13ca75c8-bb5c-4445-823c-d5e13dddedc7,2026-04-28,21:16:13.50,2026-04-28T17:16:13.5037952-04:00,2026-04-28T21:16:13.5037952Z,,v3,471298,471423,4e64d94106064b97a0d56267f0d32905,"Bowes, Nathan",1000145608,Both,SAC_PIO,59ebedc0-25af-43ed-9989-e3c3e561c70f,56.0328,-110.65557,11.0568,5.03117,3.47029,-15.4651,-1.63586,0.92881,1.55095,,,,,,,,,,,,,,,,,,,,,,,,,,,,,,,,,,,,,,,,,,,,,,,,,,,High,High,High,,,,,
240,2026-04-28,17:16:31.04,2,3,"Willerer, Graham",1000462646,Right,SAC_PIO,"Grabau, Anthony",1000407420,Left,FOR_RAM,Undefined,6,Bottom,0,1,1,Slider,Curveball,FoulBallNotFieldable,Undefined,Undefined,Undefined,0,0,,76.74995,1.554201,-2.730394,2012.459635,12.946589,6:30,5.03887,1.68258,4.8003,-55.51164,-5.07847,-1.59362,1.88758,-1.03931,69.30331,-8.474514,-3.010456,0.511128,63.39487,-14.57014,112.818372,,,,,11.47657,7.43881,74.329162,0.126118,-0.1235,-2.75776,-1.40894,50,5.14504,5.35757,-111.01182,1.04646,-0.15093,23.70723,-35.54423,FOR_RAM,SAC_PIO,FordhamUniversity,D1,A10,20260428-FordhamUniversity-1,87521ac0-4347-11f1-a27e-053988b4ee35,73.74365,2.96477,,7.44664,,,,,,,13ca75c8-bb5c-4445-823c-d5e13dddedc7,2026-04-28,21:16:31.04,2026-04-28T17:16:31.0413824-04:00,2026-04-28T21:16:31.0413824Z,GroundBall,v3,471298,471423,4e64d94106064b97a0d56267f0d32905,"Bowes, Nathan",1000145608,Both,SAC_PIO,7423c6a1-9716-40e5-8253-403153b5d2a3,55.70024,-112.22254,11.85361,5.04525,2.86169,-17.77211,-1.68275,5.36527,-0.07546,,7.52699,-35.07431,,,,,,,,2.96716,-23.50798,,,,,,,,0.52788,83.36365,,,,,,,,,,,,,,,,,,,,,,,,,,,,,,High,High,High,Low,Low,,,
241,2026-04-28,17:16:58.54,2,4,"Willerer, Graham",1000462646,Right,SAC_PIO,"Grabau, Anthony",1000407420,Left,FOR_RAM,Undefined,6,Bottom,0,1,2,Sinker,Sinker,InPlay,Undefined,LineDrive,Out,1,0,,87.35606,-0.771969,-3.966329,2063.329709,237.752468,2:00,5.03781,2.08536,4.44142,-26.11273,13.99812,19.46194,2.12364,-0.08192,77.14671,-5.611285,-0.574561,0.455829,90.02334,23.924322,-11.755113,3750.50929,106.09222,39.86374,-29.05697,298.71316,292.17808,-21.409119,3.554004,-10.95579,7.53248,-1.68546,50,4.93199,7.76623,-125.84152,-2.70129,-16.98696,33.40482,-20.49491,FOR_RAM,SAC_PIO,FordhamUniversity,D1,A10,20260428-FordhamUniversity-1,97ad44d0-4347-11f1-a27e-053988b4ee35,82.68981,46.22798,,10.20935,,,,1.99079,2.1589,0.07383,13ca75c8-bb5c-4445-823c-d5e13dddedc7,2026-04-28,21:16:58.54,2026-04-28T17:16:58.5440256-04:00,2026-04-28T21:16:58.5440256Z,LineDrive,v3,471298,471423,4e64d94106064b97a0d56267f0d32905,"Bowes, Nathan",1000145608,Both,SAC_PIO,96ad0108-6c7e-43d6-aa68-68dff4115907,56.05285,-127.43813,16.70241,5.0377,-1.72172,-10.24745,-2.07606,8.57813,-8.49348,133.007827,1.99115,118.14813,-21.78235,5.0092,-0.87958,0.11206,-0.01064,0.00064,1E-05,2.15838,53.55959,-17.44408,0.95994,-0.29026,0.13112,-0.04039,0.0073,-0.00056,0.07414,-24.59738,-4.58482,1.56986,-0.32582,0.03978,-0.00289,0.00018,-1E-05,,,,,,,,,,,,,,,,,,,,,,,High,High,High,High,Medium,,,
242,2026-04-28,17:17:37.83,3,1,"Willerer, Graham",1000462646,Right,SAC_PIO,"McAndrews, Thomas",836274,Right,FOR_RAM,Undefined,6,Bottom,1,0,0,Slider,Curveball,BallCalled,Undefined,Undefined,Undefined,0,0,,76.54535,1.120619,-0.826252,1987.58831,47.906376,7:30,4.99165,1.8527,4.99195,-52.44428,-1.78965,-4.19319,1.67961,0.72308,68.56694,-8.436661,-1.567305,0.512249,,,,,,,,,,,,1.77173,-0.70972,-1.76957,50,5.05732,1.76947,-110.71387,0.32928,2.13787,24.89192,-33.03044,FOR_RAM,SAC_PIO,FordhamUniversity,D1,A10,20260428-FordhamUniversity-1,af1d2d60-4347-11f1-a27e-053988b4ee35,73.58228,,,7.97841,,,,,,,13ca75c8-bb5c-4445-823c-d5e13dddedc7,2026-04-28,21:17:37.83,2026-04-28T17:17:37.8336256-04:00,2026-04-28T21:17:37.8336256Z,,v3,471298,471423,4e64d94106064b97a0d56267f0d32905,"Bowes, Nathan",1000145608,Both,SAC_PIO,d7adde39-8200-45e5-b769-3f1d4907ebbd,55.50326,-111.94434,12.44596,5.00069,1.96205,-16.51522,-1.85443,1.66379,1.06894,,,,,,,,,,,,,,,,,,,,,,,,,,,,,,,,,,,,,,,,,,,,,,,,,,,High,High,High,,,,,
243,2026-04-28,17:18:28.09,3,2,"Willerer, Graham",1000462646,Right,SAC_PIO,"McAndrews, Thomas",836274,Right,FOR_RAM,Undefined,6,Bottom,1,1,0,Slider,Curveball,BallCalled,Undefined,Undefined,Undefined,0,0,,76.77319,0.945744,-2.552926,2016.14814,76.664614,8:30,5.02306,1.74035,4.82364,-49.62723,0.70012,-4.8563,1.78417,-1.08387,69.32967,-8.052919,-3.406588,0.510591,,,,,,,,,,,,1.52465,0.61445,-1.4826,50,5.0748,5.15429,-111.00825,0.05902,1.86758,23.27181,-31.42139,FOR_RAM,SAC_PIO,FordhamUniversity,D1,A10,20260428-FordhamUniversity-1,cd15c110-4347-11f1-a27e-053988b4ee35,73.82116,,,7.44352,,,,,,,13ca75c8-bb5c-4445-823c-d5e13dddedc7,2026-04-28,21:18:28.09,2026-04-28T17:18:28.0950000-04:00,2026-04-28T21:18:28.0950000Z,,v3,471298,471423,4e64d94106064b97a0d56267f0d32905,"Bowes, Nathan",1000145608,Both,SAC_PIO,54063a45-5633-4b32-bc9f-adedc053060d,55.6714,-112.1909,11.63591,5.03122,1.65583,-15.7107,-1.74213,5.05938,0.93379,,,,,,,,,,,,,,,,,,,,,,,,,,,,,72.76457,1.788075,0.858266,0.92981,-0.70131,1.47666,1.21057,-2.22023,6.26627,-1.36897,65.93641,2.82018,-58.84628,-2.19331,79.26514,-6.48601,6.3018,10.59783,-15.48151,-1.41363,-69.44462,8.32408,High,High,High,,,High,Medium,Low
244,2026-04-28,17:18:58.39,3,3,"Willerer, Graham",1000462646,Right,SAC_PIO,"McAndrews, Thomas",836274,Right,FOR_RAM,Undefined,6,Bottom,1,2,0,Sinker,Changeup,BallCalled,Undefined,Undefined,Undefined,0,0,,86.69472,-1.005907,-2.931138,2081.445296,249.539207,2:15,5.04718,1.9005,4.33476,-30.72265,9.87812,22.01363,1.5243,0.93137,77.13602,-6.620734,0.906588,0.458605,,,,,,,,,,,,-11.6669,5.58717,-1.6084,50,4.90894,5.31002,-125.07548,-3.43853,-17.9676,31.7641,-23.56952,FOR_RAM,SAC_PIO,FordhamUniversity,D1,A10,20260428-FordhamUniversity-1,df268a60-4347-11f1-a27e-053988b4ee35,82.18938,,,9.5587,,,,,,,13ca75c8-bb5c-4445-823c-d5e13dddedc7,2026-04-28,21:18:58.39,2026-04-28T17:18:58.3996928-04:00,2026-04-28T21:18:58.3996928Z,,v3,471298,471423,4e64d94106064b97a0d56267f0d32905,"Bowes, Nathan",1000145608,Both,SAC_PIO,e89c9c41-9349-44e4-bfa2-e060c17d7797,56.16,-126.63021,15.88205,5.04901,-2.28489,-11.78476,-1.88983,6.18947,-8.9838,,,,,,,,,,,,,,,,,,,,,,,,,,,,,,,,,,,,,,,,,,,,,,,,,,,High,High,High,,,,,
245,2026-04-28,17:19:20.91,3,4,"Willerer, Graham",1000462646,Right,SAC_PIO,"McAndrews, Thomas",836274,Right,FOR_RAM,Undefined,6,Bottom,1,3,0,Sinker,Sinker,BallCalled,Walk,Undefined,Undefined,0,0,,87.69202,1.29268,-4.099174,2146.293232,239.285256,2:00,5.16548,1.80701,4.28071,-25.87371,13.86335,20.65962,4.2493,-0.39931,77.81159,-3.481396,-0.512613,0.453701,,,,,,,,,,,,-11.21197,6.65248,-1.38329,50,5.28138,7.98009,-126.33299,1.83701,-17.70145,31.27724,-21.67112,FOR_RAM,SAC_PIO,FordhamUniversity,D1,A10,20260428-FordhamUniversity-1,ec945880-4347-11f1-a27e-053988b4ee35,83.07778,,,9.88043,,,,,,,13ca75c8-bb5c-4445-823c-d5e13dddedc7,2026-04-28,21:19:20.91,2026-04-28T17:19:20.9161216-04:00,2026-04-28T21:19:20.9161216Z,,v3,471298,471423,4e64d94106064b97a0d56267f0d32905,"Bowes, Nathan",1000145608,Both,SAC_PIO,f4bd74c8-727a-40c2-908c-c8fd0b2d0ca7,56.2113,-127.86152,15.63862,5.16573,2.89609,-10.83556,-1.79442,8.84517,-8.85073,,,,,,,,,,,,,,,,,,,,,,,,,,,,,,,,,,,,,,,,,,,,,,,,,,,High,High,High,,,,,
246,2026-04-28,17:20:24.39,4,1,"Willerer, Graham",1000462646,Right,SAC_PIO,"Donnelly, Joey",800885,Left,FOR_RAM,Undefined,6,Bottom,1,0,0,Slider,Curveball,FoulBallNotFieldable,Undefined,Undefined,Undefined,0,0,,77.27622,1.388566,-2.053175,2099.982389,32.483867,7:00,4.92786,1.80756,4.82887,-52.14672,-2.45839,-2.73902,1.89842,-0.36594,69.66846,-8.061292,-2.535128,0.507339,,,,,,,,,,,,0.66217,-1.22126,-1.60149,50,5.0207,4.12069,-111.78776,0.83923,0.82076,23.99281,-33.68785,FOR_RAM,SAC_PIO,FordhamUniversity,D1,A10,20260428-FordhamUniversity-1,125babe0-4348-11f1-a27e-053988b4ee35,74.29432,,,7.60776,,,,,,,13ca75c8-bb5c-4445-823c-d5e13dddedc7,2026-04-28,21:20:24.39,2026-04-28T17:20:24.3952128-04:00,2026-04-28T21:20:24.3952128Z,,v3,471298,471423,4e64d94106064b97a0d56267f0d32905,"Bowes, Nathan",1000145608,Both,SAC_PIO,a77c903e-d21d-4b3a-b668-ddf6127590e3,55.66888,-112.99791,11.99641,4.93552,2.53838,-16.84393,-1.80829,4.07929,0.41038,,,,,,,,,,,,,,,,,,,,,,,,,,,,,,,,,,,,,,,,,,,,,,,,,,,High,High,High,,,,,
247,2026-04-28,17:21:10.99,4,2,"Willerer, Graham",1000462646,Right,SAC_PIO,"Donnelly, Joey",800885,Left,FOR_RAM,Undefined,6,Bottom,1,0,1,Sinker,Sinker,BallCalled,Undefined,Undefined,Undefined,0,0,,87.20201,-0.186042,-2.532835,2182.450788,251.601952,2:30,5.07824,1.87842,4.20383,-30.85931,9.58642,23.71804,2.32823,1.42704,77.21381,-5.828102,1.592638,0.457728,,,,,,,,,,,,-12.1852,5.15591,-1.62615,50,5.02688,4.33382,-125.74989,-1.68403,-18.90904,32.83064,-24.17308,FOR_RAM,SAC_PIO,FordhamUniversity,D1,A10,20260428-FordhamUniversity-1,2e307530-4348-11f1-a27e-053988b4ee35,82.34678,,,9.9882,,,,,,,13ca75c8-bb5c-4445-823c-d5e13dddedc7,2026-04-28,21:21:10.99,2026-04-28T17:21:10.9930496-04:00,2026-04-28T21:21:10.9930496Z,,v3,471298,471423,4e64d94106064b97a0d56267f0d32905,"Bowes, Nathan",1000145608,Both,SAC_PIO,9ea45091-f839-458d-b8a0-1360d5d01314,56.28842,-127.38108,16.41532,5.08071,-0.48299,-12.08654,-1.86481,5.27332,-9.45452,,,,,,,,,,,,,,,,,,,,,,,,,,,,,,,,,,,,,,,,,,,,,,,,,,,High,High,High,,,,,
248,2026-04-28,17:21:28.73,4,3,"Willerer, Graham",1000462646,Right,SAC_PIO,"Donnelly, Joey",800885,Left,FOR_RAM,Undefined,6,Bottom,1,1,1,Slider,Curveball,InPlay,Undefined,LineDrive,Double,0,1,,76.91818,1.36449,-1.336465,1964.338335,94.224602,9:15,4.96074,1.87669,4.62053,-48.26097,2.27221,-5.18969,2.23677,0.17346,69.22789,-7.385759,-2.246284,0.511634,97.86236,22.452073,33.202823,2749.370467,88.49214,35.77797,65.33861,291.27209,276.67496,43.441236,3.172538,2.09453,1.14307,-1.73423,50,5.05692,2.81406,-111.24048,0.90408,2.5714,23.72003,-30.7707,FOR_RAM,SAC_PIO,FordhamUniversity,D1,A10,20260428-FordhamUniversity-1,38defc40-4348-11f1-a27e-053988b4ee35,73.67065,40.84413,,7.69029,,,,2.01567,2.31038,0.05314,13ca75c8-bb5c-4445-823c-d5e13dddedc7,2026-04-28,21:21:28.73,2026-04-28T17:21:28.7355904-04:00,2026-04-28T21:21:28.7355904Z,LineDrive,v3,471298,471423,4e64d94106064b97a0d56267f0d32905,"Bowes, Nathan",1000145608,Both,SAC_PIO,826728c4-7b26-4cd4-a8a1-0c873f614d05,55.87595,-112.48644,11.86001,4.96698,2.5204,-15.38535,-1.8785,2.67899,1.2857,,2.01579,110.98995,-23.49945,5.17055,-1.109,0.18209,-0.01904,0.0002,0.00013,2.31033,54.81774,-22.11794,2.34717,-0.49487,0.11662,-0.02607,0.00443,-0.00035,0.05315,72.64018,-2.30813,-0.74888,0.37469,-0.12458,0.03074,-0.00496,0.00036,,,,,,,,,,,,,,,,,,,,,,,High,High,High,Medium,Medium,,,
249,2026-04-28,17:24:33.96,5,1,"Hawkins, Mitch",1000143059,Right,SAC_PIO,"Ocko, Madden",10300306,Right,FOR_RAM,Undefined,6,Bottom,1,0,0,Curveball,Curveball,BallCalled,Undefined,Undefined,Undefined,0,0,,66.01601,4.554454,1.000335,1933.423778,39.595849,7:15,5.9922,0.97508,5.27458,-75.81748,-7.34559,-8.49717,3.96154,1.20664,58.45598,-9.346984,-0.506191,0.595563,,,,,,,,,,,,4.54382,-4.36359,-1.06018,50,6.35509,-1.35205,-95.15258,5.31154,4.00603,19.81119,-36.02115,FOR_RAM,SAC_PIO,FordhamUniversity,D1,A10,20260428-FordhamUniversity-1,a73dfd80-4348-11f1-a27e-053988b4ee35,63.28877,,,7.56003,,,,,,,13ca75c8-bb5c-4445-823c-d5e13dddedc7,2026-04-28,21:24:33.96,2026-04-28T17:24:33.9663360-04:00,2026-04-28T21:24:33.9663360Z,,v3,471298,471423,4e64d94106064b97a0d56267f0d32905,"Bowes, Nathan",1000145608,Both,SAC_PIO,30439cbc-883f-45bb-8df0-2160facdde01,55.21902,-96.23306,9.90559,6.01183,7.2761,-18.01058,-0.98049,-1.57054,2.00302,,,,,,,,,,,,,,,,,,,,,,,,,,,,,,,,,,,,,,,,,,,,,,,,,,,High,High,High,,,,,
250,2026-04-28,17:24:50.33,5,2,"Hawkins, Mitch",1000143059,Right,SAC_PIO,"Ocko, Madden",10300306,Right,FOR_RAM,Undefined,6,Bottom,1,1,0,Slider,Slider,StrikeCalled,Undefined,Undefined,Undefined,0,0,,73.93031,1.910903,-1.174014,2316.959544,112.019954,9:45,5.82099,1.29448,5.22891,-50.32562,2.84425,-2.36453,3.42457,-0.00635,66.90903,-7.305387,-1.593191,0.524813,,,,,,,,,,,,0.79795,1.40378,-1.18451,50,5.96,2.28605,-107.05967,1.93812,0.91317,20.89699,-30.56758,FOR_RAM,SAC_PIO,FordhamUniversity,D1,A10,20260428-FordhamUniversity-1,b0f24610-4348-11f1-a27e-053988b4ee35,71.82076,,,7.02128,,,,,,,13ca75c8-bb5c-4445-823c-d5e13dddedc7,2026-04-28,21:24:50.33,2026-04-28T17:24:50.3336960-04:00,2026-04-28T21:24:50.3336960Z,,v3,471298,471423,4e64d94106064b97a0d56267f0d32905,"Bowes, Nathan",1000145608,Both,SAC_PIO,ce2d0539-e5c7-48a9-8b58-06f2622295b2,55.26653,-108.08276,10.4485,5.82848,3.43466,-15.28379,-1.29533,2.24134,0.45658,,,,,,,,,,,,,,,,,,,,,,,,,,,,,,,,,,,,,,,,,,,,,,,,,,,High,High,High,,,,,
251,2026-04-28,17:25:13.28,5,3,"Hawkins, Mitch",1000143059,Right,SAC_PIO,"Ocko, Madden",10300306,Right,FOR_RAM,Undefined,6,Bottom,1,1,1,Slider,Curveball,InPlay,Undefined,GroundBall,FieldersChoice,1,0,,73.25806,1.159961,-1.753472,2196.787942,50.668076,7:45,5.90297,1.20386,5.31638,-55.60015,-2.12685,-4.71197,2.35893,-0.83499,67.1878,-8.949215,-2.590676,0.526308,73.02701,-28.596735,-41.505905,,,,,5.23369,5.07822,-22.543604,0.046436,1.85913,-0.95917,-1.04137,50,5.96757,3.42615,-106.27364,0.37462,2.11331,19.24083,-33.26435,FOR_RAM,SAC_PIO,FordhamUniversity,D1,A10,20260428-FordhamUniversity-1,be9db970-4348-11f1-a27e-053988b4ee35,71.61671,2.3881,,6.07026,,,,1.55315,2.3881,0.89653,13ca75c8-bb5c-4445-823c-d5e13dddedc7,2026-04-28,21:25:13.28,2026-04-28T17:25:13.2889600-04:00,2026-04-28T21:25:13.2889600Z,GroundBall,v3,471298,471423,4e64d94106064b97a0d56267f0d32905,"Bowes, Nathan",1000145608,Both,SAC_PIO,b175d3da-ba40-4340-8d77-2e5fbe76c10b,55.18361,-107.20803,9.62042,5.91016,1.99002,-16.63218,-1.20527,3.32353,1.05666,180,1.55148,70.64885,,,,,,,,2.38931,-51.428,,,,,,,,0.89801,-62.51781,,,,,,,,,,,,,,,,,,,,,,,,,,,,,,High,High,High,High,High,,,
252,2026-04-28,17:25:51.98,6,1,"Hawkins, Mitch",1000143059,Right,SAC_PIO,"Dean, Mason",1000150670,Left,FOR_RAM,Undefined,6,Bottom,2,0,0,ChangeUp,Changeup,StrikeCalled,Undefined,Undefined,Undefined,0,0,,74.86134,-0.51131,-1.770764,1647.732083,245.224877,2:15,5.81308,1.22535,5.92923,-41.30923,9.223,15.99599,1.896,0.91487,67.84309,-8.196801,1.1055,0.51163,,,,,,,,,,,,-8.74445,5.44607,-1.09273,50,5.74922,2.78002,-108.56121,-2.15256,-10.26408,21.92076,-25.78156,FOR_RAM,SAC_PIO,FordhamUniversity,D1,A10,20260428-FordhamUniversity-1,d5b018b0-4348-11f1-a27e-053988b4ee35,73.67135,,,7.01825,,,,,,,13ca75c8-bb5c-4445-823c-d5e13dddedc7,2026-04-28,21:25:51.98,2026-04-28T17:25:51.9809536-04:00,2026-04-28T21:25:51.9809536Z,,v3,471298,471423,4e64d94106064b97a0d56267f0d32905,"Bowes, Nathan",1000145608,Both,SAC_PIO,8cb18ae3-d23b-447c-abae-b2e8c8cba8d0,54.56688,-109.47948,10.96038,5.81677,-1.07257,-12.89078,-1.21819,3.20999,-5.13204,,,,,,,,,,,,,,,,,,,,,,,,,,,,,,,,,,,,,,,,,,,,,,,,,,,High,High,High,,,,,
253,2026-04-28,17:26:13.42,6,2,"Hawkins, Mitch",1000143059,Right,SAC_PIO,"Dean, Mason",1000150670,Left,FOR_RAM,Undefined,6,Bottom,2,0,1,Fastball,Four-Seam,InPlay,Undefined,Popup,Double,1,1,,84.0425,-1.032339,-2.365748,2143.165859,214.401473,1:15,6.04351,1.15119,5.54525,-20.34084,20.70462,13.07205,3.38276,0.02842,75.04921,-4.927082,-0.036878,0.46111,69.20415,52.810217,-29.550405,,89.08124,91.47067,-64.53287,204.61464,83.87494,-38.391744,4.862348,-7.41752,11.26091,-0.95516,50,5.94124,4.46977,-121.61265,-2.77198,-10.84303,29.16205,-15.7127,FOR_RAM,SAC_PIO,FordhamUniversity,D1,A10,20260428-FordhamUniversity-1,e271a140-4348-11f1-a27e-053988b4ee35,81.74291,91.46883,,8.99329,,,,0.46739,3.36554,-0.02435,13ca75c8-bb5c-4445-823c-d5e13dddedc7,2026-04-28,21:26:13.42,2026-04-28T17:26:13.4277632-04:00,2026-04-28T21:26:13.4277632Z,Popup,v3,471298,471423,4e64d94106064b97a0d56267f0d32905,"Bowes, Nathan",1000145608,Both,SAC_PIO,c25cf039-0706-47f3-8602-8593fbcde019,54.94925,-122.79372,14.58103,6.04062,-2.13562,-7.85635,-1.14508,4.90892,-5.42152,155.697474,0.47189,53.26513,-10.28665,1.86707,0.2465,-0.28947,0.08527,-0.01136,0.00058,3.36203,80.92445,-21.75688,2.1968,-0.49724,0.066,0.00492,-0.0026,0.00021,-0.02385,-30.26906,1.2346,-0.11528,0.03511,-0.0242,0.00802,-0.00117,6E-05,,,,,,,,,,,,,,,,,,,,,,,High,High,High,Medium,Low,,,
254,2026-04-28,17:28:58.55,1,1,"Kapica, Andrew",1000347281,Right,FOR_RAM,"Nolan, CJ",1000398229,Right,SAC_PIO,Undefined,7,Top,0,0,0,Fastball,Changeup,InPlay,Undefined,LineDrive,Single,0,0,,88.40005,-2.492269,-2.393999,1755.507131,199.330924,12:45,5.77154,1.44631,6.16671,-15.32891,20.77226,6.8067,2.1886,-0.19904,79.39528,-5.478208,-1.167417,0.432446,98.14685,13.714856,0.167616,1197.915066,109.87515,20.93783,5.2272,260.16845,260.16845,5.773187,2.492083,-4.32784,11.9743,-1.2683,50,5.57473,5.07524,-128.03777,-5.95211,-7.04342,31.27226,-12.68628,FOR_RAM,SAC_PIO,FordhamUniversity,D1,A10,20260428-FordhamUniversity-1,44d52910-4349-11f1-a27e-053988b4ee35,87.161,22.22967,,9.00476,,,,0.86545,2.14305,0.2003,13ca75c8-bb5c-4445-823c-d5e13dddedc7,2026-04-28,21:28:58.55,2026-04-28T17:28:58.5565696-04:00,2026-04-28T21:28:58.5565696Z,LineDrive,v3,471298,471423,4e64d94106064b97a0d56267f0d32905,"McAndrews, Thomas",836274,Right,FOR_RAM,774a58e7-eda6-4a73-ad4e-de8ade17b21b,54.32918,-129.09081,15.63613,5.76797,-5.52492,-6.34314,-1.44319,5.31242,-3.52171,228.840986,0.86534,139.85027,-22.93464,5.17422,-1.23249,0.3848,-0.12114,0.02426,-0.00208,2.14324,34.11586,-14.74397,-0.05842,0.53187,-0.40735,0.17438,-0.03849,0.00347,0.20046,0.39778,7.80593,-2.75276,1.04241,-0.47695,0.17531,-0.03707,0.00328,,,,,,,,,,,,,,,,,,,,,,,High,High,High,High,High,,,
255,2026-04-28,17:29:32.41,2,1,"Kapica, Andrew",1000347281,Right,FOR_RAM,"Yorke, David",10089071,Right,SAC_PIO,Undefined,7,Top,0,0,0,Curveball,Curveball,StrikeCalled,Undefined,Undefined,Undefined,0,0,,78.95282,0.994256,0.633749,2110.158535,66.309756,8:15,5.89553,1.25101,5.47743,-47.7942,-2.06012,-8.10678,2.84316,1.16847,72.1365,-7.743293,-0.812044,0.486734,,,,,,,,,,,,4.2376,-0.80724,-1.30114,50,5.95069,-0.94013,-114.58209,0.34832,5.6013,22.30775,-33.24106,FOR_RAM,SAC_PIO,FordhamUniversity,D1,A10,20260428-FordhamUniversity-1,590995b0-4349-11f1-a27e-053988b4ee35,77.43957,,,6.81631,,,,,,,13ca75c8-bb5c-4445-823c-d5e13dddedc7,2026-04-28,21:29:32.41,2026-04-28T17:29:32.4172288-04:00,2026-04-28T21:29:32.4172288Z,,v3,471298,471423,4e64d94106064b97a0d56267f0d32905,"McAndrews, Thomas",836274,Right,FOR_RAM,08b63af8-091b-49c3-86e9-05b2bea5cff3,55.02035,-115.55536,11.15388,5.90386,1.7986,-16.62053,-1.25479,-1.18451,2.80065,,,,,,,,,,,,,,,,,,,,,,,,,,,,,,,,,,,,,,,,,,,,,,,,,,,High,High,High,,,,,
256,2026-04-28,17:29:49.51,2,2,"Kapica, Andrew",1000347281,Right,FOR_RAM,"Yorke, David",10089071,Right,SAC_PIO,Undefined,7,Top,0,0,1,Fastball,Changeup,StrikeCalled,Undefined,Undefined,Undefined,0,0,,88.8793,-1.80855,-1.906133,1805.401007,225.364316,1:30,5.87411,1.4246,6.02026,-19.02119,16.72351,15.61076,2.61238,0.95931,80.09148,-5.442483,0.902244,0.430306,,,,,,,,,,,,-8.67571,9.57501,-1.28385,50,5.72219,3.64023,-128.86411,-4.62073,-14.34719,30.90962,-16.33969,FOR_RAM,SAC_PIO,FordhamUniversity,D1,A10,20260428-FordhamUniversity-1,632a82c0-4349-11f1-a27e-053988b4ee35,87.59451,,,8.78782,,,,,,,13ca75c8-bb5c-4445-823c-d5e13dddedc7,2026-04-28,21:29:49.51,2026-04-28T17:29:49.5154688-04:00,2026-04-28T21:29:49.5154688Z,,v3,471298,471423,4e64d94106064b97a0d56267f0d32905,"McAndrews, Thomas",836274,Right,FOR_RAM,751cd565-c070-46bf-9a6d-ecc0f2e5e976,54.47703,-129.93354,15.45481,5.87228,-4.0554,-8.16984,-1.41839,4.13662,-7.17359,,,,,,,,,,,,,,,,,,,,,,,,,,,,,,,,,,,,,,,,,,,,,,,,,,,High,High,High,,,,,
257,2026-04-28,17:30:11.71,2,3,"Kapica, Andrew",1000347281,Right,FOR_RAM,"Yorke, David",10089071,Right,SAC_PIO,Undefined,7,Top,0,0,2,Curveball,Slider,InPlay,Undefined,Popup,Out,1,0,,79.56596,-0.820167,-1.262574,2228.181014,92.017464,9:00,5.73339,1.27241,5.45738,-43.36628,1.83945,-9.28579,1.35157,-0.68344,72.76866,-8.737049,-2.918231,0.483914,69.41472,59.804178,37.254848,5328.031221,,,,,27.15831,,,4.32457,1.58677,-1.15447,50,5.63131,2.90782,-115.4323,-3.11175,5.78068,23.35316,-30.05302,FOR_RAM,SAC_PIO,FordhamUniversity,D1,A10,20260428-FordhamUniversity-1,7078baf0-4349-11f1-a27e-053988b4ee35,77.89076,43.05579,,6.7973,,,,2.17663,1.6641,0.68135,13ca75c8-bb5c-4445-823c-d5e13dddedc7,2026-04-28,21:30:11.71,2026-04-28T17:30:11.7126656-04:00,2026-04-28T21:30:11.7126656Z,,v3,471298,471423,4e64d94106064b97a0d56267f0d32905,"McAndrews, Thomas",836274,Right,FOR_RAM,93690e72-ac0d-48b5-88ec-3d3d135e89b1,55.04153,-116.44778,11.67658,5.73821,-1.80492,-15.02651,-1.27545,2.65645,2.89034,202.081874,2.17663,40.75673,-13.32186,3.99214,-0.95952,0.20686,-0.0449,0.00817,-0.00088,1.6641,87.9939,-23.65184,2.15884,-0.29469,0.01907,0.00052,0.00168,-0.00117,0.68135,30.99758,-1.52301,-0.35913,0.20948,-0.06591,0.01759,-0.00408,0.00058,,,,,,,,,,,,,,,,,,,,,,,High,High,High,High,Undefined,,,
258,2026-04-28,17:30:51.02,3,1,"Kapica, Andrew",1000347281,Right,FOR_RAM,"Wilson, Chris",1000507906,Right,SAC_PIO,Undefined,7,Top,1,0,0,Fastball,Four-Seam,FoulBallNotFieldable,Undefined,Undefined,Undefined,0,0,,88.38947,-1.658845,-1.109688,1810.376948,194.570457,12:30,5.93276,1.32065,5.98531,-13.66355,22.65718,5.53083,3.25592,0.75291,79.22395,-4.347296,-0.115557,0.433759,61.11136,31.582143,178.027024,2228.814757,-109.95413,22.17441,-3.17585,148.68729,48.08808,-177.463686,2.341685,-3.22441,12.60355,-1.23615,50,5.79452,2.25097,-128.12022,-4.03001,-5.24804,31.6044,-11.66059,FOR_RAM,SAC_PIO,FordhamUniversity,D1,A10,20260428-FordhamUniversity-1,87d8c500-4349-11f1-a27e-053988b4ee35,86.89715,27.8643,,9.16553,,,,2.09528,3.2692,-0.76213,13ca75c8-bb5c-4445-823c-d5e13dddedc7,2026-04-28,21:30:51.02,2026-04-28T17:30:51.0201344-04:00,2026-04-28T21:30:51.0201344Z,FlyBall,v3,471298,471423,4e64d94106064b97a0d56267f0d32905,"McAndrews, Thomas",836274,Right,FOR_RAM,ff417bb5-e9c5-4418-a0a4-59bc4efd9ec7,54.5105,-129.22807,15.8022,5.92862,-3.62126,-5.8303,-1.31828,2.43493,-2.62402,327.760155,2.09538,-76.31613,5.10506,-0.27069,0.43879,-0.43271,0.24655,-0.06822,0.00721,3.26919,46.9413,-24.51995,2.44283,-0.52427,0.12786,-0.03974,0.01209,-0.00161,-0.76215,2.62957,-3.54156,0.89501,-0.23957,0.09107,-0.03794,0.01066,-0.00124,,,,,,,,,,,,,,,,,,,,,,,High,High,High,High,Low,,,
259,2026-04-28,17:31:16.74,3,2,"Kapica, Andrew",1000347281,Right,FOR_RAM,"Wilson, Chris",1000507906,Right,SAC_PIO,Undefined,7,Top,1,0,1,Slider,Slider,FoulBallNotFieldable,Undefined,Undefined,Undefined,0,0,,79.48348,-0.247385,-0.1961,2170.628767,37.273819,7:15,5.75642,1.20362,5.4977,-45.6903,0.15484,-1.20827,1.7175,0.9195,71.60401,-8.639377,-0.41185,0.487324,,,,,,,,,,,,0.5428,0.63933,-1.18563,50,5.70418,0.44228,-115.17019,-2.03401,0.71168,26.14375,-31.33581,FOR_RAM,SAC_PIO,FordhamUniversity,D1,A10,20260428-FordhamUniversity-1,9739feb0-4349-11f1-a27e-053988b4ee35,77.34573,,,7.87947,,,,,,,13ca75c8-bb5c-4445-823c-d5e13dddedc7,2026-04-28,21:31:16.74,2026-04-28T17:31:16.7420416-04:00,2026-04-28T21:31:16.7420416Z,,v3,471298,471423,4e64d94106064b97a0d56267f0d32905,"McAndrews, Thomas",836274,Right,FOR_RAM,f22b3421-16b6-4afb-92e3-bd098703b334,54.9988,-116.29938,13.07187,5.7628,-0.68056,-15.66791,-1.20407,0.41154,0.35584,,,,,,,,,,,,,,,,,,,,,,,,,,,,,,,,,,,,,,,,,,,,,,,,,,,High,High,High,,,,,
260,2026-04-28,17:31:44.14,3,3,"Kapica, Andrew",1000347281,Right,FOR_RAM,"Wilson, Chris",1000507906,Right,SAC_PIO,Undefined,7,Top,1,0,2,Curveball,Slider,BallCalled,Undefined,Undefined,Undefined,0,0,,80.01699,-0.634265,-2.216536,2262.931053,64.770193,8:15,5.72983,1.11695,5.41723,-45.99751,-1.85902,-6.62095,1.30208,-1.5122,74.30345,-8.962593,-3.395329,0.478168,,,,,,,,,,,,2.76083,-0.36713,-0.91526,50,5.64131,4.76115,-116.21662,-2.88821,3.80152,20.39391,-32.67957,FOR_RAM,SAC_PIO,FordhamUniversity,D1,A10,20260428-FordhamUniversity-1,a7859860-4349-11f1-a27e-053988b4ee35,78.82684,,,5.71353,,,,,,,13ca75c8-bb5c-4445-823c-d5e13dddedc7,2026-04-28,21:31:44.14,2026-04-28T17:31:44.1410048-04:00,2026-04-28T21:31:44.1410048Z,,v3,471298,471423,4e64d94106064b97a0d56267f0d32905,"McAndrews, Thomas",836274,Right,FOR_RAM,b6247398-62b0-4883-ab3a-98a540f04944,55.08313,-117.10522,10.19696,5.73613,-1.4643,-16.33979,-1.1191,4.59551,1.90076,,,,,,,,,,,,,,,,,,,,,,,,,,,,,,,,,,,,,,,,,,,,,,,,,,,High,High,High,,,,,
261,2026-04-28,17:32:04.77,3,4,"Kapica, Andrew",1000347281,Right,FOR_RAM,"Wilson, Chris",1000507906,Right,SAC_PIO,Undefined,7,Top,1,1,2,Fastball,Four-Seam,InPlay,Undefined,FlyBall,Out,1,0,,88.42482,-1.5949,-2.236025,1831.077366,201.201815,12:45,5.83422,1.14679,6.22928,-14.14828,21.87867,7.95126,3.18227,-0.25458,79.15819,-4.383952,-0.801412,0.432001,91.37598,23.544862,5.421505,3211.807989,108.62296,42.80483,17.35073,327.70764,316.20597,15.413289,4.227213,-4.88406,12.2728,-0.9836,50,5.70801,4.67884,-128.14131,-3.88632,-7.94269,31.89289,-12.21538,FOR_RAM,SAC_PIO,FordhamUniversity,D1,A10,20260428-FordhamUniversity-1,b3e9beb0-4349-11f1-a27e-053988b4ee35,87.25077,53.25415,,9.26663,,,,0.81525,3.18512,0.30626,13ca75c8-bb5c-4445-823c-d5e13dddedc7,2026-04-28,21:32:04.77,2026-04-28T17:32:04.7706624-04:00,2026-04-28T21:32:04.7706624Z,LineDrive,v3,471298,471423,4e64d94106064b97a0d56267f0d32905,"McAndrews, Thomas",836274,Right,FOR_RAM,e94799f8-78cc-40fa-91fc-21fe95136891,54.26606,-129.19872,15.94645,5.83015,-3.48132,-6.10769,-1.14309,4.94218,-3.97134,220.69893,0.81548,122.30785,-21.61858,4.61549,-0.97029,0.20939,-0.0471,0.00772,-0.00053,3.18556,53.52157,-15.13706,0.10645,0.39471,-0.20461,0.06288,-0.00974,0.00058,0.30632,11.60675,6.84905,-2.79937,0.83094,-0.19616,0.03636,-0.00429,0.00022,,,,,,,,,,,,,,,,,,,,,,,High,High,High,High,High,,,
262,2026-04-28,17:32:44.84,4,1,"Kapica, Andrew",1000347281,Right,FOR_RAM,"Bowes, Nathan",1000145608,Left,SAC_PIO,Undefined,7,Top,2,0,0,Curveball,Slider,StrikeCalled,Undefined,Undefined,Undefined,0,0,,79.18278,0.490875,-1.582054,2252.084633,103.510532,9:30,5.81577,1.26921,5.46667,-42.80116,3.56355,-7.41926,2.7086,-0.83008,71.07112,-7.402986,-2.903312,0.490078,,,,,,,,,,,,3.14059,2.19973,-1.12498,50,5.83051,3.47166,-114.61339,-0.45286,4.07619,25.97417,-29.31903,FOR_RAM,SAC_PIO,FordhamUniversity,D1,A10,20260428-FordhamUniversity-1,cbb6e270-4349-11f1-a27e-053988b4ee35,76.91109,,,8.11166,,,,,,,13ca75c8-bb5c-4445-823c-d5e13dddedc7,2026-04-28,21:32:44.84,2026-04-28T17:32:44.8457216-04:00,2026-04-28T21:32:44.8457216Z,,v3,471298,471423,4e64d94106064b97a0d56267f0d32905,"McAndrews, Thomas",836274,Right,FOR_RAM,7411ff93-1edd-49b7-bc7c-b4eedad9dcba,55.02648,-115.7469,12.98708,5.82235,0.82663,-14.65952,-1.27261,3.29377,2.03809,,,,,,,,,,,,,,,,,,,,,,,,,,,,,,,,,,,,,,,,,,,,,,,,,,,High,High,High,,,,,
263,2026-04-28,17:33:03.17,4,2,"Kapica, Andrew",1000347281,Right,FOR_RAM,"Bowes, Nathan",1000145608,Left,SAC_PIO,Undefined,7,Top,2,0,1,Fastball,Four-Seam,BallCalled,Undefined,Undefined,Undefined,0,0,,89.35346,-1.215402,-0.984382,1927.823864,211.471525,1:00,5.84281,1.29565,6.11348,-16.04899,19.08269,10.91134,3.38129,1.29467,80.59874,-4.319581,0.982109,0.4266,,,,,,,,,,,,-5.86689,10.54953,-1.22532,50,5.74098,1.75635,-129.62177,-3.16202,-9.84863,30.46459,-14.46476,FOR_RAM,SAC_PIO,FordhamUniversity,D1,A10,20260428-FordhamUniversity-1,d6a3ab00-4349-11f1-a27e-053988b4ee35,88.35545,,,8.75471,,,,,,,13ca75c8-bb5c-4445-823c-d5e13dddedc7,2026-04-28,21:33:03.17,2026-04-28T17:33:03.1700480-04:00,2026-04-28T21:33:03.1700480Z,,v3,471298,471423,4e64d94106064b97a0d56267f0d32905,"McAndrews, Thomas",836274,Right,FOR_RAM,7fe18e45-d3c7-409e-b644-ecc283bb2807,54.3805,-130.64725,15.23229,5.83922,-2.67511,-7.23238,-1.29002,2.08787,-4.92431,,,,,,,,,,,,,,,,,,,,,,,,,,,,,,,,,,,,,,,,,,,,,,,,,,,High,High,High,,,,,
264,2026-04-28,17:33:22.55,4,3,"Kapica, Andrew",1000347281,Right,FOR_RAM,"Bowes, Nathan",1000145608,Left,SAC_PIO,Undefined,7,Top,2,1,1,Curveball,Curveball,InPlay,Undefined,GroundBall,Out,1,0,,79.91424,0.792187,-0.654842,2225.090877,48.462295,7:30,5.76074,1.25532,5.57559,-46.60817,-2.33445,-4.19642,2.61672,0.29397,73.35855,-7.728342,-1.404602,0.4789,75.34573,-33.718164,-10.430879,,,,,5.33832,5.33832,-10.822312,0.042464,1.95008,-1.03563,-1.19609,50,5.79812,1.48943,-116.08082,0.03172,2.6556,22.12547,-33.58436,FOR_RAM,SAC_PIO,FordhamUniversity,D1,A10,20260428-FordhamUniversity-1,e22c8c80-4349-11f1-a27e-053988b4ee35,78.70634,2.61339,,6.55569,,,,1.39216,2.61339,-0.29337,13ca75c8-bb5c-4445-823c-d5e13dddedc7,2026-04-28,21:33:22.55,2026-04-28T17:33:22.5524736-04:00,2026-04-28T21:33:22.5524736Z,GroundBall,v3,471298,471423,4e64d94106064b97a0d56267f0d32905,"McAndrews, Thomas",836274,Right,FOR_RAM,c6289b68-ed89-4419-96e2-6e674c82f37e,54.92461,-117.01571,11.06274,5.7668,1.45078,-16.79218,-1.25666,1.37722,1.3278,,1.39013,90.69453,,,,,,,,2.61477,-61.54436,,,,,,,,-0.293,-16.69609,,,,,,,,,,,,,,,,,,,,,,,,,,,,,,High,High,High,Estimated,Estimated,,,
265,2026-04-28,17:36:22.45,1,1,"Hawkins, Mitch",1000143059,Right,SAC_PIO,"Ford, Tim",1000142266,Right,FOR_RAM,Undefined,7,Bottom,0,0,0,Fastball,Changeup,BallCalled,Undefined,Undefined,Undefined,0,0,,82.77656,-2.069415,-4.184832,1879.236031,226.981891,1:30,5.95819,1.12148,5.69917,-25.86265,15.78434,15.33249,1.86861,-1.50735,75.0989,-6.911039,-1.450843,0.464476,,,,,,,,,,,,-9.01221,9.07579,-0.77926,50,5.76816,8.13103,-119.72481,-5.12587,-12.96671,24.99939,-19.11584,FOR_RAM,SAC_PIO,FordhamUniversity,D1,A10,20260428-FordhamUniversity-1,4d643610-434a-11f1-a27e-053988b4ee35,81.15045,,,7.67767,,,,,,,13ca75c8-bb5c-4445-823c-d5e13dddedc7,2026-04-28,21:36:22.45,2026-04-28T17:36:22.4510464-04:00,2026-04-28T21:36:22.4510464Z,,v3,471298,471423,4e64d94106064b97a0d56267f0d32905,"Bowes, Nathan",1000145608,Both,SAC_PIO,b475294a-48e1-4841-86e6-cf8792265c63,54.7969,-120.72229,12.4997,5.95747,-4.36315,-9.55792,-1.11401,8.6484,-6.48336,,,,,,,,,,,,,,,,,,,,,,,,,,,,,,,,,,,,,,,,,,,,,,,,,,,High,High,High,,,,,
266,2026-04-28,17:36:42.04,1,2,"Hawkins, Mitch",1000143059,Right,SAC_PIO,"Ford, Tim",1000142266,Right,FOR_RAM,Undefined,7,Bottom,0,1,0,Fastball,Changeup,BallCalled,Undefined,Undefined,Undefined,0,0,,83.44767,-1.570877,-4.314567,1978.82647,228.114862,1:30,5.94593,1.19255,5.62739,-26.20509,14.9191,15.00115,2.29187,-1.59087,75.57678,-6.47158,-1.644459,0.461551,,,,,,,,,,,,-8.86961,8.46335,-0.83407,50,5.79525,8.47698,-120.67948,-4.13922,-12.95388,25.6011,-19.81353,FOR_RAM,SAC_PIO,FordhamUniversity,D1,A10,20260428-FordhamUniversity-1,59175be0-434a-11f1-a27e-053988b4ee35,81.66467,,,7.87089,,,,,,,13ca75c8-bb5c-4445-823c-d5e13dddedc7,2026-04-28,21:36:42.04,2026-04-28T17:36:42.0491776-04:00,2026-04-28T21:36:42.0491776Z,,v3,471298,471423,4e64d94106064b97a0d56267f0d32905,"Bowes, Nathan",1000145608,Both,SAC_PIO,68c9e6f2-4be4-4eca-a430-cabfe6d9b999,54.86842,-121.70789,12.80055,5.94554,-3.3433,-9.90677,-1.18505,8.99734,-6.47694,,,,,,,,,,,,,,,,,,,,,,,,,,,,,,,,,,,,,,,,,,,,,,,,,,,High,High,High,,,,,
267,2026-04-28,17:37:03.66,1,3,"Hawkins, Mitch",1000143059,Right,SAC_PIO,"Ford, Tim",1000142266,Right,FOR_RAM,Undefined,7,Bottom,0,2,0,Fastball,Changeup,BallCalled,Undefined,Undefined,Undefined,0,0,,83.33326,-1.687831,-2.728679,1923.653404,219.620706,1:15,5.98144,1.18545,5.66937,-24.87411,16.08288,12.13934,2.33269,-0.34898,75.70704,-6.349323,-0.560766,0.460612,,,,,,,,,,,,-6.97485,9.08815,-0.9627,50,5.82333,5.25828,-120.75108,-4.32545,-10.21669,25.24759,-18.86176,FOR_RAM,SAC_PIO,FordhamUniversity,D1,A10,20260428-FordhamUniversity-1,6606f950-434a-11f1-a27e-053988b4ee35,81.83116,,,7.62622,,,,,,,13ca75c8-bb5c-4445-823c-d5e13dddedc7,2026-04-28,21:37:03.66,2026-04-28T17:37:03.6690944-04:00,2026-04-28T21:37:03.6690944Z,,v3,471298,471423,4e64d94106064b97a0d56267f0d32905,"Bowes, Nathan",1000145608,Both,SAC_PIO,3eed7a35-6d80-4f82-986a-7de1219cb65d,54.82728,-121.75622,12.62379,5.98058,-3.57454,-9.43088,-1.18013,5.66502,-5.10834,,,,,,,,,,,,,,,,,,,,,,,,,,,,,,,,,,,,,,,,,,,,,,,,,,,High,High,High,,,,,
268,2026-04-28,17:37:22.24,1,4,"Hawkins, Mitch",1000143059,Right,SAC_PIO,"Ford, Tim",1000142266,Right,FOR_RAM,Undefined,7,Bottom,0,3,0,Fastball,Changeup,BallCalled,Walk,Undefined,Undefined,0,0,,83.21322,-2.838226,-2.589226,1897.805432,233.591895,1:45,5.91297,1.14654,5.69374,-26.40309,14.60308,17.89544,1.0628,0.22319,75.90932,-7.751399,0.611427,0.460889,,,,,,,,,,,,-9.90319,8.68276,-0.94046,50,5.65783,4.73594,-120.56097,-6.80704,-14.48134,24.8551,-19.47734,FOR_RAM,SAC_PIO,FordhamUniversity,D1,A10,20260428-FordhamUniversity-1,7112e2a0-434a-11f1-a27e-053988b4ee35,81.78209,,,7.3039,,,,,,,13ca75c8-bb5c-4445-823c-d5e13dddedc7,2026-04-28,21:37:22.24,2026-04-28T17:37:22.2469120-04:00,2026-04-28T21:37:22.2469120Z,,v3,471298,471423,4e64d94106064b97a0d56267f0d32905,"Bowes, Nathan",1000145608,Both,SAC_PIO,71da3245-837c-4409-aba2-616a38fb9992,54.80491,-121.54752,12.42755,5.91267,-6.03394,-9.73867,-1.13985,5.31074,-7.24067,,,,,,,,,,,,,,,,,,,,,,,,,,,,,,,,,,,,,,,,,,,,,,,,,,,High,High,High,,,,,
269,2026-04-28,17:38:00.07,2,1,"Hawkins, Mitch",1000143059,Right,SAC_PIO,"Markey, Tommy",10084492,Left,FOR_RAM,Undefined,7,Bottom,0,0,0,Fastball,Changeup,InPlay,Undefined,LineDrive,Double,0,0,,83.66268,-0.650698,-2.40152,2002.446887,239.074399,2:00,5.90178,1.3156,5.5806,-28.11379,12.60493,18.70773,2.95072,0.63046,75.965,-5.888193,0.935957,0.45927,96.66244,17.050698,-27.961873,3131.240002,94.82647,23.76297,-55.74877,245.50235,179.18658,-33.615704,2.373068,-10.18599,6.98268,-1.12157,50,5.82768,4.31198,-121.31477,-2.29153,-15.05464,25.56232,-21.85386,FOR_RAM,SAC_PIO,FordhamUniversity,D1,A10,20260428-FordhamUniversity-1,87984420-434a-11f1-a27e-053988b4ee35,82.07027,24.3337,,7.69768,,,,0.2653,2.60321,-0.48374,13ca75c8-bb5c-4445-823c-d5e13dddedc7,2026-04-28,21:38:00.07,2026-04-28T17:38:00.0743936-04:00,2026-04-28T21:38:00.0743936Z,LineDrive,v3,471298,471423,4e64d94106064b97a0d56267f0d32905,"Bowes, Nathan",1000145608,Both,SAC_PIO,a8385aef-de8b-4c9d-9046-32b172f64a3d,54.91722,-122.34649,12.78116,5.90237,-1.40948,-10.92693,-1.30787,4.9196,-7.52732,,0.26529,119.71738,-21.89521,5.00208,-1.17107,0.29321,-0.06999,0.01211,-0.00101,2.60326,41.56691,-22.32594,2.81518,-0.53788,0.01155,0.04191,-0.01407,0.00152,-0.48375,-63.55216,4.39551,-1.04934,0.21767,-0.0401,0.00455,-6E-05,-2E-05,,,,,,,,,,,,,,,,,,,,,,,High,High,High,Medium,Medium,,,
270,2026-04-28,17:38:51.08,3,1,"Hawkins, Mitch",1000143059,Right,SAC_PIO,"Little, Ernie",1000290947,Right,FOR_RAM,Undefined,7,Bottom,0,0,0,Slider,Curveball,StrikeCalled,Undefined,Undefined,Undefined,0,0,,72.6919,1.469776,-1.520769,2167.871889,26.873568,7:00,5.86111,1.24975,5.20891,-55.98346,-1.34598,-1.60201,2.57879,-0.31421,66.46509,-8.708472,-1.804889,0.532006,,,,,,,,,,,,0.34291,-0.55681,-1.10786,50,5.95504,2.85831,-105.38984,0.89065,0.38284,19.13892,-32.79568,FOR_RAM,SAC_PIO,FordhamUniversity,D1,A10,20260428-FordhamUniversity-1,a60c9780-434a-11f1-a27e-053988b4ee35,70.84962,,,6.22681,,,,,,,13ca75c8-bb5c-4445-823c-d5e13dddedc7,2026-04-28,21:38:51.08,2026-04-28T17:38:51.0849024-04:00,2026-04-28T21:38:51.0849024Z,,v3,471298,471423,4e64d94106064b97a0d56267f0d32905,"Bowes, Nathan",1000145608,Both,SAC_PIO,48f22422-3877-4ea5-b0b8-7ee8d4221306,55.28939,-106.34606,9.56946,5.8696,2.52919,-16.39784,-1.25019,2.83918,0.19142,,,,,,,,,,,,,,,,,,,,,,,,,,,,,,,,,,,,,,,,,,,,,,,,,,,High,High,High,,,,,
271,2026-04-28,17:39:12.69,3,2,"Hawkins, Mitch",1000143059,Right,SAC_PIO,"Little, Ernie",1000290947,Right,FOR_RAM,Undefined,7,Bottom,0,0,1,Curveball,Curveball,StrikeCalled,Undefined,Undefined,Undefined,0,0,,68.978,3.050995,0.415022,2084.3304,62.89055,8:00,6.01698,0.91984,5.40353,-65.91661,-5.25406,-14.39414,3.38549,0.10921,62.69276,-8.985651,-2.146696,0.560573,,,,,,,,,,,,7.30524,-2.90351,-0.94656,50,6.2433,-0.20934,-99.93273,3.32472,7.28374,18.21186,-35.06903,FOR_RAM,SAC_PIO,FordhamUniversity,D1,A10,20260428-FordhamUniversity-1,b3022860-434a-11f1-a27e-053988b4ee35,67.23919,,,6.28525,,,,,,,13ca75c8-bb5c-4445-823c-d5e13dddedc7,2026-04-28,21:39:12.69,2026-04-28T17:39:12.6972416-04:00,2026-04-28T21:39:12.6972416Z,,v3,471298,471423,4e64d94106064b97a0d56267f0d32905,"Bowes, Nathan",1000145608,Both,SAC_PIO,00edac8a-e3e3-4b6c-8dbd-40228364ea72,55.09559,-100.85708,9.10593,6.02938,5.10466,-17.53451,-0.92656,-0.57903,3.64187,,,,,,,,,,,,,,,,,,,,,,,,,,,,,,,,,,,,,,,,,,,,,,,,,,,High,High,High,,,,,
272,2026-04-28,17:39:34.92,3,3,"Hawkins, Mitch",1000143059,Right,SAC_PIO,"Little, Ernie",1000290947,Right,FOR_RAM,Undefined,7,Bottom,0,0,2,Sinker,Four-Seam,InPlay,Undefined,Popup,Sacrifice,1,1,,84.45274,-1.866201,-2.568533,2121.540511,210.681613,1:00,6.03903,1.07754,5.75042,-16.45001,23.59281,13.1154,2.9285,-0.22228,76.01023,-5.053211,-0.223711,0.455443,88.75751,38.585235,-8.463384,3563.311414,109.33688,82.17896,-12.05593,320.44449,316.30971,-4.884926,5.628152,-7.50906,13.03855,-0.87235,50,5.87428,4.94614,-122.3045,-4.40399,-11.19425,27.6767,-12.73661,FOR_RAM,SAC_PIO,FordhamUniversity,D1,A10,20260428-FordhamUniversity-1,c01a3560-434a-11f1-a27e-053988b4ee35,82.76,106.44916,,8.44251,,,,1.83316,3.03824,0.24546,13ca75c8-bb5c-4445-823c-d5e13dddedc7,2026-04-28,21:39:34.92,2026-04-28T17:39:34.9282816-04:00,2026-04-28T21:39:34.9282816Z,FlyBall,v3,471298,471423,4e64d94106064b97a0d56267f0d32905,"Bowes, Nathan",1000145608,Both,SAC_PIO,71b5a9bd-eb5b-4c7c-bf42-7da12d15253c,54.74567,-123.37374,13.83835,6.03492,-3.91193,-6.36831,-1.07179,5.37861,-5.59712,191.834908,1.83649,100.58095,-20.46963,4.55205,-0.56971,-0.01845,0.01947,-0.00268,0.00012,3.0351,81.24143,-17.63887,0.91782,-0.19596,0.0466,-0.00417,-0.00016,3E-05,0.24566,-14.97527,6.28581,-1.83741,0.31964,-0.01954,-0.00426,0.00089,-5E-05,,,,,,,,,,,,,,,,,,,,,,,High,High,High,High,Medium,,,
273,2026-04-28,17:40:17.72,4,1,"Hawkins, Mitch",1000143059,Right,SAC_PIO,"Kirk, Taylor",1000367095,Right,FOR_RAM,Undefined,7,Bottom,1,0,0,Curveball,Curveball,BallCalled,Undefined,Undefined,Undefined,0,0,,68.98047,3.253936,-0.428979,1963.739334,68.791071,8:15,6.0082,0.88133,5.19637,-63.45318,-2.65449,-12.00532,3.78452,-0.52263,62.97078,-8.288535,-2.555289,0.561201,,,,,,,,,,,,5.81981,-1.64366,-0.83219,50,6.26235,1.18368,-99.92968,3.716,5.84234,17.1903,-33.82408,FOR_RAM,SAC_PIO,FordhamUniversity,D1,A10,20260428-FordhamUniversity-1,d9c037d0-434a-11f1-a27e-053988b4ee35,67.16386,,,6.00969,,,,,,,13ca75c8-bb5c-4445-823c-d5e13dddedc7,2026-04-28,21:40:17.72,2026-04-28T17:40:17.7292800-04:00,2026-04-28T21:40:17.7292800Z,,v3,471298,471423,4e64d94106064b97a0d56267f0d32905,"Bowes, Nathan",1000145608,Both,SAC_PIO,594ab69a-06cb-499e-a0f5-b3bfa2c39e69,55.30258,-100.83772,8.59515,6.01887,5.50269,-16.91204,-0.88656,0.87507,2.92117,,,,,,,,,,,,,,,,,,,,,,,,,,,,,,,,,,,,,,,,,,,,,,,,,,,High,High,High,,,,,
274,2026-04-28,17:40:47.84,4,2,"Hawkins, Mitch",1000143059,Right,SAC_PIO,"Kirk, Taylor",1000367095,Right,FOR_RAM,Undefined,7,Bottom,1,1,0,Slider,Curveball,InPlay,Undefined,Popup,Sacrifice,1,1,,72.64541,0.921439,-1.352573,2150.03933,46.867516,7:30,5.90062,1.13817,5.2198,-56.4357,-0.6813,-3.06823,2.06431,-0.38945,65.27778,-9.393157,-1.897187,0.537416,83.29156,24.427069,-11.102037,2660.724713,108.5974,42.54032,-17.50797,312.26944,300.74342,-7.156983,4.101931,1.04831,-0.09921,-1.01091,50,5.94365,2.59738,-105.12274,-0.11149,1.13986,22.51708,-32.28193,FOR_RAM,SAC_PIO,FordhamUniversity,D1,A10,20260428-FordhamUniversity-1,eba228f0-434a-11f1-a27e-053988b4ee35,70.13638,51.17053,,7.36763,,,,1.89713,2.18066,0.37048,13ca75c8-bb5c-4445-823c-d5e13dddedc7,2026-04-28,21:40:47.84,2026-04-28T17:40:47.8456832-04:00,2026-04-28T21:40:47.8456832Z,LineDrive,v3,471298,471423,4e64d94106064b97a0d56267f0d32905,"Bowes, Nathan",1000145608,Both,SAC_PIO,cd8cc87b-83f7-416d-855c-7c272e62bc67,55.27656,-106.24696,11.25854,5.90898,1.50026,-16.14097,-1.13917,2.54047,0.56993,197.245074,1.89701,109.15069,-16.56338,3.68704,-0.73747,0.15035,-0.0311,0.0047,-0.00031,2.18158,50.48621,-12.94668,-0.46995,0.46741,-0.21613,0.06429,-0.01004,0.00062,0.37056,-21.42202,6.56415,-1.76462,0.38358,-0.06967,0.01083,-0.00133,8E-05,,,,,,,,,,,,,,,,,,,,,,,High,High,High,High,High,,,
275,2026-04-28,17:41:29.90,5,1,"Hawkins, Mitch",1000143059,Right,SAC_PIO,"Grabau, Anthony",1000407420,Left,FOR_RAM,Undefined,7,Bottom,2,0,0,Sinker,Changeup,InPlay,Undefined,Popup,Out,1,0,,83.6704,-1.064695,-2.528066,1802.811495,233.938203,1:45,5.90134,1.27968,5.59254,-26.32147,14.44465,17.88155,2.7127,0.40781,75.86865,-5.985804,0.662093,0.459538,85.39114,42.295555,13.927617,4737.126401,107.89356,91.44742,21.42278,275.58003,220.45403,9.248321,5.514793,-9.89138,8.05382,-1.07494,50,5.79312,4.62747,-121.29654,-3.09197,-14.58682,25.97471,-20.29708,FOR_RAM,SAC_PIO,FordhamUniversity,D1,A10,20260428-FordhamUniversity-1,04a7f3c0-434b-11f1-a27e-053988b4ee35,82.02251,107.96236,,7.80174,,,,2.57568,2.79298,-0.38613,13ca75c8-bb5c-4445-823c-d5e13dddedc7,2026-04-28,21:41:29.90,2026-04-28T17:41:29.9016192-04:00,2026-04-28T21:41:29.9016192Z,FlyBall,v3,471298,471423,4e64d94106064b97a0d56267f0d32905,"Bowes, Nathan",1000145608,Both,SAC_PIO,2bc4eff2-1bef-4ee5-96ff-c5f05e61f320,54.90602,-122.34261,12.98736,5.90118,-2.27455,-10.14854,-1.27313,5.21493,-7.29341,170.113975,2.57969,89.84346,-20.13757,4.7989,-0.68222,0.01784,0.01135,-0.00169,8E-05,2.79167,84.2877,-18.64488,0.69732,0.08641,-0.07422,0.02185,-0.00299,0.00015,-0.3852,22.28211,-7.88404,2.16689,-0.37844,0.03098,0.00172,-0.00054,3E-05,,,,,,,,,,,,,,,,,,,,,,,High,High,High,Medium,Medium,,,
276,2026-04-28,17:44:27.03,1,1,"Morello, Mason",836181,Right,FOR_RAM,"Martin, Drew",1000527196,Left,SAC_PIO,Undefined,8,Top,0,0,0,Sinker,Changeup,BallCalled,Undefined,Undefined,Undefined,0,0,,80.98201,0.379544,-0.167585,1960.097274,246.537457,2:15,5.81191,1.42987,6.19864,-32.91769,9.82469,19.09139,3.41915,2.86611,73.08034,-5.814821,3.279715,0.470545,,,,,,,,,,,,-9.81217,5.44118,-1.4258,50,5.82433,-0.3949,-117.52806,-0.18048,-13.48396,25.91207,-24.69673,FOR_RAM,SAC_PIO,FordhamUniversity,D1,A10,20260428-FordhamUniversity-1,6e4f8770-434b-11f1-a27e-053988b4ee35,80.10386,,,7.90167,,,,,,,13ca75c8-bb5c-4445-823c-d5e13dddedc7,2026-04-28,21:44:27.03,2026-04-28T17:44:27.0361600-04:00,2026-04-28T21:44:27.0361600Z,,v3,471298,471423,4e64d94106064b97a0d56267f0d32905,"McAndrews, Thomas",836274,Right,FOR_RAM,84f5431c-50b0-41d1-8996-155ce19a8cdf,54.29633,-118.47151,12.95604,5.81453,0.71872,-12.34836,-1.42035,0.09605,-6.74198,,,,,,,,,,,,,,,,,,,,,,,,,,,,,,,,,,,,,,,,,,,,,,,,,,,High,High,High,,,,,
277,2026-04-28,17:44:39.53,1,2,"Morello, Mason",836181,Right,FOR_RAM,"Martin, Drew",1000527196,Left,SAC_PIO,Undefined,8,Top,0,1,0,Sinker,Changeup,StrikeCalled,Undefined,Undefined,Undefined,0,0,,82.17381,-0.91273,-1.956218,1995.909577,242.270973,2:00,5.78229,1.52609,6.12586,-30.07978,11.60095,19.15115,2.43136,1.313,74.12386,-6.575598,1.497756,0.464664,,,,,,,,,,,,-10.44024,6.74634,-1.3857,50,5.69712,3.31912,-119.16891,-2.78171,-14.74996,26.64759,-22.64283,FOR_RAM,SAC_PIO,FordhamUniversity,D1,A10,20260428-FordhamUniversity-1,75b15480-434b-11f1-a27e-053988b4ee35,81.11762,,,8.04996,,,,,,,13ca75c8-bb5c-4445-823c-d5e13dddedc7,2026-04-28,21:44:39.53,2026-04-28T17:44:39.5394048-04:00,2026-04-28T21:44:39.5394048Z,,v3,471298,471423,4e64d94106064b97a0d56267f0d32905,"McAndrews, Thomas",836274,Right,FOR_RAM,c792aaef-7756-47ed-9073-d38fde36600a,54.36969,-120.14205,13.3238,5.78361,-1.95482,-11.32142,-1.51675,3.85778,-7.37498,,,,,,,,,,,,,,,,,,,,,,,,,,,,,,,,,,,,,,,,,,,,,,,,,,,High,High,High,,,,,
278,2026-04-28,17:44:52.14,1,3,"Morello, Mason",836181,Right,FOR_RAM,"Martin, Drew",1000527196,Left,SAC_PIO,Undefined,8,Top,0,1,1,Sinker,Changeup,BallCalled,Undefined,Undefined,Undefined,0,0,,81.72624,-0.109965,-1.021826,1999.297775,242.669968,2:00,5.77533,1.42013,6.37603,-31.26076,10.51197,17.35493,3.06908,1.92617,73.57914,-6.024357,2.123377,0.465177,,,,,,,,,,,,-9.26898,5.98701,-1.35332,50,5.75332,1.4514,-118.59959,-1.1081,-12.94331,26.82605,-23.81372,FOR_RAM,SAC_PIO,FordhamUniversity,D1,A10,20260428-FordhamUniversity-1,7d3305a0-434b-11f1-a27e-053988b4ee35,81.02823,,,8.1471,,,,,,,13ca75c8-bb5c-4445-823c-d5e13dddedc7,2026-04-28,21:44:52.14,2026-04-28T17:44:52.1462784-04:00,2026-04-28T21:44:52.1462784Z,,v3,471298,471423,4e64d94106064b97a0d56267f0d32905,"McAndrews, Thomas",836274,Right,FOR_RAM,65ff9536-0fba-486c-9cdc-a7485c2733da,54.11842,-119.52751,13.41303,5.7774,-0.28438,-11.90686,-1.41127,1.89911,-6.47166,,,,,,,,,,,,,,,,,,,,,,,,,,,,,,,,,,,,,,,,,,,,,,,,,,,High,High,High,,,,,
279,2026-04-28,17:45:10.08,1,4,"Morello, Mason",836181,Right,FOR_RAM,"Martin, Drew",1000527196,Left,SAC_PIO,Undefined,8,Top,0,2,1,Sinker,Changeup,BallCalled,Undefined,Undefined,Undefined,0,0,,82.627,-2.641236,-2.753953,1899.079639,245.355505,2:15,5.73062,1.47925,6.08754,-31.00061,10.50615,19.45875,0.69937,0.55127,74.54061,-8.441515,0.754119,0.463693,,,,,,,,,,,,-11.02461,6.75855,-1.27705,50,5.51034,5.01494,-119.64984,-6.45031,-15.64515,27.6211,-22.58294,FOR_RAM,SAC_PIO,FordhamUniversity,D1,A10,20260428-FordhamUniversity-1,87e165a0-434b-11f1-a27e-053988b4ee35,81.28746,,,8.08639,,,,,,,13ca75c8-bb5c-4445-823c-d5e13dddedc7,2026-04-28,21:45:10.08,2026-04-28T17:45:10.0835328-04:00,2026-04-28T21:45:10.0835328Z,,v3,471298,471423,4e64d94106064b97a0d56267f0d32905,"McAndrews, Thomas",836274,Right,FOR_RAM,2cb6c6ee-5ef8-43a2-9981-251c94e186d4,54.41028,-120.66366,13.81055,5.73188,-5.62141,-11.29147,-1.47166,5.58919,-7.82258,,,,,,,,,,,,,,,,,,,,,,,,,,,,,,,,,,,,,,,,,,,,,,,,,,,High,High,High,,,,,
280,2026-04-28,17:45:24.75,1,5,"Morello, Mason",836181,Right,FOR_RAM,"Martin, Drew",1000527196,Left,SAC_PIO,Undefined,8,Top,0,3,1,Sinker,Changeup,BallCalled,Walk,Undefined,Undefined,0,0,,81.51723,-0.650962,-1.091605,1979.988687,233.733278,1:45,5.73699,1.57328,6.28051,-28.46852,13.7545,16.5771,2.76449,1.94846,73.26072,-6.055538,1.907005,0.467677,,,,,,,,,,,,-8.89252,7.82461,-1.49995,50,5.6754,1.61729,-118.24238,-2.12602,-12.32127,27.02562,-21.33242,FOR_RAM,SAC_PIO,FordhamUniversity,D1,A10,20260428-FordhamUniversity-1,90ab4e30-434b-11f1-a27e-053988b4ee35,80.59502,,,8.25651,,,,,,,13ca75c8-bb5c-4445-823c-d5e13dddedc7,2026-04-28,21:45:24.75,2026-04-28T17:45:24.7539712-04:00,2026-04-28T21:45:24.7539712Z,,v3,471298,471423,4e64d94106064b97a0d56267f0d32905,"McAndrews, Thomas",836274,Right,FOR_RAM,51fdfba2-64fe-4d19-b4a7-7ab00b7adbf2,54.21376,-119.2016,13.51281,5.73742,-1.36887,-10.66621,-1.56511,2.0546,-6.16064,,,,,,,,,,,,,,,,,,,,,,,,,,,,,,,,,,,,,,,,,,,,,,,,,,,High,High,High,,,,,
281,2026-04-28,17:45:53.82,2,1,"Morello, Mason",836181,Right,FOR_RAM,"Link, Peter",836328,Right,SAC_PIO,Undefined,8,Top,0,0,0,Sinker,Changeup,StrikeCalled,Undefined,Undefined,Undefined,0,0,,82.6615,-1.022074,-1.909283,1920.726003,231.982666,1:45,5.8313,1.43848,5.98458,-27.29706,14.36017,16.30517,2.6086,1.02695,74.0798,-6.188145,1.022795,0.464533,,,,,,,,,,,,-8.92209,8.18256,-1.29613,50,5.73582,3.32731,-119.74428,-2.93197,-12.65882,28.0397,-20.56449,FOR_RAM,SAC_PIO,FordhamUniversity,D1,A10,20260428-FordhamUniversity-1,a200b6c0-434b-11f1-a27e-053988b4ee35,81.14051,,,8.5817,,,,,,,13ca75c8-bb5c-4445-823c-d5e13dddedc7,2026-04-28,21:45:53.82,2026-04-28T17:45:53.8251776-04:00,2026-04-28T21:45:53.8251776Z,,v3,471298,471423,4e64d94106064b97a0d56267f0d32905,"McAndrews, Thomas",836274,Right,FOR_RAM,d6472fd5-3513-4ac7-86d0-ca479ca5a8b9,54.50862,-120.79542,14.01985,5.83129,-2.16106,-10.28225,-1.42976,3.80186,-6.32941,,,,,,,,,,,,,,,,,,,,,,,,,,,,,,,,,,,,,,,,,,,,,,,,,,,High,High,High,,,,,
282,2026-04-28,17:46:11.57,2,2,"Morello, Mason",836181,Right,FOR_RAM,"Link, Peter",836328,Right,SAC_PIO,Undefined,8,Top,0,0,1,Sinker,Changeup,FoulBallNotFieldable,Undefined,Undefined,Undefined,0,0,,82.09906,-0.731652,-2.314894,1937.891653,246.313977,2:15,5.87504,1.38351,6.04821,-32.74238,9.21276,17.43871,2.46859,0.69256,73.9657,-6.868566,0.825303,0.466191,97.00366,1.458423,-57.705798,4042.970146,,,,69.25602,69.25602,-58.570932,0.499057,-9.81127,5.42008,-1.21281,50,5.80061,4.14905,-119.04073,-2.5084,-13.79716,27.1095,-24.55204,FOR_RAM,SAC_PIO,FordhamUniversity,D1,A10,20260428-FordhamUniversity-1,ac8f80d0-434b-11f1-a27e-053988b4ee35,80.85189,3.23386,,8.13337,,,,3.18547,3.07431,-0.99493,13ca75c8-bb5c-4445-823c-d5e13dddedc7,2026-04-28,21:46:11.57,2026-04-28T17:46:11.5792384-04:00,2026-04-28T21:46:11.5792384Z,GroundBall,v3,471298,471423,4e64d94106064b97a0d56267f0d32905,"McAndrews, Thomas",836274,Right,FOR_RAM,54cac553-3ed8-41bb-b96e-ae10541b24cc,54.44961,-120.04977,13.55475,5.87697,-1.59455,-12.27602,-1.3768,4.6626,-6.89858,,3.18547,75.98648,-21.70973,3.70296,-0.84634,0.18666,-0.04191,0.00909,-0.00127,3.07431,3.62103,-20.74789,2.54566,-0.55246,0.13969,-0.03325,0.00898,-0.00205,-0.99493,-120.22566,7.83792,-0.45838,0.06335,0.00515,0.00132,-0.00528,0.00296,,,,,,,,,,,,,,,,,,,,,,,High,High,High,Medium,High,,,
283,2026-04-28,17:46:34.87,2,3,"Morello, Mason",836181,Right,FOR_RAM,"Link, Peter",836328,Right,SAC_PIO,Undefined,8,Top,0,0,2,Slider,Curveball,InPlay,Undefined,LineDrive,HomeRun,0,2,,71.89479,1.562236,-0.008828,2330.13512,81.045029,8:45,5.74534,1.28136,5.51425,-56.11164,-0.49197,-15.6358,2.53053,-0.02987,65.28291,-8.726588,-2.79873,0.536767,98.36079,26.84104,-31.06143,1597.648974,96.58416,47.57594,-52.64484,342.22057,322.63699,-28.93408,4.139122,7.9493,-0.26736,-1.26953,50,5.84374,0.56913,-104.26128,1.14479,8.60193,20.29913,-32.46336,FOR_RAM,SAC_PIO,FordhamUniversity,D1,A10,20260428-FordhamUniversity-1,ba79aae0-434b-11f1-a27e-053988b4ee35,70.22125,60.97193,,6.61188,,,,3.15177,2.51863,0.55912,13ca75c8-bb5c-4445-823c-d5e13dddedc7,2026-04-28,21:46:34.87,2026-04-28T17:46:34.8760064-04:00,2026-04-28T21:46:34.8760064Z,FlyBall,v3,471298,471423,4e64d94106064b97a0d56267f0d32905,"McAndrews, Thomas",836274,Right,FOR_RAM,bef36a22-d78e-4cac-8e77-f471f01d45e9,54.98521,-105.2274,10.14957,5.75249,2.68985,-16.23168,-1.28688,0.15973,4.30097,,3.1473,110.38043,-17.26196,4.3815,-1.80819,0.78157,-0.22696,0.03517,-0.00215,2.51536,65.22133,-20.86414,2.26538,-0.94002,0.45672,-0.13844,0.02268,-0.00152,0.55961,-66.41913,15.62135,-4.99113,1.18768,-0.15168,-0.01086,0.00772,-0.00087,,,,,,,,,,,,,,,,,,,,,,,High,High,High,Low,Medium,,,
284,2026-04-28,17:47:22.15,3,1,"Morello, Mason",836181,Right,FOR_RAM,"Donohue, Gavin",1000302007,Right,SAC_PIO,Undefined,8,Top,0,0,0,Sinker,Changeup,BallCalled,Undefined,Undefined,Undefined,0,0,,83.8288,-0.481616,-1.418986,1986.234675,233.257766,1:45,5.76817,1.33382,6.62417,-25.46529,14.12268,16.84564,3.2049,1.438,74.90817,-5.37648,1.647218,0.452849,,,,,,,,,,,,-9.22898,8.033,-1.24299,50,5.72515,2.36459,-121.5966,-1.67512,-13.45536,29.66907,-20.46237,FOR_RAM,SAC_PIO,FordhamUniversity,D1,A10,20260428-FordhamUniversity-1,d69cbb40-434b-11f1-a27e-053988b4ee35,83.2341,,,8.92063,,,,,,,13ca75c8-bb5c-4445-823c-d5e13dddedc7,2026-04-28,21:47:22.15,2026-04-28T17:47:22.1599232-04:00,2026-04-28T21:47:22.1599232Z,,v3,471298,471423,4e64d94106064b97a0d56267f0d32905,"McAndrews, Thomas",836274,Right,FOR_RAM,8de2899f-e2b3-47f1-9201-7bf206b45b73,53.86877,-122.53693,14.83453,5.76797,-1.02659,-10.23118,-1.32469,2.79105,-6.72768,,,,,,,,,,,,,,,,,,,,,,,,,,,,,,,,,,,,,,,,,,,,,,,,,,,High,High,High,,,,,
285,2026-04-28,17:47:34.66,3,2,"Morello, Mason",836181,Right,FOR_RAM,"Donohue, Gavin",1000302007,Right,SAC_PIO,Undefined,8,Top,0,1,0,Sinker,Changeup,BallCalled,Undefined,Undefined,Undefined,0,0,,82.86469,-3.919505,-3.392111,2022.308888,247.793166,2:15,5.76395,1.38115,6.14589,-32.38305,8.71241,17.66934,-0.56845,-0.28453,75.34779,-9.927327,-0.203263,0.46139,,,,,,,,,,,,-10.35382,6.17729,-1.1321,50,5.44798,6.45516,-119.86715,-9.19752,-14.82842,26.55085,-23.32712,FOR_RAM,SAC_PIO,FordhamUniversity,D1,A10,20260428-FordhamUniversity-1,de0edc00-434b-11f1-a27e-053988b4ee35,81.6932,,,7.5169,,,,,,,13ca75c8-bb5c-4445-823c-d5e13dddedc7,2026-04-28,21:47:34.66,2026-04-28T17:47:34.6655232-04:00,2026-04-28T21:47:34.6655232Z,,v3,471298,471423,4e64d94106064b97a0d56267f0d32905,"McAndrews, Thomas",836274,Right,FOR_RAM,4ae818f1-55de-4666-af61-6b63d4d2bff7,54.35371,-120.82765,13.27543,5.76545,-8.35363,-11.66356,-1.37532,6.9916,-7.41421,,,,,,,,,,,,,,,,,,,,,,,,,,,,,,,,,,,,,,,,,,,,,,,,,,,High,High,High,,,,,
286,2026-04-28,17:47:50.98,3,3,"Morello, Mason",836181,Right,FOR_RAM,"Donohue, Gavin",1000302007,Right,SAC_PIO,Undefined,8,Top,0,2,0,Sinker,Changeup,FoulBallNotFieldable,Undefined,Undefined,Undefined,0,0,,83.22765,-1.969494,-2.752681,1991.001485,235.801577,1:45,5.77788,1.4628,6.24592,-27.3586,13.33111,17.31162,1.67873,0.36469,74.78779,-7.149871,0.374901,0.459107,,,,,,,,,,,,-9.95044,8.0378,-1.26628,50,5.61791,5.14045,-120.5726,-4.92223,-14.31706,28.3813,-20.60898,FOR_RAM,SAC_PIO,FordhamUniversity,D1,A10,20260428-FordhamUniversity-1,e7d80c20-434b-11f1-a27e-053988b4ee35,82.0995,,,8.43986,,,,,,,13ca75c8-bb5c-4445-823c-d5e13dddedc7,2026-04-28,21:47:50.98,2026-04-28T17:47:50.9867520-04:00,2026-04-28T21:47:50.9867520Z,,v3,471298,471423,4e64d94106064b97a0d56267f0d32905,"McAndrews, Thomas",836274,Right,FOR_RAM,02321aba-5472-4260-892f-46afe38a27c4,54.25085,-121.56908,14.19065,5.77803,-4.19864,-10.30449,-1.45559,5.64312,-7.15853,,,,,,,,,,,,,,,,,,,,,,,,,,,,,,,,,,,,,,,,,,,,,,,,,,,High,High,High,,,,,
287,2026-04-28,17:48:07.61,3,4,"Morello, Mason",836181,Right,FOR_RAM,"Donohue, Gavin",1000302007,Right,SAC_PIO,Undefined,8,Top,0,2,1,Sinker,Changeup,HitByPitch,Undefined,Undefined,Undefined,0,0,,81.29268,0.341832,-0.576883,1973.88976,229.83487,1:45,5.75372,1.42885,6.28791,-29.14529,13.16131,13.76367,3.63998,2.04416,73.18261,-5.18889,1.912253,0.46814,,,,,,,,,,,,-7.33323,7.16831,-1.39269,50,5.76497,0.67625,-117.9891,-0.09872,-10.14279,26.39503,-22.25933,FOR_RAM,SAC_PIO,FordhamUniversity,D1,A10,20260428-FordhamUniversity-1,f1c53f00-434b-11f1-a27e-053988b4ee35,80.51534,,,8.11007,,,,,,,13ca75c8-bb5c-4445-823c-d5e13dddedc7,2026-04-28,21:48:07.61,2026-04-28T17:48:07.6118016-04:00,2026-04-28T21:48:07.6118016Z,,v3,471298,471423,4e64d94106064b97a0d56267f0d32905,"McAndrews, Thomas",836274,Right,FOR_RAM,26ae857b-1316-4ec2-9eb5-9974fea1ffd5,54.20808,-118.92676,13.19752,5.75443,0.69201,-11.12967,-1.42311,1.03656,-5.07139,,,,,,,,,,,,,,,,,,,,,,,,,,,,,,,,,,,,,,,,,,,,,,,,,,,High,High,High,,,,,
288,2026-04-28,17:49:07.92,4,1,"Morello, Mason",836181,Right,FOR_RAM,"Rudolph, Will",1000236032,Right,SAC_PIO,Undefined,8,Top,0,0,0,Sinker,Four-Seam,StrikeCalled,Undefined,Undefined,Undefined,0,0,,83.85178,-2.299709,-3.258693,2009.495224,214.343387,1:15,5.77427,1.47116,6.26644,-20.33458,19.53505,12.33883,1.95496,-0.50817,75.63526,-6.20517,-1.032524,0.454457,,,,,,,,,,,,-7.36386,11.26528,-1.23503,50,5.59359,6.42251,-121.40595,-5.3909,-10.82893,27.03259,-15.60787,FOR_RAM,SAC_PIO,FordhamUniversity,D1,A10,20260428-FordhamUniversity-1,15bc3f30-434c-11f1-a27e-053988b4ee35,82.93957,,,8.21651,,,,,,,13ca75c8-bb5c-4445-823c-d5e13dddedc7,2026-04-28,21:49:07.92,2026-04-28T17:49:07.9213056-04:00,2026-04-28T21:49:07.9213056Z,,v3,471298,471423,4e64d94106064b97a0d56267f0d32905,"McAndrews, Thomas",836274,Right,FOR_RAM,fc3541b9-2190-4ba2-9427-e061ab602cbf,54.22736,-122.3436,13.5163,5.77119,-4.84953,-7.80393,-1.46432,6.79812,-5.41447,,,,,,,,,,,,,,,,,,,,,,,,,,,,,,,,,,,,,,,,,,,,,,,,,,,High,High,High,,,,,
289,2026-04-28,17:49:30.16,4,2,"Morello, Mason",836181,Right,FOR_RAM,"Rudolph, Will",1000236032,Right,SAC_PIO,Undefined,8,Top,0,0,1,Sinker,Changeup,BallCalled,Undefined,Undefined,Undefined,0,0,,82.31004,-2.901168,-3.23266,2043.888786,236.164959,1:45,5.82455,1.41616,6.05604,-30.68758,11.40115,14.53871,0.57532,-0.36765,73.99527,-8.64966,-0.615449,0.466933,,,,,,,,,,,,-8.57426,7.36307,-1.17229,50,5.58257,6.1517,-119.01531,-6.95364,-12.00587,27.90245,-21.86409,FOR_RAM,SAC_PIO,FordhamUniversity,D1,A10,20260428-FordhamUniversity-1,22fb3520-434c-11f1-a27e-053988b4ee35,80.72351,,,8.31477,,,,,,,13ca75c8-bb5c-4445-823c-d5e13dddedc7,2026-04-28,21:49:30.16,2026-04-28T17:49:30.1655552-04:00,2026-04-28T21:49:30.1655552Z,,v3,471298,471423,4e64d94106064b97a0d56267f0d32905,"McAndrews, Thomas",836274,Right,FOR_RAM,1c66c01b-fce6-40c5-8302-137de09fbcb8,54.43876,-120.05144,13.95123,5.82572,-6.14174,-10.93205,-1.409,6.59753,-6.00293,,,,,,,,,,,,,,,,,,,,,,,,,,,,,,,,,,,,,,,,,,,,,,,,,,,High,High,High,,,,,
290,2026-04-28,17:49:48.20,4,3,"Morello, Mason",836181,Right,FOR_RAM,"Rudolph, Will",1000236032,Right,SAC_PIO,Undefined,8,Top,0,1,1,Sinker,Changeup,StrikeCalled,Undefined,Undefined,Undefined,0,0,,83.71329,-1.912125,-3.64084,1932.028469,237.088502,2:00,5.89843,1.21328,6.07749,-27.58466,13.05237,17.68966,1.8263,-0.68576,74.98648,-7.123863,-0.459205,0.45881,,,,,,,,,,,,-10.26268,7.84847,-0.94011,50,5.73595,6.9828,-121.06979,-4.86057,-14.87456,28.81454,-20.79858,FOR_RAM,SAC_PIO,FordhamUniversity,D1,A10,20260428-FordhamUniversity-1,2dbc32c0-434c-11f1-a27e-053988b4ee35,82.15269,,,8.72681,,,,,,,13ca75c8-bb5c-4445-823c-d5e13dddedc7,2026-04-28,21:49:48.20,2026-04-28T17:49:48.2094080-04:00,2026-04-28T21:49:48.2094080Z,,v3,471298,471423,4e64d94106064b97a0d56267f0d32905,"McAndrews, Thomas",836274,Right,FOR_RAM,a0504f20-35e7-4107-a54b-66d3893c1f65,54.41622,-122.11633,14.40727,5.89877,-4.10517,-10.39929,-1.20353,7.52304,-7.43728,,,,,,,,,,,,,,,,,,,,,,,,,,,,,,,,,,,,,,,,,,,,,,,,,,,High,High,High,,,,,
291,2026-04-28,17:50:06.41,4,4,"Morello, Mason",836181,Right,FOR_RAM,"Rudolph, Will",1000236032,Right,SAC_PIO,Undefined,8,Top,0,1,2,Sinker,Four-Seam,FoulBallNotFieldable,Undefined,Undefined,Undefined,0,0,,83.45348,-1.523326,-2.027063,2020.411994,212.125014,1:00,5.80791,1.26828,6.25674,-19.83619,20.49737,11.90949,2.74901,0.39079,74.9252,-5.358881,0.124142,0.457093,86.54896,-47.948089,-94.393119,,,,,2.97476,1.19691,-72.134548,0.029323,-6.8443,11.57449,-1.12339,50,5.68509,3.82233,-120.97394,-3.70426,-9.93703,28.0656,-15.36945,FOR_RAM,SAC_PIO,FordhamUniversity,D1,A10,20260428-FordhamUniversity-1,38865820-434c-11f1-a27e-053988b4ee35,82.46118,2.77126,,8.52829,,,,1.10409,2.77126,-0.33885,13ca75c8-bb5c-4445-823c-d5e13dddedc7,2026-04-28,21:50:06.41,2026-04-28T17:50:06.4189952-04:00,2026-04-28T21:50:06.4189952Z,GroundBall,v3,471298,471423,4e64d94106064b97a0d56267f0d32905,"McAndrews, Thomas",836274,Right,FOR_RAM,1312d2cb-698f-4fc0-b5b5-cf708980122f,54.23835,-121.95326,14.0328,5.80499,-3.16796,-7.68472,-1.26282,4.16907,-4.96851,,1.10417,-6.53004,,,,,,,,2.77244,-94.50663,,,,,,,,-0.33779,-84.99886,,,,,,,,,,,,,,,,,,,,,,,,,,,,,,High,High,High,Low,Low,,,
292,2026-04-28,17:50:36.00,4,5,"Morello, Mason",836181,Right,FOR_RAM,"Rudolph, Will",1000236032,Right,SAC_PIO,Undefined,8,Top,0,1,2,Slider,Curveball,StrikeCalled,Strikeout,Undefined,Undefined,1,0,,69.30875,2.809967,0.567687,2311.892068,71.610136,8:30,5.78416,1.09859,5.70743,-63.68539,-3.06996,-16.74521,3.09731,0.23209,61.76107,-8.967378,-2.429683,0.560355,,,,,,,,,,,,8.5806,-1.75386,-1.13616,50,5.98173,-0.39155,-100.23219,3.05869,8.42409,21.47026,-33.89594,FOR_RAM,SAC_PIO,FordhamUniversity,D1,A10,20260428-FordhamUniversity-1,4a492880-434c-11f1-a27e-053988b4ee35,67.26532,,,7.54768,,,,,,,13ca75c8-bb5c-4445-823c-d5e13dddedc7,2026-04-28,21:50:36.00,2026-04-28T17:50:36.0050000-04:00,2026-04-28T21:50:36.0050000Z,,v3,471298,471423,4e64d94106064b97a0d56267f0d32905,"McAndrews, Thomas",836274,Right,FOR_RAM,ec135a30-cf2f-4778-bfa7-d2c5ce2a9fc8,54.78683,-101.25236,10.73513,5.79813,4.66928,-16.94797,-1.10804,-0.79182,4.21204,,,,,,,,,,,,,,,,,,,,,,,,,,,,,78.77853,2.715615,1.402675,1.312939,-1.20011,2.66898,-0.11767,-2.08517,5.42575,3.54612,127.27832,0.17904,6.63029,-1.92979,112.83514,-11.12386,5.4829,13.61098,-13.49901,3.44023,-3.63254,4.70911,High,High,High,,,High,Medium,Medium
293,2026-04-28,17:51:09.73,5,1,"Morello, Mason",836181,Right,FOR_RAM,"Donohue, Ronan",10108737,Right,SAC_PIO,Undefined,8,Top,2,0,0,Sinker,Changeup,StrikeCalled,Undefined,Undefined,Undefined,0,0,,83.39808,-2.050882,-3.706323,1986.036222,235.641435,1:45,5.77,1.30411,6.11397,-27.05517,13.97351,18.00812,1.61437,-0.62687,74.47509,-7.18034,-0.465623,0.461015,,,,,,,,,,,,-10.49095,8.40808,-1.02816,50,5.59857,7.07923,-120.56191,-5.10183,-15.02812,29.27836,-20.12962,FOR_RAM,SAC_PIO,FordhamUniversity,D1,A10,20260428-FordhamUniversity-1,5e3e4230-434c-11f1-a27e-053988b4ee35,81.75966,,,8.92298,,,,,,,13ca75c8-bb5c-4445-823c-d5e13dddedc7,2026-04-28,21:51:09.73,2026-04-28T17:51:09.7313792-04:00,2026-04-28T21:51:09.7313792Z,,v3,471298,471423,4e64d94106064b97a0d56267f0d32905,"McAndrews, Thomas",836274,Right,FOR_RAM,b08dc16a-c8b4-4033-a9b0-0cce82418b45,54.37918,-121.62074,14.63918,5.76991,-4.37386,-10.06481,-1.294,7.62271,-7.51406,,,,,,,,,,,,,,,,,,,,,,,,,,,,,,,,,,,,,,,,,,,,,,,,,,,High,High,High,,,,,
294,2026-04-28,17:51:22.65,5,2,"Morello, Mason",836181,Right,FOR_RAM,"Donohue, Ronan",10108737,Right,SAC_PIO,Undefined,8,Top,2,0,1,Sinker,Changeup,FoulBallNotFieldable,Undefined,Undefined,Undefined,0,0,,83.08911,-1.155622,-2.670895,1911.387442,235.419311,1:45,5.72806,1.25565,6.01177,-27.52742,13.87804,17.71552,2.36226,0.25588,74.12997,-6.373655,0.514678,0.463127,,,,,,,,,,,,-10.09918,8.01418,-1.05573,50,5.6226,4.91559,-120.29811,-3.23043,-14.37704,29.5403,-20.76517,FOR_RAM,SAC_PIO,FordhamUniversity,D1,A10,20260428-FordhamUniversity-1,665136d0-434c-11f1-a27e-053988b4ee35,81.38681,,,8.95914,,,,,,,13ca75c8-bb5c-4445-823c-d5e13dddedc7,2026-04-28,21:51:22.65,2026-04-28T17:51:22.6593792-04:00,2026-04-28T21:51:22.6593792Z,,v3,471298,471423,4e64d94106064b97a0d56267f0d32905,"McAndrews, Thomas",836274,Right,FOR_RAM,091a7ada-8d58-4fb6-8c8f-71c59dee45a3,54.48409,-121.39422,14.77015,5.72817,-2.45992,-10.38259,-1.24802,5.44906,-7.18852,,,,,,,,,,,,,,,,,,,,,,,,,,,,,,,,,,,,,,,,,,,,,,,,,,,High,High,High,,,,,
295,2026-04-28,17:51:41.02,5,3,"Morello, Mason",836181,Right,FOR_RAM,"Donohue, Ronan",10108737,Right,SAC_PIO,Undefined,8,Top,2,0,2,Sinker,Changeup,BallCalled,Undefined,Undefined,Undefined,0,0,,83.75963,-2.362493,-2.925344,1921.216331,196.296227,12:30,5.75307,1.20714,6.15451,-19.12422,21.44855,5.79107,1.97261,-1.01532,74.74225,-6.070699,-1.882772,0.458447,,,,,,,,,,,,-3.99343,12.33327,-0.98744,50,5.56343,5.95497,-121.12372,-5.4595,-5.77663,29.45373,-14.33362,FOR_RAM,SAC_PIO,FordhamUniversity,D1,A10,20260428-FordhamUniversity-1,70eb4b80-434c-11f1-a27e-053988b4ee35,82.21771,,,9.01738,,,,,,,13ca75c8-bb5c-4445-823c-d5e13dddedc7,2026-04-28,21:51:41.02,2026-04-28T17:51:41.0263552-04:00,2026-04-28T21:51:41.0263552Z,,v3,471298,471423,4e64d94106064b97a0d56267f0d32905,"McAndrews, Thomas",836274,Right,FOR_RAM,7624d554-e8af-4ed2-8ebe-7ac8e7084d3b,54.337,-122.1738,14.72687,5.74896,-4.94849,-7.16681,-1.20342,6.16092,-2.88832,,,,,,,,,,,,,,,,,,,,,,,,,,,,,,,,,,,,,,,,,,,,,,,,,,,High,High,High,,,,,
296,2026-04-28,17:51:56.39,5,4,"Morello, Mason",836181,Right,FOR_RAM,"Donohue, Ronan",10108737,Right,SAC_PIO,Undefined,8,Top,2,1,2,Slider,Curveball,BallCalled,Undefined,Undefined,Undefined,0,0,,70.24878,-0.344479,-0.830038,2300.197344,85.774189,8:45,5.72986,1.13757,5.57257,-58.09279,0.96008,-19.06914,0.56699,-1.22688,63.30689,-10.992741,-4.241163,0.553085,,,,,,,,,,,,9.36697,1.25437,-1.05317,50,5.66264,2.13931,-101.72843,-2.31004,9.48539,21.91633,-30.90384,FOR_RAM,SAC_PIO,FordhamUniversity,D1,A10,20260428-FordhamUniversity-1,7a2226b0-434c-11f1-a27e-053988b4ee35,68.14946,,,6.9419,,,,,,,13ca75c8-bb5c-4445-823c-d5e13dddedc7,2026-04-28,21:51:56.39,2026-04-28T17:51:56.3981824-04:00,2026-04-28T21:51:56.3981824Z,,v3,471298,471423,4e64d94106064b97a0d56267f0d32905,"McAndrews, Thomas",836274,Right,FOR_RAM,a43a491a-5ce1-4af3-a51d-825ec54aad81,54.92432,-102.78385,10.95816,5.73805,-0.82182,-15.45192,-1.1452,1.68252,4.7427,,,,,,,,,,,,,,,,,,,,,,,,,,,,,,,,,,,,,,,,,,,,,,,,,,,High,High,High,,,,,
297,2026-04-28,17:52:13.37,5,5,"Morello, Mason",836181,Right,FOR_RAM,"Donohue, Ronan",10108737,Right,SAC_PIO,Undefined,8,Top,2,2,2,Slider,Curveball,BallCalled,Undefined,Undefined,Undefined,0,0,,69.20454,-0.402641,-0.462542,2252.709538,75.364971,8:30,5.71971,1.15799,5.65257,-62.31413,-2.40555,-17.53229,0.15133,-0.73444,63.24372,-11.765897,-3.60753,0.557078,,,,,,,,,,,,8.84119,-0.57417,-1.10712,50,5.64592,1.39046,-100.39981,-2.48738,8.82823,19.54834,-32.7474,FOR_RAM,SAC_PIO,FordhamUniversity,D1,A10,20260428-FordhamUniversity-1,84450f90-434c-11f1-a27e-053988b4ee35,67.66099,,,5.96083,,,,,,,13ca75c8-bb5c-4445-823c-d5e13dddedc7,2026-04-28,21:52:13.37,2026-04-28T17:52:13.3712384-04:00,2026-04-28T21:52:13.3712384Z,,v3,471298,471423,4e64d94106064b97a0d56267f0d32905,"McAndrews, Thomas",836274,Right,FOR_RAM,cc0405d5-f326-4ba7-b1e4-2aa1a0948d56,54.8477,-101.33928,9.77417,5.72764,-0.91357,-16.3737,-1.16375,0.96618,4.41412,,,,,,,,,,,,,,,,,,,,,,,,,,,,,,,,,,,,,,,,,,,,,,,,,,,High,High,High,,,,,
298,2026-04-28,17:52:28.00,5,6,"Morello, Mason",836181,Right,FOR_RAM,"Donohue, Ronan",10108737,Right,SAC_PIO,Undefined,8,Top,2,3,2,Sinker,Changeup,HitByPitch,Undefined,Undefined,Undefined,0,0,,81.96929,0.536762,-0.557947,1863.966386,202.453283,12:45,5.73715,1.38349,6.37601,-23.86612,18.00052,6.75658,4.24218,1.43319,72.98759,-4.076007,0.665607,0.465699,,,,,,,,,,,,-3.68898,9.62922,-1.34604,50,5.76481,0.89894,-118.83168,0.52156,-5.12818,28.67076,-18.78821,FOR_RAM,SAC_PIO,FordhamUniversity,D1,A10,20260428-FordhamUniversity-1,8cfe2f40-434c-11f1-a27e-053988b4ee35,80.93729,,,8.9817,,,,,,,13ca75c8-bb5c-4445-823c-d5e13dddedc7,2026-04-28,21:52:28.00,2026-04-28T17:52:28.0067072-04:00,2026-04-28T21:52:28.0067072Z,,v3,471298,471423,4e64d94106064b97a0d56267f0d32905,"McAndrews, Thomas",836274,Right,FOR_RAM,609fa16a-3490-46ec-9605-1d61eba4aab2,54.11634,-119.82072,14.33538,5.73564,1.16969,-9.3941,-1.3801,1.07584,-2.56409,,,,,,,,,,,,,,,,,,,,,,,,,,,,,,,,,,,,,,,,,,,,,,,,,,,High,High,High,,,,,
299,2026-04-28,17:55:54.62,6,1,"Berg, Aric",1000177598,Right,FOR_RAM,"Nolan, CJ",1000398229,Right,SAC_PIO,Undefined,8,Top,2,0,0,Curveball,Curveball,BallCalled,Undefined,Undefined,Undefined,0,0,,76.09546,0.717777,-1.382936,2767.045539,26.060413,6:45,5.77074,1.10854,5.03983,-64.43925,-13.90485,-7.65937,1.07816,-0.83458,69.45512,-10.87743,-2.740453,0.511641,,,,,,,,,,,,3.36732,-6.70323,-0.97008,50,5.78717,2.96644,-110.31895,-0.89707,4.0791,22.74457,-40.29415,FOR_RAM,SAC_PIO,FordhamUniversity,D1,A10,20260428-FordhamUniversity-1,081a7350-434d-11f1-a27e-053988b4ee35,73.66977,,,6.64034,,,,,,,13ca75c8-bb5c-4445-823c-d5e13dddedc7,2026-04-28,21:55:54.62,2026-04-28T17:55:54.6279936-04:00,2026-04-28T21:55:54.6279936Z,,v3,471298,471423,4e64d94106064b97a0d56267f0d32905,"McAndrews, Thomas",836274,Right,FOR_RAM,63d99bf4-03bc-4400-8424-a45309790c99,55.46178,-111.43932,11.37228,5.78247,1.08777,-20.14708,-1.11125,2.76551,2.03955,,,,,,,,,,,,,,,,,,,,,,,,,,,,,,,,,,,,,,,,,,,,,,,,,,,High,High,High,,,,,
300,2026-04-28,17:56:34.18,6,2,"Berg, Aric",1000177598,Right,FOR_RAM,"Nolan, CJ",1000398229,Right,SAC_PIO,Undefined,8,Top,2,1,0,Fastball,Four-Seam,InPlay,Undefined,LineDrive,Double,0,1,,90.15722,-2.341402,-2.129604,2423.379914,206.343308,1:00,5.80527,1.00768,5.4406,-14.16438,21.82253,10.07827,2.42979,-0.14744,80.17152,-5.103256,-0.337393,0.431761,101.39397,22.617183,-19.930296,1812.671624,102.39953,41.39149,-40.17777,354.44178,348.26652,-25.868851,4.020096,-5.83303,12.22233,-0.82653,50,5.58907,4.38128,-130.31499,-5.7152,-9.75075,34.50078,-11.74274,FOR_RAM,SAC_PIO,FordhamUniversity,D1,A10,20260428-FordhamUniversity-1,1fa92e80-434d-11f1-a27e-053988b4ee35,87.29929,55.40362,,9.9857,,,,1.46322,2.43158,0.19522,13ca75c8-bb5c-4445-823c-d5e13dddedc7,2026-04-28,21:56:34.18,2026-04-28T17:56:34.1800448-04:00,2026-04-28T21:56:34.1800448Z,LineDrive,v3,471298,471423,4e64d94106064b97a0d56267f0d32905,"McAndrews, Thomas",836274,Right,FOR_RAM,935948b3-7367-4993-b56a-a4c91b910d52,55.05347,-131.64609,17.25039,5.80083,-5.26215,-5.87137,-1.00283,4.75748,-4.87538,151.416396,1.46299,129.06195,-25.29486,6.05337,-1.25938,0.2157,-0.02633,0.00175,-3E-05,2.43204,57.17188,-16.64528,0.79412,-0.13617,0.05615,-0.01942,0.00366,-0.00027,0.19502,-46.78624,3.38188,-0.46487,0.03357,0.00367,-0.00199,0.0004,-3E-05,,,,,,,,,,,,,,,,,,,,,,,High,High,High,High,Medium,,,
301,2026-04-28,17:57:21.06,7,1,"Berg, Aric",1000177598,Right,FOR_RAM,"Yorke, David",10089071,Right,SAC_PIO,Undefined,8,Top,2,0,0,Slider,Slider,StrikeCalled,Undefined,Undefined,Undefined,0,0,,79.48011,1.041397,-0.266306,2836.685667,84.520678,8:45,5.82903,1.13584,5.11104,-45.44605,1.03559,-7.45189,3.02308,0.26397,71.4494,-7.272172,-1.585714,0.490696,,,,,,,,,,,,3.57544,0.72953,-1.10481,50,5.89232,0.85408,-115.04925,0.46648,4.69115,25.54226,-31.21687,FOR_RAM,SAC_PIO,FordhamUniversity,D1,A10,20260428-FordhamUniversity-1,3b9e5110-434d-11f1-a27e-053988b4ee35,76.81429,,,8.03072,,,,,,,13ca75c8-bb5c-4445-823c-d5e13dddedc7,2026-04-28,21:57:21.06,2026-04-28T17:57:21.0672128-04:00,2026-04-28T21:57:21.0672128Z,,v3,471298,471423,4e64d94106064b97a0d56267f0d32905,"McAndrews, Thomas",836274,Right,FOR_RAM,d2e5d677-6dc2-4f3d-8b0d-bc24e6af5cdd,55.3832,-116.23824,12.77113,5.83678,1.91962,-15.60844,-1.13948,0.63571,2.34558,,,,,,,,,,,,,,,,,,,,,,,,,,,,,,,,,,,,,,,,,,,,,,,,,,,High,High,High,,,,,
302,2026-04-28,17:57:39.29,7,2,"Berg, Aric",1000177598,Right,FOR_RAM,"Yorke, David",10089071,Right,SAC_PIO,Undefined,8,Top,2,0,1,Curveball,Curveball,FoulBallNotFieldable,Undefined,Undefined,Undefined,0,0,,77.40099,1.368523,-1.208668,2979.691012,46.418402,7:30,5.76715,1.12883,5.33375,-58.33672,-9.27331,-11.79241,2.19026,-0.98803,69.32183,-9.275471,-3.306508,0.504139,57.94236,36.326711,160.988326,4730.634997,,,,124.97045,52.47601,163.6438,2.3046,5.49083,-4.6926,-1.01073,50,5.84873,2.82902,-112.03349,0.6769,6.75069,26.39617,-37.94338,FOR_RAM,SAC_PIO,FordhamUniversity,D1,A10,20260428-FordhamUniversity-1,467bd760-434d-11f1-a27e-053988b4ee35,74.76596,27.77868,,8.07916,,,,2.84124,2.43203,0.9326,13ca75c8-bb5c-4445-823c-d5e13dddedc7,2026-04-28,21:57:39.29,2026-04-28T17:57:39.2933376-04:00,2026-04-28T21:57:39.2933376Z,Popup,v3,471298,471423,4e64d94106064b97a0d56267f0d32905,"McAndrews, Thomas",836274,Right,FOR_RAM,aabb4222-3b30-4c5e-a774-1a132800c264,55.16465,-113.2438,13.19809,5.77781,2.41666,-18.97169,-1.13335,2.51949,3.37535,347.414121,2.84131,-64.73638,3.70627,0.74235,0.11656,-0.38018,0.26756,-0.08286,0.00957,2.43205,50.34173,-28.12949,3.65881,-0.74067,0.15607,-0.0399,0.01295,-0.00198,0.93257,22.30606,-3.3028,0.12477,-0.19125,0.2266,-0.14417,0.04397,-0.00509,,,,,,,,,,,,,,,,,,,,,,,High,High,High,High,Medium,,,
303,2026-04-28,17:58:04.73,7,3,"Berg, Aric",1000177598,Right,FOR_RAM,"Yorke, David",10089071,Right,SAC_PIO,Undefined,8,Top,2,0,2,Fastball,Four-Seam,BallCalled,Undefined,Undefined,Undefined,0,0,,89.92878,-0.287738,-2.815809,2430.493324,200.287475,12:45,5.9003,0.97574,5.67122,-12.79331,23.03919,7.98524,4.5656,-0.98619,79.81346,-2.826316,-1.391415,0.430834,,,,,,,,,,,,-4.99331,12.09942,-0.74278,50,5.86817,6.02414,-130.02995,-0.93593,-8.31919,34.09337,-12.01555,FOR_RAM,SAC_PIO,FordhamUniversity,D1,A10,20260428-FordhamUniversity-1,559ea880-434d-11f1-a27e-053988b4ee35,87.48713,,,10.11532,,,,,,,13ca75c8-bb5c-4445-823c-d5e13dddedc7,2026-04-28,21:58:04.73,2026-04-28T17:58:04.7377920-04:00,2026-04-28T21:58:04.7377920Z,,v3,471298,471423,4e64d94106064b97a0d56267f0d32905,"McAndrews, Thomas",836274,Right,FOR_RAM,b434a0ea-022d-4b11-aeb3-b5645ec9abd2,54.8197,-131.28758,17.04669,5.89452,-0.4927,-6.00778,-0.97066,6.33102,-4.1596,,,,,,,,,,,,,,,,,,,,,,,,,,,,,,,,,,,,,,,,,,,,,,,,,,,High,High,High,,,,,
304,2026-04-28,17:58:22.63,7,4,"Berg, Aric",1000177598,Right,FOR_RAM,"Yorke, David",10089071,Right,SAC_PIO,Undefined,8,Top,2,1,2,Curveball,Curveball,BallCalled,Undefined,Undefined,Undefined,0,0,,77.77692,0.171946,-1.369482,3012.907292,27.643773,7:00,5.79932,0.96429,5.33055,-64.38055,-15.83095,-9.28501,0.59566,-1.09466,70.12528,-11.486197,-3.025804,0.501492,,,,,,,,,,,,4.1311,-7.41784,-0.83369,50,5.76887,3.06632,-112.63639,-1.93802,5.13511,26.63448,-41.39465,FOR_RAM,SAC_PIO,FordhamUniversity,D1,A10,20260428-FordhamUniversity-1,604c9350-434d-11f1-a27e-053988b4ee35,75.16056,,,7.65164,,,,,,,13ca75c8-bb5c-4445-823c-d5e13dddedc7,2026-04-28,21:58:22.63,2026-04-28T17:58:22.6373632-04:00,2026-04-28T21:58:22.6373632Z,,v3,471298,471423,4e64d94106064b97a0d56267f0d32905,"McAndrews, Thomas",836274,Right,FOR_RAM,1ea52b0c-7ce1-4365-b7d0-42aa563c76c8,55.16867,-113.85203,13.31724,5.81421,-0.0487,-20.69733,-0.96829,2.83194,2.56756,,,,,,,,,,,,,,,,,,,,,,,,,,,,,,,,,,,,,,,,,,,,,,,,,,,High,High,High,,,,,
305,2026-04-28,17:58:52.24,7,5,"Berg, Aric",1000177598,Right,FOR_RAM,"Yorke, David",10089071,Right,SAC_PIO,Undefined,8,Top,2,2,2,Curveball,Curveball,BallCalled,Undefined,Undefined,Undefined,0,0,,79.59555,2.506701,0.445534,2943.449618,52.824129,7:45,5.75153,0.97124,4.9696,-55.11574,-8.6526,-13.628,3.5279,0.25642,71.77426,-7.483452,-1.960533,0.490598,,,,,,,,,,,,6.82902,-4.53418,-1.00266,50,5.94892,-0.30571,-115.22432,2.97231,9.01732,24.96812,-38.16115,FOR_RAM,SAC_PIO,FordhamUniversity,D1,A10,20260428-FordhamUniversity-1,71f10640-434d-11f1-a27e-053988b4ee35,76.82959,,,7.82129,,,,,,,13ca75c8-bb5c-4445-823c-d5e13dddedc7,2026-04-28,21:58:52.24,2026-04-28T17:58:52.2400256-04:00,2026-04-28T21:58:52.2400256Z,,v3,471298,471423,4e64d94106064b97a0d56267f0d32905,"McAndrews, Thomas",836274,Right,FOR_RAM,8c606075-fbf4-4808-b343-9a531bc0393e,55.52871,-116.41618,12.48406,5.76356,4.79394,-19.08057,-0.9778,-0.73615,4.50866,,,,,,,,,,,,,,,,,,,,,,,,,,,,,,,,,,,,,,,,,,,,,,,,,,,High,High,High,,,,,
306,2026-04-28,17:59:14.24,7,6,"Berg, Aric",1000177598,Right,FOR_RAM,"Yorke, David",10089071,Right,SAC_PIO,Undefined,8,Top,2,3,2,Fastball,Four-Seam,BallCalled,Walk,Undefined,Undefined,0,0,,89.78564,-0.545092,-1.287926,2478.69052,207.864077,1:00,5.91173,0.8594,5.712,-14.00331,21.68198,10.7302,4.23682,0.55353,80.07648,-3.29114,0.630807,0.429948,,,,,,,,,,,,-5.82292,11.52678,-0.75802,50,5.85763,2.43081,-130.02106,-1.58007,-9.73685,33.15357,-12.89937,FOR_RAM,SAC_PIO,FordhamUniversity,D1,A10,20260428-FordhamUniversity-1,7f6256d0-434d-11f1-a27e-053988b4ee35,87.66742,,,9.70915,,,,,,,13ca75c8-bb5c-4445-823c-d5e13dddedc7,2026-04-28,21:59:14.24,2026-04-28T17:59:14.2439424-04:00,2026-04-28T21:59:14.2439424Z,,v3,471298,471423,4e64d94106064b97a0d56267f0d32905,"McAndrews, Thomas",836274,Right,FOR_RAM,9359a7e1-28d5-4344-8487-3474e4d35fb7,54.78017,-131.23428,16.57679,5.90681,-1.10803,-6.44969,-0.85349,2.78712,-4.86843,,,,,,,,,,,,,,,,,,,,,,,,,,,,,,,,,,,,,,,,,,,,,,,,,,,High,High,High,,,,,
307,2026-04-28,17:59:43.37,8,1,"Berg, Aric",1000177598,Right,FOR_RAM,"Wilson, Chris",1000507906,Right,SAC_PIO,Undefined,8,Top,2,0,0,Fastball,Four-Seam,BallCalled,Undefined,Undefined,Undefined,0,0,,89.55481,-0.737734,-2.409645,2416.539967,215.477351,1:15,5.95917,0.92955,5.63405,-16.32292,19.60926,12.99363,3.90999,-0.23711,80.05623,-3.888964,-0.091193,0.431433,,,,,,,,,,,,-7.32095,10.52713,-0.73269,50,5.88627,4.85881,-129.6291,-2.12793,-12.1992,32.32623,-14.63231,FOR_RAM,SAC_PIO,FordhamUniversity,D1,A10,20260428-FordhamUniversity-1,90653290-434d-11f1-a27e-053988b4ee35,87.36569,,,9.49859,,,,,,,13ca75c8-bb5c-4445-823c-d5e13dddedc7,2026-04-28,21:59:43.37,2026-04-28T17:59:43.3716736-04:00,2026-04-28T21:59:43.3716736Z,,v3,471298,471423,4e64d94106064b97a0d56267f0d32905,"McAndrews, Thomas",836274,Right,FOR_RAM,a46bbae6-ffd3-4617-827b-54fc8555df9d,54.85909,-130.83523,16.16311,5.95548,-1.58198,-7.31615,-0.92246,5.31397,-6.0996,,,,,,,,,,,,,,,,,,,,,,,,,,,,,,,,,,,,,,,,,,,,,,,,,,,High,High,High,,,,,
308,2026-04-28,18:00:01.88,8,2,"Berg, Aric",1000177598,Right,FOR_RAM,"Wilson, Chris",1000507906,Right,SAC_PIO,Undefined,8,Top,2,1,0,Curveball,Curveball,StrikeCalled,Undefined,Undefined,Undefined,0,0,,78.70203,1.395116,-1.16691,2910.187036,61.18069,8:00,5.7633,0.90566,4.95197,-51.0783,-3.81,-9.88402,2.82553,-1.02076,71.51229,-7.855692,-2.911235,0.49483,,,,,,,,,,,,4.48248,-1.76827,-0.78408,50,5.85681,2.74394,-114.01734,0.89941,5.83072,23.28287,-34.47418,FOR_RAM,SAC_PIO,FordhamUniversity,D1,A10,20260428-FordhamUniversity-1,9b71b820-434d-11f1-a27e-053988b4ee35,76.17246,,,7.18974,,,,,,,13ca75c8-bb5c-4445-823c-d5e13dddedc7,2026-04-28,22:00:01.88,2026-04-28T18:00:01.8838528-04:00,2026-04-28T22:00:01.8838528Z,,v3,471298,471423,4e64d94106064b97a0d56267f0d32905,"McAndrews, Thomas",836274,Right,FOR_RAM,c76cb1f3-05c2-4eff-a28c-21ef6af3215e,55.5454,-115.14417,11.64144,5.77291,2.56786,-17.23709,-0.91006,2.46175,2.91536,,,,,,,,,,,,,,,,,,,,,,,,,,,,,,,,,,,,,,,,,,,,,,,,,,,High,High,High,,,,,
309,2026-04-28,18:00:19.45,8,3,"Berg, Aric",1000177598,Right,FOR_RAM,"Wilson, Chris",1000507906,Right,SAC_PIO,Undefined,8,Top,2,1,1,Fastball,Four-Seam,BallCalled,Undefined,Undefined,Undefined,0,0,,89.70519,-0.333501,-2.458087,2456.134011,211.38745,1:00,5.88818,0.86122,5.77625,-15.91328,19.73363,11.2039,4.25146,-0.49376,80.09863,-3.42127,-0.454056,0.429717,,,,,,,,,,,,-6.47268,10.4991,-0.66467,50,5.8512,5.06673,-129.86487,-1.18256,-10.81467,32.67886,-14.63198,FOR_RAM,SAC_PIO,FordhamUniversity,D1,A10,20260428-FordhamUniversity-1,a5e09e20-434d-11f1-a27e-053988b4ee35,87.71459,,,9.60657,,,,,,,13ca75c8-bb5c-4445-823c-d5e13dddedc7,2026-04-28,22:00:19.45,2026-04-28T18:00:19.4575872-04:00,2026-04-28T22:00:19.4575872Z,,v3,471298,471423,4e64d94106064b97a0d56267f0d32905,"McAndrews, Thomas",836274,Right,FOR_RAM,0af563af-6d95-47f1-b779-f9475c35e533,54.71646,-131.04633,16.33943,5.88439,-0.65356,-7.31599,-0.85492,5.45772,-5.40734,,,,,,,,,,,,,,,,,,,,,,,,,,,,,,,,,,,,,,,,,,,,,,,,,,,High,High,High,,,,,
310,2026-04-28,18:00:41.44,8,4,"Berg, Aric",1000177598,Right,FOR_RAM,"Wilson, Chris",1000507906,Right,SAC_PIO,Undefined,8,Top,2,2,1,Curveball,Curveball,StrikeCalled,Undefined,Undefined,Undefined,0,0,,77.94219,2.247283,0.260514,2864.861341,65.718717,8:15,5.80222,0.93989,5.03361,-53.62121,-5.18752,-15.46308,3.45511,-0.10291,70.17977,-7.50598,-2.47287,0.500893,,,,,,,,,,,,7.65327,-2.68795,-0.95208,50,5.97463,0.1458,-112.81324,2.4806,9.66773,24.31124,-35.5695,FOR_RAM,SAC_PIO,FordhamUniversity,D1,A10,20260428-FordhamUniversity-1,b30f8e80-434d-11f1-a27e-053988b4ee35,75.25046,,,7.76241,,,,,,,13ca75c8-bb5c-4445-823c-d5e13dddedc7,2026-04-28,22:00:41.44,2026-04-28T18:00:41.4488576-04:00,2026-04-28T22:00:41.4488576Z,,v3,471298,471423,4e64d94106064b97a0d56267f0d32905,"McAndrews, Thomas",836274,Right,FOR_RAM,33078137-3b56-49fb-85bb-71ed7254f461,55.46302,-113.98444,12.15562,5.81385,4.19418,-17.78475,-0.94788,-0.31995,4.83386,,,,,,,,,,,,,,,,,,,,,,,,,,,,,,,,,,,,,,,,,,,,,,,,,,,High,High,High,,,,,
311,2026-04-28,18:01:03.67,8,5,"Berg, Aric",1000177598,Right,FOR_RAM,"Wilson, Chris",1000507906,Right,SAC_PIO,Undefined,8,Top,2,2,2,Curveball,Curveball,BallCalled,Undefined,Undefined,Undefined,0,0,,76.78147,0.893966,-0.904078,2941.64547,42.423097,7:30,5.7442,0.80573,5.17268,-63.63338,-13.48965,-14.13733,1.28284,-1.22321,69.01355,-10.634188,-3.415856,0.509659,,,,,,,,,,,,6.72528,-6.54567,-0.71021,50,5.77881,2.31984,-111.15802,-0.50304,8.13667,26.05106,-40.09343,FOR_RAM,SAC_PIO,FordhamUniversity,D1,A10,20260428-FordhamUniversity-1,c04de830-434d-11f1-a27e-053988b4ee35,73.9562,,,7.76792,,,,,,,13ca75c8-bb5c-4445-823c-d5e13dddedc7,2026-04-28,22:01:03.67,2026-04-28T18:01:03.6764672-04:00,2026-04-28T22:01:03.6764672Z,,v3,471298,471423,4e64d94106064b97a0d56267f0d32905,"McAndrews, Thomas",836274,Right,FOR_RAM,6b465e2d-12a4-4e20-b155-f3d5d77c595b,55.32674,-112.39946,13.02553,5.75726,1.40759,-20.04671,-0.81152,1.9321,4.06833,,,,,,,,,,,,,,,,,,,,,,,,,,,,,,,,,,,,,,,,,,,,,,,,,,,High,High,High,,,,,
312,2026-04-28,18:01:27.07,8,6,"Berg, Aric",1000177598,Right,FOR_RAM,"Wilson, Chris",1000507906,Right,SAC_PIO,Undefined,8,Top,2,3,2,Slider,Curveball,InPlay,Undefined,GroundBall,Error,0,1,,77.26199,1.357304,0.226825,2996.748927,70.681916,8:15,5.76988,0.81694,5.1938,-53.60259,-4.23142,-17.61824,2.58001,-0.43788,69.1915,-8.434067,-2.899186,0.505718,91.02013,4.927308,-11.436179,3128.073855,,,,100.90717,96.2019,-12.015155,0.840168,8.84418,-2.03925,-0.82404,50,5.85554,0.27482,-111.82507,0.7895,10.86879,25.70286,-34.68013,FOR_RAM,SAC_PIO,FordhamUniversity,D1,A10,20260428-FordhamUniversity-1,ce47f0c0-434d-11f1-a27e-053988b4ee35,74.53257,4.45627,,8.07049,,,,0.85362,2.66377,0.2937,13ca75c8-bb5c-4445-823c-d5e13dddedc7,2026-04-28,22:01:27.07,2026-04-28T18:01:27.0737920-04:00,2026-04-28T22:01:27.0737920Z,GroundBall,v3,471298,471423,4e64d94106064b97a0d56267f0d32905,"McAndrews, Thomas",836274,Right,FOR_RAM,5a917b67-9a8e-4422-97fd-6bc112a14ece,55.30315,-113.03742,12.85143,5.77973,2.42529,-17.34007,-0.82491,-0.23784,5.4344,65.268489,0.92404,129.21632,-15.3776,,,,,,,2.70735,10.76022,-16.69941,,,,,,,0.29405,-26.37847,1.22154,,,,,,,,,,,,,,,,,,,,,,,,,,,,,High,High,High,High,High,,,
313,2026-04-28,18:02:12.30,9,1,"Berg, Aric",1000177598,Right,FOR_RAM,"Bowes, Nathan",1000145608,Left,SAC_PIO,Undefined,8,Top,2,0,0,Curveball,Curveball,StrikeCalled,Undefined,Undefined,Undefined,0,0,,79.20253,0.419124,-0.840061,2844.48878,58.504614,8:00,5.79462,1.00308,5.12666,-51.88345,-5.39689,-11.48508,1.86579,-0.74526,71.95623,-8.987042,-2.876241,0.490722,,,,,,,,,,,,5.43028,-2.32158,-0.91493,50,5.79388,2.1608,-114.79872,-1.03438,7.1302,24.4376,-35.22236,FOR_RAM,SAC_PIO,FordhamUniversity,D1,A10,20260428-FordhamUniversity-1,e932f650-434d-11f1-a27e-053988b4ee35,76.81023,,,7.24631,,,,,,,13ca75c8-bb5c-4445-823c-d5e13dddedc7,2026-04-28,22:02:12.30,2026-04-28T18:02:12.3057152-04:00,2026-04-28T22:02:12.3057152Z,,v3,471298,471423,4e64d94106064b97a0d56267f0d32905,"McAndrews, Thomas",836274,Right,FOR_RAM,585cfb31-28b1-4f17-afc3-a3a61fefb9c9,55.3717,-115.93658,12.2188,5.80386,0.60563,-17.61118,-1.00781,1.82881,3.5651,,,,,,,,,,,,,,,,,,,,,,,,,,,,,,,,,,,,,,,,,,,,,,,,,,,High,High,High,,,,,
314,2026-04-28,18:02:31.15,9,2,"Berg, Aric",1000177598,Right,FOR_RAM,"Bowes, Nathan",1000145608,Left,SAC_PIO,Undefined,8,Top,2,0,1,Fastball,Four-Seam,StrikeSwinging,Undefined,Undefined,Undefined,0,0,,89.08564,-0.693063,-1.880792,2475.459869,205.280502,12:45,5.87255,0.85542,6.09735,-14.15973,21.31674,9.4543,4.05118,-0.09687,80.04065,-3.469379,-0.178612,0.428688,,,,,,,,,,,,-5.42284,11.52792,-0.71517,50,5.81146,3.83326,-129.16055,-1.88752,-9.01347,30.934,-13.01311,FOR_RAM,SAC_PIO,FordhamUniversity,D1,A10,20260428-FordhamUniversity-1,f46ddee0-434d-11f1-a27e-053988b4ee35,87.92505,,,9.04499,,,,,,,13ca75c8-bb5c-4445-823c-d5e13dddedc7,2026-04-28,22:02:31.15,2026-04-28T18:02:31.1581184-04:00,2026-04-28T22:02:31.1581184Z,,v3,471298,471423,4e64d94106064b97a0d56267f0d32905,"McAndrews, Thomas",836274,Right,FOR_RAM,62c38f4c-d4df-4b1d-bc7d-f06e35ecb15a,54.39621,-130.20918,15.467,5.86797,-1.44638,-6.50655,-0.8503,4.13881,-4.50674,,,,,,,,,,,,,,,,,,,,,,,,,,,,,,,,,,,,,,,,,,,,,,,,,,,High,High,High,,,,,
315,2026-04-28,18:02:52.25,9,3,"Berg, Aric",1000177598,Right,FOR_RAM,"Bowes, Nathan",1000145608,Left,SAC_PIO,Undefined,8,Top,2,0,2,Fastball,Four-Seam,BallCalled,Undefined,Undefined,Undefined,0,0,,90.15079,0.248159,-2.372061,2539.21815,194.82439,12:30,5.90526,0.87215,5.76422,-12.17757,23.17371,5.77363,5.12162,-0.85567,80.34576,-2.173412,-1.339887,0.427931,,,,,,,,,,,,-3.70866,12.00115,-0.67903,50,5.91845,5.13914,-130.47881,0.31075,-6.24973,33.20874,-11.95015,FOR_RAM,SAC_PIO,FordhamUniversity,D1,A10,20260428-FordhamUniversity-1,01006830-434e-11f1-a27e-053988b4ee35,88.08059,,,9.80504,,,,,,,13ca75c8-bb5c-4445-823c-d5e13dddedc7,2026-04-28,22:02:52.25,2026-04-28T18:02:52.2532352-04:00,2026-04-28T22:02:52.2532352Z,,v3,471298,471423,4e64d94106064b97a0d56267f0d32905,"McAndrews, Thomas",836274,Right,FOR_RAM,4a885e92-5cdf-4327-a9e2-23d0666c69a4,54.72723,-131.67646,16.60437,5.89948,0.74172,-5.97508,-0.86844,5.36453,-3.12486,,,,,,,,,,,,,,,,,,,,,,,,,,,,,,,,,,,,,,,,,,,,,,,,,,,High,High,High,,,,,
316,2026-04-28,18:03:12.91,9,4,"Berg, Aric",1000177598,Right,FOR_RAM,"Bowes, Nathan",1000145608,Left,SAC_PIO,Undefined,8,Top,2,1,2,Curveball,Curveball,BallCalled,Undefined,Undefined,Undefined,0,0,,75.96738,0.479466,0.02844,2977.620002,27.262902,7:00,5.78243,0.76683,5.28695,-68.62756,-18.01343,-10.25048,0.51372,-0.06067,68.97104,-11.916961,-1.800847,0.512044,,,,,,,,,,,,5.18433,-8.79382,-0.76149,50,5.77532,0.33879,-110.15306,-1.43437,6.20076,24.40433,-42.69198,FOR_RAM,SAC_PIO,FordhamUniversity,D1,A10,20260428-FordhamUniversity-1,0d646770-434e-11f1-a27e-053988b4ee35,73.61174,,,6.99634,,,,,,,13ca75c8-bb5c-4445-823c-d5e13dddedc7,2026-04-28,22:03:12.91,2026-04-28T18:03:12.9120256-04:00,2026-04-28T22:03:12.9120256Z,,v3,471298,471423,4e64d94106064b97a0d56267f0d32905,"McAndrews, Thomas",836274,Right,FOR_RAM,5c6f15a4-599a-476e-bafc-a386765b66ee,55.21527,-111.3025,12.20217,5.79552,0.57642,-21.34599,-0.77057,0.04674,3.10038,,,,,,,,,,,,,,,,,,,,,,,,,,,,,,,,,,,,,,,,,,,,,,,,,,,High,High,High,,,,,
317,2026-04-28,18:03:47.94,9,5,"Berg, Aric",1000177598,Right,FOR_RAM,"Bowes, Nathan",1000145608,Left,SAC_PIO,Undefined,8,Top,2,2,2,Fastball,Four-Seam,InPlay,Undefined,LineDrive,Single,0,2,,90.22346,-1.811404,-2.696895,2378.150337,200.06475,12:45,5.89621,0.77022,5.85142,-13.46237,21.77446,7.44697,3.0888,-1.11696,80.5208,-4.458195,-1.363615,0.427238,79.15261,21.252774,15.774368,2458.144748,103.64812,30.74749,36.83793,237.37973,234.31431,22.800734,2.984159,-4.7378,12.1332,-0.55532,50,5.74129,5.8223,-130.55457,-4.4596,-7.98017,33.65551,-11.7373,FOR_RAM,SAC_PIO,FordhamUniversity,D1,A10,20260428-FordhamUniversity-1,223402a0-434e-11f1-a27e-053988b4ee35,88.22357,31.47386,,9.70266,,,,0.84758,3.04993,1.13102,13ca75c8-bb5c-4445-823c-d5e13dddedc7,2026-04-28,22:03:47.94,2026-04-28T18:03:47.9490048-04:00,2026-04-28T22:03:47.9490048Z,LineDrive,v3,471298,471423,4e64d94106064b97a0d56267f0d32905,"McAndrews, Thomas",836274,Right,FOR_RAM,0c093e96-0b41-4619-8244-e752f835ea54,54.64311,-131.74607,16.82776,5.89182,-4.04407,-5.86865,-0.76645,6.10482,-3.99008,227.254016,0.84747,104.12444,-17.22524,3.84428,-0.87349,0.20697,-0.04998,0.00834,-0.00055,3.04999,42.07855,-16.53879,0.69012,0.0471,-0.04037,0.01087,-9E-05,-0.00021,1.13101,29.4133,2.1558,-1.35158,0.43421,-0.09848,0.01677,-0.00169,6E-05,,,,,,,,,,,,,,,,,,,,,,,High,High,High,High,High,,,
318,2026-04-28,18:04:35.17,10,1,"Berg, Aric",1000177598,Right,FOR_RAM,"Martin, Drew",1000527196,Left,SAC_PIO,Undefined,8,Top,2,0,0,Fastball,Four-Seam,FoulBallNotFieldable,Undefined,Undefined,Undefined,0,0,,89.21594,-2.515757,-2.424566,2358.069036,196.809547,12:30,5.90765,0.84327,5.95541,-12.34942,23.421,6.66107,2.54191,-0.85145,79.97084,-4.95992,-1.229332,0.430461,,,,,,,,,,,,-4.24697,13.26985,-0.65435,50,5.70091,5.18753,-129.15735,-5.9533,-7.02669,32.04808,-10.21877,FOR_RAM,SAC_PIO,FordhamUniversity,D1,A10,20260428-FordhamUniversity-1,3e5676c0-434e-11f1-a27e-053988b4ee35,87.56305,,,9.2451,,,,,,,13ca75c8-bb5c-4445-823c-d5e13dddedc7,2026-04-28,22:04:35.17,2026-04-28T18:04:35.1776256-04:00,2026-04-28T22:04:35.1776256Z,,v3,471298,471423,4e64d94106064b97a0d56267f0d32905,"McAndrews, Thomas",836274,Right,FOR_RAM,6c07a5b4-c4ef-4686-930d-c012043b8243,54.54061,-130.27915,16.02404,5.90304,-5.59561,-5.10938,-0.84024,5.43349,-3.51335,,,,,,,,,,,,,,,,,,,,,,,,,,,,,,,,,,,,,,,,,,,,,,,,,,,High,High,High,,,,,
319,2026-04-28,18:05:00.60,10,2,"Berg, Aric",1000177598,Right,FOR_RAM,"Martin, Drew",1000527196,Left,SAC_PIO,Undefined,8,Top,2,0,1,Slider,Curveball,BallCalled,Undefined,Undefined,Undefined,0,0,,76.72406,4.666595,1.231801,2749.077027,92.014406,9:00,5.81622,1.16699,5.31155,-47.68089,2.24976,-9.56827,6.23363,1.52598,68.24013,-4.125207,-0.463121,0.508575,,,,,,,,,,,,5.11548,0.1737,-1.27179,50,6.20679,-1.98141,-110.67608,7.43924,6.20215,23.89941,-31.96344,FOR_RAM,SAC_PIO,FordhamUniversity,D1,A10,20260428-FordhamUniversity-1,4da93180-434e-11f1-a27e-053988b4ee35,74.11384,,,8.48393,,,,,,,13ca75c8-bb5c-4445-823c-d5e13dddedc7,2026-04-28,22:05:00.60,2026-04-28T18:05:00.6030336-04:00,2026-04-28T22:05:00.6030336Z,,v3,471298,471423,4e64d94106064b97a0d56267f0d32905,"McAndrews, Thomas",836274,Right,FOR_RAM,05175353-7688-44bc-809d-d9f8cf4d5e42,55.18074,-111.78921,11.94971,5.82564,8.92796,-15.98172,-1.17278,-2.27028,3.10108,,,,,,,,,,,,,,,,,,,,,,,,,,,,,,,,,,,,,,,,,,,,,,,,,,,High,High,High,,,,,
320,2026-04-28,18:05:56.21,10,3,"Berg, Aric",1000177598,Right,FOR_RAM,"Martin, Drew",1000527196,Left,SAC_PIO,Undefined,8,Top,2,1,1,Fastball,Four-Seam,InPlay,Undefined,Bunt,Out,1,0,,88.59099,-1.742538,-1.735657,2211.435344,197.499356,12:30,5.94555,1.08537,5.73889,-15.63521,21.57489,6.28839,3.01882,-0.00724,77.98149,-4.8151,-0.610893,0.439038,,,,,,,,,,,,-3.88323,12.09997,-0.94484,50,5.79156,3.60266,-128.04231,-4.2936,-6.19266,36.13056,-12.87806,FOR_RAM,SAC_PIO,FordhamUniversity,D1,A10,20260428-FordhamUniversity-1,6ea0ad50-434e-11f1-a27e-053988b4ee35,85.85242,,,10.6095,,,,,,,13ca75c8-bb5c-4445-823c-d5e13dddedc7,2026-04-28,22:05:56.21,2026-04-28T18:05:56.2104832-04:00,2026-04-28T22:05:56.2104832Z,,v3,471298,471423,4e64d94106064b97a0d56267f0d32905,"McAndrews, Thomas",836274,Right,FOR_RAM,d0d4694e-4894-46f5-aacc-ebd981ef3847,54.75347,-129.37668,18.06528,5.94135,-3.81799,-6.43903,-1.08211,3.83136,-3.09633,,,,,,,,,,,,,,,,,,,,,,,,,,,,,,,,,,,,,,,,,,,,,,,,,,,High,High,High,,,,,
321,2026-04-28,18:08:40.96,1,1,"Alejandro, Hector",808822,Right,SAC_PIO,"McAndrews, Thomas",836274,Right,FOR_RAM,Undefined,8,Bottom,0,0,0,Slider,Curveball,StrikeCalled,Undefined,Undefined,Undefined,0,0,,73.82759,2.514951,-1.296188,2174.672367,64.895773,8:15,5.70285,1.8613,5.49258,-53.65452,0.15949,-4.36921,3.58636,0.28448,65.61777,-7.39977,-2.07418,0.527982,,,,,,,,,,,,1.68118,-0.12476,-1.74493,50,5.888,2.58439,-106.68603,2.98816,1.87399,23.96437,-32.3131,FOR_RAM,SAC_PIO,FordhamUniversity,D1,A10,20260428-FordhamUniversity-1,d0e6e920-434e-11f1-a27e-053988b4ee35,71.38963,,,8.20981,,,,,,,13ca75c8-bb5c-4445-823c-d5e13dddedc7,2026-04-28,22:08:40.96,2026-04-28T18:08:40.9694720-04:00,2026-04-28T22:08:40.9694720Z,,v3,471298,471423,4e64d94106064b97a0d56267f0d32905,"Bowes, Nathan",1000145608,Both,SAC_PIO,cd78c13f-1bbf-4efc-8c5b-2ee2678764c0,54.99941,-107.80318,11.98219,5.71359,4.4945,-16.15655,-1.86337,2.49703,0.937,,,,,,,,,,,,,,,,,,,,,,,,,,,,,,,,,,,,,,,,,,,,,,,,,,,High,High,High,,,,,
322,2026-04-28,18:08:58.32,1,2,"Alejandro, Hector",808822,Right,SAC_PIO,"McAndrews, Thomas",836274,Right,FOR_RAM,Undefined,8,Bottom,0,0,1,Slider,Curveball,StrikeCalled,Undefined,Undefined,Undefined,0,0,,77.32904,2.016113,-2.729869,2291.595054,46.180663,7:30,5.52974,1.97695,5.70116,-49.21782,-0.3176,-2.4765,3.3098,-0.77506,68.46532,-7.115241,-3.171914,0.5033,,,,,,,,,,,,0.17626,-0.21543,-1.74637,50,5.66987,5.42479,-111.67291,2.34194,0.21443,26.96077,-32.43614,FOR_RAM,SAC_PIO,FordhamUniversity,D1,A10,20260428-FordhamUniversity-1,db372390-434e-11f1-a27e-053988b4ee35,74.89062,,,8.86372,,,,,,,13ca75c8-bb5c-4445-823c-d5e13dddedc7,2026-04-28,22:08:58.32,2026-04-28T18:08:58.3270912-04:00,2026-04-28T22:08:58.3270912Z,,v3,471298,471423,4e64d94106064b97a0d56267f0d32905,"Bowes, Nathan",1000145608,Both,SAC_PIO,29456286-3f66-485a-bcc5-6ecab750e091,54.78934,-112.82326,13.48038,5.54042,3.72591,-16.21807,-1.97764,5.41564,0.10721,,,,,,,,,,,,,,,,,,,,,,,,,,,,,,,,,,,,,,,,,,,,,,,,,,,High,High,High,,,,,
323,2026-04-28,18:09:20.64,1,3,"Alejandro, Hector",808822,Right,SAC_PIO,"McAndrews, Thomas",836274,Right,FOR_RAM,Undefined,8,Bottom,0,0,2,Slider,Slider,InPlay,Undefined,LineDrive,Out,1,0,,76.8971,1.80082,-2.420692,2208.74215,78.331232,8:30,5.49089,1.91194,5.64893,-48.43774,0.97465,-5.18445,3.13612,-0.77927,68.2672,-7.178711,-3.345584,0.505929,92.75059,25.217691,-5.365881,2621.059634,109.85294,46.63717,-5.67598,338.7964,331.29475,-0.564049,4.220169,1.69728,0.35394,-1.7032,50,5.61345,4.89807,-111.15127,1.96662,2.04693,26.59699,-31.74721,FOR_RAM,SAC_PIO,FordhamUniversity,D1,A10,20260428-FordhamUniversity-1,e88582d0-434e-11f1-a27e-053988b4ee35,74.50147,59.29556,,8.6299,,,,2.18202,3.30759,0.69957,13ca75c8-bb5c-4445-823c-d5e13dddedc7,2026-04-28,22:09:20.64,2026-04-28T18:09:20.6477824-04:00,2026-04-28T22:09:20.6477824Z,FlyBall,v3,471298,471423,4e64d94106064b97a0d56267f0d32905,"Bowes, Nathan",1000145608,Both,SAC_PIO,25bebf51-6275-4b9f-9078-6aae49345765,54.84559,-112.30477,13.29849,5.49831,3.34348,-15.8736,-1.9137,4.8093,1.02346,205.277412,2.18203,122.53071,-21.62175,5.26381,-1.13187,0.2329,-0.04464,0.00618,-0.00039,3.30864,57.92958,-15.3464,-0.40345,0.65455,-0.30436,0.08413,-0.01216,0.0007,0.69935,-11.50319,7.10624,-2.42052,0.61619,-0.12367,0.01953,-0.00222,0.00012,,,,,,,,,,,,,,,,,,,,,,,High,High,High,High,High,,,
324,2026-04-28,18:09:57.74,2,1,"Alejandro, Hector",808822,Right,SAC_PIO,"Donnelly, Joey",800885,Left,FOR_RAM,Undefined,8,Bottom,1,0,0,Fastball,Four-Seam,StrikeSwinging,Undefined,Undefined,Undefined,0,0,,85.68257,-0.13965,-2.918266,2132.518968,191.056248,12:15,5.82742,1.5561,6.22939,-19.70206,18.79639,3.3815,4.05658,-0.85679,76.48807,-3.95379,-2.308945,0.446574,,,,,,,,,,,,-2.73941,10.16225,-1.33954,50,5.80708,6.18417,-124.05189,-0.79781,-4.16798,30.27651,-16.71221,FOR_RAM,SAC_PIO,FordhamUniversity,D1,A10,20260428-FordhamUniversity-1,febceb60-434e-11f1-a27e-053988b4ee35,84.40366,,,9.1945,,,,,,,13ca75c8-bb5c-4445-823c-d5e13dddedc7,2026-04-28,22:09:57.74,2026-04-28T18:09:57.7438208-04:00,2026-04-28T22:09:57.7438208Z,,v3,471298,471423,4e64d94106064b97a0d56267f0d32905,"Bowes, Nathan",1000145608,Both,SAC_PIO,e0b074af-612e-45c5-80b1-f8a1078f08a2,54.26202,-125.08777,15.13826,5.8246,-0.22602,-8.35611,-1.55356,6.32678,-2.08399,,,,,,,,,,,,,,,,,,,,,,,,,,,,,,,,,,,,,,,,,,,,,,,,,,,High,High,High,,,,,
325,2026-04-28,18:10:23.18,2,2,"Alejandro, Hector",808822,Right,SAC_PIO,"Donnelly, Joey",800885,Left,FOR_RAM,Undefined,8,Bottom,1,0,1,ChangeUp,Changeup,InPlay,Undefined,GroundBall,Out,1,0,,79.89099,-0.425421,-3.592825,2059.066634,233.674213,1:45,5.48363,2.13099,6.53016,-30.31317,13.48205,16.01052,2.5665,0.16505,71.50873,-6.208354,-0.690036,0.476305,61.83085,-32.312568,17.860278,,,,,6.41399,6.41399,10.118168,0.054995,-9.65851,7.6965,-1.88768,50,5.44117,6.70055,-115.73393,-1.64041,-12.77257,26.63088,-21.9961,FOR_RAM,SAC_PIO,FordhamUniversity,D1,A10,20260428-FordhamUniversity-1,0dd07a40-434f-11f1-a27e-053988b4ee35,79.13514,2.67924,,8.38226,,,,2.28229,2.67924,-0.17239,13ca75c8-bb5c-4445-823c-d5e13dddedc7,2026-04-28,22:10:23.18,2026-04-28T18:10:23.1884800-04:00,2026-04-28T22:10:23.1884800Z,GroundBall,v3,471298,471423,4e64d94106064b97a0d56267f0d32905,"Bowes, Nathan",1000145608,Both,SAC_PIO,e62f2faf-9ab7-469d-86f4-2268b443b59e,53.9658,-116.64291,13.31544,5.48435,-0.88963,-10.99805,-2.12383,7.13651,-6.38628,180,2.27906,73.31434,,,,,,,,2.68139,-48.71775,,,,,,,,-0.17344,23.62377,,,,,,,,,,,,,,,,,,,,,,,,,,,,,,High,High,High,High,High,,,
326,2026-04-28,18:11:19.65,3,1,"Alejandro, Hector",808822,Right,SAC_PIO,"Dieguez, Matthew",10131275,Right,FOR_RAM,Undefined,8,Bottom,2,0,0,Slider,Curveball,StrikeCalled,Undefined,Undefined,Undefined,0,0,,75.97331,0.595803,-1.759523,2269.178358,69.627184,8:15,5.51597,1.91044,6.02408,-49.12137,-0.54035,-5.8467,1.97462,-0.20691,69.37531,-8.473008,-2.812185,0.501654,,,,,,,,,,,,2.46606,0.02362,-1.76961,50,5.53616,3.5954,-110.29045,-0.31957,3.00524,21.56115,-32.14528,FOR_RAM,SAC_PIO,FordhamUniversity,D1,A10,20260428-FordhamUniversity-1,2f730320-434f-11f1-a27e-053988b4ee35,75.13626,,,6.598,,,,,,,13ca75c8-bb5c-4445-823c-d5e13dddedc7,2026-04-28,22:11:19.65,2026-04-28T18:11:19.6512256-04:00,2026-04-28T22:11:19.6512256Z,,v3,471298,471423,4e64d94106064b97a0d56267f0d32905,"Bowes, Nathan",1000145608,Both,SAC_PIO,6c474da1-5d61-43ca-ad95-b973a9657b43,54.47439,-111.16173,10.78058,5.52282,0.97941,-16.07264,-1.91245,3.47396,1.50262,,,,,,,,,,,,,,,,,,,,,,,,,,,,,,,,,,,,,,,,,,,,,,,,,,,High,High,High,,,,,
327,2026-04-28,18:11:43.57,3,2,"Alejandro, Hector",808822,Right,SAC_PIO,"Dieguez, Matthew",10131275,Right,FOR_RAM,Undefined,8,Bottom,2,0,1,Slider,Slider,BallCalled,Undefined,Undefined,Undefined,0,0,,76.31704,-0.160037,-2.607242,2237.238471,103.329309,9:30,5.65149,1.7024,5.86483,-46.21136,2.42209,-3.09799,1.65172,-0.97944,69.5202,-8.676999,-3.162903,0.501925,,,,,,,,,,,,0.75717,1.80457,-1.48925,50,5.61196,5.15192,-110.64769,-1.71747,0.92639,22.15671,-29.96619,FOR_RAM,SAC_PIO,FordhamUniversity,D1,A10,20260428-FordhamUniversity-1,3dba4150-434f-11f1-a27e-053988b4ee35,75.09574,,,6.79684,,,,,,,13ca75c8-bb5c-4445-823c-d5e13dddedc7,2026-04-28,22:11:43.57,2026-04-28T18:11:43.5706880-04:00,2026-04-28T22:11:43.5706880Z,,v3,471298,471423,4e64d94106064b97a0d56267f0d32905,"Bowes, Nathan",1000145608,Both,SAC_PIO,5bbef4fb-5459-4141-8ff9-9923ffe9e558,54.63213,-111.5714,11.07835,5.65752,-0.46819,-14.9831,-1.70323,5.1133,0.4632,,,,,,,,,,,,,,,,,,,,,,,,,,,,,,,,,,,,,,,,,,,,,,,,,,,High,High,High,,,,,
328,2026-04-28,18:12:06.79,3,3,"Alejandro, Hector",808822,Right,SAC_PIO,"Dieguez, Matthew",10131275,Right,FOR_RAM,Undefined,8,Bottom,2,1,1,ChangeUp,Changeup,BallCalled,Undefined,Undefined,Undefined,0,0,,79.41013,-1.74614,-2.307035,1955.174647,234.790292,1:45,5.37095,2.0258,6.53729,-29.89053,14.15009,17.70765,1.2767,1.38426,71.64029,-7.423697,0.911461,0.477637,,,,,,,,,,,,-10.05906,8.48756,-1.87282,50,5.23715,4.02123,-115.17751,-4.27748,-13.24229,25.38026,-21.00058,FOR_RAM,SAC_PIO,FordhamUniversity,D1,A10,20260428-FordhamUniversity-1,4b94db00-434f-11f1-a27e-053988b4ee35,78.91441,,,7.76984,,,,,,,13ca75c8-bb5c-4445-823c-d5e13dddedc7,2026-04-28,22:12:06.79,2026-04-28T18:12:06.7975168-04:00,2026-04-28T22:12:06.7975168Z,,v3,471298,471423,4e64d94106064b97a0d56267f0d32905,"Bowes, Nathan",1000145608,Both,SAC_PIO,0b79c4d6-c577-45d2-b324-6810bbdafdcb,53.95932,-116.0467,12.69013,5.37132,-3.55828,-10.50029,-2.0183,4.47473,-6.62115,,,,,,,,,,,,,,,,,,,,,,,,,,,,,,,,,,,,,,,,,,,,,,,,,,,High,High,High,,,,,
329,2026-04-28,18:12:30.21,3,4,"Alejandro, Hector",808822,Right,SAC_PIO,"Dieguez, Matthew",10131275,Right,FOR_RAM,Undefined,8,Bottom,2,2,1,Fastball,Four-Seam,FoulBallNotFieldable,Undefined,Undefined,Undefined,0,0,,86.3343,-1.078316,-2.868631,2234.577341,204.88228,12:45,5.82154,1.5008,6.20062,-17.19025,20.3856,8.82772,3.39228,-0.41378,77.84583,-4.408199,-1.277936,0.44119,,,,,,,,,,,,-5.48319,11.28741,-1.28934,50,5.73173,5.92086,-125.16067,-2.78648,-8.57563,28.57335,-14.52077,FOR_RAM,SAC_PIO,FordhamUniversity,D1,A10,20260428-FordhamUniversity-1,597f5330-434f-11f1-a27e-053988b4ee35,85.43355,,,8.48846,,,,,,,13ca75c8-bb5c-4445-823c-d5e13dddedc7,2026-04-28,22:12:30.21,2026-04-28T18:12:30.2143488-04:00,2026-04-28T22:12:30.2143488Z,,v3,471298,471423,4e64d94106064b97a0d56267f0d32905,"Bowes, Nathan",1000145608,Both,SAC_PIO,23c7a118-49fa-4c07-b23c-f9b45f5b5771,54.29559,-126.13751,14.28667,5.8185,-2.29006,-7.26038,-1.49677,6.21404,-4.28782,,,,,,,,,,,,,,,,,,,,,,,,,,,,,,,,,,,,,,,,,,,,,,,,,,,High,High,High,,,,,
330,2026-04-28,18:12:56.21,3,5,"Alejandro, Hector",808822,Right,SAC_PIO,"Dieguez, Matthew",10131275,Right,FOR_RAM,Undefined,8,Bottom,2,2,2,Slider,Curveball,InPlay,Undefined,GroundBall,Out,1,0,,78.34799,0.63547,-2.56715,2404.123668,357.098256,6:00,5.49164,1.77975,6.09475,-50.26747,-4.13173,0.2965,1.89107,-0.57158,70.70162,-8.668481,-2.513727,0.488866,76.7631,-44.269646,-9.744903,,,,,3.38065,3.38065,4.080926,0.02408,-1.04004,-1.84358,-1.5821,50,5.51469,5.0809,-113.5669,-0.29155,-1.32708,25.25346,-34.52644,FOR_RAM,SAC_PIO,FordhamUniversity,D1,A10,20260428-FordhamUniversity-1,690f8c20-434f-11f1-a27e-053988b4ee35,77.10173,1.89681,,7.64636,,,,1.45436,1.89681,0.56993,13ca75c8-bb5c-4445-823c-d5e13dddedc7,2026-04-28,22:12:56.21,2026-04-28T18:12:56.2169856-04:00,2026-04-28T22:12:56.2169856Z,GroundBall,v3,471298,471423,4e64d94106064b97a0d56267f0d32905,"Bowes, Nathan",1000145608,Both,SAC_PIO,b3d3c777-de91-4f60-bae1-8dbfcf93021a,54.40257,-114.5417,12.62673,5.50022,1.0412,-17.26322,-1.77922,5.13212,-0.66354,,1.45365,79.6391,,,,,,,,1.89751,-78.77079,,,,,,,,0.57006,-13.67721,,,,,,,,,,,,,,,,,,,,,,,,,,,,,,High,High,High,Estimated,Estimated,,,
331,2026-04-28,18:15:06.33,1,1,"Berg, Aric",1000177598,Right,FOR_RAM,"Link, Peter",836328,Right,SAC_PIO,Undefined,9,Top,0,0,0,Fastball,Four-Seam,FoulBallNotFieldable,Undefined,Undefined,Undefined,0,0,,88.24408,-2.312815,-1.784249,2338.778135,208.040167,1:00,5.97049,0.87298,5.59983,-14.44646,23.16694,11.47323,2.60521,0.16281,77.90316,-5.160421,0.262709,0.441411,,,,,,,,,,,,-6.46142,13.02489,-0.72769,50,5.76361,3.45526,-127.4951,-5.50208,-10.25506,34.93753,-11.50199,FOR_RAM,SAC_PIO,FordhamUniversity,D1,A10,20260428-FordhamUniversity-1,b6932510-434f-11f1-a27e-053988b4ee35,85.39089,,,10.34092,,,,,,,13ca75c8-bb5c-4445-823c-d5e13dddedc7,2026-04-28,22:15:06.33,2026-04-28T18:15:06.3323648-04:00,2026-04-28T22:15:06.3323648Z,,v3,471298,471423,4e64d94106064b97a0d56267f0d32905,"McAndrews, Thomas",836274,Right,FOR_RAM,c803cdb8-314a-43b1-b334-772d45d7e337,54.89236,-128.82878,17.46877,5.96526,-5.06301,-5.751,-0.86706,3.84673,-5.12753,,,,,,,,,,,,,,,,,,,,,,,,,,,,,,,,,,,,,,,,,,,,,,,,,,,High,High,High,,,,,
332,2026-04-28,18:15:29.68,1,2,"Berg, Aric",1000177598,Right,FOR_RAM,"Link, Peter",836328,Right,SAC_PIO,Undefined,9,Top,0,0,1,Slider,Slider,StrikeCalled,Undefined,Undefined,Undefined,0,0,,78.31897,1.682003,-0.017013,2788.612122,73.997953,8:30,5.80773,0.9793,5.39052,-47.60109,0.00441,-6.46115,3.41784,0.42492,70.04373,-7.082429,-1.166646,0.496592,,,,,,,,,,,,3.1991,0.01874,-0.97321,50,5.92527,0.30064,-113.33914,1.70575,4.05289,25.74266,-32.15033,FOR_RAM,SAC_PIO,FordhamUniversity,D1,A10,20260428-FordhamUniversity-1,c47deb60-434f-11f1-a27e-053988b4ee35,75.9022,,,8.27525,,,,,,,13ca75c8-bb5c-4445-823c-d5e13dddedc7,2026-04-28,22:15:29.68,2026-04-28T18:15:29.6867328-04:00,2026-04-28T22:15:29.6867328Z,,v3,471298,471423,4e64d94106064b97a0d56267f0d32905,"McAndrews, Thomas",836274,Right,FOR_RAM,1db27d01-ec89-4ca9-9c16-f7ff6a6b4236,55.10308,-114.49233,12.87133,5.81659,3.14599,-16.07516,-0.98261,0.11908,2.02645,,,,,,,,,,,,,,,,,,,,,,,,,,,,,,,,,,,,,,,,,,,,,,,,,,,High,High,High,,,,,
333,2026-04-28,18:15:49.60,1,3,"Berg, Aric",1000177598,Right,FOR_RAM,"Link, Peter",836328,Right,SAC_PIO,Undefined,9,Top,0,0,2,Curveball,Curveball,FoulBallNotFieldable,Undefined,Undefined,Undefined,0,0,,75.46815,3.295581,0.968159,2892.886388,30.725071,7:00,5.83279,0.8749,5.39398,-71.29453,-19.38678,-12.81351,2.98394,0.71452,67.03868,-9.71244,-1.314499,0.518546,102.58142,29.285979,-44.267171,2431.416552,78.09517,48.1184,-77.46677,297.89337,172.26239,-47.900331,3.387194,6.82567,-10.48745,-0.9518,50,6.07684,-1.34545,-109.10577,3.85661,7.90294,26.24496,-44.31669,FOR_RAM,SAC_PIO,FordhamUniversity,D1,A10,20260428-FordhamUniversity-1,d0647d40-434f-11f1-a27e-053988b4ee35,72.68869,55.04153,,8.42947,,,,2.63733,3.00486,-0.51235,13ca75c8-bb5c-4445-823c-d5e13dddedc7,2026-04-28,22:15:49.60,2026-04-28T18:15:49.6026624-04:00,2026-04-28T22:15:49.6026624Z,FlyBall,v3,471298,471423,4e64d94106064b97a0d56267f0d32905,"McAndrews, Thomas",836274,Right,FOR_RAM,7e0d5efd-7985-47ef-b350-8446feabacaa,55.10637,-110.32725,13.12248,5.84935,5.91917,-22.15835,-0.88062,-1.71326,3.95147,,2.63725,93.96798,-20.02881,5.08211,-1.17913,0.20365,-0.00983,-0.00352,0.00048,3.00504,73.59434,-32.14064,5.83173,-1.69132,0.54093,-0.15258,0.02642,-0.00193,-0.51228,-91.59489,14.95313,-3.81649,0.8815,-0.15018,0.00572,0.00307,-0.0004,,,,,,,,,,,,,,,,,,,,,,,High,High,High,Low,Low,,,
334,2026-04-28,18:16:14.18,1,4,"Berg, Aric",1000177598,Right,FOR_RAM,"Link, Peter",836328,Right,SAC_PIO,Undefined,9,Top,0,0,2,Fastball,Four-Seam,BallCalled,Undefined,Undefined,Undefined,0,0,,89.45083,-0.609317,-0.945867,2226.315815,215.355363,1:15,5.97863,0.73941,5.36616,-15.99859,20.8654,13.69119,4.07398,0.99337,78.87949,-3.723762,1.487093,0.436991,,,,,,,,,,,,-7.10993,11.05016,-0.6642,50,5.91336,1.47495,-129.27891,-1.81553,-11.61405,35.67715,-14.12362,FOR_RAM,SAC_PIO,FordhamUniversity,D1,A10,20260428-FordhamUniversity-1,defa9ec0-434f-11f1-a27e-053988b4ee35,86.25446,,,10.57133,,,,,,,13ca75c8-bb5c-4445-823c-d5e13dddedc7,2026-04-28,22:16:14.18,2026-04-28T18:16:14.1861376-04:00,2026-04-28T22:16:14.1861376Z,,v3,471298,471423,4e64d94106064b97a0d56267f0d32905,"McAndrews, Thomas",836274,Right,FOR_RAM,f174af41-c3b8-4f81-bef6-9d529a9ebf9a,55.12333,-130.68515,17.83857,5.97395,-1.25884,-7.06181,-0.73136,1.93273,-5.80702,,,,,,,,,,,,,,,,,,,,,,,,,,,,,,,,,,,,,,,,,,,,,,,,,,,High,High,High,,,,,
335,2026-04-28,18:16:33.84,1,5,"Berg, Aric",1000177598,Right,FOR_RAM,"Link, Peter",836328,Right,SAC_PIO,Undefined,9,Top,0,1,2,Curveball,Curveball,InPlay,Undefined,GroundBall,Out,1,0,,76.47986,2.159105,-0.418894,2802.303731,25.938362,6:45,5.7471,0.76838,5.16292,-68.76173,-18.08698,-9.78851,2.05013,-0.4416,68.44502,-10.306963,-2.157203,0.512351,77.86651,-25.45498,-46.984127,,,,,7.08879,6.52182,-26.484868,0.047408,4.73347,-9.33977,-0.72135,50,5.89546,1.20044,-110.6717,1.74169,5.66624,26.15417,-43.35432,FOR_RAM,SAC_PIO,FordhamUniversity,D1,A10,20260428-FordhamUniversity-1,eac25e00-434f-11f1-a27e-053988b4ee35,73.56768,2.33332,,8.03484,,,,3.00081,2.33332,0.42271,13ca75c8-bb5c-4445-823c-d5e13dddedc7,2026-04-28,22:16:33.84,2026-04-28T18:16:33.8473472-04:00,2026-04-28T22:16:33.8473472Z,GroundBall,v3,471298,471423,4e64d94106064b97a0d56267f0d32905,"McAndrews, Thomas",836274,Right,FOR_RAM,e78ebe42-8a99-4b3e-a444-ec58796c64ef,55.33745,-111.92595,13.07709,5.76209,3.82079,-21.67716,-0.7724,0.92871,2.83312,180,2.99937,70.53671,,,,,,,,2.33433,-49.21757,,,,,,,,0.42426,-75.59936,,,,,,,,,,,,,,,,,,,,,,,,,,,,,,High,High,High,High,High,,,
336,2026-04-28,18:17:12.18,2,1,"Berg, Aric",1000177598,Right,FOR_RAM,"Donohue, Gavin",1000302007,Right,SAC_PIO,Undefined,9,Top,1,0,0,Fastball,Four-Seam,StrikeCalled,Undefined,Undefined,Undefined,0,0,,88.36046,-2.940726,-1.643269,2189.240453,204.330303,12:45,5.86663,0.78865,5.46776,-14.23694,23.4482,9.8689,1.9245,0.07274,78.14546,-5.736689,0.11329,0.441831,,,,,,,,,,,,-5.52882,13.29387,-0.65086,50,5.5987,3.20168,-127.56748,-6.90246,-8.80533,34.43009,-11.00189,FOR_RAM,SAC_PIO,FordhamUniversity,D1,A10,20260428-FordhamUniversity-1,0195b870-4350-11f1-a27e-053988b4ee35,85.30959,,,10.215,,,,,,,13ca75c8-bb5c-4445-823c-d5e13dddedc7,2026-04-28,22:17:12.18,2026-04-28T18:17:12.1822720-04:00,2026-04-28T22:17:12.1822720Z,,v3,471298,471423,4e64d94106064b97a0d56267f0d32905,"McAndrews, Thomas",836274,Right,FOR_RAM,5d253699-4246-45f1-a3de-6ca1efa8dbe7,55.02291,-128.91603,17.21505,5.86061,-6.47155,-5.50095,-0.78301,3.54656,-4.40266,,,,,,,,,,,,,,,,,,,,,,,,,,,,,,,,,,,,,,,,,,,,,,,,,,,High,High,High,,,,,
337,2026-04-28,18:17:28.10,2,2,"Berg, Aric",1000177598,Right,FOR_RAM,"Donohue, Gavin",1000302007,Right,SAC_PIO,Undefined,9,Top,1,0,1,Curveball,Curveball,BallCalled,Undefined,Undefined,Undefined,0,0,,75.39378,4.90685,0.908988,2870.179556,32.695984,7:00,5.78241,0.85836,5.11968,-67.9533,-15.56194,-11.34556,4.75358,0.7692,66.94041,-7.450779,-1.096126,0.520956,,,,,,,,,,,,5.8674,-8.68441,-0.93481,50,6.19282,-1.25212,-108.74756,6.90588,6.81262,24.47091,-42.25746,FOR_RAM,SAC_PIO,FordhamUniversity,D1,A10,20260428-FordhamUniversity-1,0b1adab0-4350-11f1-a27e-053988b4ee35,72.35241,,,8.45338,,,,,,,13ca75c8-bb5c-4445-823c-d5e13dddedc7,2026-04-28,22:17:28.10,2026-04-28T18:17:28.1068544-04:00,2026-04-28T22:17:28.1068544Z,,v3,471298,471423,4e64d94106064b97a0d56267f0d32905,"McAndrews, Thomas",836274,Right,FOR_RAM,21a1ba9b-64b1-456e-bea0-c777dbd41f9e,55.37809,-109.95111,12.23545,5.80206,8.98421,-21.12873,-0.86499,-1.58718,3.40631,,,,,,,,,,,,,,,,,,,,,,,,,,,,,,,,,,,,,,,,,,,,,,,,,,,High,High,High,,,,,
338,2026-04-28,18:17:45.52,2,3,"Berg, Aric",1000177598,Right,FOR_RAM,"Donohue, Gavin",1000302007,Right,SAC_PIO,Undefined,9,Top,1,1,1,Curveball,Curveball,InPlay,Undefined,Popup,Out,1,0,,78.0754,1.216254,0.251034,2793.793664,49.268429,7:45,5.75205,0.7307,5.00839,-53.83794,-5.51894,-8.50052,2.41376,0.25928,70.40129,-8.557589,-1.252592,0.5003,88.62559,66.585657,7.514174,,,,,,49.7942,,,4.31398,-2.6889,-0.74746,50,5.82511,-0.1456,-113.06618,0.46945,5.46315,24.79078,-35.57922,FOR_RAM,SAC_PIO,FordhamUniversity,D1,A10,20260428-FordhamUniversity-1,157b41c0-4350-11f1-a27e-053988b4ee35,75.33972,128.15831,,7.6741,,,,1.68712,2.21241,-0.28202,13ca75c8-bb5c-4445-823c-d5e13dddedc7,2026-04-28,22:17:45.52,2026-04-28T18:17:45.5200768-04:00,2026-04-28T22:17:45.5200768Z,,v3,471298,471423,4e64d94106064b97a0d56267f0d32905,"McAndrews, Thomas",836274,Right,FOR_RAM,23a0f309-621e-48eb-af89-75a7f550a7ad,55.48992,-114.26356,12.39539,5.76094,2.18789,-17.78961,-0.73406,-0.40946,2.73157,178.045116,1.68714,51.20393,-20.15604,5.74738,-0.00398,-1.35747,0.97007,-0.33023,0.04595,2.2124,119.28249,-28.22969,3.31893,-1.10732,0.8224,-0.49155,0.16297,-0.02267,-0.28202,6.75353,-3.84676,1.15594,0.02204,-0.31165,0.22106,-0.07523,0.01048,,,,,,,,,,,,,,,,,,,,,,,High,High,High,Low,Undefined,,,
339,2026-04-28,18:18:22.29,3,1,"Berg, Aric",1000177598,Right,FOR_RAM,"Rudolph, Will",1000236032,Right,SAC_PIO,Undefined,9,Top,2,0,0,Slider,Curveball,FoulBallNotFieldable,Undefined,Undefined,Undefined,0,0,,78.31841,0.976027,0.067295,2738.624035,60.752558,8:00,5.84101,0.83171,5.0733,-51.29456,-3.29213,-9.13552,2.48673,0.13386,70.46025,-8.364801,-1.550444,0.498658,57.27501,29.440205,154.622164,3930.811014,,,,127.35127,52.85209,160.981928,2.14921,4.54347,-1.42787,-0.83054,50,5.89335,0.24806,-113.38573,0.09941,5.77623,25.26043,-33.98933,FOR_RAM,SAC_PIO,FordhamUniversity,D1,A10,20260428-FordhamUniversity-1,2b648a50-4350-11f1-a27e-053988b4ee35,75.58772,21.35416,,7.85816,,,,0.44662,2.32987,-0.08603,13ca75c8-bb5c-4445-823c-d5e13dddedc7,2026-04-28,22:18:22.29,2026-04-28T18:18:22.2997504-04:00,2026-04-28T22:18:22.2997504Z,LineDrive,v3,471298,471423,4e64d94106064b97a0d56267f0d32905,"McAndrews, Thomas",836274,Right,FOR_RAM,c2e1238f-15a8-4648-be16-28c288445a08,55.42308,-114.58753,12.63022,5.85015,1.71651,-16.99467,-0.8358,-0.02676,2.88811,327.157169,0.44653,-66.08988,3.42521,1.22154,-0.90377,0.71579,-0.3633,0.09418,-0.00974,2.32986,41.28851,-25.14767,3.28373,-0.40551,-0.08666,0.12765,-0.04921,0.00651,-0.08594,31.34634,-5.20846,-0.59121,0.76905,-0.76281,0.41264,-0.10933,0.01143,,,,,,,,,,,,,,,,,,,,,,,High,High,High,High,Low,,,
340,2026-04-28,18:18:44.75,3,2,"Berg, Aric",1000177598,Right,FOR_RAM,"Rudolph, Will",1000236032,Right,SAC_PIO,Undefined,9,Top,2,0,1,Fastball,Four-Seam,FoulBallNotFieldable,Undefined,Undefined,Undefined,0,0,,88.2181,-0.876915,-2.117226,2351.251535,220.37913,1:15,5.89447,0.86399,5.78762,-18.04277,18.89702,14.83032,3.57449,0.1293,78.63557,-4.357075,0.537664,0.43744,68.39856,20.049292,175.044783,2380.872983,-109.97918,13.19263,2.12031,145.67576,54.15975,-179.799821,1.841207,-8.30083,10.34339,-0.69857,50,5.81178,4.08044,-127.73719,-2.46498,-13.36152,32.63193,-15.52475,FOR_RAM,SAC_PIO,FordhamUniversity,D1,A10,20260428-FordhamUniversity-1,38c22bd0-4350-11f1-a27e-053988b4ee35,86.16596,17.46386,,9.58253,,,,0.62522,3.46825,-0.13687,13ca75c8-bb5c-4445-823c-d5e13dddedc7,2026-04-28,22:18:44.75,2026-04-28T18:18:44.7521280-04:00,2026-04-28T22:18:44.7521280Z,LineDrive,v3,471298,471423,4e64d94106064b97a0d56267f0d32905,"McAndrews, Thomas",836274,Right,FOR_RAM,8926e5d8-7e7c-47ef-a515-06143168eeda,54.70738,-128.93414,16.31597,5.89176,-1.89553,-7.76238,-0.85723,4.57054,-6.68076,302.087485,0.62522,-93.88606,8.96171,-0.90302,0.18304,-0.01798,0.00372,-0.00076,4E-05,3.46825,34.39176,-22.66287,2.1862,-0.44444,0.09096,-0.01436,0.00227,-0.00021,-0.13687,8.14002,-6.01276,1.1433,-0.25221,0.04907,-0.00892,0.0016,-0.00015,,,,,,,,,,,,,,,,,,,,,,,High,High,High,High,Medium,,,
341,2026-04-28,18:19:08.87,3,3,"Berg, Aric",1000177598,Right,FOR_RAM,"Rudolph, Will",1000236032,Right,SAC_PIO,Undefined,9,Top,2,0,2,Fastball,Four-Seam,BallCalled,Undefined,Undefined,Undefined,0,0,,87.49606,0.883147,-2.076367,2367.48951,190.444672,12:15,5.97177,0.68887,6.01998,-14.84072,22.55332,3.88126,5.55365,-0.91175,77.51872,-2.056623,-1.379024,0.440121,,,,,,,,,,,,-2.7061,11.5756,-0.52808,50,6.03262,4.41833,-126.59688,1.63896,-4.26529,32.77088,-13.92879,FOR_RAM,SAC_PIO,FordhamUniversity,D1,A10,20260428-FordhamUniversity-1,471a32e0-4350-11f1-a27e-053988b4ee35,85.641,,,9.97734,,,,,,,13ca75c8-bb5c-4445-823c-d5e13dddedc7,2026-04-28,22:19:08.87,2026-04-28T18:19:08.8765952-04:00,2026-04-28T22:19:08.8765952Z,,v3,471298,471423,4e64d94106064b97a0d56267f0d32905,"McAndrews, Thomas",836274,Right,FOR_RAM,f9403b90-31b0-4634-836a-637956a7115c,54.46908,-127.74851,16.38544,5.96642,2.12844,-6.9644,-0.68598,4.56822,-2.13264,,,,,,,,,,,,,,,,,,,,,,,,,,,,,,,,,,,,,,,,,,,,,,,,,,,High,High,High,,,,,
342,2026-04-28,18:19:27.89,3,4,"Berg, Aric",1000177598,Right,FOR_RAM,"Rudolph, Will",1000236032,Right,SAC_PIO,Undefined,9,Top,2,1,2,Curveball,Curveball,InPlay,Undefined,LineDrive,Single,0,0,,76.41621,1.475922,-0.248574,2941.82984,30.502544,7:00,5.81102,0.74567,5.47798,-66.13878,-16.36627,-10.75268,1.6808,-0.38298,68.96547,-10.560345,-2.170502,0.507769,93.11644,15.772678,7.95823,3212.448391,107.67781,24.77454,22.48209,279.86796,277.82221,17.00602,3.052119,5.31937,-8.21331,-0.71634,50,5.89577,0.89831,-110.7635,0.60026,6.42442,24.91758,-42.09357,FOR_RAM,SAC_PIO,FordhamUniversity,D1,A10,20260428-FordhamUniversity-1,528468d0-4350-11f1-a27e-053988b4ee35,74.23147,27.59116,,7.45074,,,,0.78843,1.57863,0.42847,13ca75c8-bb5c-4445-823c-d5e13dddedc7,2026-04-28,22:19:27.89,2026-04-28T18:19:27.8960640-04:00,2026-04-28T22:19:27.8960640Z,LineDrive,v3,471298,471423,4e64d94106064b97a0d56267f0d32905,"McAndrews, Thomas",836274,Right,FOR_RAM,cd61f764-7696-46e7-9b5d-2372c9f13eb0,55.02259,-111.88768,12.45879,5.82585,2.49937,-21.04679,-0.75033,0.60846,3.21221,230.00513,0.78846,130.16109,-22.97159,4.76114,-0.87526,0.10741,-0.00138,-0.0023,0.00033,1.57857,37.12551,-13.72232,0.17004,0.13441,0.00058,-0.01582,0.00568,-0.00066,0.42846,18.19714,7.44079,-3.17448,0.95385,-0.22138,0.04005,-0.00467,0.00024,,,,,,,,,,,,,,,,,,,,,,,High,High,High,High,High,,,
343,2026-04-28,18:20:03.28,4,1,"Berg, Aric",1000177598,Right,FOR_RAM,"Donohue, Ronan",10108737,Right,SAC_PIO,Undefined,9,Top,2,0,0,Curveball,Curveball,FoulBallNotFieldable,Undefined,Undefined,Undefined,0,0,,77.28316,1.033117,-0.341888,2778.609686,44.797483,7:30,5.80474,0.8321,5.06383,-56.30172,-7.5215,-9.13473,2.08721,-0.25151,70.41255,-9.151802,-1.960115,0.502682,65.01087,37.163215,122.52384,5011.527822,,,,,37.24707,,,4.42843,-3.57272,-0.79202,50,5.8581,1.03932,-112.05704,0.01441,5.55844,22.67697,-36.65843,FOR_RAM,SAC_PIO,FordhamUniversity,D1,A10,20260428-FordhamUniversity-1,6792e1c0-4350-11f1-a27e-053988b4ee35,74.98267,26.00153,,6.87061,,,,0.50751,1.82112,0.37551,13ca75c8-bb5c-4445-823c-d5e13dddedc7,2026-04-28,22:20:03.28,2026-04-28T18:20:03.2890880-04:00,2026-04-28T22:20:03.2890880Z,,v3,471298,471423,4e64d94106064b97a0d56267f0d32905,"McAndrews, Thomas",836274,Right,FOR_RAM,3b000978-be2f-42bd-8906-279752521d7a,55.43579,-113.15174,11.33848,5.8147,1.78403,-18.32922,-0.83572,0.771,2.77922,,0.50751,-40.8536,-1.34527,1.73516,-0.69403,0.21426,-0.05824,0.01244,-0.00134,1.82112,57.59922,-24.55402,2.43828,-0.28391,0.00341,0.00994,-0.00323,0.00053,0.37551,64.06846,-17.68317,5.26275,-1.26645,0.27244,-0.05911,0.0112,-0.00147,,,,,,,,,,,,,,,,,,,,,,,High,High,High,High,Undefined,,,
344,2026-04-28,18:20:26.52,4,2,"Berg, Aric",1000177598,Right,FOR_RAM,"Donohue, Ronan",10108737,Right,SAC_PIO,Undefined,9,Top,2,0,1,Fastball,Four-Seam,BallCalled,Undefined,Undefined,Undefined,0,0,,88.16036,-0.470168,-3.744313,2331.438371,196.796248,12:30,5.90274,0.81549,6.08837,-14.53595,22.20761,6.25965,4.25554,-2.13148,78.33672,-3.342925,-2.620926,0.436277,,,,,,,,,,,,-4.49437,11.918,-0.52925,50,5.85839,8.06534,-127.44223,-1.35614,-7.19615,32.64162,-13.09157,FOR_RAM,SAC_PIO,FordhamUniversity,D1,A10,20260428-FordhamUniversity-1,758d3870-4350-11f1-a27e-053988b4ee35,86.39572,,,9.82364,,,,,,,13ca75c8-bb5c-4445-823c-d5e13dddedc7,2026-04-28,22:20:26.52,2026-04-28T18:20:26.5200128-04:00,2026-04-28T22:20:26.5200128Z,,v3,471298,471423,4e64d94106064b97a0d56267f0d32905,"McAndrews, Thomas",836274,Right,FOR_RAM,ea73b750-f98e-4b16-a277-bc95d7bfe16a,54.40169,-128.56468,16.32081,5.89728,-0.90596,-6.54578,-0.81085,8.3128,-3.59807,,,,,,,,,,,,,,,,,,,,,,,,,,,,,,,,,,,,,,,,,,,,,,,,,,,High,High,High,,,,,
345,2026-04-28,18:20:45.57,4,3,"Berg, Aric",1000177598,Right,FOR_RAM,"Donohue, Ronan",10108737,Right,SAC_PIO,Undefined,9,Top,2,1,1,Curveball,Curveball,BallCalled,Undefined,Undefined,Undefined,1,0,,75.4781,0.557612,-1.019439,2925.585379,47.455843,7:30,5.83015,0.63389,5.28989,-62.47889,-10.29237,-13.64032,1.14726,-1.46013,67.24009,-10.824342,-3.448115,0.519937,,,,,,,,,,,,6.32796,-4.58335,-0.53105,50,5.83651,2.49365,-109.12448,-1.08594,7.30851,26.73501,-37.46761,FOR_RAM,SAC_PIO,FordhamUniversity,D1,A10,20260428-FordhamUniversity-1,80c75db0-4350-11f1-a27e-053988b4ee35,72.49426,,,8.23801,,,,,,,13ca75c8-bb5c-4445-823c-d5e13dddedc7,2026-04-28,22:20:45.57,2026-04-28T18:20:45.5750000-04:00,2026-04-28T22:20:45.5750000Z,,v3,471298,471423,4e64d94106064b97a0d56267f0d32905,"McAndrews, Thomas",836274,Right,FOR_RAM,51df7ed6-e5e8-4990-88ed-53e8ce02b26f,55.20484,-110.39228,13.3675,5.84588,0.6908,-18.73381,-0.64108,2.14707,3.65426,,,,,,,,,,,,,,,,,,,,,,,,,,,,,75.35222,,,1.334131,,,,-0.13019,5.414,2.30566,127.27938,1.56819,-0.43332,0.0167,107.93965,-9.54281,5.43481,12.85256,-11.83081,2.24718,-5.80459,2.89787,High,High,High,,,High,High,Medium
346,2026-04-28,18:23:09.89,1,1,"Alejandro, Hector",808822,Right,SAC_PIO,"Dean, Mason",1000150670,Left,FOR_RAM,Undefined,9,Bottom,0,0,0,Slider,Curveball,BallCalled,Undefined,Undefined,Undefined,0,0,,75.11627,4.696587,0.301355,2248.144633,49.433375,7:45,5.67929,1.99551,5.55229,-52.54589,-0.41673,-3.00677,5.69889,2.02654,66.24019,-5.04349,-0.233789,0.519651,,,,,,,,,,,,1.59394,-1.19307,-2.01967,50,6.05307,-0.44806,-108.2945,7.20502,1.83032,24.72885,-33.54405,FOR_RAM,SAC_PIO,FordhamUniversity,D1,A10,20260428-FordhamUniversity-1,d6f5e580-4350-11f1-a27e-053988b4ee35,72.53415,,,8.87607,,,,,,,13ca75c8-bb5c-4445-823c-d5e13dddedc7,2026-04-28,22:23:09.89,2026-04-28T18:23:09.8941952-04:00,2026-04-28T22:23:09.8941952Z,,v3,471298,471423,4e64d94106064b97a0d56267f0d32905,"Bowes, Nathan",1000145608,Both,SAC_PIO,b158b394-7bac-45b5-998e-9d6a0138b16a,54.93794,-109.41626,12.36443,5.69173,8.72666,-16.77203,-1.99746,-0.53109,0.91516,,,,,,,,,,,,,,,,,,,,,,,,,,,,,,,,,,,,,,,,,,,,,,,,,,,High,High,High,,,,,
347,2026-04-28,18:23:25.08,1,2,"Alejandro, Hector",808822,Right,SAC_PIO,"Dean, Mason",1000150670,Left,FOR_RAM,Undefined,9,Bottom,0,1,0,Slider,Curveball,StrikeCalled,Undefined,Undefined,Undefined,0,0,,73.47555,1.601911,-1.653335,2112.172879,50.480781,7:45,5.68058,1.98193,5.55775,-55.36617,-1.07378,-4.04788,2.56443,0.09945,65.36472,-8.618955,-2.375568,0.530324,,,,,,,,,,,,1.38339,-0.41705,-1.83644,50,5.78367,3.22086,-106.21906,1.23858,1.52372,24.2763,-32.63338,FOR_RAM,SAC_PIO,FordhamUniversity,D1,A10,20260428-FordhamUniversity-1,e0025550-4350-11f1-a27e-053988b4ee35,71.07442,,,8.11083,,,,,,,13ca75c8-bb5c-4445-823c-d5e13dddedc7,2026-04-28,22:23:25.08,2026-04-28T18:23:25.0858496-04:00,2026-04-28T22:23:25.0858496Z,,v3,471298,471423,4e64d94106064b97a0d56267f0d32905,"Bowes, Nathan",1000145608,Both,SAC_PIO,bd2becb9-09ed-4251-9581-9f791afcaf27,54.93476,-107.34097,12.13815,5.69158,2.74671,-16.31669,-1.98366,3.15044,0.76186,,,,,,,,,,,,,,,,,,,,,,,,,,,,,,,,,,,,,,,,,,,,,,,,,,,High,High,High,,,,,
348,2026-04-28,18:23:41.85,1,3,"Alejandro, Hector",808822,Right,SAC_PIO,"Dean, Mason",1000150670,Left,FOR_RAM,Undefined,9,Bottom,0,1,1,ChangeUp,Changeup,BallCalled,Undefined,Undefined,Undefined,0,0,,78.48704,0.390322,-2.558522,1848.741251,228.23338,1:30,5.64708,2.15915,6.324,-29.38143,15.99355,16.03863,3.55845,1.1379,70.61094,-5.206583,0.340745,0.484819,,,,,,,,,,,,-9.05221,8.66378,-1.97876,50,5.66176,4.48751,-113.78549,0.0177,-11.66606,24.18818,-21.00859,FOR_RAM,SAC_PIO,FordhamUniversity,D1,A10,20260428-FordhamUniversity-1,e9e57610-4350-11f1-a27e-053988b4ee35,77.74539,,,7.87611,,,,,,,13ca75c8-bb5c-4445-823c-d5e13dddedc7,2026-04-28,22:23:41.85,2026-04-28T18:23:41.8557952-04:00,2026-04-28T22:23:41.8557952Z,,v3,471298,471423,4e64d94106064b97a0d56267f0d32905,"Bowes, Nathan",1000145608,Both,SAC_PIO,92fa121d-935a-4b06-b3c7-5c817e9c7487,54.16943,-114.66839,12.09409,5.64712,0.78454,-10.50429,-2.15033,4.91334,-5.83303,,,,,,,,,,,,,,,,,,,,,,,,,,,,,,,,,,,,,,,,,,,,,,,,,,,High,High,High,,,,,
349,2026-04-28,18:24:01.35,1,4,"Alejandro, Hector",808822,Right,SAC_PIO,"Dean, Mason",1000150670,Left,FOR_RAM,Undefined,9,Bottom,0,2,1,Fastball,Four-Seam,BallCalled,Undefined,Undefined,Undefined,0,0,,85.24547,0.288144,-1.627266,2077.166242,195.838589,12:30,5.81631,1.66305,6.30906,-17.51536,21.25824,5.60126,4.62224,0.63039,75.91615,-3.148975,-0.614813,0.448167,,,,,,,,,,,,-3.43559,11.29882,-1.54608,50,5.82868,3.27968,-123.52116,0.23285,-5.17307,30.42849,-15.16107,FOR_RAM,SAC_PIO,FordhamUniversity,D1,A10,20260428-FordhamUniversity-1,f56f1ae0-4350-11f1-a27e-053988b4ee35,84.10362,,,9.32931,,,,,,,13ca75c8-bb5c-4445-823c-d5e13dddedc7,2026-04-28,22:24:01.35,2026-04-28T18:24:01.3563904-04:00,2026-04-28T22:24:01.3563904Z,,v3,471298,471423,4e64d94106064b97a0d56267f0d32905,"Bowes, Nathan",1000145608,Both,SAC_PIO,f47430bb-e3d1-44ca-941d-03bc6a7fa6f3,54.18183,-124.54706,15.21425,5.81221,0.74401,-7.58054,-1.65959,3.45409,-2.58654,,,,,,,,,,,,,,,,,,,,,,,,,,,,,,,,,,,,,,,,,,,,,,,,,,,High,High,High,,,,,
350,2026-04-28,18:24:21.47,1,5,"Alejandro, Hector",808822,Right,SAC_PIO,"Dean, Mason",1000150670,Left,FOR_RAM,Undefined,9,Bottom,0,3,1,Fastball,Four-Seam,StrikeCalled,Undefined,Undefined,Undefined,0,0,,85.9054,-1.066282,-2.475069,2096.200893,195.280219,12:30,5.7266,1.67506,6.17552,-15.81776,22.69151,5.77567,3.42268,-0.13085,76.39546,-4.185439,-1.434513,0.446636,,,,,,,,,,,,-3.82713,12.46843,-1.49045,50,5.63761,5.13256,-124.33841,-2.65386,-5.8268,31.3084,-13.19084,FOR_RAM,SAC_PIO,FordhamUniversity,D1,A10,20260428-FordhamUniversity-1,017590d0-4351-11f1-a27e-053988b4ee35,84.39176,,,9.50994,,,,,,,13ca75c8-bb5c-4445-823c-d5e13dddedc7,2026-04-28,22:24:21.47,2026-04-28T18:24:21.4721024-04:00,2026-04-28T22:24:21.4721024Z,,v3,471298,471423,4e64d94106064b97a0d56267f0d32905,"Bowes, Nathan",1000145608,Both,SAC_PIO,c0474946-06f3-40d7-a03c-9be735244a28,54.31529,-125.42029,15.6542,5.72143,-2.19804,-6.59542,-1.67129,5.33391,-2.9134,,,,,,,,,,,,,,,,,,,,,,,,,,,,,,,,,,,,,,,,,,,,,,,,,,,High,High,High,,,,,
351,2026-04-28,18:24:41.03,1,6,"Alejandro, Hector",808822,Right,SAC_PIO,"Dean, Mason",1000150670,Left,FOR_RAM,Undefined,9,Bottom,0,3,2,Fastball,Four-Seam,BallCalled,Walk,Undefined,Undefined,0,0,,86.11482,0.056205,-1.646165,2088.515152,191.571708,12:30,5.67511,1.63225,6.16174,-16.76028,21.35867,4.07366,4.33036,0.45064,76.87492,-3.22465,-0.911906,0.444367,,,,,,,,,,,,-2.64453,11.37091,-1.50926,50,5.67059,3.41631,-124.78642,-0.26444,-4.07418,30.48385,-14.65609,FOR_RAM,SAC_PIO,FordhamUniversity,D1,A10,20260428-FordhamUniversity-1,0d1de130-4351-11f1-a27e-053988b4ee35,84.82277,,,9.23991,,,,,,,13ca75c8-bb5c-4445-823c-d5e13dddedc7,2026-04-28,22:24:41.03,2026-04-28T18:24:41.0399744-04:00,2026-04-28T22:24:41.0399744Z,,v3,471298,471423,4e64d94106064b97a0d56267f0d32905,"Bowes, Nathan",1000145608,Both,SAC_PIO,e0fb95aa-a1ce-43e2-b90f-eda0f8bb01f3,54.33006,-125.83975,15.24192,5.67098,0.24198,-7.32805,-1.62974,3.55709,-2.03709,,,,,,,,,,,,,,,,,,,,,,,,,,,,,,,,,,,,,,,,,,,,,,,,,,,High,High,High,,,,,
352,2026-04-28,18:25:13.12,2,1,"Alejandro, Hector",808822,Right,SAC_PIO,"Ford, Tim",1000142266,Right,FOR_RAM,Undefined,9,Bottom,0,0,0,Slider,Curveball,StrikeCalled,Undefined,Undefined,Undefined,0,0,,75.92378,1.185202,-0.690948,2226.310938,21.180445,6:45,5.64695,1.85824,5.71896,-51.75255,-1.00866,-1.24339,2.43849,1.11097,67.16522,-8.41842,-0.913696,0.5127,,,,,,,,,,,,0.34441,-0.22547,-1.79977,50,5.7155,1.37295,-109.77109,0.62612,0.40305,26.81495,-32.43792,FOR_RAM,SAC_PIO,FordhamUniversity,D1,A10,20260428-FordhamUniversity-1,2047e2b0-4351-11f1-a27e-053988b4ee35,73.51756,,,8.75856,,,,,,,13ca75c8-bb5c-4445-823c-d5e13dddedc7,2026-04-28,22:25:13.12,2026-04-28T18:25:13.1295744-04:00,2026-04-28T22:25:13.1295744Z,,v3,471298,471423,4e64d94106064b97a0d56267f0d32905,"Bowes, Nathan",1000145608,Both,SAC_PIO,f5138ea2-e048-4b36-b478-5eb7286c3666,54.77152,-110.93055,13.40748,5.65811,2.02872,-16.21896,-1.85876,1.35553,0.20153,,,,,,,,,,,,,,,,,,,,,,,,,,,,,,,,,,,,,,,,,,,,,,,,,,,High,High,High,,,,,
353,2026-04-28,18:25:29.80,2,2,"Alejandro, Hector",808822,Right,SAC_PIO,"Ford, Tim",1000142266,Right,FOR_RAM,Undefined,9,Bottom,0,0,1,Slider,Curveball,BallCalled,Undefined,Undefined,Undefined,0,0,,76.08382,0.296138,-2.749013,2173.162105,43.047547,7:30,5.68611,1.60911,5.49096,-52.60345,-1.67201,-3.57957,1.57985,-1.2628,67.68133,-9.376425,-3.386631,0.513646,,,,,,,,,,,,0.69976,-0.22244,-1.3659,50,5.67774,5.42038,-109.89812,-1.16078,0.82304,26.41007,-32.4357,FOR_RAM,SAC_PIO,FordhamUniversity,D1,A10,20260428-FordhamUniversity-1,2a3a93d0-4351-11f1-a27e-053988b4ee35,73.38207,,,8.40249,,,,,,,13ca75c8-bb5c-4445-823c-d5e13dddedc7,2026-04-28,22:25:29.80,2026-04-28T18:25:29.8084864-04:00,2026-04-28T22:25:29.8084864Z,,v3,471298,471423,4e64d94106064b97a0d56267f0d32905,"Bowes, Nathan",1000145608,Both,SAC_PIO,43224952-99a1-4d7d-afda-285cd9e037b3,55.00058,-111.09333,13.20503,5.69706,0.30713,-16.21785,-1.61036,5.38313,0.41152,,,,,,,,,,,,,,,,,,,,,,,,,,,,,,,,,,,,,,,,,,,,,,,,,,,High,High,High,,,,,
354,2026-04-28,18:25:51.01,2,3,"Alejandro, Hector",808822,Right,SAC_PIO,"Ford, Tim",1000142266,Right,FOR_RAM,Undefined,9,Bottom,0,1,1,Slider,Curveball,InPlay,Undefined,Popup,Out,1,0,,74.03447,0.359203,-0.62529,2205.610763,73.277939,8:30,5.65543,1.68111,5.58179,-52.09786,0.64256,-4.58477,1.64943,0.71507,66.74169,-9.223961,-1.445063,0.522689,69.72406,82.363843,27.064694,,,,,,12.00764,,,2.1078,0.73969,-1.62426,50,5.65254,1.33889,-107.27602,-0.93473,2.39419,22.92804,-31.33385,FOR_RAM,SAC_PIO,FordhamUniversity,D1,A10,20260428-FordhamUniversity-1,36dcad80-4351-11f1-a27e-053988b4ee35,72.11258,91.08462,,7.29278,,,,2.51477,1.82568,-0.74261,13ca75c8-bb5c-4445-823c-d5e13dddedc7,2026-04-28,22:25:51.01,2026-04-28T18:25:51.0120960-04:00,2026-04-28T22:25:51.0120960Z,,v3,471298,471423,4e64d94106064b97a0d56267f0d32905,"Bowes, Nathan",1000145608,Both,SAC_PIO,edef6746-e933-419d-92a5-aeb04ac7bee0,54.91489,-108.32139,11.46402,5.66259,0.49387,-15.66692,-1.68281,1.22974,1.19709,,2.51479,12.09771,-9.83818,3.16353,-0.42796,0.25017,-0.51611,0.35619,-0.08397,1.82568,101.35527,-26.76578,3.05887,-0.61259,0.17298,-0.05131,0.00369,0.0017,-0.74261,6.18233,-2.12846,0.61914,-0.08512,0.04757,-0.09056,0.06151,-0.01441,,,,,,,,,,,,,,,,,,,,,,,High,High,High,Low,Undefined,,,
355,2026-04-28,18:26:31.37,3,1,"Alejandro, Hector",808822,Right,SAC_PIO,"Markey, Tommy",10084492,Left,FOR_RAM,Undefined,9,Bottom,1,0,0,Fastball,Four-Seam,BallCalled,Undefined,Undefined,Undefined,0,0,,85.65464,-0.435755,-3.303139,2246.265436,186.520887,12:15,5.85189,1.47248,6.20649,-17.37147,21.42485,2.26969,4.0014,-1.39051,76.05592,-3.840953,-2.894663,0.448298,,,,,,,,,,,,-2.35728,11.61335,-1.22531,50,5.8102,7.05516,-123.88254,-1.3363,-3.55707,31.43152,-14.64978,FOR_RAM,SAC_PIO,FordhamUniversity,D1,A10,20260428-FordhamUniversity-1,4ed8f790-4351-11f1-a27e-053988b4ee35,84.07903,,,9.59872,,,,,,,13ca75c8-bb5c-4445-823c-d5e13dddedc7,2026-04-28,22:26:31.37,2026-04-28T18:26:31.3710080-04:00,2026-04-28T22:26:31.3710080Z,,v3,471298,471423,4e64d94106064b97a0d56267f0d32905,"Bowes, Nathan",1000145608,Both,SAC_PIO,94d00fec-f53a-49cc-bdb9-31474a10bb7e,54.28371,-124.96468,15.71576,5.84753,-0.83193,-7.32489,-1.47032,7.17762,-1.77854,,,,,,,,,,,,,,,,,,,,,,,,,,,,,,,,,,,,,,,,,,,,,,,,,,,High,High,High,,,,,
356,2026-04-28,18:26:54.33,3,2,"Alejandro, Hector",808822,Right,SAC_PIO,"Markey, Tommy",10084492,Left,FOR_RAM,Undefined,9,Bottom,1,1,0,Fastball,Four-Seam,StrikeCalled,Undefined,Undefined,Undefined,0,0,,84.68215,-1.353322,-1.80351,2143.522332,189.902161,12:15,5.78859,1.44546,6.19972,-19.50355,20.02659,3.2204,2.91319,0.04845,75.501,-5.136052,-1.222527,0.452518,,,,,,,,,,,,-2.28417,11.24075,-1.31128,50,5.67689,3.72912,-122.62478,-3.37507,-3.38571,30.24257,-15.51255,FOR_RAM,SAC_PIO,FordhamUniversity,D1,A10,20260428-FordhamUniversity-1,5c97a4d0-4351-11f1-a27e-053988b4ee35,83.29494,,,9.18115,,,,,,,13ca75c8-bb5c-4445-823c-d5e13dddedc7,2026-04-28,22:26:54.33,2026-04-28T18:26:54.3302656-04:00,2026-04-28T22:26:54.3302656Z,,v3,471298,471423,4e64d94106064b97a0d56267f0d32905,"Bowes, Nathan",1000145608,Both,SAC_PIO,4e98a4f3-d033-47f0-9a8a-06ff798d91b8,54.29125,-123.67859,15.12128,5.78508,-2.83453,-7.75628,-1.44328,3.8471,-1.69286,,,,,,,,,,,,,,,,,,,,,,,,,,,,,,,,,,,,,,,,,,,,,,,,,,,High,High,High,,,,,
357,2026-04-28,18:27:12.50,3,3,"Alejandro, Hector",808822,Right,SAC_PIO,"Markey, Tommy",10084492,Left,FOR_RAM,Undefined,9,Bottom,1,1,1,ChangeUp,Changeup,InPlay,Undefined,LineDrive,Out,1,0,,77.5442,-0.07852,-3.035335,1949.985899,228.794528,1:45,5.55836,1.88312,6.485,-31.06411,15.24584,15.42662,2.89749,0.37924,69.72348,-5.999735,-0.239093,0.489788,99.19241,17.152163,26.118342,1956.809433,97.83236,31.76564,50.28678,335.13412,315.23403,30.504265,3.626413,-9.08945,8.49993,-1.67615,50,5.53928,5.42917,-112.42771,-0.93067,-11.39994,24.20496,-21.51348,FOR_RAM,SAC_PIO,FordhamUniversity,D1,A10,20260428-FordhamUniversity-1,6771cfc0-4351-11f1-a27e-053988b4ee35,76.95659,40.73831,,7.82072,,,,1.73613,2.84468,-0.26449,13ca75c8-bb5c-4445-823c-d5e13dddedc7,2026-04-28,22:27:12.50,2026-04-28T18:27:12.5060608-04:00,2026-04-28T22:27:12.5060608Z,LineDrive,v3,471298,471423,4e64d94106064b97a0d56267f0d32905,"Bowes, Nathan",1000145608,Both,SAC_PIO,9289679b-ff7a-4ff0-a4ba-e5a3c44cecde,54.01101,-113.28796,12.10248,5.55877,-0.16608,-10.75674,-1.8763,5.83432,-5.69997,,1.73636,124.80509,-24.27643,5.52362,-0.91253,0.07102,0.00947,-0.0031,0.00025,2.84432,42.92229,-11.63596,-0.38112,-0.10011,0.16232,-0.06062,0.01079,-0.00076,-0.26449,61.19778,-6.38414,1.0361,-0.16004,0.03121,-0.00613,0.00073,-3E-05,,,,,,,,,,,,,,,,,,,,,,,High,High,High,High,High,,,
358,2026-04-28,18:28:06.84,4,1,"Alejandro, Hector",808822,Right,SAC_PIO,"Hanawalt, Chase",1000367090,Left,FOR_RAM,Undefined,9,Bottom,2,0,0,ChangeUp,Changeup,BallCalled,Undefined,Undefined,Undefined,0,0,,79.8787,3.130768,-2.421141,2052.49666,245.026851,2:15,5.4874,2.19716,6.6109,-32.20927,11.2967,20.83375,5.67627,1.7144,71.4689,-3.014977,1.362402,0.474729,,,,,,,,,,,,-11.58001,5.36209,-2.03913,50,5.68769,4.12777,-115.71659,5.49905,-15.39622,25.50746,-25.04487,FOR_RAM,SAC_PIO,FordhamUniversity,D1,A10,20260428-FordhamUniversity-1,883913d0-4351-11f1-a27e-053988b4ee35,79.39779,,,8.40981,,,,,,,13ca75c8-bb5c-4445-823c-d5e13dddedc7,2026-04-28,22:28:06.84,2026-04-28T18:28:06.8499456-04:00,2026-04-28T22:28:06.8499456Z,,v3,471298,471423,4e64d94106064b97a0d56267f0d32905,"Bowes, Nathan",1000145608,Both,SAC_PIO,1c036737-b51e-4044-96e4-5e4b1731d8a4,53.8837,-116.56953,12.75373,5.4898,6.33652,-12.52243,-2.18577,4.64261,-7.69811,,,,,,,,,,,,,,,,,,,,,,,,,,,,,,,,,,,,,,,,,,,,,,,,,,,High,High,High,,,,,
359,2026-04-28,18:28:27.04,4,2,"Alejandro, Hector",808822,Right,SAC_PIO,"Hanawalt, Chase",1000367090,Left,FOR_RAM,Undefined,9,Bottom,2,1,0,Slider,Curveball,StrikeCalled,Undefined,Undefined,Undefined,0,0,,74.77012,2.189947,-1.737496,2208.266138,47.672768,7:30,5.75131,1.75736,5.87191,-53.27932,-1.33008,-3.87311,3.34737,-0.17972,66.22923,-7.721955,-2.432088,0.518754,,,,,,,,,,,,1.26465,-0.77154,-1.61469,50,5.89924,3.4265,-108.08142,2.50381,1.43898,25.50965,-33.05194,FOR_RAM,SAC_PIO,FordhamUniversity,D1,A10,20260428-FordhamUniversity-1,93e1b250-4351-11f1-a27e-053988b4ee35,72.65962,,,8.54089,,,,,,,13ca75c8-bb5c-4445-823c-d5e13dddedc7,2026-04-28,22:28:27.04,2026-04-28T18:28:27.0471680-04:00,2026-04-28T22:28:27.0471680Z,,v3,471298,471423,4e64d94106064b97a0d56267f0d32905,"Bowes, Nathan",1000145608,Both,SAC_PIO,bdcaff47-6e81-4c8b-a146-89aee1049a0d,54.61946,-109.16628,12.75482,5.76287,3.90941,-16.52597,-1.7591,3.3653,0.71949,,,,,,,,,,,,,,,,,,,,,,,,,,,,,,,,,,,,,,,,,,,,,,,,,,,High,High,High,,,,,
360,2026-04-28,18:28:44.93,4,3,"Alejandro, Hector",808822,Right,SAC_PIO,"Hanawalt, Chase",1000367090,Left,FOR_RAM,Undefined,9,Bottom,2,1,1,Fastball,Four-Seam,BallCalled,Undefined,Undefined,Undefined,0,0,,87.78621,-0.038317,-2.510549,2185.892106,190.112376,12:15,5.87935,1.49676,6.19412,-16.73773,19.64536,3.27043,4.44913,-0.54993,78.98033,-3.286439,-1.9213,0.434131,,,,,,,,,,,,-2.4763,10.50749,-1.30916,50,5.86775,5.44223,-127.25543,-0.49742,-4.00072,29.70902,-15.19803,FOR_RAM,SAC_PIO,FordhamUniversity,D1,A10,20260428-FordhamUniversity-1,9e805ae0-4351-11f1-a27e-053988b4ee35,86.82266,,,8.80588,,,,,,,13ca75c8-bb5c-4445-823c-d5e13dddedc7,2026-04-28,22:28:44.93,2026-04-28T18:28:44.9303040-04:00,2026-04-28T22:28:44.9303040Z,,v3,471298,471423,4e64d94106064b97a0d56267f0d32905,"Bowes, Nathan",1000145608,Both,SAC_PIO,766a9dda-c0c9-4014-a3ab-60b3ae80ccec,54.29907,-128.25516,14.85451,5.87589,0.014,-7.59902,-1.49456,5.57686,-2.00036,,,,,,,,,,,,,,,,,,,,,,,,,,,,,,,,,,,,,,,,,,,,,,,,,,,High,High,High,,,,,
361,2026-04-28,18:29:07.15,4,4,"Alejandro, Hector",808822,Right,SAC_PIO,"Hanawalt, Chase",1000367090,Left,FOR_RAM,Undefined,9,Bottom,2,2,1,Slider,Curveball,BallCalled,Undefined,Undefined,Undefined,0,0,,75.44841,2.055083,0.141591,2283.585419,65.784833,8:15,5.64934,1.73674,5.63662,-51.91357,-0.91217,-6.55654,3.24129,1.32246,67.32333,-7.546707,-1.030326,0.513999,,,,,,,,,,,,3.30547,-0.45984,-1.74481,50,5.79234,-0.00961,-109.16136,2.2503,3.8723,24.43119,-32.71275,FOR_RAM,SAC_PIO,FordhamUniversity,D1,A10,20260428-FordhamUniversity-1,abce44f0-4351-11f1-a27e-053988b4ee35,73.33168,,,8.12509,,,,,,,13ca75c8-bb5c-4445-823c-d5e13dddedc7,2026-04-28,22:29:07.15,2026-04-28T18:29:07.1507968-04:00,2026-04-28T22:29:07.1507968Z,,v3,471298,471423,4e64d94106064b97a0d56267f0d32905,"Bowes, Nathan",1000145608,Both,SAC_PIO,81cd5966-667c-4d8e-9d4e-15f115e97546,54.85535,-110.24267,12.2156,5.6607,3.69814,-16.35638,-1.74059,-0.18099,1.93615,,,,,,,,,,,,,,,,,,,,,,,,,,,,,,,,,,,,,,,,,,,,,,,,,,,High,High,High,,,,,
362,2026-04-28,18:29:33.38,4,5,"Alejandro, Hector",808822,Right,SAC_PIO,"Hanawalt, Chase",1000367090,Left,FOR_RAM,Undefined,9,Bottom,2,3,1,Fastball,Four-Seam,FoulBallNotFieldable,Undefined,Undefined,Undefined,0,0,,86.95186,-1.141059,-2.486253,2104.9078,192.703371,12:30,5.63742,1.52823,6.192,-14.56576,22.96871,4.83925,3.369,-0.36535,77.37914,-4.027202,-1.614228,0.440947,70.01489,18.923182,-174.717329,1694.591976,,,,135.87131,53.17688,-176.069727,1.671296,-3.39327,12.70083,-1.34324,50,5.54409,5.26984,-125.9098,-2.82119,-5.29568,32.19165,-12.35261,FOR_RAM,SAC_PIO,FordhamUniversity,D1,A10,20260428-FordhamUniversity-1,bb5e2fc0-4351-11f1-a27e-053988b4ee35,85.48063,15.40379,,9.57272,,,,1.13162,3.27279,0.35518,13ca75c8-bb5c-4445-823c-d5e13dddedc7,2026-04-28,22:29:33.38,2026-04-28T18:29:33.3891072-04:00,2026-04-28T22:29:33.3891072Z,LineDrive,v3,471298,471423,4e64d94106064b97a0d56267f0d32905,"Bowes, Nathan",1000145608,Both,SAC_PIO,770956b8-c587-4632-92c6-e42de3df683f,54.30187,-127.00491,16.09583,5.63291,-2.40097,-6.17631,-1.52557,5.44999,-2.64784,11.551237,1.13161,-96.72489,9.332,-0.30153,-0.11968,0.28909,-0.22695,0.09214,-0.01532,3.27279,33.30195,-24.58495,2.68357,-0.51822,0.1389,-0.04018,0.01184,-0.00181,0.35518,-8.94322,1.87061,0.00458,-0.04094,0.07851,-0.06038,0.02447,-0.00407,,,,,,,,,,,,,,,,,,,,,,,High,High,High,High,Low,,,
363,2026-04-28,18:30:01.50,4,6,"Alejandro, Hector",808822,Right,SAC_PIO,"Hanawalt, Chase",1000367090,Left,FOR_RAM,Undefined,9,Bottom,2,3,2,Slider,Slider,StrikeCalled,Strikeout,Undefined,Undefined,0,0,,78.36471,1.922246,-0.941938,2310.713177,93.499542,9:00,5.60695,1.88581,5.65661,-44.70495,1.98307,-4.75811,3.67511,0.61078,70.60911,-6.343841,-1.792075,0.491784,,,,,,,,,,,,2.07429,0.9435,-1.80313,50,5.74211,2.05673,-113.52946,2.35329,2.66069,24.1198,-30.96384,FOR_RAM,SAC_PIO,FordhamUniversity,D1,A10,20260428-FordhamUniversity-1,cc275de0-4351-11f1-a27e-053988b4ee35,76.64435,,,7.7556,,,,,,,13ca75c8-bb5c-4445-823c-d5e13dddedc7,2026-04-28,22:30:01.50,2026-04-28T18:30:01.5040000-04:00,2026-04-28T22:30:01.5040000Z,,v3,471298,471423,4e64d94106064b97a0d56267f0d32905,"Bowes, Nathan",1000145608,Both,SAC_PIO,960a4c24-53df-4a6b-8978-c4551d79e91e,54.83784,-114.55267,12.0599,5.61441,3.66684,-15.48192,-1.88799,1.94386,1.33034,,,,,,,,,,,,,,,,,,,,,,,,,,,,,,,,,,,,,,,,,,,,,,,,,,,High,High,High,,,,,