PitchNo,Date,Time,PAofInning,PitchofPA,Pitcher,PitcherId,PitcherThrows,PitcherTeam,Batter,BatterId,BatterSide,BatterTeam,PitcherSet,Inning,Top/Bottom,Outs,Balls,Strikes,TaggedPitchType,AutoPitchType,PitchCall,KorBB,TaggedHitType,PlayResult,OutsOnPlay,RunsScored,Notes,RelSpeed,VertRelAngle,HorzRelAngle,SpinRate,SpinAxis,Tilt,RelHeight,RelSide,Extension,VertBreak,InducedVertBreak,HorzBreak,PlateLocHeight,PlateLocSide,ZoneSpeed,VertApprAngle,HorzApprAngle,ZoneTime,ExitSpeed,Angle,Direction,HitSpinRate,PositionAt110X,PositionAt110Y,PositionAt110Z,Distance,LastTrackedDistance,Bearing,HangTime,pfxx,pfxz,x0,y0,z0,vx0,vy0,vz0,ax0,ay0,az0,HomeTeam,AwayTeam,Stadium,Level,League,GameID,PitchUID,EffectiveVelo,MaxHeight,MeasuredDuration,SpeedDrop,PitchLastMeasuredX,PitchLastMeasuredY,PitchLastMeasuredZ,ContactPositionX,ContactPositionY,ContactPositionZ,GameUID,UTCDate,UTCTime,LocalDateTime,UTCDateTime,AutoHitType,System,HomeTeamForeignID,AwayTeamForeignID,GameForeignID,Catcher,CatcherId,CatcherThrows,CatcherTeam,PlayID,PitchTrajectoryXc0,PitchTrajectoryXc1,PitchTrajectoryXc2,PitchTrajectoryYc0,PitchTrajectoryYc1,PitchTrajectoryYc2,PitchTrajectoryZc0,PitchTrajectoryZc1,PitchTrajectoryZc2,HitSpinAxis,HitTrajectoryXc0,HitTrajectoryXc1,HitTrajectoryXc2,HitTrajectoryXc3,HitTrajectoryXc4,HitTrajectoryXc5,HitTrajectoryXc6,HitTrajectoryXc7,HitTrajectoryXc8,HitTrajectoryYc0,HitTrajectoryYc1,HitTrajectoryYc2,HitTrajectoryYc3,HitTrajectoryYc4,HitTrajectoryYc5,HitTrajectoryYc6,HitTrajectoryYc7,HitTrajectoryYc8,HitTrajectoryZc0,HitTrajectoryZc1,HitTrajectoryZc2,HitTrajectoryZc3,HitTrajectoryZc4,HitTrajectoryZc5,HitTrajectoryZc6,HitTrajectoryZc7,HitTrajectoryZc8,ThrowSpeed,PopTime,ExchangeTime,TimeToBase,CatchPositionX,CatchPositionY,CatchPositionZ,ThrowPositionX,ThrowPositionY,ThrowPositionZ,BasePositionX,BasePositionY,BasePositionZ,ThrowTrajectoryXc0,ThrowTrajectoryXc1,ThrowTrajectoryXc2,ThrowTrajectoryYc0,ThrowTrajectoryYc1,ThrowTrajectoryYc2,ThrowTrajectoryZc0,ThrowTrajectoryZc1,ThrowTrajectoryZc2,PitchReleaseConfidence,PitchLocationConfidence,PitchMovementConfidence,HitLaunchConfidence,HitLandingConfidence,CatcherThrowCatchConfidence,CatcherThrowReleaseConfidence,CatcherThrowLocationConfidence
1,2026-04-21,15:05:18.88,1,1,"Chavez, Caden",1000258549,Left,FOR_RAM,"Schmalzle, TJ",1000213571,Right,FAI_STA,Undefined,1,Top,0,0,0,Fastball,Changeup,BallCalled,Undefined,Undefined,Undefined,0,0,,84.52501,-1.851393,2.697347,1958.755025,137.546758,10:30,5.09444,-2.05109,5.93383,-24.00816,15.04194,-12.62812,1.37364,-0.59914,77.49762,-6.34846,0.430651,0.449762,,,,,,,,,,,,7.20233,8.598,1.84273,50,4.93289,-5.27456,-122.6455,-4.69178,10.98791,23.8893,-19.05684,FOR_RAM,FAI_STA,FordhamUniversity,D1,A10,20260421-FordhamUniversity-1,0a3cd5d0-3db5-11f1-a8c0-6b9c5118a01a,83.80533,,,7.0274,,,,,,,9fd2b87c-3fe5-4428-9bed-f2337eda9884,2026-04-21,19:05:18.88,2026-04-21T15:05:18.8880384-04:00,2026-04-21T19:05:18.8880384Z,,v3,471298,471291,a1316deca63447d19dd205c393751d6a,"McAndrews, Thomas",836274,Right,FOR_RAM,e785877c-1e5f-41fa-8b5b-7f3dc76d9628,54.56418,-123.53133,11.94465,5.09377,-3.98515,-9.52842,2.04587,-5.682,5.49396,,,,,,,,,,,,,,,,,,,,,,,,,,,,,,,,,,,,,,,,,,,,,,,,,,,High,High,High,,,,,
2,2026-04-21,15:05:37.95,1,2,"Chavez, Caden",1000258549,Left,FOR_RAM,"Schmalzle, TJ",1000213571,Right,FAI_STA,Undefined,1,Top,0,1,0,Fastball,Changeup,StrikeCalled,Undefined,Undefined,Undefined,0,0,,84.38473,-0.962204,1.89672,1940.19165,138.972085,10:45,5.04471,-2.0263,5.88886,-24.87446,14.56843,-11.52946,2.07783,-1.22529,76.8204,-5.636052,-0.172305,0.452018,,,,,,,,,,,,6.41642,8.12871,1.87982,50,4.95289,-3.58368,-122.44528,-2.81127,9.69084,25.34677,-19.89713,FOR_RAM,FAI_STA,FordhamUniversity,D1,A10,20260421-FordhamUniversity-1,15972d40-3db5-11f1-a8c0-6b9c5118a01a,83.38701,,,7.56434,,,,,,,9fd2b87c-3fe5-4428-9bed-f2337eda9884,2026-04-21,19:05:37.95,2026-04-21T15:05:37.9519488-04:00,2026-04-21T19:05:37.9519488Z,,v3,471298,471291,a1316deca63447d19dd205c393751d6a,"McAndrews, Thomas",836274,Right,FOR_RAM,a19806e2-f0bf-4ac5-8964-1e990050e4d2,54.60725,-123.39532,12.67339,5.04429,-2.06549,-9.94857,2.02095,-3.94691,4.84542,,,,,,,,,,,,,,,,,,,,,,,,,,,,,,,,,,,,,,,,,,,,,,,,,,,High,High,High,,,,,
3,2026-04-21,15:05:57.76,1,3,"Chavez, Caden",1000258549,Left,FOR_RAM,"Schmalzle, TJ",1000213571,Right,FAI_STA,Undefined,1,Top,0,1,1,Curveball,Curveball,StrikeCalled,Undefined,Undefined,Undefined,0,0,,73.21922,2.72764,0.644598,2157.492286,322.255254,4:45,5.34666,-1.90273,5.27545,-58.89184,-5.07264,5.32024,3.003,-0.85392,66.70549,-7.996087,1.588906,0.528007,,,,,,,,,,,,-2.44256,-2.73768,1.83989,50,5.55298,-1.39822,-106.11134,3.11781,-2.76144,19.58418,-35.26914,FOR_RAM,FAI_STA,FordhamUniversity,D1,A10,20260421-FordhamUniversity-1,216e2ec0-3db5-11f1-a8c0-6b9c5118a01a,71.38619,,,6.51373,,,,,,,9fd2b87c-3fe5-4428-9bed-f2337eda9884,2026-04-21,19:05:57.76,2026-04-21T15:05:57.7675776-04:00,2026-04-21T19:05:57.7675776Z,,v3,471298,471291,a1316deca63447d19dd205c393751d6a,"McAndrews, Thomas",836274,Right,FOR_RAM,78d1fcea-3cdd-4bd1-ab80-76267744a726,55.22295,-107.07096,9.79209,5.35786,4.84599,-17.63457,1.90509,-1.26291,-1.38072,,,,,,,,,,,,,,,,,,,,,,,,,,,,,,,,,,,,,,,,,,,,,,,,,,,High,High,High,,,,,
4,2026-04-21,15:06:19.57,1,4,"Chavez, Caden",1000258549,Left,FOR_RAM,"Schmalzle, TJ",1000213571,Right,FAI_STA,Undefined,1,Top,0,1,2,Fastball,Four-Seam,BallCalled,Undefined,Undefined,Undefined,0,0,,85.61343,-2.985279,2.907969,2043.408654,150.235053,11:00,5.07588,-1.87115,6.1538,-19.53225,18.67777,-9.91075,0.68402,-0.00805,77.71754,-6.708142,1.122668,0.444898,,,,,,,,,,,,6.02599,10.97481,1.65508,50,4.83859,-5.91224,-124.01792,-7.00166,9.29373,27.05509,-15.24786,FOR_RAM,FAI_STA,FordhamUniversity,D1,A10,20260421-FordhamUniversity-1,2e5e6870-3db5-11f1-a8c0-6b9c5118a01a,84.7216,,,7.89589,,,,,,,9fd2b87c-3fe5-4428-9bed-f2337eda9884,2026-04-21,19:06:19.57,2026-04-21T15:06:19.5759104-04:00,2026-04-21T19:06:19.5759104Z,,v3,471298,471291,a1316deca63447d19dd205c393751d6a,"McAndrews, Thomas",836274,Right,FOR_RAM,1a589de3-be82-443e-a701-be02606697bb,54.34349,-124.96188,13.52755,5.0736,-6.46966,-7.62393,1.86702,-6.23651,4.64687,,,,,,,,,,,,,,,,,,,,,,,,,,,,,,,,,,,,,,,,,,,,,,,,,,,High,High,High,,,,,
5,2026-04-21,15:06:41.79,1,5,"Chavez, Caden",1000258549,Left,FOR_RAM,"Schmalzle, TJ",1000213571,Right,FAI_STA,Undefined,1,Top,0,2,2,Curveball,Curveball,FoulBallNotFieldable,Undefined,Undefined,Undefined,0,0,,72.62272,1.677801,1.669561,2260.986261,326.725095,5:00,5.29779,-1.8064,5.5302,-63.89771,-9.63875,7.52052,1.54249,0.38144,66.43451,-9.953901,3.012091,0.53016,60.81727,22.757937,-49.512872,2875.245273,,,,117.89187,89.34354,-50.50914,1.722827,-3.29516,-4.93382,1.65612,50,5.40066,-3.33916,-105.35762,1.08669,-3.65822,19.9559,-37.6515,FOR_RAM,FAI_STA,FordhamUniversity,D1,A10,20260421-FordhamUniversity-1,3baca0a0-3db5-11f1-a8c0-6b9c5118a01a,71.09631,14.8707,,6.18821,,,,2.43741,1.4591,-0.19631,9fd2b87c-3fe5-4428-9bed-f2337eda9884,2026-04-21,19:06:41.79,2026-04-21T15:06:41.7907200-04:00,2026-04-21T19:06:41.7907200Z,LineDrive,v3,471298,471291,a1316deca63447d19dd205c393751d6a,"McAndrews, Thomas",836274,Right,FOR_RAM,41dc8ab2-4712-42b5-9914-0a1b46e773ce,54.9712,-106.29505,9.97795,5.30807,2.85537,-18.82575,1.80894,-3.16732,-1.82911,,2.43744,53.40212,-9.12834,1.76433,0.23347,-0.74446,0.55999,-0.19768,0.02719,1.45906,34.51035,-24.24136,3.30933,-1.49885,1.22295,-0.77312,0.25884,-0.03462,-0.19633,-62.55597,8.0345,-1.62018,-0.10319,0.52489,-0.40463,0.14433,-0.02,,,,,,,,,,,,,,,,,,,,,,,High,High,High,Medium,Medium,,,
6,2026-04-21,15:07:10.25,1,6,"Chavez, Caden",1000258549,Left,FOR_RAM,"Schmalzle, TJ",1000213571,Right,FAI_STA,Undefined,1,Top,0,2,2,Fastball,Changeup,StrikeSwinging,Strikeout,Undefined,Undefined,0,0,,85.36319,-2.029369,2.859667,2044.115351,147.343763,11:00,5.01759,-1.91028,6.04837,-17.8758,20.37222,-12.2517,1.64613,-0.28173,77.91229,-5.444979,0.657436,0.445119,,,,,,,,,,,,7.07122,11.41556,1.69386,50,4.84963,-5.68946,-123.80159,-4.86125,10.96149,24.98972,-14.47814,FOR_RAM,FAI_STA,FordhamUniversity,D1,A10,20260421-FordhamUniversity-1,4c94c870-3db5-11f1-a8c0-6b9c5118a01a,84.67953,,,7.4509,,,,,,,9fd2b87c-3fe5-4428-9bed-f2337eda9884,2026-04-21,19:07:10.25,2026-04-21T15:07:10.2590000-04:00,2026-04-21T19:07:10.2590000Z,,v3,471298,471291,a1316deca63447d19dd205c393751d6a,"McAndrews, Thomas",836274,Right,FOR_RAM,72d1e05f-723d-40ea-a11f-e70d26a72875,54.44838,-124.69628,12.49486,5.0144,-4.3429,-7.23907,1.90458,-6.08191,5.48075,,,,,,,,,,,,,,,,,,,,,,,,,,,,,64.30283,,,1.076074,,,,-3.33571,5.24528,4.03422,76.57057,6.08978,48.20808,-3.26728,81.68164,-6.99203,5.27345,15.31528,-13.54239,4.04454,42.75302,-1.5958,High,High,High,,,High,High,High
7,2026-04-21,15:07:43.88,2,1,"Chavez, Caden",1000258549,Left,FOR_RAM,"Haarde, Jake",831933,Right,FAI_STA,Undefined,1,Top,1,0,0,Fastball,Changeup,BallCalled,Undefined,Undefined,Undefined,0,0,,84.42858,-1.354211,1.436223,2003.062247,150.132797,11:00,5.13223,-1.87631,6.11509,-19.85592,19.28174,-10.30485,2.22487,-1.40686,76.66643,-5.149806,-0.420937,0.450266,,,,,,,,,,,,5.70902,10.73312,1.77125,50,5.0179,-2.66106,-122.53092,-3.42102,8.61416,25.91151,-15.97915,FOR_RAM,FAI_STA,FordhamUniversity,D1,A10,20260421-FordhamUniversity-1,60aa3b60-3db5-11f1-a8c0-6b9c5118a01a,83.71156,,,7.76215,,,,,,,9fd2b87c-3fe5-4428-9bed-f2337eda9884,2026-04-21,19:07:43.88,2026-04-21T15:07:43.8855680-04:00,2026-04-21T19:07:43.8855680Z,,v3,471298,471291,a1316deca63447d19dd205c393751d6a,"McAndrews, Thomas",836274,Right,FOR_RAM,5cb81592-5d69-4333-ba0f-047315da7c9b,54.38043,-123.45377,12.95576,5.1296,-2.85192,-7.98958,1.87149,-2.96786,4.30708,,,,,,,,,,,,,,,,,,,,,,,,,,,,,,,,,,,,,,,,,,,,,,,,,,,High,High,High,,,,,
8,2026-04-21,15:08:05.32,2,2,"Chavez, Caden",1000258549,Left,FOR_RAM,"Haarde, Jake",831933,Right,FAI_STA,Undefined,1,Top,1,1,0,Fastball,Four-Seam,StrikeCalled,Undefined,Undefined,Undefined,0,0,,85.49369,-1.256968,2.06488,2096.371865,141.146811,10:45,5.1238,-1.94239,6.0993,-21.64293,16.6556,-12.34064,2.15677,-1.06023,77.45856,-5.372851,-0.157953,0.445413,,,,,,,,,,,,6.9513,9.35678,1.7896,50,5.01564,-3.97106,-124.01741,-3.33075,10.71795,27.11446,-17.74718,FOR_RAM,FAI_STA,FordhamUniversity,D1,A10,20260421-FordhamUniversity-1,6d6beb00-3db5-11f1-a8c0-6b9c5118a01a,84.62365,,,8.03513,,,,,,,9fd2b87c-3fe5-4428-9bed-f2337eda9884,2026-04-21,19:08:05.32,2026-04-21T15:08:05.3261824-04:00,2026-04-21T19:08:05.3261824Z,,v3,471298,471291,a1316deca63447d19dd205c393751d6a,"McAndrews, Thomas",836274,Right,FOR_RAM,bde57ab8-323b-40ef-b86e-9da59c75f662,54.3963,-124.9749,13.55723,5.1222,-2.70405,-8.87359,1.93651,-4.34954,5.35898,,,,,,,,,,,,,,,,,,,,,,,,,,,,,,,,,,,,,,,,,,,,,,,,,,,High,High,High,,,,,
9,2026-04-21,15:08:26.90,2,3,"Chavez, Caden",1000258549,Left,FOR_RAM,"Haarde, Jake",831933,Right,FAI_STA,Undefined,1,Top,1,1,1,Curveball,Curveball,BallCalled,Undefined,Undefined,Undefined,0,0,,70.27929,4.058886,-1.184507,2260.69325,315.10056,4:30,5.38806,-1.68834,5.35536,-67.41626,-8.91642,10.87434,3.58383,-1.89318,63.81977,-8.225101,0.746752,0.550489,,,,,,,,,,,,-5.75374,-4.9954,1.787,50,5.70606,1.70146,-101.72617,5.09122,-5.96453,18.3565,-37.35247,FOR_RAM,FAI_STA,FordhamUniversity,D1,A10,20260421-FordhamUniversity-1,7a5c4bc0-3db5-11f1-a8c0-6b9c5118a01a,68.47082,,,6.45951,,,,,,,9fd2b87c-3fe5-4428-9bed-f2337eda9884,2026-04-21,19:08:26.90,2026-04-21T15:08:26.9000192-04:00,2026-04-21T19:08:26.9000192Z,,v3,471298,471291,a1316deca63447d19dd205c393751d6a,"McAndrews, Thomas",836274,Right,FOR_RAM,f7e31014-a58a-455f-855d-aeade349762f,55.1446,-102.65031,9.17825,5.40241,6.97171,-18.67624,1.69378,2.00174,-2.98227,,,,,,,,,,,,,,,,,,,,,,,,,,,,,,,,,,,,,,,,,,,,,,,,,,,High,High,High,,,,,
10,2026-04-21,15:08:46.89,2,4,"Chavez, Caden",1000258549,Left,FOR_RAM,"Haarde, Jake",831933,Right,FAI_STA,Undefined,1,Top,1,2,1,Fastball,Changeup,BallCalled,Undefined,Undefined,Undefined,0,0,,84.90554,-2.179459,2.935411,2037.750404,149.236553,11:00,5.12881,-2.00351,6.03001,-20.38694,18.42946,-10.19146,1.40795,-0.13203,77.35121,-6.048051,1.104099,0.448414,,,,,,,,,,,,6.09709,10.50855,1.77943,50,4.94719,-5.90779,-123.08784,-5.2573,9.31017,25.4977,-16.12762,FOR_RAM,FAI_STA,FordhamUniversity,D1,A10,20260421-FordhamUniversity-1,86337450-3db5-11f1-a8c0-6b9c5118a01a,84.05728,,,7.55433,,,,,,,9fd2b87c-3fe5-4428-9bed-f2337eda9884,2026-04-21,19:08:46.89,2026-04-21T15:08:46.8990464-04:00,2026-04-21T19:08:46.8990464Z,,v3,471298,471291,a1316deca63447d19dd205c393751d6a,"McAndrews, Thomas",836274,Right,FOR_RAM,46ae12ce-3131-4806-bc1e-c4da7f3901d5,54.46723,-124.00977,12.74885,5.12673,-4.67416,-8.06381,1.99913,-6.24443,4.65509,,,,,,,,,,,,,,,,,,,,,,,,,,,,,,,,,,,,,,,,,,,,,,,,,,,High,High,High,,,,,
11,2026-04-21,15:09:08.51,2,5,"Chavez, Caden",1000258549,Left,FOR_RAM,"Haarde, Jake",831933,Right,FAI_STA,Undefined,1,Top,1,3,1,Fastball,Changeup,StrikeSwinging,Undefined,Undefined,Undefined,0,0,,85.31824,-1.638111,2.262234,1986.568191,143.494885,10:45,5.05365,-1.95533,6.05723,-22.85867,15.50442,-10.52233,1.63095,-0.7372,77.71033,-5.953454,0.368597,0.445788,,,,,,,,,,,,6.05118,8.84504,1.78495,50,4.91407,-4.46574,-123.77726,-4.20804,9.33982,25.88365,-18.52198,FOR_RAM,FAI_STA,FordhamUniversity,D1,A10,20260421-FordhamUniversity-1,93146bc0-3db5-11f1-a8c0-6b9c5118a01a,84.55242,,,7.6079,,,,,,,9fd2b87c-3fe5-4428-9bed-f2337eda9884,2026-04-21,19:09:08.51,2026-04-21T15:09:08.5120000-04:00,2026-04-21T19:09:08.5120000Z,,v3,471298,471291,a1316deca63447d19dd205c393751d6a,"McAndrews, Thomas",836274,Right,FOR_RAM,bb2d6e4b-3d5f-4cb0-aee6-afb7d96bdeed,54.43913,-124.70209,12.94182,5.0526,-3.54625,-9.26099,1.95048,-4.79946,4.66991,,,,,,,,,,,,,,,,,,,,,,,,,,,,,,,,,,,,,,,,,,,,,,,,,,,High,High,High,,,,,
12,2026-04-21,15:09:30.58,2,6,"Chavez, Caden",1000258549,Left,FOR_RAM,"Haarde, Jake",831933,Right,FAI_STA,Undefined,1,Top,1,3,2,Fastball,Changeup,BallCalled,Walk,Undefined,Undefined,0,0,,85.07205,-1.037863,1.096579,2006.04366,146.913694,11:00,5.08055,-2.00059,5.83165,-20.00367,18.74588,-11.39461,2.44857,-1.93072,77.6144,-4.828471,-0.946299,0.448028,,,,,,,,,,,,6.07918,10.22355,1.91759,50,4.98403,-1.88948,-123.50364,-2.80955,9.3734,24.99168,-16.4105,FOR_RAM,FAI_STA,FordhamUniversity,D1,A10,20260421-FordhamUniversity-1,a0430e00-3db5-11f1-a8c0-6b9c5118a01a,84.12974,,,7.45764,,,,,,,9fd2b87c-3fe5-4428-9bed-f2337eda9884,2026-04-21,19:09:30.58,2026-04-21T15:09:30.5802240-04:00,2026-04-21T19:09:30.5802240Z,,v3,471298,471291,a1316deca63447d19dd205c393751d6a,"McAndrews, Thomas",836274,Right,FOR_RAM,575595a0-5464-4f33-8495-c98a97c788dc,54.66429,-124.44391,12.49584,5.07812,-2.19214,-8.20525,1.99531,-2.24214,4.6867,,,,,,,,,,,,,,,,,,,,,,,,,,,,,,,,,,,,,,,,,,,,,,,,,,,High,High,High,,,,,
13,2026-04-21,15:10:03.53,3,1,"Chavez, Caden",1000258549,Left,FOR_RAM,"Bucciero, Matthew",1000238377,Right,FAI_STA,Undefined,1,Top,1,0,0,ChangeUp,Changeup,InPlay,Undefined,GroundBall,FieldersChoice,1,0,,80.03467,0.955894,2.500361,1135.66061,80.675928,8:45,5.11133,-1.88802,5.80896,-44.1425,-0.55307,-11.3206,2.32262,-0.50478,73.69723,-7.150021,0.471735,0.475184,72.4538,-13.871774,-38.748229,,,,,10.79051,7.88696,-28.899257,0.09091,6.49874,-0.20425,1.68993,50,5.16307,-4.65499,-116.26313,0.51336,8.92633,21.08195,-32.45458,FOR_RAM,FAI_STA,FordhamUniversity,D1,A10,20260421-FordhamUniversity-1,b3de6ef0-3db5-11f1-a8c0-6b9c5118a01a,79.32172,2.323,,6.33744,,,,2.11048,2.323,0.67289,9fd2b87c-3fe5-4428-9bed-f2337eda9884,2026-04-21,19:10:03.53,2026-04-21T15:10:03.5317248-04:00,2026-04-21T19:10:03.5317248Z,GroundBall,v3,471298,471291,a1316deca63447d19dd205c393751d6a,"McAndrews, Thomas",836274,Right,FOR_RAM,a0827a60-ac0e-4ae5-980d-a3df69885bae,54.69235,-117.1109,10.54098,5.11619,1.81846,-16.22729,1.88434,-5.01394,4.46316,180,2.10698,80.69876,,,,,,,,2.3241,-25.55282,,,,,,,,0.6757,-64.7635,,,,,,,,,,,,,,,,,,,,,,,,,,,,,,High,High,High,Medium,Medium,,,
14,2026-04-21,15:14:06.70,4,1,"Chavez, Caden",1000258549,Left,FOR_RAM,"Scanlan, Connor",1000467081,Right,FAI_STA,Undefined,1,Top,2,0,0,Fastball,Changeup,BallCalled,Undefined,Undefined,Undefined,0,0,,83.75941,-0.477799,1.679476,2032.29503,143.141238,10:45,5.12883,-2.09704,5.95311,-21.59485,18.743,-12.94505,2.88594,-1.61779,75.37682,-4.606561,-0.645802,0.457117,,,,,,,,,,,,7.08933,10.15571,1.97026,50,5.07879,-3.02402,-121.42282,-1.6002,10.41814,27.24861,-17.24967,FOR_RAM,FAI_STA,FordhamUniversity,D1,A10,20260421-FordhamUniversity-1,450231f0-3db6-11f1-a8c0-6b9c5118a01a,82.45679,,,8.38259,,,,,,,9fd2b87c-3fe5-4428-9bed-f2337eda9884,2026-04-21,19:14:06.70,2026-04-21T15:14:06.7099136-04:00,2026-04-21T19:14:06.7099136Z,,v3,471298,471291,a1316deca63447d19dd205c393751d6a,"McAndrews, Thomas",836274,Right,FOR_RAM,ddd8c086-02b7-4501-92f7-34c32cb4ee1c,54.54014,-122.43743,13.6243,5.12641,-0.95789,-8.62484,2.09008,-3.41195,5.20907,,,,,,,,,,,,,,,,,,,,,,,,,,,,,,,,,,,,,,,,,,,,,,,,,,,High,High,High,,,,,
15,2026-04-21,15:14:27.03,4,2,"Chavez, Caden",1000258549,Left,FOR_RAM,"Scanlan, Connor",1000467081,Right,FAI_STA,Undefined,1,Top,2,1,0,ChangeUp,Splitter,StrikeSwinging,Undefined,Undefined,Undefined,0,0,,79.81249,-0.361276,3.493692,1068.721584,83.79506,8:45,5.07655,-2.11354,5.7403,-45.57727,-0.74095,-21.71824,0.94142,-0.6663,72.34236,-8.743048,-0.394878,0.481933,,,,,,,,,,,,12.15449,0.23307,1.83594,50,5.0188,-6.20794,-115.62614,-2.2322,16.19241,24.76462,-31.86356,FOR_RAM,FAI_STA,FordhamUniversity,D1,A10,20260421-FordhamUniversity-1,50f39940-3db6-11f1-a8c0-6b9c5118a01a,78.21101,,,7.47013,,,,,,,9fd2b87c-3fe5-4428-9bed-f2337eda9884,2026-04-21,19:14:27.03,2026-04-21T15:14:27.0329856-04:00,2026-04-21T19:14:27.0329856Z,,v3,471298,471291,a1316deca63447d19dd205c393751d6a,"McAndrews, Thomas",836274,Right,FOR_RAM,93b92ff9-e66f-4c14-ad48-b80b8666ec1f,54.75875,-116.6409,12.38231,5.08352,-0.92655,-15.93178,2.10392,-6.87145,8.0962,,,,,,,,,,,,,,,,,,,,,,,,,,,,,,,,,,,,,,,,,,,,,,,,,,,High,High,High,,,,,
16,2026-04-21,15:14:51.35,4,3,"Chavez, Caden",1000258549,Left,FOR_RAM,"Scanlan, Connor",1000467081,Right,FAI_STA,Undefined,1,Top,2,1,1,Fastball,Changeup,BallCalled,Undefined,Undefined,Undefined,0,0,,83.70242,-0.007413,1.153215,1939.542025,153.50841,11:00,5.13454,-1.98294,5.99003,-23.85108,16.49383,-7.48599,3.14008,-1.53787,75.29211,-4.546599,-0.192681,0.457157,,,,,,,,,,,,4.1678,8.87804,1.89584,50,5.12093,-2.13484,-121.36053,-0.69011,6.1145,27.36389,-19.14926,FOR_RAM,FAI_STA,FordhamUniversity,D1,A10,20260421-FordhamUniversity-1,5f6a72f0-3db6-11f1-a8c0-6b9c5118a01a,82.44961,,,8.41031,,,,,,,9fd2b87c-3fe5-4428-9bed-f2337eda9884,2026-04-21,19:14:51.35,2026-04-21T15:14:51.3508352-04:00,2026-04-21T19:14:51.3508352Z,,v3,471298,471291,a1316deca63447d19dd205c393751d6a,"McAndrews, Thomas",836274,Right,FOR_RAM,12ff683e-2914-40e0-bfc1-5f177b7c83de,54.50274,-122.37158,13.68194,5.13336,0.01742,-9.57463,1.97889,-2.36076,3.05725,,,,,,,,,,,,,,,,,,,,,,,,,,,,,,,,,,,,,,,,,,,,,,,,,,,High,High,High,,,,,
17,2026-04-21,15:15:12.69,4,4,"Chavez, Caden",1000258549,Left,FOR_RAM,"Scanlan, Connor",1000467081,Right,FAI_STA,Undefined,1,Top,2,2,1,Fastball,Changeup,BallCalled,Undefined,Undefined,Undefined,1,0,,84.29935,0.150386,2.264818,2020.161042,138.721757,10:30,4.97787,-1.88827,6.06619,-25.81883,13.91729,-10.92981,2.96558,-0.70206,75.74161,-4.746996,0.298309,0.453695,,,,,,,,,,,,6.32945,7.5352,1.71818,50,4.97595,-4.38953,-122.18926,-0.43232,9.39824,28.08613,-20.98547,FOR_RAM,FAI_STA,FordhamUniversity,D1,A10,20260421-FordhamUniversity-1,6c2dd040-3db6-11f1-a8c0-6b9c5118a01a,83.07878,,,8.55774,,,,,,,9fd2b87c-3fe5-4428-9bed-f2337eda9884,2026-04-21,19:15:12.69,2026-04-21T15:15:12.6980000-04:00,2026-04-21T19:15:12.6980000Z,,v3,471298,471291,a1316deca63447d19dd205c393751d6a,"McAndrews, Thomas",836274,Right,FOR_RAM,b6c621d7-955d-4c89-8274-45f5673a4bf8,54.42811,-123.20289,14.04306,4.97789,0.32505,-10.49273,1.88271,-4.72871,4.69912,,,,,,,,,,,,,,,,,,,,,,,,,,,,,75.96259,2.036401,0.703027,1.333374,-1.7515,2.69301,0.68881,-0.9161,5.46659,2.55238,127.2808,3.75828,4.08538,-0.77255,108.70254,-9.61647,5.48735,14.67384,-11.99923,2.45265,-4.83914,4.62713,High,High,High,,,High,High,Medium
18,2026-04-21,15:18:16.55,1,1,"Hoxie, Hunter",1000142956,Left,FAI_STA,"Kirk, Taylor",1000367095,Right,FOR_RAM,Undefined,1,Bottom,0,0,0,Fastball,Four-Seam,BallCalled,Undefined,Undefined,Undefined,0,0,,84.68318,-1.847726,0.272769,2162.947791,154.172839,11:15,5.56235,-1.09773,5.3492,-21.07993,18.98607,-8.52185,2.072,-1.55203,76.93922,-5.805092,-1.241844,0.455575,,,,,,,,,,,,4.3426,10.47461,1.07943,50,5.38143,-0.21478,-122.75446,-4.62009,6.57804,25.94765,-16.30735,FOR_RAM,FAI_STA,FordhamUniversity,D1,A10,20260421-FordhamUniversity-1,d9b9f120-3db6-11f1-a8c0-6b9c5118a01a,82.73605,,,7.74396,,,,,,,9fd2b87c-3fe5-4428-9bed-f2337eda9884,2026-04-21,19:18:16.55,2026-04-21T15:18:16.5576704-04:00,2026-04-21T19:18:16.5576704Z,,v3,471298,471291,a1316deca63447d19dd205c393751d6a,"Baglino, Aidan",1000304988,Right,FAI_STA,453eebff-9320-44b9-a407-537eece5cf74,55.14652,-123.83754,12.97383,5.56008,-3.9394,-8.15367,1.09413,-0.48935,3.28902,,,,,,,,,,,,,,,,,,,,,,,,,,,,,,,,,,,,,,,,,,,,,,,,,,,High,High,High,,,,,
19,2026-04-21,15:18:31.62,1,2,"Hoxie, Hunter",1000142956,Left,FAI_STA,"Kirk, Taylor",1000367095,Right,FOR_RAM,Undefined,1,Bottom,0,1,0,Fastball,Changeup,StrikeCalled,Undefined,Undefined,Undefined,0,0,,83.65325,-1.762808,0.865454,2190.964474,150.239567,11:00,5.59436,-1.01939,5.19179,-20.8234,20.66477,-10.9641,2.2001,-1.11887,75.64545,-5.684005,-1.077267,0.46359,,,,,,,,,,,,5.70681,11.26627,0.94767,50,5.41576,-1.34815,-121.1589,-4.37251,8.38553,26.20775,-15.61949,FOR_RAM,FAI_STA,FordhamUniversity,D1,A10,20260421-FordhamUniversity-1,e2b2b1e0-3db6-11f1-a8c0-6b9c5118a01a,81.30562,,,8.0078,,,,,,,9fd2b87c-3fe5-4428-9bed-f2337eda9884,2026-04-21,19:18:31.62,2026-04-21T15:18:31.6290560-04:00,2026-04-21T19:18:31.6290560Z,,v3,471298,471291,a1316deca63447d19dd205c393751d6a,"Baglino, Aidan",1000304988,Right,FAI_STA,3e0cef60-5aae-47c2-a4d2-215aec4bce10,55.30295,-122.3006,13.10388,5.59142,-3.69207,-7.80975,1.01436,-1.71345,4.19277,,,,,,,,,,,,,,,,,,,,,,,,,,,,,,,,,,,,,,,,,,,,,,,,,,,High,High,High,,,,,
20,2026-04-21,15:18:47.02,1,3,"Hoxie, Hunter",1000142956,Left,FAI_STA,"Kirk, Taylor",1000367095,Right,FOR_RAM,Undefined,1,Bottom,0,1,1,Curveball,Curveball,StrikeSwinging,Undefined,Undefined,Undefined,0,0,,71.51093,1.265699,0.54435,2641.974811,316.525378,4:30,5.66872,-1.0005,4.73246,-68.82287,-10.99099,12.33075,1.13452,0.54351,65.35634,-11.068693,2.717632,0.547337,,,,,,,,,,,,-5.92989,-5.36323,0.93387,50,5.73449,-1.45462,-103.63659,-0.05727,-6.34623,19.90206,-37.91386,FOR_RAM,FAI_STA,FordhamUniversity,D1,A10,20260421-FordhamUniversity-1,ebf94480-3db6-11f1-a8c0-6b9c5118a01a,68.86511,,,6.15459,,,,,,,9fd2b87c-3fe5-4428-9bed-f2337eda9884,2026-04-21,19:18:47.02,2026-04-21T15:18:47.0284800-04:00,2026-04-21T19:18:47.0284800Z,,v3,471298,471291,a1316deca63447d19dd205c393751d6a,"Baglino, Aidan",1000304988,Right,FAI_STA,1febd0b6-ea7d-4ea8-828a-751ba251ca35,55.76944,-104.73867,9.95103,5.67953,2.04223,-18.95693,1.00469,-1.1032,-3.17312,,,,,,,,,,,,,,,,,,,,,,,,,,,,,,,,,,,,,,,,,,,,,,,,,,,High,High,High,,,,,
21,2026-04-21,15:19:09.60,1,4,"Hoxie, Hunter",1000142956,Left,FAI_STA,"Kirk, Taylor",1000367095,Right,FOR_RAM,Undefined,1,Bottom,0,1,2,Curveball,Curveball,InPlay,Undefined,LineDrive,Single,0,0,,72.2432,2.175414,-0.568837,2713.025242,317.660465,4:30,5.64592,-1.07418,4.59064,-70.76024,-13.28607,14.07375,1.81956,-0.44245,65.29759,-10.51659,1.903809,0.545642,90.24042,16.835565,-13.1487,1256.530153,107.57122,25.86736,-22.9874,273.2548,268.90041,-11.08454,2.965984,-7.08721,-6.69693,1.11882,50,5.80429,0.47723,-104.52841,1.46879,-7.65324,21.55582,-39.40588,FOR_RAM,FAI_STA,FordhamUniversity,D1,A10,20260421-FordhamUniversity-1,f9669d70-3db6-11f1-a8c0-6b9c5118a01a,69.07907,28.42393,,6.9456,,,,2.17116,1.9009,0.5043,9fd2b87c-3fe5-4428-9bed-f2337eda9884,2026-04-21,19:19:09.60,2026-04-21T15:19:09.6078336-04:00,2026-04-21T19:19:09.6078336Z,LineDrive,v3,471298,471291,a1316deca63447d19dd205c393751d6a,"Baglino, Aidan",1000304988,Right,FAI_STA,b47e876e-008f-4847-87ff-7665407d4639,55.91034,-105.74021,10.77791,5.65945,3.68407,-19.70294,1.0799,0.90747,-3.82662,190.584752,2.17116,123.35827,-18.62451,3.97469,-0.82137,0.16107,-0.02734,0.00325,-0.00019,1.9009,38.33271,-14.67314,0.68233,-0.07734,0.00611,0.00063,-8E-05,0,0.5043,-28.81693,5.6596,-1.0577,0.20378,-0.03718,0.00623,-0.00073,4E-05,,,,,,,,,,,,,,,,,,,,,,,High,High,High,High,High,,,
22,2026-04-21,15:19:43.59,2,1,"Hoxie, Hunter",1000142956,Left,FAI_STA,"Grabau, Anthony",1000407420,Left,FOR_RAM,Undefined,1,Bottom,0,0,0,Fastball,Splitter,BallCalled,Undefined,Undefined,Undefined,0,0,,83.7201,-2.269229,3.922362,2178.83998,146.932711,11:00,5.56505,-0.91062,5.39012,-19.44773,21.70765,-13.18241,1.8115,1.67277,75.87107,-5.950907,1.585881,0.461726,,,,,,,,,,,,7.78741,12.00103,0.56941,50,5.34873,-7.7388,-121.05862,-5.37837,11.46517,25.37564,-14.5053,FOR_RAM,FAI_STA,FordhamUniversity,D1,A10,20260421-FordhamUniversity-1,0d9abbf0-3db7-11f1-a8c0-6b9c5118a01a,81.6337,,,7.84903,,,,,,,9fd2b87c-3fe5-4428-9bed-f2337eda9884,2026-04-21,19:19:43.59,2026-04-21T15:19:43.5905536-04:00,2026-04-21T19:19:43.5905536Z,,v3,471298,471291,a1316deca63447d19dd205c393751d6a,"Baglino, Aidan",1000304988,Right,FAI_STA,1d0d06a6-e9df-4273-95bf-6557603399af,55.10621,-122.12426,12.68782,5.5618,-4.76922,-7.25265,0.90451,-8.22028,5.73259,,,,,,,,,,,,,,,,,,,,,,,,,,,,,,,,,,,,,,,,,,,,,,,,,,,High,High,High,,,,,
23,2026-04-21,15:20:31.16,2,2,"Hoxie, Hunter",1000142956,Left,FAI_STA,"Grabau, Anthony",1000407420,Left,FOR_RAM,Undefined,1,Bottom,0,1,0,Cutter,Slider,BallCalled,Undefined,Undefined,Undefined,0,0,,77.21766,-0.3969,3.968288,2467.341489,221.42827,1:30,5.52312,-1.12407,4.6574,-44.1379,5.35922,3.30032,1.46699,2.92696,70.76674,-8.338058,4.5453,0.506362,,,,,,,,,,,,-0.46406,3.23323,0.71516,50,5.44275,-7.88474,-111.65431,-2.37074,-0.58365,20.80358,-28.10772,FOR_RAM,FAI_STA,FordhamUniversity,D1,A10,20260421-FordhamUniversity-1,2a0e0f30-3db7-11f1-a8c0-6b9c5118a01a,74.43769,,,6.45092,,,,,,,9fd2b87c-3fe5-4428-9bed-f2337eda9884,2026-04-21,19:20:31.16,2026-04-21T15:20:31.1629824-04:00,2026-04-21T19:20:31.1629824Z,,v3,471298,471291,a1316deca63447d19dd205c393751d6a,"Baglino, Aidan",1000304988,Right,FAI_STA,dd362dae-df73-4b9b-986c-eb7295107f4d,55.83936,-112.73705,10.40179,5.52807,-0.90785,-14.05386,1.12474,-7.85436,-0.29182,,,,,,,,,,,,,,,,,,,,,,,,,,,,,,,,,,,,,,,,,,,,,,,,,,,High,High,High,,,,,
24,2026-04-21,15:20:48.95,2,3,"Hoxie, Hunter",1000142956,Left,FAI_STA,"Grabau, Anthony",1000407420,Left,FOR_RAM,Undefined,1,Bottom,0,2,0,Fastball,Changeup,FoulBallNotFieldable,Undefined,Undefined,Undefined,0,0,,82.5848,-0.701118,2.594974,2277.263615,151.846827,11:00,5.55604,-1.09551,5.44856,-20.86832,21.25592,-10.57993,3.15991,0.45394,74.66331,-4.659583,0.714342,0.46713,,,,,,,,,,,,6.17473,11.37434,0.87401,50,5.48041,-4.99133,-119.65939,-2.0784,8.85435,25.45514,-15.86358,FOR_RAM,FAI_STA,FordhamUniversity,D1,A10,20260421-FordhamUniversity-1,34905620-3db7-11f1-a8c0-6b9c5118a01a,80.68947,,,7.92149,,,,,,,9fd2b87c-3fe5-4428-9bed-f2337eda9884,2026-04-21,19:20:48.95,2026-04-21T15:20:48.9555968-04:00,2026-04-21T19:20:48.9555968Z,,v3,471298,471291,a1316deca63447d19dd205c393751d6a,"Baglino, Aidan",1000304988,Right,FAI_STA,31dc5a36-08f1-4e4e-b95f-f95d276d4ce2,55.04897,-120.72868,12.72757,5.55372,-1.41202,-7.93179,1.09149,-5.36327,4.42718,,,,,,,,,,,,,,,,,,,,,,,,,,,,,,,,,,,,,,,,,,,,,,,,,,,High,High,High,,,,,
25,2026-04-21,15:21:12.16,2,4,"Hoxie, Hunter",1000142956,Left,FAI_STA,"Grabau, Anthony",1000407420,Left,FOR_RAM,Undefined,1,Bottom,0,2,1,Slider,Slider,InPlay,Undefined,LineDrive,Double,0,0,,77.44117,0.574279,1.56254,2376.786743,186.046604,12:15,5.44932,-1.33515,4.67587,-41.27376,8.14434,0.67598,2.55545,0.20549,70.09125,-6.937209,1.681154,0.505958,106.04618,12.535862,32.669421,2423.962098,89.74291,17.54529,63.60966,228.79046,176.56775,40.114531,1.967192,0.16256,4.27414,1.17545,50,5.47101,-3.086,-112.09429,-0.33834,0.20404,22.81045,-26.80913,FOR_RAM,FAI_STA,FordhamUniversity,D1,A10,20260421-FordhamUniversity-1,427d6660-3db7-11f1-a8c0-6b9c5118a01a,74.49717,17.72682,,7.34992,,,,2.71683,2.60976,-0.01516,9fd2b87c-3fe5-4428-9bed-f2337eda9884,2026-04-21,19:21:12.16,2026-04-21T15:21:12.1698304-04:00,2026-04-21T19:21:12.1698304Z,LineDrive,v3,471298,471291,a1316deca63447d19dd205c393751d6a,"Baglino, Aidan",1000304988,Right,FAI_STA,9bb7cb82-d08f-4973-a3fc-49bcefbcae0a,55.82095,-113.27262,11.40523,5.45272,1.04656,-13.40456,1.33513,-3.09654,0.10202,,2.71683,127.80672,-31.54795,8.42567,-2.10208,0.48492,-0.08438,0.00762,-4E-05,2.60976,33.75938,-19.79344,1.05329,0.00462,0.00264,-0.02841,0.01306,-0.00192,-0.01516,81.95425,-6.12557,1.93508,-0.46282,0.08795,-0.00518,-0.00262,0.00054,,,,,,,,,,,,,,,,,,,,,,,High,High,High,Medium,Medium,,,
26,2026-04-21,15:22:02.01,3,1,"Hoxie, Hunter",1000142956,Left,FAI_STA,"McAndrews, Thomas",836274,Right,FOR_RAM,Undefined,1,Bottom,0,0,0,Curveball,Curveball,BallCalled,Undefined,Undefined,Undefined,0,0,,69.58741,3.958162,-2.262664,2577.313773,306.255688,4:15,5.54556,-1.10228,4.54385,-75.79705,-12.85513,21.07438,3.00628,-1.50127,61.96798,-9.691569,1.426786,0.571007,,,,,,,,,,,,-10.93186,-6.78666,1.31683,50,5.88743,3.11023,-100.31303,4.30929,-10.77129,21.2147,-38.861,FOR_RAM,FAI_STA,FordhamUniversity,D1,A10,20260421-FordhamUniversity-1,60356ea0-3db7-11f1-a8c0-6b9c5118a01a,66.01048,,,7.61943,,,,,,,9fd2b87c-3fe5-4428-9bed-f2337eda9884,2026-04-21,19:22:02.01,2026-04-21T15:22:02.0149760-04:00,2026-04-21T19:22:02.0149760Z,,v3,471298,471291,a1316deca63447d19dd205c393751d6a,"Baglino, Aidan",1000304988,Right,FAI_STA,288681d3-4c08-4d1b-8f0d-55663b5c8543,55.95465,-101.56454,10.60735,5.5656,6.60181,-19.4305,1.11461,3.74566,-5.38564,,,,,,,,,,,,,,,,,,,,,,,,,,,,,,,,,,,,,,,,,,,,,,,,,,,High,High,High,,,,,
27,2026-04-21,15:22:21.76,3,2,"Hoxie, Hunter",1000142956,Left,FAI_STA,"McAndrews, Thomas",836274,Right,FOR_RAM,Undefined,1,Bottom,0,1,0,Fastball,Changeup,StrikeSwinging,Undefined,Undefined,Undefined,0,0,,83.41379,-1.040228,1.215407,2283.142247,145.811439,10:45,5.52848,-1.16845,5.25527,-21.53793,20.3667,-12.75611,2.75594,-1.0893,74.85243,-5.118948,-1.046919,0.46591,,,,,,,,,,,,6.71477,10.94111,1.06666,50,5.41796,-1.99741,-120.74217,-2.84462,9.72868,27.57826,-16.32207,FOR_RAM,FAI_STA,FordhamUniversity,D1,A10,20260421-FordhamUniversity-1,6c0f2f40-3db7-11f1-a8c0-6b9c5118a01a,80.90062,,,8.56136,,,,,,,9fd2b87c-3fe5-4428-9bed-f2337eda9884,2026-04-21,19:22:21.76,2026-04-21T15:22:21.7670144-04:00,2026-04-21T19:22:21.7670144Z,,v3,471298,471291,a1316deca63447d19dd205c393751d6a,"Baglino, Aidan",1000304988,Right,FAI_STA,9a0046a4-0db4-421e-bc7a-16f926c83039,55.23779,-121.93264,13.78913,5.52555,-2.14004,-8.16104,1.16194,-2.41737,4.86434,,,,,,,,,,,,,,,,,,,,,,,,,,,,,,,,,,,,,,,,,,,,,,,,,,,High,High,High,,,,,
28,2026-04-21,15:22:43.13,3,3,"Hoxie, Hunter",1000142956,Left,FAI_STA,"McAndrews, Thomas",836274,Right,FOR_RAM,Undefined,1,Bottom,0,1,1,Fastball,Four-Seam,StrikeSwinging,Undefined,Undefined,Undefined,0,0,,83.70115,-1.416988,1.752384,2194.296046,155.04777,11:15,5.55303,-1.12973,5.10913,-20.76938,21.15804,-9.09367,2.48636,-0.23603,75.01579,-5.350069,0.14454,0.466037,,,,,,,,,,,,5.06674,11.41296,0.97193,50,5.40425,-3.2948,-121.0586,-3.63157,7.37259,27.92411,-15.56713,FOR_RAM,FAI_STA,FordhamUniversity,D1,A10,20260421-FordhamUniversity-1,78aed7f0-3db7-11f1-a8c0-6b9c5118a01a,80.87861,,,8.68535,,,,,,,9fd2b87c-3fe5-4428-9bed-f2337eda9884,2026-04-21,19:22:43.13,2026-04-21T15:22:43.1349248-04:00,2026-04-21T19:22:43.1349248Z,,v3,471298,471291,a1316deca63447d19dd205c393751d6a,"Baglino, Aidan",1000304988,Right,FAI_STA,c6644575-bb70-4d06-b476-3ca20bceea77,55.38356,-122.2941,13.96205,5.54969,-2.9428,-7.78356,1.12492,-3.621,3.6863,,,,,,,,,,,,,,,,,,,,,,,,,,,,,,,,,,,,,,,,,,,,,,,,,,,High,High,High,,,,,
29,2026-04-21,15:23:03.68,3,4,"Hoxie, Hunter",1000142956,Left,FAI_STA,"McAndrews, Thomas",836274,Right,FOR_RAM,Undefined,1,Bottom,0,1,2,ChangeUp,Changeup,BallCalled,Undefined,Undefined,Undefined,0,0,,82.07433,-1.749385,1.924166,1817.708744,112.003324,9:45,5.18514,-1.47878,4.98876,-33.26911,10.18229,-21.36363,0.75944,-1.44152,74.50271,-7.835783,-1.850852,0.474431,,,,,,,,,,,,11.18465,6.03634,1.31175,50,4.98998,-3.06532,-118.844,-4.81736,15.80292,25.34488,-23.64523,FOR_RAM,FAI_STA,FordhamUniversity,D1,A10,20260421-FordhamUniversity-1,84e389d0-3db7-11f1-a8c0-6b9c5118a01a,79.44765,,,7.57162,,,,,,,9fd2b87c-3fe5-4428-9bed-f2337eda9884,2026-04-21,19:23:03.68,2026-04-21T15:23:03.6869120-04:00,2026-04-21T19:23:03.6869120Z,,v3,471298,471291,a1316deca63447d19dd205c393751d6a,"Baglino, Aidan",1000304988,Right,FAI_STA,ead98ad9-7333-4b6a-be32-9d1b193d5c72,55.50897,-120.0131,12.67244,5.18704,-3.72666,-11.82262,1.46996,-3.79427,7.90146,,,,,,,,,,,,,,,,,,,,,,,,,,,,,,,,,,,,,,,,,,,,,,,,,,,High,High,High,,,,,
30,2026-04-21,15:23:31.07,3,5,"Hoxie, Hunter",1000142956,Left,FAI_STA,"McAndrews, Thomas",836274,Right,FOR_RAM,Undefined,1,Bottom,0,2,2,Curveball,Curveball,FoulBallNotFieldable,Undefined,Undefined,Undefined,0,0,,70.75498,2.431054,-0.753846,2554.707618,308.61639,4:15,5.48407,-1.0375,4.76096,-70.53803,-10.80568,16.41473,1.91265,-0.38445,63.73976,-10.288687,2.137793,0.556258,87.81773,-21.02132,-71.363889,,,,,7.99755,4.10203,-41.449824,0.051133,-8.38544,-5.65449,1.09748,50,5.66546,0.72071,-102.34661,1.97429,-8.65316,21.15816,-38.00907,FOR_RAM,FAI_STA,FordhamUniversity,D1,A10,20260421-FordhamUniversity-1,953edaf0-3db7-11f1-a8c0-6b9c5118a01a,67.76074,2.36744,,7.01522,,,,4.02581,2.36744,0.54344,9fd2b87c-3fe5-4428-9bed-f2337eda9884,2026-04-21,19:23:31.07,2026-04-21T15:23:31.0769664-04:00,2026-04-21T19:23:31.0769664Z,GroundBall,v3,471298,471291,a1316deca63447d19dd205c393751d6a,"Baglino, Aidan",1000304988,Right,FAI_STA,fdb420bd-5be6-4f54-9dcd-5d7a3466d82a,55.73965,-103.52637,10.57908,5.49629,4.09365,-19.00454,1.04385,1.20321,-4.32658,,4.02514,38.50031,,,,,,,,2.36824,-46.29955,,,,,,,,0.54541,-114.16329,,,,,,,,,,,,,,,,,,,,,,,,,,,,,,High,High,High,Low,Low,,,
31,2026-04-21,15:23:58.20,3,6,"Hoxie, Hunter",1000142956,Left,FAI_STA,"McAndrews, Thomas",836274,Right,FOR_RAM,Undefined,1,Bottom,0,2,2,Fastball,Four-Seam,BallCalled,Undefined,Undefined,Undefined,0,0,,84.05909,-2.28713,3.123139,2224.149259,157.994421,11:15,5.56026,-1.15559,5.21082,-20.83529,20.93178,-7.77374,1.66891,1.1364,74.9754,-6.241401,1.748271,0.465145,,,,,,,,,,,,4.97559,11.71304,0.87277,50,5.33384,-6.27867,-121.35613,-5.48432,7.22839,29.4661,-15.15766,FOR_RAM,FAI_STA,FordhamUniversity,D1,A10,20260421-FordhamUniversity-1,a56ba200-3db7-11f1-a8c0-6b9c5118a01a,81.03373,,,9.08369,,,,,,,9fd2b87c-3fe5-4428-9bed-f2337eda9884,2026-04-21,19:23:58.20,2026-04-21T15:23:58.2098944-04:00,2026-04-21T19:23:58.2098944Z,,v3,471298,471291,a1316deca63447d19dd205c393751d6a,"Baglino, Aidan",1000304988,Right,FAI_STA,8763b3c8-d3b4-4bf4-b677-bfde3000e6e5,55.28249,-122.63204,14.73305,5.5571,-4.82798,-7.57883,1.15142,-6.59167,3.6142,,,,,,,,,,,,,,,,,,,,,,,,,,,,,,,,,,,,,,,,,,,,,,,,,,,High,High,High,,,,,
32,2026-04-21,15:24:18.98,3,7,"Hoxie, Hunter",1000142956,Left,FAI_STA,"McAndrews, Thomas",836274,Right,FOR_RAM,Undefined,1,Bottom,0,3,2,Fastball,Splitter,FoulBallNotFieldable,Undefined,Undefined,Undefined,0,0,,83.99449,-1.416845,1.892202,2200.992782,138.252917,10:30,5.52747,-1.04965,5.32443,-22.11426,19.49863,-15.88694,2.35408,-0.59731,74.75649,-5.618633,-0.928559,0.464286,81.89064,63.985061,39.250367,4838.767518,54.98098,125.55194,95.27361,173.90608,69.69813,63.062429,5.460002,8.63886,10.74493,0.89044,50,5.38424,-3.32168,-121.45951,-3.67797,12.53799,30.09228,-16.57944,FOR_RAM,FAI_STA,FordhamUniversity,D1,A10,20260421-FordhamUniversity-1,b1cf5320-3db7-11f1-a8c0-6b9c5118a01a,81.18371,128.01529,,9.23799,,,,1.90309,2.2007,0.73061,9fd2b87c-3fe5-4428-9bed-f2337eda9884,2026-04-21,19:24:18.98,2026-04-21T15:24:18.9884416-04:00,2026-04-21T19:24:18.9884416Z,Popup,v3,471298,471291,a1316deca63447d19dd205c393751d6a,"Baglino, Aidan",1000304988,Right,FAI_STA,57832342-327b-4da2-8966-102973b28246,55.16975,-122.73366,15.04614,5.52511,-2.97597,-8.28972,1.04233,-3.85255,6.26899,,1.90536,40.65405,-15.41985,3.25892,0.65643,-0.70828,0.20925,-0.02769,0.00139,2.23191,107.33126,-26.6634,-0.30615,2.33226,-1.11648,0.2567,-0.02951,0.00135,0.74857,33.0408,2.48352,-2.66998,1.08107,-0.21934,0.01208,0.00204,-0.00022,,,,,,,,,,,,,,,,,,,,,,,High,High,High,Medium,Low,,,
33,2026-04-21,15:24:52.57,3,8,"Hoxie, Hunter",1000142956,Left,FAI_STA,"McAndrews, Thomas",836274,Right,FOR_RAM,Undefined,1,Bottom,0,3,2,Fastball,Sinker,BallCalled,Walk,Undefined,Undefined,0,0,,84.80843,-0.412814,0.411956,2176.634512,140.837722,10:45,5.51812,-1.13943,5.50231,-21.88021,18.26229,-13.64898,3.30866,-1.89154,76.08843,-4.563283,-2.020108,0.456009,,,,,,,,,,,,6.95115,9.75123,1.11262,50,5.46784,-0.28537,-122.85923,-1.546,10.42046,28.70268,-17.556,FOR_RAM,FAI_STA,FordhamUniversity,D1,A10,20260421-FordhamUniversity-1,c5c53020-3db7-11f1-a8c0-6b9c5118a01a,82.65719,,,8.71999,,,,,,,9fd2b87c-3fe5-4428-9bed-f2337eda9884,2026-04-21,19:24:52.57,2026-04-21T15:24:52.5752832-04:00,2026-04-21T19:24:52.5752832Z,,v3,471298,471291,a1316deca63447d19dd205c393751d6a,"Baglino, Aidan",1000304988,Right,FAI_STA,d741e16c-800f-45ac-82c6-be7e4d050816,54.99103,-124.01977,14.35134,5.516,-0.83616,-8.778,1.13268,-0.7067,5.21023,,,,,,,,,,,,,,,,,,,,,,,,,,,,,,,,,,,,,,,,,,,,,,,,,,,High,High,High,,,,,
34,2026-04-21,15:25:24.96,4,1,"Hoxie, Hunter",1000142956,Left,FAI_STA,"Donnelly, Joey",800885,Left,FOR_RAM,Undefined,1,Bottom,0,0,0,Fastball,Four-Seam,FoulBallNotFieldable,Undefined,Undefined,Undefined,0,0,,84.29654,-1.891163,3.173827,2284.492999,142.354647,10:45,5.54584,-1.01045,5.40509,-22.80974,18.11891,-12.76414,1.8697,0.90271,75.67378,-6.191996,0.907187,0.460453,,,,,,,,,,,,7.49477,10.18642,0.73694,50,5.36188,-6.21409,-121.88811,-4.74027,11.05396,28.33995,-17.15023,FOR_RAM,FAI_STA,FordhamUniversity,D1,A10,20260421-FordhamUniversity-1,d91fde90-3db7-11f1-a8c0-6b9c5118a01a,81.85954,,,8.62276,,,,,,,9fd2b87c-3fe5-4428-9bed-f2337eda9884,2026-04-21,19:25:24.96,2026-04-21T15:25:24.9625088-04:00,2026-04-21T19:25:24.9625088Z,,v3,471298,471291,a1316deca63447d19dd205c393751d6a,"Baglino, Aidan",1000304988,Right,FAI_STA,43e69e11-1d7b-4c2b-bc49-ae5f56b2612f,55.09067,-123.06604,14.16998,5.54409,-4.02743,-8.57512,1.00478,-6.67354,5.52698,,,,,,,,,,,,,,,,,,,,,,,,,,,,,,,,,,,,,,,,,,,,,,,,,,,High,High,High,,,,,
35,2026-04-21,15:25:43.29,4,2,"Hoxie, Hunter",1000142956,Left,FAI_STA,"Donnelly, Joey",800885,Left,FOR_RAM,Undefined,1,Bottom,0,0,1,Fastball,Four-Seam,BallCalled,Undefined,Undefined,Undefined,0,0,,84.37187,-0.247165,2.75414,2327.0974,153.700524,11:00,5.57119,-0.91016,5.40326,-19.60332,21.52879,-9.8189,3.70572,0.85423,74.94174,-4.016658,1.010926,0.461596,,,,,,,,,,,,5.84394,11.30284,0.67153,50,5.53616,-5.42614,-121.93141,-1.0751,8.56241,29.95283,-15.61338,FOR_RAM,FAI_STA,FordhamUniversity,D1,A10,20260421-FordhamUniversity-1,e40c31f0-3db7-11f1-a8c0-6b9c5118a01a,81.65681,,,9.43012,,,,,,,9fd2b87c-3fe5-4428-9bed-f2337eda9884,2026-04-21,19:25:43.29,2026-04-21T15:25:43.2922112-04:00,2026-04-21T19:25:43.2922112Z,,v3,471298,471291,a1316deca63447d19dd205c393751d6a,"Baglino, Aidan",1000304988,Right,FAI_STA,99e4c2c4-204d-405a-b208-7b1869482d68,55.08743,-123.17482,14.97642,5.56734,-0.42695,-7.80669,0.90416,-5.78158,4.28121,,,,,,,,,,,,,,,,,,,,,,,,,,,,,,,,,,,,,,,,,,,,,,,,,,,High,High,High,,,,,
36,2026-04-21,15:26:00.05,4,3,"Hoxie, Hunter",1000142956,Left,FAI_STA,"Donnelly, Joey",800885,Left,FOR_RAM,Undefined,1,Bottom,0,1,1,Slider,Curveball,StrikeSwinging,Undefined,Undefined,Undefined,0,0,,74.31863,1.743069,0.879803,2421.403952,276.415436,3:15,5.33746,-1.32355,4.96757,-53.96507,0.66201,15.36828,2.48759,0.78828,65.62701,-8.149216,3.591777,0.531956,,,,,,,,,,,,-7.16134,0.35173,1.22534,50,5.46294,-2.27842,-107.25377,1.43768,-7.98781,25.86945,-31.78172,FOR_RAM,FAI_STA,FordhamUniversity,D1,A10,20260421-FordhamUniversity-1,ee2e5780-3db7-11f1-a8c0-6b9c5118a01a,70.85637,,,8.69162,,,,,,,9fd2b87c-3fe5-4428-9bed-f2337eda9884,2026-04-21,19:26:00.05,2026-04-21T15:26:00.0510976-04:00,2026-04-21T19:26:00.0510976Z,,v3,471298,471291,a1316deca63447d19dd205c393751d6a,"Baglino, Aidan",1000304988,Right,FAI_STA,b0c79819-e135-4b76-a4c1-9d19565e8ec8,55.52417,-108.57802,12.93473,5.34771,3.06457,-15.89086,1.33151,-1.86952,-3.99391,,,,,,,,,,,,,,,,,,,,,,,,,,,,,,,,,,,,,,,,,,,,,,,,,,,High,High,High,,,,,
37,2026-04-21,15:26:20.03,4,4,"Hoxie, Hunter",1000142956,Left,FAI_STA,"Donnelly, Joey",800885,Left,FOR_RAM,Undefined,1,Bottom,0,1,2,Fastball,Four-Seam,StrikeSwinging,Strikeout,Undefined,Undefined,0,0,,84.78056,-0.982143,2.769173,2268.653839,155.799119,11:15,5.546,-1.01288,5.36817,-18.35851,21.96655,-9.20166,3.09408,0.81876,76.2163,-4.491638,1.136566,0.457045,,,,,,,,,,,,5.48051,11.73564,0.77103,50,5.44546,-5.52956,-122.68496,-2.63067,8.22542,27.73176,-14.56066,FOR_RAM,FAI_STA,FordhamUniversity,D1,A10,20260421-FordhamUniversity-1,f9f57a80-3db7-11f1-a8c0-6b9c5118a01a,82.4699,,,8.56425,,,,,,,9fd2b87c-3fe5-4428-9bed-f2337eda9884,2026-04-21,19:26:20.03,2026-04-21T15:26:20.0328704-04:00,2026-04-21T19:26:20.0328704Z,,v3,471298,471291,a1316deca63447d19dd205c393751d6a,"Baglino, Aidan",1000304988,Right,FAI_STA,10fd143d-4d41-48ba-a7c7-038e4cc23eef,55.12593,-123.83821,13.86588,5.54227,-2.02515,-7.28033,1.00809,-5.87162,4.11271,,,,,,,,,,,,,,,,,,,,,,,,,,,,,,,,,,,,,,,,,,,,,,,,,,,High,High,High,,,,,
38,2026-04-21,15:26:48.92,5,1,"Hoxie, Hunter",1000142956,Left,FAI_STA,"Ocko, Madden",10300306,Right,FOR_RAM,Undefined,1,Bottom,1,0,0,Fastball,Four-Seam,BallCalled,Undefined,Undefined,Undefined,0,0,,84.75826,-0.242496,1.658922,2309.674258,154.504084,11:15,5.5862,-1.08044,5.39546,-19.8234,20.65241,-9.10697,3.7069,-0.28427,75.75634,-4.032443,0.040457,0.457899,,,,,,,,,,,,5.07677,10.84406,0.9388,50,5.55128,-3.14532,-122.66305,-1.09352,7.57286,29.00237,-15.99827,FOR_RAM,FAI_STA,FordhamUniversity,D1,A10,20260421-FordhamUniversity-1,0b1be3d0-3db8-11f1-a8c0-6b9c5118a01a,82.31613,,,9.00192,,,,,,,9fd2b87c-3fe5-4428-9bed-f2337eda9884,2026-04-21,19:26:48.92,2026-04-21T15:26:48.9250304-04:00,2026-04-21T19:26:48.9250304Z,,v3,471298,471291,a1316deca63447d19dd205c393751d6a,"Baglino, Aidan",1000304988,Right,FAI_STA,80f66caa-7dfc-4b29-87ee-7996eff89f74,55.09635,-123.86217,14.50118,5.58282,-0.43207,-7.99914,1.07532,-3.45842,3.78643,,,,,,,,,,,,,,,,,,,,,,,,,,,,,,,,,,,,,,,,,,,,,,,,,,,High,High,High,,,,,
39,2026-04-21,15:27:07.12,5,2,"Hoxie, Hunter",1000142956,Left,FAI_STA,"Ocko, Madden",10300306,Right,FOR_RAM,Undefined,1,Bottom,1,1,0,Curveball,Curveball,StrikeCalled,Undefined,Undefined,Undefined,0,0,,71.10758,3.724367,-1.05296,2609.03274,321.823694,4:45,5.58711,-0.95352,4.49787,-72.41488,-12.35615,11.59985,3.10675,-0.99024,63.55899,-9.299385,0.97725,0.557776,,,,,,,,,,,,-5.95118,-6.53217,1.05213,50,5.90914,1.41003,-102.60632,4.10328,-6.16161,21.53387,-38.93717,FOR_RAM,FAI_STA,FordhamUniversity,D1,A10,20260421-FordhamUniversity-1,16092190-3db8-11f1-a8c0-6b9c5118a01a,67.57635,,,7.54859,,,,,,,9fd2b87c-3fe5-4428-9bed-f2337eda9884,2026-04-21,19:27:07.12,2026-04-21T15:27:07.1247872-04:00,2026-04-21T19:27:07.1247872Z,,v3,471298,471291,a1316deca63447d19dd205c393751d6a,"Baglino, Aidan",1000304988,Right,FAI_STA,cc1ebb98-0959-44b7-98e0-794200f8d08b,56.00001,-103.8579,10.76694,5.60489,6.36636,-19.46858,0.95977,1.76816,-3.0808,,,,,,,,,,,,,,,,,,,,,,,,,,,,,,,,,,,,,,,,,,,,,,,,,,,High,High,High,,,,,
40,2026-04-21,15:27:25.00,5,3,"Hoxie, Hunter",1000142956,Left,FAI_STA,"Ocko, Madden",10300306,Right,FOR_RAM,Undefined,1,Bottom,1,1,1,Fastball,Four-Seam,BallCalled,Undefined,Undefined,Undefined,0,0,,84.92654,-3.20565,1.20253,2218.539149,160.886245,11:15,5.54926,-1.182,5.31789,-18.29048,22.81009,-7.28351,1.01276,-0.66022,75.12589,-6.72826,-0.090893,0.461419,,,,,,,,,,,,4.09414,13.12221,1.07856,50,5.24652,-2.24864,-122.55668,-7.37349,6.00569,32.23029,-12.92496,FOR_RAM,FAI_STA,FordhamUniversity,D1,A10,20260421-FordhamUniversity-1,20a6dfc0-3db8-11f1-a8c0-6b9c5118a01a,81.68809,,,9.80066,,,,,,,9fd2b87c-3fe5-4428-9bed-f2337eda9884,2026-04-21,19:27:25.00,2026-04-21T15:27:25.0072576-04:00,2026-04-21T19:27:25.0072576Z,,v3,471298,471291,a1316deca63447d19dd205c393751d6a,"Baglino, Aidan",1000304988,Right,FAI_STA,3e36b80e-82b8-48b0-845a-d662b1701c20,55.17374,-123.90981,16.11514,5.54469,-6.83086,-6.46248,1.17825,-2.50077,3.00284,,,,,,,,,,,,,,,,,,,,,,,,,,,,,,,,,,,,,,,,,,,,,,,,,,,High,High,High,,,,,
41,2026-04-21,15:27:43.74,5,4,"Hoxie, Hunter",1000142956,Left,FAI_STA,"Ocko, Madden",10300306,Right,FOR_RAM,Undefined,1,Bottom,1,2,1,Fastball,Four-Seam,InPlay,Undefined,GroundBall,Out,1,1,,84.05452,-0.19471,1.334445,2209.449578,149.611629,11:00,5.49863,-1.14346,5.1511,-21.05954,20.40414,-11.04229,3.56032,-0.80717,75.25344,-4.188577,-0.619637,0.463453,75.11934,-31.039729,-37.845119,,,,,7.04853,6.05797,-23.440671,0.062534,5.98859,10.6852,1.02779,50,5.46534,-2.35516,-121.68913,-1.0707,8.79283,28.51563,-16.48531,FOR_RAM,FAI_STA,FordhamUniversity,D1,A10,20260421-FordhamUniversity-1,2bd2ad20-3db8-11f1-a8c0-6b9c5118a01a,81.32964,3.56849,,8.80109,,,,1.78436,3.56849,0.83411,9fd2b87c-3fe5-4428-9bed-f2337eda9884,2026-04-21,19:27:43.74,2026-04-21T15:27:43.7455872-04:00,2026-04-21T19:27:43.7455872Z,GroundBall,v3,471298,471291,a1316deca63447d19dd205c393751d6a,"Baglino, Aidan",1000304988,Right,FAI_STA,311b6766-8fbd-492e-b50a-400660c9cb96,55.34491,-122.93523,14.25782,5.49639,-0.35031,-8.24265,1.1391,-2.7394,4.39642,180,1.78099,74.87831,,,,,,,,3.57105,-57.06435,,,,,,,,0.83672,-58.17607,,,,,,,,,,,,,,,,,,,,,,,,,,,,,,High,High,High,Low,Low,,,
42,2026-04-21,15:30:58.16,6,1,"Hoxie, Hunter",1000142956,Left,FAI_STA,"Young, Caden",10264258,Right,FOR_RAM,Undefined,1,Bottom,2,0,0,Fastball,Four-Seam,StrikeCalled,Undefined,Undefined,Undefined,0,0,,84.52574,-1.634822,1.756773,2179.589056,154.99571,11:15,5.54904,-1.19399,5.197,-18.60458,22.7543,-9.81481,2.45979,-0.35894,75.06128,-5.210317,0.018683,0.462867,,,,,,,,,,,,5.46886,12.35127,1.03871,50,5.38441,-3.29793,-122.12026,-4.01338,8.02259,30.45416,-14.05531,FOR_RAM,FAI_STA,FordhamUniversity,D1,A10,20260421-FordhamUniversity-1,9fbb11f0-3db8-11f1-a8c0-6b9c5118a01a,81.43263,,,9.46446,,,,,,,9fd2b87c-3fe5-4428-9bed-f2337eda9884,2026-04-21,19:30:58.16,2026-04-21T15:30:58.1655552-04:00,2026-04-21T19:30:58.1655552Z,,v3,471298,471291,a1316deca63447d19dd205c393751d6a,"Baglino, Aidan",1000304988,Right,FAI_STA,621211f3-b683-466b-a05a-e7b82dbbf089,55.29372,-123.43334,15.22708,5.54439,-3.40736,-7.02765,1.18837,-3.64384,4.0113,,,,,,,,,,,,,,,,,,,,,,,,,,,,,,,,,,,,,,,,,,,,,,,,,,,High,High,High,,,,,
43,2026-04-21,15:31:15.76,6,2,"Hoxie, Hunter",1000142956,Left,FAI_STA,"Young, Caden",10264258,Right,FOR_RAM,Undefined,1,Bottom,2,0,1,Fastball,Four-Seam,BallCalled,Undefined,Undefined,Undefined,0,0,,84.62616,0.046798,1.321761,2265.900471,154.900136,11:15,5.54014,-1.19376,5.31969,-19.05131,21.81623,-9.46288,3.99646,-0.74169,75.31847,-3.615129,-0.35784,0.460109,,,,,,,,,,,,5.15776,11.31552,1.08106,50,5.53148,-2.40124,-122.42846,-0.44153,7.63112,29.84342,-15.43231,FOR_RAM,FAI_STA,FordhamUniversity,D1,A10,20260421-FordhamUniversity-1,aa2abb40-3db8-11f1-a8c0-6b9c5118a01a,81.92066,,,9.30769,,,,,,,9fd2b87c-3fe5-4428-9bed-f2337eda9884,2026-04-21,19:31:15.76,2026-04-21T15:31:15.7638656-04:00,2026-04-21T19:31:15.7638656Z,,v3,471298,471291,a1316deca63447d19dd205c393751d6a,"Baglino, Aidan",1000304988,Right,FAI_STA,c4ddea27-72a9-4cd8-9ac8-56955e52d132,55.1722,-123.68281,14.92171,5.5364,0.20711,-7.71616,1.18872,-2.72198,3.81556,,,,,,,,,,,,,,,,,,,,,,,,,,,,,,,,,,,,,,,,,,,,,,,,,,,High,High,High,,,,,
44,2026-04-21,15:31:33.16,6,3,"Hoxie, Hunter",1000142956,Left,FAI_STA,"Young, Caden",10264258,Right,FOR_RAM,Undefined,1,Bottom,2,1,1,Curveball,Curveball,StrikeCalled,Undefined,Undefined,Undefined,0,0,,71.3569,3.27709,-0.093098,2572.176316,313.461768,4:30,5.55782,-1.07406,4.55925,-71.085,-12.11119,15.08977,2.7564,0.09482,64.38984,-9.488848,2.55179,0.552715,,,,,,,,,,,,-7.31307,-6.27158,1.0687,50,5.83164,-0.44432,-103.15468,3.38827,-7.71071,20.59371,-38.78659,FOR_RAM,FAI_STA,FordhamUniversity,D1,A10,20260421-FordhamUniversity-1,b49a8ba0-3db8-11f1-a8c0-6b9c5118a01a,68.1951,,,6.96706,,,,,,,9fd2b87c-3fe5-4428-9bed-f2337eda9884,2026-04-21,19:31:33.16,2026-04-21T15:31:33.1652096-04:00,2026-04-21T19:31:33.1652096Z,,v3,471298,471291,a1316deca63447d19dd205c393751d6a,"Baglino, Aidan",1000304988,Right,FAI_STA,b621c7dc-a84b-4b74-ab82-96dd61e22462,55.94056,-104.33391,10.29686,5.57403,5.60926,-19.39329,1.08151,-0.0028,-3.85535,,,,,,,,,,,,,,,,,,,,,,,,,,,,,,,,,,,,,,,,,,,,,,,,,,,High,High,High,,,,,
45,2026-04-21,15:31:50.95,6,4,"Hoxie, Hunter",1000142956,Left,FAI_STA,"Young, Caden",10264258,Right,FOR_RAM,Undefined,1,Bottom,2,1,1,Fastball,Four-Seam,FoulBallNotFieldable,Undefined,Undefined,Undefined,0,0,,85.31589,-0.857918,1.530762,2257.554692,159.458678,11:15,5.58791,-1.08903,5.34973,-19.67674,20.28954,-7.03083,3.14316,-0.23883,76.41231,-4.607619,0.282118,0.455007,77.31072,80.005882,65.248955,,,,,,14.68924,,,4.05114,10.89957,0.95651,50,5.49745,-2.99426,-123.51676,-2.44264,6.12879,29.3561,-15.68459,FOR_RAM,FAI_STA,FordhamUniversity,D1,A10,20260421-FordhamUniversity-1,bf29f1f0-3db8-11f1-a8c0-6b9c5118a01a,82.8392,86.48043,,8.90358,,,,2.06263,3.19491,0.2421,9fd2b87c-3fe5-4428-9bed-f2337eda9884,2026-04-21,19:31:50.95,2026-04-21T15:31:50.9585408-04:00,2026-04-21T19:31:50.9585408Z,,v3,471298,471291,a1316deca63447d19dd205c393751d6a,"Baglino, Aidan",1000304988,Right,FAI_STA,8364beae-caed-41ae-84f6-325066141e9d,55.14526,-124.73364,14.67805,5.58523,-1.79248,-7.8423,1.08589,-3.24831,3.06439,,2.06263,8.23851,-11.02718,3.51794,1.09489,-5.21409,7.37849,-4.99143,1.31978,3.19491,111.66815,-29.09848,3.5887,-0.66503,0.19354,-0.17076,0.12664,-0.03791,0.2421,17.87049,-4.10899,1.03399,0.17744,-1.03377,1.46474,-0.98801,0.26052,,,,,,,,,,,,,,,,,,,,,,,High,High,High,Low,Undefined,,,
46,2026-04-21,15:32:23.67,6,5,"Hoxie, Hunter",1000142956,Left,FAI_STA,"Young, Caden",10264258,Right,FOR_RAM,Undefined,1,Bottom,2,1,2,Fastball,Four-Seam,BallCalled,Undefined,Undefined,Undefined,0,0,,84.52775,0.443839,0.421972,2258.989037,151.886516,11:00,5.52873,-1.17348,5.28495,-23.9084,16.3178,-7.99973,3.95317,-1.44386,76.70997,-4.026445,-0.997468,0.456484,,,,,,,,,,,,4.1152,8.42402,1.14108,50,5.55218,-0.55385,-122.59025,0.16407,6.225,25.58758,-19.43118,FOR_RAM,FAI_STA,FordhamUniversity,D1,A10,20260421-FordhamUniversity-1,d2b12ea0-3db8-11f1-a8c0-6b9c5118a01a,82.57114,,,7.81778,,,,,,,9fd2b87c-3fe5-4428-9bed-f2337eda9884,2026-04-21,19:32:23.67,2026-04-21T15:32:23.6786176-04:00,2026-04-21T19:32:23.6786176Z,,v3,471298,471291,a1316deca63447d19dd205c393751d6a,"Baglino, Aidan",1000304988,Right,FAI_STA,6b012e0f-9c8f-41a1-bba1-bb8dd7119864,55.21094,-123.67312,12.79379,5.52783,0.9864,-9.71559,1.17009,-0.81729,3.1125,,,,,,,,,,,,,,,,,,,,,,,,,,,,,,,,,,,,,,,,,,,,,,,,,,,High,High,High,,,,,
47,2026-04-21,15:32:43.24,6,6,"Hoxie, Hunter",1000142956,Left,FAI_STA,"Young, Caden",10264258,Right,FOR_RAM,Undefined,1,Bottom,2,2,2,Curveball,Curveball,FoulBallNotFieldable,Undefined,Undefined,Undefined,0,0,,71.24929,2.428963,-1.321286,2603.190261,309.680666,4:15,5.55682,-1.09202,4.52826,-70.88398,-12.1854,17.15536,1.96487,-0.92086,64.93,-10.251668,1.687891,0.551423,56.14985,48.382288,143.874087,5741.381253,,,,134.93271,49.6509,155.410045,3.119423,-8.84245,-6.26075,1.21229,50,5.74231,1.71143,-103.16834,1.90246,-9.39552,19.42856,-38.82638,FOR_RAM,FAI_STA,FordhamUniversity,D1,A10,20260421-FordhamUniversity-1,de798a20-3db8-11f1-a8c0-6b9c5118a01a,68.35479,42.43662,,6.31929,,,,2.21561,1.95642,0.87592,9fd2b87c-3fe5-4428-9bed-f2337eda9884,2026-04-21,19:32:43.24,2026-04-21T15:32:43.2409088-04:00,2026-04-21T19:32:43.2409088Z,Popup,v3,471298,471291,a1316deca63447d19dd205c393751d6a,"Baglino, Aidan",1000304988,Right,FAI_STA,95454f83-bea7-4e4b-b92c-5cb2f349d51d,55.97455,-104.28739,9.71428,5.56832,4.1388,-19.41319,1.09813,2.25259,-4.69776,340.226101,2.21552,-44.17384,-0.72071,1.45471,-0.58446,0.25514,-0.08701,0.01644,-0.00127,1.95609,61.57877,-27.47943,3.81254,-0.89498,0.26842,-0.05072,0.00284,0.00018,0.87616,32.23244,-2.92527,-1.45682,0.96791,-0.64324,0.2568,-0.05105,0.004,,,,,,,,,,,,,,,,,,,,,,,High,High,High,High,Low,,,
48,2026-04-21,15:33:05.72,6,7,"Hoxie, Hunter",1000142956,Left,FAI_STA,"Young, Caden",10264258,Right,FOR_RAM,Undefined,1,Bottom,2,2,2,Fastball,Four-Seam,StrikeSwinging,Strikeout,Undefined,Undefined,0,0,,83.83113,-1.275577,1.02614,2198.57027,148.475007,11:00,5.47199,-1.10535,5.30846,-21.59761,20.10103,-11.30457,2.47446,-1.0841,74.74368,-5.381686,-0.981013,0.464764,,,,,,,,,,,,5.96717,10.94961,1.0206,50,5.34142,-1.67037,-121.25514,-3.34717,8.65485,29.40847,-16.29263,FOR_RAM,FAI_STA,FordhamUniversity,D1,A10,20260421-FordhamUniversity-1,ebb76ea0-3db8-11f1-a8c0-6b9c5118a01a,81.10016,,,9.08745,,,,,,,9fd2b87c-3fe5-4428-9bed-f2337eda9884,2026-04-21,19:33:05.72,2026-04-21T15:33:05.7250000-04:00,2026-04-21T19:33:05.7250000Z,,v3,471298,471291,a1316deca63447d19dd205c393751d6a,"Baglino, Aidan",1000304988,Right,FAI_STA,874900a0-1ee5-41b2-b691-769bd510917b,55.18349,-122.50585,14.70424,5.46904,-2.65425,-8.14631,1.09947,-2.03845,4.32742,,,,,,,,,,,,,,,,,,,,,,,,,,,,,60.03697,,,,,,,0.97768,5.13231,-1.64181,,,,1.01324,78.72182,-6.92293,5.1454,10.99968,-13.11872,-1.63052,36.47087,-2.37922,High,High,High,,,High,High,Low
49,2026-04-21,15:35:21.68,1,1,"Chavez, Caden",1000258549,Left,FOR_RAM,"Scanlan, Connor",1000467081,Right,FAI_STA,Undefined,2,Top,0,0,0,Fastball,Changeup,InPlay,Undefined,Popup,Out,1,0,,83.50354,-1.451416,2.569978,1968.673851,150.371877,11:00,5.20234,-1.87925,5.9944,-20.63749,19.89355,-10.47067,2.1359,-0.36864,75.29311,-5.402021,0.689171,0.458211,76.94186,70.847545,42.746296,4217.296359,,,,,40.86355,,,6.24,11.13323,1.6826,50,5.07677,-5.02458,-121.02348,-3.62335,9.11017,27.06118,-15.91996,FOR_RAM,FAI_STA,FordhamUniversity,D1,A10,20260421-FordhamUniversity-1,3cbe61f0-3db9-11f1-a8c0-6b9c5118a01a,82.26005,108.67696,,8.21043,,,,2.09631,3.76338,0.43343,9fd2b87c-3fe5-4428-9bed-f2337eda9884,2026-04-21,19:35:21.68,2026-04-21T15:35:21.6801280-04:00,2026-04-21T19:35:21.6801280Z,,v3,471298,471291,a1316deca63447d19dd205c393751d6a,"McAndrews, Thomas",836274,Right,FOR_RAM,5dc5963e-76af-4218-8d0f-19e60b0045c5,54.50251,-122.0261,13.53059,5.20009,-3.03351,-7.95998,1.87501,-5.36212,4.55509,,2.09635,27.18401,-12.26278,3.43676,-0.27689,-0.38061,0.29757,-0.09413,0.00973,3.76337,106.60252,-26.91968,3.17449,-0.69505,0.21308,-0.08048,0.02024,-0.002,0.43343,25.13024,-2.09842,0.30174,-0.07286,0.05369,-0.03047,0.00891,-0.00092,,,,,,,,,,,,,,,,,,,,,,,High,High,High,Medium,Undefined,,,
50,2026-04-21,15:36:04.78,2,1,"Chavez, Caden",1000258549,Left,FOR_RAM,"Mcilroy, Liam",10312491,Right,FAI_STA,Undefined,2,Top,1,0,0,Fastball,Changeup,BallCalled,Undefined,Undefined,Undefined,0,0,,83.22366,-2.313179,2.412631,2038.26321,149.353486,11:00,5.13738,-2.04884,6.03354,-22.27934,18.35836,-10.01682,1.13569,-0.64814,75.41487,-6.541837,0.611065,0.458813,,,,,,,,,,,,5.88461,10.58418,1.86564,50,4.94455,-4.68658,-120.59726,-5.48708,8.56752,25.947,-16.76429,FOR_RAM,FAI_STA,FordhamUniversity,D1,A10,20260421-FordhamUniversity-1,56781370-3db9-11f1-a8c0-6b9c5118a01a,82.15205,,,7.80879,,,,,,,9fd2b87c-3fe5-4428-9bed-f2337eda9884,2026-04-21,19:36:04.78,2026-04-21T15:36:04.7825408-04:00,2026-04-21T19:36:04.7825408Z,,v3,471298,471291,a1316deca63447d19dd205c393751d6a,"McAndrews, Thomas",836274,Right,FOR_RAM,3ae240fc-51df-4312-848d-d04f56269a50,54.46213,-121.55351,12.9735,5.13539,-4.86924,-8.38215,2.04418,-5.00233,4.28376,,,,,,,,,,,,,,,,,,,,,,,,,,,,,,,,,,,,,,,,,,,,,,,,,,,High,High,High,,,,,
51,2026-04-21,15:36:24.00,2,2,"Chavez, Caden",1000258549,Left,FOR_RAM,"Mcilroy, Liam",10312491,Right,FAI_STA,Undefined,2,Top,1,1,0,Fastball,Changeup,StrikeSwinging,Undefined,Undefined,Undefined,0,0,,84.21842,-2.003186,2.815713,2062.913618,138.742482,10:30,5.00419,-1.86899,6.05268,-24.53966,15.3769,-12.17233,1.10193,-0.27482,75.83791,-6.650773,0.626103,0.454724,,,,,,,,,,,,7.18941,9.0113,1.65634,50,4.83524,-5.51447,-121.96328,-4.97633,10.62966,28.11102,-18.85069,FOR_RAM,FAI_STA,FordhamUniversity,D1,A10,20260421-FordhamUniversity-1,61f1d9c0-3db9-11f1-a8c0-6b9c5118a01a,82.89079,,,8.38051,,,,,,,9fd2b87c-3fe5-4428-9bed-f2337eda9884,2026-04-21,19:36:24.00,2026-04-21T15:36:24.0064000-04:00,2026-04-21T19:36:24.0064000Z,,v3,471298,471291,a1316deca63447d19dd205c393751d6a,"McAndrews, Thomas",836274,Right,FOR_RAM,9b131547-47e8-44d6-95b4-b4048d3c027a,54.44292,-122.98306,14.05551,5.00336,-4.29249,-9.42534,1.86338,-5.90008,5.31483,,,,,,,,,,,,,,,,,,,,,,,,,,,,,,,,,,,,,,,,,,,,,,,,,,,High,High,High,,,,,
52,2026-04-21,15:36:44.03,2,3,"Chavez, Caden",1000258549,Left,FOR_RAM,"Mcilroy, Liam",10312491,Right,FAI_STA,Undefined,2,Top,1,1,1,ChangeUp,Changeup,BallCalled,Undefined,Undefined,Undefined,0,0,,79.58117,0.599135,0.822235,1163.462206,81.529437,8:45,4.92694,-2.06164,5.96973,-44.934,-0.45228,-13.43835,1.73799,-2.41914,72.2513,-7.714083,-1.596809,0.480023,,,,,,,,,,,,7.10386,0.09835,2.00366,50,4.95,-1.14055,-115.51407,-0.22396,9.46688,24.27178,-32.04299,FOR_RAM,FAI_STA,FordhamUniversity,D1,A10,20260421-FordhamUniversity-1,6ddde9e0-3db9-11f1-a8c0-6b9c5118a01a,78.52213,,,7.32987,,,,,,,9fd2b87c-3fe5-4428-9bed-f2337eda9884,2026-04-21,19:36:44.03,2026-04-21T15:36:44.0392192-04:00,2026-04-21T19:36:44.0392192Z,,v3,471298,471291,a1316deca63447d19dd205c393751d6a,"McAndrews, Thomas",836274,Right,FOR_RAM,c91f7df9-2f1e-437d-a1ae-c581816f5bb2,54.52751,-116.46151,12.13589,4.93433,1.02682,-16.02149,2.05539,-1.51008,4.73344,,,,,,,,,,,,,,,,,,,,,,,,,,,,,,,,,,,,,,,,,,,,,,,,,,,High,High,High,,,,,
53,2026-04-21,15:37:02.63,2,4,"Chavez, Caden",1000258549,Left,FOR_RAM,"Mcilroy, Liam",10312491,Right,FAI_STA,Undefined,2,Top,1,2,1,Fastball,Four-Seam,StrikeCalled,Undefined,Undefined,Undefined,0,0,,83.59339,-0.656815,1.244687,2046.324192,165.459804,11:30,5.0215,-1.99488,5.94396,-21.97615,18.42816,-4.40461,2.58074,-1.20722,75.45382,-4.844839,0.453534,0.457494,,,,,,,,,,,,2.63177,10.05564,1.89811,50,4.95692,-2.45453,-121.22775,-1.99766,3.86449,26.63335,-17.40842,FOR_RAM,FAI_STA,FordhamUniversity,D1,A10,20260421-FordhamUniversity-1,78f48190-3db9-11f1-a8c0-6b9c5118a01a,82.38897,,,8.13958,,,,,,,9fd2b87c-3fe5-4428-9bed-f2337eda9884,2026-04-21,19:37:02.63,2026-04-21T15:37:02.6300928-04:00,2026-04-21T19:37:02.6300928Z,,v3,471298,471291,a1316deca63447d19dd205c393751d6a,"McAndrews, Thomas",836274,Right,FOR_RAM,79d6acb9-723c-42c9-beb0-2fcda8537465,54.54989,-122.22326,13.31668,5.01942,-1.34696,-8.70421,1.99256,-2.59897,1.93225,,,,,,,,,,,,,,,,,,,,,,,,,,,,,,,,,,,,,,,,,,,,,,,,,,,High,High,High,,,,,
54,2026-04-21,15:37:22.75,2,5,"Chavez, Caden",1000258549,Left,FOR_RAM,"Mcilroy, Liam",10312491,Right,FAI_STA,Undefined,2,Top,1,2,2,Slider,Slider,FoulBallNotFieldable,Undefined,Undefined,Undefined,0,0,,79.30154,-0.90323,1.99209,2174.981574,190.025293,12:15,5.14582,-2.07365,5.4857,-34.25911,11.89032,1.78756,1.44528,-0.0602,71.24992,-7.270502,2.310432,0.488939,60.07993,43.112046,-42.191879,3547.459517,81.62138,54.36079,-73.74241,172.9341,169.40625,-41.556237,3.975753,-0.21441,6.79985,1.89774,50,5.04389,-4.06329,-114.78918,-2.88923,-0.27935,25.91216,-23.31489,FOR_RAM,FAI_STA,FordhamUniversity,D1,A10,20260421-FordhamUniversity-1,84f9bf00-3db9-11f1-a8c0-6b9c5118a01a,77.0903,55.96434,,8.05162,,,,3.18628,1.62234,0.19306,9fd2b87c-3fe5-4428-9bed-f2337eda9884,2026-04-21,19:37:22.75,2026-04-21T15:37:22.7538432-04:00,2026-04-21T19:37:22.7538432Z,Popup,v3,471298,471291,a1316deca63447d19dd205c393751d6a,"McAndrews, Thomas",836274,Right,FOR_RAM,5f8f5afe-5150-4c82-bc28-6cec2057f603,55.00971,-115.91453,12.95608,5.14738,-1.87667,-11.65744,2.07395,-4.05116,-0.13968,169.071882,3.18804,47.60773,-8.96927,1.6789,0.42253,-0.49328,0.17616,-0.02857,0.00177,1.62073,60.26019,-18.51837,1.45784,-0.45026,0.12682,-0.00724,-0.00339,0.00045,0.1924,-43.1828,6.3739,-0.94814,-0.11711,0.16743,-0.06013,0.00989,-0.00063,,,,,,,,,,,,,,,,,,,,,,,High,High,High,High,Medium,,,
55,2026-04-21,15:38:08.97,2,6,"Chavez, Caden",1000258549,Left,FOR_RAM,"Mcilroy, Liam",10312491,Right,FAI_STA,Undefined,2,Top,1,2,2,ChangeUp,Changeup,BallCalled,Undefined,Undefined,Undefined,0,0,,80.28606,-1.023539,4.450433,1101.731194,79.69471,8:45,4.90555,-2.06723,5.7205,-46.43861,-1.23902,-17.098,0.07929,0.66173,71.70637,-9.578717,1.394414,0.483881,,,,,,,,,,,,10.47394,0.17886,1.70589,50,4.79113,-8.36524,-115.96305,-3.59599,13.78226,28.47922,-31.93872,FOR_RAM,FAI_STA,FordhamUniversity,D1,A10,20260421-FordhamUniversity-1,a081c7e0-3db9-11f1-a8c0-6b9c5118a01a,77.89606,,,8.57969,,,,,,,9fd2b87c-3fe5-4428-9bed-f2337eda9884,2026-04-21,19:38:08.97,2026-04-21T15:38:08.9755136-04:00,2026-04-21T19:38:08.9755136Z,,v3,471298,471291,a1316deca63447d19dd205c393751d6a,"McAndrews, Thomas",836274,Right,FOR_RAM,d5025608-7be1-44a6-b96b-7ec7c086bf9b,54.77753,-117.13048,14.23961,4.9117,-2.28675,-15.96936,2.06038,-8.9302,6.89113,,,,,,,,,,,,,,,,,,,,,,,,,,,,,,,,,,,,,,,,,,,,,,,,,,,High,High,High,,,,,
56,2026-04-21,15:38:28.04,2,7,"Chavez, Caden",1000258549,Left,FOR_RAM,"Mcilroy, Liam",10312491,Right,FAI_STA,Undefined,2,Top,1,3,2,Fastball,Four-Seam,BallCalled,Walk,Undefined,Undefined,0,0,,84.92905,-1.860772,1.064469,2014.620272,163.288161,11:30,5.00565,-2.02711,6.02439,-18.28627,20.863,-5.82981,1.75752,-1.52694,76.50756,-5.384116,0.015538,0.450332,,,,,,,,,,,,3.31331,11.71335,1.94681,50,4.85004,-2.04756,-123.10332,-4.46404,5.00347,28.06792,-14.48559,FOR_RAM,FAI_STA,FordhamUniversity,D1,A10,20260421-FordhamUniversity-1,abdc6d70-3db9-11f1-a8c0-6b9c5118a01a,83.69913,,,8.4215,,,,,,,9fd2b87c-3fe5-4428-9bed-f2337eda9884,2026-04-21,19:38:28.04,2026-04-21T15:38:28.0436736-04:00,2026-04-21T19:38:28.0436736Z,,v3,471298,471291,a1316deca63447d19dd205c393751d6a,"McAndrews, Thomas",836274,Right,FOR_RAM,c159b5c2-caaf-46d8-ae23-0d008c73dcd0,54.46916,-124.11812,14.03396,5.00197,-3.94032,-7.24279,2.02411,-2.22845,2.50174,,,,,,,,,,,,,,,,,,,,,,,,,,,,,,,,,,,,,,,,,,,,,,,,,,,High,High,High,,,,,
57,2026-04-21,15:39:06.86,3,1,"Chavez, Caden",1000258549,Left,FOR_RAM,"Colby, Nolan",10132109,Left,FAI_STA,Undefined,2,Top,1,0,0,Fastball,Changeup,InPlay,Undefined,GroundBall,Out,1,0,,84.15527,-1.340738,3.318475,2007.055624,145.363395,10:45,5.02477,-1.71048,6.20641,-22.50214,17.28635,-10.90225,1.9098,0.44734,75.59239,-5.64581,1.354143,0.453994,33.88989,-75.99903,146.469147,,,,,2.3812,2.3812,-3.183883,0.041863,6.7889,9.83957,1.46658,50,4.91282,-6.6496,-121.89119,-3.46282,10.0089,28.43903,-17.66752,FOR_RAM,FAI_STA,FordhamUniversity,D1,A10,20260421-FordhamUniversity-1,c2f47200-3db9-11f1-a8c0-6b9c5118a01a,83.02412,2.04524,,8.56288,,,,2.80263,2.04524,-0.41396,9fd2b87c-3fe5-4428-9bed-f2337eda9884,2026-04-21,19:39:06.86,2026-04-21T15:39:06.8613632-04:00,2026-04-21T19:39:06.8613632Z,GroundBall,v3,471298,471291,a1316deca63447d19dd205c393751d6a,"McAndrews, Thomas",836274,Right,FOR_RAM,27d2cbb1-9f2b-46fc-8692-374c47b0ac46,54.2901,-122.88806,14.21952,5.02334,-2.84352,-8.83376,1.70582,-7.00044,5.00445,,2.80351,-10.15463,,,,,,,,2.04946,-48.8551,,,,,,,,-0.41454,6.72907,,,,,,,,,,,,,,,,,,,,,,,,,,,,,,High,High,High,Estimated,Estimated,,,
58,2026-04-21,15:39:48.23,4,1,"Chavez, Caden",1000258549,Left,FOR_RAM,"Baglino, Aidan",1000304988,Right,FAI_STA,Undefined,2,Top,2,0,0,Fastball,Changeup,StrikeSwinging,Undefined,Undefined,Undefined,0,0,,84.45033,-0.290221,2.256777,2092.03119,150.992045,11:00,5.02843,-2.00667,6.11955,-20.69922,18.57895,-9.53615,3.03497,-0.71387,76.28641,-4.255382,0.539599,0.451073,,,,,,,,,,,,5.57048,10.05323,1.83836,50,4.9953,-4.44147,-122.47962,-1.16927,8.36582,26.75016,-17.07595,FOR_RAM,FAI_STA,FordhamUniversity,D1,A10,20260421-FordhamUniversity-1,dba69e90-3db9-11f1-a8c0-6b9c5118a01a,83.5617,,,8.16392,,,,,,,9fd2b87c-3fe5-4428-9bed-f2337eda9884,2026-04-21,19:39:48.23,2026-04-21T15:39:48.2379264-04:00,2026-04-21T19:39:48.2379264Z,,v3,471298,471291,a1316deca63447d19dd205c393751d6a,"McAndrews, Thomas",836274,Right,FOR_RAM,5bf99b8c-774e-408b-a833-15dee64a217f,54.37478,-123.4314,13.37508,5.02609,-0.5617,-8.53798,2.00169,-4.73913,4.18291,,,,,,,,,,,,,,,,,,,,,,,,,,,,,,,,,,,,,,,,,,,,,,,,,,,High,High,High,,,,,
59,2026-04-21,15:40:10.00,4,2,"Chavez, Caden",1000258549,Left,FOR_RAM,"Baglino, Aidan",1000304988,Right,FAI_STA,Undefined,2,Top,2,0,1,ChangeUp,Changeup,BallCalled,Undefined,Undefined,Undefined,0,0,,79.84086,1.130225,1.553713,1169.55541,89.057647,9:00,4.98536,-2.17762,5.76015,-43.40487,1.34843,-16.67406,2.4208,-2.12061,72.04359,-6.900679,-1.433549,0.481486,,,,,,,,,,,,8.91477,0.85165,2.05875,50,5.05326,-2.47289,-115.75034,0.86222,11.88572,25.08738,-31.03857,FOR_RAM,FAI_STA,FordhamUniversity,D1,A10,20260421-FordhamUniversity-1,e8c5fe90-3db9-11f1-a8c0-6b9c5118a01a,78.28351,,,7.79727,,,,,,,9fd2b87c-3fe5-4428-9bed-f2337eda9884,2026-04-21,19:40:10.00,2026-04-21T15:40:10.0002304-04:00,2026-04-21T19:40:10.0002304Z,,v3,471298,471291,a1316deca63447d19dd205c393751d6a,"McAndrews, Thomas",836274,Right,FOR_RAM,9ec05cbc-08a4-4c3a-927a-07df692aa153,54.7362,-116.77234,12.54369,4.99239,2.12666,-15.51929,2.16935,-2.95708,5.94286,,,,,,,,,,,,,,,,,,,,,,,,,,,,,,,,,,,,,,,,,,,,,,,,,,,High,High,High,,,,,
60,2026-04-21,15:40:30.24,4,3,"Chavez, Caden",1000258549,Left,FOR_RAM,"Baglino, Aidan",1000304988,Right,FAI_STA,Undefined,2,Top,2,1,1,Curveball,Curveball,StrikeCalled,Undefined,Undefined,Undefined,0,0,,72.44622,2.519351,1.650633,2065.034938,320.08838,4:45,5.26879,-1.78,5.53501,-61.11106,-6.24654,6.85477,2.53355,0.33451,65.66975,-8.664043,2.872708,0.53311,,,,,,,,,,,,-2.89768,-3.33492,1.63214,50,5.44744,-3.27693,-104.94388,2.70103,-3.17719,20.54472,-35.83064,FOR_RAM,FAI_STA,FordhamUniversity,D1,A10,20260421-FordhamUniversity-1,f4bc47e0-3db9-11f1-a8c0-6b9c5118a01a,70.70287,,,6.77647,,,,,,,9fd2b87c-3fe5-4428-9bed-f2337eda9884,2026-04-21,19:40:30.24,2026-04-21T15:40:30.2427648-04:00,2026-04-21T19:40:30.2427648Z,,v3,471298,471291,a1316deca63447d19dd205c393751d6a,"McAndrews, Thomas",836274,Right,FOR_RAM,f6ff2eb6-854f-45f7-b98f-256517efaaba,54.96319,-105.91106,10.27236,5.28058,4.38782,-17.91532,1.78289,-3.12736,-1.5886,,,,,,,,,,,,,,,,,,,,,,,,,,,,,,,,,,,,,,,,,,,,,,,,,,,High,High,High,,,,,
61,2026-04-21,15:41:13.58,4,4,"Chavez, Caden",1000258549,Left,FOR_RAM,"Baglino, Aidan",1000304988,Right,FAI_STA,Undefined,2,Top,2,1,2,Curveball,Curveball,FoulBallNotFieldable,Undefined,Undefined,Undefined,0,0,,71.39897,2.442905,0.272555,2111.313605,324.688741,4:45,5.23742,-1.77275,5.34262,-66.53216,-9.53308,8.22315,1.98609,-0.83182,64.67152,-9.67504,1.736072,0.543382,54.77739,42.6619,154.163944,5681.018583,,,,125.1428,55.48039,159.735078,2.69448,-4.04929,-5.08244,1.74197,50,5.40976,-0.78999,-103.44912,2.31201,-4.29846,20.54294,-37.56925,FOR_RAM,FAI_STA,FordhamUniversity,D1,A10,20260421-FordhamUniversity-1,0e908640-3dba-11f1-a8c0-6b9c5118a01a,69.36637,34.2812,,6.72745,,,,2.06809,2.10808,0.86534,9fd2b87c-3fe5-4428-9bed-f2337eda9884,2026-04-21,19:41:13.58,2026-04-21T15:41:13.5881216-04:00,2026-04-21T19:41:13.5881216Z,Popup,v3,471298,471291,a1316deca63447d19dd205c393751d6a,"McAndrews, Thomas",836274,Right,FOR_RAM,dfdbc516-bd6b-4fff-be57-5d9e6684e745,55.15766,-104.46831,10.27147,5.24882,4.17592,-18.78463,1.77587,-0.57674,-2.14923,342.036317,2.06784,-53.16181,1.70674,1.2469,-0.73166,0.42171,-0.14278,0.02371,-0.00149,2.10819,54.43802,-25.97634,2.84548,-0.24117,-0.21519,0.14878,-0.03838,0.00362,0.86558,25.73455,-3.1651,-0.57626,0.55665,-0.38984,0.14263,-0.02506,0.00168,,,,,,,,,,,,,,,,,,,,,,,High,High,High,High,Medium,,,
62,2026-04-21,15:41:39.02,4,5,"Chavez, Caden",1000258549,Left,FOR_RAM,"Baglino, Aidan",1000304988,Right,FAI_STA,Undefined,2,Top,2,1,2,Slider,Slider,BallCalled,Undefined,Undefined,Undefined,0,0,,76.96093,-0.231312,2.52254,2201.213462,227.869513,1:30,5.00634,-2.08601,5.55579,-40.5564,9.53961,8.02898,1.41031,0.94151,67.67911,-7.808942,3.952691,0.509416,,,,,,,,,,,,-2.97666,5.54445,1.86251,50,4.96061,-5.2105,-111.07054,-1.69027,-3.54095,28.71887,-25.57851,FOR_RAM,FAI_STA,FordhamUniversity,D1,A10,20260421-FordhamUniversity-1,1dcfe010-3dba-11f1-a8c0-6b9c5118a01a,73.99141,,,9.28182,,,,,,,9fd2b87c-3fe5-4428-9bed-f2337eda9884,2026-04-21,19:41:39.02,2026-04-21T15:41:39.0238720-04:00,2026-04-21T19:41:39.0238720Z,,v3,471298,471291,a1316deca63447d19dd205c393751d6a,"McAndrews, Thomas",836274,Right,FOR_RAM,db4414f6-2763-46fe-a5fb-faebf40c862c,54.93455,-112.3392,14.35944,5.01032,-0.56034,-12.78926,2.08923,-5.05408,-1.77048,,,,,,,,,,,,,,,,,,,,,,,,,,,,,,,,,,,,,,,,,,,,,,,,,,,High,High,High,,,,,
63,2026-04-21,15:42:01.37,4,6,"Chavez, Caden",1000258549,Left,FOR_RAM,"Baglino, Aidan",1000304988,Right,FAI_STA,Undefined,2,Top,2,2,2,Fastball,Four-Seam,InPlay,Undefined,LineDrive,Single,0,0,,84.31554,-0.312054,2.274316,2002.940891,163.0655,11:30,5.01517,-1.9382,6.37257,-22.5434,16.60178,-4.62634,2.84921,-0.23006,76.00748,-4.631911,1.437398,0.450309,93.8776,15.912827,-24.354747,1700.427859,98.01719,19.11946,-49.92594,203.3915,198.60165,-29.943291,1.968738,3.15292,9.16418,1.77608,50,4.98216,-4.68394,-122.32952,-1.25914,4.70177,27.70612,-18.50795,FOR_RAM,FAI_STA,FordhamUniversity,D1,A10,20260421-FordhamUniversity-1,2afe3430-3dba-11f1-a8c0-6b9c5118a01a,83.70351,19.12275,,8.30806,,,,1.60904,2.83703,0.2629,9fd2b87c-3fe5-4428-9bed-f2337eda9884,2026-04-21,19:42:01.37,2026-04-21T15:42:01.3767168-04:00,2026-04-21T19:42:01.3767168Z,LineDrive,v3,471298,471291,a1316deca63447d19dd205c393751d6a,"McAndrews, Thomas",836274,Right,FOR_RAM,fe5aed9e-22e3-46b5-9b2f-f3ee04f2c144,54.12365,-123.25994,13.85306,5.01401,-0.63761,-9.25397,1.93603,-4.84183,2.35089,82.690718,1.60904,120.62787,-21.65008,4.01491,-0.88017,0.17116,-0.03198,0.00454,-0.00031,2.83703,37.7504,-24.12506,3.06528,-0.68384,0.15145,-0.02844,0.00422,-0.00033,0.2629,-54.60347,-0.05409,1.33024,-0.45419,0.12628,-0.02594,0.00379,-0.00027,,,,,,,,,,,,,,,,,,,,,,,High,High,High,High,Medium,,,
64,2026-04-21,15:42:45.89,5,1,"Chavez, Caden",1000258549,Left,FOR_RAM,"Spencer, Luke",1000467084,Right,FAI_STA,Undefined,2,Top,2,0,0,Fastball,Changeup,FoulBallNotFieldable,Undefined,Undefined,Undefined,0,0,,84.48845,-1.235554,3.031518,1974.84764,146.822898,11:00,5.03595,-1.93043,6.37603,-21.62371,17.5408,-10.50934,2.09547,-0.01452,75.94019,-5.391998,1.131187,0.45042,67.4409,59.897551,115.066981,4478.357744,,,,,40.86446,,,6.5087,9.98146,1.71638,50,4.93674,-6.0886,-122.45559,-3.20188,9.69141,28.55387,-17.31168,FOR_RAM,FAI_STA,FordhamUniversity,D1,A10,20260421-FordhamUniversity-1,457e9110-3dba-11f1-a8c0-6b9c5118a01a,83.68286,54.63374,,8.54827,,,,1.23085,1.92172,-0.07933,9fd2b87c-3fe5-4428-9bed-f2337eda9884,2026-04-21,19:42:45.89,2026-04-21T15:42:45.8911744-04:00,2026-04-21T19:42:45.8911744Z,,v3,471298,471291,a1316deca63447d19dd205c393751d6a,"McAndrews, Thomas",836274,Right,FOR_RAM,2e18d5c5-b63f-4f79-8e54-b8493fa951f7,54.12039,-123.41264,14.27694,5.03433,-2.62164,-8.65584,1.9259,-6.41343,4.84571,339.09924,1.23085,-21.0185,-4.88337,1.77129,-0.48563,0.12896,-0.03065,0.00598,-0.00092,1.92172,85.57275,-31.32709,4.55698,-0.90141,0.16791,-0.02636,0.00962,-0.00212,-0.07933,44.93709,-1.99251,-1.93765,0.65156,-0.21133,0.04813,-0.01007,0.0022,,,,,,,,,,,,,,,,,,,,,,,High,High,High,High,Undefined,,,
65,2026-04-21,15:43:11.53,5,2,"Chavez, Caden",1000258549,Left,FOR_RAM,"Spencer, Luke",1000467084,Right,FAI_STA,Undefined,2,Top,2,0,1,Curveball,Curveball,BallCalled,Undefined,Undefined,Undefined,0,0,,71.68393,3.665494,-0.181127,2194.013029,308.875796,4:15,5.22648,-1.75085,5.32667,-65.24275,-8.28646,12.95859,3.23378,-0.84093,64.34741,-8.259518,2.120258,0.543178,,,,,,,,,,,,-6.43772,-4.58957,1.75794,50,5.51242,-0.1726,-103.6547,4.52145,-6.83791,21.15698,-37.04891,FOR_RAM,FAI_STA,FordhamUniversity,D1,A10,20260421-FordhamUniversity-1,54dc9670-3dba-11f1-a8c0-6b9c5118a01a,69.39239,,,7.33653,,,,,,,9fd2b87c-3fe5-4428-9bed-f2337eda9884,2026-04-21,19:43:11.53,2026-04-21T15:43:11.5328000-04:00,2026-04-21T19:43:11.5328000Z,,v3,471298,471291,a1316deca63447d19dd205c393751d6a,"McAndrews, Thomas",836274,Right,FOR_RAM,2133eceb-9170-4243-ae05-c05c5d48db21,55.17019,-104.70468,10.57849,5.24241,6.3601,-18.52446,1.75808,0.16676,-3.41895,,,,,,,,,,,,,,,,,,,,,,,,,,,,,,,,,,,,,,,,,,,,,,,,,,,High,High,High,,,,,
66,2026-04-21,15:43:36.58,5,3,"Chavez, Caden",1000258549,Left,FOR_RAM,"Spencer, Luke",1000467084,Right,FAI_STA,Undefined,2,Top,2,1,1,Fastball,Changeup,BallCalled,Undefined,Undefined,Undefined,0,0,,83.99718,-2.05652,2.655111,2050.601635,144.291282,10:45,4.98855,-2.15278,6.2321,-21.44521,18.26005,-12.08119,1.30138,-0.70835,75.8437,-6.157327,0.474744,0.453519,,,,,,,,,,,,7.03717,10.5178,1.95991,50,4.82417,-5.16402,-121.70695,-4.93431,10.40541,27.05061,-16.62207,FOR_RAM,FAI_STA,FordhamUniversity,D1,A10,20260421-FordhamUniversity-1,63c0b0e0-3dba-11f1-a8c0-6b9c5118a01a,83.11105,,,8.15348,,,,,,,9fd2b87c-3fe5-4428-9bed-f2337eda9884,2026-04-21,19:43:36.58,2026-04-21T15:43:36.5861888-04:00,2026-04-21T19:43:36.5861888Z,,v3,471298,471291,a1316deca63447d19dd205c393751d6a,"McAndrews, Thomas",836274,Right,FOR_RAM,1f72fd34-227a-414a-b584-9c95b201a11f,54.26208,-122.65057,13.52531,4.98618,-4.35447,-8.31104,2.14639,-5.527,5.20271,,,,,,,,,,,,,,,,,,,,,,,,,,,,,,,,,,,,,,,,,,,,,,,,,,,High,High,High,,,,,
67,2026-04-21,15:43:57.90,5,4,"Chavez, Caden",1000258549,Left,FOR_RAM,"Spencer, Luke",1000467084,Right,FAI_STA,Undefined,2,Top,2,2,1,Fastball,Changeup,BallCalled,Undefined,Undefined,Undefined,0,0,,84.37441,-2.565232,3.138484,2010.255289,151.591204,11:00,4.97002,-1.93126,6.31252,-21.90832,17.06761,-8.51201,0.77627,0.25327,76.85291,-6.724232,1.601023,0.449334,,,,,,,,,,,,5.3828,10.04906,1.70529,50,4.77132,-6.3886,-122.31045,-6.07617,8.09764,25.68235,-17.05661,FOR_RAM,FAI_STA,FordhamUniversity,D1,A10,20260421-FordhamUniversity-1,7072d020-3dba-11f1-a8c0-6b9c5118a01a,83.88503,,,7.5215,,,,,,,9fd2b87c-3fe5-4428-9bed-f2337eda9884,2026-04-21,19:43:57.90,2026-04-21T15:43:57.9088384-04:00,2026-04-21T19:43:57.9088384Z,,v3,471298,471291,a1316deca63447d19dd205c393751d6a,"McAndrews, Thomas",836274,Right,FOR_RAM,298217b4-1766-42fa-a58b-3b9c13cf9d73,54.1854,-123.18615,12.84117,4.96859,-5.49458,-8.52831,1.92783,-6.66471,4.04882,,,,,,,,,,,,,,,,,,,,,,,,,,,,,,,,,,,,,,,,,,,,,,,,,,,High,High,High,,,,,
68,2026-04-21,15:44:22.06,5,5,"Chavez, Caden",1000258549,Left,FOR_RAM,"Spencer, Luke",1000467084,Right,FAI_STA,Undefined,2,Top,2,3,1,Fastball,Four-Seam,FoulBallNotFieldable,Undefined,Undefined,Undefined,0,0,,84.992,-1.541978,2.196518,2023.702598,151.997299,11:00,5.07616,-2.02589,6.17302,-20.8969,17.6304,-8.68079,1.90924,-0.71966,77.28368,-5.520162,0.63121,0.446741,72.89654,42.58518,126.54752,3517.993573,,,,,36.91249,,,5.1626,9.97835,1.86407,50,4.94879,-4.39609,-123.34217,-3.89464,7.89607,26.1719,-16.91236,FOR_RAM,FAI_STA,FordhamUniversity,D1,A10,20260421-FordhamUniversity-1,7eda1970-3dba-11f1-a8c0-6b9c5118a01a,84.372,30.59234,,7.70832,,,,0.38501,1.70474,0.84687,9fd2b87c-3fe5-4428-9bed-f2337eda9884,2026-04-21,19:44:22.06,2026-04-21T15:44:22.0672512-04:00,2026-04-21T19:44:22.0672512Z,,v3,471298,471291,a1316deca63447d19dd205c393751d6a,"McAndrews, Thomas",836274,Right,FOR_RAM,bf7d73f0-6ddf-4165-ad8f-eb938c62179c,54.32462,-124.25642,13.08595,5.07451,-3.30385,-8.45618,2.02245,-4.67192,3.94803,,0.39196,-47.07077,0.40882,,,,,,,1.72776,71.71506,-26.54081,,,,,,,0.86279,62.80257,-10.77412,,,,,,,,,,,,,,,,,,,,,,,,,,,,,High,High,High,High,Undefined,,,
69,2026-04-21,15:44:46.50,5,6,"Chavez, Caden",1000258549,Left,FOR_RAM,"Spencer, Luke",1000467084,Right,FAI_STA,Undefined,2,Top,2,3,2,Fastball,Changeup,BallCalled,Walk,Undefined,Undefined,0,0,,84.72195,-0.189547,0.77947,1879.458737,153.950437,11:15,5.0693,-2.00282,6.09414,-20.41588,18.74658,-8.47197,3.19264,-1.98781,76.28246,-4.1103,-0.746722,0.450408,,,,,,,,,,,,4.56236,10.09973,1.94685,50,5.04387,-1.32433,-122.89511,-0.94473,6.87184,27.79547,-16.96179,FOR_RAM,FAI_STA,FordhamUniversity,D1,A10,20260421-FordhamUniversity-1,8d706200-3dba-11f1-a8c0-6b9c5118a01a,83.68504,,,8.43948,,,,,,,9fd2b87c-3fe5-4428-9bed-f2337eda9884,2026-04-21,19:44:46.50,2026-04-21T15:44:46.5001472-04:00,2026-04-21T19:44:46.5001472Z,,v3,471298,471291,a1316deca63447d19dd205c393751d6a,"McAndrews, Thomas",836274,Right,FOR_RAM,a739eb1b-73ab-425e-86e6-007fc6f2d5c6,54.39907,-123.88606,13.89773,5.06677,-0.34001,-8.4809,1.99844,-1.56932,3.43592,,,,,,,,,,,,,,,,,,,,,,,,,,,,,,,,,,,,,,,,,,,,,,,,,,,High,High,High,,,,,
70,2026-04-21,15:46:05.92,6,1,"Chavez, Caden",1000258549,Left,FOR_RAM,"Paine, Ryan",1000467079,Right,FAI_STA,Undefined,2,Top,2,0,0,Fastball,Changeup,InPlay,Undefined,GroundBall,Out,1,0,,84.16337,0.151447,2.073063,1955.79743,144.739441,10:45,5.10426,-1.92537,6.16327,-25.05757,14.0967,-9.06749,3.15612,-0.76519,76.6696,-4.582059,0.438477,0.450361,60.05512,-1.670114,36.519103,2858.015605,,,,30.66564,30.66564,37.250791,0.357111,5.29662,7.62831,1.77272,50,5.10291,-4.07636,-122.22435,-0.39935,7.98102,24.96851,-20.67958,FOR_RAM,FAI_STA,FordhamUniversity,D1,A10,20260421-FordhamUniversity-1,bcbd4cd0-3dba-11f1-a8c0-6b9c5118a01a,83.6938,3.14874,,7.49377,,,,0.69299,3.14874,0.61611,9fd2b87c-3fe5-4428-9bed-f2337eda9884,2026-04-21,19:46:05.92,2026-04-21T15:46:05.9250688-04:00,2026-04-21T19:46:05.9250688Z,GroundBall,v3,471298,471291,a1316deca63447d19dd205c393751d6a,"McAndrews, Thomas",836274,Right,FOR_RAM,109ac311-7c6c-4fae-8ac9-a50ce1afa848,54.33451,-123.10664,12.48426,5.10411,0.33138,-10.33979,1.92175,-4.35838,3.99051,308.938742,0.69736,70.59282,-11.77221,,,,,,,3.15308,-2.72944,-17.11461,,,,,,,0.61758,52.33889,-5.86287,,,,,,,,,,,,,,,,,,,,,,,,,,,,,High,High,High,High,High,,,
71,2026-04-21,15:48:32.33,1,1,"Hoxie, Hunter",1000142956,Left,FAI_STA,"Dean, Mason",1000150670,Left,FOR_RAM,Undefined,2,Bottom,0,0,0,Fastball,Changeup,InPlay,Undefined,GroundBall,Out,1,0,,82.54745,-1.367282,2.885006,2291.793743,157.354494,11:15,5.65875,-0.98965,5.4597,-20.66123,21.63789,-8.3856,2.65532,1.01426,74.48648,-5.291027,1.394758,0.468098,75.54999,-9.287281,22.704641,,,,,16.93945,16.73445,16.27745,0.14852,5.14933,11.78028,0.74133,50,5.52466,-5.67568,-119.4997,-3.4522,7.34648,25.90077,-15.36729,FOR_RAM,FAI_STA,FordhamUniversity,D1,A10,20260421-FordhamUniversity-1,140cfc10-3dbb-11f1-a8c0-6b9c5118a01a,80.52248,2.67311,,8.06097,,,,1.56918,2.67311,-1.0336,9fd2b87c-3fe5-4428-9bed-f2337eda9884,2026-04-21,19:48:32.33,2026-04-21T15:48:32.3346944-04:00,2026-04-21T19:48:32.3346944Z,GroundBall,v3,471298,471291,a1316deca63447d19dd205c393751d6a,"Baglino, Aidan",1000304988,Right,FAI_STA,17828c2d-6a12-4be5-9f98-c726415e979b,55.03639,-120.58636,12.95039,5.65597,-2.80746,-7.68365,0.98592,-5.9839,3.67324,127.325135,1.56939,100.86099,-13.10107,,,,,,,2.67267,-17.84364,-1.00303,,,,,,,-1.03258,42.11767,-21.56894,,,,,,,,,,,,,,,,,,,,,,,,,,,,,High,High,High,High,High,,,
72,2026-04-21,15:49:04.52,2,1,"Hoxie, Hunter",1000142956,Left,FAI_STA,"Ford, Tim",1000142266,Right,FOR_RAM,Undefined,2,Bottom,1,0,0,Fastball,Changeup,BallCalled,Undefined,Undefined,Undefined,0,0,,84.34611,-5.011793,3.230497,2375.524359,147.85131,11:00,5.43568,-0.9215,5.58453,-18.95596,21.50962,-12.59107,-0.84365,1.04922,76.63905,-8.583312,0.986885,0.457841,,,,,,,,,,,,7.50733,12.9456,0.65261,50,4.99165,-6.37479,-121.77079,-11.25111,11.15084,26.316,-12.94556,FOR_RAM,FAI_STA,FordhamUniversity,D1,A10,20260421-FordhamUniversity-1,272a2c50-3dbb-11f1-a8c0-6b9c5118a01a,82.32653,,,7.70705,,,,,,,9fd2b87c-3fe5-4428-9bed-f2337eda9884,2026-04-21,19:49:04.52,2026-04-21T15:49:04.5272576-04:00,2026-04-21T19:49:04.5272576Z,,v3,471298,471291,a1316deca63447d19dd205c393751d6a,"Baglino, Aidan",1000304988,Right,FAI_STA,82b4ec7e-c56a-40cd-a028-9358401128a7,54.91544,-122.82848,13.158,5.43339,-10.73081,-6.47278,0.91783,-6.82296,5.57542,,,,,,,,,,,,,,,,,,,,,,,,,,,,,,,,,,,,,,,,,,,,,,,,,,,High,High,High,,,,,
73,2026-04-21,15:49:21.54,2,2,"Hoxie, Hunter",1000142956,Left,FAI_STA,"Ford, Tim",1000142266,Right,FOR_RAM,Undefined,2,Bottom,1,1,0,Fastball,Changeup,BallCalled,Undefined,Undefined,Undefined,0,0,,83.33494,0.452662,0.024396,2267.151504,146.114987,10:45,5.60192,-1.08419,5.14058,-21.30029,21.09446,-13.05489,4.25313,-2.14913,74.25342,-3.602905,-2.285257,0.468627,,,,,,,,,,,,6.42386,10.75367,1.09219,50,5.62891,0.53788,-120.55057,0.3132,9.22213,28.77109,-16.73599,FOR_RAM,FAI_STA,FordhamUniversity,D1,A10,20260421-FordhamUniversity-1,31641fa0-3dbb-11f1-a8c0-6b9c5118a01a,80.43163,,,9.08151,,,,,,,9fd2b87c-3fe5-4428-9bed-f2337eda9884,2026-04-21,19:49:21.54,2026-04-21T15:49:21.5473152-04:00,2026-04-21T19:49:21.5473152Z,,v3,471298,471291,a1316deca63447d19dd205c393751d6a,"Baglino, Aidan",1000304988,Right,FAI_STA,ad605d05-eeae-43b5-921e-8033097580ba,55.35088,-121.82094,14.38555,5.59876,1.05217,-8.368,1.07743,0.13068,4.61107,,,,,,,,,,,,,,,,,,,,,,,,,,,,,,,,,,,,,,,,,,,,,,,,,,,High,High,High,,,,,
74,2026-04-21,15:49:36.91,2,3,"Hoxie, Hunter",1000142956,Left,FAI_STA,"Ford, Tim",1000142266,Right,FOR_RAM,Undefined,2,Bottom,1,2,0,Fastball,Changeup,StrikeCalled,Undefined,Undefined,Undefined,0,0,,82.416,-0.759117,0.991844,2232.154517,156.22662,11:15,5.64126,-0.99472,5.35306,-20.48174,22.79907,-9.25048,3.22234,-0.83527,73.04944,-4.700285,-0.651537,0.473499,,,,,,,,,,,,4.94213,12.14906,0.91215,50,5.55928,-1.65649,-119.14789,-2.14074,6.88619,29.44076,-15.24603,FOR_RAM,FAI_STA,FordhamUniversity,D1,A10,20260421-FordhamUniversity-1,3a8bb890-3dbb-11f1-a8c0-6b9c5118a01a,79.60404,,,9.36656,,,,,,,9fd2b87c-3fe5-4428-9bed-f2337eda9884,2026-04-21,19:49:36.91,2026-04-21T15:49:36.9120768-04:00,2026-04-21T19:49:36.9120768Z,,v3,471298,471291,a1316deca63447d19dd205c393751d6a,"Baglino, Aidan",1000304988,Right,FAI_STA,2f649e17-789d-49da-ae8e-e613d388a35e,55.13697,-120.41052,14.72038,5.63707,-1.48689,-7.62301,0.98952,-1.95182,3.4431,,,,,,,,,,,,,,,,,,,,,,,,,,,,,,,,,,,,,,,,,,,,,,,,,,,High,High,High,,,,,
75,2026-04-21,15:49:51.18,2,4,"Hoxie, Hunter",1000142956,Left,FAI_STA,"Ford, Tim",1000142266,Right,FOR_RAM,Undefined,2,Bottom,1,2,1,Fastball,Changeup,BallCalled,Undefined,Undefined,Undefined,0,0,,82.27522,-0.634548,-0.17238,2302.98337,155.640069,11:15,5.59487,-0.96069,5.19222,-22.8793,19.93001,-8.34229,3.09132,-1.81804,74.4339,-4.931876,-1.650215,0.470913,,,,,,,,,,,,4.07717,10.55119,0.98316,50,5.51941,0.72086,-119.22374,-2.03198,5.8078,25.13323,-17.14422,FOR_RAM,FAI_STA,FordhamUniversity,D1,A10,20260421-FordhamUniversity-1,4307cf40-3dbb-11f1-a8c0-6b9c5118a01a,80.04124,,,7.84132,,,,,,,9fd2b87c-3fe5-4428-9bed-f2337eda9884,2026-04-21,19:49:51.18,2026-04-21T15:49:51.1864832-04:00,2026-04-21T19:49:51.1864832Z,,v3,471298,471291,a1316deca63447d19dd205c393751d6a,"Baglino, Aidan",1000304988,Right,FAI_STA,dad92085-907d-4b0c-9bd2-ddc5716c67a7,55.30193,-120.33623,12.56662,5.59255,-1.27311,-8.57211,0.95695,0.46378,2.9039,,,,,,,,,,,,,,,,,,,,,,,,,,,,,,,,,,,,,,,,,,,,,,,,,,,High,High,High,,,,,
76,2026-04-21,15:50:09.04,2,5,"Hoxie, Hunter",1000142956,Left,FAI_STA,"Ford, Tim",1000142266,Right,FOR_RAM,Undefined,2,Bottom,1,3,1,Fastball,Changeup,BallCalled,Walk,Undefined,Undefined,0,0,,81.20153,-1.111985,0.128853,2216.759059,142.48286,10:45,5.53507,-1.16496,5.31375,-25.91553,18.10796,-12.64902,2.33164,-2.09811,73.15786,-5.968891,-2.11775,0.477544,,,,,,,,,,,,6.33091,9.89024,1.16262,50,5.41622,0.27233,-117.60532,-3.08676,8.71677,25.82094,-18.55658,FOR_RAM,FAI_STA,FordhamUniversity,D1,A10,20260421-FordhamUniversity-1,4db6f290-3dbb-11f1-a8c0-6b9c5118a01a,78.92973,,,8.04367,,,,,,,9fd2b87c-3fe5-4428-9bed-f2337eda9884,2026-04-21,19:50:09.04,2026-04-21T15:50:09.0481664-04:00,2026-04-21T19:50:09.0481664Z,,v3,471298,471291,a1316deca63447d19dd205c393751d6a,"Baglino, Aidan",1000304988,Right,FAI_STA,711acc73-00aa-44cc-a542-2468f6686ce3,55.17999,-118.73717,12.91047,5.5337,-2.27334,-9.27829,1.15906,-0.10977,4.35839,,,,,,,,,,,,,,,,,,,,,,,,,,,,,,,,,,,,,,,,,,,,,,,,,,,High,High,High,,,,,
77,2026-04-21,15:50:39.32,3,1,"Hoxie, Hunter",1000142956,Left,FAI_STA,"Markey, Tommy",10084492,Left,FOR_RAM,Undefined,2,Bottom,1,0,0,Fastball,Changeup,BallCalled,Undefined,Undefined,Undefined,0,0,,81.71573,-2.665073,3.303162,2183.568208,151.155591,11:00,5.59677,-1.03555,5.34931,-21.74852,21.85387,-11.12115,1.27873,1.13931,73.58195,-6.775863,1.33117,0.475255,,,,,,,,,,,,6.6537,12.30005,0.7462,50,5.34158,-6.34998,-118.08052,-6.14113,9.23738,25.98708,-15.09782,FOR_RAM,FAI_STA,FordhamUniversity,D1,A10,20260421-FordhamUniversity-1,5fb85290-3dbb-11f1-a8c0-6b9c5118a01a,79.30996,,,8.13378,,,,,,,9fd2b87c-3fe5-4428-9bed-f2337eda9884,2026-04-21,19:50:39.32,2026-04-21T15:50:39.3214976-04:00,2026-04-21T19:50:39.3214976Z,,v3,471298,471291,a1316deca63447d19dd205c393751d6a,"Baglino, Aidan",1000304988,Right,FAI_STA,a6d2b693-7e20-43e9-9fc7-12c14f3049d1,55.1458,-119.20763,12.99354,5.59373,-5.48631,-7.54891,1.0303,-6.75062,4.61869,,,,,,,,,,,,,,,,,,,,,,,,,,,,,,,,,,,,,,,,,,,,,,,,,,,High,High,High,,,,,
78,2026-04-21,15:50:57.44,3,2,"Hoxie, Hunter",1000142956,Left,FAI_STA,"Markey, Tommy",10084492,Left,FOR_RAM,Undefined,2,Bottom,1,1,0,Slider,Curveball,StrikeCalled,Undefined,Undefined,Undefined,0,0,,73.57404,1.332285,1.862676,2397.01283,273.167136,3:00,5.29219,-1.38891,5.05316,-52.85605,1.37264,10.65611,2.1449,1.25643,66.60549,-8.290866,3.744753,0.530012,,,,,,,,,,,,-4.6611,0.81815,1.20268,50,5.37741,-3.87886,-106.49373,0.72956,-5.25672,21.34808,-31.25136,FOR_RAM,FAI_STA,FordhamUniversity,D1,A10,20260421-FordhamUniversity-1,6a953ca0-3dbb-11f1-a8c0-6b9c5118a01a,71.11615,,,6.96855,,,,,,,9fd2b87c-3fe5-4428-9bed-f2337eda9884,2026-04-21,19:50:57.44,2026-04-21T15:50:57.4476288-04:00,2026-04-21T19:50:57.4476288Z,,v3,471298,471291,a1316deca63447d19dd205c393751d6a,"Baglino, Aidan",1000304988,Right,FAI_STA,2e85c649-623b-4f9b-bc8e-2f9871d91417,55.44338,-107.57939,10.67404,5.2999,2.31886,-15.62568,1.39314,-3.61152,-2.62836,,,,,,,,,,,,,,,,,,,,,,,,,,,,,,,,,,,,,,,,,,,,,,,,,,,High,High,High,,,,,
79,2026-04-21,15:51:13.88,3,3,"Hoxie, Hunter",1000142956,Left,FAI_STA,"Markey, Tommy",10084492,Left,FOR_RAM,Undefined,2,Bottom,1,1,1,Slider,Curveball,BallCalled,Undefined,Undefined,Undefined,0,0,,72.32954,0.640573,2.062746,2353.743517,272.203885,3:00,5.33595,-1.2389,4.85331,-55.17629,1.72677,11.643,1.34471,1.6848,65.25975,-9.364428,4.112558,0.542924,,,,,,,,,,,,-5.01095,1.24091,1.02477,50,5.35273,-4.22173,-104.58571,-0.6631,-5.41326,21.6941,-30.83352,FOR_RAM,FAI_STA,FordhamUniversity,D1,A10,20260421-FordhamUniversity-1,7468cd00-3dbb-11f1-a8c0-6b9c5118a01a,69.42486,,,7.0698,,,,,,,9fd2b87c-3fe5-4428-9bed-f2337eda9884,2026-04-21,19:51:13.88,2026-04-21T15:51:13.8899968-04:00,2026-04-21T19:51:13.8899968Z,,v3,471298,471291,a1316deca63447d19dd205c393751d6a,"Baglino, Aidan",1000304988,Right,FAI_STA,ed1cf33f-4f62-482d-a97e-4bade987434b,55.64253,-105.74966,10.84705,5.34393,0.99119,-15.41676,1.24349,-3.9313,-2.70663,,,,,,,,,,,,,,,,,,,,,,,,,,,,,,,,,,,,,,,,,,,,,,,,,,,High,High,High,,,,,
80,2026-04-21,15:51:33.67,3,4,"Hoxie, Hunter",1000142956,Left,FAI_STA,"Markey, Tommy",10084492,Left,FOR_RAM,Undefined,2,Bottom,1,1,1,Slider,Curveball,BallCalled,Undefined,Undefined,Undefined,0,0,,73.52063,2.86454,0.546468,2500.747951,246.892825,2:15,5.28103,-1.3684,4.98062,-47.53495,6.57528,11.08591,4.02739,0.07151,66.60458,-5.826471,2.500657,0.529433,,,,,,,,,,,,-5.27359,2.94965,1.30629,50,5.51933,-1.45564,-106.40619,3.76051,-5.98953,19.85402,-28.82392,FOR_RAM,FAI_STA,FordhamUniversity,D1,A10,20260421-FordhamUniversity-1,8041f160-3dbb-11f1-a8c0-6b9c5118a01a,71.19396,,,6.91605,,,,,,,9fd2b87c-3fe5-4428-9bed-f2337eda9884,2026-04-21,19:51:33.67,2026-04-21T15:51:33.6797696-04:00,2026-04-21T19:51:33.6797696Z,,v3,471298,471291,a1316deca63447d19dd205c393751d6a,"Baglino, Aidan",1000304988,Right,FAI_STA,115ed1e5-afe3-4441-979f-dade25af7e77,55.51481,-107.43025,9.92701,5.28702,5.24724,-14.41196,1.3734,-1.1467,-2.99477,,,,,,,,,,,,,,,,,,,,,,,,,,,,,,,,,,,,,,,,,,,,,,,,,,,High,High,High,,,,,
81,2026-04-21,15:52:06.13,3,5,"Hoxie, Hunter",1000142956,Left,FAI_STA,"Markey, Tommy",10084492,Left,FOR_RAM,Undefined,2,Bottom,1,2,1,Fastball,Changeup,InPlay,Undefined,Popup,Single,0,0,,81.92443,-0.88878,2.778391,2154.849174,138.561978,10:30,5.55855,-1.1672,5.33974,-24.64442,18.9408,-15.19505,2.67002,0.17504,73.15103,-5.54686,0.082243,0.475161,72.05801,37.096707,-12.45056,4648.232808,105.75383,62.0134,-30.26635,214.03118,207.88386,-18.548111,4.138059,8.57792,10.27914,0.92784,50,5.4615,-5.10598,-118.46313,-2.59015,11.89316,27.75864,-17.92215,FOR_RAM,FAI_STA,FordhamUniversity,D1,A10,20260421-FordhamUniversity-1,9379d590-3dbb-11f1-a8c0-6b9c5118a01a,79.32557,62.94009,,8.7734,,,,0.85313,2.63351,-0.1607,9fd2b87c-3fe5-4428-9bed-f2337eda9884,2026-04-21,19:52:06.13,2026-04-21T15:52:06.1378560-04:00,2026-04-21T19:52:06.1378560Z,FlyBall,v3,471298,471291,a1316deca63447d19dd205c393751d6a,"Baglino, Aidan",1000304988,Right,FAI_STA,14d000b3-1299-44f6-b268-551eef2ff11b,55.15471,-119.66491,13.87932,5.55684,-1.81423,-8.96108,1.16005,-5.62088,5.94658,161.918665,0.85324,82.31263,-18.40274,4.91598,-1.11315,0.24707,-0.05207,0.00763,-0.00049,2.63455,63.71567,-17.99314,0.29216,0.46653,-0.27526,0.08117,-0.01198,0.0007,-0.16057,-18.17797,0.10719,0.27324,-0.08734,0.00786,0.00238,-0.00068,5E-05,,,,,,,,,,,,,,,,,,,,,,,High,High,High,High,Medium,,,
82,2026-04-21,15:52:52.81,4,1,"Hoxie, Hunter",1000142956,Left,FAI_STA,"Kirk, Taylor",1000367095,Right,FOR_RAM,Undefined,2,Bottom,1,0,0,Fastball,Changeup,BallCalled,Undefined,Undefined,Undefined,0,0,,82.21313,-2.268354,1.44525,2200.785674,144.692517,10:45,5.50424,-1.27774,5.22771,-22.65698,20.49623,-13.36276,1.48196,-1.03238,74.05517,-6.530207,-0.924082,0.472801,,,,,,,,,,,,7.1117,11.42489,1.15489,50,5.27898,-2.42538,-118.95712,-5.40615,10.01955,26.38938,-16.07771,FOR_RAM,FAI_STA,FordhamUniversity,D1,A10,20260421-FordhamUniversity-1,af6f9460-3dbb-11f1-a8c0-6b9c5118a01a,79.72163,,,8.15795,,,,,,,9fd2b87c-3fe5-4428-9bed-f2337eda9884,2026-04-21,19:52:52.81,2026-04-21T15:52:52.8196608-04:00,2026-04-21T19:52:52.8196608Z,,v3,471298,471291,a1316deca63447d19dd205c393751d6a,"Baglino, Aidan",1000304988,Right,FAI_STA,469f7ce3-5d73-4940-a7e0-85959dd3de51,55.26668,-120.11979,13.19469,5.50156,-4.69779,-8.03886,1.27147,-2.86682,5.00977,,,,,,,,,,,,,,,,,,,,,,,,,,,,,,,,,,,,,,,,,,,,,,,,,,,High,High,High,,,,,
83,2026-04-21,15:53:34.50,4,2,"Hoxie, Hunter",1000142956,Left,FAI_STA,"Kirk, Taylor",1000367095,Right,FOR_RAM,Undefined,2,Bottom,1,1,0,Fastball,Changeup,InPlay,Undefined,Bunt,Single,0,0,,82.59592,-1.483125,1.984827,2187.119694,149.174564,11:00,5.51532,-1.19701,5.29693,-22.161,20.76745,-11.37469,2.27497,-0.28068,73.78647,-5.689672,-0.033253,0.471568,,,,,,,,,,,,6.42185,11.40406,1.02528,50,5.36523,-3.66032,-119.47347,-3.75959,9.05076,28.36194,-16.10149,FOR_RAM,FAI_STA,FordhamUniversity,D1,A10,20260421-FordhamUniversity-1,c81e8ca0-3dbb-11f1-a8c0-6b9c5118a01a,79.9301,,,8.80945,,,,,,,9fd2b87c-3fe5-4428-9bed-f2337eda9884,2026-04-21,19:53:34.50,2026-04-21T15:53:34.5032192-04:00,2026-04-21T19:53:34.5032192Z,,v3,471298,471291,a1316deca63447d19dd205c393751d6a,"Baglino, Aidan",1000304988,Right,FAI_STA,c6f7c71b-b765-4c97-9e8d-713e38f8e1c1,55.19833,-120.70119,14.18097,5.51288,-3.06259,-8.05075,1.1922,-4.05211,4.52538,,,,,,,,,,,,,,,,,,,,,,,,,,,,,,,,,,,,,,,,,,,,,,,,,,,High,High,High,,,,,
84,2026-04-21,15:54:14.45,5,1,"Hoxie, Hunter",1000142956,Left,FAI_STA,"Grabau, Anthony",1000407420,Left,FOR_RAM,Undefined,2,Bottom,1,0,0,Fastball,Changeup,StrikeCalled,Undefined,Undefined,Undefined,0,0,,82.43642,-0.82757,3.167191,2239.990829,153.376609,11:00,5.4306,-1.10334,5.67516,-21.10383,21.48422,-9.91595,2.8992,1.02599,73.46046,-4.882063,1.398693,0.469694,,,,,,,,,,,,6.07768,11.61768,0.84208,50,5.34786,-6.17514,-119.17213,-2.28819,8.52242,28.22256,-15.88318,FOR_RAM,FAI_STA,FordhamUniversity,D1,A10,20260421-FordhamUniversity-1,dff35180-3dbb-11f1-a8c0-6b9c5118a01a,80.24886,,,8.97596,,,,,,,9fd2b87c-3fe5-4428-9bed-f2337eda9884,2026-04-21,19:54:14.45,2026-04-21T15:54:14.4585216-04:00,2026-04-21T19:54:14.4585216Z,,v3,471298,471291,a1316deca63447d19dd205c393751d6a,"Baglino, Aidan",1000304988,Right,FAI_STA,628d955b-7cc1-497f-b03b-5d9552e6f68d,54.81621,-120.30731,14.11128,5.42705,-1.64933,-7.94159,1.09736,-6.51793,4.26121,,,,,,,,,,,,,,,,,,,,,,,,,,,,,,,,,,,,,,,,,,,,,,,,,,,High,High,High,,,,,
85,2026-04-21,15:54:29.78,5,2,"Hoxie, Hunter",1000142956,Left,FAI_STA,"Grabau, Anthony",1000407420,Left,FOR_RAM,Undefined,2,Bottom,1,0,1,Fastball,Changeup,InPlay,Undefined,Popup,Out,1,0,,82.63952,-0.652083,2.026302,2236.647311,154.350433,11:15,5.55216,-0.95892,5.42895,-20.89229,21.89481,-9.68355,3.20001,0.13265,73.5024,-4.659411,0.304639,0.470791,73.20291,64.924985,-34.733383,,,,,125.80266,51.24412,-51.194626,5.327639,5.60272,11.72229,0.7863,50,5.48079,-3.82053,-119.53417,-1.95108,7.87974,29.03967,-15.68762,FOR_RAM,FAI_STA,FordhamUniversity,D1,A10,20260421-FordhamUniversity-1,e91a4e30-3dbb-11f1-a8c0-6b9c5118a01a,80.06197,116.32317,,9.13712,,,,1.62141,2.91051,-0.04042,9fd2b87c-3fe5-4428-9bed-f2337eda9884,2026-04-21,19:54:29.78,2026-04-21T15:54:29.7874944-04:00,2026-04-21T19:54:29.7874944Z,Popup,v3,471298,471291,a1316deca63447d19dd205c393751d6a,"Baglino, Aidan",1000304988,Right,FAI_STA,f2a3d5ae-3681-4c02-aeec-83ed35e6f639,55.06482,-120.75835,14.51983,5.5491,-1.28976,-7.84381,0.95435,-4.15271,3.93987,166.144926,1.61994,37.38874,-14.59957,4.37562,-0.6219,-0.08358,0.05632,-0.00946,0.00055,2.89389,97.55901,-26.3937,4.23519,-1.62595,0.52144,-0.10052,0.00981,-0.00037,-0.04492,-25.84061,2.68657,-0.01134,-0.31749,0.14461,-0.0316,0.00343,-0.00015,,,,,,,,,,,,,,,,,,,,,,,High,High,High,High,Low,,,
86,2026-04-21,15:55:12.45,6,1,"Hoxie, Hunter",1000142956,Left,FAI_STA,"McAndrews, Thomas",836274,Right,FOR_RAM,Undefined,2,Bottom,2,0,0,Fastball,Changeup,InPlay,Undefined,FlyBall,Out,1,0,,82.80625,-1.090233,2.038359,2253.461444,155.080066,11:15,5.49601,-1.17324,5.48065,-19.67056,22.89899,-9.83288,2.83594,-0.08464,73.62016,-4.882053,0.288436,0.469592,90.95614,55.714866,-8.228064,4161.195055,,,,,96.58935,,,5.73335,12.44186,1.00145,50,5.38795,-3.85584,-119.78338,-2.82115,8.08591,29.4511,-14.62696,FOR_RAM,FAI_STA,FordhamUniversity,D1,A10,20260421-FordhamUniversity-1,028eb950-3dbc-11f1-a8c0-6b9c5118a01a,80.26634,134.62751,,9.18609,,,,2.16625,2.82595,0.10584,9fd2b87c-3fe5-4428-9bed-f2337eda9884,2026-04-21,19:55:12.45,2026-04-21T15:55:12.4561408-04:00,2026-04-21T19:55:12.4561408Z,,v3,471298,471291,a1316deca63447d19dd205c393751d6a,"Baglino, Aidan",1000304988,Right,FAI_STA,5861d0c3-8773-4854-92cc-fb47e106f7a5,55.01436,-121.00998,14.72555,5.49277,-2.21196,-7.31348,1.16906,-4.19261,4.04295,188.248885,2.16631,74.36937,-20.08976,5.45203,-1.22852,0.3061,-0.07368,0.01287,-0.00133,2.82591,110.22585,-24.77837,2.54908,-0.47065,0.08805,-0.02093,0.00386,-0.00018,0.10581,-10.75265,5.96161,-1.80936,0.43197,-0.11,0.0261,-0.00447,0.00048,,,,,,,,,,,,,,,,,,,,,,,High,High,High,Medium,Undefined,,,
87,2026-04-21,15:57:37.95,1,1,"Chavez, Caden",1000258549,Left,FOR_RAM,"Schmalzle, TJ",1000213571,Right,FAI_STA,Undefined,3,Top,0,0,0,Curveball,Curveball,StrikeCalled,Undefined,Undefined,Undefined,0,0,,71.66046,2.252514,0.37175,2071.106472,324.168828,4:45,5.39,-1.68408,5.32111,-66.59433,-9.47792,8.45382,1.95546,-0.63073,64.40148,-9.895859,1.87591,0.543941,,,,,,,,,,,,-4.05591,-4.79571,1.64424,50,5.54667,-0.9936,-103.71045,1.92694,-4.29096,21.97116,-37.24768,FOR_RAM,FAI_STA,FordhamUniversity,D1,A10,20260421-FordhamUniversity-1,59500b40-3dbc-11f1-a8c0-6b9c5118a01a,69.29507,,,7.25898,,,,,,,9fd2b87c-3fe5-4428-9bed-f2337eda9884,2026-04-21,19:57:37.95,2026-04-21T15:57:37.9564544-04:00,2026-04-21T19:57:37.9564544Z,,v3,471298,471291,a1316deca63447d19dd205c393751d6a,"McAndrews, Thomas",836274,Right,FOR_RAM,f0fd30b9-064c-4e6c-8d67-610585da0a95,55.17604,-104.80126,10.98558,5.4051,3.77619,-18.62384,1.68828,-0.78056,-2.14548,,,,,,,,,,,,,,,,,,,,,,,,,,,,,,,,,,,,,,,,,,,,,,,,,,,High,High,High,,,,,
88,2026-04-21,15:57:55.85,1,2,"Chavez, Caden",1000258549,Left,FOR_RAM,"Schmalzle, TJ",1000213571,Right,FAI_STA,Undefined,3,Top,0,0,1,ChangeUp,Slider,InPlay,Undefined,Popup,Out,1,0,,78.68769,0.36211,3.313605,943.069287,136.857358,10:30,5.03544,-2.08503,5.64405,-35.9314,11.5315,-8.85788,2.3795,0.2712,69.33955,-6.393985,1.734384,0.495848,82.2319,56.224451,-9.083437,,109.99676,127.50881,-0.84061,189.28909,179.79534,2.245888,5.69701,5.80603,6.25957,1.80931,50,5.0441,-6.22621,-113.60536,-0.3697,7.28133,28.63115,-24.32396,FOR_RAM,FAI_STA,FordhamUniversity,D1,A10,20260421-FordhamUniversity-1,63e9d1d0-3dbc-11f1-a8c0-6b9c5118a01a,76.01612,127.51742,,9.34814,,,,1.78238,2.48532,-0.30036,9fd2b87c-3fe5-4428-9bed-f2337eda9884,2026-04-21,19:57:55.85,2026-04-21T15:57:55.8543360-04:00,2026-04-21T19:57:55.8543360Z,FlyBall,v3,471298,471291,a1316deca63447d19dd205c393751d6a,"McAndrews, Thomas",836274,Right,FOR_RAM,c69d58d5-7d2d-433d-a96b-6f2002442dfb,54.84813,-114.8207,14.31558,5.03788,0.66281,-12.16198,2.08017,-6.53529,3.64067,,1.78736,66.10655,-17.85691,4.63609,-0.65744,-0.00892,0.02121,-0.00313,0.00015,2.48034,100.32831,-24.20303,2.12632,-0.20212,-0.04437,0.02472,-0.00425,0.00025,-0.30108,-10.55967,8.28848,-2.71972,0.5158,-0.03155,-0.00883,0.0019,-0.00011,,,,,,,,,,,,,,,,,,,,,,,High,High,High,High,Low,,,
89,2026-04-21,15:58:30.92,2,1,"Chavez, Caden",1000258549,Left,FOR_RAM,"Haarde, Jake",831933,Right,FAI_STA,Undefined,3,Top,1,0,0,Curveball,Curveball,BallCalled,Undefined,Undefined,Undefined,0,0,,73.50887,-0.899743,3.033046,2104.230133,313.906692,4:30,5.30305,-1.73767,5.35344,-59.27405,-5.46815,7.68095,-0.48155,1.74969,67.17533,-11.613039,4.399842,0.527942,,,,,,,,,,,,-2.90103,-2.09303,1.45876,50,5.17921,-5.91461,-106.44403,-3.55228,-3.26023,21.76038,-34.52624,FOR_RAM,FAI_STA,FordhamUniversity,D1,A10,20260421-FordhamUniversity-1,78d88dc0-3dbc-11f1-a8c0-6b9c5118a01a,71.39501,,,6.33354,,,,,,,9fd2b87c-3fe5-4428-9bed-f2337eda9884,2026-04-21,19:58:30.92,2026-04-21T15:58:30.9249536-04:00,2026-04-21T19:58:30.9249536Z,,v3,471298,471291,a1316deca63447d19dd205c393751d6a,"McAndrews, Thomas",836274,Right,FOR_RAM,609c177d-2a9e-408b-b05c-011668de2465,55.14728,-107.49114,10.88019,5.31017,-1.89088,-17.26312,1.73959,-5.75773,-1.63011,,,,,,,,,,,,,,,,,,,,,,,,,,,,,,,,,,,,,,,,,,,,,,,,,,,High,High,High,,,,,
90,2026-04-21,15:58:52.07,2,2,"Chavez, Caden",1000258549,Left,FOR_RAM,"Haarde, Jake",831933,Right,FAI_STA,Undefined,3,Top,1,1,0,Fastball,Changeup,BallCalled,Undefined,Undefined,Undefined,0,0,,83.45403,-1.235966,1.410998,1973.028916,137.398549,10:30,5.07553,-1.9139,5.89394,-23.0621,17.71808,-14.9015,2.00565,-1.8454,75.12907,-5.619244,-1.264031,0.459617,,,,,,,,,,,,8.00953,9.88851,1.80847,50,4.96293,-2.36611,-120.96069,-3.26216,11.66238,27.38663,-17.77573,FOR_RAM,FAI_STA,FordhamUniversity,D1,A10,20260421-FordhamUniversity-1,856ac8f0-3dbc-11f1-a8c0-6b9c5118a01a,82.0084,,,8.32496,,,,,,,9fd2b87c-3fe5-4428-9bed-f2337eda9884,2026-04-21,19:58:52.07,2026-04-21T15:58:52.0770048-04:00,2026-04-21T19:58:52.0770048Z,,v3,471298,471291,a1316deca63447d19dd205c393751d6a,"McAndrews, Thomas",836274,Right,FOR_RAM,0898737a-e676-4daf-a700-bacd2044f082,54.60011,-121.99775,13.69332,5.07372,-2.58904,-8.88786,1.90643,-2.80774,5.83119,,,,,,,,,,,,,,,,,,,,,,,,,,,,,,,,,,,,,,,,,,,,,,,,,,,High,High,High,,,,,
91,2026-04-21,15:59:10.04,2,3,"Chavez, Caden",1000258549,Left,FOR_RAM,"Haarde, Jake",831933,Right,FAI_STA,Undefined,3,Top,1,2,0,Fastball,Changeup,InPlay,Undefined,GroundBall,Out,1,0,,82.02932,-0.065576,2.093697,1930.939414,138.568355,10:30,5.1802,-1.92586,6.0995,-25.20379,16.72406,-13.38457,3.0192,-1.10402,73.68207,-4.869797,-0.316595,0.46604,40.48459,-24.398318,64.232603,,,,,8.52814,8.31101,52.571967,0.11888,7.64374,9.09784,1.77186,50,5.1621,-3.84204,-118.95033,-0.82762,10.73613,27.0025,-19.3955,FOR_RAM,FAI_STA,FordhamUniversity,D1,A10,20260421-FordhamUniversity-1,90197710-3dbc-11f1-a8c0-6b9c5118a01a,80.8782,3.06587,,8.34725,,,,2.48283,3.06587,1.01524,9fd2b87c-3fe5-4428-9bed-f2337eda9884,2026-04-21,19:59:10.04,2026-04-21T15:59:10.0425216-04:00,2026-04-21T19:59:10.0425216Z,GroundBall,v3,471298,471291,a1316deca63447d19dd205c393751d6a,"McAndrews, Thomas",836274,Right,FOR_RAM,085884d6-cd3b-4047-a6c4-c7d980d864e5,54.39727,-119.94439,13.50125,5.17943,-0.1136,-9.69775,1.92058,-4.23728,5.36806,278.114463,2.48287,23.50282,-6.6382,,,,,,,3.06593,-24.53391,-10.57221,,,,,,,1.01525,48.69583,-2.25481,,,,,,,,,,,,,,,,,,,,,,,,,,,,,High,High,High,Low,Low,,,
92,2026-04-21,15:59:54.87,3,1,"Chavez, Caden",1000258549,Left,FOR_RAM,"Bucciero, Matthew",1000238377,Right,FAI_STA,Undefined,3,Top,2,0,0,Curveball,Curveball,BallCalled,Undefined,Undefined,Undefined,0,0,,73.97871,0.572516,2.595735,2056.610772,334.37965,5:15,5.25741,-1.84471,5.32699,-61.36869,-7.82689,4.73985,0.68114,0.98762,66.79982,-10.58304,3.438619,0.526645,,,,,,,,,,,,-1.45508,-3.62669,1.6063,50,5.26493,-5.03126,-107.06271,-0.92973,-1.64183,23.28432,-36.26619,FOR_RAM,FAI_STA,FordhamUniversity,D1,A10,20260421-FordhamUniversity-1,aae582f0-3dbc-11f1-a8c0-6b9c5118a01a,71.5709,,,7.17889,,,,,,,9fd2b87c-3fe5-4428-9bed-f2337eda9884,2026-04-21,19:59:54.87,2026-04-21T15:59:54.8753408-04:00,2026-04-21T19:59:54.8753408Z,,v3,471298,471291,a1316deca63447d19dd205c393751d6a,"McAndrews, Thomas",836274,Right,FOR_RAM,30ebbb53-426c-4aa7-9c1f-c852f04771a4,55.17163,-108.18161,11.64216,5.26773,0.81299,-18.13309,1.84617,-4.95237,-0.82092,,,,,,,,,,,,,,,,,,,,,,,,,,,,,,,,,,,,,,,,,,,,,,,,,,,High,High,High,,,,,
93,2026-04-21,16:00:14.40,3,2,"Chavez, Caden",1000258549,Left,FOR_RAM,"Bucciero, Matthew",1000238377,Right,FAI_STA,Undefined,3,Top,2,1,0,ChangeUp,Changeup,StrikeCalled,Undefined,Undefined,Undefined,0,0,,80.39138,0.443933,2.381353,881.110473,73.693386,8:30,4.9569,-2.01047,5.74952,-44.83711,-0.10236,-6.47115,1.63413,-0.33151,71.81273,-7.856759,1.222625,0.481387,,,,,,,,,,,,4.14957,0.32339,1.81659,50,4.96702,-4.57919,-116.34775,-0.5776,5.51781,27.91197,-31.74403,FOR_RAM,FAI_STA,FordhamUniversity,D1,A10,20260421-FordhamUniversity-1,b68065d0-3dbc-11f1-a8c0-6b9c5118a01a,78.29974,,,8.57865,,,,,,,9fd2b87c-3fe5-4428-9bed-f2337eda9884,2026-04-21,20:00:14.40,2026-04-21T16:00:14.4091136-04:00,2026-04-21T20:00:14.4091136Z,,v3,471298,471291,a1316deca63447d19dd205c393751d6a,"McAndrews, Thomas",836274,Right,FOR_RAM,bb42cd50-d059-4774-a0f8-2464ad2ca438,54.74513,-117.4806,13.95599,4.96431,0.71078,-15.87201,2.00699,-4.80314,2.7589,,,,,,,,,,,,,,,,,,,,,,,,,,,,,,,,,,,,,,,,,,,,,,,,,,,High,High,High,,,,,
94,2026-04-21,16:00:36.02,3,3,"Chavez, Caden",1000258549,Left,FOR_RAM,"Bucciero, Matthew",1000238377,Right,FAI_STA,Undefined,3,Top,2,1,1,Fastball,Four-Seam,BallCalled,Undefined,Undefined,Undefined,0,0,,83.92252,-2.462518,4.597481,2084.281053,152.885271,11:00,5.0651,-1.75874,6.34557,-22.94269,16.58304,-7.78981,0.8776,1.83346,76.32817,-6.812057,3.194008,0.452492,,,,,,,,,,,,5.48571,9.80256,1.42781,50,4.87477,-9.48191,-121.45646,-5.85493,8.12392,25.69684,-17.6572,FOR_RAM,FAI_STA,FordhamUniversity,D1,A10,20260421-FordhamUniversity-1,c363ce40-3dbc-11f1-a8c0-6b9c5118a01a,83.29961,,,7.59435,,,,,,,9fd2b87c-3fe5-4428-9bed-f2337eda9884,2026-04-21,20:00:36.02,2026-04-21T16:00:36.0212480-04:00,2026-04-21T20:00:36.0212480Z,,v3,471298,471291,a1316deca63447d19dd205c393751d6a,"McAndrews, Thomas",836274,Right,FOR_RAM,f061aa30-2f29-4180-9621-9ce7890a5587,54.15281,-122.33192,12.84842,5.06399,-5.25337,-8.8286,1.75556,-9.75868,4.06196,,,,,,,,,,,,,,,,,,,,,,,,,,,,,,,,,,,,,,,,,,,,,,,,,,,High,High,High,,,,,
95,2026-04-21,16:00:55.03,3,4,"Chavez, Caden",1000258549,Left,FOR_RAM,"Bucciero, Matthew",1000238377,Right,FAI_STA,Undefined,3,Top,2,2,1,ChangeUp,Changeup,BallCalled,Undefined,Undefined,Undefined,0,0,,80.79342,-0.794117,3.633676,935.561623,116.204175,9:45,4.9503,-1.92307,5.72746,-38.25707,6.20237,-8.92312,1.02108,0.72209,72.11007,-7.904823,2.0394,0.479903,,,,,,,,,,,,5.86418,3.96028,1.62515,50,4.86089,-7.05753,-116.76226,-2.84802,7.85053,28.18442,-26.87234,FOR_RAM,FAI_STA,FordhamUniversity,D1,A10,20260421-FordhamUniversity-1,cebf8540-3dbc-11f1-a8c0-6b9c5118a01a,78.54178,,,8.68335,,,,,,,9fd2b87c-3fe5-4428-9bed-f2337eda9884,2026-04-21,20:00:55.03,2026-04-21T16:00:55.0343680-04:00,2026-04-21T20:00:55.0343680Z,,v3,471298,471291,a1316deca63447d19dd205c393751d6a,"McAndrews, Thomas",836274,Right,FOR_RAM,cfa32eb7-018d-4f8f-b0cc-fcd9635a0b06,54.76672,-117.90725,14.09221,4.95441,-1.75633,-13.43617,1.91834,-7.37645,3.92527,,,,,,,,,,,,,,,,,,,,,,,,,,,,,,,,,,,,,,,,,,,,,,,,,,,High,High,High,,,,,
96,2026-04-21,16:01:14.31,3,5,"Chavez, Caden",1000258549,Left,FOR_RAM,"Bucciero, Matthew",1000238377,Right,FAI_STA,Undefined,3,Top,2,3,1,ChangeUp,Slider,BallCalled,Walk,Undefined,Undefined,0,0,,80.93278,-1.10919,1.602473,999.643177,108.342552,9:30,5.02937,-1.88463,5.89376,-38.8062,5.20465,-10.22627,0.76517,-1.24862,72.18345,-8.341307,-0.236015,0.477476,,,,,,,,,,,,5.773,3.6454,1.76117,50,4.91856,-2.86402,-117.12781,-3.50039,7.75795,28.84615,-27.27522,FOR_RAM,FAI_STA,FordhamUniversity,D1,A10,20260421-FordhamUniversity-1,da357b00-3dbc-11f1-a8c0-6b9c5118a01a,78.94108,,,8.74933,,,,,,,9fd2b87c-3fe5-4428-9bed-f2337eda9884,2026-04-21,20:01:14.31,2026-04-21T16:01:14.3176192-04:00,2026-04-21T20:01:14.3176192Z,,v3,471298,471291,a1316deca63447d19dd205c393751d6a,"McAndrews, Thomas",836274,Right,FOR_RAM,2d628059-31f4-4a6d-9a1b-64d5fcffbfec,54.59851,-118.2549,14.42308,5.03451,-2.43467,-13.63761,1.87899,-3.16715,3.87898,,,,,,,,,,,,,,,,,,,,,,,,,,,,,,,,,,,,,,,,,,,,,,,,,,,High,High,High,,,,,
97,2026-04-21,16:01:45.93,4,1,"Chavez, Caden",1000258549,Left,FOR_RAM,"Scanlan, Connor",1000467081,Right,FAI_STA,Undefined,3,Top,2,0,0,Fastball,Changeup,InPlay,Undefined,GroundBall,Out,1,0,,84.65384,-1.124257,3.360211,2042.762678,145.365257,10:45,5.08169,-1.84906,6.1574,-24.84198,13.99528,-8.77693,1.97097,0.5274,77.14542,-5.805593,1.780354,0.448534,92.28858,-6.444009,-1.844187,,,,,14.35975,14.20005,-4.020351,0.101147,5.52205,7.95087,1.59812,50,4.98345,-6.86899,-122.77109,-3.1355,8.38892,25.36274,-20.09533,FOR_RAM,FAI_STA,FordhamUniversity,D1,A10,20260421-FordhamUniversity-1,ed0a0980-3dbc-11f1-a8c0-6b9c5118a01a,84.03467,1.85022,,7.50842,,,,0.95415,1.85022,-0.54719,9fd2b87c-3fe5-4428-9bed-f2337eda9884,2026-04-21,20:01:45.93,2026-04-21T16:01:45.9360256-04:00,2026-04-21T20:01:45.9360256Z,GroundBall,v3,471298,471291,a1316deca63447d19dd205c393751d6a,"McAndrews, Thomas",836274,Right,FOR_RAM,36feb597-82ac-4be8-9c16-589e700a1f98,54.3402,-123.66447,12.68137,5.08143,-2.42767,-10.04767,1.84528,-7.16448,4.19446,9.357102,0.95422,134.42231,-22.11665,,,,,,,1.85051,-15.22895,-30.34433,,,,,,,-0.54715,-4.33295,-2.09099,,,,,,,,,,,,,,,,,,,,,,,,,,,,,High,High,High,High,High,,,
98,2026-04-21,16:04:12.42,1,1,"Hoxie, Hunter",1000142956,Left,FAI_STA,"Donnelly, Joey",800885,Left,FOR_RAM,Undefined,3,Bottom,0,0,0,Fastball,Changeup,StrikeCalled,Undefined,Undefined,Undefined,0,0,,83.40315,-0.759628,2.897071,2346.605309,151.358721,11:00,5.55998,-1.07799,5.41507,-20.39052,21.33934,-10.78879,3.1482,0.73923,74.75633,-4.649227,0.981311,0.464938,,,,,,,,,,,,6.31772,11.38008,0.82787,50,5.47879,-5.63373,-120.63757,-2.18403,9.14109,27.44749,-15.70822,FOR_RAM,FAI_STA,FordhamUniversity,D1,A10,20260421-FordhamUniversity-1,4467e990-3dbd-11f1-a8c0-6b9c5118a01a,81.06985,,,8.64681,,,,,,,9fd2b87c-3fe5-4428-9bed-f2337eda9884,2026-04-21,20:04:12.42,2026-04-21T16:04:12.4284416-04:00,2026-04-21T20:04:12.4284416Z,,v3,471298,471291,a1316deca63447d19dd205c393751d6a,"Baglino, Aidan",1000304988,Right,FAI_STA,b590dee1-3796-46fe-afbc-db43b762d59f,55.07754,-121.78733,13.72374,5.55649,-1.52602,-7.85411,1.07189,-6.01665,4.57054,,,,,,,,,,,,,,,,,,,,,,,,,,,,,,,,,,,,,,,,,,,,,,,,,,,High,High,High,,,,,
99,2026-04-21,16:04:25.38,1,2,"Hoxie, Hunter",1000142956,Left,FAI_STA,"Donnelly, Joey",800885,Left,FOR_RAM,Undefined,3,Bottom,0,0,1,Slider,Curveball,BallCalled,Undefined,Undefined,Undefined,0,0,,74.11782,-0.265876,1.936793,2586.314467,252.001255,2:30,5.39686,-1.29089,4.83931,-47.92479,5.43614,11.21241,1.15124,1.47802,67.84671,-8.92748,3.910494,0.525755,,,,,,,,,,,,-4.96036,3.26366,1.08906,50,5.32978,-4.0719,-107.37596,-2.11784,-5.74231,20.05798,-28.39591,FOR_RAM,FAI_STA,FordhamUniversity,D1,A10,20260421-FordhamUniversity-1,4c27dc30-3dbd-11f1-a8c0-6b9c5118a01a,71.69207,,,6.27111,,,,,,,9fd2b87c-3fe5-4428-9bed-f2337eda9884,2026-04-21,20:04:25.38,2026-04-21T16:04:25.3807104-04:00,2026-04-21T20:04:25.3807104Z,,v3,471298,471291,a1316deca63447d19dd205c393751d6a,"Baglino, Aidan",1000304988,Right,FAI_STA,6f322677-567e-4590-8c84-90dc041e9c1a,55.65857,-108.42783,10.02899,5.4018,-0.62871,-14.19795,1.29469,-3.77076,-2.87115,,,,,,,,,,,,,,,,,,,,,,,,,,,,,,,,,,,,,,,,,,,,,,,,,,,High,High,High,,,,,
100,2026-04-21,16:04:39.11,1,3,"Hoxie, Hunter",1000142956,Left,FAI_STA,"Donnelly, Joey",800885,Left,FOR_RAM,Undefined,3,Bottom,0,1,1,Fastball,Changeup,FoulBallNotFieldable,Undefined,Undefined,Undefined,0,0,,83.37163,-2.578344,2.232766,2359.034736,152.831328,11:00,5.5781,-0.90544,5.0722,-19.84828,22.42608,-10.68292,1.48977,0.31039,74.99582,-6.331296,0.345678,0.467961,72.66744,-16.223809,69.835241,,,,,5.12341,4.67021,42.507485,0.042826,6.08166,12.46753,0.70263,50,5.31872,-4.23823,-120.54514,-6.04199,8.78992,27.31136,-14.1545,FOR_RAM,FAI_STA,FordhamUniversity,D1,A10,20260421-FordhamUniversity-1,54464280-3dbd-11f1-a8c0-6b9c5118a01a,80.54609,1.27733,,8.37581,,,,2.26367,1.27733,-0.65889,9fd2b87c-3fe5-4428-9bed-f2337eda9884,2026-04-21,20:04:39.11,2026-04-21T16:04:39.1154688-04:00,2026-04-21T20:04:39.1154688Z,GroundBall,v3,471298,471291,a1316deca63447d19dd205c393751d6a,"Baglino, Aidan",1000304988,Right,FAI_STA,63a75496-3822-48ff-842c-9a4e96889e23,55.42427,-121.76789,13.65568,5.57503,-5.40829,-7.07725,0.90119,-4.63176,4.39496,180,2.26327,35.33511,,,,,,,,1.27767,-29.82623,,,,,,,,-0.65999,96.2206,,,,,,,,,,,,,,,,,,,,,,,,,,,,,,High,High,High,Low,Low,,,
101,2026-04-21,16:05:00.56,1,4,"Hoxie, Hunter",1000142956,Left,FAI_STA,"Donnelly, Joey",800885,Left,FOR_RAM,Undefined,3,Bottom,0,1,2,Curveball,Curveball,FoulBallNotFieldable,Undefined,Undefined,Undefined,0,0,,74.47014,0.995443,0.126859,2490.812516,277.482906,3:15,5.38469,-1.28364,4.90338,-54.06054,-0.02626,17.18521,1.82116,0.26844,66.41174,-8.859822,3.159466,0.529061,61.49492,9.54638,-166.244249,2465.519644,,,,60.90959,52.21521,-165.404768,0.766995,-8.44815,0.19425,1.25584,50,5.43727,-0.92822,-107.65106,0.03149,-9.5663,24.78392,-31.95407,FOR_RAM,FAI_STA,FordhamUniversity,D1,A10,20260421-FordhamUniversity-1,61178280-3dbd-11f1-a8c0-6b9c5118a01a,71.24399,4.01674,,8.0584,,,,2.5112,1.59559,-0.16296,9fd2b87c-3fe5-4428-9bed-f2337eda9884,2026-04-21,20:05:00.56,2026-04-21T16:05:00.5668864-04:00,2026-04-21T20:05:00.5668864Z,GroundBall,v3,471298,471291,a1316deca63447d19dd205c393751d6a,"Baglino, Aidan",1000304988,Right,FAI_STA,fb58f570-496c-468f-ac3b-4638eb3bf6c3,55.59237,-108.93095,12.39196,5.39303,1.68167,-15.97704,1.29102,-0.43419,-4.78315,357.249188,2.5112,-86.39233,8.60835,-0.67984,0.1538,-0.01379,0.00168,-0.00043,0,1.59559,14.95804,-23.80367,2.37384,-0.46167,0.10021,-0.01704,0.00329,-0.00048,-0.16296,-21.14926,1.80594,-0.07569,0.02122,0.00107,-0.00048,9E-05,-4E-05,,,,,,,,,,,,,,,,,,,,,,,High,High,High,High,Medium,,,
102,2026-04-21,16:05:20.65,1,5,"Hoxie, Hunter",1000142956,Left,FAI_STA,"Donnelly, Joey",800885,Left,FOR_RAM,Undefined,3,Bottom,0,1,2,Fastball,Four-Seam,FoulBallNotFieldable,Undefined,Undefined,Undefined,0,0,,83.94675,0.846783,1.917435,2141.756584,152.197487,11:00,5.6053,-1.00065,5.33124,-21.20828,20.046,-9.76091,4.63295,-0.01433,75.17091,-3.187156,0.185556,0.462281,,,,,,,,,,,,5.47004,10.16079,0.8345,50,5.66727,-3.63506,-121.4941,1.1635,8.03009,27.76455,-17.25784,FOR_RAM,FAI_STA,FordhamUniversity,D1,A10,20260421-FordhamUniversity-1,6d0d56a0-3dbd-11f1-a8c0-6b9c5118a01a,81.53579,,,8.77585,,,,,,,9fd2b87c-3fe5-4428-9bed-f2337eda9884,2026-04-21,20:05:20.65,2026-04-21T16:05:20.6574080-04:00,2026-04-21T20:05:20.6574080Z,,v3,471298,471291,a1316deca63447d19dd205c393751d6a,"Baglino, Aidan",1000304988,Right,FAI_STA,d31ce8ad-f9b1-4dcb-9f66-b96f34579478,55.16145,-122.66796,13.88228,5.60266,1.89315,-8.62892,0.99536,-3.97456,4.01505,,,,,,,,,,,,,,,,,,,,,,,,,,,,,,,,,,,,,,,,,,,,,,,,,,,High,High,High,,,,,
103,2026-04-21,16:05:37.50,1,6,"Hoxie, Hunter",1000142956,Left,FAI_STA,"Donnelly, Joey",800885,Left,FOR_RAM,Undefined,3,Bottom,0,1,2,Fastball,Changeup,FoulBallNotFieldable,Undefined,Undefined,Undefined,0,0,,82.63213,-0.158357,1.559135,2195.991875,151.702053,11:00,5.56385,-1.05203,5.39149,-20.86694,21.76832,-10.82989,3.67647,-0.49292,73.79155,-4.149976,-0.36558,0.469955,76.22613,59.898872,172.757692,3639.64553,,,,,29.8871,,,5.9789,11.4467,0.92076,50,5.53593,-2.79764,-119.61426,-0.92805,8.46101,28.06665,-15.97529,FOR_RAM,FAI_STA,FordhamUniversity,D1,A10,20260421-FordhamUniversity-1,771f4f90-3dbd-11f1-a8c0-6b9c5118a01a,80.20444,48.47793,,8.84058,,,,1.45673,3.53335,0.49403,9fd2b87c-3fe5-4428-9bed-f2337eda9884,2026-04-21,20:05:37.50,2026-04-21T16:05:37.5071744-04:00,2026-04-21T20:05:37.5071744Z,,v3,471298,471291,a1316deca63447d19dd205c393751d6a,"Baglino, Aidan",1000304988,Right,FAI_STA,a6d51fb6-dd3e-4cbb-8094-1a34bc25a211,55.10288,-120.80568,14.03332,5.56093,-0.2499,-7.98764,1.04715,-3.15681,4.23051,11.471986,1.45673,-55.62269,1.38338,1.10068,1.18491,-7.33724,18.09815,-21.38669,9.81211,3.53335,96.72103,-33.05098,4.42769,0.71672,-7.69389,18.82764,-21.92207,9.93802,0.49403,7.06852,2.73391,-0.80557,-0.13389,1.54754,-3.86107,4.55768,-2.08766,,,,,,,,,,,,,,,,,,,,,,,High,High,High,High,Undefined,,,
104,2026-04-21,16:05:57.53,1,7,"Hoxie, Hunter",1000142956,Left,FAI_STA,"Donnelly, Joey",800885,Left,FOR_RAM,Undefined,3,Bottom,0,1,2,ChangeUp,Curveball,InPlay,Undefined,LineDrive,Single,0,0,,74.37228,0.930214,1.196101,2533.831029,271.594435,3:00,5.393,-1.30169,4.86529,-52.13503,1.5485,17.09725,1.92903,1.25523,67.06,-8.538962,4.207927,0.527342,83.49837,17.565548,16.529522,1273.4454,103.97528,20.47756,35.90294,205.28351,201.11494,22.072113,2.203879,-8.03689,0.98327,1.16844,50,5.44074,-2.92809,-107.61707,-0.02667,-9.20121,22.81321,-31.04834,FOR_RAM,FAI_STA,FordhamUniversity,D1,A10,20260421-FordhamUniversity-1,83163520-3dbd-11f1-a8c0-6b9c5118a01a,71.47633,20.47846,,7.31228,,,,1.71451,1.99224,-1.21724,9fd2b87c-3fe5-4428-9bed-f2337eda9884,2026-04-21,20:05:57.53,2026-04-21T16:05:57.5323136-04:00,2026-04-21T20:05:57.5323136Z,LineDrive,v3,471298,471291,a1316deca63447d19dd205c393751d6a,"Baglino, Aidan",1000304988,Right,FAI_STA,40b67804-f0bc-4b56-9fd0-c0e4c7dd5c3c,55.63187,-108.80439,11.4066,5.40008,1.58925,-15.52417,1.30837,-2.44921,-4.60061,258.471416,1.71451,111.92897,-16.89613,3.32849,-0.66589,0.10469,-0.0169,0.00227,-0.00016,1.99224,36.95918,-19.92496,1.65189,-0.25555,0.03864,-0.00389,0.00064,-9E-05,-1.21724,33.21735,3.48976,-1.98755,0.63453,-0.156,0.03089,-0.00428,0.00029,,,,,,,,,,,,,,,,,,,,,,,High,High,High,High,High,,,
105,2026-04-21,16:07:13.26,2,1,"Hoxie, Hunter",1000142956,Left,FAI_STA,"Ocko, Madden",10300306,Right,FOR_RAM,Undefined,3,Bottom,0,0,0,Fastball,Four-Seam,BallCalled,Undefined,Undefined,Undefined,0,0,,83.86248,-0.129267,0.314659,2215.958802,152.86628,11:00,5.55856,-1.33268,5.56593,-21.43883,19.44993,-9.19272,3.65123,-1.80479,75.31184,-4.210392,-1.32514,0.460228,,,,,,,,,,,,4.71496,10.28347,1.3116,50,5.5338,-0.27467,-121.52199,-0.89803,6.92592,27.74223,-17.06835,FOR_RAM,FAI_STA,FordhamUniversity,D1,A10,20260421-FordhamUniversity-1,b020d110-3dbd-11f1-a8c0-6b9c5118a01a,81.89942,,,8.55064,,,,,,,9fd2b87c-3fe5-4428-9bed-f2337eda9884,2026-04-21,20:07:13.26,2026-04-21T16:07:13.2678656-04:00,2026-04-21T20:07:13.2678656Z,,v3,471298,471291,a1316deca63447d19dd205c393751d6a,"Baglino, Aidan",1000304988,Right,FAI_STA,4c70b7e4-6caf-410c-8713-940ed6396a64,54.92764,-122.64176,13.87112,5.55615,-0.20909,-8.53417,1.32833,-0.55423,3.46296,,,,,,,,,,,,,,,,,,,,,,,,,,,,,,,,,,,,,,,,,,,,,,,,,,,High,High,High,,,,,
106,2026-04-21,16:07:38.43,2,2,"Hoxie, Hunter",1000142956,Left,FAI_STA,"Ocko, Madden",10300306,Right,FOR_RAM,Undefined,3,Bottom,0,1,0,Fastball,Splitter,InPlay,Undefined,FlyBall,Out,1,0,,82.84755,-0.555438,2.06066,2174.474411,140.665137,10:45,5.59102,-1.31302,5.45157,-24.25966,17.97434,-13.40827,3.04906,-0.50043,74.24448,-5.139634,-0.324894,0.467738,85.96302,59.703481,10.223732,,103.26625,144.34477,37.8953,177.19767,84.51137,22.495798,6.003378,7.48418,9.69745,1.14085,50,5.52602,-3.75898,-119.95833,-1.90609,10.67456,27.78674,-18.34275,FOR_RAM,FAI_STA,FordhamUniversity,D1,A10,20260421-FordhamUniversity-1,bf248170-3dbd-11f1-a8c0-6b9c5118a01a,80.58454,145.15241,,8.60307,,,,1.19634,2.90722,0.49863,9fd2b87c-3fe5-4428-9bed-f2337eda9884,2026-04-21,20:07:38.43,2026-04-21T16:07:38.4360448-04:00,2026-04-21T20:07:38.4360448Z,FlyBall,v3,471298,471291,a1316deca63447d19dd205c393751d6a,"Baglino, Aidan",1000304988,Right,FAI_STA,b74c35cc-5ee2-49e9-bd7b-b84b32500111,55.04446,-121.12117,13.89337,5.58972,-1.13846,-9.17137,1.30751,-4.2057,5.33728,191.316591,1.2056,62.43061,-19.59724,4.99987,-0.50654,-0.11323,0.04724,-0.00626,0.0003,2.89074,109.10813,-26.29581,3.3676,-0.89299,0.20447,-0.02831,0.00175,-2E-05,0.50289,11.22114,1.72277,-1.09214,0.37569,-0.0826,0.0104,-0.00062,1E-05,,,,,,,,,,,,,,,,,,,,,,,High,High,High,Medium,Low,,,
107,2026-04-21,16:08:17.29,3,1,"Hoxie, Hunter",1000142956,Left,FAI_STA,"Young, Caden",10264258,Right,FOR_RAM,Undefined,3,Bottom,1,0,0,Fastball,Changeup,BallCalled,Undefined,Undefined,Undefined,0,0,,83.6659,1.296922,-0.107985,2259.35885,154.22971,11:15,5.57552,-1.41892,5.35909,-19.17714,22.58182,-10.1178,5.19386,-2.36334,74.40561,-2.400767,-1.904997,0.4651,,,,,,,,,,,,4.94906,11.24536,1.43574,50,5.6791,0.68183,-121.02047,2.21855,7.15759,29.08058,-15.91047,FOR_RAM,FAI_STA,FordhamUniversity,D1,A10,20260421-FordhamUniversity-1,d6582450-3dbd-11f1-a8c0-6b9c5118a01a,81.0416,,,9.26029,,,,,,,9fd2b87c-3fe5-4428-9bed-f2337eda9884,2026-04-21,20:08:17.29,2026-04-21T16:08:17.2910080-04:00,2026-04-21T20:08:17.2910080Z,,v3,471298,471291,a1316deca63447d19dd205c393751d6a,"Baglino, Aidan",1000304988,Right,FAI_STA,8c7e5ad2-abff-4b3e-863c-e37943749e41,55.13098,-122.2472,14.54029,5.57136,2.88971,-7.95524,1.41334,0.3799,3.5788,,,,,,,,,,,,,,,,,,,,,,,,,,,,,,,,,,,,,,,,,,,,,,,,,,,High,High,High,,,,,
108,2026-04-21,16:08:40.34,3,2,"Hoxie, Hunter",1000142956,Left,FAI_STA,"Young, Caden",10264258,Right,FOR_RAM,Undefined,3,Bottom,1,1,0,Fastball,Changeup,InPlay,Undefined,FlyBall,Out,1,0,,82.60034,-1.34419,2.944641,2221.806397,139.243379,10:45,5.53764,-1.2173,5.52232,-23.73836,18.98536,-14.86631,2.30084,0.29929,73.57878,-5.854544,0.298158,0.470442,82.30066,58.38397,-37.209957,,80.75502,132.96585,-74.68995,176.18213,176.18213,-44.567147,5.798639,8.5904,10.55028,0.97135,50,5.40544,-5.52741,-119.42253,-3.50678,12.06001,28.97033,-17.36259,FOR_RAM,FAI_STA,FordhamUniversity,D1,A10,20260421-FordhamUniversity-1,e4115350-3dbd-11f1-a8c0-6b9c5118a01a,80.12135,133.85205,,9.02156,,,,2.61832,2.50791,-0.23984,9fd2b87c-3fe5-4428-9bed-f2337eda9884,2026-04-21,20:08:40.34,2026-04-21T16:08:40.3417600-04:00,2026-04-21T20:08:40.3417600Z,FlyBall,v3,471298,471291,a1316deca63447d19dd205c393751d6a,"Baglino, Aidan",1000304988,Right,FAI_STA,72438490-20a3-4859-87bf-7546f1fb3a24,54.97276,-120.62283,14.48517,5.53583,-2.78741,-8.68129,1.21071,-6.02707,6.03,171.062217,2.62762,50.22999,-16.59644,4.31526,-0.44923,-0.09428,0.04041,-0.00541,0.00026,2.49843,102.93047,-24.53437,2.45676,-0.41003,0.03103,0.0081,-0.0023,0.00016,-0.24739,-38.13481,8.33691,-1.69454,-0.01445,0.11495,-0.03091,0.00355,-0.00015,,,,,,,,,,,,,,,,,,,,,,,High,High,High,High,Low,,,
109,2026-04-21,16:09:20.89,4,1,"Hoxie, Hunter",1000142956,Left,FAI_STA,"Dean, Mason",1000150670,Left,FOR_RAM,Undefined,3,Bottom,2,0,0,Fastball,Changeup,StrikeCalled,Undefined,Undefined,Undefined,0,0,,82.94829,-1.520204,2.983406,2249.899222,140.350464,10:45,5.52741,-1.17298,5.31525,-23.1971,19.24946,-14.58615,2.16528,0.41409,74.32724,-5.89981,0.397,0.468913,,,,,,,,,,,,8.31674,10.61591,0.91349,50,5.3735,-5.62756,-119.93822,-3.90006,11.8615,27.71558,-17.03344,FOR_RAM,FAI_STA,FordhamUniversity,D1,A10,20260421-FordhamUniversity-1,fc3c9ca0-3dbd-11f1-a8c0-6b9c5118a01a,80.38254,,,8.62106,,,,,,,9fd2b87c-3fe5-4428-9bed-f2337eda9884,2026-04-21,20:09:20.89,2026-04-21T16:09:20.8962560-04:00,2026-04-21T20:09:20.8962560Z,,v3,471298,471291,a1316deca63447d19dd205c393751d6a,"Baglino, Aidan",1000304988,Right,FAI_STA,f4c3e492-2cb3-429e-bb36-6536611273c1,55.17988,-121.12928,13.85779,5.52538,-3.16805,-8.51672,1.16628,-6.13731,5.93075,,,,,,,,,,,,,,,,,,,,,,,,,,,,,,,,,,,,,,,,,,,,,,,,,,,High,High,High,,,,,
110,2026-04-21,16:09:40.12,4,2,"Hoxie, Hunter",1000142956,Left,FAI_STA,"Dean, Mason",1000150670,Left,FOR_RAM,Undefined,3,Bottom,2,0,1,Curveball,Curveball,BallCalled,Undefined,Undefined,Undefined,0,0,,72.92283,3.645362,0.479386,2497.401912,297.359345,4:00,5.30449,-1.32796,4.93612,-59.87255,-3.99481,11.82875,3.76534,0.11088,65.32039,-7.25174,2.563186,0.538011,,,,,,,,,,,,-5.60713,-2.52961,1.27113,50,5.61035,-1.35723,-105.3407,4.67443,-6.15421,21.76668,-34.95045,FOR_RAM,FAI_STA,FordhamUniversity,D1,A10,20260421-FordhamUniversity-1,07ce09a0-3dbe-11f1-a8c0-6b9c5118a01a,70.05891,,,7.60244,,,,,,,9fd2b87c-3fe5-4428-9bed-f2337eda9884,2026-04-21,20:09:40.12,2026-04-21T16:09:40.1218560-04:00,2026-04-21T20:09:40.1218560Z,,v3,471298,471291,a1316deca63447d19dd205c393751d6a,"Baglino, Aidan",1000304988,Right,FAI_STA,db50551b-fa67-4171-a826-c087e31cce77,55.55969,-106.48331,10.88334,5.31682,6.5091,-17.47523,1.33389,-1.03418,-3.07711,,,,,,,,,,,,,,,,,,,,,,,,,,,,,,,,,,,,,,,,,,,,,,,,,,,High,High,High,,,,,
111,2026-04-21,16:09:58.47,4,3,"Hoxie, Hunter",1000142956,Left,FAI_STA,"Dean, Mason",1000150670,Left,FOR_RAM,Undefined,3,Bottom,2,1,1,Fastball,Changeup,InPlay,Undefined,Popup,Out,1,0,,82.15344,-0.80112,2.628919,2201.687238,141.784547,10:45,5.51661,-1.11562,5.35868,-24.50871,18.68544,-13.39241,2.7221,0.23543,73.53277,-5.428541,0.251603,0.473025,83.72793,52.674241,-16.535028,,,,,,86.32563,,,7.61863,10.1139,0.88924,50,5.42791,-4.8926,-118.848,-2.4132,10.65836,27.42422,-18.02479,FOR_RAM,FAI_STA,FordhamUniversity,D1,A10,20260421-FordhamUniversity-1,12a30470-3dbe-11f1-a8c0-6b9c5118a01a,79.68384,105.00353,,8.62067,,,,1.1589,2.52677,-0.18236,9fd2b87c-3fe5-4428-9bed-f2337eda9884,2026-04-21,20:09:58.47,2026-04-21T16:09:58.4786944-04:00,2026-04-21T20:09:58.4786944Z,,v3,471298,471291,a1316deca63447d19dd205c393751d6a,"Baglino, Aidan",1000304988,Right,FAI_STA,b678deed-669d-448d-9ab2-eca5084046b0,55.1362,-120.02732,13.71211,5.51502,-1.63808,-9.0124,1.10949,-5.35094,5.32918,163.023338,1.15892,71.37591,-20.09287,5.1818,-0.16517,-0.88441,0.61255,-0.19906,0.02642,2.52676,97.65417,-23.1132,2.18228,-0.94616,0.79506,-0.46288,0.14652,-0.0194,-0.18235,-21.19279,-0.28208,0.41754,0.15078,-0.32373,0.20973,-0.06781,0.00904,,,,,,,,,,,,,,,,,,,,,,,High,High,High,High,Undefined,,,
112,2026-04-21,16:12:48.06,1,1,"Vieira, William",1000252264,Right,FOR_RAM,"Mcilroy, Liam",10312491,Right,FAI_STA,Undefined,4,Top,0,0,0,Fastball,Changeup,BallCalled,Undefined,Undefined,Undefined,0,0,,82.9796,0.007997,-2.855299,1888.205905,217.641312,1:15,5.40937,1.26158,6.17922,-23.01352,18.05119,12.70009,3.49898,-0.31902,74.1522,-4.415751,-0.567211,0.461217,,,,,,,,,,,,-7.45012,9.74567,-1.05149,50,5.39832,5.48252,-120.16564,-0.58199,-10.64955,28.1448,-18.24314,FOR_RAM,FAI_STA,FordhamUniversity,D1,A10,20260421-FordhamUniversity-1,77b4e360-3dbe-11f1-a8c0-6b9c5118a01a,81.72379,,,8.82741,,,,,,,9fd2b87c-3fe5-4428-9bed-f2337eda9884,2026-04-21,20:12:48.06,2026-04-21T16:12:48.0699392-04:00,2026-04-21T20:12:48.0699392Z,,v3,471298,471291,a1316deca63447d19dd205c393751d6a,"McAndrews, Thomas",836274,Right,FOR_RAM,802bb28b-2815-405c-9b96-97f502ad345b,54.31304,-121.17161,14.0724,5.40747,0.07007,-9.12157,-1.25425,5.86316,-5.32477,,,,,,,,,,,,,,,,,,,,,,,,,,,,,,,,,,,,,,,,,,,,,,,,,,,High,High,High,,,,,
113,2026-04-21,16:13:04.83,1,2,"Vieira, William",1000252264,Right,FOR_RAM,"Mcilroy, Liam",10312491,Right,FAI_STA,Undefined,4,Top,0,1,0,Fastball,Changeup,InPlay,Undefined,LineDrive,Single,0,0,,81.963,-0.323201,-2.960947,1974.11793,231.570027,1:45,5.2272,1.42701,6.36166,-26.79147,14.84749,16.74406,2.69675,0.09502,73.61926,-5.433497,0.067387,0.464431,76.3301,16.499064,2.349003,1746.536633,109.53531,20.47492,10.09658,205.80011,205.80011,7.852964,2.410041,-9.72819,8.28642,-1.22009,50,5.19138,5.52786,-118.82966,-1.38552,-13.63006,27.04103,-20.56401,FOR_RAM,FAI_STA,FordhamUniversity,D1,A10,20260421-FordhamUniversity-1,81b8d290-3dbe-11f1-a8c0-6b9c5118a01a,81.15829,20.47689,,8.34374,,,,1.79761,2.79448,-0.10016,9fd2b87c-3fe5-4428-9bed-f2337eda9884,2026-04-21,20:13:04.83,2026-04-21T16:13:04.8351744-04:00,2026-04-21T20:13:04.8351744Z,LineDrive,v3,471298,471291,a1316deca63447d19dd205c393751d6a,"McAndrews, Thomas",836274,Right,FOR_RAM,c8510c3b-bb19-4dac-9a20-aa43c340bd7c,54.13499,-119.76693,13.52052,5.22705,-0.67275,-10.282,-1.41988,6.0003,-6.81503,226.736048,1.79762,107.25103,-14.29462,2.81137,-0.59335,0.17187,-0.0599,0.01397,-0.00136,2.79448,31.79315,-14.83311,0.4176,0.19821,-0.22134,0.11444,-0.02842,0.00281,-0.10017,4.39865,5.24875,-1.5962,0.59453,-0.3101,0.1342,-0.03242,0.0032,,,,,,,,,,,,,,,,,,,,,,,High,High,High,High,High,,,
114,2026-04-21,16:13:45.94,2,1,"Vieira, William",1000252264,Right,FOR_RAM,"Colby, Nolan",10132109,Left,FAI_STA,Undefined,4,Top,0,0,0,Fastball,Changeup,BallCalled,Undefined,Undefined,Undefined,0,0,,81.86149,-2.260581,-4.396024,1876.499305,225.069541,1:30,5.11668,1.25808,6.42973,-24.50178,17.33946,15.76552,0.98998,-1.47642,73.5829,-6.947245,-1.547274,0.465558,,,,,,,,,,,,-9.7069,10.27497,-0.95132,50,4.94422,8.52357,-118.40272,-5.30751,-13.50128,26.86799,-17.88264,FOR_RAM,FAI_STA,FordhamUniversity,D1,A10,20260421-FordhamUniversity-1,9a312a70-3dbe-11f1-a8c0-6b9c5118a01a,80.9619,,,8.27858,,,,,,,9fd2b87c-3fe5-4428-9bed-f2337eda9884,2026-04-21,20:13:45.94,2026-04-21T16:13:45.9413504-04:00,2026-04-21T20:13:45.9413504Z,,v3,471298,471291,a1316deca63447d19dd205c393751d6a,"McAndrews, Thomas",836274,Right,FOR_RAM,e4d192f6-1ebe-4dbb-984a-d8b6b8ccd998,54.06636,-119.32189,13.434,5.11533,-4.69573,-8.94132,-1.25081,8.98546,-6.75064,,,,,,,,,,,,,,,,,,,,,,,,,,,,,,,,,,,,,,,,,,,,,,,,,,,High,High,High,,,,,
115,2026-04-21,16:14:07.72,2,2,"Vieira, William",1000252264,Right,FOR_RAM,"Colby, Nolan",10132109,Left,FAI_STA,Undefined,4,Top,0,1,0,Fastball,Changeup,BallCalled,Undefined,Undefined,Undefined,0,0,,80.89404,-0.683203,-1.591448,1972.433961,226.155657,1:30,5.10608,1.66873,6.13102,-26.01442,17.13745,16.13387,2.30646,1.54186,72.59726,-5.64232,1.317554,0.472793,,,,,,,,,,,,-8.75973,9.53197,-1.55473,50,5.04054,2.62606,-117.261,-2.09494,-11.94102,26.50528,-19.18033,FOR_RAM,FAI_STA,FordhamUniversity,D1,A10,20260421-FordhamUniversity-1,a73428d0-3dbe-11f1-a8c0-6b9c5118a01a,79.72287,,,8.29678,,,,,,,9fd2b87c-3fe5-4428-9bed-f2337eda9884,2026-04-21,20:14:07.72,2026-04-21T16:14:07.7200896-04:00,2026-04-21T20:14:07.7200896Z,,v3,471298,471291,a1316deca63447d19dd205c393751d6a,"McAndrews, Thomas",836274,Right,FOR_RAM,77aa7b18-bfe7-49d6-9c34-89844755363b,54.36217,-118.2429,13.25264,5.10499,-1.3844,-9.59016,-1.66021,3.06842,-5.97051,,,,,,,,,,,,,,,,,,,,,,,,,,,,,,,,,,,,,,,,,,,,,,,,,,,High,High,High,,,,,
116,2026-04-21,16:14:27.18,2,3,"Vieira, William",1000252264,Right,FOR_RAM,"Colby, Nolan",10132109,Left,FAI_STA,Undefined,4,Top,0,2,0,Fastball,Changeup,BallCalled,Undefined,Undefined,Undefined,0,0,,82.3288,-1.154882,-4.094585,1920.042751,222.271799,1:30,5.16074,1.30191,6.50246,-24.43513,16.63666,13.73205,2.06164,-1.31826,74.10299,-5.836023,-1.609464,0.461257,,,,,,,,,,,,-8.48138,9.52004,-1.02052,50,5.06908,8.02362,-119.21501,-3.02459,-11.99651,26.58507,-18.70839,FOR_RAM,FAI_STA,FordhamUniversity,D1,A10,20260421-FordhamUniversity-1,b326efb0-3dbe-11f1-a8c0-6b9c5118a01a,81.71673,,,8.22581,,,,,,,9fd2b87c-3fe5-4428-9bed-f2337eda9884,2026-04-21,20:14:27.18,2026-04-21T16:14:27.1864320-04:00,2026-04-21T20:14:27.1864320Z,,v3,471298,471291,a1316deca63447d19dd205c393751d6a,"McAndrews, Thomas",836274,Right,FOR_RAM,4eeeb93a-974f-44ce-9ef9-7463e0ee02e5,53.99263,-120.10207,13.29254,5.15959,-2.40035,-9.3542,-1.29492,8.42391,-5.99825,,,,,,,,,,,,,,,,,,,,,,,,,,,,,,,,,,,,,,,,,,,,,,,,,,,High,High,High,,,,,
117,2026-04-21,16:14:47.20,2,4,"Vieira, William",1000252264,Right,FOR_RAM,"Colby, Nolan",10132109,Left,FAI_STA,Undefined,4,Top,0,3,0,Fastball,Changeup,BallCalled,Walk,Undefined,Undefined,0,0,,80.80548,1.433976,0.77555,1892.762663,217.697744,1:15,5.27633,1.35242,6.20352,-25.18415,17.8995,12.61284,4.50167,3.11939,72.46206,-3.392716,3.05031,0.472419,,,,,,,,,,,,-6.185,9.21355,-1.41631,50,5.37144,-2.07382,-117.15195,2.2832,-8.42474,26.2363,-19.62407,FOR_RAM,FAI_STA,FordhamUniversity,D1,A10,20260421-FordhamUniversity-1,bec35930-3dbe-11f1-a8c0-6b9c5118a01a,79.786,,,8.34342,,,,,,,9fd2b87c-3fe5-4428-9bed-f2337eda9884,2026-04-21,20:14:47.20,2026-04-21T16:14:47.2076800-04:00,2026-04-21T20:14:47.2076800Z,,v3,471298,471291,a1316deca63447d19dd205c393751d6a,"McAndrews, Thomas",836274,Right,FOR_RAM,cc08f069-4879-4883-aa25-91f3a3bf93f7,54.28929,-118.10863,13.11815,5.27514,2.99877,-9.81204,-1.34629,-1.76662,-4.21237,,,,,,,,,,,,,,,,,,,,,,,,,,,,,,,,,,,,,,,,,,,,,,,,,,,High,High,High,,,,,
118,2026-04-21,16:15:25.33,3,1,"Vieira, William",1000252264,Right,FOR_RAM,"Baglino, Aidan",1000304988,Right,FAI_STA,Undefined,4,Top,0,0,0,Fastball,Changeup,FoulBallNotFieldable,Undefined,Undefined,Undefined,0,0,,82.26092,-1.156632,-2.929509,1868.209242,216.122787,1:15,5.46259,1.13548,6.31253,-20.30694,21.53942,14.47044,2.7034,-0.35948,73.13051,-5.117479,-0.315706,0.465586,70.32216,-12.094657,-69.986032,,,,,14.08363,13.35575,-58.405858,0.1304,-8.61453,12.1017,-0.92754,50,5.36824,5.55122,-119.10393,-2.88077,-11.9983,29.35021,-15.31884,FOR_RAM,FAI_STA,FordhamUniversity,D1,A10,20260421-FordhamUniversity-1,d5848b30-3dbe-11f1-a8c0-6b9c5118a01a,80.95691,2.82869,,9.13041,,,,2.86047,2.82869,0.40733,9fd2b87c-3fe5-4428-9bed-f2337eda9884,2026-04-21,20:15:25.33,2026-04-21T16:15:25.3362688-04:00,2026-04-21T20:15:25.3362688Z,GroundBall,v3,471298,471291,a1316deca63447d19dd205c393751d6a,"McAndrews, Thomas",836274,Right,FOR_RAM,e1eaca36-31c5-4e5c-86e8-d36d993b9255,54.18246,-120.13017,14.6751,5.4596,-2.34514,-7.65942,-1.12898,5.97075,-5.99915,180,2.85772,34.64655,,,,,,,,2.83041,-21.69237,,,,,,,,0.41487,-95.11846,,,,,,,,,,,,,,,,,,,,,,,,,,,,,,High,High,High,High,Medium,,,
119,2026-04-21,16:15:47.59,3,2,"Vieira, William",1000252264,Right,FOR_RAM,"Baglino, Aidan",1000304988,Right,FAI_STA,Undefined,4,Top,0,0,1,Fastball,Changeup,BallCalled,Undefined,Undefined,Undefined,0,0,,82.36279,0.851384,-3.006233,1929.2874,234.874029,1:45,5.2418,1.48773,6.39334,-28.41238,13.73977,16.87883,3.65828,0.12685,72.23471,-4.622884,0.047019,0.467284,,,,,,,,,,,,-9.82646,7.32122,-1.27799,50,5.29042,5.57604,-119.06222,1.01686,-13.51249,31.79383,-22.10654,FOR_RAM,FAI_STA,FordhamUniversity,D1,A10,20260421-FordhamUniversity-1,e2b59e70-3dbe-11f1-a8c0-6b9c5118a01a,80.66274,,,10.12808,,,,,,,9fd2b87c-3fe5-4428-9bed-f2337eda9884,2026-04-21,20:15:47.59,2026-04-21T16:15:47.5988992-04:00,2026-04-21T20:15:47.5988992Z,,v3,471298,471291,a1316deca63447d19dd205c393751d6a,"McAndrews, Thomas",836274,Right,FOR_RAM,29c127c2-a2d6-4937-8405-c7ec4bdd1869,54.09567,-120.15094,15.89692,5.24263,1.77385,-11.05327,-1.47685,6.03874,-6.75625,,,,,,,,,,,,,,,,,,,,,,,,,,,,,,,,,,,,,,,,,,,,,,,,,,,High,High,High,,,,,
120,2026-04-21,16:16:06.39,3,3,"Vieira, William",1000252264,Right,FOR_RAM,"Baglino, Aidan",1000304988,Right,FAI_STA,Undefined,4,Top,0,1,1,Fastball,Changeup,StrikeCalled,Undefined,Undefined,Undefined,0,0,,80.59339,-0.586785,-3.755982,1878.394633,232.337531,1:45,5.25013,1.35253,6.53207,-30.43175,12.71005,14.24859,2.17471,-0.9104,72.00985,-6.389245,-1.173368,0.472738,,,,,,,,,,,,-8.70268,7.3654,-1.09666,50,5.19659,7.12928,-116.66282,-1.99464,-11.68131,27.27611,-22.28771,FOR_RAM,FAI_STA,FordhamUniversity,D1,A10,20260421-FordhamUniversity-1,edf0fc30-3dbe-11f1-a8c0-6b9c5118a01a,79.73222,,,8.58354,,,,,,,9fd2b87c-3fe5-4428-9bed-f2337eda9884,2026-04-21,20:16:06.39,2026-04-21T16:16:06.3952384-04:00,2026-04-21T20:16:06.3952384Z,,v3,471298,471291,a1316deca63447d19dd205c393751d6a,"McAndrews, Thomas",836274,Right,FOR_RAM,ee8823b5-27cb-4a4d-88ac-8f52543508f4,53.96093,-117.58525,13.63805,5.25131,-1.24091,-11.14385,-1.34444,7.52432,-5.84066,,,,,,,,,,,,,,,,,,,,,,,,,,,,,,,,,,,,,,,,,,,,,,,,,,,High,High,High,,,,,
121,2026-04-21,16:16:24.45,3,4,"Vieira, William",1000252264,Right,FOR_RAM,"Baglino, Aidan",1000304988,Right,FAI_STA,Undefined,4,Top,0,1,2,Fastball,Changeup,BallCalled,Undefined,Undefined,Undefined,0,0,,83.44883,-0.43956,-3.615506,1913.477604,213.933698,1:15,5.33403,1.20291,6.52462,-22.71698,17.61367,10.75827,3.03687,-1.22196,74.24069,-4.840205,-1.666985,0.457076,,,,,,,,,,,,-6.84402,9.80449,-0.955,50,5.29348,7.21053,-120.76174,-1.47622,-9.82507,29.62191,-18.09901,FOR_RAM,FAI_STA,FordhamUniversity,D1,A10,20260421-FordhamUniversity-1,f8ce0d50-3dbe-11f1-a8c0-6b9c5118a01a,82.46418,,,9.20814,,,,,,,9fd2b87c-3fe5-4428-9bed-f2337eda9884,2026-04-21,20:16:24.45,2026-04-21T16:16:24.4576768-04:00,2026-04-21T20:16:24.4576768Z,,v3,471298,471291,a1316deca63447d19dd205c393751d6a,"McAndrews, Thomas",836274,Right,FOR_RAM,ba477f17-9461-4707-b343-5c07cec95138,53.96661,-121.73082,14.81095,5.33209,-0.88411,-9.0495,-1.19615,7.53196,-4.91254,,,,,,,,,,,,,,,,,,,,,,,,,,,,,,,,,,,,,,,,,,,,,,,,,,,High,High,High,,,,,
122,2026-04-21,16:16:44.63,3,5,"Vieira, William",1000252264,Right,FOR_RAM,"Baglino, Aidan",1000304988,Right,FAI_STA,Undefined,4,Top,0,2,2,Fastball,Changeup,FoulBallNotFieldable,Undefined,Undefined,Undefined,0,0,,81.754,-0.652129,-2.039608,1923.98575,229.278007,1:45,5.36333,1.2816,6.43306,-27.46647,14.76202,15.12249,2.47472,0.66655,72.62143,-5.921738,0.702151,0.467707,41.73284,-55.84982,-80.090525,,,,,4.54421,4.32468,-32.374953,0.054653,-8.70957,8.43867,-1.14309,50,5.30477,3.66692,-118.47499,-2.06426,-11.95755,29.80958,-20.58841,FOR_RAM,FAI_STA,FordhamUniversity,D1,A10,20260421-FordhamUniversity-1,04c47db0-3dbf-11f1-a8c0-6b9c5118a01a,80.58979,2.80076,,9.13256,,,,3.51092,2.80076,-0.56173,9fd2b87c-3fe5-4428-9bed-f2337eda9884,2026-04-21,20:16:44.63,2026-04-21T16:16:44.6346752-04:00,2026-04-21T20:16:44.6346752Z,GroundBall,v3,471298,471291,a1316deca63447d19dd205c393751d6a,"McAndrews, Thomas",836274,Right,FOR_RAM,702d41ff-b97d-4892-a936-27771c5ea5c2,54.06235,-119.49275,14.90479,5.36325,-1.36134,-10.2942,-1.27526,4.07518,-5.97878,,3.51031,5.9822,,,,,,,,2.80597,-51.24595,,,,,,,,-0.55825,-34.243,,,,,,,,,,,,,,,,,,,,,,,,,,,,,,High,High,High,Low,Low,,,
123,2026-04-21,16:17:18.27,3,6,"Vieira, William",1000252264,Right,FOR_RAM,"Baglino, Aidan",1000304988,Right,FAI_STA,Undefined,4,Top,0,2,2,ChangeUp,Changeup,StrikeSwinging,Strikeout,Undefined,Undefined,0,0,,73.34972,0.457222,-4.751767,1511.029964,258.041583,2:30,4.86416,1.59154,6.45624,-46.03325,5.69048,18.06627,1.44953,-1.27807,66.48907,-8.158875,-1.485471,0.517626,,,,,,,,,,,,-10.90264,3.40756,-1.26208,50,4.87667,8.2298,-106.20216,-0.35378,-12.2763,20.58272,-28.33717,FOR_RAM,FAI_STA,FordhamUniversity,D1,A10,20260421-FordhamUniversity-1,18d89110-3dbf-11f1-a8c0-6b9c5118a01a,72.81786,,,6.86065,,,,,,,9fd2b87c-3fe5-4428-9bed-f2337eda9884,2026-04-21,20:17:18.27,2026-04-21T16:17:18.2764032-04:00,2026-04-21T20:17:18.2764032Z,,v3,471298,471291,a1316deca63447d19dd205c393751d6a,"McAndrews, Thomas",836274,Right,FOR_RAM,c57b3e0e-99e8-4d07-9bd1-67625d78873e,54.04114,-106.98249,10.29136,4.86972,0.72054,-14.16858,-1.58292,8.69522,-6.13815,,,,,,,,,,,,,,,,,,,,,,,,,,,,,,,,,,,,,,,,,,,,,,,,,,,High,High,High,,,,,
124,2026-04-21,16:17:49.30,4,1,"Vieira, William",1000252264,Right,FOR_RAM,"Spencer, Luke",1000467084,Right,FAI_STA,Undefined,4,Top,1,0,0,Fastball,Changeup,StrikeCalled,Undefined,Undefined,Undefined,0,0,,82.98091,0.305363,-3.854959,1975.093321,235.440293,1:45,5.19976,1.39706,6.43653,-26.79458,13.66087,17.67989,3.24814,-0.67756,74.62201,-4.802523,-0.657791,0.457783,,,,,,,,,,,,-10.34064,7.45941,-1.12941,50,5.20952,7.41459,-120.2092,-0.07917,-14.8914,26.74227,-21.43188,FOR_RAM,FAI_STA,FordhamUniversity,D1,A10,20260421-FordhamUniversity-1,2b4cd720-3dbf-11f1-a8c0-6b9c5118a01a,82.33684,,,8.3589,,,,,,,9fd2b87c-3fe5-4428-9bed-f2337eda9884,2026-04-21,20:17:49.30,2026-04-21T16:17:49.3000192-04:00,2026-04-21T20:17:49.3000192Z,,v3,471298,471291,a1316deca63447d19dd205c393751d6a,"McAndrews, Thomas",836274,Right,FOR_RAM,63355ccc-f96d-4f23-84a8-be43bf192746,54.05794,-121.10859,13.37114,5.20006,0.64162,-10.71594,-1.3872,7.91541,-7.4457,,,,,,,,,,,,,,,,,,,,,,,,,,,,,,,,,,,,,,,,,,,,,,,,,,,High,High,High,,,,,
125,2026-04-21,16:18:08.61,4,2,"Vieira, William",1000252264,Right,FOR_RAM,"Spencer, Luke",1000467084,Right,FAI_STA,Undefined,4,Top,1,0,1,ChangeUp,Changeup,StrikeCalled,Undefined,Undefined,Undefined,0,0,,74.308,1.327112,-3.280138,1520.244063,265.226804,2:45,4.79906,1.67927,6.30371,-47.41601,3.65634,20.07139,2.07261,0.32663,66.62561,-7.560574,0.346855,0.514357,,,,,,,,,,,,-11.51835,2.02937,-1.44731,50,4.8746,5.47337,-107.63093,1.19627,-13.17065,23.07297,-29.85359,FOR_RAM,FAI_STA,FordhamUniversity,D1,A10,20260421-FordhamUniversity-1,36d56a80-3dbf-11f1-a8c0-6b9c5118a01a,73.28075,,,7.68239,,,,,,,9fd2b87c-3fe5-4428-9bed-f2337eda9884,2026-04-21,20:18:08.61,2026-04-21T16:18:08.6170000-04:00,2026-04-21T20:18:08.6170000Z,,v3,471298,471291,a1316deca63447d19dd205c393751d6a,"McAndrews, Thomas",836274,Right,FOR_RAM,ef33184f-4226-4d53-ae86-1adcd672f944,54.19282,-108.52603,11.53648,4.80572,2.35441,-14.9268,-1.66955,5.98431,-6.58532,,,,,,,,,,,,,,,,,,,,,,,,,,,,,72.9447,2.129886,0.766874,1.363013,0.7131,1.9784,-0.33119,-1.52278,5.52905,1.83597,127.27635,-1.90889,-3.93033,-1.42594,104.81236,-7.72371,5.56637,12.15517,-12.98709,1.78435,-8.38777,3.13183,High,High,High,,,High,Medium,Medium
126,2026-04-21,16:18:33.79,4,3,"Vieira, William",1000252264,Right,FOR_RAM,"Spencer, Luke",1000467084,Right,FAI_STA,Undefined,4,Top,1,0,2,Fastball,Changeup,BallCalled,Undefined,Undefined,Undefined,0,0,,84.17433,-0.405636,-3.938294,2039.200806,223.25877,1:30,5.41665,0.95361,6.44692,-22.11092,17.74647,15.16017,3.20049,-1.40721,74.68028,-4.694358,-1.197284,0.454387,,,,,,,,,,,,-9.23682,9.8339,-0.67975,50,5.37784,7.77898,-121.74394,-1.40497,-13.448,30.56436,-17.85675,FOR_RAM,FAI_STA,FordhamUniversity,D1,A10,20260421-FordhamUniversity-1,45c9d8a0-3dbf-11f1-a8c0-6b9c5118a01a,82.9523,,,9.49405,,,,,,,9fd2b87c-3fe5-4428-9bed-f2337eda9884,2026-04-21,20:18:33.79,2026-04-21T16:18:33.7974272-04:00,2026-04-21T20:18:33.7974272Z,,v3,471298,471291,a1316deca63447d19dd205c393751d6a,"McAndrews, Thomas",836274,Right,FOR_RAM,38c8e828-ff08-4427-96a3-2f4dbad4d720,54.04483,-122.75521,15.28218,5.41455,-0.81415,-8.92838,-0.94449,8.22393,-6.724,,,,,,,,,,,,,,,,,,,,,,,,,,,,,,,,,,,,,,,,,,,,,,,,,,,High,High,High,,,,,
127,2026-04-21,16:18:53.24,4,4,"Vieira, William",1000252264,Right,FOR_RAM,"Spencer, Luke",1000467084,Right,FAI_STA,Undefined,4,Top,1,1,2,ChangeUp,Changeup,BallCalled,Undefined,Undefined,Undefined,0,0,,75.73467,-1.485764,-4.593495,1577.596797,261.541685,2:45,4.73639,1.53124,6.82623,-43.78341,4.53685,17.80552,-0.27216,-1.18401,68.25973,-9.727468,-1.345564,0.500306,,,,,,,,,,,,-11.11363,3.44693,-1.24137,50,4.62503,8.2473,-109.64639,-3.94518,-13.17646,24.10205,-28.08734,FOR_RAM,FAI_STA,FordhamUniversity,D1,A10,20260421-FordhamUniversity-1,51820780-3dbf-11f1-a8c0-6b9c5118a01a,75.33871,,,7.47493,,,,,,,9fd2b87c-3fe5-4428-9bed-f2337eda9884,2026-04-21,20:18:53.24,2026-04-21T16:18:53.2470000-04:00,2026-04-21T20:18:53.2470000Z,,v3,471298,471291,a1316deca63447d19dd205c393751d6a,"McAndrews, Thomas",836274,Right,FOR_RAM,af0b19ef-59cf-45d1-a56e-a38878bce3af,53.67174,-110.45055,12.05102,4.74102,-3.00806,-14.04367,-1.52387,8.68693,-6.58823,,,,,,,,,,,,,,,,,,,,,,,,,,,,,79.15449,,,1.263574,,,,0.11669,5.69969,1.52886,127.27817,0.53741,1.22756,0.25627,113.89724,-10.7316,5.70789,9.98349,-11.15332,1.46028,-4.93585,3.83198,High,High,High,,,High,High,Medium
128,2026-04-21,16:19:30.14,4,5,"Vieira, William",1000252264,Right,FOR_RAM,"Spencer, Luke",1000467084,Right,FAI_STA,Undefined,4,Top,1,2,2,ChangeUp,Changeup,StrikeSwinging,Strikeout,Undefined,Undefined,0,0,,74.31444,0.689902,-2.959533,1610.085877,259.036828,2:45,4.9179,1.58296,6.90702,-43.89861,5.59807,19.55867,1.88889,0.51502,67.15947,-7.62331,0.618223,0.50636,,,,,,,,,,,,-11.3165,3.31166,-1.40219,50,4.94666,4.95935,-107.877,0.23743,-13.08531,22.04999,-28.34478,FOR_RAM,FAI_STA,FordhamUniversity,D1,A10,20260421-FordhamUniversity-1,676b01f0-3dbf-11f1-a8c0-6b9c5118a01a,74.43801,,,7.15497,,,,,,,9fd2b87c-3fe5-4428-9bed-f2337eda9884,2026-04-21,20:19:30.14,2026-04-21T16:19:30.1412864-04:00,2026-04-21T20:19:30.1412864Z,,v3,471298,471291,a1316deca63447d19dd205c393751d6a,"McAndrews, Thomas",836274,Right,FOR_RAM,e29eb337-ae06-40ac-923f-dbf1639a849b,53.59025,-108.60837,11.025,4.92319,1.17759,-14.17239,-1.57388,5.39337,-6.54266,,,,,,,,,,,,,,,,,,,,,,,,,,,,,,,,,,,,,,,,,,,,,,,,,,,High,High,High,,,,,
129,2026-04-21,16:19:56.09,5,1,"Vieira, William",1000252264,Right,FOR_RAM,"Paine, Ryan",1000467079,Right,FAI_STA,Undefined,4,Top,2,0,0,Fastball,Changeup,StrikeSwinging,Undefined,Undefined,Undefined,0,0,,84.17198,-0.652055,-2.573196,1938.805979,231.48578,1:45,5.27492,1.20971,6.34405,-24.92816,14.82371,16.65265,2.59667,0.22699,75.12685,-5.426869,0.439126,0.453785,,,,,,,,,,,,-9.45772,8.37678,-1.02941,50,5.21591,4.81589,-121.94124,-2.06186,-13.87152,29.76924,-19.88796,FOR_RAM,FAI_STA,FordhamUniversity,D1,A10,20260421-FordhamUniversity-1,76db7de0-3dbf-11f1-a8c0-6b9c5118a01a,83.06233,,,9.04513,,,,,,,9fd2b87c-3fe5-4428-9bed-f2337eda9884,2026-04-21,20:19:56.09,2026-04-21T16:19:56.0968192-04:00,2026-04-21T20:19:56.0968192Z,,v3,471298,471291,a1316deca63447d19dd205c393751d6a,"McAndrews, Thomas",836274,Right,FOR_RAM,7829fc8a-f816-4336-98ff-10408c3be0fe,54.14899,-122.94995,14.88462,5.27435,-1.38797,-9.94398,-1.20055,5.28592,-6.93576,,,,,,,,,,,,,,,,,,,,,,,,,,,,,,,,,,,,,,,,,,,,,,,,,,,High,High,High,,,,,
130,2026-04-21,16:20:11.46,5,2,"Vieira, William",1000252264,Right,FOR_RAM,"Paine, Ryan",1000467079,Right,FAI_STA,Undefined,4,Top,2,0,1,ChangeUp,Changeup,BallCalled,Undefined,Undefined,Undefined,0,0,,74.95754,0.151091,-3.603644,1556.88024,261.013044,2:45,4.81328,1.62161,6.59458,-44.77581,4.8389,18.438,1.22067,-0.14795,67.373,-8.27923,-0.252668,0.506963,,,,,,,,,,,,-10.91241,3.06327,-1.38196,50,4.80573,6.22656,-108.62355,-0.87927,-12.71083,23.47539,-28.60592,FOR_RAM,FAI_STA,FordhamUniversity,D1,A10,20260421-FordhamUniversity-1,8022d3d0-3dbf-11f1-a8c0-6b9c5118a01a,74.34944,,,7.58455,,,,,,,9fd2b87c-3fe5-4428-9bed-f2337eda9884,2026-04-21,20:20:11.46,2026-04-21T16:20:11.4633728-04:00,2026-04-21T20:20:11.4633728Z,,v3,471298,471291,a1316deca63447d19dd205c393751d6a,"McAndrews, Thomas",836274,Right,FOR_RAM,8905b3f9-581e-4d9d-89cd-a99ed2171f11,53.90196,-109.46358,11.7377,4.81887,0.14435,-14.30296,-1.6129,6.68139,-6.35541,,,,,,,,,,,,,,,,,,,,,,,,,,,,,,,,,,,,,,,,,,,,,,,,,,,High,High,High,,,,,
131,2026-04-21,16:20:28.61,5,3,"Vieira, William",1000252264,Right,FOR_RAM,"Paine, Ryan",1000467079,Right,FAI_STA,Undefined,4,Top,2,1,1,ChangeUp,Changeup,StrikeSwinging,Undefined,Undefined,Undefined,0,0,,73.49782,1.106473,-2.731864,1548.886685,264.776153,2:45,4.86055,1.67523,6.84571,-47.11755,3.42319,17.91938,1.94428,0.67563,66.66981,-7.780178,0.542526,0.511673,,,,,,,,,,,,-10.44205,1.94047,-1.50642,50,4.91453,4.55108,-106.74803,0.92092,-11.85791,21.092,-29.97047,FOR_RAM,FAI_STA,FordhamUniversity,D1,A10,20260421-FordhamUniversity-1,8a53ed80-3dbf-11f1-a8c0-6b9c5118a01a,73.66515,,,6.82801,,,,,,,9fd2b87c-3fe5-4428-9bed-f2337eda9884,2026-04-21,20:20:28.61,2026-04-21T16:20:28.6119936-04:00,2026-04-21T20:20:28.6119936Z,,v3,471298,471291,a1316deca63447d19dd205c393751d6a,"McAndrews, Thomas",836274,Right,FOR_RAM,35b81f00-a907-4153-a89b-7b9ec19d25d4,53.65375,-107.46754,10.546,4.86568,1.94329,-14.98524,-1.66857,4.95558,-5.92896,,,,,,,,,,,,,,,,,,,,,,,,,,,,,,,,,,,,,,,,,,,,,,,,,,,High,High,High,,,,,
132,2026-04-21,16:20:44.70,5,4,"Vieira, William",1000252264,Right,FOR_RAM,"Paine, Ryan",1000467079,Right,FAI_STA,Undefined,4,Top,2,1,2,ChangeUp,Changeup,StrikeSwinging,Strikeout,Undefined,Undefined,0,0,,74.74367,-0.252528,-3.617062,1527.341723,244.103164,2:15,4.89634,1.4946,6.63242,-39.39419,10.53256,17.62371,1.38183,-0.35277,66.98912,-7.724299,-0.413598,0.508555,,,,,,,,,,,,-10.52595,6.20272,-1.25596,50,4.86363,6.26157,-108.2768,-1.45233,-12.16118,23.6267,-25.00775,FOR_RAM,FAI_STA,FordhamUniversity,D1,A10,20260421-FordhamUniversity-1,93dda3a0-3dbf-11f1-a8c0-6b9c5118a01a,74.11673,,,7.75455,,,,,,,9fd2b87c-3fe5-4428-9bed-f2337eda9884,2026-04-21,20:20:44.70,2026-04-21T16:20:44.7056384-04:00,2026-04-21T20:20:44.7056384Z,,v3,471298,471291,a1316deca63447d19dd205c393751d6a,"McAndrews, Thomas",836274,Right,FOR_RAM,33f11e33-a925-4bca-9e2d-2fb0af1028ed,53.86293,-109.11646,11.81335,4.89945,-0.56359,-12.50388,-1.48617,6.69376,-6.08059,,,,,,,,,,,,,,,,,,,,,,,,,,,,,,,,,,,,,,,,,,,,,,,,,,,High,High,High,,,,,
133,2026-04-21,16:23:21.30,1,1,"Sheldon, Jack",10126466,Right,FAI_STA,"Ford, Tim",1000142266,Right,FOR_RAM,Undefined,4,Bottom,0,0,0,Fastball,Sinker,BallCalled,Undefined,Undefined,Undefined,0,0,,89.10159,-2.763333,-3.818337,2495.533528,223.688696,1:30,5.25153,1.6359,5.62605,-16.77418,19.87887,17.55796,1.26742,-0.46917,79.34325,-5.998942,-0.690644,0.435739,,,,,,,,,,,,-10.183,11.43599,-1.32152,50,5.00519,7.79018,-128.62442,-6.69345,-16.61488,33.15621,-13.51479,FOR_RAM,FAI_STA,FordhamUniversity,D1,A10,20260421-FordhamUniversity-1,f12cd0d0-3dbf-11f1-a8c0-6b9c5118a01a,86.50235,,,9.75834,,,,,,,9fd2b87c-3fe5-4428-9bed-f2337eda9884,2026-04-21,20:23:21.30,2026-04-21T16:23:21.3072896-04:00,2026-04-21T20:23:21.3072896Z,,v3,471298,471291,a1316deca63447d19dd205c393751d6a,"Baglino, Aidan",1000304988,Right,FAI_STA,e90a8954-2ad0-44dd-850c-215a6a0965cd,54.86801,-129.87321,16.5781,5.24771,-6.18444,-6.7574,-1.62671,8.41596,-8.30744,,,,,,,,,,,,,,,,,,,,,,,,,,,,,,,,,,,,,,,,,,,,,,,,,,,High,High,High,,,,,
134,2026-04-21,16:23:36.60,1,2,"Sheldon, Jack",10126466,Right,FAI_STA,"Ford, Tim",1000142266,Right,FOR_RAM,Undefined,4,Bottom,0,1,0,Fastball,Four-Seam,FoulBallNotFieldable,Undefined,Undefined,Undefined,0,0,,89.08232,-1.320734,-3.601162,2540.40289,219.357133,1:15,5.27261,1.53186,5.87318,-15.74367,20.47186,15.60095,2.73129,-0.51724,79.29495,-4.391485,-0.80929,0.433131,91.77307,27.246189,-49.94366,1295.497428,71.73879,37.57051,-83.38734,251.35201,167.5608,-50.594863,2.729864,-9.27516,11.34508,-1.24951,50,5.15688,7.43844,-128.83551,-3.38844,-15.17918,33.33138,-13.60739,FOR_RAM,FAI_STA,FordhamUniversity,D1,A10,20260421-FordhamUniversity-1,fa448b40-3dbf-11f1-a8c0-6b9c5118a01a,87.02328,38.63309,,9.78737,,,,2.58156,2.73545,0.36945,9fd2b87c-3fe5-4428-9bed-f2337eda9884,2026-04-21,20:23:36.60,2026-04-21T16:23:36.6050304-04:00,2026-04-21T20:23:36.6050304Z,FlyBall,v3,471298,471291,a1316deca63447d19dd205c393751d6a,"Baglino, Aidan",1000304988,Right,FAI_STA,610070a2-fffc-48e5-a000-bbbd60eee529,54.62258,-130.02593,16.66569,5.26922,-2.90246,-6.80369,-1.52485,7.98055,-7.58959,,2.58171,77.0015,-12.10551,2.74277,-0.3086,-0.17212,0.12271,-0.03146,0.00298,2.73522,61.63388,-31.3375,5.49814,-1.82632,0.76508,-0.27146,0.05599,-0.00479,0.36928,-91.58492,12.64715,-2.87178,0.3176,0.18457,-0.13068,0.03349,-0.00317,,,,,,,,,,,,,,,,,,,,,,,High,High,High,Medium,Low,,,
135,2026-04-21,16:23:57.41,1,3,"Sheldon, Jack",10126466,Right,FAI_STA,"Ford, Tim",1000142266,Right,FOR_RAM,Undefined,4,Bottom,0,1,1,Cutter,Cutter,StrikeCalled,Undefined,Undefined,Undefined,0,0,,83.17035,-1.590777,-2.632784,2490.932846,174.606135,11:45,5.09864,1.78062,5.68284,-27.46891,12.9645,-1.11319,1.32482,-0.76795,76.91965,-6.663395,-2.83154,0.457659,,,,,,,,,,,,-0.09661,7.36193,-1.5581,50,4.94727,5.59603,-120.74682,-4.23688,-0.14391,21.58289,-21.21001,FOR_RAM,FAI_STA,FordhamUniversity,D1,A10,20260421-FordhamUniversity-1,06b86900-3dc0-11f1-a8c0-6b9c5118a01a,82.3593,,,6.25071,,,,,,,9fd2b87c-3fe5-4428-9bed-f2337eda9884,2026-04-21,20:23:57.41,2026-04-21T16:23:57.4135808-04:00,2026-04-21T20:23:57.4135808Z,,v3,471298,471291,a1316deca63447d19dd205c393751d6a,"Baglino, Aidan",1000304988,Right,FAI_STA,4f868e3a-5ec8-41d4-96fd-2e7415de7e61,54.81655,-121.60471,10.79145,5.09892,-3.39381,-10.60501,-1.78065,5.60175,-0.07196,,,,,,,,,,,,,,,,,,,,,,,,,,,,,,,,,,,,,,,,,,,,,,,,,,,High,High,High,,,,,
136,2026-04-21,16:24:16.56,1,4,"Sheldon, Jack",10126466,Right,FAI_STA,"Ford, Tim",1000142266,Right,FOR_RAM,Undefined,4,Bottom,0,1,2,Slider,Curveball,InPlay,Undefined,LineDrive,Triple,0,0,,76.08337,0.28143,-0.15562,2603.32827,82.12228,8:45,4.95973,1.84244,5.34632,-51.61152,-1.67138,-24.69009,0.92276,-0.36104,69.27338,-9.120245,-4.549783,0.508623,95.9629,15.111652,3.321128,2818.164683,109.12839,24.5887,13.81498,314.53157,311.88219,13.738087,3.225417,12.37556,-0.44768,-1.80999,50,4.94824,1.24978,-110.37085,-1.16593,15.00625,22.75736,-32.71691,FOR_RAM,FAI_STA,FordhamUniversity,D1,A10,20260421-FordhamUniversity-1,1221b490-3dc0-11f1-a8c0-6b9c5118a01a,74.10679,29.57593,,6.80999,,,,1.4222,0.97733,0.34184,9fd2b87c-3fe5-4428-9bed-f2337eda9884,2026-04-21,20:24:16.56,2026-04-21T16:24:16.5601792-04:00,2026-04-21T20:24:16.5601792Z,LineDrive,v3,471298,471291,a1316deca63447d19dd205c393751d6a,"Baglino, Aidan",1000304988,Right,FAI_STA,bc65e9a0-5c93-49ee-a068-097a7718e29f,55.154,-111.42849,11.37868,4.9671,0.35457,-16.35845,-1.85187,0.55238,7.50312,226.92206,1.42226,135.64804,-21.84062,4.51747,-0.78877,0.09603,-0.00336,-0.00108,0.00015,0.97723,36.69625,-11.32921,-0.68126,0.33117,-0.04976,-0.00322,0.003,-0.00037,0.34181,7.8729,10.14929,-3.30245,0.88199,-0.19073,0.03186,-0.00344,0.00016,,,,,,,,,,,,,,,,,,,,,,,High,High,High,High,High,,,
137,2026-04-21,16:25:07.92,2,1,"Sheldon, Jack",10126466,Right,FAI_STA,"Markey, Tommy",10084492,Left,FOR_RAM,Undefined,4,Bottom,0,0,0,Fastball,Sinker,StrikeCalled,Undefined,Undefined,Undefined,0,0,,89.22146,-2.364884,-3.950187,2529.888932,228.675917,1:30,5.36173,1.84372,5.66269,-16.96158,18.97666,20.10596,1.73656,-0.17009,80.59351,-5.603653,-0.366392,0.431469,,,,,,,,,,,,-11.45524,10.74367,-1.52244,50,5.15088,8.03772,-129.07898,-5.84641,-19.11127,29.66201,-14.24991,FOR_RAM,FAI_STA,FordhamUniversity,D1,A10,20260421-FordhamUniversity-1,30b61310-3dc0-11f1-a8c0-6b9c5118a01a,87.35835,,,8.62795,,,,,,,9fd2b87c-3fe5-4428-9bed-f2337eda9884,2026-04-21,20:25:07.92,2026-04-21T16:25:07.9250944-04:00,2026-04-21T20:25:07.9250944Z,,v3,471298,471291,a1316deca63447d19dd205c393751d6a,"Baglino, Aidan",1000304988,Right,FAI_STA,8c9879dd-c8a5-4259-bef9-35b6b6b7d1c0,54.83562,-130.18545,14.83101,5.35906,-5.31486,-7.12495,-1.83556,8.75062,-9.55564,,,,,,,,,,,,,,,,,,,,,,,,,,,,,,,,,,,,,,,,,,,,,,,,,,,High,High,High,,,,,
138,2026-04-21,16:25:23.10,2,2,"Sheldon, Jack",10126466,Right,FAI_STA,"Markey, Tommy",10084492,Left,FOR_RAM,Undefined,4,Bottom,0,0,1,Fastball,Sinker,InPlay,Undefined,FlyBall,Sacrifice,1,1,,87.89242,-1.6038,-3.311821,2499.44589,228.454947,1:30,5.34665,1.7699,5.77641,-18.60182,18.18257,19.04131,2.30129,0.27161,79.44276,-5.148328,0.092744,0.436519,94.83735,28.740648,-1.488811,3786.917972,109.60924,57.80828,-9.26316,373.72834,342.25585,-10.481882,5.319775,-10.76134,10.14934,-1.50802,50,5.20306,6.56327,-127.32588,-4.11957,-17.46944,28.85905,-15.69809,FOR_RAM,FAI_STA,FordhamUniversity,D1,A10,20260421-FordhamUniversity-1,39df59b0-3dc0-11f1-a8c0-6b9c5118a01a,86.34773,82.91442,,8.44966,,,,1.18642,2.30864,-0.27204,9fd2b87c-3fe5-4428-9bed-f2337eda9884,2026-04-21,20:25:23.10,2026-04-21T16:25:23.1016960-04:00,2026-04-21T20:25:23.1016960Z,FlyBall,v3,471298,471291,a1316deca63447d19dd205c393751d6a,"Baglino, Aidan",1000304988,Right,FAI_STA,3f00c1bd-cd99-4c3b-b31b-2174d4ef8a75,54.7218,-128.39164,14.42953,5.34449,-3.53984,-7.84905,-1.76232,7.20841,-8.73472,154.242379,1.18996,121.84248,-24.59362,5.53946,-0.80253,0.01353,0.02023,-0.00335,0.00017,2.30358,66.97825,-14.31675,-0.0749,0.11136,-0.00973,0.00387,-0.00107,8E-05,-0.2709,-3.19475,-6.85905,2.41873,-0.55254,0.07557,-0.00406,-0.00019,2E-05,,,,,,,,,,,,,,,,,,,,,,,High,High,High,High,Medium,,,
139,2026-04-21,16:26:06.23,3,1,"Sheldon, Jack",10126466,Right,FAI_STA,"Kirk, Taylor",1000367095,Right,FOR_RAM,Undefined,4,Bottom,1,0,0,Cutter,Slider,StrikeSwinging,Undefined,Undefined,Undefined,0,0,,85.32573,-0.53439,-2.567303,2520.94238,173.612759,11:45,5.15294,1.77782,5.50312,-27.30112,11.45253,-1.15335,2.37754,-0.721,78.5574,-5.573113,-2.772483,0.448051,,,,,,,,,,,,-0.08433,6.27685,-1.55269,50,5.08791,5.60149,-123.84595,-2.08559,-0.13183,23.24993,-22.3629,FOR_RAM,FAI_STA,FordhamUniversity,D1,A10,20260421-FordhamUniversity-1,53704d80-3dc0-11f1-a8c0-6b9c5118a01a,84.12526,,,6.76833,,,,,,,9fd2b87c-3fe5-4428-9bed-f2337eda9884,2026-04-21,20:26:06.23,2026-04-21T16:26:06.2331392-04:00,2026-04-21T20:26:06.2331392Z,,v3,471298,471291,a1316deca63447d19dd205c393751d6a,"Baglino, Aidan",1000304988,Right,FAI_STA,babdfd8e-32ff-4a53-8d41-19e2ac5e3939,54.99508,-124.78016,11.62496,5.15366,-1.18701,-11.18145,-1.77787,5.60678,-0.06591,,,,,,,,,,,,,,,,,,,,,,,,,,,,,,,,,,,,,,,,,,,,,,,,,,,High,High,High,,,,,
140,2026-04-21,16:26:23.06,3,2,"Sheldon, Jack",10126466,Right,FAI_STA,"Kirk, Taylor",1000367095,Right,FOR_RAM,Undefined,4,Bottom,1,0,1,Cutter,Slider,FoulBallNotFieldable,Undefined,Undefined,Undefined,0,0,,83.59091,-0.346006,-2.091231,2543.639643,182.185033,12:00,5.08852,1.67734,5.65039,-32.81699,7.55725,0.23984,2.03084,-0.25401,76.58999,-6.401342,-2.048397,0.457324,64.19269,49.351903,145.453432,4377.566628,,,,,43.0251,,,-0.71016,4.2952,-1.50019,50,5.03827,4.42126,-121.34265,-1.82825,-1.05777,23.96595,-25.77653,FOR_RAM,FAI_STA,FordhamUniversity,D1,A10,20260421-FordhamUniversity-1,5db0d080-3dc0-11f1-a8c0-6b9c5118a01a,82.41963,41.54729,,7.00092,,,,1.61444,2.0985,0.26212,9fd2b87c-3fe5-4428-9bed-f2337eda9884,2026-04-21,20:26:23.06,2026-04-21T16:26:23.0653440-04:00,2026-04-21T20:26:23.0653440Z,,v3,471298,471291,a1316deca63447d19dd205c393751d6a,"Baglino, Aidan",1000304988,Right,FAI_STA,ccdaa9f8-d034-4a8f-8624-e09034e65d5a,54.84858,-122.29653,11.98298,5.09062,-0.80231,-12.88826,-1.677,4.46336,-0.52888,331.186582,1.61444,-50.51525,0.01207,1.54705,-0.46756,0.1389,-0.02965,0.00697,-0.00123,2.0985,71.43327,-27.87294,3.38255,-0.69194,0.12367,-0.01906,0.00434,-0.00048,0.26212,34.77865,-6.32814,0.66181,-0.09275,-0.00475,0.00183,-0.00065,0.00026,,,,,,,,,,,,,,,,,,,,,,,High,High,High,High,Undefined,,,
141,2026-04-21,16:26:43.74,3,3,"Sheldon, Jack",10126466,Right,FAI_STA,"Kirk, Taylor",1000367095,Right,FOR_RAM,Undefined,4,Bottom,1,0,2,Fastball,Four-Seam,InPlay,Undefined,LineDrive,Single,0,0,,89.7573,-0.458777,-2.379595,2492.217252,205.58274,12:45,5.3823,1.51488,5.77074,-13.44953,22.49218,10.05772,3.8342,0.13732,79.40399,-3.127677,-0.580861,0.43149,95.44751,10.665466,-24.518824,1452.605744,99.36824,7.53516,-47.17962,146.78516,145.19308,-26.165316,1.284825,-6.00614,12.02579,-1.32427,50,5.33678,4.94996,-129.8498,-1.35692,-9.92474,35.33186,-12.30218,FOR_RAM,FAI_STA,FordhamUniversity,D1,A10,20260421-FordhamUniversity-1,69c26a00-3dc0-11f1-a8c0-6b9c5118a01a,87.35411,10.20557,,10.35331,,,,1.73789,3.66644,0.14539,9fd2b87c-3fe5-4428-9bed-f2337eda9884,2026-04-21,20:26:43.74,2026-04-21T16:26:43.7450240-04:00,2026-04-21T20:26:43.7450240Z,LineDrive,v3,471298,471291,a1316deca63447d19dd205c393751d6a,"Baglino, Aidan",1000304988,Right,FAI_STA,8c75c6e8-e0fc-4b68-b6e4-0f44f14dd5b1,54.72297,-131.12861,17.66593,5.37783,-0.91165,-6.15109,-1.50994,5.30918,-4.96237,,1.73789,125.1656,-20.21297,1.29548,-0.03284,-0.05305,0.02474,-0.00537,0.00055,3.66644,25.90845,-28.45993,6.00432,-1.32283,0.32992,-0.07059,0.01167,-0.00114,0.14539,-57.09092,5.70881,-0.46756,1E-05,0.02356,-0.01041,0.00234,-0.00025,,,,,,,,,,,,,,,,,,,,,,,High,High,High,Medium,Medium,,,
142,2026-04-21,16:27:21.79,4,1,"Sheldon, Jack",10126466,Right,FAI_STA,"Grabau, Anthony",1000407420,Left,FOR_RAM,Undefined,4,Bottom,1,0,0,Fastball,Four-Seam,FoulBallNotFieldable,Undefined,Undefined,Undefined,0,0,,87.70609,-0.625475,-1.875126,2477.852689,212.079658,1:00,5.34906,1.72614,5.7148,-16.08158,21.53607,12.54024,3.42592,1.02373,77.82333,-3.766848,0.366694,0.441436,,,,,,,,,,,,-7.10158,11.62194,-1.57737,50,5.28747,3.61899,-126.95842,-1.81085,-11.23819,33.35914,-13.78247,FOR_RAM,FAI_STA,FordhamUniversity,D1,A10,20260421-FordhamUniversity-1,807a7440-3dc0-11f1-a8c0-6b9c5118a01a,85.38606,,,9.88276,,,,,,,9fd2b87c-3fe5-4428-9bed-f2337eda9884,2026-04-21,20:27:21.79,2026-04-21T16:27:21.7980416-04:00,2026-04-21T20:27:21.7980416Z,,v3,471298,471291,a1316deca63447d19dd205c393751d6a,"Baglino, Aidan",1000304988,Right,FAI_STA,dd4259e9-80b7-4b54-98bf-4c698a501d65,54.78052,-128.20837,16.67957,5.34565,-1.29443,-6.89123,-1.72087,4.04008,-5.61909,,,,,,,,,,,,,,,,,,,,,,,,,,,,,,,,,,,,,,,,,,,,,,,,,,,High,High,High,,,,,
143,2026-04-21,16:28:26.78,4,2,"Sheldon, Jack",10126466,Right,FAI_STA,"Grabau, Anthony",1000407420,Left,FOR_RAM,Undefined,4,Bottom,1,0,1,Fastball,Sinker,InPlay,Undefined,LineDrive,Double,0,0,,88.32211,-0.45438,-2.669775,2359.399429,224.685879,1:30,5.39349,1.86095,5.7133,-20.42084,16.74249,15.05288,3.26798,0.62641,78.31727,-4.36791,0.019799,0.438762,95.78076,20.586008,26.3305,2402.772184,96.97075,38.02541,51.92834,343.54464,321.75203,33.711473,3.915106,-8.63308,9.09146,-1.647,50,5.34333,5.29784,-127.76308,-1.62862,-13.83014,33.87471,-17.6096,FOR_RAM,FAI_STA,FordhamUniversity,D1,A10,20260421-FordhamUniversity-1,a73c5440-3dc0-11f1-a8c0-6b9c5118a01a,85.90638,48.77374,,10.00484,,,,2.17241,3.31264,-0.64281,9fd2b87c-3fe5-4428-9bed-f2337eda9884,2026-04-21,20:28:26.78,2026-04-21T16:28:26.7880960-04:00,2026-04-21T20:28:26.7880960Z,LineDrive,v3,471298,471291,a1316deca63447d19dd205c393751d6a,"Baglino, Aidan",1000304988,Right,FAI_STA,44682051-f70a-4124-8ce7-647051fbd19d,54.78111,-129.02451,16.93736,5.39177,-0.97287,-8.8048,-1.85387,5.81285,-6.91507,213.725192,2.17181,117.88238,-23.34386,5.60588,-1.17778,0.22144,-0.03669,0.0044,-0.00024,3.31352,49.36735,-13.27224,-0.44063,0.31776,-0.08938,0.01643,-0.0013,0,-0.6427,58.3258,-3.19224,0.07296,0.0749,-0.01183,-0.00132,0.00057,-5E-05,,,,,,,,,,,,,,,,,,,,,,,High,High,High,High,Medium,,,
144,2026-04-21,16:29:16.94,5,1,"Sheldon, Jack",10126466,Right,FAI_STA,"McAndrews, Thomas",836274,Right,FOR_RAM,Undefined,4,Bottom,1,0,0,Fastball,Four-Seam,InPlay,Undefined,LineDrive,Sacrifice,1,1,,89.26105,-1.177816,-2.793485,2440.7058,217.819045,1:15,5.46028,1.64882,5.62666,-18.15414,18.05119,12.92938,2.84695,0.11758,79.85205,-4.652731,-0.487604,0.43307,92.66458,23.893425,8.504871,3019.368771,107.3844,42.53019,23.84418,328.53216,316.37066,19.866769,3.998255,-7.5404,9.95312,-1.41939,50,5.34875,5.7369,-129.19802,-3.208,-12.46587,32.4164,-15.71942,FOR_RAM,FAI_STA,FordhamUniversity,D1,A10,20260421-FordhamUniversity-1,c533fd90-3dc0-11f1-a8c0-6b9c5118a01a,87.03553,52.33424,,9.409,,,,1.35493,2.83498,-0.12311,9fd2b87c-3fe5-4428-9bed-f2337eda9884,2026-04-21,20:29:16.94,2026-04-21T16:29:16.9409024-04:00,2026-04-21T20:29:16.9409024Z,LineDrive,v3,471298,471291,a1316deca63447d19dd205c393751d6a,"Baglino, Aidan",1000304988,Right,FAI_STA,d9378178-d9cc-44bd-9522-ced0559f1535,54.86971,-130.41413,16.2082,5.45804,-2.61828,-7.85971,-1.64339,6.20456,-6.23294,226.951555,1.35459,122.90489,-22.7997,5.41636,-1.26432,0.3121,-0.07282,0.01136,-0.00075,2.83586,55.02257,-16.02334,-0.0524,0.55049,-0.278,0.08102,-0.01203,0.0007,-0.12309,18.37698,7.42159,-3.01204,0.90487,-0.22008,0.04206,-0.00516,0.00028,,,,,,,,,,,,,,,,,,,,,,,High,High,High,High,High,,,
145,2026-04-21,16:29:59.26,6,1,"Sheldon, Jack",10126466,Right,FAI_STA,"Donnelly, Joey",800885,Left,FOR_RAM,Undefined,4,Bottom,2,0,0,ChangeUp,Changeup,BallCalled,Undefined,Undefined,Undefined,0,0,,79.60978,0.303557,-1.276934,1372.323884,259.618292,2:45,4.99851,1.85267,5.52267,-40.78238,4.97229,17.45973,1.88386,2.11362,71.37057,-7.243466,1.838277,0.486843,,,,,,,,,,,,-9.20662,2.93327,-1.7534,50,4.99824,1.85863,-115.29577,-0.73586,-12.08158,26.45195,-28.32478,FOR_RAM,FAI_STA,FordhamUniversity,D1,A10,20260421-FordhamUniversity-1,de685270-3dc0-11f1-a8c0-6b9c5118a01a,77.42214,,,8.23921,,,,,,,9fd2b87c-3fe5-4428-9bed-f2337eda9884,2026-04-21,20:29:59.26,2026-04-21T16:29:59.2693760-04:00,2026-04-21T20:29:59.2693760Z,,v3,471298,471291,a1316deca63447d19dd205c393751d6a,"Baglino, Aidan",1000304988,Right,FAI_STA,c48ad12a-4f57-4659-b572-caf92f686773,54.97248,-116.431,13.22597,5.00373,0.47975,-14.16239,-1.84429,2.37713,-6.04079,,,,,,,,,,,,,,,,,,,,,,,,,,,,,,,,,,,,,,,,,,,,,,,,,,,High,High,High,,,,,
146,2026-04-21,16:30:16.42,6,2,"Sheldon, Jack",10126466,Right,FAI_STA,"Donnelly, Joey",800885,Left,FOR_RAM,Undefined,4,Bottom,2,1,0,Fastball,Sinker,InPlay,Undefined,LineDrive,HomeRun,0,2,,88.27561,-1.622619,-2.878848,2441.674367,228.831559,1:45,5.34504,1.80323,5.64675,-21.41726,16.04182,16.52969,2.04444,0.49318,78.13422,-5.708572,0.071496,0.440504,101.64497,26.955327,1.335135,2337.076291,109.99927,52.51522,-0.24306,398.63406,397.54587,-2.538239,4.835404,-9.43886,9.17142,-1.56956,50,5.19419,5.67829,-127.55977,-4.27921,-15.02568,34.50577,-17.57409,FOR_RAM,FAI_STA,FordhamUniversity,D1,A10,20260421-FordhamUniversity-1,e899e150-3dc0-11f1-a8c0-6b9c5118a01a,85.56659,78.25582,,10.14139,,,,1.06255,2.0304,-0.49491,9fd2b87c-3fe5-4428-9bed-f2337eda9884,2026-04-21,20:30:16.42,2026-04-21T16:30:16.4266496-04:00,2026-04-21T20:30:16.4266496Z,FlyBall,v3,471298,471291,a1316deca63447d19dd205c393751d6a,"Baglino, Aidan",1000304988,Right,FAI_STA,7aec6b1e-a59e-4ce2-83e2-ae34d15be206,54.84675,-128.86418,17.25288,5.3434,-3.61487,-8.78705,-1.79495,6.2463,-7.51284,165.581394,1.06293,132.83764,-24.48187,5.82778,-1.14744,0.21433,-0.03751,0.00455,-0.00024,2.03156,67.55193,-15.73822,0.19617,0.21215,-0.12508,0.0357,-0.00484,0.00025,-0.49458,3.08817,-3.80287,1.05821,-0.20306,0.02858,-0.00329,0.00032,-2E-05,,,,,,,,,,,,,,,,,,,,,,,High,High,High,High,High,,,
147,2026-04-21,16:31:04.35,7,1,"Sheldon, Jack",10126466,Right,FAI_STA,"Ocko, Madden",10300306,Right,FOR_RAM,Undefined,4,Bottom,2,0,0,Slider,Slider,StrikeCalled,Undefined,Undefined,Undefined,0,0,,84.69069,-0.207062,-1.56804,2557.68615,192.734596,12:30,5.24192,1.68124,5.59545,-29.40651,10.86981,2.10606,2.59799,0.39238,75.82042,-5.708906,-1.192175,0.456769,,,,,,,,,,,,-1.59146,6.0276,-1.54815,50,5.20564,3.26428,-122.60575,-1.41562,-2.36799,29.32245,-23.20537,FOR_RAM,FAI_STA,FordhamUniversity,D1,A10,20260421-FordhamUniversity-1,052eed60-3dc1-11f1-a8c0-6b9c5118a01a,82.51977,,,8.87027,,,,,,,9fd2b87c-3fe5-4428-9bed-f2337eda9884,2026-04-21,20:31:04.35,2026-04-21T16:31:04.3579392-04:00,2026-04-21T20:31:04.3579392Z,,v3,471298,471291,a1316deca63447d19dd205c393751d6a,"Baglino, Aidan",1000304988,Right,FAI_STA,60d45bdb-36a0-43eb-a0d5-f2309db6de6c,54.89653,-123.77127,14.66123,5.24358,-0.49324,-11.60268,-1.67977,3.3584,-1.184,,,,,,,,,,,,,,,,,,,,,,,,,,,,,,,,,,,,,,,,,,,,,,,,,,,High,High,High,,,,,
148,2026-04-21,16:31:19.01,7,2,"Sheldon, Jack",10126466,Right,FAI_STA,"Ocko, Madden",10300306,Right,FOR_RAM,Undefined,4,Bottom,2,0,1,Slider,Slider,StrikeSwinging,Undefined,Undefined,Undefined,0,0,,82.80053,-0.755789,-3.595398,2574.306303,167.517723,11:30,5.14716,1.72441,5.55097,-31.1184,10.66103,-2.04327,1.8463,-1.80991,75.26861,-6.512626,-3.958604,0.465214,,,,,,,,,,,,-0.06685,6.053,-1.41168,50,5.06143,7.61622,-119.85873,-2.60942,-0.09638,25.10013,-23.44737,FOR_RAM,FAI_STA,FordhamUniversity,D1,A10,20260421-FordhamUniversity-1,0de6ad80-3dc1-11f1-a8c0-6b9c5118a01a,81.02173,,,7.53192,,,,,,,9fd2b87c-3fe5-4428-9bed-f2337eda9884,2026-04-21,20:31:19.01,2026-04-21T16:31:19.0196224-04:00,2026-04-21T20:31:19.0196224Z,,v3,471298,471291,a1316deca63447d19dd205c393751d6a,"Baglino, Aidan",1000304988,Right,FAI_STA,dfa8069f-8fa4-4ae9-9cb7-a4cb8201956b,54.94431,-120.88971,12.55007,5.14883,-1.64633,-11.72368,-1.7246,7.62018,-0.04819,,,,,,,,,,,,,,,,,,,,,,,,,,,,,,,,,,,,,,,,,,,,,,,,,,,High,High,High,,,,,
149,2026-04-21,16:31:35.76,7,3,"Sheldon, Jack",10126466,Right,FAI_STA,"Ocko, Madden",10300306,Right,FOR_RAM,Undefined,4,Bottom,2,0,2,ChangeUp,Slider,StrikeSwinging,Strikeout,Undefined,Undefined,1,0,,83.14725,0.849131,-1.709177,2576.827218,192.66434,12:30,5.21746,1.79826,5.47688,-29.72769,12.21587,2.38642,3.53512,0.39735,74.39087,-4.715336,-1.284507,0.466127,,,,,,,,,,,,-1.77287,6.3213,-1.64982,50,5.27241,3.4881,-120.3428,0.81264,-2.54425,28.01378,-23.10229,FOR_RAM,FAI_STA,FordhamUniversity,D1,A10,20260421-FordhamUniversity-1,18085de0-3dc1-11f1-a8c0-6b9c5118a01a,80.86304,,,8.75637,,,,,,,9fd2b87c-3fe5-4428-9bed-f2337eda9884,2026-04-21,20:31:35.76,2026-04-21T16:31:35.7618176-04:00,2026-04-21T20:31:35.7618176Z,,v3,471298,471291,a1316deca63447d19dd205c393751d6a,"Baglino, Aidan",1000304988,Right,FAI_STA,957f4a45-b6f6-4dcf-9e06-90a1319cacd8,55.01568,-121.50475,14.00689,5.21884,1.77088,-11.55115,-1.79669,3.59363,-1.27213,,,,,,,,,,,,,,,,,,,,,,,,,,,,,,,,,,,,,,,,,,,,,,,,,,,High,High,High,,,,,
150,2026-04-21,16:33:51.28,1,1,"Vieira, William",1000252264,Right,FOR_RAM,"Schmalzle, TJ",1000213571,Right,FAI_STA,Undefined,5,Top,0,0,0,ChangeUp,Changeup,StrikeCalled,Undefined,Undefined,Undefined,0,0,,73.20225,2.35389,-3.77798,1474.718377,253.062392,2:30,4.86917,1.5799,6.6183,-44.60101,7.70977,18.44584,3.31402,-0.34784,65.1567,-6.109207,-0.431975,0.520555,,,,,,,,,,,,-10.85221,3.88563,-1.32873,50,5.01229,6.35734,-105.87595,3.24032,-11.9713,22.82084,-27.88774,FOR_RAM,FAI_STA,FordhamUniversity,D1,A10,20260421-FordhamUniversity-1,68af08c0-3dc1-11f1-a8c0-6b9c5118a01a,72.40811,,,8.04555,,,,,,,9fd2b87c-3fe5-4428-9bed-f2337eda9884,2026-04-21,20:33:51.28,2026-04-21T16:33:51.2817152-04:00,2026-04-21T20:33:51.2817152Z,,v3,471298,471291,a1316deca63447d19dd205c393751d6a,"McAndrews, Thomas",836274,Right,FOR_RAM,1a8c2d14-c301-43df-9260-82745a38f558,53.87407,-106.70771,11.41042,4.87566,4.25676,-13.94387,-1.56839,6.79366,-5.98565,,,,,,,,,,,,,,,,,,,,,,,,,,,,,,,,,,,,,,,,,,,,,,,,,,,High,High,High,,,,,
151,2026-04-21,16:34:10.17,1,2,"Vieira, William",1000252264,Right,FOR_RAM,"Schmalzle, TJ",1000213571,Right,FAI_STA,Undefined,5,Top,0,0,1,Fastball,Changeup,BallCalled,Undefined,Undefined,Undefined,0,0,,83.15641,-0.86957,-5.533607,1998.301281,237.50344,2:00,5.17879,1.03387,6.4334,-26.73458,13.96851,19.42946,2.14795,-2.44841,74.39039,-5.969846,-2.032053,0.459182,,,,,,,,,,,,-11.85217,8.03489,-0.64644,50,5.10477,10.87319,-120.10146,-2.54762,-16.94362,27.86897,-20.68753,FOR_RAM,FAI_STA,FordhamUniversity,D1,A10,20260421-FordhamUniversity-1,73e31380-3dc1-11f1-a8c0-6b9c5118a01a,82.08599,,,8.76601,,,,,,,9fd2b87c-3fe5-4428-9bed-f2337eda9884,2026-04-21,20:34:10.17,2026-04-21T16:34:10.1720576-04:00,2026-04-21T20:34:10.1720576Z,,v3,471298,471291,a1316deca63447d19dd205c393751d6a,"McAndrews, Thomas",836274,Right,FOR_RAM,21e53e19-3657-4e61-9aea-f56df3480ead,54.06029,-121.03996,13.93449,5.17883,-1.85096,-10.34377,-1.0222,11.44378,-8.47181,,,,,,,,,,,,,,,,,,,,,,,,,,,,,,,,,,,,,,,,,,,,,,,,,,,High,High,High,,,,,
152,2026-04-21,16:34:27.02,1,3,"Vieira, William",1000252264,Right,FOR_RAM,"Schmalzle, TJ",1000213571,Right,FAI_STA,Undefined,5,Top,0,1,1,ChangeUp,Changeup,FoulBallNotFieldable,Undefined,Undefined,Undefined,0,0,,75.04363,0.237704,-3.724593,1564.184879,250.090183,2:15,4.8721,1.43043,6.98155,-40.25699,8.9439,19.05446,1.734,-0.37384,66.77013,-7.462548,-0.238624,0.504845,,,,,,,,,,,,-11.57571,5.24296,-1.20613,50,4.87372,6.47884,-108.72635,-0.48139,-13.37378,25.24516,-26.11667,FOR_RAM,FAI_STA,FordhamUniversity,D1,A10,20260421-FordhamUniversity-1,7df49740-3dc1-11f1-a8c0-6b9c5118a01a,74.66146,,,8.27349,,,,,,,9fd2b87c-3fe5-4428-9bed-f2337eda9884,2026-04-21,20:34:27.02,2026-04-21T16:34:27.0273024-04:00,2026-04-21T20:34:27.0273024Z,,v3,471298,471291,a1316deca63447d19dd205c393751d6a,"McAndrews, Thomas",836274,Right,FOR_RAM,afac8243-329f-4273-9ff0-7c0e88614d67,53.51414,-109.53926,12.62258,4.87568,0.35959,-13.05833,-1.42169,6.90949,-6.68689,,,,,,,,,,,,,,,,,,,,,,,,,,,,,,,,,,,,,,,,,,,,,,,,,,,High,High,High,,,,,
153,2026-04-21,16:34:55.12,1,4,"Vieira, William",1000252264,Right,FOR_RAM,"Schmalzle, TJ",1000213571,Right,FAI_STA,Undefined,5,Top,0,1,2,Curveball,Curveball,BallCalled,Undefined,Undefined,Undefined,0,0,,67.15394,4.356296,-0.549113,1910.776884,96.225953,9:15,4.76662,1.48068,5.83153,-60.43901,3.24847,-7.97985,3.78735,0.30526,60.219,-6.869205,-1.976849,0.574379,,,,,,,,,,,,3.81929,0.97016,-1.4314,50,5.08825,1.2019,-97.054,5.75687,3.56528,18.20821,-31.26842,FOR_RAM,FAI_STA,FordhamUniversity,D1,A10,20260421-FordhamUniversity-1,8ec05d70-3dc1-11f1-a8c0-6b9c5118a01a,65.62297,,,6.93494,,,,,,,9fd2b87c-3fe5-4428-9bed-f2337eda9884,2026-04-21,20:34:55.12,2026-04-21T16:34:55.1221760-04:00,2026-04-21T20:34:55.1221760Z,,v3,471298,471291,a1316deca63447d19dd205c393751d6a,"McAndrews, Thomas",836274,Right,FOR_RAM,24bb9376-74fa-40d1-b88f-6d3e0f5176c0,54.66208,-97.92473,9.1041,4.7772,7.25217,-15.63421,-1.4848,1.03141,1.78264,,,,,,,,,,,,,,,,,,,,,,,,,,,,,,,,,,,,,,,,,,,,,,,,,,,High,High,High,,,,,
154,2026-04-21,16:35:13.78,1,5,"Vieira, William",1000252264,Right,FOR_RAM,"Schmalzle, TJ",1000213571,Right,FAI_STA,Undefined,5,Top,0,2,2,ChangeUp,Changeup,BallCalled,Undefined,Undefined,Undefined,0,0,,73.60484,-0.851963,-5.173333,1593.987988,268.293365,3:00,4.79451,1.42364,7.05348,-48.23613,2.55288,18.7632,-0.00214,-1.72401,66.32742,-9.956674,-1.739785,0.512928,,,,,,,,,,,,-11.85993,2.25744,-1.11566,50,4.72843,9.07832,-106.53702,-2.72829,-13.26818,22.84028,-29.64856,FOR_RAM,FAI_STA,FordhamUniversity,D1,A10,20260421-FordhamUniversity-1,99ff8bc0-3dc1-11f1-a8c0-6b9c5118a01a,73.48487,,,7.27743,,,,,,,9fd2b87c-3fe5-4428-9bed-f2337eda9884,2026-04-21,20:35:13.78,2026-04-21T16:35:13.7858560-04:00,2026-04-21T20:35:13.7858560Z,,v3,471298,471291,a1316deca63447d19dd205c393751d6a,"McAndrews, Thomas",836274,Right,FOR_RAM,442ee778-4b9a-4ac2-a42b-00f83201422a,53.44414,-107.27286,11.42014,4.80094,-1.77311,-14.82428,-1.41502,9.50577,-6.63409,,,,,,,,,,,,,,,,,,,,,,,,,,,,,,,,,,,,,,,,,,,,,,,,,,,High,High,High,,,,,
155,2026-04-21,16:35:36.16,1,6,"Vieira, William",1000252264,Right,FOR_RAM,"Schmalzle, TJ",1000213571,Right,FAI_STA,Undefined,5,Top,0,3,2,Fastball,Changeup,InPlay,Undefined,LineDrive,Double,0,0,,82.29119,-1.022472,-3.124656,1872.000197,216.774234,1:15,5.14548,1.24539,6.33048,-25.22844,15.988,10.82879,2.1001,-0.73232,74.26771,-5.827737,-1.168236,0.462069,101.7229,19.720981,5.679566,2583.078986,108.67622,35.7921,17.0121,360.21955,357.73011,13.938782,3.940171,-6.66111,9.08603,-1.02239,50,5.05893,6.11289,-119.29757,-2.80313,-9.44907,26.30527,-19.28506,FOR_RAM,FAI_STA,FordhamUniversity,D1,A10,20260421-FordhamUniversity-1,a72c0b20-3dc1-11f1-a8c0-6b9c5118a01a,81.57323,47.64704,,8.02347,,,,1.35185,2.12809,0.7283,9fd2b87c-3fe5-4428-9bed-f2337eda9884,2026-04-21,20:35:36.16,2026-04-21T16:35:36.1692672-04:00,2026-04-21T20:35:36.1692672Z,LineDrive,v3,471298,471291,a1316deca63447d19dd205c393751d6a,"McAndrews, Thomas",836274,Right,FOR_RAM,9dd6e126-fca7-498b-9940-02c1889f2de6,54.16626,-120.21272,13.15263,5.14478,-2.1322,-9.64253,-1.24077,6.44162,-4.72453,219.569186,1.35158,139.76134,-26.55461,6.51467,-1.47777,0.33185,-0.06904,0.0101,-0.00066,2.12892,50.3206,-13.79747,-0.83452,0.80729,-0.33478,0.08931,-0.01275,0.00072,0.72824,13.90079,7.03127,-3.0837,0.95004,-0.23158,0.04356,-0.00531,0.00029,,,,,,,,,,,,,,,,,,,,,,,High,High,High,High,High,,,
156,2026-04-21,16:36:17.15,2,1,"Vieira, William",1000252264,Right,FOR_RAM,"Haarde, Jake",831933,Right,FAI_STA,Undefined,5,Top,0,0,0,Fastball,Changeup,StrikeCalled,Undefined,Undefined,Undefined,0,0,,82.22593,-1.295309,-3.892008,1890.241931,229.877105,1:45,5.30786,1.25884,6.54257,-26.58942,15.12351,15.87316,1.90117,-0.99334,72.99988,-6.407482,-1.014772,0.464844,,,,,,,,,,,,-9.58666,8.88516,-0.99423,50,5.20684,7.46852,-118.88911,-3.36829,-13.28615,29.52233,-19.86015,FOR_RAM,FAI_STA,FordhamUniversity,D1,A10,20260421-FordhamUniversity-1,bfa57470-3dc1-11f1-a8c0-6b9c5118a01a,81.08629,,,9.22605,,,,,,,9fd2b87c-3fe5-4428-9bed-f2337eda9884,2026-04-21,20:36:17.15,2026-04-21T16:36:17.1502592-04:00,2026-04-21T20:36:17.1502592Z,,v3,471298,471291,a1316deca63447d19dd205c393751d6a,"McAndrews, Thomas",836274,Right,FOR_RAM,1fab5f0c-d196-432f-864a-0f937bb16979,53.94775,-119.8654,14.76116,5.30737,-2.71152,-9.93008,-1.24847,7.90789,-6.64307,,,,,,,,,,,,,,,,,,,,,,,,,,,,,,,,,,,,,,,,,,,,,,,,,,,High,High,High,,,,,
157,2026-04-21,16:36:35.12,2,2,"Vieira, William",1000252264,Right,FOR_RAM,"Haarde, Jake",831933,Right,FAI_STA,Undefined,5,Top,0,0,1,Fastball,Changeup,BallCalled,Undefined,Undefined,Undefined,0,0,,82.62035,-0.796549,-5.024264,1848.170581,238.596344,2:00,5.25449,1.16824,6.66065,-29.05706,11.72225,16.62851,2.10132,-2.05537,74.08149,-6.334403,-2.010632,0.459612,,,,,,,,,,,,-10.30607,6.91154,-0.83511,50,5.18944,9.87492,-119.47701,-2.43374,-14.58758,27.47884,-22.3912,FOR_RAM,FAI_STA,FordhamUniversity,D1,A10,20260421-FordhamUniversity-1,ca53fb80-3dc1-11f1-a8c0-6b9c5118a01a,82.00925,,,8.53886,,,,,,,9fd2b87c-3fe5-4428-9bed-f2337eda9884,2026-04-21,20:36:35.12,2026-04-21T16:36:35.1289856-04:00,2026-04-21T20:36:35.1289856Z,,v3,471298,471291,a1316deca63447d19dd205c393751d6a,"McAndrews, Thomas",836274,Right,FOR_RAM,5e66da8f-90e9-4ada-8573-27830ea80dd6,53.83284,-120.35531,13.73942,5.25578,-1.71806,-11.1956,-1.15819,10.34117,-7.29379,,,,,,,,,,,,,,,,,,,,,,,,,,,,,,,,,,,,,,,,,,,,,,,,,,,High,High,High,,,,,
158,2026-04-21,16:36:53.25,2,3,"Vieira, William",1000252264,Right,FOR_RAM,"Haarde, Jake",831933,Right,FAI_STA,Undefined,5,Top,0,1,1,ChangeUp,Changeup,BallCalled,Undefined,Undefined,Undefined,0,0,,74.47536,-0.872965,-5.568074,1681.739625,252.903151,2:30,5.02235,1.47565,6.95585,-43.1042,6.77886,15.62548,0.63219,-2.30467,66.93791,-9.03081,-2.720834,0.508333,,,,,,,,,,,,-10.19071,4.5537,-1.13321,50,4.95436,9.99222,-107.64874,-2.68044,-11.65251,23.13717,-26.96715,FOR_RAM,FAI_STA,FordhamUniversity,D1,A10,20260421-FordhamUniversity-1,d530be80-3dc1-11f1-a8c0-6b9c5118a01a,74.14917,,,7.53745,,,,,,,9fd2b87c-3fe5-4428-9bed-f2337eda9884,2026-04-21,20:36:53.25,2026-04-21T16:36:53.2521984-04:00,2026-04-21T20:36:53.2521984Z,,v3,471298,471291,a1316deca63447d19dd205c393751d6a,"McAndrews, Thomas",836274,Right,FOR_RAM,4de0613a-1b8e-47c4-9a49-ff8a6400daee,53.5387,-108.40666,11.56858,5.02769,-1.79706,-13.48357,-1.46677,10.37393,-5.82626,,,,,,,,,,,,,,,,,,,,,,,,,,,,,,,,,,,,,,,,,,,,,,,,,,,High,High,High,,,,,
159,2026-04-21,16:37:15.43,2,4,"Vieira, William",1000252264,Right,FOR_RAM,"Haarde, Jake",831933,Right,FAI_STA,Undefined,5,Top,0,2,1,Fastball,Changeup,InPlay,Undefined,LineDrive,Single,0,0,,81.99411,-0.881282,-3.13634,1863.853391,245.418136,2:15,5.20458,1.23528,6.45407,-32.76084,8.57764,15.4628,1.66363,-0.36028,74.09699,-7.054175,-0.333154,0.462753,91.75876,10.759691,-22.769995,1629.516841,99.60841,10.99921,-46.6692,182.09772,182.06652,-27.430663,1.669812,-9.16335,5.1915,-1.01993,50,5.12763,5.96352,-118.92491,-2.75201,-12.89838,26.45131,-24.86644,FOR_RAM,FAI_STA,FordhamUniversity,D1,A10,20260421-FordhamUniversity-1,e24ff770-3dc1-11f1-a8c0-6b9c5118a01a,81.45269,11.29605,,7.89712,,,,2.30196,1.74839,0.4094,9fd2b87c-3fe5-4428-9bed-f2337eda9884,2026-04-21,20:37:15.43,2026-04-21T16:37:15.4395648-04:00,2026-04-21T20:37:15.4395648Z,LineDrive,v3,471298,471291,a1316deca63447d19dd205c393751d6a,"McAndrews, Thomas",836274,Right,FOR_RAM,900e9bd7-8112-4065-8d2d-dca03c3f4fae,54.0442,-119.82104,13.22565,5.2066,-1.90957,-12.43322,-1.22937,6.4005,-6.44919,107.424199,2.30196,121.90928,-20.78169,4.01211,-0.83521,0.14041,-0.01088,-0.00352,0.00092,1.74839,25.12465,-17.44168,1.33674,-0.23032,0.05489,-0.0162,0.00496,-0.00072,0.4094,-51.1709,-0.61129,1.00959,-0.33694,0.06524,0.00459,-0.00713,0.00138,,,,,,,,,,,,,,,,,,,,,,,High,High,High,High,Medium,,,
160,2026-04-21,16:37:57.26,3,1,"Vieira, William",1000252264,Right,FOR_RAM,"Bucciero, Matthew",1000238377,Right,FAI_STA,Undefined,5,Top,0,0,0,ChangeUp,Changeup,StrikeSwinging,Undefined,Undefined,Undefined,0,0,,74.05177,1.675233,-2.133468,1479.059845,275.964852,3:15,4.93776,1.55707,6.72982,-50.21936,0.07984,17.03052,2.28523,1.02571,66.76769,-7.777242,0.973095,0.510448,,,,,,,,,,,,-9.70567,0.01882,-1.42208,50,5.0297,3.45964,-107.48927,1.85817,-11.10604,22.44313,-32.1525,FOR_RAM,FAI_STA,FordhamUniversity,D1,A10,20260421-FordhamUniversity-1,fb666410-3dc1-11f1-a8c0-6b9c5118a01a,73.84183,,,7.28407,,,,,,,9fd2b87c-3fe5-4428-9bed-f2337eda9884,2026-04-21,20:37:57.26,2026-04-21T16:37:57.2606464-04:00,2026-04-21T20:37:57.2606464Z,,v3,471298,471291,a1316deca63447d19dd205c393751d6a,"McAndrews, Thomas",836274,Right,FOR_RAM,7583bc8f-7446-412a-baab-f31f918ad129,53.76836,-108.27322,11.22157,4.94517,2.98127,-16.07625,-1.5497,3.84759,-5.55302,,,,,,,,,,,,,,,,,,,,,,,,,,,,,,,,,,,,,,,,,,,,,,,,,,,High,High,High,,,,,
161,2026-04-21,16:39:14.99,3,2,"Vieira, William",1000252264,Right,FOR_RAM,"Bucciero, Matthew",1000238377,Right,FAI_STA,Undefined,5,Top,0,0,1,Curveball,Curveball,StrikeCalled,Undefined,Undefined,Undefined,0,0,,66.22887,3.408755,0.047941,1838.374082,82.908398,8:45,4.91,1.79005,6.36465,-62.86338,1.21539,-9.64268,2.81192,1.03061,59.58611,-8.356761,-1.697627,0.576141,,,,,,,,,,,,4.99894,0.1974,-1.78944,50,5.12858,0.21607,-95.94585,4.17374,4.54695,18.19604,-31.99448,FOR_RAM,FAI_STA,FordhamUniversity,D1,A10,20260421-FordhamUniversity-1,29a9a710-3dc2-11f1-a8c0-6b9c5118a01a,65.42227,,,6.64276,,,,,,,9fd2b87c-3fe5-4428-9bed-f2337eda9884,2026-04-21,20:39:14.99,2026-04-21T16:39:14.9935616-04:00,2026-04-21T20:39:14.9935616Z,,v3,471298,471291,a1316deca63447d19dd205c393751d6a,"McAndrews, Thomas",836274,Right,FOR_RAM,fe29a9d4-b5c6-4e30-8511-a0f85563ef5c,54.13128,-96.72617,9.09802,4.92017,5.54579,-15.99724,-1.79453,0.02108,2.27347,,,,,,,,,,,,,,,,,,,,,,,,,,,,,,,,,,,,,,,,,,,,,,,,,,,High,High,High,,,,,
162,2026-04-21,16:39:33.93,3,3,"Vieira, William",1000252264,Right,FOR_RAM,"Bucciero, Matthew",1000238377,Right,FAI_STA,Undefined,5,Top,0,0,2,Fastball,Changeup,FoulBallNotFieldable,Undefined,Undefined,Undefined,0,0,,83.00246,0.128447,-1.896735,1877.223883,231.748159,1:45,5.37753,1.24606,6.28247,-27.89309,12.48812,14.05103,3.17156,0.66819,75.09157,-5.15075,0.643238,0.457363,65.39033,17.757788,167.552111,3126.618761,,,,125.6593,51.43606,173.044835,1.608785,-7.90575,6.85685,-1.11276,50,5.37357,3.46322,-120.49495,-0.51906,-11.47601,26.17789,-22.22064,FOR_RAM,FAI_STA,FordhamUniversity,D1,A10,20260421-FordhamUniversity-1,34e5c820-3dc2-11f1-a8c0-6b9c5118a01a,82.41255,13.51073,,7.91089,,,,1.58701,3.1368,-0.69243,9fd2b87c-3fe5-4428-9bed-f2337eda9884,2026-04-21,20:39:33.93,2026-04-21T16:39:33.9316736-04:00,2026-04-21T20:39:33.9316736Z,LineDrive,v3,471298,471291,a1316deca63447d19dd205c393751d6a,"McAndrews, Thomas",836274,Right,FOR_RAM,8d6cf984-aaca-4ac1-90b7-dd9e25313657,54.21491,-121.4072,13.08895,5.37816,0.25528,-11.11032,-1.24042,3.86314,-5.73801,295.580692,1.58701,-89.18884,7.94307,-0.97432,0.07254,0.03841,-0.02344,0.00774,-0.00104,3.1368,29.25052,-21.91856,2.05725,-0.39103,0.06655,-0.01041,0.0024,-0.00035,-0.69244,19.68968,-8.87369,2.41249,-0.41733,-0.25321,0.34657,-0.16634,0.02917,,,,,,,,,,,,,,,,,,,,,,,High,High,High,High,Medium,,,
163,2026-04-21,16:39:55.38,3,4,"Vieira, William",1000252264,Right,FOR_RAM,"Bucciero, Matthew",1000238377,Right,FAI_STA,Undefined,5,Top,0,0,2,Fastball,Changeup,InPlay,Undefined,GroundBall,Single,0,1,,83.98299,0.386947,-2.714961,1924.779329,221.782239,1:30,5.30555,1.30758,6.28248,-23.11127,16.8091,13.64965,3.73665,-0.05909,75.02161,-4.05786,-0.250543,0.454746,92.17958,2.851039,-9.438026,1636.024433,,,,77.68328,75.55192,-10.029669,0.606252,-8.03567,9.02339,-1.11365,50,5.32303,5.246,-121.706,0.21298,-11.76507,29.19994,-18.96284,FOR_RAM,FAI_STA,FordhamUniversity,D1,A10,20260421-FordhamUniversity-1,41b6ba00-3dc2-11f1-a8c0-6b9c5118a01a,82.88681,4.37023,,8.96138,,,,1.80451,3.877,-0.00203,9fd2b87c-3fe5-4428-9bed-f2337eda9884,2026-04-21,20:39:55.38,2026-04-21T16:39:55.3897472-04:00,2026-04-21T20:39:55.3897472Z,GroundBall,v3,471298,471291,a1316deca63447d19dd205c393751d6a,"McAndrews, Thomas",836274,Right,FOR_RAM,bc74870e-df57-47ce-96ad-e7244025d024,54.21311,-122.71265,14.59997,5.30442,0.86671,-9.48142,-1.3015,5.6516,-5.88253,28.806586,1.82432,132.76098,-15.87125,,,,,,,3.90309,6.14434,-20.82099,,,,,,,0.00208,-22.23415,-0.1511,,,,,,,,,,,,,,,,,,,,,,,,,,,,,High,High,High,High,Medium,,,
164,2026-04-21,16:43:38.89,4,1,"Murray, Alec",10181003,Right,FOR_RAM,"Scanlan, Connor",1000467081,Right,FAI_STA,Undefined,5,Top,0,0,0,Cutter,Slider,StrikeCalled,Undefined,Undefined,Undefined,0,0,,80.72221,-0.726333,-1.811042,2173.630511,129.408571,10:15,6.30387,1.91951,5.68825,-35.21813,8.54449,-8.52882,2.69169,-0.47973,73.27291,-7.245935,-3.335607,0.476127,,,,,,,,,,,,3.72323,5.05398,-1.76195,50,6.22117,4.04403,-117.00603,-2.61481,5.09468,24.74527,-25.25845,FOR_RAM,FAI_STA,FordhamUniversity,D1,A10,20260421-FordhamUniversity-1,c6f1c840-3dc2-11f1-a8c0-6b9c5118a01a,79.16461,,,7.4493,,,,,,,9fd2b87c-3fe5-4428-9bed-f2337eda9884,2026-04-21,20:43:38.89,2026-04-21T16:43:38.8948992-04:00,2026-04-21T20:43:38.8948992Z,,v3,471298,471291,a1316deca63447d19dd205c393751d6a,"McAndrews, Thomas",836274,Right,FOR_RAM,6e2fc797-2192-4879-9d3f-c208f56f7b54,54.80644,-118.01815,12.37264,6.307,-1.5817,-12.62923,-1.9231,3.83565,2.54734,,,,,,,,,,,,,,,,,,,,,,,,,,,,,,,,,,,,,,,,,,,,,,,,,,,High,High,High,,,,,
165,2026-04-21,16:44:32.66,4,2,"Murray, Alec",10181003,Right,FOR_RAM,"Scanlan, Connor",1000467081,Right,FAI_STA,Undefined,5,Top,0,0,1,Cutter,Slider,InPlay,Undefined,Popup,Out,1,0,,81.30112,-1.124383,-1.863508,2152.066133,147.721935,11:00,6.27951,1.94239,5.75323,-31.93269,11.03056,-6.02398,2.57108,-0.29495,73.88711,-7.057516,-2.941556,0.471759,88.18549,51.603306,-3.483608,4912.867822,109.93503,125.60202,-3.77786,245.72081,243.45509,-0.829447,5.988789,2.50185,6.40138,-1.78396,50,6.16689,4.06981,-117.89387,-3.31038,3.47917,24.90843,-23.27211,FOR_RAM,FAI_STA,FordhamUniversity,D1,A10,20260421-FordhamUniversity-1,e6fbfde0-3dc2-11f1-a8c0-6b9c5118a01a,79.89772,135.40432,,7.41402,,,,1.89289,2.52276,0.28502,9fd2b87c-3fe5-4428-9bed-f2337eda9884,2026-04-21,20:44:32.66,2026-04-21T16:44:32.6605312-04:00,2026-04-21T20:44:32.6605312Z,FlyBall,v3,471298,471291,a1316deca63447d19dd205c393751d6a,"McAndrews, Thomas",836274,Right,FOR_RAM,33840144-6c28-4887-af49-2c11f5482e76,54.74397,-118.89194,12.45422,6.28086,-2.37787,-11.63606,-1.94424,3.9304,1.73958,182.689844,1.89203,80.15684,-22.75061,6.60087,-1.16678,0.0638,0.02129,-0.00448,0.00026,2.47968,102.0906,-25.54203,4.98123,-2.32665,0.79393,-0.1525,0.01471,-0.00055,0.28483,-4.87373,2.39861,-0.69274,0.12034,-0.00529,-0.00251,0.00049,-3E-05,,,,,,,,,,,,,,,,,,,,,,,High,High,High,High,Medium,,,
166,2026-04-21,16:45:12.01,5,1,"Murray, Alec",10181003,Right,FOR_RAM,"Mcilroy, Liam",10312491,Right,FAI_STA,Undefined,5,Top,1,0,0,Fastball,Four-Seam,FoulBallNotFieldable,Undefined,Undefined,Undefined,0,0,,87.30298,-2.942474,-2.813495,1967.253231,196.082513,12:30,6.17245,1.94733,6.30024,-13.3139,23.5132,6.37768,2.34626,-0.1155,78.49522,-5.573244,-1.662214,0.436773,72.80022,7.63558,172.352268,2006.16675,,,,79.70292,53.25107,174.388096,0.839071,-4.12961,13.41272,-1.74288,50,5.94843,5.93149,-126.30781,-6.73662,-6.56555,29.53124,-10.84957,FOR_RAM,FAI_STA,FordhamUniversity,D1,A10,20260421-FordhamUniversity-1,fe6b9850-3dc2-11f1-a8c0-6b9c5118a01a,86.29764,4.64527,,8.80776,,,,1.71524,2.24336,0.0604,9fd2b87c-3fe5-4428-9bed-f2337eda9884,2026-04-21,20:45:12.01,2026-04-21T16:45:12.0132608-04:00,2026-04-21T20:45:12.0132608Z,GroundBall,v3,471298,471291,a1316deca63447d19dd205c393751d6a,"McAndrews, Thomas",836274,Right,FOR_RAM,78a42438-a1c7-462c-bec7-0ed9e30e8543,54.18933,-127.28352,14.76562,6.16509,-6.37815,-5.42478,-1.94244,6.14842,-3.28278,308.674447,1.71524,-104.88542,10.4009,-0.73621,0.18208,-0.02028,0.00222,-0.00077,0.0001,2.24336,14.1872,-21.61152,2.05929,-0.36231,0.0849,-0.01399,0.00229,-0.00031,0.0604,14.08365,-6.49251,0.96823,-0.19904,0.03891,-0.00656,0.00126,-0.00017,,,,,,,,,,,,,,,,,,,,,,,High,High,High,High,Medium,,,
167,2026-04-21,16:45:36.40,5,2,"Murray, Alec",10181003,Right,FOR_RAM,"Schmalzle, TJ",1000213571,Right,FAI_STA,Undefined,5,Top,1,0,1,Cutter,Slider,BallCalled,Undefined,Undefined,Undefined,0,0,,81.94132,0.123611,-1.845583,2200.175591,141.716714,10:45,6.30274,1.97083,5.82526,-34.7236,7.50052,-4.75492,3.52408,-0.14173,74.24419,-6.331768,-2.697476,0.467683,,,,,,,,,,,,1.82701,4.2524,-1.81727,50,6.29269,4.02012,-118.81457,-0.85507,2.57858,25.45854,-26.1724,FOR_RAM,FAI_STA,FordhamUniversity,D1,A10,20260421-FordhamUniversity-1,0d027d20-3dc3-11f1-a8c0-6b9c5118a01a,80.59399,,,7.69714,,,,,,,9fd2b87c-3fe5-4428-9bed-f2337eda9884,2026-04-21,20:45:36.40,2026-04-21T16:45:36.4006912-04:00,2026-04-21T20:45:36.4006912Z,,v3,471298,471291,a1316deca63447d19dd205c393751d6a,"McAndrews, Thomas",836274,Right,FOR_RAM,7f49b749-c9fa-4c88-b00f-d64aaaa55ae1,54.66969,-119.81097,12.72927,6.30611,0.16927,-13.0862,-1.97263,3.9192,1.28929,,,,,,,,,,,,,,,,,,,,,,,,,,,,,,,,,,,,,,,,,,,,,,,,,,,High,High,High,,,,,
168,2026-04-21,16:45:57.27,5,3,"Murray, Alec",10181003,Right,FOR_RAM,"Mcilroy, Liam",10312491,Right,FAI_STA,Undefined,5,Top,1,1,1,Fastball,Changeup,StrikeCalled,Undefined,Undefined,Undefined,0,0,,85.55261,-3.282084,-2.536207,1956.459604,215.572709,1:15,6.30876,1.96983,5.9938,-21.70304,17.02942,11.1502,1.45236,0.54718,77.29093,-7.391422,-0.53192,0.447929,,,,,,,,,,,,-6.54831,10.23067,-1.77604,50,6.03794,5.034,-123.81807,-7.72876,-10.00542,28.36065,-16.54222,FOR_RAM,FAI_STA,FordhamUniversity,D1,A10,20260421-FordhamUniversity-1,1957d660-3dc3-11f1-a8c0-6b9c5118a01a,84.14831,,,8.26168,,,,,,,9fd2b87c-3fe5-4428-9bed-f2337eda9884,2026-04-21,20:45:57.27,2026-04-21T16:45:57.2754944-04:00,2026-04-21T20:45:57.2754944Z,,v3,471298,471291,a1316deca63447d19dd205c393751d6a,"McAndrews, Thomas",836274,Right,FOR_RAM,e4edbb10-8c81-4edd-b6ef-4ff825dbfa00,54.5023,-124.84507,14.18032,6.30697,-7.12973,-8.27111,-1.96489,5.39632,-5.00271,,,,,,,,,,,,,,,,,,,,,,,,,,,,,,,,,,,,,,,,,,,,,,,,,,,High,High,High,,,,,
169,2026-04-21,16:46:17.10,5,4,"Murray, Alec",10181003,Right,FOR_RAM,"Mcilroy, Liam",10312491,Right,FAI_STA,Undefined,5,Top,1,1,2,Fastball,Changeup,BallCalled,Undefined,Undefined,Undefined,0,0,,85.96492,-0.656417,-3.03193,1960.754564,212.838451,1:00,6.35049,1.82321,6.4173,-21.30182,16.34288,9.6663,3.97101,-0.16115,77.43679,-4.746259,-1.282965,0.441594,,,,,,,,,,,,-5.96303,9.11583,-1.61039,50,6.29373,6.21655,-124.61979,-1.98565,-9.23577,28.57132,-18.05509,FOR_RAM,FAI_STA,FordhamUniversity,D1,A10,20260421-FordhamUniversity-1,252cdc10-3dc3-11f1-a8c0-6b9c5118a01a,85.35538,,,8.52812,,,,,,,9fd2b87c-3fe5-4428-9bed-f2337eda9884,2026-04-21,20:46:17.10,2026-04-21T16:46:17.1078656-04:00,2026-04-21T20:46:17.1078656Z,,v3,471298,471291,a1316deca63447d19dd205c393751d6a,"McAndrews, Thomas",836274,Right,FOR_RAM,d8d1ac1b-9e35-418a-a250-389407844d4a,54.07682,-125.551,14.28566,6.34886,-1.3972,-9.02754,-1.8179,6.51757,-4.61789,,,,,,,,,,,,,,,,,,,,,,,,,,,,,,,,,,,,,,,,,,,,,,,,,,,High,High,High,,,,,
170,2026-04-21,16:46:35.19,5,5,"Murray, Alec",10181003,Right,FOR_RAM,"Mcilroy, Liam",10312491,Right,FAI_STA,Undefined,5,Top,1,2,2,Fastball,Four-Seam,FoulBallNotFieldable,Undefined,Undefined,Undefined,0,0,,87.35314,-1.745203,-2.525536,1987.918477,209.341959,1:00,6.28819,1.9436,6.18339,-17.33757,19.70489,10.2691,3.22982,0.46579,78.16875,-5.111627,-0.674395,0.438048,66.83995,64.238517,165.947536,4197.389132,,,,,23.66414,,,-6.21776,11.22465,-1.75812,50,6.14773,5.17112,-126.54636,-4.30077,-9.84553,31.48305,-14.40027,FOR_RAM,FAI_STA,FordhamUniversity,D1,A10,20260421-FordhamUniversity-1,2ffad200-3dc3-11f1-a8c0-6b9c5118a01a,86.04646,44.98076,,9.18439,,,,1.5125,3.32869,-0.46299,9fd2b87c-3fe5-4428-9bed-f2337eda9884,2026-04-21,20:46:35.19,2026-04-21T16:46:35.1922688-04:00,2026-04-21T20:46:35.1922688Z,,v3,471298,471291,a1316deca63447d19dd205c393751d6a,"McAndrews, Thomas",836274,Right,FOR_RAM,00db7ae6-ed0c-4809-a185-d1f7f43c42df,54.31291,-127.61484,15.74153,6.2854,-3.81205,-7.20013,-1.93929,5.50527,-4.92277,350.929009,1.5125,-41.33206,-1.57516,2.28049,-0.81261,0.23706,-0.06288,0.01542,-0.00243,3.32869,88.2885,-32.96821,4.87952,-0.97166,0.17098,-0.02937,0.00394,-0.00011,-0.46299,10.34545,-3.03016,1.78972,-0.52508,0.13287,-0.03171,0.00726,-0.00112,,,,,,,,,,,,,,,,,,,,,,,High,High,High,High,Undefined,,,
171,2026-04-21,16:47:04.57,5,6,"Murray, Alec",10181003,Right,FOR_RAM,"Mcilroy, Liam",10312491,Right,FAI_STA,Undefined,5,Top,1,2,2,Slider,Slider,InPlay,Undefined,Popup,Out,1,0,,80.74886,-1.247854,-1.525463,1982.651594,118.07443,10:00,6.2792,1.89369,5.7912,-37.50301,6.55654,-9.10634,1.99256,-0.28454,72.62947,-8.204198,-3.158051,0.47774,88.04857,34.806843,-12.021147,3804.74896,108.19594,69.01608,-19.83918,314.42169,310.64194,-8.846121,5.031629,4.11681,4.25984,-1.76256,50,6.15431,3.47001,-116.96167,-3.73406,5.55492,27.38995,-26.42613,FOR_RAM,FAI_STA,FordhamUniversity,D1,A10,20260421-FordhamUniversity-1,417eebb0-3dc3-11f1-a8c0-6b9c5118a01a,78.89741,86.38272,,8.11939,,,,2.44557,2.22977,0.22917,9fd2b87c-3fe5-4428-9bed-f2337eda9884,2026-04-21,20:47:04.57,2026-04-21T16:47:04.5735424-04:00,2026-04-21T20:47:04.5735424Z,FlyBall,v3,471298,471291,a1316deca63447d19dd205c393751d6a,"McAndrews, Thomas",836274,Right,FOR_RAM,17b76472-fb66-47e7-a7d3-4ce910c4ac87,54.7045,-118.05822,13.69498,6.28263,-2.67609,-13.21307,-1.89703,3.24762,2.77746,188.708693,2.44906,103.6336,-21.82999,5.44176,-0.88174,0.06123,0.00584,-0.00129,6E-05,2.22829,73.73703,-17.23661,0.14714,0.34621,-0.16165,0.04266,-0.00583,0.00031,0.22817,-22.06205,6.86657,-1.89698,0.35834,-0.03962,0.00114,0.00018,-1E-05,,,,,,,,,,,,,,,,,,,,,,,High,High,High,High,High,,,
172,2026-04-21,16:47:52.45,6,1,"Murray, Alec",10181003,Right,FOR_RAM,"Colby, Nolan",10132109,Left,FAI_STA,Undefined,5,Top,2,0,0,Fastball,Changeup,StrikeSwinging,Undefined,Undefined,Undefined,0,0,,86.93967,-2.011028,-2.684115,1833.960337,212.516557,1:00,6.25127,1.96282,6.18619,-21.70741,16.21001,9.29772,2.58265,0.25746,76.91029,-6.190494,-1.007652,0.443191,,,,,,,,,,,,-5.77571,9.5817,-1.76451,50,6.08864,5.49941,-125.68074,-5.00954,-8.90813,33.93882,-17.39577,FOR_RAM,FAI_STA,FordhamUniversity,D1,A10,20260421-FordhamUniversity-1,5e0f63e0-3dc3-11f1-a8c0-6b9c5118a01a,85.04787,,,10.02937,,,,,,,9fd2b87c-3fe5-4428-9bed-f2337eda9884,2026-04-21,20:47:52.45,2026-04-21T16:47:52.4525056-04:00,2026-04-21T20:47:52.4525056Z,,v3,471298,471291,a1316deca63447d19dd205c393751d6a,"McAndrews, Thomas",836274,Right,FOR_RAM,7b9f63b0-955d-4f0d-8b80-0b7fb28b7bcf,54.30443,-126.83779,16.96941,6.24932,-4.41649,-8.69788,-1.95717,5.8031,-4.45407,,,,,,,,,,,,,,,,,,,,,,,,,,,,,,,,,,,,,,,,,,,,,,,,,,,High,High,High,,,,,
173,2026-04-21,16:48:13.21,6,2,"Murray, Alec",10181003,Right,FOR_RAM,"Colby, Nolan",10132109,Left,FAI_STA,Undefined,5,Top,2,0,1,Fastball,Four-Seam,StrikeCalled,Undefined,Undefined,Undefined,0,0,,87.02713,-1.848002,-2.646427,1905.410379,207.974425,1:00,6.25408,1.99664,6.20143,-22.14336,15.20552,7.30339,2.70055,0.16067,77.92401,-6.076404,-1.329251,0.439856,,,,,,,,,,,,-4.66236,8.91422,-1.80101,50,6.10403,5.5218,-125.99637,-4.69299,-7.31946,31.18297,-18.17953,FOR_RAM,FAI_STA,FordhamUniversity,D1,A10,20260421-FordhamUniversity-1,6a670710-3dc3-11f1-a8c0-6b9c5118a01a,85.69276,,,9.10312,,,,,,,9fd2b87c-3fe5-4428-9bed-f2337eda9884,2026-04-21,20:48:13.21,2026-04-21T16:48:13.2120000-04:00,2026-04-21T20:48:13.2120000Z,,v3,471298,471291,a1316deca63447d19dd205c393751d6a,"McAndrews, Thomas",836274,Right,FOR_RAM,c95b998b-d2bf-440b-b7bb-c2e73cf8e6a7,54.29175,-127.0541,15.59149,6.25276,-4.07634,-9.08977,-1.99252,5.77008,-3.65973,,,,,,,,,,,,,,,,,,,,,,,,,,,,,79.00067,2.064374,0.788275,1.276099,-0.30823,2.5144,-0.12129,0.03068,5.72892,1.42374,127.27877,-0.35679,-0.0943,0.18391,113.48872,-11.0409,5.74328,9.73258,-11.39255,1.34962,-5.94911,3.84801,High,High,High,,,High,High,Medium
174,2026-04-21,16:48:59.74,6,3,"Murray, Alec",10181003,Right,FOR_RAM,"Colby, Nolan",10132109,Left,FAI_STA,Undefined,5,Top,2,0,2,Fastball,Changeup,BallCalled,Undefined,Undefined,Undefined,0,0,,87.30245,-0.007091,-0.504369,1901.503414,218.339941,1:15,6.25893,2.00339,6.11078,-23.71604,13.80398,9.68725,4.27604,2.34428,77.285,-4.550653,1.241747,0.440862,,,,,,,,,,,,-5.08429,7.53985,-1.96909,50,6.2463,0.69025,-126.39868,-0.70689,-7.9521,33.73163,-20.38133,FOR_RAM,FAI_STA,FordhamUniversity,D1,A10,20260421-FordhamUniversity-1,861ef990-3dc3-11f1-a8c0-6b9c5118a01a,85.4971,,,10.01745,,,,,,,9fd2b87c-3fe5-4428-9bed-f2337eda9884,2026-04-21,20:48:59.74,2026-04-21T16:48:59.7476352-04:00,2026-04-21T20:48:59.7476352Z,,v3,471298,471291,a1316deca63447d19dd205c393751d6a,"McAndrews, Thomas",836274,Right,FOR_RAM,9781f84b-3a2b-4679-bd0f-4314d2bf7ce9,54.37856,-127.56182,16.86582,6.25856,-0.0041,-10.19066,-1.99762,0.96445,-3.97605,,,,,,,,,,,,,,,,,,,,,,,,,,,,,,,,,,,,,,,,,,,,,,,,,,,High,High,High,,,,,
175,2026-04-21,16:49:24.45,6,4,"Murray, Alec",10181003,Right,FOR_RAM,"Colby, Nolan",10132109,Left,FAI_STA,Undefined,5,Top,2,1,2,Cutter,Slider,FoulBallNotFieldable,Undefined,Undefined,Undefined,0,0,,82.45875,-0.487207,-2.105534,2037.488444,146.737928,11:00,6.36366,1.95682,5.95119,-31.36084,10.18398,-5.71902,3.29809,-0.47341,74.68338,-6.347206,-3.132208,0.463906,,,,,,,,,,,,2.25851,5.81323,-1.78617,50,6.30754,4.62013,-119.57111,-1.98032,3.2236,26.09111,-23.87669,FOR_RAM,FAI_STA,FordhamUniversity,D1,A10,20260421-FordhamUniversity-1,94e41a50-3dc3-11f1-a8c0-6b9c5118a01a,81.25019,,,7.77538,,,,,,,9fd2b87c-3fe5-4428-9bed-f2337eda9884,2026-04-21,20:49:24.45,2026-04-21T16:49:24.4561408-04:00,2026-04-21T20:49:24.4561408Z,,v3,471298,471291,a1316deca63447d19dd205c393751d6a,"McAndrews, Thomas",836274,Right,FOR_RAM,4b80b33e-21fa-4e97-84e4-306abb49e3af,54.54475,-120.55872,13.04555,6.36539,-1.07653,-11.93835,-1.95875,4.49811,1.6118,,,,,,,,,,,,,,,,,,,,,,,,,,,,,,,,,,,,,,,,,,,,,,,,,,,High,High,High,,,,,
176,2026-04-21,16:50:05.29,6,5,"Murray, Alec",10181003,Right,FOR_RAM,"Colby, Nolan",10132109,Left,FAI_STA,Undefined,5,Top,2,1,2,Fastball,Four-Seam,FoulBallNotFieldable,Undefined,Undefined,Undefined,0,0,,87.49655,-2.495765,-2.902335,1993.664051,193.291719,12:30,6.25661,1.92409,6.39515,-14.26056,22.18474,4.92256,2.76849,-0.33723,78.81377,-5.29688,-2.012289,0.434502,100.51304,37.162166,42.269265,3358.103655,76.52977,78.12068,79.0136,370.45649,154.81482,56.116608,5.726144,-3.5278,12.79764,-1.71784,50,6.07053,6.23653,-126.77291,-5.84351,-5.64442,29.98824,-11.69803,FOR_RAM,FAI_STA,FordhamUniversity,D1,A10,20260421-FordhamUniversity-1,ad322de0-3dc3-11f1-a8c0-6b9c5118a01a,86.74852,113.27354,,8.68278,,,,2.51826,2.79349,0.16549,9fd2b87c-3fe5-4428-9bed-f2337eda9884,2026-04-21,20:50:05.29,2026-04-21T16:50:05.2982272-04:00,2026-04-21T20:50:05.2982272Z,FlyBall,v3,471298,471291,a1316deca63447d19dd205c393751d6a,"McAndrews, Thomas",836274,Right,FOR_RAM,7bcbd59a-b3bc-4508-907b-f0f2221c29ce,54.1016,-127.73946,14.99412,6.25279,-5.46647,-5.84902,-1.92178,6.41845,-2.82221,,2.53033,86.71729,-23.48479,5.23133,-0.67263,-0.00188,0.01409,-0.00163,6E-05,2.79155,89.07136,-21.10956,1.55811,-0.02575,-0.10401,0.03618,-0.00501,0.00025,0.1685,78.96547,-9.06152,1.30597,-0.00624,-0.06409,0.01699,-0.0019,8E-05,,,,,,,,,,,,,,,,,,,,,,,High,High,High,High,Low,,,
177,2026-04-21,16:50:34.50,6,6,"Murray, Alec",10181003,Right,FOR_RAM,"Colby, Nolan",10132109,Left,FAI_STA,Undefined,5,Top,2,1,2,Cutter,Slider,FoulBallNotFieldable,Undefined,Undefined,Undefined,0,0,,82.88222,-0.659667,-1.281327,2054.560362,133.135287,10:30,6.23296,1.99738,5.85428,-29.87663,12.10997,-11.09902,3.13014,-0.11826,73.77814,-6.28967,-3.271524,0.466366,53.1556,77.076088,174.611501,4569.182043,,,,,6.59357,,,5.18823,6.91272,-1.88681,50,6.16242,3.13205,-119.99089,-2.29169,7.31658,30.29081,-22.42558,FOR_RAM,FAI_STA,FordhamUniversity,D1,A10,20260421-FordhamUniversity-1,bea334c0-3dc3-11f1-a8c0-6b9c5118a01a,80.82163,31.28725,,9.10408,,,,1.59641,3.19669,0.15882,9fd2b87c-3fe5-4428-9bed-f2337eda9884,2026-04-21,20:50:34.50,2026-04-21T16:50:34.5058816-04:00,2026-04-21T20:50:34.5058816Z,,v3,471298,471291,a1316deca63447d19dd205c393751d6a,"McAndrews, Thomas",836274,Right,FOR_RAM,3607c168-dab8-4189-86d5-6157c73e2fbc,54.63948,-121.15643,15.1454,6.234,-1.4288,-11.21279,-2.00191,2.85052,3.65829,356.916689,1.60466,-17.61818,-2.71818,,,,,,,3.21179,75.51903,-25.20769,,,,,,,0.16059,1.58242,-0.91885,,,,,,,,,,,,,,,,,,,,,,,,,,,,,High,High,High,High,Undefined,,,
178,2026-04-21,16:51:02.29,6,7,"Murray, Alec",10181003,Right,FOR_RAM,"Colby, Nolan",10132109,Left,FAI_STA,Undefined,5,Top,2,1,2,Slider,Curveball,BallCalled,Undefined,Undefined,Undefined,0,0,,70.63009,4.328422,3.713463,2066.349129,87.149372,9:00,6.21908,1.98362,5.64167,-57.56082,1.41543,-21.76088,5.47629,3.63915,62.26303,-6.359308,-0.158531,0.552726,,,,,,,,,,,,12.12831,-0.02957,-2.28635,50,6.55313,-5.77463,-101.71037,6.00308,12.2685,22.01556,-32.20397,FOR_RAM,FAI_STA,FordhamUniversity,D1,A10,20260421-FordhamUniversity-1,cf3d1580-3dc3-11f1-a8c0-6b9c5118a01a,68.19369,,,8.36706,,,,,,,9fd2b87c-3fe5-4428-9bed-f2337eda9884,2026-04-21,20:51:02.29,2026-04-21T16:51:02.2955520-04:00,2026-04-21T20:51:02.2955520Z,,v3,471298,471291,a1316deca63447d19dd205c393751d6a,"McAndrews, Thomas",836274,Right,FOR_RAM,d5c6c74c-bb11-4f64-82ef-4f3ce33715c8,54.85008,-102.75482,11.00778,6.2321,7.53089,-16.10199,-1.99859,-6.35667,6.13425,,,,,,,,,,,,,,,,,,,,,,,,,,,,,,,,,,,,,,,,,,,,,,,,,,,High,High,High,,,,,
179,2026-04-21,16:51:23.35,6,8,"Murray, Alec",10181003,Right,FOR_RAM,"Colby, Nolan",10132109,Left,FAI_STA,Undefined,5,Top,2,2,2,Slider,Slider,StrikeCalled,Strikeout,Undefined,Undefined,0,0,,80.02803,0.343815,-0.412531,2155.672112,114.378148,9:45,6.26043,1.99537,5.88813,-37.61911,6.56355,-11.0393,3.44476,0.69237,72.45922,-6.653815,-2.394858,0.478407,,,,,,,,,,,,5.47544,3.7378,-1.95597,50,6.26691,1.2671,-116.10516,-0.47673,7.36525,24.69325,-27.14619,FOR_RAM,FAI_STA,FordhamUniversity,D1,A10,20260421-FordhamUniversity-1,dbc3df00-3dc3-11f1-a8c0-6b9c5118a01a,78.78743,,,7.56881,,,,,,,9fd2b87c-3fe5-4428-9bed-f2337eda9884,2026-04-21,20:51:23.35,2026-04-21T16:51:23.3590272-04:00,2026-04-21T20:51:23.3590272Z,,v3,471298,471291,a1316deca63447d19dd205c393751d6a,"McAndrews, Thomas",836274,Right,FOR_RAM,f7e00c58-2352-4817-9183-9cf812080c76,54.60735,-117.08095,12.34662,6.26455,0.596,-13.57309,-2.00029,0.97605,3.68262,,,,,,,,,,,,,,,,,,,,,,,,,,,,,,,,,,,,,,,,,,,,,,,,,,,High,High,High,,,,,
180,2026-04-21,16:53:44.70,1,1,"Sheldon, Jack",10126466,Right,FAI_STA,"Young, Caden",10264258,Right,FOR_RAM,Undefined,5,Bottom,0,0,0,Fastball,Four-Seam,StrikeSwinging,Undefined,Undefined,Undefined,0,0,,87.53986,-1.364975,-4.008447,2518.760596,224.941018,1:30,5.3943,1.58649,5.90242,-18.38021,19.6643,17.9284,2.59218,-0.64657,76.84392,-4.952462,-0.799767,0.443933,,,,,,,,,,,,-10.59804,10.9941,-1.27344,50,5.27411,8.04937,-126.29721,-3.49019,-16.4403,35.19407,-15.11935,FOR_RAM,FAI_STA,FordhamUniversity,D1,A10,20260421-FordhamUniversity-1,2ffb03a0-3dc4-11f1-a8c0-6b9c5118a01a,84.90568,,,10.69594,,,,,,,9fd2b87c-3fe5-4428-9bed-f2337eda9884,2026-04-21,20:53:44.70,2026-04-21T16:53:44.7038464-04:00,2026-04-21T20:53:44.7038464Z,,v3,471298,471291,a1316deca63447d19dd205c393751d6a,"Baglino, Aidan",1000304988,Right,FAI_STA,50e21886-3f7c-4f34-831d-783fbe0026f7,54.58744,-127.56914,17.59703,5.39037,-2.94377,-7.55967,-1.57509,8.64353,-8.22015,,,,,,,,,,,,,,,,,,,,,,,,,,,,,,,,,,,,,,,,,,,,,,,,,,,High,High,High,,,,,
181,2026-04-21,16:54:02.38,1,2,"Sheldon, Jack",10126466,Right,FAI_STA,"Young, Caden",10264258,Right,FOR_RAM,Undefined,5,Bottom,0,0,1,Cutter,Slider,StrikeCalled,Undefined,Undefined,Undefined,0,0,,81.53525,0.287266,-2.058105,2581.291524,158.768764,11:15,5.20796,1.71377,5.2929,-33.85175,10.15867,-3.28799,2.65688,-0.49348,73.00918,-5.992333,-2.641128,0.477473,,,,,,,,,,,,0.91807,5.48276,-1.52398,50,5.21015,4.37988,-117.93872,-0.5512,1.26328,27.25003,-24.62969,FOR_RAM,FAI_STA,FordhamUniversity,D1,A10,20260421-FordhamUniversity-1,3aa1e990-3dc4-11f1-a8c0-6b9c5118a01a,78.94145,,,8.52607,,,,,,,9fd2b87c-3fe5-4428-9bed-f2337eda9884,2026-04-21,20:54:02.38,2026-04-21T16:54:02.3865856-04:00,2026-04-21T20:54:02.3865856Z,,v3,471298,471291,a1316deca63447d19dd205c393751d6a,"Baglino, Aidan",1000304988,Right,FAI_STA,61a65917-f6ae-4806-bbb7-8fd34c7c10d3,55.1995,-119.13402,13.62501,5.21063,0.52916,-12.31485,-1.71488,4.32446,0.63164,,,,,,,,,,,,,,,,,,,,,,,,,,,,,,,,,,,,,,,,,,,,,,,,,,,High,High,High,,,,,
182,2026-04-21,16:54:18.84,1,3,"Sheldon, Jack",10126466,Right,FAI_STA,"Young, Caden",10264258,Right,FOR_RAM,Undefined,5,Bottom,0,0,2,Cutter,Slider,StrikeCalled,Strikeout,Undefined,Undefined,0,0,,83.09389,-0.176221,-2.468754,2576.025024,165.955166,11:30,5.19645,1.77175,5.31274,-32.5462,9.61977,-2.01453,2.31871,-0.7147,74.77016,-6.198645,-2.825978,0.467361,,,,,,,,,,,,0.1826,5.3363,-1.54633,50,5.15746,5.27136,-120.24308,-1.48938,0.2624,27.35098,-24.50633,FOR_RAM,FAI_STA,FordhamUniversity,D1,A10,20260421-FordhamUniversity-1,445e2160-3dc4-11f1-a8c0-6b9c5118a01a,80.64953,,,8.32372,,,,,,,9fd2b87c-3fe5-4428-9bed-f2337eda9884,2026-04-21,20:54:18.84,2026-04-21T16:54:18.8400000-04:00,2026-04-21T20:54:18.8400000Z,,v3,471298,471291,a1316deca63447d19dd205c393751d6a,"Baglino, Aidan",1000304988,Right,FAI_STA,2a621620-00c2-4d66-8760-3d0945297b74,55.18124,-121.41591,13.67549,5.19879,-0.43853,-12.25317,-1.77213,5.26011,0.1312,,,,,,,,,,,,,,,,,,,,,,,,,,,,,66.01548,,,1.030591,,,,3.49463,5.26569,3.17361,73.29969,8.44701,-51.494,3.50182,71.49428,-3.6567,5.3378,20.217,-16.69153,3.09794,-60.77925,7.57872,High,High,High,,,High,Medium,Medium
183,2026-04-21,16:54:49.00,2,1,"Sheldon, Jack",10126466,Right,FAI_STA,"Dean, Mason",1000150670,Left,FOR_RAM,Undefined,5,Bottom,1,0,0,Fastball,Four-Seam,BallCalled,Undefined,Undefined,Undefined,0,0,,88.74338,-2.703339,-0.680277,2527.128247,209.924978,1:00,5.32472,1.89655,5.88946,-13.68619,22.89383,12.3052,1.67206,2.2903,78.82752,-5.4057,1.528164,0.435305,,,,,,,,,,,,-6.44764,13.04217,-1.84835,50,5.09887,0.97363,-128.35235,-6.35883,-10.43343,33.98446,-11.06945,FOR_RAM,FAI_STA,FordhamUniversity,D1,A10,20260421-FordhamUniversity-1,564e9170-3dc4-11f1-a8c0-6b9c5118a01a,86.58866,,,9.91587,,,,,,,9fd2b87c-3fe5-4428-9bed-f2337eda9884,2026-04-21,20:54:49.00,2026-04-21T16:54:49.0063872-04:00,2026-04-21T20:54:49.0063872Z,,v3,471298,471291,a1316deca63447d19dd205c393751d6a,"Baglino, Aidan",1000304988,Right,FAI_STA,d2d5eda0-f61d-4ab6-bc6d-5545a29f5db8,54.60171,-129.56503,16.99223,5.31873,-5.96383,-5.53472,-1.88974,1.34593,-5.21671,,,,,,,,,,,,,,,,,,,,,,,,,,,,,,,,,,,,,,,,,,,,,,,,,,,High,High,High,,,,,
184,2026-04-21,16:55:05.16,2,2,"Sheldon, Jack",10126466,Right,FAI_STA,"Dean, Mason",1000150670,Left,FOR_RAM,Undefined,5,Bottom,1,1,0,Fastball,Four-Seam,StrikeCalled,Undefined,Undefined,Undefined,0,0,,88.63885,-0.879468,-3.144118,2539.867558,214.684753,1:15,5.36691,1.48108,5.80069,-13.88627,23.13737,14.90961,3.39046,-0.20363,78.06038,-3.645115,-0.47811,0.437936,,,,,,,,,,,,-8.68745,12.47591,-1.23111,50,5.28653,6.35703,-128.05089,-2.26859,-13.91252,35.17384,-12.19446,FOR_RAM,FAI_STA,FordhamUniversity,D1,A10,20260421-FordhamUniversity-1,5ff397c0-3dc4-11f1-a8c0-6b9c5118a01a,86.06829,,,10.57847,,,,,,,9fd2b87c-3fe5-4428-9bed-f2337eda9884,2026-04-21,20:55:05.16,2026-04-21T16:55:05.1659776-04:00,2026-04-21T20:55:05.1659776Z,,v3,471298,471291,a1316deca63447d19dd205c393751d6a,"Baglino, Aidan",1000304988,Right,FAI_STA,d0d14908-df34-4745-8269-d753ed902cc0,54.68982,-129.3327,17.58692,5.3611,-1.8242,-6.09723,-1.47201,6.86404,-6.95626,,,,,,,,,,,,,,,,,,,,,,,,,,,,,,,,,,,,,,,,,,,,,,,,,,,High,High,High,,,,,
185,2026-04-21,16:55:22.61,2,3,"Sheldon, Jack",10126466,Right,FAI_STA,"Dean, Mason",1000150670,Left,FOR_RAM,Undefined,5,Bottom,1,1,1,ChangeUp,Changeup,BallCalled,Undefined,Undefined,Undefined,0,0,,80.82859,-1.588615,-3.172753,1726.439618,224.774776,1:30,5.0564,1.67198,5.61952,-27.60446,16.40993,14.6465,1.27083,-0.07142,72.86036,-6.767472,-0.560506,0.477495,,,,,,,,,,,,-8.54725,9.31233,-1.4111,50,4.90335,5.91381,-116.99781,-4.08045,-11.63841,25.7048,-19.49382,FOR_RAM,FAI_STA,FordhamUniversity,D1,A10,20260421-FordhamUniversity-1,6a7346a0-3dc4-11f1-a8c0-6b9c5118a01a,78.93789,,,7.96823,,,,,,,9fd2b87c-3fe5-4428-9bed-f2337eda9884,2026-04-21,20:55:22.61,2026-04-21T16:55:22.6101248-04:00,2026-04-21T20:55:22.6101248Z,,v3,471298,471291,a1316deca63447d19dd205c393751d6a,"Baglino, Aidan",1000304988,Right,FAI_STA,4229377a-ceed-4fca-a937-50e6ffd1eabf,54.87822,-118.0647,12.8524,5.05592,-3.27135,-9.74691,-1.66658,6.39687,-5.8192,,,,,,,,,,,,,,,,,,,,,,,,,,,,,,,,,,,,,,,,,,,,,,,,,,,High,High,High,,,,,
186,2026-04-21,16:55:38.57,2,4,"Sheldon, Jack",10126466,Right,FAI_STA,"Dean, Mason",1000150670,Left,FOR_RAM,Undefined,5,Bottom,1,2,1,Fastball,Four-Seam,FoulBallNotFieldable,Undefined,Undefined,Undefined,0,0,,88.88545,-1.83038,-2.487741,2534.355142,214.839789,1:15,5.40458,1.46206,5.69761,-13.57682,23.15052,15.05599,2.56532,0.39702,78.83227,-4.515147,0.201718,0.436181,71.10758,58.507249,-133.647121,3904.129631,,,,,21.48957,,,-8.56985,12.85221,-1.2628,50,5.24298,4.92142,-128.54093,-4.43555,-13.90018,34.22504,-11.32792,FOR_RAM,FAI_STA,FordhamUniversity,D1,A10,20260421-FordhamUniversity-1,73d9bd50-3dc4-11f1-a8c0-6b9c5118a01a,86.41476,34.3083,,10.05318,,,,1.63949,2.76762,-0.47327,9fd2b87c-3fe5-4428-9bed-f2337eda9884,2026-04-21,20:55:38.57,2026-04-21T16:55:38.5748480-04:00,2026-04-21T20:55:38.5748480Z,,v3,471298,471291,a1316deca63447d19dd205c393751d6a,"Baglino, Aidan",1000304988,Right,FAI_STA,5510b2cc-037f-454a-ac1d-46a0fe5a5060,54.79712,-129.81192,17.11252,5.39989,-4.01488,-5.66396,-1.45514,5.43762,-6.95009,,1.65745,-38.18395,-4.8443,,,,,,,2.79165,88.168,-32.9937,,,,,,,-0.48868,-38.93209,11.46035,,,,,,,,,,,,,,,,,,,,,,,,,,,,,High,High,High,Medium,Undefined,,,
187,2026-04-21,16:56:00.23,2,5,"Sheldon, Jack",10126466,Right,FAI_STA,"Dean, Mason",1000150670,Left,FOR_RAM,Undefined,5,Bottom,1,2,2,Slider,Curveball,HitByPitch,Undefined,Undefined,Undefined,0,0,,75.65217,-1.011378,-2.578651,2554.701385,98.033428,9:15,5.03107,1.76629,5.57641,-46.22581,4.70461,-19.16702,0.23325,-2.241,68.1126,-9.498639,-5.994957,0.513641,,,,,,,,,,,,9.14386,3.05268,-1.53039,50,4.91352,5.59211,-109.51634,-3.3237,10.7213,25.56435,-28.59472,FOR_RAM,FAI_STA,FordhamUniversity,D1,A10,20260421-FordhamUniversity-1,80ca4520-3dc4-11f1-a8c0-6b9c5118a01a,73.38279,,,7.53957,,,,,,,9fd2b87c-3fe5-4428-9bed-f2337eda9884,2026-04-21,20:56:00.23,2026-04-21T16:56:00.2320384-04:00,2026-04-21T20:56:00.2320384Z,,v3,471298,471291,a1316deca63447d19dd205c393751d6a,"Baglino, Aidan",1000304988,Right,FAI_STA,90e5dfbf-2b95-460e-ad67-3e25951b1cf2,54.92504,-110.66001,12.78217,5.0336,-2.04446,-14.29736,-1.76983,5.11246,5.36065,,,,,,,,,,,,,,,,,,,,,,,,,,,,,,,,,,,,,,,,,,,,,,,,,,,High,High,High,,,,,
188,2026-04-21,16:56:36.85,3,1,"Sheldon, Jack",10126466,Right,FAI_STA,"Ford, Tim",1000142266,Right,FOR_RAM,Undefined,5,Bottom,1,0,0,Cutter,Slider,StrikeSwinging,Undefined,Undefined,Undefined,0,0,,81.43422,-0.312973,-2.825165,2519.25749,155.006811,11:15,5.30474,1.77005,5.39906,-31.3588,12.20056,-4.96752,2.39786,-1.29346,73.69227,-6.124542,-3.706629,0.47502,,,,,,,,,,,,1.58768,6.68772,-1.51447,50,5.25532,6.02529,-117.88761,-1.67247,2.20481,25.17117,-22.88684,FOR_RAM,FAI_STA,FordhamUniversity,D1,A10,20260421-FordhamUniversity-1,96b56270-3dc4-11f1-a8c0-6b9c5118a01a,79.34912,,,7.74195,,,,,,,9fd2b87c-3fe5-4428-9bed-f2337eda9884,2026-04-21,20:56:36.85,2026-04-21T16:56:36.8592896-04:00,2026-04-21T20:56:36.8592896Z,,v3,471298,471291,a1316deca63447d19dd205c393751d6a,"Baglino, Aidan",1000304988,Right,FAI_STA,6737b4d9-ff19-4f2b-b4b0-b21f37cc4b35,55.0954,-118.97059,12.58558,5.30609,-0.68777,-11.44342,-1.77167,5.93042,1.1024,,,,,,,,,,,,,,,,,,,,,,,,,,,,,,,,,,,,,,,,,,,,,,,,,,,High,High,High,,,,,
189,2026-04-21,16:56:53.47,3,2,"Sheldon, Jack",10126466,Right,FAI_STA,"Ford, Tim",1000142266,Right,FOR_RAM,Undefined,5,Bottom,1,0,1,Cutter,Slider,StrikeSwinging,Undefined,Undefined,Undefined,0,0,,82.24287,-0.963279,-2.780403,2492.242353,169.135609,11:45,5.2469,1.95943,5.42584,-32.3908,10.93615,-1.76299,1.6443,-0.79368,73.38954,-6.989684,-3.093648,0.473751,,,,,,,,,,,,-0.12992,6.34634,-1.71144,50,5.13959,5.84695,-118.85611,-3.06869,-0.18043,28.96621,-23.36038,FOR_RAM,FAI_STA,FordhamUniversity,D1,A10,20260421-FordhamUniversity-1,a086f700-3dc4-11f1-a8c0-6b9c5118a01a,79.56164,,,8.85333,,,,,,,9fd2b87c-3fe5-4428-9bed-f2337eda9884,2026-04-21,20:56:53.47,2026-04-21T16:56:53.4723072-04:00,2026-04-21T20:56:53.4723072Z,,v3,471298,471291,a1316deca63447d19dd205c393751d6a,"Baglino, Aidan",1000304988,Right,FAI_STA,b96d3b2f-87af-4e8c-8297-6dd1d3db9d97,55.06693,-120.08462,14.48311,5.24873,-2.07794,-11.68019,-1.95958,5.8546,-0.09021,,,,,,,,,,,,,,,,,,,,,,,,,,,,,,,,,,,,,,,,,,,,,,,,,,,High,High,High,,,,,
190,2026-04-21,16:57:34.27,3,3,"Sheldon, Jack",10126466,Right,FAI_STA,"Ford, Tim",1000142266,Right,FOR_RAM,Undefined,5,Bottom,2,0,2,Cutter,Cutter,StrikeSwinging,Strikeout,Undefined,Undefined,0,0,,84.67076,-1.698092,-2.910021,2645.805882,169.478713,11:45,5.24865,1.66144,5.53198,-28.83876,11.38658,-1.84189,1.2556,-1.21456,76.51126,-7.049512,-3.237879,0.456479,,,,,,,,,,,,-0.0185,6.73154,-1.40732,50,5.08217,6.30633,-122.52563,-4.59676,-0.02766,27.88896,-22.10769,FOR_RAM,FAI_STA,FordhamUniversity,D1,A10,20260421-FordhamUniversity-1,b9078c40-3dc4-11f1-a8c0-6b9c5118a01a,82.57205,,,8.15949,,,,,,,9fd2b87c-3fe5-4428-9bed-f2337eda9884,2026-04-21,20:57:34.27,2026-04-21T16:57:34.2717952-04:00,2026-04-21T20:57:34.2717952Z,,v3,471298,471291,a1316deca63447d19dd205c393751d6a,"Baglino, Aidan",1000304988,Right,FAI_STA,55bea4c8-ffaf-472f-aeed-159623b8c865,54.96332,-123.6502,13.94448,5.24956,-3.70531,-11.05384,-1.66163,6.30745,-0.01383,,,,,,,,,,,,,,,,,,,,,,,,,,,,,,,,,,,,,,,,,,,,,,,,,,,High,High,High,,,,,
191,2026-04-21,17:00:36.62,1,1,"Berg, Aric",1000177598,Right,FOR_RAM,"Baglino, Aidan",1000304988,Right,FAI_STA,Undefined,6,Top,0,0,0,Fastball,Four-Seam,StrikeSwinging,Undefined,Undefined,Undefined,0,0,,89.7336,-1.600255,-2.053293,2337.327131,204.239261,12:45,5.90932,0.75656,5.45838,-12.51934,23.67777,10.00855,3.36678,-0.33219,79.87166,-4.074282,-0.273112,0.43302,,,,,,,,,,,,-5.67398,12.78583,-0.58231,50,5.76008,4.17627,-129.75024,-3.91232,-9.43448,33.37653,-10.91423,FOR_RAM,FAI_STA,FordhamUniversity,D1,A10,20260421-FordhamUniversity-1,25854a60-3dc5-11f1-a8c0-6b9c5118a01a,87.04542,,,9.86194,,,,,,,9fd2b87c-3fe5-4428-9bed-f2337eda9884,2026-04-21,21:00:36.62,2026-04-21T17:00:36.6268928-04:00,2026-04-21T21:00:36.6268928Z,,v3,471298,471291,a1316deca63447d19dd205c393751d6a,"McAndrews, Thomas",836274,Right,FOR_RAM,5905c66a-cc9b-4758-a769-cb262399d094,55.03273,-131.03845,16.68826,5.90295,-3.49108,-5.45711,-0.75053,4.5404,-4.71724,,,,,,,,,,,,,,,,,,,,,,,,,,,,,,,,,,,,,,,,,,,,,,,,,,,High,High,High,,,,,
192,2026-04-21,17:00:54.25,1,2,"Berg, Aric",1000177598,Right,FOR_RAM,"Baglino, Aidan",1000304988,Right,FAI_STA,Undefined,6,Top,0,0,1,Fastball,Four-Seam,StrikeSwinging,Undefined,Undefined,Undefined,0,0,,89.72991,-1.945116,-2.859036,2442.40163,210.6085,1:00,5.81272,0.79781,5.71786,-13.16713,22.70824,12.58402,2.9006,-0.81896,79.92079,-4.542102,-0.611615,0.431092,,,,,,,,,,,,-7.3226,12.55918,-0.56627,50,5.64201,5.90517,-129.73909,-4.71593,-12.17178,33.40892,-11.2979,FOR_RAM,FAI_STA,FordhamUniversity,D1,A10,20260421-FordhamUniversity-1,3004ab20-3dc5-11f1-a8c0-6b9c5118a01a,87.43483,,,9.80913,,,,,,,9fd2b87c-3fe5-4428-9bed-f2337eda9884,2026-04-21,21:00:54.25,2026-04-21T17:00:54.2558720-04:00,2026-04-21T21:00:54.2558720Z,,v3,471298,471291,a1316deca63447d19dd205c393751d6a,"McAndrews, Thomas",836274,Right,FOR_RAM,de5df49c-73c4-4199-b5bd-ca34877ae416,54.77484,-130.96288,16.70446,5.80719,-4.30208,-5.64895,-0.79074,6.35103,-6.08589,,,,,,,,,,,,,,,,,,,,,,,,,,,,,,,,,,,,,,,,,,,,,,,,,,,High,High,High,,,,,
193,2026-04-21,17:01:12.58,1,3,"Berg, Aric",1000177598,Right,FOR_RAM,"Baglino, Aidan",1000304988,Right,FAI_STA,Undefined,6,Top,0,0,2,Slider,Slider,StrikeCalled,Strikeout,Undefined,Undefined,0,0,,81.34636,0.409978,-1.322372,2782.134047,85.31697,8:45,5.70423,0.9061,5.36205,-42.43947,0.88284,-6.648,2.55216,-0.88814,74.25284,-7.343901,-2.504551,0.473726,,,,,,,,,,,,2.93618,0.76386,-0.7825,50,5.71103,2.99949,-118.00569,-0.65274,4.11251,23.86098,-31.10413,FOR_RAM,FAI_STA,FordhamUniversity,D1,A10,20260421-FordhamUniversity-1,3ae9ab80-3dc5-11f1-a8c0-6b9c5118a01a,79.56591,,,7.09352,,,,,,,9fd2b87c-3fe5-4428-9bed-f2337eda9884,2026-04-21,21:01:12.58,2026-04-21T17:01:12.5830000-04:00,2026-04-21T21:01:12.5830000Z,,v3,471298,471291,a1316deca63447d19dd205c393751d6a,"McAndrews, Thomas",836274,Right,FOR_RAM,9ee62ff6-3ef8-43b0-994e-fd5047a870bd,55.13568,-119.0396,11.93049,5.71011,0.69503,-15.55207,-0.90861,2.82129,2.05626,,,,,,,,,,,,,,,,,,,,,,,,,,,,,62.29592,,,0.998438,,,,3.38728,5.0873,6.55024,73.11187,5.63532,51.66495,3.43809,77.38113,-7.64325,5.11324,14.83122,-14.3487,6.53845,45.15085,0.05392,High,High,High,,,High,Low,Medium
194,2026-04-21,17:01:44.39,2,1,"Berg, Aric",1000177598,Right,FOR_RAM,"Spencer, Luke",1000467084,Right,FAI_STA,Undefined,6,Top,1,0,0,Fastball,Four-Seam,BallCalled,Undefined,Undefined,Undefined,0,0,,89.31104,-0.930726,-1.528603,2412.115437,202.545133,12:45,5.88396,0.85623,5.70316,-10.58422,25.81112,10.0867,4.13433,0.27215,78.96603,-3.088805,0.274333,0.434204,,,,,,,,,,,,-5.57855,13.72099,-0.73392,50,5.79932,2.97435,-129.16196,-2.25788,-9.1307,34.69647,-9.71621,FOR_RAM,FAI_STA,FordhamUniversity,D1,A10,20260421-FordhamUniversity-1,4ddf7da0-3dc5-11f1-a8c0-6b9c5118a01a,86.80804,,,10.34501,,,,,,,9fd2b87c-3fe5-4428-9bed-f2337eda9884,2026-04-21,21:01:44.39,2026-04-21T17:01:44.3924992-04:00,2026-04-21T21:01:44.3924992Z,,v3,471298,471291,a1316deca63447d19dd205c393751d6a,"McAndrews, Thomas",836274,Right,FOR_RAM,aafd5ccf-482c-4e29-900c-a7d7df07f974,54.786,-130.44127,17.34824,5.87597,-1.89963,-4.8581,-0.84979,3.31102,-4.56535,,,,,,,,,,,,,,,,,,,,,,,,,,,,,,,,,,,,,,,,,,,,,,,,,,,High,High,High,,,,,
195,2026-04-21,17:02:00.13,2,2,"Berg, Aric",1000177598,Right,FOR_RAM,"Spencer, Luke",1000467084,Right,FAI_STA,Undefined,6,Top,1,1,0,Fastball,Four-Seam,InPlay,Undefined,Popup,Out,1,0,,89.56915,-2.317966,-1.746515,2430.626271,207.527852,1:00,5.78409,0.83341,5.578,-13.29953,22.70462,11.10788,2.50874,0.12739,80.19006,-4.919206,0.234458,0.431865,75.55935,45.298154,7.485166,,107.88331,85.5632,21.47452,233.0767,230.18719,13.207313,4.887171,-6.23256,12.68158,-0.69071,50,5.57652,3.45988,-129.64511,-5.59262,-10.38095,32.50446,-11.05166,FOR_RAM,FAI_STA,FordhamUniversity,D1,A10,20260421-FordhamUniversity-1,5745cd40-3dc5-11f1-a8c0-6b9c5118a01a,87.27834,88.30084,,9.37909,,,,1.14283,2.54516,-0.10636,9fd2b87c-3fe5-4428-9bed-f2337eda9884,2026-04-21,21:02:00.13,2026-04-21T17:02:00.1303040-04:00,2026-04-21T21:02:00.1303040Z,FlyBall,v3,471298,471291,a1316deca63447d19dd205c393751d6a,"McAndrews, Thomas",836274,Right,FOR_RAM,e13e59ef-4ba3-4412-8e29-cab1cee0bafc,54.91801,-130.87233,16.25223,5.77979,-5.17535,-5.52583,-0.82874,3.85182,-5.19048,196.736868,1.14581,77.21627,-16.99813,4.24671,-0.48571,-0.09225,0.04689,-0.00701,0.00037,2.54153,78.84119,-20.77532,1.65463,-0.31883,0.05548,-0.00075,-0.0013,0.00012,-0.1063,10.15609,1.69827,-0.84026,0.21117,-0.02504,-0.00147,0.00072,-5E-05,,,,,,,,,,,,,,,,,,,,,,,High,High,High,High,Medium,,,
196,2026-04-21,17:02:39.97,3,1,"Berg, Aric",1000177598,Right,FOR_RAM,"Paine, Ryan",1000467079,Right,FAI_STA,Undefined,6,Top,2,0,0,Fastball,Four-Seam,StrikeSwinging,Undefined,Undefined,Undefined,0,0,,90.15273,-1.558519,-2.002956,2394.722289,200.876936,12:45,5.92892,0.84367,5.51096,-8.40646,27.25714,9.86607,3.76972,-0.20793,80.44585,-3.295724,-0.246582,0.429817,,,,,,,,,,,,-5.58445,14.55241,-0.67549,50,5.7876,4.09602,-130.43805,-3.64903,-9.41506,32.91785,-7.63962,FOR_RAM,FAI_STA,FordhamUniversity,D1,A10,20260421-FordhamUniversity-1,6f03aec0-3dc5-11f1-a8c0-6b9c5118a01a,87.69406,,,9.70687,,,,,,,9fd2b87c-3fe5-4428-9bed-f2337eda9884,2026-04-21,21:02:39.97,2026-04-21T17:02:39.9729664-04:00,2026-04-21T21:02:39.9729664Z,,v3,471298,471291,a1316deca63447d19dd205c393751d6a,"McAndrews, Thomas",836274,Right,FOR_RAM,43554139-ebc7-49d1-bea4-73def2203b3c,54.98132,-131.68916,16.45893,5.92077,-3.35867,-3.81981,-0.83796,4.45386,-4.70753,,,,,,,,,,,,,,,,,,,,,,,,,,,,,,,,,,,,,,,,,,,,,,,,,,,High,High,High,,,,,
197,2026-04-21,17:02:57.51,3,2,"Berg, Aric",1000177598,Right,FOR_RAM,"Paine, Ryan",1000467079,Right,FAI_STA,Undefined,6,Top,2,0,1,Fastball,Four-Seam,StrikeCalled,Undefined,Undefined,Undefined,0,0,,89.12697,-2.238332,-1.645327,2321.520354,213.75948,1:15,5.81131,0.66109,5.51727,-12.93182,23.63371,14.82603,2.63886,0.35776,79.51132,-4.782978,0.996139,0.435218,,,,,,,,,,,,-7.97646,13.05056,-0.52772,50,5.6081,3.01962,-128.92393,-5.34668,-13.10387,32.78047,-10.73432,FOR_RAM,FAI_STA,FordhamUniversity,D1,A10,20260421-FordhamUniversity-1,79833690-3dc5-11f1-a8c0-6b9c5118a01a,86.60578,,,9.61565,,,,,,,9fd2b87c-3fe5-4428-9bed-f2337eda9884,2026-04-21,21:02:57.51,2026-04-21T17:02:57.5186432-04:00,2026-04-21T21:02:57.5186432Z,,v3,471298,471291,a1316deca63447d19dd205c393751d6a,"McAndrews, Thomas",836274,Right,FOR_RAM,8d5adc53-8707-4e25-858a-f77413d8e77c,54.97599,-130.18299,16.39024,5.80554,-4.93439,-5.36716,-0.65336,3.52292,-6.55194,,,,,,,,,,,,,,,,,,,,,,,,,,,,,,,,,,,,,,,,,,,,,,,,,,,High,High,High,,,,,
198,2026-04-21,17:03:16.26,3,3,"Berg, Aric",1000177598,Right,FOR_RAM,"Paine, Ryan",1000467079,Right,FAI_STA,Undefined,6,Top,2,0,2,Slider,Slider,StrikeCalled,Strikeout,Undefined,Undefined,0,0,,80.18588,0.102837,0.197834,2804.156648,70.649656,8:15,5.67161,0.91502,5.1318,-48.53337,-3.33902,-13.95331,1.72402,-0.06145,72.99724,-8.702928,-2.276938,0.483853,,,,,,,,,,,,7.02059,-1.25449,-0.92223,50,5.64366,0.17931,-116.28222,-1.54915,9.48744,24.45642,-33.86935,FOR_RAM,FAI_STA,FordhamUniversity,D1,A10,20260421-FordhamUniversity-1,84ae8ec0-3dc5-11f1-a8c0-6b9c5118a01a,77.90061,,,7.18865,,,,,,,9fd2b87c-3fe5-4428-9bed-f2337eda9884,2026-04-21,21:03:16.26,2026-04-21T17:03:16.2640000-04:00,2026-04-21T21:03:16.2640000Z,,v3,471298,471291,a1316deca63447d19dd205c393751d6a,"McAndrews, Thomas",836274,Right,FOR_RAM,3f2538aa-8d9a-44bf-a9ce-e6640e2369f4,55.36728,-117.40564,12.22821,5.67909,0.00665,-16.93468,-0.92046,-0.2565,4.74372,,,,,,,,,,,,,,,,,,,,,,,,,,,,,54.11201,2.963306,1.6448,1.318506,0.6987,1.61317,0.09022,-1.1186,4.26968,3.43299,74.16525,-0.53251,-50.61722,-1.14816,58.85319,-1.25847,4.32942,18.76773,-17.14317,3.38414,-49.37868,6.46801,High,High,High,,,High,Medium,Low
199,2026-04-21,17:06:01.19,1,1,"Youngman, Will",10063687,Left,FAI_STA,"Youngman, Will",10063687,Left,FOR_RAM,Undefined,6,Bottom,0,0,0,Fastball,Four-Seam,InPlay,Undefined,Bunt,Out,1,0,,88.53609,-1.997074,2.829864,2114.979934,148.162182,11:00,5.53471,-1.30019,6.42283,-22.72702,12.79587,-7.14079,1.80208,0.7081,79.9062,-6.317754,1.5367,0.428969,19.48993,-50.945219,-25.263842,,,,,5.94526,5.94518,-13.23074,0.091363,4.68705,7.71713,1.10152,50,5.38188,-6.06931,-128.35708,-5.13003,7.68541,30.81735,-19.52013,FOR_RAM,FAI_STA,FordhamUniversity,D1,A10,20260421-FordhamUniversity-1,e6f31ce0-3dc5-11f1-a8c0-6b9c5118a01a,87.86759,2.10821,,8.62989,,,,4.24043,2.10821,-0.63063,9fd2b87c-3fe5-4428-9bed-f2337eda9884,2026-04-21,21:06:01.19,2026-04-21T17:06:01.1909120-04:00,2026-04-21T21:06:01.1909120Z,GroundBall,v3,471298,471291,a1316deca63447d19dd205c393751d6a,"Baglino, Aidan",1000304988,Right,FAI_STA,e3ef4205-f41f-4a38-9e11-c951aa588863,54.07482,-129.33171,15.40868,5.53436,-4.51269,-9.76007,1.29731,-6.31237,3.84271,,4.23095,16.93257,,,,,,,,2.12113,-23.07636,,,,,,,,-0.62616,-7.99092,,,,,,,,,,,,,,,,,,,,,,,,,,,,,,High,High,High,Estimated,Estimated,,,
200,2026-04-21,17:06:36.27,2,1,"Youngman, Will",10063687,Left,FAI_STA,"Kirk, Taylor",1000367095,Right,FOR_RAM,Undefined,6,Bottom,1,0,0,Fastball,Four-Seam,StrikeCalled,Undefined,Undefined,Undefined,0,0,,88.72337,-2.991557,2.158916,2108.335509,155.966421,11:15,5.67846,-1.24938,6.70723,-18.088,16.97434,-6.98615,1.43167,0.14316,79.94847,-6.489903,0.886076,0.426179,,,,,,,,,,,,4.40028,10.33186,1.10855,50,5.47241,-4.58221,-128.61461,-7.16379,7.23379,31.29246,-15.18917,FOR_RAM,FAI_STA,FordhamUniversity,D1,A10,20260421-FordhamUniversity-1,fbffe820-3dc5-11f1-a8c0-6b9c5118a01a,88.44276,,,8.7749,,,,,,,9fd2b87c-3fe5-4428-9bed-f2337eda9884,2026-04-21,21:06:36.27,2026-04-21T17:06:36.2750976-04:00,2026-04-21T21:06:36.2750976Z,,v3,471298,471291,a1316deca63447d19dd205c393751d6a,"Baglino, Aidan",1000304988,Right,FAI_STA,b13124cf-019a-41db-aa00-808f3ff48546,53.78871,-129.53314,15.64623,5.67615,-6.71794,-7.59458,1.24616,-4.79455,3.61689,,,,,,,,,,,,,,,,,,,,,,,,,,,,,,,,,,,,,,,,,,,,,,,,,,,High,High,High,,,,,
201,2026-04-21,17:06:54.58,2,2,"Youngman, Will",10063687,Left,FAI_STA,"Kirk, Taylor",1000367095,Right,FOR_RAM,Undefined,6,Bottom,1,0,1,Fastball,Sinker,BallCalled,Undefined,Undefined,Undefined,0,0,,88.82481,0.180191,0.459168,2094.365985,133.450056,10:30,5.69219,-1.36281,6.30153,-22.30045,12.89308,-12.32859,3.99983,-1.96714,80.3236,-4.063112,-1.770922,0.426975,,,,,,,,,,,,6.49969,6.99847,1.33446,50,5.69471,-0.52656,-128.99231,-0.24647,10.82213,29.78269,-20.52145,FOR_RAM,FAI_STA,FordhamUniversity,D1,A10,20260421-FordhamUniversity-1,06cfd9e0-3dc6-11f1-a8c0-6b9c5118a01a,88.27778,,,8.50121,,,,,,,9fd2b87c-3fe5-4428-9bed-f2337eda9884,2026-04-21,21:06:54.58,2026-04-21T17:06:54.5857024-04:00,2026-04-21T21:06:54.5857024Z,,v3,471298,471291,a1316deca63447d19dd205c393751d6a,"Baglino, Aidan",1000304988,Right,FAI_STA,b5e15686-80c3-4508-86e9-66acfe6eaec0,54.19418,-129.95709,14.89135,5.69192,0.4183,-10.26073,1.35719,-0.87713,5.41107,,,,,,,,,,,,,,,,,,,,,,,,,,,,,,,,,,,,,,,,,,,,,,,,,,,High,High,High,,,,,
202,2026-04-21,17:07:14.16,2,3,"Youngman, Will",10063687,Left,FAI_STA,"Kirk, Taylor",1000367095,Right,FOR_RAM,Undefined,6,Bottom,1,1,1,Fastball,Four-Seam,InPlay,Undefined,LineDrive,Out,1,0,,88.30405,-2.919051,1.760555,2130.0649,151.069448,11:00,5.57654,-1.26418,6.45629,-18.32166,17.12316,-8.77989,1.36463,-0.37804,80.16833,-6.430263,0.167865,0.428497,86.47842,25.685677,-3.114997,3688.408597,109.99434,45.38947,-1.08504,310.78781,302.51751,3.441415,4.147902,5.14874,10.23075,1.14342,50,5.36162,-3.59889,-128.09663,-7.01324,8.46594,29.02922,-15.35187,FOR_RAM,FAI_STA,FordhamUniversity,D1,A10,20260421-FordhamUniversity-1,1278ed90-3dc6-11f1-a8c0-6b9c5118a01a,87.9643,55.20543,,8.13573,,,,1.81917,1.46691,0.38717,9fd2b87c-3fe5-4428-9bed-f2337eda9884,2026-04-21,21:07:14.16,2026-04-21T17:07:14.1681664-04:00,2026-04-21T21:07:14.1681664Z,LineDrive,v3,471298,471291,a1316deca63447d19dd205c393751d6a,"Baglino, Aidan",1000304988,Right,FAI_STA,4015aea3-12b4-4f65-98b3-ab08b39e706e,54.04134,-129.00923,14.51461,5.57451,-6.53062,-7.67594,1.26074,-3.86504,4.23297,201.102951,1.8191,114.13602,-20.89919,5.27111,-1.16355,0.25587,-0.05242,0.00737,-0.00046,1.46783,54.94865,-13.9375,-0.72901,0.71024,-0.31051,0.08361,-0.01194,0.00068,0.38719,-6.21198,5.77347,-1.62926,0.41579,-0.09851,0.01968,-0.00259,0.00015,,,,,,,,,,,,,,,,,,,,,,,High,High,High,High,High,,,
203,2026-04-21,17:07:51.41,3,1,"Youngman, Will",10063687,Left,FAI_STA,"Grabau, Anthony",1000407420,Left,FOR_RAM,Undefined,6,Bottom,2,0,0,Fastball,Four-Seam,InPlay,Undefined,Popup,Out,1,0,,88.81129,-1.707639,1.593116,2092.859797,163.153119,11:30,5.56091,-1.29652,6.3082,-19.2234,16.10745,-4.49398,2.38479,-0.20304,80.21249,-5.39004,0.780314,0.427808,84.14263,50.125042,-3.297125,5189.836762,109.87191,113.83269,-5.30572,251.58319,120.57335,-2.596721,5.764134,2.85599,9.30016,1.18185,50,5.4265,-3.40501,-128.85963,-4.37242,4.73107,30.4723,-16.76796,FOR_RAM,FAI_STA,FordhamUniversity,D1,A10,20260421-FordhamUniversity-1,28aea870-3dc6-11f1-a8c0-6b9c5118a01a,88.10606,124.95828,,8.5988,,,,1.99944,2.39495,0.21693,9fd2b87c-3fe5-4428-9bed-f2337eda9884,2026-04-21,21:07:51.41,2026-04-21T17:07:51.4110976-04:00,2026-04-21T21:07:51.4110976Z,FlyBall,v3,471298,471291,a1316deca63447d19dd205c393751d6a,"Baglino, Aidan",1000304988,Right,FAI_STA,91367f42-0404-4b97-9533-d74b41663baf,54.18864,-129.84637,15.23615,5.55929,-3.82945,-8.38398,1.29459,-3.55821,2.36553,181.161379,2.00675,78.84288,-17.48487,3.79417,-0.32384,-0.05983,0.02016,-0.0021,8E-05,2.39377,94.72654,-21.66467,1.81007,-0.17907,-0.05454,0.02523,-0.00376,0.0002,0.21638,-4.53924,1.32161,-0.30261,0.02773,0.00462,-0.00172,0.00019,-1E-05,,,,,,,,,,,,,,,,,,,,,,,High,High,High,High,Low,,,
204,2026-04-21,17:10:27.24,1,1,"Berg, Aric",1000177598,Right,FOR_RAM,"Schmalzle, TJ",1000213571,Right,FAI_STA,Undefined,7,Top,0,0,0,Slider,Slider,StrikeCalled,Undefined,Undefined,Undefined,0,0,,78.61244,0.602526,-0.233994,2820.136368,102.399155,9:30,5.79022,0.91795,5.24621,-42.73258,4.1237,-11.30016,2.79542,-0.24363,71.31092,-7.226045,-2.239699,0.492669,,,,,,,,,,,,5.53315,2.39043,-0.88789,50,5.81429,0.93133,-113.94904,-0.26626,7.18393,23.38549,-29.07046,FOR_RAM,FAI_STA,FordhamUniversity,D1,A10,20260421-FordhamUniversity-1,85ab96f0-3dc6-11f1-a8c0-6b9c5118a01a,76.50659,,,7.30152,,,,,,,9fd2b87c-3fe5-4428-9bed-f2337eda9884,2026-04-21,21:10:27.24,2026-04-21T17:10:27.2478720-04:00,2026-04-21T21:10:27.2478720Z,,v3,471298,471291,a1316deca63447d19dd205c393751d6a,"McAndrews, Thomas",836274,Right,FOR_RAM,521a89dd-9135-45f3-8386-27bd321ae207,55.24962,-115.02137,11.69275,5.79595,1.06674,-14.53523,-0.92304,0.60192,3.59197,,,,,,,,,,,,,,,,,,,,,,,,,,,,,,,,,,,,,,,,,,,,,,,,,,,High,High,High,,,,,
205,2026-04-21,17:10:47.70,1,2,"Berg, Aric",1000177598,Right,FOR_RAM,"Schmalzle, TJ",1000213571,Right,FAI_STA,Undefined,7,Top,0,0,1,Fastball,Four-Seam,BallCalled,Undefined,Undefined,Undefined,0,0,,88.63207,-1.332323,-2.326025,2296.950832,218.453309,1:15,5.86984,0.91181,5.43766,-14.31469,22.97552,17.02111,3.4281,0.15094,78.55748,-4.142253,0.700401,0.43951,,,,,,,,,,,,-9.25398,12.36843,-0.71749,50,5.74253,4.398,-128.09816,-3.33366,-14.92992,33.61762,-12.21945,FOR_RAM,FAI_STA,FordhamUniversity,D1,A10,20260421-FordhamUniversity-1,91b87580-3dc6-11f1-a8c0-6b9c5118a01a,85.7601,,,10.0746,,,,,,,9fd2b87c-3fe5-4428-9bed-f2337eda9884,2026-04-21,21:10:47.70,2026-04-21T17:10:47.7008896-04:00,2026-04-21T21:10:47.7008896Z,,v3,471298,471291,a1316deca63447d19dd205c393751d6a,"McAndrews, Thomas",836274,Right,FOR_RAM,54d1691d-9bbe-466c-9683-e5db3de7a576,55.0533,-129.41754,16.80881,5.86396,-2.85409,-6.10972,-0.90159,4.98395,-7.46496,,,,,,,,,,,,,,,,,,,,,,,,,,,,,,,,,,,,,,,,,,,,,,,,,,,High,High,High,,,,,
206,2026-04-21,17:11:07.46,1,3,"Berg, Aric",1000177598,Right,FOR_RAM,"Schmalzle, TJ",1000213571,Right,FAI_STA,Undefined,7,Top,0,1,1,Fastball,Four-Seam,FoulBallNotFieldable,Undefined,Undefined,Undefined,0,0,,88.86992,-2.856023,-0.889641,2300.651494,213.549087,1:00,5.83121,0.75174,5.56533,-11.58351,25.80954,15.99001,2.19536,1.25309,77.9574,-5.201635,1.962094,0.440116,,,,,,,,,,,,-8.40926,14.62969,-0.68578,50,5.57803,1.2634,-128.30254,-6.62275,-13.41504,37.15172,-8.83574,FOR_RAM,FAI_STA,FordhamUniversity,D1,A10,20260421-FordhamUniversity-1,9d7956f0-3dc6-11f1-a8c0-6b9c5118a01a,85.64211,,,10.91253,,,,,,,9fd2b87c-3fe5-4428-9bed-f2337eda9884,2026-04-21,21:11:07.46,2026-04-21T17:11:07.4614272-04:00,2026-04-21T21:11:07.4614272Z,,v3,471298,471291,a1316deca63447d19dd205c393751d6a,"McAndrews, Thomas",836274,Right,FOR_RAM,72545e46-c51d-4fb8-978d-9a440eaf57f0,54.92656,-129.72125,18.57586,5.82449,-6.28534,-4.41787,-0.7438,1.77567,-6.70752,,,,,,,,,,,,,,,,,,,,,,,,,,,,,,,,,,,,,,,,,,,,,,,,,,,High,High,High,,,,,
207,2026-04-21,17:11:46.89,1,4,"Berg, Aric",1000177598,Right,FOR_RAM,"Schmalzle, TJ",1000213571,Right,FAI_STA,Undefined,7,Top,0,1,2,Curveball,Curveball,FoulBallNotFieldable,Undefined,Undefined,Undefined,0,0,,76.82527,1.242028,-1.674541,2598.291928,32.349026,7:00,5.73352,0.75844,5.14905,-63.47716,-13.48253,-9.7578,1.61374,-1.63164,69.19354,-10.25107,-3.405422,0.508901,59.27379,17.099242,155.388655,4081.844694,,,,89.60946,51.31135,156.154877,1.258575,4.245,-6.60949,-0.59397,50,5.80091,3.64516,-111.20119,0.16149,5.16114,25.33174,-40.21001,FOR_RAM,FAI_STA,FordhamUniversity,D1,A10,20260421-FordhamUniversity-1,b50eeff0-3dc6-11f1-a8c0-6b9c5118a01a,74.06639,8.54457,,7.63174,,,,1.29574,1.47274,1.60611,9fd2b87c-3fe5-4428-9bed-f2337eda9884,2026-04-21,21:11:46.89,2026-04-21T17:11:46.8921344-04:00,2026-04-21T21:11:46.8921344Z,GroundBall,v3,471298,471291,a1316deca63447d19dd205c393751d6a,"McAndrews, Thomas",836274,Right,FOR_RAM,5e87a777-d3e8-4176-a5ff-e1a341f5b153,55.3501,-112.41334,12.66587,5.74715,2.08558,-20.10501,-0.76249,3.3982,2.58057,338.020946,1.29574,-75.54356,7.05714,0.44743,-0.15477,0.10018,-0.11618,0.09382,-0.02949,1.47274,25.56135,-24.88029,3.48976,-0.66643,0.24563,-0.12898,0.05955,-0.01254,1.60611,34.60469,-5.66454,0.02553,0.00794,-0.04173,0.07331,-0.06359,0.02034,,,,,,,,,,,,,,,,,,,,,,,High,High,High,High,Medium,,,
208,2026-04-21,17:12:19.21,1,5,"Berg, Aric",1000177598,Right,FOR_RAM,"Schmalzle, TJ",1000213571,Right,FAI_STA,Undefined,7,Top,0,1,2,Fastball,Four-Seam,InPlay,Undefined,Popup,Out,1,0,,89.56055,-1.894053,-1.084283,2191.392786,220.555688,1:15,5.77751,0.80566,5.38081,-18.08962,18.48832,14.5352,2.4936,1.0004,79.56212,-5.354199,1.500625,0.435292,55.50687,41.860446,-25.401714,2844.303009,99.18529,45.55831,-47.56334,172.04722,167.119,-25.031235,3.62103,-7.67524,10.38225,-0.71928,50,5.59604,1.77775,-129.51029,-4.84296,-12.64245,34.65038,-15.07267,FOR_RAM,FAI_STA,FordhamUniversity,D1,A10,20260421-FordhamUniversity-1,c8485ac0-3dc6-11f1-a8c0-6b9c5118a01a,86.59111,47.70662,,9.99843,,,,1.41706,2.41206,-0.98098,9fd2b87c-3fe5-4428-9bed-f2337eda9884,2026-04-21,21:12:19.21,2026-04-21T17:12:19.2113152-04:00,2026-04-21T21:12:19.2113152Z,Popup,v3,471298,471291,a1316deca63447d19dd205c393751d6a,"McAndrews, Thomas",836274,Right,FOR_RAM,3675d30c-f079-4a83-9784-4db2b1c9a7eb,55.11284,-130.87107,17.32519,5.77461,-4.25103,-7.53634,-0.79885,2.27425,-6.32123,178.191414,1.41732,54.75673,-5.65378,0.70371,0.29556,-0.296,0.11152,-0.01971,0.00135,2.41153,54.34626,-17.88675,1.48977,-0.63653,0.27912,-0.07168,0.00932,-0.00048,-0.98116,-26.00298,2.51327,-0.36332,-0.00985,0.05762,-0.02374,0.00423,-0.00029,,,,,,,,,,,,,,,,,,,,,,,High,High,High,High,High,,,
209,2026-04-21,17:12:49.74,2,1,"Berg, Aric",1000177598,Right,FOR_RAM,"Haarde, Jake",831933,Right,FAI_STA,Undefined,7,Top,1,0,0,Curveball,Curveball,StrikeCalled,Undefined,Undefined,Undefined,0,0,,79.0099,1.823354,0.766383,2779.007662,60.997915,8:00,5.75605,0.95276,5.16831,-54.1031,-6.3478,-15.12257,2.96416,0.41384,69.93618,-8.08007,-1.915078,0.497373,,,,,,,,,,,,7.71004,-3.15,-1.01244,50,5.88571,-0.87164,-114.15281,1.66795,9.7812,28.55068,-36.17022,FOR_RAM,FAI_STA,FordhamUniversity,D1,A10,20260421-FordhamUniversity-1,daa7b940-3dc6-11f1-a8c0-6b9c5118a01a,75.78304,,,9.07372,,,,,,,9fd2b87c-3fe5-4428-9bed-f2337eda9884,2026-04-21,21:12:49.74,2026-04-21T17:12:49.7475584-04:00,2026-04-21T21:12:49.7475584Z,,v3,471298,471291,a1316deca63447d19dd205c393751d6a,"McAndrews, Thomas",836274,Right,FOR_RAM,acd4e445-920f-4b93-98b1-8ef0f2b24828,55.32489,-115.47693,14.27534,5.76946,3.34546,-18.08511,-0.9615,-1.32528,4.8906,,,,,,,,,,,,,,,,,,,,,,,,,,,,,,,,,,,,,,,,,,,,,,,,,,,High,High,High,,,,,
210,2026-04-21,17:13:06.92,2,2,"Berg, Aric",1000177598,Right,FOR_RAM,"Haarde, Jake",831933,Right,FAI_STA,Undefined,7,Top,1,0,1,Fastball,Four-Seam,StrikeSwinging,Undefined,Undefined,Undefined,0,0,,89.01314,-1.186864,-2.316146,2293.455005,201.770556,12:45,5.84357,0.64535,5.63715,-13.33587,23.44285,8.7476,3.62393,-0.78764,78.71587,-3.83374,-0.755549,0.436485,,,,,,,,,,,,-5.20414,12.62977,-0.45374,50,5.73436,4.79416,-128.64224,-2.95871,-8.44804,34.4588,-11.67176,FOR_RAM,FAI_STA,FordhamUniversity,D1,A10,20260421-FordhamUniversity-1,e4b96410-3dc6-11f1-a8c0-6b9c5118a01a,86.35439,,,10.29727,,,,,,,9fd2b87c-3fe5-4428-9bed-f2337eda9884,2026-04-21,21:13:06.92,2026-04-21T17:13:06.9212160-04:00,2026-04-21T21:13:06.9212160Z,,v3,471298,471291,a1316deca63447d19dd205c393751d6a,"McAndrews, Thomas",836274,Right,FOR_RAM,3e571ed7-ed6d-41a4-a173-0831606821db,54.85217,-129.93547,17.2294,5.83718,-2.52068,-5.83588,-0.63961,5.11121,-4.22402,,,,,,,,,,,,,,,,,,,,,,,,,,,,,,,,,,,,,,,,,,,,,,,,,,,High,High,High,,,,,
211,2026-04-21,17:13:27.83,2,3,"Berg, Aric",1000177598,Right,FOR_RAM,"Haarde, Jake",831933,Right,FAI_STA,Undefined,7,Top,1,0,2,Fastball,Four-Seam,BallCalled,Undefined,Undefined,Undefined,0,0,,89.0386,-0.891922,-1.964704,2323.369119,194.500069,12:30,5.81981,0.74589,5.84083,-10.41083,26.42895,6.40744,4.12277,-0.54681,77.89659,-3.050655,-0.817048,0.436848,,,,,,,,,,,,-3.98583,14.12383,-0.58926,50,5.7409,4.11355,-128.60516,-2.12541,-6.39541,37.07311,-9.51197,FOR_RAM,FAI_STA,FordhamUniversity,D1,A10,20260421-FordhamUniversity-1,f12ccca0-3dc6-11f1-a8c0-6b9c5118a01a,86.28282,,,11.14202,,,,,,,9fd2b87c-3fe5-4428-9bed-f2337eda9884,2026-04-21,21:13:27.83,2026-04-21T17:13:27.8396416-04:00,2026-04-21T21:13:27.8396416Z,,v3,471298,471291,a1316deca63447d19dd205c393751d6a,"McAndrews, Thomas",836274,Right,FOR_RAM,3b10435a-4b0a-4eda-8e09-2e820ec5fa7f,54.64578,-129.93749,18.53656,5.81114,-1.78357,-4.75598,-0.74122,4.34339,-3.1977,,,,,,,,,,,,,,,,,,,,,,,,,,,,,,,,,,,,,,,,,,,,,,,,,,,High,High,High,,,,,
212,2026-04-21,17:13:53.89,2,4,"Berg, Aric",1000177598,Right,FOR_RAM,"Haarde, Jake",831933,Right,FAI_STA,Undefined,7,Top,1,1,2,Curveball,Curveball,InPlay,Undefined,FlyBall,Out,1,0,,78.69224,1.109494,0.153126,2716.931458,60.000178,8:00,5.71203,0.96161,5.0492,-51.30255,-4.04559,-9.93678,2.48341,0.27798,71.25873,-8.207768,-1.605598,0.494771,88.01653,46.680798,-12.125713,4187.804775,106.70677,102.2911,-26.7137,298.92863,264.14075,-16.407066,5.800699,5.0041,-1.93547,-0.96777,50,5.77667,0.10358,-114.03286,0.36983,6.47911,24.23499,-34.67999,FOR_RAM,FAI_STA,FordhamUniversity,D1,A10,20260421-FordhamUniversity-1,00bd0590-3dc7-11f1-a8c0-6b9c5118a01a,76.18158,123.62473,,7.43351,,,,2.02711,2.48045,-0.23636,9fd2b87c-3fe5-4428-9bed-f2337eda9884,2026-04-21,21:13:53.89,2026-04-21T17:13:53.8990080-04:00,2026-04-21T21:13:53.8990080Z,FlyBall,v3,471298,471291,a1316deca63447d19dd205c393751d6a,"McAndrews, Thomas",836274,Right,FOR_RAM,eaed1b32-963a-4597-9f75-ec1a1b1ad189,55.44961,-115.18522,12.11749,5.71988,2.01885,-17.34,-0.96537,-0.2045,3.23956,169.814886,2.03309,86.48719,-17.65948,4.05216,-0.58215,0.03163,0.00411,-0.0007,3E-05,2.479,93.92591,-21.64274,1.79765,-0.17262,-0.03856,0.01765,-0.0025,0.00012,-0.23734,-18.58597,1.30089,-0.10917,-0.0369,0.01635,-0.00256,0.00017,-0,,,,,,,,,,,,,,,,,,,,,,,High,High,High,High,Low,,,
213,2026-04-21,17:14:35.31,3,1,"Berg, Aric",1000177598,Right,FOR_RAM,"Bucciero, Matthew",1000238377,Right,FAI_STA,Undefined,7,Top,2,0,0,Slider,Slider,BallCalled,Undefined,Undefined,Undefined,0,0,,80.22499,2.601319,-0.909689,2767.784338,68.61212,8:15,5.73208,0.97304,5.31348,-48.76892,-3.68075,-13.47851,4.11151,-1.00405,72.40078,-6.318018,-3.301431,0.483284,,,,,,,,,,,,6.38874,-2.14008,-0.88069,50,5.93318,2.41323,-116.17485,3.53443,8.5929,24.98383,-35.05246,FOR_RAM,FAI_STA,FordhamUniversity,D1,A10,20260421-FordhamUniversity-1,1964f8f0-3dc7-11f1-a8c0-6b9c5118a01a,77.99224,,,7.82421,,,,,,,9fd2b87c-3fe5-4428-9bed-f2337eda9884,2026-04-21,21:14:35.31,2026-04-21T17:14:35.3181696-04:00,2026-04-21T21:14:35.3181696Z,,v3,471298,471291,a1316deca63447d19dd205c393751d6a,"McAndrews, Thomas",836274,Right,FOR_RAM,91b9afc0-858f-4e72-9050-2dc16efad713,55.18354,-117.2843,12.49191,5.74167,5.09098,-17.52623,-0.97938,2.03164,4.29645,,,,,,,,,,,,,,,,,,,,,,,,,,,,,,,,,,,,,,,,,,,,,,,,,,,High,High,High,,,,,
214,2026-04-21,17:14:51.43,3,2,"Berg, Aric",1000177598,Right,FOR_RAM,"Bucciero, Matthew",1000238377,Right,FAI_STA,Undefined,7,Top,2,1,0,Fastball,Four-Seam,InPlay,Undefined,FlyBall,Out,1,0,,88.43664,-2.495716,-2.472802,2274.094216,211.13042,1:00,5.78614,0.77344,5.87954,-15.8895,20.91068,11.72158,2.14063,-0.54766,78.71028,-5.590986,-0.371563,0.436613,83.04496,32.028382,-2.537987,2973.791206,109.97031,59.27502,-2.54001,300.8639,296.05838,-1.089234,4.601589,-6.90461,12.02446,-0.58052,50,5.57554,5.02415,-127.90595,-5.99103,-11.11047,33.42422,-12.82504,FOR_RAM,FAI_STA,FordhamUniversity,D1,A10,20260421-FordhamUniversity-1,22fa20c0-3dc7-11f1-a8c0-6b9c5118a01a,86.3292,70.68267,,9.72636,,,,1.97009,2.25529,0.55979,9fd2b87c-3fe5-4428-9bed-f2337eda9884,2026-04-21,21:14:51.43,2026-04-21T17:14:51.4329088-04:00,2026-04-21T21:14:51.4329088Z,FlyBall,v3,471298,471291,a1316deca63447d19dd205c393751d6a,"McAndrews, Thomas",836274,Right,FOR_RAM,4e6ef233-c039-4496-8ef1-5b4f5e562a88,54.61546,-129.10642,16.71211,5.78244,-5.5304,-6.41252,-0.76814,5.42319,-5.55523,187.965476,1.97159,103.12436,-19.35074,4.67341,-0.81031,0.08887,-0.00552,0.00045,-4E-05,2.25515,64.59327,-15.9799,0.02818,0.35962,-0.1786,0.05094,-0.00747,0.00043,0.5596,-4.56736,2.55811,-0.90621,0.19994,-0.02533,0.00032,0.00031,-3E-05,,,,,,,,,,,,,,,,,,,,,,,High,High,High,High,High,,,
215,2026-04-21,17:17:08.51,1,1,"Youngman, Will",10063687,Left,FAI_STA,"McAndrews, Thomas",836274,Right,FOR_RAM,Undefined,7,Bottom,0,0,0,Fastball,Four-Seam,BallCalled,Undefined,Undefined,Undefined,0,0,,87.88727,-3.085812,1.167156,2079.558526,155.710265,11:15,5.57075,-1.38243,6.4721,-17.86812,18.22284,-7.60721,1.24456,-0.94436,79.08325,-6.537495,-0.213672,0.432385,,,,,,,,,,,,4.33063,10.93174,1.30312,50,5.34505,-2.28928,-127.35235,-7.30437,6.97496,30.86102,-14.56726,FOR_RAM,FAI_STA,FordhamUniversity,D1,A10,20260421-FordhamUniversity-1,74b34d10-3dc7-11f1-a8c0-6b9c5118a01a,87.17332,,,8.80402,,,,,,,9fd2b87c-3fe5-4428-9bed-f2337eda9884,2026-04-21,21:17:08.51,2026-04-21T17:17:08.5140480-04:00,2026-04-21T21:17:08.5140480Z,,v3,471298,471291,a1316deca63447d19dd205c393751d6a,"Camera, Dominic",1000121029,Right,FAI_STA,9a930930-d681-4284-b6a2-e27763b16c9e,54.02181,-128.32324,15.43051,5.56763,-6.84608,-7.28363,1.37859,-2.50871,3.48748,,,,,,,,,,,,,,,,,,,,,,,,,,,,,,,,,,,,,,,,,,,,,,,,,,,High,High,High,,,,,
216,2026-04-21,17:17:25.06,1,2,"Youngman, Will",10063687,Left,FAI_STA,"McAndrews, Thomas",836274,Right,FOR_RAM,Undefined,7,Bottom,0,1,0,Fastball,Four-Seam,BallCalled,Undefined,Undefined,Undefined,0,0,,86.8867,-0.729566,1.18944,2089.753088,158.932285,11:15,5.63485,-1.51879,6.21695,-19.89072,17.67284,-6.22489,3.30386,-0.93975,77.26402,-4.580321,0.065477,0.441118,,,,,,,,,,,,3.60685,9.80162,1.43246,50,5.57029,-2.35135,-125.86314,-2.12015,5.61952,32.38602,-16.90306,FOR_RAM,FAI_STA,FordhamUniversity,D1,A10,20260421-FordhamUniversity-1,7e9646c0-3dc7-11f1-a8c0-6b9c5118a01a,85.44752,,,9.62268,,,,,,,9fd2b87c-3fe5-4428-9bed-f2337eda9884,2026-04-21,21:17:25.06,2026-04-21T17:17:25.0627584-04:00,2026-04-21T21:17:25.0627584Z,,v3,471298,471291,a1316deca63447d19dd205c393751d6a,"Camera, Dominic",1000121029,Right,FAI_STA,a0aabf64-5984-4b63-9730-2d5d0af9532d,54.27405,-126.95814,16.19301,5.63231,-1.54864,-8.45153,1.51517,-2.54135,2.80976,,,,,,,,,,,,,,,,,,,,,,,,,,,,,,,,,,,,,,,,,,,,,,,,,,,High,High,High,,,,,
217,2026-04-21,17:17:44.52,1,3,"Youngman, Will",10063687,Left,FAI_STA,"McAndrews, Thomas",836274,Right,FOR_RAM,Undefined,7,Bottom,0,2,0,Fastball,Four-Seam,BallCalled,Undefined,Undefined,Undefined,0,0,,86.42014,-4.012171,2.52363,2141.01984,176.626109,12:00,5.5233,-1.40334,6.30476,-21.78989,15.78926,-0.84898,0.00153,0.85236,78.21711,-8.135697,2.370167,0.44121,,,,,,,,,,,,1.27677,9.95512,1.21857,50,5.21795,-5.48011,-125.0647,-9.38405,1.98708,29.30575,-16.68043,FOR_RAM,FAI_STA,FordhamUniversity,D1,A10,20260421-FordhamUniversity-1,8a2060c0-3dc7-11f1-a8c0-6b9c5118a01a,85.42977,,,8.20303,,,,,,,9fd2b87c-3fe5-4428-9bed-f2337eda9884,2026-04-21,21:17:44.52,2026-04-21T17:17:44.5293056-04:00,2026-04-21T21:17:44.5293056Z,,v3,471298,471291,a1316deca63447d19dd205c393751d6a,"Camera, Dominic",1000121029,Right,FAI_STA,9ad151fa-c144-48c0-9140-22eded9e4dea,54.19319,-126.04344,14.65287,5.52205,-8.82697,-8.34022,1.4027,-5.54647,0.99354,,,,,,,,,,,,,,,,,,,,,,,,,,,,,,,,,,,,,,,,,,,,,,,,,,,High,High,High,,,,,
218,2026-04-21,17:18:06.95,1,4,"Youngman, Will",10063687,Left,FAI_STA,"McAndrews, Thomas",836274,Right,FOR_RAM,Undefined,7,Bottom,0,3,0,Fastball,Changeup,BallCalled,Walk,Undefined,Undefined,0,0,,85.33655,-0.054467,0.405109,1855.824707,138.083948,10:30,5.62375,-1.19717,6.1078,-25.81234,12.97347,-10.3369,3.42236,-1.68396,76.52401,-4.953081,-1.458198,0.448237,,,,,,,,,,,,5.38595,7.12953,1.17089,50,5.60631,-0.44357,-123.73186,-0.88019,8.17566,29.48299,-21.35168,FOR_RAM,FAI_STA,FordhamUniversity,D1,A10,20260421-FordhamUniversity-1,978ccf50-3dc7-11f1-a8c0-6b9c5118a01a,84.09038,,,8.81253,,,,,,,9fd2b87c-3fe5-4428-9bed-f2337eda9884,2026-04-21,21:18:06.95,2026-04-21T17:18:06.9556736-04:00,2026-04-21T21:18:06.9556736Z,,v3,471298,471291,a1316deca63447d19dd205c393751d6a,"Camera, Dominic",1000121029,Right,FAI_STA,40e85dc3-6355-4297-aa06-13ded3fcd569,54.38455,-124.77224,14.74149,5.62408,-0.12675,-10.67584,1.19163,-0.73207,4.08783,,,,,,,,,,,,,,,,,,,,,,,,,,,,,,,,,,,,,,,,,,,,,,,,,,,High,High,High,,,,,
219,2026-04-21,17:18:37.22,2,1,"Youngman, Will",10063687,Left,FAI_STA,"Donnelly, Joey",800885,Left,FOR_RAM,Undefined,7,Bottom,0,0,0,Fastball,Four-Seam,FoulBallNotFieldable,Undefined,Undefined,Undefined,0,0,,87.34196,-1.549936,1.375182,2051.3328,160.382989,11:15,5.5836,-1.38841,6.59279,-21.34694,14.98276,-4.85414,2.38382,-0.53268,78.49065,-5.654606,0.492212,0.433813,90.0074,-8.231929,53.542459,,,,,18.66578,17.28561,49.784454,0.130525,3.0202,8.79477,1.2963,50,5.46872,-2.85758,-126.73673,-3.98664,4.80835,31.01043,-18.17227,FOR_RAM,FAI_STA,FordhamUniversity,D1,A10,20260421-FordhamUniversity-1,a98dba20-3dc7-11f1-a8c0-6b9c5118a01a,86.88641,2.47155,,8.85131,,,,1.90012,2.47155,0.51304,9fd2b87c-3fe5-4428-9bed-f2337eda9884,2026-04-21,21:18:37.22,2026-04-21T17:18:37.2213248-04:00,2026-04-21T21:18:37.2213248Z,GroundBall,v3,471298,471291,a1316deca63447d19dd205c393751d6a,"Camera, Dominic",1000121029,Right,FAI_STA,2a75d78d-1ec1-4674-9ade-f901f660beb7,53.90298,-127.68815,15.50522,5.58248,-3.4291,-9.08614,1.38624,-3.00511,2.40417,180,1.89718,77.77631,,,,,,,,2.47226,-18.9355,,,,,,,,0.50905,105.27171,,,,,,,,,,,,,,,,,,,,,,,,,,,,,,High,High,High,Low,Low,,,
220,2026-04-21,17:19:01.61,2,2,"Youngman, Will",10063687,Left,FAI_STA,"Donnelly, Joey",800885,Left,FOR_RAM,Undefined,7,Bottom,0,0,1,Fastball,Four-Seam,StrikeCalled,Undefined,Undefined,Undefined,0,0,,87.53236,-1.908501,2.796335,2053.304253,150.574027,11:00,5.59142,-1.20611,6.19113,-22.8069,14.38658,-7.25477,1.92606,0.7731,77.88158,-6.267209,1.488344,0.43894,,,,,,,,,,,,4.77048,8.57036,0.99881,50,5.43619,-5.88615,-126.63677,-4.87772,7.50814,33.28057,-18.68539,FOR_RAM,FAI_STA,FordhamUniversity,D1,A10,20260421-FordhamUniversity-1,b818b810-3dc7-11f1-a8c0-6b9c5118a01a,85.87154,,,9.65078,,,,,,,9fd2b87c-3fe5-4428-9bed-f2337eda9884,2026-04-21,21:19:01.61,2026-04-21T17:19:01.6155648-04:00,2026-04-21T21:19:01.6155648Z,,v3,471298,471291,a1316deca63447d19dd205c393751d6a,"Camera, Dominic",1000121029,Right,FAI_STA,7d68cb30-cd63-4bb4-a7ce-e8a418a5310f,54.30223,-127.7624,16.64029,5.59048,-4.24573,-9.34269,1.20219,-6.1401,3.75407,,,,,,,,,,,,,,,,,,,,,,,,,,,,,,,,,,,,,,,,,,,,,,,,,,,High,High,High,,,,,
221,2026-04-21,17:19:21.38,2,3,"Youngman, Will",10063687,Left,FAI_STA,"Donnelly, Joey",800885,Left,FOR_RAM,Undefined,7,Bottom,0,0,2,Fastball,Four-Seam,FoulBallNotFieldable,Undefined,Undefined,Undefined,0,0,,87.61296,-2.255899,3.492777,2029.920846,160.968201,11:15,5.58268,-1.23237,6.39027,-22.75218,13.68233,-4.25457,1.6068,1.62965,78.99864,-6.580138,2.723836,0.434438,,,,,,,,,,,,3.28855,8.24674,0.98255,50,5.40978,-7.55617,-126.77209,-5.64163,5.26786,29.7041,-18.96375,FOR_RAM,FAI_STA,FordhamUniversity,D1,A10,20260421-FordhamUniversity-1,c3eb9ae0-3dc7-11f1-a8c0-6b9c5118a01a,86.76136,,,8.61432,,,,,,,9fd2b87c-3fe5-4428-9bed-f2337eda9884,2026-04-21,21:19:21.38,2026-04-21T17:19:21.3814272-04:00,2026-04-21T21:19:21.3814272Z,,v3,471298,471291,a1316deca63447d19dd205c393751d6a,"Camera, Dominic",1000121029,Right,FAI_STA,e0186838-b6af-4a08-bc36-1d9af136cc92,54.09966,-127.72908,14.85205,5.58169,-5.03067,-9.48188,1.22872,-7.72589,2.63393,,,,,,,,,,,,,,,,,,,,,,,,,,,,,,,,,,,,,,,,,,,,,,,,,,,High,High,High,,,,,
222,2026-04-21,17:20:03.95,2,4,"Youngman, Will",10063687,Left,FAI_STA,"Donnelly, Joey",800885,Left,FOR_RAM,Undefined,7,Bottom,0,0,2,Fastball,Four-Seam,InPlay,Undefined,GroundBall,FieldersChoice,1,0,,88.94201,-2.181459,2.345526,2094.010477,166.903213,11:30,5.63616,-1.12639,6.54567,-22.06568,12.92253,-2.71276,1.79417,0.79975,80.38655,-6.384255,1.852896,0.425728,61.42761,-38.443701,43.539508,,,,,3.28614,3.28614,13.613383,0.03217,2.18449,7.85898,0.96522,50,5.47573,-5.17818,-128.99186,-5.53157,3.62225,30.79762,-19.14256,FOR_RAM,FAI_STA,FordhamUniversity,D1,A10,20260421-FordhamUniversity-1,dd3f85b0-3dc7-11f1-a8c0-6b9c5118a01a,88.53646,1.80826,,8.55547,,,,1.54258,1.80826,-0.79567,9fd2b87c-3fe5-4428-9bed-f2337eda9884,2026-04-21,21:20:03.95,2026-04-21T17:20:03.9559680-04:00,2026-04-21T21:20:03.9559680Z,GroundBall,v3,471298,471291,a1316deca63447d19dd205c393751d6a,"Camera, Dominic",1000121029,Right,FAI_STA,3eb35d42-b1d5-424c-b680-8c315d453f8a,53.9507,-129.93169,15.39881,5.63562,-4.94741,-9.57128,1.12493,-5.28871,1.81113,,1.54167,51.32792,,,,,,,,1.80926,-56.20887,,,,,,,,-0.79654,48.77568,,,,,,,,,,,,,,,,,,,,,,,,,,,,,,High,High,High,Estimated,Estimated,,,
223,2026-04-21,17:20:48.93,3,1,"Youngman, Will",10063687,Left,FAI_STA,"Ocko, Madden",10300306,Right,FOR_RAM,Undefined,7,Bottom,1,0,0,Fastball,Changeup,BallCalled,Undefined,Undefined,Undefined,0,0,,84.67668,-2.425751,2.182546,1817.81599,111.570215,9:45,5.44682,-1.6907,5.87689,-29.71309,10.13308,-21.78155,0.71486,-1.47783,76.25115,-7.971632,-1.730136,0.454323,,,,,,,,,,,,11.7532,6.46772,1.52622,50,5.23381,-3.75769,-122.59518,-6.14538,17.5096,29.00682,-22.53862,FOR_RAM,FAI_STA,FordhamUniversity,D1,A10,20260421-FordhamUniversity-1,f81a3790-3dc7-11f1-a8c0-6b9c5118a01a,82.96395,,,8.42553,,,,,,,9fd2b87c-3fe5-4428-9bed-f2337eda9884,2026-04-21,21:20:48.93,2026-04-21T17:20:48.9309696-04:00,2026-04-21T21:20:48.9309696Z,,v3,471298,471291,a1316deca63447d19dd205c393751d6a,"Camera, Dominic",1000121029,Right,FAI_STA,af153cf5-9f7d-4ab4-bdd9-9880cda005cf,54.61826,-123.68306,14.50341,5.44844,-5.30008,-11.26931,1.67946,-4.41437,8.7548,,,,,,,,,,,,,,,,,,,,,,,,,,,,,,,,,,,,,,,,,,,,,,,,,,,High,High,High,,,,,
224,2026-04-21,17:21:07.73,3,2,"Youngman, Will",10063687,Left,FAI_STA,"Ocko, Madden",10300306,Right,FOR_RAM,Undefined,7,Bottom,2,1,0,Fastball,Sinker,BallCalled,Undefined,Undefined,Undefined,0,0,,85.97739,-0.116466,2.551217,2016.241898,136.643176,10:30,5.52076,-1.42247,6.2673,-24.10529,13.6002,-11.58835,3.40451,-0.03458,77.66972,-4.697089,0.458786,0.44195,,,,,,,,,,,,6.75839,7.47867,1.2387,50,5.50042,-5.09126,-124.71489,-0.94302,10.51512,27.92411,-20.5383,FOR_RAM,FAI_STA,FordhamUniversity,D1,A10,20260421-FordhamUniversity-1,0345b6d0-3dc8-11f1-a8c0-6b9c5118a01a,85.28657,,,8.30767,,,,,,,9fd2b87c-3fe5-4428-9bed-f2337eda9884,2026-04-21,21:21:07.73,2026-04-21T17:21:07.7350000-04:00,2026-04-21T21:21:07.7350000Z,,v3,471298,471291,a1316deca63447d19dd205c393751d6a,"Camera, Dominic",1000121029,Right,FAI_STA,4ded4da5-6bb9-4e54-8f81-94693c9eb2b6,54.22792,-125.65797,13.96206,5.52055,-0.24938,-10.26915,1.41664,-5.44639,5.25756,,,,,,,,,,,,,,,,,,,,,,,,,,,,,79.42106,1.97462,0.714854,1.259766,-2.4063,3.07748,0.00902,-1.01969,5.79943,1.16803,127.27949,1.37519,6.54491,-0.88581,114.57541,-10.32047,5.79223,9.43819,-10.27292,1.10416,-0.13935,3.59889,High,High,High,,,High,Medium,Medium
225,2026-04-21,17:21:36.46,3,3,"Youngman, Will",10063687,Left,FAI_STA,"Ocko, Madden",10300306,Right,FOR_RAM,Undefined,7,Bottom,2,2,0,Fastball,Four-Seam,InPlay,Undefined,GroundBall,Single,0,0,,87.3097,-1.321634,1.601378,2167.66439,158.290964,11:15,5.62989,-1.17233,6.39737,-21.64497,14.76237,-5.36087,2.61001,-0.14597,78.90318,-5.454576,0.63005,0.434276,90.80371,-4.229111,-28.488311,,,,,38.19738,31.55134,-27.182951,0.274919,3.33547,8.51658,1.05989,50,5.52513,-3.33904,-126.74088,-3.52283,5.34402,29.52833,-18.52899,FOR_RAM,FAI_STA,FordhamUniversity,D1,A10,20260421-FordhamUniversity-1,147c25b0-3dc8-11f1-a8c0-6b9c5118a01a,86.79371,2.70398,,8.40653,,,,1.83941,2.70398,-0.00818,9fd2b87c-3fe5-4428-9bed-f2337eda9884,2026-04-21,21:21:36.46,2026-04-21T17:21:36.4668928-04:00,2026-04-21T21:21:36.4668928Z,GroundBall,v3,471298,471291,a1316deca63447d19dd205c393751d6a,"Camera, Dominic",1000121029,Right,FAI_STA,82219ea9-9069-443a-afc2-726310c19c47,54.10038,-127.69262,14.76417,5.62905,-2.92561,-9.2645,1.17029,-3.51129,2.67201,180,1.83187,116.90407,,,,,,,,2.70462,-9.83556,,,,,,,,-0.00409,-63.44285,,,,,,,,,,,,,,,,,,,,,,,,,,,,,,High,High,High,Low,Low,,,
226,2026-04-21,17:22:14.15,4,1,"Youngman, Will",10063687,Left,FAI_STA,"Young, Caden",10264258,Right,FOR_RAM,Undefined,7,Bottom,2,0,0,Fastball,Cutter,InPlay,Undefined,GroundBall,Out,1,0,,87.8667,-1.562241,2.341704,2064.569919,165.461283,11:30,5.50288,-1.43518,6.36903,-23.60919,12.30398,-2.86847,2.0964,0.4817,79.72028,-6.031199,1.822582,0.431319,83.1465,-9.946302,-28.965196,,,,,20.32442,20.32442,-28.821533,0.149157,2.23898,7.26937,1.26732,50,5.37897,-5.10469,-127.51391,-4.16642,3.6434,29.0747,-20.34479,FOR_RAM,FAI_STA,FordhamUniversity,D1,A10,20260421-FordhamUniversity-1,2ae1f140-3dc8-11f1-a8c0-6b9c5118a01a,87.38885,3.15075,,8.14642,,,,2.08695,3.15075,-1.09691,9fd2b87c-3fe5-4428-9bed-f2337eda9884,2026-04-21,21:22:14.15,2026-04-21T17:22:14.1528576-04:00,2026-04-21T21:22:14.1528576Z,GroundBall,v3,471298,471291,a1316deca63447d19dd205c393751d6a,"Camera, Dominic",1000121029,Right,FAI_STA,cd64696c-ae7b-49f8-8db7-6a53157914ad,54.12919,-128.45197,14.53735,5.5028,-3.51003,-10.1724,1.43391,-5.22224,1.8217,180,2.07973,105.391,,,,,,,,3.1522,-21.12373,,,,,,,,-1.09292,-58.33552,,,,,,,,,,,,,,,,,,,,,,,,,,,,,,High,High,High,Low,Low,,,
227,2026-04-21,17:24:54.88,1,1,"Cawley, Declan",1000403158,Right,FOR_RAM,"Scanlan, Connor",1000467081,Right,FAI_STA,Undefined,8,Top,0,0,0,Fastball,Four-Seam,StrikeCalled,Undefined,Undefined,Undefined,0,0,,91.65638,-1.752861,-3.799505,2535.949645,215.999684,1:15,5.67756,1.21613,6.39018,-11.23079,22.01698,15.09796,3.12536,-1.02554,82.30363,-4.000474,-1.072555,0.415005,,,,,,,,,,,,-8.97682,12.31075,-0.94857,50,5.5454,8.16191,-132.71097,-4.26721,-15.75623,32.59139,-10.56604,FOR_RAM,FAI_STA,FordhamUniversity,D1,A10,20260421-FordhamUniversity-1,8aadb730-3dc8-11f1-a8c0-6b9c5118a01a,90.82416,,,9.35275,,,,,,,9fd2b87c-3fe5-4428-9bed-f2337eda9884,2026-04-21,21:24:54.88,2026-04-21T17:24:54.8831744-04:00,2026-04-21T21:24:54.8831744Z,,v3,471298,471291,a1316deca63447d19dd205c393751d6a,"McAndrews, Thomas",836274,Right,FOR_RAM,d4c9259b-2456-4421-afea-4af7325af510,54.1041,-133.71506,16.29569,5.67186,-3.94169,-5.28302,-1.2075,8.64734,-7.87811,,,,,,,,,,,,,,,,,,,,,,,,,,,,,,,,,,,,,,,,,,,,,,,,,,,High,High,High,,,,,
228,2026-04-21,17:25:07.75,1,2,"Cawley, Declan",1000403158,Right,FOR_RAM,"Scanlan, Connor",1000467081,Right,FAI_STA,Undefined,8,Top,0,0,1,Fastball,Four-Seam,BallCalled,Undefined,Undefined,Undefined,0,0,,92.69874,-2.52521,-4.639021,2573.981224,221.645034,1:30,5.70661,1.35198,6.24061,-12.0541,20.98025,17.48123,2.3637,-1.47962,82.61941,-4.926794,-1.494981,0.41367,,,,,,,,,,,,-10.50524,12.0278,-1.01326,50,5.51144,10.07761,-133.87643,-6.1639,-18.62387,35.14622,-10.85099,FOR_RAM,FAI_STA,FordhamUniversity,D1,A10,20260421-FordhamUniversity-1,924fe8a0-3dc8-11f1-a8c0-6b9c5118a01a,91.11711,,,10.07932,,,,,,,9fd2b87c-3fe5-4428-9bed-f2337eda9884,2026-04-21,21:25:07.75,2026-04-21T17:25:07.7589504-04:00,2026-04-21T21:25:07.7589504Z,,v3,471298,471291,a1316deca63447d19dd205c393751d6a,"McAndrews, Thomas",836274,Right,FOR_RAM,422e5f17-63dd-4f44-b47f-b22832368902,54.25255,-134.98822,17.57311,5.701,-5.82065,-5.4255,-1.34137,10.66674,-9.31194,,,,,,,,,,,,,,,,,,,,,,,,,,,,,,,,,,,,,,,,,,,,,,,,,,,High,High,High,,,,,
229,2026-04-21,17:25:20.48,1,3,"Cawley, Declan",1000403158,Right,FOR_RAM,"Scanlan, Connor",1000467081,Right,FAI_STA,Undefined,8,Top,0,1,1,Fastball,Four-Seam,BallCalled,Undefined,Undefined,Undefined,0,0,,92.12532,-2.169577,-4.025285,2563.490959,219.199456,1:15,5.78094,1.19278,6.34567,-12.12516,21.04056,16.10674,2.76739,-1.1766,82.33652,-4.58458,-1.119395,0.414492,,,,,,,,,,,,-9.64733,11.98823,-0.9066,50,5.61677,8.67925,-133.25766,-5.30167,-16.97823,34.31531,-11.0761,FOR_RAM,FAI_STA,FordhamUniversity,D1,A10,20260421-FordhamUniversity-1,99efd020-3dc8-11f1-a8c0-6b9c5118a01a,90.93645,,,9.78879,,,,,,,9fd2b87c-3fe5-4428-9bed-f2337eda9884,2026-04-21,21:25:20.48,2026-04-21T17:25:20.4894208-04:00,2026-04-21T21:25:20.4894208Z,,v3,471298,471291,a1316deca63447d19dd205c393751d6a,"McAndrews, Thomas",836274,Right,FOR_RAM,739f7228-4b5a-459a-a0ec-609df444d64f,54.14867,-134.32174,17.15765,5.77584,-4.95821,-5.53805,-1.1839,9.20572,-8.48911,,,,,,,,,,,,,,,,,,,,,,,,,,,,,,,,,,,,,,,,,,,,,,,,,,,High,High,High,,,,,
230,2026-04-21,17:25:34.64,1,4,"Cawley, Declan",1000403158,Right,FOR_RAM,"Scanlan, Connor",1000467081,Right,FAI_STA,Undefined,8,Top,0,2,1,Fastball,Four-Seam,BallCalled,Undefined,Undefined,Undefined,0,0,,92.4829,-0.34007,-3.439019,2562.901561,223.847911,1:30,5.77778,1.52549,6.23368,-13.46402,19.41851,17.46969,4.34148,-0.19505,82.78691,-2.989388,-0.290453,0.412719,,,,,,,,,,,,-10.06567,10.46197,-1.27635,50,5.74535,7.27579,-133.96101,-1.10682,-17.95206,33.94158,-13.51519,FOR_RAM,FAI_STA,FordhamUniversity,D1,A10,20260421-FordhamUniversity-1,a26b4a90-3dc8-11f1-a8c0-6b9c5118a01a,91.32719,,,9.69599,,,,,,,9fd2b87c-3fe5-4428-9bed-f2337eda9884,2026-04-21,21:25:34.64,2026-04-21T17:25:34.6433024-04:00,2026-04-21T21:25:34.6433024Z,,v3,471298,471291,a1316deca63447d19dd205c393751d6a,"McAndrews, Thomas",836274,Right,FOR_RAM,d8709a2b-9aab-4afd-b4f7-cc06a158bf44,54.26074,-135.03624,16.97079,5.77363,-0.67867,-6.7576,-1.51585,7.84449,-8.97603,,,,,,,,,,,,,,,,,,,,,,,,,,,,,,,,,,,,,,,,,,,,,,,,,,,High,High,High,,,,,
231,2026-04-21,17:25:51.10,1,5,"Cawley, Declan",1000403158,Right,FOR_RAM,"Scanlan, Connor",1000467081,Right,FAI_STA,Undefined,8,Top,0,3,1,Fastball,Four-Seam,FoulBallNotFieldable,Undefined,Undefined,Undefined,0,0,,92.01682,-1.905398,-3.672909,2571.801351,219.609282,1:15,5.73758,1.62652,6.08065,-11.00973,22.64293,17.62784,3.05298,-0.30726,81.94724,-4.11987,-0.506285,0.417524,75.60717,8.312671,173.865811,2375.198629,,,,86.64445,40.62894,179.691327,0.837294,-10.0569,12.51229,-1.3498,50,5.58325,7.70196,-133.00985,-4.6104,-17.60583,34.59199,-10.26975,FOR_RAM,FAI_STA,FordhamUniversity,D1,A10,20260421-FordhamUniversity-1,ac2f4a90-3dc8-11f1-a8c0-6b9c5118a01a,90.27616,5.62834,,10.06958,,,,-0.5303,2.99361,0.37862,9fd2b87c-3fe5-4428-9bed-f2337eda9884,2026-04-21,21:25:51.10,2026-04-21T17:25:51.1002624-04:00,2026-04-21T21:25:51.1002624Z,GroundBall,v3,471298,471291,a1316deca63447d19dd205c393751d6a,"McAndrews, Thomas",836274,Right,FOR_RAM,4feab173-1d00-47cf-b4eb-e17ea35c7557,54.40915,-134.15163,17.296,5.72983,-4.27143,-5.13487,-1.61362,8.28308,-8.80291,297.939537,-0.49433,-109.68081,8.06333,,,,,,,3.04063,15.27846,-22.64826,,,,,,,0.43526,10.81398,-12.94635,,,,,,,,,,,,,,,,,,,,,,,,,,,,,High,High,High,Medium,Low,,,
232,2026-04-21,17:26:08.19,1,6,"Cawley, Declan",1000403158,Right,FOR_RAM,"Scanlan, Connor",1000467081,Right,FAI_STA,Undefined,8,Top,0,3,2,Fastball,Sinker,FoulBallNotFieldable,Undefined,Undefined,Undefined,0,0,,91.66492,-2.752767,-4.134852,2424.399956,224.510821,1:30,5.74586,1.28529,5.98337,-15.70296,18.7582,16.97619,1.87717,-1.13921,80.96106,-5.820876,-1.092424,0.42251,76.77782,43.300219,62.772111,5224.696077,,,,,71.07393,,,-10.22438,11.05548,-0.9674,50,5.51939,8.79834,-132.25537,-6.78678,-17.47986,37.33272,-13.27334,FOR_RAM,FAI_STA,FordhamUniversity,D1,A10,20260421-FordhamUniversity-1,b66b12a0-3dc8-11f1-a8c0-6b9c5118a01a,89.21087,59.5366,,10.70386,,,,0.70143,1.80364,1.306,9fd2b87c-3fe5-4428-9bed-f2337eda9884,2026-04-21,21:26:08.19,2026-04-21T17:26:08.1956352-04:00,2026-04-21T21:26:08.1956352Z,,v3,471298,471291,a1316deca63447d19dd205c393751d6a,"McAndrews, Thomas",836274,Right,FOR_RAM,93574f2b-8e1e-46fc-9068-e7299cb0fbb5,54.50972,-133.52229,18.66636,5.74207,-6.33634,-6.63667,-1.27605,9.39154,-8.73993,,0.70142,37.49615,-15.77119,4.68749,0.14854,-2.20539,2.35242,-1.23561,0.26612,1.80364,77.22818,-23.23501,2.06904,-0.88431,1.22272,-1.18633,0.61577,-0.13228,1.30599,72.87148,-14.27725,3.07355,-0.30108,-0.40277,0.46729,-0.24689,0.05315,,,,,,,,,,,,,,,,,,,,,,,High,High,High,High,Undefined,,,
233,2026-04-21,17:26:28.19,1,7,"Cawley, Declan",1000403158,Right,FOR_RAM,"Scanlan, Connor",1000467081,Right,FAI_STA,Undefined,8,Top,0,3,2,Fastball,Four-Seam,FoulBallNotFieldable,Undefined,Undefined,Undefined,0,0,,92.73211,-1.781467,-2.826328,2460.590187,228.856875,1:45,5.69013,1.49326,6.195,-12.5593,20.92355,22.23883,2.99636,0.73515,81.33751,-4.308644,1.183506,0.416469,,,,,,,,,,,,-12.27902,11.78473,-1.28923,50,5.54893,5.56016,-133.9852,-4.40393,-21.42067,39.81138,-11.61565,FOR_RAM,FAI_STA,FordhamUniversity,D1,A10,20260421-FordhamUniversity-1,c27691a0-3dc8-11f1-a8c0-6b9c5118a01a,90.50482,,,11.3946,,,,,,,9fd2b87c-3fe5-4428-9bed-f2337eda9884,2026-04-21,21:26:28.19,2026-04-21T17:26:28.1939456-04:00,2026-04-21T21:26:28.1939456Z,,v3,471298,471291,a1316deca63447d19dd205c393751d6a,"McAndrews, Thomas",836274,Right,FOR_RAM,7a82d930-3271-41c0-b809-817c99b03cb3,54.29325,-135.25485,19.90569,5.68347,-4.03348,-5.80782,-1.47745,6.2433,-10.71033,,,,,,,,,,,,,,,,,,,,,,,,,,,,,,,,,,,,,,,,,,,,,,,,,,,High,High,High,,,,,
234,2026-04-21,17:27:10.99,1,8,"Cawley, Declan",1000403158,Right,FOR_RAM,"Scanlan, Connor",1000467081,Right,FAI_STA,Undefined,8,Top,0,3,2,Fastball,Four-Seam,BallCalled,Walk,Undefined,Undefined,0,0,,92.0187,-4.287259,-3.9282,2499.710436,212.291643,1:00,5.72425,1.35622,6.14643,-9.24363,25.0006,14.81753,0.97562,-1.04448,80.85076,-6.212124,-1.265366,0.421177,,,,,,,,,,,,-9.07453,14.90887,-1.06365,50,5.39155,8.42717,-132.52609,-10.05415,-15.5061,38.64755,-6.6985,FOR_RAM,FAI_STA,FordhamUniversity,D1,A10,20260421-FordhamUniversity-1,dbda33e0-3dc8-11f1-a8c0-6b9c5118a01a,89.49301,,,11.16794,,,,,,,9fd2b87c-3fe5-4428-9bed-f2337eda9884,2026-04-21,21:27:10.99,2026-04-21T17:27:10.9902336-04:00,2026-04-21T21:27:10.9902336Z,,v3,471298,471291,a1316deca63447d19dd205c393751d6a,"McAndrews, Thomas",836274,Right,FOR_RAM,e32ca642-4b3d-4faf-a356-b85069322d85,54.34409,-133.78693,19.32378,5.71599,-9.83562,-3.34925,-1.34683,8.93304,-7.75305,,,,,,,,,,,,,,,,,,,,,,,,,,,,,,,,,,,,,,,,,,,,,,,,,,,High,High,High,,,,,
235,2026-04-21,17:27:36.60,2,1,"Cawley, Declan",1000403158,Right,FOR_RAM,"Mcilroy, Liam",10312491,Right,FAI_STA,Undefined,8,Top,0,0,0,Fastball,Four-Seam,BallCalled,Undefined,Undefined,Undefined,0,0,,92.29569,-1.936051,-4.616152,2557.871569,219.20674,1:15,5.73638,1.3356,6.23204,-12.64166,21.03753,15.97674,2.89033,-1.60083,81.36565,-4.469891,-1.743605,0.417688,,,,,,,,,,,,-9.84107,11.91457,-0.99709,50,5.5847,10.02156,-133.17068,-4.76021,-17.07032,37.66971,-11.50702,FOR_RAM,FAI_STA,FordhamUniversity,D1,A10,20260421-FordhamUniversity-1,eb0dcde0-3dc8-11f1-a8c0-6b9c5118a01a,90.24061,,,10.93003,,,,,,,9fd2b87c-3fe5-4428-9bed-f2337eda9884,2026-04-21,21:27:36.60,2026-04-21T17:27:36.6075904-04:00,2026-04-21T21:27:36.6075904Z,,v3,471298,471291,a1316deca63447d19dd205c393751d6a,"McAndrews, Thomas",836274,Right,FOR_RAM,647cc038-1d2d-4d32-8e73-c791520f92e2,54.25801,-134.36974,18.83486,5.73039,-4.39393,-5.75351,-1.32473,10.56492,-8.53516,,,,,,,,,,,,,,,,,,,,,,,,,,,,,,,,,,,,,,,,,,,,,,,,,,,High,High,High,,,,,
236,2026-04-21,17:27:54.41,2,2,"Cawley, Declan",1000403158,Right,FOR_RAM,"Mcilroy, Liam",10312491,Right,FAI_STA,Undefined,8,Top,0,1,0,Fastball,Four-Seam,StrikeCalled,Undefined,Undefined,Undefined,0,0,,90.33787,-2.103908,-4.045678,2478.455268,221.889646,1:30,5.67813,1.5742,6.12174,-12.93863,22.15639,18.55686,2.64919,-0.62571,80.03294,-4.686723,-0.711363,0.426377,,,,,,,,,,,,-10.85453,12.49339,-1.2725,50,5.50955,8.39366,-130.4811,-5.0601,-18.16132,34.99516,-11.27067,FOR_RAM,FAI_STA,FordhamUniversity,D1,A10,20260421-FordhamUniversity-1,f5bc54f0-3dc8-11f1-a8c0-6b9c5118a01a,88.40159,,,10.30493,,,,,,,9fd2b87c-3fe5-4428-9bed-f2337eda9884,2026-04-21,21:27:54.41,2026-04-21T17:27:54.4173568-04:00,2026-04-21T21:27:54.4173568Z,,v3,471298,471291,a1316deca63447d19dd205c393751d6a,"McAndrews, Thomas",836274,Right,FOR_RAM,af9605e5-0392-48ba-ad6b-40dc49296f5f,54.36977,-131.64786,17.49758,5.67199,-4.68433,-5.63533,-1.56244,8.99917,-9.08066,,,,,,,,,,,,,,,,,,,,,,,,,,,,,,,,,,,,,,,,,,,,,,,,,,,High,High,High,,,,,
237,2026-04-21,17:28:26.59,2,3,"Cawley, Declan",1000403158,Right,FOR_RAM,"Mcilroy, Liam",10312491,Right,FAI_STA,Undefined,8,Top,0,1,1,Fastball,Four-Seam,BallCalled,Undefined,Undefined,Undefined,0,0,,91.19524,-1.348554,-4.122992,2522.730086,206.604752,1:00,5.85879,1.40225,5.9186,-9.86001,25.00371,11.77465,3.78218,-1.44933,80.34223,-3.380387,-2.01738,0.42497,,,,,,,,,,,,-7.46536,13.57513,-1.07763,50,5.74468,8.93758,-131.60928,-3.23225,-12.64932,36.756,-9.17229,FOR_RAM,FAI_STA,FordhamUniversity,D1,A10,20260421-FordhamUniversity-1,08d9ac40-3dc9-11f1-a8c0-6b9c5118a01a,88.69436,,,10.85301,,,,,,,9fd2b87c-3fe5-4428-9bed-f2337eda9884,2026-04-21,21:28:26.59,2026-04-21T17:28:26.5946624-04:00,2026-04-21T21:28:26.5946624Z,,v3,471298,471291,a1316deca63447d19dd205c393751d6a,"McAndrews, Thomas",836274,Right,FOR_RAM,7969344a-5aef-4883-bee4-184d2037ded6,54.57095,-132.87972,18.378,5.85092,-2.91522,-4.58615,-1.39411,9.37479,-6.32466,,,,,,,,,,,,,,,,,,,,,,,,,,,,,,,,,,,,,,,,,,,,,,,,,,,High,High,High,,,,,
238,2026-04-21,17:28:46.57,2,4,"Cawley, Declan",1000403158,Right,FOR_RAM,"Mcilroy, Liam",10312491,Right,FAI_STA,Undefined,8,Top,0,2,1,Fastball,Four-Seam,BallCalled,Undefined,Undefined,Undefined,0,0,,91.11765,-3.297032,-3.954932,2474.206913,217.190595,1:15,5.70041,1.48454,5.98488,-12.5991,22.11399,15.67662,1.58394,-0.88055,80.86951,-5.800749,-1.14543,0.424051,,,,,,,,,,,,-9.35233,12.86457,-1.17993,50,5.43226,8.37657,-131.47188,-7.85579,-15.89942,35.32322,-10.30363,FOR_RAM,FAI_STA,FordhamUniversity,D1,A10,20260421-FordhamUniversity-1,14cd0f60-3dc9-11f1-a8c0-6b9c5118a01a,88.88657,,,10.24814,,,,,,,9fd2b87c-3fe5-4428-9bed-f2337eda9884,2026-04-21,21:28:46.57,2026-04-21T17:28:46.5756672-04:00,2026-04-21T21:28:46.5756672Z,,v3,471298,471291,a1316deca63447d19dd205c393751d6a,"McAndrews, Thomas",836274,Right,FOR_RAM,08a496fa-92d6-475c-bfb7-488832f92b65,54.50717,-132.67732,17.66161,5.69435,-7.50417,-5.15181,-1.47505,8.91915,-7.94971,,,,,,,,,,,,,,,,,,,,,,,,,,,,,,,,,,,,,,,,,,,,,,,,,,,High,High,High,,,,,
239,2026-04-21,17:29:04.23,2,5,"Cawley, Declan",1000403158,Right,FOR_RAM,"Mcilroy, Liam",10312491,Right,FAI_STA,Undefined,8,Top,0,3,1,Fastball,Four-Seam,BallCalled,Walk,Undefined,Undefined,0,0,,91.34183,-0.888103,-2.486791,2471.307139,218.837077,1:15,5.68539,1.56677,6.06952,-13.71568,21.09131,15.69883,3.71975,0.57235,79.72503,-3.6394,0.337239,0.424624,,,,,,,,,,,,-8.90441,11.52686,-1.38124,50,5.60905,4.99471,-131.93578,-2.32675,-14.98908,39.81023,-12.77052,FOR_RAM,FAI_STA,FordhamUniversity,D1,A10,20260421-FordhamUniversity-1,1f4cbe40-3dc9-11f1-a8c0-6b9c5118a01a,88.76663,,,11.6168,,,,,,,9fd2b87c-3fe5-4428-9bed-f2337eda9884,2026-04-21,21:29:04.23,2026-04-21T17:29:04.2324992-04:00,2026-04-21T21:29:04.2324992Z,,v3,471298,471291,a1316deca63447d19dd205c393751d6a,"McAndrews, Thomas",836274,Right,FOR_RAM,d2396d0e-134c-40a9-9d7d-ddd6386cb71e,54.41751,-133.26205,19.90512,5.67948,-1.9013,-6.38526,-1.55596,5.49407,-7.49454,,,,,,,,,,,,,,,,,,,,,,,,,,,,,,,,,,,,,,,,,,,,,,,,,,,High,High,High,,,,,
240,2026-04-21,17:30:32.66,3,1,"Cawley, Declan",1000403158,Right,FOR_RAM,"Colby, Nolan",10132109,Left,FAI_STA,Undefined,8,Top,0,0,0,Fastball,Four-Seam,InPlay,Undefined,LineDrive,HomeRun,0,3,,90.9742,-3.393521,-2.554368,2442.513555,208.520825,1:00,5.738,1.39073,5.9308,-9.62634,25.23336,12.91418,1.78048,0.09541,80.64981,-5.365687,-0.238201,0.424945,96.38841,38.924599,25.360012,3048.232937,95.95688,78.03476,53.7796,363.01592,353.56344,35.360307,5.475061,-7.60603,14.63367,-1.19412,50,5.46151,5.30528,-131.45942,-7.96359,-12.88506,36.15417,-7.38381,FOR_RAM,FAI_STA,FordhamUniversity,D1,A10,20260421-FordhamUniversity-1,54080a90-3dc9-11f1-a8c0-6b9c5118a01a,88.69948,104.97867,,10.32439,,,,2.55403,1.81067,-0.15746,9fd2b87c-3fe5-4428-9bed-f2337eda9884,2026-04-21,21:30:32.66,2026-04-21T17:30:32.6654464-04:00,2026-04-21T21:30:32.6654464Z,FlyBall,v3,471298,471291,a1316deca63447d19dd205c393751d6a,"McAndrews, Thomas",836274,Right,FOR_RAM,b8d9296c-db8c-4f8a-ac3d-fb42c80d176d,54.56486,-132.70892,18.07708,5.73233,-7.7084,-3.6919,-1.38517,5.75058,-6.44253,216.342336,2.58064,98.84937,-21.02203,2.90012,1.33251,-0.92393,0.23527,-0.02789,0.00128,1.7983,89.0236,-23.04892,2.40051,-0.47654,0.03792,0.01851,-0.00484,0.00033,-0.16595,47.25242,-0.8974,-0.51154,0.04583,0.02468,-0.00392,-0.00024,5E-05,,,,,,,,,,,,,,,,,,,,,,,High,High,High,High,Medium,,,
241,2026-04-21,17:31:18.27,4,1,"Cawley, Declan",1000403158,Right,FOR_RAM,"Camera, Dominic",1000121029,Right,FAI_STA,Undefined,8,Top,0,0,0,Fastball,Four-Seam,StrikeCalled,Undefined,Undefined,Undefined,0,0,,92.79708,-2.354517,-3.386179,2532.407252,218.361988,1:15,5.69769,1.22768,6.14108,-10.578,22.34273,16.66717,2.63528,-0.5163,82.90971,-4.481218,-0.38747,0.412958,,,,,,,,,,,,-9.61713,12.60587,-0.97703,50,5.51198,7.18761,-134.2439,-5.71556,-17.17776,34.80615,-9.65791,FOR_RAM,FAI_STA,FordhamUniversity,D1,A10,20260421-FordhamUniversity-1,6f30b560-3dc9-11f1-a8c0-6b9c5118a01a,91.27424,,,9.88737,,,,,,,9fd2b87c-3fe5-4428-9bed-f2337eda9884,2026-04-21,21:31:18.27,2026-04-21T17:31:18.2793216-04:00,2026-04-21T21:31:18.2793216Z,,v3,471298,471291,a1316deca63447d19dd205c393751d6a,"McAndrews, Thomas",836274,Right,FOR_RAM,878cb3f2-ac5e-4aec-b378-4d59d7878c19,54.35247,-135.36768,17.40308,5.69148,-5.40374,-4.82896,-1.21804,7.74222,-8.58888,,,,,,,,,,,,,,,,,,,,,,,,,,,,,,,,,,,,,,,,,,,,,,,,,,,High,High,High,,,,,
242,2026-04-21,17:31:30.76,4,2,"Cawley, Declan",1000403158,Right,FOR_RAM,"Camera, Dominic",1000121029,Right,FAI_STA,Undefined,8,Top,0,0,1,Slider,Curveball,StrikeCalled,Undefined,Undefined,Undefined,0,0,,78.71469,1.10476,-1.335871,2523.173415,50.175774,7:45,5.74253,0.98501,5.76099,-51.63105,-5.92382,-8.9356,2.46862,-1.00322,71.82083,-8.360236,-2.937413,0.486591,,,,,,,,,,,,4.11355,-2.83878,-0.86901,50,5.80318,3.00974,-114.24611,0.4938,5.37939,23.1206,-35.8864,FOR_RAM,FAI_STA,FordhamUniversity,D1,A10,20260421-FordhamUniversity-1,76d2bfc0-3dc9-11f1-a8c0-6b9c5118a01a,77.4623,,,6.89386,,,,,,,9fd2b87c-3fe5-4428-9bed-f2337eda9884,2026-04-21,21:31:30.76,2026-04-21T17:31:30.7636736-04:00,2026-04-21T21:31:30.7636736Z,,v3,471298,471291,a1316deca63447d19dd205c393751d6a,"McAndrews, Thomas",836274,Right,FOR_RAM,ed49bf4b-c675-4099-94e8-4e97e96231ac,54.73789,-115.20095,11.5603,5.75218,1.97585,-17.9432,-0.98872,2.78758,2.68969,,,,,,,,,,,,,,,,,,,,,,,,,,,,,,,,,,,,,,,,,,,,,,,,,,,High,High,High,,,,,
243,2026-04-21,17:31:42.88,4,3,"Cawley, Declan",1000403158,Right,FOR_RAM,"Camera, Dominic",1000121029,Right,FAI_STA,Undefined,8,Top,0,0,2,Slider,Curveball,BallCalled,Undefined,Undefined,Undefined,0,0,,80.36005,0.296915,-2.214703,2490.609224,56.045717,7:45,5.66033,1.14872,5.75905,-49.67066,-5.73823,-10.70221,1.79769,-1.80559,73.39476,-8.789569,-4.131331,0.47705,,,,,,,,,,,,4.73677,-2.52595,-0.95871,50,5.6552,4.92934,-116.58849,-1.07119,6.4431,24.32699,-35.60991,FOR_RAM,FAI_STA,FordhamUniversity,D1,A10,20260421-FordhamUniversity-1,7de693e0-3dc9-11f1-a8c0-6b9c5118a01a,79.01148,,,6.96529,,,,,,,9fd2b87c-3fe5-4428-9bed-f2337eda9884,2026-04-21,21:31:42.88,2026-04-21T17:31:42.8884992-04:00,2026-04-21T21:31:42.8884992Z,,v3,471298,471291,a1316deca63447d19dd205c393751d6a,"McAndrews, Thomas",836274,Right,FOR_RAM,b92d0ce1-7ef1-4b51-94fa-860006144854,54.73985,-117.57333,12.16349,5.66938,0.37043,-17.80496,-1.15299,4.66851,3.22155,,,,,,,,,,,,,,,,,,,,,,,,,,,,,,,,,,,,,,,,,,,,,,,,,,,High,High,High,,,,,
244,2026-04-21,17:31:55.07,4,4,"Cawley, Declan",1000403158,Right,FOR_RAM,"Camera, Dominic",1000121029,Right,FAI_STA,Undefined,8,Top,0,1,2,Fastball,Four-Seam,FoulBallNotFieldable,Undefined,Undefined,Undefined,0,0,,92.28616,-2.488775,-3.381046,2625.122469,216.978375,1:15,5.79515,1.31465,5.97765,-9.46064,24.11064,17.14753,2.69425,-0.39419,82.25955,-4.418016,-0.305556,0.417018,75.69415,66.212302,120.115437,5164.448862,,,,,34.10292,,,-10.0389,13.65658,-1.05685,50,5.59313,7.14102,-133.48849,-5.98062,-17.66396,35.38729,-8.14456,FOR_RAM,FAI_STA,FordhamUniversity,D1,A10,20260421-FordhamUniversity-1,852325b0-3dc9-11f1-a8c0-6b9c5118a01a,90.38555,69.45952,,10.02661,,,,2.45257,2.27925,0.23249,9fd2b87c-3fe5-4428-9bed-f2337eda9884,2026-04-21,21:31:55.07,2026-04-21T17:31:55.0750208-04:00,2026-04-21T21:31:55.0750208Z,,v3,471298,471291,a1316deca63447d19dd205c393751d6a,"McAndrews, Thomas",836274,Right,FOR_RAM,ddfea178-5f0f-4aa8-a03b-00735955d6c8,54.51948,-134.68125,17.69364,5.79009,-5.70609,-4.07228,-1.30758,7.7364,-8.83198,333.43289,2.45257,-22.46756,-7.39209,3.89112,-1.24316,0.34297,-0.08849,0.01925,-0.00245,2.27925,101.58652,-31.32245,4.18527,-0.71844,0.09506,-0.0093,-0.00035,0.00021,0.23249,38.73451,-11.58643,3.38793,-0.81999,0.18411,-0.04104,0.00776,-0.00094,,,,,,,,,,,,,,,,,,,,,,,High,High,High,High,Undefined,,,
245,2026-04-21,17:32:12.43,4,5,"Cawley, Declan",1000403158,Right,FOR_RAM,"Camera, Dominic",1000121029,Right,FAI_STA,Undefined,8,Top,0,1,2,Slider,Curveball,FoulBallNotFieldable,Undefined,Undefined,Undefined,0,0,,78.87191,0.095409,-0.916623,2466.881931,33.320299,7:00,5.7156,1.18668,5.6764,-54.71003,-8.69213,-6.7976,1.24539,-0.23437,71.64769,-9.900554,-2.135511,0.488241,,,,,,,,,,,,3.18378,-4.11008,-1.1049,50,5.68884,2.08674,-114.4386,-1.62004,4.13679,25.0975,-37.51441,FOR_RAM,FAI_STA,FordhamUniversity,D1,A10,20260421-FordhamUniversity-1,8f7c87e0-3dc9-11f1-a8c0-6b9c5118a01a,77.20041,,,7.22423,,,,,,,9fd2b87c-3fe5-4428-9bed-f2337eda9884,2026-04-21,21:32:12.43,2026-04-21T17:32:12.4367360-04:00,2026-04-21T21:32:12.4367360Z,,v3,471298,471291,a1316deca63447d19dd205c393751d6a,"McAndrews, Thomas",836274,Right,FOR_RAM,643dd437-aa92-4462-8a57-38afda67d967,54.82404,-115.49171,12.54875,5.7238,-0.0459,-18.75721,-1.18882,1.91316,2.0684,,,,,,,,,,,,,,,,,,,,,,,,,,,,,,,,,,,,,,,,,,,,,,,,,,,High,High,High,,,,,
246,2026-04-21,17:32:28.45,4,6,"Cawley, Declan",1000403158,Right,FOR_RAM,"Camera, Dominic",1000121029,Right,FAI_STA,Undefined,8,Top,0,1,2,ChangeUp,Changeup,InPlay,Undefined,Popup,Single,0,0,,86.69197,-1.440612,-2.931946,1802.700916,230.621123,1:45,5.72997,1.17383,6.11205,-23.8132,14.27213,15.45587,2.41148,-0.25153,76.93187,-5.990715,-0.148674,0.444171,64.24353,30.043609,27.034441,5097.157353,93.18916,28.46067,58.44461,166.20149,145.19966,34.871881,2.627996,-9.09319,8.34268,-0.95678,50,5.60718,5.79483,-125.43183,-3.84875,-14.00601,33.20964,-19.32408,FOR_RAM,FAI_STA,FordhamUniversity,D1,A10,20260421-FordhamUniversity-1,9911fdd0-3dc9-11f1-a8c0-6b9c5118a01a,84.86019,30.29752,,9.7601,,,,3.2161,2.6668,0.27115,9fd2b87c-3fe5-4428-9bed-f2337eda9884,2026-04-21,21:32:28.45,2026-04-21T17:32:28.4513792-04:00,2026-04-21T21:32:28.4513792Z,FlyBall,v3,471298,471291,a1316deca63447d19dd205c393751d6a,"McAndrews, Thomas",836274,Right,FOR_RAM,b375dbde-416d-4d5f-9f80-e324d2ad1c72,54.3829,-126.58694,16.60482,5.72936,-3.17662,-9.66204,-1.16681,6.28199,-7.00301,254.269292,3.21597,72.65794,-13.24741,3.22016,-0.89576,0.30705,-0.10839,0.02219,-0.00177,2.66683,47.17265,-22.27761,2.12898,-0.31581,0.02678,-0.00088,0.00199,-0.00051,0.27111,37.07509,1.61275,-1.56668,0.47619,-0.06896,-0.00573,0.00431,-0.00057,,,,,,,,,,,,,,,,,,,,,,,High,High,High,High,High,,,
247,2026-04-21,17:33:14.29,5,1,"Cawley, Declan",1000403158,Right,FOR_RAM,"Spencer, Luke",1000467084,Right,FAI_STA,Undefined,8,Top,0,0,0,Fastball,Four-Seam,InPlay,Undefined,GroundBall,Out,1,0,,89.58963,-1.332742,-3.451265,2492.441961,220.966586,1:15,5.77524,1.22004,6.1701,-14.15957,21.46481,17.33749,3.36187,-0.52669,79.2194,-4.146769,-0.330231,0.429581,43.34468,-1.706423,26.612556,1390.157245,,,,25.87654,25.87654,26.651568,0.369331,-10.26477,12.00548,-0.96716,50,5.66714,7.08499,-129.57726,-3.33627,-16.86693,35.52611,-12.44683,FOR_RAM,FAI_STA,FordhamUniversity,D1,A10,20260421-FordhamUniversity-1,b4c842a0-3dc9-11f1-a8c0-6b9c5118a01a,87.74234,3.42774,,10.37022,,,,2.66566,3.42774,0.55638,9fd2b87c-3fe5-4428-9bed-f2337eda9884,2026-04-21,21:33:14.29,2026-04-21T17:33:14.2990336-04:00,2026-04-21T21:33:14.2990336Z,GroundBall,v3,471298,471291,a1316deca63447d19dd205c393751d6a,"McAndrews, Thomas",836274,Right,FOR_RAM,0fd115d4-9564-42a4-acf5-a8781f425661,54.32476,-130.75761,17.76306,5.77112,-2.92272,-6.22341,-1.21187,7.64539,-8.43346,305.164422,2.66342,56.891,-3.99975,,,,,,,3.42837,-1.91586,-19.95073,,,,,,,0.55509,28.51108,3.83726,,,,,,,,,,,,,,,,,,,,,,,,,,,,,High,High,High,High,High,,,
248,2026-04-21,17:34:50.09,6,1,"Cawley, Declan",1000403158,Right,FOR_RAM,"Kuczik, JP",10033673,Right,FAI_STA,Undefined,8,Top,1,0,0,Fastball,Sinker,InPlay,Undefined,LineDrive,Single,0,1,,91.29031,-2.338802,-3.32282,2534.685785,230.153156,1:45,5.78228,1.47928,6.01406,-16.31139,18.19847,20.07111,2.25161,0.07034,80.90631,-5.513185,0.282214,0.422808,90.60788,11.394168,-4.911211,1256.227556,109.67171,16.18153,-8.48308,243.03489,242.88589,-3.645147,2.334952,-11.53646,10.61603,-1.22929,50,5.58988,6.78095,-131.95997,-5.83828,-19.68578,36.51688,-14.05895,FOR_RAM,FAI_STA,FordhamUniversity,D1,A10,20260421-FordhamUniversity-1,ed7a6ba0-3dc9-11f1-a8c0-6b9c5118a01a,89.14794,16.54566,,10.384,,,,1.29712,2.23973,-0.06602,9fd2b87c-3fe5-4428-9bed-f2337eda9884,2026-04-21,21:34:50.09,2026-04-21T17:34:50.0980736-04:00,2026-04-21T21:34:50.0980736Z,LineDrive,v3,471298,471291,a1316deca63447d19dd205c393751d6a,"McAndrews, Thomas",836274,Right,FOR_RAM,1b947b00-7f80-4b44-b5d8-4142ca8be5a5,54.48098,-133.19421,18.25844,5.77918,-5.3631,-7.02948,-1.46973,7.44631,-9.84289,189.43237,1.29712,129.7939,-16.42267,3.16204,-0.60864,0.11386,-0.01947,0.00254,-0.00017,2.23973,26.2537,-12.40405,0.33907,-0.00951,-0.00234,0.00201,-0.00034,2E-05,-0.06602,-11.15285,2.50073,-0.3226,0.0476,-0.00552,0.00079,-0.0001,0,,,,,,,,,,,,,,,,,,,,,,,High,High,High,High,Medium,,,
249,2026-04-21,17:35:51.68,7,1,"Cawley, Declan",1000403158,Right,FOR_RAM,"Schmalzle, TJ",1000213571,Right,FAI_STA,Undefined,8,Top,1,0,0,Slider,Curveball,FoulBallNotFieldable,Undefined,Undefined,Undefined,0,0,,78.28336,1.159609,-1.758845,2471.481402,55.931316,7:45,5.82479,1.2537,5.72426,-49.90837,-3.69126,-7.70851,2.74648,-1.02738,71.49755,-7.991835,-3.138293,0.489297,,,,,,,,,,,,3.36646,-1.71382,-1.10216,50,5.89127,3.78579,-113.5943,0.66004,4.3618,22.43834,-34.39458,FOR_RAM,FAI_STA,FordhamUniversity,D1,A10,20260421-FordhamUniversity-1,12383e40-3dca-11f1-a8c0-6b9c5118a01a,77.03382,,,6.78581,,,,,,,9fd2b87c-3fe5-4428-9bed-f2337eda9884,2026-04-21,21:35:51.68,2026-04-21T17:35:51.6896256-04:00,2026-04-21T21:35:51.6896256Z,,v3,471298,471291,a1316deca63447d19dd205c393751d6a,"McAndrews, Thomas",836274,Right,FOR_RAM,8470073a-f0ef-4708-9e97-1903bfe56df1,54.77416,-114.53346,11.21917,5.83351,2.09963,-17.19729,-1.25679,3.60323,2.1809,,,,,,,,,,,,,,,,,,,,,,,,,,,,,,,,,,,,,,,,,,,,,,,,,,,High,High,High,,,,,
250,2026-04-21,17:36:10.29,7,2,"Cawley, Declan",1000403158,Right,FOR_RAM,"Schmalzle, TJ",1000213571,Right,FAI_STA,Undefined,8,Top,1,0,1,Slider,Curveball,BallCalled,Undefined,Undefined,Undefined,0,0,,76.53076,-0.681359,-1.092489,2412.603146,51.469521,7:45,5.83136,1.50045,5.86884,-54.4242,-5.41079,-9.18245,0.66297,-0.27967,69.05921,-10.677937,-2.745437,0.503882,98.42918,-41.910095,-144.257163,,,,,2.84876,3.2233,-10.725407,0.010517,4.33449,-2.06583,-1.40653,50,5.74472,2.44749,-110.9369,-3.00592,5.23764,25.4592,-34.67032,FOR_RAM,FAI_STA,FordhamUniversity,D1,A10,20260421-FordhamUniversity-1,1d54c960-3dca-11f1-a8c0-6b9c5118a01a,74.80407,1.01492,,7.47155,,,,3.71676,1.01492,0.13036,9fd2b87c-3fe5-4428-9bed-f2337eda9884,2026-04-21,21:36:10.29,2026-04-21T17:36:10.2972928-04:00,2026-04-21T21:36:10.2972928Z,GroundBall,v3,471298,471291,a1316deca63447d19dd205c393751d6a,"McAndrews, Thomas",836274,Right,FOR_RAM,afbe88c6-ca9f-4c30-b31e-e538068ea372,54.62955,-111.9943,12.7296,5.83966,-1.56594,-17.33516,-1.50366,2.22995,2.61882,,3.71686,-87.26323,,,,,,,,1.01504,-96.50079,,,,,,,,0.13044,-62.80398,,,,,,,,,,,,,,,,,,,,,,,,,,,,,,High,High,High,Low,Low,,,
251,2026-04-21,17:36:39.46,7,3,"Cawley, Declan",1000403158,Right,FOR_RAM,"Schmalzle, TJ",1000213571,Right,FAI_STA,Undefined,8,Top,1,1,1,Fastball,Four-Seam,BallCalled,Undefined,Undefined,Undefined,0,0,,91.00482,-0.83103,-3.16577,2397.084547,213.343239,1:00,5.79237,1.24874,6.17428,-11.83367,22.63033,13.94997,4.03751,-0.51548,80.49332,-3.218373,-0.653986,0.422527,,,,,,,,,,,,-8.25237,12.29442,-1.01533,50,5.72302,6.65511,-131.62723,-2.12097,-14.02721,36.04008,-11.27619,FOR_RAM,FAI_STA,FordhamUniversity,D1,A10,20260421-FordhamUniversity-1,2eaa8010-3dca-11f1-a8c0-6b9c5118a01a,89.20721,,,10.5115,,,,,,,9fd2b87c-3fe5-4428-9bed-f2337eda9884,2026-04-21,21:36:39.46,2026-04-21T17:36:39.4611712-04:00,2026-04-21T21:36:39.4611712Z,,v3,471298,471291,a1316deca63447d19dd205c393751d6a,"McAndrews, Thomas",836274,Right,FOR_RAM,e8febd38-0c14-44df-b7c0-49d1361f0b22,54.31675,-132.80391,18.02004,5.78626,-1.75281,-5.6381,-1.24009,7.11309,-7.0136,,,,,,,,,,,,,,,,,,,,,,,,,,,,,,,,,,,,,,,,,,,,,,,,,,,High,High,High,,,,,
252,2026-04-21,17:37:00.49,7,4,"Cawley, Declan",1000403158,Right,FOR_RAM,"Schmalzle, TJ",1000213571,Right,FAI_STA,Undefined,8,Top,1,2,1,Slider,Slider,FoulBallNotFieldable,Undefined,Undefined,Undefined,0,0,,79.69146,0.183893,-1.597829,2312.609686,69.646211,8:15,5.87252,1.20422,5.5793,-45.58333,-0.20291,-5.0754,2.24572,-0.71138,71.93366,-8.194843,-2.504253,0.484848,,,,,,,,,,,,2.00146,0.40189,-1.06351,50,5.85925,3.42727,-115.45111,-1.17149,2.64633,25.57677,-31.64268,FOR_RAM,FAI_STA,FordhamUniversity,D1,A10,20260421-FordhamUniversity-1,3b3da5a0-3dca-11f1-a8c0-6b9c5118a01a,77.74075,,,7.7578,,,,,,,9fd2b87c-3fe5-4428-9bed-f2337eda9884,2026-04-21,21:37:00.49,2026-04-21T17:37:00.4933632-04:00,2026-04-21T21:37:00.4933632Z,,v3,471298,471291,a1316deca63447d19dd205c393751d6a,"McAndrews, Thomas",836274,Right,FOR_RAM,1a68ca91-bb69-42a7-ba74-f76f9ace51ed,54.91549,-116.53499,12.78839,5.88048,0.16945,-15.82134,-1.20637,3.31513,1.32317,,,,,,,,,,,,,,,,,,,,,,,,,,,,,,,,,,,,,,,,,,,,,,,,,,,High,High,High,,,,,
253,2026-04-21,17:37:26.66,7,5,"Cawley, Declan",1000403158,Right,FOR_RAM,"Schmalzle, TJ",1000213571,Right,FAI_STA,Undefined,8,Top,1,2,2,ChangeUp,Changeup,InPlay,Undefined,LineDrive,Double,0,1,,83.48171,-0.658816,-2.371973,1804.181128,233.045499,1:45,5.8329,1.55415,5.91961,-28.68639,11.91339,13.89576,2.83044,0.50969,75.42182,-6.042798,0.122627,0.458599,91.6515,22.367267,-18.0669,1400.290359,104.61054,38.74709,-34.00916,340.84568,334.69992,-18.237596,3.796483,-7.90048,6.7339,-1.37217,50,5.76399,4.46494,-121.04558,-2.27165,-11.54979,26.86098,-22.3297,FOR_RAM,FAI_STA,FordhamUniversity,D1,A10,20260421-FordhamUniversity-1,4acd9070-3dca-11f1-a8c0-6b9c5118a01a,82.19039,47.9547,,8.05988,,,,1.60085,2.84643,-0.49803,9fd2b87c-3fe5-4428-9bed-f2337eda9884,2026-04-21,21:37:26.66,2026-04-21T17:37:26.6618368-04:00,2026-04-21T21:37:26.6618368Z,LineDrive,v3,471298,471291,a1316deca63447d19dd205c393751d6a,"McAndrews, Thomas",836274,Right,FOR_RAM,7aafe6b3-fe2a-4dbf-8d94-d620a165a45e,54.57759,-122.05715,13.43049,5.8337,-1.43072,-11.16485,-1.54851,4.8999,-5.7749,181.640235,1.60059,118.18699,-16.69282,3.78282,-0.83221,0.19261,-0.03964,0.00521,-0.00029,2.84671,51.14529,-15.36785,0.4708,0.07438,-0.06166,0.01739,-0.00203,7E-05,-0.49798,-38.55304,5.66879,-1.4023,0.31569,-0.07025,0.01347,-0.00171,0.0001,,,,,,,,,,,,,,,,,,,,,,,High,High,High,High,Medium,,,
254,2026-04-21,17:38:15.74,8,1,"Cawley, Declan",1000403158,Right,FOR_RAM,"Haarde, Jake",831933,Right,FAI_STA,Undefined,8,Top,1,0,0,Fastball,Four-Seam,StrikeSwinging,Undefined,Undefined,Undefined,0,0,,90.49129,-1.466819,-3.629115,2557.302101,215.910276,1:15,5.87702,1.41627,6.08424,-11.37745,24.19119,16.31824,3.56889,-0.58574,78.82751,-3.80822,-0.697787,0.429245,,,,,,,,,,,,-9.69004,13.34072,-1.14312,50,5.7571,7.51972,-130.53051,-3.50572,-15.9502,39.20589,-10.2147,FOR_RAM,FAI_STA,FordhamUniversity,D1,A10,20260421-FordhamUniversity-1,680a0010-3dca-11f1-a8c0-6b9c5118a01a,87.81106,,,11.66378,,,,,,,9fd2b87c-3fe5-4428-9bed-f2337eda9884,2026-04-21,21:38:15.74,2026-04-21T17:38:15.7495808-04:00,2026-04-21T21:38:15.7495808Z,,v3,471298,471291,a1316deca63447d19dd205c393751d6a,"McAndrews, Thomas",836274,Right,FOR_RAM,13c23f5f-8144-4a8c-b798-13e6e66b70e9,54.40251,-131.84621,19.60295,5.869,-3.16293,-5.10735,-1.40446,8.05498,-7.9751,,,,,,,,,,,,,,,,,,,,,,,,,,,,,,,,,,,,,,,,,,,,,,,,,,,High,High,High,,,,,
255,2026-04-21,17:38:34.78,8,2,"Cawley, Declan",1000403158,Right,FOR_RAM,"Haarde, Jake",831933,Right,FAI_STA,Undefined,8,Top,1,0,1,Slider,Slider,StrikeCalled,Undefined,Undefined,Undefined,0,0,,80.92023,-0.230024,-1.573805,2391.905501,82.785541,8:45,5.79389,1.29418,5.97351,-42.47683,0.65461,-6.86103,2.04083,-0.73694,73.43486,-8.083762,-2.808198,0.472681,,,,,,,,,,,,3.00055,0.88484,-1.16593,50,5.75252,3.49011,-117.39593,-1.83165,4.12052,25.53833,-30.95893,FOR_RAM,FAI_STA,FordhamUniversity,D1,A10,20260421-FordhamUniversity-1,7363bb40-3dca-11f1-a8c0-6b9c5118a01a,79.7418,,,7.48537,,,,,,,9fd2b87c-3fe5-4428-9bed-f2337eda9884,2026-04-21,21:38:34.78,2026-04-21T17:38:34.7887616-04:00,2026-04-21T21:38:34.7887616Z,,v3,471298,471291,a1316deca63447d19dd205c393751d6a,"McAndrews, Thomas",836274,Right,FOR_RAM,733025c9-d951-4cbd-abc4-692fcdee7ec4,54.52331,-118.37584,12.76916,5.80001,-0.64375,-15.47947,-1.29681,3.332,2.06026,,,,,,,,,,,,,,,,,,,,,,,,,,,,,,,,,,,,,,,,,,,,,,,,,,,High,High,High,,,,,
256,2026-04-21,17:38:51.51,8,3,"Cawley, Declan",1000403158,Right,FOR_RAM,"Haarde, Jake",831933,Right,FAI_STA,Undefined,8,Top,1,0,2,Slider,Slider,BallCalled,Undefined,Undefined,Undefined,0,0,,79.25151,2.404504,0.046259,2353.736385,61.223284,8:00,5.73435,1.30623,5.59491,-48.70058,-2.89685,-8.31583,3.92227,0.65644,71.33078,-6.563197,-1.438319,0.487104,,,,,,,,,,,,4.18327,-1.70599,-1.30481,50,5.90951,0.24371,-114.80795,3.17125,5.47955,24.9429,-34.40865,FOR_RAM,FAI_STA,FordhamUniversity,D1,A10,20260421-FordhamUniversity-1,7d686dc0-3dca-11f1-a8c0-6b9c5118a01a,77.38066,,,7.92073,,,,,,,9fd2b87c-3fe5-4428-9bed-f2337eda9884,2026-04-21,21:38:51.51,2026-04-21T17:38:51.5136000-04:00,2026-04-21T21:38:51.5136000Z,,v3,471298,471291,a1316deca63447d19dd205c393751d6a,"McAndrews, Thomas",836274,Right,FOR_RAM,d43a2909-6870-4ced-abac-b4b1359eee6c,54.90129,-115.8679,12.47145,5.74368,4.63345,-17.20433,-1.31022,0.01086,2.73977,,,,,,,,,,,,,,,,,,,,,,,,,,,,,,,,,,,,,,,,,,,,,,,,,,,High,High,High,,,,,
257,2026-04-21,17:39:12.20,8,4,"Cawley, Declan",1000403158,Right,FOR_RAM,"Haarde, Jake",831933,Right,FAI_STA,Undefined,8,Top,1,1,2,Fastball,Four-Seam,StrikeSwinging,Strikeout,Undefined,Undefined,0,0,,89.46859,-2.680112,-3.514791,2523.742665,211.828092,1:00,5.74445,1.19312,6.21365,-10.37548,25.84112,14.98918,2.39999,-0.80552,78.08092,-4.845114,-0.815458,0.433137,,,,,,,,,,,,-9.04075,14.77926,-0.93578,50,5.53737,7.25451,-129.03547,-6.15464,-14.54919,38.20359,-8.38993,FOR_RAM,FAI_STA,FordhamUniversity,D1,A10,20260421-FordhamUniversity-1,89aa8d20-3dca-11f1-a8c0-6b9c5118a01a,87.02199,,,11.38767,,,,,,,9fd2b87c-3fe5-4428-9bed-f2337eda9884,2026-04-21,21:39:12.20,2026-04-21T17:39:12.2010624-04:00,2026-04-21T21:39:12.2010624Z,,v3,471298,471291,a1316deca63447d19dd205c393751d6a,"McAndrews, Thomas",836274,Right,FOR_RAM,5c655f13-10de-488a-8deb-f0b38bc00b9e,54.27425,-130.2948,19.1018,5.73569,-5.87808,-4.19497,-1.18282,7.7341,-7.2746,,,,,,,,,,,,,,,,,,,,,,,,,,,,,,,,,,,,,,,,,,,,,,,,,,,High,High,High,,,,,
258,2026-04-21,17:40:12.59,9,1,"Cawley, Declan",1000403158,Right,FOR_RAM,"Scanlan, Connor",1000467081,Right,FAI_STA,Undefined,8,Top,2,0,0,Fastball,Four-Seam,FoulBallNotFieldable,Undefined,Undefined,Undefined,0,0,,90.31227,-2.030116,-3.253956,2512.327272,216.57089,1:15,5.84945,1.3955,6.0545,-10.61859,24.80891,17.24741,3.0816,-0.18245,79.39211,-4.212618,-0.155411,0.428392,71.82617,33.686934,171.198797,3121.792932,,,,,50.95666,,,-10.11012,13.95005,-1.15136,50,5.68589,6.66216,-130.47928,-4.79752,-16.75169,37.38293,-9.05991,FOR_RAM,FAI_STA,FordhamUniversity,D1,A10,20260421-FordhamUniversity-1,adacd7f0-3dca-11f1-a8c0-6b9c5118a01a,87.98582,29.90796,,10.92016,,,,1.7132,3.16448,0.20516,9fd2b87c-3fe5-4428-9bed-f2337eda9884,2026-04-21,21:40:12.59,2026-04-21T17:40:12.5990400-04:00,2026-04-21T21:40:12.5990400Z,,v3,471298,471291,a1316deca63447d19dd205c393751d6a,"McAndrews, Thomas",836274,Right,FOR_RAM,6f9a04df-8c52-432d-be3a-f80a416aa7c9,54.43856,-131.74481,18.69146,5.84311,-4.49081,-4.52995,-1.3865,7.22926,-8.37584,312.750005,1.7132,-86.62319,8.04364,-0.33082,-0.33305,1.56881,-3.15886,3.26078,-1.33243,3.16448,58.43032,-27.97523,3.48443,-1.77741,4.04688,-7.81784,7.96119,-3.2062,0.20516,13.41199,-8.00438,1.60681,-0.81649,1.82668,-3.53364,3.60163,-1.45256,,,,,,,,,,,,,,,,,,,,,,,High,High,High,High,Undefined,,,
259,2026-04-21,17:40:36.44,9,2,"Cawley, Declan",1000403158,Right,FOR_RAM,"Scanlan, Connor",1000467081,Right,FAI_STA,Undefined,8,Top,2,0,1,Fastball,Slider,InPlay,Undefined,LineDrive,Out,1,0,,81.04681,0.50609,-2.037991,2332.748744,128.441634,10:15,5.8493,1.4022,5.78611,-39.31916,4.91721,-3.85965,3.04385,-0.81622,71.8583,-6.833813,-2.729011,0.478697,92.59967,22.921256,2.294263,2520.386747,109.78754,39.88054,6.8316,319.78632,314.94394,5.621234,3.829405,1.17654,2.815,-1.23188,50,5.86792,4.32564,-117.23469,-0.21983,1.57674,29.80325,-28.40151,FOR_RAM,FAI_STA,FordhamUniversity,D1,A10,20260421-FordhamUniversity-1,bbf72360-3dca-11f1-a8c0-6b9c5118a01a,78.73958,48.76489,,9.18852,,,,1.64886,3.11301,0.80572,9fd2b87c-3fe5-4428-9bed-f2337eda9884,2026-04-21,21:40:36.44,2026-04-21T17:40:36.4457984-04:00,2026-04-21T21:40:36.4457984Z,LineDrive,v3,471298,471291,a1316deca63447d19dd205c393751d6a,"McAndrews, Thomas",836274,Right,FOR_RAM,c4763073-979b-491d-8353-07b93556b197,54.70757,-118.4254,14.90163,5.85404,0.91488,-14.20075,-1.40344,4.26264,0.78837,195.953188,1.64917,124.9801,-20.04307,4.16459,-0.81732,0.15388,-0.02534,0.00267,-0.00011,3.11232,52.90896,-17.48299,1.68179,-0.25734,-0.04377,0.03243,-0.00601,0.00039,0.80573,5.00714,1.22635,-0.22733,0.04413,-0.00354,-0.00093,0.00031,-3E-05,,,,,,,,,,,,,,,,,,,,,,,High,High,High,High,High,,,
260,2026-04-21,17:43:24.32,1,1,"Miller, Brendon",1000397636,Left,FAI_STA,"Rubin, Jack",10076675,Right,FOR_RAM,Undefined,8,Bottom,0,0,0,Fastball,Four-Seam,BallCalled,Undefined,Undefined,Undefined,0,0,,88.65141,-1.308441,4.675095,2336.607923,148.680973,11:00,5.20279,-2.54396,5.74666,-20.41997,15.75288,-8.83284,2.27867,1.08222,80.45351,-5.156598,3.102374,0.432875,,,,,,,,,,,,5.89075,8.77241,2.16024,50,5.08143,-10.10929,-128.24064,-3.57874,9.74615,28.12944,-17.66024,FOR_RAM,FAI_STA,FordhamUniversity,D1,A10,20260421-FordhamUniversity-1,20001dd0-3dcb-11f1-a8c0-6b9c5118a01a,87.07457,,,8.1979,,,,,,,9fd2b87c-3fe5-4428-9bed-f2337eda9884,2026-04-21,21:43:24.32,2026-04-21T17:43:24.3237376-04:00,2026-04-21T21:43:24.3237376Z,,v3,471298,471291,a1316deca63447d19dd205c393751d6a,"Camera, Dominic",1000121029,Right,FAI_STA,5e75f098-7919-4ec6-bcd8-0bb4a6912d4d,54.75062,-129.27848,14.06472,5.20145,-2.92716,-8.83012,2.53986,-10.46888,4.87307,,,,,,,,,,,,,,,,,,,,,,,,,,,,,,,,,,,,,,,,,,,,,,,,,,,High,High,High,,,,,
261,2026-04-21,17:43:39.84,1,2,"Miller, Brendon",1000397636,Left,FAI_STA,"Rubin, Jack",10076675,Right,FOR_RAM,Undefined,8,Bottom,0,1,0,Fastball,Four-Seam,InPlay,Undefined,GroundBall,Out,1,0,,88.59589,-0.505433,2.920934,2382.674952,138.380103,10:30,5.15467,-2.34445,5.68166,-21.26773,15.49599,-12.49123,2.9106,-0.66029,79.05773,-4.549762,0.691243,0.436396,87.35677,-24.324175,12.21892,,,,,7.71057,7.61722,15.755557,0.054612,7.36642,8.44319,2.10634,50,5.09918,-5.99458,-128.2076,-1.7982,11.96327,32.50393,-18.4621,FOR_RAM,FAI_STA,FordhamUniversity,D1,A10,20260421-FordhamUniversity-1,2936f900-3dcb-11f1-a8c0-6b9c5118a01a,86.37203,2.88966,,9.53816,,,,1.17301,2.88966,0.74068,9fd2b87c-3fe5-4428-9bed-f2337eda9884,2026-04-21,21:43:39.84,2026-04-21T17:43:39.8486016-04:00,2026-04-21T21:43:39.8486016Z,GroundBall,v3,471298,471291,a1316deca63447d19dd205c393751d6a,"Camera, Dominic",1000121029,Right,FAI_STA,03cd5a75-352b-4fa4-bea0-78e7ce8403d8,54.81359,-129.42221,16.25197,5.15348,-1.1083,-9.23105,2.33869,-6.44163,5.98164,180,1.17037,114.40446,,,,,,,,2.89088,-52.91239,,,,,,,,0.74011,24.77467,,,,,,,,,,,,,,,,,,,,,,,,,,,,,,High,High,High,High,High,,,
262,2026-04-21,17:44:13.90,2,1,"Miller, Brendon",1000397636,Left,FAI_STA,"Ford, Tim",1000142266,Right,FOR_RAM,Undefined,8,Bottom,1,0,0,Fastball,Four-Seam,StrikeSwinging,Undefined,Undefined,Undefined,0,0,,88.65646,-1.589715,3.204143,2340.095272,139.287351,10:45,5.23408,-2.37837,5.63545,-18.92288,17.96824,-14.18887,2.17135,-0.56834,78.99173,-5.213045,0.674223,0.437152,,,,,,,,,,,,8.19371,10.02745,2.11443,50,5.08697,-6.51963,-128.13106,-4.11911,13.28443,32.5829,-15.91658,FOR_RAM,FAI_STA,FordhamUniversity,D1,A10,20260421-FordhamUniversity-1,3d8a3840-3dcb-11f1-a8c0-6b9c5118a01a,86.22277,,,9.66473,,,,,,,9fd2b87c-3fe5-4428-9bed-f2337eda9884,2026-04-21,21:44:13.90,2026-04-21T17:44:13.9079168-04:00,2026-04-21T21:44:13.9079168Z,,v3,471298,471291,a1316deca63447d19dd205c393751d6a,"Camera, Dominic",1000121029,Right,FAI_STA,228bd7d1-2d2e-4f24-a2a1-ff1f2e20db88,54.85621,-129.36007,16.29145,5.23101,-3.51875,-7.95829,2.3698,-7.02071,6.64221,,,,,,,,,,,,,,,,,,,,,,,,,,,,,,,,,,,,,,,,,,,,,,,,,,,High,High,High,,,,,
263,2026-04-21,17:44:29.01,2,2,"Miller, Brendon",1000397636,Left,FAI_STA,"Ford, Tim",1000142266,Right,FOR_RAM,Undefined,8,Bottom,1,0,1,Fastball,Four-Seam,BallCalled,Undefined,Undefined,Undefined,0,0,,89.30045,-1.750674,2.544985,2303.801681,146.254861,11:00,5.25937,-2.53839,5.68934,-15.21643,21.14635,-13.13123,2.35757,-1.25914,79.30537,-4.721348,0.199795,0.43401,,,,,,,,,,,,7.49571,11.71879,2.33227,50,5.10282,-5.13641,-129.10236,-4.33948,12.29392,33.9422,-12.95373,FOR_RAM,FAI_STA,FordhamUniversity,D1,A10,20260421-FordhamUniversity-1,4682f900-3dcb-11f1-a8c0-6b9c5118a01a,86.84689,,,9.99509,,,,,,,9fd2b87c-3fe5-4428-9bed-f2337eda9884,2026-04-21,21:44:29.01,2026-04-21T17:44:29.0147840-04:00,2026-04-21T21:44:29.0147840Z,,v3,471298,471291,a1316deca63447d19dd205c393751d6a,"Camera, Dominic",1000121029,Right,FAI_STA,b32bd745-b46d-4923-824c-c5ac4f0d7c82,54.80243,-130.35885,16.9711,5.25459,-3.85995,-6.47687,2.53084,-5.59151,6.14696,,,,,,,,,,,,,,,,,,,,,,,,,,,,,,,,,,,,,,,,,,,,,,,,,,,High,High,High,,,,,
264,2026-04-21,17:44:43.57,2,3,"Miller, Brendon",1000397636,Left,FAI_STA,"Ford, Tim",1000142266,Right,FOR_RAM,Undefined,8,Bottom,1,1,1,Fastball,Four-Seam,StrikeSwinging,Undefined,Undefined,Undefined,0,0,,88.99013,-1.512798,3.275511,2330.027488,144.679435,10:45,5.1938,-2.45052,5.87106,-16.18587,20.56804,-13.42938,2.4372,-0.52389,78.26277,-4.691403,0.871157,0.436338,,,,,,,,,,,,8.0039,11.45449,2.19241,50,5.06197,-6.73785,-128.47403,-3.79519,12.87302,35.95329,-13.75123,FOR_RAM,FAI_STA,FordhamUniversity,D1,A10,20260421-FordhamUniversity-1,4f5d8360-3dcb-11f1-a8c0-6b9c5118a01a,86.38355,,,10.72736,,,,,,,9fd2b87c-3fe5-4428-9bed-f2337eda9884,2026-04-21,21:44:43.57,2026-04-21T17:44:43.5745280-04:00,2026-04-21T21:44:43.5745280Z,,v3,471298,471291,a1316deca63447d19dd205c393751d6a,"Camera, Dominic",1000121029,Right,FAI_STA,0b4cc130-c020-4970-9412-d56cea6e2c9f,54.61784,-129.75989,17.97664,5.18891,-3.30338,-6.87562,2.44163,-7.19825,6.43651,,,,,,,,,,,,,,,,,,,,,,,,,,,,,,,,,,,,,,,,,,,,,,,,,,,High,High,High,,,,,
265,2026-04-21,17:45:01.72,2,4,"Miller, Brendon",1000397636,Left,FAI_STA,"Ford, Tim",1000142266,Right,FOR_RAM,Undefined,8,Bottom,1,1,2,Fastball,Sinker,StrikeSwinging,Strikeout,Undefined,Undefined,0,0,,89.7344,-1.308732,3.248966,2338.690077,138.809432,10:45,5.24435,-2.43977,5.63166,-18.48658,17.18068,-13.8791,2.48055,-0.56177,80.66483,-4.828428,0.774727,0.42984,,,,,,,,,,,,7.99319,9.47249,2.17175,50,5.12124,-6.73461,-129.85012,-3.53622,13.43888,31.06283,-16.24803,FOR_RAM,FAI_STA,FordhamUniversity,D1,A10,20260421-FordhamUniversity-1,59fc7a10-3dcb-11f1-a8c0-6b9c5118a01a,87.68954,,,9.06956,,,,,,,9fd2b87c-3fe5-4428-9bed-f2337eda9884,2026-04-21,21:45:01.72,2026-04-21T17:45:01.7270272-04:00,2026-04-21T21:45:01.7270272Z,,v3,471298,471291,a1316deca63447d19dd205c393751d6a,"Camera, Dominic",1000121029,Right,FAI_STA,1c979563-be48-455e-ae62-3a0589146650,54.86234,-131.00812,15.53141,5.24178,-2.9305,-8.12402,2.43215,-7.23561,6.71944,,,,,,,,,,,,,,,,,,,,,,,,,,,,,,,,,,,,,,,,,,,,,,,,,,,High,High,High,,,,,
266,2026-04-21,17:45:38.59,3,1,"Miller, Brendon",1000397636,Left,FAI_STA,"Dieguez, Matthew",10131275,Right,FOR_RAM,Undefined,8,Bottom,2,0,0,Fastball,Four-Seam,StrikeCalled,Undefined,Undefined,Undefined,0,0,,89.61596,-0.999204,2.968229,2271.394553,146.544263,11:00,5.25598,-2.31223,5.82686,-15.53769,20.63749,-12.61052,3.03096,-0.60134,78.97942,-4.052552,0.71173,0.432889,,,,,,,,,,,,7.42709,11.23882,2.07644,50,5.1652,-6.12662,-129.45811,-2.64015,12.16482,35.79507,-13.76594,FOR_RAM,FAI_STA,FordhamUniversity,D1,A10,20260421-FordhamUniversity-1,7004bc50-3dcb-11f1-a8c0-6b9c5118a01a,87.07179,,,10.63654,,,,,,,9fd2b87c-3fe5-4428-9bed-f2337eda9884,2026-04-21,21:45:38.59,2026-04-21T17:45:38.5923072-04:00,2026-04-21T21:45:38.5923072Z,,v3,471298,471291,a1316deca63447d19dd205c393751d6a,"Camera, Dominic",1000121029,Right,FAI_STA,4f727ef7-4fc5-4937-8e5c-fe27d2126c83,54.66197,-130.74079,17.89754,5.25097,-2.14687,-6.88297,2.30379,-6.56254,6.08241,,,,,,,,,,,,,,,,,,,,,,,,,,,,,,,,,,,,,,,,,,,,,,,,,,,High,High,High,,,,,
267,2026-04-21,17:45:53.92,3,2,"Miller, Brendon",1000397636,Left,FAI_STA,"Dieguez, Matthew",10131275,Right,FOR_RAM,Undefined,8,Bottom,2,0,1,Fastball,Four-Seam,BallCalled,Undefined,Undefined,Undefined,0,0,,89.22731,-2.52694,3.84086,2411.164772,145.374727,10:45,5.22769,-2.50633,5.60209,-16.86084,19.66714,-12.56481,1.45679,0.03756,79.5706,-5.771766,1.60466,0.434995,,,,,,,,,,,,7.7237,11.25772,2.18553,50,5.00048,-8.09239,-128.84795,-6.18591,12.65644,33.07256,-13.72658,FOR_RAM,FAI_STA,FordhamUniversity,D1,A10,20260421-FordhamUniversity-1,792cca70-3dcb-11f1-a8c0-6b9c5118a01a,86.65031,,,9.6567,,,,,,,9fd2b87c-3fe5-4428-9bed-f2337eda9884,2026-04-21,21:45:53.92,2026-04-21T17:45:53.9286016-04:00,2026-04-21T21:45:53.9286016Z,,v3,471298,471291,a1316deca63447d19dd205c393751d6a,"Camera, Dominic",1000121029,Right,FAI_STA,4bbd29bb-4d71-4c43-a733-bd1e8439ba6a,54.89315,-130.09786,16.53628,5.22446,-5.66715,-6.86329,2.5004,-8.57071,6.32822,,,,,,,,,,,,,,,,,,,,,,,,,,,,,,,,,,,,,,,,,,,,,,,,,,,High,High,High,,,,,
268,2026-04-21,17:46:09.06,3,3,"Miller, Brendon",1000397636,Left,FAI_STA,"Dieguez, Matthew",10131275,Right,FOR_RAM,Undefined,8,Bottom,2,1,1,Fastball,Four-Seam,BallCalled,Undefined,Undefined,Undefined,0,0,,88.25819,0.381476,2.454521,2364.318379,136.053895,10:30,5.06236,-2.49751,5.52486,-20.41245,16.66816,-14.72477,3.71829,-1.42848,78.99513,-3.498168,-0.167266,0.438273,,,,,,,,,,,,8.14237,8.6456,2.29365,50,5.08235,-4.79936,-127.75356,0.21346,13.20641,30.8836,-18.15148,FOR_RAM,FAI_STA,FordhamUniversity,D1,A10,20260421-FordhamUniversity-1,82258b30-3dcb-11f1-a8c0-6b9c5118a01a,86.00217,,,9.26306,,,,,,,9fd2b87c-3fe5-4428-9bed-f2337eda9884,2026-04-21,21:46:09.06,2026-04-21T17:46:09.0698240-04:00,2026-04-21T21:46:09.0698240Z,,v3,471298,471291,a1316deca63447d19dd205c393751d6a,"Camera, Dominic",1000121029,Right,FAI_STA,30b9d545-3bbd-46bc-a951-6ea4514ea146,54.96824,-128.949,15.4418,5.06049,0.91608,-9.07574,2.48932,-5.31056,6.60321,,,,,,,,,,,,,,,,,,,,,,,,,,,,,,,,,,,,,,,,,,,,,,,,,,,High,High,High,,,,,
269,2026-04-21,17:46:25.55,3,4,"Miller, Brendon",1000397636,Left,FAI_STA,"Dieguez, Matthew",10131275,Right,FOR_RAM,Undefined,8,Bottom,2,2,1,Fastball,Four-Seam,StrikeSwinging,Undefined,Undefined,Undefined,0,0,,88.67407,-1.257932,3.10371,2365.911283,146.599616,11:00,5.14922,-2.45787,5.89627,-17.94473,18.65784,-11.31847,2.48406,-0.51677,78.76929,-4.729882,1.075991,0.435439,,,,,,,,,,,,6.81351,10.35922,2.21393,50,5.03769,-6.44416,-128.20096,-3.30422,11.02168,33.42248,-15.41671,FOR_RAM,FAI_STA,FordhamUniversity,D1,A10,20260421-FordhamUniversity-1,8c183c50-3dcb-11f1-a8c0-6b9c5118a01a,86.56194,,,9.90478,,,,,,,9fd2b87c-3fe5-4428-9bed-f2337eda9884,2026-04-21,21:46:25.55,2026-04-21T17:46:25.5535616-04:00,2026-04-21T21:46:25.5535616Z,,v3,471298,471291,a1316deca63447d19dd205c393751d6a,"Camera, Dominic",1000121029,Right,FAI_STA,d271980c-ff95-4c4b-b478-babb0aa00876,54.59471,-129.39327,16.71124,5.14576,-2.75425,-7.70836,2.45083,-6.83735,5.51084,,,,,,,,,,,,,,,,,,,,,,,,,,,,,,,,,,,,,,,,,,,,,,,,,,,High,High,High,,,,,
270,2026-04-21,17:46:44.15,3,5,"Miller, Brendon",1000397636,Left,FAI_STA,"Dieguez, Matthew",10131275,Right,FOR_RAM,Undefined,8,Bottom,2,2,1,Fastball,Four-Seam,FoulBallNotFieldable,Undefined,Undefined,Undefined,0,0,,89.68074,-2.481645,3.572792,2314.094155,143.87617,10:45,5.14704,-2.40249,5.68266,-17.5719,18.4508,-12.41186,1.36355,-0.10219,80.01134,-5.853562,1.359219,0.431976,70.2338,10.534767,168.319125,1335.894938,,,,92.24514,53.46853,169.138444,1.014552,7.52536,10.62493,2.10916,50,4.92701,-7.53159,-129.54906,-6.13858,12.47173,33.31981,-14.56538,FOR_RAM,FAI_STA,FordhamUniversity,D1,A10,20260421-FordhamUniversity-1,97146e30-3dcb-11f1-a8c0-6b9c5118a01a,87.25587,5.56525,,9.66939,,,,1.40067,1.2648,0.0708,9fd2b87c-3fe5-4428-9bed-f2337eda9884,2026-04-21,21:46:44.15,2026-04-21T17:46:44.1500672-04:00,2026-04-21T21:46:44.1500672Z,GroundBall,v3,471298,471291,a1316deca63447d19dd205c393751d6a,"Camera, Dominic",1000121029,Right,FAI_STA,7a5b724c-240f-4c23-a1f3-e4b5831c5e1e,54.81147,-130.78071,16.65991,5.14397,-5.60018,-7.28269,2.39609,-7.99261,6.23587,331.452412,1.40067,-99.17577,9.49301,-1.34635,0.28508,-0.04696,0.00958,-0.00165,0.00013,1.2648,18.83343,-21.42514,1.93179,-0.38551,0.07835,-0.01344,0.00252,-0.0003,0.0708,20.50379,-3.95106,0.66427,-0.13005,0.02264,-0.00439,0.00082,-8E-05,,,,,,,,,,,,,,,,,,,,,,,High,High,High,High,Medium,,,
271,2026-04-21,17:47:03.66,3,6,"Miller, Brendon",1000397636,Left,FAI_STA,"Dieguez, Matthew",10131275,Right,FOR_RAM,Undefined,8,Bottom,2,2,2,Fastball,Four-Seam,StrikeCalled,Strikeout,Undefined,Undefined,0,0,,89.94549,-0.609552,4.465378,2345.307056,145.989709,10:45,5.1772,-2.54003,5.7694,-17.72926,17.60662,-11.01249,3.13075,0.70624,80.89894,-3.998619,2.502785,0.427838,,,,,,,,,,,,6.97894,9.50178,2.17664,50,5.1161,-9.66361,-130.05546,-1.90943,11.79003,30.75196,-16.12201,FOR_RAM,FAI_STA,FordhamUniversity,D1,A10,20260421-FordhamUniversity-1,a2bdd000-3dcb-11f1-a8c0-6b9c5118a01a,88.09977,,,9.04655,,,,,,,9fd2b87c-3fe5-4428-9bed-f2337eda9884,2026-04-21,21:47:03.66,2026-04-21T17:47:03.6698624-04:00,2026-04-21T21:47:03.6698624Z,,v3,471298,471291,a1316deca63447d19dd205c393751d6a,"Camera, Dominic",1000121029,Right,FAI_STA,ba0ad5ce-61cd-4dba-bff3-598bd5292c7d,54.7253,-131.16801,15.37598,5.17463,-1.32616,-8.061,2.53397,-10.09015,5.89501,,,,,,,,,,,,,,,,,,,,,,,,,,,,,,,,,,,,,,,,,,,,,,,,,,,High,High,High,,,,,
272,2026-04-21,17:49:33.08,1,1,"Cawley, Declan",1000403158,Right,FOR_RAM,"Mcilroy, Liam",10312491,Right,FAI_STA,Undefined,9,Top,0,0,0,Fastball,Four-Seam,BallCalled,Undefined,Undefined,Undefined,0,0,,88.91619,-0.673902,-2.764507,2269.210829,211.707436,1:00,5.80637,1.29444,6.41521,-11.88465,23.40328,13.64383,4.19569,-0.11208,79.66428,-3.060556,-0.295356,0.427548,,,,,,,,,,,,-7.93032,12.72131,-1.10206,50,5.75202,5.65471,-128.89245,-1.71513,-13.09364,31.42129,-11.17009,FOR_RAM,FAI_STA,FordhamUniversity,D1,A10,20260421-FordhamUniversity-1,fbbc8ed0-3dcb-11f1-a8c0-6b9c5118a01a,88.15962,,,9.25191,,,,,,,9fd2b87c-3fe5-4428-9bed-f2337eda9884,2026-04-21,21:49:33.08,2026-04-21T17:49:33.0807808-04:00,2026-04-21T21:49:33.0807808Z,,v3,471298,471291,a1316deca63447d19dd205c393751d6a,"McAndrews, Thomas",836274,Right,FOR_RAM,e4a9b8da-1b82-469e-9c72-1822c45c06eb,54.07844,-129.88288,15.71064,5.80053,-1.36304,-5.58504,-1.28681,6.06744,-6.54682,,,,,,,,,,,,,,,,,,,,,,,,,,,,,,,,,,,,,,,,,,,,,,,,,,,High,High,High,,,,,
273,2026-04-21,17:49:45.33,1,2,"Cawley, Declan",1000403158,Right,FOR_RAM,"Mcilroy, Liam",10312491,Right,FAI_STA,Undefined,9,Top,0,1,0,Fastball,Four-Seam,BallCalled,Undefined,Undefined,Undefined,0,0,,90.62768,-1.839319,-4.122712,2455.539862,215.293505,1:15,5.75851,1.08647,6.24505,-11.18469,23.24777,15.50048,3.12504,-1.43083,80.87921,-4.092696,-1.332517,0.422333,,,,,,,,,,,,-9.29819,12.94969,-0.78585,50,5.61517,8.76447,-131.043,-4.40337,-15.81809,33.28471,-10.14401,FOR_RAM,FAI_STA,FordhamUniversity,D1,A10,20260421-FordhamUniversity-1,030f40b0-3dcc-11f1-a8c0-6b9c5118a01a,89.24806,,,9.74847,,,,,,,9fd2b87c-3fe5-4428-9bed-f2337eda9884,2026-04-21,21:49:45.33,2026-04-21T17:49:45.3319168-04:00,2026-04-21T21:49:45.3319168Z,,v3,471298,471291,a1316deca63447d19dd205c393751d6a,"McAndrews, Thomas",836274,Right,FOR_RAM,d69818b3-4178-46cd-b9f8-2bafbab44722,54.24784,-132.11754,16.64236,5.75204,-4.07589,-5.072,-1.07704,9.27513,-7.90905,,,,,,,,,,,,,,,,,,,,,,,,,,,,,,,,,,,,,,,,,,,,,,,,,,,High,High,High,,,,,
274,2026-04-21,17:49:58.47,1,3,"Cawley, Declan",1000403158,Right,FOR_RAM,"Mcilroy, Liam",10312491,Right,FAI_STA,Undefined,9,Top,0,2,0,Fastball,Four-Seam,StrikeCalled,Undefined,Undefined,Undefined,0,0,,89.55855,-3.477229,-3.677963,2428.356693,211.20959,1:00,5.75344,1.26095,6.33899,-10.19591,25.01332,14.30217,1.69184,-0.93806,79.98694,-5.555261,-1.097107,0.427071,,,,,,,,,,,,-8.60414,14.5143,-0.9989,50,5.49423,7.71325,-129.41911,-8.01489,-14.26181,32.72305,-8.11576,FOR_RAM,FAI_STA,FordhamUniversity,D1,A10,20260421-FordhamUniversity-1,0aeef050-3dcc-11f1-a8c0-6b9c5118a01a,88.25806,,,9.57161,,,,,,,9fd2b87c-3fe5-4428-9bed-f2337eda9884,2026-04-21,21:49:58.47,2026-04-21T17:49:58.4783872-04:00,2026-04-21T21:49:58.4783872Z,,v3,471298,471291,a1316deca63447d19dd205c393751d6a,"McAndrews, Thomas",836274,Right,FOR_RAM,0c710972-e039-46ef-a070-6e75e5275fbd,54.15458,-130.46535,16.36153,5.74633,-7.7554,-4.05788,-1.25281,8.16923,-7.13091,,,,,,,,,,,,,,,,,,,,,,,,,,,,,,,,,,,,,,,,,,,,,,,,,,,High,High,High,,,,,
275,2026-04-21,17:50:11.76,1,4,"Cawley, Declan",1000403158,Right,FOR_RAM,"Mcilroy, Liam",10312491,Right,FAI_STA,Undefined,9,Top,0,2,1,Fastball,Four-Seam,InPlay,Undefined,Popup,Out,1,0,,91.01147,-1.451486,-2.34849,2356.641622,220.984965,1:15,5.74976,1.24422,6.17852,-12.54528,21.73348,17.68422,3.3625,0.54792,80.91591,-3.954177,0.839945,0.42139,65.41276,35.877978,3.005919,3602.11305,109.41476,53.44674,11.33027,213.74216,206.30921,8.294644,3.8794,-9.94312,12.11701,-1.07523,50,5.6336,4.64312,-131.81162,-3.60464,-17.00062,35.36701,-11.45654,FOR_RAM,FAI_STA,FordhamUniversity,D1,A10,20260421-FordhamUniversity-1,12e0a150-3dcc-11f1-a8c0-6b9c5118a01a,89.44789,53.64426,,10.09556,,,,0.92007,3.37248,-0.54837,9fd2b87c-3fe5-4428-9bed-f2337eda9884,2026-04-21,21:50:11.76,2026-04-21T17:50:11.7629952-04:00,2026-04-21T21:50:11.7629952Z,FlyBall,v3,471298,471291,a1316deca63447d19dd205c393751d6a,"McAndrews, Thomas",836274,Right,FOR_RAM,978aa9d4-2312-483b-9ae6-28a1593a41cf,54.31621,-132.96467,17.68351,5.74503,-3.23112,-5.72827,-1.23564,5.19739,-8.50031,201.631904,0.92072,77.60949,-12.2003,2.65561,-0.30885,-0.02247,0.01141,-0.00061,-6E-05,3.37242,56.22732,-16.90044,0.78969,-0.03163,-0.07736,0.0426,-0.0088,0.00064,-0.54859,4.08395,2.52102,-0.65799,0.05702,0.02661,-0.01065,0.00151,-8E-05,,,,,,,,,,,,,,,,,,,,,,,High,High,High,High,High,,,
276,2026-04-21,17:50:49.60,2,1,"Cawley, Declan",1000403158,Right,FOR_RAM,"Colby, Nolan",10132109,Left,FAI_STA,Undefined,9,Top,1,0,0,ChangeUp,Changeup,BallCalled,Undefined,Undefined,Undefined,0,0,,85.30158,-0.381897,-1.336908,1979.017546,230.475561,1:45,5.82389,1.57331,6.2209,-23.40426,14.80855,16.36619,3.52105,1.70333,77.35107,-4.826699,1.619036,0.444914,,,,,,,,,,,,-8.81193,8.16855,-1.48072,50,5.78364,2.23619,-123.85951,-1.48712,-13.5607,26.90276,-19.60349,FOR_RAM,FAI_STA,FordhamUniversity,D1,A10,20260421-FordhamUniversity-1,29636ac0-3dcc-11f1-a8c0-6b9c5118a01a,84.71852,,,7.95052,,,,,,,9fd2b87c-3fe5-4428-9bed-f2337eda9884,2026-04-21,21:50:49.60,2026-04-21T17:50:49.6064512-04:00,2026-04-21T21:50:49.6064512Z,,v3,471298,471291,a1316deca63447d19dd205c393751d6a,"McAndrews, Thomas",836274,Right,FOR_RAM,bf5c98bf-3cff-435c-9061-748f86714e6c,54.2752,-124.78464,13.45138,5.82319,-0.813,-9.80174,-1.56564,2.70252,-6.78035,,,,,,,,,,,,,,,,,,,,,,,,,,,,,,,,,,,,,,,,,,,,,,,,,,,High,High,High,,,,,
277,2026-04-21,17:51:02.49,2,2,"Cawley, Declan",1000403158,Right,FOR_RAM,"Colby, Nolan",10132109,Left,FAI_STA,Undefined,9,Top,1,1,0,ChangeUp,Changeup,StrikeCalled,Undefined,Undefined,Undefined,0,0,,85.67016,-1.617066,-3.82673,1922.206297,228.150045,1:30,5.85488,1.40228,6.14085,-23.82631,14.28343,14.47824,2.37124,-0.93287,77.80063,-6.116842,-1.222327,0.444313,,,,,,,,,,,,-8.83571,8.27674,-1.11833,50,5.71911,7.77026,-124.18415,-4.21066,-13.66454,27.11311,-19.37397,FOR_RAM,FAI_STA,FordhamUniversity,D1,A10,20260421-FordhamUniversity-1,3113f410-3dcc-11f1-a8c0-6b9c5118a01a,84.83303,,,7.86953,,,,,,,9fd2b87c-3fe5-4428-9bed-f2337eda9884,2026-04-21,21:51:02.49,2026-04-21T17:51:02.4944128-04:00,2026-04-21T21:51:02.4944128Z,,v3,471298,471291,a1316deca63447d19dd205c393751d6a,"McAndrews, Thomas",836274,Right,FOR_RAM,5bc0c516-cd61-4a44-a740-d8265ef1e2ee,54.36016,-125.13248,13.55656,5.85453,-3.53302,-9.68699,-1.39847,8.2482,-6.83227,,,,,,,,,,,,,,,,,,,,,,,,,,,,,,,,,,,,,,,,,,,,,,,,,,,High,High,High,,,,,
278,2026-04-21,17:51:16.87,2,3,"Cawley, Declan",1000403158,Right,FOR_RAM,"Colby, Nolan",10132109,Left,FAI_STA,Undefined,9,Top,1,1,1,Slider,Slider,BallCalled,Undefined,Undefined,Undefined,0,0,,80.36181,-1.070128,-2.177759,2220.181449,97.579395,9:15,5.78334,1.31164,5.78724,-41.63908,2.33225,-6.10126,1.31704,-1.22375,73.23693,-8.725127,-3.271286,0.477261,,,,,,,,,,,,2.5065,1.78449,-1.12818,50,5.66961,4.65291,-116.58426,-3.49199,3.39734,25.02409,-29.75531,FOR_RAM,FAI_STA,FordhamUniversity,D1,A10,20260421-FordhamUniversity-1,39af0470-3dcc-11f1-a8c0-6b9c5118a01a,78.97654,,,7.12489,,,,,,,9fd2b87c-3fe5-4428-9bed-f2337eda9884,2026-04-21,21:51:16.87,2026-04-21T17:51:16.8713216-04:00,2026-04-21T21:51:16.8713216Z,,v3,471298,471291,a1316deca63447d19dd205c393751d6a,"McAndrews, Thomas",836274,Right,FOR_RAM,4897b085-5df7-4c17-9494-7a912b0991d9,54.71419,-117.59178,12.51204,5.78609,-2.29398,-14.87765,-1.31276,4.51613,1.69867,,,,,,,,,,,,,,,,,,,,,,,,,,,,,,,,,,,,,,,,,,,,,,,,,,,High,High,High,,,,,
279,2026-04-21,17:51:31.77,2,4,"Cawley, Declan",1000403158,Right,FOR_RAM,"Colby, Nolan",10132109,Left,FAI_STA,Undefined,9,Top,1,2,1,Fastball,Four-Seam,StrikeSwinging,Undefined,Undefined,Undefined,0,0,,90.42203,-1.493815,-3.465721,2413.2854,215.522789,1:15,5.81552,1.44515,6.00713,-9.53024,25.52182,17.19674,3.63452,-0.33658,80.19624,-3.459075,-0.380199,0.426116,,,,,,,,,,,,-9.98308,13.9619,-1.18155,50,5.69265,7.15263,-130.75359,-3.54,-16.79585,34.8043,-8.68415,FOR_RAM,FAI_STA,FordhamUniversity,D1,A10,20260421-FordhamUniversity-1,4288a470-3dcc-11f1-a8c0-6b9c5118a01a,88.45573,,,10.2258,,,,,,,9fd2b87c-3fe5-4428-9bed-f2337eda9884,2026-04-21,21:51:31.77,2026-04-21T17:51:31.7770752-04:00,2026-04-21T21:51:31.7770752Z,,v3,471298,471291,a1316deca63447d19dd205c393751d6a,"McAndrews, Thomas",836274,Right,FOR_RAM,b705171e-6ff6-47cf-bccd-0d16113af892,54.48627,-131.94235,17.40215,5.80849,-3.24339,-4.34207,-1.43565,7.7263,-8.39793,,,,,,,,,,,,,,,,,,,,,,,,,,,,,,,,,,,,,,,,,,,,,,,,,,,High,High,High,,,,,
280,2026-04-21,17:51:48.99,2,5,"Cawley, Declan",1000403158,Right,FOR_RAM,"Colby, Nolan",10132109,Left,FAI_STA,Undefined,9,Top,1,2,2,ChangeUp,Changeup,InPlay,Undefined,FlyBall,Out,1,0,,85.96653,-0.697968,-1.961624,2042.454821,236.699871,2:00,5.79277,1.40051,6.44184,-24.55501,12.90965,17.63241,3.10476,1.06668,77.70785,-5.370112,1.236169,0.440537,91.01532,34.769206,3.275192,2841.892032,109.89298,70.91559,4.84026,350.84087,346.19657,2.279996,5.23431,-9.85528,7.35685,-1.26877,50,5.7322,3.60492,-124.8202,-2.20602,-15.32551,28.48122,-20.73376,FOR_RAM,FAI_STA,FordhamUniversity,D1,A10,20260421-FordhamUniversity-1,4cc92770-3dcc-11f1-a8c0-6b9c5118a01a,85.56021,93.79023,,8.25868,,,,1.43344,3.15262,-1.05928,9fd2b87c-3fe5-4428-9bed-f2337eda9884,2026-04-21,21:51:48.99,2026-04-21T17:51:48.9972224-04:00,2026-04-21T21:51:48.9972224Z,FlyBall,v3,471298,471291,a1316deca63447d19dd205c393751d6a,"McAndrews, Thomas",836274,Right,FOR_RAM,da62a858-04a7-4a20-8e01-44329a90ebea,54.05603,-125.74229,14.24061,5.79276,-1.53476,-10.36688,-1.39351,4.10109,-7.66275,179.156265,1.43763,109.39026,-21.54779,5.27188,-0.80807,0.03924,0.00987,-0.00172,8E-05,3.15026,76.16488,-17.16867,0.30353,0.20953,-0.1058,0.02885,-0.00398,0.00021,-1.05888,6.25694,-1.43248,0.27855,-0.02712,-0.00344,0.00136,-0.00014,0,,,,,,,,,,,,,,,,,,,,,,,High,High,High,High,High,,,
281,2026-04-21,17:52:19.51,3,1,"Cawley, Declan",1000403158,Right,FOR_RAM,"Camera, Dominic",1000121029,Right,FAI_STA,Undefined,9,Top,2,0,0,Fastball,Four-Seam,FoulBallNotFieldable,Undefined,Undefined,Undefined,0,0,,90.74095,-2.328541,-2.233277,2420.152631,213.633636,1:00,5.74135,1.40599,5.9801,-10.17709,24.28923,15.29017,2.73201,0.60902,81.38934,-4.378001,0.512943,0.422541,66.47708,48.440234,147.54118,4503.917418,,,,,42.10451,,,-8.58937,13.6117,-1.23792,50,5.55168,4.46562,-131.4446,-5.53748,-14.74436,32.75768,-8.80844,FOR_RAM,FAI_STA,FordhamUniversity,D1,A10,20260421-FordhamUniversity-1,5ef95fa0-3dcc-11f1-a8c0-6b9c5118a01a,89.20424,41.89113,,9.35161,,,,1.74824,2.80396,-0.59782,9fd2b87c-3fe5-4428-9bed-f2337eda9884,2026-04-21,21:52:19.51,2026-04-21T17:52:19.5142656-04:00,2026-04-21T21:52:19.5142656Z,,v3,471298,471291,a1316deca63447d19dd205c393751d6a,"McAndrews, Thomas",836274,Right,FOR_RAM,f0a5fcf4-21c7-43d7-a016-1805aa9db5bb,54.51642,-132.56537,16.37884,5.73599,-5.23611,-4.40422,-1.39934,4.97008,-7.37218,318.642725,1.74824,-54.57661,0.22282,2.10672,-0.55807,0.16621,-0.04883,0.004,0.00148,2.80396,72.95542,-29.0706,4.18041,-0.74104,0.17956,-0.017,-0.00451,0.00032,-0.59782,34.71402,-9.10525,0.25235,-0.01423,-0.03171,0.01556,0.00105,-0.0014,,,,,,,,,,,,,,,,,,,,,,,High,High,High,High,Undefined,,,
282,2026-04-21,17:52:34.41,3,2,"Cawley, Declan",1000403158,Right,FOR_RAM,"Camera, Dominic",1000121029,Right,FAI_STA,Undefined,9,Top,2,0,1,Slider,Slider,InPlay,Undefined,LineDrive,HomeRun,0,1,,78.44502,-0.119964,-0.510084,2324.416621,85.121372,8:45,5.73217,1.412,5.67942,-45.01384,0.78689,-7.71689,1.86918,0.29342,72.09418,-8.366175,-1.892131,0.487088,95.5614,28.650728,-22.306706,2190.397788,100.48685,53.1115,-44.74734,375.20204,360.84453,-27.229561,4.758025,3.8202,0.78795,-1.36391,50,5.69343,1.29992,-113.96955,-1.68362,5.008,21.59316,-31.14109,FOR_RAM,FAI_STA,FordhamUniversity,D1,A10,20260421-FordhamUniversity-1,680225f0-3dcc-11f1-a8c0-6b9c5118a01a,77.38319,73.3839,,6.35084,,,,2.6189,1.96,-0.25796,9fd2b87c-3fe5-4428-9bed-f2337eda9884,2026-04-21,21:52:34.41,2026-04-21T17:52:34.4180736-04:00,2026-04-21T21:52:34.4180736Z,FlyBall,v3,471298,471291,a1316deca63447d19dd205c393751d6a,"McAndrews, Thomas",836274,Right,FOR_RAM,7be813a7-57d1-4a98-88ed-7fb00f6328b4,54.82108,-114.87934,10.79658,5.73673,-0.37154,-15.57054,-1.41424,1.08891,2.504,152.36597,2.62178,113.73424,-21.18665,4.84014,-0.70718,0.008,0.01608,-0.002,6E-05,1.96049,67.17688,-17.0014,0.28025,0.36571,-0.20893,0.06347,-0.00949,0.00054,-0.25865,-46.66598,2.62186,0.33563,-0.28225,0.09584,-0.02026,0.00239,-0.00012,,,,,,,,,,,,,,,,,,,,,,,High,High,High,High,Medium,,,
283,2026-04-21,17:56:10.94,4,1,"O'Brien, Aidan",10088291,Right,FOR_RAM,"Spencer, Luke",1000467084,Right,FAI_STA,Undefined,9,Top,2,0,0,Fastball,Four-Seam,InPlay,Undefined,LineDrive,Single,0,0,,83.96702,-2.5389,-4.097023,2116.613365,211.815463,1:00,5.56365,2.35617,6.15157,-17.5384,22.9958,13.22686,1.74876,-0.33348,74.70669,-5.970996,-1.719949,0.458229,97.262,10.341365,16.058635,2130.042477,103.4887,12.18702,37.28339,201.11662,195.44265,22.577738,1.809132,-8.2613,13.22505,-2.05063,50,5.36107,8.15607,-121.2735,-5.78668,-11.95607,29.95083,-13.03422,FOR_RAM,FAI_STA,FordhamUniversity,D1,A10,20260421-FordhamUniversity-1,e90bbf80-3dcc-11f1-a8c0-6b9c5118a01a,82.25684,12.20328,,9.26033,,,,0.48128,1.67035,0.32735,9fd2b87c-3fe5-4428-9bed-f2337eda9884,2026-04-21,21:56:10.94,2026-04-21T17:56:10.9463040-04:00,2026-04-21T21:56:10.9463040Z,LineDrive,v3,471298,471291,a1316deca63447d19dd205c393751d6a,"McAndrews, Thomas",836274,Right,FOR_RAM,54a5f42b-d6c7-4fcd-94c0-bbbe7d0638ad,54.34164,-122.34106,14.97541,5.55905,-5.32209,-6.51711,-2.34894,8.58222,-5.97803,250.885431,0.48128,134.8575,-24.64542,5.13527,-1.0388,0.17629,-0.02838,0.0038,-0.00028,1.67035,25.60759,-16.3938,1.04656,-0.04778,-0.00957,0.00633,-0.00112,7E-05,0.32735,38.8192,5.52548,-3.24402,1.09944,-0.29745,0.06749,-0.01105,0.00092,,,,,,,,,,,,,,,,,,,,,,,High,High,High,High,High,,,
284,2026-04-21,17:56:42.11,5,1,"O'Brien, Aidan",10088291,Right,FOR_RAM,"Grande, Carter",1000467065,Right,FAI_STA,Undefined,9,Top,2,0,0,Fastball,Changeup,FoulBallNotFieldable,Undefined,Undefined,Undefined,0,0,,82.53776,-0.539172,-2.666452,1965.510612,218.934796,1:15,5.5019,2.43407,6.18449,-22.91741,19.18068,14.02603,3.0937,1.139,72.77059,-4.985293,-0.138096,0.466985,67.88282,73.697529,-145.163087,4465.24306,,,,,8.6197,,,-8.31103,10.62697,-2.23973,50,5.44993,5.01749,-119.41103,-1.70367,-11.53323,31.31452,-17.42695,FOR_RAM,FAI_STA,FordhamUniversity,D1,A10,20260421-FordhamUniversity-1,fb764190-3dcc-11f1-a8c0-6b9c5118a01a,80.71451,32.8002,,9.76717,,,,3.00037,2.95467,-1.04831,9fd2b87c-3fe5-4428-9bed-f2337eda9884,2026-04-21,21:56:42.11,2026-04-21T17:56:42.1157888-04:00,2026-04-21T21:56:42.1157888Z,,v3,471298,471291,a1316deca63447d19dd205c393751d6a,"McAndrews, Thomas",836274,Right,FOR_RAM,08e68cf1-0b09-4f9d-be42-945dec22c7fd,54.30894,-120.53572,15.65726,5.49988,-1.07777,-8.71347,-2.42737,5.43172,-5.76661,12.786499,3.01162,-23.36575,-6.67685,,,,,,,2.96934,95.00959,-33.04247,,,,,,,-1.05371,-15.76171,5.72595,,,,,,,,,,,,,,,,,,,,,,,,,,,,,High,High,High,Medium,Undefined,,,
285,2026-04-21,17:57:05.38,5,2,"O'Brien, Aidan",10088291,Right,FOR_RAM,"Grande, Carter",1000467065,Right,FAI_STA,Undefined,9,Top,2,0,1,Slider,Slider,BallCalled,Undefined,Undefined,Undefined,0,0,,75.65825,1.374977,-0.815933,2259.172301,123.874559,10:15,5.4932,2.31712,5.70918,-46.38455,3.62386,-2.66819,2.90921,1.33455,68.23908,-7.212257,-1.293419,0.508971,,,,,,,,,,,,1.07906,1.93406,-2.24714,50,5.58001,1.66178,-109.65317,1.20457,1.28908,22.78978,-29.86356,FOR_RAM,FAI_STA,FordhamUniversity,D1,A10,20260421-FordhamUniversity-1,09606ba0-3dcd-11f1-a8c0-6b9c5118a01a,74.05618,,,7.41917,,,,,,,9fd2b87c-3fe5-4428-9bed-f2337eda9884,2026-04-21,21:57:05.38,2026-04-21T17:57:05.3882880-04:00,2026-04-21T21:57:05.3882880Z,,v3,471298,471291,a1316deca63447d19dd205c393751d6a,"McAndrews, Thomas",836274,Right,FOR_RAM,31acb555-5feb-4362-9fd4-f6e4a663f736,54.78634,-110.64346,11.39489,5.49947,2.50225,-14.93178,-2.31813,1.60576,0.64454,,,,,,,,,,,,,,,,,,,,,,,,,,,,,,,,,,,,,,,,,,,,,,,,,,,High,High,High,,,,,
286,2026-04-21,17:57:22.25,5,3,"O'Brien, Aidan",10088291,Right,FOR_RAM,"Grande, Carter",1000467065,Right,FAI_STA,Undefined,9,Top,2,1,1,Fastball,Changeup,InPlay,Undefined,LineDrive,Single,0,0,,82.95724,-0.869795,-3.266581,1989.668619,205.159134,12:45,5.55957,2.24324,6.28538,-21.47694,19.53993,8.42209,2.96685,-0.06869,74.1059,-5.020343,-1.747409,0.460949,100.06122,12.823139,-23.117271,1570.620689,99.36913,14.87692,-47.1779,194.21039,184.78767,-27.288837,1.675096,-5.52276,10.90414,-2.00624,50,5.48509,6.53503,-120.116,-2.3596,-7.86624,28.70377,-16.64297,FOR_RAM,FAI_STA,FordhamUniversity,D1,A10,20260421-FordhamUniversity-1,13728ba0-3dcd-11f1-a8c0-6b9c5118a01a,81.77143,15.04171,,8.85134,,,,2.08134,3.03895,0.0913,9fd2b87c-3fe5-4428-9bed-f2337eda9884,2026-04-21,21:57:22.25,2026-04-21T17:57:22.2590464-04:00,2026-04-21T21:57:22.2590464Z,LineDrive,v3,471298,471291,a1316deca63447d19dd205c393751d6a,"McAndrews, Thomas",836274,Right,FOR_RAM,0cccff27-8dbc-41c5-8862-630e108a5d58,54.20936,-121.11772,14.35189,5.5573,-1.77879,-8.32149,-2.23909,6.80955,-3.93312,81.743597,2.08134,131.6062,-25.64605,6.59772,-1.54261,0.32191,-0.06292,0.00941,-0.00075,3.03895,32.5713,-23.71235,2.41132,-0.37653,0.05008,-0.00507,0.00055,-3E-05,0.0913,-56.18132,-0.27663,2.29475,-1.00978,0.32392,-0.08255,0.01498,-0.00138,,,,,,,,,,,,,,,,,,,,,,,High,High,High,High,Medium,,,
287,2026-04-21,17:58:03.93,6,1,"O'Brien, Aidan",10088291,Right,FOR_RAM,"Schmalzle, TJ",1000213571,Right,FAI_STA,Undefined,9,Top,2,0,0,Fastball,Changeup,FoulBallNotFieldable,Undefined,Undefined,Undefined,0,0,,84.34272,-1.311711,-3.786928,2062.93292,223.257112,1:30,5.51955,2.19579,6.3131,-21.16493,18.28749,15.8045,2.54471,0.01951,75.73686,-5.384782,-0.935236,0.452073,76.16217,49.854228,58.919834,5424.357813,,,,,66.66674,,,-9.45201,10.35977,-1.92532,50,5.4132,7.47236,-122.12922,-3.3437,-14.00672,28.28598,-16.82214,FOR_RAM,FAI_STA,FordhamUniversity,D1,A10,20260421-FordhamUniversity-1,2c500df0-3dcd-11f1-a8c0-6b9c5118a01a,83.37694,72.14713,,8.60587,,,,0.79955,2.5226,-0.02759,9fd2b87c-3fe5-4428-9bed-f2337eda9884,2026-04-21,21:58:03.93,2026-04-21T17:58:03.9367168-04:00,2026-04-21T21:58:03.9367168Z,,v3,471298,471291,a1316deca63447d19dd205c393751d6a,"McAndrews, Thomas",836274,Right,FOR_RAM,a24e2397-f364-4c48-9284-f6ff35ecb5f5,54.18278,-123.09417,14.14299,5.51748,-2.76983,-8.41107,-2.18838,7.95018,-7.00336,210.370399,0.79955,37.17919,-16.50838,5.33216,-1.38633,0.32766,-0.07418,0.01364,-0.00145,2.5226,85.38753,-23.51724,1.96095,-0.15776,-0.02954,0.01753,-0.00457,0.00067,-0.02759,61.68092,-9.52305,1.89698,-0.29932,0.03484,-0.00209,-0.00051,0.00013,,,,,,,,,,,,,,,,,,,,,,,High,High,High,High,Undefined,,,
288,2026-04-21,17:58:27.54,6,2,"O'Brien, Aidan",10088291,Right,FOR_RAM,"Schmalzle, TJ",1000213571,Right,FAI_STA,Undefined,9,Top,2,0,1,Slider,Curveball,InPlay,Undefined,FlyBall,HomeRun,0,3,,73.27231,0.73092,-1.275486,2227.853152,105.790354,9:30,5.59509,2.1597,5.77375,-48.84782,5.57548,-11.34627,2.20479,0.0271,64.87415,-8.378137,-3.308124,0.530962,96.84598,34.477212,-33.217602,3069.471355,90.2931,66.49107,-62.8264,379.14013,221.39197,-40.217006,5.209699,5.28083,3.16103,-2.04729,50,5.62665,2.76755,-105.97203,-0.05857,5.745,25.40325,-28.73517,FOR_RAM,FAI_STA,FordhamUniversity,D1,A10,20260421-FordhamUniversity-1,3a5c3ef0-3dcd-11f1-a8c0-6b9c5118a01a,70.9889,94.0519,,8.39817,,,,2.50721,2.05518,-0.2919,9fd2b87c-3fe5-4428-9bed-f2337eda9884,2026-04-21,21:58:27.54,2026-04-21T17:58:27.5452928-04:00,2026-04-21T21:58:27.5452928Z,FlyBall,v3,471298,471291,a1316deca63447d19dd205c393751d6a,"McAndrews, Thomas",836274,Right,FOR_RAM,eeccec5b-7ea6-4f5c-a85c-86ba742731b2,54.72,-107.09752,12.70162,5.60104,1.21453,-14.36759,-2.16427,2.51302,2.8725,,2.50883,97.92922,-18.96805,4.40689,-0.91186,0.16769,-0.02608,0.00283,-0.00014,2.05685,80.36458,-20.57613,1.58819,-0.02289,-0.10494,0.035,-0.00479,0.00024,-0.29271,-64.1298,6.64488,-1.21639,0.18185,-0.024,0.00411,-0.0006,4E-05,,,,,,,,,,,,,,,,,,,,,,,High,High,High,Low,Low,,,
289,2026-04-21,17:59:15.32,7,1,"O'Brien, Aidan",10088291,Right,FOR_RAM,"Haarde, Jake",831933,Right,FAI_STA,Undefined,9,Top,2,0,0,Fastball,Four-Seam,BallCalled,Undefined,Undefined,Undefined,0,0,,84.89736,-3.302142,-5.188457,2151.750279,228.265737,1:30,5.48042,2.289,6.37439,-21.67722,18.06651,18.30103,0.61995,-0.97267,75.11875,-7.493673,-1.890198,0.453738,,,,,,,,,,,,-11.37568,11.11776,-1.92105,50,5.23101,10.36823,-122.31757,-7.62485,-16.63109,31.98665,-15.92002,FOR_RAM,FAI_STA,FordhamUniversity,D1,A10,20260421-FordhamUniversity-1,56d90810-3dcd-11f1-a8c0-6b9c5118a01a,83.07087,,,9.77862,,,,,,,9fd2b87c-3fe5-4428-9bed-f2337eda9884,2026-04-21,21:59:15.32,2026-04-21T17:59:15.3276928-04:00,2026-04-21T21:59:15.3276928Z,,v3,471298,471291,a1316deca63447d19dd205c393751d6a,"McAndrews, Thomas",836274,Right,FOR_RAM,3526ea87-15f0-418c-b78a-180e5ab4bbd6,54.11741,-123.38959,15.99333,5.47761,-7.0913,-7.96001,-2.27788,10.92561,-8.31554,,,,,,,,,,,,,,,,,,,,,,,,,,,,,,,,,,,,,,,,,,,,,,,,,,,High,High,High,,,,,
290,2026-04-21,17:59:29.35,7,2,"O'Brien, Aidan",10088291,Right,FOR_RAM,"Haarde, Jake",831933,Right,FAI_STA,Undefined,9,Top,2,1,0,Fastball,Changeup,FoulBallNotFieldable,Undefined,Undefined,Undefined,0,0,,84.3352,-1.303059,-3.553109,2133.237555,228.532784,1:30,5.52657,2.12644,6.21839,-23.25608,17.09607,17.35229,2.38361,0.28952,74.36648,-5.794523,-0.425613,0.457198,104.19205,-24.602325,-75.669926,,,,,7.1803,7.1803,-52.339037,0.039912,-10.38898,9.84315,-1.86858,50,5.41757,6.88405,-121.90514,-3.39194,-15.02285,32.67227,-17.9405,FOR_RAM,FAI_STA,FordhamUniversity,D1,A10,20260421-FordhamUniversity-1,5f3365f0-3dcd-11f1-a8c0-6b9c5118a01a,82.44221,2.54325,,9.96873,,,,3.01233,2.54325,-0.30269,9fd2b87c-3fe5-4428-9bed-f2337eda9884,2026-04-21,21:59:29.35,2026-04-21T17:59:29.3569536-04:00,2026-04-21T21:59:29.3569536Z,GroundBall,v3,471298,471291,a1316deca63447d19dd205c393751d6a,"McAndrews, Thomas",836274,Right,FOR_RAM,ef0101d7-7864-449d-99e4-9df562d4cdba,54.27551,-123.0457,16.33614,5.52505,-2.76565,-8.97025,-2.11805,7.40848,-7.51143,,3.01198,34.44443,,,,,,,,2.5439,-63.72162,,,,,,,,-0.3013,-134.83517,,,,,,,,,,,,,,,,,,,,,,,,,,,,,,High,High,High,Estimated,Estimated,,,
291,2026-04-21,17:59:54.70,7,3,"O'Brien, Aidan",10088291,Right,FOR_RAM,"Haarde, Jake",831933,Right,FAI_STA,Undefined,9,Top,2,1,1,ChangeUp,Changeup,FoulBallNotFieldable,Undefined,Undefined,Undefined,0,0,,78.2611,-1.02866,-4.28954,1714.226924,225.936618,1:30,5.30348,2.29867,6.41204,-29.086,16.74296,15.46387,1.93114,-0.36385,70.21872,-6.577212,-1.495978,0.487238,65.0284,59.039274,134.623279,4700.438429,,,,,26.83064,,,-9.56193,9.59292,-1.99829,50,5.21661,7.95467,-113.25872,-2.76756,-12.14252,24.99644,-19.99218,FOR_RAM,FAI_STA,FordhamUniversity,D1,A10,20260421-FordhamUniversity-1,6e55e8f0-3dcd-11f1-a8c0-6b9c5118a01a,77.35934,39.83042,,8.04237,,,,2.0862,1.95005,0.30973,9fd2b87c-3fe5-4428-9bed-f2337eda9884,2026-04-21,21:59:54.70,2026-04-21T17:59:54.7037184-04:00,2026-04-21T21:59:54.7037184Z,,v3,471298,471291,a1316deca63447d19dd205c393751d6a,"McAndrews, Thomas",836274,Right,FOR_RAM,896bcc5a-cf0c-4057-b72f-a2fb65c7e907,54.08413,-114.15654,12.49822,5.30312,-2.04949,-9.99609,-2.29183,8.3908,-6.07126,338.528626,2.0862,-34.46577,-3.33151,3.24893,-1.08646,0.3118,-0.07806,0.01773,-0.00206,1.95005,81.78583,-32.96599,5.0981,-1.03368,0.1854,-0.03615,0.00901,-0.0019,0.30973,34.922,-6.37068,0.87148,-0.09086,-0.00967,0.00383,0.00017,-0.00069,,,,,,,,,,,,,,,,,,,,,,,High,High,High,High,Undefined,,,
292,2026-04-21,18:00:13.14,7,4,"O'Brien, Aidan",10088291,Right,FOR_RAM,"Haarde, Jake",831933,Right,FAI_STA,Undefined,9,Top,2,1,2,Fastball,Four-Seam,InPlay,Undefined,FlyBall,HomeRun,0,1,,83.91211,-0.541189,-3.199522,1944.32004,220.01513,1:15,5.57762,2.05094,6.10208,-20.67233,20.13796,15.44233,3.35364,0.37578,74.05075,-4.565312,-0.422392,0.459786,91.64142,37.431682,-26.987326,3170.280377,98.16903,76.63895,-49.62651,350.63651,229.98931,-27.257511,5.463438,-9.17485,11.05414,-1.81264,50,5.52542,6.16325,-121.34234,-1.66596,-13.18236,31.76979,-16.29152,FOR_RAM,FAI_STA,FordhamUniversity,D1,A10,20260421-FordhamUniversity-1,795241e0-3dcd-11f1-a8c0-6b9c5118a01a,81.97815,103.43391,,9.86136,,,,1.86844,3.28695,-0.30125,9fd2b87c-3fe5-4428-9bed-f2337eda9884,2026-04-21,22:00:13.14,2026-04-21T18:00:13.1461632-04:00,2026-04-21T22:00:13.1461632Z,FlyBall,v3,471298,471291,a1316deca63447d19dd205c393751d6a,"McAndrews, Thomas",836274,Right,FOR_RAM,f68fc129-85ed-4ba9-a982-ad26cf076186,54.39115,-122.48663,15.8849,5.57485,-1.07917,-8.14576,-2.04318,6.63806,-6.59118,178.722849,1.87081,95.05989,-17.15444,3.73628,-0.55592,0.04722,-0.00188,0.00014,-1E-05,3.28792,81.67668,-19.28317,1.54105,-0.24389,0.00577,0.00848,-0.00161,9E-05,-0.30246,-48.40919,8.47854,-1.83663,0.27362,-0.02394,0.0012,-0.00011,1E-05,,,,,,,,,,,,,,,,,,,,,,,High,High,High,Medium,Low,,,
293,2026-04-21,18:00:59.76,8,1,"O'Brien, Aidan",10088291,Right,FOR_RAM,"Bucciero, Matthew",1000238377,Right,FAI_STA,Undefined,9,Top,2,0,0,ChangeUp,Changeup,StrikeCalled,Undefined,Undefined,Undefined,0,0,,79.09044,-0.827524,-4.618939,1769.605905,243.134068,2:00,5.32032,2.26593,6.4574,-32.53029,12.51438,21.11352,1.84676,-0.22681,70.61582,-7.01144,-0.801099,0.483051,,,,,,,,,,,,-12.59536,7.35508,-1.94708,50,5.2475,8.47239,-114.37221,-2.51241,-16.23094,26.42717,-22.69599,FOR_RAM,FAI_STA,FordhamUniversity,D1,A10,20260421-FordhamUniversity-1,95199db0-3dcd-11f1-a8c0-6b9c5118a01a,78.02991,,,8.47462,,,,,,,9fd2b87c-3fe5-4428-9bed-f2337eda9884,2026-04-21,22:00:59.76,2026-04-21T18:00:59.7691904-04:00,2026-04-21T22:00:59.7691904Z,,v3,471298,471291,a1316deca63447d19dd205c393751d6a,"McAndrews, Thomas",836274,Right,FOR_RAM,a22f1cef-00d6-4138-b057-46eacfe5d185,54.0375,-115.30136,13.21359,5.3218,-1.71445,-11.348,-2.25499,9.04305,-8.11547,,,,,,,,,,,,,,,,,,,,,,,,,,,,,,,,,,,,,,,,,,,,,,,,,,,High,High,High,,,,,
294,2026-04-21,18:01:13.01,8,2,"O'Brien, Aidan",10088291,Right,FOR_RAM,"Bucciero, Matthew",1000238377,Right,FAI_STA,Undefined,9,Top,2,0,1,ChangeUp,Changeup,StrikeCalled,Undefined,Undefined,Undefined,0,0,,78.98478,-1.698518,-4.417867,1844.226054,223.532695,1:30,5.26773,2.2782,6.51057,-26.33478,18.74155,16.07021,1.50937,-0.44486,70.53732,-6.764605,-1.510016,0.483221,,,,,,,,,,,,-9.87453,10.90788,-1.97526,50,5.13741,8.23472,-114.18196,-4.01791,-12.69444,26.15978,-18.15113,FOR_RAM,FAI_STA,FordhamUniversity,D1,A10,20260421-FordhamUniversity-1,9cf70360-3dcd-11f1-a8c0-6b9c5118a01a,78.0025,,,8.44746,,,,,,,9fd2b87c-3fe5-4428-9bed-f2337eda9884,2026-04-21,22:01:13.01,2026-04-21T18:01:13.0115584-04:00,2026-04-21T22:01:13.0115584Z,,v3,471298,471291,a1316deca63447d19dd205c393751d6a,"McAndrews, Thomas",836274,Right,FOR_RAM,ebe0d439-2cc0-43bb-b010-07188105364d,53.98213,-115.09068,13.07989,5.26603,-3.38739,-9.07557,-2.26897,8.67569,-6.34722,,,,,,,,,,,,,,,,,,,,,,,,,,,,,,,,,,,,,,,,,,,,,,,,,,,High,High,High,,,,,
295,2026-04-21,18:01:44.01,8,3,"O'Brien, Aidan",10088291,Right,FOR_RAM,"Bucciero, Matthew",1000238377,Right,FAI_STA,Undefined,9,Top,2,0,2,ChangeUp,Changeup,BallCalled,Undefined,Undefined,Undefined,0,0,,80.91123,-4.0017,-4.892158,1905.933191,239.803099,2:00,5.26078,2.1252,6.50817,-29.6425,13.69343,20.39214,-0.9013,-0.67603,72.29704,-9.619113,-1.199305,0.4738,,,,,,,,,,,,-12.6928,9.17079,-1.79193,50,4.96732,9.28825,-116.7197,-8.96325,-16.93915,28.63666,-19.93516,FOR_RAM,FAI_STA,FordhamUniversity,D1,A10,20260421-FordhamUniversity-1,af65a420-3dcd-11f1-a8c0-6b9c5118a01a,79.55343,,,8.61419,,,,,,,9fd2b87c-3fe5-4428-9bed-f2337eda9884,2026-04-21,22:01:44.01,2026-04-21T18:01:44.0100352-04:00,2026-04-21T22:01:44.0100352Z,,v3,471298,471291,a1316deca63447d19dd205c393751d6a,"McAndrews, Thomas",836274,Right,FOR_RAM,0e4f160e-648c-4d3e-a9e5-eb7d57ba3f49,53.99013,-117.69459,14.31833,5.26091,-8.2846,-9.96758,-2.11795,9.86492,-8.46958,,,,,,,,,,,,,,,,,,,,,,,,,,,,,,,,,,,,,,,,,,,,,,,,,,,High,High,High,,,,,
296,2026-04-21,18:02:00.26,8,4,"O'Brien, Aidan",10088291,Right,FOR_RAM,"Bucciero, Matthew",1000238377,Right,FAI_STA,Undefined,9,Top,2,1,2,ChangeUp,Changeup,FoulBallNotFieldable,Undefined,Undefined,Undefined,0,0,,79.85626,-2.127204,-4.507435,1933.434069,229.178424,1:45,5.29714,2.2736,6.42102,-26.3834,17.64658,18.44202,1.13615,-0.34156,71.72674,-7.168571,-1.175377,0.477579,,,,,,,,,,,,-11.13969,10.41898,-1.9593,50,5.133,8.43989,-115.48595,-4.96094,-14.72533,25.75845,-18.40145,FOR_RAM,FAI_STA,FordhamUniversity,D1,A10,20260421-FordhamUniversity-1,b9496120-3dcd-11f1-a8c0-6b9c5118a01a,78.92391,,,8.12952,,,,,,,9fd2b87c-3fe5-4428-9bed-f2337eda9884,2026-04-21,22:02:00.26,2026-04-21T18:02:00.2644992-04:00,2026-04-21T22:02:00.2644992Z,,v3,471298,471291,a1316deca63447d19dd205c393751d6a,"McAndrews, Thomas",836274,Right,FOR_RAM,6c918e23-4a1c-4216-b648-a0889b023106,54.075,-116.3913,12.87923,5.296,-4.31417,-9.20072,-2.26504,8.95745,-7.36266,,,,,,,,,,,,,,,,,,,,,,,,,,,,,,,,,,,,,,,,,,,,,,,,,,,High,High,High,,,,,
297,2026-04-21,18:02:16.79,8,5,"O'Brien, Aidan",10088291,Right,FOR_RAM,"Bucciero, Matthew",1000238377,Right,FAI_STA,Undefined,9,Top,2,1,2,Slider,Curveball,InPlay,Undefined,GroundBall,Out,1,0,,73.86077,1.123065,-2.49598,2316.085805,72.590854,8:30,5.5453,1.9718,5.82019,-54.36692,-1.8687,-12.13595,2.05999,-1.36157,66.78645,-8.890039,-4.669236,0.521487,54.10853,-67.42961,82.428436,,,,,3.5558,3.5558,37.98102,0.030603,5.37603,-0.86843,-1.76008,50,5.60507,5.08995,-107.01604,0.48223,6.08555,22.5796,-33.15707,FOR_RAM,FAI_STA,FordhamUniversity,D1,A10,20260421-FordhamUniversity-1,c31f3b70-3dcd-11f1-a8c0-6b9c5118a01a,72.27874,2.25519,,7.07432,,,,2.67922,2.25519,1.25904,9fd2b87c-3fe5-4428-9bed-f2337eda9884,2026-04-21,22:02:16.79,2026-04-21T18:02:16.7991808-04:00,2026-04-21T22:02:16.7991808Z,GroundBall,v3,471298,471291,a1316deca63447d19dd205c393751d6a,"McAndrews, Thomas",836274,Right,FOR_RAM,eb79fec5-b65f-4d89-81c8-962ffd755ab5,54.67847,-107.99865,11.2898,5.55269,1.92514,-16.57853,-1.97582,4.82512,3.04277,,2.67911,4.03602,,,,,,,,2.25722,-73.6925,,,,,,,,1.2582,30.36349,,,,,,,,,,,,,,,,,,,,,,,,,,,,,,High,High,High,Estimated,Estimated,,,
298,2026-04-21,18:04:37.35,1,1,"Frank, Alex",10971513,Right,FAI_STA,"Kirk, Taylor",1000367095,Right,FOR_RAM,Undefined,9,Bottom,0,0,0,Fastball,Four-Seam,BallCalled,Undefined,Undefined,Undefined,0,0,,87.0951,0.489868,-2.74932,2034.874199,217.376166,1:15,5.0688,2.17791,6.40031,-19.41092,17.73395,12.41512,3.90224,0.68228,77.34698,-3.29031,-0.503273,0.438653,,,,,,,,,,,,-7.34422,9.43126,-1.98537,50,5.09483,5.53936,-126.11498,0.60306,-11.49904,32.29685,-17.40726,FOR_RAM,FAI_STA,FordhamUniversity,D1,A10,20260421-FordhamUniversity-1,16cd0bd0-3dce-11f1-a8c0-6b9c5118a01a,85.92775,,,9.74812,,,,,,,9fd2b87c-3fe5-4428-9bed-f2337eda9884,2026-04-21,22:04:37.35,2026-04-21T18:04:37.3519360-04:00,2026-04-21T22:04:37.3519360Z,,v3,471298,471291,a1316deca63447d19dd205c393751d6a,"Camera, Dominic",1000121029,Right,FAI_STA,0d86ae0c-0e4a-4f74-ae38-e527c405bae7,54.09085,-127.15829,16.14843,5.06627,1.16539,-8.70363,-2.17031,5.91082,-5.74952,,,,,,,,,,,,,,,,,,,,,,,,,,,,,,,,,,,,,,,,,,,,,,,,,,,High,High,High,,,,,
299,2026-04-21,18:04:49.60,1,2,"Frank, Alex",10971513,Right,FAI_STA,"Kirk, Taylor",1000367095,Right,FOR_RAM,Undefined,9,Bottom,0,1,0,Fastball,Four-Seam,StrikeCalled,Undefined,Undefined,Undefined,0,0,,86.92915,-0.962909,-4.057333,2116.627409,219.403042,1:15,5.02901,2.05168,6.52978,-20.82981,15.99654,12.01209,2.40757,-0.67551,78.08237,-4.974203,-1.882859,0.436768,,,,,,,,,,,,-7.55922,9.07426,-1.7739,50,4.95285,8.4514,-125.87239,-2.65423,-11.91188,29.78992,-17.87477,FOR_RAM,FAI_STA,FordhamUniversity,D1,A10,20260421-FordhamUniversity-1,1e102d50-3dce-11f1-a8c0-6b9c5118a01a,86.29854,,,8.84678,,,,,,,9fd2b87c-3fe5-4428-9bed-f2337eda9884,2026-04-21,22:04:49.60,2026-04-21T18:04:49.6094208-04:00,2026-04-21T22:04:49.6094208Z,,v3,471298,471291,a1316deca63447d19dd205c393751d6a,"Camera, Dominic",1000121029,Right,FAI_STA,517a35e8-8e12-4b3e-8c2a-295638f1ea8d,53.96435,-126.80715,14.89496,5.02734,-2.09335,-8.93738,-2.04495,8.82518,-5.95594,,,,,,,,,,,,,,,,,,,,,,,,,,,,,,,,,,,,,,,,,,,,,,,,,,,High,High,High,,,,,
300,2026-04-21,18:05:03.15,1,3,"Frank, Alex",10971513,Right,FAI_STA,"Kirk, Taylor",1000367095,Right,FOR_RAM,Undefined,9,Bottom,0,1,1,Fastball,Sinker,BallCalled,Undefined,Undefined,Undefined,0,0,,87.6039,-0.745743,-4.4231,1997.414311,223.454907,1:30,5.07499,1.91554,6.36795,-20.55103,16.01568,13.8628,2.67411,-1.00732,78.51136,-4.698282,-1.923069,0.435225,,,,,,,,,,,,-8.61071,8.96095,-1.60104,50,5.01131,9.23639,-126.74879,-2.20111,-13.74084,30.50955,-17.87435,FOR_RAM,FAI_STA,FordhamUniversity,D1,A10,20260421-FordhamUniversity-1,262e1e70-3dce-11f1-a8c0-6b9c5118a01a,86.60443,,,9.09255,,,,,,,9fd2b87c-3fe5-4428-9bed-f2337eda9884,2026-04-21,22:05:03.15,2026-04-21T18:05:03.1525888-04:00,2026-04-21T22:05:03.1525888Z,,v3,471298,471291,a1316deca63447d19dd205c393751d6a,"Camera, Dominic",1000121029,Right,FAI_STA,86d76aa1-832d-4dd5-bc33-bfe15ca97128,54.12617,-127.73813,15.25477,5.07328,-1.62149,-8.93717,-1.90778,9.68197,-6.87042,,,,,,,,,,,,,,,,,,,,,,,,,,,,,,,,,,,,,,,,,,,,,,,,,,,High,High,High,,,,,
301,2026-04-21,18:05:17.11,1,4,"Frank, Alex",10971513,Right,FAI_STA,"Kirk, Taylor",1000367095,Right,FOR_RAM,Undefined,9,Bottom,0,2,1,Fastball,Four-Seam,StrikeSwinging,Undefined,Undefined,Undefined,0,0,,87.14057,-1.320867,-3.650983,1981.561783,208.106218,1:00,5.03306,1.98513,6.5387,-17.43627,19.28529,9.55001,2.36588,-0.57221,78.04652,-4.723979,-1.921115,0.436146,,,,,,,,,,,,-6.18827,10.91804,-1.73536,50,4.93352,7.67138,-126.1818,-3.31329,-9.76838,30.68298,-14.93961,FOR_RAM,FAI_STA,FordhamUniversity,D1,A10,20260421-FordhamUniversity-1,2e7b0ed0-3dce-11f1-a8c0-6b9c5118a01a,86.4216,,,9.09405,,,,,,,9fd2b87c-3fe5-4428-9bed-f2337eda9884,2026-04-21,22:05:17.11,2026-04-21T18:05:17.1142144-04:00,2026-04-21T22:05:17.1142144Z,,v3,471298,471291,a1316deca63447d19dd205c393751d6a,"Camera, Dominic",1000121029,Right,FAI_STA,0a0af6bb-d5f7-4134-b0bd-f17be8c4edaf,53.9548,-127.13983,15.34149,5.02969,-2.84682,-7.4698,-1.97965,7.97639,-4.88419,,,,,,,,,,,,,,,,,,,,,,,,,,,,,,,,,,,,,,,,,,,,,,,,,,,High,High,High,,,,,
302,2026-04-21,18:05:32.62,1,5,"Frank, Alex",10971513,Right,FAI_STA,"Kirk, Taylor",1000367095,Right,FOR_RAM,Undefined,9,Bottom,0,2,2,Fastball,Sinker,BallCalled,Undefined,Undefined,Undefined,0,0,,87.72322,-2.712588,-4.960745,2046.521058,222.690551,1:30,5.10032,1.80098,6.44795,-19.18836,17.35749,14.69398,0.99781,-1.54373,78.59932,-6.415816,-2.309072,0.435101,,,,,,,,,,,,-9.28201,10.3706,-1.45439,50,4.89855,10.40371,-126.69852,-6.50952,-14.7704,30.96329,-15.67141,FOR_RAM,FAI_STA,FordhamUniversity,D1,A10,20260421-FordhamUniversity-1,37b28640-3dce-11f1-a8c0-6b9c5118a01a,86.62911,,,9.1239,,,,,,,9fd2b87c-3fe5-4428-9bed-f2337eda9884,2026-04-21,22:05:32.62,2026-04-21T18:05:32.6200832-04:00,2026-04-21T22:05:32.6200832Z,,v3,471298,471291,a1316deca63447d19dd205c393751d6a,"Camera, Dominic",1000121029,Right,FAI_STA,0bd6b7e9-34fc-4ae0-bad0-829c8ac0817c,54.04639,-127.68357,15.48165,5.09771,-6.01096,-7.83571,-1.79285,10.87361,-7.3852,,,,,,,,,,,,,,,,,,,,,,,,,,,,,,,,,,,,,,,,,,,,,,,,,,,High,High,High,,,,,
303,2026-04-21,18:05:46.75,1,6,"Frank, Alex",10971513,Right,FAI_STA,"Kirk, Taylor",1000367095,Right,FOR_RAM,Undefined,9,Bottom,0,3,2,Fastball,Four-Seam,FoulBallNotFieldable,Undefined,Undefined,Undefined,0,0,,87.4811,-0.763124,-4.237099,2039.434028,221.814032,1:30,5.0056,2.03304,6.43522,-20.89052,15.76166,12.83532,2.56145,-0.79833,78.23521,-4.787295,-1.91863,0.435734,80.27744,32.514402,49.199086,4620.068832,66.2162,57.72759,87.83737,258.30343,161.7678,58.17664,4.138602,-8.13705,8.8852,-1.73671,50,4.94179,8.87107,-126.60699,-2.24256,-12.91047,31.27061,-18.07656,FOR_RAM,FAI_STA,FordhamUniversity,D1,A10,20260421-FordhamUniversity-1,4019b560-3dce-11f1-a8c0-6b9c5118a01a,86.50335,62.87788,,9.24589,,,,0.68605,2.42127,0.69365,9fd2b87c-3fe5-4428-9bed-f2337eda9884,2026-04-21,22:05:46.75,2026-04-21T18:05:46.7548160-04:00,2026-04-21T22:05:46.7548160Z,FlyBall,v3,471298,471291,a1316deca63447d19dd205c393751d6a,"Camera, Dominic",1000121029,Right,FAI_STA,028dd218-befd-437d-8c60-dfb7a3a61be7,54.06003,-127.60583,15.63531,5.0042,-1.66516,-9.03828,-2.02665,9.28346,-6.45524,,0.68561,64.88836,-17.80575,4.97687,-1.25892,0.31678,-0.06786,0.00917,-0.00053,2.42231,63.25975,-17.36346,-0.00068,0.50819,-0.24245,0.0612,-0.00781,0.00039,0.69338,75.16505,-12.28291,3.27094,-0.76312,0.18457,-0.04017,0.00562,-0.00034,,,,,,,,,,,,,,,,,,,,,,,High,High,High,Medium,Medium,,,
304,2026-04-21,18:06:04.50,1,7,"Frank, Alex",10971513,Right,FAI_STA,"Kirk, Taylor",1000367095,Right,FOR_RAM,Undefined,9,Bottom,0,3,2,Fastball,Four-Seam,BallCalled,Walk,Undefined,Undefined,0,0,,87.35782,-2.766317,-4.473458,2029.439815,210.647859,1:00,5.0231,1.95014,6.34921,-17.72666,19.47926,10.63658,0.98973,-1.28966,77.7768,-6.216823,-2.556481,0.439013,,,,,,,,,,,,-7.08103,11.52008,-1.62926,50,4.81313,9.4295,-126.12257,-6.53465,-11.08806,32.30668,-14.135,FOR_RAM,FAI_STA,FordhamUniversity,D1,A10,20260421-FordhamUniversity-1,4abd6700-3dce-11f1-a8c0-6b9c5118a01a,85.8572,,,9.58101,,,,,,,9fd2b87c-3fe5-4428-9bed-f2337eda9884,2026-04-21,22:06:04.50,2026-04-21T18:06:04.5035008-04:00,2026-04-21T22:06:04.5035008Z,,v3,471298,471291,a1316deca63447d19dd205c393751d6a,"Camera, Dominic",1000121029,Right,FAI_STA,9ce03fc3-2526-477a-817a-ead4f118e2d3,54.14318,-127.17943,16.15334,5.01934,-6.07224,-7.0675,-1.94366,9.79223,-5.54403,,,,,,,,,,,,,,,,,,,,,,,,,,,,,,,,,,,,,,,,,,,,,,,,,,,High,High,High,,,,,
305,2026-04-21,18:06:31.41,2,1,"Frank, Alex",10971513,Right,FAI_STA,"Grabau, Anthony",1000407420,Left,FOR_RAM,Undefined,9,Bottom,0,0,0,Fastball,Changeup,StrikeCalled,Undefined,Undefined,Undefined,0,0,,86.86172,-1.536518,-2.890055,2014.300073,212.356221,1:00,4.88931,2.33653,6.445,-19.77001,17.07284,9.96453,1.82788,0.5092,78.29929,-5.3414,-1.085505,0.436866,,,,,,,,,,,,-6.17052,9.82134,-2.13578,50,4.77131,5.97823,-125.95375,-3.89451,-9.74996,29.4958,-16.65542,FOR_RAM,FAI_STA,FordhamUniversity,D1,A10,20260421-FordhamUniversity-1,5aba6b80-3dce-11f1-a8c0-6b9c5118a01a,86.2792,,,8.56243,,,,,,,9fd2b87c-3fe5-4428-9bed-f2337eda9884,2026-04-21,22:06:31.41,2026-04-21T18:06:31.4184192-04:00,2026-04-21T22:06:31.4184192Z,,v3,471298,471291,a1316deca63447d19dd205c393751d6a,"Camera, Dominic",1000121029,Right,FAI_STA,1ced82c8-1d1d-4983-af0d-61e221ce538a,54.0521,-126.89912,14.7479,4.88758,-3.36068,-8.32771,-2.3324,6.29073,-4.87498,,,,,,,,,,,,,,,,,,,,,,,,,,,,,,,,,,,,,,,,,,,,,,,,,,,High,High,High,,,,,
306,2026-04-21,18:06:46.61,2,2,"Frank, Alex",10971513,Right,FAI_STA,"Grabau, Anthony",1000407420,Left,FOR_RAM,Undefined,9,Bottom,0,0,1,Fastball,Four-Seam,InPlay,Undefined,Popup,Out,1,0,,86.29694,-0.662651,-3.366334,1988.831206,208.875505,1:00,4.89438,2.35112,6.51357,-17.71942,20.16084,10.24867,2.80862,0.11258,76.37661,-4.153412,-1.509987,0.442974,79.6706,81.043329,15.121928,,,,,,14.30632,,,-6.62815,11.23229,-2.12027,50,4.84032,6.94783,-124.90332,-1.84156,-10.11691,33.07231,-15.02954,FOR_RAM,FAI_STA,FordhamUniversity,D1,A10,20260421-FordhamUniversity-1,63e4c390-3dce-11f1-a8c0-6b9c5118a01a,85.08958,102.36495,,9.92033,,,,2.13111,2.86015,-0.13156,9fd2b87c-3fe5-4428-9bed-f2337eda9884,2026-04-21,22:06:46.61,2026-04-21T18:06:46.6158080-04:00,2026-04-21T22:06:46.6158080Z,,v3,471298,471291,a1316deca63447d19dd205c393751d6a,"Camera, Dominic",1000121029,Right,FAI_STA,0653b926-ce2b-4d26-9a3d-656c715e950a,53.98007,-125.95277,16.53616,4.89119,-1.36465,-7.51477,-2.34583,7.26886,-5.05845,,2.13111,17.56215,-9.79427,3.51423,-0.95482,0.23937,-0.05618,0.01064,-0.00114,2.86015,115.42519,-31.02352,3.92686,-0.60464,0.06156,-0.00069,-0.00168,0.00029,-0.13156,4.74584,-10.61603,4.28554,-1.23896,0.32315,-0.07807,0.01508,-0.00163,,,,,,,,,,,,,,,,,,,,,,,High,High,High,Medium,Undefined,,,
307,2026-04-21,18:07:22.65,3,1,"Frank, Alex",10971513,Right,FAI_STA,"McAndrews, Thomas",836274,Right,FOR_RAM,Undefined,9,Bottom,1,0,0,Fastball,Sinker,StrikeCalled,Undefined,Undefined,Undefined,0,0,,87.62438,-0.924096,-4.162046,2084.549245,219.863928,1:15,5.04735,2.06831,6.37991,-19.3254,17.09442,13.14784,2.58445,-0.6717,78.73833,-4.649883,-1.789294,0.43435,,,,,,,,,,,,-8.11989,9.56457,-1.77325,50,4.97146,8.69252,-126.84517,-2.54953,-13.01322,29.89991,-16.84552,FOR_RAM,FAI_STA,FordhamUniversity,D1,A10,20260421-FordhamUniversity-1,79529a90-3dce-11f1-a8c0-6b9c5118a01a,86.77886,,,8.88605,,,,,,,9fd2b87c-3fe5-4428-9bed-f2337eda9884,2026-04-21,22:07:22.65,2026-04-21T18:07:22.6511872-04:00,2026-04-21T22:07:22.6511872Z,,v3,471298,471291,a1316deca63447d19dd205c393751d6a,"Camera, Dominic",1000121029,Right,FAI_STA,535d73f2-9910-4e53-9173-41c5315a8752,54.11428,-127.81131,14.94996,5.04505,-2.00521,-8.42276,-2.06093,9.11301,-6.50661,,,,,,,,,,,,,,,,,,,,,,,,,,,,,,,,,,,,,,,,,,,,,,,,,,,High,High,High,,,,,
308,2026-04-21,18:07:38.33,3,2,"Frank, Alex",10971513,Right,FAI_STA,"McAndrews, Thomas",836274,Right,FOR_RAM,Undefined,9,Bottom,1,0,1,Fastball,Four-Seam,BallCalled,Undefined,Undefined,Undefined,0,0,,87.59039,-0.644768,-4.496973,2103.926067,213.666892,1:00,5.05665,1.9643,6.49986,-19.97485,16.37745,10.0069,2.79842,-1.3379,78.62781,-4.496485,-2.68898,0.433948,,,,,,,,,,,,-6.65433,9.14638,-1.65282,50,5.00248,9.56579,-126.75156,-1.94008,-10.63458,30.17157,-17.55685,FOR_RAM,FAI_STA,FordhamUniversity,D1,A10,20260421-FordhamUniversity-1,82a69ab0-3dce-11f1-a8c0-6b9c5118a01a,86.85944,,,8.96258,,,,,,,9fd2b87c-3fe5-4428-9bed-f2337eda9884,2026-04-21,22:07:38.33,2026-04-21T18:07:38.3334400-04:00,2026-04-21T22:07:38.3334400Z,,v3,471298,471291,a1316deca63447d19dd205c393751d6a,"Camera, Dominic",1000121029,Right,FAI_STA,2e9af075-e138-4b09-8672-ff0e90fa2360,53.99387,-127.69871,15.08579,5.05473,-1.38893,-8.77843,-1.95835,9.89964,-5.31729,,,,,,,,,,,,,,,,,,,,,,,,,,,,,,,,,,,,,,,,,,,,,,,,,,,High,High,High,,,,,
309,2026-04-21,18:07:53.69,3,3,"Frank, Alex",10971513,Right,FAI_STA,"McAndrews, Thomas",836274,Right,FOR_RAM,Undefined,9,Bottom,1,1,1,Curveball,Curveball,BallCalled,Undefined,Undefined,Undefined,0,0,,75.47087,3.276432,-2.710766,1738.813642,33.163558,7:00,4.97848,1.96591,5.919,-60.0344,-9.9469,-7.68252,3.02288,-1.19178,68.073,-7.778459,-4.086913,0.509373,,,,,,,,,,,,2.97075,-5.51429,-1.74458,50,5.20846,5.45889,-109.23036,4.36745,3.51689,22.85168,-38.70214,FOR_RAM,FAI_STA,FordhamUniversity,D1,A10,20260421-FordhamUniversity-1,8bedc990-3dce-11f1-a8c0-6b9c5118a01a,73.9977,,,7.39786,,,,,,,9fd2b87c-3fe5-4428-9bed-f2337eda9884,2026-04-21,22:07:53.69,2026-04-21T18:07:53.6920064-04:00,2026-04-21T22:07:53.6920064Z,,v3,471298,471291,a1316deca63447d19dd205c393751d6a,"Camera, Dominic",1000121029,Right,FAI_STA,dc2d14c3-688b-4e40-a23a-42feb5a5c3ec,54.57917,-110.18419,11.42584,4.99245,5.98287,-19.35107,-1.96937,5.31209,1.75844,,,,,,,,,,,,,,,,,,,,,,,,,,,,,,,,,,,,,,,,,,,,,,,,,,,High,High,High,,,,,
310,2026-04-21,18:08:08.70,3,4,"Frank, Alex",10971513,Right,FAI_STA,"McAndrews, Thomas",836274,Right,FOR_RAM,Undefined,9,Bottom,1,2,1,Fastball,Changeup,BallCalled,Undefined,Undefined,Undefined,0,0,,86.87971,-0.992236,-4.613269,2012.830716,217.156872,1:15,5.03191,2.03816,6.54629,-20.3882,16.28635,11.3554,2.4199,-1.25534,78.48179,-4.909249,-2.559882,0.435867,,,,,,,,,,,,-7.33867,9.21331,-1.72272,50,4.95414,9.70682,-125.79106,-2.70568,-11.62291,28.26575,-17.58214,FOR_RAM,FAI_STA,FordhamUniversity,D1,A10,20260421-FordhamUniversity-1,94c71b70-3dce-11f1-a8c0-6b9c5118a01a,86.47694,,,8.39792,,,,,,,9fd2b87c-3fe5-4428-9bed-f2337eda9884,2026-04-21,22:08:08.70,2026-04-21T18:08:08.7004160-04:00,2026-04-21T22:08:08.7004160Z,,v3,471298,471291,a1316deca63447d19dd205c393751d6a,"Camera, Dominic",1000121029,Right,FAI_STA,22ea192e-728d-44fb-801a-89fbad649fd3,53.94911,-126.67534,14.13288,5.03018,-2.15563,-8.79107,-2.03208,10.07043,-5.81145,,,,,,,,,,,,,,,,,,,,,,,,,,,,,,,,,,,,,,,,,,,,,,,,,,,High,High,High,,,,,
311,2026-04-21,18:08:24.76,3,5,"Frank, Alex",10971513,Right,FAI_STA,"McAndrews, Thomas",836274,Right,FOR_RAM,Undefined,9,Bottom,1,3,1,Fastball,Four-Seam,StrikeSwinging,Undefined,Undefined,Undefined,0,0,,87.10752,-0.405587,-3.563606,2011.293658,212.334625,1:00,5.04248,2.13898,6.37305,-15.77985,21.45454,12.62969,3.3536,-0.09158,77.3254,-3.526487,-1.282668,0.439181,,,,,,,,,,,,-7.74201,11.65233,-1.88639,50,5.00535,7.32111,-126.0285,-1.22191,-12.10427,32.27165,-13.95619,FOR_RAM,FAI_STA,FordhamUniversity,D1,A10,20260421-FordhamUniversity-1,9e5bce10-3dce-11f1-a8c0-6b9c5118a01a,85.8244,,,9.78213,,,,,,,9fd2b87c-3fe5-4428-9bed-f2337eda9884,2026-04-21,22:08:24.76,2026-04-21T18:08:24.7687680-04:00,2026-04-21T22:08:24.7687680Z,,v3,471298,471291,a1316deca63447d19dd205c393751d6a,"Camera, Dominic",1000121029,Right,FAI_STA,f388743b-2c65-41b7-a194-ae90994f10cb,54.11811,-127.07864,16.13582,5.03772,-0.76777,-6.97809,-2.13104,7.71499,-6.05213,,,,,,,,,,,,,,,,,,,,,,,,,,,,,,,,,,,,,,,,,,,,,,,,,,,High,High,High,,,,,
312,2026-04-21,18:08:40.14,3,6,"Frank, Alex",10971513,Right,FAI_STA,"McAndrews, Thomas",836274,Right,FOR_RAM,Undefined,9,Bottom,1,3,2,Fastball,Four-Seam,FoulBallNotFieldable,Undefined,Undefined,Undefined,0,0,,87.14747,-0.84042,-4.055235,1967.852902,207.172681,1:00,5.13076,2.02248,6.62684,-17.65623,18.82781,8.97142,2.8879,-0.94929,78.28541,-4.281406,-2.429053,0.434733,,,,,,,,,,,,-6.08303,10.58245,-1.75083,50,5.06627,8.61486,-126.25843,-2.26799,-9.63759,30.1429,-15.40785,FOR_RAM,FAI_STA,FordhamUniversity,D1,A10,20260421-FordhamUniversity-1,a77424c0-3dce-11f1-a8c0-6b9c5118a01a,86.70248,,,8.86206,,,,,,,9fd2b87c-3fe5-4428-9bed-f2337eda9884,2026-04-21,22:08:40.14,2026-04-21T18:08:40.1434624-04:00,2026-04-21T22:08:40.1434624Z,,v3,471298,471291,a1316deca63447d19dd205c393751d6a,"Camera, Dominic",1000121029,Right,FAI_STA,96f540bd-9bb6-4d74-8cc0-ee3a44154a34,53.86988,-127.17897,15.07145,5.12835,-1.79744,-7.70393,-2.01842,8.90918,-4.81879,,,,,,,,,,,,,,,,,,,,,,,,,,,,,,,,,,,,,,,,,,,,,,,,,,,High,High,High,,,,,
313,2026-04-21,18:08:57.93,3,7,"Frank, Alex",10971513,Right,FAI_STA,"McAndrews, Thomas",836274,Right,FOR_RAM,Undefined,9,Bottom,1,3,2,Fastball,Sinker,FoulBallNotFieldable,Undefined,Undefined,Undefined,0,0,,86.94441,0.08517,-3.912038,2005.393135,223.432444,1:30,5.00361,2.09699,6.25197,-20.98418,16.80363,14.40237,3.33365,-0.31608,76.75899,-3.982514,-1.318076,0.442433,67.90092,38.827988,162.537458,3765.852602,-107.82318,34.87332,21.77435,156.5393,49.94695,170.946986,2.662028,-8.92756,9.10158,-1.81273,50,4.99983,8.00616,-125.69373,-0.36742,-13.7855,33.72647,-18.11982,FOR_RAM,FAI_STA,FordhamUniversity,D1,A10,20260421-FordhamUniversity-1,b212a640-3dce-11f1-a8c0-6b9c5118a01a,85.19361,39.33395,,10.18542,,,,1.64604,3.40345,0.32082,9fd2b87c-3fe5-4428-9bed-f2337eda9884,2026-04-21,22:08:57.93,2026-04-21T18:08:57.9309568-04:00,2026-04-21T22:08:57.9309568Z,FlyBall,v3,471298,471291,a1316deca63447d19dd205c393751d6a,"Camera, Dominic",1000121029,Right,FAI_STA,406e4a8d-9640-49da-bfc3-0b400289e9f2,54.24142,-126.8267,16.86324,5.00195,0.24127,-9.05991,-2.08946,8.46926,-6.89275,325.388464,1.64604,-74.00769,5.27844,0.3553,-0.16129,0.07398,-0.03492,0.01189,-0.00157,3.40353,62.43394,-31.1186,4.08866,-0.6334,-0.02798,0.05535,-0.01488,0.00148,0.32092,23.27451,-8.9417,2.01129,-0.17768,-0.13673,0.08162,-0.02013,0.00198,,,,,,,,,,,,,,,,,,,,,,,High,High,High,High,Low,,,
314,2026-04-21,18:09:17.58,3,8,"Frank, Alex",10971513,Right,FAI_STA,"McAndrews, Thomas",836274,Right,FOR_RAM,Undefined,9,Bottom,1,3,2,Curveball,Curveball,InPlay,Undefined,GroundBall,Out,1,0,,76.54433,2.693144,-1.48085,1781.064667,35.098496,7:15,4.93003,2.14867,6.03663,-57.26857,-8.52142,-7.31685,2.65404,0.16744,68.51992,-7.9131,-2.79747,0.502512,65.89089,-58.157893,51.076975,,,,,2.18678,2.18678,30.347436,0.031279,3.20205,-4.75717,-2.02932,50,5.1103,3.1363,-110.85689,3.4382,3.86951,25.15353,-37.92282,FOR_RAM,FAI_STA,FordhamUniversity,D1,A10,20260421-FordhamUniversity-1,bdda3e70-3dce-11f1-a8c0-6b9c5118a01a,75.00811,2.57892,,8.0244,,,,0.88088,2.57892,-0.14119,9fd2b87c-3fe5-4428-9bed-f2337eda9884,2026-04-21,22:09:17.58,2026-04-21T18:09:17.5883776-04:00,2026-04-21T22:09:17.5883776Z,GroundBall,v3,471298,471291,a1316deca63447d19dd205c393751d6a,"Camera, Dominic",1000121029,Right,FAI_STA,e9a47538-244c-4afa-a54d-1f83ba0316f9,54.46061,-111.86443,12.57677,4.94216,4.95721,-18.96141,-2.15184,2.98131,1.93476,,0.88019,32.17086,,,,,,,,2.5807,-82.44986,,,,,,,,-0.14205,39.83702,,,,,,,,,,,,,,,,,,,,,,,,,,,,,,High,High,High,Estimated,Estimated,,,
315,2026-04-21,18:09:52.29,4,1,"Frank, Alex",10971513,Right,FAI_STA,"Donnelly, Joey",800885,Left,FOR_RAM,Undefined,9,Bottom,2,0,0,Fastball,Four-Seam,FoulBallNotFieldable,Undefined,Undefined,Undefined,0,0,,86.32453,-0.463519,-2.865588,2060.988475,210.976318,1:00,5.02827,2.35865,6.48367,-20.27824,17.1343,9.43745,2.9123,0.51188,77.34862,-4.385182,-1.155687,0.44023,,,,,,,,,,,,-5.89992,9.51847,-2.16107,50,4.98667,5.89886,-125.1434,-1.52455,-9.15733,30.26225,-17.40039,FOR_RAM,FAI_STA,FordhamUniversity,D1,A10,20260421-FordhamUniversity-1,d27694a0-3dce-11f1-a8c0-6b9c5118a01a,85.61984,,,8.97591,,,,,,,9fd2b87c-3fe5-4428-9bed-f2337eda9884,2026-04-21,22:09:52.29,2026-04-21T18:09:52.2944000-04:00,2026-04-21T22:09:52.2944000Z,,v3,471298,471291,a1316deca63447d19dd205c393751d6a,"Camera, Dominic",1000121029,Right,FAI_STA,b4805795-94b6-4a06-9feb-4182fa727069,54.01151,-126.10974,15.13113,5.02648,-0.96892,-8.70019,-2.3541,6.19127,-4.57866,,,,,,,,,,,,,,,,,,,,,,,,,,,,,,,,,,,,,,,,,,,,,,,,,,,High,High,High,,,,,
316,2026-04-21,18:10:06.48,4,2,"Frank, Alex",10971513,Right,FAI_STA,"Donnelly, Joey",800885,Left,FOR_RAM,Undefined,9,Bottom,2,0,1,Fastball,Four-Seam,FoulBallNotFieldable,Undefined,Undefined,Undefined,0,0,,86.99608,-0.326251,-3.424885,2063.212263,216.626855,1:15,4.93397,2.24571,6.47707,-19.31351,17.64076,12.05682,3.02439,0.10175,77.731,-4.076116,-1.242351,0.437526,,,,,,,,,,,,-7.48119,9.73465,-2.00945,50,4.90237,7.07185,-126.03515,-1.19828,-11.75194,31.20257,-16.88216,FOR_RAM,FAI_STA,FordhamUniversity,D1,A10,20260421-FordhamUniversity-1,daf71820-3dce-11f1-a8c0-6b9c5118a01a,86.14905,,,9.26508,,,,,,,9fd2b87c-3fe5-4428-9bed-f2337eda9884,2026-04-21,22:10:06.48,2026-04-21T18:10:06.4808448-04:00,2026-04-21T22:10:06.4808448Z,,v3,471298,471291,a1316deca63447d19dd205c393751d6a,"Camera, Dominic",1000121029,Right,FAI_STA,93f2b36e-9dfe-4029-8da2-b34488f07640,54.01823,-127.02604,15.60129,4.93191,-0.66216,-8.44108,-2.23995,7.44506,-5.87597,,,,,,,,,,,,,,,,,,,,,,,,,,,,,,,,,,,,,,,,,,,,,,,,,,,High,High,High,,,,,
317,2026-04-21,18:10:22.15,4,3,"Frank, Alex",10971513,Right,FAI_STA,"Donnelly, Joey",800885,Left,FOR_RAM,Undefined,9,Bottom,2,0,2,Fastball,Four-Seam,InPlay,Undefined,LineDrive,Single,0,1,,89.17062,-1.120817,-2.910964,2057.608559,221.987039,1:30,5.0742,2.18647,5.87925,-20.85962,15.50914,12.58119,2.29352,0.52917,78.90404,-5.120074,-0.656499,0.434046,103.89347,9.354313,8.108746,,,,,136.79981,136.79981,8.622862,1.06431,-7.50654,8.76453,-1.95841,50,4.97192,6.00366,-128.92612,-3.14881,-12.20718,35.24549,-17.92113,FOR_RAM,FAI_STA,FordhamUniversity,D1,A10,20260421-FordhamUniversity-1,e47c8880-3dce-11f1-a8c0-6b9c5118a01a,86.83975,7.84191,,10.26659,,,,0.77536,2.24943,-0.52804,9fd2b87c-3fe5-4428-9bed-f2337eda9884,2026-04-21,22:10:22.15,2026-04-21T18:10:22.1519360-04:00,2026-04-21T22:10:22.1519360Z,LineDrive,v3,471298,471291,a1316deca63447d19dd205c393751d6a,"Camera, Dominic",1000121029,Right,FAI_STA,ba5a4def-1a9a-44bc-b95f-3b81996c0c47,54.61386,-130.18133,17.62275,5.0727,-2.51058,-8.96056,-2.17996,6.4384,-6.10359,343.098024,0.77536,148.84862,-24.76237,4.42712,-1.99391,2.29267,-2.12614,1.06539,-0.2192,2.24942,24.76893,-29.48674,5.29721,-2.756,3.43849,-3.30264,1.70392,-0.35909,-0.52803,21.20498,-0.35549,-1.63708,2.45807,-4.42446,4.52262,-2.37129,0.50347,,,,,,,,,,,,,,,,,,,,,,,High,High,High,High,High,,,
318,2026-04-21,18:10:51.54,5,1,"Frank, Alex",10971513,Right,FAI_STA,"Ocko, Madden",10300306,Right,FOR_RAM,Undefined,9,Bottom,2,0,0,Curveball,Curveball,BallCalled,Undefined,Undefined,Undefined,0,0,,74.96246,4.929827,-0.234928,1680.054705,45.12439,7:30,5.02012,1.9523,5.72186,-63.51397,-11.35957,-13.61202,4.33056,0.59914,66.12706,-6.794983,-2.666279,0.519777,,,,,,,,,,,,6.67855,-6.81697,-1.92469,50,5.39533,0.97916,-108.14606,7.25572,7.61181,25.46212,-39.94362,FOR_RAM,FAI_STA,FordhamUniversity,D1,A10,20260421-FordhamUniversity-1,f5e13350-3dce-11f1-a8c0-6b9c5118a01a,72.51661,,,8.8354,,,,,,,9fd2b87c-3fe5-4428-9bed-f2337eda9884,2026-04-21,22:10:51.54,2026-04-21T18:10:51.5468800-04:00,2026-04-21T22:10:51.5468800Z,,v3,471298,471291,a1316deca63447d19dd205c393751d6a,"Camera, Dominic",1000121029,Right,FAI_STA,e62f5466-e4af-47df-9037-6d10a55aefe9,54.77322,-109.2641,12.73106,5.03823,9.00963,-19.97181,-1.96034,0.64492,3.8059,,,,,,,,,,,,,,,,,,,,,,,,,,,,,,,,,,,,,,,,,,,,,,,,,,,High,High,High,,,,,
319,2026-04-21,18:11:03.16,5,2,"Frank, Alex",10971513,Right,FAI_STA,"Ocko, Madden",10300306,Right,FOR_RAM,Undefined,9,Bottom,2,1,0,Fastball,Four-Seam,BallCalled,Undefined,Undefined,Undefined,0,0,,87.04957,-0.196558,-4.163198,2080.406585,217.141367,1:15,5.11438,2.01482,6.59168,-21.34092,15.66154,10.73804,3.15539,-0.91165,77.38472,-4.331036,-2.218093,0.437811,,,,,,,,,,,,-7.05012,8.68339,-1.73337,50,5.09188,8.73368,-125.92354,-0.96856,-11.00471,32.20673,-18.61992,FOR_RAM,FAI_STA,FordhamUniversity,D1,A10,20260421-FordhamUniversity-1,fcb6ed00-3dce-11f1-a8c0-6b9c5118a01a,86.09297,,,9.66484,,,,,,,9fd2b87c-3fe5-4428-9bed-f2337eda9884,2026-04-21,22:11:03.16,2026-04-21T18:11:03.1603712-04:00,2026-04-21T22:11:03.1603712Z,,v3,471298,471291,a1316deca63447d19dd205c393751d6a,"Camera, Dominic",1000121029,Right,FAI_STA,0887b924-0cce-4c4e-b027-5238bcabad7d,53.90011,-126.91713,16.10337,5.1129,-0.39413,-9.30996,-2.00805,9.07318,-5.50236,,,,,,,,,,,,,,,,,,,,,,,,,,,,,,,,,,,,,,,,,,,,,,,,,,,High,High,High,,,,,
320,2026-04-21,18:11:16.91,5,3,"Frank, Alex",10971513,Right,FAI_STA,"Ocko, Madden",10300306,Right,FOR_RAM,Undefined,9,Bottom,2,2,0,Fastball,Four-Seam,FoulBallNotFieldable,Undefined,Undefined,Undefined,0,0,,86.48865,-0.609835,-4.027028,1945.1878,202.353033,12:45,5.06273,2.06726,6.37075,-17.42635,20.40611,7.7617,3.04801,-0.9974,76.81699,-4.027386,-2.627177,0.442694,72.2205,36.289361,149.135693,3992.187857,,,,,53.66946,,,-5.50418,11.26501,-1.77946,50,5.01046,8.49888,-125.09405,-1.73663,-8.46442,32.17,-14.85051,FOR_RAM,FAI_STA,FordhamUniversity,D1,A10,20260421-FordhamUniversity-1,04f51050-3dcf-11f1-a8c0-6b9c5118a01a,85.14328,34.53016,,9.67165,,,,0.91828,2.99833,1.11116,9fd2b87c-3fe5-4428-9bed-f2337eda9884,2026-04-21,22:11:16.91,2026-04-21T18:11:16.9160192-04:00,2026-04-21T22:11:16.9160192Z,,v3,471298,471291,a1316deca63447d19dd205c393751d6a,"Camera, Dominic",1000121029,Right,FAI_STA,c74ee85a-369e-44c7-ae37-fa3e813a94d5,54.12311,-126.14992,16.085,5.05946,-1.24921,-7.42525,-2.06297,8.77669,-4.23221,,0.91828,-73.28731,5.21512,0.87051,-0.44617,0.16483,-0.04203,0.00998,-0.00137,2.99833,62.6921,-27.11114,3.4452,-0.71116,0.13239,-0.02395,0.00482,-0.00065,1.11116,43.79957,-15.43353,3.6667,-0.88252,0.18317,-0.0387,0.00802,-0.00098,,,,,,,,,,,,,,,,,,,,,,,High,High,High,High,Undefined,,,
321,2026-04-21,18:11:34.53,5,4,"Frank, Alex",10971513,Right,FAI_STA,"Ocko, Madden",10300306,Right,FOR_RAM,Undefined,9,Bottom,2,2,1,Fastball,Four-Seam,BallCalled,Undefined,Undefined,Undefined,0,0,,87.85354,-1.147021,-4.209698,2040.745365,211.69787,1:00,5.07385,2.14997,6.46969,-19.2043,17.22465,9.74591,2.41708,-0.91099,78.33629,-4.871792,-2.448562,0.434405,,,,,,,,,,,,-6.50307,9.77772,-1.85641,50,4.98408,8.95211,-127.05637,-3.02748,-10.36282,32.14017,-16.59303,FOR_RAM,FAI_STA,FordhamUniversity,D1,A10,20260421-FordhamUniversity-1,0f652ed0-3dcf-11f1-a8c0-6b9c5118a01a,86.76797,,,9.51725,,,,,,,9fd2b87c-3fe5-4428-9bed-f2337eda9884,2026-04-21,22:11:34.53,2026-04-21T18:11:34.5362432-04:00,2026-04-21T22:11:34.5362432Z,,v3,471298,471291,a1316deca63447d19dd205c393751d6a,"Camera, Dominic",1000121029,Right,FAI_STA,8a87f3e8-2153-4368-b4da-ce34ddca757a,54.02251,-128.06986,16.07009,5.0713,-2.50425,-8.29652,-2.14385,9.27889,-5.18141,,,,,,,,,,,,,,,,,,,,,,,,,,,,,,,,,,,,,,,,,,,,,,,,,,,High,High,High,,,,,
322,2026-04-21,18:11:47.71,5,5,"Frank, Alex",10971513,Right,FAI_STA,"Ocko, Madden",10300306,Right,FOR_RAM,Undefined,9,Bottom,2,3,1,Fastball,Changeup,BallCalled,Walk,Undefined,Undefined,0,0,,86.66058,-1.273068,-4.531672,2047.782391,215.843321,1:15,5.03527,2.09081,6.48634,-21.96367,15.3617,10.05453,2.0323,-1.24054,77.58101,-5.492068,-2.715123,0.439717,,,,,,,,,,,,-6.76004,8.86953,-1.77595,50,4.93595,9.53383,-125.33124,-3.36989,-10.51495,30.54673,-18.37787,FOR_RAM,FAI_STA,FordhamUniversity,D1,A10,20260421-FordhamUniversity-1,1763ff30-3dcf-11f1-a8c0-6b9c5118a01a,85.7197,,,9.07957,,,,,,,9fd2b87c-3fe5-4428-9bed-f2337eda9884,2026-04-21,22:11:47.71,2026-04-21T18:11:47.7107200-04:00,2026-04-21T22:11:47.7107200Z,,v3,471298,471291,a1316deca63447d19dd205c393751d6a,"Camera, Dominic",1000121029,Right,FAI_STA,05046b9c-165b-478d-9cca-924c835cdd72,54.00727,-126.30415,15.27337,5.03395,-2.78455,-9.18894,-2.08494,9.86873,-5.25748,,,,,,,,,,,,,,,,,,,,,,,,,,,,,,,,,,,,,,,,,,,,,,,,,,,High,High,High,,,,,
323,2026-04-21,18:12:35.00,6,1,"Frank, Alex",10971513,Right,FAI_STA,"Young, Caden",10264258,Right,FOR_RAM,Undefined,9,Bottom,2,0,0,Fastball,Four-Seam,StrikeCalled,Undefined,Undefined,Undefined,0,0,,88.86507,-1.287411,-3.153367,2043.048861,217.099851,1:15,5.01653,2.2278,6.34565,-18.99674,16.73584,11.57969,2.24633,0.28698,79.18307,-4.96542,-1.061025,0.430233,,,,,,,,,,,,-7.0828,9.54071,-2.00336,50,4.91389,6.60325,-128.63919,-3.39086,-11.55345,33.28263,-16.61126,FOR_RAM,FAI_STA,FordhamUniversity,D1,A10,20260421-FordhamUniversity-1,33770a00-3dcf-11f1-a8c0-6b9c5118a01a,87.60936,,,9.68199,,,,,,,9fd2b87c-3fe5-4428-9bed-f2337eda9884,2026-04-21,22:12:35.00,2026-04-21T18:12:35.0071808-04:00,2026-04-21T22:12:35.0071808Z,,v3,471298,471291,a1316deca63447d19dd205c393751d6a,"Camera, Dominic",1000121029,Right,FAI_STA,6fb08417-c8d2-4364-91f5-6ea4a5bb96fd,54.14735,-129.70779,16.64132,5.0142,-2.85753,-8.30563,-2.22133,6.9742,-5.77673,,,,,,,,,,,,,,,,,,,,,,,,,,,,,,,,,,,,,,,,,,,,,,,,,,,High,High,High,,,,,
324,2026-04-21,18:12:47.45,6,2,"Frank, Alex",10971513,Right,FAI_STA,"Young, Caden",10264258,Right,FOR_RAM,Undefined,9,Bottom,2,0,1,Fastball,Four-Seam,BallCalled,Undefined,Undefined,Undefined,0,0,,88.30606,0.651863,-1.629801,1900.513556,200.596085,12:45,5.02713,2.16478,6.19778,-18.55446,17.82099,6.15489,4.08296,1.17275,78.43183,-2.95518,-0.519569,0.434086,,,,,,,,,,,,-3.70996,9.33426,-2.04485,50,5.06672,3.3721,-127.88984,0.97959,-5.97517,33.14434,-17.14059,FOR_RAM,FAI_STA,FordhamUniversity,D1,A10,20260421-FordhamUniversity-1,3ae5f670-3dcf-11f1-a8c0-6b9c5118a01a,86.83176,,,9.87423,,,,,,,9fd2b87c-3fe5-4428-9bed-f2337eda9884,2026-04-21,22:12:47.45,2026-04-21T18:12:47.4541568-04:00,2026-04-21T22:12:47.4541568Z,,v3,471298,471291,a1316deca63447d19dd205c393751d6a,"Camera, Dominic",1000121029,Right,FAI_STA,4de294d9-da53-4fbb-971e-4dd82b52cfde,54.29247,-128.9975,16.57217,5.02441,1.55241,-8.5703,-2.16087,3.57178,-2.98759,,,,,,,,,,,,,,,,,,,,,,,,,,,,,,,,,,,,,,,,,,,,,,,,,,,High,High,High,,,,,
325,2026-04-21,18:13:02.43,6,3,"Frank, Alex",10971513,Right,FAI_STA,"Young, Caden",10264258,Right,FOR_RAM,Undefined,9,Bottom,2,1,1,Curveball,Curveball,BallCalled,Undefined,Undefined,Undefined,0,0,,75.51189,1.227411,-3.356836,1856.61074,27.941358,7:00,4.9032,2.04014,5.8712,-60.84003,-9.52434,-6.23591,0.9754,-1.60105,66.93179,-9.99367,-4.474511,0.51558,,,,,,,,,,,,1.74815,-4.54969,-1.76489,50,4.96928,6.63624,-109.05991,0.40484,2.01021,27.24583,-37.40577,FOR_RAM,FAI_STA,FordhamUniversity,D1,A10,20260421-FordhamUniversity-1,43d25b20-3dcf-11f1-a8c0-6b9c5118a01a,73.10681,,,8.58011,,,,,,,9fd2b87c-3fe5-4428-9bed-f2337eda9884,2026-04-21,22:13:02.43,2026-04-21T18:13:02.4318464-04:00,2026-04-21T22:13:02.4318464Z,,v3,471298,471291,a1316deca63447d19dd205c393751d6a,"Camera, Dominic",1000121029,Right,FAI_STA,0e4dae9c-5ab0-4da1-8541-ddaa77ab7720,54.62197,-110.20854,13.62292,4.91898,1.9818,-18.70288,-2.04287,6.55149,1.00511,,,,,,,,,,,,,,,,,,,,,,,,,,,,,,,,,,,,,,,,,,,,,,,,,,,High,High,High,,,,,
326,2026-04-21,18:13:17.17,6,4,"Frank, Alex",10971513,Right,FAI_STA,"Young, Caden",10264258,Right,FOR_RAM,Undefined,9,Bottom,2,2,1,Fastball,Four-Seam,FoulBallNotFieldable,Undefined,Undefined,Undefined,0,0,,88.38517,-0.740596,-3.506486,2059.760394,202.247401,12:45,5.06718,2.11472,6.4304,-15.93347,20.62135,7.77445,3.05741,-0.46417,77.55203,-3.91134,-2.101193,0.435155,73.83449,10.026157,170.522461,2375.023045,,,,104.21552,52.24129,173.636992,1.093388,-5.47185,11.48989,-1.86819,50,5.0072,7.51358,-127.77143,-1.99836,-8.66059,36.74792,-13.98846,FOR_RAM,FAI_STA,FordhamUniversity,D1,A10,20260421-FordhamUniversity-1,4c9c91d0-3dcf-11f1-a8c0-6b9c5118a01a,86.61848,7.24739,,10.83314,,,,0.89625,2.97203,0.4748,9fd2b87c-3fe5-4428-9bed-f2337eda9884,2026-04-21,22:13:17.17,2026-04-21T18:13:17.1772928-04:00,2026-04-21T22:13:17.1772928Z,GroundBall,v3,471298,471291,a1316deca63447d19dd205c393751d6a,"Camera, Dominic",1000121029,Right,FAI_STA,e7ca1faa-7b20-4bed-957a-67f7027048c9,54.06189,-128.93437,18.37396,5.06344,-1.55568,-6.99423,-2.11031,7.78766,-4.33029,302.235853,0.89625,-105.181,10.63033,-2.02191,0.36531,0.0011,-0.06634,0.0392,-0.00755,2.97204,18.85288,-21.70281,2.206,-0.35511,-0.15236,0.24286,-0.13052,0.02499,0.4748,17.55949,-8.26672,1.73165,-0.67798,0.7241,-0.69437,0.34999,-0.06603,,,,,,,,,,,,,,,,,,,,,,,High,High,High,High,Medium,,,
327,2026-04-21,18:13:33.90,6,5,"Frank, Alex",10971513,Right,FAI_STA,"Young, Caden",10264258,Right,FOR_RAM,Undefined,9,Bottom,2,2,2,Fastball,Sinker,StrikeSwinging,Strikeout,Undefined,Undefined,0,0,,89.20599,-1.17632,-4.451681,2064.376578,225.90312,1:30,5.06005,2.01364,6.48165,-19.65269,15.05552,14.31013,2.33883,-0.88956,80.89641,-4.937207,-1.86521,0.424021,,,,,,,,,,,,-8.74977,8.5656,-1.70575,50,4.96827,9.48513,-129.23563,-3.1924,-14.6939,28.70084,-17.7894,FOR_RAM,FAI_STA,FordhamUniversity,D1,A10,20260421-FordhamUniversity-1,568ef4d0-3dcf-11f1-a8c0-6b9c5118a01a,88.89285,,,8.30959,,,,,,,9fd2b87c-3fe5-4428-9bed-f2337eda9884,2026-04-21,22:13:33.90,2026-04-21T18:13:33.9079680-04:00,2026-04-21T22:13:33.9079680Z,,v3,471298,471291,a1316deca63447d19dd205c393751d6a,"Camera, Dominic",1000121029,Right,FAI_STA,4f2acc5a-3c9d-4ca9-a835-01e22b653fc7,54.0149,-130.12422,14.35042,5.05858,-2.64164,-8.8947,-2.00645,9.94005,-7.34695,,,,,,,,,,,,,,,,,,,,,,,,,,,,,,,,,,,,,,,,,,,,,,,,,,,High,High,High,,,,,
