PitchNo,Date,Time,PAofInning,PitchofPA,Pitcher,PitcherId,PitcherThrows,PitcherTeam,Batter,BatterId,BatterSide,BatterTeam,PitcherSet,Inning,Top/Bottom,Outs,Balls,Strikes,TaggedPitchType,AutoPitchType,PitchCall,KorBB,TaggedHitType,PlayResult,OutsOnPlay,RunsScored,Notes,RelSpeed,VertRelAngle,HorzRelAngle,SpinRate,SpinAxis,Tilt,RelHeight,RelSide,Extension,VertBreak,InducedVertBreak,HorzBreak,PlateLocHeight,PlateLocSide,ZoneSpeed,VertApprAngle,HorzApprAngle,ZoneTime,ExitSpeed,Angle,Direction,HitSpinRate,PositionAt110X,PositionAt110Y,PositionAt110Z,Distance,LastTrackedDistance,Bearing,HangTime,pfxx,pfxz,x0,y0,z0,vx0,vy0,vz0,ax0,ay0,az0,HomeTeam,AwayTeam,Stadium,Level,League,GameID,PitchUID,EffectiveVelo,MaxHeight,MeasuredDuration,SpeedDrop,PitchLastMeasuredX,PitchLastMeasuredY,PitchLastMeasuredZ,ContactPositionX,ContactPositionY,ContactPositionZ,GameUID,UTCDate,UTCTime,LocalDateTime,UTCDateTime,AutoHitType,System,HomeTeamForeignID,AwayTeamForeignID,GameForeignID,Catcher,CatcherId,CatcherThrows,CatcherTeam,PlayID,PitchTrajectoryXc0,PitchTrajectoryXc1,PitchTrajectoryXc2,PitchTrajectoryYc0,PitchTrajectoryYc1,PitchTrajectoryYc2,PitchTrajectoryZc0,PitchTrajectoryZc1,PitchTrajectoryZc2,HitSpinAxis,HitTrajectoryXc0,HitTrajectoryXc1,HitTrajectoryXc2,HitTrajectoryXc3,HitTrajectoryXc4,HitTrajectoryXc5,HitTrajectoryXc6,HitTrajectoryXc7,HitTrajectoryXc8,HitTrajectoryYc0,HitTrajectoryYc1,HitTrajectoryYc2,HitTrajectoryYc3,HitTrajectoryYc4,HitTrajectoryYc5,HitTrajectoryYc6,HitTrajectoryYc7,HitTrajectoryYc8,HitTrajectoryZc0,HitTrajectoryZc1,HitTrajectoryZc2,HitTrajectoryZc3,HitTrajectoryZc4,HitTrajectoryZc5,HitTrajectoryZc6,HitTrajectoryZc7,HitTrajectoryZc8,ThrowSpeed,PopTime,ExchangeTime,TimeToBase,CatchPositionX,CatchPositionY,CatchPositionZ,ThrowPositionX,ThrowPositionY,ThrowPositionZ,BasePositionX,BasePositionY,BasePositionZ,ThrowTrajectoryXc0,ThrowTrajectoryXc1,ThrowTrajectoryXc2,ThrowTrajectoryYc0,ThrowTrajectoryYc1,ThrowTrajectoryYc2,ThrowTrajectoryZc0,ThrowTrajectoryZc1,ThrowTrajectoryZc2,PitchReleaseConfidence,PitchLocationConfidence,PitchMovementConfidence,HitLaunchConfidence,HitLandingConfidence,CatcherThrowCatchConfidence,CatcherThrowReleaseConfidence,CatcherThrowLocationConfidence
1,2026-04-24,15:04:26.26,1,1,"Elson, Beau",1000255572,Left,FOR_RAM,"Vaughan, Logan",1000232024,Right,GEO_PAT,Undefined,1,Top,0,0,0,Fastball,Four-Seam,BallCalled,Undefined,Undefined,Undefined,0,0,,88.63834,-2.527226,5.584365,2443.834689,156.184446,11:15,5.43756,-3.26264,6.41193,-17.88588,17.01847,-7.05201,1.61094,1.30027,81.69819,-5.917104,4.316392,0.425218,,,,,,,,,,,,5.11437,9.86729,2.8654,50,5.24756,-12.27236,-128.27136,-6.1718,8.59354,24.41871,-15.59438,FOR_RAM,GEO_PAT,FordhamUniversity,D1,A10,20260424-FordhamUniversity-1,6a18a350-4010-11f1-a000-3b21148d6856,88.64271,,,6.94015,,,,,,,16dba9bc-162f-467c-82cd-d013dd0e9e5e,2026-04-24,19:04:26.26,2026-04-24T15:04:26.2643200-04:00,2026-04-24T19:04:26.2643200Z,,v3,471298,471300,aea4d343e99b4d4c9dda1cfb8aed3ab6,"McAndrews, Thomas",836274,Right,FOR_RAM,45c3bf36-a49c-4ffa-89bf-1b98b18bfc0a,54.0875,-129.04714,12.20935,5.43577,-5.67637,-7.79719,3.25963,-12.54538,4.29677,,,,,,,,,,,,,,,,,,,,,,,,,,,,,,,,,,,,,,,,,,,,,,,,,,,High,High,High,,,,,
2,2026-04-24,15:04:45.02,1,2,"Elson, Beau",1000255572,Left,FOR_RAM,"Vaughan, Logan",1000232024,Right,GEO_PAT,Undefined,1,Top,0,1,0,Fastball,Four-Seam,BallCalled,Undefined,Undefined,Undefined,0,0,,88.97119,-2.637245,5.043526,2500.854274,168.627244,11:30,5.51344,-3.18565,6.40922,-18.26115,16.48127,-3.09984,1.55572,1.2053,81.7693,-6.096733,4.485501,0.42423,,,,,,,,,,,,2.96988,9.65127,2.82541,50,5.31541,-11.24711,-128.79589,-6.45317,5.0084,25.75737,-15.89812,FOR_RAM,GEO_PAT,FordhamUniversity,D1,A10,20260424-FordhamUniversity-1,7543fb80-4010-11f1-a000-3b21148d6856,88.84908,,,7.20189,,,,,,,16dba9bc-162f-467c-82cd-d013dd0e9e5e,2026-04-24,19:04:45.02,2026-04-24T15:04:45.0284544-04:00,2026-04-24T19:04:45.0284544Z,,v3,471298,471300,aea4d343e99b4d4c9dda1cfb8aed3ab6,"McAndrews, Thomas",836274,Right,FOR_RAM,c5be3891-6e29-461c-9000-a400c7d866f5,54.08943,-129.61114,12.87868,5.5117,-5.94997,-7.94906,3.1839,-11.40564,2.5042,,,,,,,,,,,,,,,,,,,,,,,,,,,,,,,,,,,,,,,,,,,,,,,,,,,High,High,High,,,,,
3,2026-04-24,15:05:03.65,1,3,"Elson, Beau",1000255572,Left,FOR_RAM,"Vaughan, Logan",1000232024,Right,GEO_PAT,Undefined,1,Top,0,2,0,Fastball,Four-Seam,StrikeCalled,Undefined,Undefined,Undefined,0,0,,88.90627,-2.569887,4.138395,2505.492717,164.564972,11:30,5.46225,-3.2938,6.43197,-17.9682,16.59489,-4.29736,1.59528,0.1581,81.93996,-5.976844,3.362527,0.423134,,,,,,,,,,,,3.32166,9.67264,3.00087,50,5.27053,-9.16386,-128.91933,-6.28985,5.6304,25.00347,-15.77842,FOR_RAM,GEO_PAT,FordhamUniversity,D1,A10,20260424-FordhamUniversity-1,805a6c20-4010-11f1-a000-3b21148d6856,89.07921,,,6.96631,,,,,,,16dba9bc-162f-467c-82cd-d013dd0e9e5e,2026-04-24,19:05:03.65,2026-04-24T15:05:03.6549120-04:00,2026-04-24T19:05:03.6549120Z,,v3,471298,471300,aea4d343e99b4d4c9dda1cfb8aed3ab6,"McAndrews, Thomas",836274,Right,FOR_RAM,87b14ac2-ecad-451a-ba82-8807c4d3c35f,54.06732,-129.70578,12.50174,5.46056,-5.79356,-7.88921,3.29189,-9.34095,2.8152,,,,,,,,,,,,,,,,,,,,,,,,,,,,,,,,,,,,,,,,,,,,,,,,,,,High,High,High,,,,,
4,2026-04-24,15:05:23.31,1,4,"Elson, Beau",1000255572,Left,FOR_RAM,"Vaughan, Logan",1000232024,Right,GEO_PAT,Undefined,1,Top,0,2,1,Fastball,Four-Seam,FoulBallNotFieldable,Undefined,Undefined,Undefined,0,0,,89.08458,-0.952417,3.646398,2516.525565,156.279064,11:15,5.53121,-3.36568,6.3938,-17.04099,17.588,-7.24402,3.23332,-0.61116,81.333,-4.22169,2.338108,0.423537,36.69027,-34.632155,150.792303,,,,,4.6257,4.71,46.060923,0.116942,4.84307,9.80788,3.10693,50,5.45476,-7.96208,-129.28647,-2.60609,8.18722,27.26036,-15.59375,FOR_RAM,GEO_PAT,FordhamUniversity,D1,A10,20260424-FordhamUniversity-1,8c3712f0-4010-11f1-a000-3b21148d6856,88.99449,3.70453,,7.75158,,,,,,,16dba9bc-162f-467c-82cd-d013dd0e9e5e,2026-04-24,19:05:23.31,2026-04-24T15:05:23.3142272-04:00,2026-04-24T19:05:23.3142272Z,GroundBall,v3,471298,471300,aea4d343e99b4d4c9dda1cfb8aed3ab6,"McAndrews, Thomas",836274,Right,FOR_RAM,085287ee-c923-4c9d-898b-65fb96c5146f,54.10569,-130.14929,13.63018,5.52943,-2.11253,-7.79688,3.36304,-8.22121,4.09361,203.876443,7.71907,-38.64448,0.72235,,,,,,,3.7046,-30.58895,-9.33597,,,,,,,0.84599,21.60494,-3.04793,,,,,,,,,,,,,,,,,,,,,,,,,,,,,High,High,High,Low,Low,,,
5,2026-04-24,15:07:25.61,1,5,"Elson, Beau",1000255572,Left,FOR_RAM,"Vaughan, Logan",1000232024,Right,GEO_PAT,Undefined,1,Top,0,2,2,Slider,Slider,StrikeSwinging,Strikeout,Undefined,Undefined,0,0,,86.85418,-1.094883,4.061136,2310.265872,160.027769,11:15,5.42414,-3.37864,6.05966,-31.86415,5.33925,-1.4876,1.75276,0.26248,79.14994,-7.005191,3.794214,0.438998,,,,,,,,,,,,1.9887,3.45858,3.06371,50,5.32204,-8.87262,-125.81353,-3.4565,3.16265,27.39075,-26.67379,FOR_RAM,GEO_PAT,FordhamUniversity,D1,A10,20260424-FordhamUniversity-1,d4f70950-4010-11f1-a000-3b21148d6856,85.86013,,,7.70424,,,,,,,16dba9bc-162f-467c-82cd-d013dd0e9e5e,2026-04-24,19:07:25.61,2026-04-24T15:07:25.6100000-04:00,2026-04-24T19:07:25.6100000Z,,v3,471298,471300,aea4d343e99b4d4c9dda1cfb8aed3ab6,"McAndrews, Thomas",836274,Right,FOR_RAM,3680f950-213a-4ae4-9372-e99a6a8e673b,54.43769,-126.77598,13.69538,5.42703,-2.51925,-13.3369,3.37742,-8.98374,1.58132,,,,,,,,,,,,,,,,,,,,,,,,,,,,,62.66285,3.033915,1.902592,1.131323,0.45326,1.6331,-0.32633,0.90929,5.47233,-0.91701,78.8989,5.76514,-45.88833,0.96655,75.5179,-5.89585,5.52952,16.69829,-14.61174,-1.00808,-47.22859,6.73402,High,High,High,,,High,Medium,Medium
6,2026-04-24,15:08:01.18,2,1,"Elson, Beau",1000255572,Left,FOR_RAM,"Clyne , Owen",1000230336,Left,GEO_PAT,Undefined,1,Top,1,0,0,Cutter,Cutter,BallCalled,Undefined,Undefined,Undefined,0,0,,85.03927,-0.457815,5.284398,2292.904114,172.459555,11:45,5.36364,-3.41617,5.93195,-29.67175,9.15312,-1.05134,2.46442,1.41291,77.94359,-5.955207,5.096989,0.448463,,,,,,,,,,,,1.99658,5.20044,2.99366,50,5.31022,-11.33793,-123.03931,-1.93927,3.06336,24.20973,-24.19503,FOR_RAM,GEO_PAT,FordhamUniversity,D1,A10,20260424-FordhamUniversity-1,ea371990-4010-11f1-a000-3b21148d6856,84.04808,,,7.09568,,,,,,,16dba9bc-162f-467c-82cd-d013dd0e9e5e,2026-04-24,19:08:01.18,2026-04-24T15:08:01.1874304-04:00,2026-04-24T19:08:01.1874304Z,,v3,471298,471300,aea4d343e99b4d4c9dda1cfb8aed3ab6,"McAndrews, Thomas",836274,Right,FOR_RAM,c5cc3953-7553-452f-8eaf-1e17f5adbb2b,54.56529,-123.93434,12.10486,5.36538,-1.04478,-12.09752,3.41491,-11.45118,1.53168,,,,,,,,,,,,,,,,,,,,,,,,,,,,,,,,,,,,,,,,,,,,,,,,,,,High,High,High,,,,,
7,2026-04-24,15:08:19.20,2,2,"Elson, Beau",1000255572,Left,FOR_RAM,"Clyne , Owen",1000230336,Left,GEO_PAT,Undefined,1,Top,1,1,0,Fastball,Four-Seam,FoulBallNotFieldable,Undefined,Undefined,Undefined,0,0,,87.59851,-0.931545,4.43472,2468.106286,165.402729,11:30,5.46639,-3.35027,6.11617,-18.99536,16.98489,-4.14914,3.01951,0.41235,80.65441,-4.519043,3.690843,0.431721,75.63248,6.546427,-171.401973,2350.44171,,,,86.3776,53.00317,-171.087224,0.811732,3.22673,9.30426,3.0117,50,5.38449,-9.67541,-126.982,-2.60781,5.31862,23.68553,-16.83788,FOR_RAM,GEO_PAT,FordhamUniversity,D1,A10,20260424-FordhamUniversity-1,f4e615d0-4010-11f1-a000-3b21148d6856,87.30736,4.5785,,6.94409,,,,-0.95374,2.58293,-0.84106,16dba9bc-162f-467c-82cd-d013dd0e9e5e,2026-04-24,19:08:19.20,2026-04-24T15:08:19.2072192-04:00,2026-04-24T19:08:19.2072192Z,GroundBall,v3,471298,471300,aea4d343e99b4d4c9dda1cfb8aed3ab6,"McAndrews, Thomas",836274,Right,FOR_RAM,0d6fa220-2e1d-4f87-a169-e5dd0f1ebafd,54.37972,-127.79632,11.84277,5.4642,-2.02891,-8.41894,3.34749,-9.85827,2.65931,,-0.9558,-108.92923,6.13756,,,,,,,2.60707,12.24845,-19.08086,,,,,,,-0.84238,-16.45352,1.23972,,,,,,,,,,,,,,,,,,,,,,,,,,,,,High,High,High,Medium,Medium,,,
8,2026-04-24,15:08:42.17,2,3,"Elson, Beau",1000255572,Left,FOR_RAM,"Clyne , Owen",1000230336,Left,GEO_PAT,Undefined,1,Top,1,1,1,Cutter,Cutter,StrikeSwinging,Undefined,Undefined,Undefined,0,0,,87.51465,-1.606456,4.32831,2372.85506,192.291303,12:30,5.35175,-3.4783,6.14161,-26.66352,9.54445,1.83969,1.6406,0.6825,80.52381,-6.560783,4.658484,0.433085,,,,,,,,,,,,0.21874,5.70988,3.147,50,5.21515,-9.6727,-126.84465,-4.40775,0.35728,25.33585,-22.84784,FOR_RAM,GEO_PAT,FordhamUniversity,D1,A10,20260424-FordhamUniversity-1,02a0f280-4011-11f1-a000-3b21148d6856,87.03235,,,6.99084,,,,,,,16dba9bc-162f-467c-82cd-d013dd0e9e5e,2026-04-24,19:08:42.17,2026-04-24T15:08:42.1753344-04:00,2026-04-24T19:08:42.1753344Z,,v3,471298,471300,aea4d343e99b4d4c9dda1cfb8aed3ab6,"McAndrews, Thomas",836274,Right,FOR_RAM,cfa16261-1e71-47a6-96d2-ac4575ffed09,54.35732,-127.71201,12.66793,5.35266,-3.62556,-11.42392,3.47836,-9.68493,0.17864,,,,,,,,,,,,,,,,,,,,,,,,,,,,,,,,,,,,,,,,,,,,,,,,,,,High,High,High,,,,,
9,2026-04-24,15:09:07.92,2,4,"Elson, Beau",1000255572,Left,FOR_RAM,"Clyne , Owen",1000230336,Left,GEO_PAT,Undefined,1,Top,1,1,2,Curveball,Curveball,FoulBallNotFieldable,Undefined,Undefined,Undefined,0,0,,75.88023,1.603042,2.161734,2113.214164,339.59143,5:15,5.45218,-2.99813,5.61068,-60.18196,-11.36501,4.75248,1.93472,-0.58341,70.33143,-9.32199,3.010965,0.502871,,,,,,,,,,,,-1.85831,-5.91339,2.81009,50,5.54946,-4.33238,-110.25944,1.14576,-2.29593,18.9403,-39.47996,FOR_RAM,GEO_PAT,FordhamUniversity,D1,A10,20260424-FordhamUniversity-1,12047620-4011-11f1-a000-3b21148d6856,74.95445,,,5.5488,,,,,,,16dba9bc-162f-467c-82cd-d013dd0e9e5e,2026-04-24,19:09:07.92,2026-04-24T15:09:07.9244288-04:00,2026-04-24T19:09:07.9244288Z,,v3,471298,471300,aea4d343e99b4d4c9dda1cfb8aed3ab6,"McAndrews, Thomas",836274,Right,FOR_RAM,26a853a2-4ac2-41fa-aeab-48b8555d6319,54.8931,-111.0968,9.47015,5.46022,2.89118,-19.73998,2.99938,-4.23088,-1.14796,,,,,,,,,,,,,,,,,,,,,,,,,,,,,,,,,,,,,,,,,,,,,,,,,,,High,High,High,,,,,
10,2026-04-24,15:09:29.68,2,5,"Elson, Beau",1000255572,Left,FOR_RAM,"Clyne , Owen",1000230336,Left,GEO_PAT,Undefined,1,Top,1,1,2,Cutter,Cutter,InPlay,Undefined,LineDrive,Single,0,0,,88.62865,-0.751654,4.044619,2376.734616,163.206014,11:30,5.32641,-3.29828,6.25263,-28.26116,6.87185,-1.74921,2.27639,0.29202,81.35928,-6.015059,3.72974,0.426608,95.49021,8.443631,-0.96295,1125.685179,109.71655,8.40509,-7.88887,168.36757,168.36757,-5.965877,1.507948,2.02406,4.09166,2.99836,50,5.25651,-9.02273,-128.56831,-2.59117,3.3924,26.32355,-25.31629,FOR_RAM,GEO_PAT,FordhamUniversity,D1,A10,20260424-FordhamUniversity-1,1ef2db10-4011-11f1-a000-3b21148d6856,88.35382,9.07301,,7.26937,,,,1.57725,2.29443,-0.26524,16dba9bc-162f-467c-82cd-d013dd0e9e5e,2026-04-24,19:09:29.68,2026-04-24T15:09:29.6884224-04:00,2026-04-24T19:09:29.6884224Z,LineDrive,v3,471298,471300,aea4d343e99b4d4c9dda1cfb8aed3ab6,"McAndrews, Thomas",836274,Right,FOR_RAM,a2cb545a-5b0d-45b8-8108-485c26450483,54.24679,-129.43489,13.16178,5.32809,-1.75775,-12.65815,3.29723,-9.13441,1.6962,108.829963,1.57725,138.51446,-23.00878,3.62046,-0.77732,0.15654,-0.03146,0.00523,-0.00047,2.29443,20.56473,-16.55693,1.62356,-0.32785,0.07953,-0.016,0.00262,-0.00025,-0.26524,-2.32819,-8.4833,2.24079,-0.56406,0.13778,-0.03022,0.00531,-0.0005,,,,,,,,,,,,,,,,,,,,,,,High,High,High,High,High,,,
11,2026-04-24,15:10:06.60,3,1,"Elson, Beau",1000255572,Left,FOR_RAM,"Alberti, Lucas",1000145512,Right,GEO_PAT,Undefined,1,Top,1,0,0,Fastball,Four-Seam,BallCalled,Undefined,Undefined,Undefined,0,0,,87.66695,0.207488,4.300863,2411.301892,163.298728,11:30,5.45146,-2.31887,6.20216,-18.42584,17.62257,-4.94902,4.10804,1.24614,80.02336,-3.306749,3.412003,0.43213,,,,,,,,,,,,3.72957,9.39189,1.99747,50,5.45758,-9.35497,-127.06365,-0.03799,6.1035,25.78973,-16.8041,FOR_RAM,GEO_PAT,FordhamUniversity,D1,A10,20260424-FordhamUniversity-1,34eb17c0-4011-11f1-a000-3b21148d6856,87.22478,,,7.64359,,,,,,,16dba9bc-162f-467c-82cd-d013dd0e9e5e,2026-04-24,19:10:06.60,2026-04-24T15:10:06.6037760-04:00,2026-04-24T19:10:06.6037760Z,,v3,471298,471300,aea4d343e99b4d4c9dda1cfb8aed3ab6,"McAndrews, Thomas",836274,Right,FOR_RAM,c19a6c84-2ebc-447f-9ff8-f19509dc615e,54.29432,-127.93228,12.89487,5.44932,0.528,-8.40205,2.31603,-9.56055,3.05175,,,,,,,,,,,,,,,,,,,,,,,,,,,,,,,,,,,,,,,,,,,,,,,,,,,High,High,High,,,,,
12,2026-04-24,15:11:02.53,3,2,"Elson, Beau",1000255572,Left,FOR_RAM,"Alberti, Lucas",1000145512,Right,GEO_PAT,Undefined,1,Top,1,1,0,Slider,Slider,InPlay,Undefined,GroundBall,Out,1,1,,80.10607,-0.008994,2.721042,2270.226523,306.294613,4:15,5.33685,-2.42175,5.80427,-43.12459,0.15484,1.42559,1.73476,0.22954,74.41083,-7.893336,2.976353,0.473492,99.54187,2.800048,-3.256246,1598.120614,,,,71.44307,56.77682,-1.546002,0.520535,-0.05343,0.41382,2.19739,50,5.30998,-5.58563,-116.4129,-1.41561,-0.07404,19.82892,-31.60055,FOR_RAM,GEO_PAT,FordhamUniversity,D1,A10,20260424-FordhamUniversity-1,564d6350-4011-11f1-a000-3b21148d6856,79.60529,2.34774,,5.69524,,,,1.41372,1.74921,-0.24095,16dba9bc-162f-467c-82cd-d013dd0e9e5e,2026-04-24,19:11:02.53,2026-04-24T15:11:02.5336320-04:00,2026-04-24T19:11:02.5336320Z,GroundBall,v3,471298,471300,aea4d343e99b4d4c9dda1cfb8aed3ab6,"McAndrews, Thomas",836274,Right,FOR_RAM,f32ccae3-319d-4ea0-92d8-735181bf4b9d,54.69689,-117.2102,9.91446,5.34136,-0.14498,-15.80027,2.42193,-5.58265,-0.03702,294.452007,1.43568,145.01708,-20.39327,,,,,,,1.76681,6.67557,-19.40593,,,,,,,-0.25857,-7.82453,8.93249,,,,,,,,,,,,,,,,,,,,,,,,,,,,,High,High,High,High,Medium,,,
13,2026-04-24,15:11:37.53,4,1,"Elson, Beau",1000255572,Left,FOR_RAM,"Terilli, Lucas",1000315616,Left,GEO_PAT,Undefined,1,Top,2,0,0,Fastball,Four-Seam,StrikeSwinging,Undefined,Undefined,Undefined,0,0,,88.16437,-1.338978,4.479172,2502.722959,164.675086,11:30,5.57072,-3.2884,6.24697,-18.03792,17.81871,-4.55079,2.82864,0.47185,80.07673,-4.790363,3.661308,0.430979,,,,,,,,,,,,3.66874,9.97823,2.95679,50,5.46176,-9.81315,-127.64356,-3.47187,6.01561,27.78023,-15.8128,FOR_RAM,GEO_PAT,FordhamUniversity,D1,A10,20260424-FordhamUniversity-1,6b1d9ac0-4011-11f1-a000-3b21148d6856,87.45771,,,8.08764,,,,,,,16dba9bc-162f-467c-82cd-d013dd0e9e5e,2026-04-24,19:11:37.53,2026-04-24T15:11:37.5357952-04:00,2026-04-24T19:11:37.5357952Z,,v3,471298,471300,aea4d343e99b4d4c9dda1cfb8aed3ab6,"McAndrews, Thomas",836274,Right,FOR_RAM,3c1b0e0e-50a9-4211-95e9-a44f7893660b,54.2486,-128.5649,13.89012,5.5682,-2.94744,-7.9064,3.28555,-10.01266,3.00781,,,,,,,,,,,,,,,,,,,,,,,,,,,,,,,,,,,,,,,,,,,,,,,,,,,High,High,High,,,,,
14,2026-04-24,15:11:53.57,4,2,"Elson, Beau",1000255572,Left,FOR_RAM,"Terilli, Lucas",1000315616,Left,GEO_PAT,Undefined,1,Top,2,0,1,Fastball,Four-Seam,StrikeCalled,Undefined,Undefined,Undefined,0,0,,90.20139,-2.122505,4.110835,2513.166808,174.509864,11:45,5.61076,-3.25203,6.13959,-17.09926,16.92454,-1.52724,2.21834,0.42628,82.88754,-5.359705,3.836715,0.41982,,,,,,,,,,,,1.87358,9.62812,2.93895,50,5.43949,-9.33345,-130.73875,-5.34797,3.25905,26.2704,-15.42619,FOR_RAM,GEO_PAT,FordhamUniversity,D1,A10,20260424-FordhamUniversity-1,74b2c290-4011-11f1-a000-3b21148d6856,89.78245,,,7.31385,,,,,,,16dba9bc-162f-467c-82cd-d013dd0e9e5e,2026-04-24,19:11:53.57,2026-04-24T15:11:53.5785984-04:00,2026-04-24T19:11:53.5785984Z,,v3,471298,471300,aea4d343e99b4d4c9dda1cfb8aed3ab6,"McAndrews, Thomas",836274,Right,FOR_RAM,21cde8a7-969a-43e8-a6ac-0895bff7a19f,54.35839,-131.61161,13.1352,5.60866,-4.83542,-7.71309,3.25086,-9.44173,1.62952,,,,,,,,,,,,,,,,,,,,,,,,,,,,,,,,,,,,,,,,,,,,,,,,,,,High,High,High,,,,,
15,2026-04-24,15:12:11.47,4,3,"Elson, Beau",1000255572,Left,FOR_RAM,"Terilli, Lucas",1000315616,Left,GEO_PAT,Undefined,1,Top,2,0,2,Curveball,Curveball,BallCalled,Undefined,Undefined,Undefined,0,0,,74.77905,1.378354,2.164765,2169.570073,337.876171,5:15,5.51816,-3.0501,5.31489,-65.79547,-13.81765,6.36969,1.33003,-0.48659,68.02151,-10.53812,3.297745,0.518896,,,,,,,,,,,,-2.46441,-6.845,2.84908,50,5.59547,-4.34009,-108.35881,0.38845,-2.87261,22.3985,-40.15284,FOR_RAM,GEO_PAT,FordhamUniversity,D1,A10,20260424-FordhamUniversity-1,7f60d470-4011-11f1-a000-3b21148d6856,72.63965,,,6.75754,,,,,,,16dba9bc-162f-467c-82cd-d013dd0e9e5e,2026-04-24,19:12:11.47,2026-04-24T15:12:11.4764800-04:00,2026-04-24T19:12:11.4764800Z,,v3,471298,471300,aea4d343e99b4d4c9dda1cfb8aed3ab6,"McAndrews, Thomas",836274,Right,FOR_RAM,b03ffa1c-9baf-4f08-a487-d8ea170a9bb8,55.18596,-109.42553,11.19925,5.53143,2.30072,-20.07642,3.05252,-4.20328,-1.43631,,,,,,,,,,,,,,,,,,,,,,,,,,,,,,,,,,,,,,,,,,,,,,,,,,,High,High,High,,,,,
16,2026-04-24,15:12:37.22,4,4,"Elson, Beau",1000255572,Left,FOR_RAM,"Terilli, Lucas",1000315616,Left,GEO_PAT,Undefined,1,Top,2,1,2,Curveball,Curveball,StrikeCalled,Strikeout,Undefined,Undefined,0,0,,76.36629,2.413569,3.620171,2170.367968,333.655934,5:00,5.55896,-2.97581,5.83985,-61.04925,-12.50387,6.97307,2.72047,0.97429,69.83998,-8.741189,4.866763,0.501471,,,,,,,,,,,,-2.43689,-6.57012,2.67656,50,5.72071,-7.25938,-110.65426,2.70729,-2.99333,21.46016,-40.24435,FOR_RAM,GEO_PAT,FordhamUniversity,D1,A10,20260424-FordhamUniversity-1,8ec23530-4011-11f1-a000-3b21148d6856,75.16381,,,6.5263,,,,,,,16dba9bc-162f-467c-82cd-d013dd0e9e5e,2026-04-24,19:12:37.22,2026-04-24T15:12:37.2291072-04:00,2026-04-24T19:12:37.2291072Z,,v3,471298,471300,aea4d343e99b4d4c9dda1cfb8aed3ab6,"McAndrews, Thomas",836274,Right,FOR_RAM,1aca2f36-d958-46f4-be2b-40cfc687ba16,54.6615,-111.55464,10.73008,5.5717,4.39578,-20.12218,2.9785,-7.13379,-1.49667,,,,,,,,,,,,,,,,,,,,,,,,,,,,,,,,,,,,,,,,,,,,,,,,,,,High,High,High,,,,,
17,2026-04-24,15:15:01.04,1,1,"Rumberg, Logan",1000216384,Right,GEO_PAT,"Kirk, Taylor",1000367095,Right,FOR_RAM,Undefined,1,Bottom,0,0,0,Fastball,Four-Seam,StrikeCalled,Undefined,Undefined,Undefined,0,0,,91.11383,-2.65016,-3.37363,2178.799481,192.686417,12:30,5.55496,1.98482,5.96637,-10.23319,24.06458,5.12378,2.23901,-0.71977,81.73204,-4.703975,-2.455647,0.421507,,,,,,,,,,,,-3.72906,13.55221,-1.71995,50,5.33873,7.54173,-131.77366,-6.29516,-6.43711,32.77164,-8.78021,FOR_RAM,GEO_PAT,FordhamUniversity,D1,A10,20260424-FordhamUniversity-1,e4632300-4011-11f1-a000-3b21148d6856,89.42314,,,9.38179,,,,,,,16dba9bc-162f-467c-82cd-d013dd0e9e5e,2026-04-24,19:15:01.04,2026-04-24T15:15:01.0423296-04:00,2026-04-24T19:15:01.0423296Z,,v3,471298,471300,aea4d343e99b4d4c9dda1cfb8aed3ab6,"Vaughan, Logan",1000232024,Right,GEO_PAT,c5a911a7-3d87-4798-b436-72898db7f2c1,54.52803,-132.89499,16.38582,5.54899,-5.99473,-4.3901,-1.98177,7.76199,-3.21856,,,,,,,,,,,,,,,,,,,,,,,,,,,,,,,,,,,,,,,,,,,,,,,,,,,High,High,High,,,,,
18,2026-04-24,15:15:17.05,1,2,"Rumberg, Logan",1000216384,Right,GEO_PAT,"Kirk, Taylor",1000367095,Right,FOR_RAM,Undefined,1,Bottom,0,0,1,Fastball,Four-Seam,BallCalled,Undefined,Undefined,Undefined,0,0,,90.73972,-3.270734,-1.834059,2130.191731,188.842004,12:15,5.54022,2.10514,5.89857,-11.348,22.96426,3.38425,1.55327,0.68391,82.22338,-5.497561,-1.227132,0.421596,,,,,,,,,,,,-2.28965,13.10383,-1.95953,50,5.27037,4.06264,-131.44479,-7.77308,-3.96935,30.23016,-9.45697,FOR_RAM,GEO_PAT,FordhamUniversity,D1,A10,20260424-FordhamUniversity-1,edf7fcb0-4011-11f1-a000-3b21148d6856,89.40425,,,8.51634,,,,,,,16dba9bc-162f-467c-82cd-d013dd0e9e5e,2026-04-24,19:15:17.05,2026-04-24T15:15:17.0599424-04:00,2026-04-24T19:15:17.0599424Z,,v3,471298,471300,aea4d343e99b4d4c9dda1cfb8aed3ab6,"Vaughan, Logan",1000232024,Right,GEO_PAT,cec718d2-b88a-4eb1-b07b-b1737ecbe45c,54.59806,-132.49805,15.11508,5.53546,-7.44359,-4.72848,-2.10349,4.20094,-1.98468,,,,,,,,,,,,,,,,,,,,,,,,,,,,,,,,,,,,,,,,,,,,,,,,,,,High,High,High,,,,,
19,2026-04-24,15:15:34.24,1,3,"Rumberg, Logan",1000216384,Right,GEO_PAT,"Kirk, Taylor",1000367095,Right,FOR_RAM,Undefined,1,Bottom,0,1,1,Fastball,Four-Seam,StrikeSwinging,Undefined,Undefined,Undefined,0,0,,91.73429,-2.619345,-2.132062,2193.303956,191.022469,12:15,5.5431,2.08823,6.15132,-11.65497,21.58911,3.97784,2.14835,0.44889,83.04416,-4.910889,-1.415469,0.414981,,,,,,,,,,,,-2.70398,12.28953,-1.92806,50,5.33759,4.78114,-132.9813,-6.34604,-4.79377,31.1695,-10.38652,FOR_RAM,GEO_PAT,FordhamUniversity,D1,A10,20260424-FordhamUniversity-1,f838f4e0-4011-11f1-a000-3b21148d6856,90.82925,,,8.69013,,,,,,,16dba9bc-162f-467c-82cd-d013dd0e9e5e,2026-04-24,19:15:34.24,2026-04-24T15:15:34.2431232-04:00,2026-04-24T19:15:34.2431232Z,,v3,471298,471300,aea4d343e99b4d4c9dda1cfb8aed3ab6,"Vaughan, Logan",1000232024,Right,GEO_PAT,f97a14f9-a5e3-4270-99e9-1e384b09a579,54.34497,-133.99584,15.58475,5.53865,-6.00797,-5.19326,-2.08622,4.93717,-2.39688,,,,,,,,,,,,,,,,,,,,,,,,,,,,,,,,,,,,,,,,,,,,,,,,,,,High,High,High,,,,,
20,2026-04-24,15:15:51.85,1,4,"Rumberg, Logan",1000216384,Right,GEO_PAT,"Kirk, Taylor",1000367095,Right,FOR_RAM,Undefined,1,Bottom,0,1,2,Fastball,Four-Seam,FoulBallNotFieldable,Undefined,Undefined,Undefined,0,0,,92.55643,-2.105795,-1.746509,2254.066101,199.827281,12:45,5.43633,2.09694,6.20034,-13.09371,19.21844,6.55032,2.39956,1.03011,84.40395,-4.641274,-0.564666,0.409123,55.25749,84.057914,170.11439,4882.242804,,,,,56.02647,,,-3.89973,10.88347,-1.96888,50,5.27123,3.82404,-134.38372,-5.28062,-7.11339,29.80285,-12.32172,FOR_RAM,GEO_PAT,FordhamUniversity,D1,A10,20260424-FordhamUniversity-1,02a89e30-4012-11f1-a000-3b21148d6856,92.12978,19.71667,,8.15248,,,,1.1871,2.37833,-1.04214,16dba9bc-162f-467c-82cd-d013dd0e9e5e,2026-04-24,19:15:51.85,2026-04-24T15:15:51.8507520-04:00,2026-04-24T19:15:51.8507520Z,,v3,471298,471300,aea4d343e99b4d4c9dda1cfb8aed3ab6,"Vaughan, Logan",1000232024,Right,GEO_PAT,81aee958-ed47-456e-805f-e775e1f74ae1,54.29794,-135.33353,14.90143,5.43327,-4.88792,-6.16086,-2.09437,4.05074,-3.5567,358.28962,1.18855,-8.34918,-5.31305,,,,,,,2.37965,80.53281,-23.13993,,,,,,,-1.04195,1.42913,-0.84133,,,,,,,,,,,,,,,,,,,,,,,,,,,,,High,High,High,Medium,Undefined,,,
21,2026-04-24,15:16:24.30,1,5,"Rumberg, Logan",1000216384,Right,GEO_PAT,"Kirk, Taylor",1000367095,Right,FOR_RAM,Undefined,1,Bottom,0,1,2,Curveball,Curveball,BallCalled,Undefined,Undefined,Undefined,0,0,,78.58804,-0.420868,-3.138667,2558.830144,32.935661,7:00,5.53296,1.81295,5.87701,-59.13787,-13.31135,-9.60024,0.21333,-1.90498,72.21546,-11.17126,-4.863378,0.487225,,,,,,,,,,,,3.95055,-6.32689,-1.55343,50,5.46454,6.60238,-114.01496,-2.75603,5.12729,23.70572,-40.38551,FOR_RAM,GEO_PAT,FordhamUniversity,D1,A10,20260424-FordhamUniversity-1,161b8f90-4012-11f1-a000-3b21148d6856,77.3614,,,6.37258,,,,,,,16dba9bc-162f-467c-82cd-d013dd0e9e5e,2026-04-24,19:16:24.30,2026-04-24T15:16:24.3027968-04:00,2026-04-24T19:16:24.3027968Z,,v3,471298,471300,aea4d343e99b4d4c9dda1cfb8aed3ab6,"Vaughan, Logan",1000232024,Right,GEO_PAT,c7abe1df-c661-46a8-8622-3d9ef495712b,54.62527,-114.97261,11.85286,5.54292,-1.12455,-20.19275,-1.81597,6.39525,2.56365,,,,,,,,,,,,,,,,,,,,,,,,,,,,,,,,,,,,,,,,,,,,,,,,,,,High,High,High,,,,,
22,2026-04-24,15:16:44.18,1,6,"Rumberg, Logan",1000216384,Right,GEO_PAT,"Kirk, Taylor",1000367095,Right,FOR_RAM,Undefined,1,Bottom,0,2,2,Fastball,Four-Seam,InPlay,Undefined,Popup,Out,1,0,,92.34384,-2.078107,-2.75372,2288.489243,204.528821,12:45,5.37977,2.09406,6.26692,-12.52509,20.1717,8.67749,2.41709,0.27649,83.45834,-4.534502,-1.18786,0.411551,83.26142,60.376464,16.477411,,,,,,59.44229,,,-5.36359,11.45733,-1.89423,50,5.21953,6.07608,-133.88556,-5.15713,-9.62372,32.006,-11.61643,FOR_RAM,GEO_PAT,FordhamUniversity,D1,A10,20260424-FordhamUniversity-1,21f0bc50-4012-11f1-a000-3b21148d6856,91.58625,107.85131,,8.8855,,,,1.16161,2.39435,-0.27336,16dba9bc-162f-467c-82cd-d013dd0e9e5e,2026-04-24,19:16:44.18,2026-04-24T15:16:44.1818112-04:00,2026-04-24T19:16:44.1818112Z,,v3,471298,471300,aea4d343e99b4d4c9dda1cfb8aed3ab6,"Vaughan, Logan",1000232024,Right,GEO_PAT,07d4f40b-a997-4bb7-9d7b-aab942fc5edf,54.23016,-134.89301,16.003,5.3761,-4.79148,-5.80822,-2.09026,6.379,-4.81186,188.431302,1.16161,57.88311,-21.07149,6.7958,-1.758,0.42521,-0.09493,0.01657,-0.00158,2.39435,106.15494,-25.75696,2.22839,-0.12088,-0.06389,0.02836,-0.0067,0.00075,-0.27336,17.12094,-1.93764,0.25076,0.00398,-0.01366,0.00515,-0.00115,0.00012,,,,,,,,,,,,,,,,,,,,,,,High,High,High,Medium,Undefined,,,
23,2026-04-24,15:17:20.30,2,1,"Rumberg, Logan",1000216384,Right,GEO_PAT,"Grabau, Anthony",1000407420,Left,FOR_RAM,Undefined,1,Bottom,1,0,0,Fastball,Four-Seam,StrikeCalled,Undefined,Undefined,Undefined,0,0,,92.42871,-2.95631,-2.170462,2264.793007,203.595804,12:45,5.52345,2.0543,6.09306,-12.22894,20.44328,8.44843,1.76549,0.74977,84.09395,-5.334494,-0.64978,0.411397,,,,,,,,,,,,-4.98614,11.73123,-1.89139,50,5.28883,4.71722,-134.0153,-7.22693,-9.0252,30.24065,-10.93991,FOR_RAM,GEO_PAT,FordhamUniversity,D1,A10,20260424-FordhamUniversity-1,376d1240-4012-11f1-a000-3b21148d6856,91.62066,,,8.33475,,,,,,,16dba9bc-162f-467c-82cd-d013dd0e9e5e,2026-04-24,19:17:20.30,2026-04-24T15:17:20.3003392-04:00,2026-04-24T19:17:20.3003392Z,,v3,471298,471300,aea4d343e99b4d4c9dda1cfb8aed3ab6,"Vaughan, Logan",1000232024,Right,GEO_PAT,17ea82a0-1b54-4361-ac88-9b7f365961d7,54.40445,-135.0055,15.12033,5.5196,-6.86871,-5.46995,-2.0507,5.01275,-4.5126,,,,,,,,,,,,,,,,,,,,,,,,,,,,,,,,,,,,,,,,,,,,,,,,,,,High,High,High,,,,,
24,2026-04-24,15:17:36.09,2,2,"Rumberg, Logan",1000216384,Right,GEO_PAT,"Grabau, Anthony",1000407420,Left,FOR_RAM,Undefined,1,Bottom,1,0,1,Fastball,Four-Seam,InPlay,Undefined,FlyBall,Out,1,0,,92.80103,-2.975138,-2.943669,2260.495123,206.841693,1:00,5.34325,2.13001,5.98037,-13.90729,18.4767,8.82914,1.42043,0.13479,84.96674,-5.63404,-1.359143,0.409578,85.34549,46.275056,-24.471016,,,,,,239.15047,,,-5.36662,10.64095,-1.90228,50,5.10006,6.5431,-134.55276,-7.40003,-9.85541,28.72274,-12.6327,FOR_RAM,GEO_PAT,FordhamUniversity,D1,A10,20260424-FordhamUniversity-1,40e2a420-4012-11f1-a000-3b21148d6856,92.02752,81.58129,,7.83429,,,,1.78794,1.53269,-0.13862,16dba9bc-162f-467c-82cd-d013dd0e9e5e,2026-04-24,19:17:36.09,2026-04-24T15:17:36.0927232-04:00,2026-04-24T19:17:36.0927232Z,,v3,471298,471300,aea4d343e99b4d4c9dda1cfb8aed3ab6,"Vaughan, Logan",1000232024,Right,GEO_PAT,fb3c58a6-9b80-44ce-9cff-e0f17584a4d2,54.51894,-135.51398,14.36137,5.34063,-6.97727,-6.31635,-2.12676,6.87291,-4.92771,151.839536,1.78794,78.74739,-22.78163,6.52863,-1.58904,0.36179,-0.07897,0.01396,-0.0014,1.53269,90.45844,-22.59822,1.52884,-0.00475,-0.07643,0.03006,-0.00704,0.00088,-0.13862,-35.83916,-0.15604,1.0938,-0.47163,0.14931,-0.04,0.00818,-0.00091,,,,,,,,,,,,,,,,,,,,,,,High,High,High,High,Undefined,,,
25,2026-04-24,15:18:13.19,3,1,"Rumberg, Logan",1000216384,Right,GEO_PAT,"McAndrews, Thomas",836274,Right,FOR_RAM,Undefined,1,Bottom,2,0,0,Fastball,Four-Seam,InPlay,Undefined,LineDrive,Out,1,0,,93.13439,-2.31692,-2.668765,2373.490308,214.999742,1:15,5.36993,1.89021,6.23818,-14.7743,17.08544,11.24457,1.99805,0.36372,85.06614,-5.150465,-0.639748,0.406249,92.30265,19.203337,1.177993,3118.46087,109.69239,34.00571,8.21461,301.15142,290.95231,11.612542,3.784027,-6.61855,9.84445,-1.69681,50,5.18968,5.83596,-135.16929,-5.88767,-12.23144,29.76643,-13.98089,FOR_RAM,GEO_PAT,FordhamUniversity,D1,A10,20260424-FordhamUniversity-1,56fa76c0-4012-11f1-a000-3b21148d6856,92.78157,41.91709,,8.06824,,,,1.81155,2.06216,-0.3669,16dba9bc-162f-467c-82cd-d013dd0e9e5e,2026-04-24,19:18:13.19,2026-04-24T15:18:13.1915776-04:00,2026-04-24T19:18:13.1915776Z,LineDrive,v3,471298,471300,aea4d343e99b4d4c9dda1cfb8aed3ab6,"Vaughan, Logan",1000232024,Right,GEO_PAT,a73986d2-ca6b-46f7-a6e6-ab4d5cc8e80e,54.26118,-136.10444,14.88322,5.36775,-5.44845,-6.99044,-1.88619,6.22022,-6.11572,214.699364,1.81162,127.81613,-24.21085,5.14004,-1.00431,0.16145,-0.01792,0.00098,0,2.06228,44.51939,-12.66225,0.035,0.04462,0.01686,-0.01132,0.0026,-0.00021,-0.36673,2.61958,7.72898,-2.21431,0.53876,-0.10428,0.01468,-0.0013,5E-05,,,,,,,,,,,,,,,,,,,,,,,High,High,High,High,High,,,
26,2026-04-24,15:20:42.96,1,1,"Elson, Beau",1000255572,Left,FOR_RAM,"Butler, Jake",1000136500,Right,GEO_PAT,Undefined,2,Top,0,0,1,Fastball,Four-Seam,InPlay,Undefined,FlyBall,Out,1,0,,88.28691,-1.54976,3.223302,2573.599835,169.611096,11:45,5.57227,-2.43841,6.30292,-17.45418,17.81529,-3.06618,2.68735,0.27885,80.93474,-4.879182,2.670176,0.427436,89.30356,33.147342,-9.253251,3431.060356,109.25067,69.69196,-12.816,295.00353,285.43243,-1.449865,5.366397,2.48496,10.04745,2.20316,50,5.44988,-7.09984,-128.16239,-3.94581,4.14161,25.97818,-15.42822,FOR_RAM,GEO_PAT,FordhamUniversity,D1,A10,20260424-FordhamUniversity-1,b044bd80-4012-11f1-a000-3b21148d6856,88.1827,91.56068,,7.35218,,,,1.52744,2.79394,-0.26876,16dba9bc-162f-467c-82cd-d013dd0e9e5e,2026-04-24,19:20:42.96,2026-04-24T15:20:42.9621760-04:00,2026-04-24T19:20:42.9621760Z,FlyBall,v3,471298,471300,aea4d343e99b4d4c9dda1cfb8aed3ab6,"McAndrews, Thomas",836274,Right,FOR_RAM,01148e1a-50a4-4025-98de-e5e90a895dc9,54.19639,-129.01018,12.98909,5.57043,-3.44231,-7.71411,2.43706,-7.235,2.0708,194.707674,1.53019,108.18417,-23.95027,5.42915,-1.00865,0.1641,-0.02363,0.00247,-0.00012,2.794,71.61141,-15.3214,0.12208,0.30724,-0.16316,0.04227,-0.00531,0.00026,-0.2701,-17.60688,8.20982,-2.11836,0.42889,-0.0725,0.00988,-0.00093,4E-05,,,,,,,,,,,,,,,,,,,,,,,High,High,High,High,Medium,,,
27,2026-04-24,15:21:13.29,2,1,"Elson, Beau",1000255572,Left,FOR_RAM,"Westley, Matthew",824016,Right,GEO_PAT,Undefined,2,Top,1,0,0,Fastball,Four-Seam,InPlay,Undefined,Bunt,Out,1,0,,88.83978,-1.238603,3.232897,2512.632321,162.310522,11:30,5.55027,-2.39059,6.50462,-17.24249,17.24627,-5.16705,2.97464,0.14907,81.54595,-4.538328,2.297125,0.422679,32.0118,52.335473,-29.088134,3485.015298,,,,60.87412,42.17083,-31.174394,2.624317,3.58453,9.70906,2.16672,50,5.45584,-7.09369,-129.03935,-3.24469,6.06809,25.84543,-15.73807,FOR_RAM,GEO_PAT,FordhamUniversity,D1,A10,20260424-FordhamUniversity-1,c2453320-4012-11f1-a000-3b21148d6856,89.17519,25.87046,,7.29384,,,,1.46525,3.04292,-0.14098,16dba9bc-162f-467c-82cd-d013dd0e9e5e,2026-04-24,19:21:13.29,2026-04-24T15:21:13.2947968-04:00,2026-04-24T19:21:13.2947968Z,GroundBall,v3,471298,471300,aea4d343e99b4d4c9dda1cfb8aed3ab6,"McAndrews, Thomas",836274,Right,FOR_RAM,7235f452-8af0-48c0-b8b4-49e8688dfb63,53.99468,-129.83699,12.92271,5.54848,-2.75898,-7.86904,2.38853,-7.28096,3.03405,171.505075,1.4652,25.07134,-3.72577,0.84465,-0.05668,-0.13446,0.09545,-0.02627,0.00266,3.04288,37.16919,-15.73732,0.67552,-0.34374,0.26729,-0.11605,0.02496,-0.00216,-0.14096,-13.94727,1.18734,-0.2325,-0.00721,0.06455,-0.04021,0.01054,-0.00104,,,,,,,,,,,,,,,,,,,,,,,High,High,High,High,Medium,,,
28,2026-04-24,15:21:47.89,3,1,"Elson, Beau",1000255572,Left,FOR_RAM,"Bagnerise , Julius",1000469309,Right,GEO_PAT,Undefined,2,Top,2,0,0,Fastball,Four-Seam,BallCalled,Undefined,Undefined,Undefined,0,0,,89.3644,-3.351308,3.951832,2524.788458,158.187052,11:15,5.4499,-3.17121,6.47909,-17.41261,16.62158,-6.26012,0.91072,-0.05844,82.73454,-6.645847,2.819684,0.419884,,,,,,,,,,,,4.27362,9.86382,2.89571,50,5.20556,-8.71816,-129.59466,-8.08071,7.35141,24.16976,-15.20656,FOR_RAM,GEO_PAT,FordhamUniversity,D1,A10,20260424-FordhamUniversity-1,d6f670e0-4012-11f1-a000-3b21148d6856,89.76875,,,6.62986,,,,,,,16dba9bc-162f-467c-82cd-d013dd0e9e5e,2026-04-24,19:21:47.89,2026-04-24T15:21:47.8913536-04:00,2026-04-24T19:21:47.8913536Z,,v3,471298,471300,aea4d343e99b4d4c9dda1cfb8aed3ab6,"McAndrews, Thomas",836274,Right,FOR_RAM,310cc073-98ac-46dd-b239-e5f3cebc17b2,54.02132,-130.34249,12.08488,5.4483,-7.61021,-7.60328,3.16898,-8.94562,3.67571,,,,,,,,,,,,,,,,,,,,,,,,,,,,,,,,,,,,,,,,,,,,,,,,,,,High,High,High,,,,,
29,2026-04-24,15:22:03.69,3,2,"Elson, Beau",1000255572,Left,FOR_RAM,"Bagnerise , Julius",1000469309,Right,GEO_PAT,Undefined,2,Top,2,1,0,Fastball,Four-Seam,InPlay,Undefined,FlyBall,Out,1,0,,88.33246,-2.116674,3.896091,2495.616256,168.312966,11:30,5.47498,-3.48132,6.30409,-18.83446,16.36934,-3.16626,1.94999,-0.15024,81.27363,-5.680445,3.325558,0.427038,93.46381,28.27818,5.490646,3525.067365,109.63673,57.00049,8.92506,331.37249,327.64349,1.993994,5.273863,2.68906,9.42556,3.19666,50,5.31014,-8.6056,-128.13287,-5.27638,4.49335,25.21197,-16.42425,FOR_RAM,GEO_PAT,FordhamUniversity,D1,A10,20260424-FordhamUniversity-1,e05d83d0-4012-11f1-a000-3b21148d6856,88.26491,82.30335,,7.05883,,,,2.20516,2.0951,0.20556,16dba9bc-162f-467c-82cd-d013dd0e9e5e,2026-04-24,19:22:03.69,2026-04-24T15:22:03.6987392-04:00,2026-04-24T19:22:03.6987392Z,FlyBall,v3,471298,471300,aea4d343e99b4d4c9dda1cfb8aed3ab6,"McAndrews, Thomas",836274,Right,FOR_RAM,e2563b19-4326-4f9e-8fb4-472b380a0997,54.19568,-128.95579,12.60598,5.47361,-4.74029,-8.21213,3.47994,-8.75227,2.24668,173.869861,2.20465,120.17749,-25.29581,5.81628,-1.20535,0.22747,-0.03534,0.0036,-0.00016,2.09867,64.86861,-13.58612,0.00223,0.19454,-0.08804,0.0219,-0.0027,0.00013,0.20541,11.55384,-4.14172,0.97597,-0.20569,0.03803,-0.00568,0.00056,-3E-05,,,,,,,,,,,,,,,,,,,,,,,High,High,High,High,Medium,,,
30,2026-04-24,15:24:12.14,1,1,"Rumberg, Logan",1000216384,Right,GEO_PAT,"Donnelly, Joey",800885,Left,FOR_RAM,Undefined,2,Bottom,0,0,0,Fastball,Four-Seam,InPlay,Undefined,Popup,Out,1,0,,91.39825,-1.606584,-3.397952,2264.008442,202.803183,12:45,5.41868,2.13136,6.28462,-14.83796,18.08934,7.17662,2.69852,-0.4059,83.72008,-4.455228,-2.103887,0.412999,83.04511,79.218089,-2.111289,,,,,,15.48154,,,-4.65941,10.15938,-1.88409,50,5.2927,7.58598,-132.65212,-4.12425,-8.32598,27.61848,-14.02003,FOR_RAM,GEO_PAT,FordhamUniversity,D1,A10,20260424-FordhamUniversity-1,2ce97650-4013-11f1-a000-3b21148d6856,91.2651,103.28128,,7.67817,,,,1.14991,2.67768,0.41568,16dba9bc-162f-467c-82cd-d013dd0e9e5e,2026-04-24,19:24:12.14,2026-04-24T15:24:12.1486336-04:00,2026-04-24T19:24:12.1486336Z,,v3,471298,471300,aea4d343e99b4d4c9dda1cfb8aed3ab6,"Vaughan, Logan",1000232024,Right,GEO_PAT,8432c85c-48cb-4255-abba-7f8fdd2f0e5c,54.21437,-133.52667,13.80924,5.41627,-3.68029,-7.01001,-2.12848,7.84963,-4.16299,,1.14992,22.76805,-13.00923,4.14787,-1.64834,2.51183,-3.1951,2.04327,-0.50886,2.67767,119.64943,-29.97126,3.87105,-0.74238,0.01422,0.20691,-0.16345,0.04351,0.41569,-0.84012,-4.21557,1.51331,-0.6553,1.05074,-1.34844,0.86425,-0.21543,,,,,,,,,,,,,,,,,,,,,,,High,High,High,Medium,Undefined,,,
31,2026-04-24,15:24:47.53,2,1,"Rumberg, Logan",1000216384,Right,GEO_PAT,"Ocko, Madden",10300306,Right,FOR_RAM,Undefined,2,Bottom,1,0,0,Fastball,Four-Seam,StrikeCalled,Undefined,Undefined,Undefined,0,0,,91.59502,-1.446684,-3.60514,2289.912812,200.665523,12:45,5.3952,1.93321,6.38596,-16.04438,16.58879,5.88162,2.72451,-0.89724,84.01544,-4.513589,-2.54302,0.411151,,,,,,,,,,,,-4.01059,9.33375,-1.67608,50,5.28319,8.13474,-132.92861,-3.79791,-7.20827,27.29637,-15.39848,FOR_RAM,GEO_PAT,FordhamUniversity,D1,A10,20260424-FordhamUniversity-1,42182170-4013-11f1-a000-3b21148d6856,91.67548,,,7.57959,,,,,,,16dba9bc-162f-467c-82cd-d013dd0e9e5e,2026-04-24,19:24:47.53,2026-04-24T15:24:47.5385856-04:00,2026-04-24T19:24:47.5385856Z,,v3,471298,471300,aea4d343e99b4d4c9dda1cfb8aed3ab6,"Vaughan, Logan",1000232024,Right,GEO_PAT,6821ea94-c2aa-4831-bbf6-b8a309407045,54.1118,-133.77029,13.64819,5.39298,-3.3231,-7.69924,-1.93034,8.357,-3.60414,,,,,,,,,,,,,,,,,,,,,,,,,,,,,,,,,,,,,,,,,,,,,,,,,,,High,High,High,,,,,
32,2026-04-24,15:25:00.98,2,2,"Rumberg, Logan",1000216384,Right,GEO_PAT,"Ocko, Madden",10300306,Right,FOR_RAM,Undefined,2,Bottom,1,0,1,Fastball,Four-Seam,FoulBallNotFieldable,Undefined,Undefined,Undefined,0,0,,92.12367,-1.504108,-2.76414,2280.214751,201.112882,12:45,5.41595,1.93084,6.35735,-14.62127,17.80186,6.47052,2.81128,-0.07591,84.03262,-4.324276,-1.594627,0.409825,85.85796,22.95046,34.145195,5008.795198,84.08984,38.44997,70.91466,276.5163,217.9789,50.028428,3.617442,-4.16244,10.02556,-1.73344,50,5.29985,6.19405,-133.74517,-3.89887,-7.52491,29.37031,-14.04984,FOR_RAM,GEO_PAT,FordhamUniversity,D1,A10,20260424-FordhamUniversity-1,4a073a60-4013-11f1-a000-3b21148d6856,91.97193,42.97043,,8.09106,,,,0.4348,2.72401,0.04858,16dba9bc-162f-467c-82cd-d013dd0e9e5e,2026-04-24,19:25:00.98,2026-04-24T15:25:00.9890304-04:00,2026-04-24T19:25:00.9890304Z,LineDrive,v3,471298,471300,aea4d343e99b4d4c9dda1cfb8aed3ab6,"Vaughan, Logan",1000232024,Right,GEO_PAT,8a133d31-40f7-4f99-8e00-a43c3f057884,54.14095,-134.65145,14.68515,5.41347,-3.46534,-7.02492,-1.92815,6.42624,-3.76245,231.807743,0.43456,95.97539,-23.64423,5.50891,-1.27136,0.27714,-0.05385,0.00698,-0.00038,2.72421,49.09668,-15.8641,0.40209,0.16807,-0.08223,0.0213,-0.00238,7E-05,0.04846,65.08936,-0.43368,-1.24602,0.48116,-0.11125,0.01655,-0.00134,5E-05,,,,,,,,,,,,,,,,,,,,,,,High,High,High,High,Medium,,,
33,2026-04-24,15:25:26.26,2,3,"Rumberg, Logan",1000216384,Right,GEO_PAT,"Ocko, Madden",10300306,Right,FOR_RAM,Undefined,2,Bottom,1,0,2,Cutter,Slider,InPlay,Undefined,GroundBall,Out,1,0,,83.20229,-0.111195,-1.656658,2259.500585,160.240471,11:15,5.31317,1.99351,5.94589,-32.88955,7.96063,-2.33473,2.4692,0.26192,75.18919,-6.251735,-2.076056,0.460011,78.87997,-23.090601,-29.346862,,,,,6.64034,4.94837,-25.740407,0.052161,0.66268,4.53516,-1.86029,50,5.28601,3.58193,-120.67889,-1.26798,0.9616,26.99853,-25.59335,FOR_RAM,GEO_PAT,FordhamUniversity,D1,A10,20260424-FordhamUniversity-1,591b3e70-4013-11f1-a000-3b21148d6856,81.93806,2.37295,,8.01309,,,,1.12987,2.37295,-0.15607,16dba9bc-162f-467c-82cd-d013dd0e9e5e,2026-04-24,19:25:26.26,2026-04-24T15:25:26.2630912-04:00,2026-04-24T19:25:26.2630912Z,GroundBall,v3,471298,471300,aea4d343e99b4d4c9dda1cfb8aed3ab6,"Vaughan, Logan",1000232024,Right,GEO_PAT,ca0a19ca-3abb-4cbd-a1cf-0e6b7cf5dfa2,54.55074,-121.69273,13.49927,5.31558,-0.30691,-12.79667,-1.99412,3.54582,0.4808,180,1.1278,93.01113,,,,,,,,2.37396,-45.49271,,,,,,,,-0.15491,-52.29548,,,,,,,,,,,,,,,,,,,,,,,,,,,,,,High,High,High,Low,Low,,,
34,2026-04-24,15:25:57.27,3,1,"Rumberg, Logan",1000216384,Right,GEO_PAT,"Dean, Mason",1000150670,Left,FOR_RAM,Undefined,2,Bottom,2,0,0,Fastball,Four-Seam,BallinDirt,Undefined,Undefined,Undefined,0,0,,92.77714,-1.468669,-3.413053,2313.470428,204.832519,12:45,5.36202,2.07748,6.33488,-11.54816,20.96135,9.14319,3.04471,-0.30686,83.30421,-3.76534,-1.762886,0.410371,,,,,,,,,,,,-5.79922,11.65335,-1.83239,50,5.24884,7.61304,-134.37007,-3.67627,-10.42889,33.56672,-11.21751,FOR_RAM,GEO_PAT,FordhamUniversity,D1,A10,20260424-FordhamUniversity-1,6b97c1e0-4013-11f1-a000-3b21148d6856,91.84968,,,9.47293,,,,,,,16dba9bc-162f-467c-82cd-d013dd0e9e5e,2026-04-24,19:25:57.27,2026-04-24T15:25:57.2736512-04:00,2026-04-24T19:25:57.2736512Z,,v3,471298,471300,aea4d343e99b4d4c9dda1cfb8aed3ab6,"Vaughan, Logan",1000232024,Right,GEO_PAT,93ea4295-421d-4254-b5d2-355c26a1f97a,54.15873,-135.40497,16.78336,5.35685,-3.33043,-5.60875,-2.07206,7.93457,-5.21445,,,,,,,,,,,,,,,,,,,,,,,,,,,,,,,,,,,,,,,,,,,,,,,,,,,High,High,High,,,,,
35,2026-04-24,15:26:12.29,3,2,"Rumberg, Logan",1000216384,Right,GEO_PAT,"Dean, Mason",1000150670,Left,FOR_RAM,Undefined,2,Bottom,2,1,0,Fastball,Four-Seam,InPlay,Undefined,GroundBall,Single,0,0,,91.90473,-1.84849,-3.064871,2291.535493,205.862578,12:45,5.41875,1.9063,6.22288,-14.22048,18.72115,8.53193,2.52507,-0.21337,83.39983,-4.601466,-1.527153,0.413089,89.82417,-5.555038,-14.584642,,,,,22.4552,22.13068,-14.302527,0.174258,-5.32626,10.5778,-1.681,50,5.27307,6.77637,-133.26503,-4.67348,-9.5121,30.48994,-13.28322,FOR_RAM,GEO_PAT,FordhamUniversity,D1,A10,20260424-FordhamUniversity-1,748203b0-4013-11f1-a000-3b21148d6856,91.24524,2.43687,,8.50489,,,,0.20356,2.43687,0.2708,16dba9bc-162f-467c-82cd-d013dd0e9e5e,2026-04-24,19:26:12.29,2026-04-24T15:26:12.2979840-04:00,2026-04-24T19:26:12.2979840Z,GroundBall,v3,471298,471300,aea4d343e99b4d4c9dda1cfb8aed3ab6,"Vaughan, Logan",1000232024,Right,GEO_PAT,bdec6756-de30-43e5-b9e1-d7ff98a1ffe6,54.27419,-134.23936,15.24497,5.41564,-4.249,-6.64161,-1.90241,7.08034,-4.75605,135.042578,0.20436,126.83729,-18.05779,,,,,,,2.43671,-12.74025,-7.1284,,,,,,,0.27102,-33.03445,-2.04467,,,,,,,,,,,,,,,,,,,,,,,,,,,,,High,High,High,High,High,,,
36,2026-04-24,15:26:51.41,4,1,"Rumberg, Logan",1000216384,Right,GEO_PAT,"Young, Caden",10264258,Right,FOR_RAM,Undefined,2,Bottom,2,0,0,Fastball,Four-Seam,HitByPitch,Undefined,Undefined,Undefined,0,0,,90.99849,-0.236628,-0.736015,2158.6081,211.519342,1:00,5.50642,2.07804,6.37607,-16.12836,16.86627,9.7267,3.94467,2.21141,83.29506,-3.331886,1.025687,0.413421,,,,,,,,,,,,-5.32914,9.20272,-2.02952,50,5.48177,1.32162,-132.37364,-0.98752,-9.46702,27.94269,-15.82574,FOR_RAM,GEO_PAT,FordhamUniversity,D1,A10,20260424-FordhamUniversity-1,8bd22f40-4013-11f1-a000-3b21148d6856,91.17195,,,7.70343,,,,,,,16dba9bc-162f-467c-82cd-d013dd0e9e5e,2026-04-24,19:26:51.41,2026-04-24T15:26:51.4180096-04:00,2026-04-24T19:26:51.4180096Z,,v3,471298,471300,aea4d343e99b4d4c9dda1cfb8aed3ab6,"Vaughan, Logan",1000232024,Right,GEO_PAT,26cd4c7e-4cac-4a62-92f5-4734988b5081,54.12403,-133.24133,13.97135,5.50481,-0.49609,-7.91287,-2.07513,1.6156,-4.73351,,,,,,,,,,,,,,,,,,,,,,,,,,,,,,,,,,,,,,,,,,,,,,,,,,,High,High,High,,,,,
37,2026-04-24,15:27:22.30,5,1,"Rumberg, Logan",1000216384,Right,GEO_PAT,"Ford, Tim",1000142266,Right,FOR_RAM,Undefined,2,Bottom,2,0,0,Fastball,Four-Seam,BallCalled,Undefined,Undefined,Undefined,0,0,,89.80921,-0.139761,-2.404103,2202.460802,186.03821,12:15,5.55206,1.83088,6.29737,-13.92402,20.69832,2.05799,4.26284,-0.21406,80.77567,-2.875822,-2.032551,0.423496,,,,,,,,,,,,-1.83173,11.10477,-1.65504,50,5.53467,5.38073,-130.22925,-0.62575,-3.09802,31.22007,-13.3927,FOR_RAM,GEO_PAT,FordhamUniversity,D1,A10,20260424-FordhamUniversity-1,9e5198e0-4013-11f1-a000-3b21148d6856,89.00299,,,9.03353,,,,,,,16dba9bc-162f-467c-82cd-d013dd0e9e5e,2026-04-24,19:27:22.30,2026-04-24T15:27:22.3079424-04:00,2026-04-24T19:27:22.3079424Z,,v3,471298,471300,aea4d343e99b4d4c9dda1cfb8aed3ab6,"Vaughan, Logan",1000232024,Right,GEO_PAT,f039c84c-1d96-4018-abb5-0e63a64ffeca,54.19633,-131.23139,15.61004,5.54786,-0.19586,-6.69635,-1.82935,5.48017,-1.54901,,,,,,,,,,,,,,,,,,,,,,,,,,,,,,,,,,,,,,,,,,,,,,,,,,,High,High,High,,,,,
38,2026-04-24,15:27:38.98,5,2,"Rumberg, Logan",1000216384,Right,GEO_PAT,"Ford, Tim",1000142266,Right,FOR_RAM,Undefined,2,Bottom,2,1,0,Fastball,Four-Seam,HitByPitch,Undefined,Undefined,Undefined,0,0,,90.24904,-0.874372,-0.682956,2164.320858,196.965432,12:30,5.56879,1.85146,6.06134,-13.85233,20.62344,5.91843,3.60506,1.71255,81.38879,-3.578947,0.38256,0.422599,56.33389,-8.741409,149.860039,5084.991662,,,,16.91218,16.27821,156.839895,0.227127,-3.25618,11.2419,-1.80155,50,5.49352,1.30916,-130.96451,-2.33938,-5.57955,31.11679,-12.91085,FOR_RAM,GEO_PAT,FordhamUniversity,D1,A10,20260424-FordhamUniversity-1,a833f650-4013-11f1-a000-3b21148d6856,89.19198,3.46624,,8.86025,,,,0.22094,3.46624,-1.88396,16dba9bc-162f-467c-82cd-d013dd0e9e5e,2026-04-24,19:27:38.98,2026-04-24T15:27:38.9868032-04:00,2026-04-24T19:27:38.9868032Z,GroundBall,v3,471298,471300,aea4d343e99b4d4c9dda1cfb8aed3ab6,"Vaughan, Logan",1000232024,Right,GEO_PAT,ee4edbb7-1ace-49ed-92ca-aa4e06efb2dc,54.43443,-132.01392,15.5584,5.56507,-1.90396,-6.45543,-1.84888,1.49733,-2.78977,256.574306,0.22099,-70.62553,5.24782,,,,,,,3.46667,-12.58179,-11.81426,,,,,,,-1.88234,40.90983,-14.72004,,,,,,,,,,,,,,,,,,,,,,,,,,,,,High,High,High,High,High,,,
39,2026-04-24,15:28:12.42,6,1,"Rumberg, Logan",1000216384,Right,GEO_PAT,"Markey, Tommy",10084492,Left,FOR_RAM,Undefined,2,Bottom,2,0,0,Curveball,Curveball,BallCalled,Undefined,Undefined,Undefined,0,0,,77.38211,0.973111,-1.820454,2505.710627,36.365469,7:15,5.50369,1.97779,5.68808,-61.98397,-14.28898,-11.72823,1.24588,-0.69685,70.60577,-10.313836,-3.921738,0.497059,,,,,,,,,,,,5.36733,-7.11272,-1.81719,50,5.54687,4.01138,-112.28771,-0.15121,6.73253,23.6578,-41.09593,FOR_RAM,GEO_PAT,FordhamUniversity,D1,A10,20260424-FordhamUniversity-1,bc295e20-4013-11f1-a000-3b21148d6856,75.83094,,,6.77635,,,,,,,16dba9bc-162f-467c-82cd-d013dd0e9e5e,2026-04-24,19:28:12.42,2026-04-24T15:28:12.4298240-04:00,2026-04-24T19:28:12.4298240Z,,v3,471298,471300,aea4d343e99b4d4c9dda1cfb8aed3ab6,"Vaughan, Logan",1000232024,Right,GEO_PAT,5437f6a2-cca0-4bde-8008-43f87d739187,54.81366,-113.29736,11.8289,5.51589,1.60265,-20.54797,-1.98225,3.72405,3.36626,,,,,,,,,,,,,,,,,,,,,,,,,,,,,,,,,,,,,,,,,,,,,,,,,,,High,High,High,,,,,
40,2026-04-24,15:28:30.65,6,2,"Rumberg, Logan",1000216384,Right,GEO_PAT,"Markey, Tommy",10084492,Left,FOR_RAM,Undefined,2,Bottom,2,1,0,Curveball,Curveball,BallCalled,Undefined,Undefined,Undefined,0,0,,77.63164,3.832148,-1.283256,2508.827537,35.347884,7:15,5.49428,2.02525,5.58289,-60.93539,-13.69627,-10.78355,4.00131,-0.07197,70.84326,-7.274721,-3.205495,0.494678,,,,,,,,,,,,5.01571,-7.44717,-1.90802,50,5.78494,2.94737,-112.53093,5.44244,6.3961,21.4719,-41.67078,FOR_RAM,GEO_PAT,FordhamUniversity,D1,A10,20260424-FordhamUniversity-1,c7066f40-4013-11f1-a000-3b21148d6856,76.19594,,,6.78838,,,,,,,16dba9bc-162f-467c-82cd-d013dd0e9e5e,2026-04-24,19:28:30.65,2026-04-24T15:28:30.6554880-04:00,2026-04-24T19:28:30.6554880Z,,v3,471298,471300,aea4d343e99b4d4c9dda1cfb8aed3ab6,"Vaughan, Logan",1000232024,Right,GEO_PAT,500d326c-426c-4bfe-a6fd-8620201c0374,54.91899,-113.46564,10.73595,5.50854,7.25643,-20.83539,-2.03027,2.66894,3.19805,,,,,,,,,,,,,,,,,,,,,,,,,,,,,,,,,,,,,,,,,,,,,,,,,,,High,High,High,,,,,
41,2026-04-24,15:28:47.90,6,3,"Rumberg, Logan",1000216384,Right,GEO_PAT,"Markey, Tommy",10084492,Left,FOR_RAM,Undefined,2,Bottom,2,2,0,Cutter,Slider,FoulBallNotFieldable,Undefined,Undefined,Undefined,0,0,,81.51331,-0.11827,-2.079636,2282.868781,143.216997,10:45,5.26948,2.14399,5.91992,-38.33463,4.36173,-2.10583,1.9651,0.03778,73.67341,-7.235688,-2.457766,0.470291,,,,,,,,,,,,0.39732,2.68331,-1.97621,50,5.2383,4.37231,-118.19625,-1.45416,0.55177,26.38107,-28.44773,FOR_RAM,GEO_PAT,FordhamUniversity,D1,A10,20260424-FordhamUniversity-1,d1471950-4013-11f1-a000-3b21148d6856,80.14701,,,7.8399,,,,,,,16dba9bc-162f-467c-82cd-d013dd0e9e5e,2026-04-24,19:28:47.90,2026-04-24T15:28:47.9051264-04:00,2026-04-24T19:28:47.9051264Z,,v3,471298,471300,aea4d343e99b4d4c9dda1cfb8aed3ab6,"Vaughan, Logan",1000232024,Right,GEO_PAT,d6daa0af-3b55-4b91-aad8-7b106829a5ff,54.57764,-119.21359,13.19053,5.27323,-0.35712,-14.22386,-2.14441,4.35103,0.27588,,,,,,,,,,,,,,,,,,,,,,,,,,,,,,,,,,,,,,,,,,,,,,,,,,,High,High,High,,,,,
42,2026-04-24,15:29:09.57,6,4,"Rumberg, Logan",1000216384,Right,GEO_PAT,"Markey, Tommy",10084492,Left,FOR_RAM,Undefined,2,Bottom,2,2,1,Cutter,Slider,FoulBallNotFieldable,Undefined,Undefined,Undefined,0,0,,82.33814,0.039961,-1.529435,2216.761615,162.767646,11:30,5.30047,2.16738,5.72716,-37.05282,6.1587,-1.31929,2.24997,0.63266,72.52415,-6.897443,-1.765554,0.47312,,,,,,,,,,,,0.04685,3.62118,-2.03894,50,5.2816,3.23229,-119.03881,-1.11621,0.06431,32.1254,-27.20493,FOR_RAM,GEO_PAT,FordhamUniversity,D1,A10,20260424-FordhamUniversity-1,de5c4020-4013-11f1-a000-3b21148d6856,79.66786,,,9.81399,,,,,,,16dba9bc-162f-467c-82cd-d013dd0e9e5e,2026-04-24,19:29:09.57,2026-04-24T15:29:09.5747072-04:00,2026-04-24T19:29:09.5747072Z,,v3,471298,471300,aea4d343e99b4d4c9dda1cfb8aed3ab6,"Vaughan, Logan",1000232024,Right,GEO_PAT,25bb6096-7e27-47cb-9b45-0537cb8f39bc,54.76555,-120.31803,16.0627,5.30448,-0.03292,-13.60246,-2.1676,3.22973,0.03215,,,,,,,,,,,,,,,,,,,,,,,,,,,,,,,,,,,,,,,,,,,,,,,,,,,High,High,High,,,,,
43,2026-04-24,15:29:30.14,6,5,"Rumberg, Logan",1000216384,Right,GEO_PAT,"Markey, Tommy",10084492,Left,FOR_RAM,Undefined,2,Bottom,2,2,2,Slider,Slider,InPlay,Undefined,FlyBall,Out,1,0,,81.68114,1.884578,-1.054099,2267.271798,115.696273,9:45,5.2297,2.23698,5.7673,-39.16085,3.88272,-4.66898,3.72112,0.86679,73.07425,-5.405431,-1.889727,0.472199,89.98016,32.350237,-13.394272,3992.509978,105.36808,64.97217,-31.58313,307.49092,307.17965,-20.465357,4.890878,2.00547,1.7889,-2.14693,50,5.36232,2.36448,-118.2997,2.6151,2.77383,27.61551,-29.69979,FOR_RAM,GEO_PAT,FordhamUniversity,D1,A10,20260424-FordhamUniversity-1,ea7c3180-4013-11f1-a000-3b21148d6856,79.82314,81.51804,,8.60689,,,,0.81545,3.65073,-0.85321,16dba9bc-162f-467c-82cd-d013dd0e9e5e,2026-04-24,19:29:30.14,2026-04-24T15:29:30.1427712-04:00,2026-04-24T19:29:30.1427712Z,FlyBall,v3,471298,471300,aea4d343e99b4d4c9dda1cfb8aed3ab6,"Vaughan, Logan",1000232024,Right,GEO_PAT,43a6dd3a-7481-4ff6-bd19-fae8253d1e92,54.72791,-119.39826,13.80775,5.23479,3.79658,-14.8499,-2.23879,2.25413,1.38691,158.025853,0.81706,108.41626,-24.0322,5.60915,-0.91094,0.08075,-0.0017,4E-05,-3E-05,3.65241,70.58049,-17.15083,0.31859,0.27008,-0.15402,0.04489,-0.00639,0.00035,-0.85308,-25.8329,-0.06014,0.55436,-0.11171,-0.00562,0.0062,-0.00099,5E-05,,,,,,,,,,,,,,,,,,,,,,,High,High,High,High,Low,,,
44,2026-04-24,15:31:42.96,1,1,"Elson, Beau",1000255572,Left,FOR_RAM,"Blanchard, Evan",10073877,Right,GEO_PAT,Undefined,3,Top,0,0,0,Cutter,Cutter,FoulBallNotFieldable,Undefined,Undefined,Undefined,0,0,,87.01179,-0.49763,3.258128,2392.705535,164.931826,11:30,5.59819,-2.37485,6.1443,-21.91202,14.97091,-3.69465,3.31158,0.33125,78.95963,-4.652939,2.593625,0.437103,,,,,,,,,,,,2.90429,8.26237,2.12844,50,5.54897,-7.03721,-126.18356,-1.73454,4.6433,27.68764,-18.96446,FOR_RAM,GEO_PAT,FordhamUniversity,D1,A10,20260424-FordhamUniversity-1,39a51600-4014-11f1-a000-3b21148d6856,86.23234,,,8.05216,,,,,,,16dba9bc-162f-467c-82cd-d013dd0e9e5e,2026-04-24,19:31:42.96,2026-04-24T15:31:42.9693440-04:00,2026-04-24T19:31:42.9693440Z,,v3,471298,471300,aea4d343e99b4d4c9dda1cfb8aed3ab6,"McAndrews, Thomas",836274,Right,FOR_RAM,d6be3388-6bef-4875-9caa-c5943ece59ea,54.35333,-127.1352,13.84382,5.59739,-1.08273,-9.48223,2.37306,-7.1968,2.32165,,,,,,,,,,,,,,,,,,,,,,,,,,,,,,,,,,,,,,,,,,,,,,,,,,,High,High,High,,,,,
45,2026-04-24,15:32:01.53,1,2,"Elson, Beau",1000255572,Left,FOR_RAM,"Blanchard, Evan",10073877,Right,GEO_PAT,Undefined,3,Top,0,0,1,Fastball,Four-Seam,FoulBallNotFieldable,Undefined,Undefined,Undefined,0,0,,89.68438,-1.600418,2.59574,2504.944642,158.536674,11:15,5.51348,-2.40165,6.3529,-19.43552,14.46461,-5.29705,2.41888,-0.45224,82.67185,-5.273475,1.637923,0.419056,26.95838,-18.026701,-53.849316,,,,,9.48568,9.48557,-37.956733,0.203384,3.45362,8.27733,2.21585,50,5.38803,-5.706,-130.34344,-4.20988,5.98571,25.4859,-17.82806,FOR_RAM,GEO_PAT,FordhamUniversity,D1,A10,20260424-FordhamUniversity-1,44b32230-4014-11f1-a000-3b21148d6856,89.94607,2.55036,,7.01253,,,,2.85615,2.55036,0.49373,16dba9bc-162f-467c-82cd-d013dd0e9e5e,2026-04-24,19:32:01.53,2026-04-24T15:32:01.5389696-04:00,2026-04-24T19:32:01.5389696Z,GroundBall,v3,471298,471300,aea4d343e99b4d4c9dda1cfb8aed3ab6,"McAndrews, Thomas",836274,Right,FOR_RAM,b5a95faf-5914-41db-9d9e-a61fd0de5a68,54.14738,-131.15187,12.74295,5.5126,-3.64436,-8.91403,2.39986,-5.89587,2.99285,,2.83811,22.7308,,,,,,,,2.56032,-12.53986,,,,,,,,0.51843,-31.11386,,,,,,,,,,,,,,,,,,,,,,,,,,,,,,High,High,High,Estimated,Estimated,,,
46,2026-04-24,15:32:40.54,1,3,"Elson, Beau",1000255572,Left,FOR_RAM,"Blanchard, Evan",10073877,Right,GEO_PAT,Undefined,3,Top,0,0,2,ChangeUp,Changeup,BallCalled,Undefined,Undefined,Undefined,0,0,,85.25474,-1.268369,1.277235,1407.544702,129.91885,10:15,5.39441,-2.47481,6.39574,-29.91155,7.59367,-7.73646,1.7348,-1.94467,78.59164,-6.852266,-0.126014,0.440775,,,,,,,,,,,,4.35811,4.66862,2.38637,50,5.28974,-2.4706,-123.96773,-3.64695,6.81346,23.7038,-24.87514,FOR_RAM,GEO_PAT,FordhamUniversity,D1,A10,20260424-FordhamUniversity-1,5bf4a7c0-4014-11f1-a000-3b21148d6856,85.51395,,,6.6631,,,,,,,16dba9bc-162f-467c-82cd-d013dd0e9e5e,2026-04-24,19:32:40.54,2026-04-24T15:32:40.5470720-04:00,2026-04-24T19:32:40.5470720Z,,v3,471298,471300,aea4d343e99b4d4c9dda1cfb8aed3ab6,"McAndrews, Thomas",836274,Right,FOR_RAM,e0b68099-d8b7-4d35-a546-4df13bedae85,54.10247,-124.74969,11.8519,5.39651,-2.82635,-12.43757,2.47158,-2.69537,3.40673,,,,,,,,,,,,,,,,,,,,,,,,,,,,,,,,,,,,,,,,,,,,,,,,,,,High,High,High,,,,,
47,2026-04-24,15:32:57.34,1,4,"Elson, Beau",1000255572,Left,FOR_RAM,"Blanchard, Evan",10073877,Right,GEO_PAT,Undefined,3,Top,0,1,2,Fastball,Four-Seam,InPlay,Undefined,GroundBall,Out,1,0,,90.77923,-2.12609,3.270078,2499.331505,153.482093,11:00,5.53148,-2.44045,6.39276,-20.00312,13.198,-6.08177,1.90503,0.06362,83.45778,-5.901414,2.170422,0.414713,89.54899,-18.979604,-34.267234,,,,,5.1914,0.91202,-35.472947,0.034501,4.07138,7.77788,2.20819,50,5.36916,-7.29319,-131.78385,-5.49006,7.18868,26.95123,-18.44095,FOR_RAM,GEO_PAT,FordhamUniversity,D1,A10,20260424-FordhamUniversity-1,65f848d0-4014-11f1-a000-3b21148d6856,90.888,1.47554,,7.32145,,,,0.68227,1.47554,-0.59702,16dba9bc-162f-467c-82cd-d013dd0e9e5e,2026-04-24,19:32:57.34,2026-04-24T15:32:57.3473280-04:00,2026-04-24T19:32:57.3473280Z,GroundBall,v3,471298,471300,aea4d343e99b4d4c9dda1cfb8aed3ab6,"McAndrews, Thomas",836274,Right,FOR_RAM,4ea1c524-32ce-4c62-8c7c-34e1fa06aeb1,54.10709,-132.62114,13.47562,5.53082,-4.91716,-9.22048,2.43823,-7.51652,3.59434,,0.68156,102.76808,,,,,,,,1.47584,-42.76875,,,,,,,,-0.59654,-70.01755,,,,,,,,,,,,,,,,,,,,,,,,,,,,,,High,High,High,Low,Low,,,
48,2026-04-24,15:33:30.94,2,1,"Elson, Beau",1000255572,Left,FOR_RAM,"Tignor, Laken",1000091229,Right,GEO_PAT,Undefined,3,Top,1,0,0,Cutter,Cutter,StrikeCalled,Undefined,Undefined,Undefined,0,0,,88.90242,-1.639951,2.246274,2512.178002,165.628708,11:30,5.50467,-2.50766,6.38135,-22.09202,12.58678,-2.94764,2.15344,-0.68582,81.50358,-5.807919,1.712675,0.423841,,,,,,,,,,,,2.14583,7.35016,2.34709,50,5.37614,-4.94714,-129.11988,-4.34766,3.62693,26.58259,-19.75056,FOR_RAM,GEO_PAT,FordhamUniversity,D1,A10,20260424-FordhamUniversity-1,79fe5270-4014-11f1-a000-3b21148d6856,88.93051,,,7.39884,,,,,,,16dba9bc-162f-467c-82cd-d013dd0e9e5e,2026-04-24,19:33:30.94,2026-04-24T15:33:30.9480960-04:00,2026-04-24T19:33:30.9480960Z,,v3,471298,471300,aea4d343e99b4d4c9dda1cfb8aed3ab6,"McAndrews, Thomas",836274,Right,FOR_RAM,8e8813ee-2766-4532-a82d-f96c0312b1be,54.11573,-129.96444,13.2913,5.5043,-3.72016,-9.87528,2.5061,-5.06238,1.81346,,,,,,,,,,,,,,,,,,,,,,,,,,,,,,,,,,,,,,,,,,,,,,,,,,,High,High,High,,,,,
49,2026-04-24,15:33:51.56,2,2,"Elson, Beau",1000255572,Left,FOR_RAM,"Tignor, Laken",1000091229,Right,GEO_PAT,Undefined,3,Top,1,0,1,ChangeUp,Changeup,BallCalled,Undefined,Undefined,Undefined,0,0,,86.04354,-1.615512,3.36278,1557.336836,133.384354,10:30,5.46288,-2.2661,6.65356,-26.47324,10.41327,-9.72894,1.77535,0.00425,78.5383,-6.618051,1.594062,0.437125,,,,,,,,,,,,6.11512,6.32977,2.04325,50,5.34331,-6.98185,-124.8744,-4.26262,9.60618,26.35426,-22.23067,FOR_RAM,GEO_PAT,FordhamUniversity,D1,A10,20260424-FordhamUniversity-1,86505050-4014-11f1-a000-3b21148d6856,86.22815,,,7.50524,,,,,,,16dba9bc-162f-467c-82cd-d013dd0e9e5e,2026-04-24,19:33:51.56,2026-04-24T15:33:51.5633152-04:00,2026-04-24T19:33:51.5633152Z,,v3,471298,471300,aea4d343e99b4d4c9dda1cfb8aed3ab6,"McAndrews, Thomas",836274,Right,FOR_RAM,153b66d4-d482-48dc-b29c-92b7be1e931f,53.8446,-125.68317,13.17713,5.46366,-3.5804,-11.11534,2.26204,-7.27665,4.80309,,,,,,,,,,,,,,,,,,,,,,,,,,,,,,,,,,,,,,,,,,,,,,,,,,,High,High,High,,,,,
50,2026-04-24,15:34:13.21,2,3,"Elson, Beau",1000255572,Left,FOR_RAM,"Tignor, Laken",1000091229,Right,GEO_PAT,Undefined,3,Top,1,0,2,Fastball,Four-Seam,InPlay,Undefined,GroundBall,Out,1,0,,90.86385,-0.557395,2.73504,2496.42043,165.379791,11:30,5.62963,-2.36607,6.13838,-21.34131,12.09075,-2.88977,3.33545,-0.07731,83.34019,-4.569828,2.2149,0.416153,97.48843,-2.340371,-10.752874,2774.497788,,,,35.52955,35.466,-10.729849,0.253893,2.23299,6.71351,2.15888,50,5.57596,-6.18599,-131.97372,-1.95745,3.95131,27.21967,-20.2945,FOR_RAM,GEO_PAT,FordhamUniversity,D1,A10,20260424-FordhamUniversity-1,93373b30-4014-11f1-a000-3b21148d6856,90.57349,3.27504,,7.52366,,,,1.01474,3.27504,0.04145,16dba9bc-162f-467c-82cd-d013dd0e9e5e,2026-04-24,19:34:13.21,2026-04-24T15:34:13.2172800-04:00,2026-04-24T19:34:13.2172800Z,GroundBall,v3,471298,471300,aea4d343e99b4d4c9dda1cfb8aed3ab6,"McAndrews, Thomas",836274,Right,FOR_RAM,de1a706e-8014-43a0-9246-b0c87f7a3a95,54.36043,-132.87001,13.60983,5.62942,-1.28919,-10.14725,2.36472,-6.3161,1.97565,14.321946,1.01817,140.17559,-26.41553,,,,,,,3.27975,-6.08638,-26.97676,,,,,,,0.0417,-26.66757,1.76782,,,,,,,,,,,,,,,,,,,,,,,,,,,,,High,High,High,High,High,,,
51,2026-04-24,15:34:48.51,3,1,"Elson, Beau",1000255572,Left,FOR_RAM,"Vaughan, Logan",1000232024,Right,GEO_PAT,Undefined,3,Top,2,0,0,Fastball,Four-Seam,BallCalled,Undefined,Undefined,Undefined,0,0,,89.51303,-2.62923,4.473474,2437.655595,160.73012,11:15,5.42968,-3.21164,6.35632,-22.87891,11.39949,-3.62544,1.09414,0.61188,82.52362,-6.906624,3.820025,0.421387,,,,,,,,,,,,3.07717,6.95807,2.88863,50,5.22767,-10.00852,-129.71494,-6.66626,5.27151,25.74738,-20.25417,FOR_RAM,GEO_PAT,FordhamUniversity,D1,A10,20260424-FordhamUniversity-1,a84231b0-4014-11f1-a000-3b21148d6856,89.44841,,,6.98941,,,,,,,16dba9bc-162f-467c-82cd-d013dd0e9e5e,2026-04-24,19:34:48.51,2026-04-24T15:34:48.5170688-04:00,2026-04-24T19:34:48.5170688Z,,v3,471298,471300,aea4d343e99b4d4c9dda1cfb8aed3ab6,"McAndrews, Thomas",836274,Right,FOR_RAM,ef486314-d2a3-4250-ab0a-e676e50f83aa,54.14332,-130.53476,12.87369,5.42966,-6.02135,-10.12708,3.20998,-10.17637,2.63575,,,,,,,,,,,,,,,,,,,,,,,,,,,,,,,,,,,,,,,,,,,,,,,,,,,High,High,High,,,,,
52,2026-04-24,15:35:11.64,3,2,"Elson, Beau",1000255572,Left,FOR_RAM,"Vaughan, Logan",1000232024,Right,GEO_PAT,Undefined,3,Top,2,1,0,Cutter,Cutter,StrikeSwinging,Undefined,Undefined,Undefined,0,0,,88.78875,-2.00439,2.95046,2390.127217,178.595152,12:00,5.55623,-3.21382,6.27634,-21.36985,13.93013,-0.31193,1.92462,-0.51777,80.66987,-6.050296,2.894176,0.427621,,,,,,,,,,,,1.05732,8.20079,2.99594,50,5.39758,-6.62101,-128.70881,-5.1313,1.758,28.91635,-18.53892,FOR_RAM,GEO_PAT,FordhamUniversity,D1,A10,20260424-FordhamUniversity-1,b6879b20-4014-11f1-a000-3b21148d6856,88.14459,,,8.11888,,,,,,,16dba9bc-162f-467c-82cd-d013dd0e9e5e,2026-04-24,19:35:11.64,2026-04-24T15:35:11.6487168-04:00,2026-04-24T19:35:11.6487168Z,,v3,471298,471300,aea4d343e99b4d4c9dda1cfb8aed3ab6,"McAndrews, Thomas",836274,Right,FOR_RAM,d668c6cc-261a-47e2-8def-286a4ee43e3b,54.21925,-129.65327,14.45818,5.55529,-4.52579,-9.26946,3.21313,-6.67844,0.879,,,,,,,,,,,,,,,,,,,,,,,,,,,,,,,,,,,,,,,,,,,,,,,,,,,High,High,High,,,,,
53,2026-04-24,15:35:28.99,3,3,"Elson, Beau",1000255572,Left,FOR_RAM,"Vaughan, Logan",1000232024,Right,GEO_PAT,Undefined,3,Top,2,1,1,Fastball,Four-Seam,FoulBallNotFieldable,Undefined,Undefined,Undefined,0,0,,90.40012,-1.668965,4.057881,2535.715959,164.121257,11:30,5.51204,-3.23632,6.16244,-20.16875,14.20887,-3.69559,2.28529,0.21049,81.75264,-5.496252,3.393921,0.421997,,,,,,,,,,,,3.20492,8.23839,2.93004,50,5.37491,-9.13389,-130.88564,-4.4248,5.48726,30.97697,-18.06875,FOR_RAM,GEO_PAT,FordhamUniversity,D1,A10,20260424-FordhamUniversity-1,c05b0470-4014-11f1-a000-3b21148d6856,89.31922,,,8.64747,,,,,,,16dba9bc-162f-467c-82cd-d013dd0e9e5e,2026-04-24,19:35:28.99,2026-04-24T15:35:28.9984512-04:00,2026-04-24T19:35:28.9984512Z,,v3,471298,471300,aea4d343e99b4d4c9dda1cfb8aed3ab6,"McAndrews, Thomas",836274,Right,FOR_RAM,0c14f966-21e5-47b3-915d-0f941ee00686,54.33497,-131.90762,15.48848,5.51106,-3.82868,-9.03438,3.23437,-9.31493,2.74363,,,,,,,,,,,,,,,,,,,,,,,,,,,,,,,,,,,,,,,,,,,,,,,,,,,High,High,High,,,,,
54,2026-04-24,15:35:52.80,3,4,"Elson, Beau",1000255572,Left,FOR_RAM,"Vaughan, Logan",1000232024,Right,GEO_PAT,Undefined,3,Top,2,1,2,Curveball,Curveball,BallCalled,Undefined,Undefined,Undefined,0,0,,73.5562,5.765658,0.869468,2118.684627,330.868445,5:00,5.54476,-3.04383,5.70756,-66.22921,-13.39205,8.45233,5.41631,-1.52933,66.54618,-6.354898,2.377068,0.523168,,,,,,,,,,,,-3.96756,-7.85158,2.96588,50,5.98899,-1.92943,-106.31371,8.61933,-4.49906,19.79403,-41.07744,FOR_RAM,GEO_PAT,FordhamUniversity,D1,A10,20260424-FordhamUniversity-1,ce934e80-4014-11f1-a000-3b21148d6856,72.04656,,,7.01002,,,,,,,16dba9bc-162f-467c-82cd-d013dd0e9e5e,2026-04-24,19:35:52.80,2026-04-24T15:35:52.8052736-04:00,2026-04-24T19:35:52.8052736Z,,v3,471298,471300,aea4d343e99b4d4c9dda1cfb8aed3ab6,"McAndrews, Thomas",836274,Right,FOR_RAM,5a122ec5-27c9-4615-b894-bbf43835499a,54.79368,-107.2025,9.89701,5.56055,10.46379,-20.53872,3.04798,-1.72741,-2.24953,,,,,,,,,,,,,,,,,,,,,,,,,,,,,,,,,,,,,,,,,,,,,,,,,,,High,High,High,,,,,
55,2026-04-24,15:36:10.50,3,5,"Elson, Beau",1000255572,Left,FOR_RAM,"Vaughan, Logan",1000232024,Right,GEO_PAT,Undefined,3,Top,2,2,2,Cutter,Cutter,StrikeSwinging,Strikeout,Undefined,Undefined,0,0,,87.95078,1.127724,2.543713,2392.39487,215.987524,1:15,5.43844,-3.47916,6.06609,-27.40041,8.57961,5.41122,4.19987,-0.67263,80.25186,-3.995371,3.515777,0.43172,,,,,,,,,,,,-2.05016,4.45445,3.27915,50,5.5114,-5.89444,-127.64086,1.62849,-3.37557,26.75522,-24.83974,FOR_RAM,GEO_PAT,FordhamUniversity,D1,A10,20260424-FordhamUniversity-1,d90baa60-4014-11f1-a000-3b21148d6856,87.3076,,,7.69892,,,,,,,16dba9bc-162f-467c-82cd-d013dd0e9e5e,2026-04-24,19:36:10.50,2026-04-24T15:36:10.5010000-04:00,2026-04-24T19:36:10.5010000Z,,v3,471298,471300,aea4d343e99b4d4c9dda1cfb8aed3ab6,"McAndrews, Thomas",836274,Right,FOR_RAM,397c1055-db7d-46dc-8291-db1ad93a463f,54.43074,-128.56625,13.37761,5.44022,2.48762,-12.41987,3.48101,-5.77768,-1.68779,,,,,,,,,,,,,,,,,,,,,,,,,,,,,41.79282,,1.372979,,-2.01691,3.94836,0.45978,-2.74409,5.96831,0.96441,,,,-2.75541,50.04537,-2.11213,6.09513,23.38385,-16.49073,0.90345,-25.14497,2.59567,High,High,High,,,High,Medium,Low
56,2026-04-24,15:38:11.09,1,1,"Rumberg, Logan",1000216384,Right,GEO_PAT,"Kirk, Taylor",1000367095,Right,FOR_RAM,Undefined,3,Bottom,0,0,0,Fastball,Four-Seam,InPlay,Undefined,GroundBall,Out,1,0,,90.79076,-1.28656,-3.153791,2177.624094,203.166742,12:45,5.49441,1.87388,6.12053,-13.35087,20.43111,8.26453,3.19043,-0.35599,82.55461,-3.880708,-1.66765,0.418325,90.27845,-11.925373,-9.678139,,,,,16.36105,16.36105,-8.586502,0.113127,-5.19902,11.27225,-1.63653,50,5.3888,6.9147,-131.70221,-3.29857,-9.09269,29.08468,-12.45979,FOR_RAM,GEO_PAT,FordhamUniversity,D1,A10,20260424-FordhamUniversity-1,211a0400-4015-11f1-a000-3b21148d6856,90.10318,3.3113,,8.23615,,,,1.93356,3.3113,-0.37066,16dba9bc-162f-467c-82cd-d013dd0e9e5e,2026-04-24,19:38:11.09,2026-04-24T15:38:11.0941184-04:00,2026-04-24T19:38:11.0941184Z,GroundBall,v3,471298,471300,aea4d343e99b4d4c9dda1cfb8aed3ab6,"Vaughan, Logan",1000232024,Right,GEO_PAT,b1334daa-bfcd-425e-bfe2-e69053be6ece,54.37774,-132.66545,14.54234,5.49121,-2.88592,-6.2299,-1.87052,7.21583,-4.54634,278.932886,1.93345,127.71945,-15.95321,,,,,,,3.3115,-27.3839,-16.70944,,,,,,,-0.37113,-21.72504,30.20288,,,,,,,,,,,,,,,,,,,,,,,,,,,,,High,High,High,Medium,High,,,
57,2026-04-24,15:38:40.03,2,1,"Rumberg, Logan",1000216384,Right,GEO_PAT,"Grabau, Anthony",1000407420,Left,FOR_RAM,Undefined,3,Bottom,1,0,0,Fastball,Four-Seam,StrikeCalled,Undefined,Undefined,Undefined,0,0,,91.60417,-1.832453,-2.561177,2273.740276,211.336125,1:00,5.41345,2.20177,6.13874,-14.69363,18.48399,10.57812,2.49322,0.71474,83.28225,-4.664594,-0.656046,0.414566,,,,,,,,,,,,-6.20083,10.40784,-2.01168,50,5.26586,5.49588,-132.89589,-4.64872,-11.03421,29.807,-13.65362,FOR_RAM,GEO_PAT,FordhamUniversity,D1,A10,20260424-FordhamUniversity-1,32409460-4015-11f1-a000-3b21148d6856,90.92017,,,8.32192,,,,,,,16dba9bc-162f-467c-82cd-d013dd0e9e5e,2026-04-24,19:38:40.03,2026-04-24T15:38:40.0394240-04:00,2026-04-24T19:38:40.0394240Z,,v3,471298,471300,aea4d343e99b4d4c9dda1cfb8aed3ab6,"Vaughan, Logan",1000232024,Right,GEO_PAT,e807b552-c554-4072-961c-6bba086f065a,54.3586,-133.8699,14.9035,5.41048,-4.20255,-6.82681,-2.19716,5.85644,-5.5171,,,,,,,,,,,,,,,,,,,,,,,,,,,,,,,,,,,,,,,,,,,,,,,,,,,High,High,High,,,,,
58,2026-04-24,15:38:56.10,2,2,"Rumberg, Logan",1000216384,Right,GEO_PAT,"Grabau, Anthony",1000407420,Left,FOR_RAM,Undefined,3,Bottom,1,0,0,Fastball,Four-Seam,InPlay,Undefined,LineDrive,HomeRun,0,1,,91.73881,-1.958384,-3.86004,2236.275495,212.829533,1:00,5.31853,1.99842,6.18123,-13.41564,19.72103,11.99595,2.38732,-0.57178,83.25809,-4.565829,-1.702411,0.414311,101.66429,26.031899,30.008517,2667.875991,91.6306,50.21029,60.85871,371.26488,305.15824,42.085584,4.771135,-7.39091,11.14465,-1.71272,50,5.16351,8.47474,-132.93989,-4.89806,-13.14162,30.20885,-12.35798,FOR_RAM,GEO_PAT,FordhamUniversity,D1,A10,20260424-FordhamUniversity-1,3bcb34e0-4015-11f1-a000-3b21148d6856,90.9763,72.19924,,8.48072,,,,2.34007,2.54983,0.82335,16dba9bc-162f-467c-82cd-d013dd0e9e5e,2026-04-24,19:38:56.10,2026-04-24T15:38:56.1029632-04:00,2026-04-24T19:38:56.1029632Z,FlyBall,v3,471298,471300,aea4d343e99b4d4c9dda1cfb8aed3ab6,"Vaughan, Logan",1000232024,Right,GEO_PAT,19e054f2-2c17-40aa-a54e-5736ba1913c5,54.31758,-133.91741,15.10443,5.31554,-4.49817,-6.17899,-1.99383,8.89999,-6.57081,,2.34066,116.00998,-28.66411,7.45816,-1.73853,0.3662,-0.06694,0.00841,-0.00047,2.55162,65.39622,-15.91748,-0.44217,0.72685,-0.31385,0.07874,-0.01018,0.00052,0.82359,67.00439,-3.45386,-0.66057,0.43416,-0.12291,0.02042,-0.00173,5E-05,,,,,,,,,,,,,,,,,,,,,,,High,High,High,High,Medium,,,
59,2026-04-24,15:39:44.14,3,1,"Rumberg, Logan",1000216384,Right,GEO_PAT,"McAndrews, Thomas",836274,Right,FOR_RAM,Undefined,3,Bottom,1,0,0,Curveball,Curveball,BallCalled,Undefined,Undefined,Undefined,0,0,,74.02866,4.512247,0.210385,2567.927468,38.166071,7:15,5.47076,1.73551,5.44489,-68.56307,-15.85422,-13.90245,3.99067,0.77395,66.99361,-7.974218,-2.263102,0.522532,,,,,,,,,,,,6.95756,-8.65918,-1.74457,50,5.8237,0.14744,-107.14865,6.14975,7.97321,20.97762,-42.09725,FOR_RAM,GEO_PAT,FordhamUniversity,D1,A10,20260424-FordhamUniversity-1,58850700-4015-11f1-a000-3b21148d6856,72.13417,,,7.03506,,,,,,,16dba9bc-162f-467c-82cd-d013dd0e9e5e,2026-04-24,19:39:44.14,2026-04-24T15:39:44.1449984-04:00,2026-04-24T19:39:44.1449984Z,,v3,471298,471300,aea4d343e99b4d4c9dda1cfb8aed3ab6,"Vaughan, Logan",1000232024,Right,GEO_PAT,1d99453c-b765-4597-8eb3-5823d15c49fa,55.05707,-108.13419,10.48881,5.48832,8.12751,-21.04863,-1.7427,-0.22715,3.9866,,,,,,,,,,,,,,,,,,,,,,,,,,,,,,,,,,,,,,,,,,,,,,,,,,,High,High,High,,,,,
60,2026-04-24,15:39:59.79,3,2,"Rumberg, Logan",1000216384,Right,GEO_PAT,"McAndrews, Thomas",836274,Right,FOR_RAM,Undefined,3,Bottom,1,1,0,Cutter,Slider,BallCalled,Undefined,Undefined,Undefined,0,0,,82.20217,0.046951,-3.409328,2118.25283,169.264989,11:45,5.26823,2.06596,5.98168,-32.29403,8.25567,-1.36945,2.62066,-1.21203,76.69254,-5.905535,-3.654786,0.458316,,,,,,,,,,,,-0.05673,4.57536,-1.79566,50,5.25384,7.16845,-119.46507,-0.91315,-0.08359,18.84197,-25.43396,FOR_RAM,GEO_PAT,FordhamUniversity,D1,A10,20260424-FordhamUniversity-1,61cbc0b0-4015-11f1-a000-3b21148d6856,82.24112,,,5.50963,,,,,,,16dba9bc-162f-467c-82cd-d013dd0e9e5e,2026-04-24,19:39:59.79,2026-04-24T15:39:59.7985792-04:00,2026-04-24T19:39:59.7985792Z,,v3,471298,471300,aea4d343e99b4d4c9dda1cfb8aed3ab6,"Vaughan, Logan",1000232024,Right,GEO_PAT,df3a64d1-c6c2-4fa8-b727-21ce0d1c8ca0,54.51832,-120.17558,9.42098,5.27018,0.04594,-12.71698,-2.06603,7.1716,-0.04179,,,,,,,,,,,,,,,,,,,,,,,,,,,,,,,,,,,,,,,,,,,,,,,,,,,High,High,High,,,,,
61,2026-04-24,15:40:18.13,3,3,"Rumberg, Logan",1000216384,Right,GEO_PAT,"McAndrews, Thomas",836274,Right,FOR_RAM,Undefined,3,Bottom,1,2,0,Cutter,Slider,BallCalled,Undefined,Undefined,Undefined,0,0,,80.26541,0.467087,-1.86053,2282.466509,152.7367,11:00,5.31941,1.94121,5.83849,-29.51257,13.99158,-6.50418,3.29438,-0.33061,73.39507,-5.045962,-3.025189,0.474719,,,,,,,,,,,,2.82508,7.42933,-1.78559,50,5.34017,4.02877,-116.5443,0.07289,3.87759,22.32281,-21.97689,FOR_RAM,GEO_PAT,FordhamUniversity,D1,A10,20260424-FordhamUniversity-1,6cb94c90-4015-11f1-a000-3b21148d6856,79.39943,,,6.87034,,,,,,,16dba9bc-162f-467c-82cd-d013dd0e9e5e,2026-04-24,19:40:18.13,2026-04-24T15:40:18.1356544-04:00,2026-04-24T19:40:18.1356544Z,,v3,471298,471300,aea4d343e99b4d4c9dda1cfb8aed3ab6,"Vaughan, Logan",1000232024,Right,GEO_PAT,486e90dd-2bb3-49b7-acd8-13ca1b422024,54.66019,-117.43352,11.16141,5.31983,0.94833,-10.98845,-1.943,3.8743,1.93879,,,,,,,,,,,,,,,,,,,,,,,,,,,,,,,,,,,,,,,,,,,,,,,,,,,High,High,High,,,,,
62,2026-04-24,15:40:42.17,3,4,"Rumberg, Logan",1000216384,Right,GEO_PAT,"McAndrews, Thomas",836274,Right,FOR_RAM,Undefined,3,Bottom,1,3,0,Cutter,Slider,InPlay,Undefined,GroundBall,Out,1,0,,82.13891,-0.718786,-2.419156,2212.140019,153.692476,11:00,5.27588,2.05226,6.06072,-31.72242,9.85453,-4.16744,1.96647,-0.53535,74.67024,-6.643307,-3.168706,0.464085,35.58043,-34.381688,91.813534,,,,,4.70408,4.70408,49.938496,0.072498,1.41008,5.70847,-1.86218,50,5.20315,5.1904,-119.16109,-2.4487,2.00432,25.33634,-24.05986,FOR_RAM,GEO_PAT,FordhamUniversity,D1,A10,20260424-FordhamUniversity-1,7b112c90-4015-11f1-a000-3b21148d6856,81.2188,2.16281,,7.46868,,,,3.12762,2.16281,0.441,16dba9bc-162f-467c-82cd-d013dd0e9e5e,2026-04-24,19:40:42.17,2026-04-24T15:40:42.1708288-04:00,2026-04-24T19:40:42.1708288Z,GroundBall,v3,471298,471300,aea4d343e99b4d4c9dda1cfb8aed3ab6,"Vaughan, Logan",1000232024,Right,GEO_PAT,9a8b0937-8790-4825-a735-51e1318ded79,54.43713,-120.10082,12.66817,5.27742,-1.55632,-12.02993,-2.05332,5.11606,1.00216,,3.12782,-1.37979,,,,,,,,2.16706,-29.8329,,,,,,,,0.43479,43.5779,,,,,,,,,,,,,,,,,,,,,,,,,,,,,,High,High,High,Estimated,Estimated,,,
63,2026-04-24,15:41:18.31,4,1,"Rumberg, Logan",1000216384,Right,GEO_PAT,"Donnelly, Joey",800885,Left,FOR_RAM,Undefined,3,Bottom,2,0,0,Slider,Curveball,BallCalled,Undefined,Undefined,Undefined,0,0,,77.5294,0.099972,-1.90369,2586.113546,27.381898,7:00,5.46664,1.91967,5.69874,-61.84413,-13.96288,-8.14819,0.40618,-0.53395,70.33353,-11.164788,-3.365719,0.498029,,,,,,,,,,,,3.48059,-6.66843,-1.75469,50,5.43662,4.04348,-112.40833,-1.85185,4.33744,25.31991,-40.48405,FOR_RAM,GEO_PAT,FordhamUniversity,D1,A10,20260424-FordhamUniversity-1,909cebd0-4015-11f1-a000-3b21148d6856,75.68329,,,7.19587,,,,,,,16dba9bc-162f-467c-82cd-d013dd0e9e5e,2026-04-24,19:41:18.31,2026-04-24T15:41:18.3106048-04:00,2026-04-24T19:41:18.3106048Z,,v3,471298,471300,aea4d343e99b4d4c9dda1cfb8aed3ab6,"Vaughan, Logan",1000232024,Right,GEO_PAT,9bb3ec6d-2448-4f32-8dff-3724aae33d75,54.80166,-113.48474,12.65995,5.47876,-0.13076,-20.24202,-1.92267,3.85909,2.16872,,,,,,,,,,,,,,,,,,,,,,,,,,,,,,,,,,,,,,,,,,,,,,,,,,,High,High,High,,,,,
64,2026-04-24,15:41:35.28,4,2,"Rumberg, Logan",1000216384,Right,GEO_PAT,"Donnelly, Joey",800885,Left,FOR_RAM,Undefined,3,Bottom,2,1,0,Cutter,Slider,StrikeCalled,Undefined,Undefined,Undefined,0,0,,81.12375,0.604418,-1.324973,2135.94968,183.995611,12:15,5.29704,2.05583,5.79977,-35.38608,7.21756,0.41059,2.91054,0.85749,74.25344,-5.949416,-1.251408,0.46978,,,,,,,,,,,,-0.57933,3.93488,-1.94721,50,5.32569,2.70853,-117.801,0.11138,-0.81357,22.50459,-26.64812,FOR_RAM,GEO_PAT,FordhamUniversity,D1,A10,20260424-FordhamUniversity-1,9abe9c30-4015-11f1-a000-3b21148d6856,80.23416,,,6.87031,,,,,,,16dba9bc-162f-467c-82cd-d013dd0e9e5e,2026-04-24,19:41:35.28,2026-04-24T15:41:35.2855040-04:00,2026-04-24T19:41:35.2855040Z,,v3,471298,471300,aea4d343e99b4d4c9dda1cfb8aed3ab6,"Vaughan, Logan",1000232024,Right,GEO_PAT,a482650e-8749-4e66-ad8e-e2a7b5311706,54.69737,-118.69499,11.2523,5.30024,1.16997,-13.32406,-2.05545,2.74085,-0.40678,,,,,,,,,,,,,,,,,,,,,,,,,,,,,,,,,,,,,,,,,,,,,,,,,,,High,High,High,,,,,
65,2026-04-24,15:41:51.59,4,3,"Rumberg, Logan",1000216384,Right,GEO_PAT,"Donnelly, Joey",800885,Left,FOR_RAM,Undefined,3,Bottom,2,2,0,Curveball,Curveball,StrikeCalled,Undefined,Undefined,Undefined,0,0,,76.99268,1.198382,-1.02677,2386.31957,30.371169,7:00,5.40273,1.78979,5.8968,-63.40578,-15.14198,-9.94178,1.23183,0.00796,69.51283,-10.42888,-2.816935,0.500014,,,,,,,,,,,,4.72248,-7.67792,-1.70146,50,5.4632,2.36893,-111.67602,0.29636,5.79414,25.44431,-41.59424,FOR_RAM,GEO_PAT,FordhamUniversity,D1,A10,20260424-FordhamUniversity-1,a473cf20-4015-11f1-a000-3b21148d6856,75.38277,,,7.47985,,,,,,,16dba9bc-162f-467c-82cd-d013dd0e9e5e,2026-04-24,19:41:51.59,2026-04-24T15:41:51.5965440-04:00,2026-04-24T19:41:51.5965440Z,,v3,471298,471300,aea4d343e99b4d4c9dda1cfb8aed3ab6,"Vaughan, Logan",1000232024,Right,GEO_PAT,ebb3c622-3b10-4d7e-b280-44fe0c5a778c,54.60364,-112.72004,12.72216,5.41602,2.00303,-20.79712,-1.79378,2.13119,2.89707,,,,,,,,,,,,,,,,,,,,,,,,,,,,,,,,,,,,,,,,,,,,,,,,,,,High,High,High,,,,,
66,2026-04-24,15:42:09.13,4,4,"Rumberg, Logan",1000216384,Right,GEO_PAT,"Donnelly, Joey",800885,Left,FOR_RAM,Undefined,3,Bottom,3,2,1,Slider,Curveball,StrikeSwinging,Undefined,Undefined,Undefined,0,0,,78.14905,1.275375,-0.851161,2566.150545,29.346072,7:00,5.39164,1.87109,5.77594,-66.0161,-18.42477,-11.4582,1.07737,0.12418,69.83772,-10.81427,-2.910979,0.496518,,,,,,,,,,,,5.51276,-9.39264,-1.79377,50,5.45744,2.12061,-113.21776,0.31207,6.8676,28.40554,-43.87502,FOR_RAM,GEO_PAT,FordhamUniversity,D1,A10,20260424-FordhamUniversity-1,aee2b520-4015-11f1-a000-3b21148d6856,75.91349,,,8.31133,,,,,,,16dba9bc-162f-467c-82cd-d013dd0e9e5e,2026-04-24,19:42:09.13,2026-04-24T15:42:09.1383296-04:00,2026-04-24T19:42:09.1383296Z,,v3,471298,471300,aea4d343e99b4d4c9dda1cfb8aed3ab6,"Vaughan, Logan",1000232024,Right,GEO_PAT,9263c197-353a-4388-972b-20ae049ceb1d,54.72389,-114.39681,14.20277,5.40669,2.13323,-21.93751,-1.87588,1.83555,3.4338,,,,,,,,,,,,,,,,,,,,,,,,,,,,,,,,,,,,,,,,,,,,,,,,,,,High,High,High,,,,,
67,2026-04-24,15:44:11.85,1,1,"Elson, Beau",1000255572,Left,FOR_RAM,"Clyne , Owen",1000230336,Left,GEO_PAT,Undefined,4,Top,0,0,0,Cutter,Four-Seam,BallCalled,Undefined,Undefined,Undefined,0,0,,88.46527,-1.950383,4.994033,2417.021404,151.232734,11:00,5.4415,-3.15957,6.38827,-23.44651,11.87449,-5.8917,1.6861,0.9547,80.8904,-6.360132,3.932952,0.427748,,,,,,,,,,,,4.49351,7.09776,2.80228,50,5.28985,-10.96169,-128.06755,-5.06746,7.44892,26.90867,-20.40805,FOR_RAM,GEO_PAT,FordhamUniversity,D1,A10,20260424-FordhamUniversity-1,f81ff1d0-4015-11f1-a000-3b21148d6856,88.11832,,,7.57487,,,,,,,16dba9bc-162f-467c-82cd-d013dd0e9e5e,2026-04-24,19:44:11.85,2026-04-24T15:44:11.8519808-04:00,2026-04-24T19:44:11.8519808Z,,v3,471298,471300,aea4d343e99b4d4c9dda1cfb8aed3ab6,"McAndrews, Thomas",836274,Right,FOR_RAM,72417a30-ddbd-429a-bd3c-b2930f4935fe,54.10979,-128.92818,13.45433,5.44148,-4.41474,-10.20403,3.15669,-11.19993,3.72446,,,,,,,,,,,,,,,,,,,,,,,,,,,,,,,,,,,,,,,,,,,,,,,,,,,High,High,High,,,,,
68,2026-04-24,15:44:26.75,1,2,"Elson, Beau",1000255572,Left,FOR_RAM,"Clyne , Owen",1000230336,Left,GEO_PAT,Undefined,4,Top,0,1,0,Slider,Slider,StrikeCalled,Undefined,Undefined,Undefined,0,0,,85.15498,-0.634019,2.979522,2416.083424,182.867349,12:00,5.46076,-3.31781,5.81714,-30.6373,8.20922,0.34783,2.31734,-0.51602,77.76126,-6.313371,3.041755,0.448588,,,,,,,,,,,,0.68512,4.77244,3.07354,50,5.39081,-6.44128,-123.47697,-2.3812,1.0537,25.46191,-24.83407,FOR_RAM,GEO_PAT,FordhamUniversity,D1,A10,20260424-FordhamUniversity-1,00ebfd40-4016-11f1-a000-3b21148d6856,84.02465,,,7.39372,,,,,,,16dba9bc-162f-467c-82cd-d013dd0e9e5e,2026-04-24,19:44:26.75,2026-04-24T15:44:26.7558912-04:00,2026-04-24T19:44:26.7558912Z,,v3,471298,471300,aea4d343e99b4d4c9dda1cfb8aed3ab6,"McAndrews, Thomas",836274,Right,FOR_RAM,e27bb5ca-cb39-4511-ba64-ddc78bc831b1,54.67921,-124.43811,12.73096,5.463,-1.44375,-12.41704,3.31744,-6.48106,0.52685,,,,,,,,,,,,,,,,,,,,,,,,,,,,,,,,,,,,,,,,,,,,,,,,,,,High,High,High,,,,,
69,2026-04-24,15:44:42.94,1,3,"Elson, Beau",1000255572,Left,FOR_RAM,"Clyne , Owen",1000230336,Left,GEO_PAT,Undefined,4,Top,0,1,1,Slider,Slider,FoulBallNotFieldable,Undefined,Undefined,Undefined,0,0,,81.92897,0.084608,3.558602,2280.076843,199.604253,12:45,5.42475,-3.17739,5.60785,-38.0977,3.5226,0.85528,2.32907,0.21989,76.1726,-6.867399,3.710887,0.464327,73.88317,44.921199,-82.195391,4926.767847,,,,,52.6765,,,0.41413,2.08988,2.87218,50,5.407,-7.43119,-118.95884,-1.11011,0.60161,19.87708,-29.13813,FOR_RAM,GEO_PAT,FordhamUniversity,D1,A10,20260424-FordhamUniversity-1,0a934d80-4016-11f1-a000-3b21148d6856,81.17649,44.56135,,5.75638,,,,1.87475,2.29819,-0.45562,16dba9bc-162f-467c-82cd-d013dd0e9e5e,2026-04-24,19:44:42.94,2026-04-24T15:44:42.9419008-04:00,2026-04-24T19:44:42.9419008Z,,v3,471298,471300,aea4d343e99b4d4c9dda1cfb8aed3ab6,"McAndrews, Thomas",836274,Right,FOR_RAM,203c6de2-26ca-40f4-b7af-34de59cdb68c,54.89301,-119.77364,9.93854,5.42803,0.08431,-14.56907,3.1773,-7.45586,0.3008,,1.87475,10.41939,5.20323,-1.20336,0.2847,-0.07137,0.01826,-0.00409,0.00057,2.29819,76.51791,-30.55206,4.86159,-1.19678,0.29668,-0.07584,0.0173,-0.00245,-0.45562,-76.01793,14.24243,-3.41412,0.79434,-0.20094,0.05187,-0.01217,0.00182,,,,,,,,,,,,,,,,,,,,,,,High,High,High,Medium,Undefined,,,
70,2026-04-24,15:45:05.06,1,4,"Elson, Beau",1000255572,Left,FOR_RAM,"Clyne , Owen",1000230336,Left,GEO_PAT,Undefined,4,Top,0,1,2,Curveball,Curveball,BallCalled,Undefined,Undefined,Undefined,0,0,,73.38703,4.881264,1.212368,2115.254067,336.316678,5:15,5.49364,-3.10833,5.80142,-63.31712,-10.96233,5.51945,4.7691,-1.52064,67.04509,-6.715686,2.19923,0.520774,,,,,,,,,,,,-2.45071,-6.3815,3.00551,50,5.85802,-2.44862,-106.29921,7.11515,-2.80076,18.42238,-39.4671,FOR_RAM,GEO_PAT,FordhamUniversity,D1,A10,20260424-FordhamUniversity-1,17c1efc0-4016-11f1-a000-3b21148d6856,72.37768,,,6.34193,,,,,,,16dba9bc-162f-467c-82cd-d013dd0e9e5e,2026-04-24,19:45:05.06,2026-04-24T15:45:05.0632704-04:00,2026-04-24T19:45:05.0632704Z,,v3,471298,471300,aea4d343e99b4d4c9dda1cfb8aed3ab6,"McAndrews, Thomas",836274,Right,FOR_RAM,f3e37b19-5369-4c9f-abab-3d15c6797bb6,54.70042,-107.11073,9.21119,5.5063,8.8537,-19.73355,3.11065,-2.32524,-1.40038,,,,,,,,,,,,,,,,,,,,,,,,,,,,,,,,,,,,,,,,,,,,,,,,,,,High,High,High,,,,,
71,2026-04-24,15:45:27.14,1,5,"Elson, Beau",1000255572,Left,FOR_RAM,"Clyne , Owen",1000230336,Left,GEO_PAT,Undefined,4,Top,0,2,2,Curveball,Curveball,BallCalled,Undefined,Undefined,Undefined,0,0,,74.98323,2.278648,0.570133,2104.417826,337.868408,5:15,5.56767,-2.91777,5.42517,-64.43299,-13.39312,6.14185,2.33372,-1.87194,68.47315,-9.428613,1.665148,0.514193,,,,,,,,,,,,-2.89134,-6.83237,2.8629,50,5.72543,-1.31901,-108.78171,2.15753,-3.42684,21.02238,-40.27183,FOR_RAM,GEO_PAT,FordhamUniversity,D1,A10,20260424-FordhamUniversity-1,24f218a0-4016-11f1-a000-3b21148d6856,73.30407,,,6.51008,,,,,,,16dba9bc-162f-467c-82cd-d013dd0e9e5e,2026-04-24,19:45:27.14,2026-04-24T15:45:27.1440384-04:00,2026-04-24T19:45:27.1440384Z,,v3,471298,471300,aea4d343e99b4d4c9dda1cfb8aed3ab6,"McAndrews, Thomas",836274,Right,FOR_RAM,06cd71b8-3544-41f4-8e66-0de38e2f5da6,55.07611,-109.7583,10.51119,5.58175,4.02835,-20.13592,2.92048,-1.15982,-1.71342,,,,,,,,,,,,,,,,,,,,,,,,,,,,,,,,,,,,,,,,,,,,,,,,,,,High,High,High,,,,,
72,2026-04-24,15:45:42.49,1,6,"Elson, Beau",1000255572,Left,FOR_RAM,"Clyne , Owen",1000230336,Left,GEO_PAT,Undefined,4,Top,0,3,2,Cutter,Cutter,FoulBallNotFieldable,Undefined,Undefined,Undefined,0,0,,89.10018,-0.455513,3.926126,2454.294189,174.986278,11:45,5.57169,-3.23173,6.19202,-20.3745,14.37745,-1.16976,3.45227,0.30122,81.78088,-4.298846,3.715908,0.424288,76.05017,53.766159,-126.188114,5164.225927,,,,,22.64349,,,1.65583,7.89843,2.93622,50,5.52691,-8.82614,-129.27838,-1.63611,2.81364,25.92257,-18.75266,FOR_RAM,GEO_PAT,FordhamUniversity,D1,A10,20260424-FordhamUniversity-1,2e137000-4016-11f1-a000-3b21148d6856,88.83686,31.85567,,7.3193,,,,0.86247,3.66295,-0.42821,16dba9bc-162f-467c-82cd-d013dd0e9e5e,2026-04-24,19:45:42.49,2026-04-24T15:45:42.4970752-04:00,2026-04-24T19:45:42.4970752Z,,v3,471298,471300,aea4d343e99b4d4c9dda1cfb8aed3ab6,"McAndrews, Thomas",836274,Right,FOR_RAM,4aceda13-dfd5-4545-bc6e-cef23d527d9f,54.30699,-130.13914,12.96128,5.5709,-1.01343,-9.37633,3.23085,-8.91956,1.40682,,0.87612,-39.43716,-6.10704,,,,,,,3.67878,89.38895,-33.81223,,,,,,,-0.44236,-52.68907,16.46315,,,,,,,,,,,,,,,,,,,,,,,,,,,,,High,High,High,Medium,Undefined,,,
73,2026-04-24,15:46:11.48,1,7,"Elson, Beau",1000255572,Left,FOR_RAM,"Clyne , Owen",1000230336,Left,GEO_PAT,Undefined,4,Top,0,3,2,Fastball,Four-Seam,BallCalled,Walk,Undefined,Undefined,0,0,,90.40866,0.905822,3.27211,2439.145374,150.979386,11:00,5.53548,-3.28765,6.1475,-23.54844,10.4617,-5.19788,4.41154,-0.69404,82.26166,-3.526347,2.337351,0.419735,,,,,,,,,,,,3.59811,5.47937,3.04093,50,5.59242,-7.27568,-131.12813,1.32683,6.24807,28.41837,-22.65919,FOR_RAM,GEO_PAT,FordhamUniversity,D1,A10,20260424-FordhamUniversity-1,3f4e4bb0-4016-11f1-a000-3b21148d6856,89.80046,,,8.147,,,,,,,16dba9bc-162f-467c-82cd-d013dd0e9e5e,2026-04-24,19:46:11.48,2026-04-24T15:46:11.4893312-04:00,2026-04-24T19:46:11.4893312Z,,v3,471298,471300,aea4d343e99b4d4c9dda1cfb8aed3ab6,"McAndrews, Thomas",836274,Right,FOR_RAM,e6689173-7828-40a8-9988-ce36f955cf16,54.34869,-132.06723,14.20919,5.5362,2.07562,-11.3296,3.28476,-7.48215,3.12404,,,,,,,,,,,,,,,,,,,,,,,,,,,,,,,,,,,,,,,,,,,,,,,,,,,High,High,High,,,,,
74,2026-04-24,15:46:59.61,2,1,"Elson, Beau",1000255572,Left,FOR_RAM,"Alberti, Lucas",1000145512,Right,GEO_PAT,Undefined,4,Top,0,0,0,Fastball,Cutter,BallCalled,Undefined,Undefined,Undefined,0,0,,88.12219,-0.047778,2.938395,2401.452768,185.053565,12:15,5.4899,-2.28389,6.3049,-19.50757,16.04804,1.31839,3.82019,0.5354,80.30296,-3.767175,3.176221,0.429166,,,,,,,,,,,,0.1613,8.69264,2.06765,50,5.47684,-6.6178,-127.89693,-0.64401,0.26637,27.12539,-17.8194,FOR_RAM,GEO_PAT,FordhamUniversity,D1,A10,20260424-FordhamUniversity-1,5c1452d0-4016-11f1-a000-3b21148d6856,87.82716,,,7.81923,,,,,,,16dba9bc-162f-467c-82cd-d013dd0e9e5e,2026-04-24,19:46:59.61,2026-04-24T15:46:59.6122624-04:00,2026-04-24T19:46:59.6122624Z,,v3,471298,471300,aea4d343e99b4d4c9dda1cfb8aed3ab6,"McAndrews, Thomas",836274,Right,FOR_RAM,36903a80-1755-49ef-ac84-637a9a6a1e09,54.19147,-128.78283,13.5627,5.48837,-0.06204,-8.9097,2.28392,-6.6265,0.13319,,,,,,,,,,,,,,,,,,,,,,,,,,,,,,,,,,,,,,,,,,,,,,,,,,,High,High,High,,,,,
75,2026-04-24,15:47:16.77,2,2,"Elson, Beau",1000255572,Left,FOR_RAM,"Alberti, Lucas",1000145512,Right,GEO_PAT,Undefined,4,Top,0,1,0,Fastball,Cutter,BallCalled,Undefined,Undefined,Undefined,0,0,,88.37612,0.23759,2.756583,2384.733092,148.015749,11:00,5.40456,-2.54525,6.12322,-26.09415,9.26335,-5.11756,3.44995,-0.42145,81.04924,-4.641102,1.835605,0.427969,,,,,,,,,,,,3.36323,5.05945,2.33672,50,5.40919,-5.9691,-128.34248,-0.30412,5.63173,25.58256,-23.70197,FOR_RAM,GEO_PAT,FordhamUniversity,D1,A10,20260424-FordhamUniversity-1,663a48f0-4016-11f1-a000-3b21148d6856,88.07284,,,7.32688,,,,,,,16dba9bc-162f-467c-82cd-d013dd0e9e5e,2026-04-24,19:47:16.77,2026-04-24T15:47:16.7771648-04:00,2026-04-24T19:47:16.7771648Z,,v3,471298,471300,aea4d343e99b4d4c9dda1cfb8aed3ab6,"McAndrews, Thomas",836274,Right,FOR_RAM,dd1e0914-2f1d-4981-b2d3-226fe7569703,54.37431,-129.21147,12.79128,5.40585,0.50098,-11.85098,2.54273,-6.1604,2.81587,,,,,,,,,,,,,,,,,,,,,,,,,,,,,,,,,,,,,,,,,,,,,,,,,,,High,High,High,,,,,
76,2026-04-24,15:47:36.27,2,3,"Elson, Beau",1000255572,Left,FOR_RAM,"Alberti, Lucas",1000145512,Right,GEO_PAT,Undefined,4,Top,0,2,0,Fastball,Cutter,StrikeCalled,Undefined,Undefined,Undefined,0,0,,89.12236,-1.150627,2.294316,2391.496613,184.66257,12:15,5.3884,-2.52452,6.36197,-20.71229,13.6602,1.03102,2.6025,-0.32607,82.00932,-5.061217,2.480786,0.421965,,,,,,,,,,,,0.06437,7.74213,2.35803,50,5.29523,-5.22988,-129.51823,-3.20534,0.10994,25.60866,-18.94807,FOR_RAM,GEO_PAT,FordhamUniversity,D1,A10,20260424-FordhamUniversity-1,71d293c0-4016-11f1-a000-3b21148d6856,89.32588,,,7.11303,,,,,,,16dba9bc-162f-467c-82cd-d013dd0e9e5e,2026-04-24,19:47:36.27,2026-04-24T15:47:36.2728448-04:00,2026-04-24T19:47:36.2728448Z,,v3,471298,471300,aea4d343e99b4d4c9dda1cfb8aed3ab6,"McAndrews, Thomas",836274,Right,FOR_RAM,32537467-e641-4c9d-9dd0-a79fcc1760c9,54.13606,-130.33345,12.80433,5.38767,-2.60215,-9.47404,2.52457,-5.23338,0.05497,,,,,,,,,,,,,,,,,,,,,,,,,,,,,,,,,,,,,,,,,,,,,,,,,,,High,High,High,,,,,
77,2026-04-24,15:48:08.34,2,4,"Elson, Beau",1000255572,Left,FOR_RAM,"Alberti, Lucas",1000145512,Right,GEO_PAT,Undefined,4,Top,0,2,1,Fastball,Four-Seam,InPlay,Undefined,LineDrive,Single,0,0,,89.12804,-0.347606,3.704447,2437.08447,160.876698,11:15,5.40468,-2.44792,6.3624,-22.0856,12.68414,-4.00429,3.24365,0.63221,81.13656,-4.531634,2.981867,0.424397,79.85744,14.327338,16.44307,3257.122825,102.35494,15.9148,40.29158,181.70781,177.48428,25.030692,2.042214,3.16858,7.0526,2.1814,50,5.36911,-8.21144,-129.27674,-1.43142,5.33703,28.13314,-20.29493,FOR_RAM,GEO_PAT,FordhamUniversity,D1,A10,20260424-FordhamUniversity-1,850d8530-4016-11f1-a000-3b21148d6856,88.81414,16.39905,,7.99148,,,,0.62714,3.18791,-0.66133,16dba9bc-162f-467c-82cd-d013dd0e9e5e,2026-04-24,19:48:08.34,2026-04-24T15:48:08.3425792-04:00,2026-04-24T19:48:08.3425792Z,LineDrive,v3,471298,471300,aea4d343e99b4d4c9dda1cfb8aed3ab6,"McAndrews, Thomas",836274,Right,FOR_RAM,a116f3ba-a143-4ffc-b71f-14c5c0df78e3,54.13517,-130.17353,14.06657,5.40443,-0.78449,-10.14747,2.44586,-8.38157,2.66852,248.753536,0.62714,108.84002,-20.10945,4.30025,-0.8475,0.13835,-0.02176,0.00303,-0.0002,3.18791,28.98369,-16.69232,0.8722,0.00951,-0.02412,0.00913,-0.00115,3E-05,-0.66133,32.12233,6.20569,-2.82267,0.89121,-0.22454,0.04789,-0.00713,0.00052,,,,,,,,,,,,,,,,,,,,,,,High,High,High,High,High,,,
78,2026-04-24,15:48:59.73,3,1,"Elson, Beau",1000255572,Left,FOR_RAM,"Terilli, Lucas",1000315616,Left,GEO_PAT,Undefined,4,Top,0,0,0,Fastball,Four-Seam,FoulBallNotFieldable,Undefined,Undefined,Undefined,0,0,,88.56701,-1.897704,4.252986,2351.606439,169.54774,11:45,5.38428,-3.21395,6.40977,-21.04903,14.10867,-2.39299,1.87991,0.50419,80.94369,-5.880024,3.821271,0.426758,,,,,,,,,,,,2.4791,8.26595,2.91038,50,5.23845,-9.45435,-128.36107,-4.86129,4.12388,27.30695,-18.42395,FOR_RAM,GEO_PAT,FordhamUniversity,D1,A10,20260424-FordhamUniversity-1,a3a03600-4016-11f1-a000-3b21148d6856,88.32278,,,7.62332,,,,,,,16dba9bc-162f-467c-82cd-d013dd0e9e5e,2026-04-24,19:48:59.73,2026-04-24T15:48:59.7370368-04:00,2026-04-24T19:48:59.7370368Z,,v3,471298,471300,aea4d343e99b4d4c9dda1cfb8aed3ab6,"McAndrews, Thomas",836274,Right,FOR_RAM,59b6e293-388d-4977-86b2-9317dbdb1437,54.08905,-129.22803,13.65347,5.38351,-4.27635,-9.21198,3.21262,-9.58528,2.06194,,,,,,,,,,,,,,,,,,,,,,,,,,,,,,,,,,,,,,,,,,,,,,,,,,,High,High,High,,,,,
79,2026-04-24,15:49:25.60,3,2,"Elson, Beau",1000255572,Left,FOR_RAM,"Terilli, Lucas",1000315616,Left,GEO_PAT,Undefined,4,Top,0,0,1,Fastball,Four-Seam,FoulBallNotFieldable,Undefined,Undefined,Undefined,0,0,,89.91894,-1.869684,3.348614,2445.881486,158.654535,11:15,5.45886,-2.46198,6.38911,-19.49521,14.57265,-5.26248,2.11097,0.18304,82.09581,-5.572988,2.397516,0.420092,,,,,,,,,,,,3.73374,8.48993,2.22349,50,5.31515,-7.42972,-130.46112,-4.82107,6.41372,28.29162,-17.59026,FOR_RAM,GEO_PAT,FordhamUniversity,D1,A10,20260424-FordhamUniversity-1,b34f8fb0-4016-11f1-a000-3b21148d6856,89.72434,,,7.82313,,,,,,,16dba9bc-162f-467c-82cd-d013dd0e9e5e,2026-04-24,19:49:25.60,2026-04-24T15:49:25.6064000-04:00,2026-04-24T19:49:25.6064000Z,,v3,471298,471300,aea4d343e99b4d4c9dda1cfb8aed3ab6,"McAndrews, Thomas",836274,Right,FOR_RAM,1aa79a9b-d6eb-4161-96ba-6aa0ffe5a947,54.11008,-131.3494,14.14581,5.45785,-4.26878,-8.79513,2.45993,-7.63109,3.20686,,,,,,,,,,,,,,,,,,,,,,,,,,,,,,,,,,,,,,,,,,,,,,,,,,,High,High,High,,,,,
80,2026-04-24,15:49:50.26,3,3,"Elson, Beau",1000255572,Left,FOR_RAM,"Terilli, Lucas",1000315616,Left,GEO_PAT,Undefined,4,Top,0,0,2,Cutter,Slider,StrikeSwinging,Strikeout,Undefined,Undefined,0,0,,85.87691,-0.813986,5.438712,2304.992058,162.688508,11:30,5.21548,-3.26853,6.27064,-31.86183,5.86973,-1.45134,1.8065,1.6394,78.55546,-6.733231,5.178333,0.442103,,,,,,,,,,,,2.32851,3.65071,2.86593,50,5.13959,-11.77498,-124.25863,-2.7643,3.62727,25.74869,-26.48709,FOR_RAM,GEO_PAT,FordhamUniversity,D1,A10,20260424-FordhamUniversity-1,c1b70010-4016-11f1-a000-3b21148d6856,85.25708,,,7.32145,,,,,,,16dba9bc-162f-467c-82cd-d013dd0e9e5e,2026-04-24,19:49:50.26,2026-04-24T15:49:50.2648320-04:00,2026-04-24T19:49:50.2648320Z,,v3,471298,471300,aea4d343e99b4d4c9dda1cfb8aed3ab6,"McAndrews, Thomas",836274,Right,FOR_RAM,a544d19e-09af-478f-b78a-3dc7cf766514,54.22758,-125.13159,12.87435,5.21809,-1.8663,-13.24354,3.26723,-11.89796,1.81364,,,,,,,,,,,,,,,,,,,,,,,,,,,,,,,,,,,,,,,,,,,,,,,,,,,High,High,High,,,,,
81,2026-04-24,15:50:18.93,4,1,"Elson, Beau",1000255572,Left,FOR_RAM,"Butler, Jake",1000136500,Right,GEO_PAT,Undefined,4,Top,1,0,0,Fastball,Four-Seam,FoulBallNotFieldable,Undefined,Undefined,Undefined,0,0,,88.88295,-1.086532,3.055842,2447.510816,173.474085,11:45,5.46167,-2.50244,6.26729,-15.27662,19.79651,-2.13225,3.18537,0.1398,80.83975,-4.039949,2.671484,0.426244,64.05242,56.781814,107.698469,4881.218934,,,,,36.98041,,,2.00335,10.94768,2.27715,50,5.37355,-6.79905,-128.95636,-2.83187,3.3562,28.10072,-13.83339,FOR_RAM,GEO_PAT,FordhamUniversity,D1,A10,20260424-FordhamUniversity-1,d2cd8ae0-4016-11f1-a000-3b21148d6856,88.42918,48.66463,,8.0432,,,,1.07723,3.00375,-0.25032,16dba9bc-162f-467c-82cd-d013dd0e9e5e,2026-04-24,19:50:18.93,2026-04-24T15:50:18.9335040-04:00,2026-04-24T19:50:18.9335040Z,,v3,471298,471300,aea4d343e99b4d4c9dda1cfb8aed3ab6,"McAndrews, Thomas",836274,Right,FOR_RAM,4383acfb-7f11-4c36-9546-a502a556cdbd,54.23006,-129.87486,14.05036,5.45872,-2.37971,-6.9167,2.50117,-6.90875,1.6781,329.568409,1.07723,-15.64572,-5.00491,1.13678,-0.23208,0.05256,-0.01201,0.00254,-0.00035,3.00375,78.59215,-27.44007,3.71909,-0.83163,0.17973,-0.04074,0.00804,-0.00097,-0.25032,49.02904,-6.05016,1.40373,-0.27845,0.06317,-0.0143,0.00292,-0.00039,,,,,,,,,,,,,,,,,,,,,,,High,High,High,High,Undefined,,,
82,2026-04-24,15:50:40.62,4,2,"Elson, Beau",1000255572,Left,FOR_RAM,"Butler, Jake",1000136500,Right,GEO_PAT,Undefined,4,Top,1,0,1,Cutter,Cutter,BallCalled,Undefined,Undefined,Undefined,0,0,,87.30578,0.84514,2.376711,2260.058109,178.417462,12:00,5.27261,-2.54925,6.21729,-29.94108,6.21402,-0.14122,3.55814,-0.36654,79.96712,-4.743644,2.351246,0.432769,,,,,,,,,,,,0.72071,3.35689,2.3713,50,5.3212,-5.25729,-126.80355,0.91002,1.17566,25.47371,-26.6982,FOR_RAM,GEO_PAT,FordhamUniversity,D1,A10,20260424-FordhamUniversity-1,dfaea960-4016-11f1-a000-3b21148d6856,87.09597,,,7.33866,,,,,,,16dba9bc-162f-467c-82cd-d013dd0e9e5e,2026-04-24,19:50:40.62,2026-04-24T15:50:40.6227456-04:00,2026-04-24T19:50:40.6227456Z,,v3,471298,471300,aea4d343e99b4d4c9dda1cfb8aed3ab6,"McAndrews, Thomas",836274,Right,FOR_RAM,1a50127c-ebb9-4289-8183-0eb4d71c6687,54.27971,-127.66041,12.73686,5.27548,1.80807,-13.3491,2.5488,-5.29684,0.58783,,,,,,,,,,,,,,,,,,,,,,,,,,,,,,,,,,,,,,,,,,,,,,,,,,,High,High,High,,,,,
83,2026-04-24,15:51:01.03,4,3,"Elson, Beau",1000255572,Left,FOR_RAM,"Butler, Jake",1000136500,Right,GEO_PAT,Undefined,4,Top,1,1,1,Slider,Slider,BallCalled,Undefined,Undefined,Undefined,0,1,,80.19731,1.307548,0.62958,2196.204611,318.875543,4:45,5.36117,-2.45557,5.70806,-44.16428,-0.73587,1.74114,2.89932,-1.72388,74.0056,-6.786801,0.941233,0.474306,,,,,,,,,,,,-0.71795,-0.27787,2.40178,50,5.4434,-1.34911,-116.55912,1.18148,-0.99428,20.53898,-32.55886,FOR_RAM,GEO_PAT,FordhamUniversity,D1,A10,20260424-FordhamUniversity-1,ebe33430-4016-11f1-a000-3b21148d6856,79.46865,,,6.19171,,,,,,,16dba9bc-162f-467c-82cd-d013dd0e9e5e,2026-04-24,19:51:01.03,2026-04-24T15:51:01.0330000-04:00,2026-04-24T19:51:01.0330000Z,,v3,471298,471300,aea4d343e99b4d4c9dda1cfb8aed3ab6,"McAndrews, Thomas",836274,Right,FOR_RAM,81af3214-d13a-436c-b4ac-d575b4dac9eb,54.79118,-117.40034,10.26949,5.3677,2.51501,-16.27943,2.4562,-1.30839,-0.49714,,,,,,,,,,,,,,,,,,,,,,,,,,,,,76.7853,1.61316,0.718848,0.894312,-3.2181,2.31649,1.64664,-1.1811,6.10992,-0.84849,68.36244,1.25738,-56.41777,-1.13482,85.12872,-8.33924,6.13989,6.75827,-13.69129,-0.92249,-71.43133,10.55589,High,High,High,,,High,Medium,Medium
84,2026-04-24,15:51:39.10,4,4,"Elson, Beau",1000255572,Left,FOR_RAM,"Butler, Jake",1000136500,Right,GEO_PAT,Undefined,4,Top,1,2,1,Fastball,Four-Seam,FoulBallNotFieldable,Undefined,Undefined,Undefined,0,0,,89.49706,-1.45336,4.129204,2361.906833,150.934089,11:00,5.43077,-2.2556,6.28226,-18.2819,16.37859,-8.45898,2.56399,0.85182,81.3891,-4.944516,2.605888,0.42373,70.37485,54.341077,162.396469,4769.601629,,,,,43.16664,,,5.62878,9.29174,1.95469,50,5.3144,-9.02705,-129.70009,-3.80816,9.53599,28.50499,-16.43249,FOR_RAM,GEO_PAT,FordhamUniversity,D1,A10,20260424-FordhamUniversity-1,02abb930-4017-11f1-a000-3b21148d6856,88.95398,49.54987,,8.10796,,,,2.29794,2.70017,-0.7831,16dba9bc-162f-467c-82cd-d013dd0e9e5e,2026-04-24,19:51:39.10,2026-04-24T15:51:39.1057408-04:00,2026-04-24T19:51:39.1057408Z,,v3,471298,471300,aea4d343e99b4d4c9dda1cfb8aed3ab6,"McAndrews, Thomas",836274,Right,FOR_RAM,63400c3f-bca9-4e01-893a-930f9ee79a5f,54.21607,-130.6234,14.25249,5.42913,-3.27589,-8.21625,2.25209,-9.33594,4.768,3.00849,2.29794,-57.35316,0.34727,1.24857,-0.53021,0.17187,-0.04854,0.01128,-0.00148,2.70017,83.8634,-33.19712,5.20162,-1.02614,0.18503,-0.03029,0.00443,-0.00037,-0.7831,18.19739,1.63603,-2.6309,0.85576,-0.23725,0.05807,-0.01243,0.00166,,,,,,,,,,,,,,,,,,,,,,,High,High,High,High,Undefined,,,
85,2026-04-24,15:52:01.62,4,5,"Elson, Beau",1000255572,Left,FOR_RAM,"Butler, Jake",1000136500,Right,GEO_PAT,Undefined,4,Top,2,2,2,Fastball,Four-Seam,StrikeCalled,Strikeout,Undefined,Undefined,0,0,,90.73074,-0.178128,2.776725,2417.235276,154.107699,11:15,5.53582,-2.29266,6.28438,-23.68706,9.95044,-4.29154,3.39754,-0.08918,82.49942,-4.644609,2.002039,0.41743,,,,,,,,,,,,3.02882,5.56051,2.08978,50,5.51128,-6.20652,-131.67104,-1.15183,5.28774,29.41156,-22.4665,FOR_RAM,GEO_PAT,FordhamUniversity,D1,A10,20260424-FordhamUniversity-1,10056310-4017-11f1-a000-3b21148d6856,90.29651,,,8.23132,,,,,,,16dba9bc-162f-467c-82cd-d013dd0e9e5e,2026-04-24,19:52:01.62,2026-04-24T15:52:01.6214016-04:00,2026-04-24T19:52:01.6214016Z,,v3,471298,471300,aea4d343e99b4d4c9dda1cfb8aed3ab6,"McAndrews, Thomas",836274,Right,FOR_RAM,e84d1b80-c49e-457a-a05d-df912efd9c6c,54.21173,-132.60849,14.70578,5.53658,-0.43574,-11.23325,2.29029,-6.37506,2.64387,,,,,,,,,,,,,,,,,,,,,,,,,,,,,,,,,,,,,,,,,,,,,,,,,,,High,High,High,,,,,
86,2026-04-24,15:52:27.27,5,1,"Elson, Beau",1000255572,Left,FOR_RAM,"Westley, Matthew",824016,Right,GEO_PAT,Undefined,4,Top,2,0,0,Fastball,Four-Seam,InPlay,Undefined,GroundBall,Out,1,0,,90.72194,-1.178178,3.031653,2501.806319,178.448297,12:00,5.4741,-2.22234,6.01107,-23.1743,10.82682,-0.26307,2.44976,0.56687,82.68291,-5.518917,2.984428,0.41968,66.88552,-17.276541,-35.214596,,,,,9.01907,6.9943,-33.400435,0.082296,1.02654,6.24768,1.98441,50,5.36887,-6.95822,-131.58871,-3.46548,1.79024,29.32052,-21.27817,FOR_RAM,GEO_PAT,FordhamUniversity,D1,A10,20260424-FordhamUniversity-1,1f472de0-4017-11f1-a000-3b21148d6856,89.81238,2.40648,,8.03904,,,,1.20801,2.40648,-0.50314,16dba9bc-162f-467c-82cd-d013dd0e9e5e,2026-04-24,19:52:27.27,2026-04-24T15:52:27.2765440-04:00,2026-04-24T19:52:27.2765440Z,GroundBall,v3,471298,471300,aea4d343e99b4d4c9dda1cfb8aed3ab6,"McAndrews, Thomas",836274,Right,FOR_RAM,a5481775-51de-44b7-b625-504cf2b8ef1e,54.48725,-132.58479,14.66026,5.47432,-2.74262,-10.63908,2.22183,-7.01903,0.89512,180,1.20425,76.81438,,,,,,,,2.40791,-29.24183,,,,,,,,-0.50049,-54.21589,,,,,,,,,,,,,,,,,,,,,,,,,,,,,,High,High,High,High,Medium,,,
87,2026-04-24,15:54:34.08,1,1,"Rumberg, Logan",1000216384,Right,GEO_PAT,"Ocko, Madden",10300306,Right,FOR_RAM,Undefined,4,Bottom,0,0,0,Cutter,Slider,BallCalled,Undefined,Undefined,Undefined,0,0,,81.93925,-1.599796,-3.812398,2283.18793,189.591497,12:15,5.26665,2.03422,5.86185,-30.51395,10.9052,1.64189,1.23393,-1.37592,75.93085,-7.225703,-3.518769,0.463204,,,,,,,,,,,,-1.7913,6.35847,-1.72569,50,5.11877,7.85754,-118.85734,-4.28034,-2.58874,20.59572,-22.98501,FOR_RAM,GEO_PAT,FordhamUniversity,D1,A10,20260424-FordhamUniversity-1,6ae58c10-4017-11f1-a000-3b21148d6856,81.37336,,,6.0084,,,,,,,16dba9bc-162f-467c-82cd-d013dd0e9e5e,2026-04-24,19:54:34.08,2026-04-24T15:54:34.0814336-04:00,2026-04-24T19:54:34.0814336Z,,v3,471298,471300,aea4d343e99b4d4c9dda1cfb8aed3ab6,"Vaughan, Logan",1000232024,Right,GEO_PAT,7baa38fe-87ba-48bc-a898-16ea11f45abb,54.63702,-119.65815,10.29786,5.26782,-3.38663,-11.49251,-2.03316,7.9582,-1.29437,,,,,,,,,,,,,,,,,,,,,,,,,,,,,,,,,,,,,,,,,,,,,,,,,,,High,High,High,,,,,
88,2026-04-24,15:54:49.92,1,2,"Rumberg, Logan",1000216384,Right,GEO_PAT,"Ocko, Madden",10300306,Right,FOR_RAM,Undefined,4,Bottom,0,1,0,Cutter,Slider,BallCalled,Undefined,Undefined,Undefined,0,0,,80.035,-1.799706,-3.748289,2306.826646,145.232767,10:45,5.2931,1.97838,5.80914,-37.78286,6.34709,-3.40559,0.46681,-1.79601,73.44786,-8.735666,-4.35712,0.478121,,,,,,,,,,,,0.64197,4.20477,-1.66861,50,5.12279,7.72392,-115.925,-4.84207,0.86899,22.73078,-26.48219,FOR_RAM,GEO_PAT,FordhamUniversity,D1,A10,20260424-FordhamUniversity-1,745b1df0-4017-11f1-a000-3b21148d6856,78.83447,,,6.58715,,,,,,,16dba9bc-162f-467c-82cd-d013dd0e9e5e,2026-04-24,19:54:49.92,2026-04-24T15:54:49.9275264-04:00,2026-04-24T19:54:49.9275264Z,,v3,471298,471300,aea4d343e99b4d4c9dda1cfb8aed3ab6,"Vaughan, Logan",1000232024,Right,GEO_PAT,06883e3e-e169-4366-9d66-0236829d5b74,54.68863,-116.84074,11.36539,5.29637,-3.77521,-13.24109,-1.97907,7.68891,0.43449,,,,,,,,,,,,,,,,,,,,,,,,,,,,,,,,,,,,,,,,,,,,,,,,,,,High,High,High,,,,,
89,2026-04-24,15:55:08.99,1,3,"Rumberg, Logan",1000216384,Right,GEO_PAT,"Ocko, Madden",10300306,Right,FOR_RAM,Undefined,4,Bottom,0,2,0,Cutter,Slider,BallCalled,Undefined,Undefined,Undefined,0,0,,81.47235,-2.428303,-3.692462,2181.652081,194.865634,12:30,5.25609,2.02069,5.95038,-31.05655,10.59308,2.50398,0.40987,-1.19999,75.85523,-8.13947,-3.243533,0.464491,,,,,,,,,,,,-2.17728,6.39638,-1.72809,50,5.04487,7.53479,-118.19608,-5.97774,-3.12163,19.68169,-23.00344,FOR_RAM,GEO_PAT,FordhamUniversity,D1,A10,20260424-FordhamUniversity-1,7fb59c70-4017-11f1-a000-3b21148d6856,81.14791,,,5.61712,,,,,,,16dba9bc-162f-467c-82cd-d013dd0e9e5e,2026-04-24,19:55:08.99,2026-04-24T15:55:08.9953280-04:00,2026-04-24T19:55:08.9953280Z,,v3,471298,471300,aea4d343e99b4d4c9dda1cfb8aed3ab6,"Vaughan, Logan",1000232024,Right,GEO_PAT,e3a41a5f-08fc-4b54-88e9-6e021c240c92,54.54927,-118.9512,9.84085,5.25728,-5.09518,-11.50172,-2.01947,7.65456,-1.56082,,,,,,,,,,,,,,,,,,,,,,,,,,,,,,,,,,,,,,,,,,,,,,,,,,,High,High,High,,,,,
90,2026-04-24,15:55:25.69,1,4,"Rumberg, Logan",1000216384,Right,GEO_PAT,"Ocko, Madden",10300306,Right,FOR_RAM,Undefined,4,Bottom,0,3,0,Fastball,Four-Seam,BallCalled,Walk,Undefined,Undefined,0,0,,91.26714,-3.586776,-3.610502,2270.189245,205.292225,12:45,5.42547,1.91285,6.24694,-13.10182,20.31639,9.06386,1.01473,-0.66614,83.09614,-6.127728,-1.977682,0.416067,,,,,,,,,,,,-5.75677,11.92768,-1.64842,50,5.15134,7.96422,-132.12634,-8.61758,-10.13159,29.31389,-11.18194,FOR_RAM,GEO_PAT,FordhamUniversity,D1,A10,20260424-FordhamUniversity-1,8998bd30-4017-11f1-a000-3b21148d6856,90.5923,,,8.171,,,,,,,16dba9bc-162f-467c-82cd-d013dd0e9e5e,2026-04-24,19:55:25.69,2026-04-24T15:55:25.6970240-04:00,2026-04-24T19:55:25.6970240Z,,v3,471298,471300,aea4d343e99b4d4c9dda1cfb8aed3ab6,"Vaughan, Logan",1000232024,Right,GEO_PAT,7d77bc49-e759-42d3-9732-d191e5d145aa,54.25105,-133.06615,14.65695,5.42188,-8.25908,-5.59097,-1.90896,8.28904,-5.06579,,,,,,,,,,,,,,,,,,,,,,,,,,,,,,,,,,,,,,,,,,,,,,,,,,,High,High,High,,,,,
91,2026-04-24,15:55:58.66,2,1,"Rumberg, Logan",1000216384,Right,GEO_PAT,"Dean, Mason",1000150670,Left,FOR_RAM,Undefined,4,Bottom,0,0,0,Fastball,Four-Seam,BallCalled,Undefined,Undefined,Undefined,0,0,,90.18357,-2.17242,-1.587743,2210.070897,200.579283,12:45,5.40427,2.27621,6.01825,-13.19599,21.50572,7.59807,2.29062,1.43833,81.24199,-4.755653,-0.221433,0.423981,,,,,,,,,,,,-4.39878,12.09957,-2.15582,50,5.22676,3.29621,-130.71631,-5.27246,-7.49715,31.39319,-11.55187,FOR_RAM,GEO_PAT,FordhamUniversity,D1,A10,20260424-FordhamUniversity-1,9d3fb6e0-4017-11f1-a000-3b21148d6856,88.90116,,,8.94157,,,,,,,16dba9bc-162f-467c-82cd-d013dd0e9e5e,2026-04-24,19:55:58.66,2026-04-24T15:55:58.6644992-04:00,2026-04-24T19:55:58.6644992Z,,v3,471298,471300,aea4d343e99b4d4c9dda1cfb8aed3ab6,"Vaughan, Logan",1000232024,Right,GEO_PAT,635f9b95-7255-4193-b85a-3e7d3f377689,54.47708,-131.78715,15.69659,5.39989,-4.87842,-5.77593,-2.27262,3.55195,-3.74857,,,,,,,,,,,,,,,,,,,,,,,,,,,,,,,,,,,,,,,,,,,,,,,,,,,High,High,High,,,,,
92,2026-04-24,15:57:10.02,2,2,"Rumberg, Logan",1000216384,Right,GEO_PAT,"Dean, Mason",1000150670,Left,FOR_RAM,Undefined,4,Bottom,0,1,0,Fastball,Four-Seam,BallCalled,Undefined,Undefined,Undefined,0,0,,90.54781,-2.875797,-1.602044,2266.512205,202.298156,12:45,5.41412,1.98994,6.19681,-11.29993,23.46033,9.02729,1.81439,1.2629,80.34637,-5.155936,0.026634,0.424339,,,,,,,,,,,,-5.22453,13.55457,-1.87362,50,5.1917,3.27378,-131.0002,-6.78055,-8.79655,35.68651,-9.35222,FOR_RAM,GEO_PAT,FordhamUniversity,D1,A10,20260424-FordhamUniversity-1,c7ca37a0-4017-11f1-a000-3b21148d6856,88.82627,,,10.20144,,,,,,,16dba9bc-162f-467c-82cd-d013dd0e9e5e,2026-04-24,19:57:10.02,2026-04-24T15:57:10.0224512-04:00,2026-04-24T19:57:10.0224512Z,,v3,471298,471300,aea4d343e99b4d4c9dda1cfb8aed3ab6,"Vaughan, Logan",1000232024,Right,GEO_PAT,2eea8825-ea76-4198-b34e-781c06d034a7,54.29591,-132.1653,17.84326,5.40809,-6.47522,-4.67611,-1.98519,3.56097,-4.39827,,,,,,,,,,,,,,,,,,,,,,,,,,,,,,,,,,,,,,,,,,,,,,,,,,,High,High,High,,,,,
93,2026-04-24,15:57:27.59,2,3,"Rumberg, Logan",1000216384,Right,GEO_PAT,"Dean, Mason",1000150670,Left,FOR_RAM,Undefined,4,Bottom,0,2,0,ChangeUp,Slider,StrikeCalled,Undefined,Undefined,Undefined,0,0,,81.77877,-0.291472,-2.211724,2183.384207,236.575697,2:00,5.34894,2.14596,5.92285,-37.20313,5.74504,6.08189,1.97801,0.59943,72.96818,-7.242682,-1.119356,0.471676,,,,,,,,,,,,-3.91433,3.5528,-1.97233,50,5.30503,4.32977,-118.38549,-1.77717,-5.38753,28.95385,-27.28412,FOR_RAM,GEO_PAT,FordhamUniversity,D1,A10,20260424-FordhamUniversity-1,d2497150-4017-11f1-a000-3b21148d6856,79.91171,,,8.81059,,,,,,,16dba9bc-162f-467c-82cd-d013dd0e9e5e,2026-04-24,19:57:27.59,2026-04-24T15:57:27.5974144-04:00,2026-04-24T19:57:27.5974144Z,,v3,471298,471300,aea4d343e99b4d4c9dda1cfb8aed3ab6,"Vaughan, Logan",1000232024,Right,GEO_PAT,7d600265-86f3-4fb0-badf-327a4933e392,54.57096,-119.49819,14.47693,5.35318,-0.72864,-13.64206,-2.14271,4.53681,-2.69377,,,,,,,,,,,,,,,,,,,,,,,,,,,,,,,,,,,,,,,,,,,,,,,,,,,High,High,High,,,,,
94,2026-04-24,15:57:45.47,2,4,"Rumberg, Logan",1000216384,Right,GEO_PAT,"Dean, Mason",1000150670,Left,FOR_RAM,Undefined,4,Bottom,0,2,1,Fastball,Four-Seam,FoulBallNotFieldable,Undefined,Undefined,Undefined,0,0,,90.42374,-2.353308,-2.73062,2234.722441,212.353832,1:00,5.34753,2.10973,6.0297,-14.90119,19.87186,11.73591,1.92274,0.55706,80.96065,-5.255307,-0.621644,0.424417,66.09927,35.914361,-134.474569,3731.283437,,,,,36.90564,,,-6.95004,11.3919,-1.90245,50,5.1554,5.73654,-130.88368,-5.76506,-11.79579,33.18273,-12.83941,FOR_RAM,GEO_PAT,FordhamUniversity,D1,A10,20260424-FordhamUniversity-1,dcf73510-4017-11f1-a000-3b21148d6856,88.80991,23.16372,,9.46309,,,,0.93277,1.76808,-0.58629,16dba9bc-162f-467c-82cd-d013dd0e9e5e,2026-04-24,19:57:45.47,2026-04-24T15:57:45.4783488-04:00,2026-04-24T19:57:45.4783488Z,,v3,471298,471300,aea4d343e99b4d4c9dda1cfb8aed3ab6,"Vaughan, Logan",1000232024,Right,GEO_PAT,89753ab4-6dde-412e-8909-859c08727a1b,54.46547,-132.01094,16.59137,5.34384,-5.32888,-6.4197,-2.10413,6.13726,-5.89789,,0.93277,-55.00745,4.4193,0.85054,-0.59224,0.21835,-0.0643,0.0175,-0.00294,1.76808,56.86581,-30.64389,4.59836,-0.91705,0.16539,-0.03203,0.00695,-0.00147,-0.58629,-56.0257,10.34173,-3.95523,1.05577,-0.23804,0.05331,-0.0103,0.00129,,,,,,,,,,,,,,,,,,,,,,,High,High,High,Medium,Undefined,,,
95,2026-04-24,15:58:07.19,2,5,"Rumberg, Logan",1000216384,Right,GEO_PAT,"Dean, Mason",1000150670,Left,FOR_RAM,Undefined,4,Bottom,0,2,2,Curveball,Curveball,BallCalled,Undefined,Undefined,Undefined,0,0,,77.29142,0.238189,-1.614686,2479.82969,21.011647,6:45,5.43866,1.90912,5.82072,-64.64,-16.2421,-6.97855,0.27353,-0.17403,69.52398,-11.579151,-2.870873,0.500708,,,,,,,,,,,,2.96595,-7.965,-1.77278,50,5.41989,3.41539,-112.01329,-1.62958,3.63078,27.10234,-41.92449,FOR_RAM,GEO_PAT,FordhamUniversity,D1,A10,20260424-FordhamUniversity-1,e9e83210-4017-11f1-a000-3b21148d6856,75.27828,,,7.76744,,,,,,,16dba9bc-162f-467c-82cd-d013dd0e9e5e,2026-04-24,19:58:07.19,2026-04-24T15:58:07.1924736-04:00,2026-04-24T19:58:07.1924736Z,,v3,471298,471300,aea4d343e99b4d4c9dda1cfb8aed3ab6,"Vaughan, Logan",1000232024,Right,GEO_PAT,db8c92e3-308a-4d6b-b38e-79663ddaad6b,54.6794,-113.13983,13.55117,5.45141,0.11307,-20.96224,-1.91161,3.26447,1.81539,,,,,,,,,,,,,,,,,,,,,,,,,,,,,,,,,,,,,,,,,,,,,,,,,,,High,High,High,,,,,
96,2026-04-24,15:58:26.95,2,6,"Rumberg, Logan",1000216384,Right,GEO_PAT,"Dean, Mason",1000150670,Left,FOR_RAM,Undefined,4,Bottom,0,3,2,Fastball,Four-Seam,InPlay,Undefined,GroundBall,Single,0,0,,91.1664,-1.984107,-2.026427,2203.948849,211.71134,1:00,5.41803,1.9638,6.07387,-14.94627,19.25178,11.06524,2.33473,1.01007,81.40978,-4.899888,-0.03478,0.420893,81.15102,-32.731177,11.526121,,,,,4.40453,4.40453,-3.876705,0.035505,-6.39618,10.98087,-1.81271,50,5.25656,4.19269,-132.03005,-4.9599,-11.01196,34.56928,-13.26888,FOR_RAM,GEO_PAT,FordhamUniversity,D1,A10,20260424-FordhamUniversity-1,f59f7690-4017-11f1-a000-3b21148d6856,89.55341,2.29052,,9.75662,,,,0.90274,2.29052,-1.00984,16dba9bc-162f-467c-82cd-d013dd0e9e5e,2026-04-24,19:58:26.95,2026-04-24T15:58:26.9547520-04:00,2026-04-24T19:58:26.9547520Z,GroundBall,v3,471298,471300,aea4d343e99b4d4c9dda1cfb8aed3ab6,"Vaughan, Logan",1000232024,Right,GEO_PAT,b5fd9a1d-9413-40a5-8779-1641bc690f4a,54.42096,-133.18256,17.28464,5.41455,-4.51752,-6.63444,-1.95861,4.55982,-5.50598,,0.90136,98.34558,,,,,,,,2.29142,-64.51334,,,,,,,,-1.01012,20.05533,,,,,,,,,,,,,,,,,,,,,,,,,,,,,,High,High,High,Estimated,Estimated,,,
97,2026-04-24,15:59:06.04,3,1,"Rumberg, Logan",1000216384,Right,GEO_PAT,"Young, Caden",10264258,Right,FOR_RAM,Undefined,4,Bottom,0,0,0,Fastball,Sinker,InPlay,Undefined,Bunt,Single,0,0,,89.07109,-1.122528,-3.839373,2274.498359,222.218076,1:30,5.39343,2.50116,5.95636,-16.85706,18.95529,15.98509,2.94522,0.26747,79.95015,-4.376983,-0.97534,0.430713,,,,,,,,,,,,-9.50217,10.48591,-2.20496,50,5.29491,7.98276,-128.93861,-2.99602,-15.71496,31.21268,-14.83213,FOR_RAM,GEO_PAT,FordhamUniversity,D1,A10,20260424-FordhamUniversity-1,0cf08c80-4018-11f1-a000-3b21148d6856,87.51177,,,9.12094,,,,,,,16dba9bc-162f-467c-82cd-d013dd0e9e5e,2026-04-24,19:59:06.04,2026-04-24T15:59:06.0452864-04:00,2026-04-24T19:59:06.0452864Z,,v3,471298,471300,aea4d343e99b4d4c9dda1cfb8aed3ab6,"Vaughan, Logan",1000232024,Right,GEO_PAT,4e52775f-a5c4-4b02-a723-e821b9c4c4f3,54.54104,-130.03323,15.60634,5.39085,-2.47586,-7.41606,-2.49458,8.53388,-7.85748,,,,,,,,,,,,,,,,,,,,,,,,,,,,,,,,,,,,,,,,,,,,,,,,,,,High,High,High,,,,,
98,2026-04-24,15:59:45.32,4,1,"Rumberg, Logan",1000216384,Right,GEO_PAT,"Ford, Tim",1000142266,Right,FOR_RAM,Undefined,4,Bottom,0,0,0,Fastball,Four-Seam,BallCalled,Undefined,Undefined,Undefined,0,0,,92.37283,-3.35998,-4.886817,2373.984478,209.070554,1:00,5.39959,1.9721,6.28685,-10.7743,22.4119,11.73571,1.39036,-1.56448,82.64173,-5.522042,-2.777179,0.41462,,,,,,,,,,,,-7.65977,13.06158,-1.61631,50,5.14524,10.88272,-133.30246,-8.04192,-13.50402,34.05623,-9.14677,FOR_RAM,GEO_PAT,FordhamUniversity,D1,A10,20260424-FordhamUniversity-1,24607510-4018-11f1-a000-3b21148d6856,90.90844,,,9.7311,,,,,,,16dba9bc-162f-467c-82cd-d013dd0e9e5e,2026-04-24,19:59:45.32,2026-04-24T15:59:45.3284864-04:00,2026-04-24T19:59:45.3284864Z,,v3,471298,471300,aea4d343e99b4d4c9dda1cfb8aed3ab6,"Vaughan, Logan",1000232024,Right,GEO_PAT,0e5140bd-53ae-4b01-9f0c-70870e7cc4ed,54.20682,-134.37292,17.02811,5.3935,-7.75441,-4.57338,-1.96505,11.30718,-6.75201,,,,,,,,,,,,,,,,,,,,,,,,,,,,,,,,,,,,,,,,,,,,,,,,,,,High,High,High,,,,,
99,2026-04-24,16:00:00.45,4,2,"Rumberg, Logan",1000216384,Right,GEO_PAT,"Ford, Tim",1000142266,Right,FOR_RAM,Undefined,4,Bottom,0,1,0,Fastball,Four-Seam,StrikeSwinging,Undefined,Undefined,Undefined,0,0,,91.99258,-0.535047,-2.652784,2302.266865,212.82787,1:00,5.41144,1.9786,6.25006,-14.63331,18.73875,11.2476,3.69802,0.46769,81.96882,-3.40797,-0.623348,0.41578,,,,,,,,,,,,-6.68804,10.22008,-1.78631,50,5.36425,5.6791,-133.24618,-1.59753,-11.72707,35.21992,-14.25377,FOR_RAM,GEO_PAT,FordhamUniversity,D1,A10,20260424-FordhamUniversity-1,2d58c0a0-4018-11f1-a000-3b21148d6856,90.65487,,,10.02376,,,,,,,16dba9bc-162f-467c-82cd-d013dd0e9e5e,2026-04-24,20:00:00.45,2026-04-24T16:00:00.4562432-04:00,2026-04-24T20:00:00.4562432Z,,v3,471298,471300,aea4d343e99b4d4c9dda1cfb8aed3ab6,"Vaughan, Logan",1000232024,Right,GEO_PAT,86755979-79a1-4413-984e-9e2c5b82fcc7,54.24285,-134.36298,17.60996,5.40774,-1.14556,-7.12688,-1.97228,6.05096,-5.86353,,,,,,,,,,,,,,,,,,,,,,,,,,,,,,,,,,,,,,,,,,,,,,,,,,,High,High,High,,,,,
100,2026-04-24,16:00:17.59,4,3,"Rumberg, Logan",1000216384,Right,GEO_PAT,"Ford, Tim",1000142266,Right,FOR_RAM,Undefined,4,Bottom,0,1,1,Fastball,Four-Seam,StrikeCalled,Undefined,Undefined,Undefined,0,0,,92.13849,-1.72404,-4.120631,2278.856787,214.134937,1:15,5.34051,1.91955,6.26298,-13.1991,20.15438,12.768,2.64642,-0.82223,82.12277,-4.334726,-1.821767,0.415663,,,,,,,,,,,,-7.98166,11.37052,-1.61941,50,5.20573,9.03787,-133.22229,-4.3105,-13.9987,35.05157,-12.23179,FOR_RAM,GEO_PAT,FordhamUniversity,D1,A10,20260424-FordhamUniversity-1,378b60f0-4018-11f1-a000-3b21148d6856,90.68019,,,10.01571,,,,,,,16dba9bc-162f-467c-82cd-d013dd0e9e5e,2026-04-24,20:00:17.59,2026-04-24T16:00:17.5983616-04:00,2026-04-24T20:00:17.5983616Z,,v3,471298,471300,aea4d343e99b4d4c9dda1cfb8aed3ab6,"Vaughan, Logan",1000232024,Right,GEO_PAT,d5177497-3c29-4345-b1db-6788c5ed0392,54.23043,-134.33073,17.52578,5.33593,-3.92369,-6.1159,-1.91222,9.48055,-6.99935,,,,,,,,,,,,,,,,,,,,,,,,,,,,,,,,,,,,,,,,,,,,,,,,,,,High,High,High,,,,,
101,2026-04-24,16:00:33.83,4,4,"Rumberg, Logan",1000216384,Right,GEO_PAT,"Ford, Tim",1000142266,Right,FOR_RAM,Undefined,4,Bottom,0,1,2,Fastball,Four-Seam,InPlay,Undefined,LineDrive,Double,0,2,,91.4458,-1.387821,-3.849197,2304.802764,216.859684,1:15,5.38857,1.82849,6.42553,-13.06327,20.42253,14.3502,3.0212,-0.51903,81.80133,-3.977264,-1.255763,0.416487,100.32723,17.350243,-5.673892,1741.909491,109.32884,32.75229,-12.13032,355.1236,351.56721,-8.368159,3.76075,-8.8126,11.50103,-1.56008,50,5.28343,8.32269,-132.42225,-3.4997,-15.31312,33.92467,-12.18948,FOR_RAM,GEO_PAT,FordhamUniversity,D1,A10,20260424-FordhamUniversity-1,413ebf20-4018-11f1-a000-3b21148d6856,90.50083,43.36983,,9.64448,,,,1.08374,2.96328,0.51755,16dba9bc-162f-467c-82cd-d013dd0e9e5e,2026-04-24,20:00:33.83,2026-04-24T16:00:33.8365952-04:00,2026-04-24T20:00:33.8365952Z,LineDrive,v3,471298,471300,aea4d343e99b4d4c9dda1cfb8aed3ab6,"Vaughan, Logan",1000232024,Right,GEO_PAT,91890fce-039d-46f0-8e03-0fdd5818812c,54.07109,-133.46113,16.96233,5.38488,-3.12642,-6.09474,-1.82212,8.79162,-7.65656,166.029838,1.08351,139.77025,-24.3122,5.62968,-1.06188,0.15527,-0.015,0.00055,3E-05,2.96374,43.86538,-10.96409,-0.97193,0.30104,-0.01135,-0.01588,0.00449,-0.00039,0.51744,-13.88201,-0.76022,0.49831,-0.14761,0.02769,-0.00316,0.0002,-1E-05,,,,,,,,,,,,,,,,,,,,,,,High,High,High,High,High,,,
102,2026-04-24,16:01:23.99,5,1,"Rumberg, Logan",1000216384,Right,GEO_PAT,"Markey, Tommy",10084492,Left,FOR_RAM,Undefined,4,Bottom,0,0,0,Curveball,Curveball,StrikeCalled,Undefined,Undefined,Undefined,0,0,,76.30938,2.137172,-1.498182,2580.179658,32.435276,7:00,5.48422,2.08561,5.76644,-67.55803,-17.76206,-12.55075,1.84498,-0.35491,68.35244,-10.239237,-3.749825,0.507889,,,,,,,,,,,,5.75548,-9.14252,-1.95423,50,5.62145,3.37305,-110.50965,1.88448,6.86405,26.21774,-43.0775,FOR_RAM,GEO_PAT,FordhamUniversity,D1,A10,20260424-FordhamUniversity-1,5f35f340-4018-11f1-a000-3b21148d6856,74.21397,,,7.95694,,,,,,,16dba9bc-162f-467c-82cd-d013dd0e9e5e,2026-04-24,20:01:23.99,2026-04-24T16:01:23.9970816-04:00,2026-04-24T20:01:23.9970816Z,,v3,471298,471300,aea4d343e99b4d4c9dda1cfb8aed3ab6,"Vaughan, Logan",1000232024,Right,GEO_PAT,85eff79c-9fa3-4e81-93f1-a81b3cbbd7b8,54.73293,-111.62686,13.10887,5.50204,3.72013,-21.53875,-2.09173,3.08055,3.43202,,,,,,,,,,,,,,,,,,,,,,,,,,,,,,,,,,,,,,,,,,,,,,,,,,,High,High,High,,,,,
103,2026-04-24,16:01:42.46,5,2,"Rumberg, Logan",1000216384,Right,GEO_PAT,"Markey, Tommy",10084492,Left,FOR_RAM,Undefined,4,Bottom,0,0,1,Curveball,Curveball,StrikeCalled,Undefined,Undefined,Undefined,0,0,,77.933,1.643121,-1.82919,2547.752483,34.699491,7:15,5.52192,1.96983,5.82601,-62.07921,-14.80379,-11.48154,1.87734,-0.688,70.26407,-9.732414,-3.889992,0.494868,,,,,,,,,,,,5.13996,-7.46756,-1.81387,50,5.62083,4.05403,-112.94586,1.16322,6.45642,25.85845,-41.5542,FOR_RAM,GEO_PAT,FordhamUniversity,D1,A10,20260424-FordhamUniversity-1,6a381890-4018-11f1-a000-3b21148d6856,76.16669,,,7.66893,,,,,,,16dba9bc-162f-467c-82cd-d013dd0e9e5e,2026-04-24,20:01:42.46,2026-04-24T16:01:42.4649728-04:00,2026-04-24T20:01:42.4649728Z,,v3,471298,471300,aea4d343e99b4d4c9dda1cfb8aed3ab6,"Vaughan, Logan",1000232024,Right,GEO_PAT,921d2a28-6ab2-4ab8-8cd2-dffc9d599084,54.67307,-114.01072,12.92923,5.5377,2.87443,-20.7771,-1.97534,3.78815,3.22821,,,,,,,,,,,,,,,,,,,,,,,,,,,,,,,,,,,,,,,,,,,,,,,,,,,High,High,High,,,,,
104,2026-04-24,16:02:00.37,5,3,"Rumberg, Logan",1000216384,Right,GEO_PAT,"Markey, Tommy",10084492,Left,FOR_RAM,Undefined,4,Bottom,0,0,2,Curveball,Curveball,StrikeSwinging,Strikeout,Undefined,Undefined,0,0,,78.26918,1.088599,-1.971688,2596.517067,44.79323,7:30,5.44532,1.9464,5.68895,-61.25866,-14.08729,-15.75284,1.35576,-1.20471,70.62257,-10.095878,-4.791993,0.494323,,,,,,,,,,,,7.205,-6.88618,-1.77097,50,5.49974,4.52785,-113.40849,0.06418,9.11112,26.34836,-40.88198,FOR_RAM,GEO_PAT,FordhamUniversity,D1,A10,20260424-FordhamUniversity-1,74e08520-4018-11f1-a000-3b21148d6856,76.25065,,,7.64661,,,,,,,16dba9bc-162f-467c-82cd-d013dd0e9e5e,2026-04-24,20:02:00.37,2026-04-24T16:02:00.3721728-04:00,2026-04-24T20:02:00.3721728Z,,v3,471298,471300,aea4d343e99b4d4c9dda1cfb8aed3ab6,"Vaughan, Logan",1000232024,Right,GEO_PAT,124510f6-3dcb-466c-82e2-a224e2af5bc7,54.81014,-114.52059,13.17418,5.46062,1.78969,-20.44099,-1.95397,4.1433,4.55556,,,,,,,,,,,,,,,,,,,,,,,,,,,,,,,,,,,,,,,,,,,,,,,,,,,High,High,High,,,,,
105,2026-04-24,16:02:28.86,6,1,"Rumberg, Logan",1000216384,Right,GEO_PAT,"Kirk, Taylor",1000367095,Right,FOR_RAM,Undefined,4,Bottom,1,0,0,Curveball,Slider,BallCalled,Undefined,Undefined,Undefined,0,0,,80.47852,1.325191,-2.176255,2267.360052,101.561735,9:30,5.3627,2.1473,5.72273,-39.99703,3.65284,-11.01197,3.26505,-0.79836,73.47648,-6.04959,-4.142852,0.475514,,,,,,,,,,,,4.94252,1.91228,-1.95874,50,5.44897,4.8703,-116.74715,1.39571,6.78568,23.05779,-29.54862,FOR_RAM,GEO_PAT,FordhamUniversity,D1,A10,20260424-FordhamUniversity-1,85d81640-4018-11f1-a000-3b21148d6856,79.2668,,,7.00204,,,,,,,16dba9bc-162f-467c-82cd-d013dd0e9e5e,2026-04-24,20:02:28.86,2026-04-24T16:02:28.8659968-04:00,2026-04-24T20:02:28.8659968Z,,v3,471298,471300,aea4d343e99b4d4c9dda1cfb8aed3ab6,"Vaughan, Logan",1000232024,Right,GEO_PAT,a5355e20-9784-4991-8a93-35f447d1c37c,54.77494,-117.68643,11.52889,5.3676,2.5994,-14.77431,-2.15151,4.59388,3.39284,,,,,,,,,,,,,,,,,,,,,,,,,,,,,,,,,,,,,,,,,,,,,,,,,,,High,High,High,,,,,
106,2026-04-24,16:02:44.54,6,2,"Rumberg, Logan",1000216384,Right,GEO_PAT,"Kirk, Taylor",1000367095,Right,FOR_RAM,Undefined,4,Bottom,1,1,0,Curveball,Curveball,BallCalled,Undefined,Undefined,Undefined,0,0,,77.66152,1.09901,-2.830069,2489.56326,33.720193,7:00,5.52148,1.89349,6.07209,-60.47673,-13.54532,-10.15745,1.50007,-1.57385,70.54082,-10.002598,-4.659719,0.493064,,,,,,,,,,,,4.23492,-6.7739,-1.66918,50,5.5756,5.94173,-112.61747,0.24039,5.31936,24.6365,-40.68252,FOR_RAM,GEO_PAT,FordhamUniversity,D1,A10,20260424-FordhamUniversity-1,8f327f00-4018-11f1-a000-3b21148d6856,76.44536,,,7.1207,,,,,,,16dba9bc-162f-467c-82cd-d013dd0e9e5e,2026-04-24,20:02:44.54,2026-04-24T16:02:44.5452800-04:00,2026-04-24T20:02:44.5452800Z,,v3,471298,471300,aea4d343e99b4d4c9dda1cfb8aed3ab6,"Vaughan, Logan",1000232024,Right,GEO_PAT,63a31ec4-703c-45c7-bf59-cd91fe7dcb92,54.42805,-113.58203,12.31825,5.53501,1.83318,-20.34126,-1.89773,5.73347,2.65968,,,,,,,,,,,,,,,,,,,,,,,,,,,,,,,,,,,,,,,,,,,,,,,,,,,High,High,High,,,,,
107,2026-04-24,16:03:02.23,6,3,"Rumberg, Logan",1000216384,Right,GEO_PAT,"Kirk, Taylor",1000367095,Right,FOR_RAM,Undefined,4,Bottom,1,2,0,Curveball,Slider,BallCalled,Undefined,Undefined,Undefined,0,0,,80.57263,1.433333,-2.563359,2303.05462,107.730783,9:30,5.2914,2.13386,5.83478,-38.95305,4.3876,-9.42229,3.37917,-1.03549,73.60711,-5.766383,-4.248489,0.473826,,,,,,,,,,,,4.05374,2.25961,-1.91923,50,5.38565,5.59813,-116.87547,1.68072,5.58434,22.8653,-29.0613,FOR_RAM,GEO_PAT,FordhamUniversity,D1,A10,20260424-FordhamUniversity-1,99bd5170-4018-11f1-a000-3b21148d6856,79.54906,,,6.96552,,,,,,,16dba9bc-162f-467c-82cd-d013dd0e9e5e,2026-04-24,20:03:02.23,2026-04-24T16:03:02.2304256-04:00,2026-04-24T20:03:02.2304256Z,,v3,471298,471300,aea4d343e99b4d4c9dda1cfb8aed3ab6,"Vaughan, Logan",1000232024,Right,GEO_PAT,49c83b0a-05be-44f2-b6cc-02553a3c46cc,54.66287,-117.78418,11.43265,5.29591,2.83566,-14.53065,-2.1373,5.3762,2.79217,,,,,,,,,,,,,,,,,,,,,,,,,,,,,,,,,,,,,,,,,,,,,,,,,,,High,High,High,,,,,
108,2026-04-24,16:03:20.52,6,4,"Rumberg, Logan",1000216384,Right,GEO_PAT,"Kirk, Taylor",1000367095,Right,FOR_RAM,Undefined,4,Bottom,1,3,0,Fastball,Four-Seam,BallCalled,Walk,Undefined,Undefined,0,1,,92.24197,-4.196616,-3.838481,2356.611933,208.464103,1:00,5.38977,1.99946,6.23259,-10.79591,22.37899,11.44989,0.60295,-0.5928,82.98041,-6.345421,-1.777307,0.414549,,,,,,,,,,,,-7.22437,13.36666,-1.71837,50,5.07018,8.46526,-133.27282,-10.02262,-12.77263,33.18276,-8.54197,FOR_RAM,GEO_PAT,FordhamUniversity,D1,A10,20260424-FordhamUniversity-1,a49ab0b0-4018-11f1-a000-3b21148d6856,90.92392,,,9.26156,,,,,,,16dba9bc-162f-467c-82cd-d013dd0e9e5e,2026-04-24,20:03:20.52,2026-04-24T16:03:20.5294592-04:00,2026-04-24T20:03:20.5294592Z,,v3,471298,471300,aea4d343e99b4d4c9dda1cfb8aed3ab6,"Vaughan, Logan",1000232024,Right,GEO_PAT,959285f6-4385-4148-a3f0-ae6f0cf9e39d,54.26499,-134.33054,16.59138,5.38532,-9.75035,-4.27098,-1.99469,8.87239,-6.38632,,,,,,,,,,,,,,,,,,,,,,,,,,,,,,,,,,,,,,,,,,,,,,,,,,,High,High,High,,,,,
109,2026-04-24,16:07:25.52,7,1,"Stewart, Owen",10069636,Right,GEO_PAT,"Grabau, Anthony",1000407420,Left,FOR_RAM,Undefined,4,Bottom,1,0,0,Cutter,Slider,StrikeSwinging,Undefined,Undefined,Undefined,0,0,,85.19351,-0.99891,-0.873554,2613.072399,126.548001,10:15,5.65289,1.89828,5.68593,-34.09573,4.94685,-4.91374,1.88032,0.67453,77.69855,-7.284415,-1.75312,0.449718,,,,,,,,,,,,2.23815,3.19831,-1.82164,50,5.54758,2.08826,-123.6374,-3.32802,3.43731,26.45114,-27.26217,FOR_RAM,GEO_PAT,FordhamUniversity,D1,A10,20260424-FordhamUniversity-1,36a81060-4019-11f1-a000-3b21148d6856,83.81342,,,7.49496,,,,,,,16dba9bc-162f-467c-82cd-d013dd0e9e5e,2026-04-24,20:07:25.52,2026-04-24T16:07:25.5242752-04:00,2026-04-24T20:07:25.5242752Z,,v3,471298,471300,aea4d343e99b4d4c9dda1cfb8aed3ab6,"Vaughan, Logan",1000232024,Right,GEO_PAT,501ba514-8e27-41de-8cc0-48e54d6e5d46,54.81174,-124.66258,13.22557,5.65608,-2.2714,-13.63108,-1.9,1.95504,1.71866,,,,,,,,,,,,,,,,,,,,,,,,,,,,,,,,,,,,,,,,,,,,,,,,,,,High,High,High,,,,,
110,2026-04-24,16:07:45.49,7,2,"Stewart, Owen",10069636,Right,GEO_PAT,"Grabau, Anthony",1000407420,Left,FOR_RAM,Undefined,4,Bottom,1,0,1,Slider,Slider,StrikeSwinging,Undefined,Undefined,Undefined,0,0,,84.47254,-0.229841,0.076451,2646.605758,82.665358,8:45,5.77715,1.77013,5.32268,-40.05034,0.34213,-8.15859,2.22394,1.16199,76.76603,-7.548606,-1.374915,0.457427,,,,,,,,,,,,4.11929,0.64189,-1.77091,50,5.72753,0.18697,-122.51823,-1.96349,6.18837,26.84127,-31.20973,FOR_RAM,GEO_PAT,FordhamUniversity,D1,A10,20260424-FordhamUniversity-1,428ea240-4019-11f1-a000-3b21148d6856,82.40103,,,7.70652,,,,,,,16dba9bc-162f-467c-82cd-d013dd0e9e5e,2026-04-24,20:07:45.49,2026-04-24T16:07:45.4930432-04:00,2026-04-24T20:07:45.4930432Z,,v3,471298,471300,aea4d343e99b4d4c9dda1cfb8aed3ab6,"Vaughan, Logan",1000232024,Right,GEO_PAT,a1ac5c8c-b0cc-4efd-bff6-a07320370d8f,55.1752,-123.64681,13.42064,5.7825,-0.65123,-15.60487,-1.7733,-0.07323,3.09418,,,,,,,,,,,,,,,,,,,,,,,,,,,,,,,,,,,,,,,,,,,,,,,,,,,High,High,High,,,,,
111,2026-04-24,16:08:14.11,7,3,"Stewart, Owen",10069636,Right,GEO_PAT,"Grabau, Anthony",1000407420,Left,FOR_RAM,Undefined,4,Bottom,1,0,2,Slider,Slider,BallCalled,Undefined,Undefined,Undefined,0,0,,83.95579,2.125427,0.982253,2581.21618,79.099188,8:45,5.5576,2.1682,5.5647,-40.48006,0.12409,-6.66922,4.17101,2.53013,75.86499,-5.33338,-0.207227,0.458624,,,,,,,,,,,,3.63681,-0.11335,-2.2486,50,5.71491,-1.79867,-121.67796,3.06966,5.38941,26.44756,-32.34203,FOR_RAM,GEO_PAT,FordhamUniversity,D1,A10,20260424-FordhamUniversity-1,53a07220-4019-11f1-a000-3b21148d6856,82.18596,,,8.0908,,,,,,,16dba9bc-162f-467c-82cd-d013dd0e9e5e,2026-04-24,20:08:14.11,2026-04-24T16:08:14.1100544-04:00,2026-04-24T20:08:14.1100544Z,,v3,471298,471300,aea4d343e99b4d4c9dda1cfb8aed3ab6,"Vaughan, Logan",1000232024,Right,GEO_PAT,5717c059-a749-49bd-a294-51558939c2d6,54.93102,-122.74507,13.22378,5.56473,4.3746,-16.17102,-2.17164,-2.01612,2.69471,,,,,,,,,,,,,,,,,,,,,,,,,,,,,,,,,,,,,,,,,,,,,,,,,,,High,High,High,,,,,
112,2026-04-24,16:08:32.82,7,4,"Stewart, Owen",10069636,Right,GEO_PAT,"Grabau, Anthony",1000407420,Left,FOR_RAM,Undefined,4,Bottom,1,1,2,Slider,Curveball,BallCalled,Undefined,Undefined,Undefined,0,0,,79.6101,-0.498287,-0.513932,2656.491141,63.052851,8:00,5.50224,1.94392,5.4987,-53.08952,-6.86359,-17.19639,0.61202,0.03018,71.28792,-10.199424,-3.587676,0.489344,,,,,,,,,,,,8.53485,-2.82063,-1.88685,50,5.42298,1.71675,-115.27075,-2.82032,11.06035,28.77321,-35.82934,FOR_RAM,GEO_PAT,FordhamUniversity,D1,A10,20260424-FordhamUniversity-1,5ec0f4e0-4019-11f1-a000-3b21148d6856,77.0265,,,8.32218,,,,,,,16dba9bc-162f-467c-82cd-d013dd0e9e5e,2026-04-24,20:08:32.82,2026-04-24T16:08:32.8212992-04:00,2026-04-24T20:08:32.8212992Z,,v3,471298,471300,aea4d343e99b4d4c9dda1cfb8aed3ab6,"Vaughan, Logan",1000232024,Right,GEO_PAT,95818d35-04e1-45da-b7b6-30976246cba3,54.99925,-116.51195,14.3866,5.5113,-1.27474,-17.91467,-1.95061,1.23963,5.53018,,,,,,,,,,,,,,,,,,,,,,,,,,,,,,,,,,,,,,,,,,,,,,,,,,,High,High,High,,,,,
113,2026-04-24,16:08:54.93,7,5,"Stewart, Owen",10069636,Right,GEO_PAT,"Grabau, Anthony",1000407420,Left,FOR_RAM,Undefined,4,Bottom,1,2,2,Slider,Curveball,HitByPitch,Undefined,Undefined,Undefined,0,1,,80.96871,-0.331438,-2.077343,2653.171326,67.496393,8:15,5.54942,2.05395,5.41256,-49.81625,-5.34351,-16.92733,1.08736,-1.30365,73.10739,-9.401505,-5.090336,0.479975,,,,,,,,,,,,8.04772,-2.43551,-1.85624,50,5.48448,4.90223,-117.30326,-2.38096,10.89195,28.1125,-35.47034,FOR_RAM,GEO_PAT,FordhamUniversity,D1,A10,20260424-FordhamUniversity-1,6befe540-4019-11f1-a000-3b21148d6856,78.53004,,,7.86132,,,,,,,16dba9bc-162f-467c-82cd-d013dd0e9e5e,2026-04-24,20:08:54.93,2026-04-24T16:08:54.9392384-04:00,2026-04-24T20:08:54.9392384Z,,v3,471298,471300,aea4d343e99b4d4c9dda1cfb8aed3ab6,"Vaughan, Logan",1000232024,Right,GEO_PAT,8c9df481-59c8-4cac-ac7d-64381677b9d1,55.08917,-118.51664,14.05625,5.5542,-0.85,-17.73517,-2.05768,4.43212,5.44597,,,,,,,,,,,,,,,,,,,,,,,,,,,,,,,,,,,,,,,,,,,,,,,,,,,High,High,High,,,,,
114,2026-04-24,16:09:41.82,8,1,"Stewart, Owen",10069636,Right,GEO_PAT,"McAndrews, Thomas",836274,Right,FOR_RAM,Undefined,4,Bottom,1,0,0,Cutter,Slider,StrikeCalled,Undefined,Undefined,Undefined,0,0,,85.05231,-0.166016,-0.885186,2562.091191,113.9595,9:45,5.77455,1.73882,5.50293,-35.38742,4.06603,-6.1774,2.67032,0.39609,77.44054,-6.673561,-1.986657,0.452078,,,,,,,,,,,,2.84748,2.49866,-1.65725,50,5.73638,2.16939,-123.40386,-1.61447,4.35576,26.39292,-28.35181,FOR_RAM,GEO_PAT,FordhamUniversity,D1,A10,20260424-FordhamUniversity-1,87f338a0-4019-11f1-a000-3b21148d6856,83.37588,,,7.61177,,,,,,,16dba9bc-162f-467c-82cd-d013dd0e9e5e,2026-04-24,20:09:41.82,2026-04-24T16:09:41.8277888-04:00,2026-04-24T20:09:41.8277888Z,,v3,471298,471300,aea4d343e99b4d4c9dda1cfb8aed3ab6,"Vaughan, Logan",1000232024,Right,GEO_PAT,5fd4de8c-8bf6-4a3e-915c-3ca2d6e0fea6,54.99435,-124.46744,13.19646,5.77842,-0.47195,-14.17591,-1.74114,1.99386,2.17788,,,,,,,,,,,,,,,,,,,,,,,,,,,,,,,,,,,,,,,,,,,,,,,,,,,High,High,High,,,,,
115,2026-04-24,16:10:03.08,8,2,"Stewart, Owen",10069636,Right,GEO_PAT,"McAndrews, Thomas",836274,Right,FOR_RAM,Undefined,4,Bottom,1,0,1,Slider,Slider,StrikeSwinging,Undefined,Undefined,Undefined,0,0,,82.17147,0.488716,-2.170271,2738.917651,84.310228,8:45,5.47024,2.18028,5.53582,-42.79152,0.5674,-12.0356,2.36142,-0.85219,73.16867,-7.409181,-4.314196,0.473926,,,,,,,,,,,,5.19851,0.65669,-1.98392,50,5.485,5.01358,-118.82272,-0.47263,7.17833,30.00738,-31.26725,FOR_RAM,GEO_PAT,FordhamUniversity,D1,A10,20260424-FordhamUniversity-1,94b58480-4019-11f1-a000-3b21148d6856,79.53231,,,9.0028,,,,,,,16dba9bc-162f-467c-82cd-d013dd0e9e5e,2026-04-24,20:10:03.08,2026-04-24T16:10:03.0844416-04:00,2026-04-24T20:10:03.0844416Z,,v3,471298,471300,aea4d343e99b4d4c9dda1cfb8aed3ab6,"Vaughan, Logan",1000232024,Right,GEO_PAT,dbf9842f-9416-4c7d-9a9d-e0807766ee05,54.95738,-120.06812,15.00369,5.47769,0.82507,-15.63363,-2.18582,4.71566,3.58917,,,,,,,,,,,,,,,,,,,,,,,,,,,,,,,,,,,,,,,,,,,,,,,,,,,High,High,High,,,,,
116,2026-04-24,16:10:22.71,8,3,"Stewart, Owen",10069636,Right,GEO_PAT,"McAndrews, Thomas",836274,Right,FOR_RAM,Undefined,4,Bottom,1,0,2,Cutter,Slider,StrikeSwinging,Strikeout,Undefined,Undefined,0,0,,85.68432,-1.380051,-2.412378,2534.712299,93.055056,9:00,6.05312,1.49139,5.54943,-37.31935,1.56213,-5.04063,1.65219,-1.18426,78.28808,-8.201773,-3.311399,0.44879,,,,,,,,,,,,1.81772,1.6063,-1.27917,50,5.90908,5.4471,-124.20892,-4.33868,2.81697,26.73987,-29.68474,FOR_RAM,GEO_PAT,FordhamUniversity,D1,A10,20260424-FordhamUniversity-1,a04d5a20-4019-11f1-a000-3b21148d6856,83.98689,,,7.39624,,,,,,,16dba9bc-162f-467c-82cd-d013dd0e9e5e,2026-04-24,20:10:22.71,2026-04-24T16:10:22.7119104-04:00,2026-04-24T20:10:22.7119104Z,,v3,471298,471300,aea4d343e99b4d4c9dda1cfb8aed3ab6,"Vaughan, Logan",1000232024,Right,GEO_PAT,8c6c5dc9-e62c-45e5-b4ea-9159fb58284e,54.94809,-125.26962,13.36994,6.05783,-3.16116,-14.84237,-1.49303,5.33535,1.40848,,,,,,,,,,,,,,,,,,,,,,,,,,,,,,,,,,,,,,,,,,,,,,,,,,,High,High,High,,,,,
117,2026-04-24,16:10:52.79,9,1,"Stewart, Owen",10069636,Right,GEO_PAT,"Donnelly, Joey",800885,Left,FOR_RAM,Undefined,4,Bottom,2,0,0,Cutter,Slider,StrikeCalled,Undefined,Undefined,Undefined,0,0,,84.82123,0.321878,-0.661817,2618.382932,78.678954,8:30,5.65392,1.73812,5.50201,-40.44238,-0.26626,-8.80174,2.58479,0.38563,76.32616,-7.117104,-2.231769,0.4562,,,,,,,,,,,,4.18662,0.22717,-1.67432,50,5.65523,1.80147,-122.90754,-0.77568,6.26787,29.19248,-31.83394,FOR_RAM,GEO_PAT,FordhamUniversity,D1,A10,20260424-FordhamUniversity-1,b23fc600-4019-11f1-a000-3b21148d6856,82.62259,,,8.49507,,,,,,,16dba9bc-162f-467c-82cd-d013dd0e9e5e,2026-04-24,20:10:52.79,2026-04-24T16:10:52.7906304-04:00,2026-04-24T20:10:52.7906304Z,,v3,471298,471300,aea4d343e99b4d4c9dda1cfb8aed3ab6,"Vaughan, Logan",1000232024,Right,GEO_PAT,a2845789-6df1-49d9-ad71-2e053df2a77f,54.99349,-124.0879,14.59624,5.66057,0.51149,-15.91697,-1.74204,1.54803,3.13393,,,,,,,,,,,,,,,,,,,,,,,,,,,,,,,,,,,,,,,,,,,,,,,,,,,High,High,High,,,,,
118,2026-04-24,16:11:12.55,9,2,"Stewart, Owen",10069636,Right,GEO_PAT,"Donnelly, Joey",800885,Left,FOR_RAM,Undefined,4,Bottom,2,0,1,Cutter,Slider,InPlay,Undefined,LineDrive,Single,0,2,,84.63982,-0.292147,-1.164842,2650.310531,62.98583,8:00,6.11867,1.22351,5.54114,-41.889,-1.93158,-6.49264,2.35483,-0.40635,76.94347,-7.958894,-2.324181,0.454957,101.01792,8.160377,26.02411,2562.299268,,,,121.98826,116.12295,28.816441,0.934681,2.91591,-0.48382,-1.11812,50,6.06563,2.76914,-122.77423,-2.13546,4.39263,27.26726,-32.90291,FOR_RAM,GEO_PAT,FordhamUniversity,D1,A10,20260424-FordhamUniversity-1,bdf29db0-4019-11f1-a000-3b21148d6856,82.84841,6.11111,,7.69635,,,,0.84836,1.98511,0.74109,16dba9bc-162f-467c-82cd-d013dd0e9e5e,2026-04-24,20:11:12.55,2026-04-24T16:11:12.5565440-04:00,2026-04-24T20:11:12.5565440Z,LineDrive,v3,471298,471300,aea4d343e99b4d4c9dda1cfb8aed3ab6,"Vaughan, Logan",1000232024,Right,GEO_PAT,7e9ad123-8f24-4798-9d99-9f2a736a1103,54.95691,-123.87023,13.63363,6.12489,-0.81293,-16.45146,-1.22588,2.59258,2.19631,,0.94818,130.32676,-18.27998,,,,,,,2.11276,19.15177,-23.03958,,,,,,,0.71716,64.70829,-2.72383,,,,,,,,,,,,,,,,,,,,,,,,,,,,,High,High,High,High,High,,,
119,2026-04-24,16:11:48.57,10,1,"Stewart, Owen",10069636,Right,GEO_PAT,"Ocko, Madden",10300306,Right,FOR_RAM,Undefined,4,Bottom,2,0,0,Slider,Slider,StrikeCalled,Undefined,Undefined,Undefined,1,0,,79.93994,-0.038982,-0.738749,2678.414415,87.053957,9:00,5.54965,1.90301,5.55845,-44.80959,0.64437,-21.78418,1.77909,-0.60259,71.76781,-8.28414,-4.628011,0.485241,,,,,,,,,,,,10.67816,0.88595,-1.82479,50,5.51741,2.37929,-115.79427,-1.58697,14.07352,27.51907,-31.0064,FOR_RAM,GEO_PAT,FordhamUniversity,D1,A10,20260424-FordhamUniversity-1,d372c430-4019-11f1-a000-3b21148d6856,77.67779,,,8.17212,,,,,,,16dba9bc-162f-467c-82cd-d013dd0e9e5e,2026-04-24,20:11:48.57,2026-04-24T16:11:48.5760000-04:00,2026-04-24T20:11:48.5760000Z,,v3,471298,471300,aea4d343e99b4d4c9dda1cfb8aed3ab6,"Vaughan, Logan",1000232024,Right,GEO_PAT,b60ff5f0-2630-4e9a-8cfa-60f418ffdd13,54.93767,-116.96184,13.75953,5.55683,-0.27144,-15.5032,-1.91307,1.78219,7.03676,,,,,,,,,,,,,,,,,,,,,,,,,,,,,75.72964,1.942854,0.632576,1.310278,0.02814,1.5733,0.71623,-0.6399,6.02406,1.35078,127.27902,2.27723,-2.09385,-0.51664,108.83994,-8.73411,6.05384,13.42748,-12.47711,1.35759,-2.2157,-0.32499,High,High,High,,,High,Medium,Medium
120,2026-04-24,16:14:13.10,1,1,"Elson, Beau",1000255572,Left,FOR_RAM,"Bagnerise , Julius",1000469309,Right,GEO_PAT,Undefined,5,Top,0,0,0,Cutter,Cutter,StrikeCalled,Undefined,Undefined,Undefined,0,0,,87.68208,-0.767157,2.808973,2330.396997,170.96268,11:45,5.56566,-3.13068,6.24193,-24.00631,12.12245,-1.73587,2.85664,-0.68235,79.73321,-5.297035,2.495916,0.432611,,,,,,,,,,,,1.72689,6.87957,2.92221,50,5.49668,-6.17,-127.19639,-2.42381,2.81051,27.69219,-20.9775,FOR_RAM,GEO_PAT,FordhamUniversity,D1,A10,20260424-FordhamUniversity-1,2990d140-401a-11f1-a000-3b21148d6856,87.12771,,,7.94887,,,,,,,16dba9bc-162f-467c-82cd-d013dd0e9e5e,2026-04-24,20:14:13.10,2026-04-24T16:14:13.1030016-04:00,2026-04-24T20:14:13.1030016Z,,v3,471298,471300,aea4d343e99b4d4c9dda1cfb8aed3ab6,"McAndrews, Thomas",836274,Right,FOR_RAM,51e89381-32c3-456d-b0ca-0ea126c24b29,54.25342,-128.11906,13.8461,5.5658,-1.72486,-10.48875,3.12935,-6.26364,1.40526,,,,,,,,,,,,,,,,,,,,,,,,,,,,,,,,,,,,,,,,,,,,,,,,,,,High,High,High,,,,,
121,2026-04-24,16:14:27.74,1,2,"Elson, Beau",1000255572,Left,FOR_RAM,"Bagnerise , Julius",1000469309,Right,GEO_PAT,Undefined,5,Top,0,0,1,Cutter,Cutter,InPlay,Undefined,LineDrive,Single,0,0,,86.74204,-0.590669,3.270012,2390.412386,193.145535,12:30,5.49566,-3.33234,6.08826,-28.36777,9.27489,1.83941,2.58437,-0.15085,78.0088,-5.91891,3.600496,0.441582,95.29595,8.471541,0.885645,1233.904887,109.96127,8.97016,-2.91764,177.28487,177.25484,-3.107629,1.5146,0.15961,5.38229,3.07896,50,5.43527,-7.25176,-125.62342,-2.18553,0.24974,30.38275,-23.75194,FOR_RAM,GEO_PAT,FordhamUniversity,D1,A10,20260424-FordhamUniversity-1,324adb50-401a-11f1-a000-3b21148d6856,85.3577,9.49112,,8.73325,,,,1.4923,2.62089,0.19188,16dba9bc-162f-467c-82cd-d013dd0e9e5e,2026-04-24,20:14:27.74,2026-04-24T16:14:27.7432832-04:00,2026-04-24T20:14:27.7432832Z,LineDrive,v3,471298,471300,aea4d343e99b4d4c9dda1cfb8aed3ab6,"McAndrews, Thomas",836274,Right,FOR_RAM,341fdef9-b278-4817-b7e8-cb6a05a07b87,54.40753,-126.68493,15.19137,5.49713,-1.35569,-11.87597,3.33247,-7.26049,0.12487,109.161339,1.4923,138.22569,-18.34591,3.08438,-0.58471,0.09767,-0.01576,0.00199,-0.00011,2.62089,20.5902,-16.08598,1.07225,-0.16204,0.03602,-0.00781,0.00201,-0.00028,0.19188,2.13688,-8.15646,2.29821,-0.58457,0.12023,-0.01776,0.00075,0.00018,,,,,,,,,,,,,,,,,,,,,,,High,High,High,High,High,,,
122,2026-04-24,16:14:59.27,2,1,"Elson, Beau",1000255572,Left,FOR_RAM,"Blanchard, Evan",10073877,Right,GEO_PAT,Undefined,5,Top,0,0,0,Cutter,Cutter,BallCalled,Undefined,Undefined,Undefined,0,0,,87.52955,0.14085,3.16299,2432.079744,157.544516,11:15,5.47706,-2.47817,6.0774,-23.78753,12.7052,-4.74768,3.62528,0.05569,79.46605,-4.34567,2.310023,0.434785,,,,,,,,,,,,3.36445,6.86689,2.23579,50,5.47538,-6.81629,-126.91805,-0.41436,5.45361,27.48781,-21.04316,FOR_RAM,GEO_PAT,FordhamUniversity,D1,A10,20260424-FordhamUniversity-1,45177a90-401a-11f1-a000-3b21148d6856,86.69209,,,8.0635,,,,,,,16dba9bc-162f-467c-82cd-d013dd0e9e5e,2026-04-24,20:14:59.27,2026-04-24T16:14:59.2770560-04:00,2026-04-24T20:14:59.2770560Z,,v3,471298,471300,aea4d343e99b4d4c9dda1cfb8aed3ab6,"McAndrews, Thomas",836274,Right,FOR_RAM,36280024-ed3c-4682-8d6e-ae0031d3c0f6,54.4182,-127.87136,13.7439,5.47709,0.31544,-10.52158,2.47547,-7.00543,2.7268,,,,,,,,,,,,,,,,,,,,,,,,,,,,,,,,,,,,,,,,,,,,,,,,,,,High,High,High,,,,,
123,2026-04-24,16:15:31.71,2,2,"Elson, Beau",1000255572,Left,FOR_RAM,"Blanchard, Evan",10073877,Right,GEO_PAT,Undefined,5,Top,0,1,0,Cutter,Cutter,InPlay,Undefined,GroundBall,Out,1,0,,88.62586,-1.483286,3.097446,2473.44353,164.486468,11:30,5.49656,-2.51966,6.29572,-22.97297,12.35477,-3.09929,2.2131,0.07892,80.62158,-5.821347,2.538034,0.427789,92.76028,-7.816258,-35.317563,,,,,17.94589,17.68338,-32.784244,0.125114,2.54937,7.22489,2.29327,50,5.3763,-6.83435,-128.552,-4.01603,4.23294,28.58258,-20.17797,FOR_RAM,GEO_PAT,FordhamUniversity,D1,A10,20260424-FordhamUniversity-1,58702d30-401a-11f1-a000-3b21148d6856,88.10996,2.31848,,8.00428,,,,1.3061,2.31848,0.04676,16dba9bc-162f-467c-82cd-d013dd0e9e5e,2026-04-24,20:15:31.71,2026-04-24T16:15:31.7159936-04:00,2026-04-24T20:15:31.7159936Z,GroundBall,v3,471298,471300,aea4d343e99b4d4c9dda1cfb8aed3ab6,"McAndrews, Thomas",836274,Right,FOR_RAM,7c3b0c82-2224-4a69-8f8d-91a5e6774840,54.20213,-129.48294,14.29129,5.49639,-3.35883,-10.08898,2.51811,-6.97222,2.11647,180,1.30264,110.15022,,,,,,,,2.31906,-18.53098,,,,,,,,0.04921,-78.04141,,,,,,,,,,,,,,,,,,,,,,,,,,,,,,High,High,High,Low,Low,,,
124,2026-04-24,16:16:10.65,3,1,"Elson, Beau",1000255572,Left,FOR_RAM,"Tignor, Laken",1000091229,Right,GEO_PAT,Undefined,5,Top,1,0,0,Fastball,Four-Seam,StrikeCalled,Undefined,Undefined,Undefined,0,0,,89.55236,-2.207515,3.52006,2516.520379,153.08127,11:00,5.45762,-2.5381,6.33531,-22.82182,11.92268,-5.43327,1.51841,0.25426,81.17992,-6.519622,2.538973,0.424243,,,,,,,,,,,,3.91571,7.25662,2.2839,50,5.28578,-7.75952,-129.72756,-5.69025,6.59587,30.06343,-19.95057,FOR_RAM,GEO_PAT,FordhamUniversity,D1,A10,20260424-FordhamUniversity-1,6fc11c10-401a-11f1-a000-3b21148d6856,88.84642,,,8.37244,,,,,,,16dba9bc-162f-467c-82cd-d013dd0e9e5e,2026-04-24,20:16:10.65,2026-04-24T16:16:10.6514944-04:00,2026-04-24T20:16:10.6514944Z,,v3,471298,471300,aea4d343e99b4d4c9dda1cfb8aed3ab6,"McAndrews, Thomas",836274,Right,FOR_RAM,910be7c4-263d-4be7-bc90-d82271868225,54.16088,-130.68825,15.03171,5.45743,-5.05271,-9.97529,2.53523,-7.9703,3.29793,,,,,,,,,,,,,,,,,,,,,,,,,,,,,,,,,,,,,,,,,,,,,,,,,,,High,High,High,,,,,
125,2026-04-24,16:16:28.13,3,2,"Elson, Beau",1000255572,Left,FOR_RAM,"Tignor, Laken",1000091229,Right,GEO_PAT,Undefined,5,Top,1,0,1,Slider,Slider,StrikeSwinging,Undefined,Undefined,Undefined,0,0,,82.60394,-1.517957,3.37696,2367.120357,288.538499,3:30,5.45182,-2.41315,5.49303,-41.00294,0.925,1.34736,0.61216,0.86173,75.71032,-8.982294,3.616793,0.46604,,,,,,,,,,,,0.32035,1.25398,2.11636,50,5.29075,-7.11544,-119.67737,-4.59724,0.46135,24.61644,-30.36821,FOR_RAM,GEO_PAT,FordhamUniversity,D1,A10,20260424-FordhamUniversity-1,7a112f70-401a-11f1-a000-3b21148d6856,80.87813,,,6.89362,,,,,,,16dba9bc-162f-467c-82cd-d013dd0e9e5e,2026-04-24,20:16:28.13,2026-04-24T16:16:28.1397760-04:00,2026-04-24T20:16:28.1397760Z,,v3,471298,471300,aea4d343e99b4d4c9dda1cfb8aed3ab6,"McAndrews, Thomas",836274,Right,FOR_RAM,430bbe84-9c25-436d-878b-792d039d1660,55.00681,-120.70283,12.30822,5.45591,-3.33218,-15.18411,2.41318,-7.13466,0.23068,,,,,,,,,,,,,,,,,,,,,,,,,,,,,,,,,,,,,,,,,,,,,,,,,,,High,High,High,,,,,
126,2026-04-24,16:16:49.67,3,3,"Elson, Beau",1000255572,Left,FOR_RAM,"Tignor, Laken",1000091229,Right,GEO_PAT,Undefined,5,Top,1,0,2,Fastball,Four-Seam,InPlay,Undefined,GroundBall,Out,2,0,,91.25546,-0.337296,3.336551,2520.146837,153.472199,11:00,5.55325,-2.14332,6.20847,-21.81544,11.66634,-5.25457,3.42346,0.50176,82.69477,-4.464596,2.390322,0.416462,94.54226,3.888821,-9.513026,1759.337647,,,,80.24238,80.24238,-10.249921,0.618587,3.73744,6.48189,1.8953,50,5.517,-7.49548,-132.32787,-1.45684,6.56661,30.64116,-20.78554,FOR_RAM,GEO_PAT,FordhamUniversity,D1,A10,20260424-FordhamUniversity-1,86e26f70-401a-11f1-a000-3b21148d6856,90.50623,4.29561,,8.56069,,,,0.8256,3.43363,-0.49836,16dba9bc-162f-467c-82cd-d013dd0e9e5e,2026-04-24,20:16:49.67,2026-04-24T16:16:49.6747008-04:00,2026-04-24T20:16:49.6747008Z,GroundBall,v3,471298,471300,aea4d343e99b4d4c9dda1cfb8aed3ab6,"McAndrews, Thomas",836274,Right,FOR_RAM,3ef64068-d904-4c3d-b471-8094d70a6607,54.28855,-133.31721,15.32058,5.55321,-0.78572,-10.39277,2.14073,-7.7075,3.2833,13.044417,0.84291,136.06338,-15.84848,,,,,,,3.46708,8.67454,-23.16567,,,,,,,-0.49661,-22.90276,1.00317,,,,,,,,,,,,,,,,,,,,,,,,,,,,,High,High,High,High,High,,,
127,2026-04-24,16:18:48.56,1,1,"Stewart, Owen",10069636,Right,GEO_PAT,"Ocko, Madden",10300306,Right,FOR_RAM,Undefined,5,Bottom,0,0,0,Sinker,Sinker,BallCalled,Undefined,Undefined,Undefined,0,0,,90.34579,0.353446,-1.910849,2385.405043,240.688711,2:00,5.62018,1.35083,5.77386,-25.56891,9.56957,14.64867,3.81852,0.79278,80.73806,-4.456551,0.711728,0.426641,,,,,,,,,,,,-8.0154,5.14638,-1.20142,50,5.63437,3.6945,-130.85067,-0.06652,-13.58516,33.38421,-23.45156,FOR_RAM,GEO_PAT,FordhamUniversity,D1,A10,20260424-FordhamUniversity-1,cdbe1570-401a-11f1-a000-3b21148d6856,88.34689,,,9.60773,,,,,,,16dba9bc-162f-467c-82cd-d013dd0e9e5e,2026-04-24,20:18:48.56,2026-04-24T16:18:48.5697024-04:00,2026-04-24T20:18:48.5697024Z,,v3,471298,471300,aea4d343e99b4d4c9dda1cfb8aed3ab6,"Vaughan, Logan",1000232024,Right,GEO_PAT,ba567b3e-a077-474b-9057-8a278bc2f07f,54.71946,-132.04927,16.69211,5.62164,0.77546,-11.72578,-1.34282,4.18225,-6.79258,,,,,,,,,,,,,,,,,,,,,,,,,,,,,,,,,,,,,,,,,,,,,,,,,,,High,High,High,,,,,
128,2026-04-24,16:19:02.79,1,2,"Stewart, Owen",10069636,Right,GEO_PAT,"Ocko, Madden",10300306,Right,FOR_RAM,Undefined,5,Bottom,0,1,0,Cutter,Slider,StrikeSwinging,Undefined,Undefined,Undefined,0,0,,84.58838,-0.081306,-1.527146,2623.706072,83.338661,8:45,5.82331,1.36777,5.59796,-39.29581,0.3498,-7.96095,2.47273,-0.72174,77.36162,-7.281515,-2.948856,0.453178,,,,,,,,,,,,3.5754,0.6037,-1.23169,50,5.79098,3.60608,-122.77489,-1.57098,5.4287,25.50031,-31.25742,FOR_RAM,GEO_PAT,FordhamUniversity,D1,A10,20260424-FordhamUniversity-1,d6496e60-401a-11f1-a000-3b21148d6856,83.17353,,,7.22677,,,,,,,16dba9bc-162f-467c-82cd-d013dd0e9e5e,2026-04-24,20:19:02.79,2026-04-24T16:19:02.7982336-04:00,2026-04-24T20:19:02.7982336Z,,v3,471298,471300,aea4d343e99b4d4c9dda1cfb8aed3ab6,"Vaughan, Logan",1000232024,Right,GEO_PAT,357a5b3e-d20e-4232-8754-76cfc56f19a6,54.90023,-123.78848,12.75016,5.82874,-0.32856,-15.62871,-1.37073,3.3903,2.71435,,,,,,,,,,,,,,,,,,,,,,,,,,,,,,,,,,,,,,,,,,,,,,,,,,,High,High,High,,,,,
129,2026-04-24,16:19:17.97,1,3,"Stewart, Owen",10069636,Right,GEO_PAT,"Ocko, Madden",10300306,Right,FOR_RAM,Undefined,5,Bottom,0,1,1,Slider,Slider,InPlay,Undefined,GroundBall,Out,1,0,,79.87185,0.884362,-0.11454,2530.909016,88.408935,9:00,5.39159,1.68193,5.43989,-44.40605,1.13602,-21.1321,2.51925,-0.18633,71.77523,-7.286164,-3.87822,0.485711,96.65575,7.879524,-17.788601,1942.428901,103.37852,4.73052,-37.58579,141.13525,130.96943,-20.743332,1.117486,10.59249,0.74925,-1.6567,50,5.4395,1.08939,-115.72734,0.27784,14.00675,26.61837,-31.18329,FOR_RAM,GEO_PAT,FordhamUniversity,D1,A10,20260424-FordhamUniversity-1,df520da0-401a-11f1-a000-3b21148d6856,77.60265,7.09107,,8.09662,,,,1.2808,2.48983,0.17805,16dba9bc-162f-467c-82cd-d013dd0e9e5e,2026-04-24,20:19:17.97,2026-04-24T16:19:17.9715072-04:00,2026-04-24T20:19:17.9715072Z,LineDrive,v3,471298,471300,aea4d343e99b4d4c9dda1cfb8aed3ab6,"Vaughan, Logan",1000232024,Right,GEO_PAT,a985b3f1-2d79-4f6e-b27e-c0e2e26713a0,55.05751,-116.88483,13.30918,5.39794,1.63383,-15.59164,-1.69082,0.48031,7.00337,71.235743,1.2808,133.7095,-17.42932,2.69919,-0.54182,0.09064,-0.01697,0.00296,-0.0003,2.48983,19.43417,-21.5292,2.35721,-0.49246,0.10925,-0.02125,0.00388,-0.00044,0.17805,-42.90005,-2.99579,1.44166,-0.41121,0.10436,-0.0233,0.00446,-0.00049,,,,,,,,,,,,,,,,,,,,,,,High,High,High,High,Medium,,,
130,2026-04-24,16:19:48.94,2,1,"Stewart, Owen",10069636,Right,GEO_PAT,"Dean, Mason",1000150670,Left,FOR_RAM,Undefined,5,Bottom,1,0,0,Fastball,Four-Seam,StrikeCalled,Undefined,Undefined,Undefined,0,0,,92.26304,-0.368887,-1.456213,2508.927896,204.035043,12:45,5.66223,1.3999,6.17076,-20.11596,12.54343,5.1076,3.64508,0.48027,83.75359,-4.183546,-0.534886,0.411316,,,,,,,,,,,,-3.05091,6.91615,-1.29207,50,5.62404,3.18349,-133.95879,-1.48628,-5.50682,30.7415,-19.69051,FOR_RAM,GEO_PAT,FordhamUniversity,D1,A10,20260424-FordhamUniversity-1,f1c06040-401a-11f1-a000-3b21148d6856,91.63867,,,8.50945,,,,,,,16dba9bc-162f-467c-82cd-d013dd0e9e5e,2026-04-24,20:19:48.94,2026-04-24T16:19:48.9466880-04:00,2026-04-24T20:19:48.9466880Z,,v3,471298,471300,aea4d343e99b4d4c9dda1cfb8aed3ab6,"Vaughan, Logan",1000232024,Right,GEO_PAT,c6df56ac-1645-4395-ac34-e1e8a3e31fdf,54.32482,-134.94762,15.37075,5.66166,-0.85291,-9.84525,-1.39732,3.36062,-2.75341,,,,,,,,,,,,,,,,,,,,,,,,,,,,,,,,,,,,,,,,,,,,,,,,,,,High,High,High,,,,,
131,2026-04-24,16:20:03.78,2,2,"Stewart, Owen",10069636,Right,GEO_PAT,"Dean, Mason",1000150670,Left,FOR_RAM,Undefined,5,Bottom,1,0,1,Cutter,Slider,FoulBallNotFieldable,Undefined,Undefined,Undefined,0,0,,85.86725,-0.52853,-0.397248,2634.441196,96.029632,9:15,5.66398,1.58609,5.60885,-36.20675,1.80969,-6.66209,2.15339,0.66011,79.32196,-7.151232,-1.588376,0.443769,79.43675,40.156921,-47.243362,6221.649008,74.30833,53.36453,-81.10655,210.02265,110.29679,-47.917651,3.249995,3.29398,1.36969,-1.54766,50,5.59517,1.13952,-124.82527,-2.44122,5.22835,23.71407,-30,FOR_RAM,GEO_PAT,FordhamUniversity,D1,A10,20260424-FordhamUniversity-1,fa99d930-401a-11f1-a000-3b21148d6856,84.93707,53.37514,,6.5453,,,,0.67858,1.81059,-0.37725,16dba9bc-162f-467c-82cd-d013dd0e9e5e,2026-04-24,20:20:03.78,2026-04-24T16:20:03.7845504-04:00,2026-04-24T20:20:03.7845504Z,FlyBall,v3,471298,471300,aea4d343e99b4d4c9dda1cfb8aed3ab6,"Vaughan, Logan",1000232024,Right,GEO_PAT,58a59c3b-d136-46b8-ab7e-7b18732c27cb,54.89152,-125.75112,11.85704,5.66761,-1.26995,-15,-1.58817,0.93539,2.61417,,0.67878,60.44202,-9.91917,2.27602,-0.30473,-0.06888,0.05573,-0.01302,0.00108,1.81037,75.14285,-33.43436,5.88215,-1.68456,0.53073,-0.1436,0.02365,-0.00166,-0.37749,-65.36947,10.04301,-2.27643,0.25722,0.10935,-0.07234,0.01635,-0.00135,,,,,,,,,,,,,,,,,,,,,,,High,High,High,Medium,Low,,,
132,2026-04-24,16:20:22.90,2,3,"Stewart, Owen",10069636,Right,GEO_PAT,"Dean, Mason",1000150670,Left,FOR_RAM,Undefined,5,Bottom,1,0,2,Cutter,Slider,InPlay,Undefined,LineDrive,Single,0,0,,84.57014,-0.704915,-0.635445,2537.827971,122.605862,10:00,5.76497,1.51923,5.73028,-35.00179,4.68544,-5.18292,2.19159,0.49551,76.83885,-7.172833,-1.563974,0.453416,90.33411,11.161659,14.952392,1176.992623,105.61164,14.72389,30.75803,222.36438,216.90565,18.270033,2.127043,2.45,2.99028,-1.46298,50,5.68475,1.57191,-122.71789,-2.69398,3.69156,26.98845,-27.66841,FOR_RAM,GEO_PAT,FordhamUniversity,D1,A10,20260424-FordhamUniversity-1,06043630-401b-11f1-a000-3b21148d6856,83.1299,14.77605,,7.73129,,,,1.59498,2.20202,-0.48348,16dba9bc-162f-467c-82cd-d013dd0e9e5e,2026-04-24,20:20:22.90,2026-04-24T16:20:22.9071872-04:00,2026-04-24T20:20:22.9071872Z,LineDrive,v3,471298,471300,aea4d343e99b4d4c9dda1cfb8aed3ab6,"Vaughan, Logan",1000232024,Right,GEO_PAT,4660705a-f4aa-47b3-b7ee-6b8c723a591b,54.76744,-123.76192,13.49423,5.76826,-1.62365,-13.83421,-1.52102,1.4291,1.84578,219.415902,1.59498,125.5825,-17.53945,3.23268,-0.63058,0.1106,-0.01709,0.00211,-0.00013,2.20202,25.64719,-13.5519,0.49956,-0.02481,0.00743,-0.00162,0.00062,-9E-05,-0.48349,33.53806,0.35854,-0.5453,0.18326,-0.03899,0.0051,-0.00016,-3E-05,,,,,,,,,,,,,,,,,,,,,,,High,High,High,High,High,,,
133,2026-04-24,16:20:58.27,3,1,"Stewart, Owen",10069636,Right,GEO_PAT,"Young, Caden",10264258,Right,FOR_RAM,Undefined,5,Bottom,1,0,0,Slider,Slider,BallCalled,Undefined,Undefined,Undefined,0,0,,81.93159,-0.468717,0.095321,2685.123384,83.865053,8:45,5.43321,1.92643,5.54284,-42.76018,0.26799,-12.53674,1.4318,0.97079,73.86094,-8.326618,-2.144749,0.472115,,,,,,,,,,,,6.38481,0.73961,-1.92608,50,5.36445,0.31355,-118.75215,-2.4434,8.90732,27.62449,-31.14226,FOR_RAM,GEO_PAT,FordhamUniversity,D1,A10,20260424-FordhamUniversity-1,1b1239f0-401b-11f1-a000-3b21148d6856,79.8374,,,8.07064,,,,,,,16dba9bc-162f-467c-82cd-d013dd0e9e5e,2026-04-24,20:20:58.27,2026-04-24T16:20:58.2750000-04:00,2026-04-24T20:20:58.2750000Z,,v3,471298,471300,aea4d343e99b4d4c9dda1cfb8aed3ab6,"Vaughan, Logan",1000232024,Right,GEO_PAT,ed4d8702-05ae-4069-8cc0-2ae577ec3d24,54.95435,-119.89911,13.81225,5.43905,-1.15039,-15.57113,-1.93142,-0.05628,4.45366,,,,,,,,,,,,,,,,,,,,,,,,,,,,,76.06962,,0.786432,,3.06486,1.66928,-1.03151,0.80732,6.22238,1.03667,,,,0.8456,110.8884,-10.38789,6.23331,2.52313,-12.49267,1.02198,-1.16712,2.85355,High,High,High,,,High,High,Low
134,2026-04-24,16:21:26.77,3,2,"Stewart, Owen",10069636,Right,GEO_PAT,"Young, Caden",10264258,Right,FOR_RAM,Undefined,5,Bottom,1,1,0,Slider,Slider,BallCalled,Undefined,Undefined,Undefined,0,0,,80.39808,0.86469,1.125076,2638.473309,80.034313,8:45,5.55524,1.97551,5.69619,-46.24739,-1.74248,-19.54111,2.5073,1.39567,72.23605,-7.669005,-2.374239,0.480148,,,,,,,,,,,,10.19717,-0.60295,-2.05815,50,5.59984,-1.48819,-116.51368,0.19396,13.67897,26.82051,-32.98289,FOR_RAM,GEO_PAT,FordhamUniversity,D1,A10,20260424-FordhamUniversity-1,2c298810-401b-11f1-a000-3b21148d6856,78.50166,,,8.16203,,,,,,,16dba9bc-162f-467c-82cd-d013dd0e9e5e,2026-04-24,20:21:26.77,2026-04-24T16:21:26.7729920-04:00,2026-04-24T20:21:26.7729920Z,,v3,471298,471300,aea4d343e99b4d4c9dda1cfb8aed3ab6,"Vaughan, Logan",1000232024,Right,GEO_PAT,a77e249f-5690-4cb7-9b51-34ce7f6965de,54.79993,-117.6134,13.41025,5.56416,1.54635,-16.49144,-1.98563,-2.04906,6.83949,,,,,,,,,,,,,,,,,,,,,,,,,,,,,,,,,,,,,,,,,,,,,,,,,,,High,High,High,,,,,
135,2026-04-24,16:21:46.17,3,3,"Stewart, Owen",10069636,Right,GEO_PAT,"Young, Caden",10264258,Right,FOR_RAM,Undefined,5,Bottom,1,2,0,Cutter,Slider,BallCalled,Undefined,Undefined,Undefined,0,0,,83.63782,0.733036,0.32467,2631.11134,86.543366,9:00,5.68014,1.62265,5.46117,-40.03128,0.94598,-7.6517,3.03037,1.2889,75.88352,-6.618154,-1.039052,0.460726,,,,,,,,,,,,3.93221,0.69941,-1.64593,50,5.71758,-0.36088,-121.31059,0.11761,5.79615,26.13242,-31.14308,FOR_RAM,GEO_PAT,FordhamUniversity,D1,A10,20260424-FordhamUniversity-1,37c77830-401b-11f1-a000-3b21148d6856,81.81096,,,7.7543,,,,,,,16dba9bc-162f-467c-82cd-d013dd0e9e5e,2026-04-24,20:21:46.17,2026-04-24T16:21:46.1756416-04:00,2026-04-24T20:21:46.1756416Z,,v3,471298,471300,aea4d343e99b4d4c9dda1cfb8aed3ab6,"Vaughan, Logan",1000232024,Right,GEO_PAT,61798b8d-f63b-4101-b825-19bce586e630,55.03553,-122.39053,13.06621,5.68613,1.40461,-15.57154,-1.62607,-0.60041,2.89808,,,,,,,,,,,,,,,,,,,,,,,,,,,,,,,,,,,,,,,,,,,,,,,,,,,High,High,High,,,,,
136,2026-04-24,16:22:11.35,3,4,"Stewart, Owen",10069636,Right,GEO_PAT,"Young, Caden",10264258,Right,FOR_RAM,Undefined,5,Bottom,1,3,0,Fastball,Four-Seam,BallCalled,Walk,Undefined,Undefined,0,0,,90.77939,-0.507515,-2.1139,2413.970563,211.602213,1:00,5.68138,1.65791,6.27944,-19.548,14.37564,8.08611,3.58428,0.38246,81.66489,-4.252431,-0.653045,0.419201,,,,,,,,,,,,-4.84496,7.97091,-1.50541,50,5.6344,4.51555,-131.66007,-1.72684,-8.36609,32.1909,-18.41017,FOR_RAM,GEO_PAT,FordhamUniversity,D1,A10,20260424-FordhamUniversity-1,46a5c640-401b-11f1-a000-3b21148d6856,89.91488,,,9.11449,,,,,,,16dba9bc-162f-467c-82cd-d013dd0e9e5e,2026-04-24,20:22:11.35,2026-04-24T16:22:11.3549312-04:00,2026-04-24T20:22:11.3549312Z,,v3,471298,471300,aea4d343e99b4d4c9dda1cfb8aed3ab6,"Vaughan, Logan",1000232024,Right,GEO_PAT,8b099429-acf9-423b-bbfe-7ba46ba74dff,54.21493,-132.68662,16.09545,5.68011,-1.13975,-9.20509,-1.65366,4.78235,-4.18304,,,,,,,,,,,,,,,,,,,,,,,,,,,,,,,,,,,,,,,,,,,,,,,,,,,High,High,High,,,,,
137,2026-04-24,16:22:43.94,4,1,"Stewart, Owen",10069636,Right,GEO_PAT,"Ford, Tim",1000142266,Right,FOR_RAM,Undefined,5,Bottom,1,0,0,Cutter,Slider,StrikeCalled,Undefined,Undefined,Undefined,0,0,,84.67607,0.436662,-0.746742,2451.920005,49.278459,7:45,5.65894,1.59622,5.84283,-41.53691,-1.94768,-3.89996,2.60338,0.57722,76.58658,-7.231358,-1.44693,0.452856,,,,,,,,,,,,1.73843,-0.68484,-1.53319,50,5.67053,1.76243,-122.84324,-0.50517,2.61282,28.06229,-33.20333,FOR_RAM,GEO_PAT,FordhamUniversity,D1,A10,20260424-FordhamUniversity-1,5a0ea580-401b-11f1-a000-3b21148d6856,83.23275,,,8.08949,,,,,,,16dba9bc-162f-467c-82cd-d013dd0e9e5e,2026-04-24,20:22:43.94,2026-04-24T16:22:43.9490560-04:00,2026-04-24T20:22:43.9490560Z,,v3,471298,471300,aea4d343e99b4d4c9dda1cfb8aed3ab6,"Vaughan, Logan",1000232024,Right,GEO_PAT,f6403419-be70-4d79-8b86-94f4631dc09d,54.65382,-123.9018,14.03115,5.66597,0.74731,-16.60167,-1.59781,1.66387,1.30641,,,,,,,,,,,,,,,,,,,,,,,,,,,,,,,,,,,,,,,,,,,,,,,,,,,High,High,High,,,,,
138,2026-04-24,16:23:04.61,4,2,"Stewart, Owen",10069636,Right,GEO_PAT,"Ford, Tim",1000142266,Right,FOR_RAM,Undefined,5,Bottom,1,0,1,Slider,Slider,StrikeSwinging,Undefined,Undefined,Undefined,0,0,,81.39969,1.191751,-0.48696,2627.01207,110.29827,9:45,5.47854,1.97613,5.43991,-37.47053,6.39532,-12.76761,3.47211,0.45618,72.88649,-5.754396,-2.759079,0.476688,,,,,,,,,,,,6.18382,3.32075,-1.92425,50,5.55876,1.54455,-117.84828,1.1807,8.49295,27.28117,-27.61328,FOR_RAM,GEO_PAT,FordhamUniversity,D1,A10,20260424-FordhamUniversity-1,6662c640-401b-11f1-a000-3b21148d6856,79.07143,,,8.5132,,,,,,,16dba9bc-162f-467c-82cd-d013dd0e9e5e,2026-04-24,20:23:04.61,2026-04-24T16:23:04.6134784-04:00,2026-04-24T20:23:04.6134784Z,,v3,471298,471300,aea4d343e99b4d4c9dda1cfb8aed3ab6,"Vaughan, Logan",1000232024,Right,GEO_PAT,f063f2e5-0a5f-4433-b6c0-50ffa1f57eb7,55.05349,-119.01238,13.64059,5.48324,2.35898,-13.80664,-1.98242,1.18215,4.24647,,,,,,,,,,,,,,,,,,,,,,,,,,,,,,,,,,,,,,,,,,,,,,,,,,,High,High,High,,,,,
139,2026-04-24,16:23:24.40,4,3,"Stewart, Owen",10069636,Right,GEO_PAT,"Ford, Tim",1000142266,Right,FOR_RAM,Undefined,5,Bottom,1,0,2,Slider,Slider,BallCalled,Undefined,Undefined,Undefined,0,0,,80.56436,1.405536,-2.085146,2620.414133,89.45188,9:00,5.47992,1.45962,5.33441,-43.41483,1.52642,-14.57465,3.18184,-1.7121,72.44777,-6.566156,-4.669417,0.482496,,,,,,,,,,,,6.54603,0.7965,-1.2606,50,5.57624,4.85619,-116.59419,1.34894,8.81089,26.45889,-31.10197,FOR_RAM,GEO_PAT,FordhamUniversity,D1,A10,20260424-FordhamUniversity-1,723d2320-401b-11f1-a000-3b21148d6856,78.11964,,,8.11659,,,,,,,16dba9bc-162f-467c-82cd-d013dd0e9e5e,2026-04-24,20:23:24.40,2026-04-24T16:23:24.4026368-04:00,2026-04-24T20:23:24.4026368Z,,v3,471298,471300,aea4d343e99b4d4c9dda1cfb8aed3ab6,"Vaughan, Logan",1000232024,Right,GEO_PAT,4e7a5b97-bc0f-4760-b6ac-9cdcf919a6ca,55.16119,-117.75961,13.22945,5.48665,2.71886,-15.55098,-1.46595,4.46811,4.40545,,,,,,,,,,,,,,,,,,,,,,,,,,,,,,,,,,,,,,,,,,,,,,,,,,,High,High,High,,,,,
140,2026-04-24,16:23:46.37,4,4,"Stewart, Owen",10069636,Right,GEO_PAT,"Ford, Tim",1000142266,Right,FOR_RAM,Undefined,5,Bottom,1,1,2,Slider,Slider,StrikeSwinging,Strikeout,Undefined,Undefined,0,0,,80.83781,-0.050554,-0.893688,2705.50121,93.428422,9:00,5.50301,1.53137,5.15784,-42.15652,2.81571,-18.4193,1.94238,-0.84486,72.69862,-7.763426,-4.156945,0.482663,,,,,,,,,,,,8.80178,1.9476,-1.4334,50,5.46661,2.61651,-117.02279,-1.60758,11.90536,27.14235,-29.53972,FOR_RAM,GEO_PAT,FordhamUniversity,D1,A10,20260424-FordhamUniversity-1,7f492230-401b-11f1-a000-3b21148d6856,78.09274,,,8.13919,,,,,,,16dba9bc-162f-467c-82cd-d013dd0e9e5e,2026-04-24,20:23:46.37,2026-04-24T16:23:46.3789056-04:00,2026-04-24T20:23:46.3789056Z,,v3,471298,471300,aea4d343e99b4d4c9dda1cfb8aed3ab6,"Vaughan, Logan",1000232024,Right,GEO_PAT,26a328c5-5546-4900-a7f5-74f48419f606,55.33749,-118.2543,13.57117,5.50915,-0.2673,-14.76986,-1.53986,2.07634,5.95268,,,,,,,,,,,,,,,,,,,,,,,,,,,,,,,,,,,,,,,,,,,,,,,,,,,High,High,High,,,,,
141,2026-04-24,16:24:19.98,5,1,"Stewart, Owen",10069636,Right,GEO_PAT,"Markey, Tommy",10084492,Left,FOR_RAM,Undefined,5,Bottom,2,0,0,Cutter,Slider,FoulBallNotFieldable,Undefined,Undefined,Undefined,0,0,,84.12739,0.412477,-0.733625,2614.789755,76.998353,8:30,5.74247,1.77634,5.40796,-41.02191,-0.70764,-8.66721,2.71048,0.36669,76.93813,-7.07905,-2.276793,0.456984,27.33781,36.433016,-64.76553,3506.150551,,,,48.64303,48.64303,-67.074763,1.491224,4.15453,-0.10177,-1.70477,50,5.75044,1.92865,-122.12576,-0.61156,6.24656,25.05039,-32.32705,FOR_RAM,GEO_PAT,FordhamUniversity,D1,A10,20260424-FordhamUniversity-1,93646180-401b-11f1-a000-3b21148d6856,82.48091,10.73797,,7.18926,,,,-0.13443,2.67902,-0.85477,16dba9bc-162f-467c-82cd-d013dd0e9e5e,2026-04-24,20:24:19.98,2026-04-24T16:24:19.9838208-04:00,2026-04-24T20:24:19.9838208Z,GroundBall,v3,471298,471300,aea4d343e99b4d4c9dda1cfb8aed3ab6,"Vaughan, Logan",1000232024,Right,GEO_PAT,eb2b61f8-c816-4d2e-b88c-33d467bc972e,55.09117,-123.16563,12.52519,5.74797,0.73037,-16.16352,-1.77945,1.66935,3.12328,,-0.13443,13.75228,-0.46243,-0.10751,0.06457,-0.03111,-0.11663,0.11045,-0.02691,2.67902,23.81115,-17.99743,0.6786,0.04568,-0.45104,0.49918,-0.2277,0.03802,-0.85478,-29.17953,-0.8056,0.57447,-0.41381,0.5784,-0.42499,0.14342,-0.01817,,,,,,,,,,,,,,,,,,,,,,,High,High,High,Low,High,,,
142,2026-04-24,16:24:45.64,5,2,"Stewart, Owen",10069636,Right,GEO_PAT,"Markey, Tommy",10084492,Left,FOR_RAM,Undefined,5,Bottom,2,0,1,Slider,Slider,InPlay,Undefined,GroundBall,Out,1,0,,79.80741,-0.38194,-0.472157,2558.056332,90.503607,9:00,5.57264,1.77365,5.58288,-43.16412,1.7174,-19.19824,1.61893,-0.26715,72.67148,-8.29684,-3.902999,0.482176,94.54214,3.991216,25.62538,2271.53805,,,,90.87761,84.59336,27.726325,0.711565,9.60375,1.42492,-1.72012,50,5.51174,1.70528,-115.80819,-2.20374,12.85761,24.48712,-30.26636,FOR_RAM,GEO_PAT,FordhamUniversity,D1,A10,20260424-FordhamUniversity-1,a2b631e0-401b-11f1-a000-3b21148d6856,78.17161,2.93798,,7.13593,,,,1.10201,1.60143,0.54556,16dba9bc-162f-467c-82cd-d013dd0e9e5e,2026-04-24,20:24:45.64,2026-04-24T16:24:45.6412160-04:00,2026-04-24T20:24:45.6412160Z,GroundBall,v3,471298,471300,aea4d343e99b4d4c9dda1cfb8aed3ab6,"Vaughan, Logan",1000232024,Right,GEO_PAT,5db5dddd-793a-4818-aed4-7cc8152f3afe,54.91623,-116.84308,12.24356,5.57784,-0.9246,-15.13318,-1.78071,1.16188,6.42881,,1.15283,123.75075,-17.40662,,,,,,,1.62525,9.19872,-16.18162,,,,,,,0.53958,59.94084,-1.78844,,,,,,,,,,,,,,,,,,,,,,,,,,,,,High,High,High,High,High,,,
143,2026-04-24,16:27:15.28,1,1,"Elson, Beau",1000255572,Left,FOR_RAM,"Vaughan, Logan",1000232024,Right,GEO_PAT,Undefined,6,Top,0,0,1,Cutter,Cutter,BallCalled,Undefined,Undefined,Undefined,0,0,,86.11839,-0.050954,5.139721,2440.183472,186.990288,12:15,5.33328,-3.21089,5.95473,-27.88431,10.18264,1.09406,2.96215,1.65958,78.35691,-5.247324,5.334795,0.444064,,,,,,,,,,,,0.96854,5.62382,2.8009,50,5.31374,-11.2472,-124.54504,-0.99887,1.5116,26.50188,-23.39699,FOR_RAM,GEO_PAT,FordhamUniversity,D1,A10,20260424-FordhamUniversity-1,fbe130d0-401b-11f1-a000-3b21148d6856,84.88067,,,7.76147,,,,,,,16dba9bc-162f-467c-82cd-d013dd0e9e5e,2026-04-24,20:27:15.28,2026-04-24T16:27:15.2858624-04:00,2026-04-24T20:27:15.2858624Z,,v3,471298,471300,aea4d343e99b4d4c9dda1cfb8aed3ab6,"McAndrews, Thomas",836274,Right,FOR_RAM,bb27aaa3-d9d0-48f8-b63f-fae74813a09e,54.54145,-125.50769,13.25094,5.33459,-0.149,-11.69849,3.21044,-11.3021,0.7558,,,,,,,,,,,,,,,,,,,,,,,,,,,,,,,,,,,,,,,,,,,,,,,,,,,High,High,High,,,,,
144,2026-04-24,16:27:32.29,1,2,"Elson, Beau",1000255572,Left,FOR_RAM,"Vaughan, Logan",1000232024,Right,GEO_PAT,Undefined,6,Top,0,1,1,Fastball,Four-Seam,FoulBallNotFieldable,Undefined,Undefined,Undefined,0,0,,90.53224,-1.851391,3.923901,2546.820367,150.949438,11:00,5.55605,-3.23427,6.02515,-19.05446,15.43324,-7.88197,2.24888,-0.25128,81.71969,-5.476282,2.510554,0.422672,,,,,,,,,,,,5.33811,8.90359,2.93128,50,5.40067,-8.66058,-131.05057,-4.81763,9.1525,31.33704,-16.90828,FOR_RAM,GEO_PAT,FordhamUniversity,D1,A10,20260424-FordhamUniversity-1,05f350d0-401c-11f1-a000-3b21148d6856,89.17656,,,8.81255,,,,,,,16dba9bc-162f-467c-82cd-d013dd0e9e5e,2026-04-24,20:27:32.29,2026-04-24T16:27:32.2986496-04:00,2026-04-24T20:27:32.2986496Z,,v3,471298,471300,aea4d343e99b4d4c9dda1cfb8aed3ab6,"McAndrews, Thomas",836274,Right,FOR_RAM,df9e8ee4-83dd-4013-8a3c-03cd77a3d33b,54.47256,-132.11573,15.66852,5.55465,-4.24291,-8.45414,3.23094,-8.97167,4.57625,,,,,,,,,,,,,,,,,,,,,,,,,,,,,,,,,,,,,,,,,,,,,,,,,,,High,High,High,,,,,
145,2026-04-24,16:27:58.64,1,3,"Elson, Beau",1000255572,Left,FOR_RAM,"Vaughan, Logan",1000232024,Right,GEO_PAT,Undefined,6,Top,0,1,2,Cutter,Cutter,BallCalled,Undefined,Undefined,Undefined,0,0,,86.68097,-0.794047,6.452491,2435.816042,203.329299,12:45,5.41216,-3.15395,6.04211,-29.00273,9.37623,3.39847,2.25536,3.12871,77.55048,-6.217026,7.056615,0.44588,,,,,,,,,,,,0.57917,5.56319,2.6474,50,5.33477,-14.25748,-124.79282,-2.65589,0.8893,31.26752,-23.63188,FOR_RAM,GEO_PAT,FordhamUniversity,D1,A10,20260424-FordhamUniversity-1,15b261f0-401c-11f1-a000-3b21148d6856,84.53495,,,9.13049,,,,,,,16dba9bc-162f-467c-82cd-d013dd0e9e5e,2026-04-24,20:27:58.64,2026-04-24T16:27:58.6426880-04:00,2026-04-24T20:27:58.6426880Z,,v3,471298,471300,aea4d343e99b4d4c9dda1cfb8aed3ab6,"McAndrews, Thomas",836274,Right,FOR_RAM,dd1ec18b-27c4-45c9-b078-a2e20a3992ad,54.44952,-125.90273,15.63376,5.41416,-1.81702,-11.81594,3.15407,-14.28905,0.44465,,,,,,,,,,,,,,,,,,,,,,,,,,,,,,,,,,,,,,,,,,,,,,,,,,,High,High,High,,,,,
146,2026-04-24,16:28:21.54,1,4,"Elson, Beau",1000255572,Left,FOR_RAM,"Vaughan, Logan",1000232024,Right,GEO_PAT,Undefined,6,Top,0,2,2,Fastball,Four-Seam,FoulBallNotFieldable,Undefined,Undefined,Undefined,0,0,,90.44852,-2.395111,3.572485,2438.540433,162.345488,11:30,5.47121,-3.14043,6.25199,-16.57131,17.93029,-5.28559,1.87593,-0.2821,81.10035,-5.60011,2.62026,0.422757,72.77242,49.615627,-50.377901,,75.26022,70.36699,-80.22372,180.57426,152.62323,-45.418891,3.986453,3.97571,10.5102,2.87737,50,5.28487,-7.95436,-130.87924,-5.92186,6.74556,33.24098,-14.34152,FOR_RAM,GEO_PAT,FordhamUniversity,D1,A10,20260424-FordhamUniversity-1,235ee6c0-401c-11f1-a000-3b21148d6856,89.15862,71.13652,,9.34817,,,,2.10093,1.74119,0.29903,16dba9bc-162f-467c-82cd-d013dd0e9e5e,2026-04-24,20:28:21.54,2026-04-24T16:28:21.5410176-04:00,2026-04-24T20:28:21.5410176Z,Popup,v3,471298,471300,aea4d343e99b4d4c9dda1cfb8aed3ab6,"McAndrews, Thomas",836274,Right,FOR_RAM,7b4bb256-c7c7-4eb1-80ea-198d005dbd20,54.24418,-131.95278,16.62049,5.46864,-5.45869,-7.17076,3.13778,-8.17221,3.37278,,2.10099,44.09766,-6.55607,1.48909,-0.26072,0.02261,0.00547,-0.00195,0.00017,1.74064,81.31708,-29.40383,4.62541,-1.28893,0.37873,-0.09209,0.01338,-0.00081,0.29886,-53.25993,10.58667,-2.36777,0.39151,-0.01884,-0.01446,0.00404,-0.00033,,,,,,,,,,,,,,,,,,,,,,,High,High,High,Medium,Low,,,
147,2026-04-24,16:28:50.72,1,5,"Elson, Beau",1000255572,Left,FOR_RAM,"Vaughan, Logan",1000232024,Right,GEO_PAT,Undefined,6,Top,0,2,2,Fastball,Four-Seam,InPlay,Undefined,Popup,Out,1,0,,91.47345,-1.215918,2.978716,2563.692168,167.558216,11:30,5.50759,-3.13506,6.26806,-15.98174,17.49761,-3.5911,3.05312,-0.68573,82.30324,-4.30917,2.331063,0.416447,58.24422,41.171815,15.425537,3182.308485,107.06418,51.6047,25.24298,185.1297,181.98587,11.238681,3.786683,2.84032,9.83453,2.91621,50,5.40969,-6.74913,-132.57751,-3.24133,4.97007,32.80218,-14.96531,FOR_RAM,GEO_PAT,FordhamUniversity,D1,A10,20260424-FordhamUniversity-1,34c60290-401c-11f1-a000-3b21148d6856,90.50954,52.22639,,9.17021,,,,1.96198,3.17769,0.74169,16dba9bc-162f-467c-82cd-d013dd0e9e5e,2026-04-24,20:28:50.72,2026-04-24T16:28:50.7246592-04:00,2026-04-24T20:28:50.7246592Z,Popup,v3,471298,471300,aea4d343e99b4d4c9dda1cfb8aed3ab6,"McAndrews, Thomas",836274,Right,FOR_RAM,25c281e0-76ef-4d28-86f9-25d45f9a8d63,54.22803,-133.61952,16.40109,5.5051,-2.76594,-7.48266,3.13311,-6.90701,2.48503,163.420784,1.96239,61.97427,-7.00753,1.19675,0.06023,-0.14456,0.04926,-0.00741,0.00043,3.17761,56.23728,-17.66239,1.29012,-0.38273,0.10936,-0.01723,0.00095,2E-05,0.74208,17.09161,-3.27915,0.45646,0.05791,-0.07778,0.02422,-0.00334,0.00018,,,,,,,,,,,,,,,,,,,,,,,High,High,High,High,Medium,,,
148,2026-04-24,16:29:28.95,2,1,"Elson, Beau",1000255572,Left,FOR_RAM,"Clyne , Owen",1000230336,Left,GEO_PAT,Undefined,6,Top,1,0,0,Fastball,Four-Seam,StrikeCalled,Undefined,Undefined,Undefined,0,0,,89.88286,-1.603834,4.764006,2582.118719,164.769063,11:30,5.53326,-3.05302,6.35049,-13.21702,21.38954,-5.48551,2.95006,0.88512,81.05646,-4.201357,3.77709,0.4234,,,,,,,,,,,,4.32059,11.9415,2.7089,50,5.40976,-10.60464,-130.00012,-3.92941,7.30179,30.41888,-11.9929,FOR_RAM,GEO_PAT,FordhamUniversity,D1,A10,20260424-FordhamUniversity-1,4b8a68e0-401c-11f1-a000-3b21148d6856,89.02331,,,8.82639,,,,,,,16dba9bc-162f-467c-82cd-d013dd0e9e5e,2026-04-24,20:29:28.95,2026-04-24T16:29:28.9520640-04:00,2026-04-24T20:29:28.9520640Z,,v3,471298,471300,aea4d343e99b4d4c9dda1cfb8aed3ab6,"McAndrews, Thomas",836274,Right,FOR_RAM,932f2c86-4896-4692-8b03-3f58cd53194c,54.14372,-130.96612,15.20944,5.5285,-3.54856,-5.99645,3.04935,-10.83652,3.6509,,,,,,,,,,,,,,,,,,,,,,,,,,,,,,,,,,,,,,,,,,,,,,,,,,,High,High,High,,,,,
149,2026-04-24,16:29:45.33,2,2,"Elson, Beau",1000255572,Left,FOR_RAM,"Clyne , Owen",1000230336,Left,GEO_PAT,Undefined,6,Top,1,0,1,Slider,Slider,FoulBallNotFieldable,Undefined,Undefined,Undefined,0,0,,81.87533,-0.186223,3.366113,2370.817965,11.771082,6:30,5.43417,-3.12642,5.45359,-46.49518,-3.16106,-0.99539,1.38494,-0.05463,73.8881,-8.681524,3.189053,0.47379,,,,,,,,,,,,1.66917,-1.19787,2.82996,50,5.3855,-6.92942,-118.48917,-2.00509,2.31928,27.41701,-33.83848,FOR_RAM,GEO_PAT,FordhamUniversity,D1,A10,20260424-FordhamUniversity-1,554e1ac0-401c-11f1-a000-3b21148d6856,79.55508,,,7.98723,,,,,,,16dba9bc-162f-467c-82cd-d013dd0e9e5e,2026-04-24,20:29:45.33,2026-04-24T16:29:45.3360640-04:00,2026-04-24T20:29:45.3360640Z,,v3,471298,471300,aea4d343e99b4d4c9dda1cfb8aed3ab6,"McAndrews, Thomas",836274,Right,FOR_RAM,4c6ce82c-d36f-4593-9c48-09bb9c2cf995,55.04542,-119.65093,13.70851,5.44008,-0.57123,-16.91924,3.12567,-7.0277,1.15964,,,,,,,,,,,,,,,,,,,,,,,,,,,,,,,,,,,,,,,,,,,,,,,,,,,High,High,High,,,,,
150,2026-04-24,16:30:08.65,2,3,"Elson, Beau",1000255572,Left,FOR_RAM,"Clyne , Owen",1000230336,Left,GEO_PAT,Undefined,6,Top,1,0,2,Slider,Slider,InPlay,Undefined,GroundBall,Out,1,0,,82.00686,-0.402336,3.072197,2233.376942,352.629089,5:45,5.38391,-3.02011,5.77181,-46.33951,-3.87032,0.69697,1.14734,-0.10038,74.39555,-8.90001,3.196986,0.469038,88.65552,-8.66128,1.920227,,,,,8.08322,7.93141,2.487354,0.050982,0.6587,-1.41732,2.76557,50,5.32272,-6.40446,-118.81442,-2.40418,0.92485,26.54651,-34.16397,FOR_RAM,GEO_PAT,FordhamUniversity,D1,A10,20260424-FordhamUniversity-1,63598870-401c-11f1-a000-3b21148d6856,80.3611,0.99906,,7.61131,,,,1.52076,0.99906,0.13104,16dba9bc-162f-467c-82cd-d013dd0e9e5e,2026-04-24,20:30:08.65,2026-04-24T16:30:08.6571520-04:00,2026-04-24T20:30:08.6571520Z,GroundBall,v3,471298,471300,aea4d343e99b4d4c9dda1cfb8aed3ab6,"McAndrews, Thomas",836274,Right,FOR_RAM,7eedc5e9-cc53-40e8-937a-05df3adf1cad,54.72633,-119.86576,13.27326,5.39114,-1.05115,-17.08199,3.01994,-6.44108,0.46242,180,1.51995,128.57128,,,,,,,,0.99918,-19.59626,,,,,,,,0.13101,4.31059,,,,,,,,,,,,,,,,,,,,,,,,,,,,,,High,High,High,High,High,,,
151,2026-04-24,16:30:43.45,3,1,"Elson, Beau",1000255572,Left,FOR_RAM,"Alberti, Lucas",1000145512,Right,GEO_PAT,Undefined,6,Top,2,0,0,Fastball,Four-Seam,StrikeCalled,Undefined,Undefined,Undefined,0,0,,89.73995,-2.398003,3.60412,2552.767879,175.409901,11:45,5.559,-2.48413,6.26869,-21.57253,13.09922,-0.95496,1.5449,0.76331,81.4658,-6.472209,3.432018,0.423798,,,,,,,,,,,,1.61354,7.90516,2.21767,50,5.37069,-8.14845,-129.97866,-6.09504,2.73044,29.99971,-18.79693,FOR_RAM,GEO_PAT,FordhamUniversity,D1,A10,20260424-FordhamUniversity-1,77f8ebe0-401c-11f1-a000-3b21148d6856,88.93955,,,8.27414,,,,,,,16dba9bc-162f-467c-82cd-d013dd0e9e5e,2026-04-24,20:30:43.45,2026-04-24T16:30:43.4543104-04:00,2026-04-24T20:30:43.4543104Z,,v3,471298,471300,aea4d343e99b4d4c9dda1cfb8aed3ab6,"McAndrews, Thomas",836274,Right,FOR_RAM,c8d29bc5-d573-4e6a-b5fd-eebe8f5d7115,54.22839,-130.95096,14.99986,5.55836,-5.48582,-9.39846,2.4832,-8.23695,1.36522,,,,,,,,,,,,,,,,,,,,,,,,,,,,,,,,,,,,,,,,,,,,,,,,,,,High,High,High,,,,,
152,2026-04-24,16:30:59.86,3,2,"Elson, Beau",1000255572,Left,FOR_RAM,"Alberti, Lucas",1000145512,Right,GEO_PAT,Undefined,6,Top,2,0,1,ChangeUp,Changeup,BallCalled,Undefined,Undefined,Undefined,0,0,,86.39862,-2.671993,2.199871,1448.172222,130.468454,10:15,5.34508,-2.39061,6.69347,-24.68533,12.0376,-12.60446,0.84089,-1.42824,78.51476,-7.355742,-0.097995,0.436154,,,,,,,,,,,,7.28044,7.5693,2.24821,50,5.15724,-4.3401,-125.34869,-6.52095,11.45608,27.93735,-20.26345,FOR_RAM,GEO_PAT,FordhamUniversity,D1,A10,20260424-FordhamUniversity-1,81bcc4d0-401c-11f1-a000-3b21148d6856,86.41996,,,7.88385,,,,,,,16dba9bc-162f-467c-82cd-d013dd0e9e5e,2026-04-24,20:30:59.86,2026-04-24T16:30:59.8623744-04:00,2026-04-24T20:30:59.8623744Z,,v3,471298,471300,aea4d343e99b4d4c9dda1cfb8aed3ab6,"McAndrews, Thomas",836274,Right,FOR_RAM,2fd2aec7-b964-4151-84a6-0e87e43f409b,53.80271,-126.19339,13.96867,5.34514,-5.90828,-10.13173,2.38467,-4.68647,5.72804,,,,,,,,,,,,,,,,,,,,,,,,,,,,,,,,,,,,,,,,,,,,,,,,,,,High,High,High,,,,,
153,2026-04-24,16:31:15.75,3,3,"Elson, Beau",1000255572,Left,FOR_RAM,"Alberti, Lucas",1000145512,Right,GEO_PAT,Undefined,6,Top,2,1,1,Fastball,Four-Seam,InPlay,Undefined,GroundBall,Out,1,0,,90.22808,-0.381241,3.850853,2533.783521,185.887761,12:15,5.51288,-2.3971,6.28118,-18.35903,16.07717,1.53012,3.63078,1.28502,81.24106,-3.905931,4.126274,0.422356,52.70453,17.07205,-26.471937,7056.232225,,,,104.67748,102.64846,-27.549074,1.558115,0.46433,8.82985,2.112,50,5.47578,-8.85901,-130.67619,-1.37672,0.78965,31.78003,-17.15783,FOR_RAM,GEO_PAT,FordhamUniversity,D1,A10,20260424-FordhamUniversity-1,8b32cbe0-401c-11f1-a000-3b21148d6856,89.2432,11.32367,,8.98701,,,,1.14027,3.59098,-1.30598,16dba9bc-162f-467c-82cd-d013dd0e9e5e,2026-04-24,20:31:15.75,2026-04-24T16:31:15.7575680-04:00,2026-04-24T20:31:15.7575680Z,GroundBall,v3,471298,471300,aea4d343e99b4d4c9dda1cfb8aed3ab6,"McAndrews, Thomas",836274,Right,FOR_RAM,70d006ab-2cd5-418d-b265-2d8102a7cfb1,54.21444,-131.69714,15.89001,5.51116,-0.82551,-8.57891,2.397,-8.88438,0.39483,149.310565,1.14026,66.14774,-5.48893,0.87071,-0.59634,0.68827,-0.58105,0.25194,-0.04247,3.59098,22.69263,-17.17497,0.81597,0.01849,-0.19665,0.18588,-0.07716,0.01205,-1.30598,-32.93948,2.31483,-0.62303,0.2735,-0.17987,0.13742,-0.05932,0.01003,,,,,,,,,,,,,,,,,,,,,,,High,High,High,High,High,,,
154,2026-04-24,16:33:18.13,1,1,"Stewart, Owen",10069636,Right,GEO_PAT,"Kirk, Taylor",1000367095,Right,FOR_RAM,Undefined,6,Bottom,0,0,0,Fastball,Four-Seam,InPlay,Undefined,LineDrive,Double,0,0,,91.96153,-0.919761,-2.537268,2557.613226,212.759362,1:00,5.72448,1.4525,6.16747,-19.41619,13.823,8.11079,3.256,-0.21672,82.70617,-4.626998,-1.075651,0.414951,95.47273,17.104969,1.715835,1946.135175,109.6632,28.56116,8.59419,307.41962,306.04655,8.461381,3.225846,-5.03162,7.80095,-1.26428,50,5.64493,5.56345,-133.3248,-2.7255,-8.89903,33.31892,-18.37712,FOR_RAM,GEO_PAT,FordhamUniversity,D1,A10,20260424-FordhamUniversity-1,d42dcf70-401c-11f1-a000-3b21148d6856,90.83593,32.59142,,9.25536,,,,1.07083,3.26362,0.21564,16dba9bc-162f-467c-82cd-d013dd0e9e5e,2026-04-24,20:33:18.13,2026-04-24T16:33:18.1342720-04:00,2026-04-24T20:33:18.1342720Z,LineDrive,v3,471298,471300,aea4d343e99b4d4c9dda1cfb8aed3ab6,"Vaughan, Logan",1000232024,Right,GEO_PAT,3495a859-4d0e-4783-a5b1-ae38e09982cc,54.32883,-134.40226,16.65946,5.72346,-2.13123,-9.18856,-1.44885,5.85123,-4.44951,231.194772,1.07057,133.78252,-20.11814,4.15552,-0.99856,0.29366,-0.08637,0.01612,-0.00123,3.26388,41.17514,-15.45825,0.51228,0.29761,-0.20156,0.07537,-0.01404,0.00101,0.21565,4.007,7.78299,-3.10858,0.92382,-0.21869,0.04302,-0.00571,0.00035,,,,,,,,,,,,,,,,,,,,,,,High,High,High,High,High,,,
155,2026-04-24,16:34:01.38,2,1,"Stewart, Owen",10069636,Right,GEO_PAT,"Grabau, Anthony",1000407420,Left,FOR_RAM,Undefined,6,Bottom,0,0,0,Slider,Slider,BallCalled,Undefined,Undefined,Undefined,0,0,,84.68447,-1.247575,-2.485815,2372.720649,127.813261,10:15,5.65296,1.95178,5.85854,-35.29813,3.77634,-3.2904,1.55111,-0.63334,77.81432,-7.740662,-3.075854,0.449902,,,,,,,,,,,,0.98173,2.67016,-1.74811,50,5.53117,5.46786,-122.8989,-3.86594,1.49991,24.59708,-28.09449,FOR_RAM,GEO_PAT,FordhamUniversity,D1,A10,20260424-FordhamUniversity-1,edf849d0-401c-11f1-a000-3b21148d6856,83.77924,,,6.87015,,,,,,,16dba9bc-162f-467c-82cd-d013dd0e9e5e,2026-04-24,20:34:01.38,2026-04-24T16:34:01.3810688-04:00,2026-04-24T20:34:01.3810688Z,,v3,471298,471300,aea4d343e99b4d4c9dda1cfb8aed3ab6,"Vaughan, Logan",1000232024,Right,GEO_PAT,dc72ae09-e0fc-4462-8f1f-254c0df3a4ef,54.63956,-123.82399,12.29854,5.6567,-2.80932,-14.04725,-1.95269,5.41145,0.74995,,,,,,,,,,,,,,,,,,,,,,,,,,,,,,,,,,,,,,,,,,,,,,,,,,,High,High,High,,,,,
156,2026-04-24,16:34:19.77,2,2,"Stewart, Owen",10069636,Right,GEO_PAT,"Grabau, Anthony",1000407420,Left,FOR_RAM,Undefined,6,Bottom,0,1,0,Curveball,Slider,StrikeSwinging,Undefined,Undefined,Undefined,0,0,,83.16721,-1.14294,-1.892326,2538.705006,60.146942,8:00,5.55473,1.70415,5.74169,-44.06286,-2.81547,-7.43918,0.81791,-0.67837,75.6269,-9.210819,-3.225878,0.462242,,,,,,,,,,,,3.16732,-0.62213,-1.54215,50,5.43292,4.28458,-120.57907,-3.92762,4.5852,27.10171,-33.07465,FOR_RAM,GEO_PAT,FordhamUniversity,D1,A10,20260424-FordhamUniversity-1,f8dd2320-401c-11f1-a000-3b21148d6856,81.54258,,,7.54032,,,,,,,16dba9bc-162f-467c-82cd-d013dd0e9e5e,2026-04-24,20:34:19.77,2026-04-24T16:34:19.7701632-04:00,2026-04-24T20:34:19.7701632Z,,v3,471298,471300,aea4d343e99b4d4c9dda1cfb8aed3ab6,"Vaughan, Logan",1000232024,Right,GEO_PAT,87fa82f4-bbdf-47db-a1f6-1e9f50828099,54.75603,-121.64335,13.55085,5.56165,-2.62878,-16.53732,-1.70687,4.10452,2.2926,,,,,,,,,,,,,,,,,,,,,,,,,,,,,,,,,,,,,,,,,,,,,,,,,,,High,High,High,,,,,
157,2026-04-24,16:34:38.94,2,3,"Stewart, Owen",10069636,Right,GEO_PAT,"Grabau, Anthony",1000407420,Left,FOR_RAM,Undefined,6,Bottom,0,1,1,Slider,Slider,StrikeSwinging,Undefined,Undefined,Undefined,0,0,,82.36311,-0.991875,-1.439338,2639.554999,92.833606,9:00,5.59227,1.83761,5.70437,-40.22821,1.95248,-8.60205,1.31535,-0.22062,74.60582,-8.395447,-2.979684,0.467442,,,,,,,,,,,,3.90166,1.75917,-1.7115,50,5.48432,3.34517,-119.39775,-3.41908,5.5272,26.98693,-29.68195,FOR_RAM,GEO_PAT,FordhamUniversity,D1,A10,20260424-FordhamUniversity-1,0446e3e0-401d-11f1-a000-3b21148d6856,80.63546,,,7.75729,,,,,,,16dba9bc-162f-467c-82cd-d013dd0e9e5e,2026-04-24,20:34:38.94,2026-04-24T16:34:38.9495296-04:00,2026-04-24T20:34:38.9495296Z,,v3,471298,471300,aea4d343e99b4d4c9dda1cfb8aed3ab6,"Vaughan, Logan",1000232024,Right,GEO_PAT,8c3802d5-52a6-4ffc-9cf9-92236dacd821,54.79265,-120.47614,13.49346,5.59725,-2.233,-14.84097,-1.84076,3.12431,2.7636,,,,,,,,,,,,,,,,,,,,,,,,,,,,,,,,,,,,,,,,,,,,,,,,,,,High,High,High,,,,,
158,2026-04-24,16:34:59.90,2,4,"Stewart, Owen",10069636,Right,GEO_PAT,"Grabau, Anthony",1000407420,Left,FOR_RAM,Undefined,6,Bottom,0,1,2,Slider,Slider,FoulBallNotFieldable,Undefined,Undefined,Undefined,0,0,,84.45788,-0.706237,-1.180607,2586.944154,80.887396,8:45,5.93029,1.51662,5.60222,-39.31892,0.36244,-5.60894,1.99424,-0.05308,77.45949,-7.899314,-2.18326,0.453383,,,,,,,,,,,,2.53496,0.68953,-1.4117,50,5.84402,2.75266,-122.64772,-2.88719,3.84528,25.19611,-31.12812,FOR_RAM,GEO_PAT,FordhamUniversity,D1,A10,20260424-FordhamUniversity-1,10c9b5c0-401d-11f1-a000-3b21148d6856,83.13606,,,6.9984,,,,,,,16dba9bc-162f-467c-82cd-d013dd0e9e5e,2026-04-24,20:34:59.90,2026-04-24T16:34:59.9074304-04:00,2026-04-24T20:34:59.9074304Z,,v3,471298,471300,aea4d343e99b4d4c9dda1cfb8aed3ab6,"Vaughan, Logan",1000232024,Right,GEO_PAT,af7182a8-9904-455b-bf8c-3e0e0d47d785,54.89814,-123.64987,12.59805,5.93424,-1.64909,-15.56406,-1.51815,2.59972,1.92264,,,,,,,,,,,,,,,,,,,,,,,,,,,,,,,,,,,,,,,,,,,,,,,,,,,High,High,High,,,,,
159,2026-04-24,16:35:19.40,2,5,"Stewart, Owen",10069636,Right,GEO_PAT,"Grabau, Anthony",1000407420,Left,FOR_RAM,Undefined,6,Bottom,0,1,2,Slider,Slider,BallCalled,Undefined,Undefined,Undefined,0,0,,80.48233,-0.615829,-0.095682,2640.902013,87.843429,9:00,5.46074,1.81013,5.22004,-43.9205,0.98563,-16.61725,1.22168,0.3354,73.00954,-8.620092,-3.04716,0.482308,,,,,,,,,,,,8.30308,1.13189,-1.78819,50,5.37113,0.87954,-116.66055,-2.80368,11.24335,25.51268,-30.64134,FOR_RAM,GEO_PAT,FordhamUniversity,D1,A10,20260424-FordhamUniversity-1,1c720620-401d-11f1-a000-3b21148d6856,78.15019,,,7.4728,,,,,,,16dba9bc-162f-467c-82cd-d013dd0e9e5e,2026-04-24,20:35:19.40,2026-04-24T16:35:19.4074624-04:00,2026-04-24T20:35:19.4074624Z,,v3,471298,471300,aea4d343e99b4d4c9dda1cfb8aed3ab6,"Vaughan, Logan",1000232024,Right,GEO_PAT,cb771386-36d7-4fe5-8068-75fbb394c2c1,55.2783,-117.80922,12.75634,5.4663,-1.42411,-15.32067,-1.81639,0.37333,5.62167,,,,,,,,,,,,,,,,,,,,,,,,,,,,,,,,,,,,,,,,,,,,,,,,,,,High,High,High,,,,,
160,2026-04-24,16:35:40.55,2,6,"Stewart, Owen",10069636,Right,GEO_PAT,"Grabau, Anthony",1000407420,Left,FOR_RAM,Undefined,6,Bottom,0,2,2,Slider,Slider,FoulBallNotFieldable,Undefined,Undefined,Undefined,0,0,,79.21583,0.852111,0.317428,2526.841307,94.484577,9:15,5.39711,2.00544,5.30745,-43.16128,2.97579,-17.0395,2.60026,0.88344,71.69054,-7.065743,-2.710144,0.488874,69.73044,67.724248,-62.326143,6116.690863,,,,,43.21692,,,8.66493,1.66453,-2.02124,50,5.44327,0.05115,-114.84471,0.23791,11.3898,24.40116,-29.98606,FOR_RAM,GEO_PAT,FordhamUniversity,D1,A10,20260424-FordhamUniversity-1,29048f70-401d-11f1-a000-3b21148d6856,77.1006,80.65279,,7.52528,,,,1.92021,2.66238,-0.90716,16dba9bc-162f-467c-82cd-d013dd0e9e5e,2026-04-24,20:35:40.55,2026-04-24T16:35:40.5560000-04:00,2026-04-24T20:35:40.5560000Z,,v3,471298,471300,aea4d343e99b4d4c9dda1cfb8aed3ab6,"Vaughan, Logan",1000232024,Right,GEO_PAT,e6145a04-43f3-455e-88c6-54503566b30b,55.19071,-115.94234,12.20058,5.40223,1.58676,-14.99303,-2.01201,-0.46119,5.6949,,1.92021,18.00504,-11.63814,4.15293,-1.10142,0.26061,-0.05849,0.01045,-0.00107,2.66238,94.63867,-28.7874,3.54074,-0.59132,0.07471,-0.00807,0.00039,-2E-05,-0.90716,-34.3326,0.11373,1.06936,-0.43542,0.12866,-0.03233,0.00624,-0.00059,,,,,,,,,,,,,,,,,,,,,,,High,High,High,Low,Undefined,,,
161,2026-04-24,16:36:04.19,2,7,"Stewart, Owen",10069636,Right,GEO_PAT,"Grabau, Anthony",1000407420,Left,FOR_RAM,Undefined,6,Bottom,0,2,2,Slider,Slider,FoulBallNotFieldable,Undefined,Undefined,Undefined,0,0,,81.64178,0.403215,-0.472542,2577.663728,94.394871,9:15,5.49949,1.6578,5.53179,-39.9875,2.51827,-15.46973,2.54412,-0.07307,74.87119,-6.925003,-3.232215,0.469241,86.31162,2.08837,66.584691,3274.462588,,,,52.55144,49.40787,64.450675,0.418453,7.7728,1.49051,-1.60584,50,5.50759,1.58514,-118.59714,-0.52151,11.039,23.28328,-30.0572,FOR_RAM,GEO_PAT,FordhamUniversity,D1,A10,20260424-FordhamUniversity-1,371e06e0-401d-11f1-a000-3b21148d6856,80.32648,2.61452,,6.77059,,,,4.04361,2.4079,0.20637,16dba9bc-162f-467c-82cd-d013dd0e9e5e,2026-04-24,20:36:04.19,2026-04-24T16:36:04.1992192-04:00,2026-04-24T20:36:04.1992192Z,GroundBall,v3,471298,471300,aea4d343e99b4d4c9dda1cfb8aed3ab6,"Vaughan, Logan",1000232024,Right,GEO_PAT,c054cfa2-6ded-4016-80f6-4aa459eab9ec,54.96901,-119.56869,11.64164,5.50318,0.73269,-15.0286,-1.66238,1.12451,5.5195,,4.04933,50.09044,-13.4237,,,,,,,2.41688,4.32711,-24.1929,,,,,,,0.20379,116.17083,-7.99933,,,,,,,,,,,,,,,,,,,,,,,,,,,,,High,High,High,Medium,High,,,
162,2026-04-24,16:36:24.26,2,8,"Stewart, Owen",10069636,Right,GEO_PAT,"Grabau, Anthony",1000407420,Left,FOR_RAM,Undefined,6,Bottom,0,2,2,Slider,Slider,InPlay,Undefined,Popup,Out,1,0,,83.43598,-0.816299,-0.804883,2388.700397,77.544,8:30,5.86802,1.3781,5.81639,-40.61423,-0.45299,-7.58918,1.72439,-0.00275,76.89985,-8.257637,-2.167669,0.456116,82.37351,62.927668,43.913015,,,,,,136.38339,,,3.71071,0.26819,-1.30745,50,5.77661,1.99313,-121.27636,-3.08683,5.52444,23.79853,-31.7748,FOR_RAM,GEO_PAT,FordhamUniversity,D1,A10,20260424-FordhamUniversity-1,4313b3f0-401d-11f1-a000-3b21148d6856,82.63791,114.98529,,6.53612,,,,4.08248,1.89809,-0.13643,16dba9bc-162f-467c-82cd-d013dd0e9e5e,2026-04-24,20:36:24.26,2026-04-24T16:36:24.2681856-04:00,2026-04-24T20:36:24.2681856Z,,v3,471298,471300,aea4d343e99b4d4c9dda1cfb8aed3ab6,"Vaughan, Logan",1000232024,Right,GEO_PAT,19afce5a-8c89-4fc4-b1ec-812f18d0c06d,54.68498,-122.19225,11.89927,5.87188,-1.86397,-15.8874,-1.38007,1.78052,2.76222,175.98134,4.08248,39.61078,-12.90143,4.05557,-1.0116,0.2329,-0.04776,0.00728,-0.00058,1.89809,107.57668,-25.54945,2.2693,-0.18048,-0.03512,0.01712,-0.00367,0.00035,-0.13643,38.13573,-14.21793,4.62549,-1.1825,0.2772,-0.05761,0.00887,-0.00072,,,,,,,,,,,,,,,,,,,,,,,High,High,High,Medium,Undefined,,,
163,2026-04-24,16:37:04.39,3,1,"Stewart, Owen",10069636,Right,GEO_PAT,"McAndrews, Thomas",836274,Right,FOR_RAM,Undefined,6,Bottom,0,0,0,Slider,Slider,BallCalled,Undefined,Undefined,Undefined,1,0,,80.79624,0.372461,0.942152,2633.999994,95.850138,9:15,5.3697,1.78287,5.36329,-40.93046,3.46555,-17.93493,2.30814,1.17183,72.88634,-7.154099,-2.248657,0.47956,,,,,,,,,,,,9.24804,2.12236,-1.85447,50,5.37455,-1.17205,-117.08155,-0.65748,12.60102,25.8967,-29.28222,FOR_RAM,GEO_PAT,FordhamUniversity,D1,A10,20260424-FordhamUniversity-1,5b18d7a0-401d-11f1-a000-3b21148d6856,78.59789,,,7.9099,,,,,,,16dba9bc-162f-467c-82cd-d013dd0e9e5e,2026-04-24,20:37:04.39,2026-04-24T16:37:04.3900928-04:00,2026-04-24T20:37:04.3900928Z,,v3,471298,471300,aea4d343e99b4d4c9dda1cfb8aed3ab6,"Vaughan, Logan",1000232024,Right,GEO_PAT,846ccf97-334f-4c98-bd03-1e9b59184679,55.13287,-118.21141,12.94835,5.37536,0.62009,-14.64111,-1.79135,-1.72182,6.30051,,,,,,,,,,,,,,,,,,,,,,,,,,,,,,,,,,,,,,,,,,,,,,,,,,,High,High,High,,,,,
164,2026-04-24,16:37:30.84,3,2,"Stewart, Owen",10069636,Right,GEO_PAT,"McAndrews, Thomas",836274,Right,FOR_RAM,Undefined,6,Bottom,0,1,1,Slider,Slider,FoulBallNotFieldable,Undefined,Undefined,Undefined,0,0,,80.26345,0.928465,0.028969,2614.411064,94.816627,9:15,5.46674,1.64559,5.59895,-41.61904,2.98587,-16.10336,2.86536,0.33069,72.36399,-6.76015,-2.847362,0.480687,,,,,,,,,,,,8.08764,1.72433,-1.63771,50,5.51984,0.5989,-116.34716,0.49552,10.87582,25.68795,-29.85526,FOR_RAM,GEO_PAT,FordhamUniversity,D1,A10,20260424-FordhamUniversity-1,6abe4640-401d-11f1-a000-3b21148d6856,78.41362,,,7.89947,,,,,,,16dba9bc-162f-467c-82cd-d013dd0e9e5e,2026-04-24,20:37:30.84,2026-04-24T16:37:30.8404224-04:00,2026-04-24T20:37:30.8404224Z,,v3,471298,471300,aea4d343e99b4d4c9dda1cfb8aed3ab6,"Vaughan, Logan",1000232024,Right,GEO_PAT,3f5aa737-43fd-45a3-8235-ae3922e2c67f,54.89674,-117.42332,12.84398,5.47288,1.74626,-14.92763,-1.65325,0.14328,5.43791,,,,,,,,,,,,,,,,,,,,,,,,,,,,,,,,,,,,,,,,,,,,,,,,,,,High,High,High,,,,,
165,2026-04-24,16:37:44.55,3,3,"Stewart, Owen",10069636,Right,GEO_PAT,"McAndrews, Thomas",836274,Right,FOR_RAM,Undefined,6,Bottom,0,1,2,Slider,Slider,FoulBallNotFieldable,Undefined,Undefined,Undefined,0,0,,80.45884,0.387903,-1.243298,2613.075201,82.503302,8:45,5.29178,1.76449,5.51638,-45.17132,-0.52945,-16.50363,1.8903,-0.77352,72.62831,-7.902389,-4.186093,0.480887,63.08887,12.481405,158.942565,2843.74599,,,,90.36329,47.52928,158.853081,1.100542,7.9217,0.05551,-1.64475,50,5.29552,3.19373,-116.61012,-0.74748,10.66482,26.47875,-32.09931,FOR_RAM,GEO_PAT,FordhamUniversity,D1,A10,20260424-FordhamUniversity-1,72f2a590-401d-11f1-a000-3b21148d6856,78.38114,6.67968,,7.83053,,,,1.61505,1.79042,0.73739,16dba9bc-162f-467c-82cd-d013dd0e9e5e,2026-04-24,20:37:44.55,2026-04-24T16:37:44.5517312-04:00,2026-04-24T20:37:44.5517312Z,GroundBall,v3,471298,471300,aea4d343e99b4d4c9dda1cfb8aed3ab6,"Vaughan, Logan",1000232024,Right,GEO_PAT,ab3e91b9-831c-4c0d-b009-fc19982ad9ff,54.9814,-117.73582,13.23937,5.29829,0.61717,-16.04966,-1.77089,2.74034,5.33241,342.797301,1.61505,-84.31028,6.41088,-0.82369,0.17613,-0.02449,0.00558,-0.00094,5E-05,1.79042,19.99788,-21.2361,1.75631,-0.34862,0.06652,-0.01048,0.00213,-0.00026,0.73739,32.46069,-3.70679,0.57427,-0.10887,0.01643,-0.00344,0.00069,-5E-05,,,,,,,,,,,,,,,,,,,,,,,High,High,High,High,Medium,,,
166,2026-04-24,16:38:01.32,3,4,"Stewart, Owen",10069636,Right,GEO_PAT,"McAndrews, Thomas",836274,Right,FOR_RAM,Undefined,6,Bottom,2,1,2,Slider,Slider,InPlay,Undefined,Popup,Out,1,0,,79.78879,0.043495,-1.911834,2627.293608,99.122393,9:15,4.99335,2.47661,5.48553,-40.55994,5.22725,-21.54922,1.65407,-1.10847,71.6143,-7.436289,-5.745386,0.487016,78.23207,51.170114,14.092281,,102.35153,100.73719,40.30081,211.4808,205.21812,23.528733,5.181043,10.20331,3.10575,-2.29385,50,4.97012,4.71772,-115.50697,-1.24662,13.38185,27.37131,-28.10079,FOR_RAM,GEO_PAT,FordhamUniversity,D1,A10,20260424-FordhamUniversity-1,7cedbb20-401d-11f1-a000-3b21148d6856,77.39465,102.19639,,8.17448,,,,2.31379,1.87513,1.03049,16dba9bc-162f-467c-82cd-d013dd0e9e5e,2026-04-24,20:38:01.32,2026-04-24T16:38:01.3238272-04:00,2026-04-24T20:38:01.3238272Z,FlyBall,v3,471298,471300,aea4d343e99b4d4c9dda1cfb8aed3ab6,"Vaughan, Logan",1000232024,Right,GEO_PAT,139648ef-3f37-43c0-84bc-f877401c5bb7,55.01116,-116.6884,13.68566,4.99775,-0.0337,-14.0504,-2.48501,4.14012,6.69093,204.09068,2.32629,69.48278,-16.01941,2.24685,1.24551,-0.91012,0.25257,-0.0329,0.00166,1.85853,89.68719,-24.61391,3.61565,-1.31216,0.36846,-0.05452,0.00327,-2E-05,1.01989,17.73861,1.35346,0.09867,-0.87898,0.50006,-0.12893,0.016,-0.00077,,,,,,,,,,,,,,,,,,,,,,,High,High,High,High,Medium,,,
167,2026-04-24,16:40:16.17,1,1,"Elson, Beau",1000255572,Left,FOR_RAM,"Terilli, Lucas",1000315616,Left,GEO_PAT,Undefined,7,Top,0,0,0,Cutter,Slider,StrikeCalled,Undefined,Undefined,Undefined,0,0,,83.97374,-0.413177,4.340178,2440.660216,171.982283,11:45,5.39852,-3.38157,5.7039,-31.70868,8.62548,-1.02535,2.37004,0.58472,76.47708,-6.279047,4.157658,0.457096,,,,,,,,,,,,1.80709,4.91886,3.01773,50,5.34428,-9.18175,-121.53461,-1.92671,2.68585,25.219,-24.86329,FOR_RAM,GEO_PAT,FordhamUniversity,D1,A10,20260424-FordhamUniversity-1,cd4ed180-401d-11f1-a000-3b21148d6856,82.46059,,,7.49665,,,,,,,16dba9bc-162f-467c-82cd-d013dd0e9e5e,2026-04-24,20:40:16.17,2026-04-24T16:40:16.1711616-04:00,2026-04-24T20:40:16.1711616Z,,v3,471298,471300,aea4d343e99b4d4c9dda1cfb8aed3ab6,"McAndrews, Thomas",836274,Right,FOR_RAM,c8f9c88c-94ec-492b-9d75-6baef0364b0b,54.79243,-122.52502,12.6095,5.40077,-0.95027,-12.43164,3.38039,-9.28723,1.34292,,,,,,,,,,,,,,,,,,,,,,,,,,,,,,,,,,,,,,,,,,,,,,,,,,,High,High,High,,,,,
168,2026-04-24,16:40:32.56,1,2,"Elson, Beau",1000255572,Left,FOR_RAM,"Terilli, Lucas",1000315616,Left,GEO_PAT,Undefined,7,Top,0,0,1,Slider,Slider,BallCalled,Undefined,Undefined,Undefined,0,0,,81.41389,-0.954608,4.98784,2335.010874,326.73336,5:00,5.44239,-3.20761,5.62704,-43.95038,-0.7013,1.41732,0.88565,1.57644,74.3885,-8.964342,5.239713,0.473325,,,,,,,,,,,,0.81937,0.32902,2.78083,50,5.3325,-10.32894,-117.7137,-3.45292,1.13757,24.53954,-31.71724,FOR_RAM,GEO_PAT,FordhamUniversity,D1,A10,20260424-FordhamUniversity-1,d7321950-401d-11f1-a000-3b21148d6856,79.63324,,,7.02539,,,,,,,16dba9bc-162f-467c-82cd-d013dd0e9e5e,2026-04-24,20:40:32.56,2026-04-24T16:40:32.5626368-04:00,2026-04-24T20:40:32.5626368Z,,v3,471298,471300,aea4d343e99b4d4c9dda1cfb8aed3ab6,"McAndrews, Thomas",836274,Right,FOR_RAM,10fbf364-c4e4-4daf-80fa-db4f8d62ce97,54.87188,-118.72499,12.26977,5.44786,-2.14583,-15.85862,3.20745,-10.37582,0.56879,,,,,,,,,,,,,,,,,,,,,,,,,,,,,,,,,,,,,,,,,,,,,,,,,,,High,High,High,,,,,
169,2026-04-24,16:40:49.30,1,3,"Elson, Beau",1000255572,Left,FOR_RAM,"Terilli, Lucas",1000315616,Left,GEO_PAT,Undefined,7,Top,0,1,1,Fastball,Four-Seam,FoulBallNotFieldable,Undefined,Undefined,Undefined,0,0,,89.74018,-2.36084,3.345083,2508.52315,172.03256,11:45,5.54598,-3.17241,6.22963,-20.60048,13.96296,-1.79193,1.64625,-0.23212,81.74548,-6.252443,3.022215,0.423136,74.7423,44.576022,-77.791375,5647.761261,,,,,50.27424,,,1.92181,8.29103,2.9233,50,5.3591,-7.52885,-130.05517,-5.98116,3.27069,28.89512,-18.06385,FOR_RAM,GEO_PAT,FordhamUniversity,D1,A10,20260424-FordhamUniversity-1,e1053480-401d-11f1-a000-3b21148d6856,89.07882,43.38937,,7.99469,,,,0.55435,1.55109,0.18663,16dba9bc-162f-467c-82cd-d013dd0e9e5e,2026-04-24,20:40:49.30,2026-04-24T16:40:49.3079552-04:00,2026-04-24T20:40:49.3079552Z,,v3,471298,471300,aea4d343e99b4d4c9dda1cfb8aed3ab6,"McAndrews, Thomas",836274,Right,FOR_RAM,165ec00f-f4a1-4e7e-928e-5ddea76cef38,54.26759,-130.99989,14.44756,5.545,-5.39057,-9.03192,3.1712,-7.63578,1.63534,,0.55435,16.51296,-13.18824,0.85534,0.00428,-0.08525,0.02609,-0.00777,0.00177,1.55109,76.93865,-28.51157,3.97995,-0.82055,0.15014,-0.02436,0.00533,-0.00032,0.18663,-76.31984,11.67813,-4.25139,1.17628,-0.31219,0.06996,-0.01741,0.00247,,,,,,,,,,,,,,,,,,,,,,,High,High,High,Low,Undefined,,,
170,2026-04-24,16:41:13.78,1,4,"Elson, Beau",1000255572,Left,FOR_RAM,"Terilli, Lucas",1000315616,Left,GEO_PAT,Undefined,7,Top,0,1,2,Slider,Slider,StrikeSwinging,Strikeout,Undefined,Undefined,0,0,,81.81558,-0.357842,4.166559,2402.947423,301.587633,4:00,5.47293,-3.05564,5.76943,-43.95731,-1.71984,4.96744,1.47593,1.24262,75.14644,-8.387408,5.052971,0.467757,,,,,,,,,,,,-1.33315,-0.41252,2.70746,50,5.4165,-8.82764,-118.55159,-2.20989,-1.8886,23.63557,-32.75845,FOR_RAM,GEO_PAT,FordhamUniversity,D1,A10,20260424-FordhamUniversity-1,efb4aa60-401d-11f1-a000-3b21148d6856,80.58124,,,6.66914,,,,,,,16dba9bc-162f-467c-82cd-d013dd0e9e5e,2026-04-24,20:41:13.78,2026-04-24T16:41:13.7820000-04:00,2026-04-24T20:41:13.7820000Z,,v3,471298,471300,aea4d343e99b4d4c9dda1cfb8aed3ab6,"McAndrews, Thomas",836274,Right,FOR_RAM,1f3f5875-5d3d-4e41-839e-f85026557546,54.73047,-119.49098,11.81779,5.47845,-0.90791,-16.37923,3.05682,-8.75258,-0.9443,,,,,,,,,,,,,,,,,,,,,,,,,,,,,60.95693,3.063854,1.958605,1.105249,1.63291,1.50786,-1.22351,-3.41038,4.9409,4.34337,66.23987,6.19311,58.53808,-3.31876,70.9676,-7.25411,5.00973,18.01811,-15.32143,4.32231,49.8588,-0.73243,High,High,High,,,High,High,High
171,2026-04-24,16:41:40.29,2,1,"Elson, Beau",1000255572,Left,FOR_RAM,"Butler, Jake",1000136500,Right,GEO_PAT,Undefined,7,Top,1,0,0,Fastball,Four-Seam,FoulBallNotFieldable,Undefined,Undefined,Undefined,0,0,,89.75388,-0.863383,3.606262,2444.434888,169.567146,11:45,5.48753,-2.44565,5.98176,-18.2869,16.51753,-2.83004,3.1617,0.66561,81.64851,-4.337252,3.099256,0.424609,68.68993,47.301199,167.828038,4804.638363,,,,,48.12609,,,2.51102,9.08548,2.16206,50,5.40915,-8.08146,-130.10322,-2.50631,4.28336,28.51632,-16.6759,FOR_RAM,GEO_PAT,FordhamUniversity,D1,A10,20260424-FordhamUniversity-1,ff73e290-401d-11f1-a000-3b21148d6856,88.76985,42.56136,,8.10537,,,,1.68243,3.22422,-0.62163,16dba9bc-162f-467c-82cd-d013dd0e9e5e,2026-04-24,20:41:40.29,2026-04-24T16:41:40.2919424-04:00,2026-04-24T20:41:40.2919424Z,,v3,471298,471300,aea4d343e99b4d4c9dda1cfb8aed3ab6,"McAndrews, Thomas",836274,Right,FOR_RAM,07bea502-1746-4bdb-a993-b7349a00d739,54.51584,-131.08927,14.25816,5.48584,-1.92968,-8.33795,2.44407,-8.22957,2.14168,4.398186,1.68243,-66.78381,5.48799,-1.35089,0.304,-0.07544,0.01847,-0.00394,0.0005,3.22422,74.04045,-33.31802,5.41265,-1.30241,0.31553,-0.07928,0.01783,-0.00253,-0.62163,14.40496,-0.274,0.04706,-0.00866,0.00224,-0.00058,0.00015,-3E-05,,,,,,,,,,,,,,,,,,,,,,,High,High,High,High,Undefined,,,
172,2026-04-24,16:42:01.30,2,2,"Elson, Beau",1000255572,Left,FOR_RAM,"Butler, Jake",1000136500,Right,GEO_PAT,Undefined,7,Top,1,1,0,ChangeUp,Changeup,StrikeCalled,Undefined,Undefined,Undefined,0,0,,85.80612,-1.639102,4.031491,1520.680067,128.984423,10:15,5.35227,-2.40601,6.72507,-27.77643,9.80501,-10.36973,1.53541,0.42046,77.23453,-6.917133,2.145799,0.441223,,,,,,,,,,,,6.83008,6.14414,2.14299,50,5.23316,-8.37663,-124.28114,-4.32279,10.4644,29.651,-22.76059,FOR_RAM,GEO_PAT,FordhamUniversity,D1,A10,20260424-FordhamUniversity-1,0bf6b470-401e-11f1-a000-3b21148d6856,85.42719,,,8.57159,,,,,,,16dba9bc-162f-467c-82cd-d013dd0e9e5e,2026-04-24,20:42:01.30,2026-04-24T16:42:01.3087744-04:00,2026-04-24T20:42:01.3087744Z,,v3,471298,471300,aea4d343e99b4d4c9dda1cfb8aed3ab6,"McAndrews, Thomas",836274,Right,FOR_RAM,5ebf20ac-ea86-44dc-ad82-a0b022968ebd,53.77107,-125.17761,14.8255,5.35345,-3.63464,-11.3803,2.40103,-8.69301,5.2322,,,,,,,,,,,,,,,,,,,,,,,,,,,,,,,,,,,,,,,,,,,,,,,,,,,High,High,High,,,,,
173,2026-04-24,16:42:21.18,2,3,"Elson, Beau",1000255572,Left,FOR_RAM,"Butler, Jake",1000136500,Right,GEO_PAT,Undefined,7,Top,1,2,1,Fastball,Four-Seam,BallCalled,Undefined,Undefined,Undefined,0,0,,91.61135,-1.547623,4.452333,2553.820105,168.462046,11:30,5.47913,-2.3688,6.26929,-22.59009,10.43583,-1.91524,2.16522,1.58444,83.7619,-5.784805,4.107857,0.413618,,,,,,,,,,,,2.2526,6.18292,2.03976,50,5.35328,-10.25482,-132.71879,-4.30805,4.01136,28.8301,-21.16377,FOR_RAM,GEO_PAT,FordhamUniversity,D1,A10,20260424-FordhamUniversity-1,17dd6d60-401e-11f1-a000-3b21148d6856,91.12873,,,7.84944,,,,,,,16dba9bc-162f-467c-82cd-d013dd0e9e5e,2026-04-24,20:42:21.18,2026-04-24T16:42:21.1876864-04:00,2026-04-24T20:42:21.1876864Z,,v3,471298,471300,aea4d343e99b4d4c9dda1cfb8aed3ab6,"McAndrews, Thomas",836274,Right,FOR_RAM,e7a28215-ec71-4be5-a26e-f80c9d1defd6,54.22815,-133.6341,14.41505,5.47939,-3.63613,-10.58188,2.36736,-10.38217,2.00568,,,,,,,,,,,,,,,,,,,,,,,,,,,,,,,,,,,,,,,,,,,,,,,,,,,High,High,High,,,,,
174,2026-04-24,16:42:42.92,2,4,"Elson, Beau",1000255572,Left,FOR_RAM,"Butler, Jake",1000136500,Right,GEO_PAT,Undefined,7,Top,1,3,1,Fastball,Four-Seam,InPlay,Undefined,LineDrive,HomeRun,0,1,,90.48046,-1.347855,2.998255,2443.767163,175.466969,11:45,5.56756,-2.21184,6.2096,-18.67737,15.84749,-1.15126,2.7652,0.46193,80.98242,-4.937557,2.790867,0.4229,98.11465,29.736183,-40.291979,2720.795856,84.6159,51.91033,-70.28574,327.54372,232.58261,-40.791438,3.970036,1.64055,9.05654,1.98736,50,5.4571,-6.8152,-131.03179,-3.61229,2.78455,33.80666,-16.80198,FOR_RAM,GEO_PAT,FordhamUniversity,D1,A10,20260424-FordhamUniversity-1,24cdce20-401e-11f1-a000-3b21148d6856,89.12856,64.05478,,9.49805,,,,2.55666,2.82779,-0.24313,16dba9bc-162f-467c-82cd-d013dd0e9e5e,2026-04-24,20:42:42.92,2026-04-24T16:42:42.9216768-04:00,2026-04-24T20:42:42.9216768Z,FlyBall,v3,471298,471300,aea4d343e99b4d4c9dda1cfb8aed3ab6,"McAndrews, Thomas",836274,Right,FOR_RAM,15bd7146-eb69-4b9d-a6bd-08e3e7fde1d0,54.28578,-132.13291,16.90333,5.56584,-3.06504,-8.40099,2.21081,-6.9059,1.39227,,2.55696,95.30264,-16.6207,3.90344,-0.92316,0.23087,-0.04727,0.00579,-0.0003,2.82772,71.36907,-25.2098,3.34954,-0.49226,-0.05229,0.04107,-0.00734,0.00047,-0.24337,-80.80162,13.54914,-3.25651,0.84075,-0.24504,0.05669,-0.0076,0.00043,,,,,,,,,,,,,,,,,,,,,,,High,High,High,Low,Low,,,
175,2026-04-24,16:43:25.03,3,1,"Elson, Beau",1000255572,Left,FOR_RAM,"Westley, Matthew",824016,Right,GEO_PAT,Undefined,7,Top,1,0,0,Cutter,Cutter,BallCalled,Undefined,Undefined,Undefined,0,0,,90.14626,-0.725883,1.733495,2455.165929,186.110325,12:15,5.49075,-2.53068,5.99336,-21.70985,12.80442,1.24555,3.00857,-0.81996,81.79658,-4.821499,1.957341,0.422835,,,,,,,,,,,,-0.11185,7.14138,2.39345,50,5.42166,-4.01247,-130.79617,-2.3435,-0.19218,29.68012,-19.90336,FOR_RAM,GEO_PAT,FordhamUniversity,D1,A10,20260424-FordhamUniversity-1,3dd3c000-401e-11f1-a000-3b21148d6856,89.14221,,,8.34968,,,,,,,16dba9bc-162f-467c-82cd-d013dd0e9e5e,2026-04-24,20:43:25.03,2026-04-24T16:43:25.0354176-04:00,2026-04-24T20:43:25.0354176Z,,v3,471298,471300,aea4d343e99b4d4c9dda1cfb8aed3ab6,"McAndrews, Thomas",836274,Right,FOR_RAM,77da521a-7dbf-4143-82cd-6fc77128ffb3,54.50181,-131.81375,14.84006,5.49031,-1.66111,-9.95168,2.53091,-4.00588,-0.09609,,,,,,,,,,,,,,,,,,,,,,,,,,,,,,,,,,,,,,,,,,,,,,,,,,,High,High,High,,,,,
176,2026-04-24,16:43:39.05,3,2,"Elson, Beau",1000255572,Left,FOR_RAM,"Westley, Matthew",824016,Right,GEO_PAT,Undefined,7,Top,1,1,0,ChangeUp,Changeup,InPlay,Undefined,LineDrive,HomeRun,0,1,,86.22258,-0.884784,3.607256,1502.48778,145.805772,10:45,5.33847,-2.50756,6.7007,-23.76131,13.52221,-8.22225,2.54768,0.10995,77.28915,-5.44793,2.112755,0.439471,103.82387,21.881516,-18.957818,1775.907673,103.52337,40.13906,-37.18738,381.94805,305.74362,-22.542723,4.179513,5.59221,7.84622,2.27054,50,5.2702,-7.57294,-124.94784,-2.54912,8.63756,30.56518,-20.05502,FOR_RAM,GEO_PAT,FordhamUniversity,D1,A10,20260424-FordhamUniversity-1,463f8300-401e-11f1-a000-3b21148d6856,85.7678,56.44441,,8.93343,,,,1.51572,2.48155,-0.03013,16dba9bc-162f-467c-82cd-d013dd0e9e5e,2026-04-24,20:43:39.05,2026-04-24T16:43:39.0571520-04:00,2026-04-24T20:43:39.0571520Z,LineDrive,v3,471298,471300,aea4d343e99b4d4c9dda1cfb8aed3ab6,"McAndrews, Thomas",836274,Right,FOR_RAM,0199f6fc-b13a-46ce-b8ac-9428eec2799f,53.79531,-125.87283,15.28259,5.33817,-1.94219,-10.02751,2.50367,-7.83434,4.31878,159.943816,1.51574,133.63785,-23.45666,5.37262,-1.16466,0.22379,-0.03304,0.00301,-0.00011,2.48158,56.75082,-16.47322,1.02474,-0.15391,0.02793,-0.0063,0.00126,-0.0001,-0.0301,-45.90634,4.56503,-0.82162,0.13998,-0.02119,0.00234,-7E-05,-1E-05,,,,,,,,,,,,,,,,,,,,,,,High,High,High,High,Low,,,
177,2026-04-24,16:45:11.03,4,1,"Elson, Beau",1000255572,Left,FOR_RAM,"Bagnerise , Julius",1000469309,Right,GEO_PAT,Undefined,7,Top,1,0,0,Cutter,Cutter,StrikeCalled,Undefined,Undefined,Undefined,0,0,,85.82684,-0.89041,2.962207,2353.266645,202.07027,12:45,5.34809,-3.18627,5.81222,-29.9412,8.55953,2.93232,2.02386,-0.18499,77.92542,-6.452787,3.486715,0.446587,,,,,,,,,,,,-0.57291,5.04981,2.94164,50,5.25749,-6.55783,-124.36215,-2.92618,-0.8876,27.43645,-24.35039,FOR_RAM,GEO_PAT,FordhamUniversity,D1,A10,20260424-FordhamUniversity-1,7d0e6d10-401e-11f1-a000-3b21148d6856,84.40115,,,7.90142,,,,,,,16dba9bc-162f-467c-82cd-d013dd0e9e5e,2026-04-24,20:45:11.03,2026-04-24T16:45:11.0320640-04:00,2026-04-24T20:45:11.0320640Z,,v3,471298,471300,aea4d343e99b4d4c9dda1cfb8aed3ab6,"McAndrews, Thomas",836274,Right,FOR_RAM,d6a856fd-b657-49ce-b869-983ad6137a38,54.68345,-125.39115,13.71823,5.35011,-2.01293,-12.17519,3.18697,-6.52455,-0.4438,,,,,,,,,,,,,,,,,,,,,,,,,,,,,,,,,,,,,,,,,,,,,,,,,,,High,High,High,,,,,
178,2026-04-24,16:45:26.00,4,2,"Elson, Beau",1000255572,Left,FOR_RAM,"Bagnerise , Julius",1000469309,Right,GEO_PAT,Undefined,7,Top,1,0,1,Curveball,Slider,InPlay,Undefined,LineDrive,Single,0,0,,80.48274,-0.096225,3.366313,2314.590239,323.107259,4:45,5.50914,-3.16479,5.5203,-49.8257,-5.55453,5.28429,1.26688,0.42656,73.54809,-9.15735,4.307219,0.478886,88.15924,9.672353,-10.474435,2899.487424,106.76479,11.70055,-26.48085,202.16648,192.49892,-16.80728,1.944353,-1.63461,-2.39165,2.86782,50,5.46722,-7.06771,-116.61928,-1.91438,-2.22507,24.30022,-35.42958,FOR_RAM,GEO_PAT,FordhamUniversity,D1,A10,20260424-FordhamUniversity-1,85f812a0-401e-11f1-a000-3b21148d6856,78.70865,11.69825,,6.93465,,,,1.86476,1.37325,-0.40685,16dba9bc-162f-467c-82cd-d013dd0e9e5e,2026-04-24,20:45:26.00,2026-04-24T16:45:26.0049920-04:00,2026-04-24T20:45:26.0049920Z,LineDrive,v3,471298,471300,aea4d343e99b4d4c9dda1cfb8aed3ab6,"McAndrews, Thomas",836274,Right,FOR_RAM,bebe7eae-78a9-4d7f-901c-e438d2c4ae59,54.97951,-117.6523,12.15011,5.51658,-0.40825,-17.71479,3.16627,-6.97312,-1.11253,132.076205,1.86476,125.33804,-19.59322,4.13128,-0.7749,0.12946,-0.02034,0.0027,-0.00019,1.37325,21.72396,-10.98996,-0.71635,0.35008,-0.098,0.02258,-0.0033,0.00023,-0.40685,-23.17205,-5.66984,1.80776,-0.50428,0.1219,-0.02539,0.00383,-0.00029,,,,,,,,,,,,,,,,,,,,,,,High,High,High,High,High,,,
179,2026-04-24,16:46:14.57,5,1,"Elson, Beau",1000255572,Left,FOR_RAM,"Blanchard, Evan",10073877,Right,GEO_PAT,Undefined,7,Top,1,0,0,Fastball,Four-Seam,InPlay,Undefined,FlyBall,Out,1,0,,88.76172,-1.643567,3.750407,2465.258541,148.646007,11:00,5.38052,-2.59006,6.23248,-18.46332,16.91186,-9.56382,2.32199,0.07778,80.52513,-5.17375,2.028075,0.428076,81.36437,52.815998,15.164448,,100.17262,112.11406,45.44702,232.84745,113.2636,29.614933,5.492377,6.09134,9.62355,2.3145,50,5.24841,-8.04616,-128.62661,-4.20789,10.12348,28.67301,-16.18029,FOR_RAM,GEO_PAT,FordhamUniversity,D1,A10,20260424-FordhamUniversity-1,a2fde1e0-401e-11f1-a000-3b21148d6856,88.05086,116.06303,,8.23659,,,,0.84502,2.18967,-0.11248,16dba9bc-162f-467c-82cd-d013dd0e9e5e,2026-04-24,20:46:14.57,2026-04-24T16:46:14.5776128-04:00,2026-04-24T20:46:14.5776128Z,FlyBall,v3,471298,471300,aea4d343e99b4d4c9dda1cfb8aed3ab6,"McAndrews, Thomas",836274,Right,FOR_RAM,c46ed644-34ee-4332-b4ae-53da47d7dd2c,54.26488,-129.57383,14.33651,5.37859,-3.67337,-8.09014,2.58584,-8.38059,5.06174,207.255659,0.85165,69.45276,-16.09995,2.94615,0.3847,-0.42521,0.1163,-0.01432,0.00068,2.17899,95.2565,-24.4479,3.18955,-0.95896,0.22806,-0.029,0.00135,1E-05,-0.11774,18.97757,2.82952,-0.54845,-0.38533,0.25888,-0.06635,0.00796,-0.00037,,,,,,,,,,,,,,,,,,,,,,,High,High,High,High,Low,,,
180,2026-04-24,16:47:37.46,6,1,"Elson, Beau",1000255572,Left,FOR_RAM,"Tignor, Laken",1000091229,Right,GEO_PAT,Undefined,7,Top,2,0,0,Fastball,Four-Seam,BallCalled,Undefined,Undefined,Undefined,0,0,,90.30607,0.460745,2.327996,2484.513416,173.219582,11:45,5.53628,-2.54622,5.956,-14.55024,20.11777,-2.24539,4.75139,-0.57326,81.22594,-2.371358,1.925186,0.423776,,,,,,,,,,,,1.87854,10.47237,2.3624,50,5.56463,-5.22096,-130.87908,0.68831,3.21314,31.2007,-14.26166,FOR_RAM,GEO_PAT,FordhamUniversity,D1,A10,20260424-FordhamUniversity-1,d4573e80-401e-11f1-a000-3b21148d6856,88.94435,,,9.08014,,,,,,,16dba9bc-162f-467c-82cd-d013dd0e9e5e,2026-04-24,20:47:37.46,2026-04-24T16:47:37.4691328-04:00,2026-04-24T20:47:37.4691328Z,,v3,471298,471300,aea4d343e99b4d4c9dda1cfb8aed3ab6,"McAndrews, Thomas",836274,Right,FOR_RAM,0a3e8ac5-0dd6-426a-bfe8-164bb6e807b5,54.53734,-131.95632,15.60035,5.53236,1.18071,-7.13083,2.54458,-5.3319,1.60657,,,,,,,,,,,,,,,,,,,,,,,,,,,,,,,,,,,,,,,,,,,,,,,,,,,High,High,High,,,,,
181,2026-04-24,16:47:55.26,6,2,"Elson, Beau",1000255572,Left,FOR_RAM,"Tignor, Laken",1000091229,Right,GEO_PAT,Undefined,7,Top,2,1,0,Fastball,Four-Seam,FoulBallNotFieldable,Undefined,Undefined,Undefined,0,0,,89.01365,-1.528394,2.878519,2440.384477,158.556888,11:15,5.4692,-2.41809,6.42339,-18.4845,16.30044,-5.94548,2.52181,-0.26538,80.97399,-5.066986,1.802567,0.424489,,,,,,,,,,,,3.9741,9.32634,2.2154,50,5.35162,-6.26519,-129.1844,-3.94932,6.67284,28.52036,-16.51441,FOR_RAM,GEO_PAT,FordhamUniversity,D1,A10,20260424-FordhamUniversity-1,df194d90-401e-11f1-a000-3b21148d6856,88.79476,,,8.03965,,,,,,,16dba9bc-162f-467c-82cd-d013dd0e9e5e,2026-04-24,20:47:55.26,2026-04-24T16:47:55.2698368-04:00,2026-04-24T20:47:55.2698368Z,,v3,471298,471300,aea4d343e99b4d4c9dda1cfb8aed3ab6,"McAndrews, Thomas",836274,Right,FOR_RAM,4c251aa6-04df-4d5f-9fc2-aa81e1fef6ee,54.07479,-130.08089,14.26018,5.4676,-3.43022,-8.2572,2.41563,-6.47494,3.33642,,,,,,,,,,,,,,,,,,,,,,,,,,,,,,,,,,,,,,,,,,,,,,,,,,,High,High,High,,,,,
182,2026-04-24,16:48:56.01,6,3,"Elson, Beau",1000255572,Left,FOR_RAM,"Tignor, Laken",1000091229,Right,GEO_PAT,Undefined,7,Top,2,1,1,Curveball,Curveball,BallCalled,Undefined,Undefined,Undefined,0,0,,81.0249,-0.42491,2.41927,2390.623579,336.981079,5:15,5.36918,-2.53735,5.7694,-50.8355,-7.37103,3.78618,0.7371,0.03091,73.67508,-9.719316,3.098339,0.474503,,,,,,,,,,,,-1.13181,-3.18213,2.33489,50,5.3034,-5.111,-117.47485,-2.59291,-1.55282,26.03772,-36.53981,FOR_RAM,GEO_PAT,FordhamUniversity,D1,A10,20260424-FordhamUniversity-1,03462ad0-401f-11f1-a000-3b21148d6856,79.43566,,,7.34982,,,,,,,16dba9bc-162f-467c-82cd-d013dd0e9e5e,2026-04-24,20:48:56.01,2026-04-24T16:48:56.0141312-04:00,2026-04-24T20:48:56.0141312Z,,v3,471298,471300,aea4d343e99b4d4c9dda1cfb8aed3ab6,"McAndrews, Thomas",836274,Right,FOR_RAM,cfdf33cd-9627-44a7-8339-4b39e0bc1a00,54.72953,-118.51849,13.01886,5.37798,-1.12833,-18.2699,2.5385,-5.04876,-0.77641,,,,,,,,,,,,,,,,,,,,,,,,,,,,,,,,,,,,,,,,,,,,,,,,,,,High,High,High,,,,,
183,2026-04-24,16:49:15.52,6,4,"Elson, Beau",1000255572,Left,FOR_RAM,"Tignor, Laken",1000091229,Right,GEO_PAT,Undefined,7,Top,2,2,1,Fastball,Four-Seam,FoulBallNotFieldable,Undefined,Undefined,Undefined,0,0,,90.247,-1.86966,2.38256,2483.745143,164.718597,11:30,5.41325,-2.4769,6.27021,-18.80588,15.72548,-3.93858,2.1204,-0.60743,80.97233,-5.481001,1.671352,0.42294,84.73183,43.389409,39.268778,5482.167858,73.09231,84.06845,82.20405,260.2058,137.20195,57.785504,4.982645,2.84917,9.16843,2.30245,50,5.26572,-5.27658,-130.75648,-4.79487,4.82817,33.01934,-16.63743,FOR_RAM,GEO_PAT,FordhamUniversity,D1,A10,20260424-FordhamUniversity-1,0f75d3a0-401f-11f1-a000-3b21148d6856,89.12015,92.43902,,9.27466,,,,0.73468,1.98948,0.53721,16dba9bc-162f-467c-82cd-d013dd0e9e5e,2026-04-24,20:49:15.52,2026-04-24T16:49:15.5271168-04:00,2026-04-24T20:49:15.5271168Z,FlyBall,v3,471298,471300,aea4d343e99b4d4c9dda1cfb8aed3ab6,"McAndrews, Thomas",836274,Right,FOR_RAM,d728819f-a848-46e5-9bb2-7bd64f630c38,54.22468,-131.819,16.50967,5.4114,-4.25949,-8.31872,2.47475,-5.43195,2.41408,218.327841,0.75783,69.46878,-20.46109,3.70113,0.41772,-0.42607,0.08838,-0.006,-0,2.00157,85.09546,-22.40585,-0.29662,1.88074,-1.01255,0.27209,-0.03632,0.0019,0.54553,56.97379,-1.84885,-2.20141,1.77536,-0.77791,0.19449,-0.02531,0.00132,,,,,,,,,,,,,,,,,,,,,,,High,High,High,High,Low,,,
184,2026-04-24,16:49:45.27,6,5,"Elson, Beau",1000255572,Left,FOR_RAM,"Tignor, Laken",1000091229,Right,GEO_PAT,Undefined,7,Top,2,2,2,Curveball,Slider,InPlay,Undefined,GroundBall,Out,1,0,,81.30241,0.075431,2.313105,2319.091016,357.801814,6:00,5.33442,-2.31043,5.83076,-48.43975,-5.6776,0.27303,1.36795,-0.13637,74.22201,-8.803024,2.362105,0.470653,81.92278,-38.150649,-17.652508,,,,,2.77261,2.77261,-8.012919,0.017823,0.57646,-2.50721,2.1214,50,5.31209,-4.77598,-117.97493,-1.46964,0.80363,24.71558,-35.66928,FOR_RAM,GEO_PAT,FordhamUniversity,D1,A10,20260424-FordhamUniversity-1,2081d720-401f-11f1-a000-3b21148d6856,80.08535,1.32472,,7.0804,,,,1.13855,1.32472,0.1249,16dba9bc-162f-467c-82cd-d013dd0e9e5e,2026-04-24,20:49:45.27,2026-04-24T16:49:45.2713472-04:00,2026-04-24T20:49:45.2713472Z,GroundBall,v3,471298,471300,aea4d343e99b4d4c9dda1cfb8aed3ab6,"McAndrews, Thomas",836274,Right,FOR_RAM,6e151e5e-20e1-4f22-b5c2-a98075f89242,54.66857,-118.94896,12.35779,5.34231,-0.06391,-17.83464,2.31025,-4.80765,0.40181,,1.13818,90.16503,,,,,,,,1.32502,-74.32704,,,,,,,,0.12501,-28.69301,,,,,,,,,,,,,,,,,,,,,,,,,,,,,,High,High,High,Estimated,Estimated,,,
185,2026-04-24,16:51:48.23,1,1,"Stewart, Owen",10069636,Right,GEO_PAT,"Donnelly, Joey",800885,Left,FOR_RAM,Undefined,7,Bottom,0,0,0,Cutter,Slider,BallCalled,Undefined,Undefined,Undefined,0,0,,85.91191,0.170793,-0.33756,2591.739686,127.412027,10:15,5.82893,1.92614,5.49222,-34.5638,3.85075,-3.45563,3.10839,1.32239,78.64536,-6.176393,-0.953694,0.446087,,,,,,,,,,,,1.64012,2.28488,-1.89424,50,5.82067,0.88451,-124.74184,-0.87853,2.58288,25.21957,-28.57582,FOR_RAM,GEO_PAT,FordhamUniversity,D1,A10,20260424-FordhamUniversity-1,69d0ee20-401f-11f1-a000-3b21148d6856,84.49575,,,7.26655,,,,,,,16dba9bc-162f-467c-82cd-d013dd0e9e5e,2026-04-24,20:51:48.23,2026-04-24T16:51:48.2315264-04:00,2026-04-24T20:51:48.2315264Z,,v3,471298,471300,aea4d343e99b4d4c9dda1cfb8aed3ab6,"Vaughan, Logan",1000232024,Right,GEO_PAT,96f1d58c-83fc-48a1-b6cc-d9adfd10fa0e,55.00515,-125.74968,12.60979,5.83296,0.26344,-14.28791,-1.92752,0.78129,1.29144,,,,,,,,,,,,,,,,,,,,,,,,,,,,,,,,,,,,,,,,,,,,,,,,,,,High,High,High,,,,,
186,2026-04-24,16:52:01.71,1,2,"Stewart, Owen",10069636,Right,GEO_PAT,"Donnelly, Joey",800885,Left,FOR_RAM,Undefined,7,Bottom,0,1,0,Cutter,Slider,InPlay,Undefined,LineDrive,Double,0,0,,85.17448,-0.271788,-1.716588,2502.696593,122.510798,10:00,5.76698,1.54727,5.8166,-35.56293,3.11398,-2.96614,2.55058,-0.29646,78.01828,-6.827956,-2.248343,0.447608,103.07363,22.231631,20.348292,1315.30667,101.9815,37.08116,41.22749,340.43593,329.22207,22.793387,3.500432,1.03095,2.01807,-1.40492,50,5.72354,3.82612,-123.69159,-1.79432,1.59291,25.28998,-29.05594,FOR_RAM,GEO_PAT,FordhamUniversity,D1,A10,20260424-FordhamUniversity-1,721dde80-401f-11f1-a000-3b21148d6856,84.20868,45.86372,,7.15621,,,,0.78042,2.46513,0.28631,16dba9bc-162f-467c-82cd-d013dd0e9e5e,2026-04-24,20:52:01.71,2026-04-24T16:52:01.7168896-04:00,2026-04-24T20:52:01.7168896Z,FlyBall,v3,471298,471300,aea4d343e99b4d4c9dda1cfb8aed3ab6,"Vaughan, Logan",1000232024,Right,GEO_PAT,593296cb-3622-4238-b33a-ffb745f4b163,54.68238,-124.64527,12.64499,5.77055,-0.69863,-14.52797,-1.54807,3.76605,0.79645,245.20024,0.78081,131.19254,-20.34026,4.51096,-0.9219,0.12889,-0.01824,0.00223,-3E-05,2.4653,57.18995,-21.73744,2.19271,-0.14474,-0.12907,0.07442,-0.01712,0.00145,0.28689,48.64096,-0.54931,-2.09707,1.03908,-0.40014,0.1101,-0.01855,0.00129,,,,,,,,,,,,,,,,,,,,,,,High,High,High,High,High,,,
187,2026-04-24,16:52:42.63,2,1,"Stewart, Owen",10069636,Right,GEO_PAT,"Ocko, Madden",10300306,Right,FOR_RAM,Undefined,7,Bottom,0,0,0,Slider,Slider,BallCalled,Undefined,Undefined,Undefined,0,0,,78.68731,0.786535,0.438802,2439.780671,96.707096,9:15,5.53145,2.18787,5.40039,-43.24105,3.44981,-14.94359,2.66512,1.35376,71.07143,-7.167683,-2.221144,0.491799,,,,,,,,,,,,7.58343,2.01862,-2.21642,50,5.57182,-0.26171,-114.03601,0.10928,9.8157,24.30577,-29.56121,FOR_RAM,GEO_PAT,FordhamUniversity,D1,A10,20260424-FordhamUniversity-1,8a392240-401f-11f1-a000-3b21148d6856,76.64199,,,7.61588,,,,,,,16dba9bc-162f-467c-82cd-d013dd0e9e5e,2026-04-24,20:52:42.63,2026-04-24T16:52:42.6391552-04:00,2026-04-24T20:52:42.6391552Z,,v3,471298,471300,aea4d343e99b4d4c9dda1cfb8aed3ab6,"Vaughan, Logan",1000232024,Right,GEO_PAT,cfa77a81-ccec-457b-a5c3-1c98169ad75e,55.09516,-115.11688,12.15289,5.53773,1.42386,-14.7806,-2.19508,-0.69821,4.90785,,,,,,,,,,,,,,,,,,,,,,,,,,,,,,,,,,,,,,,,,,,,,,,,,,,High,High,High,,,,,
188,2026-04-24,16:53:00.24,2,2,"Stewart, Owen",10069636,Right,GEO_PAT,"Ocko, Madden",10300306,Right,FOR_RAM,Undefined,7,Bottom,0,1,0,Slider,Slider,HitByPitch,Undefined,Undefined,Undefined,0,0,,79.85133,1.966935,1.321461,2348.49443,100.305174,9:15,5.42975,1.99645,5.42749,-41.7325,3.93599,-11.97264,3.79546,2.2366,71.362,-5.754131,-0.808338,0.486384,,,,,,,,,,,,6.47107,1.78705,-2.10498,50,5.5757,-2.17562,-115.56168,2.5679,8.53684,26.44019,-29.81653,FOR_RAM,GEO_PAT,FordhamUniversity,D1,A10,20260424-FordhamUniversity-1,94c83a70-401f-11f1-a000-3b21148d6856,77.49515,,,8.48934,,,,,,,16dba9bc-162f-467c-82cd-d013dd0e9e5e,2026-04-24,20:53:00.24,2026-04-24T16:53:00.2425856-04:00,2026-04-24T20:53:00.2425856Z,,v3,471298,471300,aea4d343e99b4d4c9dda1cfb8aed3ab6,"Vaughan, Logan",1000232024,Right,GEO_PAT,40efa3cd-2bb1-49c3-921f-79f19565b9b9,55.06797,-116.71546,13.2201,5.43525,3.86901,-14.90826,-2.00191,-2.54815,4.26842,,,,,,,,,,,,,,,,,,,,,,,,,,,,,,,,,,,,,,,,,,,,,,,,,,,High,High,High,,,,,
189,2026-04-24,16:54:53.68,3,1,"Stewart, Owen",10069636,Right,GEO_PAT,"Dean, Mason",1000150670,Left,FOR_RAM,Undefined,7,Bottom,0,0,0,Sweeper,Slider,BallCalled,Undefined,Undefined,Undefined,0,0,,80.4116,-0.613369,-0.693941,2680.169272,90.316717,9:00,5.44562,2.02023,5.32554,-43.0562,1.68425,-21.69785,1.28198,-0.43912,73.1383,-8.466782,-4.552042,0.481417,,,,,,,,,,,,10.63603,1.51697,-1.94139,50,5.35944,2.3058,-116.59651,-2.74814,14.41032,25.15431,-30.11879,FOR_RAM,GEO_PAT,FordhamUniversity,D1,A10,20260424-FordhamUniversity-1,d86900c0-401f-11f1-a000-3b21148d6856,78.29473,,,7.2733,,,,,,,16dba9bc-162f-467c-82cd-d013dd0e9e5e,2026-04-24,20:54:53.68,2026-04-24T16:54:53.6867840-04:00,2026-04-24T20:54:53.6867840Z,,v3,471298,471300,aea4d343e99b4d4c9dda1cfb8aed3ab6,"Vaughan, Logan",1000232024,Right,GEO_PAT,407fe4b9-2030-4ea7-8877-e332bcf0593d,55.17284,-117.7072,12.57716,5.45142,-1.41824,-15.0594,-2.02915,1.66951,7.20516,,,,,,,,,,,,,,,,,,,,,,,,,,,,,,,,,,,,,,,,,,,,,,,,,,,High,High,High,,,,,
190,2026-04-24,16:55:11.49,3,2,"Stewart, Owen",10069636,Right,GEO_PAT,"Dean, Mason",1000150670,Left,FOR_RAM,Undefined,7,Bottom,0,1,0,Cutter,Slider,StrikeCalled,Undefined,Undefined,Undefined,0,0,,83.89904,-0.76688,-1.153606,2579.072154,85.796703,8:45,5.69705,1.84772,5.64681,-39.61679,0.82461,-7.52189,1.68016,0.14472,76.43151,-8.036709,-2.499357,0.457704,,,,,,,,,,,,3.46646,1.05272,-1.74496,50,5.60686,2.75884,-121.72811,-3.00566,5.14223,26.42606,-30.6124,FOR_RAM,GEO_PAT,FordhamUniversity,D1,A10,20260424-FordhamUniversity-1,e2f818f0-401f-11f1-a000-3b21148d6856,82.35114,,,7.46753,,,,,,,16dba9bc-162f-467c-82cd-d013dd0e9e5e,2026-04-24,20:55:11.49,2026-04-24T16:55:11.4921984-04:00,2026-04-24T20:55:11.4921984Z,,v3,471298,471300,aea4d343e99b4d4c9dda1cfb8aed3ab6,"Vaughan, Logan",1000232024,Right,GEO_PAT,9b367b3a-c8e1-40ba-8002-5d96496af110,54.8513,-122.77677,13.21303,5.70203,-1.79088,-15.3062,-1.85039,2.55478,2.57112,,,,,,,,,,,,,,,,,,,,,,,,,,,,,,,,,,,,,,,,,,,,,,,,,,,High,High,High,,,,,
191,2026-04-24,16:55:34.58,3,3,"Stewart, Owen",10069636,Right,GEO_PAT,"Dean, Mason",1000150670,Left,FOR_RAM,Undefined,7,Bottom,0,1,1,Slider,Slider,StrikeCalled,Undefined,Undefined,Undefined,0,0,,84.25378,-0.387596,-1.795027,2606.258534,99.137205,9:15,5.62235,2.12999,5.7112,-37.19596,2.53043,-7.89882,2.1614,-0.20109,77.21224,-7.220905,-3.208027,0.45364,,,,,,,,,,,,3.50284,1.78228,-1.97476,50,5.56689,4.15488,-122.31425,-2.10647,5.28857,24.88846,-29.48314,FOR_RAM,GEO_PAT,FordhamUniversity,D1,A10,20260424-FordhamUniversity-1,f0b3b8f0-401f-11f1-a000-3b21148d6856,83.08893,,,7.04154,,,,,,,16dba9bc-162f-467c-82cd-d013dd0e9e5e,2026-04-24,20:55:34.58,2026-04-24T16:55:34.5870848-04:00,2026-04-24T20:55:34.5870848Z,,v3,471298,471300,aea4d343e99b4d4c9dda1cfb8aed3ab6,"Vaughan, Logan",1000232024,Right,GEO_PAT,7932a6dd-146c-4b68-b56c-aaddd2b211f9,54.7873,-123.28452,12.44423,5.6266,-0.95708,-14.74157,-2.13272,3.9487,2.64428,,,,,,,,,,,,,,,,,,,,,,,,,,,,,,,,,,,,,,,,,,,,,,,,,,,High,High,High,,,,,
192,2026-04-24,16:55:54.64,3,4,"Stewart, Owen",10069636,Right,GEO_PAT,"Dean, Mason",1000150670,Left,FOR_RAM,Undefined,7,Bottom,0,1,2,Sweeper,Slider,BallCalled,Undefined,Undefined,Undefined,0,0,,80.82156,-0.977675,-2.418154,2652.05785,102.300752,9:30,5.31788,2.00378,5.86501,-38.90179,5.04579,-15.42288,1.16697,-1.52913,72.73726,-8.181892,-5.182087,0.477132,,,,,,,,,,,,6.94544,3.46933,-1.79925,50,5.21674,5.55742,-117.00232,-3.23769,9.37199,27.54142,-27.49264,FOR_RAM,GEO_PAT,FordhamUniversity,D1,A10,20260424-FordhamUniversity-1,fcda12f0-401f-11f1-a000-3b21148d6856,78.99788,,,8.08429,,,,,,,16dba9bc-162f-467c-82cd-d013dd0e9e5e,2026-04-24,20:55:54.64,2026-04-24T16:55:54.6481152-04:00,2026-04-24T20:55:54.6481152Z,,v3,471298,471300,aea4d343e99b4d4c9dda1cfb8aed3ab6,"Vaughan, Logan",1000232024,Right,GEO_PAT,66702831-5b52-4e56-86f6-4bf8809df581,54.62893,-118.0869,13.77071,5.32292,-2.15503,-13.74632,-2.01084,5.18836,4.68599,,,,,,,,,,,,,,,,,,,,,,,,,,,,,,,,,,,,,,,,,,,,,,,,,,,High,High,High,,,,,
193,2026-04-24,16:56:13.47,3,5,"Stewart, Owen",10069636,Right,GEO_PAT,"Dean, Mason",1000150670,Left,FOR_RAM,Undefined,7,Bottom,0,2,2,Cutter,Slider,StrikeSwinging,Strikeout,Undefined,Undefined,0,0,,85.50107,-1.014564,-1.973432,2641.360459,111.60004,9:45,5.69222,1.61938,5.61446,-35.34203,3.20524,-5.13949,1.79948,-0.65148,78.74201,-7.483042,-2.891356,0.446857,,,,,,,,,,,,2.07008,2.26351,-1.44745,50,5.58275,4.49104,-124.13604,-3.44853,3.23667,24.38131,-28.635,FOR_RAM,GEO_PAT,FordhamUniversity,D1,A10,20260424-FordhamUniversity-1,07edeb80-4020-11f1-a000-3b21148d6856,84.35019,,,6.75906,,,,,,,16dba9bc-162f-467c-82cd-d013dd0e9e5e,2026-04-24,20:56:13.47,2026-04-24T16:56:13.4776320-04:00,2026-04-24T20:56:13.4776320Z,,v3,471298,471300,aea4d343e99b4d4c9dda1cfb8aed3ab6,"Vaughan, Logan",1000232024,Right,GEO_PAT,d69f041b-831b-434d-89ab-dbe8f3f5ac76,54.88438,-125.0917,12.19065,5.69592,-2.32615,-14.3175,-1.62099,4.36418,1.61834,,,,,,,,,,,,,,,,,,,,,,,,,,,,,,,,,,,,,,,,,,,,,,,,,,,High,High,High,,,,,
194,2026-04-24,16:56:47.49,4,1,"Stewart, Owen",10069636,Right,GEO_PAT,"Young, Caden",10264258,Right,FOR_RAM,Undefined,7,Bottom,1,0,0,Slider,Slider,FoulBallNotFieldable,Undefined,Undefined,Undefined,0,0,,80.91906,0.679619,-0.986604,2638.949643,80.214276,8:45,5.52109,1.84041,5.52696,-44.97187,-0.74236,-13.98729,2.40889,-0.24761,72.75615,-7.591668,-3.481507,0.47866,41.97498,-38.621996,91.678339,,,,,5.58737,5.58737,39.65502,0.071894,6.78327,-0.21898,-1.74478,50,5.55014,2.5757,-117.25955,-0.13472,9.20466,27.41821,-32.47117,FOR_RAM,GEO_PAT,FordhamUniversity,D1,A10,20260424-FordhamUniversity-1,1c373fb0-4020-11f1-a000-3b21148d6856,78.74569,2.79432,,8.16291,,,,4.40416,2.79432,0.06952,16dba9bc-162f-467c-82cd-d013dd0e9e5e,2026-04-24,20:56:47.49,2026-04-24T16:56:47.4904064-04:00,2026-04-24T20:56:47.4904064Z,GroundBall,v3,471298,471300,aea4d343e99b4d4c9dda1cfb8aed3ab6,"Vaughan, Logan",1000232024,Right,GEO_PAT,fd47d2aa-8d97-49e3-bc27-a471e6bcec7a,54.97132,-118.41627,13.7091,5.52693,1.23516,-16.23559,-1.84525,2.18738,4.60233,,4.40434,-1.42487,,,,,,,,2.79941,-38.86703,,,,,,,,0.06315,48.6287,,,,,,,,,,,,,,,,,,,,,,,,,,,,,,High,High,High,Estimated,Estimated,,,
195,2026-04-24,16:57:44.47,4,2,"Stewart, Owen",10069636,Right,GEO_PAT,"Young, Caden",10264258,Right,FOR_RAM,Undefined,7,Bottom,1,0,1,Slider,Slider,BallCalled,Undefined,Undefined,Undefined,0,0,,81.85694,-0.700323,-1.795389,2613.446053,108.238728,9:30,5.6119,1.76976,5.66945,-36.43384,5.87551,-13.63013,1.92244,-1.04058,74.86113,-7.403181,-4.230804,0.468155,,,,,,,,,,,,6.39689,3.60717,-1.60939,50,5.5299,4.26436,-118.77854,-2.65498,9.0729,24.28026,-27.05786,FOR_RAM,GEO_PAT,FordhamUniversity,D1,A10,20260424-FordhamUniversity-1,3e26b010-4020-11f1-a000-3b21148d6856,80.51276,,,6.99582,,,,,,,16dba9bc-162f-467c-82cd-d013dd0e9e5e,2026-04-24,20:57:44.47,2026-04-24T16:57:44.4763136-04:00,2026-04-24T20:57:44.4763136Z,,v3,471298,471300,aea4d343e99b4d4c9dda1cfb8aed3ab6,"Vaughan, Logan",1000232024,Right,GEO_PAT,8bf93225-4b9c-43d4-a856-8426620fe584,54.82877,-119.76155,12.14013,5.61521,-1.55952,-13.52893,-1.7746,3.89703,4.53645,,,,,,,,,,,,,,,,,,,,,,,,,,,,,,,,,,,,,,,,,,,,,,,,,,,High,High,High,,,,,
196,2026-04-24,16:58:02.92,4,3,"Stewart, Owen",10069636,Right,GEO_PAT,"Young, Caden",10264258,Right,FOR_RAM,Undefined,7,Bottom,1,1,1,Slider,Slider,BallCalled,Undefined,Undefined,Undefined,0,0,,81.39279,0.071011,-2.390969,2580.250682,72.731677,8:30,5.55523,1.35398,5.58187,-46.81928,-3.41036,-15.89131,1.72,-2.20448,73.89553,-8.484848,-5.224845,0.474199,,,,,,,,,,,,7.24445,-1.29339,-1.13781,50,5.53103,5.56694,-117.95987,-1.47215,10.01755,26.33012,-33.96253,FOR_RAM,GEO_PAT,FordhamUniversity,D1,A10,20260424-FordhamUniversity-1,49324b40-4020-11f1-a000-3b21148d6856,79.48648,,,7.49726,,,,,,,16dba9bc-162f-467c-82cd-d013dd0e9e5e,2026-04-24,20:58:02.92,2026-04-24T16:58:02.9216768-04:00,2026-04-24T20:58:02.9216768Z,,v3,471298,471300,aea4d343e99b4d4c9dda1cfb8aed3ab6,"Vaughan, Logan",1000232024,Right,GEO_PAT,30b53813-e0f1-427b-a399-c671f0f431cd,54.91653,-119.05224,13.16506,5.56288,-0.06312,-16.98127,-1.36015,5.15134,5.00878,,,,,,,,,,,,,,,,,,,,,,,,,,,,,,,,,,,,,,,,,,,,,,,,,,,High,High,High,,,,,
197,2026-04-24,16:58:21.14,4,4,"Stewart, Owen",10069636,Right,GEO_PAT,"Young, Caden",10264258,Right,FOR_RAM,Undefined,7,Bottom,1,2,1,Slider,Slider,FoulBallNotFieldable,Undefined,Undefined,Undefined,0,0,,81.74116,1.267373,-1.376247,2645.40385,106.49693,9:30,5.25704,2.14158,5.71762,-35.756,7.17945,-18.93351,3.45848,-0.71846,73.50615,-5.388126,-4.758649,0.471606,65.88869,48.080766,162.870104,4754.351042,-105.58166,40.77315,30.8627,143.34119,57.34751,163.021554,3.129499,9.18186,3.65681,-2.01452,50,5.34121,3.6004,-118.46243,1.47196,12.7612,27.26086,-27.0917,FOR_RAM,GEO_PAT,FordhamUniversity,D1,A10,20260424-FordhamUniversity-1,53fff310-4020-11f1-a000-3b21148d6856,79.92358,49.65962,,8.23501,,,,2.03688,3.59661,0.66884,16dba9bc-162f-467c-82cd-d013dd0e9e5e,2026-04-24,20:58:21.14,2026-04-24T16:58:21.1403776-04:00,2026-04-24T20:58:21.1403776Z,Popup,v3,471298,471300,aea4d343e99b4d4c9dda1cfb8aed3ab6,"Vaughan, Logan",1000232024,Right,GEO_PAT,507fae3f-25c5-4c7d-b85a-c49fcbe7e135,54.77947,-119.55723,13.63043,5.26025,2.55997,-13.54585,-2.14882,3.0879,6.3806,350.005192,2.03647,-61.6845,2.60183,2.20691,-0.87476,0.19851,0.0108,-0.01427,0.00184,3.59701,71.88959,-33.73646,5.23155,-0.69526,-0.14025,0.11134,-0.02427,0.00185,0.66896,19.01148,-3.38653,0.76036,-0.07966,-0.03018,0.01462,-0.00213,9E-05,,,,,,,,,,,,,,,,,,,,,,,High,High,High,High,Low,,,
198,2026-04-24,16:58:44.18,4,5,"Stewart, Owen",10069636,Right,GEO_PAT,"Young, Caden",10264258,Right,FOR_RAM,Undefined,7,Bottom,1,2,2,Cutter,Slider,StrikeSwinging,Strikeout,Undefined,Undefined,0,0,,85.9346,0.048736,-2.354241,2598.072548,122.611151,10:00,5.71738,1.31389,5.66038,-33.50537,4.91614,-5.70709,2.97075,-1.35831,78.30745,-6.132312,-3.372873,0.446127,,,,,,,,,,,,2.18752,2.87354,-1.11103,50,5.7005,5.36578,-124.63469,-1.0628,3.41831,26.58578,-27.68379,FOR_RAM,GEO_PAT,FordhamUniversity,D1,A10,20260424-FordhamUniversity-1,61bf1580-4020-11f1-a000-3b21148d6856,84.48813,,,7.62715,,,,,,,16dba9bc-162f-467c-82cd-d013dd0e9e5e,2026-04-24,20:58:44.18,2026-04-24T16:58:44.1800192-04:00,2026-04-24T20:58:44.1800192Z,,v3,471298,471300,aea4d343e99b4d4c9dda1cfb8aed3ab6,"Vaughan, Logan",1000232024,Right,GEO_PAT,00f3fd41-7dc6-4756-a709-7b70a482009a,54.83658,-125.66214,13.29289,5.7209,0.00709,-13.84189,-1.31585,5.23367,1.70916,,,,,,,,,,,,,,,,,,,,,,,,,,,,,,,,,,,,,,,,,,,,,,,,,,,High,High,High,,,,,
199,2026-04-24,16:59:18.47,5,1,"Stewart, Owen",10069636,Right,GEO_PAT,"Ford, Tim",1000142266,Right,FOR_RAM,Undefined,7,Bottom,2,0,0,Slider,Slider,FoulBallNotFieldable,Undefined,Undefined,Undefined,0,0,,82.46396,0.144276,-0.777151,2606.119193,87.708126,9:00,5.42183,1.61149,5.61343,-41.85455,1.01646,-18.28434,2.06862,-0.6376,73.46145,-7.595318,-4.04421,0.471252,74.98885,53.36155,48.575131,4347.981314,62.02416,105.03136,90.846,193.24807,73.06293,58.007642,5.239624,8.92583,0.97339,-1.5332,50,5.40778,2.38211,-119.37237,-1.13317,12.42824,30.47395,-30.8187,FOR_RAM,GEO_PAT,FordhamUniversity,D1,A10,20260424-FordhamUniversity-1,76310050-4020-11f1-a000-3b21148d6856,79.9836,105.02543,,9.00252,,,,0.94927,1.99475,0.61284,16dba9bc-162f-467c-82cd-d013dd0e9e5e,2026-04-24,20:59:18.47,2026-04-24T16:59:18.4799232-04:00,2026-04-24T20:59:18.4799232Z,FlyBall,v3,471298,471300,aea4d343e99b4d4c9dda1cfb8aed3ab6,"Vaughan, Logan",1000232024,Right,GEO_PAT,c7ced5e1-70a1-4318-b946-6844df3e0504,54.88144,-120.61209,15.23698,5.42837,0.12057,-15.40935,-1.61983,1.87651,6.21412,197.509575,0.95138,43.37123,-14.05742,3.87346,-0.55609,-0.02973,0.02858,-0.00447,0.00023,1.99188,88.30393,-22.06079,1.76743,-0.21241,-0.01734,0.01759,-0.00343,0.00022,0.61427,49.18134,-8.73199,1.95358,-0.21851,-0.02259,0.01186,-0.00152,7E-05,,,,,,,,,,,,,,,,,,,,,,,High,High,High,High,Low,,,
200,2026-04-24,16:59:53.90,5,2,"Stewart, Owen",10069636,Right,GEO_PAT,"Ford, Tim",1000142266,Right,FOR_RAM,Undefined,7,Bottom,2,0,1,Slider,Slider,BallCalled,Undefined,Undefined,Undefined,0,0,,82.27533,0.282036,-2.425484,2633.961988,91.657332,9:00,5.43524,1.31485,5.66483,-40.89282,2.27414,-17.10528,2.29073,-2.37356,73.16015,-7.292031,-5.477127,0.472876,,,,,,,,,,,,7.62922,1.61984,-1.09929,50,5.43424,5.76105,-118.94766,-0.8003,10.52671,30.65482,-29.93904,FOR_RAM,GEO_PAT,FordhamUniversity,D1,A10,20260424-FordhamUniversity-1,8b4ebb80-4020-11f1-a000-3b21148d6856,79.70896,,,9.11519,,,,,,,16dba9bc-162f-467c-82cd-d013dd0e9e5e,2026-04-24,20:59:53.90,2026-04-24T16:59:53.9057152-04:00,2026-04-24T20:59:53.9057152Z,,v3,471298,471300,aea4d343e99b4d4c9dda1cfb8aed3ab6,"Vaughan, Logan",1000232024,Right,GEO_PAT,98e963b9-f1fa-4ed9-a2f0-32b16c7b468c,54.82757,-120.18537,15.32741,5.44215,0.40851,-14.96952,-1.32332,5.33603,5.26335,,,,,,,,,,,,,,,,,,,,,,,,,,,,,,,,,,,,,,,,,,,,,,,,,,,High,High,High,,,,,
201,2026-04-24,17:00:13.15,5,3,"Stewart, Owen",10069636,Right,GEO_PAT,"Ford, Tim",1000142266,Right,FOR_RAM,Undefined,7,Bottom,2,1,1,Slider,Slider,FoulBallNotFieldable,Undefined,Undefined,Undefined,0,0,,83.00477,-0.005788,-0.757736,2582.644511,88.424933,9:00,5.61833,1.51343,5.94904,-40.47431,1.07906,-19.70722,2.2401,-0.83167,74.35303,-7.522686,-4.301074,0.463954,66.41475,5.793042,162.013155,1698.646371,,,,42.89842,34.51178,158.935636,0.466781,9.91623,0.95634,-1.44178,50,5.59533,2.35877,-120.34182,-1.32217,14.08961,30.11688,-30.8152,FOR_RAM,GEO_PAT,FordhamUniversity,D1,A10,20260424-FordhamUniversity-1,96c833b0-4020-11f1-a000-3b21148d6856,81.2418,2.90438,,8.65174,,,,2.19313,2.12913,0.79386,16dba9bc-162f-467c-82cd-d013dd0e9e5e,2026-04-24,21:00:13.15,2026-04-24T17:00:13.1596800-04:00,2026-04-24T21:00:13.1596800Z,GroundBall,v3,471298,471300,aea4d343e99b4d4c9dda1cfb8aed3ab6,"Vaughan, Logan",1000232024,Right,GEO_PAT,b39229db-e793-4c13-ab24-c1d2f2405ce4,54.54896,-121.47492,15.05844,5.62327,-0.16281,-15.4076,-1.52056,1.82867,7.0448,16.155969,2.20637,-92.54858,4.35344,,,,,,,2.13392,9.69658,-30.59017,,,,,,,0.78815,30.08742,2.71562,,,,,,,,,,,,,,,,,,,,,,,,,,,,,High,High,High,High,High,,,
202,2026-04-24,17:00:36.37,5,4,"Stewart, Owen",10069636,Right,GEO_PAT,"Ford, Tim",1000142266,Right,FOR_RAM,Undefined,7,Bottom,2,1,2,Cutter,Slider,InPlay,Undefined,FlyBall,Double,0,1,,87.60858,0.138002,-1.268393,2502.4309,76.165394,8:30,5.98878,1.04564,5.75127,-37.89691,-0.65059,-8.16532,2.95921,-0.81578,78.96806,-6.857456,-2.730954,0.439251,94.77562,25.543394,-12.749103,2331.372501,107.58243,47.53781,-22.93472,367.36317,363.72376,-13.880031,4.416361,3.77437,-0.06291,-0.93512,50,5.97702,3.15271,-127.0524,-1.03997,6.04064,31.09996,-32.27472,FOR_RAM,GEO_PAT,FordhamUniversity,D1,A10,20260424-FordhamUniversity-1,a4936410-4020-11f1-a000-3b21148d6856,85.81065,63.66537,,8.64052,,,,1.8453,3.01537,0.79668,16dba9bc-162f-467c-82cd-d013dd0e9e5e,2026-04-24,21:00:36.37,2026-04-24T17:00:36.3739136-04:00,2026-04-24T21:00:36.3739136Z,FlyBall,v3,471298,471300,aea4d343e99b4d4c9dda1cfb8aed3ab6,"Vaughan, Logan",1000232024,Right,GEO_PAT,aadf5a57-c7c9-46e6-99cc-3d5830f0dfc4,54.74733,-128.20919,15.54998,5.99338,0.16051,-16.13736,-1.04821,2.92802,3.02032,183.293998,1.84571,122.31722,-19.95625,4.40114,-0.80059,0.13069,-0.02162,0.00301,-0.0002,3.01597,59.9185,-15.73451,0.34384,0.20829,-0.14829,0.04988,-0.00791,0.00048,0.796,-27.66191,5.09278,-1.4366,0.20057,0.00531,-0.00743,0.00103,-4E-05,,,,,,,,,,,,,,,,,,,,,,,High,High,High,High,Medium,,,
203,2026-04-24,17:01:26.49,6,1,"Stewart, Owen",10069636,Right,GEO_PAT,"Markey, Tommy",10084492,Left,FOR_RAM,Undefined,7,Bottom,2,0,0,Slider,Slider,StrikeCalled,Undefined,Undefined,Undefined,0,0,,81.13229,-0.033017,-0.248746,2699.121446,85.917558,8:45,5.54634,1.90062,5.55385,-43.78262,0.72614,-15.95202,1.86694,0.33886,72.10252,-8.123228,-3.098254,0.480169,,,,,,,,,,,,7.91445,0.93799,-1.86848,50,5.51531,1.17348,-117.39245,-1.56133,10.62953,29.98934,-30.91425,FOR_RAM,GEO_PAT,FordhamUniversity,D1,A10,20260424-FordhamUniversity-1,c27b07d0-4020-11f1-a000-3b21148d6856,78.49828,,,9.02977,,,,,,,16dba9bc-162f-467c-82cd-d013dd0e9e5e,2026-04-24,21:01:26.49,2026-04-24T17:01:26.4932352-04:00,2026-04-24T21:01:26.4932352Z,,v3,471298,471300,aea4d343e99b4d4c9dda1cfb8aed3ab6,"Vaughan, Logan",1000232024,Right,GEO_PAT,5fdfaba6-0154-4d8e-bbb2-51413aec544d,54.93996,-118.64771,14.99467,5.55358,-0.26735,-15.45713,-1.90829,0.72856,5.31476,,,,,,,,,,,,,,,,,,,,,,,,,,,,,,,,,,,,,,,,,,,,,,,,,,,High,High,High,,,,,
204,2026-04-24,17:01:42.75,6,2,"Stewart, Owen",10069636,Right,GEO_PAT,"Markey, Tommy",10084492,Left,FOR_RAM,Undefined,7,Bottom,2,0,1,Slider,Slider,InPlay,Undefined,GroundBall,Single,0,1,,82.27372,-0.932794,-0.740653,2591.956969,102.290083,9:30,5.64118,1.97801,5.79332,-38.75994,3.88461,-9.95749,1.54336,0.45923,73.55473,-8.127376,-2.527202,0.470006,96.6736,-1.384782,12.849115,,,,,36.95746,35.72431,12.762391,0.260453,4.80378,2.80799,-1.91105,50,5.54166,1.94069,-119.14778,-3.20678,6.6866,29.64908,-28.26545,FOR_RAM,GEO_PAT,FordhamUniversity,D1,A10,20260424-FordhamUniversity-1,cc303ac0-4020-11f1-a000-3b21148d6856,80.19573,1.65975,,8.71898,,,,1.21049,1.65975,-0.38072,16dba9bc-162f-467c-82cd-d013dd0e9e5e,2026-04-24,21:01:42.75,2026-04-24T17:01:42.7596800-04:00,2026-04-24T21:01:42.7596800Z,GroundBall,v3,471298,471300,aea4d343e99b4d4c9dda1cfb8aed3ab6,"Vaughan, Logan",1000232024,Right,GEO_PAT,4fb3706b-8b57-4b4b-8337-160e3cb94045,54.70158,-120.31204,14.82454,5.64579,-2.09685,-14.13272,-1.9821,1.67812,3.3433,245.467514,1.21246,138.09689,-16.77191,,,,,,,1.65992,-3.43491,-11.28434,,,,,,,-0.38178,31.57647,4.75904,,,,,,,,,,,,,,,,,,,,,,,,,,,,,High,High,High,High,High,,,
205,2026-04-24,17:02:20.98,7,1,"Stewart, Owen",10069636,Right,GEO_PAT,"Kirk, Taylor",1000367095,Right,FOR_RAM,Undefined,7,Bottom,2,0,0,Fastball,Sinker,BallCalled,Undefined,Undefined,Undefined,1,0,,91.23313,0.098184,-0.94878,2417.039633,228.525629,1:30,5.71886,1.37976,6.14628,-20.32859,14.08839,14.29068,4.11554,1.69386,80.44941,-3.825227,1.628411,0.422238,,,,,,,,,,,,-7.60835,7.61126,-1.31398,50,5.71607,1.53981,-132.06815,-0.36443,-12.94474,37.72834,-19.22432,FOR_RAM,GEO_PAT,FordhamUniversity,D1,A10,20260424-FordhamUniversity-1,e2f2f360-4020-11f1-a000-3b21148d6856,89.26817,,,10.78372,,,,,,,16dba9bc-162f-467c-82cd-d013dd0e9e5e,2026-04-24,21:02:20.98,2026-04-24T17:02:20.9870000-04:00,2026-04-24T21:02:20.9870000Z,,v3,471298,471300,aea4d343e99b4d4c9dda1cfb8aed3ab6,"Vaughan, Logan",1000232024,Right,GEO_PAT,12cd81ee-2971-44e1-b058-4a3a20ff207d,54.34366,-133.30324,18.86417,5.7177,0.2649,-9.61216,-1.37132,1.96357,-6.47237,,,,,,,,,,,,,,,,,,,,,,,,,,,,,77.61898,1.976978,0.680909,1.296069,-1.54414,3.91058,-1.78177,-0.77533,6.31702,1.03594,127.27887,1.47074,0.57299,-0.63192,111.49335,-10.00634,6.35231,12.49644,-12.58411,1.02106,-1.339,0.77952,High,High,High,,,High,Medium,Medium
206,2026-04-24,17:04:50.14,1,1,"Cawley, Declan",1000403158,Right,FOR_RAM,"Vaughan, Logan",1000232024,Left,GEO_PAT,Undefined,8,Top,0,0,0,Fastball,Four-Seam,StrikeCalled,Undefined,Undefined,Undefined,0,0,,92.96196,-2.180669,-2.427327,2502.689051,218.397629,1:15,5.67361,1.52629,6.1245,-12.00166,21.28997,15.72276,2.65484,0.59131,81.8555,-4.592935,0.404291,0.415278,,,,,,,,,,,,-8.91418,12.13713,-1.3478,50,5.50016,4.97046,-134.37068,-5.35423,-15.68797,39.25312,-10.81401,FOR_RAM,GEO_PAT,FordhamUniversity,D1,A10,20260424-FordhamUniversity-1,3be1aca0-4021-11f1-a000-3b21148d6856,90.76432,,,11.10646,,,,,,,16dba9bc-162f-467c-82cd-d013dd0e9e5e,2026-04-24,21:04:50.14,2026-04-24T17:04:50.1472768-04:00,2026-04-24T21:04:50.1472768Z,,v3,471298,471300,aea4d343e99b4d4c9dda1cfb8aed3ab6,"McAndrews, Thomas",836274,Right,FOR_RAM,b8b97fe1-7390-48e1-9f22-f459116e8600,54.36596,-135.64009,19.62656,5.66765,-5.00451,-5.40701,-1.51675,5.4778,-7.84399,,,,,,,,,,,,,,,,,,,,,,,,,,,,,,,,,,,,,,,,,,,,,,,,,,,High,High,High,,,,,
207,2026-04-24,17:05:05.58,1,2,"Cawley, Declan",1000403158,Right,FOR_RAM,"Vaughan, Logan",1000232024,Left,GEO_PAT,Undefined,8,Top,0,0,1,ChangeUp,Sinker,InPlay,Undefined,GroundBall,Out,1,0,,87.00753,-2.191296,-2.32546,2054.151269,226.822648,1:30,5.75743,1.52007,6.07992,-25.46769,12.03135,11.27792,1.60508,0.30721,78.08969,-6.997906,-0.293865,0.440739,81.40905,-1.390341,33.011585,,,,,32.65461,30.57675,29.593732,0.257969,-6.65532,7.37229,-1.34636,50,5.57462,4.66371,-126.01439,-5.60168,-10.44871,31.24703,-20.59971,FOR_RAM,GEO_PAT,FordhamUniversity,D1,A10,20260424-FordhamUniversity-1,45094590-4021-11f1-a000-3b21148d6856,85.52096,1.83095,,8.91783,,,,2.99883,1.83095,-0.37671,16dba9bc-162f-467c-82cd-d013dd0e9e5e,2026-04-24,21:05:05.58,2026-04-24T17:05:05.5826944-04:00,2026-04-24T21:05:05.5826944Z,GroundBall,v3,471298,471300,aea4d343e99b4d4c9dda1cfb8aed3ab6,"McAndrews, Thomas",836274,Right,FOR_RAM,48939e15-a77e-42b3-8a61-1c07bc0c006a,54.41668,-127.10485,15.62352,5.75756,-4.8828,-10.29986,-1.51547,5.02835,-5.22435,354.768049,2.99918,100.07593,-6.32932,,,,,,,1.83151,-2.92548,-16.18953,,,,,,,-0.37649,65.01908,-4.06098,,,,,,,,,,,,,,,,,,,,,,,,,,,,,High,High,High,High,Medium,,,
208,2026-04-24,17:05:42.95,2,1,"Cawley, Declan",1000403158,Right,FOR_RAM,"Clyne , Owen",1000230336,Left,GEO_PAT,Undefined,8,Top,1,0,0,Fastball,Four-Seam,BallCalled,Undefined,Undefined,Undefined,0,0,,92.53709,-3.764129,-4.113563,2437.404679,213.337371,1:00,5.74358,1.27645,6.36545,-12.76083,20.54111,12.57918,1.20244,-1.46715,81.98958,-6.304312,-1.843915,0.415342,,,,,,,,,,,,-7.93969,12.38824,-0.98337,50,5.46394,9.03575,-133.46563,-9.05383,-13.87115,37.13158,-10.53098,FOR_RAM,GEO_PAT,FordhamUniversity,D1,A10,20260424-FordhamUniversity-1,5b503e80-4021-11f1-a000-3b21148d6856,90.75029,,,10.54751,,,,,,,16dba9bc-162f-467c-82cd-d013dd0e9e5e,2026-04-24,21:05:42.95,2026-04-24T17:05:42.9521920-04:00,2026-04-24T21:05:42.9521920Z,,v3,471298,471300,aea4d343e99b4d4c9dda1cfb8aed3ab6,"McAndrews, Thomas",836274,Right,FOR_RAM,2693157d-51b9-4273-937e-f48eb1a07c75,54.12504,-134.60837,18.56579,5.73759,-8.72973,-5.26549,-1.26802,9.46264,-6.93558,,,,,,,,,,,,,,,,,,,,,,,,,,,,,,,,,,,,,,,,,,,,,,,,,,,High,High,High,,,,,
209,2026-04-24,17:05:58.39,2,2,"Cawley, Declan",1000403158,Right,FOR_RAM,"Clyne , Owen",1000230336,Left,GEO_PAT,Undefined,8,Top,1,1,0,ChangeUp,Changeup,BallCalled,Undefined,Undefined,Undefined,0,0,,86.14838,-2.694967,-3.110259,1990.143988,222.731435,1:30,5.77362,1.55911,6.12586,-23.36151,14.73517,12.28418,1.33011,-0.29514,77.60286,-7.119503,-0.897951,0.444237,,,,,,,,,,,,-7.35926,8.91536,-1.32725,50,5.55512,6.2797,-124.68294,-6.55443,-11.37082,29.38754,-18.39888,FOR_RAM,GEO_PAT,FordhamUniversity,D1,A10,20260424-FordhamUniversity-1,64878ee0-4021-11f1-a000-3b21148d6856,84.84756,,,8.54552,,,,,,,16dba9bc-162f-467c-82cd-d013dd0e9e5e,2026-04-24,21:05:58.39,2026-04-24T17:05:58.3923200-04:00,2026-04-24T21:05:58.3923200Z,,v3,471298,471300,aea4d343e99b4d4c9dda1cfb8aed3ab6,"McAndrews, Thomas",836274,Right,FOR_RAM,55a4831a-2927-4f51-9b68-5bb1dc994182,54.36981,-125.70868,14.69377,5.77269,-5.91224,-9.19944,-1.55336,6.67659,-5.68541,,,,,,,,,,,,,,,,,,,,,,,,,,,,,,,,,,,,,,,,,,,,,,,,,,,High,High,High,,,,,
210,2026-04-24,17:06:12.39,2,3,"Cawley, Declan",1000403158,Right,FOR_RAM,"Clyne , Owen",1000230336,Left,GEO_PAT,Undefined,8,Top,1,1,0,Fastball,Four-Seam,FoulBallNotFieldable,Undefined,Undefined,Undefined,0,0,,92.23592,-1.464753,-3.726448,2430.390853,221.424071,1:30,5.71926,1.45112,6.03609,-12.55477,21.5332,17.6569,3.31356,-0.53289,80.84762,-3.990441,-0.557429,0.420215,,,,,,,,,,,,-10.32961,11.9315,-1.16823,50,5.59767,7.83566,-133.12478,-3.65402,-17.80093,39.13509,-11.61262,FOR_RAM,GEO_PAT,FordhamUniversity,D1,A10,20260424-FordhamUniversity-1,6ce3e890-4021-11f1-a000-3b21148d6856,89.6979,,,11.3883,,,,,,,16dba9bc-162f-467c-82cd-d013dd0e9e5e,2026-04-24,21:06:12.39,2026-04-24T17:06:12.3976192-04:00,2026-04-24T21:06:12.3976192Z,,v3,471298,471300,aea4d343e99b4d4c9dda1cfb8aed3ab6,"McAndrews, Thomas",836274,Right,FOR_RAM,bc1a10bc-ab51-4b50-af8f-0c5e5783b999,54.45244,-134.4273,19.56755,5.71285,-3.26752,-5.80631,-1.43888,8.42812,-8.90046,,,,,,,,,,,,,,,,,,,,,,,,,,,,,,,,,,,,,,,,,,,,,,,,,,,High,High,High,,,,,
211,2026-04-24,17:06:26.27,2,4,"Cawley, Declan",1000403158,Right,FOR_RAM,"Clyne , Owen",1000230336,Left,GEO_PAT,Undefined,8,Top,1,1,0,Fastball,Four-Seam,InPlay,Undefined,FlyBall,Out,1,0,,92.42181,-1.551807,-3.326963,2569.266412,216.40692,1:15,5.78765,1.53691,5.96311,-9.98658,23.78761,16.48643,3.51377,-0.17756,81.57734,-3.597414,-0.370651,0.418277,79.83223,62.983253,-35.23442,,,,,,86.43492,,,-9.68567,13.15245,-1.2819,50,5.65907,7.0243,-133.59858,-3.79264,-16.91004,37.89465,-9.2114,FOR_RAM,GEO_PAT,FordhamUniversity,D1,A10,20260424-FordhamUniversity-1,75214890-4021-11f1-a000-3b21148d6856,90.11362,131.65795,,10.84447,,,,1.25508,3.25057,0.26277,16dba9bc-162f-467c-82cd-d013dd0e9e5e,2026-04-24,21:06:26.27,2026-04-24T17:06:26.2735360-04:00,2026-04-24T21:06:26.2735360Z,,v3,471298,471300,aea4d343e99b4d4c9dda1cfb8aed3ab6,"McAndrews, Thomas",836274,Right,FOR_RAM,141a02ee-b741-4ed9-8e37-04981703260e,54.53091,-134.87763,18.94733,5.78184,-3.48174,-4.6057,-1.52862,7.59506,-8.45502,167.29141,1.25515,43.43826,-10.07694,2.51914,-0.23274,-0.2438,0.17752,-0.05124,0.00557,3.25053,104.31231,-25.16285,3.01432,-0.78195,0.30032,-0.12089,0.02913,-0.00289,0.26276,-30.68455,3.70747,-0.83196,0.14449,-0.01462,-0.0042,0.0021,-0.00026,,,,,,,,,,,,,,,,,,,,,,,High,High,High,Medium,Undefined,,,
212,2026-04-24,17:07:01.31,3,1,"Cawley, Declan",1000403158,Right,FOR_RAM,"Alberti, Lucas",1000145512,Right,GEO_PAT,Undefined,8,Top,2,0,0,Fastball,Four-Seam,BallCalled,Undefined,Undefined,Undefined,0,0,,92.0486,-3.448479,-3.121648,2527.572459,219.402239,1:15,5.71218,1.44806,6.16642,-12.79079,20.78399,15.96434,1.45239,-0.10785,82.13774,-5.974439,-0.246345,0.41704,,,,,,,,,,,,-9.32516,12.32194,-1.2192,50,5.44375,6.56635,-133.06685,-8.31985,-16.29674,35.28959,-10.64011,FOR_RAM,GEO_PAT,FordhamUniversity,D1,A10,20260424-FordhamUniversity-1,8a004d10-4021-11f1-a000-3b21148d6856,90.38083,,,9.91086,,,,,,,16dba9bc-162f-467c-82cd-d013dd0e9e5e,2026-04-24,21:07:01.31,2026-04-24T17:07:01.3164544-04:00,2026-04-24T21:07:01.3164544Z,,v3,471298,471300,aea4d343e99b4d4c9dda1cfb8aed3ab6,"McAndrews, Thomas",836274,Right,FOR_RAM,dcfac348-a90f-4265-8b25-ac877c71d240,54.32894,-134.20998,17.6448,5.70768,-7.97519,-5.32005,-1.44045,7.09425,-8.14837,,,,,,,,,,,,,,,,,,,,,,,,,,,,,,,,,,,,,,,,,,,,,,,,,,,High,High,High,,,,,
213,2026-04-24,17:07:13.54,3,2,"Cawley, Declan",1000403158,Right,FOR_RAM,"Alberti, Lucas",1000145512,Right,GEO_PAT,Undefined,8,Top,2,1,0,Slider,Slider,StrikeCalled,Undefined,Undefined,Undefined,0,0,,81.25019,0.996637,-1.457004,2466.696156,66.32154,8:15,5.817,1.22971,5.82194,-45.62416,-2.70713,-9.53044,2.94196,-0.91936,73.80831,-7.405157,-3.165851,0.471505,,,,,,,,,,,,4.37288,-1.20264,-1.10506,50,5.87201,3.37768,-117.8797,0.52124,6.07292,25.12815,-33.84422,FOR_RAM,GEO_PAT,FordhamUniversity,D1,A10,20260424-FordhamUniversity-1,9153c240-4021-11f1-a000-3b21148d6856,79.94069,,,7.44189,,,,,,,16dba9bc-162f-467c-82cd-d013dd0e9e5e,2026-04-24,21:07:13.54,2026-04-24T17:07:13.5476736-04:00,2026-04-24T21:07:13.5476736Z,,v3,471298,471300,aea4d343e99b4d4c9dda1cfb8aed3ab6,"McAndrews, Thomas",836274,Right,FOR_RAM,9d419f64-1c21-4181-9f3c-7ba58c43fd99,54.67555,-118.8722,12.56408,5.82502,1.858,-16.92211,-1.23373,3.13782,3.03646,,,,,,,,,,,,,,,,,,,,,,,,,,,,,,,,,,,,,,,,,,,,,,,,,,,High,High,High,,,,,
214,2026-04-24,17:07:26.90,3,3,"Cawley, Declan",1000403158,Right,FOR_RAM,"Alberti, Lucas",1000145512,Right,GEO_PAT,Undefined,8,Top,2,1,1,Slider,Slider,BallCalled,Undefined,Undefined,Undefined,0,0,,81.38582,-1.394626,-2.683915,2650.478868,93.879302,9:15,5.76145,1.2413,5.61593,-41.51609,2.09602,-6.80685,0.9985,-1.83265,73.53242,-9.013535,-3.899204,0.475308,,,,,,,,,,,,2.49063,2.0915,-1.00779,50,5.61629,5.80253,-117.76189,-4.2818,3.42083,26.93367,-29.30142,FOR_RAM,GEO_PAT,FordhamUniversity,D1,A10,20260424-FordhamUniversity-1,9953a410-4021-11f1-a000-3b21148d6856,79.30112,,,7.8534,,,,,,,16dba9bc-162f-467c-82cd-d013dd0e9e5e,2026-04-24,21:07:26.90,2026-04-24T17:07:26.9063168-04:00,2026-04-24T21:07:26.9063168Z,,v3,471298,471300,aea4d343e99b4d4c9dda1cfb8aed3ab6,"McAndrews, Thomas",836274,Right,FOR_RAM,a2544a9a-c0ee-4ece-bc9d-ebedeba0e1ad,54.87793,-118.8723,13.46684,5.76792,-3.07377,-14.65071,-1.2441,5.6615,1.71042,,,,,,,,,,,,,,,,,,,,,,,,,,,,,,,,,,,,,,,,,,,,,,,,,,,High,High,High,,,,,
215,2026-04-24,17:07:40.31,3,4,"Cawley, Declan",1000403158,Right,FOR_RAM,"Alberti, Lucas",1000145512,Right,GEO_PAT,Undefined,8,Top,2,2,1,Fastball,Four-Seam,InPlay,Undefined,GroundBall,Out,1,0,,91.68223,-2.225191,-3.03816,2511.388717,220.153564,1:15,5.66199,1.30887,6.20129,-12.75709,21.36702,16.77619,2.54096,-0.10019,80.79817,-4.781622,-0.014394,0.420438,88.28677,-3.218361,-20.283488,,,,,27.32139,27.11871,-19.482265,0.203549,-9.8354,12.30855,-1.08843,50,5.48816,6.30602,-132.53565,-5.4233,-16.83626,38.23988,-11.10429,FOR_RAM,GEO_PAT,FordhamUniversity,D1,A10,20260424-FordhamUniversity-1,a14295f0-4021-11f1-a000-3b21148d6856,89.65037,2.54032,,10.88406,,,,1.86998,2.54032,0.10297,16dba9bc-162f-467c-82cd-d013dd0e9e5e,2026-04-24,21:07:40.31,2026-04-24T17:07:40.3186176-04:00,2026-04-24T21:07:40.3186176Z,GroundBall,v3,471298,471300,aea4d343e99b4d4c9dda1cfb8aed3ab6,"McAndrews, Thomas",836274,Right,FOR_RAM,45f3ff4f-b20b-41c8-bf49-d63c00c744bd,54.29236,-133.76838,19.11994,5.65722,-5.06533,-5.55215,-1.30046,6.84876,-8.41813,40.448252,1.8706,121.22599,-19.05615,,,,,,,2.54179,-7.36503,-25.19982,,,,,,,0.1036,-44.85899,-2.05886,,,,,,,,,,,,,,,,,,,,,,,,,,,,,High,High,High,High,High,,,
216,2026-04-24,17:10:04.52,1,1,"Hsu, Brandon",1000121044,Right,GEO_PAT,"Kirk, Taylor",1000367095,Right,FOR_RAM,Undefined,8,Bottom,0,0,0,Slider,Slider,BallCalled,Undefined,Undefined,Undefined,0,0,,78.95521,0.884174,-2.714982,2272.715709,86.625035,9:00,5.01538,1.87703,5.37081,-46.47412,1.25618,-13.74757,1.97251,-1.816,69.77278,-7.687764,-5.153227,0.497243,,,,,,,,,,,,5.70276,0.93626,-1.62375,50,5.06297,5.98279,-113.94942,0.17631,7.17874,29.22929,-30.99544,FOR_RAM,GEO_PAT,FordhamUniversity,D1,A10,20260424-FordhamUniversity-1,f76d2620-4021-11f1-a000-3b21148d6856,75.8029,,,9.18242,,,,,,,16dba9bc-162f-467c-82cd-d013dd0e9e5e,2026-04-24,21:10:04.52,2026-04-24T17:10:04.5261312-04:00,2026-04-24T21:10:04.5261312Z,,v3,471298,471300,aea4d343e99b4d4c9dda1cfb8aed3ab6,"Vaughan, Logan",1000232024,Right,GEO_PAT,0eeda317-7ec1-4146-bdc0-bbab32513ce5,55.11996,-115.25526,14.61465,5.02416,1.56106,-15.49772,-1.88387,5.66208,3.58937,,,,,,,,,,,,,,,,,,,,,,,,,,,,,,,,,,,,,,,,,,,,,,,,,,,High,High,High,,,,,
217,2026-04-24,17:10:19.37,1,2,"Hsu, Brandon",1000121044,Right,GEO_PAT,"Kirk, Taylor",1000367095,Right,FOR_RAM,Undefined,8,Bottom,0,1,0,Slider,Slider,StrikeSwinging,Undefined,Undefined,Undefined,0,0,,79.20907,0.595265,-2.146946,2339.611619,114.694632,9:45,5.00798,2.01051,5.46891,-42.67081,4.61087,-5.45508,2.00957,-0.45426,69.72301,-7.33474,-3.117716,0.4949,,,,,,,,,,,,1.84382,2.68386,-1.81787,50,5.03218,4.51287,-114.36217,-0.21745,2.33334,29.80605,-28.77764,FOR_RAM,GEO_PAT,FordhamUniversity,D1,A10,20260424-FordhamUniversity-1,001afb30-4022-11f1-a000-3b21148d6856,76.16166,,,9.48606,,,,,,,16dba9bc-162f-467c-82cd-d013dd0e9e5e,2026-04-24,21:10:19.37,2026-04-24T17:10:19.3787392-04:00,2026-04-24T21:10:19.3787392Z,,v3,471298,471300,aea4d343e99b4d4c9dda1cfb8aed3ab6,"Vaughan, Logan",1000232024,Right,GEO_PAT,cac01141-85e9-4753-b404-4312931bde1d,55.02177,-115.66358,14.90303,5.01425,1.03906,-14.38882,-2.01269,4.41099,1.16667,,,,,,,,,,,,,,,,,,,,,,,,,,,,,,,,,,,,,,,,,,,,,,,,,,,High,High,High,,,,,
218,2026-04-24,17:10:35.12,1,3,"Hsu, Brandon",1000121044,Right,GEO_PAT,"Kirk, Taylor",1000367095,Right,FOR_RAM,Undefined,8,Bottom,0,1,1,Fastball,Four-Seam,BallCalled,Undefined,Undefined,Undefined,0,0,,87.72586,0.375842,-3.217604,2149.642533,220.144068,1:15,4.98368,1.76694,6.07517,-17.10399,20.32166,15.78859,3.90666,0.10234,77.1705,-2.989415,-0.380216,0.440308,,,,,,,,,,,,-9.2065,10.67036,-1.52524,50,5.00366,6.43072,-126.78265,0.42887,-14.44276,34.64735,-15.43485,FOR_RAM,GEO_PAT,FordhamUniversity,D1,A10,20260424-FordhamUniversity-1,09738f30-4022-11f1-a000-3b21148d6856,85.60479,,,10.55536,,,,,,,16dba9bc-162f-467c-82cd-d013dd0e9e5e,2026-04-24,21:10:35.12,2026-04-24T17:10:35.1251968-04:00,2026-04-24T21:10:35.1251968Z,,v3,471298,471300,aea4d343e99b4d4c9dda1cfb8aed3ab6,"Vaughan, Logan",1000232024,Right,GEO_PAT,018059f1-5946-4cf8-b953-3818d15074eb,54.41441,-127.98334,17.32368,4.97953,0.96376,-7.71742,-1.75677,6.93122,-7.22138,,,,,,,,,,,,,,,,,,,,,,,,,,,,,,,,,,,,,,,,,,,,,,,,,,,High,High,High,,,,,
219,2026-04-24,17:10:50.26,1,4,"Hsu, Brandon",1000121044,Right,GEO_PAT,"Kirk, Taylor",1000367095,Right,FOR_RAM,Undefined,8,Bottom,0,2,1,Slider,Slider,BallCalled,Undefined,Undefined,Undefined,0,0,,77.02321,0.640847,-2.140674,2417.162456,91.61709,9:00,5.00465,1.84576,5.6725,-46.70703,2.49177,-16.52324,1.71031,-1.52786,68.61002,-8.007248,-5.090837,0.504834,,,,,,,,,,,,7.44961,1.67669,-1.65501,50,5.03047,4.81717,-111.37758,-0.2364,9.0177,26.7676,-30.14445,FOR_RAM,GEO_PAT,FordhamUniversity,D1,A10,20260424-FordhamUniversity-1,128ad470-4022-11f1-a000-3b21148d6856,74.66304,,,8.4132,,,,,,,16dba9bc-162f-467c-82cd-d013dd0e9e5e,2026-04-24,21:10:50.26,2026-04-24T17:10:50.2659072-04:00,2026-04-24T21:10:50.2659072Z,,v3,471298,471300,aea4d343e99b4d4c9dda1cfb8aed3ab6,"Vaughan, Logan",1000232024,Right,GEO_PAT,11eb9a4a-75dc-4d00-83d8-84ea16d21b13,54.81989,-112.52999,13.3838,5.01271,1.06139,-15.07222,-1.85404,4.42893,4.50885,,,,,,,,,,,,,,,,,,,,,,,,,,,,,,,,,,,,,,,,,,,,,,,,,,,High,High,High,,,,,
220,2026-04-24,17:11:05.82,1,5,"Hsu, Brandon",1000121044,Right,GEO_PAT,"Kirk, Taylor",1000367095,Right,FOR_RAM,Undefined,8,Bottom,0,3,1,Fastball,Sinker,InPlay,Undefined,LineDrive,Single,0,0,,87.18724,-0.824853,-3.231825,2084.974851,226.36497,1:30,4.88318,1.78808,5.8897,-20.65422,16.78162,16.13816,2.39483,0.12894,78.30604,-4.764434,-0.340532,0.440368,80.91949,15.127188,2.526328,2729.887,109.50358,19.34539,10.43694,209.61819,209.61819,8.223673,2.36333,-9.30296,9.24847,-1.53668,50,4.80495,6.44984,-126.26441,-2.42531,-14.75535,29.91227,-17.50514,FOR_RAM,GEO_PAT,FordhamUniversity,D1,A10,20260424-FordhamUniversity-1,1bc07720-4022-11f1-a000-3b21148d6856,85.59314,19.35231,,8.8812,,,,0.85261,2.35808,-0.11929,16dba9bc-162f-467c-82cd-d013dd0e9e5e,2026-04-24,21:11:05.82,2026-04-24T17:11:05.8242560-04:00,2026-04-24T21:11:05.8242560Z,LineDrive,v3,471298,471300,aea4d343e99b4d4c9dda1cfb8aed3ab6,"Vaughan, Logan",1000232024,Right,GEO_PAT,e9812d28-dea8-4be6-afe3-eb73d0dbd561,54.60643,-127.35101,14.95614,4.8815,-1.78942,-8.75257,-1.78071,6.98584,-7.37768,226.586327,0.85263,114.45733,-16.78421,3.30588,-0.67527,0.18323,-0.06232,0.01478,-0.0015,2.35806,30.97238,-14.67972,0.50444,0.1173,-0.1886,0.11101,-0.03029,0.00324,-0.11932,5.05102,5.5486,-1.6053,0.53326,-0.27299,0.12634,-0.03285,0.00346,,,,,,,,,,,,,,,,,,,,,,,High,High,High,High,High,,,
221,2026-04-24,17:11:56.01,2,1,"Hsu, Brandon",1000121044,Right,GEO_PAT,"Grabau, Anthony",1000407420,Left,FOR_RAM,Undefined,8,Bottom,0,0,0,ChangeUp,Changeup,BallCalled,Undefined,Undefined,Undefined,0,0,,80.42448,-0.571153,-3.859775,1672.408334,245.674372,2:15,4.63173,1.98645,5.75624,-34.47399,9.58686,17.71414,1.22602,-0.13567,72.80571,-6.98044,-0.694326,0.477747,,,,,,,,,,,,-10.21969,5.52087,-1.67689,50,4.56353,7.16118,-116.44354,-2.24108,-13.8565,24.41236,-24.68849,FOR_RAM,GEO_PAT,FordhamUniversity,D1,A10,20260424-FordhamUniversity-1,39b7f960-4022-11f1-a000-3b21148d6856,78.89624,,,7.61876,,,,,,,16dba9bc-162f-467c-82cd-d013dd0e9e5e,2026-04-24,21:11:56.01,2026-04-24T17:11:56.0190464-04:00,2026-04-24T21:11:56.0190464Z,,v3,471298,471300,aea4d343e99b4d4c9dda1cfb8aed3ab6,"Vaughan, Logan",1000232024,Right,GEO_PAT,b1375ccc-626a-44f8-b0bc-07183ffc4df7,54.74105,-117.4333,12.20618,4.63409,-1.24013,-12.34424,-1.97861,7.72297,-6.92825,,,,,,,,,,,,,,,,,,,,,,,,,,,,,,,,,,,,,,,,,,,,,,,,,,,High,High,High,,,,,
222,2026-04-24,17:12:16.51,2,2,"Hsu, Brandon",1000121044,Right,GEO_PAT,"Grabau, Anthony",1000407420,Left,FOR_RAM,Undefined,8,Bottom,0,1,0,ChangeUp,Changeup,InPlay,Undefined,GroundBall,FieldersChoice,1,0,,79.66915,1.330609,-3.422341,1642.08676,244.020905,2:15,4.6146,2.07393,5.79947,-35.03679,10.01642,17.12261,2.93489,0.31394,71.51815,-5.22467,-0.361331,0.483097,66.99989,-37.896546,48.684649,,,,,5.45894,5.45894,28.269781,0.04964,-9.87107,5.13181,-1.80291,50,4.70346,6.23355,-115.32044,1.61573,-13.04758,25.13563,-25.39082,FOR_RAM,GEO_PAT,FordhamUniversity,D1,A10,20260424-FordhamUniversity-1,45fcb0d0-4022-11f1-a000-3b21148d6856,78.02252,3.01063,,8.151,,,,2.2543,3.01063,-0.31957,16dba9bc-162f-467c-82cd-d013dd0e9e5e,2026-04-24,21:12:16.51,2026-04-24T17:12:16.5142016-04:00,2026-04-24T21:12:16.5142016Z,GroundBall,v3,471298,471300,aea4d343e99b4d4c9dda1cfb8aed3ab6,"Vaughan, Logan",1000232024,Right,GEO_PAT,3d11bcb4-9d1a-440d-bfbe-ec6ddea148b8,54.69728,-116.33977,12.56782,4.61706,2.6454,-12.69541,-2.06643,6.76267,-6.52379,,2.25233,51.44116,,,,,,,,3.01295,-60.64934,,,,,,,,-0.32181,58.52261,,,,,,,,,,,,,,,,,,,,,,,,,,,,,,High,High,High,Estimated,Estimated,,,
223,2026-04-24,17:12:54.24,3,1,"Hsu, Brandon",1000121044,Right,GEO_PAT,"McAndrews, Thomas",836274,Right,FOR_RAM,Undefined,8,Bottom,1,0,0,Slider,Slider,FoulBallNotFieldable,Undefined,Undefined,Undefined,0,0,,77.53806,0.915731,-1.527069,2386.976151,136.318195,10:30,4.93429,1.99001,5.31691,-37.27604,11.13253,-8.91792,2.68775,-0.18666,69.74558,-5.991677,-3.109052,0.500763,,,,,,,,,,,,3.97673,5.76118,-1.84484,50,4.99084,3.3442,-112.27278,0.60827,4.97332,24.15787,-24.96906,FOR_RAM,GEO_PAT,FordhamUniversity,D1,A10,20260424-FordhamUniversity-1,5c720cc0-4022-11f1-a000-3b21148d6856,75.26996,,,7.79248,,,,,,,16dba9bc-162f-467c-82cd-d013dd0e9e5e,2026-04-24,21:12:54.24,2026-04-24T17:12:54.2401536-04:00,2026-04-24T21:12:54.2401536Z,,v3,471298,471300,aea4d343e99b4d4c9dda1cfb8aed3ab6,"Vaughan, Logan",1000232024,Right,GEO_PAT,c490f925-d531-474e-9041-a76fcbd41def,55.17906,-113.38169,12.07893,4.93661,1.75441,-12.48453,-1.99311,3.11591,2.48666,,,,,,,,,,,,,,,,,,,,,,,,,,,,,,,,,,,,,,,,,,,,,,,,,,,High,High,High,,,,,
224,2026-04-24,17:13:22.77,3,2,"Hsu, Brandon",1000121044,Right,GEO_PAT,"McAndrews, Thomas",836274,Right,FOR_RAM,Undefined,8,Bottom,1,0,1,Fastball,Sinker,HitByPitch,Undefined,Undefined,Undefined,0,0,,87.61163,0.630334,-2.181419,2175.795208,229.728465,1:45,4.85264,1.85984,5.7507,-21.32312,16.12406,17.32497,3.66297,1.27184,78.12409,-3.44033,0.917346,0.440434,,,,,,,,,,,,-9.53154,8.37851,-1.68928,50,4.89239,4.07699,-126.86876,0.75254,-15.16321,31.7458,-18.84511,FOR_RAM,GEO_PAT,FordhamUniversity,D1,A10,20260424-FordhamUniversity-1,6d69c4f0-4022-11f1-a000-3b21148d6856,85.5802,,,9.48754,,,,,,,16dba9bc-162f-467c-82cd-d013dd0e9e5e,2026-04-24,21:13:22.77,2026-04-24T17:13:22.7741696-04:00,2026-04-24T21:13:22.7741696Z,,v3,471298,471300,aea4d343e99b4d4c9dda1cfb8aed3ab6,"Vaughan, Logan",1000232024,Right,GEO_PAT,d34f851c-fa6b-45e3-919a-0fc1e410f994,54.74405,-128.05034,15.8729,4.85133,1.45395,-9.42256,-1.85153,4.64136,-7.5816,,,,,,,,,,,,,,,,,,,,,,,,,,,,,,,,,,,,,,,,,,,,,,,,,,,High,High,High,,,,,
225,2026-04-24,17:14:01.01,4,1,"Hsu, Brandon",1000121044,Right,GEO_PAT,"Donnelly, Joey",800885,Left,FOR_RAM,Undefined,8,Bottom,1,0,0,Fastball,Four-Seam,StrikeCalled,Undefined,Undefined,Undefined,0,0,,88.06026,-1.815724,-2.692253,2218.675897,221.199595,1:15,4.98037,1.75698,5.92683,-17.71725,19.30808,15.58497,1.81676,0.55584,78.34651,-5.246933,0.103967,0.437947,,,,,,,,,,,,-8.90213,10.94028,-1.55025,50,4.82526,5.31771,-127.393,-4.51655,-14.21857,33.0159,-14.70013,FOR_RAM,GEO_PAT,FordhamUniversity,D1,A10,20260424-FordhamUniversity-1,842d67f0-4022-11f1-a000-3b21148d6856,86.0663,,,9.71375,,,,,,,16dba9bc-162f-467c-82cd-d013dd0e9e5e,2026-04-24,21:14:01.01,2026-04-24T17:14:01.0190848-04:00,2026-04-24T21:14:01.0190848Z,,v3,471298,471300,aea4d343e99b4d4c9dda1cfb8aed3ab6,"Vaughan, Logan",1000232024,Right,GEO_PAT,e39888d5-a3b2-4291-ba43-f8ae4cfaeaae,54.56693,-128.57114,16.50795,4.97707,-3.99199,-7.35007,-1.74907,5.82509,-7.10928,,,,,,,,,,,,,,,,,,,,,,,,,,,,,,,,,,,,,,,,,,,,,,,,,,,High,High,High,,,,,
226,2026-04-24,17:14:18.48,4,2,"Hsu, Brandon",1000121044,Right,GEO_PAT,"Donnelly, Joey",800885,Left,FOR_RAM,Undefined,8,Bottom,1,0,1,Slider,Changeup,BallCalled,Undefined,Undefined,Undefined,0,0,,80.97825,-0.716904,-5.181546,1809.087573,250.666977,2:15,4.60317,2.07385,5.7786,-35.30297,8.31178,19.15544,0.99144,-1.16424,73.18818,-7.270489,-1.766276,0.475322,,,,,,,,,,,,-11.3215,4.94441,-1.65651,50,4.52283,9.84389,-117.01899,-2.58974,-15.49444,24.75979,-25.40719,FOR_RAM,GEO_PAT,FordhamUniversity,D1,A10,20260424-FordhamUniversity-1,8eacc8b0-4022-11f1-a000-3b21148d6856,79.29874,,,7.79007,,,,,,,16dba9bc-162f-467c-82cd-d013dd0e9e5e,2026-04-24,21:14:18.48,2026-04-24T17:14:18.4880640-04:00,2026-04-24T21:14:18.4880640Z,,v3,471298,471300,aea4d343e99b4d4c9dda1cfb8aed3ab6,"Vaughan, Logan",1000232024,Right,GEO_PAT,027c70a7-be4a-43a6-ae29-a3753e45cae9,54.71801,-118.01305,12.3799,4.60633,-1.5697,-12.70359,-2.06421,10.46596,-7.74722,,,,,,,,,,,,,,,,,,,,,,,,,,,,,,,,,,,,,,,,,,,,,,,,,,,High,High,High,,,,,
227,2026-04-24,17:14:39.10,4,3,"Hsu, Brandon",1000121044,Right,GEO_PAT,"Donnelly, Joey",800885,Left,FOR_RAM,Undefined,8,Bottom,1,1,1,Curveball,Curveball,FoulBallNotFieldable,Undefined,Undefined,Undefined,0,0,,75.86313,2.557885,-2.149134,2036.460935,43.026022,7:30,5.08685,1.82032,5.42407,-60.51944,-10.39422,-11.30473,2.44267,-1.13566,68.96719,-8.457971,-4.158775,0.509565,,,,,,,,,,,,5.00457,-5.56737,-1.62142,50,5.27183,4.55683,-109.91464,2.88943,6.03351,22.11962,-38.88607,FOR_RAM,GEO_PAT,FordhamUniversity,D1,A10,20260424-FordhamUniversity-1,9af41830-4022-11f1-a000-3b21148d6856,73.96985,,,6.89594,,,,,,,16dba9bc-162f-467c-82cd-d013dd0e9e5e,2026-04-24,21:14:39.10,2026-04-24T17:14:39.1072256-04:00,2026-04-24T21:14:39.1072256Z,,v3,471298,471300,aea4d343e99b4d4c9dda1cfb8aed3ab6,"Vaughan, Logan",1000232024,Right,GEO_PAT,d77c0982-e2a4-492a-bb82-c9fd7e009f72,55.07673,-110.93159,11.05981,5.09789,4.67723,-19.44304,-1.82455,4.27944,3.01676,,,,,,,,,,,,,,,,,,,,,,,,,,,,,,,,,,,,,,,,,,,,,,,,,,,High,High,High,,,,,
228,2026-04-24,17:15:04.11,4,4,"Hsu, Brandon",1000121044,Right,GEO_PAT,"Donnelly, Joey",800885,Left,FOR_RAM,Undefined,8,Bottom,1,1,2,ChangeUp,Changeup,BallCalled,Undefined,Undefined,Undefined,0,0,,80.62263,0.592589,-1.431989,1421.24941,254.86314,2:30,4.67038,2.0995,5.76175,-37.75443,5.23221,14.57351,2.07593,1.98086,74.17606,-6.368391,1.178703,0.471887,,,,,,,,,,,,-7.78619,2.92095,-1.98973,50,4.69659,2.36063,-117.15382,-0.01166,-10.86551,21.28457,-28.09789,FOR_RAM,GEO_PAT,FordhamUniversity,D1,A10,20260424-FordhamUniversity-1,a9d9b940-4022-11f1-a000-3b21148d6856,79.87597,,,6.44657,,,,,,,16dba9bc-162f-467c-82cd-d013dd0e9e5e,2026-04-24,21:15:04.11,2026-04-24T17:15:04.1132544-04:00,2026-04-24T21:15:04.1132544Z,,v3,471298,471300,aea4d343e99b4d4c9dda1cfb8aed3ab6,"Vaughan, Logan",1000232024,Right,GEO_PAT,52fffd2a-7471-40ae-8800-e4468b6b8131,54.73741,-118.01138,10.64229,4.67425,1.1204,-14.04894,-2.09366,2.7984,-5.43276,,,,,,,,,,,,,,,,,,,,,,,,,,,,,,,,,,,,,,,,,,,,,,,,,,,High,High,High,,,,,
229,2026-04-24,17:15:23.93,4,5,"Hsu, Brandon",1000121044,Right,GEO_PAT,"Donnelly, Joey",800885,Left,FOR_RAM,Undefined,8,Bottom,1,2,2,Fastball,Sinker,BallCalled,Undefined,Undefined,Undefined,0,0,,88.93127,2.084646,-2.715985,2097.652095,227.973999,1:30,4.88439,1.83915,5.863,-21.3908,14.11194,14.40536,5.04146,0.51461,80.79076,-1.951589,-0.136659,0.428847,,,,,,,,,,,,-8.06619,6.948,-1.62698,50,5.04116,5.49133,-128.94958,4.02859,-13.55989,27.2119,-20.49394,FOR_RAM,GEO_PAT,FordhamUniversity,D1,A10,20260424-FordhamUniversity-1,b5a15170-4022-11f1-a000-3b21148d6856,87.89255,,,8.14051,,,,,,,16dba9bc-162f-467c-82cd-d013dd0e9e5e,2026-04-24,21:15:23.93,2026-04-24T17:15:23.9364608-04:00,2026-04-24T21:15:23.9364608Z,,v3,471298,471300,aea4d343e99b4d4c9dda1cfb8aed3ab6,"Vaughan, Logan",1000232024,Right,GEO_PAT,6ef8dd88-7b4f-4a13-abea-922aa8727bfa,54.63376,-129.92375,13.60595,4.88381,4.76226,-10.24697,-1.83225,5.97676,-6.77995,,,,,,,,,,,,,,,,,,,,,,,,,,,,,,,,,,,,,,,,,,,,,,,,,,,High,High,High,,,,,
230,2026-04-24,17:15:44.58,4,6,"Hsu, Brandon",1000121044,Right,GEO_PAT,"Donnelly, Joey",800885,Left,FOR_RAM,Undefined,8,Bottom,1,3,2,ChangeUp,Changeup,InPlay,Undefined,GroundBall,FieldersChoice,1,0,,80.11484,-0.069417,-3.440513,1533.210452,260.682243,2:45,4.61587,2.1096,5.86773,-39.26034,4.40158,18.33623,1.27958,0.43789,73.42115,-7.316153,-0.15359,0.475579,41.2645,-74.592026,-25.092846,,,,,2.42521,2.21609,-13.703584,0.021467,-10.41721,2.65134,-1.84177,50,4.58723,6.30524,-116.25196,-1.37692,-14.23726,22.05761,-28.55044,FOR_RAM,GEO_PAT,FordhamUniversity,D1,A10,20260424-FordhamUniversity-1,c1f5e760-4022-11f1-a000-3b21148d6856,79.2559,1.2593,,6.69369,,,,2.04187,1.2593,-0.42735,16dba9bc-162f-467c-82cd-d013dd0e9e5e,2026-04-24,21:15:44.58,2026-04-24T17:15:44.5804544-04:00,2026-04-24T21:15:44.5804544Z,GroundBall,v3,471298,471300,aea4d343e99b4d4c9dda1cfb8aed3ab6,"Vaughan, Logan",1000232024,Right,GEO_PAT,b04cc397-7922-42c9-9fd1-789ecacda294,54.63298,-117.12772,11.02881,4.6194,-0.24337,-14.27522,-2.10333,6.8705,-7.11863,,2.0416,14.64127,,,,,,,,1.26039,-58.66236,,,,,,,,-0.42722,-6.85624,,,,,,,,,,,,,,,,,,,,,,,,,,,,,,High,High,High,Low,Low,,,
231,2026-04-24,17:17:26.78,5,1,"Hsu, Brandon",1000121044,Right,GEO_PAT,"Hanawalt, Chase",1000367090,Left,FOR_RAM,Undefined,8,Bottom,2,0,0,Curveball,Curveball,BallCalled,Undefined,Undefined,Undefined,0,0,,74.98358,3.695579,-0.599911,1858.815234,48.058315,7:30,5.09854,1.86236,5.32801,-59.17665,-8.25426,-10.94583,3.6398,0.38728,68.62998,-7.061275,-2.542609,0.513601,,,,,,,,,,,,5.28036,-4.62945,-1.80007,50,5.39041,1.56235,-108.69845,5.02767,6.30977,19.27159,-37.70603,FOR_RAM,GEO_PAT,FordhamUniversity,D1,A10,20260424-FordhamUniversity-1,fede6710-4022-11f1-a000-3b21148d6856,73.38858,,,6.3536,,,,,,,16dba9bc-162f-467c-82cd-d013dd0e9e5e,2026-04-24,21:17:26.78,2026-04-24T17:17:26.7892736-04:00,2026-04-24T21:17:26.7892736Z,,v3,471298,471300,aea4d343e99b4d4c9dda1cfb8aed3ab6,"Vaughan, Logan",1000232024,Right,GEO_PAT,618279e5-909d-4dd7-a79f-b3c121f19141,55.17305,-109.61176,9.63579,5.1098,6.81462,-18.85302,-1.86703,1.26332,3.15489,,,,,,,,,,,,,,,,,,,,,,,,,,,,,,,,,,,,,,,,,,,,,,,,,,,High,High,High,,,,,
232,2026-04-24,17:17:45.61,5,2,"Hsu, Brandon",1000121044,Right,GEO_PAT,"Hanawalt, Chase",1000367090,Left,FOR_RAM,Undefined,8,Bottom,2,1,0,ChangeUp,Changeup,BallCalled,Undefined,Undefined,Undefined,0,0,,80.41151,-0.114178,-4.005262,1489.454215,246.986778,2:15,4.56791,2.01976,5.70368,-35.44648,8.01567,15.7354,1.50739,-0.40699,73.92054,-6.649136,-1.197912,0.47449,,,,,,,,,,,,-9.09937,4.49579,-1.69363,50,4.53615,7.56129,-116.61082,-1.36585,-12.58522,21.0131,-25.956,FOR_RAM,GEO_PAT,FordhamUniversity,D1,A10,20260424-FordhamUniversity-1,0a1976b0-4023-11f1-a000-3b21148d6856,79.43781,,,6.49097,,,,,,,16dba9bc-162f-467c-82cd-d013dd0e9e5e,2026-04-24,21:17:45.61,2026-04-24T17:17:45.6193536-04:00,2026-04-24T21:17:45.6193536Z,,v3,471298,471300,aea4d343e99b4d4c9dda1cfb8aed3ab6,"Vaughan, Logan",1000232024,Right,GEO_PAT,765c04fe-8f5c-4a37-91bf-ea638888208d,54.79637,-117.47194,10.50655,4.57032,-0.30217,-12.978,-2.01406,8.07703,-6.29261,,,,,,,,,,,,,,,,,,,,,,,,,,,,,,,,,,,,,,,,,,,,,,,,,,,High,High,High,,,,,
233,2026-04-24,17:18:04.13,5,3,"Hsu, Brandon",1000121044,Right,GEO_PAT,"Hanawalt, Chase",1000367090,Left,FOR_RAM,Undefined,8,Bottom,2,2,0,Fastball,Sinker,FoulBallNotFieldable,Undefined,Undefined,Undefined,0,0,,87.6706,-0.399661,-3.173475,2080.041028,223.27575,1:30,5.03359,1.79594,5.95202,-18.50162,17.89009,15.72808,3.12056,0.16043,79.80437,-3.92413,-0.352675,0.434183,69.48743,41.147135,-123.867695,3472.993828,,,,,45.29307,,,-8.95099,9.63689,-1.55214,50,4.99139,6.39786,-127.18651,-1.41799,-14.62973,26.62164,-16.42328,FOR_RAM,GEO_PAT,FordhamUniversity,D1,A10,20260424-FordhamUniversity-1,1515cfa0-4023-11f1-a000-3b21148d6856,86.81236,32.57953,,7.86623,,,,-0.19218,2.9302,-0.11782,16dba9bc-162f-467c-82cd-d013dd0e9e5e,2026-04-24,21:18:04.13,2026-04-24T17:18:04.1387008-04:00,2026-04-24T21:18:04.1387008Z,,v3,471298,471300,aea4d343e99b4d4c9dda1cfb8aed3ab6,"Vaughan, Logan",1000232024,Right,GEO_PAT,9b305212-7f3c-4775-8a9d-494b85920995,54.54592,-128.13449,13.31082,5.03147,-0.83316,-8.21164,-1.78924,6.91882,-7.31486,,-0.19218,-42.76771,-5.07343,2.76677,-0.88648,0.25813,-0.07252,0.01885,-0.0032,2.9302,67.05938,-34.19225,5.29695,-1.22221,0.27596,-0.06481,0.01347,-0.00167,-0.11782,-63.72265,13.0324,-2.69788,0.56449,-0.11628,0.02551,-0.00446,0.00043,,,,,,,,,,,,,,,,,,,,,,,High,High,High,Medium,Undefined,,,
234,2026-04-24,17:18:29.66,5,4,"Hsu, Brandon",1000121044,Right,GEO_PAT,"Hanawalt, Chase",1000367090,Left,FOR_RAM,Undefined,8,Bottom,2,2,1,Fastball,Sinker,BallCalled,Undefined,Undefined,Undefined,0,0,,88.35809,-0.959841,-4.839937,2145.513005,235.698598,1:45,4.75689,1.99632,5.80874,-23.74269,12.51902,16.55233,1.88247,-1.13585,80.27292,-5.407165,-1.887491,0.433407,,,,,,,,,,,,-9.80028,7.02591,-1.60829,50,4.66387,10.11145,-127.84807,-2.92123,-16.15016,27.42704,-20.59589,FOR_RAM,GEO_PAT,FordhamUniversity,D1,A10,20260424-FordhamUniversity-1,24579a70-4023-11f1-a000-3b21148d6856,86.96785,,,8.08516,,,,,,,16dba9bc-162f-467c-82cd-d013dd0e9e5e,2026-04-24,21:18:29.66,2026-04-24T17:18:29.6679424-04:00,2026-04-24T21:18:29.6679424Z,,v3,471298,471300,aea4d343e99b4d4c9dda1cfb8aed3ab6,"Vaughan, Logan",1000232024,Right,GEO_PAT,6a7eb316-5cf2-4e7b-b4db-87563b972d3e,54.68863,-128.84999,13.71352,4.75685,-2.16886,-10.29794,-1.98844,10.70142,-8.07508,,,,,,,,,,,,,,,,,,,,,,,,,,,,,,,,,,,,,,,,,,,,,,,,,,,High,High,High,,,,,
235,2026-04-24,17:18:54.55,5,5,"Hsu, Brandon",1000121044,Right,GEO_PAT,"Hanawalt, Chase",1000367090,Left,FOR_RAM,Undefined,8,Bottom,2,3,1,Fastball,Four-Seam,FoulBallNotFieldable,Undefined,Undefined,Undefined,0,0,,89.19051,-1.217302,-2.947385,2250.294783,219.681568,1:15,4.95773,1.75653,5.89383,-16.27942,19.6419,15.14276,2.46925,0.27953,79.7162,-4.374844,-0.233605,0.431368,78.66387,48.054176,-84.090447,6980.721906,,,,,46.9514,,,-8.75217,10.85331,-1.52778,50,4.85053,5.99532,-129.12424,-3.18465,-14.44615,32.49032,-14.25983,FOR_RAM,GEO_PAT,FordhamUniversity,D1,A10,20260424-FordhamUniversity-1,332d35f0-4023-11f1-a000-3b21148d6856,87.37891,45.16758,,9.47431,,,,1.56836,2.48084,-0.28016,16dba9bc-162f-467c-82cd-d013dd0e9e5e,2026-04-24,21:18:54.55,2026-04-24T17:18:54.5531392-04:00,2026-04-24T21:18:54.5531392Z,,v3,471298,471300,aea4d343e99b4d4c9dda1cfb8aed3ab6,"Vaughan, Logan",1000232024,Right,GEO_PAT,7c9244b1-6dd1-4484-96d8-0b1571e492bd,54.60178,-130.277,16.24516,4.95454,-2.67871,-7.12991,-1.74958,6.50787,-7.22307,,1.56836,7.94003,1.13184,-2.92456,1.28895,-0.44997,0.14124,-0.03763,0.00602,2.48084,85.81217,-37.72831,5.94551,-1.06713,0.14826,-0.01036,-0.00334,0.00112,-0.28016,-76.709,20.04257,-7.51565,2.22585,-0.61186,0.16309,-0.03775,0.00543,,,,,,,,,,,,,,,,,,,,,,,High,High,High,Low,Undefined,,,
236,2026-04-24,17:19:20.89,5,6,"Hsu, Brandon",1000121044,Right,GEO_PAT,"Hanawalt, Chase",1000367090,Left,FOR_RAM,Undefined,8,Bottom,2,3,2,ChangeUp,Changeup,BallCalled,Walk,Undefined,Undefined,0,0,,81.16746,0.222843,-4.589422,1683.909342,240.821993,2:00,4.63695,2.15189,5.78134,-32.9373,10.25843,15.65375,2.10018,-0.82281,73.46689,-5.912426,-1.797326,0.473033,,,,,,,,,,,,-9.31599,5.61544,-1.78188,50,4.63583,8.79765,-117.42287,-0.57236,-12.88324,24.20814,-24.40839,FOR_RAM,GEO_PAT,FordhamUniversity,D1,A10,20260424-FordhamUniversity-1,42dd7a00-4023-11f1-a000-3b21148d6856,79.68242,,,7.70058,,,,,,,16dba9bc-162f-467c-82cd-d013dd0e9e5e,2026-04-24,21:19:20.89,2026-04-24T17:19:20.8978432-04:00,2026-04-24T21:19:20.8978432Z,,v3,471298,471300,aea4d343e99b4d4c9dda1cfb8aed3ab6,"Vaughan, Logan",1000232024,Right,GEO_PAT,7bce17ad-71ba-4c66-9cbc-7317ce610391,54.71482,-118.39089,12.10407,4.6392,0.40367,-12.20419,-2.14397,9.31283,-6.44162,,,,,,,,,,,,,,,,,,,,,,,,,,,,,,,,,,,,,,,,,,,,,,,,,,,High,High,High,,,,,
237,2026-04-24,17:19:54.12,6,1,"Hsu, Brandon",1000121044,Right,GEO_PAT,"Dean, Mason",1000150670,Left,FOR_RAM,Undefined,8,Bottom,2,0,0,Fastball,Sinker,BallCalled,Undefined,Undefined,Undefined,0,0,,88.72574,0.331196,-1.920333,2170.398986,223.52446,1:30,4.99515,1.86143,5.92576,-19.45871,16.65383,14.53595,3.68108,1.29025,79.44887,-3.400035,0.688579,0.432514,,,,,,,,,,,,-7.96733,8.7656,-1.71546,50,5.0107,3.66511,-128.56355,0.18411,-13.08001,31.40474,-17.78355,FOR_RAM,GEO_PAT,FordhamUniversity,D1,A10,20260424-FordhamUniversity-1,56a3bb80-4023-11f1-a000-3b21148d6856,87.14726,,,9.27687,,,,,,,16dba9bc-162f-467c-82cd-d013dd0e9e5e,2026-04-24,21:19:54.12,2026-04-24T17:19:54.1260800-04:00,2026-04-24T21:19:54.1260800Z,,v3,471298,471300,aea4d343e99b4d4c9dda1cfb8aed3ab6,"Vaughan, Logan",1000232024,Right,GEO_PAT,664a4288-8238-4125-b05e-eda68b2c061f,54.56714,-129.67438,15.70237,4.99306,0.81314,-8.89178,-1.85328,4.12778,-6.54,,,,,,,,,,,,,,,,,,,,,,,,,,,,,,,,,,,,,,,,,,,,,,,,,,,High,High,High,,,,,
238,2026-04-24,17:20:12.93,6,2,"Hsu, Brandon",1000121044,Right,GEO_PAT,"Dean, Mason",1000150670,Left,FOR_RAM,Undefined,8,Bottom,2,1,0,Fastball,Sinker,StrikeCalled,Undefined,Undefined,Undefined,0,0,,87.25656,-0.028705,-3.763774,2120.25917,239.314374,2:00,4.79422,2.02409,5.76393,-24.8232,12.82123,19.21391,2.69885,0.11722,78.19379,-4.710864,-0.331841,0.441593,,,,,,,,,,,,-10.93528,6.93496,-1.72353,50,4.77711,7.46472,-126.25285,-0.85783,-17.3234,30.1441,-21.18787,FOR_RAM,GEO_PAT,FordhamUniversity,D1,A10,20260424-FordhamUniversity-1,61ee5b80-4023-11f1-a000-3b21148d6856,85.35569,,,9.06277,,,,,,,16dba9bc-162f-467c-82cd-d013dd0e9e5e,2026-04-24,21:20:12.93,2026-04-24T17:20:12.9310208-04:00,2026-04-24T21:20:12.9310208Z,,v3,471298,471300,aea4d343e99b4d4c9dda1cfb8aed3ab6,"Vaughan, Logan",1000232024,Right,GEO_PAT,52f39d07-f951-4b96-a975-1c513806de95,54.73119,-127.37746,15.07205,4.79436,-0.06736,-10.59393,-2.01408,8.11102,-8.6617,,,,,,,,,,,,,,,,,,,,,,,,,,,,,,,,,,,,,,,,,,,,,,,,,,,High,High,High,,,,,
239,2026-04-24,17:20:32.76,6,3,"Hsu, Brandon",1000121044,Right,GEO_PAT,"Dean, Mason",1000150670,Left,FOR_RAM,Undefined,8,Bottom,2,1,1,Curveball,Curveball,BallCalled,Undefined,Undefined,Undefined,0,0,,76.25945,1.328437,-2.307382,1939.106071,43.635117,7:30,5.07146,1.8922,5.55424,-58.72019,-8.74717,-10.16524,1.42059,-1.11202,68.64252,-9.409162,-4.1208,0.508791,,,,,,,,,,,,4.25071,-4.21225,-1.68604,50,5.14861,4.84704,-110.38349,0.60087,5.09916,24.72346,-37.22706,FOR_RAM,GEO_PAT,FordhamUniversity,D1,A10,20260424-FordhamUniversity-1,6db5cca0-4023-11f1-a000-3b21148d6856,74.0824,,,7.61693,,,,,,,16dba9bc-162f-467c-82cd-d013dd0e9e5e,2026-04-24,21:20:32.76,2026-04-24T17:20:32.7664640-04:00,2026-04-24T21:20:32.7664640Z,,v3,471298,471300,aea4d343e99b4d4c9dda1cfb8aed3ab6,"Vaughan, Logan",1000232024,Right,GEO_PAT,e9c9b1bb-7f8d-44bb-a919-ba808cf07f69,54.94242,-111.48498,12.36173,5.0849,2.25944,-18.61353,-1.89693,4.61986,2.54958,,,,,,,,,,,,,,,,,,,,,,,,,,,,,,,,,,,,,,,,,,,,,,,,,,,High,High,High,,,,,
240,2026-04-24,17:20:51.89,6,4,"Hsu, Brandon",1000121044,Right,GEO_PAT,"Dean, Mason",1000150670,Left,FOR_RAM,Undefined,8,Bottom,2,2,1,Fastball,Sinker,StrikeCalled,Undefined,Undefined,Undefined,0,0,,88.95451,-0.718017,-3.792441,2198.618047,223.942463,1:30,4.80092,2.06428,5.8496,-19.19596,16.94745,15.00792,2.53257,-0.21422,79.63996,-4.392028,-1.10869,0.432699,,,,,,,,,,,,-8.84756,9.25619,-1.76405,50,4.73139,7.8651,-128.68079,-2.17707,-14.55099,31.47121,-16.95102,FOR_RAM,GEO_PAT,FordhamUniversity,D1,A10,20260424-FordhamUniversity-1,79110e70-4023-11f1-a000-3b21148d6856,87.11004,,,9.31455,,,,,,,16dba9bc-162f-467c-82cd-d013dd0e9e5e,2026-04-24,21:20:51.89,2026-04-24T17:20:51.8989312-04:00,2026-04-24T21:20:51.8989312Z,,v3,471298,471300,aea4d343e99b4d4c9dda1cfb8aed3ab6,"Vaughan, Logan",1000232024,Right,GEO_PAT,c299c2d1-4d61-4eca-9ded-731f18b72224,54.64445,-129.81171,15.73561,4.79867,-1.56793,-8.47551,-2.05608,8.38799,-7.2755,,,,,,,,,,,,,,,,,,,,,,,,,,,,,,,,,,,,,,,,,,,,,,,,,,,High,High,High,,,,,
241,2026-04-24,17:21:11.96,6,5,"Hsu, Brandon",1000121044,Right,GEO_PAT,"Dean, Mason",1000150670,Left,FOR_RAM,Undefined,8,Bottom,2,2,2,Fastball,Four-Seam,BallCalled,Undefined,Undefined,Undefined,0,0,,88.877,-2.278229,-3.439017,2235.958878,216.394444,1:15,4.96817,1.77342,5.94426,-16.6219,19.45481,13.32422,1.46488,-0.30996,79.73268,-5.487459,-1.05055,0.4323,,,,,,,,,,,,-7.98469,11.12851,-1.50679,50,4.77723,7.16237,-128.586,-5.57415,-13.10866,31.49734,-13.90408,FOR_RAM,GEO_PAT,FordhamUniversity,D1,A10,20260424-FordhamUniversity-1,85164be0-4023-11f1-a000-3b21148d6856,87.19055,,,9.14432,,,,,,,16dba9bc-162f-467c-82cd-d013dd0e9e5e,2026-04-24,21:21:11.96,2026-04-24T17:21:11.9667200-04:00,2026-04-24T21:21:11.9667200Z,,v3,471298,471300,aea4d343e99b4d4c9dda1cfb8aed3ab6,"Vaughan, Logan",1000232024,Right,GEO_PAT,ca12e50e-a3d1-419e-8386-32d58cc77335,54.55181,-129.69618,15.74867,4.96507,-5.08407,-6.95204,-1.76738,7.6244,-6.55433,,,,,,,,,,,,,,,,,,,,,,,,,,,,,,,,,,,,,,,,,,,,,,,,,,,High,High,High,,,,,
242,2026-04-24,17:21:35.18,6,6,"Hsu, Brandon",1000121044,Right,GEO_PAT,"Dean, Mason",1000150670,Left,FOR_RAM,Undefined,8,Bottom,2,3,2,Fastball,Four-Seam,InPlay,Undefined,GroundBall,Single,0,1,,88.91871,-1.167733,-2.785689,2092.626404,215.729574,1:15,4.81548,1.92992,5.91132,-17.44481,18.2491,12.22847,2.27649,0.36142,80.41444,-4.507803,-0.593194,0.43,101.80546,1.366484,-6.406636,1670.170449,,,,88.69964,88.69964,-9.452741,0.648474,-7.12347,10.07103,-1.71335,50,4.7119,5.75504,-128.90612,-3.12826,-11.86217,29.38373,-15.40353,FOR_RAM,GEO_PAT,FordhamUniversity,D1,A10,20260424-FordhamUniversity-1,92f09770-4023-11f1-a000-3b21148d6856,87.6568,2.55208,,8.50427,,,,0.43855,2.26142,-0.30626,16dba9bc-162f-467c-82cd-d013dd0e9e5e,2026-04-24,21:21:35.18,2026-04-24T17:21:35.1884800-04:00,2026-04-24T21:21:35.1884800Z,GroundBall,v3,471298,471300,aea4d343e99b4d4c9dda1cfb8aed3ab6,"Vaughan, Logan",1000232024,Right,GEO_PAT,e772f810-a96b-4ad2-80de-b7a111a01caa,54.58575,-129.94723,14.69187,4.81307,-2.58249,-7.70177,-1.9247,6.17533,-5.93109,114.206278,0.485,147.3733,-20.4533,,,,,,,2.26214,3.54875,-10.8542,,,,,,,-0.27526,-17.30842,-7.3634,,,,,,,,,,,,,,,,,,,,,,,,,,,,,High,High,High,High,High,,,
243,2026-04-24,17:22:24.93,7,1,"Hsu, Brandon",1000121044,Right,GEO_PAT,"Young, Caden",10264258,Right,FOR_RAM,Undefined,8,Bottom,2,0,0,Curveball,Slider,BallCalled,Undefined,Undefined,Undefined,0,0,,80.39955,2.268581,-2.112224,2275.804819,139.336334,10:45,5.01197,1.97767,5.56667,-35.86522,8.753,-6.12552,4.14496,-0.50682,72.19257,-4.405336,-3.202426,0.480759,,,,,,,,,,,,2.37488,4.15555,-1.79144,50,5.18473,4.5416,-116.34462,3.4545,3.19664,25.48877,-26.58059,FOR_RAM,GEO_PAT,FordhamUniversity,D1,A10,20260424-FordhamUniversity-1,b08a4240-4023-11f1-a000-3b21148d6856,78.40192,,,8.20697,,,,,,,16dba9bc-162f-467c-82cd-d013dd0e9e5e,2026-04-24,21:22:24.93,2026-04-24T17:22:24.9336320-04:00,2026-04-24T21:22:24.9336320Z,,v3,471298,471300,aea4d343e99b4d4c9dda1cfb8aed3ab6,"Vaughan, Logan",1000232024,Right,GEO_PAT,20212f11-5c35-46b0-a5dc-faaf3d221514,54.92742,-117.41915,12.74439,5.01547,4.57507,-13.2903,-1.98006,4.40684,1.59832,,,,,,,,,,,,,,,,,,,,,,,,,,,,,,,,,,,,,,,,,,,,,,,,,,,High,High,High,,,,,
244,2026-04-24,17:22:42.25,7,2,"Hsu, Brandon",1000121044,Right,GEO_PAT,"Young, Caden",10264258,Right,FOR_RAM,Undefined,8,Bottom,2,1,0,Slider,Curveball,StrikeCalled,Undefined,Undefined,Undefined,0,0,,73.43622,2.868922,-2.088511,1930.029795,23.215015,6:45,5.0651,1.6948,5.55074,-68.85071,-14.4865,-7.1617,2.01238,-0.85444,65.55149,-9.731783,-3.365948,0.530674,,,,,,,,,,,,2.78776,-7.69937,-1.50928,50,5.2688,4.14236,-106.17092,3.09436,3.06793,24.24447,-40.64718,FOR_RAM,GEO_PAT,FordhamUniversity,D1,A10,20260424-FordhamUniversity-1,bafb2410-4023-11f1-a000-3b21148d6856,71.02747,,,7.88473,,,,,,,16dba9bc-162f-467c-82cd-d013dd0e9e5e,2026-04-24,21:22:42.25,2026-04-24T17:22:42.2550016-04:00,2026-04-24T21:22:42.2550016Z,,v3,471298,471300,aea4d343e99b4d4c9dda1cfb8aed3ab6,"Vaughan, Logan",1000232024,Right,GEO_PAT,1da51eaf-9f5c-49a5-8c69-5d39d46372e2,54.94736,-107.29472,12.12223,5.0817,4.97847,-20.32359,-1.698,4.00015,1.53397,,,,,,,,,,,,,,,,,,,,,,,,,,,,,,,,,,,,,,,,,,,,,,,,,,,High,High,High,,,,,
245,2026-04-24,17:23:01.33,7,3,"Hsu, Brandon",1000121044,Right,GEO_PAT,"Young, Caden",10264258,Right,FOR_RAM,Undefined,8,Bottom,2,1,1,Slider,Slider,FoulBallNotFieldable,Undefined,Undefined,Undefined,0,0,,80.09044,0.31871,-1.365838,2317.282439,105.391064,9:30,4.95724,1.89811,5.43769,-41.19219,3.87323,-8.10595,1.82309,-0.0566,72.32512,-7.26136,-2.808875,0.483162,,,,,,,,,,,,3.65614,2.26866,-1.77135,50,4.95711,3.08988,-116.0671,-0.73436,4.8926,25.57793,-29.13816,FOR_RAM,GEO_PAT,FordhamUniversity,D1,A10,20260424-FordhamUniversity-1,c6cbe400-4023-11f1-a000-3b21148d6856,78.01197,,,7.76532,,,,,,,16dba9bc-162f-467c-82cd-d013dd0e9e5e,2026-04-24,21:23:01.33,2026-04-24T17:23:01.3399552-04:00,2026-04-24T21:23:01.3399552Z,,v3,471298,471300,aea4d343e99b4d4c9dda1cfb8aed3ab6,"Vaughan, Logan",1000232024,Right,GEO_PAT,0c3a83d4-2e02-4ab8-9971-5299b56b8c73,55.05985,-117.17684,12.78896,4.96154,0.52986,-14.56908,-1.9008,2.87761,2.4463,,,,,,,,,,,,,,,,,,,,,,,,,,,,,,,,,,,,,,,,,,,,,,,,,,,High,High,High,,,,,
246,2026-04-24,17:23:25.89,7,4,"Hsu, Brandon",1000121044,Right,GEO_PAT,"Young, Caden",10264258,Right,FOR_RAM,Undefined,8,Bottom,2,1,2,Slider,Slider,InPlay,Undefined,LineDrive,Out,1,0,,78.5885,0.062052,-2.385827,2313.639597,113.674616,9:45,4.90668,1.99559,5.47697,-40.90864,5.12311,-8.40182,1.55574,-0.93831,72.18768,-7.423638,-3.880592,0.488315,78.91704,25.438233,9.122898,2832.788117,107.45406,39.76648,23.52897,276.51499,267.26617,15.858541,3.71583,3.58673,2.97508,-1.78007,50,4.88424,5.07423,-114.02858,-1.21662,4.7143,21.30451,-28.2637,FOR_RAM,GEO_PAT,FordhamUniversity,D1,A10,20260424-FordhamUniversity-1,d4ee8330-4023-11f1-a000-3b21148d6856,77.18877,43.81922,,6.40082,,,,1.60308,1.60337,0.92115,16dba9bc-162f-467c-82cd-d013dd0e9e5e,2026-04-24,21:23:25.89,2026-04-24T17:23:25.8990592-04:00,2026-04-24T21:23:25.8990592Z,LineDrive,v3,471298,471300,aea4d343e99b4d4c9dda1cfb8aed3ab6,"Vaughan, Logan",1000232024,Right,GEO_PAT,b65ff0b5-aa76-4727-af94-3da3a0347b23,55.02209,-114.96305,10.65225,4.91041,0.0231,-14.13185,-1.9981,4.86745,2.35715,214.403346,1.60319,103.19927,-15.65415,3.35377,-0.70449,0.1601,-0.04162,0.00813,-0.00066,1.60373,49.70361,-15.44328,0.25112,0.33823,-0.22542,0.08278,-0.01496,0.00104,0.92114,16.5724,3.03741,-1.30235,0.38556,-0.09127,0.01855,-0.00265,0.00017,,,,,,,,,,,,,,,,,,,,,,,High,High,High,High,High,,,
247,2026-04-24,17:26:30.58,1,1,"Berg, Aric",1000177598,Right,FOR_RAM,"Terilli, Lucas",1000315616,Left,GEO_PAT,Undefined,9,Top,0,0,0,Fastball,Four-Seam,BallCalled,Undefined,Undefined,Undefined,0,0,,90.6257,-1.102727,-3.218831,2270.995093,201.181076,12:45,5.82351,0.91022,5.71714,-10.64505,24.43108,8.93815,3.90745,-1.34652,80.83814,-3.242843,-1.624022,0.426263,,,,,,,,,,,,-5.57307,13.07623,-0.64618,50,5.72466,6.9557,-131.06108,-2.7208,-9.48296,33.30845,-9.92387,FOR_RAM,GEO_PAT,FordhamUniversity,D1,A10,20260424-FordhamUniversity-1,4315d2a0-4024-11f1-a000-3b21148d6856,88.42539,,,9.78756,,,,,,,16dba9bc-162f-467c-82cd-d013dd0e9e5e,2026-04-24,21:26:30.58,2026-04-24T17:26:30.5818112-04:00,2026-04-24T21:26:30.5818112Z,,v3,471298,471300,aea4d343e99b4d4c9dda1cfb8aed3ab6,"McAndrews, Thomas",836274,Right,FOR_RAM,9bc4d6b3-b441-48da-a60f-106969fe8179,54.77495,-132.26905,16.65423,5.8168,-2.36091,-4.96194,-0.90467,7.2996,-4.74148,,,,,,,,,,,,,,,,,,,,,,,,,,,,,,,,,,,,,,,,,,,,,,,,,,,High,High,High,,,,,
248,2026-04-24,17:26:46.70,1,2,"Berg, Aric",1000177598,Right,FOR_RAM,"Terilli, Lucas",1000315616,Left,GEO_PAT,Undefined,9,Top,0,1,0,Fastball,Four-Seam,StrikeCalled,Undefined,Undefined,Undefined,0,0,,89.73485,-1.831988,-0.996473,2201.349971,210.637364,1:00,5.95407,0.92362,5.58924,-14.60698,21.13533,11.71981,3.02534,0.96971,80.52327,-4.66112,1.095024,0.430292,,,,,,,,,,,,-6.18886,11.62926,-0.8456,50,5.78757,1.72026,-129.95108,-4.54661,-10.39104,31.83962,-12.6486,FOR_RAM,GEO_PAT,FordhamUniversity,D1,A10,20260424-FordhamUniversity-1,4c8c9d00-4024-11f1-a000-3b21148d6856,87.59743,,,9.21157,,,,,,,16dba9bc-162f-467c-82cd-d013dd0e9e5e,2026-04-24,21:26:46.70,2026-04-24T17:26:46.7027968-04:00,2026-04-24T21:26:46.7027968Z,,v3,471298,471300,aea4d343e99b4d4c9dda1cfb8aed3ab6,"McAndrews, Thomas",836274,Right,FOR_RAM,77090622-aece-4449-b762-1d373dba49cf,54.90411,-131.14714,15.91981,5.94944,-4.07146,-6.3243,-0.91756,2.1106,-5.19552,,,,,,,,,,,,,,,,,,,,,,,,,,,,,,,,,,,,,,,,,,,,,,,,,,,High,High,High,,,,,
249,2026-04-24,17:27:02.77,1,3,"Berg, Aric",1000177598,Right,FOR_RAM,"Terilli, Lucas",1000315616,Left,GEO_PAT,Undefined,9,Top,0,1,1,Slider,Slider,BallCalled,Undefined,Undefined,Undefined,0,0,,79.67802,1.326038,-1.129689,2814.156615,87.409809,9:00,5.8574,0.98138,5.38003,-44.53262,1.01957,-13.24772,3.38986,-1.18172,72.0423,-6.844409,-3.484471,0.485765,,,,,,,,,,,,6.20575,0.63724,-0.87097,50,5.94531,2.82989,-115.44164,1.12924,8.24239,24.65408,-31.32765,FOR_RAM,GEO_PAT,FordhamUniversity,D1,A10,20260424-FordhamUniversity-1,5648adc0-4024-11f1-a000-3b21148d6856,77.594,,,7.63572,,,,,,,16dba9bc-162f-467c-82cd-d013dd0e9e5e,2026-04-24,21:27:02.77,2026-04-24T17:27:02.7791872-04:00,2026-04-24T21:27:02.7791872Z,,v3,471298,471300,aea4d343e99b4d4c9dda1cfb8aed3ab6,"McAndrews, Thomas",836274,Right,FOR_RAM,eed44d45-e0a8-4496-bb0f-78bc237d4c37,55.11539,-116.52898,12.32704,5.86504,2.5109,-15.66383,-0.98776,2.46636,4.12119,,,,,,,,,,,,,,,,,,,,,,,,,,,,,,,,,,,,,,,,,,,,,,,,,,,High,High,High,,,,,
250,2026-04-24,17:27:20.31,1,4,"Berg, Aric",1000177598,Right,FOR_RAM,"Terilli, Lucas",1000315616,Left,GEO_PAT,Undefined,9,Top,0,2,1,Fastball,Four-Seam,FoulBallNotFieldable,Undefined,Undefined,Undefined,0,0,,90.64207,-2.095705,-1.92103,2266.559993,199.071547,12:45,5.86171,0.80255,5.4884,-9.47823,26.24564,8.54831,3.10931,-0.28292,80.05351,-4.043,-0.39979,0.430181,74.22654,62.777942,-63.736131,3431.015732,,,,,51.66028,,,-5.01059,14.3915,-0.64018,50,5.67245,3.99301,-130.96934,-4.94857,-8.41091,36.30289,-8.01605,FOR_RAM,GEO_PAT,FordhamUniversity,D1,A10,20260424-FordhamUniversity-1,609f77e0-4024-11f1-a000-3b21148d6856,87.62005,83.65063,,10.58856,,,,1.02558,3.67749,-0.16292,16dba9bc-162f-467c-82cd-d013dd0e9e5e,2026-04-24,21:27:20.31,2026-04-24T17:27:20.3180544-04:00,2026-04-24T21:27:20.3180544Z,,v3,471298,471300,aea4d343e99b4d4c9dda1cfb8aed3ab6,"McAndrews, Thomas",836274,Right,FOR_RAM,85cd02d3-ded8-449e-9a12-f9f2ff4b43d5,55.00406,-132.34913,18.15144,5.85475,-4.6439,-4.00803,-0.79802,4.31269,-4.20546,,1.02558,22.03653,-6.81102,1.86177,-0.42367,0.09354,-0.02078,0.00375,-0.00041,3.67749,96.80751,-25.81364,3.00629,-0.62773,0.11922,-0.02421,0.00415,-0.00041,-0.16292,-44.65842,2.46032,-0.25953,0.00339,0.0054,-0.00179,0.00046,-3E-05,,,,,,,,,,,,,,,,,,,,,,,High,High,High,Low,Undefined,,,
251,2026-04-24,17:27:44.54,1,5,"Berg, Aric",1000177598,Right,FOR_RAM,"Terilli, Lucas",1000315616,Left,GEO_PAT,Undefined,9,Top,0,2,2,Curveball,Curveball,FoulBallNotFieldable,Undefined,Undefined,Undefined,0,0,,77.20677,1.992015,-0.4951,2773.264705,65.8057,8:15,5.862,0.82323,5.48911,-55.21653,-6.33701,-18.32666,3.12499,-1.16717,69.18784,-8.137263,-3.762106,0.503193,,,,,,,,,,,,9.12079,-3.47528,-0.76678,50,5.99904,1.67233,-111.81262,2.05742,11.20317,25.74517,-36.44278,FOR_RAM,GEO_PAT,FordhamUniversity,D1,A10,20260424-FordhamUniversity-1,6f169fb0-4024-11f1-a000-3b21148d6856,74.90649,,,8.01892,,,,,,,16dba9bc-162f-467c-82cd-d013dd0e9e5e,2026-04-24,21:27:44.54,2026-04-24T17:27:44.5481984-04:00,2026-04-24T21:27:44.5481984Z,,v3,471298,471300,aea4d343e99b4d4c9dda1cfb8aed3ab6,"McAndrews, Thomas",836274,Right,FOR_RAM,bbf894de-8f1d-4946-935e-6baf63252ee9,55.00994,-112.96028,12.87259,5.87112,3.68196,-18.22139,-0.8302,1.17292,5.60158,,,,,,,,,,,,,,,,,,,,,,,,,,,,,,,,,,,,,,,,,,,,,,,,,,,High,High,High,,,,,
252,2026-04-24,17:28:06.74,1,6,"Berg, Aric",1000177598,Right,FOR_RAM,"Terilli, Lucas",1000315616,Left,GEO_PAT,Undefined,9,Top,0,2,2,Slider,Slider,StrikeSwinging,Strikeout,Undefined,Undefined,0,0,,79.90099,1.136458,0.102829,2839.912069,91.179783,9:00,5.73964,0.88244,5.32958,-43.89758,2.08169,-11.69068,3.14798,0.0047,71.24332,-6.957179,-1.975081,0.488037,,,,,,,,,,,,5.80209,1.24457,-0.88335,50,5.81171,0.29371,-115.58567,0.76483,7.62091,27.3841,-30.53936,FOR_RAM,GEO_PAT,FordhamUniversity,D1,A10,20260424-FordhamUniversity-1,7c548430-4024-11f1-a000-3b21148d6856,77.23281,,,8.65767,,,,,,,16dba9bc-162f-467c-82cd-d013dd0e9e5e,2026-04-24,21:28:06.74,2026-04-24T17:28:06.7440000-04:00,2026-04-24T21:28:06.7440000Z,,v3,471298,471300,aea4d343e99b4d4c9dda1cfb8aed3ab6,"McAndrews, Thomas",836274,Right,FOR_RAM,43abcbac-1eab-4093-a7aa-ff9dee6bf5af,55.16261,-116.80238,13.69205,5.74759,2.12172,-15.26968,-0.88888,-0.0449,3.81046,,,,,,,,,,,,,,,,,,,,,,,,,,,,,59.85587,,,1.162842,,,,-3.78873,5.13912,4.96967,70.31698,8.6775,54.45967,-3.65379,71.54541,-6.79109,5.22741,20.15828,-14.7604,4.97095,44.17158,-1.38699,High,High,High,,,High,High,High
253,2026-04-24,17:28:36.62,2,1,"Berg, Aric",1000177598,Right,FOR_RAM,"Butler, Jake",1000136500,Right,GEO_PAT,Undefined,9,Top,1,0,0,Slider,Curveball,BallCalled,Undefined,Undefined,Undefined,0,0,,79.3663,-0.891485,-0.008408,2851.123791,71.371944,8:30,5.6729,0.82192,5.39012,-48.50369,-1.97193,-11.38961,0.79533,-0.1351,71.18883,-9.763382,-2.040124,0.49096,,,,,,,,,,,,5.73985,-0.16563,-0.81279,50,5.55945,0.47571,-114.89025,-3.45023,7.42672,27.6207,-32.38836,FOR_RAM,GEO_PAT,FordhamUniversity,D1,A10,20260424-FordhamUniversity-1,8e175490-4024-11f1-a000-3b21148d6856,76.77293,,,8.17748,,,,,,,16dba9bc-162f-467c-82cd-d013dd0e9e5e,2026-04-24,21:28:36.62,2026-04-24T17:28:36.6237184-04:00,2026-04-24T21:28:36.6237184Z,,v3,471298,471300,aea4d343e99b4d4c9dda1cfb8aed3ab6,"McAndrews, Thomas",836274,Right,FOR_RAM,b9096593-badf-4fce-bee6-8c0cc963500f,55.10627,-116.11136,13.81035,5.68033,-2.01835,-16.19418,-0.82656,0.14737,3.71336,,,,,,,,,,,,,,,,,,,,,,,,,,,,,,,,,,,,,,,,,,,,,,,,,,,High,High,High,,,,,
254,2026-04-24,17:28:55.52,2,2,"Berg, Aric",1000177598,Right,FOR_RAM,"Butler, Jake",1000136500,Right,GEO_PAT,Undefined,9,Top,1,1,0,Fastball,Four-Seam,InPlay,Undefined,LineDrive,Single,0,0,,90.39375,-1.843732,-2.418748,2445.542984,220.709689,1:15,5.7902,0.70659,5.67484,-16.34631,19.15934,15.23375,2.70703,-0.28019,80.30237,-5.007652,0.302163,0.428864,97.71296,12.635626,-9.780373,6962.669921,108.03441,17.35655,-20.70165,230.54639,224.92386,-12.537504,2.104966,-8.62205,10.79957,-0.51238,50,5.62485,4.83906,-130.73745,-4.67832,-14.48178,35.14978,-14.03489,FOR_RAM,GEO_PAT,FordhamUniversity,D1,A10,20260424-FordhamUniversity-1,9961f490-4024-11f1-a000-3b21148d6856,87.88894,17.52801,,10.09137,,,,1.74669,2.65768,0.30053,16dba9bc-162f-467c-82cd-d013dd0e9e5e,2026-04-24,21:28:55.52,2026-04-24T17:28:55.5297280-04:00,2026-04-24T21:28:55.5297280Z,LineDrive,v3,471298,471300,aea4d343e99b4d4c9dda1cfb8aed3ab6,"McAndrews, Thomas",836274,Right,FOR_RAM,ebb56549-bb80-45f6-a7ee-017686c3327c,54.82008,-132.02701,17.57489,5.78703,-4.16342,-7.01744,-0.69966,5.37036,-7.24089,126.023655,1.74669,137.80874,-21.45725,4.45636,-0.97882,0.2069,-0.04051,0.00594,-0.00043,2.65768,31.34952,-17.68735,1.41553,-0.25603,0.04959,-0.00777,0.00115,-0.0001,0.30053,-23.75512,-0.81539,0.64263,-0.22238,0.05984,-0.0131,0.002,-0.00015,,,,,,,,,,,,,,,,,,,,,,,High,High,High,High,High,,,
255,2026-04-24,17:29:32.05,3,1,"Berg, Aric",1000177598,Right,FOR_RAM,"Westley, Matthew",824016,Right,GEO_PAT,Undefined,9,Top,1,0,0,Fastball,Four-Seam,BallCalled,Undefined,Undefined,Undefined,0,0,,89.78501,-1.323065,-2.264323,2431.737572,198.866576,12:45,5.88978,0.73653,5.72328,-11.46816,24.49297,7.86276,3.70059,-0.71838,79.53697,-3.630981,-0.859361,0.431607,,,,,,,,,,,,-4.75233,13.22879,-0.552,50,5.77227,4.76735,-129.81309,-3.21181,-7.86949,34.65821,-10.26815,FOR_RAM,GEO_PAT,FordhamUniversity,D1,A10,20260424-FordhamUniversity-1,af1c3de0-4024-11f1-a000-3b21148d6856,87.33056,,,10.24804,,,,,,,16dba9bc-162f-467c-82cd-d013dd0e9e5e,2026-04-24,21:29:32.05,2026-04-24T17:29:32.0521728-04:00,2026-04-24T21:29:32.0521728Z,,v3,471298,471300,aea4d343e99b4d4c9dda1cfb8aed3ab6,"McAndrews, Thomas",836274,Right,FOR_RAM,2fc40c79-3eb1-4631-84cc-594bd6acbe72,54.76682,-131.07959,17.32911,5.88278,-2.83659,-5.13407,-0.73146,5.05492,-3.93475,,,,,,,,,,,,,,,,,,,,,,,,,,,,,,,,,,,,,,,,,,,,,,,,,,,High,High,High,,,,,
256,2026-04-24,17:29:49.28,3,2,"Berg, Aric",1000177598,Right,FOR_RAM,"Westley, Matthew",824016,Right,GEO_PAT,Undefined,9,Top,1,1,0,Fastball,Sinker,FoulBallNotFieldable,Undefined,Undefined,Undefined,0,0,,89.83617,-1.015522,-2.213133,2454.149319,224.468838,1:30,5.82053,0.71742,5.85258,-17.70592,17.67032,16.02332,3.40065,-0.00468,80.43705,-4.419101,0.65893,0.428082,74.33194,54.177216,164.932985,4764.299276,,,,,39.37253,,,-8.94237,9.75414,-0.54706,50,5.72793,4.33385,-130.15679,-2.82161,-15.0137,32.73609,-15.79742,FOR_RAM,GEO_PAT,FordhamUniversity,D1,A10,20260424-FordhamUniversity-1,b95c99d0-4024-11f1-a000-3b21148d6856,88.0495,47.83061,,9.39912,,,,1.43508,3.45501,0.01561,16dba9bc-162f-467c-82cd-d013dd0e9e5e,2026-04-24,21:29:49.28,2026-04-24T17:29:49.2831232-04:00,2026-04-24T21:29:49.2831232Z,,v3,471298,471300,aea4d343e99b4d4c9dda1cfb8aed3ab6,"McAndrews, Thomas",836274,Right,FOR_RAM,effe48a8-cc25-4531-8a99-dbddfb8c0c28,54.64355,-131.31951,16.36805,5.81819,-2.26052,-7.89871,-0.71046,4.86711,-7.50685,341.778213,1.43508,-61.61371,1.43052,1.22266,-0.58752,0.19619,-0.06094,0.01596,-0.00216,3.45501,88.39682,-35.81704,6.31332,-1.30762,0.27407,-0.05419,0.01013,-0.00175,0.01561,16.58661,-4.14313,-1.93225,0.74331,-0.23049,0.06396,-0.01365,0.00147,,,,,,,,,,,,,,,,,,,,,,,High,High,High,High,Undefined,,,
257,2026-04-24,17:30:12.73,3,3,"Berg, Aric",1000177598,Right,FOR_RAM,"Westley, Matthew",824016,Right,GEO_PAT,Undefined,9,Top,1,1,1,Slider,Curveball,BallCalled,Undefined,Undefined,Undefined,0,0,,78.3955,3.687128,1.494786,2703.952975,73.140389,8:30,5.7683,0.78361,5.30184,-48.68593,-1.52595,-10.43953,5.17849,1.31723,70.72381,-5.22838,-0.355871,0.494263,,,,,,,,,,,,5.61969,-1.33634,-0.91175,50,6.06889,-2.52533,-113.41058,5.61552,7.23847,22.87486,-33.8953,FOR_RAM,GEO_PAT,FordhamUniversity,D1,A10,20260424-FordhamUniversity-1,c76680e0-4024-11f1-a000-3b21148d6856,76.25984,,,7.67169,,,,,,,16dba9bc-162f-467c-82cd-d013dd0e9e5e,2026-04-24,21:30:12.73,2026-04-24T17:30:12.7384576-04:00,2026-04-24T21:30:12.7384576Z,,v3,471298,471300,aea4d343e99b4d4c9dda1cfb8aed3ab6,"McAndrews, Thomas",836274,Right,FOR_RAM,1831c886-32f6-4c63-902d-e94d0eb7fde0,55.19456,-114.45353,11.43743,5.77763,7.16093,-16.94765,-0.78908,-2.85536,3.61924,,,,,,,,,,,,,,,,,,,,,,,,,,,,,,,,,,,,,,,,,,,,,,,,,,,High,High,High,,,,,
258,2026-04-24,17:30:32.67,3,4,"Berg, Aric",1000177598,Right,FOR_RAM,"Westley, Matthew",824016,Right,GEO_PAT,Undefined,9,Top,1,2,1,Fastball,Four-Seam,StrikeSwinging,Undefined,Undefined,Undefined,0,0,,90.27485,-1.387482,-1.440227,2369.788412,204.666004,12:45,5.7669,0.75454,5.74436,-10.51351,24.73789,10.72997,3.59829,0.30749,80.56054,-3.505644,0.479331,0.427326,,,,,,,,,,,,-5.87646,13.35528,-0.6411,50,5.64515,2.79272,-130.71084,-3.35301,-9.93784,33.33169,-9.58851,FOR_RAM,GEO_PAT,FordhamUniversity,D1,A10,20260424-FordhamUniversity-1,d33d5b50-4024-11f1-a000-3b21148d6856,88.20532,,,9.71431,,,,,,,16dba9bc-162f-467c-82cd-d013dd0e9e5e,2026-04-24,21:30:32.67,2026-04-24T17:30:32.6733312-04:00,2026-04-24T21:30:32.6733312Z,,v3,471298,471300,aea4d343e99b4d4c9dda1cfb8aed3ab6,"McAndrews, Thomas",836274,Right,FOR_RAM,3a8ff961-b7dc-4ca6-bfc5-a59f7ade1911,54.74804,-131.91605,16.66585,5.76012,-3.0063,-4.79425,-0.74858,3.15206,-4.96892,,,,,,,,,,,,,,,,,,,,,,,,,,,,,,,,,,,,,,,,,,,,,,,,,,,High,High,High,,,,,
259,2026-04-24,17:30:52.71,3,5,"Berg, Aric",1000177598,Right,FOR_RAM,"Westley, Matthew",824016,Right,GEO_PAT,Undefined,9,Top,1,2,2,Fastball,Four-Seam,InPlay,Undefined,LineDrive,Out,1,0,,90.57133,-2.714968,-1.672516,2465.321167,217.664853,1:15,5.82741,0.67905,5.4697,-13.99005,21.411,15.4617,2.1178,0.40186,81.06465,-5.42756,1.080024,0.428232,89.37486,21.128399,-7.231547,2052.028203,109.38716,36.52197,-11.5922,312.82905,300.29852,-3.509452,3.671719,-8.33918,12.08698,-0.54286,50,5.57959,3.11233,-131.01953,-6.59983,-14.18137,33.28021,-11.61932,FOR_RAM,GEO_PAT,FordhamUniversity,D1,A10,20260424-FordhamUniversity-1,df352b40-4024-11f1-a000-3b21148d6856,88.01867,43.77046,,9.50668,,,,1.16542,2.1197,-0.40301,16dba9bc-162f-467c-82cd-d013dd0e9e5e,2026-04-24,21:30:52.71,2026-04-24T17:30:52.7151616-04:00,2026-04-24T21:30:52.7151616Z,LineDrive,v3,471298,471300,aea4d343e99b4d4c9dda1cfb8aed3ab6,"McAndrews, Thomas",836274,Right,FOR_RAM,b0277e41-9a09-497c-8c26-a039c61e18b4,55.02555,-132.28991,16.6401,5.82306,-6.1563,-5.80966,-0.67199,3.65366,-7.09069,196.335114,1.16521,121.30628,-19.65593,4.74551,-1.00261,0.20444,-0.0378,0.00476,-0.00026,2.11995,47.2394,-13.14449,-0.53964,0.36632,-0.10957,0.01903,-0.00112,-5E-05,-0.40294,-15.39401,5.56834,-1.42257,0.33129,-0.07161,0.01312,-0.00157,8E-05,,,,,,,,,,,,,,,,,,,,,,,High,High,High,High,High,,,
260,2026-04-24,17:31:34.01,4,1,"Berg, Aric",1000177598,Right,FOR_RAM,"Bagnerise , Julius",1000469309,Right,GEO_PAT,Undefined,9,Top,2,0,0,Slider,Slider,BallCalled,Undefined,Undefined,Undefined,0,0,,79.38839,0.469513,1.258492,2803.807125,81.144727,8:45,5.68345,1.02665,5.29456,-45.40065,0.3839,-7.67323,2.34101,1.56901,72.18284,-7.823822,-0.105294,0.487002,,,,,,,,,,,,4.19473,0.5798,-1.13549,50,5.69353,-2.20935,-115.092,-0.64776,5.56744,23.4515,-31.40449,FOR_RAM,GEO_PAT,FordhamUniversity,D1,A10,20260424-FordhamUniversity-1,f7dbe620-4024-11f1-a000-3b21148d6856,77.39687,,,7.20555,,,,,,,16dba9bc-162f-467c-82cd-d013dd0e9e5e,2026-04-24,21:31:34.01,2026-04-24T17:31:34.0191744-04:00,2026-04-24T21:31:34.0191744Z,,v3,471298,471300,aea4d343e99b4d4c9dda1cfb8aed3ab6,"McAndrews, Thomas",836274,Right,FOR_RAM,b2f99cec-658c-4bb7-8580-83e8f89d0eec,55.20173,-116.14709,11.72575,5.69089,0.76513,-15.70224,-1.03045,-2.45983,2.78372,,,,,,,,,,,,,,,,,,,,,,,,,,,,,,,,,,,,,,,,,,,,,,,,,,,High,High,High,,,,,
261,2026-04-24,17:31:52.13,4,2,"Berg, Aric",1000177598,Right,FOR_RAM,"Bagnerise , Julius",1000469309,Right,GEO_PAT,Undefined,9,Top,2,1,0,Fastball,Four-Seam,InPlay,Undefined,FlyBall,Out,1,0,,90.47779,-1.403614,-1.62556,2411.34189,200.804535,12:45,5.84664,0.61952,5.82255,-12.62615,22.4584,8.0041,3.48876,-0.22514,80.5793,-3.905209,-0.19169,0.426314,90.07658,42.581011,20.075033,4696.99919,102.39706,95.42075,40.18472,282.57315,248.81722,23.245106,5.677766,-4.66386,12.34875,-0.4914,50,5.7248,3.36519,-131.01431,-3.50523,-7.89282,34.47237,-11.27586,FOR_RAM,GEO_PAT,FordhamUniversity,D1,A10,20260424-FordhamUniversity-1,0299fd90-4025-11f1-a000-3b21148d6856,88.41482,116.95643,,9.89849,,,,1.82715,3.45729,0.20956,16dba9bc-162f-467c-82cd-d013dd0e9e5e,2026-04-24,21:31:52.13,2026-04-24T17:31:52.1391104-04:00,2026-04-24T21:31:52.1391104Z,FlyBall,v3,471298,471300,aea4d343e99b4d4c9dda1cfb8aed3ab6,"McAndrews, Thomas",836274,Right,FOR_RAM,3a20f595-d2ee-4fcb-af4f-2d1fd0b2cbdf,54.67217,-132.23793,17.23618,5.84211,-3.10498,-5.63793,-0.61583,3.64535,-3.94641,187.371648,1.8346,91.22411,-21.98207,5.01131,-0.68761,0.03522,0.00362,-0.00052,1E-05,3.45511,89.42609,-20.45973,1.51409,-0.13962,-0.04376,0.01992,-0.0029,0.00015,0.21124,33.36064,-5.82821,1.18681,-0.15993,0.01275,-0.00108,0.00017,-1E-05,,,,,,,,,,,,,,,,,,,,,,,High,High,High,High,Low,,,
