PitchNo,Date,Time,PAofInning,PitchofPA,Pitcher,PitcherId,PitcherThrows,PitcherTeam,Batter,BatterId,BatterSide,BatterTeam,PitcherSet,Inning,Top/Bottom,Outs,Balls,Strikes,TaggedPitchType,AutoPitchType,PitchCall,KorBB,TaggedHitType,PlayResult,OutsOnPlay,RunsScored,Notes,RelSpeed,VertRelAngle,HorzRelAngle,SpinRate,SpinAxis,Tilt,RelHeight,RelSide,Extension,VertBreak,InducedVertBreak,HorzBreak,PlateLocHeight,PlateLocSide,ZoneSpeed,VertApprAngle,HorzApprAngle,ZoneTime,ExitSpeed,Angle,Direction,HitSpinRate,PositionAt110X,PositionAt110Y,PositionAt110Z,Distance,LastTrackedDistance,Bearing,HangTime,pfxx,pfxz,x0,y0,z0,vx0,vy0,vz0,ax0,ay0,az0,HomeTeam,AwayTeam,Stadium,Level,League,GameID,PitchUID,EffectiveVelo,MaxHeight,MeasuredDuration,SpeedDrop,PitchLastMeasuredX,PitchLastMeasuredY,PitchLastMeasuredZ,ContactPositionX,ContactPositionY,ContactPositionZ,GameUID,UTCDate,UTCTime,LocalDateTime,UTCDateTime,AutoHitType,System,HomeTeamForeignID,AwayTeamForeignID,GameForeignID,Catcher,CatcherId,CatcherThrows,CatcherTeam,PlayID,PitchTrajectoryXc0,PitchTrajectoryXc1,PitchTrajectoryXc2,PitchTrajectoryYc0,PitchTrajectoryYc1,PitchTrajectoryYc2,PitchTrajectoryZc0,PitchTrajectoryZc1,PitchTrajectoryZc2,HitSpinAxis,HitTrajectoryXc0,HitTrajectoryXc1,HitTrajectoryXc2,HitTrajectoryXc3,HitTrajectoryXc4,HitTrajectoryXc5,HitTrajectoryXc6,HitTrajectoryXc7,HitTrajectoryXc8,HitTrajectoryYc0,HitTrajectoryYc1,HitTrajectoryYc2,HitTrajectoryYc3,HitTrajectoryYc4,HitTrajectoryYc5,HitTrajectoryYc6,HitTrajectoryYc7,HitTrajectoryYc8,HitTrajectoryZc0,HitTrajectoryZc1,HitTrajectoryZc2,HitTrajectoryZc3,HitTrajectoryZc4,HitTrajectoryZc5,HitTrajectoryZc6,HitTrajectoryZc7,HitTrajectoryZc8,ThrowSpeed,PopTime,ExchangeTime,TimeToBase,CatchPositionX,CatchPositionY,CatchPositionZ,ThrowPositionX,ThrowPositionY,ThrowPositionZ,BasePositionX,BasePositionY,BasePositionZ,ThrowTrajectoryXc0,ThrowTrajectoryXc1,ThrowTrajectoryXc2,ThrowTrajectoryYc0,ThrowTrajectoryYc1,ThrowTrajectoryYc2,ThrowTrajectoryZc0,ThrowTrajectoryZc1,ThrowTrajectoryZc2,PitchReleaseConfidence,PitchLocationConfidence,PitchMovementConfidence,HitLaunchConfidence,HitLandingConfidence,CatcherThrowCatchConfidence,CatcherThrowReleaseConfidence,CatcherThrowLocationConfidence
1,2025-02-01,18:01:55.22,1,1,"Miranda, Angel",1000118930,Right,SOU_UNI,"Shackelford, David",1000114732,Right,HOP_INT,Undefined,1,Top,0,0,0,Fastball,Four-Seam,BallCalled,Undefined,Undefined,Undefined,0,0,,92.18482,-4.636047,-4.882574,2386.875616,202.088606,12:45,6.00886,2.0514,7.40589,-9.94245,21.88454,8.39615,0.97393,-1.66397,83.07036,-6.661245,-3.341145,0.406041,,,,,,,,,,,,-6.11599,13.69115,-1.78774,50,5.75252,11.0756,-133.18397,-10.94189,-10.80406,33.00606,-7.9883,SOU_UNI,HOP_INT,TedABroerStadium,NAIA,NAIA,20250201-TedABroerStadium-1,88170e80-e0f0-11ef-bd34-fd2878f67622,92.82926,,,9.11446,,,,,,,78924947-b10b-4e7a-a348-8922e5fd05be,2025-02-01,23:01:55.22,2025-02-01T18:01:55.2235520-05:00,2025-02-01T23:01:55.2235520Z,,v3,,,,"McMullen, Brock",823662,Right,SOU_UNI,a96c9752-b425-49d6-afb5-999f7d551fe6,53.09052,-133.94768,16.50303,6.00356,-10.75706,-3.99415,-2.0469,11.32559,-5.40203,,,,,,,,,,,,,,,,,,,,,,,,,,,,,,,,,,,,,,,,,,,,,,,,,,,High,High,High,,,,,
2,2025-02-01,18:02:08.78,1,2,"Miranda, Angel",1000118930,Right,SOU_UNI,"Shackelford, David",1000114732,Right,HOP_INT,Undefined,1,Top,0,1,0,Fastball,Four-Seam,BallCalled,Undefined,Undefined,Undefined,0,0,,90.62866,-0.161468,-2.72452,2312.893201,202.397216,12:45,5.86852,2.31365,7.29049,-13.29268,19.35521,7.50367,4.61466,0.47393,81.69714,-2.816932,-1.343939,0.411244,,,,,,,,,,,,-4.87843,10.78894,-2.16178,50,5.85454,5.99133,-131.66296,-0.58771,-8.44172,31.66049,-13.50464,SOU_UNI,HOP_INT,TedABroerStadium,NAIA,NAIA,20250201-TedABroerStadium-1,90254830-e0f0-11ef-bd34-fd2878f67622,91.65478,,,8.93152,,,,,,,78924947-b10b-4e7a-a348-8922e5fd05be,2025-02-01,23:02:08.78,2025-02-01T18:02:08.7876608-05:00,2025-02-01T23:02:08.7876608Z,,v3,,,,"McMullen, Brock",823662,Right,SOU_UNI,febd69f8-08c9-46eb-a38c-67200f8adffe,53.20503,-132.43142,15.83025,5.86483,-0.25993,-6.75232,-2.30969,6.19623,-4.22086,,,,,,,,,,,,,,,,,,,,,,,,,,,,,,,,,,,,,,,,,,,,,,,,,,,High,High,High,,,,,
3,2025-02-01,18:02:26.81,1,3,"Miranda, Angel",1000118930,Right,SOU_UNI,"Shackelford, David",1000114732,Right,HOP_INT,Undefined,1,Top,0,2,0,Slider,Curveball,StrikeCalled,Undefined,Undefined,Undefined,0,0,,75.00807,2.066279,-0.3976,2482.330548,65.204035,8:15,5.97132,2.43632,6.3533,-56.0757,-6.45355,-17.79922,3.20108,0.58708,67.92253,-8.357258,-3.622866,0.507002,,,,,,,,,,,,9.06315,-3.4502,-2.40002,50,6.09617,1.37206,-108.895,2.31524,10.66279,22.72482,-36.23321,SOU_UNI,HOP_INT,TedABroerStadium,NAIA,NAIA,20250201-TedABroerStadium-1,9af56100-e0f0-11ef-bd34-fd2878f67622,74.34384,,,7.08553,,,,,,,78924947-b10b-4e7a-a348-8922e5fd05be,2025-02-01,23:02:26.81,2025-02-01T18:02:26.8191232-05:00,2025-02-01T23:02:26.8191232Z,,v3,,,,"McMullen, Brock",823662,Right,SOU_UNI,62234fa1-7d0e-4e2f-a981-9da4c887fb61,54.14615,-109.75683,11.36241,5.98231,3.68937,-18.1166,-2.44439,0.96768,5.33139,,,,,,,,,,,,,,,,,,,,,,,,,,,,,,,,,,,,,,,,,,,,,,,,,,,High,High,High,,,,,
4,2025-02-01,18:02:40.63,1,4,"Miranda, Angel",1000118930,Right,SOU_UNI,"Shackelford, David",1000114732,Right,HOP_INT,Undefined,1,Top,0,2,1,Fastball,Four-Seam,StrikeCalled,Undefined,Undefined,Undefined,0,0,,91.37943,-2.841102,-3.268709,2364.632111,199.428086,12:45,6.02639,2.21836,7.53528,-13.26146,18.61107,6.16489,2.35858,-0.21227,82.6651,-5.481283,-2.129835,0.406331,,,,,,,,,,,,-4.3613,11.33898,-2.04927,50,5.8743,7.35675,-132.60108,-6.79785,-7.66306,31.83341,-12.25084,SOU_UNI,HOP_INT,TedABroerStadium,NAIA,NAIA,20250201-TedABroerStadium-1,a32c5860-e0f0-11ef-bd34-fd2878f67622,92.76298,,,8.71433,,,,,,,78924947-b10b-4e7a-a348-8922e5fd05be,2025-02-01,23:02:40.63,2025-02-01T18:02:40.6384128-05:00,2025-02-01T23:02:40.6384128Z,,v3,,,,"McMullen, Brock",823662,Right,SOU_UNI,e5153bec-e701-4cd0-8a01-eed1c7b9e71d,52.96068,-133.30996,15.9167,6.02264,-6.52504,-6.12542,-2.215,7.52739,-3.83153,,,,,,,,,,,,,,,,,,,,,,,,,,,,,,,,,,,,,,,,,,,,,,,,,,,High,High,High,,,,,
5,2025-02-01,18:02:54.47,1,5,"Miranda, Angel",1000118930,Right,SOU_UNI,"Shackelford, David",1000114732,Right,HOP_INT,Undefined,1,Top,0,2,2,Slider,Slider,BallCalled,Undefined,Undefined,Undefined,0,0,,79.61164,0.800286,-1.832957,2453.259194,107.777008,9:30,5.73467,2.24213,6.59873,-38.02435,5.11378,-11.60627,3.29958,-0.40489,72.70919,-6.334188,-3.941811,0.472718,,,,,,,,,,,,5.52229,2.90284,-2.11293,50,5.77396,4.10623,-115.68221,0.56823,7.43,23.01504,-28.26841,SOU_UNI,HOP_INT,TedABroerStadium,NAIA,NAIA,20250201-TedABroerStadium-1,ab6d61e0-e0f0-11ef-bd34-fd2878f67622,79.7356,,,6.90245,,,,,,,78924947-b10b-4e7a-a348-8922e5fd05be,2025-02-01,23:02:54.47,2025-02-01T18:02:54.4754176-05:00,2025-02-01T23:02:54.4754176Z,,v3,,,,"McMullen, Brock",823662,Right,SOU_UNI,e94dc04c-d5b3-4ef9-bfae-83abd113f709,53.89901,-116.45534,11.50752,5.73892,1.51783,-14.1342,-2.24668,3.85664,3.715,,,,,,,,,,,,,,,,,,,,,,,,,,,,,,,,,,,,,,,,,,,,,,,,,,,High,High,High,,,,,
6,2025-02-01,18:03:10.86,1,6,"Miranda, Angel",1000118930,Right,SOU_UNI,"Shackelford, David",1000114732,Right,HOP_INT,Undefined,1,Top,0,3,2,Fastball,Four-Seam,HitByPitch,Undefined,Undefined,Undefined,0,0,,89.98034,-0.519978,-0.590397,2280.247898,194.737266,12:30,6.02953,2.25205,7.37531,-13.33694,19.79832,4.88697,4.44876,2.1264,80.74575,-3.2009,0.311766,0.414302,51.10747,24.313145,158.518859,4052.538548,,,,99.24559,28.7365,169.13251,1.79559,-2.83347,11.22808,-2.22055,50,5.99649,1.17559,-130.82629,-1.39408,-4.80787,32.99122,-13.12202,SOU_UNI,HOP_INT,TedABroerStadium,NAIA,NAIA,20250201-TedABroerStadium-1,b52e7bb0-e0f0-11ef-bd34-fd2878f67622,90.97825,16.15067,,9.23458,,,,0.13363,4.366,-2.14303,78924947-b10b-4e7a-a348-8922e5fd05be,2025-02-01,23:03:10.86,2025-02-01T18:03:10.8651008-05:00,2025-02-01T23:03:10.8651008Z,LineDrive,v3,,,,"McMullen, Brock",823662,Right,SOU_UNI,0d8b8613-c5ee-4a20-a9ce-a26895ea4cb8,53.12033,-131.6108,16.49561,6.02594,-1.08204,-6.56101,-2.24986,1.28991,-2.40394,289.316896,0.12419,-63.47742,5.08113,,,,,,,4.75036,27.88043,-17.10397,,,,,,,-1.71408,21.5578,-5.7731,,,,,,,,,,,,,,,,,,,,,,,,,,,,,High,High,High,High,Low,,,
7,2025-02-01,18:04:30.44,2,1,"Miranda, Angel",1000118930,Right,SOU_UNI,"Boston, Trotter",1000269934,Left,HOP_INT,Undefined,1,Top,0,0,0,Curveball,Curveball,StrikeCalled,Undefined,Undefined,Undefined,0,0,,71.93905,2.134766,0.543597,2568.963422,48.350002,7:30,5.92277,2.14759,6.58152,-66.93374,-12.67024,-16.69788,2.30235,1.25429,64.46428,-10.354151,-2.501242,0.530182,,,,,,,,,,,,8.86611,-6.65863,-2.17919,50,6.04383,-0.43733,-104.36823,2.06409,9.4244,23.4984,-39.25193,SOU_UNI,HOP_INT,TedABroerStadium,NAIA,NAIA,20250201-TedABroerStadium-1,e4a62000-e0f0-11ef-bd34-fd2878f67622,71.09336,,,7.47477,,,,,,,78924947-b10b-4e7a-a348-8922e5fd05be,2025-02-01,23:04:30.44,2025-02-01T18:04:30.4480768-05:00,2025-02-01T23:04:30.4480768Z,,v3,,,,"McMullen, Brock",823662,Right,SOU_UNI,97c0e161-4bba-4a01-88d9-fdb72deab275,53.91741,-105.24654,11.7492,5.93926,3.53122,-19.62597,-2.15626,-0.78959,4.7122,,,,,,,,,,,,,,,,,,,,,,,,,,,,,,,,,,,,,,,,,,,,,,,,,,,High,High,High,,,,,
8,2025-02-01,18:04:48.71,2,2,"Miranda, Angel",1000118930,Right,SOU_UNI,"Boston, Trotter",1000269934,Left,HOP_INT,Undefined,1,Top,0,0,1,Curveball,Curveball,BallCalled,Undefined,Undefined,Undefined,0,0,,74.48407,0.106143,-0.244385,2598.677523,36.627407,7:15,5.92071,2.5521,6.63191,-66.02228,-15.25379,-12.90572,0.51604,1.25287,66.78798,-12.162938,-2.606909,0.512824,,,,,,,,,,,,6.68071,-7.44063,-2.53103,50,5.90307,0.88635,-108.10639,-1.63466,7.56244,26.46346,-40.59671,SOU_UNI,HOP_INT,TedABroerStadium,NAIA,NAIA,20250201-TedABroerStadium-1,ef90c5b0-e0f0-11ef-bd34-fd2878f67622,73.49975,,,7.69609,,,,,,,78924947-b10b-4e7a-a348-8922e5fd05be,2025-02-01,23:04:48.71,2025-02-01T18:04:48.7151104-05:00,2025-02-01T23:04:48.7151104Z,,v3,,,,"McMullen, Brock",823662,Right,SOU_UNI,cfdc3845-d30f-4a89-89c4-afc4a7022b6c,53.86738,-109.04898,13.23173,5.93554,-0.18867,-20.29835,-2.55781,0.61699,3.78122,,,,,,,,,,,,,,,,,,,,,,,,,,,,,,,,,,,,,,,,,,,,,,,,,,,High,High,High,,,,,
9,2025-02-01,18:05:16.82,2,3,"Miranda, Angel",1000118930,Right,SOU_UNI,"Boston, Trotter",1000269934,Left,HOP_INT,Undefined,1,Top,0,1,1,Fastball,Four-Seam,BallCalled,Undefined,Undefined,Undefined,0,0,,90.25095,-1.492112,-0.982554,2357.860613,198.802552,12:45,6.01321,2.52154,7.29416,-11.42213,21.56793,6.93367,3.71199,2.21103,81.18725,-3.807892,0.295321,0.413393,,,,,,,,,,,,-4.02792,12.42859,-2.46752,50,5.92491,1.99624,-131.16126,-3.56018,-6.89072,32.38618,-10.91192,SOU_UNI,HOP_INT,TedABroerStadium,NAIA,NAIA,20250201-TedABroerStadium-1,003d1d00-e0f1-11ef-bd34-fd2878f67622,91.17825,,,9.06369,,,,,,,78924947-b10b-4e7a-a348-8922e5fd05be,2025-02-01,23:05:16.82,2025-02-01T18:05:16.8229888-05:00,2025-02-01T23:05:16.8229888Z,,v3,,,,"McMullen, Brock",823662,Right,SOU_UNI,0c499233-5dd0-424a-95e2-1a45a03bd268,53.20086,-131.94924,16.19309,6.0083,-3.29469,-5.45596,-2.51813,2.1639,-3.44536,,,,,,,,,,,,,,,,,,,,,,,,,,,,,,,,,,,,,,,,,,,,,,,,,,,High,High,High,,,,,
10,2025-02-01,18:05:40.83,2,4,"Miranda, Angel",1000118930,Right,SOU_UNI,"Boston, Trotter",1000269934,Left,HOP_INT,Undefined,1,Top,0,2,1,Slider,Slider,StrikeCalled,Undefined,Undefined,Undefined,0,0,,76.90421,1.065708,-0.919989,2452.66822,107.263038,9:30,5.76156,2.51674,6.55582,-40.52573,6.24866,-14.73839,3.36179,0.44494,69.52153,-6.56863,-3.598091,0.492238,,,,,,,,,,,,7.34276,3.47394,-2.44817,50,5.81865,2.30655,-111.65016,0.99095,9.10159,23.48193,-27.86801,SOU_UNI,HOP_INT,TedABroerStadium,NAIA,NAIA,20250201-TedABroerStadium-1,0e9a0610-e0f1-11ef-bd34-fd2878f67622,76.57356,,,7.38269,,,,,,,78924947-b10b-4e7a-a348-8922e5fd05be,2025-02-01,23:05:40.83,2025-02-01T18:05:40.8305152-05:00,2025-02-01T23:05:40.8305152Z,,v3,,,,"McMullen, Brock",823662,Right,SOU_UNI,8ed1f8a2-5d3a-44ec-85a1-e323bdd51b0f,53.93965,-112.47568,11.74096,5.76659,1.97067,-13.934,-2.52363,1.98658,4.55079,,,,,,,,,,,,,,,,,,,,,,,,,,,,,,,,,,,,,,,,,,,,,,,,,,,High,High,High,,,,,
11,2025-02-01,18:06:03.12,2,5,"Miranda, Angel",1000118930,Right,SOU_UNI,"Boston, Trotter",1000269934,Left,HOP_INT,Undefined,1,Top,0,2,2,Fastball,Four-Seam,FoulBallNotFieldable,Undefined,Undefined,Undefined,0,0,,91.20718,-2.921776,-2.245374,2328.79536,197.735391,12:30,5.95787,2.19622,7.37207,-10.80331,21.47308,6.48729,2.41595,0.70901,82.15074,-5.114536,-1.049161,0.408897,68.33093,32.802512,-148.29367,3709.419582,,,,,21.18514,,,-4.24492,12.92544,-2.0744,50,5.79372,4.96215,-132.39853,-6.89742,-7.40078,32.96115,-9.63934,SOU_UNI,HOP_INT,TedABroerStadium,NAIA,NAIA,20250201-TedABroerStadium-1,1bd9e660-e0f1-11ef-bd34-fd2878f67622,92.18074,14.52212,,9.05645,,,,0.66666,2.37779,-0.68223,78924947-b10b-4e7a-a348-8922e5fd05be,2025-02-01,23:06:03.12,2025-02-01T18:06:03.1299584-05:00,2025-02-01T23:06:03.1299584Z,,v3,,,,"McMullen, Brock",823662,Right,SOU_UNI,9e071e54-8743-4c60-a750-3cb4ceba1d59,53.12468,-133.17416,16.48057,5.95336,-6.67059,-4.81967,-2.19322,5.1363,-3.70039,,0.66857,-71.76388,3.56907,,,,,,,2.38295,54.03179,-30.39827,,,,,,,-0.68697,-44.0325,16.38904,,,,,,,,,,,,,,,,,,,,,,,,,,,,,High,High,High,High,Undefined,,,
12,2025-02-01,18:06:28.40,2,6,"Miranda, Angel",1000118930,Right,SOU_UNI,"Boston, Trotter",1000269934,Left,HOP_INT,Undefined,1,Top,0,2,2,ChangeUp,Changeup,StrikeSwinging,Strikeout,Undefined,Undefined,0,0,,84.3493,-1.784186,-3.946585,1668.07607,257.74104,2:30,5.58671,2.49307,6.93952,-33.94939,4.17634,13.28453,1.12925,0.00225,76.96415,-8.174449,-1.517554,0.444407,,,,,,,,,,,,-8.30166,3.1461,-2.25091,50,5.46387,7.99095,-122.38314,-4.74199,-12.47467,26.22969,-27.44652,SOU_UNI,HOP_INT,TedABroerStadium,NAIA,NAIA,20250201-TedABroerStadium-1,2aeba080-e0f1-11ef-bd34-fd2878f67622,84.81522,,,7.38515,,,,,,,78924947-b10b-4e7a-a348-8922e5fd05be,2025-02-01,23:06:28.40,2025-02-01T18:06:28.4073984-05:00,2025-02-01T23:06:28.4073984Z,,v3,,,,"McMullen, Brock",823662,Right,SOU_UNI,b5d6ef4c-0011-4d71-bbd2-55509c2b90e6,53.55998,-123.14376,13.11484,5.58984,-3.94608,-13.72326,-2.48788,8.35269,-6.23734,,,,,,,,,,,,,,,,,,,,,,,,,,,,,,,,,,,,,,,,,,,,,,,,,,,High,High,High,,,,,
13,2025-02-01,18:06:59.38,3,1,"Miranda, Angel",1000118930,Right,SOU_UNI,"Harvey, Kyle",1000121326,Right,HOP_INT,Undefined,1,Top,1,0,0,Curveball,Curveball,HitByPitch,Undefined,Undefined,Undefined,0,0,,72.06536,3.50276,0.7148,2570.929756,52.199402,7:45,5.94851,2.35626,6.73054,-63.11507,-9.87658,-15.26253,3.89414,1.73763,64.9251,-8.319204,-2.069564,0.525151,,,,,,,,,,,,8.4028,-6.05933,-2.39767,50,6.15554,-0.84731,-104.58331,4.80341,9.07884,21.65963,-38.7209,SOU_UNI,HOP_INT,TedABroerStadium,NAIA,NAIA,20250201-TedABroerStadium-1,3d695c70-e0f1-11ef-bd34-fd2878f67622,71.77446,,,7.14026,,,,,,,78924947-b10b-4e7a-a348-8922e5fd05be,2025-02-01,23:06:59.38,2025-02-01T18:06:59.3869312-05:00,2025-02-01T23:06:59.3869312Z,,v3,,,,"McMullen, Brock",823662,Right,SOU_UNI,5509a936-061a-46fd-b1b8-83fb497d8112,53.77144,-105.3615,10.82981,5.95797,6.19457,-19.36045,-2.36136,-1.1735,4.53942,,,,,,,,,,,,,,,,,,,,,,,,,,,,,,,,,,,,,,,,,,,,,,,,,,,High,High,High,,,,,
14,2025-02-01,18:08:25.74,4,1,"Miranda, Angel",1000118930,Right,SOU_UNI,"Tostado, Mario",1000114481,Right,HOP_INT,Undefined,1,Top,1,0,0,Slider,Curveball,BallCalled,Undefined,Undefined,Undefined,0,0,,78.7908,-0.773198,-1.990257,2376.024528,58.786284,8:00,5.80031,2.49152,6.7383,-47.69621,-3.78189,-8.61437,1.11868,-0.04559,72.29622,-9.643455,-3.563859,0.476952,,,,,,,,,,,,3.94465,-1.32484,-2.35766,50,5.73179,4.26398,-114.53387,-2.86431,5.18265,23.30745,-33.9147,SOU_UNI,HOP_INT,TedABroerStadium,NAIA,NAIA,20250201-TedABroerStadium-1,70e523e0-e0f1-11ef-bd34-fd2878f67622,79.02779,,,6.49458,,,,,,,78924947-b10b-4e7a-a348-8922e5fd05be,2025-02-01,23:08:25.74,2025-02-01T18:08:25.7440256-05:00,2025-02-01T23:08:25.7440256Z,,v3,,,,"McMullen, Brock",823662,Right,SOU_UNI,1bacc2af-9ad8-428d-8feb-8efc48dfe612,53.76168,-115.29682,11.65373,5.80739,-1.75413,-16.95735,-2.49446,4.09433,2.59133,,,,,,,,,,,,,,,,,,,,,,,,,,,,,,,,,,,,,,,,,,,,,,,,,,,High,High,High,,,,,
15,2025-02-01,18:08:44.93,4,2,"Miranda, Angel",1000118930,Right,SOU_UNI,"Tostado, Mario",1000114481,Right,HOP_INT,Undefined,1,Top,1,1,0,Fastball,Four-Seam,InPlay,Undefined,FlyBall,Out,1,0,,89.75734,-2.937685,-2.067323,2278.710596,199.003196,12:45,5.93974,2.33537,7.3121,-14.92162,18.21773,5.88272,2.03745,0.95656,81.57895,-5.868638,-0.983268,0.414327,87.73763,49.988178,23.85499,,,,,,85.59535,,,-3.82236,11.09914,-2.22127,50,5.77089,4.5067,-130.38957,-6.98247,-6.51676,29.89348,-13.25099,SOU_UNI,HOP_INT,TedABroerStadium,NAIA,NAIA,20250201-TedABroerStadium-1,7c4a9ee0-e0f1-11ef-bd34-fd2878f67622,90.97264,94.06269,,8.17839,,,,1.63299,1.65893,-0.78632,78924947-b10b-4e7a-a348-8922e5fd05be,2025-02-01,23:08:44.93,2025-02-01T18:08:44.9350144-05:00,2025-02-01T23:08:44.9350144Z,,v3,,,,"McMullen, Brock",823662,Right,SOU_UNI,8a30247b-6b28-4f1f-8f73-19062a12c64a,53.18633,-131.11805,14.94674,5.93711,-6.65956,-6.6255,-2.33303,4.66551,-3.25838,,1.63299,75.66926,-22.72424,6.65349,-1.35708,-0.08335,0.29263,-0.14504,0.02652,1.65893,98.55766,-24.16145,2.01683,-0.30097,0.21956,-0.19408,0.08652,-0.01537,-0.78631,33.45911,0.78639,-1.21428,0.35561,0.07674,-0.14753,0.07169,-0.01305,,,,,,,,,,,,,,,,,,,,,,,High,High,High,Medium,Undefined,,,
16,2025-02-01,18:09:27.52,5,1,"Miranda, Angel",1000118930,Right,SOU_UNI,"Moran, Colby",1000403008,Left,HOP_INT,Undefined,1,Top,2,0,0,Curveball,Curveball,StrikeCalled,Undefined,Undefined,Undefined,0,0,,75.10609,1.514721,0.203784,2613.468614,56.47943,8:00,6.01787,2.38162,6.66324,-57.3218,-8.26138,-15.20902,2.62739,1.30067,67.8677,-9.194476,-2.572309,0.504123,,,,,,,,,,,,7.99579,-4.21067,-2.39044,50,6.09861,0.12404,-109.09318,1.29818,9.3994,23.5835,-37.1239,SOU_UNI,HOP_INT,TedABroerStadium,NAIA,NAIA,20250201-TedABroerStadium-1,95b6a590-e0f1-11ef-bd34-fd2878f67622,74.76827,,,7.23838,,,,,,,78924947-b10b-4e7a-a348-8922e5fd05be,2025-02-01,23:09:27.52,2025-02-01T18:09:27.5265536-05:00,2025-02-01T23:09:27.5265536Z,,v3,,,,"McMullen, Brock",823662,Right,SOU_UNI,d5faa7bf-87f1-4940-bb26-473d0880dca6,53.83551,-109.9192,11.79175,6.03037,2.59846,-18.56195,-2.38902,-0.20518,4.6997,,,,,,,,,,,,,,,,,,,,,,,,,,,,,,,,,,,,,,,,,,,,,,,,,,,High,High,High,,,,,
17,2025-02-01,18:09:50.20,5,2,"Miranda, Angel",1000118930,Right,SOU_UNI,"Moran, Colby",1000403008,Left,HOP_INT,Undefined,1,Top,2,0,1,Fastball,Four-Seam,BallCalled,Undefined,Undefined,Undefined,0,0,,91.46999,-2.973298,-1.091386,2334.834739,210.48832,1:00,5.88508,2.49024,7.3972,-15.05229,16.74611,9.21721,1.9453,2.27356,83.10826,-5.925639,0.611536,0.405858,,,,,,,,,,,,-5.29788,10.30079,-2.43234,50,5.71876,2.20564,-132.92554,-7.19533,-9.38496,31.13018,-13.92671,SOU_UNI,HOP_INT,TedABroerStadium,NAIA,NAIA,20250201-TedABroerStadium-1,a33a45a0-e0f1-11ef-bd34-fd2878f67622,92.87104,,,8.36173,,,,,,,78924947-b10b-4e7a-a348-8922e5fd05be,2025-02-01,23:09:50.20,2025-02-01T18:09:50.2014976-05:00,2025-02-01T23:09:50.2014976Z,,v3,,,,"McMullen, Brock",823662,Right,SOU_UNI,a368490d-d7a4-4cae-b77a-a70f63c55084,53.09978,-133.64952,15.56509,5.88233,-6.87144,-6.96335,-2.48617,2.4239,-4.69248,,,,,,,,,,,,,,,,,,,,,,,,,,,,,,,,,,,,,,,,,,,,,,,,,,,High,High,High,,,,,
18,2025-02-01,18:10:12.94,5,3,"Miranda, Angel",1000118930,Right,SOU_UNI,"Moran, Colby",1000403008,Left,HOP_INT,Undefined,1,Top,2,1,1,Curveball,Curveball,BallCalled,Undefined,Undefined,Undefined,0,0,,76.18503,0.594791,0.084562,2429.363767,63.435217,8:00,5.79605,2.51633,6.41407,-51.46054,-3.91327,-11.01028,2.05453,1.67655,69.63208,-8.958397,-1.915868,0.496289,,,,,,,,,,,,5.74016,-1.68083,-2.51791,50,5.81615,0.21532,-110.73833,-0.32619,7.04769,21.85169,-34.23776,SOU_UNI,HOP_INT,TedABroerStadium,NAIA,NAIA,20250201-TedABroerStadium-1,b0cb0510-e0f1-11ef-bd34-fd2878f67622,75.94864,,,6.55295,,,,,,,78924947-b10b-4e7a-a348-8922e5fd05be,2025-02-01,23:10:12.94,2025-02-01T18:10:12.9412096-05:00,2025-02-01T23:10:12.9412096Z,,v3,,,,"McMullen, Brock",823662,Right,SOU_UNI,52b689c5-3745-40ea-97eb-75056811869e,54.08508,-111.54151,10.92585,5.80501,0.93225,-17.11888,-2.52106,-0.04372,3.52385,,,,,,,,,,,,,,,,,,,,,,,,,,,,,,,,,,,,,,,,,,,,,,,,,,,High,High,High,,,,,
19,2025-02-01,18:10:34.31,5,4,"Miranda, Angel",1000118930,Right,SOU_UNI,"Moran, Colby",1000403008,Left,HOP_INT,Undefined,1,Top,2,2,1,Fastball,Four-Seam,FoulBallNotFieldable,Undefined,Undefined,Undefined,0,0,,90.07795,-1.935707,-3.239437,2330.286841,211.004575,1:00,5.97,2.25157,7.2857,-15.78969,17.00769,9.57587,2.90055,0.11748,82.12281,-5.022242,-1.478297,0.412184,,,,,,,,,,,,-6.11233,10.07256,-2.0712,50,5.85585,7.07662,-130.86996,-4.75235,-10.55362,28.76319,-14.78272,SOU_UNI,HOP_INT,TedABroerStadium,NAIA,NAIA,20250201-TedABroerStadium-1,bd7caf20-e0f1-11ef-bd34-fd2878f67622,91.44569,,,7.95514,,,,,,,78924947-b10b-4e7a-a348-8922e5fd05be,2025-02-01,23:10:34.31,2025-02-01T18:10:34.3151104-05:00,2025-02-01T23:10:34.3151104Z,,v3,,,,"McMullen, Brock",823662,Right,SOU_UNI,df75b106-0136-400f-9ffe-d401bae18299,53.21297,-131.57422,14.3816,5.96778,-4.39039,-7.39136,-2.24764,7.33503,-5.27681,,,,,,,,,,,,,,,,,,,,,,,,,,,,,,,,,,,,,,,,,,,,,,,,,,,High,High,High,,,,,
20,2025-02-01,18:10:57.64,5,5,"Miranda, Angel",1000118930,Right,SOU_UNI,"Moran, Colby",1000403008,Left,HOP_INT,Undefined,1,Top,2,2,2,ChangeUp,Changeup,StrikeCalled,Strikeout,Undefined,Undefined,0,0,,84.4799,-1.38508,-5.473876,1867.691849,236.04079,1:45,5.68047,2.71292,7.02294,-23.71206,14.49158,19.4571,2.43977,-0.65517,76.26257,-5.953526,-1.926782,0.444861,,,,,,,,,,,,-12.04308,8.57571,-2.38372,50,5.58777,11.03058,-122.26772,-3.52394,-17.98891,27.08958,-19.36438,SOU_UNI,HOP_INT,TedABroerStadium,NAIA,NAIA,20250201-TedABroerStadium-1,cb6b4600-e0f1-11ef-bd34-fd2878f67622,84.72865,,,8.21733,,,,,,,78924947-b10b-4e7a-a348-8922e5fd05be,2025-02-01,23:10:57.64,2025-02-01T18:10:57.6459776-05:00,2025-02-01T23:10:57.6459776Z,,v3,,,,"McMullen, Brock",823662,Right,SOU_UNI,c65d07dd-a2ef-49d0-9d33-464b83b244be,53.47437,-123.03509,13.54479,5.67983,-2.9754,-9.68219,-2.7034,11.54016,-8.99445,,,,,,,,,,,,,,,,,,,,,,,,,,,,,,,,,,,,,,,,,,,,,,,,,,,High,High,High,,,,,
21,2025-02-01,18:14:23.12,1,1,"Tostado, Mario",1000114481,Right,HOP_INT,"Streuer, Nick",1000220618,Left,SOU_UNI,Undefined,1,Bottom,0,0,0,Fastball,Four-Seam,BallCalled,Undefined,Undefined,Undefined,0,0,,91.70198,-3.121597,-3.731148,2464.115559,205.629614,12:45,5.70665,1.08001,6.16992,-11.91753,21.51013,9.73855,1.82134,-1.55951,82.80473,-5.466399,-1.979859,0.416125,,,,,,,,,,,,-6.13863,12.38792,-0.80171,50,5.46318,8.22575,-132.65054,-7.50387,-10.81335,31.38817,-10.35243,SOU_UNI,HOP_INT,TedABroerStadium,NAIA,NAIA,20250201-TedABroerStadium-1,45d921a0-e0f2-11ef-bd34-fd2878f67622,90.5795,,,8.89725,,,,,,,78924947-b10b-4e7a-a348-8922e5fd05be,2025-02-01,23:14:23.12,2025-02-01T18:14:23.1277568-05:00,2025-02-01T23:14:23.1277568Z,,v3,,,,"Chavez, Josiah ",701638,Right,HOP_INT,690e3728-1b0b-4a7e-aaff-2f7ec5f17510,54.3252,-133.67006,15.69409,5.70146,-7.16762,-5.17621,-1.0746,8.57699,-5.40668,,,,,,,,,,,,,,,,,,,,,,,,,,,,,,,,,,,,,,,,,,,,,,,,,,,High,High,High,,,,,
22,2025-02-01,18:14:38.13,1,2,"Tostado, Mario",1000114481,Right,HOP_INT,"Streuer, Nick",1000220618,Left,SOU_UNI,Undefined,1,Bottom,0,1,0,Fastball,Four-Seam,FoulBallNotFieldable,Undefined,Undefined,Undefined,0,0,,90.87384,-2.455816,-2.49143,2401.70598,203.108823,12:45,5.71382,1.01691,6.03439,-12.58036,21.61958,8.6893,2.38784,-0.56749,81.8483,-4.925847,-0.929812,0.420905,,,,,,,,,,,,-5.27666,12.27981,-0.82699,50,5.51513,5.3573,-131.64259,-5.94724,-9.11881,31.90971,-10.95277,SOU_UNI,HOP_INT,TedABroerStadium,NAIA,NAIA,20250201-TedABroerStadium-1,4ed60110-e0f2-11ef-bd34-fd2878f67622,89.55098,,,9.02555,,,,,,,78924947-b10b-4e7a-a348-8922e5fd05be,2025-02-01,23:14:38.13,2025-02-01T18:14:38.1337600-05:00,2025-02-01T23:14:38.1337600Z,,v3,,,,"Chavez, Josiah ",701638,Right,HOP_INT,df7c58de-1d5a-4b8d-a268-5c51d9cc0a73,54.46234,-132.71984,15.95486,5.70967,-5.57748,-5.47638,-1.01305,5.66514,-4.5594,,,,,,,,,,,,,,,,,,,,,,,,,,,,,,,,,,,,,,,,,,,,,,,,,,,High,High,High,,,,,
23,2025-02-01,18:15:07.63,1,3,"Tostado, Mario",1000114481,Right,HOP_INT,"Streuer, Nick",1000220618,Left,SOU_UNI,Undefined,1,Bottom,0,1,1,Fastball,Four-Seam,BallCalled,Undefined,Undefined,Undefined,0,0,,92.02803,-3.636053,-2.411602,2519.49174,189.395999,12:15,5.84671,0.70834,6.15788,-11.28052,22.01076,3.43697,1.54004,-1.23449,82.89013,-5.865333,-1.792623,0.415276,,,,,,,,,,,,-2.55807,12.9106,-0.5269,50,5.56427,5.46216,-133.18183,-8.7098,-4.52036,32.91541,-9.35982,SOU_UNI,HOP_INT,TedABroerStadium,NAIA,NAIA,20250201-TedABroerStadium-1,60698410-e0f2-11ef-bd34-fd2878f67622,90.76481,,,9.13791,,,,,,,78924947-b10b-4e7a-a348-8922e5fd05be,2025-02-01,23:15:07.63,2025-02-01T18:15:07.6384768-05:00,2025-02-01T23:15:07.6384768Z,,v3,,,,"Chavez, Josiah ",701638,Right,HOP_INT,10495770-387f-4a1e-bdc6-0ff9067c2db0,54.33823,-134.24973,16.45771,5.84192,-8.40614,-4.67991,-0.70649,5.60882,-2.26018,,,,,,,,,,,,,,,,,,,,,,,,,,,,,,,,,,,,,,,,,,,,,,,,,,,High,High,High,,,,,
24,2025-02-01,18:15:20.36,1,4,"Tostado, Mario",1000114481,Right,HOP_INT,"Streuer, Nick",1000220618,Left,SOU_UNI,Undefined,1,Bottom,0,2,1,Fastball,Four-Seam,InPlay,Undefined,GroundBall,Out,1,0,,91.64884,-2.722403,-1.015572,2504.153276,195.623192,12:30,5.74793,0.85207,6.07334,-12.2406,21.30816,5.61437,2.20651,0.38011,82.58058,-5.12645,-0.004619,0.416879,98.86652,2.510767,-10.356871,1448.872444,,,,73.97213,70.76807,-12.906561,0.540958,-3.23229,12.23579,-0.77648,50,5.53071,2.11657,-132.85036,-6.60707,-5.6851,32.66861,-10.65318,SOU_UNI,HOP_INT,TedABroerStadium,NAIA,NAIA,20250201-TedABroerStadium-1,67fac590-e0f2-11ef-bd34-fd2878f67622,90.41584,2.64564,,9.06826,,,,0.96121,2.13943,-0.35743,78924947-b10b-4e7a-a348-8922e5fd05be,2025-02-01,23:15:20.36,2025-02-01T18:15:20.3625472-05:00,2025-02-01T23:15:20.3625472Z,GroundBall,v3,,,,"Chavez, Josiah ",701638,Right,HOP_INT,32c5fb6e-ba57-4b4e-81c5-f66c8583fefb,54.4237,-133.93375,16.3343,5.74396,-6.25378,-5.32659,-0.84979,2.30511,-2.84255,75.480787,0.98132,142.00604,-19.53412,,,,,,,2.15435,5.9813,-18.46695,,,,,,,-0.34105,-26.4529,-6.44767,,,,,,,,,,,,,,,,,,,,,,,,,,,,,High,High,High,High,High,,,
25,2025-02-01,18:16:03.22,2,1,"Tostado, Mario",1000114481,Right,HOP_INT,"Collins, Charlie",1000096340,Right,SOU_UNI,Undefined,1,Bottom,1,0,0,Fastball,Four-Seam,FoulBallFieldable,Undefined,Undefined,Undefined,0,0,,92.13083,-2.147343,-1.781002,2421.755686,193.435493,12:30,5.90985,0.62296,6.14531,-9.77717,23.13651,5.25319,3.10893,-0.58555,83.37691,-4.102792,-0.834471,0.412914,,,,,,,,,,,,-3.25421,12.93753,-0.48997,50,5.74105,3.93115,-133.64246,-5.19654,-5.82893,31.3803,-9.00044,SOU_UNI,HOP_INT,TedABroerStadium,NAIA,NAIA,20250201-TedABroerStadium-1,818a59d0-e0f2-11ef-bd34-fd2878f67622,91.28399,,,8.75392,,,,,,,78924947-b10b-4e7a-a348-8922e5fd05be,2025-02-01,23:16:03.22,2025-02-01T18:16:03.2230400-05:00,2025-02-01T23:16:03.2230400Z,,v3,,,,"Chavez, Josiah ",701638,Right,HOP_INT,650e4c8f-f792-43ac-9fb0-8496acd2af2e,54.35165,-134.66039,15.69015,5.90489,-4.90458,-4.50022,-0.62056,4.12023,-2.91446,,,,,,,,,,,,,,,,,,,,,,,,,,,,,,,,,,,,,,,,,,,,,,,,,,,High,High,High,,,,,
26,2025-02-01,18:16:23.17,2,2,"Tostado, Mario",1000114481,Right,HOP_INT,"Collins, Charlie",1000096340,Right,SOU_UNI,Undefined,1,Bottom,1,0,1,Slider,Curveball,BallCalled,Undefined,Undefined,Undefined,0,0,,78.65169,-0.443761,-0.470547,2587.640996,66.271194,8:15,5.44442,0.97257,5.33097,-51.22715,-4.48902,-13.93107,0.7591,-0.62987,71.67722,-9.747433,-2.952078,0.492048,,,,,,,,,,,,6.89359,-1.71331,-0.91947,50,5.36724,1.48415,-114.07978,-2.64669,8.93704,24.16456,-34.39526,SOU_UNI,HOP_INT,TedABroerStadium,NAIA,NAIA,20250201-TedABroerStadium-1,8d746e20-e0f2-11ef-bd34-fd2878f67622,76.60323,,,6.97447,,,,,,,78924947-b10b-4e7a-a348-8922e5fd05be,2025-02-01,23:16:23.17,2025-02-01T18:16:23.1718912-05:00,2025-02-01T23:16:23.1718912Z,,v3,,,,"Chavez, Josiah ",701638,Right,HOP_INT,aab44bf3-7137-4348-921b-f586493bbf31,55.16927,-115.16954,12.08228,5.45162,-1.09555,-17.19763,-0.97731,1.08112,4.46852,,,,,,,,,,,,,,,,,,,,,,,,,,,,,,,,,,,,,,,,,,,,,,,,,,,High,High,High,,,,,
27,2025-02-01,18:16:40.92,2,3,"Tostado, Mario",1000114481,Right,HOP_INT,"Collins, Charlie",1000096340,Right,SOU_UNI,Undefined,1,Bottom,1,1,1,Slider,Slider,BallCalled,Undefined,Undefined,Undefined,0,0,,80.53048,-0.849082,-1.238364,2597.104574,85.654037,8:45,5.37719,1.21059,5.47839,-43.42561,0.68701,-10.3928,0.96366,-0.81439,73.63228,-8.773607,-3.092283,0.478027,,,,,,,,,,,,4.90992,0.98256,-1.09445,50,5.27296,2.934,-116.84264,-3.2078,6.71937,24.08252,-30.82942,SOU_UNI,HOP_INT,TedABroerStadium,NAIA,NAIA,20250201-TedABroerStadium-1,98081a30-e0f2-11ef-bd34-fd2878f67622,78.84995,,,6.89819,,,,,,,78924947-b10b-4e7a-a348-8922e5fd05be,2025-02-01,23:16:40.92,2025-02-01T18:16:40.9289216-05:00,2025-02-01T23:16:40.9289216Z,,v3,,,,"Chavez, Josiah ",701638,Right,HOP_INT,69e005b6-7b2c-4750-9d51-e4b7a61b050c,55.02138,-117.87305,12.04126,5.38199,-1.8887,-15.41471,-1.21384,2.6465,3.35969,,,,,,,,,,,,,,,,,,,,,,,,,,,,,,,,,,,,,,,,,,,,,,,,,,,High,High,High,,,,,
28,2025-02-01,18:16:58.61,2,4,"Tostado, Mario",1000114481,Right,HOP_INT,"Collins, Charlie",1000096340,Right,SOU_UNI,Undefined,1,Bottom,1,2,1,Fastball,Four-Seam,InPlay,Undefined,GroundBall,Single,0,0,,90.47908,-1.346733,-0.089294,2373.310628,196.716318,12:30,5.80212,0.64831,6.20847,-13.69957,20.34434,5.75315,3.41728,1.04532,81.81124,-4.021188,0.94946,0.419944,76.26397,-13.672091,-47.436677,,,,,16.12864,15.46144,-46.231155,0.128458,-3.01335,11.31556,-0.64443,50,5.69416,-0.03247,-131.36164,-3.42092,-5.20321,30.89084,-12.63524,SOU_UNI,HOP_INT,TedABroerStadium,NAIA,NAIA,20250201-TedABroerStadium-1,a28e58c0-e0f2-11ef-bd34-fd2878f67622,89.75587,3.40947,,8.66784,,,,1.67659,3.40947,-1.32396,78924947-b10b-4e7a-a348-8922e5fd05be,2025-02-01,23:16:58.61,2025-02-01T18:16:58.6136576-05:00,2025-02-01T23:16:58.6136576Z,GroundBall,v3,,,,"Chavez, Josiah ",701638,Right,HOP_INT,2db77e13-f726-45f7-8779-d72acccb042c,54.28872,-132.36633,15.44542,5.79874,-3.00997,-6.31762,-0.64612,0.13676,-2.6016,180,1.67066,73.80142,,,,,,,,3.4116,-26.54146,,,,,,,,-1.3175,-80.36163,,,,,,,,,,,,,,,,,,,,,,,,,,,,,,High,High,High,Low,Low,,,
29,2025-02-01,18:17:41.99,3,1,"Tostado, Mario",1000114481,Right,HOP_INT,"Hicks, Connor",801360,Left,SOU_UNI,Undefined,1,Bottom,1,0,0,Fastball,Four-Seam,BallCalled,Undefined,Undefined,Undefined,0,0,,90.64512,-3.692942,-1.339657,2384.944396,203.218321,12:45,5.8453,0.7946,6.11601,-11.58678,22.47793,9.13233,1.45968,0.3168,82.28606,-5.964701,0.305866,0.420072,,,,,,,,,,,,-5.12229,13.07446,-0.69662,50,5.55574,2.69068,-131.36027,-8.73825,-8.8774,29.93958,-9.51477,SOU_UNI,HOP_INT,TedABroerStadium,NAIA,NAIA,20250201-TedABroerStadium-1,bc6afb90-e0f2-11ef-bd34-fd2878f67622,89.72849,,,8.35906,,,,,,,78924947-b10b-4e7a-a348-8922e5fd05be,2025-02-01,23:17:41.99,2025-02-01T18:17:41.9995648-05:00,2025-02-01T23:17:41.9995648Z,,v3,,,,"Chavez, Josiah ",701638,Right,HOP_INT,4b2ddc60-33e6-4d12-b723-a2b239a83328,54.38174,-132.35519,14.96979,5.84087,-8.42207,-4.75739,-0.79094,2.98568,-4.4387,,,,,,,,,,,,,,,,,,,,,,,,,,,,,,,,,,,,,,,,,,,,,,,,,,,High,High,High,,,,,
30,2025-02-01,18:17:57.96,3,2,"Tostado, Mario",1000114481,Right,HOP_INT,"Hicks, Connor",801360,Left,SOU_UNI,Undefined,1,Bottom,1,1,0,Fastball,Four-Seam,BallCalled,Undefined,Undefined,Undefined,0,0,,91.14122,-4.601527,-1.64528,2387.070674,197.618525,12:30,5.74252,0.74084,6.06173,-7.49575,26.41198,7.99953,0.84814,-0.11568,82.5175,-6.141341,-0.20636,0.419103,,,,,,,,,,,,-4.66831,15.4558,-0.61759,50,5.38092,3.45766,-131.90259,-10.72303,-8.13775,30.81685,-5.23171,SOU_UNI,HOP_INT,TedABroerStadium,NAIA,NAIA,20250201-TedABroerStadium-1,c5e96710-e0f2-11ef-bd34-fd2878f67622,89.93597,,,8.62373,,,,,,,78924947-b10b-4e7a-a348-8922e5fd05be,2025-02-01,23:17:57.96,2025-02-01T18:17:57.9696128-05:00,2025-02-01T23:17:57.9696128Z,,v3,,,,"Chavez, Josiah ",701638,Right,HOP_INT,5df0d4a2-a8b5-4e74-9978-7573909d45a2,54.43734,-132.93526,15.40843,5.73731,-10.54772,-2.61585,-0.73802,3.73036,-4.06888,,,,,,,,,,,,,,,,,,,,,,,,,,,,,,,,,,,,,,,,,,,,,,,,,,,High,High,High,,,,,
31,2025-02-01,18:18:17.62,3,3,"Tostado, Mario",1000114481,Right,HOP_INT,"Hicks, Connor",801360,Left,SOU_UNI,Undefined,1,Bottom,1,2,0,Fastball,Four-Seam,InPlay,Undefined,FlyBall,Out,1,0,,89.98646,-2.999869,-1.327203,2344.605775,193.474243,12:30,5.65121,0.91381,5.96362,-9.88965,24.91549,5.67343,2.04221,0.15575,81.41035,-4.977214,-0.308151,0.424613,,,,,,,,,,,,-3.33197,14.09824,-0.81176,50,5.40775,2.78283,-130.43418,-7.02687,-5.67865,30.17877,-8.1465,SOU_UNI,HOP_INT,TedABroerStadium,NAIA,NAIA,20250201-TedABroerStadium-1,d1a6c610-e0f2-11ef-bd34-fd2878f67622,88.76893,,,8.57611,,,,,,,78924947-b10b-4e7a-a348-8922e5fd05be,2025-02-01,23:18:17.62,2025-02-01T18:18:17.6268800-05:00,2025-02-01T23:18:17.6268800Z,,v3,,,,"Chavez, Josiah ",701638,Right,HOP_INT,dc83dcdf-d262-42a9-a6d9-2a63dcb4e1f9,54.53402,-131.47904,15.08938,5.64616,-6.74482,-4.07325,-0.91151,2.97944,-2.83932,,,,,,,,,,,,,,,,,,,,,,,,,,,,,,,,,,,,,,,,,,,,,,,,,,,High,High,High,,,,,
32,2025-02-01,18:18:54.57,4,1,"Tostado, Mario",1000114481,Right,HOP_INT,"Tassler, Peter",10061229,Right,SOU_UNI,Undefined,1,Bottom,2,0,0,Fastball,Four-Seam,StrikeCalled,Undefined,Undefined,Undefined,0,0,,90.36099,-2.475899,-0.011739,2456.953183,195.467229,12:30,5.93284,0.6822,6.03405,-9.55359,24.9984,6.56587,2.8426,1.21848,81.34692,-4.405592,1.169563,0.423066,,,,,,,,,,,,-3.3528,13.96847,-0.68464,50,5.73406,-0.25888,-130.98278,-5.81319,-5.73585,31.60536,-8.27729,SOU_UNI,HOP_INT,TedABroerStadium,NAIA,NAIA,20250201-TedABroerStadium-1,e7a878a0-e0f2-11ef-bd34-fd2878f67622,89.09353,,,9.01406,,,,,,,78924947-b10b-4e7a-a348-8922e5fd05be,2025-02-01,23:18:54.57,2025-02-01T18:18:54.5770000-05:00,2025-02-01T23:18:54.5770000Z,,v3,,,,"Chavez, Josiah ",701638,Right,HOP_INT,76f0778e-1540-4b0b-ad26-f0a0fc2cc4a1,54.46082,-132.05476,15.80268,5.92646,-5.53244,-4.13865,-0.67916,-0.06434,-2.86792,,,,,,,,,,,,,,,,,,,,,,,,,,,,,73.13306,2.750637,1.37344,1.377197,-1.24936,2.63407,-1.27429,-2.70908,6.33075,1.10159,127.27782,-1.95191,2.44159,-2.58266,105.49611,-8.25959,6.33707,8.93123,-10.86795,1.05704,-2.22016,2.38499,High,High,High,,,Medium,High,Medium
33,2025-02-01,18:19:25.79,4,2,"Tostado, Mario",1000114481,Right,HOP_INT,"Tassler, Peter",10061229,Right,SOU_UNI,Undefined,1,Bottom,2,0,1,Fastball,Four-Seam,BallCalled,Undefined,Undefined,Undefined,0,0,,92.10281,-3.927694,-1.453966,2446.240013,192.545024,12:30,5.8973,0.56853,6.05985,-6.57343,26.70785,5.66898,1.70736,-0.30506,83.00762,-5.310602,-0.434216,0.415213,,,,,,,,,,,,-3.3639,15.31166,-0.45857,50,5.58816,3.13547,-133.32042,-9.19296,-5.97116,32.34196,-4.99467,SOU_UNI,HOP_INT,TedABroerStadium,NAIA,NAIA,20250201-TedABroerStadium-1,fa49e930-e0f2-11ef-bd34-fd2878f67622,90.77849,,,9.09519,,,,,,,78924947-b10b-4e7a-a348-8922e5fd05be,2025-02-01,23:19:25.79,2025-02-01T18:19:25.7966592-05:00,2025-02-01T23:19:25.7966592Z,,v3,,,,"Chavez, Josiah ",701638,Right,HOP_INT,f88605ac-5394-4cfb-9729-e1a4bcca3850,54.43603,-134.39224,16.17098,5.89007,-9.02743,-2.49734,-0.56576,3.33335,-2.98558,,,,,,,,,,,,,,,,,,,,,,,,,,,,,,,,,,,,,,,,,,,,,,,,,,,High,High,High,,,,,
34,2025-02-01,18:19:49.23,4,3,"Tostado, Mario",1000114481,Right,HOP_INT,"Tassler, Peter",10061229,Right,SOU_UNI,Undefined,1,Bottom,2,1,1,Fastball,Four-Seam,BallCalled,Undefined,Undefined,Undefined,0,0,,91.01237,-1.669379,0.837904,2496.186492,188.905791,12:15,6.0196,0.51763,5.98875,-7.89473,26.08139,3.8987,3.81394,1.61914,82.14211,-3.293946,1.538528,0.419525,,,,,,,,,,,,-1.72748,14.2182,-0.58577,50,5.88338,-2.10142,-132.02086,-3.93861,-3.0129,31.20219,-7.37617,SOU_UNI,HOP_INT,TedABroerStadium,NAIA,NAIA,20250201-TedABroerStadium-1,08429230-e0f3-11ef-bd34-fd2878f67622,89.84543,,,8.87027,,,,,,,78924947-b10b-4e7a-a348-8922e5fd05be,2025-02-01,23:19:49.23,2025-02-01T18:19:49.2355584-05:00,2025-02-01T23:19:49.2355584Z,,v3,,,,"Chavez, Josiah ",701638,Right,HOP_INT,c2aadc67-b81e-4b6a-a650-ebdac1a70cf8,54.50687,-133.08177,15.6011,6.01303,-3.68781,-3.68808,-0.51606,-1.99898,-1.50645,,,,,,,,,,,,,,,,,,,,,,,,,,,,,,,,,,,,,,,,,,,,,,,,,,,High,High,High,,,,,
35,2025-02-01,18:20:08.44,4,4,"Tostado, Mario",1000114481,Right,HOP_INT,"Tassler, Peter",10061229,Right,SOU_UNI,Undefined,1,Bottom,2,2,1,Slider,Slider,BallCalled,Undefined,Undefined,Undefined,0,0,,80.18302,-1.95317,-1.977194,2652.140392,77.819576,8:30,5.40474,1.14871,5.67471,-45.27845,-0.83063,-10.97875,-0.19114,-1.6102,73.27945,-10.206486,-3.94338,0.47984,,,,,,,,,,,,5.03922,0.52307,-0.97454,50,5.21101,4.42321,-116.24816,-5.44615,6.78543,25.04149,-31.46974,SOU_UNI,HOP_INT,TedABroerStadium,NAIA,NAIA,20250201-TedABroerStadium-1,13b8af00-e0f3-11ef-bd34-fd2878f67622,78.55208,,,6.90357,,,,,,,78924947-b10b-4e7a-a348-8922e5fd05be,2025-02-01,23:20:08.44,2025-02-01T18:20:08.4485632-05:00,2025-02-01T23:20:08.4485632Z,,v3,,,,"Chavez, Josiah ",701638,Right,HOP_INT,fa543ebd-7733-4b15-896c-b21b73968119,54.82602,-117.28314,12.52075,5.40923,-4.14548,-15.73487,-1.15156,4.14277,3.39271,,,,,,,,,,,,,,,,,,,,,,,,,,,,,,,,,,,,,,,,,,,,,,,,,,,High,High,High,,,,,
36,2025-02-01,18:20:41.20,4,5,"Tostado, Mario",1000114481,Right,HOP_INT,"Tassler, Peter",10061229,Right,SOU_UNI,Undefined,1,Bottom,2,3,1,Fastball,Four-Seam,InPlay,Undefined,LineDrive,Out,1,0,,91.02897,-2.452744,0.011368,2406.33277,195.243118,12:30,5.93767,0.37177,6.28073,-11.57249,21.91852,5.65843,2.71123,0.85378,82.56029,-4.733202,1.034339,0.416519,100.63703,13.489725,-19.635497,1226.516273,101.51152,22.30342,-42.3706,281.39405,269.4427,-26.388761,2.660591,-2.93977,12.48068,-0.37526,50,5.75088,-0.25815,-132.12937,-5.90819,-5.15035,30.51237,-10.30847,SOU_UNI,HOP_INT,TedABroerStadium,NAIA,NAIA,20250201-TedABroerStadium-1,27371210-e0f3-11ef-bd34-fd2878f67622,90.49382,24.54995,,8.46868,,,,1.06556,2.76605,-0.88347,78924947-b10b-4e7a-a348-8922e5fd05be,2025-02-01,23:20:41.20,2025-02-01T18:20:41.2029952-05:00,2025-02-01T23:20:41.2029952Z,LineDrive,v3,,,,"Chavez, Josiah ",701638,Right,HOP_INT,0470ca79-1c73-4128-9d05-edfcc7e8af48,54.21687,-133.0996,15.25618,5.93354,-5.5804,-5.15424,-0.36965,-0.09438,-2.57517,132.638479,1.06556,135.18226,-25.80494,6.3187,-1.38404,0.27345,-0.04798,0.00627,-0.0004,2.76604,34.43123,-13.36233,-0.57218,0.43718,-0.14211,0.03211,-0.00422,0.00025,-0.88346,-48.23095,-0.89247,1.30895,-0.5216,0.14648,-0.03036,0.00404,-0.00025,,,,,,,,,,,,,,,,,,,,,,,High,High,High,High,High,,,
37,2025-02-01,18:22:41.02,1,1,"Miranda, Angel",1000118930,Right,SOU_UNI,"Chavez, Josiah ",701638,Left,HOP_INT,Undefined,2,Top,0,0,0,Fastball,Four-Seam,BallCalled,Undefined,Undefined,Undefined,0,0,,90.51756,-0.763062,-1.738575,2229.819803,202.075266,12:45,5.96358,2.56388,7.56275,-11.45418,21.01324,8.04308,4.32247,1.67012,81.34287,-3.097649,-0.2492,0.410105,,,,,,,,,,,,-4.91288,11.99501,-2.47518,50,5.92,3.7114,-131.6001,-1.87778,-8.45485,32.78942,-11.53119,SOU_UNI,HOP_INT,TedABroerStadium,NAIA,NAIA,20250201-TedABroerStadium-1,6ea88f70-e0f3-11ef-bd34-fd2878f67622,91.90919,,,9.1747,,,,,,,78924947-b10b-4e7a-a348-8922e5fd05be,2025-02-01,23:22:41.02,2025-02-01T18:22:41.0298368-05:00,2025-02-01T23:22:41.0298368Z,,v3,,,,"McMullen, Brock",823662,Right,SOU_UNI,d6f87ed1-1a35-4e77-9a74-d79d3928b22d,52.93222,-132.32867,16.39471,5.95887,-1.62156,-5.7656,-2.55974,3.89926,-4.22743,,,,,,,,,,,,,,,,,,,,,,,,,,,,,,,,,,,,,,,,,,,,,,,,,,,High,High,High,,,,,
38,2025-02-01,18:22:55.64,1,2,"Miranda, Angel",1000118930,Right,SOU_UNI,"Chavez, Josiah ",701638,Left,HOP_INT,Undefined,2,Top,0,1,0,Slider,Curveball,InPlay,Undefined,LineDrive,Out,1,0,,75.66548,0.740922,-1.27295,2595.942557,59.268207,8:00,5.98651,2.43862,6.63929,-56.22161,-7.79567,-16.103,1.97986,-0.0688,68.53082,-9.734096,-4.209543,0.500853,85.54345,25.016976,-0.260418,,109.79901,40.91163,-6.64181,295.07641,289.36554,-8.769109,3.676593,8.05288,-3.88512,-2.34675,50,6.01465,2.96589,-109.91704,-0.11333,9.59367,24.24118,-36.80255,SOU_UNI,HOP_INT,TedABroerStadium,NAIA,NAIA,20250201-TedABroerStadium-1,77672d60-e0f3-11ef-bd34-fd2878f67622,75.25648,46.97033,,7.13467,,,,1.93774,2.06956,0.07867,78924947-b10b-4e7a-a348-8922e5fd05be,2025-02-01,23:22:55.64,2025-02-01T18:22:55.6461056-05:00,2025-02-01T23:22:55.6461056Z,LineDrive,v3,,,,"McMullen, Brock",823662,Right,SOU_UNI,abe86032-9fb7-4860-8d0f-c5ba2ffe069f,53.86093,-110.76526,12.12059,5.99609,1.17442,-18.40127,-2.44465,2.6302,4.79684,136.892485,1.93733,113.70344,-17.5352,3.91196,-0.82919,0.1723,-0.03171,0.00381,-0.00019,2.07006,53.04194,-16.98802,0.9652,-0.16283,0.04221,-0.0122,0.00274,-0.00026,0.07842,-0.50877,-6.68202,1.7724,-0.36963,0.0559,-0.00564,0.00036,-1E-05,,,,,,,,,,,,,,,,,,,,,,,High,High,High,High,High,,,
39,2025-02-01,18:23:25.44,2,1,"Miranda, Angel",1000118930,Right,SOU_UNI,"Chun-Ming, Branden",1000399900,Right,HOP_INT,Undefined,2,Top,1,0,0,Slider,Slider,StrikeCalled,Undefined,Undefined,Undefined,0,0,,79.78941,-0.781318,-2.006518,2453.506705,110.00322,9:45,5.73614,2.33283,6.81911,-37.86077,4.65772,-9.06508,1.8678,-0.25388,73.21605,-7.882009,-3.662295,0.469311,,,,,,,,,,,,4.22851,3.11071,-2.2007,50,5.67209,4.36059,-116.0061,-2.58001,5.72691,22.94274,-27.96101,SOU_UNI,HOP_INT,TedABroerStadium,NAIA,NAIA,20250201-TedABroerStadium-1,89282900-e0f3-11ef-bd34-fd2878f67622,80.3145,,,6.57336,,,,,,,78924947-b10b-4e7a-a348-8922e5fd05be,2025-02-01,23:23:25.44,2025-02-01T18:23:25.4422016-05:00,2025-02-01T23:23:25.4422016Z,,v3,,,,"McMullen, Brock",823662,Right,SOU_UNI,710241f3-0bf0-42a8-8d15-c5b768f98e2e,53.68007,-116.73164,11.47137,5.7397,-1.69577,-13.9805,-2.33573,4.17948,2.86346,,,,,,,,,,,,,,,,,,,,,,,,,,,,,,,,,,,,,,,,,,,,,,,,,,,High,High,High,,,,,
40,2025-02-01,18:23:38.94,2,2,"Miranda, Angel",1000118930,Right,SOU_UNI,"Chun-Ming, Branden",1000399900,Right,HOP_INT,Undefined,2,Top,1,0,1,Slider,Slider,BallCalled,Undefined,Undefined,Undefined,0,0,,79.00884,-0.471736,-3.165172,2475.31402,112.477918,9:45,5.77633,2.41333,6.72345,-38.13825,5.8767,-10.51768,2.16632,-1.35896,71.85351,-7.634987,-5.07804,0.477498,,,,,,,,,,,,4.51508,3.73331,-2.20067,50,5.7308,6.69477,-114.63977,-1.95457,5.9143,24.29683,-27.28376,SOU_UNI,HOP_INT,TedABroerStadium,NAIA,NAIA,20250201-TedABroerStadium-1,91372600-e0f3-11ef-bd34-fd2878f67622,78.93738,,,7.15534,,,,,,,78924947-b10b-4e7a-a348-8922e5fd05be,2025-02-01,23:23:38.94,2025-02-01T18:23:38.9412864-05:00,2025-02-01T23:23:38.9412864Z,,v3,,,,"McMullen, Brock",823662,Right,SOU_UNI,286260ba-8368-4965-ac9e-af0bc75410bd,53.77352,-115.43676,12.14842,5.78024,-1.0596,-13.64188,-2.41709,6.50077,2.95715,,,,,,,,,,,,,,,,,,,,,,,,,,,,,,,,,,,,,,,,,,,,,,,,,,,High,High,High,,,,,
41,2025-02-01,18:23:52.87,2,3,"Miranda, Angel",1000118930,Right,SOU_UNI,"Chun-Ming, Branden",1000399900,Right,HOP_INT,Undefined,2,Top,1,1,1,Fastball,Four-Seam,StrikeSwinging,Undefined,Undefined,Undefined,0,0,,90.18561,-1.445157,-2.800633,2256.142489,210.914334,1:00,5.98596,2.21367,7.56167,-12.85544,19.63155,11.09158,3.61316,0.61724,81.74404,-4.019766,-0.748737,0.410229,,,,,,,,,,,,-6.85457,11.44327,-2.07069,50,5.9072,6.0331,-131.09953,-3.49543,-11.81404,30.21942,-12.45124,SOU_UNI,HOP_INT,TedABroerStadium,NAIA,NAIA,20250201-TedABroerStadium-1,997b3cc0-e0f3-11ef-bd34-fd2878f67622,91.88153,,,8.44157,,,,,,,78924947-b10b-4e7a-a348-8922e5fd05be,2025-02-01,23:23:52.87,2025-02-01T18:23:52.8757760-05:00,2025-02-01T23:23:52.8757760Z,,v3,,,,"McMullen, Brock",823662,Right,SOU_UNI,1669316d-df87-46ec-b917-b1fc180a10ab,52.93525,-131.77439,15.10971,5.98215,-3.21737,-6.22562,-2.20837,6.29693,-5.90702,,,,,,,,,,,,,,,,,,,,,,,,,,,,,,,,,,,,,,,,,,,,,,,,,,,High,High,High,,,,,
42,2025-02-01,18:24:08.69,2,4,"Miranda, Angel",1000118930,Right,SOU_UNI,"Chun-Ming, Branden",1000399900,Right,HOP_INT,Undefined,2,Top,1,1,2,Slider,Slider,StrikeCalled,Strikeout,Undefined,Undefined,0,0,,77.89462,0.179397,0.133295,2461.718197,79.229854,8:45,5.78092,2.30992,6.58031,-46.20821,-0.68791,-12.18875,2.09465,1.41636,70.62558,-8.462783,-2.087611,0.485595,,,,,,,,,,,,6.43248,0.08126,-2.31454,50,5.77466,0.15353,-113.17318,-0.9356,8.18325,24.33483,-32.07065,SOU_UNI,HOP_INT,TedABroerStadium,NAIA,NAIA,20250201-TedABroerStadium-1,a2f47820-e0f3-11ef-bd34-fd2878f67622,77.62119,,,7.26904,,,,,,,78924947-b10b-4e7a-a348-8922e5fd05be,2025-02-01,23:24:08.69,2025-02-01T18:24:08.6949376-05:00,2025-02-01T23:24:08.6949376Z,,v3,,,,"McMullen, Brock",823662,Right,SOU_UNI,db55268a-b550-47fb-9bc1-455f5b29aa06,53.91772,-114.01247,12.16742,5.78785,0.17049,-16.03533,-2.31497,-0.12871,4.09163,,,,,,,,,,,,,,,,,,,,,,,,,,,,,,,,,,,,,,,,,,,,,,,,,,,High,High,High,,,,,
43,2025-02-01,18:24:34.53,3,1,"Miranda, Angel",1000118930,Right,SOU_UNI,"Barragan, Ivan",1000214336,Right,HOP_INT,Undefined,2,Top,2,0,0,Curveball,Curveball,BallCalled,Undefined,Undefined,Undefined,0,0,,72.59182,4.913413,0.270363,2513.95725,65.119076,8:15,5.99738,2.3649,6.68268,-59.9696,-7.11059,-19.60411,5.50521,0.97851,64.94135,-6.344456,-3.29464,0.523276,,,,,,,,,,,,10.25938,-4.72799,-2.37695,50,6.30457,0.15384,-105.08733,7.44119,11.18431,21.97863,-37.32827,SOU_UNI,HOP_INT,TedABroerStadium,NAIA,NAIA,20250201-TedABroerStadium-1,b2601210-e0f3-11ef-bd34-fd2878f67622,72.03165,,,7.65048,,,,,,,78924947-b10b-4e7a-a348-8922e5fd05be,2025-02-01,23:24:34.53,2025-02-01T18:24:34.5372672-05:00,2025-02-01T23:24:34.5372672Z,,v3,,,,"McMullen, Brock",823662,Right,SOU_UNI,86ca769e-df2e-4043-b297-2ac878a845b2,53.81592,-105.88241,10.98931,6.01096,8.79154,-18.66413,-2.3752,-0.25075,5.59216,,,,,,,,,,,,,,,,,,,,,,,,,,,,,,,,,,,,,,,,,,,,,,,,,,,High,High,High,,,,,
44,2025-02-01,18:24:49.10,3,2,"Miranda, Angel",1000118930,Right,SOU_UNI,"Barragan, Ivan",1000214336,Right,HOP_INT,Undefined,2,Top,2,1,0,Fastball,Four-Seam,StrikeSwinging,Undefined,Undefined,Undefined,0,0,,89.8089,-1.871054,-2.300641,2280.705868,200.618233,12:45,6.03177,2.19828,7.52537,-7.99386,25.00013,8.95733,3.67977,0.8731,80.88967,-3.561513,-0.644289,0.413417,,,,,,,,,,,,-5.55819,14.47186,-2.07928,50,5.93009,4.92661,-130.48842,-4.26732,-9.43236,31.49407,-7.61503,SOU_UNI,HOP_INT,TedABroerStadium,NAIA,NAIA,20250201-TedABroerStadium-1,bb002b80-e0f3-11ef-bd34-fd2878f67622,91.17285,,,8.91922,,,,,,,78924947-b10b-4e7a-a348-8922e5fd05be,2025-02-01,23:24:49.10,2025-02-01T18:24:49.1033600-05:00,2025-02-01T23:24:49.1033600Z,,v3,,,,"McMullen, Brock",823662,Right,SOU_UNI,a15b1c09-df03-4e4d-952e-1b0942805207,52.96991,-131.20327,15.74703,6.02499,-4.09447,-3.80752,-2.19353,5.14071,-4.71618,,,,,,,,,,,,,,,,,,,,,,,,,,,,,,,,,,,,,,,,,,,,,,,,,,,High,High,High,,,,,
45,2025-02-01,18:25:01.54,3,3,"Miranda, Angel",1000118930,Right,SOU_UNI,"Barragan, Ivan",1000214336,Right,HOP_INT,Undefined,2,Top,2,1,1,Fastball,Four-Seam,StrikeSwinging,Undefined,Undefined,Undefined,0,0,,91.3475,-2.520824,-3.329032,2326.920535,203.942837,12:45,6.03138,2.06042,7.69719,-9.21016,22.37147,9.44674,2.99747,-0.14177,82.74328,-4.420348,-1.578741,0.404472,,,,,,,,,,,,-6.15906,13.31583,-1.89761,50,5.90363,7.39667,-132.66466,-5.90862,-10.86338,31.11136,-8.68745,SOU_UNI,HOP_INT,TedABroerStadium,NAIA,NAIA,20250201-TedABroerStadium-1,c2694b90-e0f3-11ef-bd34-fd2878f67622,93.18918,,,8.60421,,,,,,,78924947-b10b-4e7a-a348-8922e5fd05be,2025-02-01,23:25:01.54,2025-02-01T18:25:01.5475712-05:00,2025-02-01T23:25:01.5475712Z,,v3,,,,"McMullen, Brock",823662,Right,SOU_UNI,7ee5f481-1d07-46f6-b128-64c15580a32a,52.79977,-133.31962,15.55568,6.02609,-5.72573,-4.34373,-2.05574,7.62536,-5.43169,,,,,,,,,,,,,,,,,,,,,,,,,,,,,,,,,,,,,,,,,,,,,,,,,,,High,High,High,,,,,
46,2025-02-01,18:25:14.88,3,4,"Miranda, Angel",1000118930,Right,SOU_UNI,"Barragan, Ivan",1000214336,Right,HOP_INT,Undefined,2,Top,2,1,2,Fastball,Four-Seam,BallCalled,Undefined,Undefined,Undefined,0,0,,91.49667,-1.048275,-3.627541,2266.570951,199.595781,12:45,6.15535,1.94553,7.56487,-8.66611,23.01064,7.79949,4.48848,-0.67106,82.63711,-2.850672,-2.18719,0.405081,,,,,,,,,,,,-5.32685,13.10997,-1.75958,50,6.09722,8.14564,-132.87175,-2.4705,-9.41061,31.60805,-9.01359,SOU_UNI,HOP_INT,TedABroerStadium,NAIA,NAIA,20250201-TedABroerStadium-1,ca5e09d0-e0f3-11ef-bd34-fd2878f67622,93.04912,,,8.85957,,,,,,,78924947-b10b-4e7a-a348-8922e5fd05be,2025-02-01,23:25:14.88,2025-02-01T18:25:14.8817408-05:00,2025-02-01T23:25:14.8817408Z,,v3,,,,"McMullen, Brock",823662,Right,SOU_UNI,eb8d9a7e-64e5-487e-9c7c-e4a259768757,52.93062,-133.56708,15.80402,6.14938,-2.27222,-4.50679,-1.94105,8.35266,-4.70531,,,,,,,,,,,,,,,,,,,,,,,,,,,,,,,,,,,,,,,,,,,,,,,,,,,High,High,High,,,,,
47,2025-02-01,18:25:30.38,3,5,"Miranda, Angel",1000118930,Right,SOU_UNI,"Barragan, Ivan",1000214336,Right,HOP_INT,Undefined,2,Top,2,2,2,Slider,Slider,StrikeSwinging,Strikeout,Undefined,Undefined,0,0,,81.24135,0.974829,-2.494957,2417.090365,116.024676,9:45,5.83536,2.16027,6.74192,-36.99266,4.42855,-6.20146,3.64422,-0.63747,73.77631,-5.996948,-3.624047,0.463215,,,,,,,,,,,,2.4761,2.48949,-1.99428,50,5.88582,5.35758,-117.96178,0.99419,3.44754,24.92367,-28.70787,SOU_UNI,HOP_INT,TedABroerStadium,NAIA,NAIA,20250201-TedABroerStadium-1,d39f1e30-e0f3-11ef-bd34-fd2878f67622,81.37134,,,7.46504,,,,,,,78924947-b10b-4e7a-a348-8922e5fd05be,2025-02-01,23:25:30.38,2025-02-01T18:25:30.3820000-05:00,2025-02-01T23:25:30.3820000Z,,v3,,,,"McMullen, Brock",823662,Right,SOU_UNI,77ac743d-b872-4d24-9ce8-8d08b412fef0,53.75481,-118.75246,12.46183,5.83984,1.90493,-14.35394,-2.16252,5.24821,1.72377,,,,,,,,,,,,,,,,,,,,,,,,,,,,,63.57879,2.850065,1.787955,1.062109,-1.30797,3.34772,0.81144,-4.33967,5.42433,4.06817,66.03805,7.68922,58.74223,-4.26503,74.09103,-7.47454,5.44006,15.53683,-12.64338,4.07527,53.01424,-1.45756,High,High,High,,,High,High,High
48,2025-02-01,18:27:44.24,1,1,"Tostado, Mario",1000114481,Right,HOP_INT,"White, Myles",809319,Left,SOU_UNI,Undefined,2,Bottom,0,0,0,Fastball,Four-Seam,StrikeSwinging,Undefined,Undefined,Undefined,0,0,,89.18868,-2.072835,-1.016412,2404.589416,202.39704,12:45,5.79822,1.10857,6.0921,-10.74288,24.46982,9.57288,2.9845,0.96605,80.64269,-4.215356,0.707733,0.427092,,,,,,,,,,,,-5.2167,13.5782,-1.03504,50,5.6325,1.89073,-129.38325,-4.88042,-8.74919,29.66302,-9.40132,SOU_UNI,HOP_INT,TedABroerStadium,NAIA,NAIA,20250201-TedABroerStadium-1,2358a9f0-e0f4-11ef-bd34-fd2878f67622,88.25375,,,8.54599,,,,,,,78924947-b10b-4e7a-a348-8922e5fd05be,2025-02-01,23:27:44.24,2025-02-01T18:27:44.2444800-05:00,2025-02-01T23:27:44.2444800Z,,v3,,,,"Chavez, Josiah ",701638,Right,HOP_INT,b8260689-2e36-4337-ba54-7483d8564847,54.40389,-130.389,14.83151,5.79257,-4.56166,-4.70066,-1.10417,2.18738,-4.3746,,,,,,,,,,,,,,,,,,,,,,,,,,,,,,,,,,,,,,,,,,,,,,,,,,,High,High,High,,,,,
49,2025-02-01,18:27:59.03,1,2,"Tostado, Mario",1000114481,Right,HOP_INT,"White, Myles",809319,Left,SOU_UNI,Undefined,2,Bottom,0,0,1,Fastball,Four-Seam,BallCalled,Undefined,Undefined,Undefined,0,0,,90.25262,-0.577634,0.430788,2545.169517,190.946702,12:15,6.00298,0.5068,5.73717,-9.02548,25.81269,4.75792,4.71294,1.30444,81.44476,-2.404854,1.282001,0.424814,,,,,,,,,,,,-2.26319,13.59324,-0.5455,50,5.94935,-1.19921,-130.91368,-1.46042,-3.88552,30.40254,-8.83666,SOU_UNI,HOP_INT,TedABroerStadium,NAIA,NAIA,20250201-TedABroerStadium-1,2c38b290-e0f4-11ef-bd34-fd2878f67622,88.72684,,,8.80786,,,,,,,78924947-b10b-4e7a-a348-8922e5fd05be,2025-02-01,23:27:59.03,2025-02-01T18:27:59.0360576-05:00,2025-02-01T23:27:59.0360576Z,,v3,,,,"Chavez, Josiah ",701638,Right,HOP_INT,bb950b7f-df21-4e1e-b282-157f41c214ba,54.75757,-132.01393,15.20127,5.99641,-1.14062,-4.41833,-0.50464,-1.05859,-1.94276,,,,,,,,,,,,,,,,,,,,,,,,,,,,,,,,,,,,,,,,,,,,,,,,,,,High,High,High,,,,,
50,2025-02-01,18:28:15.20,1,3,"Tostado, Mario",1000114481,Right,HOP_INT,"White, Myles",809319,Left,SOU_UNI,Undefined,2,Bottom,0,1,1,Fastball,Cutter,BallCalled,Undefined,Undefined,Undefined,0,0,,85.10957,-0.630591,1.305979,2444.739737,173.243462,11:45,5.71246,1.1132,5.62125,-19.25485,19.69324,-2.18673,3.51924,2.14993,77.74846,-4.272608,0.915658,0.449174,,,,,,,,,,,,1.46602,10.51835,-1.22316,50,5.64648,-2.72466,-123.54734,-1.92742,2.26701,24.50569,-15.90891,SOU_UNI,HOP_INT,TedABroerStadium,NAIA,NAIA,20250201-TedABroerStadium-1,35d63ed0-e0f4-11ef-bd34-fd2878f67622,83.91501,,,7.36112,,,,,,,78924947-b10b-4e7a-a348-8922e5fd05be,2025-02-01,23:28:15.20,2025-02-01T18:28:15.2077824-05:00,2025-02-01T23:28:15.2077824Z,,v3,,,,"Chavez, Josiah ",701638,Right,HOP_INT,a17e2396-3c31-4bea-b6da-f01557c65ede,54.87553,-124.51065,12.25284,5.70995,-1.30204,-7.95446,-1.1143,-2.81378,1.1335,,,,,,,,,,,,,,,,,,,,,,,,,,,,,,,,,,,,,,,,,,,,,,,,,,,High,High,High,,,,,
51,2025-02-01,18:28:32.98,1,4,"Tostado, Mario",1000114481,Right,HOP_INT,"White, Myles",809319,Left,SOU_UNI,Undefined,2,Bottom,0,2,1,Fastball,Four-Seam,BallCalled,Undefined,Undefined,Undefined,0,0,,90.78907,-4.85364,-2.611285,2437.332324,198.113313,12:30,5.87923,0.47128,5.97705,-8.41233,25.98623,8.08705,0.66343,-1.27712,82.08483,-6.559664,-1.160342,0.422126,,,,,,,,,,,,-4.99422,15.2717,-0.26931,50,5.48985,5.64422,-131.21573,-11.28912,-8.6056,30.78936,-5.85926,SOU_UNI,HOP_INT,TedABroerStadium,NAIA,NAIA,20250201-TedABroerStadium-1,406779e0-e0f4-11ef-bd34-fd2878f67622,89.292,,,8.70424,,,,,,,78924947-b10b-4e7a-a348-8922e5fd05be,2025-02-01,23:28:32.98,2025-02-01T18:28:32.9873408-05:00,2025-02-01T23:28:32.9873408Z,,v3,,,,"Chavez, Josiah ",701638,Right,HOP_INT,8c940f6e-97ba-40a1-9f75-8d555d592a38,54.5213,-132.27238,15.39468,5.87383,-11.08804,-2.92963,-0.46808,5.93956,-4.3028,,,,,,,,,,,,,,,,,,,,,,,,,,,,,,,,,,,,,,,,,,,,,,,,,,,High,High,High,,,,,
52,2025-02-01,18:28:52.15,1,5,"Tostado, Mario",1000114481,Right,HOP_INT,"White, Myles",809319,Left,SOU_UNI,Undefined,2,Bottom,0,3,1,Fastball,Four-Seam,StrikeCalled,Undefined,Undefined,Undefined,0,0,,90.30068,-2.635421,-0.224208,2409.210148,204.245278,12:45,5.83156,0.68109,5.94869,-13.14725,21.44714,9.10473,2.28988,1.23186,81.6688,-5.193818,1.411713,0.423325,,,,,,,,,,,,-4.71748,12.15946,-0.66823,50,5.61438,0.11768,-130.9201,-6.34701,-8.09252,30.63981,-11.31539,SOU_UNI,HOP_INT,TedABroerStadium,NAIA,NAIA,20250201-TedABroerStadium-1,4be0cb00-e0f4-11ef-bd34-fd2878f67622,89.03895,,,8.63188,,,,,,,78924947-b10b-4e7a-a348-8922e5fd05be,2025-02-01,23:28:52.15,2025-02-01T18:28:52.1518080-05:00,2025-02-01T23:28:52.1518080Z,,v3,,,,"Chavez, Josiah ",701638,Right,HOP_INT,9ab2111f-bb8b-454e-93d1-7d99248907b3,54.54735,-131.98004,15.31991,5.82718,-5.95557,-5.6577,-0.67715,0.39763,-4.04626,,,,,,,,,,,,,,,,,,,,,,,,,,,,,,,,,,,,,,,,,,,,,,,,,,,High,High,High,,,,,
53,2025-02-01,18:29:08.84,1,6,"Tostado, Mario",1000114481,Right,HOP_INT,"White, Myles",809319,Left,SOU_UNI,Undefined,2,Bottom,0,3,2,Fastball,Four-Seam,StrikeCalled,Strikeout,Undefined,Undefined,0,0,,90.62946,-2.891641,-0.624636,2404.94558,201.174533,12:45,5.94085,0.78329,5.9836,-10.60512,23.89123,8.75465,2.37444,0.93386,81.48745,-5.008224,0.949151,0.422725,,,,,,,,,,,,-4.6711,13.54694,-0.73865,50,5.70646,1.0488,-131.29521,-6.83376,-8.01458,32.22499,-8.9306,SOU_UNI,HOP_INT,TedABroerStadium,NAIA,NAIA,20250201-TedABroerStadium-1,55d48d90-e0f4-11ef-bd34-fd2878f67622,89.16537,,,9.14201,,,,,,,78924947-b10b-4e7a-a348-8922e5fd05be,2025-02-01,23:29:08.84,2025-02-01T18:29:08.8410000-05:00,2025-02-01T23:29:08.8410000Z,,v3,,,,"Chavez, Josiah ",701638,Right,HOP_INT,1c355b13-35ab-4c65-84c8-94d1955e5077,54.51154,-132.39789,16.1125,5.93507,-6.52817,-4.4653,-0.77923,1.32304,-4.00729,,,,,,,,,,,,,,,,,,,,,,,,,,,,,73.32299,2.473903,1.607424,0.866479,-0.62487,2.19358,-0.96876,1.21672,5.35327,-3.98437,67.61223,5.43034,-57.16929,1.24408,80.10762,-4.03629,5.35672,9.6673,-11.05515,-4.08608,-69.45738,9.39514,High,High,High,,,Medium,High,High
54,2025-02-01,18:29:41.21,2,1,"Tostado, Mario",1000114481,Right,HOP_INT,"Villalobos, Alfonso",1000093852,Right,SOU_UNI,Undefined,2,Bottom,1,0,0,Fastball,Four-Seam,StrikeCalled,Undefined,Undefined,Undefined,0,0,,90.99179,-3.309472,-0.202237,2399.004964,196.97136,12:30,5.98518,0.49394,6.12974,-8.84764,25.08655,7.27827,2.18541,0.91353,82.09296,-5.104177,1.109569,0.419267,,,,,,,,,,,,-3.8126,14.34922,-0.48214,50,5.72736,0.15618,-131.86933,-7.75651,-6.62034,31.67345,-7.25755,SOU_UNI,HOP_INT,TedABroerStadium,NAIA,NAIA,20250201-TedABroerStadium-1,691a2d60-e0f4-11ef-bd34-fd2878f67622,89.90091,,,8.89882,,,,,,,78924947-b10b-4e7a-a348-8922e5fd05be,2025-02-01,23:29:41.21,2025-02-01T18:29:41.2122624-05:00,2025-02-01T23:29:41.2122624Z,,v3,,,,"Chavez, Josiah ",701638,Right,HOP_INT,a302a3a2-d17d-4fcc-a5e1-796e11f27802,54.36668,-132.91402,15.83672,5.97924,-7.51714,-3.62877,-0.49089,0.37454,-3.31017,,,,,,,,,,,,,,,,,,,,,,,,,,,,,,,,,,,,,,,,,,,,,,,,,,,High,High,High,,,,,
55,2025-02-01,18:29:56.86,2,2,"Tostado, Mario",1000114481,Right,HOP_INT,"Villalobos, Alfonso",1000093852,Right,SOU_UNI,Undefined,2,Bottom,1,0,1,Slider,Slider,BallCalled,Undefined,Undefined,Undefined,0,0,,80.09089,-0.563181,0.289037,2598.471972,74.672074,8:30,5.51683,1.05376,5.64982,-47.06617,-2.63063,-15.19272,1.06935,0.05729,73.01723,-9.17463,-2.433108,0.479774,,,,,,,,,,,,7.82914,-0.7313,-1.06833,50,5.43919,0.00523,-116.2437,-2.72067,10.56271,24.63394,-33.16068,SOU_UNI,HOP_INT,TedABroerStadium,NAIA,NAIA,20250201-TedABroerStadium-1,72729a50-e0f4-11ef-bd34-fd2878f67622,78.5629,,,7.07366,,,,,,,78924947-b10b-4e7a-a348-8922e5fd05be,2025-02-01,23:29:56.86,2025-02-01T18:29:56.8631296-05:00,2025-02-01T23:29:56.8631296Z,,v3,,,,"Chavez, Josiah ",701638,Right,HOP_INT,47e3159e-a088-4fcd-99cc-402ac2dea5f8,54.8499,-117.26697,12.31697,5.5236,-1.34321,-16.58034,-1.05944,-0.43354,5.28136,,,,,,,,,,,,,,,,,,,,,,,,,,,,,,,,,,,,,,,,,,,,,,,,,,,High,High,High,,,,,
56,2025-02-01,18:30:12.85,2,3,"Tostado, Mario",1000114481,Right,HOP_INT,"Villalobos, Alfonso",1000093852,Right,SOU_UNI,Undefined,2,Bottom,1,1,1,Fastball,Four-Seam,InPlay,Undefined,Popup,Out,1,0,,90.77505,-2.909483,-1.052234,2402.363327,191.713133,12:30,5.87841,0.49302,6.02713,-8.53591,25.6699,5.06445,2.46977,-0.05955,81.86784,-4.650083,-0.141378,0.420941,,,,,,,,,,,,-2.96154,14.54906,-0.41356,50,5.64637,2.20519,-131.59032,-6.82563,-5.11911,31.62358,-7.02559,SOU_UNI,HOP_INT,TedABroerStadium,NAIA,NAIA,20250201-TedABroerStadium-1,7bef5820-e0f4-11ef-bd34-fd2878f67622,89.54327,,,8.90721,,,,,,,78924947-b10b-4e7a-a348-8922e5fd05be,2025-02-01,23:30:12.85,2025-02-01T18:30:12.8515072-05:00,2025-02-01T23:30:12.8515072Z,,v3,,,,"Chavez, Josiah ",701638,Right,HOP_INT,633de486-ebce-4006-a2fd-cdf4cc336be0,54.47094,-132.66042,15.81179,5.87332,-6.5879,-3.5128,-0.49112,2.37842,-2.55955,,,,,,,,,,,,,,,,,,,,,,,,,,,,,,,,,,,,,,,,,,,,,,,,,,,High,High,High,,,,,
57,2025-02-01,18:30:52.48,3,1,"Tostado, Mario",1000114481,Right,HOP_INT,"Hinrikus, Tyler",1000098761,Right,SOU_UNI,Undefined,2,Bottom,2,0,0,Fastball,Four-Seam,InPlay,Undefined,GroundBall,Single,0,0,,89.9219,-2.835147,-0.695807,2368.010634,204.643655,12:45,5.86748,0.57701,5.93258,-11.48969,23.5484,10.2113,2.27729,0.78237,81.02398,-5.106768,1.138099,0.426031,93.10439,-6.750862,-36.315512,,,,,22.09084,20.44069,-35.407117,0.1487,-5.478,13.38123,-0.52733,50,5.63472,1.14932,-130.31995,-6.70677,-9.27239,31.41048,-9.52426,SOU_UNI,HOP_INT,TedABroerStadium,NAIA,NAIA,20250201-TedABroerStadium-1,93917440-e0f4-11ef-bd34-fd2878f67622,88.47339,2.39059,,8.89792,,,,1.73246,2.39059,-0.83869,78924947-b10b-4e7a-a348-8922e5fd05be,2025-02-01,23:30:52.48,2025-02-01T18:30:52.4857856-05:00,2025-02-01T23:30:52.4857856Z,GroundBall,v3,,,,"Chavez, Josiah ",701638,Right,HOP_INT,9912a114-4f94-4701-8787-90cb4e5c1f88,54.56465,-131.41555,15.70524,5.86286,-6.37456,-4.76213,-0.57305,1.47274,-4.63619,180,1.72848,109.4335,,,,,,,,2.39118,-16.07656,,,,,,,,-0.83576,-80.43253,,,,,,,,,,,,,,,,,,,,,,,,,,,,,,High,High,High,High,High,,,
58,2025-02-01,18:31:25.04,4,1,"Tostado, Mario",1000114481,Right,HOP_INT,"McMullen, Brock",823662,Right,SOU_UNI,Undefined,2,Bottom,2,0,0,Slider,Slider,BallCalled,Undefined,Undefined,Undefined,0,0,,78.32009,-1.86424,0.718951,2488.894021,104.673202,9:30,5.39167,1.26465,5.51318,-42.33821,4.21898,-10.10784,0.1195,1.09465,71.75192,-9.596301,-1.087643,0.491094,,,,,,,,,,,,5.38965,3.09295,-1.32011,50,5.20056,-1.04501,-113.61867,-5.07092,6.98089,22.59344,-28.1679,SOU_UNI,HOP_INT,TedABroerStadium,NAIA,NAIA,20250201-TedABroerStadium-1,a70046f0-e0f4-11ef-bd34-fd2878f67622,76.75197,,,6.56817,,,,,,,78924947-b10b-4e7a-a348-8922e5fd05be,2025-02-01,23:31:25.04,2025-02-01T18:31:25.0452992-05:00,2025-02-01T23:31:25.0452992Z,,v3,,,,"Chavez, Josiah ",701638,Right,HOP_INT,92100570-479e-4fb4-bec8-d245e4d71422,54.98672,-114.606,11.29672,5.39527,-3.83998,-14.08395,-1.26777,-1.35008,3.49044,,,,,,,,,,,,,,,,,,,,,,,,,,,,,,,,,,,,,,,,,,,,,,,,,,,High,High,High,,,,,
59,2025-02-01,18:31:46.16,4,2,"Tostado, Mario",1000114481,Right,HOP_INT,"McMullen, Brock",823662,Right,SOU_UNI,Undefined,2,Bottom,2,1,0,Fastball,Four-Seam,BallCalled,Undefined,Undefined,Undefined,0,0,,90.10214,-4.45143,-1.320041,2435.992678,201.585697,12:45,5.87893,0.72568,6.06156,-7.26469,27.56438,10.38942,1.14425,0.36952,81.21056,-5.964953,0.549158,0.424759,,,,,,,,,,,,-5.78032,16.01087,-0.62878,50,5.529,2.56728,-130.36645,-10.21794,-9.80038,31.194,-5.02802,SOU_UNI,HOP_INT,TedABroerStadium,NAIA,NAIA,20250201-TedABroerStadium-1,b3980060-e0f4-11ef-bd34-fd2878f67622,88.73846,,,8.89157,,,,,,,78924947-b10b-4e7a-a348-8922e5fd05be,2025-02-01,23:31:46.16,2025-02-01T18:31:46.1624320-05:00,2025-02-01T23:31:46.1624320Z,,v3,,,,"Chavez, Josiah ",701638,Right,HOP_INT,341f1f76-c21b-4569-bfdb-1cc013362844,54.43576,-131.42355,15.597,5.87238,-10.04755,-2.51401,-0.7214,2.8994,-4.90019,,,,,,,,,,,,,,,,,,,,,,,,,,,,,,,,,,,,,,,,,,,,,,,,,,,High,High,High,,,,,
60,2025-02-01,18:32:05.46,4,3,"Tostado, Mario",1000114481,Right,HOP_INT,"McMullen, Brock",823662,Right,SOU_UNI,Undefined,2,Bottom,2,2,0,Fastball,Four-Seam,BallCalled,Undefined,Undefined,Undefined,0,0,,90.0842,-1.834862,0.477065,2430.905568,200.847911,12:45,5.87479,0.60952,5.88201,-11.02568,23.9036,8.62012,3.25139,1.77091,81.13927,-4.024976,2.02333,0.425369,,,,,,,,,,,,-4.22551,13.14146,-0.65287,50,5.72028,-1.46685,-130.60641,-4.40666,-7.19041,31.31758,-9.81169,SOU_UNI,HOP_INT,TedABroerStadium,NAIA,NAIA,20250201-TedABroerStadium-1,bf163380-e0f4-11ef-bd34-fd2878f67622,88.61107,,,8.94493,,,,,,,78924947-b10b-4e7a-a348-8922e5fd05be,2025-02-01,23:32:05.46,2025-02-01T18:32:05.4615552-05:00,2025-02-01T23:32:05.4615552Z,,v3,,,,"Chavez, Josiah ",701638,Right,HOP_INT,c352bab5-93e6-4147-82d3-6155b030d0c6,54.61312,-131.70792,15.65879,5.86921,-4.06156,-4.90584,-0.60573,-1.21395,-3.59521,,,,,,,,,,,,,,,,,,,,,,,,,,,,,,,,,,,,,,,,,,,,,,,,,,,High,High,High,,,,,
61,2025-02-01,18:32:22.61,4,4,"Tostado, Mario",1000114481,Right,HOP_INT,"McMullen, Brock",823662,Right,SOU_UNI,Undefined,2,Bottom,2,3,0,Fastball,Four-Seam,BallCalled,Walk,Undefined,Undefined,0,0,,89.867,-2.327131,0.42383,2506.100566,200.903021,12:45,5.95732,0.31388,5.80646,-11.77079,23.3286,8.43453,2.811,1.41091,81.25362,-4.637852,1.934758,0.426404,,,,,,,,,,,,-4.13516,12.938,-0.35354,50,5.7593,-1.33779,-130.27715,-5.55601,-7.02862,30.17643,-10.18305,SOU_UNI,HOP_INT,TedABroerStadium,NAIA,NAIA,20250201-TedABroerStadium-1,c9483790-e0f4-11ef-bd34-fd2878f67622,88.39609,,,8.61338,,,,,,,78924947-b10b-4e7a-a348-8922e5fd05be,2025-02-01,23:32:22.61,2025-02-01T18:32:22.6142208-05:00,2025-02-01T23:32:22.6142208Z,,v3,,,,"Chavez, Josiah ",701638,Right,HOP_INT,1c5a948d-7f71-4d80-96cf-3027723c5cf0,54.68877,-131.35873,15.08822,5.9519,-5.19103,-5.09152,-0.3101,-1.08586,-3.51431,,,,,,,,,,,,,,,,,,,,,,,,,,,,,,,,,,,,,,,,,,,,,,,,,,,High,High,High,,,,,
62,2025-02-01,18:33:06.38,5,1,"Tostado, Mario",1000114481,Right,HOP_INT,"Pennella, JP",825107,Left,SOU_UNI,Undefined,2,Bottom,2,0,0,Fastball,Four-Seam,StrikeCalled,Undefined,Undefined,Undefined,0,0,,89.4424,-3.099795,-0.17474,2383.517409,200.833676,12:45,5.93306,0.57919,6.05778,-8.01209,27.34108,9.89575,2.39345,1.24209,80.33991,-4.760942,1.606155,0.427943,,,,,,,,,,,,-5.11296,15.42375,-0.57064,50,5.68761,-0.02972,-129.56712,-7.08996,-8.53571,31.60072,-6.42513,SOU_UNI,HOP_INT,TedABroerStadium,NAIA,NAIA,20250201-TedABroerStadium-1,e36083d0-e0f4-11ef-bd34-fd2878f67622,88.07825,,,9.10249,,,,,,,78924947-b10b-4e7a-a348-8922e5fd05be,2025-02-01,23:33:06.38,2025-02-01T18:33:06.3898624-05:00,2025-02-01T23:33:06.3898624Z,,v3,,,,"Chavez, Josiah ",701638,Right,HOP_INT,64cf5819-941a-4517-ac63-072d4d07b443,54.43727,-130.64487,15.80036,5.92568,-6.87083,-3.21257,-0.57459,0.26139,-4.26785,,,,,,,,,,,,,,,,,,,,,,,,,,,,,,,,,,,,,,,,,,,,,,,,,,,High,High,High,,,,,
63,2025-02-01,18:33:23.46,5,2,"Tostado, Mario",1000114481,Right,HOP_INT,"Pennella, JP",825107,Left,SOU_UNI,Undefined,2,Bottom,2,0,1,ChangeUp,Changeup,BallCalled,Undefined,Undefined,Undefined,0,0,,82.95679,-7.629519,-2.798736,2040.289154,220.570325,1:15,5.57734,1.02683,6.22639,-17.30151,23.9656,19.17347,-2.95413,0.04033,75.43129,-10.915487,0.662867,0.462353,,,,,,,,,,,,-11.4178,15.63859,-0.82834,50,4.99527,5.20607,-119.39549,-16.45129,-16.21679,26.43043,-9.96242,SOU_UNI,HOP_INT,TedABroerStadium,NAIA,NAIA,20250201-TedABroerStadium-1,ed878b60-e0f4-11ef-bd34-fd2878f67622,81.52312,,,7.5255,,,,,,,78924947-b10b-4e7a-a348-8922e5fd05be,2025-02-01,23:33:23.46,2025-02-01T18:33:23.4611712-05:00,2025-02-01T23:33:23.4611712Z,,v3,,,,"Chavez, Josiah ",701638,Right,HOP_INT,09e09db8-f186-403a-bb55-737f243b99c8,54.27766,-120.3387,13.21521,5.57601,-16.09577,-4.98121,-1.02446,5.7848,-8.1084,,,,,,,,,,,,,,,,,,,,,,,,,,,,,,,,,,,,,,,,,,,,,,,,,,,High,Medium,Medium,,,,,
64,2025-02-01,18:33:46.68,5,3,"Tostado, Mario",1000114481,Right,HOP_INT,"Pennella, JP",825107,Left,SOU_UNI,Undefined,2,Bottom,2,1,1,Fastball,Four-Seam,BallCalled,Undefined,Undefined,Undefined,0,0,,88.64373,-3.534862,-2.051841,2295.616404,205.836483,12:45,5.82545,0.81399,6.30691,-13.65414,21.70426,9.91319,1.42493,-0.25095,80.53335,-6.193054,-0.259862,0.427974,,,,,,,,,,,,-5.78134,12.72446,-0.66812,50,5.55915,4.2101,-128.48239,-8.25517,-9.58713,28.5966,-11.07329,SOU_UNI,HOP_INT,TedABroerStadium,NAIA,NAIA,20250201-TedABroerStadium-1,fb6866a0-e0f4-11ef-bd34-fd2878f67622,88.0717,,,8.11038,,,,,,,78924947-b10b-4e7a-a348-8922e5fd05be,2025-02-01,23:33:46.68,2025-02-01T18:33:46.6819584-05:00,2025-02-01T23:33:46.6819584Z,,v3,,,,"Chavez, Josiah ",701638,Right,HOP_INT,6d18d07e-d3c2-461b-aaa8-4b70abb21ba3,54.19107,-129.41184,14.2983,5.82162,-7.89526,-5.53664,-0.81002,4.5217,-4.79357,,,,,,,,,,,,,,,,,,,,,,,,,,,,,,,,,,,,,,,,,,,,,,,,,,,High,High,High,,,,,
65,2025-02-01,18:34:06.64,5,4,"Tostado, Mario",1000114481,Right,HOP_INT,"Pennella, JP",825107,Left,SOU_UNI,Undefined,2,Bottom,2,2,1,Fastball,Four-Seam,FoulBallNotFieldable,Undefined,Undefined,Undefined,0,0,,88.64558,-2.004262,-0.512249,2388.847797,194.300531,12:30,5.82109,0.85315,6.25559,-10.88386,24.6408,5.95398,3.06508,0.87694,79.92308,-4.186721,0.563513,0.428979,82.44994,30.509487,-42.895656,4336.689715,,,,,87.95576,,,-3.24634,13.78473,-0.81792,50,5.66675,0.90763,-128.61758,-4.69237,-5.35951,30.26625,-9.4163,SOU_UNI,HOP_INT,TedABroerStadium,NAIA,NAIA,20250201-TedABroerStadium-1,07505810-e0f5-11ef-bd34-fd2878f67622,87.86536,45.65393,,8.7225,,,,0.48656,3.06422,-0.89104,78924947-b10b-4e7a-a348-8922e5fd05be,2025-02-01,23:34:06.64,2025-02-01T18:34:06.6480640-05:00,2025-02-01T23:34:06.6480640Z,,v3,,,,"Chavez, Josiah ",701638,Right,HOP_INT,3fa1f0d5-ac2d-4108-b3c0-a8d3ae69b168,54.24064,-129.61165,15.13313,5.81579,-4.3831,-4.70815,-0.85062,1.08365,-2.67976,,0.48656,76.32428,-18.68654,3.62905,-0.76959,0.14462,-0.02859,0.0051,-0.00054,3.06422,61.39203,-18.06653,1.41672,-0.24107,0.04632,-0.00705,0.0012,-0.00013,-0.89104,-70.91412,0.56817,0.82202,-0.31432,0.08942,-0.02177,0.00453,-0.00057,,,,,,,,,,,,,,,,,,,,,,,High,High,High,High,Undefined,,,
66,2025-02-01,18:34:30.13,5,5,"Tostado, Mario",1000114481,Right,HOP_INT,"Pennella, JP",825107,Left,SOU_UNI,Undefined,2,Bottom,2,2,2,Slider,Slider,BallCalled,Undefined,Undefined,Undefined,0,0,,78.77973,-1.599392,-0.930849,2556.564185,89.481493,9:00,5.46835,1.07398,5.64604,-44.27845,1.43772,-7.57414,0.28603,-0.42554,72.33175,-9.684177,-2.287702,0.486638,,,,,,,,,,,,3.62288,1.55878,-0.98988,50,5.30409,2.13784,-114.3471,-4.61873,4.75749,22.69387,-30.12706,SOU_UNI,HOP_INT,TedABroerStadium,NAIA,NAIA,20250201-TedABroerStadium-1,154fb7d0-e0f5-11ef-bd34-fd2878f67622,77.45475,,,6.44798,,,,,,,78924947-b10b-4e7a-a348-8922e5fd05be,2025-02-01,23:34:30.13,2025-02-01T18:34:30.1323776-05:00,2025-02-01T23:34:30.1323776Z,,v3,,,,"Chavez, Josiah ",701638,Right,HOP_INT,27f231b6-7e2f-4fe2-89ba-9895fa600e45,54.85458,-115.30654,11.34694,5.47243,-3.34504,-15.06353,-1.07601,1.93671,2.37874,,,,,,,,,,,,,,,,,,,,,,,,,,,,,,,,,,,,,,,,,,,,,,,,,,,High,High,High,,,,,
67,2025-02-01,18:34:51.38,5,6,"Tostado, Mario",1000114481,Right,HOP_INT,"Pennella, JP",825107,Left,SOU_UNI,Undefined,2,Bottom,2,3,2,Fastball,Four-Seam,InPlay,Undefined,FlyBall,Out,1,0,,90.41463,-2.92081,-1.672869,2438.09653,198.388805,12:30,5.91687,0.53068,5.93261,-12.05497,22.33997,7.0343,2.19894,-0.43561,82.12757,-5.273418,-0.410142,0.422103,89.0473,27.055708,-1.279396,,109.6207,48.70668,-9.12618,331.61631,324.95063,-11.63422,4.354977,-4.12855,12.70816,-0.40118,50,5.67681,3.53305,-131.09454,-6.98618,-7.13474,29.51203,-10.21252,SOU_UNI,HOP_INT,TedABroerStadium,NAIA,NAIA,20250201-TedABroerStadium-1,21f9c0c0-e0f5-11ef-bd34-fd2878f67622,89.29675,61.38082,,8.28705,,,,1.59915,2.28108,0.4183,78924947-b10b-4e7a-a348-8922e5fd05be,2025-02-01,23:34:51.38,2025-02-01T18:34:51.3859584-05:00,2025-02-01T23:34:51.3859584Z,FlyBall,v3,,,,"Chavez, Josiah ",701638,Right,HOP_INT,9bab3a30-696a-47bf-913c-6000b374dd3e,54.56594,-132.11843,14.75602,5.91304,-6.63186,-5.10626,-0.52805,3.78058,-3.56737,140.985287,1.59993,116.26531,-19.45521,4.21436,-0.81433,0.16002,-0.03507,0.00575,-0.0004,2.28138,59.39273,-15.88233,0.28799,0.31023,-0.20867,0.06964,-0.01115,0.00068,0.41905,-2.61405,-7.66155,2.32192,-0.52636,0.09932,-0.01789,0.00247,-0.00015,,,,,,,,,,,,,,,,,,,,,,,High,High,High,High,High,,,
68,2025-02-01,18:36:40.27,1,1,"Miranda, Angel",1000118930,Right,SOU_UNI,"Estrada, Nathan",1000399896,Right,HOP_INT,Undefined,3,Top,0,0,0,Fastball,Four-Seam,StrikeSwinging,Undefined,Undefined,Undefined,0,0,,90.45896,-2.302127,-4.247833,2175.243666,188.251717,12:15,6.00727,2.32416,7.1477,-11.41343,21.678,2.97272,2.96225,-1.28611,81.7108,-4.594497,-3.704231,0.414028,,,,,,,,,,,,-2.93839,12.68804,-2.07532,50,5.86727,9.62761,-131.08484,-5.44927,-5.0432,31.2265,-10.39737,SOU_UNI,HOP_INT,TedABroerStadium,NAIA,NAIA,20250201-TedABroerStadium-1,62e2ba10-e0f5-11ef-bd34-fd2878f67622,91.03848,,,8.74816,,,,,,,78924947-b10b-4e7a-a348-8922e5fd05be,2025-02-01,23:36:40.27,2025-02-01T18:36:40.2762752-05:00,2025-02-01T23:36:40.2762752Z,,v3,,,,"McMullen, Brock",823662,Right,SOU_UNI,89eab347-a828-428a-96c2-ea5958ac8851,53.3486,-131.88011,15.61325,6.00268,-5.18447,-5.19868,-2.32215,9.75605,-2.5216,,,,,,,,,,,,,,,,,,,,,,,,,,,,,,,,,,,,,,,,,,,,,,,,,,,High,High,High,,,,,
69,2025-02-01,18:36:52.57,1,2,"Miranda, Angel",1000118930,Right,SOU_UNI,"Estrada, Nathan",1000399896,Right,HOP_INT,Undefined,3,Top,0,0,1,Slider,Slider,BallCalled,Undefined,Undefined,Undefined,0,0,,80.15199,-1.020778,-1.928716,2463.787685,119.167897,10:00,5.7921,2.60363,6.73168,-37.93982,4.46547,-5.48918,1.69701,0.38302,73.32508,-8.130505,-2.930257,0.468685,,,,,,,,,,,,2.32457,3.08331,-2.47459,50,5.71035,4.10547,-116.48048,-3.09861,3.16431,23.75485,-27.97688,SOU_UNI,HOP_INT,TedABroerStadium,NAIA,NAIA,20250201-TedABroerStadium-1,6a3c49c0-e0f5-11ef-bd34-fd2878f67622,80.42161,,,6.82691,,,,,,,78924947-b10b-4e7a-a348-8922e5fd05be,2025-02-01,23:36:52.57,2025-02-01T18:36:52.5796352-05:00,2025-02-01T23:36:52.5796352Z,,v3,,,,"McMullen, Brock",823662,Right,SOU_UNI,bcec64c1-d9a7-4f73-ad05-0f007f670b54,53.76708,-117.24621,11.87742,5.7957,-2.19678,-13.98844,-2.60528,4.00347,1.58216,,,,,,,,,,,,,,,,,,,,,,,,,,,,,,,,,,,,,,,,,,,,,,,,,,,High,High,High,,,,,
70,2025-02-01,18:37:04.94,1,3,"Miranda, Angel",1000118930,Right,SOU_UNI,"Estrada, Nathan",1000399896,Right,HOP_INT,Undefined,3,Top,0,1,1,Fastball,Four-Seam,StrikeSwinging,Undefined,Undefined,Undefined,0,0,,89.70904,-2.304595,-2.725115,2179.622302,204.548481,12:45,6.03507,2.26565,7.40647,-13.67446,19.39277,8.33788,2.8132,0.50043,81.38853,-5.019536,-1.187184,0.413876,,,,,,,,,,,,-5.32221,11.53178,-2.11927,50,5.90547,5.91234,-130.31146,-5.4744,-9.06368,29.83859,-12.53544,SOU_UNI,HOP_INT,TedABroerStadium,NAIA,NAIA,20250201-TedABroerStadium-1,71987180-e0f5-11ef-bd34-fd2878f67622,91.07185,,,8.32051,,,,,,,78924947-b10b-4e7a-a348-8922e5fd05be,2025-02-01,23:37:04.94,2025-02-01T18:37:04.9451520-05:00,2025-02-01T23:37:04.9451520Z,,v3,,,,"McMullen, Brock",823662,Right,SOU_UNI,b84ea14f-aee8-4e71-995c-5a97117e83e4,53.09033,-131.01717,14.91929,6.03143,-5.17793,-6.26772,-2.26164,6.12671,-4.53184,,,,,,,,,,,,,,,,,,,,,,,,,,,,,,,,,,,,,,,,,,,,,,,,,,,High,High,High,,,,,
71,2025-02-01,18:37:17.29,1,4,"Miranda, Angel",1000118930,Right,SOU_UNI,"Estrada, Nathan",1000399896,Right,HOP_INT,Undefined,3,Top,0,1,2,Slider,Slider,InPlay,Undefined,GroundBall,Out,1,0,,79.98659,-0.203475,-2.550602,2390.313537,66.8094,8:15,5.74892,2.46066,6.6404,-44.72026,-2.01756,-7.91579,1.83578,-0.5354,73.3542,-8.524297,-3.991295,0.470326,72.76448,-14.687288,3.803562,,,,,7.46902,7.10459,7.511919,0.059619,3.41268,-0.60272,-2.2855,50,5.71746,5.44467,-116.23292,-1.67793,4.63006,23.46909,-32.99178,SOU_UNI,HOP_INT,TedABroerStadium,NAIA,NAIA,20250201-TedABroerStadium-1,78fd24c0-e0f5-11ef-bd34-fd2878f67622,80.14107,1.61652,,6.63239,,,,1.25111,1.61652,0.56732,78924947-b10b-4e7a-a348-8922e5fd05be,2025-02-01,23:37:17.29,2025-02-01T18:37:17.2923392-05:00,2025-02-01T23:37:17.2923392Z,GroundBall,v3,,,,"McMullen, Brock",823662,Right,SOU_UNI,bb175653-61b0-48b3-badd-fd4f14197ed4,53.8596,-117.00963,11.73455,5.75492,-0.58607,-16.49589,-2.46315,5.29144,2.31503,180,1.24907,103.219,,,,,,,,1.61706,-27.11425,,,,,,,,0.56719,6.86224,,,,,,,,,,,,,,,,,,,,,,,,,,,,,,High,High,High,Medium,High,,,
72,2025-02-01,18:37:46.91,2,1,"Miranda, Angel",1000118930,Right,SOU_UNI,"Shackelford, David",1000114732,Right,HOP_INT,Undefined,3,Top,1,0,0,Curveball,Curveball,StrikeCalled,Undefined,Undefined,Undefined,0,0,,75.07934,1.708484,-0.784539,2547.373669,66.276078,8:15,6.01676,2.14795,6.85957,-54.3233,-5.67394,-16.9071,3.04787,0.0238,67.93541,-8.488684,-3.877902,0.502007,,,,,,,,,,,,8.62804,-2.98603,-2.09338,50,6.10781,2.04113,-109.08683,1.82709,10.15987,23.26495,-35.69023,SOU_UNI,HOP_INT,TedABroerStadium,NAIA,NAIA,20250201-TedABroerStadium-1,8aa73d00-e0f5-11ef-bd34-fd2878f67622,75.08344,,,7.14393,,,,,,,78924947-b10b-4e7a-a348-8922e5fd05be,2025-02-01,23:37:46.91,2025-02-01T18:37:46.9109248-05:00,2025-02-01T23:37:46.9109248Z,,v3,,,,"McMullen, Brock",823662,Right,SOU_UNI,97f76fb4-f974-4426-ab87-fe6f294b6793,53.63931,-109.86024,11.63247,6.02735,3.01356,-17.84512,-2.15562,1.70338,5.07993,,,,,,,,,,,,,,,,,,,,,,,,,,,,,,,,,,,,,,,,,,,,,,,,,,,High,High,High,,,,,
73,2025-02-01,18:38:01.40,2,2,"Miranda, Angel",1000118930,Right,SOU_UNI,"Shackelford, David",1000114732,Right,HOP_INT,Undefined,3,Top,1,0,1,Slider,Slider,StrikeSwinging,Undefined,Undefined,Undefined,0,0,,78.56197,-0.955071,-2.592611,2294.104346,88.592384,9:00,5.79265,2.30982,6.63778,-43.33057,1.38791,-7.86469,1.30646,-0.72063,71.46609,-9.043337,-4.024231,0.481299,,,,,,,,,,,,3.29847,1.49228,-2.1317,50,5.71092,5.42549,-114.02888,-3.08614,4.26276,24.57717,-30.24551,SOU_UNI,HOP_INT,TedABroerStadium,NAIA,NAIA,20250201-TedABroerStadium-1,93477d80-e0f5-11ef-bd34-fd2878f67622,78.31399,,,7.09588,,,,,,,78924947-b10b-4e7a-a348-8922e5fd05be,2025-02-01,23:38:01.40,2025-02-01T18:38:01.4057984-05:00,2025-02-01T23:38:01.4057984Z,,v3,,,,"McMullen, Brock",823662,Right,SOU_UNI,cdf87340-d53b-47a3-91c2-34af1064faea,53.8606,-114.85796,12.28858,5.79781,-2.06585,-15.12275,-2.3123,5.28169,2.13138,,,,,,,,,,,,,,,,,,,,,,,,,,,,,,,,,,,,,,,,,,,,,,,,,,,High,High,High,,,,,
74,2025-02-01,18:38:17.38,2,3,"Miranda, Angel",1000118930,Right,SOU_UNI,"Shackelford, David",1000114732,Right,HOP_INT,Undefined,3,Top,1,0,2,Fastball,Four-Seam,BallCalled,Undefined,Undefined,Undefined,0,0,,90.65224,-1.717955,-3.865316,2222.628792,192.980484,12:30,6.08083,2.02815,7.4004,-10.18827,22.48253,4.90807,3.67795,-1.05525,81.57413,-3.805531,-2.962479,0.411388,,,,,,,,,,,,-3.88847,13.01359,-1.81885,50,5.98301,8.70503,-131.47806,-4.04256,-6.69328,32.20165,-9.77349,SOU_UNI,HOP_INT,TedABroerStadium,NAIA,NAIA,20250201-TedABroerStadium-1,9cc043b0-e0f5-11ef-bd34-fd2878f67622,91.62269,,,9.07811,,,,,,,78924947-b10b-4e7a-a348-8922e5fd05be,2025-02-01,23:38:17.38,2025-02-01T18:38:17.3820928-05:00,2025-02-01T23:38:17.3820928Z,,v3,,,,"McMullen, Brock",823662,Right,SOU_UNI,ea36c39d-fafd-444b-a70a-c1a5175c0361,53.09429,-132.23374,16.10083,6.07519,-3.81321,-4.88675,-2.02498,8.8621,-3.34664,,,,,,,,,,,,,,,,,,,,,,,,,,,,,,,,,,,,,,,,,,,,,,,,,,,High,High,High,,,,,
75,2025-02-01,18:38:33.45,2,4,"Miranda, Angel",1000118930,Right,SOU_UNI,"Shackelford, David",1000114732,Right,HOP_INT,Undefined,3,Top,1,1,2,Fastball,Four-Seam,BallCalled,Undefined,Undefined,Undefined,0,0,,90.38442,-0.999613,-1.332346,2191.618553,187.133164,12:15,6.11125,2.04967,7.27273,-9.74083,23.10434,2.74488,4.39515,1.07324,81.42754,-3.002597,-0.826876,0.412484,,,,,,,,,,,,-1.89264,13.0502,-1.97488,50,6.05035,2.95434,-131.37337,-2.37605,-3.25668,31.83651,-9.71866,SOU_UNI,HOP_INT,TedABroerStadium,NAIA,NAIA,20250201-TedABroerStadium-1,a65878c0-e0f5-11ef-bd34-fd2878f67622,91.37913,,,8.95688,,,,,,,78924947-b10b-4e7a-a348-8922e5fd05be,2025-02-01,23:38:33.45,2025-02-01T18:38:33.4507520-05:00,2025-02-01T23:38:33.4507520Z,,v3,,,,"McMullen, Brock",823662,Right,SOU_UNI,f189a11f-6cc8-42ac-b96a-6686b7749698,53.2221,-132.15189,15.91826,6.10555,-2.1384,-4.85933,-2.04809,3.03398,-1.62834,,,,,,,,,,,,,,,,,,,,,,,,,,,,,,,,,,,,,,,,,,,,,,,,,,,High,High,High,,,,,
76,2025-02-01,18:38:52.15,2,5,"Miranda, Angel",1000118930,Right,SOU_UNI,"Shackelford, David",1000114732,Right,HOP_INT,Undefined,3,Top,1,2,2,Slider,Slider,InPlay,Undefined,FlyBall,Out,1,0,,78.61924,0.51352,-1.802452,2350.205528,97.75136,9:15,5.76651,2.43321,6.71149,-41.97207,2.4763,-6.64315,2.73853,0.23131,71.23739,-7.378735,-3.013314,0.479843,89.27513,38.664756,-6.957603,3913.494865,109.51251,80.39565,-10.34369,314.78539,312.2521,-2.51706,5.475001,2.93437,1.55642,-2.31136,50,5.7844,3.81231,-114.20229,-0.09611,3.80506,24.58739,-30.15582,SOU_UNI,HOP_INT,TedABroerStadium,NAIA,NAIA,20250201-TedABroerStadium-1,b17eeef0-e0f5-11ef-bd34-fd2878f67622,78.55156,104.0888,,7.38186,,,,2.17412,2.85715,-0.28547,78924947-b10b-4e7a-a348-8922e5fd05be,2025-02-01,23:38:52.15,2025-02-01T18:38:52.1559552-05:00,2025-02-01T23:38:52.1559552Z,FlyBall,v3,,,,"McMullen, Brock",823662,Right,SOU_UNI,188b2092-4b92-4594-92c7-269d325af562,53.78713,-115.01476,12.29369,5.77112,0.90036,-15.07791,-2.43526,3.68657,1.90253,190.254864,2.17737,101.42711,-20.08748,4.52737,-0.72093,0.07029,-0.00381,0.00024,-2E-05,2.85784,81.78018,-18.84811,1.24441,-0.12104,-0.0262,0.01382,-0.00215,0.00011,-0.28584,-12.37817,4.89102,-1.22058,0.21481,-0.02333,0.00104,2E-05,-0,,,,,,,,,,,,,,,,,,,,,,,High,High,High,High,Medium,,,
77,2025-02-01,18:39:24.35,3,1,"Miranda, Angel",1000118930,Right,SOU_UNI,"Boston, Trotter",1000269934,Left,HOP_INT,Undefined,3,Top,2,0,0,Fastball,Four-Seam,BallCalled,Undefined,Undefined,Undefined,0,0,,92.04483,-1.165829,-2.339691,2277.459835,187.276876,12:15,6.06019,2.1862,7.35923,-6.4654,25.32686,3.08154,4.46779,0.32938,82.38463,-2.574101,-1.77188,0.405819,,,,,,,,,,,,-2.45079,14.358,-2.05802,50,5.99228,5.34699,-133.66824,-2.68361,-4.33606,34.75048,-6.77127,SOU_UNI,HOP_INT,TedABroerStadium,NAIA,NAIA,20250201-TedABroerStadium-1,c4c55210-e0f5-11ef-bd34-fd2878f67622,92.87999,,,9.6602,,,,,,,78924947-b10b-4e7a-a348-8922e5fd05be,2025-02-01,23:39:24.35,2025-02-01T18:39:24.3505664-05:00,2025-02-01T23:39:24.3505664Z,,v3,,,,"McMullen, Brock",823662,Right,SOU_UNI,f690d5e0-8d5c-4e40-8adf-20fccd0df5a7,53.13531,-134.48087,17.37524,6.05319,-2.52526,-3.38563,-2.18424,5.44839,-2.16803,,,,,,,,,,,,,,,,,,,,,,,,,,,,,,,,,,,,,,,,,,,,,,,,,,,High,High,High,,,,,
78,2025-02-01,18:39:38.92,3,2,"Miranda, Angel",1000118930,Right,SOU_UNI,"Boston, Trotter",1000269934,Left,HOP_INT,Undefined,3,Top,2,1,0,Slider,Slider,BallCalled,Undefined,Undefined,Undefined,0,0,,79.06324,1.591208,-1.151734,2391.160226,99.576537,9:15,5.73817,2.44384,6.6367,-41.28502,2.67138,-6.83772,3.75515,0.81949,71.62452,-6.17508,-2.396108,0.47718,,,,,,,,,,,,3.19358,1.41898,-2.36379,50,5.82982,2.54959,-114.81208,2.04359,4.20447,23.97138,-30.30592,SOU_UNI,HOP_INT,TedABroerStadium,NAIA,NAIA,20250201-TedABroerStadium-1,cd619af0-e0f5-11ef-bd34-fd2878f67622,78.98995,,,7.43872,,,,,,,78924947-b10b-4e7a-a348-8922e5fd05be,2025-02-01,23:39:38.92,2025-02-01T18:39:38.9273088-05:00,2025-02-01T23:39:38.9273088Z,,v3,,,,"McMullen, Brock",823662,Right,SOU_UNI,56bfbea6-ccf3-44b9-abc5-5b51ab166c70,53.85936,-115.61506,11.98569,5.74436,3.05876,-15.15296,-2.44684,2.40875,2.10223,,,,,,,,,,,,,,,,,,,,,,,,,,,,,,,,,,,,,,,,,,,,,,,,,,,High,High,High,,,,,
79,2025-02-01,18:39:55.33,3,3,"Miranda, Angel",1000118930,Right,SOU_UNI,"Boston, Trotter",1000269934,Left,HOP_INT,Undefined,3,Top,2,2,0,Fastball,Four-Seam,StrikeCalled,Undefined,Undefined,Undefined,0,0,,91.99491,-3.944182,-3.523797,2334.317501,204.858194,12:45,5.92968,2.10887,7.52003,-12.42792,18.91536,8.27083,1.33165,-0.37754,83.78438,-6.409183,-1.996742,0.402943,,,,,,,,,,,,-5.56256,11.81103,-1.92622,50,5.71944,7.93791,-133.41466,-9.41825,-9.95756,30.52853,-11.03102,SOU_UNI,HOP_INT,TedABroerStadium,NAIA,NAIA,20250201-TedABroerStadium-1,d7248980-e0f5-11ef-bd34-fd2878f67622,93.54284,,,8.21053,,,,,,,78924947-b10b-4e7a-a348-8922e5fd05be,2025-02-01,23:39:55.33,2025-02-01T18:39:55.3392128-05:00,2025-02-01T23:39:55.3392128Z,,v3,,,,"McMullen, Brock",823662,Right,SOU_UNI,d117156d-d3f7-4639-8eaa-14ec11c087fd,52.97883,-134.09456,15.26427,5.92646,-9.17258,-5.51551,-2.10547,8.15967,-4.97878,,,,,,,,,,,,,,,,,,,,,,,,,,,,,,,,,,,,,,,,,,,,,,,,,,,High,High,High,,,,,
80,2025-02-01,18:40:13.66,3,4,"Miranda, Angel",1000118930,Right,SOU_UNI,"Boston, Trotter",1000269934,Left,HOP_INT,Undefined,3,Top,2,2,1,Fastball,Four-Seam,BallCalled,Undefined,Undefined,Undefined,0,0,,91.16282,-2.955881,-1.858147,2295.750851,214.314773,1:15,5.88799,2.47951,7.34105,-12.38213,19.8404,12.75512,2.18265,1.8636,82.41955,-5.429361,0.494278,0.408556,,,,,,,,,,,,-7.42949,11.97237,-2.37875,50,5.71989,3.83386,-132.38698,-7.02938,-13.00318,31.90552,-11.21988,SOU_UNI,HOP_INT,TedABroerStadium,NAIA,NAIA,20250201-TedABroerStadium-1,e2174580-e0f5-11ef-bd34-fd2878f67622,92.25775,,,8.74327,,,,,,,78924947-b10b-4e7a-a348-8922e5fd05be,2025-02-01,23:40:13.66,2025-02-01T18:40:13.6680960-05:00,2025-02-01T23:40:13.6680960Z,,v3,,,,"McMullen, Brock",823662,Right,SOU_UNI,c68b850b-355a-46cd-bde4-416df540a06e,53.1555,-133.14528,15.95276,5.88378,-6.76271,-5.60994,-2.47354,4.14291,-6.50159,,,,,,,,,,,,,,,,,,,,,,,,,,,,,,,,,,,,,,,,,,,,,,,,,,,High,High,High,,,,,
81,2025-02-01,18:40:34.16,3,5,"Miranda, Angel",1000118930,Right,SOU_UNI,"Boston, Trotter",1000269934,Left,HOP_INT,Undefined,3,Top,2,3,1,Fastball,Four-Seam,InPlay,Undefined,FlyBall,Out,1,0,,90.85929,-2.48103,-3.084691,2275.083793,201.609083,12:45,5.92551,2.32182,7.3796,-12.58162,19.81521,7.39418,2.63322,0.15132,82.16396,-4.995162,-1.722459,0.409659,95.26347,43.376958,22.625088,,99.33678,102.24383,47.24586,298.43936,121.77941,29.833124,6.015367,-5.0065,11.88599,-2.15473,50,5.78567,6.85752,-131.92043,-5.93009,-8.70091,31.67708,-11.51712,SOU_UNI,HOP_INT,TedABroerStadium,NAIA,NAIA,20250201-TedABroerStadium-1,ee467920-e0f5-11ef-bd34-fd2878f67622,92.00929,131.76846,,8.69533,,,,1.81797,2.46921,-0.18846,78924947-b10b-4e7a-a348-8922e5fd05be,2025-02-01,23:40:34.16,2025-02-01T18:40:34.1690880-05:00,2025-02-01T23:40:34.1690880Z,FlyBall,v3,,,,"McMullen, Brock",823662,Right,SOU_UNI,2ccc82c5-84b4-4f36-9363-02ba7c2b686d,53.11883,-132.66722,15.83854,5.92227,-5.65857,-5.75856,-2.31882,7.06265,-4.35045,192.629754,1.82291,93.65349,-26.14802,6.92254,-1.22319,0.12159,-0.00268,-0.00052,3E-05,2.46852,95.95235,-19.99581,0.67552,0.21952,-0.12394,0.03051,-0.00372,0.00017,-0.18667,39.03749,-5.7461,1.05944,-0.10167,-0.00423,0.00199,-0.00012,0,,,,,,,,,,,,,,,,,,,,,,,High,High,High,Medium,Low,,,
82,2025-02-01,18:42:52.69,1,1,"Gonzalez, Matthew ",1000117515,Right,HOP_INT,"Streuer, Nick",1000220618,Left,SOU_UNI,Undefined,3,Bottom,0,0,0,ChangeUp,Changeup,BallCalled,Undefined,Undefined,Undefined,0,0,,75.82964,0.236447,-2.608708,2022.519178,256.740654,2:30,5.3226,2.23843,6.09053,-41.96561,7.27319,22.92509,2.04441,1.73409,68.2397,-7.61149,1.522574,0.505039,,,,,,,,,,,,-12.62355,4.23677,-2.04868,50,5.31925,4.17469,-109.90803,-0.74262,-15.09879,23.50635,-27.10654,SOU_UNI,HOP_INT,TedABroerStadium,NAIA,NAIA,20250201-TedABroerStadium-1,40ec9d80-e0f6-11ef-bd34-fd2878f67622,74.63266,,,7.58995,,,,,,,78924947-b10b-4e7a-a348-8922e5fd05be,2025-02-01,23:42:52.69,2025-02-01T18:42:52.6929408-05:00,2025-02-01T23:42:52.6929408Z,,v3,,,,"Chavez, Josiah ",701638,Right,HOP_INT,632226a7-5bd5-472a-b410-7a4ba3b0839f,54.40613,-110.84637,11.75318,5.3273,0.33944,-13.55327,-2.22736,4.77741,-7.5494,,,,,,,,,,,,,,,,,,,,,,,,,,,,,,,,,,,,,,,,,,,,,,,,,,,High,High,High,,,,,
83,2025-02-01,18:43:04.60,1,2,"Gonzalez, Matthew ",1000117515,Right,HOP_INT,"Streuer, Nick",1000220618,Left,SOU_UNI,Undefined,3,Bottom,0,1,0,ChangeUp,Changeup,StrikeCalled,Undefined,Undefined,Undefined,0,0,,75.81776,-0.389204,-5.39739,2046.130602,252.042786,2:30,5.31848,2.38066,5.8188,-40.00545,9.84052,24.56017,1.62121,-0.60582,68.36721,-7.829375,-1.015039,0.508144,,,,,,,,,,,,-14.26343,5.6863,-1.95244,50,5.26307,9.44134,-109.53043,-1.91897,-17.03956,22.34667,-25.38103,SOU_UNI,HOP_INT,TedABroerStadium,NAIA,NAIA,20250201-TedABroerStadium-1,48063e00-e0f6-11ef-bd34-fd2878f67622,74.17673,,,7.45055,,,,,,,78924947-b10b-4e7a-a348-8922e5fd05be,2025-02-01,23:43:04.60,2025-02-01T18:43:04.6061056-05:00,2025-02-01T23:43:04.6061056Z,,v3,,,,"Chavez, Josiah ",701638,Right,HOP_INT,ccc67087-3d10-4102-9d8a-8e99702a057b,54.67925,-110.48098,11.17334,5.32174,-0.83935,-12.69052,-2.36946,10.16614,-8.51978,,,,,,,,,,,,,,,,,,,,,,,,,,,,,,,,,,,,,,,,,,,,,,,,,,,High,High,High,,,,,
84,2025-02-01,18:43:16.40,1,3,"Gonzalez, Matthew ",1000117515,Right,HOP_INT,"Streuer, Nick",1000220618,Left,SOU_UNI,Undefined,3,Bottom,0,1,1,Fastball,Changeup,FoulBallNotFieldable,Undefined,Undefined,Undefined,0,0,,83.57421,-0.152118,-2.889465,1996.57203,240.971506,2:00,5.18563,2.37245,6.46296,-29.2673,10.44528,16.2471,2.60679,1.07011,75.42362,-5.696234,0.055936,0.453561,,,,,,,,,,,,-9.39737,5.93146,-2.17491,50,5.16203,5.51085,-121.24433,-1.14469,-13.77296,27.11169,-23.48079,SOU_UNI,HOP_INT,TedABroerStadium,NAIA,NAIA,20250201-TedABroerStadium-1,4f0614f0-e0f6-11ef-bd34-fd2878f67622,83.10341,,,8.15059,,,,,,,78924947-b10b-4e7a-a348-8922e5fd05be,2025-02-01,23:43:16.40,2025-02-01T18:43:16.4007424-05:00,2025-02-01T23:43:16.4007424Z,,v3,,,,"Chavez, Josiah ",701638,Right,HOP_INT,491d87da-6c4d-4ddc-beb8-5491b617d9b4,54.03406,-122.14307,13.55585,5.18708,-0.36632,-11.74039,-2.36516,5.96742,-6.88648,,,,,,,,,,,,,,,,,,,,,,,,,,,,,,,,,,,,,,,,,,,,,,,,,,,High,High,High,,,,,
85,2025-02-01,18:43:31.04,1,4,"Gonzalez, Matthew ",1000117515,Right,HOP_INT,"Streuer, Nick",1000220618,Left,SOU_UNI,Undefined,3,Bottom,0,1,2,Slider,Curveball,InPlay,Undefined,GroundBall,Out,1,0,,75.46412,1.822876,-0.385608,2589.352188,69.120747,8:15,5.17286,2.53401,5.40797,-53.36747,-2.7198,-11.7967,2.43409,1.18966,68.4306,-7.941263,-2.485603,0.512214,70.45444,-43.486022,-18.0106,,,,,4.05554,4.05554,-28.887214,0.033583,5.82355,-1.47394,-2.49105,50,5.2978,1.18458,-109.40331,1.73948,6.94969,22.06723,-33.93299,SOU_UNI,HOP_INT,TedABroerStadium,NAIA,NAIA,20250201-TedABroerStadium-1,57c48bd0-e0f6-11ef-bd34-fd2878f67622,73.58734,2.39647,,7.03352,,,,1.14814,2.39647,-1.17798,78924947-b10b-4e7a-a348-8922e5fd05be,2025-02-01,23:43:31.04,2025-02-01T18:43:31.0405632-05:00,2025-02-01T23:43:31.0405632Z,GroundBall,v3,,,,"Chavez, Josiah ",701638,Right,HOP_INT,f1e1e921-863f-4b42-8ddb-532e0749ffc2,55.09119,-110.42546,11.03362,5.18082,3.31124,-16.9665,-2.53847,0.86267,3.47485,,1.14679,71.54665,,,,,,,,2.39781,-71.3587,,,,,,,,-1.17754,-23.26155,,,,,,,,,,,,,,,,,,,,,,,,,,,,,,High,High,High,Estimated,Estimated,,,
86,2025-02-01,18:43:59.98,2,1,"Gonzalez, Matthew ",1000117515,Right,HOP_INT,"Collins, Charlie",1000096340,Right,SOU_UNI,Undefined,3,Bottom,1,0,0,Slider,Curveball,BallCalled,Undefined,Undefined,Undefined,0,0,,74.49801,1.645174,-2.872375,2553.637596,86.999486,9:00,5.31679,2.41007,5.63782,-50.78932,1.19921,-13.47938,2.62151,-1.39514,67.23647,-7.706286,-5.273405,0.51895,,,,,,,,,,,,5.79414,0.66398,-2.15727,50,5.4251,5.91643,-107.80544,1.52507,6.67126,22.52291,-31.40954,SOU_UNI,HOP_INT,TedABroerStadium,NAIA,NAIA,20250201-TedABroerStadium-1,690dbf60-e0f6-11ef-bd34-fd2878f67622,72.63218,,,7.26154,,,,,,,78924947-b10b-4e7a-a348-8922e5fd05be,2025-02-01,23:43:59.98,2025-02-01T18:43:59.9802368-05:00,2025-02-01T23:43:59.9802368Z,,v3,,,,"Chavez, Josiah ",701638,Right,HOP_INT,6e2cfb27-a585-49dd-be74-6dacee15571c,54.85795,-108.81564,11.26146,5.32511,2.93385,-15.70477,-2.41593,5.61721,3.33563,,,,,,,,,,,,,,,,,,,,,,,,,,,,,,,,,,,,,,,,,,,,,,,,,,,High,High,High,,,,,
87,2025-02-01,18:44:10.88,2,2,"Gonzalez, Matthew ",1000117515,Right,HOP_INT,"Collins, Charlie",1000096340,Right,SOU_UNI,Undefined,3,Bottom,1,1,0,Slider,Curveball,BallCalled,Undefined,Undefined,Undefined,0,0,,73.53442,-0.313739,-3.856013,2704.401034,63.82759,8:15,5.42169,2.48562,5.58635,-58.28015,-4.97225,-13.89233,0.27137,-2.27831,67.27654,-10.888442,-6.330214,0.525493,,,,,,,,,,,,5.84016,-2.01662,-2.14443,50,5.35638,7.66227,-106.46046,-2.37509,6.57321,21.56582,-34.44379,SOU_UNI,HOP_INT,TedABroerStadium,NAIA,NAIA,20250201-TedABroerStadium-1,6f868c00-e0f6-11ef-bd34-fd2878f67622,71.72775,,,6.25788,,,,,,,78924947-b10b-4e7a-a348-8922e5fd05be,2025-02-01,23:44:10.88,2025-02-01T18:44:10.8872704-05:00,2025-02-01T23:44:10.8872704Z,,v3,,,,"Chavez, Josiah ",701638,Right,HOP_INT,abde1d0d-fd8e-4def-b92a-919f1762ed98,54.91461,-107.45141,10.78291,5.42915,-0.7924,-17.22189,-2.48957,7.36023,3.28661,,,,,,,,,,,,,,,,,,,,,,,,,,,,,,,,,,,,,,,,,,,,,,,,,,,High,High,High,,,,,
88,2025-02-01,18:44:26.87,2,3,"Gonzalez, Matthew ",1000117515,Right,HOP_INT,"Collins, Charlie",1000096340,Right,SOU_UNI,Undefined,3,Bottom,1,2,0,ChangeUp,Changeup,BallCalled,Undefined,Undefined,Undefined,0,0,,76.81257,-2.006937,-4.222303,2026.873383,252.473044,2:30,5.08663,2.59445,6.07796,-39.11274,8.47839,21.60418,-0.03546,0.4811,70.16061,-9.257319,-0.33471,0.496517,,,,,,,,,,,,-12.58355,5.41548,-2.27949,50,4.9101,7.47343,-111.26121,-5.02148,-15.62576,21.70907,-25.44933,SOU_UNI,HOP_INT,TedABroerStadium,NAIA,NAIA,20250201-TedABroerStadium-1,79082bd0-e0f6-11ef-bd34-fd2878f67622,75.91367,,,6.65196,,,,,,,78924947-b10b-4e7a-a348-8922e5fd05be,2025-02-01,23:44:26.87,2025-02-01T18:44:26.8748800-05:00,2025-02-01T23:44:26.8748800Z,,v3,,,,"Chavez, Josiah ",701638,Right,HOP_INT,9f1626b3-46a1-4b5f-98ef-bb5272a75af5,54.42304,-112.1209,10.85454,5.089,-4.01367,-12.72467,-2.58769,8.09221,-7.81288,,,,,,,,,,,,,,,,,,,,,,,,,,,,,,,,,,,,,,,,,,,,,,,,,,,High,High,High,,,,,
89,2025-02-01,18:44:46.26,2,4,"Gonzalez, Matthew ",1000117515,Right,HOP_INT,"Collins, Charlie",1000096340,Right,SOU_UNI,Undefined,3,Bottom,1,3,0,Fastball,Changeup,BallCalled,Walk,Undefined,Undefined,0,0,,82.39948,0.151272,-5.586725,2073.134116,264.002727,2:45,5.2798,2.42704,6.03987,-38.19404,3.33721,18.0854,2.2377,-1.25504,74.79103,-6.929612,-2.350553,0.46383,,,,,,,,,,,,-10.96016,2.11043,-1.99965,50,5.27125,10.951,-119.14443,-0.89838,-15.62509,24.64709,-29.16534,SOU_UNI,HOP_INT,TedABroerStadium,NAIA,NAIA,20250201-TedABroerStadium-1,848ffbe0-e0f6-11ef-bd34-fd2878f67622,81.26349,,,7.60844,,,,,,,78924947-b10b-4e7a-a348-8922e5fd05be,2025-02-01,23:44:46.26,2025-02-01T18:44:46.2630400-05:00,2025-02-01T23:44:46.2630400Z,,v3,,,,"Chavez, Josiah ",701638,Right,HOP_INT,b7a11bf2-4c1b-44f9-92d9-2d354225ae32,54.45904,-120.06331,12.32355,5.28448,0.18895,-14.58267,-2.41878,11.53353,-7.81254,,,,,,,,,,,,,,,,,,,,,,,,,,,,,,,,,,,,,,,,,,,,,,,,,,,High,High,High,,,,,
90,2025-02-01,18:45:50.38,3,1,"Gonzalez, Matthew ",1000117515,Right,HOP_INT,"Hicks, Connor",801360,Left,SOU_UNI,Undefined,3,Bottom,1,0,0,Fastball,Changeup,StrikeCalled,Undefined,Undefined,Undefined,0,0,,83.34155,0.051446,-2.256574,2021.331448,262.920595,2:45,5.22399,2.02284,6.28151,-36.51321,3.48079,16.99607,2.22867,1.35827,75.70853,-6.765209,0.817878,0.455165,,,,,,,,,,,,-9.50064,2.21303,-1.8641,50,5.21042,4.12152,-121.00783,-1.017,-13.93393,26.00867,-28.92838,SOU_UNI,HOP_INT,TedABroerStadium,NAIA,NAIA,20250201-TedABroerStadium-1,aacc3120-e0f6-11ef-bd34-fd2878f67622,82.81052,,,7.63303,,,,,,,78924947-b10b-4e7a-a348-8922e5fd05be,2025-02-01,23:45:50.38,2025-02-01T18:45:50.3824896-05:00,2025-02-01T23:45:50.3824896Z,,v3,,,,"Chavez, Josiah ",701638,Right,HOP_INT,e5407bea-e5fd-4bb7-b6a4-25ecdd2f5109,54.21707,-121.91085,13.00434,5.22829,-0.0126,-14.46419,-2.0156,4.60531,-6.96697,,,,,,,,,,,,,,,,,,,,,,,,,,,,,,,,,,,,,,,,,,,,,,,,,,,High,High,High,,,,,
91,2025-02-01,18:46:52.54,3,2,"Gonzalez, Matthew ",1000117515,Right,HOP_INT,"Hicks, Connor",801360,Left,SOU_UNI,Undefined,3,Bottom,1,0,1,ChangeUp,Changeup,StrikeCalled,Undefined,Undefined,Undefined,0,0,,76.35764,-0.775107,-3.349146,2143.253153,236.569573,2:00,5.39914,2.08022,6.09586,-33.09258,15.18646,20.33879,1.92324,0.67389,69.06924,-7.005363,0.311402,0.500093,,,,,,,,,,,,-11.61075,8.58477,-1.83288,50,5.32208,5.76039,-110.66589,-2.39001,-14.1833,22.50804,-21.68719,SOU_UNI,HOP_INT,TedABroerStadium,NAIA,NAIA,20250201-TedABroerStadium-1,cfdf28a0-e0f6-11ef-bd34-fd2878f67622,75.37085,,,7.2884,,,,,,,78924947-b10b-4e7a-a348-8922e5fd05be,2025-02-01,23:46:52.54,2025-02-01T18:46:52.5414912-05:00,2025-02-01T23:46:52.5414912Z,,v3,,,,"Chavez, Josiah ",701638,Right,HOP_INT,d494f3ff-8c27-4094-8307-e9536fcef0a4,54.40226,-111.55766,11.25402,5.39975,-1.53076,-10.8436,-2.07224,6.32233,-7.09165,,,,,,,,,,,,,,,,,,,,,,,,,,,,,,,,,,,,,,,,,,,,,,,,,,,High,High,High,,,,,
92,2025-02-01,18:47:15.21,3,3,"Gonzalez, Matthew ",1000117515,Right,HOP_INT,"Hicks, Connor",801360,Left,SOU_UNI,Undefined,3,Bottom,1,0,2,ChangeUp,Changeup,BallCalled,Undefined,Undefined,Undefined,0,0,,77.34248,-1.980454,-4.420456,2208.392483,248.730345,2:15,5.41255,2.1076,6.15433,-36.97014,10.05564,21.45454,0.49578,-0.19671,70.27025,-8.87218,-0.55718,0.49356,,,,,,,,,,,,-12.58406,6.29756,-1.78234,50,5.24267,7.90667,-111.95354,-4.91814,-15.75502,22.76411,-24.28964,SOU_UNI,HOP_INT,TedABroerStadium,NAIA,NAIA,20250201-TedABroerStadium-1,dd5cae30-e0f6-11ef-bd34-fd2878f67622,76.36857,,,7.07223,,,,,,,78924947-b10b-4e7a-a348-8922e5fd05be,2025-02-01,23:47:15.21,2025-02-01T18:47:15.2129024-05:00,2025-02-01T23:47:15.2129024Z,,v3,,,,"Chavez, Josiah ",701638,Right,HOP_INT,e38c9e98-40b5-4ffb-8278-a28e554bad6e,54.34531,-112.83364,11.38206,5.41466,-3.97907,-12.14482,-2.09979,8.51578,-7.87751,,,,,,,,,,,,,,,,,,,,,,,,,,,,,,,,,,,,,,,,,,,,,,,,,,,High,High,High,,,,,
93,2025-02-01,18:47:36.89,3,4,"Gonzalez, Matthew ",1000117515,Right,HOP_INT,"Hicks, Connor",801360,Left,SOU_UNI,Undefined,3,Bottom,1,1,2,Fastball,Changeup,BallCalled,Undefined,Undefined,Undefined,0,0,,83.27241,-0.373328,-5.626608,2078.504501,251.270352,2:30,5.26891,2.02252,6.04881,-32.19943,8.59071,21.00789,2.23834,-1.45242,75.23857,-6.391264,-1.867173,0.459673,,,,,,,,,,,,-12.84383,4.8954,-1.59554,50,5.22225,11.08844,-120.40383,-1.76726,-18.6052,26.26208,-25.08273,SOU_UNI,HOP_INT,TedABroerStadium,NAIA,NAIA,20250201-TedABroerStadium-1,ea419d40-e0f6-11ef-bd34-fd2878f67622,81.99838,,,8.03384,,,,,,,78924947-b10b-4e7a-a348-8922e5fd05be,2025-02-01,23:47:36.89,2025-02-01T18:47:36.8974848-05:00,2025-02-01T23:47:36.8974848Z,,v3,,,,"Chavez, Josiah ",701638,Right,HOP_INT,e6398fa7-df40-4312-9a20-e4514ae45dab,54.45272,-121.37116,13.13104,5.27033,-0.84338,-12.54136,-2.01659,11.77374,-9.3026,,,,,,,,,,,,,,,,,,,,,,,,,,,,,,,,,,,,,,,,,,,,,,,,,,,High,High,High,,,,,
94,2025-02-01,18:47:54.31,3,5,"Gonzalez, Matthew ",1000117515,Right,HOP_INT,"Hicks, Connor",801360,Left,SOU_UNI,Undefined,3,Bottom,1,2,2,Fastball,Changeup,BallCalled,Undefined,Undefined,Undefined,0,0,,84.48378,-1.580547,-4.741807,2138.147565,242.28029,2:00,5.38031,1.99957,5.90569,-27.19509,12.59048,21.22048,1.64151,-0.64367,76.3854,-6.680959,-0.945623,0.453977,,,,,,,,,,,,-12.35229,7.3552,-1.63017,50,5.23753,9.28153,-122.19595,-4.2212,-18.45108,26.7945,-21.18731,SOU_UNI,HOP_INT,TedABroerStadium,NAIA,NAIA,20250201-TedABroerStadium-1,f4a49c60-e0f6-11ef-bd34-fd2878f67622,83.02715,,,8.09838,,,,,,,78924947-b10b-4e7a-a348-8922e5fd05be,2025-02-01,23:47:54.31,2025-02-01T18:47:54.3140000-05:00,2025-02-01T23:47:54.3140000Z,,v3,,,,"Chavez, Josiah ",701638,Right,HOP_INT,c26aea7a-a7f9-4030-ab56-162cff907567,54.59273,-123.19891,13.39725,5.38069,-3.42813,-10.59366,-1.99052,9.97218,-9.22554,,,,,,,,,,,,,,,,,,,,,,,,,,,,,75.65344,2.104609,0.793037,1.311572,1.77991,1.68394,0.6376,-1.21838,6.13339,0.51125,127.27762,-0.03018,0.08155,-1.08963,109.07061,-8.62972,6.13839,9.52975,-10.85912,0.45991,-3.87668,2.77165,High,High,High,,,High,High,High
95,2025-02-01,18:48:34.32,3,6,"Gonzalez, Matthew ",1000117515,Right,HOP_INT,"Hicks, Connor",801360,Left,SOU_UNI,Undefined,3,Bottom,1,3,2,Slider,Curveball,BallCalled,Walk,Undefined,Undefined,0,0,,74.26655,1.784536,-0.917612,2504.552316,84.762558,8:45,5.37956,2.25917,5.58304,-52.10314,0.04972,-19.85907,2.70491,-0.25276,67.2007,-7.796779,-4.460841,0.519769,,,,,,,,,,,,9.75323,-0.04665,-2.16694,50,5.49919,2.45598,-107.65325,1.7366,11.22169,22.09991,-32.22771,SOU_UNI,HOP_INT,TedABroerStadium,NAIA,NAIA,20250201-TedABroerStadium-1,0c8e48d0-e0f7-11ef-bd34-fd2878f67622,72.51766,,,7.06584,,,,,,,78924947-b10b-4e7a-a348-8922e5fd05be,2025-02-01,23:48:34.32,2025-02-01T18:48:34.3215104-05:00,2025-02-01T23:48:34.3215104Z,,v3,,,,"Chavez, Josiah ",701638,Right,HOP_INT,56aee62e-a6a9-4762-8bf8-4971b501fe7a,54.91582,-108.65772,11.04995,5.38697,3.2014,-16.11386,-2.26698,1.94594,5.61084,,,,,,,,,,,,,,,,,,,,,,,,,,,,,,,,,,,,,,,,,,,,,,,,,,,High,High,High,,,,,
96,2025-02-01,18:49:00.84,4,1,"Gonzalez, Matthew ",1000117515,Right,HOP_INT,"Tassler, Peter",10061229,Right,SOU_UNI,Undefined,3,Bottom,1,0,0,Fastball,Changeup,HitByPitch,Undefined,Undefined,Undefined,0,0,,83.57453,-0.259921,-1.975381,2103.037749,249.640728,2:15,5.19039,2.25486,6.14365,-30.75435,9.76678,22.10186,2.38719,2.27053,74.84382,-6.061575,2.011735,0.458155,,,,,,,,,,,,-12.08229,5.58323,-2.11536,50,5.15504,3.31018,-121.1704,-1.47124,-17.5123,29.21454,-24.08158,SOU_UNI,HOP_INT,TedABroerStadium,NAIA,NAIA,20250201-TedABroerStadium-1,1c5214e0-e0f7-11ef-bd34-fd2878f67622,82.27009,,,8.73071,,,,,,,78924947-b10b-4e7a-a348-8922e5fd05be,2025-02-01,23:49:00.84,2025-02-01T18:49:00.8408064-05:00,2025-02-01T23:49:00.8408064Z,,v3,,,,"Chavez, Josiah ",701638,Right,HOP_INT,eee2c4f4-578e-495d-8cf4-8cce440093f1,54.35309,-122.21543,14.60727,5.19226,-0.60981,-12.04079,-2.24498,3.93662,-8.75615,,,,,,,,,,,,,,,,,,,,,,,,,,,,,,,,,,,,,,,,,,,,,,,,,,,High,High,High,,,,,
97,2025-02-01,18:50:29.35,5,1,"Gonzalez, Matthew ",1000117515,Right,HOP_INT,"White, Myles",809319,Left,SOU_UNI,Undefined,3,Bottom,1,0,0,ChangeUp,Changeup,BallCalled,Undefined,Undefined,Undefined,0,0,,76.6121,-1.524645,-4.467952,2182.382667,255.013079,2:30,5.3862,2.15938,6.13251,-39.53368,8.59351,25.37856,0.6779,0.13623,69.34115,-8.894449,0.101595,0.499306,,,,,,,,,,,,-14.68131,5.42512,-1.83097,50,5.24902,7.78082,-110.88893,-4.07106,-17.95615,23.10763,-25.5388,SOU_UNI,HOP_INT,TedABroerStadium,NAIA,NAIA,20250201-TedABroerStadium-1,5116fe20-e0f7-11ef-bd34-fd2878f67622,75.48969,,,7.27095,,,,,,,78924947-b10b-4e7a-a348-8922e5fd05be,2025-02-01,23:50:29.35,2025-02-01T18:50:29.3591552-05:00,2025-02-01T23:50:29.3591552Z,,v3,,,,"Chavez, Josiah ",701638,Right,HOP_INT,3fb4617c-d8fa-41d7-927e-b39ddfdd2981,54.36739,-111.79533,11.55382,5.38906,-3.0693,-12.7694,-2.14999,8.48515,-8.97807,,,,,,,,,,,,,,,,,,,,,,,,,,,,,,,,,,,,,,,,,,,,,,,,,,,High,High,High,,,,,
98,2025-02-01,18:50:52.27,5,2,"Gonzalez, Matthew ",1000117515,Right,HOP_INT,"White, Myles",809319,Left,SOU_UNI,Undefined,3,Bottom,1,1,0,Slider,Curveball,StrikeCalled,Undefined,Undefined,Undefined,0,0,,74.57834,1.761499,-1.366468,2561.604907,89.545764,9:00,5.30441,2.24812,5.6374,-49.91829,1.67681,-19.86225,2.78888,-0.68212,67.51131,-7.434666,-4.911289,0.516982,,,,,,,,,,,,9.58323,0.82201,-2.11916,50,5.42274,3.3161,-108.0911,1.78382,11.12709,22.10786,-31.21962,SOU_UNI,HOP_INT,TedABroerStadium,NAIA,NAIA,20250201-TedABroerStadium-1,5ec334d0-e0f7-11ef-bd34-fd2878f67622,72.90858,,,7.06703,,,,,,,78924947-b10b-4e7a-a348-8922e5fd05be,2025-02-01,23:50:52.27,2025-02-01T18:50:52.2787840-05:00,2025-02-01T23:50:52.2787840Z,,v3,,,,"Chavez, Josiah ",701638,Right,HOP_INT,1cb6d351-2662-4295-8ed9-38d3b9519b7e,54.86055,-109.0807,11.05393,5.31162,3.18128,-15.60981,-2.25645,2.81802,5.56355,,,,,,,,,,,,,,,,,,,,,,,,,,,,,,,,,,,,,,,,,,,,,,,,,,,High,High,High,,,,,
99,2025-02-01,18:51:10.56,5,3,"Gonzalez, Matthew ",1000117515,Right,HOP_INT,"White, Myles",809319,Left,SOU_UNI,Undefined,3,Bottom,1,1,1,Fastball,Changeup,FoulBallNotFieldable,Undefined,Undefined,Undefined,0,0,,82.63644,-1.370266,-4.909846,2180.431914,234.843984,1:45,5.20282,2.03642,6.37527,-25.75643,15.2115,19.44446,1.79087,-0.87157,74.48834,-6.272155,-1.403296,0.460674,64.41013,40.459124,-155.199069,3873.171291,,,,,23.12498,,,-11.71883,8.80331,-1.6901,50,5.09172,9.5486,-119.55783,-3.55767,-16.70069,26.36513,-19.62831,SOU_UNI,HOP_INT,TedABroerStadium,NAIA,NAIA,20250201-TedABroerStadium-1,69a2de00-e0f7-11ef-bd34-fd2878f67622,81.82024,19.35616,,8.1481,,,,1.79743,1.80187,0.88097,78924947-b10b-4e7a-a348-8922e5fd05be,2025-02-01,23:51:10.56,2025-02-01T18:51:10.5626112-05:00,2025-02-01T23:51:10.5626112Z,,v3,,,,"Chavez, Josiah ",701638,Right,HOP_INT,fe637e1e-8617-4003-bdec-ffa6ffbaf0ac,54.12249,-120.4635,13.18257,5.20235,-2.88342,-9.81415,-2.02795,10.12228,-8.35034,19.618707,1.80244,-65.44021,2.83418,,,,,,,1.81687,60.73832,-33.08052,,,,,,,0.87742,-30.01776,6.74715,,,,,,,,,,,,,,,,,,,,,,,,,,,,,High,High,High,High,Undefined,,,
100,2025-02-01,18:51:34.63,5,4,"Gonzalez, Matthew ",1000117515,Right,HOP_INT,"White, Myles",809319,Left,SOU_UNI,Undefined,3,Bottom,1,1,2,Slider,Curveball,FoulBallNotFieldable,Undefined,Undefined,Undefined,0,0,,74.00697,0.650484,-0.804433,2561.194186,83.773876,8:45,5.37461,2.17908,5.83373,-52.0894,-0.03016,-17.66969,1.63854,-0.04116,67.0593,-8.954255,-3.976342,0.519302,66.47753,-9.979729,54.885806,,,,,11.00477,2.65351,45.37352,0.099874,8.78701,0.27768,-2.10285,50,5.39718,2.13212,-107.35563,-0.33068,10.03251,22.3425,-31.85702,SOU_UNI,HOP_INT,TedABroerStadium,NAIA,NAIA,20250201-TedABroerStadium-1,77fe6780-e0f7-11ef-bd34-fd2878f67622,72.58284,1.69176,,6.94767,,,,2.20041,1.69176,-0.03248,78924947-b10b-4e7a-a348-8922e5fd05be,2025-02-01,23:51:34.63,2025-02-01T18:51:34.6305024-05:00,2025-02-01T23:51:34.6305024Z,GroundBall,v3,,,,"Chavez, Josiah ",701638,Right,HOP_INT,4ca3ad36-79d1-44bc-a300-f62f47e8d415,54.66511,-108.32217,11.17125,5.38168,1.04746,-15.92851,-2.1857,1.69811,5.01625,,2.1982,55.37214,,,,,,,,1.69243,-16.93892,,,,,,,,-0.03563,78.74511,,,,,,,,,,,,,,,,,,,,,,,,,,,,,,High,High,High,Low,Low,,,
101,2025-02-01,18:52:00.34,5,5,"Gonzalez, Matthew ",1000117515,Right,HOP_INT,"White, Myles",809319,Left,SOU_UNI,Undefined,3,Bottom,1,1,2,Fastball,Changeup,BallCalled,Undefined,Undefined,Undefined,0,0,,82.00052,0.922822,-2.029864,2220.515917,242.099542,2:00,5.45263,2.32653,6.09979,-29.5212,12.68619,20.87332,3.84661,2.18786,73.20799,-4.67876,1.729259,0.46759,,,,,,,,,,,,-11.3717,6.68,-2.1806,50,5.50848,3.38416,-118.8188,1.06496,-15.8495,28.08169,-22.86365,SOU_UNI,HOP_INT,TedABroerStadium,NAIA,NAIA,20250201-TedABroerStadium-1,874b7cf0-e0f7-11ef-bd34-fd2878f67622,80.60994,,,8.79253,,,,,,,78924947-b10b-4e7a-a348-8922e5fd05be,2025-02-01,23:52:00.34,2025-02-01T18:52:00.3485696-05:00,2025-02-01T23:52:00.3485696Z,,v3,,,,"Chavez, Josiah ",701638,Right,HOP_INT,c3b1ca47-0a47-4916-85a8-0563c925530f,54.39505,-119.85302,14.04084,5.45375,1.90701,-11.43183,-2.31599,3.96789,-7.92475,,,,,,,,,,,,,,,,,,,,,,,,,,,,,,,,,,,,,,,,,,,,,,,,,,,High,High,High,,,,,
102,2025-02-01,18:52:17.23,5,6,"Gonzalez, Matthew ",1000117515,Right,HOP_INT,"White, Myles",809319,Left,SOU_UNI,Undefined,3,Bottom,1,2,2,ChangeUp,Changeup,StrikeSwinging,Strikeout,Undefined,Undefined,0,0,,78.37668,-1.15281,-3.038576,2310.482665,257.197554,2:30,5.4406,1.96468,6.15468,-38.21758,7.59264,25.98312,1.18909,1.31998,70.92786,-8.285946,1.651114,0.487139,,,,,,,,,,,,-14.39213,4.8076,-1.74645,50,5.33364,5.08093,-113.62992,-3.39711,-18.48051,24.2941,-26.00076,SOU_UNI,HOP_INT,TedABroerStadium,NAIA,NAIA,20250201-TedABroerStadium-1,916c1be0-e0f7-11ef-bd34-fd2878f67622,77.37518,,,7.44881,,,,,,,78924947-b10b-4e7a-a348-8922e5fd05be,2025-02-01,23:52:17.23,2025-02-01T18:52:17.2366336-05:00,2025-02-01T23:52:17.2366336Z,,v3,,,,"Chavez, Josiah ",701638,Right,HOP_INT,946ebe08-f8ea-4cd7-ab9d-cc0050b96916,54.344,-114.5549,12.14705,5.44413,-2.40715,-13.00038,-1.9533,5.78456,-9.24026,,,,,,,,,,,,,,,,,,,,,,,,,,,,,,,,,,,,,,,,,,,,,,,,,,,High,High,High,,,,,
103,2025-02-01,18:52:49.06,6,1,"Gonzalez, Matthew ",1000117515,Right,HOP_INT,"Villalobos, Alfonso",1000093852,Right,SOU_UNI,Undefined,3,Bottom,2,0,0,Fastball,Changeup,BallCalled,Undefined,Undefined,Undefined,0,0,,82.82933,0.39823,-2.669284,2168.301272,253.869659,2:30,5.15004,2.34266,6.3488,-33.40955,7.30091,20.07627,2.73289,1.55681,74.56038,-5.89681,0.963555,0.459224,,,,,,,,,,,,-11.55603,4.02721,-2.15866,50,5.16321,4.88948,-120.19696,-0.12846,-16.56418,27.68753,-26.40153,SOU_UNI,HOP_INT,TedABroerStadium,NAIA,NAIA,20250201-TedABroerStadium-1,a451c160-e0f7-11ef-bd34-fd2878f67622,82.07858,,,8.26895,,,,,,,78924947-b10b-4e7a-a348-8922e5fd05be,2025-02-01,23:52:49.06,2025-02-01T18:52:49.0641920-05:00,2025-02-01T23:52:49.0641920Z,,v3,,,,"Chavez, Josiah ",701638,Right,HOP_INT,66579463-cd6c-4922-8a5d-65646e783c85,54.15177,-121.14955,13.84377,5.152,0.77989,-13.20077,-2.33669,5.45937,-8.28209,,,,,,,,,,,,,,,,,,,,,,,,,,,,,,,,,,,,,,,,,,,,,,,,,,,High,High,High,,,,,
104,2025-02-01,18:53:07.51,6,2,"Gonzalez, Matthew ",1000117515,Right,HOP_INT,"Villalobos, Alfonso",1000093852,Right,SOU_UNI,Undefined,3,Bottom,2,1,0,Slider,Curveball,StrikeCalled,Undefined,Undefined,Undefined,0,0,,74.6189,0.855403,-2.034496,2623.752413,91.717592,9:00,5.32968,2.14439,5.75173,-49.35085,2.35886,-12.88646,2.01399,-0.82424,67.15095,-8.266037,-4.339823,0.517556,,,,,,,,,,,,5.80906,1.49457,-1.96766,50,5.37126,4.31466,-108.05868,0.11982,6.689,23.41592,-30.45308,SOU_UNI,HOP_INT,TedABroerStadium,NAIA,NAIA,20250201-TedABroerStadium-1,af63c530-e0f7-11ef-bd34-fd2878f67622,72.82773,,,7.46795,,,,,,,78924947-b10b-4e7a-a348-8922e5fd05be,2025-02-01,23:53:07.51,2025-02-01T18:53:07.5163136-05:00,2025-02-01T23:53:07.5163136Z,,v3,,,,"Chavez, Josiah ",701638,Right,HOP_INT,6b776f17-d76e-4859-ba4f-284b952a3aea,54.7439,-109.08182,11.70796,5.33696,1.45044,-15.22654,-2.1498,4.02239,3.3445,,,,,,,,,,,,,,,,,,,,,,,,,,,,,,,,,,,,,,,,,,,,,,,,,,,High,High,High,,,,,
105,2025-02-01,18:53:23.48,6,3,"Gonzalez, Matthew ",1000117515,Right,HOP_INT,"Villalobos, Alfonso",1000093852,Right,SOU_UNI,Undefined,3,Bottom,2,1,1,Slider,Curveball,FoulBallNotFieldable,Undefined,Undefined,Undefined,0,0,,74.13615,1.251375,-0.133878,2631.343852,86.06152,8:45,5.29763,2.18857,5.49252,-51.84578,0.66457,-18.09954,2.14794,0.55504,67.06324,-8.269622,-3.361374,0.521548,99.7803,16.348367,-46.385956,2985.254793,70.95678,21.92306,-84.05411,247.937,193.75501,-56.770327,2.265375,9.17749,0.36752,-2.16385,50,5.372,0.91038,-107.48728,0.73554,10.51658,22.1949,-31.75289,SOU_UNI,HOP_INT,TedABroerStadium,NAIA,NAIA,20250201-TedABroerStadium-1,b8e36930-e0f7-11ef-bd34-fd2878f67622,72.27038,22.51874,,7.07291,,,,3.22805,2.56967,-0.77166,78924947-b10b-4e7a-a348-8922e5fd05be,2025-02-01,23:53:23.48,2025-02-01T18:53:23.4822144-05:00,2025-02-01T23:53:23.4822144Z,LineDrive,v3,,,,"Chavez, Josiah ",701638,Right,HOP_INT,8c9849c7-502a-4e33-ac2e-bb87532f2b92,55.00708,-108.51627,11.09745,5.30378,2.20764,-15.87644,-2.19475,0.42282,5.25829,,3.22806,96.86585,-22.47098,3.66012,-0.73097,0.10311,-0.00469,-0.0017,0.00032,2.56966,41.19261,-24.227,3.62842,-0.82963,0.2013,-0.04073,0.00651,-0.00056,-0.77166,-101.66952,2.88491,1.37408,-0.49965,0.16386,-0.04024,0.00716,-0.00065,,,,,,,,,,,,,,,,,,,,,,,High,High,High,Medium,Medium,,,
106,2025-02-01,18:53:54.45,6,4,"Gonzalez, Matthew ",1000117515,Right,HOP_INT,"Villalobos, Alfonso",1000093852,Right,SOU_UNI,Undefined,3,Bottom,2,1,2,Slider,Curveball,BallCalled,Undefined,Undefined,Undefined,0,1,,74.69978,-1.609159,-3.619609,2613.444497,87.553359,9:00,5.23598,2.10064,6.22476,-49.78546,1.13539,-18.32147,-0.40089,-2.7703,67.78252,-10.776704,-6.921311,0.513593,,,,,,,,,,,,8.3578,1.57906,-1.82034,50,5.09068,7.43487,-108.15288,-4.41119,9.5962,24.24206,-30.36101,SOU_UNI,HOP_INT,TedABroerStadium,NAIA,NAIA,20250201-TedABroerStadium-1,cb5a9570-e0f7-11ef-bd34-fd2878f67622,73.38968,,,6.91726,,,,,,,78924947-b10b-4e7a-a348-8922e5fd05be,2025-02-01,23:53:54.45,2025-02-01T18:53:54.4547328-05:00,2025-02-01T23:53:54.4547328Z,,v3,,,,"Chavez, Josiah ",701638,Right,HOP_INT,6cb86030-9744-411f-a9dc-eaf519a1a910,54.27531,-109.10697,12.12103,5.24077,-3.21628,-15.1805,-2.10553,7.0572,4.7981,,,,,,,,,,,,,,,,,,,,,,,,,,,,,,,,,,,,,,,,,,,,,,,,,,,High,High,High,,,,,
107,2025-02-01,18:54:30.46,6,5,"Gonzalez, Matthew ",1000117515,Right,HOP_INT,"Villalobos, Alfonso",1000093852,Right,SOU_UNI,Undefined,3,Bottom,2,2,2,Fastball,Changeup,FoulBallNotFieldable,Undefined,Undefined,Undefined,0,0,,81.34413,-0.668181,-3.027527,2132.947382,240.065638,2:00,5.11366,2.10419,6.48706,-28.27427,14.07768,21.53312,2.14313,1.11647,72.66773,-6.074892,0.877865,0.468391,,,,,,,,,,,,-12.39438,8.07469,-1.90056,50,5.05444,5.46012,-117.89778,-2.11231,-16.96476,28.16565,-21.12184,SOU_UNI,HOP_INT,TedABroerStadium,NAIA,NAIA,20250201-TedABroerStadium-1,e0c62280-e0f7-11ef-bd34-fd2878f67622,80.47225,,,8.6764,,,,,,,78924947-b10b-4e7a-a348-8922e5fd05be,2025-02-01,23:54:30.46,2025-02-01T18:54:30.4665088-05:00,2025-02-01T23:54:30.4665088Z,,v3,,,,"Chavez, Josiah ",701638,Right,HOP_INT,83ee74db-b9ce-4152-9b7f-1ad19de3b754,54.01015,-118.85194,14.08283,5.11387,-1.39677,-10.56092,-2.09526,6.03483,-8.48238,,,,,,,,,,,,,,,,,,,,,,,,,,,,,,,,,,,,,,,,,,,,,,,,,,,High,High,High,,,,,
108,2025-02-01,18:54:54.84,6,6,"Gonzalez, Matthew ",1000117515,Right,HOP_INT,"Villalobos, Alfonso",1000093852,Right,SOU_UNI,Undefined,3,Bottom,2,2,2,Slider,Curveball,StrikeSwinging,Strikeout,Undefined,Undefined,0,0,,74.17247,0.73203,-0.659366,2438.049366,61.067896,8:00,5.24007,2.18076,5.76301,-56.68125,-4.7304,-11.98001,1.19804,0.5687,67.2704,-9.675459,-2.809117,0.518762,,,,,,,,,,,,5.89461,-2.14102,-2.11874,50,5.26646,1.6681,-107.59399,-0.36304,6.76201,22.39289,-34.63014,SOU_UNI,HOP_INT,TedABroerStadium,NAIA,NAIA,20250201-TedABroerStadium-1,ef582550-e0f7-11ef-bd34-fd2878f67622,72.6585,,,6.90207,,,,,,,78924947-b10b-4e7a-a348-8922e5fd05be,2025-02-01,23:54:54.84,2025-02-01T18:54:54.8486144-05:00,2025-02-01T23:54:54.8486144Z,,v3,,,,"Chavez, Josiah ",701638,Right,HOP_INT,bd782247-a6f5-407c-9306-fc24d47f7c40,54.73613,-108.57521,11.19644,5.24912,1.1544,-17.31507,-2.18534,1.3718,3.38101,,,,,,,,,,,,,,,,,,,,,,,,,,,,,,,,,,,,,,,,,,,,,,,,,,,High,High,High,,,,,
109,2025-02-01,18:56:40.72,1,1,"Miranda, Angel",1000118930,Right,SOU_UNI,"Harvey, Kyle",1000121326,Right,HOP_INT,Undefined,4,Top,0,0,0,Curveball,Curveball,StrikeCalled,Undefined,Undefined,Undefined,0,0,,73.43564,1.948399,-1.418537,2586.319407,60.934773,8:00,6.07118,2.2759,6.57126,-58.78999,-7.43252,-16.6395,2.95921,-0.41125,66.66671,-9.00218,-4.444787,0.51579,,,,,,,,,,,,8.19717,-3.9376,-2.17248,50,6.18195,3.18583,-106.63993,2.03246,9.24445,21.8698,-36.61473,SOU_UNI,HOP_INT,TedABroerStadium,NAIA,NAIA,20250201-TedABroerStadium-1,2e7cb250-e0f8-11ef-bd34-fd2878f67622,73.07706,,,6.76892,,,,,,,78924947-b10b-4e7a-a348-8922e5fd05be,2025-02-01,23:56:40.72,2025-02-01T18:56:40.7282176-05:00,2025-02-01T23:56:40.7282176Z,,v3,,,,"McMullen, Brock",823662,Right,SOU_UNI,a36cf65c-2c1d-40fc-b247-017f869c2da3,53.92861,-107.44259,10.9349,6.08269,3.37629,-18.30737,-2.28318,2.84654,4.62222,,,,,,,,,,,,,,,,,,,,,,,,,,,,,,,,,,,,,,,,,,,,,,,,,,,High,High,High,,,,,
110,2025-02-01,18:56:53.58,1,2,"Miranda, Angel",1000118930,Right,SOU_UNI,"Harvey, Kyle",1000121326,Right,HOP_INT,Undefined,4,Top,0,0,1,Slider,Slider,BallCalled,Undefined,Undefined,Undefined,0,0,,80.3185,-0.955789,-3.937215,2374.408298,108.976235,9:45,5.86742,2.52402,6.62608,-39.34014,3.44776,-5.73107,1.71175,-1.56443,73.1524,-8.30164,-4.976791,0.470795,,,,,,,,,,,,1.7513,2.57158,-2.25486,50,5.78691,8.21106,-116.42984,-3.03962,2.36866,24.85352,-28.6959,SOU_UNI,HOP_INT,TedABroerStadium,NAIA,NAIA,20250201-TedABroerStadium-1,361aec20-e0f8-11ef-bd34-fd2878f67622,80.06126,,,7.1661,,,,,,,78924947-b10b-4e7a-a348-8922e5fd05be,2025-02-01,23:56:53.58,2025-02-01T18:56:53.5833088-05:00,2025-02-01T23:56:53.5833088Z,,v3,,,,"McMullen, Brock",823662,Right,SOU_UNI,efeb967f-4344-4c71-b8c9-adebc53315ff,53.87149,-117.25335,12.42676,5.87187,-2.08879,-14.34795,-2.52563,8.13257,1.18433,,,,,,,,,,,,,,,,,,,,,,,,,,,,,,,,,,,,,,,,,,,,,,,,,,,High,High,High,,,,,
111,2025-02-01,18:57:07.29,1,3,"Miranda, Angel",1000118930,Right,SOU_UNI,"Harvey, Kyle",1000121326,Right,HOP_INT,Undefined,4,Top,0,1,1,Fastball,Four-Seam,StrikeSwinging,Undefined,Undefined,Undefined,0,0,,89.00946,-1.880347,-3.018562,2279.647644,191.524894,12:30,6.1306,2.20136,7.26611,-12.97572,20.8582,4.01331,3.34555,-0.197,80.59739,-4.468364,-2.280956,0.418647,,,,,,,,,,,,-3.08642,12.14776,-2.03119,50,6.0192,6.67276,-129.23824,-4.45141,-5.16166,29.74807,-11.85843,SOU_UNI,HOP_INT,TedABroerStadium,NAIA,NAIA,20250201-TedABroerStadium-1,3e4427e0-e0f8-11ef-bd34-fd2878f67622,90.03399,,,8.41207,,,,,,,78924947-b10b-4e7a-a348-8922e5fd05be,2025-02-01,23:57:07.29,2025-02-01T18:57:07.2994816-05:00,2025-02-01T23:57:07.2994816Z,,v3,,,,"McMullen, Brock",823662,Right,SOU_UNI,67e1d68e-446f-4930-8ab6-3da0b3e9a3cf,53.23009,-129.97961,14.87404,6.12645,-4.15588,-5.92921,-2.19909,6.8014,-2.58083,,,,,,,,,,,,,,,,,,,,,,,,,,,,,,,,,,,,,,,,,,,,,,,,,,,High,High,High,,,,,
112,2025-02-01,18:57:21.17,1,4,"Miranda, Angel",1000118930,Right,SOU_UNI,"Harvey, Kyle",1000121326,Right,HOP_INT,Undefined,4,Top,0,1,2,Slider,Slider,BallCalled,Undefined,Undefined,Undefined,0,0,,79.40458,-1.494654,-4.521723,2368.416533,112.938767,9:45,5.87929,2.46624,6.76487,-40.42286,3.41551,-4.33299,1.14116,-2.03287,72.09486,-9.053995,-5.309073,0.476539,,,,,,,,,,,,0.77106,2.77209,-2.16889,50,5.76649,9.23686,-114.97893,-4.08542,1.01139,25.33081,-28.53801,SOU_UNI,HOP_INT,TedABroerStadium,NAIA,NAIA,20250201-TedABroerStadium-1,46913f50-e0f8-11ef-bd34-fd2878f67622,79.09619,,,7.30972,,,,,,,78924947-b10b-4e7a-a348-8922e5fd05be,2025-02-01,23:57:21.17,2025-02-01T18:57:21.1724800-05:00,2025-02-01T23:57:21.1724800Z,,v3,,,,"McMullen, Brock",823662,Right,SOU_UNI,68a9b1d9-a746-4320-a029-5f145ccc907d,53.73256,-115.79832,12.6654,5.88371,-3.16228,-14.269,-2.46715,9.20414,0.5057,,,,,,,,,,,,,,,,,,,,,,,,,,,,,,,,,,,,,,,,,,,,,,,,,,,High,High,High,,,,,
113,2025-02-01,18:57:38.22,1,5,"Miranda, Angel",1000118930,Right,SOU_UNI,"Harvey, Kyle",1000121326,Right,HOP_INT,Undefined,4,Top,0,2,2,Fastball,Four-Seam,InPlay,Undefined,GroundBall,Out,1,0,,90.18242,-3.45214,-3.33934,2237.081729,209.080711,1:00,6.04091,2.14395,7.30263,-13.21016,19.78926,10.35666,1.81072,-0.01471,81.73163,-6.072872,-1.434301,0.413452,97.47221,4.660069,12.357946,2568.43063,,,,114.53133,114.53133,16.689039,0.894702,-6.64678,12.12233,-1.9591,50,5.84281,7.27427,-130.78923,-8.13141,-11.37935,30.5778,-11.42055,SOU_UNI,HOP_INT,TedABroerStadium,NAIA,NAIA,20250201-TedABroerStadium-1,50a92bb0-e0f8-11ef-bd34-fd2878f67622,91.16531,3.85537,,8.45079,,,,1.29901,1.70201,-0.03542,78924947-b10b-4e7a-a348-8922e5fd05be,2025-02-01,23:57:38.22,2025-02-01T18:57:38.2204928-05:00,2025-02-01T23:57:38.2204928Z,GroundBall,v3,,,,"McMullen, Brock",823662,Right,SOU_UNI,bea455eb-fa10-478f-89d5-5743909aee98,53.19574,-131.53426,15.2889,6.03754,-7.85315,-5.71028,-2.13972,7.55152,-5.68968,262.593091,1.3974,137.68852,-18.70191,,,,,,,1.73432,11.12538,-14.63883,,,,,,,-0.10917,31.6332,5.95006,,,,,,,,,,,,,,,,,,,,,,,,,,,,,High,High,High,High,High,,,
114,2025-02-01,18:58:06.16,2,1,"Miranda, Angel",1000118930,Right,SOU_UNI,"Tostado, Mario",1000114481,Right,HOP_INT,Undefined,4,Top,1,0,0,Fastball,Four-Seam,BallCalled,Undefined,Undefined,Undefined,0,0,,89.35049,-0.423026,-1.412248,2243.018609,194.870113,12:30,6.16925,2.36926,7.19738,-12.3778,21.25635,5.33268,4.7545,1.53432,80.65037,-2.909901,-0.431593,0.417409,,,,,,,,,,,,-3.27229,11.83615,-2.28854,50,6.13967,3.00413,-129.87833,-1.13563,-5.51712,30.48426,-12.21813,SOU_UNI,HOP_INT,TedABroerStadium,NAIA,NAIA,20250201-TedABroerStadium-1,615709a0-e0f8-11ef-bd34-fd2878f67622,90.30099,,,8.70012,,,,,,,78924947-b10b-4e7a-a348-8922e5fd05be,2025-02-01,23:58:06.16,2025-02-01T18:58:06.1659136-05:00,2025-02-01T23:58:06.1659136Z,,v3,,,,"McMullen, Brock",823662,Right,SOU_UNI,17de8e90-f713-47db-8f23-e46883a8a98b,53.29716,-130.64993,15.24213,6.16449,-0.82637,-6.10907,-2.36635,3.14378,-2.75856,,,,,,,,,,,,,,,,,,,,,,,,,,,,,,,,,,,,,,,,,,,,,,,,,,,High,High,High,,,,,
115,2025-02-01,18:58:19.70,2,2,"Miranda, Angel",1000118930,Right,SOU_UNI,"Tostado, Mario",1000114481,Right,HOP_INT,Undefined,4,Top,1,1,0,Curveball,Curveball,StrikeCalled,Undefined,Undefined,Undefined,0,0,,73.03892,2.354864,0.526534,2642.333024,69.740328,8:15,6.00004,2.29137,6.46237,-57.21554,-4.90445,-18.53233,3.39639,1.23066,65.86259,-8.328933,-2.838959,0.520557,,,,,,,,,,,,9.7391,-2.66721,-2.32167,50,6.14276,-0.34469,-105.98541,2.78184,10.81805,22.07189,-35.13672,SOU_UNI,HOP_INT,TedABroerStadium,NAIA,NAIA,20250201-TedABroerStadium-1,6978f260-e0f8-11ef-bd34-fd2878f67622,72.40791,,,7.17633,,,,,,,78924947-b10b-4e7a-a348-8922e5fd05be,2025-02-01,23:58:19.70,2025-02-01T18:58:19.7081600-05:00,2025-02-01T23:58:19.7081600Z,,v3,,,,"McMullen, Brock",823662,Right,SOU_UNI,fe3e8367-cdc3-4d0a-99be-aba55c100d02,54.03568,-106.82255,11.03594,6.01198,4.11451,-17.56836,-2.30082,-0.755,5.40902,,,,,,,,,,,,,,,,,,,,,,,,,,,,,,,,,,,,,,,,,,,,,,,,,,,High,High,High,,,,,
116,2025-02-01,18:58:33.57,2,3,"Miranda, Angel",1000118930,Right,SOU_UNI,"Tostado, Mario",1000114481,Right,HOP_INT,Undefined,4,Top,1,1,1,Fastball,Four-Seam,StrikeSwinging,Undefined,Undefined,Undefined,0,0,,90.94203,-2.039564,-2.476607,2258.96031,202.117402,12:45,5.9918,2.21213,7.56604,-11.89524,20.0934,7.71622,3.16394,0.62664,82.37638,-4.432837,-1.048672,0.40707,,,,,,,,,,,,-4.93815,11.88068,-2.08567,50,5.88275,5.44941,-132.17097,-4.86673,-8.63973,31.04769,-11.38783,SOU_UNI,HOP_INT,TedABroerStadium,NAIA,NAIA,20250201-TedABroerStadium-1,71aeff60-e0f8-11ef-bd34-fd2878f67622,92.59443,,,8.56565,,,,,,,78924947-b10b-4e7a-a348-8922e5fd05be,2025-02-01,23:58:33.57,2025-02-01T18:58:33.5739392-05:00,2025-02-01T23:58:33.5739392Z,,v3,,,,"McMullen, Brock",823662,Right,SOU_UNI,41e19ff8-9985-4c69-b648-f1a66f052ba9,52.93039,-132.85755,15.52385,5.98759,-4.6149,-5.69391,-2.20829,5.64047,-4.31986,,,,,,,,,,,,,,,,,,,,,,,,,,,,,,,,,,,,,,,,,,,,,,,,,,,High,High,High,,,,,
117,2025-02-01,18:58:48.67,2,4,"Miranda, Angel",1000118930,Right,SOU_UNI,"Tostado, Mario",1000114481,Right,HOP_INT,Undefined,4,Top,1,1,2,Fastball,Four-Seam,BallCalled,Undefined,Undefined,Undefined,0,0,,91.01904,-2.151117,-4.146243,2321.577839,194.382818,12:30,6.08508,2.17738,7.38901,-9.68064,22.66568,5.5174,3.33129,-1.11075,82.18434,-4.134909,-3.132143,0.40934,,,,,,,,,,,,-4.2713,13.23702,-1.95212,50,5.96346,9.36903,-131.97966,-5.05441,-7.43502,31.52567,-9.13248,SOU_UNI,HOP_INT,TedABroerStadium,NAIA,NAIA,20250201-TedABroerStadium-1,7ab099c0-e0f8-11ef-bd34-fd2878f67622,92.08111,,,8.8347,,,,,,,78924947-b10b-4e7a-a348-8922e5fd05be,2025-02-01,23:58:48.67,2025-02-01T18:58:48.6749696-05:00,2025-02-01T23:58:48.6749696Z,,v3,,,,"McMullen, Brock",823662,Right,SOU_UNI,a72580a5-3543-4539-9409-4eb67d9abd38,53.10681,-132.7197,15.76284,6.07959,-4.84003,-4.56624,-2.17409,9.54357,-3.71751,,,,,,,,,,,,,,,,,,,,,,,,,,,,,,,,,,,,,,,,,,,,,,,,,,,High,High,High,,,,,
118,2025-02-01,18:59:11.08,2,5,"Miranda, Angel",1000118930,Right,SOU_UNI,"Tostado, Mario",1000114481,Right,HOP_INT,Undefined,4,Top,1,2,2,Slider,Slider,StrikeSwinging,Strikeout,Undefined,Undefined,0,0,,77.90853,-1.178146,-1.991723,2379.175534,87.919088,9:00,5.8746,2.39561,6.85015,-43.36471,1.07161,-8.38347,1.1859,-0.11971,71.8987,-9.265043,-3.525632,0.479778,,,,,,,,,,,,3.91374,1.28598,-2.26566,50,5.78379,4.20078,-113.31588,-3.45525,5.0687,21.46877,-30.50857,SOU_UNI,HOP_INT,TedABroerStadium,NAIA,NAIA,20250201-TedABroerStadium-1,880c1860-e0f8-11ef-bd34-fd2878f67622,78.56224,,,6.00982,,,,,,,78924947-b10b-4e7a-a348-8922e5fd05be,2025-02-01,23:59:11.08,2025-02-01T18:59:11.0810112-05:00,2025-02-01T23:59:11.0810112Z,,v3,,,,"McMullen, Brock",823662,Right,SOU_UNI,1d734d0d-7153-4d43-94c8-deb3df026996,53.65059,-114.00542,10.73438,5.87904,-2.47536,-15.25429,-2.39797,4.03799,2.53435,,,,,,,,,,,,,,,,,,,,,,,,,,,,,,,,,,,,,,,,,,,,,,,,,,,High,High,High,,,,,
119,2025-02-01,18:59:36.62,3,1,"Miranda, Angel",1000118930,Right,SOU_UNI,"Moran, Colby",1000403008,Left,HOP_INT,Undefined,4,Top,2,0,0,Fastball,Four-Seam,BallCalled,Undefined,Undefined,Undefined,0,0,,90.76447,-1.975321,-1.924757,2254.704054,213.013237,1:00,6.00442,2.42688,7.47409,-12.90355,19.21922,11.78221,3.14792,1.67413,82.43853,-4.546316,0.253525,0.407923,,,,,,,,,,,,-6.93008,11.33469,-2.32636,50,5.8953,4.02319,-131.98335,-4.75428,-12.12286,30.26266,-12.34618,SOU_UNI,HOP_INT,TedABroerStadium,NAIA,NAIA,20250201-TedABroerStadium-1,97404ea0-e0f8-11ef-bd34-fd2878f67622,92.40094,,,8.32593,,,,,,,78924947-b10b-4e7a-a348-8922e5fd05be,2025-02-01,23:59:36.62,2025-02-01T18:59:36.6207488-05:00,2025-02-01T23:59:36.6207488Z,,v3,,,,"McMullen, Brock",823662,Right,SOU_UNI,1c65baf8-5832-46ef-b768-5bdc268693b3,53.023,-132.67469,15.13133,6.00069,-4.47223,-6.17309,-2.42144,4.30013,-6.06143,,,,,,,,,,,,,,,,,,,,,,,,,,,,,,,,,,,,,,,,,,,,,,,,,,,High,High,High,,,,,
120,2025-02-01,18:59:49.28,3,2,"Miranda, Angel",1000118930,Right,SOU_UNI,"Moran, Colby",1000403008,Left,HOP_INT,Undefined,4,Top,2,1,0,Slider,Slider,BallCalled,Undefined,Undefined,Undefined,0,0,,77.17448,-0.148381,-0.489516,2375.334628,81.354198,8:45,5.85321,2.46407,6.58608,-46.07369,0.34835,-8.75792,1.87776,1.28565,69.95724,-8.767228,-2.08548,0.490381,,,,,,,,,,,,4.39894,0.79996,-2.42752,50,5.82496,1.25973,-112.08631,-1.56719,5.48581,23.98667,-31.17646,SOU_UNI,HOP_INT,TedABroerStadium,NAIA,NAIA,20250201-TedABroerStadium-1,9edf4bc0-e0f8-11ef-bd34-fd2878f67622,76.86361,,,7.21724,,,,,,,78924947-b10b-4e7a-a348-8922e5fd05be,2025-02-01,23:59:49.28,2025-02-01T18:59:49.2889600-05:00,2025-02-01T23:59:49.2889600Z,,v3,,,,"McMullen, Brock",823662,Right,SOU_UNI,6da685fa-f1ff-4d57-8dc3-589438198b40,53.91031,-112.92002,11.99334,5.8606,-0.48358,-15.58823,-2.46799,1.06906,2.74291,,,,,,,,,,,,,,,,,,,,,,,,,,,,,,,,,,,,,,,,,,,,,,,,,,,High,High,High,,,,,
121,2025-02-01,19:00:08.34,3,3,"Miranda, Angel",1000118930,Right,SOU_UNI,"Moran, Colby",1000403008,Left,HOP_INT,Undefined,4,Top,2,2,0,Fastball,Four-Seam,BallCalled,Undefined,Undefined,Undefined,0,0,,89.96365,-1.231863,-2.485266,2247.782631,215.23281,1:15,6.01274,2.37381,7.36074,-12.90796,19.99686,13.32627,3.82368,1.23911,81.47648,-3.81138,-0.028325,0.412858,,,,,,,,,,,,-7.89063,11.48249,-2.23906,50,5.94021,5.19756,-130.76649,-3.01034,-13.52665,30.14263,-12.49,SOU_UNI,HOP_INT,TedABroerStadium,NAIA,NAIA,20250201-TedABroerStadium-1,aa35ab90-e0f8-11ef-bd34-fd2878f67622,91.29631,,,8.48717,,,,,,,78924947-b10b-4e7a-a348-8922e5fd05be,2025-02-02,00:00:08.34,2025-02-01T19:00:08.3497472-05:00,2025-02-02T00:00:08.3497472Z,,v3,,,,"McMullen, Brock",823662,Right,SOU_UNI,51ca0782-9b89-4d76-bae8-c5ac73aa17a1,53.1357,-131.48731,15.07132,6.00863,-2.71166,-6.245,-2.36721,5.52103,-6.76332,,,,,,,,,,,,,,,,,,,,,,,,,,,,,,,,,,,,,,,,,,,,,,,,,,,High,High,High,,,,,
122,2025-02-01,19:00:25.58,3,4,"Miranda, Angel",1000118930,Right,SOU_UNI,"Moran, Colby",1000403008,Left,HOP_INT,Undefined,4,Top,2,3,0,Fastball,Four-Seam,BallCalled,Walk,Undefined,Undefined,0,0,,90.17771,-1.923789,-5.21654,2291.488959,216.494217,1:15,5.92531,2.38128,7.41881,-15.82257,16.88737,11.69245,2.86396,-1.36183,82.12384,-5.023405,-3.069863,0.411634,,,,,,,,,,,,-7.80445,10.02367,-2.101,50,5.81618,11.52627,-130.69801,-4.7119,-13.44826,28.52328,-14.90171,SOU_UNI,HOP_INT,TedABroerStadium,NAIA,NAIA,20250201-TedABroerStadium-1,b474a7f0-e0f8-11ef-bd34-fd2878f67622,91.56786,,,8.05387,,,,,,,78924947-b10b-4e7a-a348-8922e5fd05be,2025-02-02,00:00:25.58,2025-02-01T19:00:25.5819264-05:00,2025-02-02T00:00:25.5819264Z,,v3,,,,"McMullen, Brock",823662,Right,SOU_UNI,3389d0b9-051f-4726-b1d1-1264ebf21af3,53.07895,-131.36824,14.26164,5.92278,-4.36175,-7.45085,-2.37555,11.84227,-6.72413,,,,,,,,,,,,,,,,,,,,,,,,,,,,,,,,,,,,,,,,,,,,,,,,,,,High,High,High,,,,,
123,2025-02-01,19:00:57.25,4,1,"Miranda, Angel",1000118930,Right,SOU_UNI,"Chavez, Josiah ",701638,Left,HOP_INT,Undefined,4,Top,2,0,0,Slider,Slider,BallCalled,Undefined,Undefined,Undefined,0,0,,78.62765,1.026226,-0.1754,2331.405868,109.541358,9:45,5.83724,2.68445,6.58364,-39.43727,4.76051,-9.35835,3.49136,1.74385,71.74368,-6.378592,-1.877933,0.478489,,,,,,,,,,,,4.81941,2.68343,-2.66918,50,5.89165,0.67711,-114.29053,0.96105,6.33345,22.33362,-28.6476,SOU_UNI,HOP_INT,TedABroerStadium,NAIA,NAIA,20250201-TedABroerStadium-1,c758c6d0-e0f8-11ef-bd34-fd2878f67622,78.77394,,,6.88397,,,,,,,78924947-b10b-4e7a-a348-8922e5fd05be,2025-02-02,00:00:57.25,2025-02-01T19:00:57.2515840-05:00,2025-02-02T00:00:57.2515840Z,,v3,,,,"McMullen, Brock",823662,Right,SOU_UNI,0efecaba-80b6-4417-b720-326df7d27bda,53.91336,-115.0527,11.16681,5.84217,1.9387,-14.3238,-2.6886,0.46096,3.16673,,,,,,,,,,,,,,,,,,,,,,,,,,,,,,,,,,,,,,,,,,,,,,,,,,,High,High,High,,,,,
124,2025-02-01,19:01:15.82,4,2,"Miranda, Angel",1000118930,Right,SOU_UNI,"Chavez, Josiah ",701638,Left,HOP_INT,Undefined,4,Top,2,1,0,Fastball,Four-Seam,InPlay,Undefined,FlyBall,Out,1,0,,90.47253,-2.940851,-4.101463,2239.824656,209.952349,1:00,6.01261,2.45899,7.581,-16.02674,16.2058,8.72729,2.0241,-0.50727,82.59042,-6.075563,-2.489713,0.408619,91.78706,22.455794,10.603453,1185.059141,108.48385,38.09641,18.19975,323.35836,298.67371,6.657063,3.704806,-5.97563,10.04142,-2.25046,50,5.85754,9.13246,-131.29521,-7.06894,-10.38366,28.97309,-14.72534,SOU_UNI,HOP_INT,TedABroerStadium,NAIA,NAIA,20250201-TedABroerStadium-1,d25e2070-e0f8-11ef-bd34-fd2878f67622,92.24346,46.45099,,7.88211,,,,1.83382,2.07083,0.46635,78924947-b10b-4e7a-a348-8922e5fd05be,2025-02-02,00:01:15.82,2025-02-01T19:01:15.8271488-05:00,2025-02-02T00:01:15.8271488Z,LineDrive,v3,,,,"McMullen, Brock",823662,Right,SOU_UNI,606b8aaa-97f9-48be-80ec-fd1398586ac8,52.91829,-131.93762,14.48655,6.01066,-6.74244,-7.36267,-2.45551,9.3627,-5.19183,162.344836,1.83368,122.293,-18.75438,4.44596,-0.96877,0.19562,-0.03235,0.00335,-0.00014,2.07092,51.41797,-15.82682,0.57393,-0.01512,-0.00239,-0.00387,0.00185,-0.00022,0.46627,22.8952,-6.08768,1.18465,-0.21669,0.03981,-0.00631,0.00052,-0,,,,,,,,,,,,,,,,,,,,,,,High,High,High,High,Medium,,,
125,2025-02-01,19:03:57.74,1,1,"Gonzalez, Matthew ",1000117515,Right,HOP_INT,"Hinrikus, Tyler",1000098761,Right,SOU_UNI,Undefined,4,Bottom,0,0,0,Slider,Curveball,BallCalled,Undefined,Undefined,Undefined,0,0,,72.50055,0.891275,-2.662502,2610.467737,81.620265,8:45,5.40734,2.30442,5.63801,-55.92759,-0.48457,-18.21769,1.57916,-1.69938,65.08804,-9.391622,-5.91164,0.535914,,,,,,,,,,,,8.15615,0.1239,-2.06654,50,5.44849,5.54676,-104.86243,-0.0626,8.77908,23.23192,-32.04067,SOU_UNI,HOP_INT,TedABroerStadium,NAIA,NAIA,20250201-TedABroerStadium-1,32fa55c0-e0f9-11ef-bd34-fd2878f67622,70.33304,,,7.41251,,,,,,,78924947-b10b-4e7a-a348-8922e5fd05be,2025-02-02,00:03:57.74,2025-02-01T19:03:57.7413632-05:00,2025-02-02T00:03:57.7413632Z,,v3,,,,"Chavez, Josiah ",701638,Right,HOP_INT,ac9f7f20-3ed5-4ce6-9a66-53fa26112478,54.85725,-105.93307,11.61596,5.41736,1.41399,-16.02034,-2.31283,5.14218,4.38954,,,,,,,,,,,,,,,,,,,,,,,,,,,,,,,,,,,,,,,,,,,,,,,,,,,High,High,High,,,,,
126,2025-02-01,19:04:09.01,1,2,"Gonzalez, Matthew ",1000117515,Right,HOP_INT,"Hinrikus, Tyler",1000098761,Right,SOU_UNI,Undefined,4,Bottom,0,1,0,Slider,Curveball,BallCalled,Undefined,Undefined,Undefined,0,0,,72.70035,0.937745,-2.077628,2590.907697,97.099648,9:15,5.26981,2.45789,5.37437,-50.28924,4.82091,-22.44497,1.95885,-1.36118,65.74611,-8.28319,-6.060153,0.534302,,,,,,,,,,,,10.51819,2.70193,-2.25542,50,5.31892,4.65585,-105.25537,0.17267,11.52641,21.72192,-29.21313,SOU_UNI,HOP_INT,TedABroerStadium,NAIA,NAIA,20250201-TedABroerStadium-1,39b163e0-e0f9-11ef-bd34-fd2878f67622,70.54513,,,6.95424,,,,,,,78924947-b10b-4e7a-a348-8922e5fd05be,2025-02-02,00:04:09.01,2025-02-01T19:04:09.0130944-05:00,2025-02-02T00:04:09.0130944Z,,v3,,,,"Chavez, Josiah ",701638,Right,HOP_INT,57e8add5-8479-4004-9ba7-066b17cfac93,55.12259,-106.30728,10.86096,5.2763,1.58735,-14.60657,-2.46737,4.09767,5.76321,,,,,,,,,,,,,,,,,,,,,,,,,,,,,,,,,,,,,,,,,,,,,,,,,,,High,High,High,,,,,
127,2025-02-01,19:04:20.51,1,3,"Gonzalez, Matthew ",1000117515,Right,HOP_INT,"Hinrikus, Tyler",1000098761,Right,SOU_UNI,Undefined,4,Bottom,0,2,0,Slider,Curveball,BallCalled,Undefined,Undefined,Undefined,0,0,,73.09696,0.604874,-1.057195,2598.855698,75.478623,8:30,5.20638,2.32807,5.51464,-57.6596,-3.48221,-21.17678,0.96713,-0.42531,66.25274,-9.92941,-4.837119,0.529762,,,,,,,,,,,,10.38123,-1.45532,-2.22114,50,5.22053,2.72143,-105.9654,-0.67169,11.51011,22.30369,-33.78763,SOU_UNI,HOP_INT,TedABroerStadium,NAIA,NAIA,20250201-TedABroerStadium-1,40871d90-e0f9-11ef-bd34-fd2878f67622,71.1498,,,6.84422,,,,,,,78924947-b10b-4e7a-a348-8922e5fd05be,2025-02-02,00:04:20.51,2025-02-01T19:04:20.5179904-05:00,2025-02-02T00:04:20.5179904Z,,v3,,,,"Chavez, Josiah ",701638,Right,HOP_INT,3f44b46c-a933-4ba9-a02d-88f319a1cff0,54.98522,-107.00955,11.15185,5.21495,0.91008,-16.89382,-2.33593,2.18259,5.75506,,,,,,,,,,,,,,,,,,,,,,,,,,,,,,,,,,,,,,,,,,,,,,,,,,,High,High,High,,,,,
128,2025-02-01,19:04:34.45,1,4,"Gonzalez, Matthew ",1000117515,Right,HOP_INT,"Hinrikus, Tyler",1000098761,Right,SOU_UNI,Undefined,4,Bottom,0,3,0,Fastball,Changeup,StrikeCalled,Undefined,Undefined,Undefined,0,0,,81.85621,0.05409,-2.418365,2129.508457,239.06677,2:00,5.23502,2.31638,5.82181,-28.45116,14.16406,20.95985,2.91443,1.81334,73.46307,-5.312298,1.336573,0.469844,,,,,,,,,,,,-11.69323,7.65906,-2.13178,50,5.2229,4.20916,-118.64952,-0.73592,-16.3104,27.253,-21.49076,SOU_UNI,HOP_INT,TedABroerStadium,NAIA,NAIA,20250201-TedABroerStadium-1,48c45680-e0f9-11ef-bd34-fd2878f67622,80.22328,,,8.39314,,,,,,,78924947-b10b-4e7a-a348-8922e5fd05be,2025-02-02,00:04:34.45,2025-02-01T19:04:34.4539648-05:00,2025-02-02T00:04:34.4539648Z,,v3,,,,"Chavez, Josiah ",701638,Right,HOP_INT,12888812-b0c7-4fef-bdca-5aa389f5209d,54.67748,-119.71909,13.6265,5.23523,0.10751,-10.74538,-2.30953,4.84927,-8.1552,,,,,,,,,,,,,,,,,,,,,,,,,,,,,,,,,,,,,,,,,,,,,,,,,,,High,High,High,,,,,
129,2025-02-01,19:04:50.26,1,5,"Gonzalez, Matthew ",1000117515,Right,HOP_INT,"Hinrikus, Tyler",1000098761,Right,SOU_UNI,Undefined,4,Bottom,0,3,1,Slider,Curveball,BallCalled,Walk,Undefined,Undefined,0,0,,72.39897,0.656862,-1.093352,2579.722626,77.690919,8:30,5.3775,2.34286,5.69833,-57.55188,-2.3013,-20.48722,1.19375,-0.38338,65.15341,-9.924695,-4.762145,0.534983,,,,,,,,,,,,10.01355,-0.81079,-2.23809,50,5.39729,2.73247,-104.88846,-0.52105,10.79521,23.07359,-33.04814,SOU_UNI,HOP_INT,TedABroerStadium,NAIA,NAIA,20250201-TedABroerStadium-1,5245f650-e0f9-11ef-bd34-fd2878f67622,70.45542,,,7.24556,,,,,,,78924947-b10b-4e7a-a348-8922e5fd05be,2025-02-02,00:04:50.26,2025-02-01T19:04:50.2604288-05:00,2025-02-02T00:04:50.2604288Z,,v3,,,,"Chavez, Josiah ",701638,Right,HOP_INT,cf49e906-64ce-4937-9da9-6fd85e976c27,54.7996,-105.93903,11.53679,5.38675,0.98367,-16.52407,-2.35132,2.24095,5.3976,,,,,,,,,,,,,,,,,,,,,,,,,,,,,,,,,,,,,,,,,,,,,,,,,,,High,High,High,,,,,
130,2025-02-01,19:05:39.22,2,1,"Gonzalez, Matthew ",1000117515,Right,HOP_INT,"McMullen, Brock",823662,Right,SOU_UNI,Undefined,4,Bottom,0,0,0,Fastball,Changeup,BallCalled,Undefined,Undefined,Undefined,0,0,,81.26965,-2.218131,-3.93206,2167.623911,245.012414,2:15,5.17052,2.34922,6.08116,-30.97171,11.88997,22.05663,0.53151,0.54369,73.38115,-8.024891,0.036192,0.471201,,,,,,,,,,,,-12.76729,7.31233,-2.057,50,4.98241,7.26555,-117.62633,-5.46746,-17.56197,26.09804,-22.11563,SOU_UNI,HOP_INT,TedABroerStadium,NAIA,NAIA,20250201-TedABroerStadium-1,6f665270-e0f9-11ef-bd34-fd2878f67622,79.99229,,,7.88851,,,,,,,78924947-b10b-4e7a-a348-8922e5fd05be,2025-02-02,00:05:39.22,2025-02-01T19:05:39.2230912-05:00,2025-02-02T00:05:39.2230912Z,,v3,,,,"Chavez, Josiah ",701638,Right,HOP_INT,05fa3504-178c-488a-be79-390c1b423988,54.41795,-118.6025,13.04902,5.17145,-4.64025,-11.05782,-2.34105,7.92243,-8.78098,,,,,,,,,,,,,,,,,,,,,,,,,,,,,,,,,,,,,,,,,,,,,,,,,,,High,High,High,,,,,
131,2025-02-01,19:06:23.55,2,2,"Gonzalez, Matthew ",1000117515,Right,HOP_INT,"McMullen, Brock",823662,Right,SOU_UNI,Undefined,4,Bottom,0,1,0,Fastball,Changeup,BallCalled,Undefined,Undefined,Undefined,0,0,,81.75047,-1.960779,-4.606821,2222.808418,254.921699,2:30,5.27879,2.23662,6.12465,-34.31195,8.0589,23.97147,0.6003,-0.03358,73.76868,-8.36858,-0.293878,0.468495,,,,,,,,,,,,-13.9519,5.25973,-1.89599,50,5.11061,8.6251,-118.24762,-5.08945,-19.38337,26.49485,-24.8667,SOU_UNI,HOP_INT,TedABroerStadium,NAIA,NAIA,20250201-TedABroerStadium-1,89d1a0b0-e0f9-11ef-bd34-fd2878f67622,80.4543,,,7.98179,,,,,,,78924947-b10b-4e7a-a348-8922e5fd05be,2025-02-02,00:06:23.55,2025-02-01T19:06:23.5582976-05:00,2025-02-02T00:06:23.5582976Z,,v3,,,,"Chavez, Josiah ",701638,Right,HOP_INT,b575544e-428f-4f13-9f76-97acb865bac2,54.37442,-119.22373,13.24742,5.28124,-4.17332,-12.43335,-2.22691,9.33922,-9.69168,,,,,,,,,,,,,,,,,,,,,,,,,,,,,,,,,,,,,,,,,,,,,,,,,,,High,High,High,,,,,
132,2025-02-01,19:06:44.24,2,3,"Gonzalez, Matthew ",1000117515,Right,HOP_INT,"McMullen, Brock",823662,Right,SOU_UNI,Undefined,4,Bottom,0,2,0,Slider,Curveball,StrikeCalled,Undefined,Undefined,Undefined,0,0,,71.96593,0.939571,-1.475444,2564.366874,76.70492,8:30,5.5403,2.29842,5.48409,-59.19035,-2.80961,-21.20655,1.48721,-0.84952,64.79768,-9.894668,-5.255462,0.540427,,,,,,,,,,,,10.15989,-1.16012,-2.15416,50,5.58298,3.45318,-104.20383,-0.10869,10.81637,22.68753,-33.40914,SOU_UNI,HOP_INT,TedABroerStadium,NAIA,NAIA,20250201-TedABroerStadium-1,96321d80-e0f9-11ef-bd34-fd2878f67622,69.74569,,,7.16825,,,,,,,78924947-b10b-4e7a-a348-8922e5fd05be,2025-02-02,00:06:44.24,2025-02-01T19:06:44.2419712-05:00,2025-02-02T00:06:44.2419712Z,,v3,,,,"Chavez, Josiah ",701638,Right,HOP_INT,e397ac9e-f9a5-46ac-baab-aa7e1a1e2894,55.01411,-105.28985,11.34377,5.54991,1.49056,-16.70457,-2.30707,2.93541,5.40819,,,,,,,,,,,,,,,,,,,,,,,,,,,,,,,,,,,,,,,,,,,,,,,,,,,High,High,High,,,,,
133,2025-02-01,19:07:00.13,2,4,"Gonzalez, Matthew ",1000117515,Right,HOP_INT,"McMullen, Brock",823662,Right,SOU_UNI,Undefined,4,Bottom,0,2,1,Fastball,Changeup,FoulBallNotFieldable,Undefined,Undefined,Undefined,0,0,,81.16866,-0.216633,-3.316532,2218.141754,240.761404,2:00,5.38731,2.40343,6.25238,-28.00616,14.87469,23.56257,2.85335,1.30509,72.51172,-5.557519,0.935784,0.471306,,,,,,,,,,,,-13.458,8.26012,-2.16838,50,5.35765,5.94358,-117.58994,-1.20133,-18.35424,27.69202,-20.90875,SOU_UNI,HOP_INT,TedABroerStadium,NAIA,NAIA,20250201-TedABroerStadium-1,9f9dc450-e0f9-11ef-bd34-fd2878f67622,79.97445,,,8.65694,,,,,,,78924947-b10b-4e7a-a348-8922e5fd05be,2025-02-02,00:07:00.13,2025-02-01T19:07:00.1335296-05:00,2025-02-02T00:07:00.1335296Z,,v3,,,,"Chavez, Josiah ",701638,Right,HOP_INT,7dd4852b-7d92-4ea0-8151-41703940d344,54.24539,-118.5855,13.84601,5.38732,-0.44964,-10.45437,-2.39392,6.60344,-9.17712,,,,,,,,,,,,,,,,,,,,,,,,,,,,,,,,,,,,,,,,,,,,,,,,,,,High,High,High,,,,,
134,2025-02-01,19:07:26.03,2,5,"Gonzalez, Matthew ",1000117515,Right,HOP_INT,"McMullen, Brock",823662,Right,SOU_UNI,Undefined,4,Bottom,0,2,2,Fastball,Changeup,FoulBallNotFieldable,Undefined,Undefined,Undefined,0,0,,81.28109,-0.283025,-3.677561,2115.212229,255.830129,2:30,5.21527,2.2965,6.50192,-35.13187,6.84953,21.11025,2.0273,0.67565,73.44635,-6.897977,0.150496,0.466337,,,,,,,,,,,,-12.33721,4.08811,-2.04805,50,5.1802,6.83595,-117.88521,-1.56492,-17.07434,25.86191,-26.5162,SOU_UNI,HOP_INT,TedABroerStadium,NAIA,NAIA,20250201-TedABroerStadium-1,af0e8e60-e0f9-11ef-bd34-fd2878f67622,80.8266,,,7.83475,,,,,,,78924947-b10b-4e7a-a348-8922e5fd05be,2025-02-02,00:07:26.03,2025-02-01T19:07:26.0336640-05:00,2025-02-02T00:07:26.0336640Z,,v3,,,,"Chavez, Josiah ",701638,Right,HOP_INT,2512e67e-dce5-4f0d-8917-da94ac0ff12f,53.99782,-118.75902,12.93096,5.21794,-0.66901,-13.2581,-2.28877,7.41285,-8.53717,,,,,,,,,,,,,,,,,,,,,,,,,,,,,,,,,,,,,,,,,,,,,,,,,,,High,High,High,,,,,
135,2025-02-01,19:07:51.87,2,6,"Gonzalez, Matthew ",1000117515,Right,HOP_INT,"McMullen, Brock",823662,Right,SOU_UNI,Undefined,4,Bottom,0,2,2,Fastball,Changeup,FoulBallNotFieldable,Undefined,Undefined,Undefined,0,0,,80.70597,-0.783423,-3.596785,2117.313766,239.65375,2:00,5.37502,2.16319,6.33944,-30.50356,12.82753,18.96029,2.11031,0.4274,72.1059,-6.579658,-0.170312,0.473774,81.72909,-10.318152,-51.332009,,,,,13.44776,10.27718,-43.327533,0.09816,-11.23658,7.42981,-1.91012,50,5.30373,6.66243,-116.86843,-2.42695,-15.10989,27.71221,-22.18318,SOU_UNI,HOP_INT,TedABroerStadium,NAIA,NAIA,20250201-TedABroerStadium-1,be76a5e0-e0f9-11ef-bd34-fd2878f67622,79.55784,2.11174,,8.60007,,,,2.5352,2.11174,-0.17097,78924947-b10b-4e7a-a348-8922e5fd05be,2025-02-02,00:07:51.87,2025-02-01T19:07:51.8730240-05:00,2025-02-02T00:07:51.8730240Z,GroundBall,v3,,,,"Chavez, Josiah ",701638,Right,HOP_INT,d6347042-7e38-4626-ad5b-2cacd651196f,54.15802,-117.85027,13.85611,5.37579,-1.64101,-11.09159,-2.15565,7.19777,-7.55494,180,2.53286,73.83162,,,,,,,,2.11241,-21.51329,,,,,,,,-0.16805,-92.26252,,,,,,,,,,,,,,,,,,,,,,,,,,,,,,High,High,High,Low,Low,,,
136,2025-02-01,19:08:17.95,2,7,"Gonzalez, Matthew ",1000117515,Right,HOP_INT,"McMullen, Brock",823662,Right,SOU_UNI,Undefined,4,Bottom,0,2,2,ChangeUp,Changeup,FoulBallNotFieldable,Undefined,Undefined,Undefined,0,0,,74.74233,-0.823515,-3.401207,2071.795693,246.286759,2:15,5.43997,2.11581,6.38752,-39.33372,10.39087,19.62674,1.40328,0.61915,67.93627,-8.201097,0.152813,0.507524,,,,,,,,,,,,-11.40016,6.16894,-1.87997,50,5.36256,5.80353,-108.41291,-2.58181,-13.38504,21.33733,-24.93104,SOU_UNI,HOP_INT,TedABroerStadium,NAIA,NAIA,20250201-TedABroerStadium-1,ce075400-e0f9-11ef-bd34-fd2878f67622,74.26724,,,6.80606,,,,,,,78924947-b10b-4e7a-a348-8922e5fd05be,2025-02-02,00:08:17.95,2025-02-01T19:08:17.9595776-05:00,2025-02-02T00:08:17.9595776Z,,v3,,,,"Chavez, Josiah ",701638,Right,HOP_INT,17357935-440e-4b96-87f4-eb39094e37c2,54.11189,-109.21919,10.66867,5.44232,-1.63973,-12.46552,-2.10883,6.30932,-6.69252,,,,,,,,,,,,,,,,,,,,,,,,,,,,,,,,,,,,,,,,,,,,,,,,,,,High,High,High,,,,,
137,2025-02-01,19:08:40.45,2,8,"Gonzalez, Matthew ",1000117515,Right,HOP_INT,"McMullen, Brock",823662,Right,SOU_UNI,Undefined,4,Bottom,0,2,2,Slider,Curveball,FoulBallNotFieldable,Undefined,Undefined,Undefined,0,0,,73.52614,1.223683,-0.775767,2570.744815,84.524335,8:45,5.46513,2.23755,5.58604,-52.36861,0.6111,-13.02261,2.24406,0.42786,66.80835,-8.393874,-3.101788,0.523873,73.65469,53.460055,39.568097,,,,,,60.8899,,,6.36292,0.42421,-2.16212,50,5.53618,1.91485,-106.63723,0.67197,7.21289,20.99716,-31.69315,SOU_UNI,HOP_INT,TedABroerStadium,NAIA,NAIA,20250201-TedABroerStadium-1,db739b80-e0f9-11ef-bd34-fd2878f67622,71.94955,73.62285,,6.71779,,,,1.28353,2.02565,-0.34048,78924947-b10b-4e7a-a348-8922e5fd05be,2025-02-02,00:08:40.45,2025-02-01T19:08:40.4590592-05:00,2025-02-02T00:08:40.4590592Z,,v3,,,,"Chavez, Josiah ",701638,Right,HOP_INT,2fd5c62d-b308-41ec-93ca-ae204c107dc5,54.91269,-107.60021,10.49858,5.47203,2.12549,-15.84658,-2.24235,1.58405,3.60645,206.360997,1.28353,49.58013,-15.82519,4.85586,-1.20421,0.28147,-0.07422,0.02053,-0.00357,2.02565,86.79319,-23.24977,2.00619,-0.22645,-0.00171,0.00365,0.00157,-0.00068,-0.34048,40.96977,-2.89715,0.10222,0.1132,-0.04728,0.00949,0.00036,-0.0005,,,,,,,,,,,,,,,,,,,,,,,High,High,High,Medium,Undefined,,,
138,2025-02-01,19:09:09.96,2,9,"Gonzalez, Matthew ",1000117515,Right,HOP_INT,"McMullen, Brock",823662,Right,SOU_UNI,Undefined,4,Bottom,0,2,2,Fastball,Changeup,BallCalled,Undefined,Undefined,Undefined,0,0,,82.23398,-2.401846,-5.710185,2109.332184,253.212911,2:30,5.34238,2.07611,6.22327,-33.78659,8.08079,21.51115,0.2983,-1.41759,74.20896,-8.713812,-1.843429,0.465703,,,,,,,,,,,,-13.0319,5.44146,-1.65816,50,5.14525,11.05903,-118.71334,-6.0061,-18.26212,26.54434,-24.54869,SOU_UNI,HOP_INT,TedABroerStadium,NAIA,NAIA,20250201-TedABroerStadium-1,ed05e600-e0f9-11ef-bd34-fd2878f67622,80.9366,,,8.02502,,,,,,,78924947-b10b-4e7a-a348-8922e5fd05be,2025-02-02,00:09:09.96,2025-02-01T19:09:09.9645952-05:00,2025-02-02T00:09:09.9645952Z,,v3,,,,"Chavez, Josiah ",701638,Right,HOP_INT,c526ee18-8006-4457-9fa6-bf337a11c7a9,54.27495,-119.6654,13.27217,5.34488,-5.12561,-12.27435,-2.06656,11.71403,-9.13106,,,,,,,,,,,,,,,,,,,,,,,,,,,,,,,,,,,,,,,,,,,,,,,,,,,High,High,High,,,,,
139,2025-02-01,19:09:46.98,2,10,"Gonzalez, Matthew ",1000117515,Right,HOP_INT,"McMullen, Brock",823662,Right,SOU_UNI,Undefined,4,Bottom,0,3,2,Fastball,Changeup,FoulBallNotFieldable,Undefined,Undefined,Undefined,0,0,,81.8741,-0.312993,-3.055853,2157.85806,245.902902,2:15,5.54,2.31262,6.10787,-32.42679,9.22697,17.47832,2.54793,0.94068,74.48479,-6.376754,0.091547,0.464514,,,,,,,,,,,,-9.98449,5.25894,-2.08702,50,5.49896,5.68926,-118.79816,-1.61975,-14.15674,24.42605,-24.71755,SOU_UNI,HOP_INT,TedABroerStadium,NAIA,NAIA,20250201-TedABroerStadium-1,03135860-e0fa-11ef-bd34-fd2878f67622,81.14387,,,7.38932,,,,,,,78924947-b10b-4e7a-a348-8922e5fd05be,2025-02-02,00:09:46.98,2025-02-01T19:09:46.9832704-05:00,2025-02-02T00:09:46.9832704Z,,v3,,,,"Chavez, Josiah ",701638,Right,HOP_INT,598b60a9-a4ab-45a9-9cb7-f945fcb93f6a,54.3915,-119.69769,12.21303,5.54184,-0.70948,-12.35878,-2.30614,6.21061,-7.07837,,,,,,,,,,,,,,,,,,,,,,,,,,,,,,,,,,,,,,,,,,,,,,,,,,,High,High,High,,,,,
140,2025-02-01,19:10:09.50,2,11,"Gonzalez, Matthew ",1000117515,Right,HOP_INT,"McMullen, Brock",823662,Right,SOU_UNI,Undefined,4,Bottom,0,3,2,ChangeUp,Changeup,BallCalled,Walk,Undefined,Undefined,0,0,,76.37164,-1.474314,-4.882303,2130.027321,245.52162,2:15,5.30037,2.348,6.09576,-36.2012,12.58619,23.44915,0.91471,-0.22463,68.67637,-8.267734,-0.670391,0.502719,,,,,,,,,,,,-13.84623,7.51811,-1.98379,50,5.16757,8.6045,-110.39591,-3.84285,-16.70643,23.73847,-23.10295,SOU_UNI,HOP_INT,TedABroerStadium,NAIA,NAIA,20250201-TedABroerStadium-1,10862f90-e0fa-11ef-bd34-fd2878f67622,74.97715,,,7.69527,,,,,,,78924947-b10b-4e7a-a348-8922e5fd05be,2025-02-02,00:10:09.50,2025-02-01T19:10:09.5049728-05:00,2025-02-02T00:10:09.5049728Z,,v3,,,,"Chavez, Josiah ",701638,Right,HOP_INT,5046a06a-f9e4-4dcb-9a57-6821ab8a82b4,54.4026,-111.33857,11.86924,5.30196,-2.92542,-11.55147,-2.33865,9.26792,-8.35322,,,,,,,,,,,,,,,,,,,,,,,,,,,,,,,,,,,,,,,,,,,,,,,,,,,High,High,High,,,,,
141,2025-02-01,19:11:52.43,3,1,"Gonzalez, Matthew ",1000117515,Right,HOP_INT,"Pennella, JP",825107,Left,SOU_UNI,Undefined,4,Bottom,0,0,0,ChangeUp,Changeup,StrikeCalled,Undefined,Undefined,Undefined,0,0,,77.47253,-0.302836,-3.850711,2030.343948,239.292579,2:00,5.57071,2.10925,5.62803,-33.41919,14.34048,21.21883,2.50256,0.27902,69.99501,-6.540037,-0.068905,0.497396,,,,,,,,,,,,-11.9265,7.86126,-1.7947,50,5.52382,6.7262,-112.13074,-1.5906,-14.98412,22.77318,-22.2974,SOU_UNI,HOP_INT,TedABroerStadium,NAIA,NAIA,20250201-TedABroerStadium-1,4de0f910-e0fa-11ef-bd34-fd2878f67622,75.77957,,,7.47752,,,,,,,78924947-b10b-4e7a-a348-8922e5fd05be,2025-02-02,00:11:52.43,2025-02-01T19:11:52.4380000-05:00,2025-02-02T00:11:52.4380000Z,,v3,,,,"Chavez, Josiah ",701638,Right,HOP_INT,1be24a49-d060-4ec9-a651-8a23352fc474,54.86889,-113.11527,11.38659,5.57175,-0.62665,-11.1487,-2.09948,7.37399,-7.49206,,,,,,,,,,,,,,,,,,,,,,,,,,,,,75.53922,,1.214157,,-0.72623,2.25149,-0.27928,-0.18185,6.15339,-0.40526,,,,-0.08769,109.32127,-9.45805,6.15354,5.93695,-10.46152,-0.43864,-5.11407,2.70399,High,High,High,,,High,High,Medium
142,2025-02-01,19:12:28.84,3,2,"Gonzalez, Matthew ",1000117515,Right,HOP_INT,"Pennella, JP",825107,Left,SOU_UNI,Undefined,4,Bottom,0,0,1,ChangeUp,Changeup,StrikeCalled,Undefined,Undefined,Undefined,0,0,,74.10982,-1.05653,-3.935505,2065.025361,239.793455,2:00,5.60329,2.13226,5.88022,-36.03337,15.95485,23.9836,1.6169,0.47029,66.79051,-7.813647,0.361505,0.518948,,,,,,,,,,,,-13.57599,9.07737,-1.82796,50,5.4973,6.52103,-107.23704,-2.96173,-15.50393,21.88008,-21.80758,SOU_UNI,HOP_INT,TedABroerStadium,NAIA,NAIA,20250201-TedABroerStadium-1,639771d0-e0fa-11ef-bd34-fd2878f67622,72.63237,,,7.31931,,,,,,,78924947-b10b-4e7a-a348-8922e5fd05be,2025-02-02,00:12:28.84,2025-02-01T19:12:28.8421376-05:00,2025-02-02T00:12:28.8421376Z,,v3,,,,"Chavez, Josiah ",701638,Right,HOP_INT,0687c7e6-27c3-4748-9fb2-b17f3261da9a,54.61689,-108.17494,10.94004,5.60422,-2.02693,-10.90379,-2.12173,7.18562,-7.75197,,,,,,,,,,,,,,,,,,,,,,,,,,,,,,,,,,,,,,,,,,,,,,,,,,,High,High,High,,,,,
143,2025-02-01,19:13:23.19,3,3,"Gonzalez, Matthew ",1000117515,Right,HOP_INT,"Pennella, JP",825107,Left,SOU_UNI,Undefined,4,Bottom,0,0,2,Fastball,Changeup,FoulBallNotFieldable,Undefined,Undefined,Undefined,0,0,,81.99308,-0.776136,-2.932566,2274.466687,214.653549,1:15,5.50384,2.29966,5.88387,-21.6032,20.79029,13.26257,2.98185,0.67925,73.56817,-4.918672,-0.556478,0.46862,,,,,,,,,,,,-7.77213,11.35016,-2.0706,50,5.42901,5.56063,-118.743,-2.18531,-10.88156,26.8493,-16.28297,SOU_UNI,HOP_INT,TedABroerStadium,NAIA,NAIA,20250201-TedABroerStadium-1,83f14e10-e0fa-11ef-bd34-fd2878f67622,80.43281,,,8.42491,,,,,,,78924947-b10b-4e7a-a348-8922e5fd05be,2025-02-02,00:13:23.19,2025-02-01T19:13:23.1922176-05:00,2025-02-02T00:13:23.1922176Z,,v3,,,,"Chavez, Josiah ",701638,Right,HOP_INT,9966aec2-046a-4198-ae92-78fb0f01a911,54.61208,-119.78131,13.42465,5.50134,-1.55562,-8.14149,-2.29377,5.98144,-5.44078,,,,,,,,,,,,,,,,,,,,,,,,,,,,,,,,,,,,,,,,,,,,,,,,,,,High,High,High,,,,,
144,2025-02-01,19:13:47.37,3,4,"Gonzalez, Matthew ",1000117515,Right,HOP_INT,"Pennella, JP",825107,Left,SOU_UNI,Undefined,4,Bottom,0,0,2,ChangeUp,Changeup,InPlay,Undefined,GroundBall,Single,0,1,,75.03039,-0.815299,-3.59299,2005.783449,253.003978,2:30,5.49783,2.21691,5.97416,-40.80975,9.39804,24.81336,1.33966,0.94946,68.10861,-8.405378,0.866134,0.509985,58.80377,-39.773746,-24.518914,,,,,3.83222,3.83209,-25.446581,0.025535,-13.9143,5.60158,-1.94621,50,5.4107,5.95217,-108.72882,-2.70758,-16.42177,21.57348,-25.56302,SOU_UNI,HOP_INT,TedABroerStadium,NAIA,NAIA,20250201-TedABroerStadium-1,92605f90-e0fa-11ef-bd34-fd2878f67622,73.90898,1.41308,,6.92179,,,,1.91592,1.41308,-0.94209,78924947-b10b-4e7a-a348-8922e5fd05be,2025-02-02,00:13:47.37,2025-02-01T19:13:47.3753088-05:00,2025-02-02T00:13:47.3753088Z,GroundBall,v3,,,,"Chavez, Josiah ",701638,Right,HOP_INT,0ad41b5f-0c87-4936-8950-40efc498b5ba,54.52509,-109.62299,10.78674,5.50096,-1.64805,-12.78151,-2.20702,6.63282,-8.21088,,1.91518,60.48701,,,,,,,,1.41375,-55.33919,,,,,,,,-0.94176,-27.58964,,,,,,,,,,,,,,,,,,,,,,,,,,,,,,High,High,High,Estimated,Estimated,,,
145,2025-02-01,19:17:03.34,4,1,"Long, Logan",1000403006,Right,HOP_INT,"Streuer, Nick",1000220618,Left,SOU_UNI,Undefined,4,Bottom,0,0,0,ChangeUp,Changeup,InPlay,Undefined,Bunt,Single,0,0,,80.24188,1.772533,-6.087469,2288.257755,255.279667,2:30,5.26964,3.87545,5.90651,-37.15061,6.92611,20.58442,3.82892,-0.08109,72.60123,-5.126748,-2.422722,0.477833,20.21202,55.546877,5.09684,1862.591288,,,,29.17219,28.62715,5.43827,1.726076,-12.38142,3.43473,-3.39694,50,5.39155,11.57601,-115.86454,2.4618,-16.71542,23.03716,-27.53703,SOU_UNI,HOP_INT,TedABroerStadium,NAIA,NAIA,20250201-TedABroerStadium-1,072e6970-e0fb-11ef-bd34-fd2878f67622,78.88205,13.52419,,7.64064,,,,1.77743,4.01873,0.06245,78924947-b10b-4e7a-a348-8922e5fd05be,2025-02-02,00:17:03.34,2025-02-01T19:17:03.3499136-05:00,2025-02-02T00:17:03.3499136Z,GroundBall,v3,,,,"Chavez, Josiah ",701638,Right,HOP_INT,f41e6eb1-f168-44e5-86ce-5295ca46cc03,54.59325,-116.77423,11.51858,5.27286,3.54919,-13.76851,-3.86709,12.23608,-8.35771,185.078115,1.77742,16.70551,-1.05892,0.56874,-0.61041,0.71094,-0.45642,0.15039,-0.0204,4.01875,24.44198,-15.90768,0.13682,0.39762,-0.44955,0.25439,-0.08437,0.01217,0.06245,1.48991,0.05566,-0.01903,0.02181,-0.01165,-0.00082,0.0026,-0.00063,,,,,,,,,,,,,,,,,,,,,,,High,High,High,High,High,,,
146,2025-02-01,19:17:40.32,5,1,"Long, Logan",1000403006,Right,HOP_INT,"Collins, Charlie",1000096340,Right,SOU_UNI,Undefined,4,Bottom,0,0,0,Slider,Curveball,BallCalled,Undefined,Undefined,Undefined,0,0,,71.55473,0.827428,-4.39033,2483.867428,134.654534,10:30,5.38051,3.81227,5.58825,-42.27459,13.70576,-11.98532,2.63259,-1.29415,65.30982,-6.971294,-6.514032,0.538504,,,,,,,,,,,,4.71811,7.24835,-3.42673,50,5.4246,8.36869,-103.48679,0.30406,5.06927,18.76058,-24.38626,SOU_UNI,HOP_INT,TedABroerStadium,NAIA,NAIA,20250201-TedABroerStadium-1,1d3dfeb0-e0fb-11ef-bd34-fd2878f67622,69.99468,,,6.24491,,,,,,,78924947-b10b-4e7a-a348-8922e5fd05be,2025-02-02,00:17:40.32,2025-02-01T19:17:40.3261440-05:00,2025-02-02T00:17:40.3261440Z,,v3,,,,"Chavez, Josiah ",701638,Right,HOP_INT,1b3ff76e-c95b-4fe1-ade9-897fa4c19e7b,54.90773,-104.37269,9.38029,5.38305,1.45562,-12.19313,-3.81626,8.12931,2.53463,,,,,,,,,,,,,,,,,,,,,,,,,,,,,,,,,,,,,,,,,,,,,,,,,,,High,High,High,,,,,
147,2025-02-01,19:17:55.39,5,2,"Long, Logan",1000403006,Right,HOP_INT,"Collins, Charlie",1000096340,Right,SOU_UNI,Undefined,4,Bottom,0,1,0,Fastball,Changeup,InPlay,Undefined,LineDrive,Double,0,2,,81.05872,-0.717286,-5.733847,2328.287485,251.296093,2:30,5.11491,3.80262,6.00577,-35.10053,7.79276,18.6919,1.52193,0.0301,73.79655,-7.235872,-2.392232,0.471374,99.04526,16.339364,8.792629,2452.428264,107.22016,26.27374,24.57267,293.90652,293.90652,19.631333,2.950952,-11.31316,4.64067,-3.361,50,5.03907,11.0613,-117.18913,-2.54678,-15.64417,23.30765,-25.75681,SOU_UNI,HOP_INT,TedABroerStadium,NAIA,NAIA,20250201-TedABroerStadium-1,26336410-e0fb-11ef-bd34-fd2878f67622,79.96284,30.15634,,7.26217,,,,1.46996,1.54589,-0.0143,78924947-b10b-4e7a-a348-8922e5fd05be,2025-02-02,00:17:55.39,2025-02-01T19:17:55.3978368-05:00,2025-02-02T00:17:55.3978368Z,LineDrive,v3,,,,"Chavez, Josiah ",701638,Right,HOP_INT,fd8e879d-daa6-436e-99c0-bcb0614c0c84,54.49366,-118.07949,11.65383,5.11757,-1.56286,-12.87841,-3.79496,11.65891,-7.82209,236.448366,1.46996,137.76091,-25.81969,6.0124,-1.2572,0.23342,-0.0382,0.00463,-0.00027,1.54588,40.86736,-14.67158,-0.29662,0.38618,-0.13095,0.02872,-0.00345,0.00018,-0.01431,21.30875,9.68358,-3.72448,1.10813,-0.26881,0.05083,-0.00629,0.00036,,,,,,,,,,,,,,,,,,,,,,,High,High,High,Medium,High,,,
148,2025-02-01,19:18:43.24,6,1,"Long, Logan",1000403006,Right,HOP_INT,"Hicks, Connor",801360,Left,SOU_UNI,Undefined,4,Bottom,0,0,0,Fastball,Changeup,StrikeCalled,Undefined,Undefined,Undefined,0,0,,82.07597,0.360391,-4.247331,2300.344456,242.685308,2:00,5.35392,3.71089,5.82582,-31.94521,10.2076,16.89284,3.02778,1.16291,74.22936,-5.602236,-1.229413,0.467288,,,,,,,,,,,,-9.85961,5.5428,-3.37305,50,5.36481,8.14059,-118.79959,-0.25183,-13.94832,24.90435,-24.33268,SOU_UNI,HOP_INT,TedABroerStadium,NAIA,NAIA,20250201-TedABroerStadium-1,42b424d0-e0fb-11ef-bd34-fd2878f67622,80.66211,,,7.84661,,,,,,,78924947-b10b-4e7a-a348-8922e5fd05be,2025-02-02,00:18:43.24,2025-02-01T19:18:43.2487936-05:00,2025-02-02T00:18:43.2487936Z,,v3,,,,"Chavez, Josiah ",701638,Right,HOP_INT,8db0bc3f-2fec-4eaa-be8c-eb8d9555f80f,54.67081,-119.77474,12.45218,5.35602,0.70094,-12.16634,-3.7025,8.68675,-6.97416,,,,,,,,,,,,,,,,,,,,,,,,,,,,,,,,,,,,,,,,,,,,,,,,,,,High,High,High,,,,,
149,2025-02-01,19:18:57.75,6,2,"Long, Logan",1000403006,Right,HOP_INT,"Hicks, Connor",801360,Left,SOU_UNI,Undefined,4,Bottom,0,0,1,Fastball,Changeup,BallCalled,Undefined,Undefined,Undefined,0,0,,81.11491,0.975462,-4.116814,2341.820304,255.017783,2:30,5.2775,3.75169,5.77927,-36.69951,6.40772,18.43383,3.12926,1.45076,73.56903,-5.830537,-0.82502,0.472549,,,,,,,,,,,,-10.53505,3.44004,-3.42229,50,5.33639,7.71199,-117.45303,0.82128,-14.60956,23.75513,-27.40355,SOU_UNI,HOP_INT,TedABroerStadium,NAIA,NAIA,20250201-TedABroerStadium-1,4b5c0670-e0fb-11ef-bd34-fd2878f67622,79.76414,,,7.54588,,,,,,,78924947-b10b-4e7a-a348-8922e5fd05be,2025-02-02,00:18:57.75,2025-02-01T19:18:57.7520128-05:00,2025-02-02T00:18:57.7520128Z,,v3,,,,"Chavez, Josiah ",701638,Right,HOP_INT,3447d4c7-f143-477b-9f07-14770297a42e,54.71822,-118.40345,11.87756,5.2816,1.91767,-13.70178,-3.74253,8.29651,-7.30478,,,,,,,,,,,,,,,,,,,,,,,,,,,,,,,,,,,,,,,,,,,,,,,,,,,High,High,High,,,,,
150,2025-02-01,19:19:12.80,6,3,"Long, Logan",1000403006,Right,HOP_INT,"Hicks, Connor",801360,Left,SOU_UNI,Undefined,4,Bottom,0,1,1,Slider,Curveball,StrikeCalled,Undefined,Undefined,Undefined,0,0,,72.66343,0.585757,-2.695349,2477.425394,104.745535,9:30,5.29446,3.79299,5.46988,-48.57912,6.04028,-15.70174,1.79501,-0.03978,66.1257,-8.32109,-5.485006,0.531918,,,,,,,,,,,,7.05981,3.40036,-3.54477,50,5.31318,5.52353,-105.24945,-0.39057,7.79387,20.49722,-28.42012,SOU_UNI,HOP_INT,TedABroerStadium,NAIA,NAIA,20250201-TedABroerStadium-1,5467b2f0-e0fb-11ef-bd34-fd2878f67622,70.86133,,,6.53773,,,,,,,78924947-b10b-4e7a-a348-8922e5fd05be,2025-02-02,00:19:12.80,2025-02-01T19:19:12.8076800-05:00,2025-02-02T00:19:12.8076800Z,,v3,,,,"Chavez, Josiah ",701638,Right,HOP_INT,e1604f98-fe5c-4e25-b769-229761fb7fbc,55.02775,-106.22408,10.24861,5.29962,0.96079,-14.21006,-3.79861,5.15294,3.89694,,,,,,,,,,,,,,,,,,,,,,,,,,,,,,,,,,,,,,,,,,,,,,,,,,,High,High,High,,,,,
151,2025-02-01,19:19:31.51,6,4,"Long, Logan",1000403006,Right,HOP_INT,"Hicks, Connor",801360,Left,SOU_UNI,Undefined,4,Bottom,0,1,2,Fastball,Changeup,BallCalled,Undefined,Undefined,Undefined,0,0,,81.97251,-0.017614,-3.686963,2385.956544,257.215178,2:30,5.31683,3.98024,5.76965,-36.2464,6.07193,20.17954,2.27988,2.22598,74.24779,-6.738073,-0.078611,0.468205,,,,,,,,,,,,-11.36949,3.55351,-3.68715,50,5.29371,6.83746,-118.74416,-1.21788,-16.04906,25.14552,-27.15797,SOU_UNI,HOP_INT,TedABroerStadium,NAIA,NAIA,20250201-TedABroerStadium-1,5f801f60-e0fb-11ef-bd34-fd2878f67622,80.50418,,,7.72472,,,,,,,78924947-b10b-4e7a-a348-8922e5fd05be,2025-02-02,00:19:31.51,2025-02-01T19:19:31.5148800-05:00,2025-02-02T00:19:31.5148800Z,,v3,,,,"Chavez, Josiah ",701638,Right,HOP_INT,02986477-92f8-45a0-84c7-c528f7669527,54.72833,-119.74126,12.57276,5.32065,-0.14099,-13.57898,-3.97089,7.47386,-8.02453,,,,,,,,,,,,,,,,,,,,,,,,,,,,,,,,,,,,,,,,,,,,,,,,,,,High,High,High,,,,,
152,2025-02-01,19:19:47.92,6,5,"Long, Logan",1000403006,Right,HOP_INT,"Hicks, Connor",801360,Left,SOU_UNI,Undefined,4,Bottom,0,2,2,Slider,Curveball,InPlay,Undefined,GroundBall,Out,1,1,,73.80607,1.285775,-3.308544,2632.442327,117.877066,10:00,5.35292,3.98679,5.54677,-44.02467,8.51556,-12.8189,2.88797,-0.17674,67.32971,-6.816445,-5.584861,0.521696,58.66034,-30.842328,65.764937,,,,,5.78044,5.78044,52.652013,0.065344,5.49981,4.40764,-3.69124,50,5.43544,6.64276,-106.89755,1.08425,6.30515,20.01526,-27.12098,SOU_UNI,HOP_INT,TedABroerStadium,NAIA,NAIA,20250201-TedABroerStadium-1,694d2010-e0fb-11ef-bd34-fd2878f67622,72.24984,2.89958,,6.47637,,,,1.51346,2.89958,0.16728,78924947-b10b-4e7a-a348-8922e5fd05be,2025-02-02,00:19:47.92,2025-02-01T19:19:47.9299072-05:00,2025-02-02T00:19:47.9299072Z,GroundBall,v3,,,,"Chavez, Josiah ",701638,Right,HOP_INT,4d827d50-0ab8-4cf7-a2a3-953a0254b3cf,54.95129,-107.82063,10.00763,5.3566,2.33504,-13.56049,-3.99089,6.35198,3.15258,,1.51154,30.5042,,,,,,,,2.90238,-44.37405,,,,,,,,0.16301,67.76399,,,,,,,,,,,,,,,,,,,,,,,,,,,,,,High,High,High,Estimated,Estimated,,,
153,2025-02-01,19:20:32.83,7,1,"Long, Logan",1000403006,Right,HOP_INT,"Tassler, Peter",10061229,Right,SOU_UNI,Undefined,4,Bottom,1,0,0,Fastball,Changeup,StrikeCalled,Undefined,Undefined,Undefined,0,0,,81.29731,-0.758539,-5.799573,2312.291886,228.19119,1:30,5.25242,3.96072,5.96958,-28.97962,13.85642,13.81934,2.13053,-0.28303,73.73092,-6.188318,-3.334421,0.47106,,,,,,,,,,,,-8.77906,7.77863,-3.50731,50,5.17606,11.38652,-117.42535,-2.41137,-12.16665,23.77915,-21.39391,SOU_UNI,HOP_INT,TedABroerStadium,NAIA,NAIA,20250201-TedABroerStadium-1,8406b560-e0fb-11ef-bd34-fd2878f67622,80.01623,,,7.56639,,,,,,,78924947-b10b-4e7a-a348-8922e5fd05be,2025-02-02,00:20:32.83,2025-02-01T19:20:32.8323072-05:00,2025-02-02T00:20:32.8323072Z,,v3,,,,"Chavez, Josiah ",701638,Right,HOP_INT,cb314004-1013-4dca-80e0-08e69d0389df,54.52669,-118.33847,11.88958,5.25288,-1.58984,-10.69696,-3.95353,11.85372,-6.08333,,,,,,,,,,,,,,,,,,,,,,,,,,,,,,,,,,,,,,,,,,,,,,,,,,,High,High,High,,,,,
154,2025-02-01,19:20:46.03,7,2,"Long, Logan",1000403006,Right,HOP_INT,"Tassler, Peter",10061229,Right,SOU_UNI,Undefined,4,Bottom,1,0,1,Slider,Curveball,BallCalled,Undefined,Undefined,Undefined,0,0,,73.61138,0.535147,-4.889639,2590.372979,118.341596,10:00,5.29287,3.9516,5.61769,-46.61688,6.33567,-8.4389,1.9094,-1.32609,67.20253,-8.01054,-6.385611,0.523739,,,,,,,,,,,,2.76374,3.57481,-3.52782,50,5.30894,9.40728,-106.41253,-0.39672,3.13478,20.102,-28.11935,SOU_UNI,HOP_INT,TedABroerStadium,NAIA,NAIA,20250201-TedABroerStadium-1,8bf18890-e0fb-11ef-bd34-fd2878f67622,71.968,,,6.40885,,,,,,,78924947-b10b-4e7a-a348-8922e5fd05be,2025-02-02,00:20:46.03,2025-02-01T19:20:46.0323840-05:00,2025-02-02T00:20:46.0323840Z,,v3,,,,"Chavez, Josiah ",701638,Right,HOP_INT,3317cd17-e764-47f6-baaf-faf847ae770a,54.87953,-107.33034,10.051,5.29774,0.88716,-14.05968,-3.95407,9.26416,1.56739,,,,,,,,,,,,,,,,,,,,,,,,,,,,,,,,,,,,,,,,,,,,,,,,,,,High,High,High,,,,,
155,2025-02-01,19:21:12.89,7,3,"Long, Logan",1000403006,Right,HOP_INT,"Tassler, Peter",10061229,Right,SOU_UNI,Undefined,4,Bottom,1,1,1,Slider,Curveball,InPlay,Undefined,FlyBall,Sacrifice,1,1,,73.76854,2.24321,-4.390014,2558.99653,125.80988,10:15,5.33244,4.05447,5.48234,-46.094,6.02292,-6.28567,3.59734,-0.58482,68.09195,-6.175954,-5.501973,0.51959,88.81237,30.589445,10.842587,4038.646072,106.1715,59.46992,28.76747,315.20894,311.14332,22.184451,4.731065,2.05929,2.86669,-3.66424,50,5.49823,8.42456,-106.82083,2.78704,2.39527,17.25305,-28.83967,SOU_UNI,HOP_INT,TedABroerStadium,NAIA,NAIA,20250201-TedABroerStadium-1,9bf34800-e0fb-11ef-bd34-fd2878f67622,72.54266,74.59906,,5.67659,,,,1.235,3.62913,0.58941,78924947-b10b-4e7a-a348-8922e5fd05be,2025-02-02,00:21:12.89,2025-02-01T19:21:12.8953856-05:00,2025-02-02T00:21:12.8953856Z,FlyBall,v3,,,,"Chavez, Josiah ",701638,Right,HOP_INT,cf76af7a-41f8-48c6-ab0b-3296ab9b9a63,55.01795,-107.62825,8.62653,5.33621,4.13669,-14.41984,-4.05587,8.31247,1.19763,211.940572,1.23733,110.08082,-22.78484,5.11698,-0.86675,0.10591,-0.01336,0.00209,-0.00016,3.62923,66.27627,-16.63162,0.39383,0.24659,-0.16729,0.05357,-0.00813,0.00047,0.58867,21.10899,3.76736,-1.515,0.35478,-0.0564,0.00698,-0.0007,4E-05,,,,,,,,,,,,,,,,,,,,,,,High,High,High,High,Medium,,,
156,2025-02-01,19:21:49.55,8,1,"Long, Logan",1000403006,Right,HOP_INT,"White, Myles",809319,Left,SOU_UNI,Undefined,4,Bottom,2,0,0,Fastball,Changeup,FoulBallNotFieldable,Undefined,Undefined,Undefined,0,0,,80.39144,0.008508,-5.625693,2325.632361,244.359079,2:15,5.29458,3.84029,5.85039,-34.19935,9.55882,16.87233,2.45258,0.00202,73.23641,-6.338153,-2.619739,0.476103,,,,,,,,,,,,-10.29111,5.29433,-3.39186,50,5.27522,10.81311,-116.24569,-1.0327,-14.03431,22.47575,-24.95399,SOU_UNI,HOP_INT,TedABroerStadium,NAIA,NAIA,20250201-TedABroerStadium-1,b1c7a900-e0fb-11ef-bd34-fd2878f67622,79.16862,,,7.15504,,,,,,,78924947-b10b-4e7a-a348-8922e5fd05be,2025-02-02,00:21:49.55,2025-02-01T19:21:49.5594496-05:00,2025-02-02T00:21:49.5594496Z,,v3,,,,"Chavez, Josiah ",701638,Right,HOP_INT,6d5622f4-68c8-49ce-9c13-fa0f1eb056b9,54.64929,-117.14116,11.23787,5.29656,-0.03849,-12.477,-3.83382,11.37227,-7.01716,,,,,,,,,,,,,,,,,,,,,,,,,,,,,,,,,,,,,,,,,,,,,,,,,,,High,High,High,,,,,
157,2025-02-01,19:22:07.47,8,2,"Long, Logan",1000403006,Right,HOP_INT,"White, Myles",809319,Left,SOU_UNI,Undefined,4,Bottom,2,0,1,Slider,Curveball,StrikeCalled,Undefined,Undefined,Undefined,0,0,,74.42131,1.306574,-3.103534,2651.160097,99.049096,9:15,5.37953,3.89294,5.38009,-48.27534,3.82929,-13.00469,2.5834,-0.10293,67.80138,-7.523466,-5.407839,0.519529,,,,,,,,,,,,5.54859,2.05646,-3.60556,50,5.46289,6.3352,-107.75407,0.92846,6.44971,20.70365,-29.7836,SOU_UNI,HOP_INT,TedABroerStadium,NAIA,NAIA,20250201-TedABroerStadium-1,bc832860-e0fb-11ef-bd34-fd2878f67622,72.55121,,,6.61993,,,,,,,78924947-b10b-4e7a-a348-8922e5fd05be,2025-02-02,00:22:07.47,2025-02-01T19:22:07.4747392-05:00,2025-02-02T00:22:07.4747392Z,,v3,,,,"Chavez, Josiah ",701638,Right,HOP_INT,64f0d6f1-68d2-4f07-b8c4-448ef8b9dcd0,55.11725,-108.73284,10.35182,5.38572,2.33649,-14.8918,-3.89785,6.03029,3.22486,,,,,,,,,,,,,,,,,,,,,,,,,,,,,,,,,,,,,,,,,,,,,,,,,,,High,High,High,,,,,
158,2025-02-01,19:22:21.69,8,3,"Long, Logan",1000403006,Right,HOP_INT,"White, Myles",809319,Left,SOU_UNI,Undefined,4,Bottom,2,0,2,Fastball,Changeup,StrikeCalled,Strikeout,Undefined,Undefined,0,0,,81.13793,-0.935266,-5.018873,2331.718621,244.120659,2:15,5.27308,4.08906,5.737,-31.85848,11.5193,20.54202,1.74387,1.1154,73.46674,-6.867046,-1.358135,0.474029,,,,,,,,,,,,-12.01493,6.59402,-3.68313,50,5.17556,9.49403,-117.31546,-2.91302,-16.56605,24.40156,-23.08231,SOU_UNI,HOP_INT,TedABroerStadium,NAIA,NAIA,20250201-TedABroerStadium-1,c4efaeb0-e0fb-11ef-bd34-fd2878f67622,79.51501,,,7.67119,,,,,,,78924947-b10b-4e7a-a348-8922e5fd05be,2025-02-02,00:22:21.69,2025-02-01T19:22:21.6904704-05:00,2025-02-02T00:22:21.6904704Z,,v3,,,,"Chavez, Josiah ",701638,Right,HOP_INT,a67f00a6-e3d9-47e9-9fbf-531d672ed2f2,54.76149,-118.3017,12.20078,5.27444,-1.9801,-11.54116,-4.08038,10.16358,-8.28302,,,,,,,,,,,,,,,,,,,,,,,,,,,,,,,,,,,,,,,,,,,,,,,,,,,High,High,High,,,,,
159,2025-02-01,19:24:12.55,1,1,"Miranda, Angel",1000118930,Right,SOU_UNI,"Chun-Ming, Branden",1000399900,Right,HOP_INT,Undefined,5,Top,0,0,0,Fastball,Four-Seam,StrikeSwinging,Undefined,Undefined,Undefined,0,0,,90.158,-2.655446,-3.328317,2130.920508,206.487637,1:00,6.08772,2.2318,7.41724,-12.41178,20.3582,9.57941,2.65281,0.02503,81.77425,-5.136528,-1.562693,0.412012,,,,,,,,,,,,-6.18729,12.1704,-2.05356,50,5.9398,7.27897,-130.87174,-6.26486,-10.62815,30.08609,-11.2685,SOU_UNI,HOP_INT,TedABroerStadium,NAIA,NAIA,20250201-TedABroerStadium-1,06fb2f00-e0fc-11ef-bd34-fd2878f67622,91.48389,,,8.38376,,,,,,,78924947-b10b-4e7a-a348-8922e5fd05be,2025-02-02,00:24:12.55,2025-02-01T19:24:12.5545472-05:00,2025-02-02T00:24:12.5545472Z,,v3,,,,"McMullen, Brock",823662,Right,SOU_UNI,ef0c41dd-4850-4450-b6f5-f1899f9c193d,53.08011,-131.57792,15.04305,6.08374,-6.00037,-5.63425,-2.22734,7.52844,-5.31408,,,,,,,,,,,,,,,,,,,,,,,,,,,,,,,,,,,,,,,,,,,,,,,,,,,High,High,High,,,,,
160,2025-02-01,19:24:26.45,1,2,"Miranda, Angel",1000118930,Right,SOU_UNI,"Chun-Ming, Branden",1000399900,Right,HOP_INT,Undefined,5,Top,0,0,1,Fastball,Four-Seam,InPlay,Undefined,LineDrive,Single,0,0,,90.10721,-2.691291,-2.813579,2244.07827,204.335258,12:45,6.03124,2.37547,7.44686,-12.17816,20.68607,8.82477,2.5859,0.57282,81.44926,-5.138013,-1.18486,0.412604,99.46831,12.941186,1.752817,1723.280764,109.57083,19.4657,9.70285,253.74958,252.88722,9.911169,2.336546,-5.68335,12.43304,-2.22646,50,5.88304,6.12889,-130.8339,-6.33229,-9.7132,31.20859,-10.92513,SOU_UNI,HOP_INT,TedABroerStadium,NAIA,NAIA,20250201-TedABroerStadium-1,0f405730-e0fc-11ef-bd34-fd2878f67622,91.35264,20.27121,,8.65795,,,,1.35618,2.63716,-0.56967,78924947-b10b-4e7a-a348-8922e5fd05be,2025-02-02,00:24:26.45,2025-02-01T19:24:26.4579072-05:00,2025-02-02T00:24:26.4579072Z,LineDrive,v3,,,,"McMullen, Brock",823662,Right,SOU_UNI,ebf96cd7-ffd9-4c74-be5a-862cae6c4b50,53.05066,-131.55958,15.60429,6.02733,-6.07825,-5.46257,-2.3716,6.35475,-4.8566,245.013526,1.35622,142.1117,-22.72202,4.62224,-0.80536,0.08594,0.00054,-0.00128,7E-05,2.63708,32.67724,-15.82785,0.81839,-0.32412,0.21512,-0.08254,0.01629,-0.00124,-0.56979,4.35766,11.12754,-3.17894,0.45069,0.11971,-0.08301,0.01787,-0.00134,,,,,,,,,,,,,,,,,,,,,,,High,High,High,High,High,,,
161,2025-02-01,19:25:13.84,2,1,"Miranda, Angel",1000118930,Right,SOU_UNI,"Davis, Spencer",1000403010,Left,HOP_INT,Undefined,5,Top,0,0,0,Slider,Curveball,HitByPitch,Undefined,Undefined,Undefined,0,0,,74.5238,-0.183634,-3.1318,2470.698371,62.696093,8:00,5.98997,2.51791,6.42814,-58.72208,-8.23036,-19.46674,0.92743,-1.98569,67.87522,-11.009631,-6.659182,0.511424,,,,,,,,,,,,9.02351,-3.64418,-2.28691,50,5.95178,6.56406,-108.08728,-1.99832,10.38885,23.54321,-36.36964,SOU_UNI,HOP_INT,TedABroerStadium,NAIA,NAIA,20250201-TedABroerStadium-1,2b909210-e0fc-11ef-bd34-fd2878f67622,73.7009,,,6.64858,,,,,,,78924947-b10b-4e7a-a348-8922e5fd05be,2025-02-02,00:25:13.84,2025-02-01T19:25:13.8438656-05:00,2025-02-02T00:25:13.8438656Z,,v3,,,,"McMullen, Brock",823662,Right,SOU_UNI,c3718939-80ed-4bd2-8994-e28fbf150f25,54.07188,-108.97059,11.7716,6.00115,-0.63378,-18.18482,-2.52587,6.17428,5.19443,,,,,,,,,,,,,,,,,,,,,,,,,,,,,,,,,,,,,,,,,,,,,,,,,,,High,High,High,,,,,
162,2025-02-01,19:26:26.57,3,1,"Miranda, Angel",1000118930,Right,SOU_UNI,"Estrada, Nathan",1000399896,Right,HOP_INT,Undefined,5,Top,0,0,0,Slider,Slider,StrikeSwinging,Undefined,Undefined,Undefined,0,0,,78.11539,-1.441235,-2.743002,2293.088808,92.443521,9:00,5.85107,2.62187,6.66953,-42.69691,1.81063,-10.77343,0.9726,-0.78743,72.25884,-9.360203,-4.704621,0.480163,,,,,,,,,,,,4.94453,1.75083,-2.43399,50,5.73747,5.78433,-113.52322,-4.00741,6.43873,21.19926,-29.89413,SOU_UNI,HOP_INT,TedABroerStadium,NAIA,NAIA,20250201-TedABroerStadium-1,56e603f0-e0fc-11ef-bd34-fd2878f67622,78.49933,,,5.85655,,,,,,,78924947-b10b-4e7a-a348-8922e5fd05be,2025-02-02,00:26:26.57,2025-02-01T19:26:26.5700864-05:00,2025-02-02T00:26:26.5700864Z,,v3,,,,"McMullen, Brock",823662,Right,SOU_UNI,e53c6574-4fb8-4979-bf4d-83bf8a2d6318,53.83118,-114.23641,10.59963,5.85537,-3.00171,-14.94707,-2.62494,5.56772,3.21937,,,,,,,,,,,,,,,,,,,,,,,,,,,,,,,,,,,,,,,,,,,,,,,,,,,High,High,High,,,,,
163,2025-02-01,19:26:46.50,3,2,"Miranda, Angel",1000118930,Right,SOU_UNI,"Estrada, Nathan",1000399896,Right,HOP_INT,Undefined,5,Top,0,0,1,Slider,Slider,StrikeCalled,Undefined,Undefined,Undefined,0,0,,76.96405,-0.450155,-1.411955,2355.003661,88.047816,9:00,5.8389,2.5403,6.72728,-44.89345,1.0474,-13.01276,1.68625,0.16525,70.62331,-8.830247,-3.787448,0.487833,,,,,,,,,,,,6.45992,1.14161,-2.44267,50,5.79229,3.17755,-111.91889,-2.06771,8.11944,21.90492,-30.73914,SOU_UNI,HOP_INT,TedABroerStadium,NAIA,NAIA,20250201-TedABroerStadium-1,62ca24d0-e0fc-11ef-bd34-fd2878f67622,77.2651,,,6.34075,,,,,,,78924947-b10b-4e7a-a348-8922e5fd05be,2025-02-02,00:26:46.50,2025-02-01T19:26:46.5043456-05:00,2025-02-02T00:26:46.5043456Z,,v3,,,,"McMullen, Brock",823662,Right,SOU_UNI,41b86949-b5b3-484c-9d6f-d5e58cd4fb73,53.77237,-112.6548,10.95246,5.84441,-1.035,-15.36957,-2.54485,2.90477,4.05972,,,,,,,,,,,,,,,,,,,,,,,,,,,,,,,,,,,,,,,,,,,,,,,,,,,High,High,High,,,,,
164,2025-02-01,19:27:07.40,3,3,"Miranda, Angel",1000118930,Right,SOU_UNI,"Estrada, Nathan",1000399896,Right,HOP_INT,Undefined,5,Top,0,0,2,Slider,Slider,StrikeSwinging,Strikeout,Undefined,Undefined,0,0,,76.36079,0.962916,-1.030533,2386.350765,90.537575,9:00,5.86389,2.48893,6.57813,-45.43432,1.78957,-18.50733,2.96044,0.00206,69.46083,-7.542469,-4.395901,0.494598,,,,,,,,,,,,9.32689,1.16449,-2.41165,50,5.91175,2.62205,-110.94945,0.63161,11.45058,22.64371,-30.7444,SOU_UNI,HOP_INT,TedABroerStadium,NAIA,NAIA,20250201-TedABroerStadium-1,6f3a8020-e0fc-11ef-bd34-fd2878f67622,76.20825,,,6.89996,,,,,,,78924947-b10b-4e7a-a348-8922e5fd05be,2025-02-02,00:27:07.40,2025-02-01T19:27:07.4071040-05:00,2025-02-02T00:27:07.4071040Z,,v3,,,,"McMullen, Brock",823662,Right,SOU_UNI,9551c46c-3053-4027-8984-91be3b48b6f4,53.9201,-111.74663,11.32185,5.87046,1.71399,-15.3722,-2.49687,2.21893,5.72529,,,,,,,,,,,,,,,,,,,,,,,,,,,,,,,,,,,,,,,,,,,,,,,,,,,High,High,High,,,,,
165,2025-02-01,19:27:38.04,4,1,"Miranda, Angel",1000118930,Right,SOU_UNI,"Shackelford, David",1000114732,Right,HOP_INT,Undefined,5,Top,1,0,0,Slider,Slider,StrikeCalled,Undefined,Undefined,Undefined,0,0,,76.72933,0.620307,-0.842273,2358.635453,100.196476,9:15,5.86248,2.53112,6.77429,-41.66707,4.61394,-17.01745,2.9567,0.34388,69.92814,-7.221753,-3.948678,0.489635,,,,,,,,,,,,8.68721,2.75575,-2.47106,50,5.88782,2.20015,-111.54929,0.13166,10.81246,22.34935,-28.74409,SOU_UNI,HOP_INT,TedABroerStadium,NAIA,NAIA,20250201-TedABroerStadium-1,818a0020-e0fc-11ef-bd34-fd2878f67622,76.98061,,,6.80119,,,,,,,78924947-b10b-4e7a-a348-8922e5fd05be,2025-02-02,00:27:38.04,2025-02-01T19:27:38.0496384-05:00,2025-02-02T00:27:38.0496384Z,,v3,,,,"McMullen, Brock",823662,Right,SOU_UNI,926fb5e9-f914-416d-8c05-44124e360e88,53.72365,-112.29285,11.17468,5.86754,1.08798,-14.37205,-2.53828,1.84042,5.40623,,,,,,,,,,,,,,,,,,,,,,,,,,,,,,,,,,,,,,,,,,,,,,,,,,,High,High,High,,,,,
166,2025-02-01,19:27:56.63,4,2,"Miranda, Angel",1000118930,Right,SOU_UNI,"Shackelford, David",1000114732,Right,HOP_INT,Undefined,5,Top,1,0,1,Fastball,Four-Seam,StrikeSwinging,Undefined,Undefined,Undefined,0,0,,90.61855,-2.006037,-3.132589,2268.203855,202.189421,12:45,6.13797,2.16476,7.33469,-10.30705,22.19178,8.59599,3.46354,0.04861,82.12623,-4.099171,-1.550601,0.410303,,,,,,,,,,,,-5.55256,12.88166,-1.99243,50,6.02232,6.89193,-131.59208,-4.72819,-9.64861,30.27211,-9.78985,SOU_UNI,HOP_INT,TedABroerStadium,NAIA,NAIA,20250201-TedABroerStadium-1,8c82af90-e0fc-11ef-bd34-fd2878f67622,91.8648,,,8.49232,,,,,,,78924947-b10b-4e7a-a348-8922e5fd05be,2025-02-02,00:27:56.63,2025-02-01T19:27:56.6317056-05:00,2025-02-02T00:27:56.6317056Z,,v3,,,,"McMullen, Brock",823662,Right,SOU_UNI,81b08aa5-dffa-4096-af9e-53d397472a85,53.16171,-132.31742,15.13606,6.1328,-4.49362,-4.89492,-2.16033,7.12311,-4.8243,,,,,,,,,,,,,,,,,,,,,,,,,,,,,,,,,,,,,,,,,,,,,,,,,,,High,High,High,,,,,
167,2025-02-01,19:28:17.05,4,3,"Miranda, Angel",1000118930,Right,SOU_UNI,"Shackelford, David",1000114732,Right,HOP_INT,Undefined,5,Top,1,0,2,Slider,Slider,BallCalled,Undefined,Undefined,Undefined,0,0,,78.41857,-0.469738,-2.949777,2356.43204,85.08104,8:45,5.87614,2.48875,6.86198,-43.96034,0.19965,-14.24666,1.78402,-1.38971,71.95438,-8.678863,-5.550135,0.478284,,,,,,,,,,,,6.6691,0.6885,-2.2966,50,5.83102,6.32838,-113.93813,-2.09192,8.67501,22.98196,-31.27848,SOU_UNI,HOP_INT,TedABroerStadium,NAIA,NAIA,20250201-TedABroerStadium-1,98c236e0-e0fc-11ef-bd34-fd2878f67622,78.80763,,,6.46419,,,,,,,78924947-b10b-4e7a-a348-8922e5fd05be,2025-02-02,00:28:17.05,2025-02-01T19:28:17.0506240-05:00,2025-02-02T00:28:17.0506240Z,,v3,,,,"McMullen, Brock",823662,Right,SOU_UNI,c24c56b4-ab34-441e-9db8-9948eaa010c3,53.63778,-114.66954,11.49098,5.88176,-1.09647,-15.63924,-2.49361,6.05229,4.33751,,,,,,,,,,,,,,,,,,,,,,,,,,,,,,,,,,,,,,,,,,,,,,,,,,,High,High,High,,,,,
168,2025-02-01,19:28:37.70,4,4,"Miranda, Angel",1000118930,Right,SOU_UNI,"Shackelford, David",1000114732,Right,HOP_INT,Undefined,5,Top,1,1,2,Fastball,Four-Seam,StrikeCalled,Strikeout,Undefined,Undefined,0,0,,90.61403,-3.620619,-3.63713,2275.647429,207.890462,1:00,6.08516,2.20291,7.42505,-12.32642,20.29395,10.11863,1.78222,-0.23796,81.95756,-6.08652,-1.772651,0.41107,,,,,,,,,,,,-6.61138,12.48009,-2.0085,50,5.88543,7.99511,-131.33726,-8.50837,-11.39585,31.23663,-10.66245,SOU_UNI,HOP_INT,TedABroerStadium,NAIA,NAIA,20250201-TedABroerStadium-1,a505dce0-e0fc-11ef-bd34-fd2878f67622,91.69347,,,8.65648,,,,,,,78924947-b10b-4e7a-a348-8922e5fd05be,2025-02-02,00:28:37.70,2025-02-01T19:28:37.7077248-05:00,2025-02-02T00:28:37.7077248Z,,v3,,,,"McMullen, Brock",823662,Right,SOU_UNI,d38864fa-36eb-49d4-962c-dd988d87a77e,53.07196,-132.06586,15.61831,6.08099,-8.25967,-5.33122,-2.19808,8.26092,-5.69793,,,,,,,,,,,,,,,,,,,,,,,,,,,,,,,,,,,,,,,,,,,,,,,,,,,High,High,High,,,,,
169,2025-02-01,19:29:08.37,5,1,"Miranda, Angel",1000118930,Right,SOU_UNI,"Boston, Trotter",1000269934,Left,HOP_INT,Undefined,5,Top,2,0,0,Slider,Curveball,BallCalled,Undefined,Undefined,Undefined,0,0,,74.80581,2.37303,1.140588,2426.915914,66.147663,8:15,6.05856,2.28179,6.23547,-57.58861,-7.39406,-20.85666,3.45028,1.59605,67.56737,-8.314569,-2.631526,0.509917,,,,,,,,,,,,11.07969,-3.97811,-2.35753,50,6.20849,-1.42075,-108.54025,2.79935,12.93918,22.72784,-36.81981,SOU_UNI,HOP_INT,TedABroerStadium,NAIA,NAIA,20250201-TedABroerStadium-1,b7577fc0-e0fc-11ef-bd34-fd2878f67622,73.91873,,,7.23844,,,,,,,78924947-b10b-4e7a-a348-8922e5fd05be,2025-02-02,00:29:08.37,2025-02-01T19:29:08.3748864-05:00,2025-02-02T00:29:08.3748864Z,,v3,,,,"McMullen, Brock",823662,Right,SOU_UNI,74dac02d-1876-4144-a64d-4a4bc54fab4d,54.26429,-109.42953,11.36392,6.07078,4.24001,-18.40991,-2.29203,-1.92702,6.46959,,,,,,,,,,,,,,,,,,,,,,,,,,,,,,,,,,,,,,,,,,,,,,,,,,,High,High,High,,,,,
170,2025-02-01,19:29:29.89,5,2,"Miranda, Angel",1000118930,Right,SOU_UNI,"Boston, Trotter",1000269934,Left,HOP_INT,Undefined,5,Top,2,1,0,Fastball,Four-Seam,BallCalled,Undefined,Undefined,Undefined,0,0,,89.20666,-0.524303,-1.90187,2318.074419,204.258862,12:45,5.90402,2.55087,7.29311,-14.83918,18.66355,7.90111,4.19317,1.48932,80.85367,-3.458921,-0.446539,0.416593,,,,,,,,,,,,-4.81945,10.54993,-2.44553,50,5.86948,4.02929,-129.72893,-1.45731,-8.13463,29.56126,-14.36703,SOU_UNI,HOP_INT,TedABroerStadium,NAIA,NAIA,20250201-TedABroerStadium-1,c4284a90-e0fc-11ef-bd34-fd2878f67622,90.47794,,,8.35299,,,,,,,78924947-b10b-4e7a-a348-8922e5fd05be,2025-02-02,00:29:29.89,2025-02-01T19:29:29.8918912-05:00,2025-02-02T00:29:29.8918912Z,,v3,,,,"McMullen, Brock",823662,Right,SOU_UNI,45f028e7-84ed-472a-8a9d-2cc5425ff40a,53.20363,-130.4569,14.78063,5.901,-1.10351,-7.18351,-2.54722,4.22962,-4.06732,,,,,,,,,,,,,,,,,,,,,,,,,,,,,,,,,,,,,,,,,,,,,,,,,,,High,High,High,,,,,
171,2025-02-01,19:29:50.75,5,3,"Miranda, Angel",1000118930,Right,SOU_UNI,"Boston, Trotter",1000269934,Left,HOP_INT,Undefined,5,Top,2,2,0,Slider,Slider,StrikeSwinging,Undefined,Undefined,Undefined,0,0,,79.20346,-0.983426,-2.927333,2369.534198,99.950821,9:15,5.80819,2.68234,6.84249,-39.74597,3.33244,-11.41571,1.59799,-0.9407,72.99738,-8.40628,-5.010523,0.472391,,,,,,,,,,,,5.24591,2.44709,-2.49125,50,5.73094,6.25015,-115.11069,-3.01746,7.01011,22.17756,-28.90401,SOU_UNI,HOP_INT,TedABroerStadium,NAIA,NAIA,20250201-TedABroerStadium-1,d098ccf0-e0fc-11ef-bd34-fd2878f67622,79.79081,,,6.20608,,,,,,,78924947-b10b-4e7a-a348-8922e5fd05be,2025-02-02,00:29:50.75,2025-02-01T19:29:50.7572736-05:00,2025-02-02T00:29:50.7572736Z,,v3,,,,"McMullen, Brock",823662,Right,SOU_UNI,7f72525d-9a81-4707-b378-6c4b6a55f13d,53.65765,-115.81324,11.08878,5.81203,-2.10183,-14.45201,-2.68573,6.02808,3.50505,,,,,,,,,,,,,,,,,,,,,,,,,,,,,,,,,,,,,,,,,,,,,,,,,,,High,High,High,,,,,
172,2025-02-01,19:30:27.10,5,4,"Miranda, Angel",1000118930,Right,SOU_UNI,"Boston, Trotter",1000269934,Left,HOP_INT,Undefined,5,Top,2,2,1,Fastball,Four-Seam,BallCalled,Undefined,Undefined,Undefined,0,0,,89.44042,-0.643503,-2.057706,2239.93782,203.863321,12:45,6.07749,2.42579,7.35833,-10.47335,22.86737,9.60434,4.6233,1.36747,80.78294,-2.783851,-0.286765,0.415584,,,,,,,,,,,,-5.78244,12.84674,-2.31396,50,6.03757,4.32839,-130.03063,-1.56298,-9.77844,30.39472,-10.44948,SOU_UNI,HOP_INT,TedABroerStadium,NAIA,NAIA,20250201-TedABroerStadium-1,e63bbdb0-e0fc-11ef-bd34-fd2878f67622,90.69749,,,8.65749,,,,,,,78924947-b10b-4e7a-a348-8922e5fd05be,2025-02-02,00:30:27.10,2025-02-01T19:30:27.1000576-05:00,2025-02-02T00:30:27.1000576Z,,v3,,,,"McMullen, Brock",823662,Right,SOU_UNI,ddbf72dc-e32c-41c8-8274-13401dda8e77,53.13744,-130.76195,15.19736,6.07215,-1.31156,-5.22474,-2.42094,4.56366,-4.88922,,,,,,,,,,,,,,,,,,,,,,,,,,,,,,,,,,,,,,,,,,,,,,,,,,,High,High,High,,,,,
173,2025-02-01,19:30:48.17,5,5,"Miranda, Angel",1000118930,Right,SOU_UNI,"Boston, Trotter",1000269934,Left,HOP_INT,Undefined,5,Top,2,3,1,Slider,Slider,BallCalled,Walk,Undefined,Undefined,0,0,,78.96259,0.343745,0.410128,2336.409332,113.467077,9:45,5.83117,2.5468,6.60697,-36.21226,7.65485,-14.26261,3.12837,1.73394,71.93249,-6.477818,-2.186359,0.476695,,,,,,,,,,,,7.55682,4.39823,-2.56984,50,5.84005,-0.32197,-114.77548,-0.28683,9.99155,22.99105,-26.35875,SOU_UNI,HOP_INT,TedABroerStadium,NAIA,NAIA,20250201-TedABroerStadium-1,f2d94380-e0fc-11ef-bd34-fd2878f67622,79.07031,,,7.0301,,,,,,,78924947-b10b-4e7a-a348-8922e5fd05be,2025-02-02,00:30:48.17,2025-02-01T19:30:48.1779712-05:00,2025-02-02T00:30:48.1779712Z,,v3,,,,"McMullen, Brock",823662,Right,SOU_UNI,96c5e0b0-5588-4d52-81e1-6418cd56c966,53.88988,-115.55204,11.49552,5.8347,0.60348,-13.17937,-2.55327,-0.65946,4.99577,,,,,,,,,,,,,,,,,,,,,,,,,,,,,,,,,,,,,,,,,,,,,,,,,,,High,High,High,,,,,
174,2025-02-01,19:31:19.58,6,1,"Miranda, Angel",1000118930,Right,SOU_UNI,"Harvey, Kyle",1000121326,Right,HOP_INT,Undefined,5,Top,2,0,0,Fastball,Four-Seam,BallCalled,Undefined,Undefined,Undefined,0,0,,90.4118,-0.839155,-3.129083,2202.522381,203.473988,12:45,6.02539,2.31002,7.31438,-11.89922,20.82678,8.55091,4.2743,0.19217,81.69278,-3.23394,-1.555959,0.411735,,,,,,,,,,,,-5.56492,11.81201,-2.13692,50,5.97402,6.8733,-131.33192,-2.09536,-9.60303,30.92268,-11.79086,SOU_UNI,HOP_INT,TedABroerStadium,NAIA,NAIA,20250201-TedABroerStadium-1,0582f170-e0fd-11ef-bd34-fd2878f67622,91.54538,,,8.71902,,,,,,,78924947-b10b-4e7a-a348-8922e5fd05be,2025-02-02,00:31:19.58,2025-02-01T19:31:19.5807232-05:00,2025-02-02T00:31:19.5807232Z,,v3,,,,"McMullen, Brock",823662,Right,SOU_UNI,40eb4880-aaa3-47dd-a9bd-b4d79d7ac2d4,53.18213,-132.07904,15.46134,6.0212,-1.81048,-5.89543,-2.30578,7.10532,-4.80152,,,,,,,,,,,,,,,,,,,,,,,,,,,,,,,,,,,,,,,,,,,,,,,,,,,High,High,High,,,,,
175,2025-02-01,19:31:40.76,6,2,"Miranda, Angel",1000118930,Right,SOU_UNI,"Harvey, Kyle",1000121326,Right,HOP_INT,Undefined,5,Top,2,1,0,Slider,Slider,BallCalled,Undefined,Undefined,Undefined,0,0,,77.42193,0.682201,0.149039,2323.274366,109.949373,9:45,5.81846,2.53471,6.77464,-39.45081,5.63079,-11.60312,3.15383,1.70386,70.95692,-6.741992,-1.970259,0.483249,,,,,,,,,,,,6.31036,3.11484,-2.53996,50,5.84765,0.05911,-112.68305,0.34569,8.07361,21.41683,-28.18886,SOU_UNI,HOP_INT,TedABroerStadium,NAIA,NAIA,20250201-TedABroerStadium-1,12235d70-e0fd-11ef-bd34-fd2878f67622,77.99794,,,6.465,,,,,,,78924947-b10b-4e7a-a348-8922e5fd05be,2025-02-02,00:31:40.76,2025-02-01T19:31:40.7651840-05:00,2025-02-02T00:31:40.7651840Z,,v3,,,,"McMullen, Brock",823662,Right,SOU_UNI,7999dcf4-4bb6-48b9-9c93-06c700b02d43,53.72703,-113.38921,10.70842,5.82093,1.27513,-14.09443,-2.53752,-0.20709,4.0368,,,,,,,,,,,,,,,,,,,,,,,,,,,,,,,,,,,,,,,,,,,,,,,,,,,High,High,High,,,,,
176,2025-02-01,19:32:04.75,6,3,"Miranda, Angel",1000118930,Right,SOU_UNI,"Harvey, Kyle",1000121326,Right,HOP_INT,Undefined,5,Top,2,2,0,Slider,Slider,StrikeSwinging,Undefined,Undefined,Undefined,0,0,,77.89479,-1.231287,-2.501695,2386.289094,89.350158,9:00,5.88828,2.5473,6.81125,-43.48865,1.36847,-9.72804,1.13952,-0.54745,71.45383,-9.346064,-4.278733,0.482044,,,,,,,,,,,,4.42544,1.50386,-2.38253,50,5.79289,5.25064,-113.18074,-3.56724,5.67555,22.83416,-30.24537,SOU_UNI,HOP_INT,TedABroerStadium,NAIA,NAIA,20250201-TedABroerStadium-1,20757110-e0fd-11ef-bd34-fd2878f67622,78.19289,,,6.44096,,,,,,,78924947-b10b-4e7a-a348-8922e5fd05be,2025-02-02,00:32:04.75,2025-02-01T19:32:04.7514112-05:00,2025-02-02T00:32:04.7514112Z,,v3,,,,"McMullen, Brock",823662,Right,SOU_UNI,d3297b80-046b-405a-a344-ae92183539b4,53.68881,-113.92252,11.41708,5.89282,-2.5847,-15.12268,-2.55011,5.06627,2.83778,,,,,,,,,,,,,,,,,,,,,,,,,,,,,,,,,,,,,,,,,,,,,,,,,,,High,High,High,,,,,
177,2025-02-01,19:32:26.75,6,4,"Miranda, Angel",1000118930,Right,SOU_UNI,"Harvey, Kyle",1000121326,Right,HOP_INT,Undefined,5,Top,2,2,1,Slider,Slider,FoulBallNotFieldable,Undefined,Undefined,Undefined,0,0,,78.54607,0.015704,-2.166159,2346.62274,88.09092,9:00,5.85075,2.59203,6.80937,-43.0553,1.10724,-11.18528,2.27715,-0.31757,71.69352,-8.054426,-4.208243,0.478298,,,,,,,,,,,,5.22654,1.06142,-2.44878,50,5.8366,4.68797,-114.13714,-1.11854,6.8077,23.47757,-30.79151,SOU_UNI,HOP_INT,TedABroerStadium,NAIA,NAIA,20250201-TedABroerStadium-1,2d8edda0-e0fd-11ef-bd34-fd2878f67622,78.80537,,,6.85255,,,,,,,78924947-b10b-4e7a-a348-8922e5fd05be,2025-02-02,00:32:26.75,2025-02-01T19:32:26.7504640-05:00,2025-02-02T00:32:26.7504640Z,,v3,,,,"McMullen, Brock",823662,Right,SOU_UNI,c4eb3ec5-678a-4de5-93f3-f6be57e0e101,53.68887,-114.89342,11.73879,5.85666,-0.12665,-15.39576,-2.59626,4.46868,3.40385,,,,,,,,,,,,,,,,,,,,,,,,,,,,,,,,,,,,,,,,,,,,,,,,,,,High,High,High,,,,,
178,2025-02-01,19:32:53.39,6,5,"Miranda, Angel",1000118930,Right,SOU_UNI,"Harvey, Kyle",1000121326,Right,HOP_INT,Undefined,5,Top,2,2,2,Fastball,Four-Seam,FoulBallNotFieldable,Undefined,Undefined,Undefined,0,0,,92.07741,-2.727976,-3.082933,2343.097012,204.009857,12:45,6.0327,2.17844,7.6318,-8.6706,22.83084,9.6341,2.85471,0.20978,82.51768,-4.545269,-1.299478,0.403958,67.81139,40.944413,146.45925,4099.5817,,,,,18.15771,,,-6.31701,13.75469,-2.02461,50,5.89201,6.8673,-133.62651,-6.42075,-11.16467,34.83845,-7.86405,SOU_UNI,HOP_INT,TedABroerStadium,NAIA,NAIA,20250201-TedABroerStadium-1,3d6a9e80-e0fd-11ef-bd34-fd2878f67622,93.30774,18.21744,,9.55973,,,,1.54855,2.75418,-0.24132,78924947-b10b-4e7a-a348-8922e5fd05be,2025-02-02,00:32:53.39,2025-02-01T19:32:53.3910528-05:00,2025-02-02T00:32:53.3910528Z,,v3,,,,"McMullen, Brock",823662,Right,SOU_UNI,f209a206-adca-44fe-8681-500485b29f35,52.86495,-134.37137,17.41923,6.02749,-6.25262,-3.93202,-2.17399,7.106,-5.58233,308.293617,1.55073,-62.72445,1.98816,,,,,,,2.75923,64.92858,-29.4637,,,,,,,-0.23545,41.21905,-16.59226,,,,,,,,,,,,,,,,,,,,,,,,,,,,,High,High,High,High,Undefined,,,
179,2025-02-01,19:33:18.81,6,6,"Miranda, Angel",1000118930,Right,SOU_UNI,"Harvey, Kyle",1000121326,Right,HOP_INT,Undefined,5,Top,2,2,2,Slider,Slider,FoulBallNotFieldable,Undefined,Undefined,Undefined,0,0,,79.87839,0.01598,-2.225814,2395.534066,95.588388,9:15,5.91002,2.55461,6.77952,-39.99612,2.81473,-13.97505,2.59161,-0.64314,72.77098,-7.491611,-4.774067,0.470921,64.32464,23.197198,157.890791,3673.564705,,,,,25.19088,,,6.74012,1.87866,-2.40491,50,5.89621,4.96911,-116.07194,-1.03386,9.0603,24.70084,-29.64869,SOU_UNI,HOP_INT,TedABroerStadium,NAIA,NAIA,20250201-TedABroerStadium-1,4c99a4a0-e0fd-11ef-bd34-fd2878f67622,80.03978,11.78058,,7.10742,,,,2.03362,2.60616,0.54601,78924947-b10b-4e7a-a348-8922e5fd05be,2025-02-02,00:33:18.81,2025-02-01T19:33:18.8112384-05:00,2025-02-02T00:33:18.8112384Z,,v3,,,,"McMullen, Brock",823662,Right,SOU_UNI,cceb2307-8746-4323-9548-9454b303f8f9,53.72008,-116.86092,12.35042,5.9141,-0.08684,-14.82435,-2.55901,4.67972,4.53015,309.731933,2.03377,-80.34691,8.11353,,,,,,,2.61395,36.84,-26.6432,,,,,,,0.55239,32.37392,-12.50768,,,,,,,,,,,,,,,,,,,,,,,,,,,,,High,High,High,High,Undefined,,,
180,2025-02-01,19:33:47.87,6,7,"Miranda, Angel",1000118930,Right,SOU_UNI,"Harvey, Kyle",1000121326,Right,HOP_INT,Undefined,5,Top,2,2,2,Fastball,Four-Seam,InPlay,Undefined,LineDrive,Out,1,0,,90.46072,-2.502555,-3.137621,2275.652071,207.663041,1:00,6.10754,2.04107,7.504,-14.77414,17.73036,8.69461,2.61838,-0.06214,81.90736,-5.424273,-1.531599,0.41034,95.5839,16.044203,10.909874,2994.080655,106.77665,28.04083,26.43089,307.5317,298.36863,19.543065,3.318392,-5.74929,10.8015,-1.87791,50,5.97178,6.91401,-131.37133,-6.01717,-9.91461,31.2648,-13.54701,SOU_UNI,HOP_INT,TedABroerStadium,NAIA,NAIA,20250201-TedABroerStadium-1,5de23bf0-e0fd-11ef-bd34-fd2878f67622,91.85671,33.42307,,8.55336,,,,1.45876,2.61813,0.07873,78924947-b10b-4e7a-a348-8922e5fd05be,2025-02-02,00:33:47.87,2025-02-01T19:33:47.8715392-05:00,2025-02-02T00:33:47.8715392Z,LineDrive,v3,,,,"McMullen, Brock",823662,Right,SOU_UNI,ae93ebfc-1766-4279-915a-47bac1c15c0a,52.99462,-132.08209,15.6324,6.10508,-5.7092,-6.7735,-2.03765,7.1394,-4.95731,219.42589,1.45874,132.2967,-24.04273,5.31454,-1.10531,0.21995,-0.03828,0.00448,-0.00022,2.61825,38.73648,-11.90458,-0.54887,0.40968,-0.16288,0.04273,-0.00578,0.0003,0.07892,25.48948,4.60912,-1.96582,0.70705,-0.23948,0.06243,-0.00967,0.00064,,,,,,,,,,,,,,,,,,,,,,,High,High,High,High,High,,,
181,2025-02-01,19:35:50.26,1,1,"Long, Logan",1000403006,Right,HOP_INT,"Gumieny, Jacob",1000124971,Right,SOU_UNI,Undefined,5,Bottom,0,0,0,Slider,Curveball,StrikeCalled,Undefined,Undefined,Undefined,0,0,,71.82007,2.098436,-3.03235,2499.042507,115.778916,9:45,5.26997,3.91256,5.4155,-49.32377,6.34437,-9.37331,3.1291,0.28811,65.55963,-6.945307,-4.693697,0.537001,,,,,,,,,,,,3.79162,3.13654,-3.63621,50,5.42277,5.85141,-103.98614,2.3213,4.12539,18.46423,-28.76139,SOU_UNI,HOP_INT,TedABroerStadium,NAIA,NAIA,20250201-TedABroerStadium-1,a6e4e0a0-e0fd-11ef-bd34-fd2878f67622,70.19068,,,6.26045,,,,,,,78924947-b10b-4e7a-a348-8922e5fd05be,2025-02-02,00:35:50.26,2025-02-01T19:35:50.2611968-05:00,2025-02-02T00:35:50.2611968Z,,v3,,,,"Chavez, Josiah ",701638,Right,HOP_INT,2ccff060-c0ef-4c37-b963-18751b699687,55.08124,-104.8845,9.23211,5.27579,3.72066,-14.3807,-3.91603,5.65069,2.0627,,,,,,,,,,,,,,,,,,,,,,,,,,,,,,,,,,,,,,,,,,,,,,,,,,,High,High,High,,,,,
182,2025-02-01,19:36:01.94,1,2,"Long, Logan",1000403006,Right,HOP_INT,"Gumieny, Jacob",1000124971,Right,SOU_UNI,Undefined,5,Bottom,0,0,1,Slider,Curveball,InPlay,Undefined,LineDrive,Single,0,0,,72.6019,1.497643,-2.784403,2559.963671,109.740489,9:45,5.33361,3.99921,5.15617,-47.74231,7.68382,-16.00489,2.76684,0.04239,65.8621,-7.237255,-5.608404,0.535832,86.03843,4.968636,1.075407,1101.319458,,,,86.33826,84.89866,2.91062,0.73076,7.12437,3.86382,-3.72594,50,5.43741,5.70462,-105.06213,1.25907,7.83565,20.45661,-27.92449,SOU_UNI,HOP_INT,TedABroerStadium,NAIA,NAIA,20250201-TedABroerStadium-1,addeeb30-e0fd-11ef-bd34-fd2878f67622,70.34377,4.20721,,6.7398,,,,1.56122,2.79901,-0.07879,78924947-b10b-4e7a-a348-8922e5fd05be,2025-02-02,00:36:01.94,2025-02-01T19:36:01.9474944-05:00,2025-02-02T00:36:01.9474944Z,GroundBall,v3,,,,"Chavez, Josiah ",701638,Right,HOP_INT,f4536dc2-5d02-45a4-9aea-de44309aa072,55.34173,-106.09712,10.2283,5.33797,2.6719,-13.96224,-4.00453,5.30818,3.91782,304.998442,1.58426,125.2671,-12.95659,,,,,,,2.83359,10.29019,-19.44825,,,,,,,-0.0993,2.74074,4.6805,,,,,,,,,,,,,,,,,,,,,,,,,,,,,High,High,High,High,High,,,
183,2025-02-01,19:36:35.94,2,1,"Long, Logan",1000403006,Right,HOP_INT,"Hinrikus, Tyler",1000098761,Right,SOU_UNI,Undefined,5,Bottom,0,0,0,Slider,Changeup,InPlay,Undefined,FlyBall,Out,1,0,,80.70944,-0.449568,-5.259341,2168.954988,253.261892,2:30,5.10016,4.03215,5.95885,-36.16305,6.98217,18.47639,1.66791,0.68106,73.71049,-7.149975,-1.954816,0.472757,75.10874,33.966925,-2.923136,,109.9998,58.70082,0.14278,264.16404,260.42584,4.273736,4.388004,-11.03879,4.11248,-3.62412,50,5.04401,10.06312,-116.8169,-2.03406,-15.21179,22.56865,-26.5069,SOU_UNI,HOP_INT,TedABroerStadium,NAIA,NAIA,20250201-TedABroerStadium-1,c21db810-e0fd-11ef-bd34-fd2878f67622,79.72902,64.61874,,6.99895,,,,1.86853,1.83797,-0.68648,78924947-b10b-4e7a-a348-8922e5fd05be,2025-02-02,00:36:35.94,2025-02-01T19:36:35.9483904-05:00,2025-02-02T00:36:35.9483904Z,FlyBall,v3,,,,"Chavez, Josiah ",701638,Right,HOP_INT,da008724-7e74-44a1-be26-004b89e24df7,54.54146,-117.69103,11.28433,5.10291,-1.0074,-13.25345,-4.0253,10.6523,-7.6059,202.785597,1.86969,91.21516,-15.35644,3.33769,-0.49681,0.04264,-0.00393,0.00104,-0.00011,1.83812,61.54115,-16.23217,0.57878,0.11054,-0.12828,0.04801,-0.00807,0.00051,-0.68677,-4.65093,5.05706,-1.2754,0.22019,-0.02358,0.0015,-0.00017,2E-05,,,,,,,,,,,,,,,,,,,,,,,High,High,High,High,Medium,,,
184,2025-02-01,19:37:07.48,3,1,"Long, Logan",1000403006,Right,HOP_INT,"McMullen, Brock",823662,Right,SOU_UNI,Undefined,5,Bottom,1,0,0,Fastball,Changeup,BallCalled,Undefined,Undefined,Undefined,0,0,,79.90307,0.273582,-3.835982,2300.965848,248.368831,2:15,5.18109,3.79304,5.9744,-36.07978,7.86796,16.14217,2.42864,1.57679,72.7822,-6.437538,-0.940667,0.477133,,,,,,,,,,,,-9.39776,4.39937,-3.49803,50,5.18285,7.15663,-115.82355,-0.54248,-12.69953,22.68577,-26.22902,SOU_UNI,HOP_INT,TedABroerStadium,NAIA,NAIA,20250201-TedABroerStadium-1,d4e5c370-e0fd-11ef-bd34-fd2878f67622,78.99772,,,7.12088,,,,,,,78924947-b10b-4e7a-a348-8922e5fd05be,2025-02-02,00:37:07.48,2025-02-01T19:37:07.4835456-05:00,2025-02-02T00:37:07.4835456Z,,v3,,,,"Chavez, Josiah ",701638,Right,HOP_INT,402ecaf0-ee01-48d2-a4da-101e7dabb4cb,54.5241,-116.7063,11.34288,5.1841,0.47815,-13.11451,-3.78613,7.6508,-6.34977,,,,,,,,,,,,,,,,,,,,,,,,,,,,,,,,,,,,,,,,,,,,,,,,,,,High,High,High,,,,,
185,2025-02-01,19:37:23.69,3,2,"Long, Logan",1000403006,Right,HOP_INT,"McMullen, Brock",823662,Right,SOU_UNI,Undefined,5,Bottom,1,1,0,Slider,Curveball,BallCalled,Undefined,Undefined,Undefined,0,0,,72.63296,4.758678,-2.410056,2449.259583,142.416279,10:45,5.19436,3.99913,5.33322,-44.91164,9.65552,-6.1324,5.93073,1.22558,66.04805,-3.500757,-3.494369,0.531664,,,,,,,,,,,,2.37315,4.03677,-3.77692,50,5.59351,4.64819,-104.94222,7.37531,2.64608,17.78377,-27.67307,SOU_UNI,HOP_INT,TedABroerStadium,NAIA,NAIA,20250201-TedABroerStadium-1,de93ca70-e0fd-11ef-bd34-fd2878f67622,70.89527,,,6.5849,,,,,,,78924947-b10b-4e7a-a348-8922e5fd05be,2025-02-02,00:37:23.69,2025-02-01T19:37:23.6993024-05:00,2025-02-02T00:37:23.6993024Z,,v3,,,,"Chavez, Josiah ",701638,Right,HOP_INT,350b2b77-95a0-4bdb-822f-693c32cddb60,55.16251,-105.81345,8.89188,5.19898,8.73103,-13.83654,-4.00146,4.51856,1.32304,,,,,,,,,,,,,,,,,,,,,,,,,,,,,,,,,,,,,,,,,,,,,,,,,,,High,High,High,,,,,
186,2025-02-01,19:37:52.10,3,3,"Long, Logan",1000403006,Right,HOP_INT,"McMullen, Brock",823662,Right,SOU_UNI,Undefined,5,Bottom,1,2,0,Fastball,Changeup,BallCalled,Undefined,Undefined,Undefined,0,0,,79.95639,0.895418,-3.795932,2316.302937,236.906432,2:00,5.21091,3.93092,6.16047,-30.96978,12.67072,17.18375,3.45917,1.85111,72.55888,-4.933503,-0.704634,0.475462,,,,,,,,,,,,-9.98292,6.71768,-3.65103,50,5.2632,7.05248,-115.90066,0.94136,-13.4897,22.99215,-23.0966,SOU_UNI,HOP_INT,TedABroerStadium,NAIA,NAIA,20250201-TedABroerStadium-1,ef7b2ef0-e0fd-11ef-bd34-fd2878f67622,79.27532,,,7.39751,,,,,,,78924947-b10b-4e7a-a348-8922e5fd05be,2025-02-02,00:37:52.10,2025-02-01T19:37:52.1027072-05:00,2025-02-02T00:37:52.1027072Z,,v3,,,,"Chavez, Josiah ",701638,Right,HOP_INT,06d54e0f-e4dd-4127-8799-dc971efbd204,54.33733,-116.75792,11.49607,5.21205,1.80251,-11.5483,-3.92336,7.55544,-6.74485,,,,,,,,,,,,,,,,,,,,,,,,,,,,,,,,,,,,,,,,,,,,,,,,,,,High,High,High,,,,,
187,2025-02-01,19:38:33.41,3,4,"Long, Logan",1000403006,Right,HOP_INT,"McMullen, Brock",823662,Right,SOU_UNI,Undefined,5,Bottom,1,3,0,Fastball,Changeup,BallCalled,Walk,Undefined,Undefined,0,0,,81.05274,1.132508,-5.25139,2363.882603,235.681297,1:45,5.18632,4.01227,6.08916,-29.93195,12.83887,16.66977,3.74416,0.53003,73.39199,-4.494117,-2.267114,0.470701,,,,,,,,,,,,-10.10674,6.70717,-3.61473,50,5.25829,10.13708,-117.22199,1.4649,-13.97089,23.50926,-22.9025,SOU_UNI,HOP_INT,TedABroerStadium,NAIA,NAIA,20250201-TedABroerStadium-1,081ba840-e0fe-11ef-bd34-fd2878f67622,80.07725,,,7.66075,,,,,,,78924947-b10b-4e7a-a348-8922e5fd05be,2025-02-02,00:38:33.41,2025-02-01T19:38:33.4144512-05:00,2025-02-02T00:38:33.4144512Z,,v3,,,,"Chavez, Josiah ",701638,Right,HOP_INT,4f088af3-a24a-41c0-9b34-bc7d79caff03,54.40818,-118.10276,11.75463,5.18733,2.32294,-11.45125,-4.00432,10.6605,-6.98544,,,,,,,,,,,,,,,,,,,,,,,,,,,,,,,,,,,,,,,,,,,,,,,,,,,High,High,High,,,,,
188,2025-02-01,19:39:08.35,4,1,"Long, Logan",1000403006,Right,HOP_INT,"Pennella, JP",825107,Left,SOU_UNI,Undefined,5,Bottom,1,0,0,Slider,Curveball,BallCalled,Undefined,Undefined,Undefined,0,0,,71.94197,3.733682,-2.696717,2416.119777,123.253996,10:00,5.26052,3.95924,5.64198,-46.77388,8.40469,-10.06863,4.85444,0.60271,65.30396,-4.918175,-4.487176,0.534634,,,,,,,,,,,,4.2728,3.6878,-3.72362,50,5.54881,5.26154,-104.06331,5.44602,4.6511,18.65718,-28.15974,SOU_UNI,HOP_INT,TedABroerStadium,NAIA,NAIA,20250201-TedABroerStadium-1,1cf68e10-e0fe-11ef-bd34-fd2878f67622,70.50137,,,6.63801,,,,,,,78924947-b10b-4e7a-a348-8922e5fd05be,2025-02-02,00:39:08.35,2025-02-01T19:39:08.3511808-05:00,2025-02-02T00:39:08.3511808Z,,v3,,,,"Chavez, Josiah ",701638,Right,HOP_INT,b97545ed-9a50-4e43-bbef-07df766a347c,54.85447,-104.93004,9.32859,5.26542,6.7542,-14.07987,-3.96303,5.04547,2.32555,,,,,,,,,,,,,,,,,,,,,,,,,,,,,,,,,,,,,,,,,,,,,,,,,,,High,High,High,,,,,
189,2025-02-01,19:39:26.29,4,2,"Long, Logan",1000403006,Right,HOP_INT,"Pennella, JP",825107,Left,SOU_UNI,Undefined,5,Bottom,1,1,0,Fastball,Changeup,StrikeCalled,Undefined,Undefined,Undefined,0,0,,79.83616,0.226752,-5.992883,2317.713729,234.715393,1:45,5.19757,3.90796,6.21287,-30.76801,13.13398,16.44918,2.84399,-0.27224,72.49399,-5.555575,-3.046941,0.476885,,,,,,,,,,,,-10.24693,7.17414,-3.46507,50,5.1993,11.50826,-115.38177,-0.3957,-13.74294,22.49437,-22.55227,SOU_UNI,HOP_INT,TedABroerStadium,NAIA,NAIA,20250201-TedABroerStadium-1,27a451d0-e0fe-11ef-bd34-fd2878f67622,79.03889,,,7.34217,,,,,,,78924947-b10b-4e7a-a348-8922e5fd05be,2025-02-02,00:39:26.29,2025-02-01T19:39:26.2917120-05:00,2025-02-02T00:39:26.2917120Z,,v3,,,,"Chavez, Josiah ",701638,Right,HOP_INT,af3edb99-dff0-474c-8714-3bf2057bb16c,54.28497,-116.21415,11.24719,5.19851,0.43882,-11.27614,-3.90033,12.0168,-6.87147,,,,,,,,,,,,,,,,,,,,,,,,,,,,,,,,,,,,,,,,,,,,,,,,,,,High,High,High,,,,,
190,2025-02-01,19:39:51.86,4,3,"Long, Logan",1000403006,Right,HOP_INT,"Pennella, JP",825107,Left,SOU_UNI,Undefined,5,Bottom,1,1,1,Slider,Curveball,StrikeCalled,Undefined,Undefined,Undefined,0,0,,74.01454,1.549551,-4.644915,2630.596291,127.054752,10:15,5.30781,4.12046,5.36758,-45.68495,6.6487,-6.68158,2.95878,-0.80113,67.99718,-6.787131,-5.823969,0.520669,,,,,,,,,,,,2.06047,3.41311,-3.69807,50,5.41505,8.94869,-107.06362,1.47359,2.39303,18.37971,-28.21001,SOU_UNI,HOP_INT,TedABroerStadium,NAIA,NAIA,20250201-TedABroerStadium-1,36e11390-e0fe-11ef-bd34-fd2878f67622,72.39228,,,6.01736,,,,,,,78924947-b10b-4e7a-a348-8922e5fd05be,2025-02-02,00:39:51.86,2025-02-01T19:39:51.8640640-05:00,2025-02-02T00:39:51.8640640Z,,v3,,,,"Chavez, Josiah ",701638,Right,HOP_INT,2dd95474-b49a-493c-a79e-68f9dcdf0a85,55.13007,-107.94071,9.18986,5.31261,2.81979,-14.10501,-4.12238,8.83449,1.19652,,,,,,,,,,,,,,,,,,,,,,,,,,,,,,,,,,,,,,,,,,,,,,,,,,,High,High,High,,,,,
191,2025-02-01,19:40:08.24,4,4,"Long, Logan",1000403006,Right,HOP_INT,"Pennella, JP",825107,Left,SOU_UNI,Undefined,5,Bottom,1,1,2,Fastball,Changeup,BallCalled,Undefined,Undefined,Undefined,0,0,,81.85126,0.049207,-3.09696,2368.338737,240.88302,2:00,5.10251,4.09075,5.84877,-30.05372,12.01835,19.02631,2.64382,2.79567,74.38395,-5.569195,0.311673,0.46684,,,,,,,,,,,,-10.58363,6.55205,-3.8497,50,5.08907,5.66498,-118.69191,-0.82117,-15.0039,24.03862,-22.88555,SOU_UNI,HOP_INT,TedABroerStadium,NAIA,NAIA,20250201-TedABroerStadium-1,40aa43b0-e0fe-11ef-bd34-fd2878f67622,80.73945,,,7.46731,,,,,,,78924947-b10b-4e7a-a348-8922e5fd05be,2025-02-02,00:40:08.24,2025-02-01T19:40:08.2443264-05:00,2025-02-02T00:40:08.2443264Z,,v3,,,,"Chavez, Josiah ",701638,Right,HOP_INT,322fef29-a2ec-407f-bcc7-49de6b6b2d57,54.64887,-119.62974,12.01931,5.1037,0.07167,-11.44278,-4.08213,6.25033,-7.50195,,,,,,,,,,,,,,,,,,,,,,,,,,,,,,,,,,,,,,,,,,,,,,,,,,,High,High,High,,,,,
192,2025-02-01,19:40:25.04,4,5,"Long, Logan",1000403006,Right,HOP_INT,"Pennella, JP",825107,Left,SOU_UNI,Undefined,5,Bottom,1,2,2,Fastball,Changeup,InPlay,Undefined,FlyBall,Double,0,2,,81.1199,0.148449,-5.681508,2313.891933,238.16334,2:00,5.12574,3.89363,5.8341,-31.40458,11.60808,16.3832,2.64735,-0.03938,73.8197,-5.697691,-2.765007,0.47203,90.20466,22.799077,-15.300816,3464.953653,103.78351,38.99378,-36.454,309.01915,309.01915,-27.222722,3.684772,-10.04213,6.29674,-3.43877,50,5.11941,11.04019,-117.27632,-0.65432,-13.94056,22.84811,-23.43287,SOU_UNI,HOP_INT,TedABroerStadium,NAIA,NAIA,20250201-TedABroerStadium-1,4aac3710-e0fe-11ef-bd34-fd2878f67622,79.85179,46.03147,,7.3002,,,,1.09924,2.65815,0.05438,78924947-b10b-4e7a-a348-8922e5fd05be,2025-02-02,00:40:25.04,2025-02-01T19:40:25.0447360-05:00,2025-02-02T00:40:25.0447360Z,LineDrive,v3,,,,"Chavez, Josiah ",701638,Right,HOP_INT,08e2bfa9-cf05-4315-bb41-2897f571d1bb,54.66522,-118.18171,11.42406,5.12694,0.27425,-11.71643,-3.8872,11.59261,-6.97028,132.187098,1.09924,117.64024,-21.68438,4.83797,-0.98687,0.16653,-0.01934,0.0009,5E-05,2.65811,51.26653,-16.26694,0.76235,-0.10488,0.04306,-0.01761,0.00412,-0.00037,0.05437,-32.18254,-4.30439,1.52733,-0.42822,0.09886,-0.018,0.0022,-0.00013,,,,,,,,,,,,,,,,,,,,,,,High,High,High,High,High,,,
193,2025-02-01,19:42:15.78,5,1,"Long, Logan",1000403006,Right,HOP_INT,"Streuer, Nick",1000220618,Left,SOU_UNI,Undefined,5,Bottom,1,0,0,Slider,Curveball,BallCalled,Undefined,Undefined,Undefined,0,0,,72.90372,2.725573,-2.63424,2474.966638,120.407288,10:00,5.23618,4.00329,5.85973,-45.8014,6.98804,-9.16142,3.95616,0.7908,66.7975,-5.745232,-4.27184,0.522932,,,,,,,,,,,,3.93969,3.31445,-3.78418,50,5.43103,5.18194,-105.69303,3.72837,4.45612,18.02747,-28.42513,SOU_UNI,HOP_INT,TedABroerStadium,NAIA,NAIA,20250201-TedABroerStadium-1,8cace1f0-e0fe-11ef-bd34-fd2878f67622,72.07908,,,6.10622,,,,,,,78924947-b10b-4e7a-a348-8922e5fd05be,2025-02-02,00:42:15.78,2025-02-01T19:42:15.7892096-05:00,2025-02-02T00:42:15.7892096Z,,v3,,,,"Chavez, Josiah ",701638,Right,HOP_INT,390be140-c1b0-4d73-b02c-7892c0e3f2ce,54.63829,-106.48122,9.01374,5.24085,4.97116,-14.21257,-4.00648,4.98711,2.22806,,,,,,,,,,,,,,,,,,,,,,,,,,,,,,,,,,,,,,,,,,,,,,,,,,,High,High,High,,,,,
194,2025-02-01,19:42:34.95,5,2,"Long, Logan",1000403006,Right,HOP_INT,"Streuer, Nick",1000220618,Left,SOU_UNI,Undefined,5,Bottom,1,1,0,Fastball,Changeup,StrikeSwinging,Undefined,Undefined,Undefined,0,0,,80.43518,0.215981,-5.532986,2345.091525,239.303679,2:00,5.19085,3.87978,6.1608,-31.01919,12.09694,17.98729,2.80638,0.25147,73.29738,-5.596501,-2.309419,0.472597,,,,,,,,,,,,-10.81115,6.61831,-3.46756,50,5.19146,10.60112,-116.37695,-0.44679,-14.80618,22.1221,-23.11008,SOU_UNI,HOP_INT,TedABroerStadium,NAIA,NAIA,20250201-TedABroerStadium-1,98140aa0-e0fe-11ef-bd34-fd2878f67622,79.75592,,,7.1378,,,,,,,78924947-b10b-4e7a-a348-8922e5fd05be,2025-02-02,00:42:34.95,2025-02-01T19:42:34.9525504-05:00,2025-02-02T00:42:34.9525504Z,,v3,,,,"Chavez, Josiah ",701638,Right,HOP_INT,fb749669-edaa-4787-9569-77ca7ef49f2d,54.33752,-117.19857,11.06105,5.19212,0.41153,-11.55504,-3.8715,11.15102,-7.40309,,,,,,,,,,,,,,,,,,,,,,,,,,,,,,,,,,,,,,,,,,,,,,,,,,,High,High,High,,,,,
195,2025-02-01,19:42:52.30,5,3,"Long, Logan",1000403006,Right,HOP_INT,"Streuer, Nick",1000220618,Left,SOU_UNI,Undefined,5,Bottom,1,1,1,Fastball,Changeup,StrikeCalled,Undefined,Undefined,Undefined,0,0,,80.35712,0.476178,-6.454496,2302.330037,233.687027,1:45,5.11987,3.90646,6.03011,-29.96533,13.67209,16.61107,3.06656,-0.712,73.01067,-5.136296,-3.494548,0.475446,,,,,,,,,,,,-10.35819,7.32426,-3.40883,50,5.14111,12.49509,-116.01425,0.10866,-14.07679,22.28299,-22.22039,SOU_UNI,HOP_INT,TedABroerStadium,NAIA,NAIA,20250201-TedABroerStadium-1,a2707a10-e0fe-11ef-bd34-fd2878f67622,79.27813,,,7.34645,,,,,,,78924947-b10b-4e7a-a348-8922e5fd05be,2025-02-02,00:42:52.30,2025-02-01T19:42:52.3043328-05:00,2025-02-02T00:42:52.3043328Z,,v3,,,,"Chavez, Josiah ",701638,Right,HOP_INT,168d7401-b902-4616-b14e-411d76467441,54.46772,-116.86922,11.1415,5.12058,0.96123,-11.1102,-3.89861,13.0352,-7.0384,,,,,,,,,,,,,,,,,,,,,,,,,,,,,,,,,,,,,,,,,,,,,,,,,,,High,High,High,,,,,
196,2025-02-01,19:43:12.22,5,4,"Long, Logan",1000403006,Right,HOP_INT,"Streuer, Nick",1000220618,Left,SOU_UNI,Undefined,5,Bottom,1,1,2,Slider,Slider,InPlay,Undefined,LineDrive,Single,0,0,,74.64117,2.367797,-3.142097,2571.008662,128.609609,10:15,5.30029,3.98317,5.39212,-44.38077,6.61776,-6.43327,3.8256,0.49933,68.73583,-5.749643,-4.281437,0.513985,92.87866,13.849601,11.798678,1090.373481,107.00463,22.17624,25.4926,265.43794,265.43794,16.746229,2.622417,2.44008,3.10815,-3.69761,50,5.48063,6.17455,-108.20281,3.09231,2.90885,17.90034,-28.4688,SOU_UNI,HOP_INT,TedABroerStadium,NAIA,NAIA,20250201-TedABroerStadium-1,ae4f43c0-e0fe-11ef-bd34-fd2878f67622,73.33378,23.34872,,5.90534,,,,2.08884,3.89448,-0.58066,78924947-b10b-4e7a-a348-8922e5fd05be,2025-02-02,00:43:12.22,2025-02-01T19:43:12.2213376-05:00,2025-02-02T00:43:12.2213376Z,LineDrive,v3,,,,"Chavez, Josiah ",701638,Right,HOP_INT,1746418e-f284-44cf-b859-232327efeaab,55.10809,-109.04458,8.95017,5.30374,4.43107,-14.2344,-3.98475,6.03776,1.45443,223.54192,2.08884,129.46699,-19.09824,3.7657,-0.75853,0.13964,-0.0233,0.00301,-0.00019,3.89448,32.60798,-14.26488,0.52677,-0.02254,-0.00276,0.00282,-0.00041,2E-05,-0.58066,27.04405,2.31474,-1.0354,0.31386,-0.07458,0.01417,-0.00183,0.00011,,,,,,,,,,,,,,,,,,,,,,,High,High,High,High,High,,,
197,2025-02-01,19:45:59.40,6,1,"Stowasser, Ryder",1000207453,Right,HOP_INT,"Collins, Charlie",1000096340,Right,SOU_UNI,Undefined,5,Bottom,1,0,0,Slider,Curveball,BallCalled,Undefined,Undefined,Undefined,0,0,,75.56248,-3.288743,-2.019966,2121.031804,158.078534,11:15,5.93187,0.86121,5.27386,-41.17782,9.67886,-3.16701,-0.59394,-1.30078,69.15273,-10.766791,-2.582929,0.513269,,,,,,,,,,,,0.97756,6.34,-0.67413,50,5.60083,3.97264,-109.33568,-7.58672,1.16727,21.71598,-24.60356,SOU_UNI,HOP_INT,TedABroerStadium,NAIA,NAIA,20250201-TedABroerStadium-1,11f50f90-e0ff-11ef-bd34-fd2878f67622,73.43596,,,6.40975,,,,,,,78924947-b10b-4e7a-a348-8922e5fd05be,2025-02-02,00:45:59.40,2025-02-01T19:45:59.4062336-05:00,2025-02-02T00:45:59.4062336Z,,v3,,,,"Chavez, Josiah ",701638,Right,HOP_INT,109ab10d-0776-41af-bf60-6b8430a3ec2a,55.22573,-110.36872,10.85799,5.9339,-6.41632,-12.30178,-0.86179,3.91712,0.58364,,,,,,,,,,,,,,,,,,,,,,,,,,,,,,,,,,,,,,,,,,,,,,,,,,,High,High,High,,,,,
198,2025-02-01,19:46:24.93,6,2,"Stowasser, Ryder",1000207453,Right,HOP_INT,"Collins, Charlie",1000096340,Right,SOU_UNI,Undefined,5,Bottom,1,1,0,Fastball,Four-Seam,BallCalled,Undefined,Undefined,Undefined,0,0,,83.28408,-1.46757,-0.134112,2165.294742,200.929422,12:45,5.80553,0.96115,6.13106,-16.09643,24.41923,8.76985,3.10738,1.56801,74.99165,-4.616422,1.446839,0.458124,,,,,,,,,,,,-4.57087,13.51804,-0.95535,50,5.68511,-0.05712,-120.81734,-3.45204,-6.64172,27.25762,-12.5317,SOU_UNI,HOP_INT,TedABroerStadium,NAIA,NAIA,20250201-TedABroerStadium-1,212fae70-e0ff-11ef-bd34-fd2878f67622,82.27568,,,8.29243,,,,,,,78924947-b10b-4e7a-a348-8922e5fd05be,2025-02-02,00:46:24.93,2025-02-01T19:46:24.9358336-05:00,2025-02-02T00:46:24.9358336Z,,v3,,,,"Chavez, Josiah ",701638,Right,HOP_INT,59a3ebcd-77cb-462f-98c1-3302dde4c7e9,54.36481,-121.7981,13.62881,5.8012,-3.00114,-6.26585,-0.95759,0.18186,-3.32086,,,,,,,,,,,,,,,,,,,,,,,,,,,,,,,,,,,,,,,,,,,,,,,,,,,High,High,High,,,,,
199,2025-02-01,19:46:40.83,6,3,"Stowasser, Ryder",1000207453,Right,HOP_INT,"Collins, Charlie",1000096340,Right,SOU_UNI,Undefined,5,Bottom,1,2,0,Fastball,Four-Seam,BallCalled,Undefined,Undefined,Undefined,0,0,,83.97031,-3.865436,-2.425254,2169.974535,205.61362,12:45,5.7405,0.85057,6.04707,-16.72879,23.34371,10.48127,0.75927,-0.52257,75.95786,-7.092624,-0.540294,0.455612,,,,,,,,,,,,-6.15748,13.66765,-0.66724,50,5.42997,4.73302,-121.49591,-8.61776,-9.08212,26.73976,-12.01462,SOU_UNI,HOP_INT,TedABroerStadium,NAIA,NAIA,20250201-TedABroerStadium-1,2aa36b90-e0ff-11ef-bd34-fd2878f67622,82.72934,,,8.01245,,,,,,,78924947-b10b-4e7a-a348-8922e5fd05be,2025-02-02,00:46:40.83,2025-02-01T19:46:40.8358912-05:00,2025-02-02T00:46:40.8358912Z,,v3,,,,"Chavez, Josiah ",701638,Right,HOP_INT,e9bbc77a-a7a3-4bf6-972b-fe1dd747a188,54.44934,-122.47124,13.36988,5.73631,-8.17952,-6.00731,-0.84592,5.06429,-4.54106,,,,,,,,,,,,,,,,,,,,,,,,,,,,,,,,,,,,,,,,,,,,,,,,,,,High,High,High,,,,,
200,2025-02-01,19:46:59.25,6,4,"Stowasser, Ryder",1000207453,Right,HOP_INT,"Collins, Charlie",1000096340,Right,SOU_UNI,Undefined,5,Bottom,1,3,0,Fastball,Four-Seam,StrikeCalled,Undefined,Undefined,Undefined,0,0,,83.22963,-2.855785,-1.98748,2193.998561,213.752072,1:15,5.81089,0.80066,6.11632,-17.78784,22.77737,14.23276,1.68444,0.14843,75.27304,-6.288411,0.576973,0.458404,,,,,,,,,,,,-7.96575,13.08528,-0.65555,50,5.58247,3.63386,-120.6083,-6.44795,-11.57822,26.35062,-13.15456,SOU_UNI,HOP_INT,TedABroerStadium,NAIA,NAIA,20250201-TedABroerStadium-1,35a1c050-e0ff-11ef-bd34-fd2878f67622,82.22536,,,7.9566,,,,,,,78924947-b10b-4e7a-a348-8922e5fd05be,2025-02-02,00:46:59.25,2025-02-01T19:46:59.2530432-05:00,2025-02-02T00:46:59.2530432Z,,v3,,,,"Chavez, Josiah ",701638,Right,HOP_INT,bd764393-cbeb-4e4c-aefb-08ec57be7426,54.38041,-121.56157,13.17531,5.80712,-5.97206,-6.57728,-0.79459,4.05272,-5.78911,,,,,,,,,,,,,,,,,,,,,,,,,,,,,,,,,,,,,,,,,,,,,,,,,,,High,High,High,,,,,
201,2025-02-01,19:47:17.00,6,5,"Stowasser, Ryder",1000207453,Right,HOP_INT,"Collins, Charlie",1000096340,Right,SOU_UNI,Undefined,5,Bottom,1,3,1,Fastball,Four-Seam,InPlay,Undefined,LineDrive,Single,0,1,,83.42593,-1.915447,-1.937552,2268.206294,202.067527,12:45,5.92559,0.79361,5.87302,-15.52044,25.17387,9.60902,2.85145,-0.20594,75.32975,-4.939255,-0.214919,0.459133,96.02369,13.621182,-5.412243,7324.709242,109.48549,15.17421,-10.62653,196.71121,196.71121,-5.59516,1.711997,-5.53449,13.91414,-0.64252,50,5.76183,3.70829,-120.92482,-4.4094,-8.08889,26.42993,-11.83796,SOU_UNI,HOP_INT,TedABroerStadium,NAIA,NAIA,20250201-TedABroerStadium-1,4039b220-e0ff-11ef-bd34-fd2878f67622,82.09485,15.33711,,8.09617,,,,1.52379,2.89315,0.19196,78924947-b10b-4e7a-a348-8922e5fd05be,2025-02-02,00:47:17.00,2025-02-01T19:47:17.0092544-05:00,2025-02-02T00:47:17.0092544Z,LineDrive,v3,,,,"Chavez, Josiah ",701638,Right,HOP_INT,2a065d6f-ab88-4c65-af87-10a1e75c40b0,54.62369,-121.93121,13.21497,5.92115,-3.95864,-5.91898,-0.78958,4.0163,-4.04445,20.040531,1.52379,136.2632,-16.37538,2.47247,-0.52232,0.09425,-0.01794,0.00295,-0.00024,2.89315,33.16672,-23.99727,2.88898,-0.62737,0.1401,-0.02617,0.00415,-0.00037,0.19196,-12.91005,0.12065,0.6938,-0.19769,0.05539,-0.0115,0.00191,-0.00017,,,,,,,,,,,,,,,,,,,,,,,High,High,High,High,High,,,
202,2025-02-01,19:47:59.18,7,1,"Stowasser, Ryder",1000207453,Right,HOP_INT,"Hicks, Connor",801360,Left,SOU_UNI,Undefined,5,Bottom,1,0,0,Fastball,Changeup,BallCalled,Undefined,Undefined,Undefined,0,0,,82.06983,-3.050594,-2.615507,2114.363153,217.693356,1:15,5.9711,0.96001,5.94178,-22.59178,19.43135,13.83461,1.25306,-0.31496,74.3791,-7.328331,-0.131351,0.466569,,,,,,,,,,,,-7.93843,11.37768,-0.75937,50,5.71505,4.89472,-118.83467,-6.96041,-11.20923,25.43961,-16.10854,SOU_UNI,HOP_INT,TedABroerStadium,NAIA,NAIA,20250201-TedABroerStadium-1,595c53c0-e0ff-11ef-bd34-fd2878f67622,80.78644,,,7.69072,,,,,,,78924947-b10b-4e7a-a348-8922e5fd05be,2025-02-02,00:47:59.18,2025-02-01T19:47:59.1876608-05:00,2025-02-02T00:47:59.1876608Z,,v3,,,,"Chavez, Josiah ",701638,Right,HOP_INT,1609f5c6-d139-4c87-b19f-45f41b7e43f6,54.55557,-119.80594,12.71981,5.96905,-6.3454,-8.05427,-0.95442,5.32269,-5.60461,,,,,,,,,,,,,,,,,,,,,,,,,,,,,,,,,,,,,,,,,,,,,,,,,,,High,High,High,,,,,
203,2025-02-01,19:48:15.41,7,2,"Stowasser, Ryder",1000207453,Right,HOP_INT,"Hicks, Connor",801360,Left,SOU_UNI,Undefined,5,Bottom,1,1,0,Slider,Changeup,BallCalled,Undefined,Undefined,Undefined,0,0,,76.06042,-0.984751,-1.820811,2122.272279,170.816757,11:45,6.021,1.17815,5.19257,-38.39435,11.27154,-1.56421,1.89457,-0.66559,69.86518,-7.999878,-2.098017,0.507225,,,,,,,,,,,,0.27236,6.3702,-1.00797,50,5.90077,3.56699,-110.30611,-3.13748,0.3352,19.83085,-24.33444,SOU_UNI,HOP_INT,TedABroerStadium,NAIA,NAIA,20250201-TedABroerStadium-1,630f8ae0-e0ff-11ef-bd34-fd2878f67622,74.31111,,,6.19524,,,,,,,78924947-b10b-4e7a-a348-8922e5fd05be,2025-02-02,00:48:15.41,2025-02-01T19:48:15.4101760-05:00,2025-02-02T00:48:15.4101760Z,,v3,,,,"Chavez, Josiah ",701638,Right,HOP_INT,af8b19b5-5a09-42ad-919f-56f46ba4c840,55.30542,-111.25583,9.91542,6.02312,-1.97208,-12.16722,-1.17841,3.55094,0.1676,,,,,,,,,,,,,,,,,,,,,,,,,,,,,,,,,,,,,,,,,,,,,,,,,,,High,High,High,,,,,
204,2025-02-01,19:48:34.11,7,3,"Stowasser, Ryder",1000207453,Right,HOP_INT,"Hicks, Connor",801360,Left,SOU_UNI,Undefined,5,Bottom,1,2,0,Fastball,Changeup,InPlay,Undefined,FlyBall,Sacrifice,1,1,,82.41956,-1.097266,-2.612953,1985.538444,225.124245,1:30,5.89441,1.14722,5.52263,-22.31316,20.03619,18.56131,3.00793,0.24939,74.27097,-5.326118,0.69273,0.468376,84.5925,38.600772,-19.861577,,98.43199,74.26806,-49.10339,283.78711,265.73689,-35.092125,4.867488,-10.20548,10.90717,-0.93261,50,5.78449,4.68028,-119.37066,-2.94143,-14.50655,26.16636,-16.67009,SOU_UNI,HOP_INT,TedABroerStadium,NAIA,NAIA,20250201-TedABroerStadium-1,6e305bc0-e0ff-11ef-bd34-fd2878f67622,80.47471,85.29248,,8.14858,,,,0.79823,2.78858,-0.03705,78924947-b10b-4e7a-a348-8922e5fd05be,2025-02-02,00:48:34.11,2025-02-01T19:48:34.1197312-05:00,2025-02-02T00:48:34.1197312Z,FlyBall,v3,,,,"Chavez, Josiah ",701638,Right,HOP_INT,8fdd1e83-e7c7-4dcb-99b0-971e616d2d32,54.97415,-120.45607,13.08318,5.89217,-2.24994,-8.33504,-1.13923,5.28203,-7.25327,141.593842,0.80465,91.06538,-20.86997,4.57045,-0.43734,-0.10265,0.03627,-0.00348,8E-05,2.7904,77.35094,-20.35543,0.80162,0.45461,-0.31192,0.09368,-0.01346,0.00074,-0.03811,-32.91164,-3.20961,2.08581,-0.79732,0.24015,-0.05239,0.0067,-0.00036,,,,,,,,,,,,,,,,,,,,,,,High,High,High,High,Low,,,
205,2025-02-01,19:49:17.14,8,1,"Stowasser, Ryder",1000207453,Right,HOP_INT,"Tassler, Peter",10061229,Right,SOU_UNI,Undefined,5,Bottom,2,0,0,Fastball,Changeup,StrikeSwinging,Undefined,Undefined,Undefined,0,0,,82.43253,-0.449008,-2.214417,2026.055384,215.647932,1:15,5.87979,1.25683,5.59443,-20.5232,21.58056,14.39709,3.74998,0.38802,74.36473,-4.36438,0.352988,0.467016,,,,,,,,,,,,-7.92426,11.46662,-1.07625,50,5.82831,4.01827,-119.44886,-1.50529,-11.30964,25.61991,-15.80868,SOU_UNI,HOP_INT,TedABroerStadium,NAIA,NAIA,20250201-TedABroerStadium-1,87d43b50-e0ff-11ef-bd34-fd2878f67622,80.70908,,,8.06779,,,,,,,78924947-b10b-4e7a-a348-8922e5fd05be,2025-02-02,00:49:17.14,2025-02-01T19:49:17.1424768-05:00,2025-02-02T00:49:17.1424768Z,,v3,,,,"Chavez, Josiah ",701638,Right,HOP_INT,81e4d92f-1e3d-4298-82c9-83b0dfc548ca,54.90067,-120.49539,12.80996,5.87661,-0.85953,-7.90434,-1.24983,4.48025,-5.65482,,,,,,,,,,,,,,,,,,,,,,,,,,,,,,,,,,,,,,,,,,,,,,,,,,,High,High,High,,,,,
206,2025-02-01,19:49:52.14,8,2,"Stowasser, Ryder",1000207453,Right,HOP_INT,"Tassler, Peter",10061229,Right,SOU_UNI,Undefined,5,Bottom,2,0,1,Fastball,Changeup,InPlay,Undefined,GroundBall,Single,0,0,,82.80105,-1.652376,-2.116239,1938.927001,221.15651,1:15,5.87555,1.02506,5.63201,-20.51005,21.16698,17.18965,2.62321,0.48214,74.84,-5.554255,0.952706,0.464643,49.87397,-19.601571,-38.330634,,,,,8.14987,5.28506,-30.073174,0.076381,-9.41339,11.69524,-0.85637,50,5.7222,3.7382,-119.99858,-4.04333,-13.5504,25.99065,-15.33901,SOU_UNI,HOP_INT,TedABroerStadium,NAIA,NAIA,20250201-TedABroerStadium-1,9cacb020-e0ff-11ef-bd34-fd2878f67622,81.12122,1.88441,,7.96105,,,,2.90183,1.88441,-0.80211,78924947-b10b-4e7a-a348-8922e5fd05be,2025-02-02,00:49:52.14,2025-02-01T19:49:52.1468928-05:00,2025-02-02T00:49:52.1468928Z,GroundBall,v3,,,,"Chavez, Josiah ",701638,Right,HOP_INT,453d93b1-fae3-49f9-b2a7-6bfc74385aa5,54.86565,-121.04785,12.99532,5.87293,-3.42408,-7.6695,-1.01833,4.28524,-6.7752,180,2.89827,54.34524,,,,,,,,1.88603,-24.67114,,,,,,,,-0.7993,-42.96648,,,,,,,,,,,,,,,,,,,,,,,,,,,,,,High,High,High,Low,Low,,,
207,2025-02-01,19:50:30.12,9,1,"Stowasser, Ryder",1000207453,Right,HOP_INT,"White, Myles",809319,Left,SOU_UNI,Undefined,5,Bottom,2,0,0,Fastball,Four-Seam,BallCalled,Undefined,Undefined,Undefined,0,0,,83.47611,-2.435833,-4.285936,2121.732184,216.85457,1:15,5.92899,1.46034,5.85886,-16.7417,24.14714,16.96194,2.2631,-1.11549,75.24678,-5.680482,-1.254977,0.460229,,,,,,,,,,,,-9.97146,13.51316,-1.12179,50,5.72111,8.35324,-120.67914,-5.55063,-14.51365,26.33578,-12.50538,SOU_UNI,HOP_INT,TedABroerStadium,NAIA,NAIA,20250201-TedABroerStadium-1,b3559f30-e0ff-11ef-bd34-fd2878f67622,81.89937,,,8.22933,,,,,,,78924947-b10b-4e7a-a348-8922e5fd05be,2025-02-02,00:50:30.12,2025-02-01T19:50:30.1260288-05:00,2025-02-02T00:50:30.1260288Z,,v3,,,,"Chavez, Josiah ",701638,Right,HOP_INT,91383e86-7354-48ae-8ce5-cea16215754a,54.6373,-121.68693,13.16789,5.92436,-5.07209,-6.25269,-1.45207,8.90863,-7.25683,,,,,,,,,,,,,,,,,,,,,,,,,,,,,,,,,,,,,,,,,,,,,,,,,,,High,High,High,,,,,
208,2025-02-01,19:50:46.57,9,2,"Stowasser, Ryder",1000207453,Right,HOP_INT,"White, Myles",809319,Left,SOU_UNI,Undefined,5,Bottom,2,1,0,Fastball,Four-Seam,FoulBallNotFieldable,Undefined,Undefined,Undefined,0,0,,82.63723,-1.866435,-2.961927,2318.404955,200.550521,12:45,5.99377,1.13101,5.76118,-16.89469,24.98529,8.7776,2.84573,-0.89683,74.31654,-5.145068,-1.393628,0.465773,60.95614,34.802013,-161.575392,3279.189461,,,,,26.18269,,,-5.43429,13.77568,-0.89089,50,5.82908,5.83443,-119.60862,-4.3123,-7.74094,26.66412,-12.5511,SOU_UNI,HOP_INT,TedABroerStadium,NAIA,NAIA,20250201-TedABroerStadium-1,bd275ad0-e0ff-11ef-bd34-fd2878f67622,80.9244,17.80797,,8.32069,,,,1.1326,2.79973,0.93424,78924947-b10b-4e7a-a348-8922e5fd05be,2025-02-02,00:50:46.57,2025-02-01T19:50:46.5716736-05:00,2025-02-02T00:50:46.5716736Z,,v3,,,,"Chavez, Josiah ",701638,Right,HOP_INT,cc18203d-d60a-47ea-a38a-a949db19f575,54.73435,-120.65942,13.33206,5.98928,-3.81768,-6.27555,-1.12682,6.13949,-3.87047,22.229525,1.13663,-69.79118,4.75247,,,,,,,2.81595,50.46242,-30.56179,,,,,,,0.92932,-23.0313,6.45824,,,,,,,,,,,,,,,,,,,,,,,,,,,,,High,High,High,High,Undefined,,,
209,2025-02-01,19:51:08.03,9,3,"Stowasser, Ryder",1000207453,Right,HOP_INT,"White, Myles",809319,Left,SOU_UNI,Undefined,5,Bottom,2,1,1,ChangeUp,Splitter,BallCalled,Undefined,Undefined,Undefined,0,0,,77.60657,-1.583644,-1.220511,770.347688,242.889757,2:00,5.81947,1.3907,5.60298,-38.23309,8.983,14.42662,1.1543,1.45337,70.98482,-8.618009,1.359691,0.494557,,,,,,,,,,,,-7.69867,5.49315,-1.29587,50,5.65925,1.85282,-112.58419,-4.30803,-9.80623,21.88807,-25.17711,SOU_UNI,HOP_INT,TedABroerStadium,NAIA,NAIA,20250201-TedABroerStadium-1,c9f9fa60-e0ff-11ef-bd34-fd2878f67622,76.21454,,,6.62175,,,,,,,78924947-b10b-4e7a-a348-8922e5fd05be,2025-02-02,00:51:08.03,2025-02-01T19:51:08.0386560-05:00,2025-02-02T00:51:08.0386560Z,,v3,,,,"Chavez, Josiah ",701638,Right,HOP_INT,a8e813b5-4f89-4434-ac08-934d944d4c24,54.89538,-113.53194,10.94404,5.82219,-3.21786,-12.58855,-1.38529,2.27742,-4.90311,,,,,,,,,,,,,,,,,,,,,,,,,,,,,,,,,,,,,,,,,,,,,,,,,,,High,High,High,,,,,
210,2025-02-01,19:51:28.57,9,4,"Stowasser, Ryder",1000207453,Right,HOP_INT,"White, Myles",809319,Left,SOU_UNI,Undefined,5,Bottom,2,2,1,Fastball,Changeup,InPlay,Undefined,GroundBall,Single,0,1,,82.44737,-0.722843,-2.121489,2036.313086,208.250863,1:00,5.90199,1.40047,5.76592,-20.74568,21.10714,10.53079,3.49994,0.3027,74.36126,-4.687794,-0.237475,0.465622,88.94085,-6.657712,2.796296,,,,,22.63376,21.80925,1.703468,0.17105,-6.05685,11.42583,-1.23142,50,5.82994,4.00821,-119.51503,-2.07622,-8.63751,26.05277,-15.87999,SOU_UNI,HOP_INT,TedABroerStadium,NAIA,NAIA,20250201-TedABroerStadium-1,d63032e0-e0ff-11ef-bd34-fd2878f67622,80.95068,3.38209,,8.08611,,,,1.07702,3.38209,-0.35245,78924947-b10b-4e7a-a348-8922e5fd05be,2025-02-02,00:51:28.57,2025-02-01T19:51:28.5748736-05:00,2025-02-02T00:51:28.5748736Z,GroundBall,v3,,,,"Chavez, Josiah ",701638,Right,HOP_INT,71ac5dee-2b61-48a6-96eb-48b3d59a0d24,54.73075,-120.54187,13.02638,5.89944,-1.45033,-7.94,-1.39611,4.34865,-4.31875,3.866534,1.07739,129.38408,-19.99791,,,,,,,3.38319,-15.20886,-26.76073,,,,,,,-0.35238,6.31532,-1.88321,,,,,,,,,,,,,,,,,,,,,,,,,,,,,High,High,High,High,High,,,
211,2025-02-01,19:55:10.67,10,1,"Wallin, Luke",1000118251,Right,HOP_INT,"Gumieny, Jacob",1000124971,Right,SOU_UNI,Undefined,5,Bottom,2,0,0,Fastball,Four-Seam,BallCalled,Undefined,Undefined,Undefined,0,0,,87.28544,-2.232403,-3.362324,2127.001146,207.994685,1:00,6.18655,1.13048,5.38396,-12.75638,25.08497,12.62032,3.02632,-0.97311,78.93257,-4.718932,-1.124353,0.442746,,,,,,,,,,,,-7.32559,13.63131,-0.83867,50,5.97814,6.85475,-126.28835,-5.24631,-11.73142,27.73308,-10.34448,SOU_UNI,HOP_INT,TedABroerStadium,NAIA,NAIA,20250201-TedABroerStadium-1,5a9839b0-e100-11ef-bd34-fd2878f67622,85.13333,,,8.35287,,,,,,,78924947-b10b-4e7a-a348-8922e5fd05be,2025-02-02,00:55:10.67,2025-02-01T19:55:10.6795520-05:00,2025-02-02T00:55:10.6795520Z,,v3,,,,"Chavez, Josiah ",701638,Right,HOP_INT,1b6d583a-c5bb-494b-8006-5a9c77773a76,55.11244,-127.4061,13.86654,6.18118,-4.82939,-5.17224,-1.12447,7.32757,-5.86571,,,,,,,,,,,,,,,,,,,,,,,,,,,,,,,,,,,,,,,,,,,,,,,,,,,High,High,High,,,,,
212,2025-02-01,19:55:27.02,10,2,"Wallin, Luke",1000118251,Right,HOP_INT,"Gumieny, Jacob",1000124971,Right,SOU_UNI,Undefined,5,Bottom,2,1,0,Fastball,Four-Seam,FoulBallNotFieldable,Undefined,Undefined,Undefined,0,0,,88.08215,-2.372962,-1.707654,2184.559744,213.94332,1:15,6.08517,1.32308,5.39289,-12.29615,24.96667,15.87847,2.83432,1.04542,79.31255,-4.783062,1.11438,0.439348,58.94266,35.914597,136.631546,5758.960696,,,,,22.3921,,,-8.53571,13.703,-1.1823,50,5.86536,3.09346,-127.54193,-5.58984,-13.85294,29.83616,-9.9349,SOU_UNI,HOP_INT,TedABroerStadium,NAIA,NAIA,20250201-TedABroerStadium-1,64550dc0-e100-11ef-bd34-fd2878f67622,85.79167,17.12377,,8.76961,,,,0.66618,2.72406,-0.90071,78924947-b10b-4e7a-a348-8922e5fd05be,2025-02-02,00:55:27.02,2025-02-01T19:55:27.0236160-05:00,2025-02-02T00:55:27.0236160Z,,v3,,,,"Chavez, Josiah ",701638,Right,HOP_INT,810aeabe-0b0f-47b3-8d12-e73aa08cd50a,55.10422,-128.73043,14.91808,6.08014,-5.19409,-4.96745,-1.31652,3.64528,-6.92647,,0.6703,-51.05755,0.37359,,,,,,,2.73273,50.37646,-26.36075,,,,,,,-0.89432,47.83302,-11.38243,,,,,,,,,,,,,,,,,,,,,,,,,,,,,High,High,High,High,Undefined,,,
213,2025-02-01,19:55:48.43,10,3,"Wallin, Luke",1000118251,Right,HOP_INT,"Gumieny, Jacob",1000124971,Right,SOU_UNI,Undefined,5,Bottom,2,1,1,Slider,Slider,BallCalled,Undefined,Undefined,Undefined,0,0,,79.67742,0.570947,-2.767467,2117.898246,142.421562,10:45,6.04738,1.33948,5.38306,-37.91451,6.5089,-4.06484,3.42366,-1.59538,73.8672,-6.346826,-3.488717,0.479708,,,,,,,,,,,,1.37461,3.50717,-1.08884,50,6.07158,5.75234,-115.69194,-0.12203,1.8851,19.1899,-27.36439,SOU_UNI,HOP_INT,TedABroerStadium,NAIA,NAIA,20250201-TedABroerStadium-1,7125d890-e100-11ef-bd34-fd2878f67622,78.57364,,,5.81021,,,,,,,78924947-b10b-4e7a-a348-8922e5fd05be,2025-02-02,00:55:48.43,2025-02-01T19:55:48.4311552-05:00,2025-02-02T00:55:48.4311552Z,,v3,,,,"Chavez, Josiah ",701638,Right,HOP_INT,365015de-4f30-4a29-87ca-e90ba1dc5390,55.11686,-116.53759,9.59495,6.05039,1.08384,-13.6822,-1.34049,5.66927,0.94255,,,,,,,,,,,,,,,,,,,,,,,,,,,,,,,,,,,,,,,,,,,,,,,,,,,High,High,High,,,,,
214,2025-02-01,19:56:07.98,10,4,"Wallin, Luke",1000118251,Right,HOP_INT,"Gumieny, Jacob",1000124971,Right,SOU_UNI,Undefined,5,Bottom,2,2,1,Fastball,Four-Seam,BallCalled,Undefined,Undefined,Undefined,0,0,,87.84738,-4.859825,-2.515629,2228.607551,199.686799,12:45,6.08733,1.47409,5.48168,-14.49934,23.08269,7.75004,0.31667,-0.23531,79.29887,-7.641241,-1.136967,0.441226,,,,,,,,,,,,-4.72528,13.61883,-1.25883,50,5.65052,5.2316,-126.7919,-11.18568,-7.57939,29.47145,-10.32932,SOU_UNI,HOP_INT,TedABroerStadium,NAIA,NAIA,20250201-TedABroerStadium-1,7cc01f30-e100-11ef-bd34-fd2878f67622,85.42652,,,8.54851,,,,,,,78924947-b10b-4e7a-a348-8922e5fd05be,2025-02-02,00:56:07.98,2025-02-01T19:56:07.9810560-05:00,2025-02-02T00:56:07.9810560Z,,v3,,,,"Chavez, Josiah ",701638,Right,HOP_INT,c5984686-df22-4dc9-a652-d80893d142ce,55.015,-127.95228,14.73573,6.08293,-10.77899,-5.16466,-1.47069,5.53002,-3.7897,,,,,,,,,,,,,,,,,,,,,,,,,,,,,,,,,,,,,,,,,,,,,,,,,,,High,High,High,,,,,
215,2025-02-01,19:56:41.66,10,5,"Wallin, Luke",1000118251,Right,HOP_INT,"Gumieny, Jacob",1000124971,Right,SOU_UNI,Undefined,5,Bottom,2,3,1,Fastball,Four-Seam,StrikeCalled,Undefined,Undefined,Undefined,0,0,,88.27292,-2.232167,-2.943735,2165.205934,201.621376,12:45,6.15577,1.358,5.44822,-12.04363,25.08702,9.39292,3.0585,-0.61768,79.32831,-4.604131,-1.275358,0.438569,,,,,,,,,,,,-5.64957,13.70328,-1.10448,50,5.95067,6.14014,-127.67563,-5.26026,-9.18264,30.04286,-9.90112,SOU_UNI,HOP_INT,TedABroerStadium,NAIA,NAIA,20250201-TedABroerStadium-1,90cf9eb0-e100-11ef-bd34-fd2878f67622,85.9442,,,8.94461,,,,,,,78924947-b10b-4e7a-a348-8922e5fd05be,2025-02-02,00:56:41.66,2025-02-01T19:56:41.6643584-05:00,2025-02-02T00:56:41.6643584Z,,v3,,,,"Chavez, Josiah ",701638,Right,HOP_INT,175c3a58-3311-44cb-9c57-ba8b61b7d293,55.04678,-128.8577,15.02143,6.14998,-4.87069,-4.95056,-1.35318,6.50144,-4.59132,,,,,,,,,,,,,,,,,,,,,,,,,,,,,,,,,,,,,,,,,,,,,,,,,,,High,High,High,,,,,
216,2025-02-01,19:57:05.39,10,6,"Wallin, Luke",1000118251,Right,HOP_INT,"Gumieny, Jacob",1000124971,Right,SOU_UNI,Undefined,5,Bottom,2,3,2,Fastball,Sinker,InPlay,Undefined,GroundBall,Out,1,0,,88.04229,-2.956034,-2.563575,2221.520021,235.598421,1:45,5.9687,1.55697,5.54826,-22.64438,14.47501,19.15489,1.31409,0.75601,79.59911,-7.190853,0.852489,0.438502,51.72835,-64.27542,-92.845706,,,,,2.33143,2.33143,-37.424477,0.020008,-10.51922,8.6528,-1.34813,50,5.6978,4.86917,-127.41531,-7.33307,-17.04713,29.65054,-18.15153,SOU_UNI,HOP_INT,TedABroerStadium,NAIA,NAIA,20250201-TedABroerStadium-1,9ef5c050-e100-11ef-bd34-fd2878f67622,85.95723,1.37268,,8.44318,,,,1.88435,1.37268,-0.75631,78924947-b10b-4e7a-a348-8922e5fd05be,2025-02-02,00:57:05.39,2025-02-01T19:57:05.3935104-05:00,2025-02-02T00:57:05.3935104Z,GroundBall,v3,,,,"Chavez, Josiah ",701638,Right,HOP_INT,9bfbddd9-d791-4ec5-bd3b-c98ea4a10df3,54.94964,-128.56197,14.82527,5.96781,-6.63111,-9.07576,-1.54918,5.52842,-8.52356,,1.88437,-1.641,,,,,,,,1.37351,-68.60519,,,,,,,,-0.75591,-33.01295,,,,,,,,,,,,,,,,,,,,,,,,,,,,,,High,High,High,Estimated,Estimated,,,
217,2025-02-01,19:59:39.95,1,1,"Johnson, Alex",1000077943,Right,SOU_UNI,"Tostado, Mario",1000114481,Right,HOP_INT,Undefined,6,Top,0,0,0,Slider,Curveball,StrikeCalled,Undefined,Undefined,Undefined,0,0,,75.6745,1.870184,-0.529585,2482.278152,76.170192,8:30,5.5366,1.37567,5.91278,-52.59586,-3.04756,-19.54245,2.89006,-0.7444,68.51372,-7.844317,-4.040072,0.506624,,,,,,,,,,,,9.75044,-1.58717,-1.3225,50,5.65741,1.73745,-109.77343,1.96393,11.67504,22.82182,-34.0745,SOU_UNI,HOP_INT,TedABroerStadium,NAIA,NAIA,20250201-TedABroerStadium-1,fb280bd0-e100-11ef-bd34-fd2878f67622,74.39921,,,7.16078,,,,,,,78924947-b10b-4e7a-a348-8922e5fd05be,2025-02-02,00:59:39.95,2025-02-01T19:59:39.9533056-05:00,2025-02-02T00:59:39.9533056Z,,v3,,,,"McMullen, Brock",823662,Right,SOU_UNI,3d2d61c0-39a5-4386-bdfa-2da73b573310,54.58574,-110.7227,11.41091,5.54624,3.38125,-17.03725,-1.38468,1.25183,5.83752,,,,,,,,,,,,,,,,,,,,,,,,,,,,,,,,,,,,,,,,,,,,,,,,,,,High,High,High,,,,,
218,2025-02-01,19:59:51.90,1,2,"Johnson, Alex",1000077943,Right,SOU_UNI,"Tostado, Mario",1000114481,Right,HOP_INT,Undefined,6,Top,0,0,1,Slider,Curveball,StrikeCalled,Undefined,Undefined,Undefined,0,0,,76.1719,0.922163,-0.731935,2401.899183,52.378799,7:45,5.50319,1.42406,5.72426,-58.3046,-9.46095,-14.3717,1.50352,-0.45534,69.77023,-9.721504,-3.30966,0.503009,,,,,,,,,,,,7.1202,-4.67874,-1.35385,50,5.54403,1.93805,-110.63215,-0.08679,8.72296,21.85933,-37.90597,SOU_UNI,HOP_INT,TedABroerStadium,NAIA,NAIA,20250201-TedABroerStadium-1,02444460-e101-11ef-bd34-fd2878f67622,74.93398,,,6.40166,,,,,,,78924947-b10b-4e7a-a348-8922e5fd05be,2025-02-02,00:59:51.90,2025-02-01T19:59:51.9026176-05:00,2025-02-02T00:59:51.9026176Z,,v3,,,,"McMullen, Brock",823662,Right,SOU_UNI,850b93cb-8a87-4ab6-aeb0-7b7556738b36,54.77775,-111.57218,10.92967,5.51271,1.54328,-18.95299,-1.42913,1.56294,4.36148,,,,,,,,,,,,,,,,,,,,,,,,,,,,,,,,,,,,,,,,,,,,,,,,,,,High,High,High,,,,,
219,2025-02-01,20:00:05.20,1,3,"Johnson, Alex",1000077943,Right,SOU_UNI,"Tostado, Mario",1000114481,Right,HOP_INT,Undefined,6,Top,0,0,2,Slider,Curveball,BallCalled,Undefined,Undefined,Undefined,0,0,,78.41941,-0.014658,-0.943886,2534.141704,59.461343,8:00,5.43031,1.21583,6.20043,-51.92645,-6.89453,-14.08576,1.08958,-0.82936,72.19612,-9.564377,-3.492879,0.482983,,,,,,,,,,,,7.05831,-3.19083,-1.13788,50,5.40321,2.37165,-114.03362,-1.60799,9.23099,22.29804,-36.34709,SOU_UNI,HOP_INT,TedABroerStadium,NAIA,NAIA,20250201-TedABroerStadium-1,0a316180-e101-11ef-bd34-fd2878f67622,78.04096,,,6.22328,,,,,,,78924947-b10b-4e7a-a348-8922e5fd05be,2025-02-02,01:00:05.20,2025-02-01T20:00:05.2085248-05:00,2025-02-02T01:00:05.2085248Z,,v3,,,,"McMullen, Brock",823662,Right,SOU_UNI,29c13e79-ca4c-429e-b6e6-ff50d1b44760,54.30158,-114.87167,11.14902,5.43797,-0.24192,-18.17354,-1.22049,2.02472,4.6155,,,,,,,,,,,,,,,,,,,,,,,,,,,,,,,,,,,,,,,,,,,,,,,,,,,High,High,High,,,,,
220,2025-02-01,20:00:19.02,1,4,"Johnson, Alex",1000077943,Right,SOU_UNI,"Tostado, Mario",1000114481,Right,HOP_INT,Undefined,6,Top,0,1,2,ChangeUp,Changeup,BallCalled,Undefined,Undefined,Undefined,0,0,,80.87806,-2.268961,-4.337882,2137.291324,239.95346,2:00,5.69777,0.91323,6.57923,-29.34576,12.52198,19.26332,1.16576,-1.46471,74.08036,-7.7943,-0.843211,0.465705,,,,,,,,,,,,-11.30205,7.64941,-0.6224,50,5.52938,8.21322,-117.22657,-5.4344,-15.69914,22.52764,-21.54862,SOU_UNI,HOP_INT,TedABroerStadium,NAIA,NAIA,20250201-TedABroerStadium-1,126e2540-e101-11ef-bd34-fd2878f67622,80.93627,,,6.7977,,,,,,,78924947-b10b-4e7a-a348-8922e5fd05be,2025-02-02,01:00:19.02,2025-02-01T20:00:19.0217728-05:00,2025-02-02T01:00:19.0217728Z,,v3,,,,"McMullen, Brock",823662,Right,SOU_UNI,852ed35d-a9ad-47e0-98a3-f6f49de913c1,53.91959,-117.9774,11.26382,5.69854,-4.7162,-10.77431,-0.90486,8.73646,-7.84957,,,,,,,,,,,,,,,,,,,,,,,,,,,,,,,,,,,,,,,,,,,,,,,,,,,High,High,High,,,,,
221,2025-02-01,20:00:32.66,1,5,"Johnson, Alex",1000077943,Right,SOU_UNI,"Tostado, Mario",1000114481,Right,HOP_INT,Undefined,6,Top,0,2,2,Fastball,Sinker,StrikeSwinging,Strikeout,Undefined,Undefined,0,0,,87.91749,-0.531123,-1.927665,2200.508083,229.994652,1:45,5.82061,0.81036,6.23343,-20.31273,15.6517,17.18265,3.63761,0.46327,79.66176,-4.408618,1.175248,0.431626,,,,,,,,,,,,-9.43875,8.62768,-0.67444,50,5.77082,3.59434,-127.63836,-1.75401,-15.42652,28.54761,-18.07313,SOU_UNI,HOP_INT,TedABroerStadium,NAIA,NAIA,20250201-TedABroerStadium-1,1a833cc0-e101-11ef-bd34-fd2878f67622,87.32653,,,8.25572,,,,,,,78924947-b10b-4e7a-a348-8922e5fd05be,2025-02-02,01:00:32.66,2025-02-01T20:00:32.6610000-05:00,2025-02-02T01:00:32.6610000Z,,v3,,,,"McMullen, Brock",823662,Right,SOU_UNI,e3141663-6b38-4922-ad43-853396dc561d,54.26369,-128.58844,14.2738,5.81919,-1.15252,-9.03656,-0.8026,4.10775,-7.71326,,,,,,,,,,,,,,,,,,,,,,,,,,,,,63.14463,2.603829,1.56672,1.037109,-1.56705,3.40079,-0.52904,-2.95152,5.6627,4.71299,68.06695,-1.04266,56.71014,-2.90745,76.30673,-7.66597,5.68011,7.05533,-13.08693,4.712,51.06456,-0.89253,High,High,High,,,Medium,High,High
222,2025-02-01,20:00:58.74,2,1,"Johnson, Alex",1000077943,Right,SOU_UNI,"Moran, Colby",1000403008,Left,HOP_INT,Undefined,6,Top,1,0,0,Slider,Curveball,StrikeCalled,Undefined,Undefined,Undefined,0,0,,76.05853,1.869401,0.834513,2521.47087,72.058132,8:30,5.55721,1.35883,6.26025,-52.21853,-4.15544,-17.84304,2.93014,0.64142,69.24208,-7.820578,-2.393747,0.498973,,,,,,,,,,,,9.43331,-2.16095,-1.4128,50,5.67131,-0.97502,-110.4715,2.06479,11.52081,21.83357,-34.81319,SOU_UNI,HOP_INT,TedABroerStadium,NAIA,NAIA,20250201-TedABroerStadium-1,2a2528f0-e101-11ef-bd34-fd2878f67622,75.54,,,6.81645,,,,,,,78924947-b10b-4e7a-a348-8922e5fd05be,2025-02-02,01:00:58.74,2025-02-01T20:00:58.7476480-05:00,2025-02-02T01:00:58.7476480Z,,v3,,,,"McMullen, Brock",823662,Right,SOU_UNI,22faa7b2-9564-48f7-8479-f2638afb2302,54.23938,-111.30622,10.91679,5.56693,3.39573,-17.4066,-1.3671,-1.41547,5.76041,,,,,,,,,,,,,,,,,,,,,,,,,,,,,,,,,,,,,,,,,,,,,,,,,,,High,High,High,,,,,
223,2025-02-01,20:01:14.10,2,2,"Johnson, Alex",1000077943,Right,SOU_UNI,"Moran, Colby",1000403008,Left,HOP_INT,Undefined,6,Top,1,0,1,Fastball,Sinker,InPlay,Undefined,GroundBall,Error,0,0,,87.6451,-0.62062,-1.638815,2105.174195,229.797948,1:45,5.72494,1.09241,6.27845,-20.97017,15.09902,16.42517,3.40512,0.95021,79.55777,-4.616046,1.33056,0.432255,75.08705,-28.347786,11.890274,,,,,6.95482,6.95482,2.850311,0.064023,-9.02882,8.39126,-0.9791,50,5.66889,2.99152,-127.3014,-1.97157,-14.69183,28.18442,-18.51963,SOU_UNI,HOP_INT,TedABroerStadium,NAIA,NAIA,20250201-TedABroerStadium-1,3339af10-e101-11ef-bd34-fd2878f67622,87.19964,3.36194,,8.08733,,,,0.84856,3.36194,-0.93805,78924947-b10b-4e7a-a348-8922e5fd05be,2025-02-02,01:01:14.10,2025-02-01T20:01:14.1063680-05:00,2025-02-02T01:01:14.1063680Z,GroundBall,v3,,,,"McMullen, Brock",823662,Right,SOU_UNI,d0bbc837-aa79-47f0-9da0-37c5bc91d22a,54.21983,-128.23227,14.09221,5.7239,-1.35991,-9.25982,-1.08592,3.47675,-7.34591,180,0.84445,95.24086,,,,,,,,3.36421,-52.51111,,,,,,,,-0.93892,20.05351,,,,,,,,,,,,,,,,,,,,,,,,,,,,,,High,High,High,High,High,,,
224,2025-02-01,20:01:54.11,3,1,"Johnson, Alex",1000077943,Right,SOU_UNI,"Chavez, Josiah ",701638,Left,HOP_INT,Undefined,6,Top,1,0,0,Slider,Curveball,InPlay,Undefined,GroundBall,Single,0,0,,76.6758,1.237217,-0.845948,2305.751537,39.443416,7:15,5.45973,1.20972,6.38442,-55.03865,-8.19693,-7.9802,2.01157,-0.23352,70.31588,-8.947127,-2.294323,0.492592,90.85931,0.185375,24.081378,3643.30035,,,,44.49096,39.34001,27.185613,0.332027,3.9311,-4.26213,-1.14527,50,5.52358,1.91325,-111.49358,0.81809,4.90805,21.5678,-37.49538,SOU_UNI,HOP_INT,TedABroerStadium,NAIA,NAIA,20250201-TedABroerStadium-1,4b4ba400-e101-11ef-bd34-fd2878f67622,76.5185,2.1407,,6.35992,,,,1.78368,2.13858,0.81075,78924947-b10b-4e7a-a348-8922e5fd05be,2025-02-02,01:01:54.11,2025-02-01T20:01:54.1115392-05:00,2025-02-02T01:01:54.1115392Z,GroundBall,v3,,,,"McMullen, Brock",823662,Right,SOU_UNI,03c63fcf-5a2e-412f-828e-8a38a1230bf9,54.1174,-112.28724,10.7839,5.46808,2.19787,-18.74769,-1.21235,1.73264,2.45402,,1.78629,121.55824,-23.34387,,,,,,,2.14244,0.27645,-20.30081,,,,,,,0.80288,54.69022,12.45299,,,,,,,,,,,,,,,,,,,,,,,,,,,,,High,High,High,Medium,High,,,
225,2025-02-01,20:02:30.35,4,1,"Johnson, Alex",1000077943,Right,SOU_UNI,"Chun-Ming, Branden",1000399900,Right,HOP_INT,Undefined,6,Top,1,0,0,Slider,Curveball,BallCalled,Undefined,Undefined,Undefined,0,0,,76.01981,0.398603,-2.558346,2498.603859,68.715797,8:15,5.5164,1.31411,6.1121,-53.14676,-4.71603,-16.18206,1.45645,-2.40151,69.69929,-9.371578,-5.473193,0.500878,,,,,,,,,,,,7.53638,-2.04524,-1.10968,50,5.51984,5.5008,-110.35426,-0.82333,9.18222,21.83337,-34.66593,SOU_UNI,HOP_INT,TedABroerStadium,NAIA,NAIA,20250201-TedABroerStadium-1,60beab20-e101-11ef-bd34-fd2878f67622,75.25272,,,6.32051,,,,,,,78924947-b10b-4e7a-a348-8922e5fd05be,2025-02-02,01:02:30.35,2025-02-01T20:02:30.3571968-05:00,2025-02-02T01:02:30.3571968Z,,v3,,,,"McMullen, Brock",823662,Right,SOU_UNI,25c41574-5ca9-486d-bddf-e7da5ce9f9a0,54.38814,-111.21906,10.91669,5.52526,0.54975,-17.33297,-1.32036,5.1371,4.59111,,,,,,,,,,,,,,,,,,,,,,,,,,,,,,,,,,,,,,,,,,,,,,,,,,,High,High,High,,,,,
226,2025-02-01,20:02:47.86,4,2,"Johnson, Alex",1000077943,Right,SOU_UNI,"Chun-Ming, Branden",1000399900,Right,HOP_INT,Undefined,6,Top,1,1,0,Slider,Curveball,BallCalled,Undefined,Undefined,Undefined,0,0,,76.9266,-0.942573,-2.037532,2518.473781,49.317051,7:45,5.49257,1.43168,6.00646,-57.94302,-10.31134,-13.85776,-0.20992,-1.61166,70.64209,-11.510273,-4.537799,0.496729,,,,,,,,,,,,6.58103,-4.73418,-1.26366,50,5.38627,4.44962,-111.6924,-3.60571,8.17272,23.29427,-38.05324,SOU_UNI,HOP_INT,TedABroerStadium,NAIA,NAIA,20250201-TedABroerStadium-1,6b257ad0-e101-11ef-bd34-fd2878f67622,75.88134,,,6.28451,,,,,,,78924947-b10b-4e7a-a348-8922e5fd05be,2025-02-02,01:02:47.86,2025-02-01T20:02:47.8605312-05:00,2025-02-02T01:02:47.8605312Z,,v3,,,,"McMullen, Brock",823662,Right,SOU_UNI,6a930162-b596-489d-bff0-21ec4361bd87,54.49629,-112.62623,11.64714,5.50024,-2.08021,-19.02662,-1.43547,4.12199,4.08636,,,,,,,,,,,,,,,,,,,,,,,,,,,,,,,,,,,,,,,,,,,,,,,,,,,High,High,High,,,,,
227,2025-02-01,20:03:14.08,4,3,"Johnson, Alex",1000077943,Right,SOU_UNI,"Chun-Ming, Branden",1000399900,Right,HOP_INT,Undefined,6,Top,1,2,0,Fastball,Four-Seam,InPlay,Undefined,LineDrive,Single,0,1,,86.67024,-1.181271,-2.439081,2098.47239,201.023145,12:45,5.8033,0.90045,6.49203,-14.18993,22.36434,8.1254,3.53526,-0.66288,78.74686,-3.963978,-0.966182,0.435151,75.44559,21.642721,11.620246,3304.830998,105.5583,31.3686,30.94256,233.46588,233.46588,21.235059,3.047599,-4.99516,12.44646,-0.73285,50,5.71395,5.05657,-125.86045,-2.90235,-7.96168,27.05761,-12.33592,SOU_UNI,HOP_INT,TedABroerStadium,NAIA,NAIA,20250201-TedABroerStadium-1,7ac60770-e101-11ef-bd34-fd2878f67622,86.61912,31.94118,,7.92338,,,,1.31652,3.52542,0.64596,78924947-b10b-4e7a-a348-8922e5fd05be,2025-02-02,01:03:14.08,2025-02-01T20:03:14.0837376-05:00,2025-02-02T01:03:14.0837376Z,LineDrive,v3,,,,"McMullen, Brock",823662,Right,SOU_UNI,0516d5cf-d927-4505-a6b2-2ff246d9c182,54.00635,-126.71882,13.52881,5.79982,-2.51101,-6.16796,-0.89727,5.30915,-3.98084,228.750588,1.31636,100.74987,-15.85065,3.28553,-0.7296,0.19956,-0.0585,0.01104,-0.00082,3.52552,40.80901,-15.44415,0.60392,-0.02089,-0.0202,0.01222,-0.00166,-3E-05,0.64588,20.72217,4.73894,-1.46508,0.26422,-0.00311,-0.00923,0.00196,-0.00015,,,,,,,,,,,,,,,,,,,,,,,High,High,High,High,High,,,
228,2025-02-01,20:03:57.87,5,1,"Johnson, Alex",1000077943,Right,SOU_UNI,"Davis, Spencer",1000403010,Left,HOP_INT,Undefined,6,Top,1,0,0,Fastball,Sinker,BallCalled,Undefined,Undefined,Undefined,0,0,,86.61966,-1.094315,-0.173541,2134.968211,228.543571,1:30,5.82471,1.23195,6.20082,-19.30647,17.98308,18.84824,3.20556,2.64244,78.19705,-4.798399,3.229013,0.439506,,,,,,,,,,,,-9.72914,10.03115,-1.22757,50,5.73265,-0.38874,-125.72045,-2.91206,-15.33091,29.15984,-16.36726,SOU_UNI,HOP_INT,TedABroerStadium,NAIA,NAIA,20250201-TedABroerStadium-1,94e3d1f0-e101-11ef-bd34-fd2878f67622,85.76088,,,8.42261,,,,,,,78924947-b10b-4e7a-a348-8922e5fd05be,2025-02-02,01:03:57.87,2025-02-01T20:03:57.8775040-05:00,2025-02-02T01:03:57.8775040Z,,v3,,,,"McMullen, Brock",823662,Right,SOU_UNI,a32f98f2-5044-4814-8d7e-f396af265f2d,54.2951,-126.71275,14.57992,5.82227,-2.3551,-8.18363,-1.22321,0.13297,-7.66545,,,,,,,,,,,,,,,,,,,,,,,,,,,,,,,,,,,,,,,,,,,,,,,,,,,High,High,High,,,,,
229,2025-02-01,20:04:14.53,5,2,"Johnson, Alex",1000077943,Right,SOU_UNI,"Davis, Spencer",1000403010,Left,HOP_INT,Undefined,6,Top,1,1,0,Fastball,Four-Seam,StrikeCalled,Undefined,Undefined,Undefined,0,0,,86.7056,-2.508528,-2.084618,2138.204225,206.977776,1:00,5.83152,1.08344,6.2988,-14.01461,22.88076,10.99938,2.34932,0.07848,78.7254,-5.247643,-0.096773,0.437177,,,,,,,,,,,,-6.30855,12.99135,-0.93516,50,5.63994,4.14121,-125.76869,-5.8159,-10.0313,27.23256,-11.51637,SOU_UNI,HOP_INT,TedABroerStadium,NAIA,NAIA,20250201-TedABroerStadium-1,9ed28b70-e101-11ef-bd34-fd2878f67622,86.21783,,,7.9802,,,,,,,78924947-b10b-4e7a-a348-8922e5fd05be,2025-02-02,01:04:14.53,2025-02-01T20:04:14.5320960-05:00,2025-02-02T01:04:14.5320960Z,,v3,,,,"McMullen, Brock",823662,Right,SOU_UNI,0a8a59e6-f854-4843-ba35-c82614fb7b2e,54.19791,-126.67439,13.61628,5.827,-5.43288,-5.75819,-1.07844,4.47483,-5.01565,,,,,,,,,,,,,,,,,,,,,,,,,,,,,,,,,,,,,,,,,,,,,,,,,,,High,High,High,,,,,
230,2025-02-01,20:04:29.55,5,3,"Johnson, Alex",1000077943,Right,SOU_UNI,"Davis, Spencer",1000403010,Left,HOP_INT,Undefined,6,Top,1,1,1,ChangeUp,Changeup,StrikeCalled,Undefined,Undefined,Undefined,0,0,,80.95876,-0.941095,-2.011942,2176.262819,235.369286,1:45,5.73756,0.94849,6.49557,-25.00458,17.2069,22.71505,2.78936,0.9938,73.15971,-5.726435,2.111604,0.467613,,,,,,,,,,,,-12.44827,9.74398,-0.81622,50,5.66056,3.29788,-117.52479,-2.5529,-17.14684,25.41856,-18.75221,SOU_UNI,HOP_INT,TedABroerStadium,NAIA,NAIA,20250201-TedABroerStadium-1,a7c0c4e0-e101-11ef-bd34-fd2878f67622,80.60603,,,7.79905,,,,,,,78924947-b10b-4e7a-a348-8922e5fd05be,2025-02-02,01:04:29.55,2025-02-01T20:04:29.5512576-05:00,2025-02-02T01:04:29.5512576Z,,v3,,,,"McMullen, Brock",823662,Right,SOU_UNI,b8620f5d-bfc7-4583-9152-2deb115d36b8,54.00134,-118.38705,12.70928,5.73638,-1.91678,-9.37611,-0.93796,3.87954,-8.57342,,,,,,,,,,,,,,,,,,,,,,,,,,,,,,,,,,,,,,,,,,,,,,,,,,,High,High,High,,,,,
231,2025-02-01,20:04:45.19,5,4,"Johnson, Alex",1000077943,Right,SOU_UNI,"Davis, Spencer",1000403010,Left,HOP_INT,Undefined,6,Top,1,1,2,ChangeUp,Changeup,BallCalled,Undefined,Undefined,Undefined,0,0,,80.28818,-2.771467,-1.354478,2076.32173,238.159086,2:00,5.62312,1.0685,6.5818,-28.50754,14.18497,20.431,0.70492,1.52955,73.13818,-8.154817,2.365605,0.47027,,,,,,,,,,,,-11.22721,8.77296,-0.9838,50,5.42109,2.05935,-116.55213,-6.37422,-15.2504,24.46557,-20.25737,SOU_UNI,HOP_INT,TedABroerStadium,NAIA,NAIA,20250201-TedABroerStadium-1,b1189590-e101-11ef-bd34-fd2878f67622,80.15066,,,7.14999,,,,,,,78924947-b10b-4e7a-a348-8922e5fd05be,2025-02-02,01:04:45.19,2025-02-01T20:04:45.1916288-05:00,2025-02-02T01:04:45.1916288Z,,v3,,,,"McMullen, Brock",823662,Right,SOU_UNI,c97d448f-8e7b-4355-b72a-13d1c88330c0,53.91746,-117.37156,12.23279,5.62322,-5.69574,-10.12869,-1.06133,2.57013,-7.6252,,,,,,,,,,,,,,,,,,,,,,,,,,,,,,,,,,,,,,,,,,,,,,,,,,,High,High,High,,,,,
232,2025-02-01,20:05:07.83,5,5,"Johnson, Alex",1000077943,Right,SOU_UNI,"Davis, Spencer",1000403010,Left,HOP_INT,Undefined,6,Top,1,2,2,Fastball,Four-Seam,FoulBallNotFieldable,Undefined,Undefined,Undefined,0,0,,87.54808,-1.202547,-2.966609,2261.870821,220.005909,1:15,5.75216,0.96789,6.28927,-17.04481,19.24155,15.08414,3.22191,-0.5114,79.20301,-4.49753,-0.243135,0.433554,58.85602,56.616393,-146.969137,3956.154414,,,,,12.29401,,,-8.75378,10.73851,-0.75635,50,5.65518,5.98378,-126.99246,-3.10085,-14.14566,28.54671,-14.82114,SOU_UNI,HOP_INT,TedABroerStadium,NAIA,NAIA,20250201-TedABroerStadium-1,be98b330-e101-11ef-bd34-fd2878f67622,86.9383,21.05536,,8.34506,,,,1.0463,3.22825,0.4983,78924947-b10b-4e7a-a348-8922e5fd05be,2025-02-02,01:05:07.83,2025-02-01T20:05:07.8329856-05:00,2025-02-02T01:05:07.8329856Z,,v3,,,,"McMullen, Brock",823662,Right,SOU_UNI,90c6cdd9-c1ad-4a61-9706-bd4edd1232bd,54.20856,-127.93501,14.27336,5.74948,-2.61149,-7.41057,-0.96163,6.45084,-7.07283,16.600299,1.04995,-39.99545,-2.55121,,,,,,,3.23459,71.78027,-31.03765,,,,,,,0.49726,-25.84187,4.37639,,,,,,,,,,,,,,,,,,,,,,,,,,,,,High,High,High,High,Undefined,,,
233,2025-02-01,20:05:32.32,5,6,"Johnson, Alex",1000077943,Right,SOU_UNI,"Davis, Spencer",1000403010,Left,HOP_INT,Undefined,6,Top,1,2,2,Slider,Curveball,StrikeCalled,Strikeout,Undefined,Undefined,0,0,,75.55527,2.770763,0.598067,2338.277098,69.961787,8:15,5.42997,1.29135,5.59224,-55.28723,-4.88114,-18.3884,3.41195,0.31743,68.14383,-7.389177,-2.684789,0.510991,,,,,,,,,,,,9.42016,-2.78028,-1.3307,50,5.63243,-0.43435,-109.46427,3.50333,11.214,22.72653,-35.48376,SOU_UNI,HOP_INT,TedABroerStadium,NAIA,NAIA,20250201-TedABroerStadium-1,cd32f360-e101-11ef-bd34-fd2878f67622,73.76345,,,7.41144,,,,,,,78924947-b10b-4e7a-a348-8922e5fd05be,2025-02-02,01:05:32.32,2025-02-01T20:05:32.3229696-05:00,2025-02-02T01:05:32.3229696Z,,v3,,,,"McMullen, Brock",823662,Right,SOU_UNI,ea46c51e-322b-46af-afac-a7684244c8c3,54.90633,-110.47821,11.36327,5.44082,5.08643,-17.74188,-1.30016,-0.93466,5.607,,,,,,,,,,,,,,,,,,,,,,,,,,,,,,,,,,,,,,,,,,,,,,,,,,,High,High,High,,,,,
234,2025-02-01,20:06:13.37,6,1,"Johnson, Alex",1000077943,Right,SOU_UNI,"Estrada, Nathan",1000399896,Right,HOP_INT,Undefined,6,Top,2,0,0,Slider,Curveball,StrikeCalled,Undefined,Undefined,Undefined,0,0,,76.5687,1.742992,0.457908,2362.185366,72.712078,8:30,5.48478,1.25472,6.23664,-51.85432,-4.08307,-18.59344,2.77199,0.12768,69.29669,-7.890946,-2.904744,0.497456,,,,,,,,,,,,9.70465,-2.10756,-1.28048,50,5.59015,-0.21841,-111.15098,1.83781,11.91382,23.39597,-34.76139,SOU_UNI,HOP_INT,TedABroerStadium,NAIA,NAIA,20250201-TedABroerStadium-1,e5ac5cb0-e101-11ef-bd34-fd2878f67622,75.77039,,,7.27201,,,,,,,78924947-b10b-4e7a-a348-8922e5fd05be,2025-02-02,01:06:13.37,2025-02-01T20:06:13.3763584-05:00,2025-02-02T01:06:13.3763584Z,,v3,,,,"McMullen, Brock",823662,Right,SOU_UNI,6a4c020a-53f4-42d6-a8e2-99cdd01ce842,54.26209,-112.04451,11.69799,5.49462,3.1654,-17.38069,-1.26345,-0.67342,5.95691,,,,,,,,,,,,,,,,,,,,,,,,,,,,,,,,,,,,,,,,,,,,,,,,,,,High,High,High,,,,,
235,2025-02-01,20:06:27.87,6,2,"Johnson, Alex",1000077943,Right,SOU_UNI,"Estrada, Nathan",1000399896,Right,HOP_INT,Undefined,6,Top,2,0,1,ChangeUp,Changeup,InPlay,Undefined,GroundBall,Out,1,0,,83.18142,-2.581098,-3.1222,2156.804468,241.18926,2:00,5.70317,1.02772,6.21999,-27.48809,12.92257,20.88418,1.02562,-0.11581,75.55215,-7.747787,0.648735,0.45753,88.29174,6.484379,13.163493,871.269429,,,,92.53861,90.46427,15.026445,0.77344,-11.84497,7.92441,-0.80421,50,5.496,5.79276,-120.55313,-6.23099,-17.22478,26.02802,-20.6505,SOU_UNI,HOP_INT,TedABroerStadium,NAIA,NAIA,20250201-TedABroerStadium-1,ee487e80-e101-11ef-bd34-fd2878f67622,82.3825,3.5139,,7.62927,,,,1.04133,1.03274,0.12397,78924947-b10b-4e7a-a348-8922e5fd05be,2025-02-02,01:06:27.87,2025-02-01T20:06:27.8718976-05:00,2025-02-02T01:06:27.8718976Z,GroundBall,v3,,,,"McMullen, Brock",823662,Right,SOU_UNI,fe91c901-867b-44ab-af87-38bece183f6a,54.27915,-121.47351,13.01401,5.70342,-5.50077,-10.32525,-1.01981,6.40184,-8.61239,304.917342,1.07369,124.71821,-13.69303,,,,,,,1.07493,13.88577,-19.81576,,,,,,,0.10654,29.60864,1.67309,,,,,,,,,,,,,,,,,,,,,,,,,,,,,High,High,High,High,High,,,
236,2025-02-01,20:08:42.66,1,1,"Wallin, Luke",1000118251,Right,HOP_INT,"Hinrikus, Tyler",1000098761,Right,SOU_UNI,Undefined,6,Bottom,0,0,0,Slider,Slider,BallCalled,Undefined,Undefined,Undefined,0,0,,79.49431,3.666526,1.280522,2085.378372,100.254536,9:15,6.00938,1.4329,4.89171,-44.02683,2.41114,-4.6591,5.81439,2.25613,71.84682,-4.353506,0.461046,0.490465,,,,,,,,,,,,2.62268,0.69276,-1.55448,50,6.33311,-2.35916,-114.91871,5.73674,3.48512,22.55117,-31.25347,SOU_UNI,HOP_INT,TedABroerStadium,NAIA,NAIA,20250201-TedABroerStadium-1,3ea85c60-e102-11ef-bd34-fd2878f67622,76.85042,,,7.64749,,,,,,,78924947-b10b-4e7a-a348-8922e5fd05be,2025-02-02,01:08:42.66,2025-02-01T20:08:42.6678784-05:00,2025-02-02T01:08:42.6678784Z,,v3,,,,"Chavez, Josiah ",701638,Right,HOP_INT,a0d61d06-2258-411e-bab3-2a326d2a620a,55.60173,-116.01277,11.27559,6.01802,7.25298,-15.62674,-1.43593,-2.52823,1.74256,,,,,,,,,,,,,,,,,,,,,,,,,,,,,,,,,,,,,,,,,,,,,,,,,,,High,High,High,,,,,
237,2025-02-01,20:09:01.73,1,2,"Wallin, Luke",1000118251,Right,HOP_INT,"Hinrikus, Tyler",1000098761,Right,SOU_UNI,Undefined,6,Bottom,0,1,0,Slider,Slider,StrikeCalled,Undefined,Undefined,Undefined,0,0,,80.03043,-0.871121,-1.888412,2002.523094,174.611337,11:45,6.03242,1.36923,5.33932,-38.7853,6.96555,-0.48575,1.98259,-0.44346,71.69803,-8.024515,-1.974752,0.486823,,,,,,,,,,,,-0.43417,4.31642,-1.19849,50,5.92657,3.83682,-115.76262,-3.06267,-0.57302,27.12314,-26.47713,SOU_UNI,HOP_INT,TedABroerStadium,NAIA,NAIA,20250201-TedABroerStadium-1,4a08f560-e102-11ef-bd34-fd2878f67622,77.42538,,,8.33239,,,,,,,78924947-b10b-4e7a-a348-8922e5fd05be,2025-02-02,01:09:01.73,2025-02-01T20:09:01.7371136-05:00,2025-02-02T01:09:01.7371136Z,,v3,,,,"Chavez, Josiah ",701638,Right,HOP_INT,edfb6c07-f763-4c48-a08d-3946b6d77f23,55.15508,-116.96421,13.56157,6.03627,-1.88969,-13.23856,-1.36903,3.8622,-0.28651,,,,,,,,,,,,,,,,,,,,,,,,,,,,,,,,,,,,,,,,,,,,,,,,,,,High,High,High,,,,,
238,2025-02-01,20:09:16.58,1,3,"Wallin, Luke",1000118251,Right,HOP_INT,"Hinrikus, Tyler",1000098761,Right,SOU_UNI,Undefined,6,Bottom,0,1,1,Fastball,Four-Seam,StrikeCalled,Undefined,Undefined,Undefined,0,0,,88.05343,-3.343081,-3.116238,2219.844446,212.589661,1:00,6.06609,1.12594,5.48856,-15.96391,21.4934,12.81146,1.60006,-0.72462,79.02508,-6.409829,-0.838097,0.440494,,,,,,,,,,,,-7.48473,12.35072,-0.8617,50,5.76236,6.35403,-127.1997,-7.89056,-12.02983,30.71595,-12.32334,SOU_UNI,HOP_INT,TedABroerStadium,NAIA,NAIA,20250201-TedABroerStadium-1,52dc7ae0-e102-11ef-bd34-fd2878f67622,85.56866,,,9.02835,,,,,,,78924947-b10b-4e7a-a348-8922e5fd05be,2025-02-02,01:09:16.58,2025-02-01T20:09:16.5857280-05:00,2025-02-02T01:09:16.5857280Z,,v3,,,,"Chavez, Josiah ",701638,Right,HOP_INT,9af3c6d6-6ad9-4b3e-b3a1-56e59e7256b5,55.007,-128.40308,15.35797,6.06204,-7.40776,-6.16167,-1.11987,6.82533,-6.01491,,,,,,,,,,,,,,,,,,,,,,,,,,,,,,,,,,,,,,,,,,,,,,,,,,,High,High,High,,,,,
239,2025-02-01,20:09:34.79,1,4,"Wallin, Luke",1000118251,Right,HOP_INT,"Hinrikus, Tyler",1000098761,Right,SOU_UNI,Undefined,6,Bottom,0,1,2,Slider,Changeup,StrikeSwinging,Strikeout,Undefined,Undefined,0,0,,79.23519,-2.586571,-3.700972,1326.562121,266.194371,2:45,6.05133,1.36989,5.31448,-43.39435,2.92004,18.6591,0.00076,-0.5536,72.15955,-10.472916,-0.384113,0.489812,,,,,,,,,,,,-10.64599,2.71307,-1.04845,50,5.78481,6.6766,-114.57294,-6.65658,-13.93914,24.12662,-28.62175,SOU_UNI,HOP_INT,TedABroerStadium,NAIA,NAIA,20250201-TedABroerStadium-1,5dbaeb90-e102-11ef-bd34-fd2878f67622,76.95289,,,7.07563,,,,,,,78924947-b10b-4e7a-a348-8922e5fd05be,2025-02-02,01:09:34.79,2025-02-01T20:09:34.7918336-05:00,2025-02-02T01:09:34.7918336Z,,v3,,,,"Chavez, Josiah ",701638,Right,HOP_INT,bb908f98-5772-46fb-a299-9592cfd2510c,55.18546,-115.65974,12.06331,6.05562,-5.36731,-14.31087,-1.36334,7.3045,-6.96957,,,,,,,,,,,,,,,,,,,,,,,,,,,,,,,,,,,,,,,,,,,,,,,,,,,High,High,High,,,,,
240,2025-02-01,20:10:05.78,2,1,"Wallin, Luke",1000118251,Right,HOP_INT,"McMullen, Brock",823662,Right,SOU_UNI,Undefined,6,Bottom,1,0,0,Fastball,Sinker,InPlay,Undefined,GroundBall,Out,1,0,,87.53738,-1.87447,-3.214757,2081.93215,231.990608,1:45,6.11297,1.36497,5.29255,-20.28143,17.77757,20.89265,2.65943,0.08438,78.58155,-5.705067,0.488559,0.444017,77.58063,-34.136103,-44.749918,,,,,5.25901,5.25901,-32.420786,0.041493,-11.57764,9.93658,-1.08831,50,5.92803,6.1789,-126.6042,-4.80776,-18.44245,30.32245,-16.34572,SOU_UNI,HOP_INT,TedABroerStadium,NAIA,NAIA,20250201-TedABroerStadium-1,7031a2a0-e102-11ef-bd34-fd2878f67622,84.88954,2.65772,,8.95583,,,,1.6553,2.65772,-0.05972,78924947-b10b-4e7a-a348-8922e5fd05be,2025-02-02,01:10:05.78,2025-02-01T20:10:05.7877504-05:00,2025-02-02T01:10:05.7877504Z,GroundBall,v3,,,,"Chavez, Josiah ",701638,Right,HOP_INT,f72850bb-ca39-4499-8fba-f6cb9d373695,55.20524,-127.84481,15.16122,6.11105,-4.13899,-8.17286,-1.35655,6.93345,-9.22122,180,1.6539,67.09581,,,,,,,,2.65906,-64.05215,,,,,,,,-0.05833,-66.51264,,,,,,,,,,,,,,,,,,,,,,,,,,,,,,High,High,High,Low,Low,,,
241,2025-02-01,20:10:43.00,3,1,"Wallin, Luke",1000118251,Right,HOP_INT,"Pennella, JP",825107,Left,SOU_UNI,Undefined,6,Bottom,2,0,0,Fastball,Four-Seam,BallCalled,Undefined,Undefined,Undefined,0,0,,87.91547,-1.621565,-3.1276,2120.009523,204.829236,12:45,6.15454,1.16823,5.40434,-14.17666,23.31174,10.13997,3.45109,-0.92022,78.98317,-4.374188,-1.328237,0.440677,,,,,,,,,,,,-6.06209,12.58816,-0.89664,50,6.00056,6.48604,-127.16199,-3.97494,-9.77474,29.78427,-11.87638,SOU_UNI,HOP_INT,TedABroerStadium,NAIA,NAIA,20250201-TedABroerStadium-1,865a8c40-e102-11ef-bd34-fd2878f67622,85.53309,,,8.9323,,,,,,,78924947-b10b-4e7a-a348-8922e5fd05be,2025-02-02,01:10:43.00,2025-02-01T20:10:43.0048256-05:00,2025-02-02T01:10:43.0048256Z,,v3,,,,"Chavez, Josiah ",701638,Right,HOP_INT,e8703bfe-487e-46a5-a9eb-201bd338382f,55.0901,-128.34867,14.89213,6.1495,-3.50176,-5.93819,-1.16282,6.87549,-4.88737,,,,,,,,,,,,,,,,,,,,,,,,,,,,,,,,,,,,,,,,,,,,,,,,,,,High,High,High,,,,,
242,2025-02-01,20:10:57.90,3,2,"Wallin, Luke",1000118251,Right,HOP_INT,"Pennella, JP",825107,Left,SOU_UNI,Undefined,6,Bottom,2,1,0,Fastball,Sinker,BallCalled,Undefined,Undefined,Undefined,0,0,,87.94943,-3.524846,-2.802354,2102.027091,218.201313,1:15,6.06821,1.20906,5.40333,-16.06505,21.49962,15.7941,1.41852,-0.10269,79.14355,-6.598181,0.003672,0.441125,,,,,,,,,,,,-8.87288,12.37261,-0.97086,50,5.74299,5.52015,-127.09846,-8.30536,-14.27114,30.11501,-12.274,SOU_UNI,HOP_INT,TedABroerStadium,NAIA,NAIA,20250201-TedABroerStadium-1,8f4172b0-e102-11ef-bd34-fd2878f67622,85.44626,,,8.80588,,,,,,,78924947-b10b-4e7a-a348-8922e5fd05be,2025-02-02,01:10:57.90,2025-02-01T20:10:57.9056128-05:00,2025-02-02T01:10:57.9056128Z,,v3,,,,"Chavez, Josiah ",701638,Right,HOP_INT,388de58f-45c6-438e-8830-bc4c77520f5b,55.09364,-128.29969,15.05751,6.06451,-7.81578,-6.137,-1.2024,6.0894,-7.13557,,,,,,,,,,,,,,,,,,,,,,,,,,,,,,,,,,,,,,,,,,,,,,,,,,,High,High,High,,,,,
243,2025-02-01,20:11:15.17,3,3,"Wallin, Luke",1000118251,Right,HOP_INT,"Pennella, JP",825107,Left,SOU_UNI,Undefined,6,Bottom,2,2,0,Fastball,Four-Seam,StrikeCalled,Undefined,Undefined,Undefined,0,0,,88.09386,-2.802113,-3.223663,2120.995737,223.310427,1:30,6.11762,1.32994,5.31523,-15.88635,21.63808,19.05863,2.15758,-0.11059,79.20742,-5.846993,0.154842,0.440888,,,,,,,,,,,,-10.56205,12.13335,-1.05188,50,5.85239,6.3036,-127.33103,-6.70423,-17.06493,30.01907,-12.57044,SOU_UNI,HOP_INT,TedABroerStadium,NAIA,NAIA,20250201-TedABroerStadium-1,998ddc90-e102-11ef-bd34-fd2878f67622,85.4921,,,8.88644,,,,,,,78924947-b10b-4e7a-a348-8922e5fd05be,2025-02-02,01:11:15.17,2025-02-01T20:11:15.1787520-05:00,2025-02-02T01:11:15.1787520Z,,v3,,,,"Chavez, Josiah ",701638,Right,HOP_INT,f8a88e7c-abfe-4886-b391-785616a76fdf,55.18129,-128.54675,15.00954,6.11359,-6.19515,-6.28522,-1.32116,6.9947,-8.53247,,,,,,,,,,,,,,,,,,,,,,,,,,,,,,,,,,,,,,,,,,,,,,,,,,,High,High,High,,,,,
244,2025-02-01,20:11:32.49,3,4,"Wallin, Luke",1000118251,Right,HOP_INT,"Pennella, JP",825107,Left,SOU_UNI,Undefined,6,Bottom,2,2,1,ChangeUp,Changeup,BallCalled,Undefined,Undefined,Undefined,0,0,,79.86223,-3.197853,-3.29301,1454.500122,248.902743,2:15,6.08182,1.34869,5.23882,-36.56116,9.24406,19.54261,0.02136,-0.1212,72.49049,-9.876918,0.175308,0.487112,,,,,,,,,,,,-10.98288,6.10563,-1.06126,50,5.76005,5.8631,-115.42149,-7.68333,-14.57052,24.80305,-24.07397,SOU_UNI,HOP_INT,TedABroerStadium,NAIA,NAIA,20250201-TedABroerStadium-1,a3e65460-e102-11ef-bd34-fd2878f67622,77.3794,,,7.37174,,,,,,,78924947-b10b-4e7a-a348-8922e5fd05be,2025-02-02,01:11:32.49,2025-02-01T20:11:32.4962304-05:00,2025-02-02T01:11:32.4962304Z,,v3,,,,"Chavez, Josiah ",701638,Right,HOP_INT,522be5b1-08bc-417e-88ae-8b860dde716e,55.26072,-116.54649,12.40153,6.08378,-6.5914,-12.03699,-1.34219,6.52398,-7.28526,,,,,,,,,,,,,,,,,,,,,,,,,,,,,,,,,,,,,,,,,,,,,,,,,,,High,High,High,,,,,
245,2025-02-01,20:11:50.77,3,5,"Wallin, Luke",1000118251,Right,HOP_INT,"Pennella, JP",825107,Left,SOU_UNI,Undefined,6,Bottom,2,3,1,Fastball,Four-Seam,StrikeSwinging,Undefined,Undefined,Undefined,0,0,,87.21518,-1.91919,-2.256445,2081.132578,206.080509,12:45,6.08776,1.44317,5.32869,-13.02587,25.19852,11.62595,3.1994,0.29366,78.24907,-4.471758,-0.193911,0.444981,,,,,,,,,,,,-6.52918,13.62477,-1.24775,50,5.90553,4.44379,-126.18735,-4.54801,-10.34738,29.77775,-10.58159,SOU_UNI,HOP_INT,TedABroerStadium,NAIA,NAIA,20250201-TedABroerStadium-1,aec84780-e102-11ef-bd34-fd2878f67622,84.7057,,,8.96611,,,,,,,78924947-b10b-4e7a-a348-8922e5fd05be,2025-02-02,01:11:50.77,2025-02-01T20:11:50.7737088-05:00,2025-02-02T01:11:50.7737088Z,,v3,,,,"Chavez, Josiah ",701638,Right,HOP_INT,86bd4f7d-9c1e-4730-ae9b-1c9a75557b22,55.16601,-127.40059,14.88888,6.08205,-4.11688,-5.2908,-1.4374,4.86538,-5.17369,,,,,,,,,,,,,,,,,,,,,,,,,,,,,,,,,,,,,,,,,,,,,,,,,,,High,High,High,,,,,
246,2025-02-01,20:12:11.72,3,6,"Wallin, Luke",1000118251,Right,HOP_INT,"Pennella, JP",825107,Left,SOU_UNI,Undefined,6,Bottom,2,3,2,Fastball,Four-Seam,InPlay,Undefined,LineDrive,Single,0,0,,88.10234,-1.188697,-3.013621,2159.229121,210.462073,1:00,6.13556,1.24066,5.44359,-13.74036,23.6847,13.08178,3.87585,-0.49347,78.74398,-3.87915,-0.689687,0.440304,61.5589,24.003324,-18.33964,3147.94256,101.70523,25.74936,-41.90429,176.17926,176.17926,-25.292455,2.727701,-7.5867,12.70764,-0.98344,50,6.02166,6.12,-127.43575,-2.99636,-12.21808,31.23869,-11.70887,SOU_UNI,HOP_INT,TedABroerStadium,NAIA,NAIA,20250201-TedABroerStadium-1,bb44b0c0-e102-11ef-bd34-fd2878f67622,85.60547,26.8156,,9.35836,,,,0.65417,3.81066,0.50332,78924947-b10b-4e7a-a348-8922e5fd05be,2025-02-02,01:12:11.72,2025-02-01T20:12:11.7257728-05:00,2025-02-02T01:12:11.7257728Z,LineDrive,v3,,,,"Chavez, Josiah ",701638,Right,HOP_INT,461e6195-9ceb-428b-8c6c-5f19140c5483,55.05162,-128.66811,15.61934,6.13076,-2.53444,-5.85444,-1.23438,6.602,-6.10904,142.86415,0.65411,78.29186,-11.69367,2.48371,-0.52422,0.11496,-0.02272,0.0023,4E-05,3.8107,36.7258,-15.34851,0.61242,-0.06224,0.016,-0.01068,0.0049,-0.00075,0.50332,-25.95159,-0.82059,0.04447,0.01138,-0.00366,0.00097,-0.00047,9E-05,,,,,,,,,,,,,,,,,,,,,,,High,High,High,High,High,,,
247,2025-02-01,20:12:43.26,4,1,"Wallin, Luke",1000118251,Right,HOP_INT,"Streuer, Nick",1000220618,Left,SOU_UNI,Undefined,6,Bottom,2,0,0,Fastball,Four-Seam,BallCalled,Undefined,Undefined,Undefined,0,0,,87.76369,-3.309147,-3.998917,2196.775752,219.481855,1:15,6.15345,1.39794,5.29025,-13.87576,24.01013,18.59584,1.87886,-0.81343,78.95287,-5.998122,-0.708905,0.443006,,,,,,,,,,,,-10.59371,13.48276,-1.04758,50,5.84189,8.02033,-126.71046,-7.71845,-16.9727,29.4039,-10.57266,SOU_UNI,HOP_INT,TedABroerStadium,NAIA,NAIA,20250201-TedABroerStadium-1,ce0f5430-e102-11ef-bd34-fd2878f67622,85.08328,,,8.81082,,,,,,,78924947-b10b-4e7a-a348-8922e5fd05be,2025-02-02,01:12:43.26,2025-02-01T20:12:43.2690000-05:00,2025-02-02T01:12:43.2690000Z,,v3,,,,"Chavez, Josiah ",701638,Right,HOP_INT,a8f5af33-1706-465c-afe1-dce247531ce6,55.20709,-127.91309,14.70195,6.14874,-7.28602,-5.28633,-1.38981,8.71452,-8.48635,,,,,,,,,,,,,,,,,,,,,,,,,,,,,70.70327,1.826853,0.884787,0.942065,1.27205,1.86365,0.8152,-4.08142,4.76216,3.35701,66.73099,1.30732,58.04689,-4.03393,83.81076,-9.32415,4.76315,6.53055,-10.83082,3.36059,59.646,-1.70301,High,High,High,,,High,High,High
248,2025-02-01,20:13:03.72,4,2,"Wallin, Luke",1000118251,Right,HOP_INT,"Streuer, Nick",1000220618,Left,SOU_UNI,Undefined,6,Bottom,2,1,0,Fastball,Four-Seam,FoulBallNotFieldable,Undefined,Undefined,Undefined,0,0,,87.87466,-2.662663,-3.108814,2212.061864,225.143516,1:30,6.02924,1.36186,5.4484,-15.16442,22.26249,20.97607,2.26722,0.19647,79.15509,-5.583748,0.619556,0.440315,68.45442,28.065173,-161.706483,2636.397699,,,,,25.24866,,,-11.56808,12.45851,-1.10223,50,5.78391,5.97635,-127.12178,-6.34415,-18.65801,29.54785,-12.07985,SOU_UNI,HOP_INT,TedABroerStadium,NAIA,NAIA,20250201-TedABroerStadium-1,da46c530-e102-11ef-bd34-fd2878f67622,85.60336,13.84094,,8.71957,,,,1.86898,2.26193,-0.13721,78924947-b10b-4e7a-a348-8922e5fd05be,2025-02-02,01:13:03.72,2025-02-01T20:13:03.7296128-05:00,2025-02-02T01:13:03.7296128Z,,v3,,,,"Chavez, Josiah ",701638,Right,HOP_INT,c3bcc69b-02eb-4b77-8534-072f26c258bd,55.04951,-128.29011,14.77392,6.02532,-5.86651,-6.03992,-1.35312,6.71408,-9.32901,32.145947,1.87125,-84.21505,6.65239,,,,,,,2.27124,46.8399,-32.2435,,,,,,,-0.14173,-27.61649,10.50721,,,,,,,,,,,,,,,,,,,,,,,,,,,,,High,High,High,High,Undefined,,,
249,2025-02-01,20:13:30.58,4,3,"Wallin, Luke",1000118251,Right,HOP_INT,"Streuer, Nick",1000220618,Left,SOU_UNI,Undefined,6,Bottom,2,1,1,ChangeUp,Changeup,BallCalled,Undefined,Undefined,Undefined,0,0,,80.95678,-2.118603,-3.173223,1526.21536,234.364053,1:45,6.07584,1.18288,5.29272,-29.66758,14.74658,18.25371,1.61034,-0.27849,73.11157,-7.621366,0.06474,0.479658,,,,,,,,,,,,-10.19067,8.54107,-0.90785,50,5.8616,5.7365,-117.08391,-5.29956,-13.92039,25.39764,-20.50703,SOU_UNI,HOP_INT,TedABroerStadium,NAIA,NAIA,20250201-TedABroerStadium-1,ea4ddbd0-e102-11ef-bd34-fd2878f67622,78.58184,,,7.84521,,,,,,,78924947-b10b-4e7a-a348-8922e5fd05be,2025-02-02,01:13:30.58,2025-02-01T20:13:30.5820000-05:00,2025-02-02T01:13:30.5820000Z,,v3,,,,"Chavez, Josiah ",701638,Right,HOP_INT,91ad48a2-cd29-4c14-b076-92a05173e2a1,55.20442,-118.20745,12.69882,6.07598,-4.39237,-10.25351,-1.17524,6.35231,-6.96019,,,,,,,,,,,,,,,,,,,,,,,,,,,,,79.05361,2.083763,0.783104,1.300659,1.95747,1.6824,0.27895,-1.03932,6.01681,0.43113,127.28354,8.36275,3.50016,-0.57877,111.20563,-9.79187,6.02461,15.98085,-10.8977,0.19974,-2.01448,3.43836,High,High,High,,,High,Medium,High
250,2025-02-01,20:14:01.84,4,4,"Wallin, Luke",1000118251,Right,HOP_INT,"Streuer, Nick",1000220618,Left,SOU_UNI,Undefined,6,Bottom,2,2,1,Fastball,Four-Seam,BallCalled,Undefined,Undefined,Undefined,0,0,,88.05895,-1.690613,-4.388019,2128.418383,221.185198,1:15,6.15275,1.32216,5.46151,-15.10828,22.24182,18.23655,3.30621,-1.27333,79.08736,-4.612362,-1.153946,0.439863,,,,,,,,,,,,-10.51552,12.09524,-0.9477,50,5.99358,8.93675,-127.23732,-4.17539,-16.98794,29.64768,-12.63406,SOU_UNI,HOP_INT,TedABroerStadium,NAIA,NAIA,20250201-TedABroerStadium-1,fce56150-e102-11ef-bd34-fd2878f67622,85.69134,,,8.97159,,,,,,,78924947-b10b-4e7a-a348-8922e5fd05be,2025-02-02,01:14:01.84,2025-02-01T20:14:01.8442752-05:00,2025-02-02T01:14:01.8442752Z,,v3,,,,"Chavez, Josiah ",701638,Right,HOP_INT,5344051b-ef69-4fe4-9100-630a15a41879,55.03427,-128.405,14.82384,6.14824,-3.67779,-6.31703,-1.31285,9.60583,-8.49397,,,,,,,,,,,,,,,,,,,,,,,,,,,,,,,,,,,,,,,,,,,,,,,,,,,High,High,High,,,,,
251,2025-02-01,20:14:23.32,4,5,"Wallin, Luke",1000118251,Right,HOP_INT,"Streuer, Nick",1000220618,Left,SOU_UNI,Undefined,6,Bottom,2,3,1,Fastball,Four-Seam,FoulBallNotFieldable,Undefined,Undefined,Undefined,0,0,,88.04699,-2.421401,-2.652188,2237.80094,214.79702,1:15,6.05089,1.50415,5.38373,-13.07552,24.42249,15.9728,2.68777,0.34741,78.94156,-4.980925,0.183886,0.440733,,,,,,,,,,,,-8.82146,13.41174,-1.27829,50,5.82545,5.16391,-127.32025,-5.70829,-14.22145,30.4976,-10.55236,SOU_UNI,HOP_INT,TedABroerStadium,NAIA,NAIA,20250201-TedABroerStadium-1,09bc6db0-e103-11ef-bd34-fd2878f67622,85.52216,,,9.10543,,,,,,,78924947-b10b-4e7a-a348-8922e5fd05be,2025-02-02,01:14:23.32,2025-02-01T20:14:23.3262080-05:00,2025-02-02T01:14:23.3262080Z,,v3,,,,"Chavez, Josiah ",701638,Right,HOP_INT,dd7abcbf-1b7c-43cd-bf5d-83669514ea07,55.11093,-128.53866,15.2488,6.04509,-5.28671,-5.27618,-1.49594,5.73207,-7.11073,,,,,,,,,,,,,,,,,,,,,,,,,,,,,,,,,,,,,,,,,,,,,,,,,,,High,High,High,,,,,
252,2025-02-01,20:14:45.12,4,6,"Wallin, Luke",1000118251,Right,HOP_INT,"Streuer, Nick",1000220618,Left,SOU_UNI,Undefined,6,Bottom,2,3,2,Fastball,Four-Seam,FoulBallNotFieldable,Undefined,Undefined,Undefined,0,0,,87.69368,-2.668661,-2.505795,2145.454378,223.082856,1:30,6.08882,1.46607,5.34381,-15.81765,22.05336,19.26375,2.26315,0.71933,78.69183,-5.709164,0.913844,0.44292,69.0917,21.04099,-163.599316,1757.288519,,,,,25.8526,,,-10.49375,12.35469,-1.25456,50,5.83746,4.68406,-126.8225,-6.36925,-16.76814,30.50333,-12.43225,SOU_UNI,HOP_INT,TedABroerStadium,NAIA,NAIA,20250201-TedABroerStadium-1,16b8dc60-e103-11ef-bd34-fd2878f67622,85.09997,10.43254,,9.00185,,,,1.25269,2.2307,-0.7228,78924947-b10b-4e7a-a348-8922e5fd05be,2025-02-02,01:14:45.12,2025-02-01T20:14:45.1241472-05:00,2025-02-02T01:14:45.1241472Z,,v3,,,,"Chavez, Josiah ",701638,Right,HOP_INT,9650de7e-ef16-468d-9f7a-165a0ee72c09,55.15287,-128.05587,15.25167,6.08483,-5.86657,-6.21612,-1.45767,5.36206,-8.38407,33.553704,1.25303,-90.74566,8.12793,,,,,,,2.23594,36.14398,-27.97697,,,,,,,-0.72524,-26.59315,8.54117,,,,,,,,,,,,,,,,,,,,,,,,,,,,,High,High,High,High,Undefined,,,
253,2025-02-01,20:15:07.25,4,7,"Wallin, Luke",1000118251,Right,HOP_INT,"Streuer, Nick",1000220618,Left,SOU_UNI,Undefined,6,Bottom,2,3,2,Fastball,Four-Seam,BallCalled,Walk,Undefined,Undefined,0,0,,87.49244,-2.537513,-4.287355,2194.707452,215.961968,1:15,6.093,1.11268,5.48668,-15.79237,22.33789,15.09875,2.39476,-1.64764,78.08835,-5.596305,-1.60841,0.444433,,,,,,,,,,,,-9.01056,12.50725,-0.74668,50,5.8598,8.78079,-126.24369,-6.03156,-14.21614,31.06164,-12.44106,SOU_UNI,HOP_INT,TedABroerStadium,NAIA,NAIA,20250201-TedABroerStadium-1,23ec87b0-e103-11ef-bd34-fd2878f67622,84.81015,,,9.40408,,,,,,,78924947-b10b-4e7a-a348-8922e5fd05be,2025-02-02,01:15:07.25,2025-02-01T20:15:07.2519680-05:00,2025-02-02T01:15:07.2519680Z,,v3,,,,"Chavez, Josiah ",701638,Right,HOP_INT,001e8f41-0c13-4ca6-a25a-f93722e2fe19,55.00715,-127.46973,15.53082,6.08818,-5.5405,-6.22053,-1.10434,9.34191,-7.10807,,,,,,,,,,,,,,,,,,,,,,,,,,,,,,,,,,,,,,,,,,,,,,,,,,,High,High,High,,,,,
254,2025-02-01,20:15:42.94,5,1,"Wallin, Luke",1000118251,Right,HOP_INT,"Collins, Charlie",1000096340,Right,SOU_UNI,Undefined,6,Bottom,2,0,0,Slider,Slider,BallCalled,Undefined,Undefined,Undefined,0,0,,78.59251,3.563347,0.744745,1956.847185,156.907841,11:15,6.01392,1.46676,5.33318,-41.35286,5.04142,-1.52622,5.9157,2.03836,71.51757,-4.031118,0.474033,0.490234,,,,,,,,,,,,0.9661,2.0037,-1.5329,50,6.30668,-1.4173,-113.8332,5.69445,1.26685,21.01598,-29.54655,SOU_UNI,HOP_INT,TedABroerStadium,NAIA,NAIA,20250201-TedABroerStadium-1,3935bfb0-e103-11ef-bd34-fd2878f67622,76.88659,,,7.07494,,,,,,,78924947-b10b-4e7a-a348-8922e5fd05be,2025-02-02,01:15:42.94,2025-02-01T20:15:42.9439488-05:00,2025-02-02T01:15:42.9439488Z,,v3,,,,"Chavez, Josiah ",701638,Right,HOP_INT,240277f0-ea24-4cf8-b652-3174d16e1e5a,55.16336,-114.7825,10.50799,6.01931,7.02908,-14.77327,-1.46759,-1.47452,0.63342,,,,,,,,,,,,,,,,,,,,,,,,,,,,,,,,,,,,,,,,,,,,,,,,,,,High,High,High,,,,,
255,2025-02-01,20:16:10.64,5,2,"Wallin, Luke",1000118251,Right,HOP_INT,"Collins, Charlie",1000096340,Right,SOU_UNI,Undefined,6,Bottom,2,1,0,Fastball,Four-Seam,InPlay,Undefined,LineDrive,Double,0,2,,86.77716,-2.115925,-3.104823,2114.020501,222.587675,1:30,6.04475,1.37915,5.4012,-17.48946,21.17123,18.07843,2.60076,-0.02652,77.70985,-5.468581,0.105426,0.447514,96.81424,14.20234,-10.193155,1517.638984,107.05648,20.05535,-25.27498,248.44673,248.44673,-17.545758,2.288499,-10.21142,11.80591,-1.11572,50,5.84449,6.02081,-125.4876,-5.15754,-15.93928,30.38816,-13.74594,SOU_UNI,HOP_INT,TedABroerStadium,NAIA,NAIA,20250201-TedABroerStadium-1,49b95950-e103-11ef-bd34-fd2878f67622,84.22637,20.61736,,9.06732,,,,1.69878,2.636,0.01807,78924947-b10b-4e7a-a348-8922e5fd05be,2025-02-02,01:16:10.64,2025-02-01T20:16:10.6445824-05:00,2025-02-02T01:16:10.6445824Z,LineDrive,v3,,,,"Chavez, Josiah ",701638,Right,HOP_INT,9bc1bdc6-3471-49d6-bad5-1e2848609fe1,55.09635,-126.71573,15.19408,6.0417,-4.602,-6.87297,-1.37207,6.66498,-7.96964,106.3617,1.69877,135.48144,-20.01562,3.7223,-0.76067,0.14454,-0.02787,0.00422,-0.00032,2.636,34.83771,-18.17835,1.45895,-0.24539,0.04052,-0.00346,0.00012,0,0.01806,-24.36002,-6.81327,2.33805,-0.67272,0.17524,-0.04121,0.00696,-0.00056,,,,,,,,,,,,,,,,,,,,,,,High,High,High,High,High,,,
256,2025-02-01,20:16:58.90,6,1,"Wallin, Luke",1000118251,Right,HOP_INT,"Hicks, Connor",801360,Left,SOU_UNI,Undefined,6,Bottom,2,0,0,Fastball,Sinker,StrikeCalled,Undefined,Undefined,Undefined,0,0,,87.69571,-2.96257,-3.558203,2075.344216,220.23513,1:15,6.07333,1.24794,5.40974,-14.63741,23.01611,18.29151,2.07009,-0.56572,79.04641,-5.787164,-0.312183,0.441646,,,,,,,,,,,,-10.32548,12.9054,-0.94437,50,5.79955,7.07082,-126.76488,-6.97468,-16.58142,29.08047,-11.44957,SOU_UNI,HOP_INT,TedABroerStadium,NAIA,NAIA,20250201-TedABroerStadium-1,667acc90-e103-11ef-bd34-fd2878f67622,85.34539,,,8.6493,,,,,,,78924947-b10b-4e7a-a348-8922e5fd05be,2025-02-02,01:16:58.90,2025-02-01T20:16:58.9097472-05:00,2025-02-02T01:16:58.9097472Z,,v3,,,,"Chavez, Josiah ",701638,Right,HOP_INT,8b310a3a-2679-40d0-8e4f-2c053a44928e,55.08777,-127.92671,14.54023,6.06907,-6.51723,-5.72478,-1.2401,7.73328,-8.29071,,,,,,,,,,,,,,,,,,,,,,,,,,,,,,,,,,,,,,,,,,,,,,,,,,,High,High,High,,,,,
257,2025-02-01,20:17:15.39,6,2,"Wallin, Luke",1000118251,Right,HOP_INT,"Hicks, Connor",801360,Left,SOU_UNI,Undefined,6,Bottom,2,0,1,ChangeUp,Changeup,StrikeSwinging,Undefined,Undefined,Undefined,0,0,,79.87288,-2.762385,-2.872437,1566.998193,239.449396,2:00,6.01892,1.26865,5.39336,-31.15431,13.93005,20.94395,0.8286,0.31973,72.88551,-8.504019,0.853418,0.483264,,,,,,,,,,,,-11.46989,8.28575,-1.02767,50,5.75031,4.97456,-115.64522,-6.58396,-15.41405,23.10773,-21.03904,SOU_UNI,HOP_INT,TedABroerStadium,NAIA,NAIA,20250201-TedABroerStadium-1,704e5cf0-e103-11ef-bd34-fd2878f67622,77.99558,,,6.98737,,,,,,,78924947-b10b-4e7a-a348-8922e5fd05be,2025-02-02,01:17:15.39,2025-02-01T20:17:15.3918976-05:00,2025-02-02T01:17:15.3918976Z,,v3,,,,"Chavez, Josiah ",701638,Right,HOP_INT,bdc39c8d-0375-482f-a0f6-0ee56a215466,55.1061,-116.66104,11.55387,6.01941,-5.65908,-10.51952,-1.26125,5.65216,-7.70702,,,,,,,,,,,,,,,,,,,,,,,,,,,,,,,,,,,,,,,,,,,,,,,,,,,High,High,High,,,,,
258,2025-02-01,20:17:34.21,6,3,"Wallin, Luke",1000118251,Right,HOP_INT,"Hicks, Connor",801360,Left,SOU_UNI,Undefined,6,Bottom,2,0,2,ChangeUp,Changeup,StrikeSwinging,Strikeout,Undefined,Undefined,0,0,,80.02489,-2.719014,-2.80596,1482.628924,223.539947,1:30,6.06473,1.41636,5.20082,-26.83438,18.39344,15.98107,1.26619,0.10687,72.90647,-7.689304,0.025288,0.484032,,,,,,,,,,,,-8.8628,10.45957,-1.16912,50,5.79282,5.0273,-115.81568,-6.35981,-11.95575,23.00614,-18.06428,SOU_UNI,HOP_INT,TedABroerStadium,NAIA,NAIA,20250201-TedABroerStadium-1,7b861130-e103-11ef-bd34-fd2878f67622,77.87175,,,7.11842,,,,,,,78924947-b10b-4e7a-a348-8922e5fd05be,2025-02-02,01:17:34.21,2025-02-01T20:17:34.2167552-05:00,2025-02-02T01:17:34.2167552Z,,v3,,,,"Chavez, Josiah ",701638,Right,HOP_INT,11622258-5704-4f0f-8828-0b061fd4b813,55.29746,-116.86325,11.50307,6.06368,-5.53726,-9.03214,-1.41043,5.5717,-5.97787,,,,,,,,,,,,,,,,,,,,,,,,,,,,,,,,,,,,,,,,,,,,,,,,,,,High,High,High,,,,,
259,2025-02-01,20:19:49.32,1,1,"Jones, Cole",1000362652,Right,SOU_UNI,"Shackelford, David",1000114732,Right,HOP_INT,Undefined,7,Top,0,0,0,Fastball,Four-Seam,StrikeCalled,Undefined,Undefined,Undefined,0,0,,90.62951,-2.873435,-3.227778,2341.283865,207.716818,1:00,6.43417,1.34675,6.14844,-10.35115,23.88005,11.88926,2.91006,-0.64811,81.71558,-4.946734,-1.088649,0.421097,,,,,,,,,,,,-7.10197,13.54654,-1.10665,50,6.20939,6.88739,-131.19515,-6.77638,-12.222,31.02334,-8.86145,SOU_UNI,HOP_INT,TedABroerStadium,NAIA,NAIA,20250201-TedABroerStadium-1,cc178660-e103-11ef-bd34-fd2878f67622,89.51002,,,8.91393,,,,,,,78924947-b10b-4e7a-a348-8922e5fd05be,2025-02-02,01:19:49.32,2025-02-01T20:19:49.3288960-05:00,2025-02-02T01:19:49.3288960Z,,v3,,,,"McMullen, Brock",823662,Right,SOU_UNI,6775abdd-9d38-48e8-9ad3-8c5a53cba908,54.34725,-132.21914,15.51167,6.42824,-6.48389,-4.43072,-1.34064,7.2908,-6.111,,,,,,,,,,,,,,,,,,,,,,,,,,,,,,,,,,,,,,,,,,,,,,,,,,,High,High,High,,,,,
260,2025-02-01,20:20:02.96,1,2,"Jones, Cole",1000362652,Right,SOU_UNI,"Shackelford, David",1000114732,Right,HOP_INT,Undefined,7,Top,0,0,1,Fastball,Four-Seam,StrikeCalled,Undefined,Undefined,Undefined,0,0,,92.48046,-4.154753,-3.321332,2321.523045,204.066821,12:45,6.39335,1.10239,6.42973,-7.49528,25.00651,10.64725,1.93699,-1.06638,83.67369,-5.703333,-1.396369,0.410322,,,,,,,,,,,,-6.5591,14.65111,-0.87021,50,6.09279,7.32483,-133.81073,-9.80933,-11.77615,31.50663,-5.86957,SOU_UNI,HOP_INT,TedABroerStadium,NAIA,NAIA,20250201-TedABroerStadium-1,d42fab20-e103-11ef-bd34-fd2878f67622,91.86059,,,8.80677,,,,,,,78924947-b10b-4e7a-a348-8922e5fd05be,2025-02-02,01:20:02.96,2025-02-01T20:20:02.9673984-05:00,2025-02-02T01:20:02.9673984Z,,v3,,,,"McMullen, Brock",823662,Right,SOU_UNI,221e2336-a605-4c53-b697-48d1a9354070,54.06773,-134.7651,15.75331,6.38723,-9.63154,-2.93479,-1.09749,7.68154,-5.88807,,,,,,,,,,,,,,,,,,,,,,,,,,,,,,,,,,,,,,,,,,,,,,,,,,,High,High,High,,,,,
261,2025-02-01,20:20:17.89,1,3,"Jones, Cole",1000362652,Right,SOU_UNI,"Shackelford, David",1000114732,Right,HOP_INT,Undefined,7,Top,0,0,2,Fastball,Four-Seam,StrikeCalled,Strikeout,Undefined,Undefined,0,0,,90.49824,-3.826639,-3.51253,2271.265842,220.498806,1:15,6.44516,1.18739,6.0095,-17.18257,17.19426,13.66741,1.45622,-0.93185,82.3287,-7.089682,-1.058814,0.421992,,,,,,,,,,,,-8.0867,10.33741,-0.91886,50,6.13446,7.46283,-130.92947,-9.27508,-13.94716,29.30283,-14.34513,SOU_UNI,HOP_INT,TedABroerStadium,NAIA,NAIA,20250201-TedABroerStadium-1,dd1447a0-e103-11ef-bd34-fd2878f67622,89.32028,,,8.16954,,,,,,,78924947-b10b-4e7a-a348-8922e5fd05be,2025-02-02,01:20:17.89,2025-02-01T20:20:17.8910000-05:00,2025-02-02T01:20:17.8910000Z,,v3,,,,"McMullen, Brock",823662,Right,SOU_UNI,6c61e79f-b2b4-416b-8096-7a38d1ac305f,54.489,-131.93031,14.65141,6.44288,-8.78512,-7.17256,-1.18189,7.9392,-6.97358,,,,,,,,,,,,,,,,,,,,,,,,,,,,,63.69581,,,1.013208,,,,-0.93466,5.31106,5.24184,66.23325,8.594,58.5491,-0.87552,73.32238,-7.04003,5.31839,15.47038,-12.08473,5.25466,54.54246,-1.92727,High,High,High,,,High,High,High
262,2025-02-01,20:20:44.79,2,1,"Jones, Cole",1000362652,Right,SOU_UNI,"Boston, Trotter",1000269934,Left,HOP_INT,Undefined,7,Top,1,0,0,Slider,Slider,FoulBallNotFieldable,Undefined,Undefined,Undefined,0,0,,78.61646,-0.814144,-0.430755,2136.533078,139.116034,10:45,6.49706,1.15088,6.17481,-36.57463,8.19811,-5.85681,2.6972,0.26498,72.12871,-7.61833,-1.48891,0.481591,59.99531,32.237537,-153.791805,4468.969658,,,,,27.80579,,,2.92339,4.89862,-1.11534,50,6.41688,1.06549,-114.25348,-2.6775,3.85113,21.71868,-25.72088,SOU_UNI,HOP_INT,TedABroerStadium,NAIA,NAIA,20250201-TedABroerStadium-1,ed2410d0-e103-11ef-bd34-fd2878f67622,78.2665,17.01361,,6.48775,,,,0.5929,2.58833,-0.24432,78924947-b10b-4e7a-a348-8922e5fd05be,2025-02-02,01:20:44.79,2025-02-01T20:20:44.7991296-05:00,2025-02-02T01:20:44.7991296Z,,v3,,,,"McMullen, Brock",823662,Right,SOU_UNI,0ae3a961-7db7-4594-9769-40cea7f413d1,54.32404,-115.07251,10.85934,6.49956,-1.70754,-12.86044,-1.15279,0.92026,1.92556,,0.59257,-66.76745,5.91646,,,,,,,2.60162,46.48856,-25.96762,,,,,,,-0.25099,-32.64417,7.77487,,,,,,,,,,,,,,,,,,,,,,,,,,,,,High,High,High,High,Undefined,,,
263,2025-02-01,20:21:02.19,2,2,"Jones, Cole",1000362652,Right,SOU_UNI,"Boston, Trotter",1000269934,Left,HOP_INT,Undefined,7,Top,1,0,1,Fastball,Sinker,StrikeCalled,Undefined,Undefined,Undefined,0,0,,90.99416,-2.562521,-3.327584,2379.406709,227.572846,1:30,6.47612,1.26909,6.43042,-15.70784,17.72032,18.1106,2.80641,-0.28346,82.4861,-5.598596,-0.049328,0.416129,,,,,,,,,,,,-10.43197,10.36508,-1.03955,50,6.28602,6.93047,-131.90157,-6.3119,-18.21495,30.38476,-14.07591,SOU_UNI,HOP_INT,TedABroerStadium,NAIA,NAIA,20250201-TedABroerStadium-1,f77b2910-e103-11ef-bd34-fd2878f67622,90.57881,,,8.50805,,,,,,,78924947-b10b-4e7a-a348-8922e5fd05be,2025-02-02,01:21:02.19,2025-02-01T20:21:02.1977088-05:00,2025-02-02T01:21:02.1977088Z,,v3,,,,"McMullen, Brock",823662,Right,SOU_UNI,81f85b10-8f03-4d8f-9767-59259f6985ba,54.06765,-132.83528,15.19238,6.47334,-5.87935,-7.03796,-1.26112,7.49021,-9.10748,,,,,,,,,,,,,,,,,,,,,,,,,,,,,,,,,,,,,,,,,,,,,,,,,,,High,High,High,,,,,
264,2025-02-01,20:21:18.28,2,3,"Jones, Cole",1000362652,Right,SOU_UNI,"Boston, Trotter",1000269934,Left,HOP_INT,Undefined,7,Top,1,0,2,Fastball,Sinker,StrikeSwinging,Strikeout,Undefined,Undefined,0,0,,90.98596,-2.854339,-2.166,2316.608525,223.396548,1:30,6.42447,1.54848,6.23119,-15.62784,18.05017,15.95198,2.48479,0.87859,82.4966,-5.862008,0.714485,0.417681,,,,,,,,,,,,-8.88871,10.5613,-1.39417,50,6.20323,4.31842,-131.91579,-6.99462,-15.51392,30.55337,-13.74085,SOU_UNI,HOP_INT,TedABroerStadium,NAIA,NAIA,20250201-TedABroerStadium-1,010db8d0-e104-11ef-bd34-fd2878f67622,90.24217,,,8.48937,,,,,,,78924947-b10b-4e7a-a348-8922e5fd05be,2025-02-02,01:21:18.28,2025-02-01T20:21:18.2810000-05:00,2025-02-02T01:21:18.2810000Z,,v3,,,,"McMullen, Brock",823662,Right,SOU_UNI,0a956f94-84e2-49f4-af88-417b4b4c02f7,54.26609,-132.90019,15.27669,6.42146,-6.5519,-6.87042,-1.54136,4.81826,-7.75696,,,,,,,,,,,,,,,,,,,,,,,,,,,,,58.98767,,,1.113721,,,,-0.2933,5.69973,1.17463,65.68303,3.47838,59.09555,-0.23698,65.99939,-6.15979,5.72023,12.54889,-13.09368,1.18248,53.50092,-1.35451,High,High,High,,,High,High,High
265,2025-02-01,20:21:40.86,3,1,"Jones, Cole",1000362652,Right,SOU_UNI,"Harvey, Kyle",1000121326,Right,HOP_INT,Undefined,7,Top,2,0,0,Slider,Slider,StrikeCalled,Undefined,Undefined,Undefined,0,0,,78.94504,-0.737104,-0.215074,2358.142513,89.246191,9:00,6.41406,1.17495,6.04787,-43.44266,1.3048,-11.47095,2.11142,0.01993,72.40671,-8.750078,-2.284481,0.481455,,,,,,,,,,,,5.83339,1.35327,-1.15224,50,6.33364,0.85304,-114.69706,-2.81492,7.71948,22.52149,-30.38324,SOU_UNI,HOP_INT,TedABroerStadium,NAIA,NAIA,20250201-TedABroerStadium-1,0e8c76e0-e104-11ef-bd34-fd2878f67622,78.28858,,,6.53833,,,,,,,78924947-b10b-4e7a-a348-8922e5fd05be,2025-02-02,01:21:40.86,2025-02-01T20:21:40.8653824-05:00,2025-02-02T01:21:40.8653824Z,,v3,,,,"McMullen, Brock",823662,Right,SOU_UNI,464c4404-6043-4100-b0ac-a9abed7b70d8,54.45092,-115.56773,11.26075,6.41975,-1.64033,-15.19162,-1.17945,0.55461,3.85974,,,,,,,,,,,,,,,,,,,,,,,,,,,,,,,,,,,,,,,,,,,,,,,,,,,High,High,High,,,,,
266,2025-02-01,20:21:50.86,3,2,"Jones, Cole",1000362652,Right,SOU_UNI,"Harvey, Kyle",1000121326,Right,HOP_INT,Undefined,7,Top,2,0,1,Slider,,BallCalled,Undefined,Undefined,Undefined,0,0,,79.21546,-1.188227,-0.37141,2347.698057,,,6.56143,1.29289,6.01138,,,,2.1784,-0.07756,72.14864,-8.483875,-2.59087,0.481826,,,,,,,,,,,,6.18713,3.66126,-1.25729,50,6.44707,1.20866,-114.96613,-3.58599,8.17201,23.92578,-27.33823,SOU_UNI,HOP_INT,TedABroerStadium,NAIA,NAIA,20250201-TedABroerStadium-1,1481e2b0-e104-11ef-bd34-fd2878f67622,78.22826,,,7.06682,,,,,,,78924947-b10b-4e7a-a348-8922e5fd05be,2025-02-02,01:21:50.86,2025-02-01T20:21:50.8653568-05:00,2025-02-02T01:21:50.8653568Z,,v3,,,,"McMullen, Brock",823662,Right,SOU_UNI,9ff6c78e-89fe-4258-ba35-2104857f82aa,54.48543,-115.89584,11.96289,6.56578,-2.52368,-13.66912,-1.29808,0.89111,4.086,,,,,,,,,,,,,,,,,,,,,,,,,,,,,,,,,,,,,,,,,,,,,,,,,,,Low,Low,Low,,,,,
267,2025-02-01,20:22:13.12,3,3,"Jones, Cole",1000362652,Right,SOU_UNI,"Harvey, Kyle",1000121326,Right,HOP_INT,Undefined,7,Top,2,1,1,Fastball,Four-Seam,BallCalled,Undefined,Undefined,Undefined,0,0,,91.13312,-3.855114,-0.830815,2342.089896,206.590527,1:00,6.37393,1.20203,6.14623,-11.02001,23.03037,10.87264,1.88755,1.34032,81.82553,-6.046904,1.129714,0.419984,,,,,,,,,,,,-5.89685,13.57292,-1.14427,50,6.07441,1.45258,-131.92154,-9.11004,-10.18154,33.3595,-8.73895,SOU_UNI,HOP_INT,TedABroerStadium,NAIA,NAIA,20250201-TedABroerStadium-1,21c2d470-e104-11ef-bd34-fd2878f67622,89.74739,,,9.30759,,,,,,,78924947-b10b-4e7a-a348-8922e5fd05be,2025-02-02,01:22:13.12,2025-02-01T20:22:13.1202048-05:00,2025-02-02T01:22:13.1202048Z,,v3,,,,"McMullen, Brock",823662,Right,SOU_UNI,4f432d91-08bd-47aa-841b-1b05ab2a5ed7,54.35008,-133.01701,16.67975,6.36886,-8.82306,-4.36948,-1.19746,1.78693,-5.09077,,,,,,,,,,,,,,,,,,,,,,,,,,,,,,,,,,,,,,,,,,,,,,,,,,,High,High,High,,,,,
268,2025-02-01,20:22:26.21,3,4,"Jones, Cole",1000362652,Right,SOU_UNI,"Harvey, Kyle",1000121326,Right,HOP_INT,Undefined,7,Top,2,2,1,Slider,Curveball,BallCalled,Undefined,Undefined,Undefined,0,0,,76.63364,-2.000918,-2.468098,2183.437678,112.706165,9:45,6.39053,1.10085,6.0254,-42.45203,5.56359,-9.29926,0.99723,-1.96133,70.04306,-9.821818,-4.141977,0.498727,,,,,,,,,,,,3.98394,4.03134,-0.90286,50,6.21123,5.12289,-111.06609,-5.1341,4.90822,22.43614,-27.20745,SOU_UNI,HOP_INT,TedABroerStadium,NAIA,NAIA,20250201-TedABroerStadium-1,299fec00-e104-11ef-bd34-fd2878f67622,75.57736,,,6.59058,,,,,,,78924947-b10b-4e7a-a348-8922e5fd05be,2025-02-02,01:22:26.21,2025-02-01T20:22:26.2149632-05:00,2025-02-02T01:22:26.2149632Z,,v3,,,,"McMullen, Brock",823662,Right,SOU_UNI,e56f9b92-769d-44be-9546-532647011505,54.47116,-111.96565,11.21807,6.39521,-4.04324,-13.60373,-1.10431,4.9261,2.45411,,,,,,,,,,,,,,,,,,,,,,,,,,,,,,,,,,,,,,,,,,,,,,,,,,,High,High,High,,,,,
269,2025-02-01,20:22:44.43,3,5,"Jones, Cole",1000362652,Right,SOU_UNI,"Harvey, Kyle",1000121326,Right,HOP_INT,Undefined,7,Top,2,3,1,Fastball,Four-Seam,BallCalled,Walk,Undefined,Undefined,0,0,,92.08184,-5.537236,-3.380089,2343.220326,216.963558,1:15,6.34389,0.99558,6.50444,-12.24568,20.56178,14.58339,0.21664,-0.89495,83.55101,-7.92955,-0.737602,0.412247,,,,,,,,,,,,-8.73213,12.85906,-0.76538,50,5.94973,7.28182,-133.01212,-13.19059,-15.48648,31.20884,-9.36848,SOU_UNI,HOP_INT,TedABroerStadium,NAIA,NAIA,20250201-TedABroerStadium-1,3466dd10-e104-11ef-bd34-fd2878f67622,91.43166,,,8.53083,,,,,,,78924947-b10b-4e7a-a348-8922e5fd05be,2025-02-02,01:22:44.43,2025-02-01T20:22:44.4339200-05:00,2025-02-02T01:22:44.4339200Z,,v3,,,,"McMullen, Brock",823662,Right,SOU_UNI,3a849a38-c27e-47ae-8536-35c28bfd8def,53.99493,-133.94618,15.60442,6.34032,-12.9102,-4.68424,-0.99026,7.74532,-7.74324,,,,,,,,,,,,,,,,,,,,,,,,,,,,,,,,,,,,,,,,,,,,,,,,,,,High,High,High,,,,,
270,2025-02-01,20:23:26.05,4,1,"Jones, Cole",1000362652,Right,SOU_UNI,"Morales, Manny",1000299036,Right,HOP_INT,Undefined,7,Top,2,0,0,Fastball,Four-Seam,BallCalled,Undefined,Undefined,Undefined,0,0,,89.8624,-2.60186,-4.417721,2300.806874,221.058058,1:15,6.43714,1.03311,6.42279,-14.57272,19.91458,16.25658,2.8223,-1.68107,81.11324,-5.447893,-1.482401,0.422669,,,,,,,,,,,,-9.80741,11.54304,-0.72419,50,6.24403,9.38178,-130.02914,-6.26101,-16.59058,30.3013,-12.64737,SOU_UNI,HOP_INT,TedABroerStadium,NAIA,NAIA,20250201-TedABroerStadium-1,4d3f7d60-e104-11ef-bd34-fd2878f67622,89.17711,,,8.74916,,,,,,,78924947-b10b-4e7a-a348-8922e5fd05be,2025-02-02,01:23:26.05,2025-02-01T20:23:26.0560896-05:00,2025-02-02T01:23:26.0560896Z,,v3,,,,"McMullen, Brock",823662,Right,SOU_UNI,d2ccb467-39ee-475c-bce4-2d1939da1dd4,54.07401,-130.97509,15.15065,6.43332,-5.86619,-6.32368,-1.02516,9.8997,-8.29529,,,,,,,,,,,,,,,,,,,,,,,,,,,,,,,,,,,,,,,,,,,,,,,,,,,High,High,High,,,,,
271,2025-02-01,20:24:08.51,4,2,"Jones, Cole",1000362652,Right,SOU_UNI,"Morales, Manny",1000299036,Right,HOP_INT,Undefined,7,Top,2,1,0,Fastball,Four-Seam,StrikeSwinging,Undefined,Undefined,Undefined,0,0,,89.04877,-1.509984,-2.098047,2226.335215,220.952337,1:15,6.46898,1.16517,6.07557,-14.30331,21.33985,17.35336,3.87863,0.66914,79.86547,-4.313561,1.025522,0.429694,,,,,,,,,,,,-9.55343,11.83438,-1.01147,50,6.34438,3.98245,-129.05548,-3.73717,-15.80531,31.62705,-12.59507,SOU_UNI,HOP_INT,TedABroerStadium,NAIA,NAIA,20250201-TedABroerStadium-1,66866fe0-e104-11ef-bd34-fd2878f67622,87.7192,,,9.18331,,,,,,,78924947-b10b-4e7a-a348-8922e5fd05be,2025-02-02,01:24:08.51,2025-02-01T20:24:08.5106688-05:00,2025-02-02T01:24:08.5106688Z,,v3,,,,"McMullen, Brock",823662,Right,SOU_UNI,99966683-8f3d-4082-831b-69b2a4d8edb9,54.41958,-130.13406,15.81353,6.4645,-3.30764,-6.29753,-1.15648,4.52146,-7.90266,,,,,,,,,,,,,,,,,,,,,,,,,,,,,,,,,,,,,,,,,,,,,,,,,,,High,High,High,,,,,
272,2025-02-01,20:24:26.47,4,3,"Jones, Cole",1000362652,Right,SOU_UNI,"Morales, Manny",1000299036,Right,HOP_INT,Undefined,7,Top,2,1,1,Fastball,Four-Seam,BallCalled,Undefined,Undefined,Undefined,0,0,,89.47224,-4.875994,-4.548072,2342.66298,214.231097,1:15,6.45468,1.07463,6.45856,-12.11792,22.79651,14.63068,0.94078,-1.89276,80.89137,-7.270223,-1.906047,0.425279,,,,,,,,,,,,-9.00812,13.77465,-0.75841,50,6.10233,9.68071,-129.11795,-11.2804,-15.03473,29.72854,-9.18382,SOU_UNI,HOP_INT,TedABroerStadium,NAIA,NAIA,20250201-TedABroerStadium-1,71441220-e104-11ef-bd34-fd2878f67622,88.62995,,,8.58087,,,,,,,78924947-b10b-4e7a-a348-8922e5fd05be,2025-02-02,01:24:26.47,2025-02-01T20:24:26.4795136-05:00,2025-02-02T01:24:26.4795136Z,,v3,,,,"McMullen, Brock",823662,Right,SOU_UNI,eaca7c22-ddda-4724-a493-1cc2f0acb718,54.03821,-130.04439,14.86427,6.44941,-10.9942,-4.59191,-1.06739,10.14924,-7.51737,,,,,,,,,,,,,,,,,,,,,,,,,,,,,,,,,,,,,,,,,,,,,,,,,,,High,High,High,,,,,
273,2025-02-01,20:24:46.69,4,4,"Jones, Cole",1000362652,Right,SOU_UNI,"Morales, Manny",1000299036,Right,HOP_INT,Undefined,7,Top,2,2,1,Fastball,Sinker,StrikeCalled,Undefined,Undefined,Undefined,0,0,,89.46173,-3.524908,-3.516828,2341.274281,225.191385,1:30,6.4668,1.16938,6.56827,-16.13383,18.36997,17.25875,1.88093,-0.62024,81.1135,-6.645356,-0.385157,0.422771,,,,,,,,,,,,-10.09882,11.0741,-0.93376,50,6.21657,7.2828,-129.55276,-8.38336,-16.99436,29.55431,-13.53851,SOU_UNI,HOP_INT,TedABroerStadium,NAIA,NAIA,20250201-TedABroerStadium-1,7d4e58a0-e104-11ef-bd34-fd2878f67622,89.15575,,,8.34823,,,,,,,78924947-b10b-4e7a-a348-8922e5fd05be,2025-02-02,01:24:46.69,2025-02-01T20:24:46.6996736-05:00,2025-02-02T01:24:46.6996736Z,,v3,,,,"McMullen, Brock",823662,Right,SOU_UNI,403606d1-eb28-48fc-8ebf-8857c3473325,53.92948,-130.44609,14.77716,6.46379,-7.97413,-6.76925,-1.16166,7.79649,-8.49718,,,,,,,,,,,,,,,,,,,,,,,,,,,,,,,,,,,,,,,,,,,,,,,,,,,High,High,High,,,,,
274,2025-02-01,20:25:03.96,4,5,"Jones, Cole",1000362652,Right,SOU_UNI,"Morales, Manny",1000299036,Right,HOP_INT,Undefined,7,Top,2,2,2,Slider,Slider,BallCalled,Undefined,Undefined,Undefined,0,0,,76.4758,-0.800514,-1.54496,2248.323921,92.026517,9:00,6.52153,1.14918,6.12612,-45.65282,2.1298,-14.99064,1.97682,-1.52853,70.03921,-9.226396,-4.250283,0.497515,,,,,,,,,,,,7.2393,1.8652,-1.02365,50,6.43708,3.52691,-111.038,-2.89325,8.93605,21.97888,-29.87169,SOU_UNI,HOP_INT,TedABroerStadium,NAIA,NAIA,20250201-TedABroerStadium-1,87a83000-e104-11ef-bd34-fd2878f67622,75.76136,,,6.43658,,,,,,,78924947-b10b-4e7a-a348-8922e5fd05be,2025-02-02,01:25:03.96,2025-02-01T20:25:03.9644160-05:00,2025-02-02T01:25:03.9644160Z,,v3,,,,"McMullen, Brock",823662,Right,SOU_UNI,deb74426-3ea4-4fd2-ab99-8da446405dca,54.37219,-111.90008,10.98944,6.52759,-1.72158,-14.93585,-1.15511,3.1764,4.46803,,,,,,,,,,,,,,,,,,,,,,,,,,,,,,,,,,,,,,,,,,,,,,,,,,,High,High,High,,,,,
275,2025-02-01,20:25:23.98,4,6,"Jones, Cole",1000362652,Right,SOU_UNI,"Morales, Manny",1000299036,Right,HOP_INT,Undefined,7,Top,2,3,2,Fastball,Four-Seam,FoulBallNotFieldable,Undefined,Undefined,Undefined,0,0,,88.98008,-2.176063,-2.380492,2334.550123,209.057696,1:00,6.4454,1.14543,6.53998,-14.50981,20.28966,10.59512,3.23775,-0.15621,80.56263,-5.012826,-0.457355,0.424578,,,,,,,,,,,,-6.29335,11.67497,-0.9847,50,6.28801,4.95564,-129.10899,-5.23523,-10.50752,29.60182,-12.68124,SOU_UNI,HOP_INT,TedABroerStadium,NAIA,NAIA,20250201-TedABroerStadium-1,938bb4a0-e104-11ef-bd34-fd2878f67622,88.77622,,,8.41745,,,,,,,78924947-b10b-4e7a-a348-8922e5fd05be,2025-02-02,01:25:23.98,2025-02-01T20:25:23.9809024-05:00,2025-02-02T01:25:23.9809024Z,,v3,,,,"McMullen, Brock",823662,Right,SOU_UNI,d5952913-2152-41ac-be74-a38e42634c2c,53.95751,-130.0132,14.80091,6.442,-4.84788,-6.34062,-1.14097,5.27659,-5.25376,,,,,,,,,,,,,,,,,,,,,,,,,,,,,,,,,,,,,,,,,,,,,,,,,,,High,High,High,,,,,
276,2025-02-01,20:25:45.86,4,7,"Jones, Cole",1000362652,Right,SOU_UNI,"Morales, Manny",1000299036,Right,HOP_INT,Undefined,7,Top,2,3,2,Fastball,Four-Seam,StrikeCalled,Strikeout,Undefined,Undefined,0,0,,87.98584,-3.86597,-2.995034,2310.396452,196.718988,12:30,6.45386,1.02548,6.76372,-9.72713,26.11001,7.41764,2.10241,-1.09414,78.76544,-5.869853,-1.644856,0.430862,,,,,,,,,,,,-4.91437,15.47013,-0.83187,50,6.19579,6.37263,-127.28767,-8.70334,-7.8814,31.60417,-7.36391,SOU_UNI,HOP_INT,TedABroerStadium,NAIA,NAIA,20250201-TedABroerStadium-1,a09542b0-e104-11ef-bd34-fd2878f67622,87.48146,,,9.2204,,,,,,,78924947-b10b-4e7a-a348-8922e5fd05be,2025-02-02,01:25:45.86,2025-02-01T20:25:45.8646016-05:00,2025-02-02T01:25:45.8646016Z,,v3,,,,"McMullen, Brock",823662,Right,SOU_UNI,40a09128-93c4-449a-a671-8a2d8fb35d2e,53.73059,-128.21059,15.80208,6.44681,-8.48829,-3.68196,-1.02133,6.60278,-3.9407,,,,,,,,,,,,,,,,,,,,,,,,,,,,,,,,,,,,,,,,,,,,,,,,,,,High,High,High,,,,,
277,2025-02-01,20:28:07.83,1,1,"Wallin, Luke",1000118251,Right,HOP_INT,"Kaelber, Sean",1000218543,Right,SOU_UNI,Undefined,7,Bottom,0,0,0,Fastball,Four-Seam,StrikeCalled,Undefined,Undefined,Undefined,0,0,,86.66347,-2.926586,-3.569143,2178.702813,218.048629,1:15,6.15695,1.39712,5.3843,-16.47973,22.37907,16.32324,2.03271,-0.59245,77.64635,-6.095174,-0.673878,0.448659,,,,,,,,,,,,-9.37819,12.63544,-1.08958,50,5.88375,7.08062,-125.15579,-6.87351,-14.57986,29.93688,-12.53028,SOU_UNI,HOP_INT,TedABroerStadium,NAIA,NAIA,20250201-TedABroerStadium-1,f53ae090-e104-11ef-bd34-fd2878f67622,84.01136,,,9.01712,,,,,,,78924947-b10b-4e7a-a348-8922e5fd05be,2025-02-02,01:28:07.83,2025-02-01T20:28:07.8300672-05:00,2025-02-02T01:28:07.8300672Z,,v3,,,,"Chavez, Josiah ",701638,Right,HOP_INT,6a50069b-1962-442c-bc98-da058b215bc7,55.11139,-126.3725,14.96844,6.15276,-6.36425,-6.26514,-1.3894,7.67319,-7.28993,,,,,,,,,,,,,,,,,,,,,,,,,,,,,,,,,,,,,,,,,,,,,,,,,,,High,High,High,,,,,
278,2025-02-01,20:28:22.52,1,2,"Wallin, Luke",1000118251,Right,HOP_INT,"Kaelber, Sean",1000218543,Right,SOU_UNI,Undefined,7,Bottom,0,0,1,Fastball,Four-Seam,HitByPitch,Undefined,Undefined,Undefined,0,0,,86.43413,-0.790043,-1.909427,2184.992051,228.734247,1:30,6.14845,1.34112,5.36723,-19.66241,19.24938,20.24722,3.76868,1.23737,77.40919,-4.532692,1.687931,0.448965,,,,,,,,,,,,-10.9493,10.38434,-1.18525,50,6.06448,3.30279,-125.18648,-2.33743,-16.99664,30.41116,-16.0544,SOU_UNI,HOP_INT,TedABroerStadium,NAIA,NAIA,20250201-TedABroerStadium-1,fdf2c7c0-e104-11ef-bd34-fd2878f67622,83.95414,,,9.02494,,,,,,,78924947-b10b-4e7a-a348-8922e5fd05be,2025-02-02,01:28:22.52,2025-02-01T20:28:22.5209344-05:00,2025-02-02T01:28:22.5209344Z,,v3,,,,"Chavez, Josiah ",701638,Right,HOP_INT,1ed37428-d33e-47a1-9298-ffed328f3359,55.13127,-126.42686,15.20558,6.14646,-1.68262,-8.0272,-1.3341,3.99603,-8.49832,,,,,,,,,,,,,,,,,,,,,,,,,,,,,,,,,,,,,,,,,,,,,,,,,,,High,High,High,,,,,
279,2025-02-01,20:29:21.71,2,1,"Wallin, Luke",1000118251,Right,HOP_INT,"White, Myles",809319,Left,SOU_UNI,Undefined,7,Bottom,0,0,0,Fastball,Four-Seam,InPlay,Undefined,FlyBall,Double,0,0,,86.14453,-2.563386,-1.987948,2077.013367,216.523795,1:15,6.05814,1.64614,5.32376,-16.78883,22.80174,15.68477,2.25054,1.08697,76.69234,-5.802995,0.796298,0.452863,84.06853,22.885768,-10.368853,2118.63765,107.00714,38.3673,-25.48444,283.8066,283.8066,-17.966504,3.681189,-8.56311,12.78485,-1.47807,50,5.81488,3.6211,-124.48792,-6.04426,-13.06641,31.42375,-12.66568,SOU_UNI,HOP_INT,TedABroerStadium,NAIA,NAIA,20250201-TedABroerStadium-1,213f0900-e105-11ef-bd34-fd2878f67622,83.23136,43.83536,,9.45218,,,,1.29995,2.22846,-1.10061,78924947-b10b-4e7a-a348-8922e5fd05be,2025-02-02,01:29:21.71,2025-02-01T20:29:21.7130496-05:00,2025-02-02T01:29:21.7130496Z,LineDrive,v3,,,,"Chavez, Josiah ",701638,Right,HOP_INT,255cf0fb-d89d-419e-98b8-4d64cf4b9c5b,55.17082,-125.78639,15.71188,6.05382,-5.5209,-6.33284,-1.63886,4.16102,-6.5332,153.585563,1.29985,111.74006,-19.65259,4.30889,-0.78104,0.10266,-0.00571,-0.00086,0.00014,2.22855,47.95284,-14.59165,0.6953,-0.3054,0.15424,-0.04882,0.00865,-0.00064,-1.10062,-20.44485,-1.36389,0.25241,-0.05618,0.01501,-0.00318,0.00035,-1E-05,,,,,,,,,,,,,,,,,,,,,,,High,High,High,High,High,,,
280,2025-02-01,20:30:02.56,3,1,"Wallin, Luke",1000118251,Right,HOP_INT,"Gumieny, Jacob",1000124971,Right,SOU_UNI,Undefined,7,Bottom,0,0,0,Slider,Slider,StrikeSwinging,Undefined,Undefined,Undefined,0,0,,80.75538,-1.790375,-2.416444,1974.614596,176.76212,12:00,5.98521,1.44772,5.33034,-30.77069,13.45154,-0.67433,1.73907,-0.87712,73.51948,-7.467024,-2.536144,0.478621,,,,,,,,,,,,-0.39622,7.73823,-1.22878,50,5.80153,4.96292,-116.9559,-4.66431,-0.54381,23.93221,-21.55328,SOU_UNI,HOP_INT,TedABroerStadium,NAIA,NAIA,20250201-TedABroerStadium-1,39a3b1d0-e105-11ef-bd34-fd2878f67622,78.75216,,,7.23589,,,,,,,78924947-b10b-4e7a-a348-8922e5fd05be,2025-02-02,01:30:02.56,2025-02-01T20:30:02.5694208-05:00,2025-02-02T01:30:02.5694208Z,,v3,,,,"Chavez, Josiah ",701638,Right,HOP_INT,852e5789-309e-49ab-ba25-aa967c5fb31d,55.16666,-118.00839,11.96611,5.98581,-3.71644,-10.77664,-1.44756,4.98684,-0.2719,,,,,,,,,,,,,,,,,,,,,,,,,,,,,,,,,,,,,,,,,,,,,,,,,,,High,High,High,,,,,
281,2025-02-01,20:30:21.57,3,2,"Wallin, Luke",1000118251,Right,HOP_INT,"Gumieny, Jacob",1000124971,Right,SOU_UNI,Undefined,7,Bottom,0,0,1,Slider,Slider,InPlay,Undefined,GroundBall,Single,1,1,,80.96502,-1.938521,-1.293295,2012.829612,205.539345,12:45,6.00158,1.20414,5.44452,-34.61214,9.43827,3.73925,1.30106,0.30464,73.33859,-8.318744,-0.626747,0.47769,85.68854,2.005088,-5.554334,1965.269943,,,,47.22655,43.36308,-5.914321,0.378182,-2.30937,5.84366,-1.09254,50,5.80671,2.49588,-117.26645,-5.11288,-3.16319,25.55524,-24.16981,SOU_UNI,HOP_INT,TedABroerStadium,NAIA,NAIA,20250201-TedABroerStadium-1,44f46c50-e105-11ef-bd34-fd2878f67622,78.9056,1.54512,,7.62643,,,,1.54068,1.31973,-0.28705,78924947-b10b-4e7a-a348-8922e5fd05be,2025-02-02,01:30:21.57,2025-02-01T20:30:21.5782400-05:00,2025-02-02T01:30:21.5782400Z,GroundBall,v3,,,,"Chavez, Josiah ",701638,Right,HOP_INT,ce41ee20-111c-42e7-9739-4c9ac839bb34,55.05185,-118.36225,12.77762,6.00372,-4.07649,-12.08491,-1.20247,2.63151,-1.58159,13.358029,1.5436,124.90682,-12.64699,,,,,,,1.32474,4.22069,-20.45801,,,,,,,-0.28677,-12.16672,0.15003,,,,,,,,,,,,,,,,,,,,,,,,,,,,,High,High,High,High,High,,,
282,2025-02-01,20:31:02.23,4,1,"Wallin, Luke",1000118251,Right,HOP_INT,"Hinrikus, Tyler",1000098761,Right,SOU_UNI,Undefined,7,Bottom,1,0,0,Fastball,Four-Seam,BallCalled,Undefined,Undefined,Undefined,0,0,,86.21211,0.018828,-2.296979,2161.105301,222.820443,1:30,6.0847,1.45655,5.49255,-16.00387,23.06793,19.96399,4.76866,0.97035,76.80842,-3.098785,1.256323,0.449887,,,,,,,,,,,,-10.72776,11.97627,-1.26886,50,6.07606,4.10411,-124.75763,-0.36789,-16.51073,30.591,-13.74181,SOU_UNI,HOP_INT,TedABroerStadium,NAIA,NAIA,20250201-TedABroerStadium-1,5d2a8b10-e105-11ef-bd34-fd2878f67622,83.78207,,,9.40369,,,,,,,78924947-b10b-4e7a-a348-8922e5fd05be,2025-02-02,01:31:02.23,2025-02-01T20:31:02.2367744-05:00,2025-02-02T01:31:02.2367744Z,,v3,,,,"Chavez, Josiah ",701638,Right,HOP_INT,a3f62f20-c6c6-44b5-b4cf-db70d291f925,55.00098,-125.97792,15.2955,6.0798,0.18027,-6.87091,-1.44571,4.76274,-8.25537,,,,,,,,,,,,,,,,,,,,,,,,,,,,,,,,,,,,,,,,,,,,,,,,,,,High,High,High,,,,,
283,2025-02-01,20:31:17.74,4,2,"Wallin, Luke",1000118251,Right,HOP_INT,"Hinrikus, Tyler",1000098761,Right,SOU_UNI,Undefined,7,Bottom,1,1,0,Slider,Slider,BallCalled,Undefined,Undefined,Undefined,0,0,,80.02197,-1.534706,-2.270386,1993.772426,123.433977,10:00,6.00196,1.32149,5.40388,-41.34278,3.8187,-3.33169,1.11724,-1.08462,72.72016,-9.090013,-2.863452,0.483677,,,,,,,,,,,,0.94677,2.86205,-1.11674,50,5.83636,4.72747,-115.88749,-4.50385,1.26688,24.89871,-28.34433,SOU_UNI,HOP_INT,TedABroerStadium,NAIA,NAIA,20250201-TedABroerStadium-1,66708170-e105-11ef-bd34-fd2878f67622,77.92895,,,7.3018,,,,,,,78924947-b10b-4e7a-a348-8922e5fd05be,2025-02-02,01:31:17.74,2025-02-01T20:31:17.7417216-05:00,2025-02-02T01:31:17.7417216Z,,v3,,,,"Chavez, Josiah ",701638,Right,HOP_INT,be60e335-b3cf-4a19-9011-7677e0f50349,55.09367,-116.97676,12.44936,6.00627,-3.26384,-14.17217,-1.32235,4.67204,0.63344,,,,,,,,,,,,,,,,,,,,,,,,,,,,,,,,,,,,,,,,,,,,,,,,,,,High,High,High,,,,,
284,2025-02-01,20:31:35.82,4,3,"Wallin, Luke",1000118251,Right,HOP_INT,"Hinrikus, Tyler",1000098761,Right,SOU_UNI,Undefined,7,Bottom,1,2,0,Fastball,Four-Seam,StrikeCalled,Undefined,Undefined,Undefined,0,0,,87.35379,-3.38671,-3.580759,2125.920935,215.385285,1:15,6.06697,1.37904,5.51463,-12.54453,25.54037,17.07434,1.8449,-0.55071,78.21118,-5.862324,-0.545718,0.444168,,,,,,,,,,,,-9.75134,14.39383,-1.07828,50,5.76315,7.12864,-126.12121,-7.75775,-15.39965,30.32411,-9.4428,SOU_UNI,HOP_INT,TedABroerStadium,NAIA,NAIA,20250201-TedABroerStadium-1,713353d0-e105-11ef-bd34-fd2878f67622,84.86069,,,9.1426,,,,,,,78924947-b10b-4e7a-a348-8922e5fd05be,2025-02-02,01:31:35.82,2025-02-01T20:31:35.8272512-05:00,2025-02-02T01:31:35.8272512Z,,v3,,,,"Chavez, Josiah ",701638,Right,HOP_INT,8160659f-7c31-4de1-bb59-fa0014de63ee,54.98051,-127.31307,15.16205,6.06077,-7.3866,-4.7214,-1.37036,7.73391,-7.69982,,,,,,,,,,,,,,,,,,,,,,,,,,,,,,,,,,,,,,,,,,,,,,,,,,,High,High,High,,,,,
285,2025-02-01,20:31:53.11,4,4,"Wallin, Luke",1000118251,Right,HOP_INT,"Hinrikus, Tyler",1000098761,Right,SOU_UNI,Undefined,7,Bottom,1,2,1,Fastball,Four-Seam,FoulBallNotFieldable,Undefined,Undefined,Undefined,0,0,,87.32628,-3.707139,-2.748717,2137.567403,216.126425,1:15,6.13392,1.25181,5.63071,-14.29213,23.59135,16.1415,1.47518,0.03031,78.36663,-6.486924,0.130799,0.442992,106.44672,-23.199299,-80.261373,,,,,5.22351,5.22351,-46.853689,0.026723,-9.15083,13.64843,-1.02855,50,5.80917,5.36983,-126.2042,-8.55156,-14.46403,30.46659,-10.60105,SOU_UNI,HOP_INT,TedABroerStadium,NAIA,NAIA,20250201-TedABroerStadium-1,7b7cb070-e105-11ef-bd34-fd2878f67622,85.08597,1.64513,,8.95964,,,,2.92287,1.64513,-0.02794,78924947-b10b-4e7a-a348-8922e5fd05be,2025-02-02,01:31:53.11,2025-02-01T20:31:53.1100672-05:00,2025-02-02T01:31:53.1100672Z,GroundBall,v3,,,,"Chavez, Josiah ",701638,Right,HOP_INT,930855ec-2fff-42e5-9fbc-81410bc018ab,54.86661,-127.37362,15.2333,6.1296,-8.14465,-5.30053,-1.24532,5.92501,-7.23201,,2.92277,24.29717,,,,,,,,1.64539,-61.56187,,,,,,,,-0.02733,-141.56957,,,,,,,,,,,,,,,,,,,,,,,,,,,,,,High,High,High,Estimated,Estimated,,,
286,2025-02-01,20:32:15.17,4,5,"Wallin, Luke",1000118251,Right,HOP_INT,"Hinrikus, Tyler",1000098761,Right,SOU_UNI,Undefined,7,Bottom,1,2,2,ChangeUp,Changeup,BallCalled,Undefined,Undefined,Undefined,0,0,,80.25771,-3.431187,-3.672678,1574.017862,228.379265,1:30,6.15363,1.29939,5.30824,-29.30919,16.12084,16.16584,0.47997,-0.80561,72.42225,-8.861116,-0.805717,0.485113,,,,,,,,,,,,-9.38776,9.71878,-0.97821,50,5.8207,6.78375,-115.85759,-7.88977,-12.51826,25.46984,-19.21434,SOU_UNI,HOP_INT,TedABroerStadium,NAIA,NAIA,20250201-TedABroerStadium-1,88ad2770-e105-11ef-bd34-fd2878f67622,77.69829,,,7.83546,,,,,,,78924947-b10b-4e7a-a348-8922e5fd05be,2025-02-02,01:32:15.17,2025-02-01T20:32:15.1774720-05:00,2025-02-02T01:32:15.1774720Z,,v3,,,,"Chavez, Josiah ",701638,Right,HOP_INT,644ec501-937a-4438-b3b6-2a80cbe7067b,55.18911,-116.99279,12.73492,6.15327,-7.03338,-9.60717,-1.293,7.34169,-6.25913,,,,,,,,,,,,,,,,,,,,,,,,,,,,,,,,,,,,,,,,,,,,,,,,,,,High,High,High,,,,,
287,2025-02-01,20:32:34.23,4,6,"Wallin, Luke",1000118251,Right,HOP_INT,"Hinrikus, Tyler",1000098761,Right,SOU_UNI,Undefined,7,Bottom,1,3,2,Slider,Changeup,BallCalled,Walk,Undefined,Undefined,0,0,,79.42915,-3.531365,-4.891074,1593.804873,241.259505,2:00,6.15499,1.26488,5.49495,-34.10025,12.01867,18.70229,-0.00624,-1.76289,71.89944,-9.811779,-1.567718,0.488777,,,,,,,,,,,,-11.11268,7.71331,-0.84937,50,5.82187,9.07171,-114.54403,-8.17128,-14.50875,24.56913,-22.10351,SOU_UNI,HOP_INT,TedABroerStadium,NAIA,NAIA,20250201-TedABroerStadium-1,94081b20-e105-11ef-bd34-fd2878f67622,77.1158,,,7.52971,,,,,,,78924947-b10b-4e7a-a348-8922e5fd05be,2025-02-02,01:32:34.23,2025-02-01T20:32:34.2326272-05:00,2025-02-02T01:32:34.2326272Z,,v3,,,,"Chavez, Josiah ",701638,Right,HOP_INT,187dcb01-31bf-4834-8d51-11115e9e03dc,55.00324,-115.61221,12.28456,6.15624,-7.21029,-11.05176,-1.25749,9.70251,-7.25438,,,,,,,,,,,,,,,,,,,,,,,,,,,,,,,,,,,,,,,,,,,,,,,,,,,High,High,High,,,,,
288,2025-02-01,20:35:34.92,5,1,"Lane, Jimmy",1000399898,Left,HOP_INT,"McMullen, Brock",823662,Right,SOU_UNI,Undefined,7,Bottom,1,0,0,Curveball,Curveball,StrikeCalled,Undefined,Undefined,Undefined,0,0,,69.37773,3.521552,-0.465137,1809.794911,343.739734,5:30,6.32387,-0.51116,5.36028,-77.13918,-16.2908,5.43618,3.20225,-0.49434,62.44692,-10.521792,0.502811,0.56143,,,,,,,,,,,,-2.86925,-8.62886,0.54898,50,6.5862,0.61667,-100.38189,3.74857,-2.84662,20.43981,-40.73478,SOU_UNI,HOP_INT,TedABroerStadium,NAIA,NAIA,20250201-TedABroerStadium-1,ffcdacd0-e105-11ef-bd34-fd2878f67622,67.13645,,,6.9308,,,,,,,78924947-b10b-4e7a-a348-8922e5fd05be,2025-02-02,01:35:34.92,2025-02-01T20:35:34.9267456-05:00,2025-02-02T01:35:34.9267456Z,,v3,,,,"Chavez, Josiah ",701638,Right,HOP_INT,064ae4f3-3ffd-4fd5-bd6e-a001cb30162d,55.14049,-101.4232,10.2199,6.34237,5.82381,-20.36739,0.51387,0.76169,-1.42331,,,,,,,,,,,,,,,,,,,,,,,,,,,,,,,,,,,,,,,,,,,,,,,,,,,High,High,High,,,,,
289,2025-02-01,20:35:51.27,5,2,"Lane, Jimmy",1000399898,Left,HOP_INT,"McMullen, Brock",823662,Right,SOU_UNI,Undefined,7,Bottom,1,0,1,Fastball,Four-Seam,BallCalled,Undefined,Undefined,Undefined,0,0,,82.66518,-0.160747,-0.541495,2330.946476,191.056025,12:15,6.33676,-0.83362,5.71339,-15.75458,25.93466,4.77559,4.87412,-0.94012,74.43055,-3.237463,0.312509,0.464712,,,,,,,,,,,,-2.57335,13.60009,0.87604,50,6.31371,0.93391,-119.84834,-0.69358,-3.69229,26.08203,-12.66035,SOU_UNI,HOP_INT,TedABroerStadium,NAIA,NAIA,20250201-TedABroerStadium-1,097f3640-e106-11ef-bd34-fd2878f67622,81.10933,,,8.23462,,,,,,,78924947-b10b-4e7a-a348-8922e5fd05be,2025-02-02,01:35:51.27,2025-02-01T20:35:51.2720896-05:00,2025-02-02T01:35:51.2720896Z,,v3,,,,"Chavez, Josiah ",701638,Right,HOP_INT,98863768-5cae-430a-bd93-2aafc3877ab8,54.78007,-120.88413,13.04101,6.33127,-0.1908,-6.33018,0.83604,1.08054,-1.84615,,,,,,,,,,,,,,,,,,,,,,,,,,,,,,,,,,,,,,,,,,,,,,,,,,,High,High,High,,,,,
290,2025-02-01,20:36:09.35,5,3,"Lane, Jimmy",1000399898,Left,HOP_INT,"McMullen, Brock",823662,Right,SOU_UNI,Undefined,7,Bottom,1,1,1,Curveball,Curveball,StrikeCalled,Undefined,Undefined,Undefined,0,0,,67.71764,6.115618,0.037944,1940.980092,358.947225,6:00,5.03719,-0.77662,6.32465,-105.68301,-45.74463,0.87929,1.88381,-0.66841,63.06943,-13.172671,0.198348,0.557216,,,,,,,,,,,,-0.44791,-24.9206,0.77345,50,5.43603,-0.09137,-98.45282,7.64353,-0.43935,15.72537,-56.618,SOU_UNI,HOP_INT,TedABroerStadium,NAIA,NAIA,20250201-TedABroerStadium-1,145590a0-e106-11ef-bd34-fd2878f67622,67.64417,,,4.64821,,,,,,,78924947-b10b-4e7a-a348-8922e5fd05be,2025-02-02,01:36:09.35,2025-02-01T20:36:09.3573632-05:00,2025-02-02T01:36:09.3573632Z,,v3,,,,"Chavez, Josiah ",701638,Right,HOP_INT,74a2f166-c600-4493-abf8-64310e26b9dc,54.19779,-99.12104,7.86269,5.06011,10.04942,-28.309,0.77694,-0.07271,-0.21968,,,,,,,,,,,,,,,,,,,,,,,,,,,,,,,,,,,,,,,,,,,,,,,,,,,Medium,Medium,Medium,,,,,
291,2025-02-01,20:36:27.02,5,4,"Lane, Jimmy",1000399898,Left,HOP_INT,"McMullen, Brock",823662,Right,SOU_UNI,Undefined,7,Bottom,1,1,2,Curveball,Curveball,BallCalled,Undefined,Undefined,Undefined,0,0,,67.93456,4.321836,-2.292178,1637.84258,329.243465,5:00,6.15368,-0.40203,5.52034,-78.96855,-16.06438,10.95016,3.62467,-1.63377,61.32795,-10.083207,-0.340738,0.570836,,,,,,,,,,,,-6.25028,-8.75095,0.59421,50,6.47853,3.54717,-98.23141,5.04618,-5.97414,18.72065,-40.53836,SOU_UNI,HOP_INT,TedABroerStadium,NAIA,NAIA,20250201-TedABroerStadium-1,1ed650f0-e106-11ef-bd34-fd2878f67622,66.03027,,,6.60661,,,,,,,78924947-b10b-4e7a-a348-8922e5fd05be,2025-02-02,01:36:27.02,2025-02-01T20:36:27.0217216-05:00,2025-02-02T01:36:27.0217216Z,,v3,,,,"Chavez, Josiah ",701638,Right,HOP_INT,1ecadc96-87a3-4caa-b972-224ddd5676e4,54.98194,-99.17631,9.36032,6.1722,7.0923,-20.26918,0.40756,3.8487,-2.98707,,,,,,,,,,,,,,,,,,,,,,,,,,,,,,,,,,,,,,,,,,,,,,,,,,,High,High,High,,,,,
292,2025-02-01,20:36:46.92,5,5,"Lane, Jimmy",1000399898,Left,HOP_INT,"McMullen, Brock",823662,Right,SOU_UNI,Undefined,7,Bottom,1,2,2,ChangeUp,Changeup,StrikeSwinging,Strikeout,Undefined,Undefined,0,0,,76.12805,-0.514073,-0.267828,1226.184002,170.176849,11:45,6.21588,-0.46524,5.43601,-34.25376,15.66304,-2.38772,2.87998,-0.91503,68.60436,-6.897574,-0.693003,0.508504,,,,,,,,,,,,1.1189,8.58205,0.49069,50,6.1473,0.60649,-110.29606,-2.01472,1.35153,23.17157,-21.80759,SOU_UNI,HOP_INT,TedABroerStadium,NAIA,NAIA,20250201-TedABroerStadium-1,2aabcbd0-e106-11ef-bd34-fd2878f67622,74.12411,,,7.52369,,,,,,,78924947-b10b-4e7a-a348-8922e5fd05be,2025-02-02,01:36:46.92,2025-02-01T20:36:46.9213696-05:00,2025-02-02T01:36:46.9213696Z,,v3,,,,"Chavez, Josiah ",701638,Right,HOP_INT,cedbb534-1f11-480e-8f08-04ad26fa68c0,55.05974,-111.35397,11.58578,6.21656,-1.01909,-10.90379,0.4644,0.54478,0.67576,,,,,,,,,,,,,,,,,,,,,,,,,,,,,,,,,,,,,,,,,,,,,,,,,,,High,High,High,,,,,
293,2025-02-01,20:37:13.83,6,1,"Lane, Jimmy",1000399898,Left,HOP_INT,"Pennella, JP",825107,Left,SOU_UNI,Undefined,7,Bottom,2,0,0,Curveball,Curveball,StrikeCalled,Undefined,Undefined,Undefined,0,0,,69.51804,2.252967,-0.992118,1809.812533,311.045104,4:15,6.2489,-0.50244,5.31145,-71.82882,-11.45634,15.74528,2.37924,-0.12164,62.96888,-10.80417,1.811296,0.559231,,,,,,,,,,,,-8.17871,-5.78048,0.58069,50,6.40169,1.17129,-100.70397,1.70857,-8.20074,19.94863,-37.97011,SOU_UNI,HOP_INT,TedABroerStadium,NAIA,NAIA,20250201-TedABroerStadium-1,3abaf8c0-e106-11ef-bd34-fd2878f67622,67.40054,,,6.54916,,,,,,,78924947-b10b-4e7a-a348-8922e5fd05be,2025-02-02,01:37:13.83,2025-02-01T20:37:13.8398208-05:00,2025-02-02T01:37:13.8398208Z,,v3,,,,"Chavez, Josiah ",701638,Right,HOP_INT,a1c7953f-66d4-4f73-bd63-870e579e9068,55.18917,-101.72671,9.97432,6.26419,3.65524,-18.98505,0.50986,1.59173,-4.10037,,,,,,,,,,,,,,,,,,,,,,,,,,,,,,,,,,,,,,,,,,,,,,,,,,,High,High,High,,,,,
294,2025-02-01,20:37:30.73,6,2,"Lane, Jimmy",1000399898,Left,HOP_INT,"Pennella, JP",825107,Left,SOU_UNI,Undefined,7,Bottom,2,0,1,Fastball,Four-Seam,BallCalled,Undefined,Undefined,Undefined,0,0,,83.35765,-3.589842,2.470866,2506.566553,190.923821,12:15,6.23112,-0.52623,5.83072,-16.10847,24.72025,4.4928,1.54433,2.14638,75.75349,-6.681141,3.274652,0.45989,,,,,,,,,,,,-1.5376,14.12477,0.32183,50,5.92812,-5.38612,-120.62722,-7.96595,-2.24593,25.36027,-11.54221,SOU_UNI,HOP_INT,TedABroerStadium,NAIA,NAIA,20250201-TedABroerStadium-1,44c96f40-e106-11ef-bd34-fd2878f67622,81.95962,,,7.60416,,,,,,,78924947-b10b-4e7a-a348-8922e5fd05be,2025-02-02,01:37:30.73,2025-02-01T20:37:30.7360256-05:00,2025-02-02T01:37:30.7360256Z,,v3,,,,"Chavez, Josiah ",701638,Right,HOP_INT,e6c0480b-5fb7-48b3-a7a8-6a6239c1398b,54.66512,-121.60404,12.68013,6.22639,-7.52137,-5.7711,0.52763,-5.29961,-1.12297,,,,,,,,,,,,,,,,,,,,,,,,,,,,,,,,,,,,,,,,,,,,,,,,,,,High,High,High,,,,,
295,2025-02-01,20:37:51.36,6,3,"Lane, Jimmy",1000399898,Left,HOP_INT,"Pennella, JP",825107,Left,SOU_UNI,Undefined,7,Bottom,2,1,1,Curveball,Curveball,FoulBallNotFieldable,Undefined,Undefined,Undefined,0,0,,69.05744,3.860553,-0.380275,1713.954602,344.176724,5:30,6.17157,-0.27013,5.34404,-79.87363,-18.36036,5.87713,3.14238,-0.13709,62.12808,-10.667671,0.665691,0.564489,83.80627,-7.021772,-45.063704,,,,,21.95509,19.49576,-45.37135,0.181587,-3.05937,-9.79556,0.30007,50,6.4631,0.44956,-99.89451,4.2271,-3.00372,20.34281,-41.79146,SOU_UNI,HOP_INT,TedABroerStadium,NAIA,NAIA,20250201-TedABroerStadium-1,51213980-e106-11ef-bd34-fd2878f67622,66.77263,2.73467,,6.92935,,,,-0.2583,2.73467,0.09198,78924947-b10b-4e7a-a348-8922e5fd05be,2025-02-02,01:37:51.36,2025-02-01T20:37:51.3625600-05:00,2025-02-02T01:37:51.3625600Z,GroundBall,v3,,,,"Chavez, Josiah ",701638,Right,HOP_INT,65f4c151-8757-4afb-9621-ce1690a2d926,55.15772,-100.93939,10.17141,6.19085,6.37364,-20.89573,0.27301,0.60385,-1.50186,180,-0.26397,86.3606,,,,,,,,2.73566,-15.05983,,,,,,,,0.09766,-86.55286,,,,,,,,,,,,,,,,,,,,,,,,,,,,,,High,High,High,High,Medium,,,
296,2025-02-01,20:38:17.93,6,4,"Lane, Jimmy",1000399898,Left,HOP_INT,"Pennella, JP",825107,Left,SOU_UNI,Undefined,7,Bottom,2,1,2,Curveball,Curveball,BallCalled,Undefined,Undefined,Undefined,0,0,,70.26549,0.538,0.653704,1788.882786,318.880144,4:45,6.08773,-0.55562,4.90228,-75.25929,-14.7056,14.93272,0.32499,1.30704,63.56049,-12.976643,3.299492,0.560069,,,,,,,,,,,,-7.19792,-6.97087,0.47823,50,6.07679,-1.71318,-101.70413,-1.51912,-7.27634,22.09245,-39.22086,SOU_UNI,HOP_INT,TedABroerStadium,NAIA,NAIA,20250201-TedABroerStadium-1,60f1fde0-e106-11ef-bd34-fd2878f67622,67.29961,,,6.705,,,,,,,78924947-b10b-4e7a-a348-8922e5fd05be,2025-02-02,01:38:17.93,2025-02-01T20:38:17.9374592-05:00,2025-02-02T01:38:17.9374592Z,,v3,,,,"Chavez, Josiah ",701638,Right,HOP_INT,226fd929-439b-494c-ac6e-23001d4e4f1a,55.59915,-102.9132,11.04622,6.10119,0.62736,-19.61043,0.5611,-1.31496,-3.63817,,,,,,,,,,,,,,,,,,,,,,,,,,,,,,,,,,,,,,,,,,,,,,,,,,,High,High,High,,,,,
297,2025-02-01,20:39:03.83,6,5,"Lane, Jimmy",1000399898,Left,HOP_INT,"Pennella, JP",825107,Left,SOU_UNI,Undefined,7,Bottom,2,2,2,Fastball,Changeup,BallCalled,Undefined,Undefined,Undefined,0,0,,81.84985,-2.0583,3.168048,2359.598608,144.318899,10:45,6.23811,-0.4538,6.00626,-26.87478,14.86048,-9.68284,2.08782,1.67744,74.86842,-7.087969,1.428696,0.464968,,,,,,,,,,,,5.89402,8.64682,0.21002,50,6.06142,-6.20072,-118.66578,-5.05365,8.38192,23.27249,-19.87735,SOU_UNI,HOP_INT,TedABroerStadium,NAIA,NAIA,20250201-TedABroerStadium-1,7c47d330-e106-11ef-bd34-fd2878f67622,81.06459,,,6.98143,,,,,,,78924947-b10b-4e7a-a348-8922e5fd05be,2025-02-02,01:39:03.83,2025-02-01T20:39:03.8323712-05:00,2025-02-02T01:39:03.8323712Z,,v3,,,,"Chavez, Josiah ",701638,Right,HOP_INT,e8e1f523-1e6a-484e-bd4b-efb8d75487f9,54.4918,-119.54345,11.63624,6.23787,-4.30402,-9.93867,0.44982,-6.51682,4.19096,,,,,,,,,,,,,,,,,,,,,,,,,,,,,,,,,,,,,,,,,,,,,,,,,,,High,High,High,,,,,
298,2025-02-01,20:39:24.95,6,6,"Lane, Jimmy",1000399898,Left,HOP_INT,"Pennella, JP",825107,Left,SOU_UNI,Undefined,7,Bottom,2,3,2,Curveball,Curveball,BallCalled,Walk,Undefined,Undefined,0,0,,68.59505,2.905367,-1.783197,1877.902866,340.44833,5:15,6.2022,-0.65192,6.21124,-75.76315,-16.08871,6.46449,2.57359,-1.75948,62.46883,-11.057094,-0.61339,0.555988,,,,,,,,,,,,-3.97331,-8.85087,0.78238,50,6.38237,2.8993,-99.54132,3.01987,-3.90781,18.92139,-40.87903,SOU_UNI,HOP_INT,TedABroerStadium,NAIA,NAIA,20250201-TedABroerStadium-1,88e69180-e106-11ef-bd34-fd2878f67622,67.7936,,,6.12622,,,,,,,78924947-b10b-4e7a-a348-8922e5fd05be,2025-02-02,01:39:24.95,2025-02-01T20:39:24.9589248-05:00,2025-02-02T01:39:24.9589248Z,,v3,,,,"Chavez, Josiah ",701638,Right,HOP_INT,5c131110-d0e7-4b8d-819b-2f03e0face3d,54.29247,-100.35394,9.46069,6.21497,4.77551,-20.43952,0.65426,3.06713,-1.9539,,,,,,,,,,,,,,,,,,,,,,,,,,,,,,,,,,,,,,,,,,,,,,,,,,,High,High,High,,,,,
299,2025-02-01,20:39:53.84,7,1,"Lane, Jimmy",1000399898,Left,HOP_INT,"Streuer, Nick",1000220618,Left,SOU_UNI,Undefined,7,Bottom,2,0,0,Curveball,Curveball,InPlay,Undefined,GroundBall,Single,0,2,,69.17061,2.695111,-0.85449,1808.172125,331.441258,5:00,6.18961,-0.33906,5.18397,-76.52736,-15.28229,9.54894,2.35015,-0.34731,62.72759,-11.161602,0.841816,0.563258,78.84721,-19.648058,29.720095,,,,,9.61595,7.15515,24.033519,0.070403,-5.0724,-7.98233,0.41074,50,6.38152,1.15205,-100.18571,2.30152,-5.03676,19.6584,-40.10031,SOU_UNI,HOP_INT,TedABroerStadium,NAIA,NAIA,20250201-TedABroerStadium-1,9a214620-e106-11ef-bd34-fd2878f67622,66.91866,2.74587,,6.44302,,,,2.10311,2.74587,0.10344,78924947-b10b-4e7a-a348-8922e5fd05be,2025-02-02,01:39:53.84,2025-02-01T20:39:53.8495488-05:00,2025-02-02T01:39:53.8495488Z,GroundBall,v3,,,,"Chavez, Josiah ",701638,Right,HOP_INT,511f37e8-95af-4b6b-bf7a-746f557f8930,55.31844,-101.22391,9.8292,6.20405,4.4193,-20.05015,0.34287,1.41805,-2.51838,,2.09985,94.87045,,,,,,,,2.74721,-39.00194,,,,,,,,0.10158,54.15726,,,,,,,,,,,,,,,,,,,,,,,,,,,,,,High,High,High,Low,Low,,,
300,2025-02-01,20:41:21.39,8,1,"Lane, Jimmy",1000399898,Left,HOP_INT,"Collins, Charlie",1000096340,Right,SOU_UNI,Undefined,7,Bottom,2,0,0,Curveball,Curveball,StrikeSwinging,Undefined,Undefined,Undefined,0,0,,69.92629,1.588904,-1.063394,1844.047131,319.295384,4:45,6.22267,-0.53689,4.96698,-75.57697,-14.73308,14.73288,1.42615,-0.31377,63.13259,-12.040014,1.547466,0.56141,,,,,,,,,,,,-7.69292,-7.24048,0.62688,50,6.31414,1.32871,-101.21035,0.32753,-7.73061,21.31804,-39.45002,SOU_UNI,HOP_INT,TedABroerStadium,NAIA,NAIA,20250201-TedABroerStadium-1,ce4a8ba0-e106-11ef-bd34-fd2878f67622,67.13893,,,6.7937,,,,,,,78924947-b10b-4e7a-a348-8922e5fd05be,2025-02-02,01:41:21.39,2025-02-01T20:41:21.3930496-05:00,2025-02-02T01:41:21.3930496Z,,v3,,,,"Chavez, Josiah ",701638,Right,HOP_INT,37b6c5e5-73a3-4a80-8f25-966f223e87f0,55.53419,-102.36939,10.65902,6.23803,2.47238,-19.72501,0.54321,1.74902,-3.86531,,,,,,,,,,,,,,,,,,,,,,,,,,,,,,,,,,,,,,,,,,,,,,,,,,,High,High,High,,,,,
301,2025-02-01,20:41:42.79,8,2,"Lane, Jimmy",1000399898,Left,HOP_INT,"Collins, Charlie",1000096340,Right,SOU_UNI,Undefined,7,Bottom,2,0,1,Fastball,Four-Seam,InPlay,Undefined,LineDrive,Single,0,1,,82.52685,-2.089413,1.663349,2369.807258,184.206126,12:15,6.17519,-0.84735,5.75926,-18.90493,22.53407,1.55563,2.65328,0.83096,75.23471,-5.685979,1.941691,0.463315,88.48447,14.975796,-19.76554,1039.281079,101.44603,15.0681,-42.52833,185.23188,157.94249,-24.477015,1.732193,-0.31492,12.55764,0.70849,50,5.99083,-3.53646,-119.71666,-4.88636,-0.45468,24.22956,-14.04389,SOU_UNI,HOP_INT,TedABroerStadium,NAIA,NAIA,20250201-TedABroerStadium-1,db070b20-e106-11ef-bd34-fd2878f67622,81.35384,15.50113,,7.29214,,,,1.76516,2.65531,-0.81387,78924947-b10b-4e7a-a348-8922e5fd05be,2025-02-02,01:41:42.79,2025-02-01T20:41:42.7971072-05:00,2025-02-02T01:41:42.7971072Z,LineDrive,v3,,,,"Chavez, Josiah ",701638,Right,HOP_INT,a69822e3-2024-4b2d-91f1-84add5f17112,54.73961,-120.6721,12.11478,6.17259,-4.33257,-7.02194,0.84759,-3.51853,-0.22734,70.306957,1.76515,117.98429,-15.79215,2.701,-0.81456,0.4649,-0.26641,0.08487,-0.01107,2.6553,33.53654,-23.69568,2.75718,-0.72866,0.32985,-0.1619,0.04995,-0.00649,-0.81388,-42.39446,-3.05945,2.11744,-1.06405,0.78906,-0.46125,0.15044,-0.02009,,,,,,,,,,,,,,,,,,,,,,,High,High,High,High,High,,,
302,2025-02-01,20:42:25.55,9,1,"Lane, Jimmy",1000399898,Left,HOP_INT,"Rossi, John",10105380,Left,SOU_UNI,Undefined,7,Bottom,2,0,0,Curveball,Curveball,BallCalled,Undefined,Undefined,Undefined,0,0,,67.99184,2.917775,-2.382735,1740.747535,314.360384,4:30,6.23144,-0.65008,5.76242,-73.59622,-12.03249,14.47532,2.81882,-1.66279,62.0643,-10.543755,0.21207,0.564721,,,,,,,,,,,,-8.24784,-6.71296,0.83806,50,6.4277,3.64154,-98.58385,2.96498,-8,17.77885,-38.6853,SOU_UNI,HOP_INT,TedABroerStadium,NAIA,NAIA,20250201-TedABroerStadium-1,f48efe40-e106-11ef-bd34-fd2878f67622,66.74525,,,5.92754,,,,,,,78924947-b10b-4e7a-a348-8922e5fd05be,2025-02-02,01:42:25.55,2025-02-01T20:42:25.5552000-05:00,2025-02-02T01:42:25.5552000Z,,v3,,,,"Chavez, Josiah ",701638,Right,HOP_INT,41c9880b-2d3d-4cdf-92c0-90dfd745ed3a,54.74149,-99.43527,8.88943,6.24136,4.81759,-19.34265,0.6545,4.02465,-4,,,,,,,,,,,,,,,,,,,,,,,,,,,,,,,,,,,,,,,,,,,,,,,,,,,High,High,High,,,,,
303,2025-02-01,20:42:42.72,9,2,"Lane, Jimmy",1000399898,Left,HOP_INT,"Rossi, John",10105380,Left,SOU_UNI,Undefined,7,Bottom,2,1,0,Fastball,Changeup,BallCalled,Undefined,Undefined,Undefined,0,0,,80.89062,-2.178326,3.695766,2335.889313,178.360437,12:00,6.24567,-0.64401,5.67113,-21.75206,21.46375,-0.57469,2.39686,2.75857,74.15045,-6.262932,3.593434,0.473143,,,,,,,,,,,,1.30784,11.9217,0.33204,50,6.04783,-7.54453,-117.1504,-5.07853,1.81967,21.88739,-15.58677,SOU_UNI,HOP_INT,TedABroerStadium,NAIA,NAIA,20250201-TedABroerStadium-1,fec0db40-e106-11ef-bd34-fd2878f67622,79.66388,,,6.74017,,,,,,,78924947-b10b-4e7a-a348-8922e5fd05be,2025-02-02,01:42:42.72,2025-02-01T20:42:42.7273728-05:00,2025-02-02T01:42:42.7273728Z,,v3,,,,"Chavez, Josiah ",701638,Right,HOP_INT,7c2732c2-5781-4104-aa3c-20f5b5951fbc,54.82596,-118.0486,10.9437,6.24312,-4.43889,-7.79338,0.64318,-7.6192,0.90983,,,,,,,,,,,,,,,,,,,,,,,,,,,,,,,,,,,,,,,,,,,,,,,,,,,High,High,High,,,,,
304,2025-02-01,20:43:06.35,9,3,"Lane, Jimmy",1000399898,Left,HOP_INT,"Rossi, John",10105380,Left,SOU_UNI,Undefined,7,Bottom,2,2,0,Fastball,Changeup,StrikeCalled,Undefined,Undefined,Undefined,0,0,,80.87182,-2.013427,2.685665,2372.258706,169.053958,11:45,6.21522,-0.61052,5.73641,-21.78198,21.29741,-3.84843,2.52233,1.57148,74.01892,-6.11871,1.998059,0.472396,,,,,,,,,,,,2.70335,11.82154,0.38915,50,6.03411,-5.34943,-117.24917,-4.7325,3.76333,22.16248,-15.71729,SOU_UNI,HOP_INT,TedABroerStadium,NAIA,NAIA,20250201-TedABroerStadium-1,0cd74570-e107-11ef-bd34-fd2878f67622,79.7899,,,6.85289,,,,,,,78924947-b10b-4e7a-a348-8922e5fd05be,2025-02-02,01:43:06.35,2025-02-01T20:43:06.3537664-05:00,2025-02-02T01:43:06.3537664Z,,v3,,,,"Chavez, Josiah ",701638,Right,HOP_INT,48919006-8820-4aea-b607-7b650a0f1bb6,54.76051,-118.14558,11.08124,6.21267,-4.09678,-7.85864,0.60859,-5.50164,1.88167,,,,,,,,,,,,,,,,,,,,,,,,,,,,,,,,,,,,,,,,,,,,,,,,,,,High,High,High,,,,,
305,2025-02-01,20:43:23.41,9,4,"Lane, Jimmy",1000399898,Left,HOP_INT,"Rossi, John",10105380,Left,SOU_UNI,Undefined,7,Bottom,2,2,1,Fastball,Changeup,BallCalled,Undefined,Undefined,Undefined,0,0,,82.63996,-0.362444,0.549928,2306.13693,165.984329,11:30,6.2704,-0.5292,6.10418,-15.7367,25.15167,-5.92855,4.62381,-0.51467,74.81321,-3.439662,-0.518109,0.460226,,,,,,,,,,,,3.19402,13.43938,0.48982,50,6.23394,-0.91738,-119.95821,-1.09283,4.61346,25.09803,-12.76218,SOU_UNI,HOP_INT,TedABroerStadium,NAIA,NAIA,20250201-TedABroerStadium-1,16fdfee0-e107-11ef-bd34-fd2878f67622,81.89982,,,7.82675,,,,,,,78924947-b10b-4e7a-a348-8922e5fd05be,2025-02-02,01:43:23.41,2025-02-01T20:43:23.4151936-05:00,2025-02-02T01:43:23.4151936Z,,v3,,,,"Chavez, Josiah ",701638,Right,HOP_INT,1f750d47-7a48-4a44-9832-202d6bf33268,54.39039,-120.87329,12.54902,6.2653,-0.62752,-6.38109,0.52633,-1.08558,2.30673,,,,,,,,,,,,,,,,,,,,,,,,,,,,,,,,,,,,,,,,,,,,,,,,,,,High,High,High,,,,,
306,2025-02-01,20:43:42.04,9,5,"Lane, Jimmy",1000399898,Left,HOP_INT,"Rossi, John",10105380,Left,SOU_UNI,Undefined,7,Bottom,2,3,1,Fastball,Changeup,StrikeCalled,Undefined,Undefined,Undefined,0,0,,82.00361,-3.209217,0.018324,2300.35041,167.804799,11:30,6.20609,-0.63798,6.25937,-17.08761,24.15608,-4.91638,1.81991,-1.03078,74.76599,-6.504515,-0.870353,0.462221,,,,,,,,,,,,2.56394,13.92249,0.63897,50,5.95945,0.14266,-118.96744,-7.06018,3.65301,24.07084,-12.33761,SOU_UNI,HOP_INT,TedABroerStadium,NAIA,NAIA,20250201-TedABroerStadium-1,221a62f0-e107-11ef-bd34-fd2878f67622,81.54628,,,7.23761,,,,,,,78924947-b10b-4e7a-a348-8922e5fd05be,2025-02-02,01:43:42.04,2025-02-01T20:43:42.0470784-05:00,2025-02-02T01:43:42.0470784Z,,v3,,,,"Chavez, Josiah ",701638,Right,HOP_INT,23b38730-44fc-4529-8460-52283f4fb3db,54.23814,-119.82188,12.03542,6.20229,-6.62223,-6.1688,0.63621,0.01299,1.82651,,,,,,,,,,,,,,,,,,,,,,,,,,,,,,,,,,,,,,,,,,,,,,,,,,,High,High,High,,,,,
307,2025-02-01,20:44:03.15,9,6,"Lane, Jimmy",1000399898,Left,HOP_INT,"Rossi, John",10105380,Left,SOU_UNI,Undefined,7,Bottom,2,3,2,Fastball,Changeup,BallCalled,Walk,Undefined,Undefined,0,0,,80.82556,0.19366,0.387391,2298.668768,179.616923,12:00,6.23387,-0.71858,5.54178,-21.26863,22.08245,-0.13839,4.64248,-0.36805,73.71659,-3.832424,0.362719,0.473883,,,,,,,,,,,,0.17791,11.50064,0.6851,50,6.23682,-0.78761,-117.317,-0.20182,0.24781,22.31488,-16.15523,SOU_UNI,HOP_INT,TedABroerStadium,NAIA,NAIA,20250201-TedABroerStadium-1,2ead8880-e107-11ef-bd34-fd2878f67622,79.53949,,,7.10898,,,,,,,78924947-b10b-4e7a-a348-8922e5fd05be,2025-02-02,01:44:03.15,2025-02-01T20:44:03.1562240-05:00,2025-02-02T01:44:03.1562240Z,,v3,,,,"Chavez, Josiah ",701638,Right,HOP_INT,c21d2915-c895-4605-a854-21426d671bc2,54.95407,-118.25556,11.15744,6.23102,0.47767,-8.07762,0.71844,-0.79803,0.12391,,,,,,,,,,,,,,,,,,,,,,,,,,,,,,,,,,,,,,,,,,,,,,,,,,,High,High,High,,,,,
308,2025-02-01,20:44:33.09,10,1,"Lane, Jimmy",1000399898,Left,HOP_INT,"Kaelber, Sean",1000218543,Right,SOU_UNI,Undefined,7,Bottom,2,0,0,Curveball,Curveball,BallCalled,Undefined,Undefined,Undefined,0,0,,69.36238,1.215504,-1.15239,1938.370735,322.813285,4:45,6.12922,-0.61943,5.20428,-77.84866,-16.81276,14.51017,0.78539,-0.4942,63.04355,-12.83659,1.433311,0.562295,,,,,,,,,,,,-7.71993,-8.33516,0.71444,50,6.18241,1.50818,-100.52215,-0.31476,-7.67626,20.57665,-40.46205,SOU_UNI,HOP_INT,TedABroerStadium,NAIA,NAIA,20250201-TedABroerStadium-1,4092fc10-e107-11ef-bd34-fd2878f67622,67.03323,,,6.31883,,,,,,,78924947-b10b-4e7a-a348-8922e5fd05be,2025-02-02,01:44:33.09,2025-02-01T20:44:33.0993152-05:00,2025-02-02T01:44:33.0993152Z,,v3,,,,"Chavez, Josiah ",701638,Right,HOP_INT,8218bdc8-2379-4983-9d22-18c67168613a,55.29885,-101.60102,10.28832,6.1433,1.80675,-20.23102,0.62481,1.91066,-3.83813,,,,,,,,,,,,,,,,,,,,,,,,,,,,,,,,,,,,,,,,,,,,,,,,,,,High,High,High,,,,,
309,2025-02-01,20:44:54.11,10,2,"Lane, Jimmy",1000399898,Left,HOP_INT,"Kaelber, Sean",1000218543,Right,SOU_UNI,Undefined,7,Bottom,2,1,0,Fastball,Changeup,BallCalled,Undefined,Undefined,Undefined,0,0,,82.78781,-3.255168,1.078782,2373.653339,148.87351,11:00,6.13558,-0.65362,5.92408,-20.61836,20.49399,-11.50886,1.39306,-0.61155,75.35029,-7.161159,-0.989125,0.461485,,,,,,,,,,,,6.23059,11.91768,0.57388,50,5.86334,-1.80993,-119.9881,-7.38583,9.00866,25.00167,-14.94251,SOU_UNI,HOP_INT,TedABroerStadium,NAIA,NAIA,20250201-TedABroerStadium-1,4d0fb370-e107-11ef-bd34-fd2878f67622,81.67641,,,7.43752,,,,,,,78924947-b10b-4e7a-a348-8922e5fd05be,2025-02-02,01:44:54.11,2025-02-01T20:44:54.1195264-05:00,2025-02-02T01:44:54.1195264Z,,v3,,,,"Chavez, Josiah ",701638,Right,HOP_INT,10495a80-22a6-4a72-952d-da8ff672d961,54.57316,-120.93724,12.50083,6.13296,-6.81856,-7.47125,0.64909,-2.15193,4.50433,,,,,,,,,,,,,,,,,,,,,,,,,,,,,,,,,,,,,,,,,,,,,,,,,,,High,High,High,,,,,
310,2025-02-01,20:45:11.77,10,3,"Lane, Jimmy",1000399898,Left,HOP_INT,"Kaelber, Sean",1000218543,Right,SOU_UNI,Undefined,7,Bottom,2,2,0,Fastball,Changeup,InPlay,Undefined,FlyBall,Out,1,0,,80.91279,-1.936926,0.760615,2363.36247,167.303655,11:30,6.2562,-0.6418,6.03788,-19.46714,23.28076,-4.91292,2.83963,-0.34689,73.54013,-5.671071,-0.123607,0.470575,78.66068,31.980391,-24.767526,,98.16533,53.31823,-49.63388,285.67797,285.67797,-30.869155,4.035442,2.77461,13.033,0.58518,50,6.09469,-1.3765,-117.42726,-4.45622,3.84187,23.96736,-14.12788,SOU_UNI,HOP_INT,TedABroerStadium,NAIA,NAIA,20250201-TedABroerStadium-1,579359f0-e107-11ef-bd34-fd2878f67622,80.09868,59.30733,,7.37265,,,,2.7934,2.96764,0.33955,78924947-b10b-4e7a-a348-8922e5fd05be,2025-02-02,01:45:11.77,2025-02-01T20:45:11.7714944-05:00,2025-02-02T01:45:11.7714944Z,FlyBall,v3,,,,"Chavez, Josiah ",701638,Right,HOP_INT,45bcd7a0-ce69-414e-9b21-27c80a934efb,54.45979,-118.33402,11.98368,6.25317,-3.92172,-7.06394,0.64,-1.52185,1.92094,148.110142,2.79329,88.86247,-14.91589,3.68761,-0.86823,0.22762,-0.05564,0.00871,-0.00058,2.96844,61.07939,-18.12046,0.84602,0.16736,-0.17688,0.06074,-0.0097,0.00059,0.33966,-41.00062,1.86758,-0.30181,0.08109,-0.04067,0.0143,-0.0025,0.00017,,,,,,,,,,,,,,,,,,,,,,,High,High,High,High,Low,,,
311,2025-02-01,20:47:53.40,1,1,"Harvill, Grant",1000164701,Left,SOU_UNI,"Dunn, Wilson",1000399897,Right,HOP_INT,Undefined,8,Top,0,0,0,Slider,Curveball,StrikeCalled,Undefined,Undefined,Undefined,0,0,,73.68217,0.650314,2.130711,2608.114113,275.441563,3:15,5.44432,-3.14378,5.8431,-51.7679,0.1548,16.01339,1.73513,0.17172,67.61881,-8.850078,5.000647,0.518621,,,,,,,,,,,,-7.56626,0.36646,2.96075,50,5.46696,-4.53655,-106.95343,-0.31889,-8.68799,19.94498,-31.75327,SOU_UNI,HOP_INT,TedABroerStadium,NAIA,NAIA,20250201-TedABroerStadium-1,b7fbfc20-e107-11ef-bd34-fd2878f67622,72.67819,,,6.06336,,,,,,,78924947-b10b-4e7a-a348-8922e5fd05be,2025-02-02,01:47:53.40,2025-02-01T20:47:53.4082560-05:00,2025-02-02T01:47:53.4082560Z,,v3,,,,"McMullen, Brock",823662,Right,SOU_UNI,38801139-f84e-4f7a-8d58-e86053b762c5,54.65698,-107.81838,9.97249,5.45094,1.05815,-15.87663,3.14932,-4.15978,-4.34399,,,,,,,,,,,,,,,,,,,,,,,,,,,,,,,,,,,,,,,,,,,,,,,,,,,High,High,High,,,,,
312,2025-02-01,20:48:07.27,1,2,"Harvill, Grant",1000164701,Left,SOU_UNI,"Dunn, Wilson",1000399897,Right,HOP_INT,Undefined,8,Top,0,0,1,ChangeUp,Changeup,FoulBallNotFieldable,Undefined,Undefined,Undefined,0,0,,77.62518,0.102282,4.700417,1841.898711,140.621119,10:45,5.20505,-2.83161,6.14561,-27.10218,19.38036,-14.59087,3.04136,0.30569,70.36216,-5.042922,2.082275,0.4907,63.68077,34.0105,170.005507,3395.544702,,,,,27.15228,,,9.05445,10.46926,2.48084,50,5.19898,-8.73619,-112.40027,-0.49678,11.48358,22.01249,-18.8961,SOU_UNI,HOP_INT,TedABroerStadium,NAIA,NAIA,20250201-TedABroerStadium-1,c03368b0-e107-11ef-bd34-fd2878f67622,76.81355,18.3643,,7.26302,,,,2.17588,3.04437,-0.32261,78924947-b10b-4e7a-a348-8922e5fd05be,2025-02-02,01:48:07.27,2025-02-01T20:48:07.2766464-05:00,2025-02-02T01:48:07.2766464Z,,v3,,,,"McMullen, Brock",823662,Right,SOU_UNI,9839613c-0eac-4431-9a86-f8a86c32f6f3,54.35354,-113.24966,11.00624,5.20408,0.23236,-9.44805,2.82649,-9.1793,5.74179,344.099596,2.17956,-76.37659,6.32838,,,,,,,3.06332,51.59137,-32.26204,,,,,,,-0.31834,13.28983,-4.77032,,,,,,,,,,,,,,,,,,,,,,,,,,,,,High,High,High,High,Undefined,,,
313,2025-02-01,20:48:22.92,1,3,"Harvill, Grant",1000164701,Left,SOU_UNI,"Dunn, Wilson",1000399897,Right,HOP_INT,Undefined,8,Top,0,0,2,ChangeUp,Changeup,StrikeSwinging,Strikeout,Undefined,Undefined,0,0,,76.71254,-0.410786,4.289736,1660.59062,133.476025,10:30,4.9378,-3.13009,6.13547,-31.24486,16.22438,-15.41084,1.95332,-0.44219,69.82667,-6.290728,1.520819,0.495881,,,,,,,,,,,,9.18878,8.97705,2.80987,50,4.89023,-7.7854,-111.1279,-1.63177,11.42849,20.91992,-21.00887,SOU_UNI,HOP_INT,TedABroerStadium,NAIA,NAIA,20250201-TedABroerStadium-1,c98e94c0-e107-11ef-bd34-fd2878f67622,76.01104,,,6.88586,,,,,,,78924947-b10b-4e7a-a348-8922e5fd05be,2025-02-02,01:48:22.92,2025-02-01T20:48:22.9252608-05:00,2025-02-02T01:48:22.9252608Z,,v3,,,,"McMullen, Brock",823662,Right,SOU_UNI,c3efd586-8ce9-446f-a98c-ec6493f4c7cd,54.36157,-111.94596,10.45996,4.93798,-0.81023,-10.50443,3.12305,-8.23231,5.71425,,,,,,,,,,,,,,,,,,,,,,,,,,,,,,,,,,,,,,,,,,,,,,,,,,,High,High,High,,,,,
314,2025-02-01,20:49:00.84,2,1,"Harvill, Grant",1000164701,Left,SOU_UNI,"Torres, Alejandro",1000399895,Right,HOP_INT,Undefined,8,Top,1,0,0,Slider,Curveball,StrikeSwinging,Undefined,Undefined,Undefined,0,0,,73.64438,1.482812,2.2321,2613.739124,281.610857,3:30,5.54796,-2.99215,5.22744,-55.38283,-2.16284,18.8406,2.32805,0.67731,67.54826,-8.561633,5.567355,0.52506,,,,,,,,,,,,-8.76626,-1.03894,2.77166,50,5.64326,-4.86913,-106.77618,0.95983,-10.04053,19.74231,-33.364,SOU_UNI,HOP_INT,TedABroerStadium,NAIA,NAIA,20250201-TedABroerStadium-1,e0284190-e107-11ef-bd34-fd2878f67622,71.78694,,,6.09612,,,,,,,78924947-b10b-4e7a-a348-8922e5fd05be,2025-02-02,01:49:00.84,2025-02-01T20:49:00.8454144-05:00,2025-02-02T01:49:00.8454144Z,,v3,,,,"McMullen, Brock",823662,Right,SOU_UNI,492e6f42-0836-421d-ae7d-577f60ba5f21,55.27332,-107.74678,9.87116,5.55575,2.60011,-16.682,2.9989,-4.37551,-5.02027,,,,,,,,,,,,,,,,,,,,,,,,,,,,,,,,,,,,,,,,,,,,,,,,,,,High,High,High,,,,,
315,2025-02-01,20:49:14.76,2,2,"Harvill, Grant",1000164701,Left,SOU_UNI,"Torres, Alejandro",1000399895,Right,HOP_INT,Undefined,8,Top,1,0,1,Slider,Curveball,StrikeSwinging,Undefined,Undefined,Undefined,0,0,,74.70912,1.23694,2.092361,2655.263368,268.726641,3:00,5.39253,-3.31341,5.40163,-49.18514,1.94142,16.00328,2.45378,-0.01831,68.67364,-7.731657,4.934722,0.51463,,,,,,,,,,,,-7.48351,1.0724,3.1152,50,5.46828,-4.55359,-108.39893,0.77302,-8.87801,19.47013,-30.90182,SOU_UNI,HOP_INT,TedABroerStadium,NAIA,NAIA,20250201-TedABroerStadium-1,e8761c50-e107-11ef-bd34-fd2878f67622,73.24189,,,6.03548,,,,,,,78924947-b10b-4e7a-a348-8922e5fd05be,2025-02-02,01:49:14.76,2025-02-01T20:49:14.7681792-05:00,2025-02-02T01:49:14.7681792Z,,v3,,,,"McMullen, Brock",823662,Right,SOU_UNI,9624800e-de6b-481f-a549-ed7a3670730a,55.09862,-109.31088,9.73507,5.39818,2.22042,-15.45091,3.31874,-4.13775,-4.439,,,,,,,,,,,,,,,,,,,,,,,,,,,,,,,,,,,,,,,,,,,,,,,,,,,High,High,High,,,,,
316,2025-02-01,20:49:30.39,2,3,"Harvill, Grant",1000164701,Left,SOU_UNI,"Torres, Alejandro",1000399895,Right,HOP_INT,Undefined,8,Top,1,0,2,Fastball,Four-Seam,StrikeCalled,Strikeout,Undefined,Undefined,0,0,,86.64422,-2.439374,3.37394,2653.304351,161.56598,11:30,5.49887,-2.9845,5.94391,-13.54296,23.86139,-7.53406,2.1023,-0.47914,78.87033,-5.072208,2.024306,0.440182,,,,,,,,,,,,4.82134,13.2954,2.71968,50,5.2965,-7.0896,-125.5196,-5.67107,7.66677,26.18047,-11.0321,SOU_UNI,HOP_INT,TedABroerStadium,NAIA,NAIA,20250201-TedABroerStadium-1,f1c0cda0-e107-11ef-bd34-fd2878f67622,85.6292,,,7.77389,,,,,,,78924947-b10b-4e7a-a348-8922e5fd05be,2025-02-02,01:49:30.39,2025-02-01T20:49:30.3926784-05:00,2025-02-02T01:49:30.3926784Z,,v3,,,,"McMullen, Brock",823662,Right,SOU_UNI,f2928668-62eb-4480-8e3e-ffeceaf14a3b,54.55314,-126.46571,13.09023,5.49423,-5.27239,-5.51605,2.9809,-7.36666,3.83339,,,,,,,,,,,,,,,,,,,,,,,,,,,,,,,,,,,,,,,,,,,,,,,,,,,High,High,High,,,,,
317,2025-02-01,20:49:58.86,3,1,"Harvill, Grant",1000164701,Left,SOU_UNI,"Castillo, Alec",1000403020,Left,HOP_INT,Undefined,8,Top,2,0,0,ChangeUp,Curveball,StrikeCalled,Undefined,Undefined,Undefined,0,0,,75.44561,1.715179,1.676368,2683.397119,275.433731,3:15,5.3851,-2.91519,5.35627,-50.68668,-0.19311,19.32391,2.77093,0.26773,68.93722,-7.532336,5.105975,0.511434,,,,,,,,,,,,-9.15512,-0.09457,2.75037,50,5.50352,-3.94742,-109.40166,1.61271,-10.99991,20.85499,-32.28765,SOU_UNI,HOP_INT,TedABroerStadium,NAIA,NAIA,20250201-TedABroerStadium-1,02c35b40-e108-11ef-bd34-fd2878f67622,73.69955,,,6.50839,,,,,,,78924947-b10b-4e7a-a348-8922e5fd05be,2025-02-02,01:49:58.86,2025-02-01T20:49:58.8627456-05:00,2025-02-02T01:49:58.8627456Z,,v3,,,,"McMullen, Brock",823662,Right,SOU_UNI,b8e35fa0-03b8-4e49-924a-cce908950b9a,55.14315,-110.37773,10.42749,5.39268,3.12386,-16.14383,2.92307,-3.4326,-5.49995,,,,,,,,,,,,,,,,,,,,,,,,,,,,,,,,,,,,,,,,,,,,,,,,,,,High,High,High,,,,,
318,2025-02-01,20:50:10.58,3,2,"Harvill, Grant",1000164701,Left,SOU_UNI,"Castillo, Alec",1000403020,Left,HOP_INT,Undefined,8,Top,2,0,1,Slider,Curveball,FoulBallNotFieldable,Undefined,Undefined,Undefined,0,0,,74.59333,1.364795,1.353504,2710.516036,267.060181,3:00,5.39717,-3.03786,5.38171,-48.82542,2.49276,17.13367,2.60833,-0.34107,68.47002,-7.548206,4.399471,0.515593,69.6957,55.630356,-52.228881,,51.30898,91.83655,-97.30041,179.14711,69.41763,-65.0395,4.887861,-8.31351,1.26551,2.90393,50,5.48457,-3.18415,-108.26827,1.03118,-9.82953,19.58977,-30.67777,SOU_UNI,HOP_INT,TedABroerStadium,NAIA,NAIA,20250201-TedABroerStadium-1,09b99540-e108-11ef-bd34-fd2878f67622,73.10502,93.66918,,6.12331,,,,2.39887,2.19209,0.61481,78924947-b10b-4e7a-a348-8922e5fd05be,2025-02-02,01:50:10.58,2025-02-01T20:50:10.5876480-05:00,2025-02-02T01:50:10.5876480Z,Popup,v3,,,,"McMullen, Brock",823662,Right,SOU_UNI,e744b7de-b8a7-4157-9b6e-3fc4fba7abe3,55.11929,-109.19061,9.79489,5.40202,2.47558,-15.33889,3.04295,-2.72135,-4.91476,154.875269,2.405,35.1873,-11.8229,2.36421,0.60742,-0.60649,0.18458,-0.02564,0.00136,2.18469,84.51912,-23.28495,2.79103,-0.82742,0.19039,-0.0177,-0.00098,0.00019,0.61614,-45.63594,5.33172,-1.0541,0.14165,0.00161,-0.00584,0.00105,-6E-05,,,,,,,,,,,,,,,,,,,,,,,High,High,High,High,Low,,,
319,2025-02-01,20:50:32.23,3,3,"Harvill, Grant",1000164701,Left,SOU_UNI,"Castillo, Alec",1000403020,Left,HOP_INT,Undefined,8,Top,2,0,2,Slider,Changeup,BallCalled,Undefined,Undefined,Undefined,0,0,,78.44936,-1.813337,6.761001,1647.884573,126.105684,10:15,4.96255,-3.00139,6.38689,-29.32021,16.1354,-19.8895,0.83898,1.58923,71.18335,-7.352397,3.191946,0.48525,,,,,,,,,,,,12.4843,9.43662,2.52203,50,4.81764,-12.73536,-113.18428,-4.36076,16.05377,22.33804,-20.03935,SOU_UNI,HOP_INT,TedABroerStadium,NAIA,NAIA,20250201-TedABroerStadium-1,169b01e0-e108-11ef-bd34-fd2878f67622,77.67638,,,7.26601,,,,,,,78924947-b10b-4e7a-a348-8922e5fd05be,2025-02-02,01:50:32.23,2025-02-01T20:50:32.2358272-05:00,2025-02-02T01:50:32.2358272Z,,v3,,,,"McMullen, Brock",823662,Right,SOU_UNI,97925321-1cb0-4cb2-902b-b455cf4dcd88,54.11237,-113.99301,11.16902,4.96239,-3.63525,-10.01968,2.99362,-13.31658,8.02689,,,,,,,,,,,,,,,,,,,,,,,,,,,,,,,,,,,,,,,,,,,,,,,,,,,High,High,High,,,,,
320,2025-02-01,20:50:50.83,3,4,"Harvill, Grant",1000164701,Left,SOU_UNI,"Castillo, Alec",1000403020,Left,HOP_INT,Undefined,8,Top,2,1,2,Fastball,Changeup,BallCalled,Undefined,Undefined,Undefined,0,0,,83.6321,-3.898055,4.496937,2608.255204,146.434945,11:00,5.60457,-2.76827,5.77754,-17.06245,23.68076,-14.74772,0.53883,0.19566,75.97511,-7.164087,1.866846,0.459408,,,,,,,,,,,,8.94457,13.71284,2.40574,50,5.2715,-8.92225,-120.79793,-8.70585,13.11937,25.14632,-12.06086,SOU_UNI,HOP_INT,TedABroerStadium,NAIA,NAIA,20250201-TedABroerStadium-1,21ada1f0-e108-11ef-bd34-fd2878f67622,82.0456,,,7.65699,,,,,,,78924947-b10b-4e7a-a348-8922e5fd05be,2025-02-02,01:50:50.83,2025-02-01T20:50:50.8322816-05:00,2025-02-02T01:50:50.8322816Z,,v3,,,,"McMullen, Brock",823662,Right,SOU_UNI,b6e53e00-21c4-4f21-9c94-4bd77c221138,54.7218,-121.77689,12.57316,5.60128,-8.23632,-6.03043,2.76303,-9.43299,6.55969,,,,,,,,,,,,,,,,,,,,,,,,,,,,,,,,,,,,,,,,,,,,,,,,,,,High,High,High,,,,,
321,2025-02-01,20:51:08.08,3,5,"Harvill, Grant",1000164701,Left,SOU_UNI,"Castillo, Alec",1000403020,Left,HOP_INT,Undefined,8,Top,2,2,2,ChangeUp,Changeup,StrikeCalled,Strikeout,Undefined,Undefined,0,0,,77.55832,-0.661098,5.897954,1691.199907,120.924636,10:00,5.13543,-2.94613,6.74497,-31.47683,14.05406,-20.85812,1.90514,0.72313,70.57741,-6.633701,2.119404,0.485651,,,,,,,,,,,,12.7365,8.0828,2.56453,50,5.07958,-10.90737,-112.22507,-2.062,16.15514,21.33713,-21.92174,SOU_UNI,HOP_INT,TedABroerStadium,NAIA,NAIA,20250201-TedABroerStadium-1,2c01d400-e108-11ef-bd34-fd2878f67622,77.61214,,,6.98091,,,,,,,78924947-b10b-4e7a-a348-8922e5fd05be,2025-02-02,01:51:08.08,2025-02-01T20:51:08.0855040-05:00,2025-02-02T01:51:08.0855040Z,,v3,,,,"McMullen, Brock",823662,Right,SOU_UNI,7ab4e060-cc74-4ea0-8dca-be5ec917f318,53.754,-112.93656,10.66857,5.13615,-1.33102,-10.96087,2.93722,-11.44607,8.07757,,,,,,,,,,,,,,,,,,,,,,,,,,,,,,,,,,,,,,,,,,,,,,,,,,,High,High,High,,,,,
322,2025-02-01,20:53:55.62,1,1,"De Jong, Chandler",1000132732,Right,HOP_INT,"Jaramillio, Malachai ",1000362664,Right,SOU_UNI,Undefined,8,Bottom,0,0,0,Fastball,Sinker,StrikeCalled,Undefined,Undefined,Undefined,0,0,,87.94585,-2.85164,-3.233651,2147.096576,227.665493,1:30,6.13094,2.00213,5.8067,-16.79276,20.10229,20.55741,2.07319,0.70486,79.25318,-6.076456,0.444991,0.437175,,,,,,,,,,,,-11.49103,11.55119,-1.74888,50,5.88669,6.30716,-127.25149,-6.81038,-18.56198,29.73199,-13.51487,SOU_UNI,HOP_INT,TedABroerStadium,NAIA,NAIA,20250201-TedABroerStadium-1,8fd28060-e108-11ef-bd34-fd2878f67622,86.21816,,,8.69266,,,,,,,78924947-b10b-4e7a-a348-8922e5fd05be,2025-02-02,01:53:55.62,2025-02-01T20:53:55.6285952-05:00,2025-02-02T01:53:55.6285952Z,,v3,,,,"Torres, Alejandro",1000399895,Right,HOP_INT,b93ed462-461d-416c-a163-c2ac27a3390f,54.69053,-128.34274,14.866,6.12755,-6.31434,-6.75743,-1.99287,6.98844,-9.28099,,,,,,,,,,,,,,,,,,,,,,,,,,,,,,,,,,,,,,,,,,,,,,,,,,,High,High,High,,,,,
323,2025-02-01,20:54:10.47,1,2,"De Jong, Chandler",1000132732,Right,HOP_INT,"Jaramillio, Malachai ",1000362664,Right,SOU_UNI,Undefined,8,Bottom,0,0,1,Slider,Slider,StrikeSwinging,Undefined,Undefined,Undefined,0,0,,81.39944,-1.330594,-2.539037,2057.886523,126.823378,10:15,5.92795,2.1436,5.52015,-40.46297,3.13571,-2.0461,1.31053,-0.40239,73.67631,-8.752429,-2.903856,0.475235,,,,,,,,,,,,0.18969,2.43799,-1.92104,50,5.785,5.30794,-117.8649,-4.1039,0.26156,26.53682,-28.81234,SOU_UNI,HOP_INT,TedABroerStadium,NAIA,NAIA,20250201-TedABroerStadium-1,98b08d30-e108-11ef-bd34-fd2878f67622,79.31331,,,7.72313,,,,,,,78924947-b10b-4e7a-a348-8922e5fd05be,2025-02-02,01:54:10.47,2025-02-01T20:54:10.4737280-05:00,2025-02-02T01:54:10.4737280Z,,v3,,,,"Torres, Alejandro",1000399895,Right,HOP_INT,ef20d90f-f66a-47dc-9221-3ffe18c4849b,54.97779,-118.98035,13.26841,5.93205,-2.8928,-14.40617,-2.14392,5.29694,0.13078,,,,,,,,,,,,,,,,,,,,,,,,,,,,,,,,,,,,,,,,,,,,,,,,,,,High,High,High,,,,,
324,2025-02-01,20:54:27.06,1,3,"De Jong, Chandler",1000132732,Right,HOP_INT,"Jaramillio, Malachai ",1000362664,Right,SOU_UNI,Undefined,8,Bottom,0,0,2,Slider,Curveball,BallCalled,Undefined,Undefined,Undefined,0,0,,80.17877,-0.994208,-3.001311,2161.182451,54.035253,7:45,5.92248,1.98344,5.59625,-47.05195,-3.24866,-6.22319,1.07188,-1.33987,74.44788,-9.521586,-4.112108,0.476349,,,,,,,,,,,,2.38839,-1.0748,-1.72175,50,5.80607,6.33847,-116.40103,-3.60596,3.29018,21.01893,-33.65463,SOU_UNI,HOP_INT,TedABroerStadium,NAIA,NAIA,20250201-TedABroerStadium-1,a2977e80-e108-11ef-bd34-fd2878f67622,79.12786,,,5.73089,,,,,,,78924947-b10b-4e7a-a348-8922e5fd05be,2025-02-02,01:54:27.06,2025-02-01T20:54:27.0665728-05:00,2025-02-02T01:54:27.0665728Z,,v3,,,,"Torres, Alejandro",1000399895,Right,HOP_INT,8792770f-e73d-459f-82aa-30707e827c2e,54.90573,-117.28353,10.50947,5.92781,-2.19294,-16.82732,-1.98497,6.20033,1.64509,,,,,,,,,,,,,,,,,,,,,,,,,,,,,,,,,,,,,,,,,,,,,,,,,,,High,High,High,,,,,
325,2025-02-01,20:54:42.01,1,4,"De Jong, Chandler",1000132732,Right,HOP_INT,"Jaramillio, Malachai ",1000362664,Right,SOU_UNI,Undefined,8,Bottom,0,1,2,Slider,Curveball,StrikeSwinging,Strikeout,Undefined,Undefined,0,0,,76.91378,0.164719,-2.101013,2128.933726,49.667834,7:45,6.27528,1.55351,5.60968,-59.0348,-10.42918,-14.30934,1.50957,-1.60091,70.06457,-10.572811,-4.660168,0.501781,,,,,,,,,,,,6.49197,-4.73666,-1.36473,50,6.25199,4.6439,-111.51404,-1.6529,8.00688,23.89315,-38.01601,SOU_UNI,HOP_INT,TedABroerStadium,NAIA,NAIA,20250201-TedABroerStadium-1,ab8c95c0-e108-11ef-bd34-fd2878f67622,75.11724,,,6.84921,,,,,,,78924947-b10b-4e7a-a348-8922e5fd05be,2025-02-02,01:54:42.01,2025-02-01T20:54:42.0186112-05:00,2025-02-02T01:54:42.0186112Z,,v3,,,,"Torres, Alejandro",1000399895,Right,HOP_INT,f012cde4-98a4-416c-89bd-9262afc6495f,54.89004,-112.55691,11.94658,6.28793,0.00639,-19.00801,-1.5598,4.29442,4.00344,,,,,,,,,,,,,,,,,,,,,,,,,,,,,,,,,,,,,,,,,,,,,,,,,,,High,High,High,,,,,
326,2025-02-01,20:55:14.18,2,1,"De Jong, Chandler",1000132732,Right,HOP_INT,"Gumieny, Jacob",1000124971,Right,SOU_UNI,Undefined,8,Bottom,1,0,0,Fastball,Sinker,StrikeCalled,Undefined,Undefined,Undefined,0,0,,88.65494,-2.017498,-4.05188,2176.57126,225.575562,1:30,6.15194,1.90943,5.85707,-15.8354,20.21202,19.32088,2.95241,-0.25135,80.20222,-5.066274,-0.59692,0.432124,,,,,,,,,,,,-11.03867,11.28422,-1.59116,50,5.97856,8.25507,-128.31882,-4.95795,-18.24815,28.66616,-13.52001,SOU_UNI,HOP_INT,TedABroerStadium,NAIA,NAIA,20250201-TedABroerStadium-1,bea38470-e108-11ef-bd34-fd2878f67622,87.22596,,,8.45272,,,,,,,78924947-b10b-4e7a-a348-8922e5fd05be,2025-02-02,01:55:14.18,2025-02-01T20:55:14.1848064-05:00,2025-02-02T01:55:14.1848064Z,,v3,,,,"Torres, Alejandro",1000399895,Right,HOP_INT,c85f9422-38bc-4779-9369-3befe48049b9,54.64034,-129.35131,14.33308,6.14837,-4.47099,-6.76001,-1.90033,8.91232,-9.12407,,,,,,,,,,,,,,,,,,,,,,,,,,,,,,,,,,,,,,,,,,,,,,,,,,,High,High,High,,,,,
327,2025-02-01,20:55:29.91,2,2,"De Jong, Chandler",1000132732,Right,HOP_INT,"Gumieny, Jacob",1000124971,Right,SOU_UNI,Undefined,8,Bottom,1,0,1,Fastball,Sinker,InPlay,Undefined,GroundBall,Single,0,0,,87.42638,-3.365399,-3.561183,2051.450323,228.782326,1:45,5.96011,2.05375,5.84017,-19.11442,17.9793,19.03237,1.22983,0.32581,79.40226,-6.984775,-0.154144,0.438351,86.38592,-7.743489,0.044207,,,,,9.40183,9.09285,-1.658548,0.067259,-10.81091,10.58634,-1.77473,50,5.67411,7.0798,-126.50015,-8.01563,-17.37917,27.71448,-15.15592,SOU_UNI,HOP_INT,TedABroerStadium,NAIA,NAIA,20250201-TedABroerStadium-1,c80937d0-e108-11ef-bd34-fd2878f67622,85.98698,1.14924,,8.02412,,,,0.94625,1.14924,-0.27864,78924947-b10b-4e7a-a348-8922e5fd05be,2025-02-02,01:55:29.91,2025-02-01T20:55:29.9106816-05:00,2025-02-02T01:55:29.9106816Z,GroundBall,v3,,,,"Torres, Alejandro",1000399895,Right,HOP_INT,2bc4e0a9-a9cc-4fa1-baf7-a3ad6f885777,54.6585,-127.51668,13.85724,5.95791,-7.45973,-7.57796,-2.0461,7.71724,-8.68958,180,0.94502,125.65779,,,,,,,,1.14941,-17.08674,,,,,,,,-0.27864,0.09695,,,,,,,,,,,,,,,,,,,,,,,,,,,,,,High,High,High,High,High,,,
328,2025-02-01,20:56:03.35,3,1,"De Jong, Chandler",1000132732,Right,HOP_INT,"Hinrikus, Tyler",1000098761,Right,SOU_UNI,Undefined,8,Bottom,1,0,0,Slider,Slider,StrikeCalled,Undefined,Undefined,Undefined,0,0,,80.213,-0.254616,-1.646809,1906.087215,113.704618,9:45,5.91376,2.02317,5.4828,-41.17542,2.81559,-3.36099,2.24415,0.20187,73.89874,-7.773834,-2.245897,0.477368,,,,,,,,,,,,1.24854,1.90173,-1.87639,50,5.86344,3.48202,-116.47246,-1.91542,1.71869,21.44815,-29.55621,SOU_UNI,HOP_INT,TedABroerStadium,NAIA,NAIA,20250201-TedABroerStadium-1,dbf577e0-e108-11ef-bd34-fd2878f67622,78.95887,,,6.31426,,,,,,,78924947-b10b-4e7a-a348-8922e5fd05be,2025-02-02,01:56:03.35,2025-02-01T20:56:03.3563648-05:00,2025-02-02T01:56:03.3563648Z,,v3,,,,"Torres, Alejandro",1000399895,Right,HOP_INT,b011e27a-da50-4a34-b0b1-80ef26424797,55.01625,-117.39256,10.72408,5.91842,-0.6475,-14.77811,-2.02418,3.4083,0.85934,,,,,,,,,,,,,,,,,,,,,,,,,,,,,,,,,,,,,,,,,,,,,,,,,,,High,High,High,,,,,
329,2025-02-01,20:56:19.13,3,2,"De Jong, Chandler",1000132732,Right,HOP_INT,"Hinrikus, Tyler",1000098761,Right,SOU_UNI,Undefined,8,Bottom,1,0,1,Slider,Slider,BallCalled,Undefined,Undefined,Undefined,0,0,,81.04125,-1.354418,-2.926622,1918.732454,169.283044,11:45,5.70077,2.19343,5.60881,-38.62404,5.23453,-0.68449,1.21598,-0.59776,73.30947,-8.465244,-3.048766,0.476649,,,,,,,,,,,,-0.63055,3.55079,-1.94258,50,5.56008,6.02441,-117.30912,-4.04821,-0.86179,26.16972,-27.3212,SOU_UNI,HOP_INT,TedABroerStadium,NAIA,NAIA,20250201-TedABroerStadium-1,e5658b80-e108-11ef-bd34-fd2878f67622,79.07799,,,7.73178,,,,,,,78924947-b10b-4e7a-a348-8922e5fd05be,2025-02-02,01:56:19.13,2025-02-01T20:56:19.1397376-05:00,2025-02-02T01:56:19.1397376Z,,v3,,,,"Torres, Alejandro",1000399895,Right,HOP_INT,8f716ca2-aaa5-4cb1-b09f-268322c9fa3b,54.88809,-118.39455,13.08486,5.70449,-2.91502,-13.6606,-2.19319,6.06015,-0.4309,,,,,,,,,,,,,,,,,,,,,,,,,,,,,,,,,,,,,,,,,,,,,,,,,,,High,High,High,,,,,
330,2025-02-01,20:56:36.88,3,3,"De Jong, Chandler",1000132732,Right,HOP_INT,"Hinrikus, Tyler",1000098761,Right,SOU_UNI,Undefined,8,Bottom,1,1,1,Fastball,Changeup,BallCalled,Undefined,Undefined,Undefined,0,0,,86.65259,-0.721096,-3.117468,1775.541986,230.493954,1:45,6.07015,2.04047,5.75637,-21.1456,16.58954,18.54434,3.63576,0.68108,78.51939,-4.721385,0.197585,0.442124,,,,,,,,,,,,-10.32532,9.03146,-1.79298,50,5.99757,6.04975,-125.60007,-2.22479,-16.3678,27.2552,-17.85728,SOU_UNI,HOP_INT,TedABroerStadium,NAIA,NAIA,20250201-TedABroerStadium-1,effa21f0-e108-11ef-bd34-fd2878f67622,85.25303,,,8.13319,,,,,,,78924947-b10b-4e7a-a348-8922e5fd05be,2025-02-02,01:56:36.88,2025-02-01T20:56:36.8823808-05:00,2025-02-02T01:56:36.8823808Z,,v3,,,,"Torres, Alejandro",1000399895,Right,HOP_INT,0085ec81-a8bc-4941-b3ae-74a96c8f58f9,54.74092,-126.62467,13.6276,6.06859,-1.55348,-8.92864,-2.03198,6.66507,-8.1839,,,,,,,,,,,,,,,,,,,,,,,,,,,,,,,,,,,,,,,,,,,,,,,,,,,High,High,High,,,,,
331,2025-02-01,20:56:54.14,3,4,"De Jong, Chandler",1000132732,Right,HOP_INT,"Hinrikus, Tyler",1000098761,Right,SOU_UNI,Undefined,8,Bottom,1,2,1,Fastball,Four-Seam,BallCalled,Undefined,Undefined,Undefined,0,0,,88.5857,-1.042177,-3.111191,2136.836268,208.861055,1:00,6.08515,2.11809,5.70105,-14.14938,22.09513,11.48044,3.93339,0.1729,80.08096,-3.786166,-1.062476,0.433304,,,,,,,,,,,,-6.73552,11.87418,-1.86399,50,5.98897,6.46908,-128.3327,-2.70105,-11.13482,28.71897,-12.54419,SOU_UNI,HOP_INT,TedABroerStadium,NAIA,NAIA,20250201-TedABroerStadium-1,fa3fd510-e108-11ef-bd34-fd2878f67622,86.98847,,,8.50474,,,,,,,78924947-b10b-4e7a-a348-8922e5fd05be,2025-02-02,01:56:54.14,2025-02-01T20:56:54.1436416-05:00,2025-02-02T01:56:54.1436416Z,,v3,,,,"Torres, Alejandro",1000399895,Right,HOP_INT,fd0d72ca-b56f-4dac-ad8c-b362e7884b06,54.79486,-129.40127,14.35948,6.08079,-2.23431,-6.2721,-2.1124,6.88338,-5.56741,,,,,,,,,,,,,,,,,,,,,,,,,,,,,,,,,,,,,,,,,,,,,,,,,,,High,High,High,,,,,
332,2025-02-01,20:57:11.00,3,5,"De Jong, Chandler",1000132732,Right,HOP_INT,"Hinrikus, Tyler",1000098761,Right,SOU_UNI,Undefined,8,Bottom,1,3,1,Slider,Slider,BallCalled,Walk,Undefined,Undefined,0,0,,79.53396,-1.387941,-1.352958,1985.452274,112.44564,9:45,5.86776,2.30468,5.44231,-40.86116,3.98941,-6.32784,1.16249,0.51031,73.43133,-8.826392,-2.480968,0.482009,,,,,,,,,,,,2.84504,2.76784,-2.18047,50,5.71664,2.97183,-115.47227,-4.16632,3.84544,21.28777,-28.43297,SOU_UNI,HOP_INT,TedABroerStadium,NAIA,NAIA,20250201-TedABroerStadium-1,044e99b0-e109-11ef-bd34-fd2878f67622,78.19857,,,6.10263,,,,,,,78924947-b10b-4e7a-a348-8922e5fd05be,2025-02-02,01:57:11.00,2025-02-01T20:57:11.0057984-05:00,2025-02-02T01:57:11.0057984Z,,v3,,,,"Torres, Alejandro",1000399895,Right,HOP_INT,32c5d706-3d65-4d04-bf96-f247229b4378,55.05785,-116.40097,10.64388,5.87134,-2.9259,-14.21649,-2.30646,2.80407,1.92272,,,,,,,,,,,,,,,,,,,,,,,,,,,,,,,,,,,,,,,,,,,,,,,,,,,High,High,High,,,,,
333,2025-02-01,20:57:42.04,4,1,"De Jong, Chandler",1000132732,Right,HOP_INT,"McMullen, Brock",823662,Right,SOU_UNI,Undefined,8,Bottom,1,0,0,Fastball,Four-Seam,FoulBallNotFieldable,Undefined,Undefined,Undefined,0,0,,87.13496,-3.243321,-3.195607,2093.007294,219.192006,1:15,5.96826,2.13726,5.98636,-15.76954,21.2006,16.25737,1.64021,0.52718,79.35087,-6.270724,-0.277393,0.43762,,,,,,,,,,,,-9.29607,12.21646,-1.89393,50,5.70305,6.38613,-126.20703,-7.57559,-14.92893,26.7208,-12.55518,SOU_UNI,HOP_INT,TedABroerStadium,NAIA,NAIA,20250201-TedABroerStadium-1,16cbe070-e109-11ef-bd34-fd2878f67622,86.13055,,,7.7841,,,,,,,78924947-b10b-4e7a-a348-8922e5fd05be,2025-02-02,01:57:42.04,2025-02-01T20:57:42.0446720-05:00,2025-02-02T01:57:42.0446720Z,,v3,,,,"Torres, Alejandro",1000399895,Right,HOP_INT,8605cc0f-7bee-49fc-ba76-b3f16a0b64fd,54.51245,-127.15883,13.3604,5.96493,-7.12837,-6.27759,-2.13087,6.9179,-7.46447,,,,,,,,,,,,,,,,,,,,,,,,,,,,,,,,,,,,,,,,,,,,,,,,,,,High,High,High,,,,,
334,2025-02-01,20:58:02.87,4,2,"De Jong, Chandler",1000132732,Right,HOP_INT,"McMullen, Brock",823662,Right,SOU_UNI,Undefined,8,Bottom,1,0,1,Slider,Slider,BallCalled,Undefined,Undefined,Undefined,0,0,,80.45469,0.602506,-3.438512,1969.336143,112.025797,9:45,5.93794,2.17341,5.41559,-41.37262,3.30276,-4.2676,3.05569,-1.40727,72.86403,-6.987819,-4.195446,0.481067,,,,,,,,,,,,1.03555,1.95516,-1.86448,50,5.96314,7.17089,-116.42273,-0.18851,1.40103,24.76927,-29.52889,SOU_UNI,HOP_INT,TedABroerStadium,NAIA,NAIA,20250201-TedABroerStadium-1,23349aa0-e109-11ef-bd34-fd2878f67622,78.35175,,,7.59066,,,,,,,78924947-b10b-4e7a-a348-8922e5fd05be,2025-02-02,01:58:02.87,2025-02-01T20:58:02.8792832-05:00,2025-02-02T01:58:02.8792832Z,,v3,,,,"Torres, Alejandro",1000399895,Right,HOP_INT,08422041-a994-4181-8903-507109c0403d,55.08042,-117.49863,12.38464,5.94347,1.09414,-14.76445,-2.17464,7.11003,0.70052,,,,,,,,,,,,,,,,,,,,,,,,,,,,,,,,,,,,,,,,,,,,,,,,,,,High,High,High,,,,,
335,2025-02-01,20:58:19.77,4,3,"De Jong, Chandler",1000132732,Right,HOP_INT,"McMullen, Brock",823662,Right,SOU_UNI,Undefined,8,Bottom,1,1,1,Curveball,Curveball,StrikeCalled,Undefined,Undefined,Undefined,0,0,,76.04554,0.949771,-0.77106,1807.521884,29.56473,7:00,6.14866,1.67826,5.5739,-58.44649,-9.28768,-6.17536,2.1654,0.44341,69.76495,-9.690426,-1.875758,0.504629,,,,,,,,,,,,2.8987,-4.53091,-1.60771,50,6.19199,1.71683,-110.43067,-0.08654,3.55038,21.15995,-37.72354,SOU_UNI,HOP_INT,TedABroerStadium,NAIA,NAIA,20250201-TedABroerStadium-1,2d522c50-e109-11ef-bd34-fd2878f67622,74.69338,,,6.28058,,,,,,,78924947-b10b-4e7a-a348-8922e5fd05be,2025-02-02,01:58:19.77,2025-02-01T20:58:19.7784064-05:00,2025-02-02T01:58:19.7784064Z,,v3,,,,"Torres, Alejandro",1000399895,Right,HOP_INT,e675bea4-7a97-4750-a452-2fd1554ea7bd,54.92747,-111.37084,10.57998,6.1586,1.58956,-18.86177,-1.68049,1.55908,1.77519,,,,,,,,,,,,,,,,,,,,,,,,,,,,,,,,,,,,,,,,,,,,,,,,,,,High,High,High,,,,,
336,2025-02-01,20:58:39.76,4,4,"De Jong, Chandler",1000132732,Right,HOP_INT,"McMullen, Brock",823662,Right,SOU_UNI,Undefined,8,Bottom,1,1,2,Fastball,Four-Seam,FoulBallNotFieldable,Undefined,Undefined,Undefined,0,0,,88.08233,-3.043787,-3.585586,2111.807342,206.921154,1:00,5.93646,2.10479,5.75807,-11.93469,25.1019,12.02032,2.10047,-0.2354,78.98434,-5.411935,-1.440019,0.438013,,,,,,,,,,,,-7.23867,14.12162,-1.81437,50,5.67636,7.44352,-127.26627,-7.0222,-11.6594,30.48217,-9.42826,SOU_UNI,HOP_INT,TedABroerStadium,NAIA,NAIA,20250201-TedABroerStadium-1,39367440-e109-11ef-bd34-fd2878f67622,86.05327,,,9.098,,,,,,,78924947-b10b-4e7a-a348-8922e5fd05be,2025-02-02,01:58:39.76,2025-02-01T20:58:39.7695488-05:00,2025-02-02T01:58:39.7695488Z,,v3,,,,"Torres, Alejandro",1000399895,Right,HOP_INT,28b96e90-1a90-46a9-a1d3-2e8f750ed811,54.73613,-128.39563,15.24109,5.93006,-6.67288,-4.71413,-2.09816,7.8755,-5.8297,,,,,,,,,,,,,,,,,,,,,,,,,,,,,,,,,,,,,,,,,,,,,,,,,,,High,High,High,,,,,
337,2025-02-01,20:59:14.51,4,5,"De Jong, Chandler",1000132732,Right,HOP_INT,"McMullen, Brock",823662,Right,SOU_UNI,Undefined,8,Bottom,1,1,2,Slider,Curveball,BallCalled,Undefined,Undefined,Undefined,0,0,,77.71491,-0.890136,-1.963361,1815.17699,28.120275,7:00,6.14044,1.70198,5.76614,-54.55042,-7.06552,-4.71382,0.76559,-0.51881,70.5367,-10.857571,-2.809944,0.495963,,,,,,,,,,,,1.73937,-2.89146,-1.5365,50,6.03356,4.03553,-112.65351,-3.50098,2.18088,25.10123,-35.79945,SOU_UNI,HOP_INT,TedABroerStadium,NAIA,NAIA,20250201-TedABroerStadium-1,4dee41b0-e109-11ef-bd34-fd2878f67622,75.99852,,,7.17821,,,,,,,78924947-b10b-4e7a-a348-8922e5fd05be,2025-02-02,01:59:14.51,2025-02-01T20:59:14.5127936-05:00,2025-02-02T01:59:14.5127936Z,,v3,,,,"Torres, Alejandro",1000399895,Right,HOP_INT,50d350ac-9344-4bac-b121-b691a4c63266,54.73349,-113.70332,12.55062,6.14867,-2.00373,-17.89972,-1.70338,3.94432,1.09044,,,,,,,,,,,,,,,,,,,,,,,,,,,,,,,,,,,,,,,,,,,,,,,,,,,High,High,High,,,,,
338,2025-02-01,20:59:34.19,4,6,"De Jong, Chandler",1000132732,Right,HOP_INT,"McMullen, Brock",823662,Right,SOU_UNI,Undefined,8,Bottom,1,2,2,Slider,Slider,InPlay,Undefined,GroundBall,Out,2,0,,81.34021,-1.079966,-2.0998,1953.13055,86.541387,9:00,5.93408,1.93064,5.46175,-42.42199,1.70563,-0.69228,1.38728,-0.09331,72.96463,-8.872357,-2.223202,0.478109,65.18022,-12.187232,-4.422115,,,,,8.67537,8.56683,-2.894803,0.071114,-0.41256,1.73079,-1.74518,50,5.81024,4.34315,-117.68053,-3.67615,-0.56191,28.30532,-29.81659,SOU_UNI,HOP_INT,TedABroerStadium,NAIA,NAIA,20250201-TedABroerStadium-1,59a78200-e109-11ef-bd34-fd2878f67622,78.83652,1.43842,,8.37557,,,,2.02398,1.43842,0.0754,78924947-b10b-4e7a-a348-8922e5fd05be,2025-02-02,01:59:34.19,2025-02-01T20:59:34.1934080-05:00,2025-02-02T01:59:34.1934080Z,GroundBall,v3,,,,"Torres, Alejandro",1000399895,Right,HOP_INT,2fe51996-b7e0-4074-aa0f-c825dbefec0a,55.03386,-118.88514,14.15266,5.93969,-2.40722,-14.90829,-1.93053,4.36706,-0.28096,180,2.02156,93.3763,,,,,,,,1.43895,-20.22711,,,,,,,,0.07558,-7.22117,,,,,,,,,,,,,,,,,,,,,,,,,,,,,,High,High,High,High,High,,,
339,2025-02-01,21:02:06.63,1,1,"Givens-Craig, Hayden",1000146243,Right,SOU_UNI,"Davis, Spencer",1000403010,Left,HOP_INT,Undefined,9,Top,0,0,0,Fastball,Four-Seam,InPlay,Undefined,GroundBall,Single,0,0,,84.39937,-2.07736,-3.209974,2191.802671,217.274674,1:15,5.9188,1.65553,5.85457,-20.44466,19.21174,13.57686,2.28106,-0.19868,76.66229,-5.956653,-0.779033,0.45324,94.83049,-9.286141,4.889087,,,,,13.6678,13.01279,5.678578,0.093586,-7.91752,10.85217,-1.40272,50,5.73803,6.31376,-122.28042,-5.02187,-11.9002,25.75888,-15.86301,SOU_UNI,HOP_INT,TedABroerStadium,NAIA,NAIA,20250201-TedABroerStadium-1,b48476b0-e109-11ef-bd34-fd2878f67622,83.16228,2.06307,,7.73709,,,,0.82993,2.06307,0.24344,78924947-b10b-4e7a-a348-8922e5fd05be,2025-02-02,02:02:06.63,2025-02-01T21:02:06.6356736-05:00,2025-02-02T02:02:06.6356736Z,GroundBall,v3,,,,"McMullen, Brock",823662,Right,SOU_UNI,2aa2fe24-e1f1-463a-b84e-d3255788ec46,54.64336,-123.25468,12.87944,5.91663,-4.42189,-7.9315,-1.65003,6.76385,-5.9501,185.466321,0.82992,136.76366,-3.24181,,,,,,,2.06304,-22.43936,4.22612,,,,,,,0.24344,11.69919,1.60805,,,,,,,,,,,,,,,,,,,,,,,,,,,,,High,High,High,Medium,High,,,
340,2025-02-01,21:02:47.35,2,1,"Givens-Craig, Hayden",1000146243,Right,SOU_UNI,"Francois, Julian",1000123825,Left,HOP_INT,Undefined,9,Top,0,0,0,Slider,Slider,BallCalled,Undefined,Undefined,Undefined,0,0,,74.35976,1.942406,-1.495129,2087.948816,180.840051,12:00,5.90439,2.02365,5.09067,-44.69498,7.01075,0.08094,4.01178,0.62097,68.61039,-6.192538,-1.480824,0.517536,,,,,,,,,,,,-0.41677,3.46339,-1.88235,50,6.05308,2.81323,-107.90343,2.19079,-0.49586,17.16738,-28.0534,SOU_UNI,HOP_INT,TedABroerStadium,NAIA,NAIA,20250201-TedABroerStadium-1,ccd0dc90-e109-11ef-bd34-fd2878f67622,72.83052,,,5.74937,,,,,,,78924947-b10b-4e7a-a348-8922e5fd05be,2025-02-02,02:02:47.35,2025-02-01T21:02:47.3564160-05:00,2025-02-02T02:02:47.3564160Z,,v3,,,,"McMullen, Brock",823662,Right,SOU_UNI,5a96fb1a-a28a-4eaf-ac9c-e9ffce2fb74d,55.40768,-108.76039,8.58369,5.90877,3.59115,-14.0267,-2.0234,2.83799,-0.24793,,,,,,,,,,,,,,,,,,,,,,,,,,,,,,,,,,,,,,,,,,,,,,,,,,,High,High,High,,,,,
341,2025-02-01,21:03:00.60,2,2,"Givens-Craig, Hayden",1000146243,Right,SOU_UNI,"Francois, Julian",1000123825,Left,HOP_INT,Undefined,9,Top,0,1,0,Fastball,Four-Seam,StrikeCalled,Undefined,Undefined,Undefined,0,0,,85.45591,-1.640285,-2.559622,2266.296224,216.955187,1:15,5.95687,1.59757,6.00043,-19.43804,19.0034,13.29611,2.81523,0.33229,77.52804,-5.349576,-0.170654,0.446243,,,,,,,,,,,,-7.5537,10.62993,-1.40312,50,5.81699,4.99469,-123.90578,-4.08206,-11.65118,26.56697,-15.77798,SOU_UNI,HOP_INT,TedABroerStadium,NAIA,NAIA,20250201-TedABroerStadium-1,d4aede80-e109-11ef-bd34-fd2878f67622,84.46623,,,7.92787,,,,,,,78924947-b10b-4e7a-a348-8922e5fd05be,2025-02-02,02:03:00.60,2025-02-01T21:03:00.6068736-05:00,2025-02-02T02:03:00.6068736Z,,v3,,,,"McMullen, Brock",823662,Right,SOU_UNI,7315b0c7-6030-4420-877f-92b59dc32223,54.49579,-124.86602,13.28349,5.95423,-3.51178,-7.88899,-1.59126,5.41581,-5.82559,,,,,,,,,,,,,,,,,,,,,,,,,,,,,,,,,,,,,,,,,,,,,,,,,,,High,High,High,,,,,
342,2025-02-01,21:03:14.89,2,3,"Givens-Craig, Hayden",1000146243,Right,SOU_UNI,"Francois, Julian",1000123825,Left,HOP_INT,Undefined,9,Top,0,1,1,Slider,Changeup,FoulBallNotFieldable,Undefined,Undefined,Undefined,0,0,,75.99142,0.148627,-4.055402,2871.058677,233.68064,1:45,5.59201,2.13917,5.32065,-36.94955,13.05217,15.39422,2.65272,-0.39014,69.01604,-6.673323,-1.329925,0.508937,68.59753,0.78733,47.904541,4997.576416,,,,44.40583,42.35935,48.524572,0.446108,-8.98241,6.98185,-1.78331,50,5.57916,7.20766,-109.96608,-0.8642,-10.91003,20.97129,-23.69387,SOU_UNI,HOP_INT,TedABroerStadium,NAIA,NAIA,20250201-TedABroerStadium-1,dd3b21d0-e109-11ef-bd34-fd2878f67622,74.06115,2.81807,,6.97537,,,,1.94436,2.792,0.55156,78924947-b10b-4e7a-a348-8922e5fd05be,2025-02-02,02:03:14.89,2025-02-01T21:03:14.8997120-05:00,2025-02-02T02:03:14.8997120Z,GroundBall,v3,,,,"McMullen, Brock",823662,Right,SOU_UNI,8a442ce5-a991-4cd7-bd40-5ee508564204,55.17757,-110.94908,10.48564,5.59364,0.24642,-11.84694,-2.13314,7.71906,-5.45502,,1.95176,67.21697,-12.73747,,,,,,,2.79757,1.21594,-16.80991,,,,,,,0.54991,74.69809,-3.02078,,,,,,,,,,,,,,,,,,,,,,,,,,,,,High,High,High,High,High,,,
343,2025-02-01,21:03:44.11,2,4,"Givens-Craig, Hayden",1000146243,Right,SOU_UNI,"Francois, Julian",1000123825,Left,HOP_INT,Undefined,9,Top,0,1,2,ChangeUp,Changeup,InPlay,Undefined,GroundBall,FieldersChoice,1,0,,78.45744,-0.729344,-2.982186,1607.575871,262.150252,2:45,5.66751,1.87418,5.21059,-42.91408,3.92894,17.2104,1.40451,0.50148,71.80913,-8.542234,0.069365,0.492599,68.87194,-13.394314,37.432145,,,,,7.64396,6.82511,25.523159,0.063539,-9.51292,2.60158,-1.61199,50,5.56767,5.2386,-113.71336,-2.91603,-12.39396,21.82071,-28.78455,SOU_UNI,HOP_INT,TedABroerStadium,NAIA,NAIA,20250201-TedABroerStadium-1,eea7bbe0-e109-11ef-bd34-fd2878f67622,76.51742,1.48993,,6.64831,,,,1.9296,1.48993,-0.50945,78924947-b10b-4e7a-a348-8922e5fd05be,2025-02-02,02:03:44.11,2025-02-01T21:03:44.1190400-05:00,2025-02-02T02:03:44.1190400Z,GroundBall,v3,,,,"McMullen, Brock",823662,Right,SOU_UNI,9eeb9525-af42-42c9-95d2-eb39328a6108,55.28937,-114.72386,10.91036,5.67184,-1.58304,-14.39227,-1.86788,5.81255,-6.19698,180,1.92791,78.19418,,,,,,,,1.49044,-23.44906,,,,,,,,-0.51074,59.85351,,,,,,,,,,,,,,,,,,,,,,,,,,,,,,High,High,High,Low,Low,,,
344,2025-02-01,21:04:20.55,3,1,"Givens-Craig, Hayden",1000146243,Right,SOU_UNI,"Shackelford, David",1000114732,Right,HOP_INT,Undefined,9,Top,1,0,0,ChangeUp,Slider,BallCalled,Undefined,Undefined,Undefined,0,0,,76.33107,-0.852644,-2.612156,2062.376352,202.157213,12:45,5.96041,1.78685,5.03072,-45.91951,5.18406,1.26224,1.32841,-0.57427,68.33981,-9.243394,-2.389133,0.514514,,,,,,,,,,,,-1.58516,3.47666,-1.53809,50,5.84276,4.97836,-110.25011,-3.1949,-1.89188,25.13795,-28.02463,SOU_UNI,HOP_INT,TedABroerStadium,NAIA,NAIA,20250201-TedABroerStadium-1,04592b90-e10a-11ef-bd34-fd2878f67622,73.25839,,,7.99127,,,,,,,78924947-b10b-4e7a-a348-8922e5fd05be,2025-02-02,02:04:20.55,2025-02-01T21:04:20.5506560-05:00,2025-02-02T02:04:20.5506560Z,,v3,,,,"McMullen, Brock",823662,Right,SOU_UNI,004f898d-81f5-4e99-b789-eeced5047305,55.46295,-111.48875,12.56898,5.96617,-1.81402,-14.01232,-1.78569,5.07158,-0.94594,,,,,,,,,,,,,,,,,,,,,,,,,,,,,,,,,,,,,,,,,,,,,,,,,,,High,High,High,,,,,
345,2025-02-01,21:04:33.62,3,2,"Givens-Craig, Hayden",1000146243,Right,SOU_UNI,"Shackelford, David",1000114732,Right,HOP_INT,Undefined,9,Top,1,1,0,Fastball,Four-Seam,BallCalled,Undefined,Undefined,Undefined,0,0,,83.43617,-1.150624,-2.422286,2073.770895,208.640339,1:00,6.02382,1.25056,6.10338,-20.29706,19.81096,10.07225,3.26721,-0.15153,75.76479,-5.030692,-0.609175,0.455813,,,,,,,,,,,,-5.88563,10.94957,-1.0693,50,5.92454,4.72404,-121.03627,-2.96341,-8.67064,25.14936,-16.04331,SOU_UNI,HOP_INT,TedABroerStadium,NAIA,NAIA,20250201-TedABroerStadium-1,0c1fade0-e10a-11ef-bd34-fd2878f67622,82.69269,,,7.67137,,,,,,,78924947-b10b-4e7a-a348-8922e5fd05be,2025-02-02,02:04:33.62,2025-02-01T21:04:33.6244224-05:00,2025-02-02T02:04:33.6244224Z,,v3,,,,"McMullen, Brock",823662,Right,SOU_UNI,93e30318-c687-4a77-89e2-4ff82d2eab85,54.39264,-121.94557,12.57468,6.0212,-2.38334,-8.02165,-1.24577,5.03753,-4.33532,,,,,,,,,,,,,,,,,,,,,,,,,,,,,,,,,,,,,,,,,,,,,,,,,,,High,High,High,,,,,
346,2025-02-01,21:04:49.43,3,3,"Givens-Craig, Hayden",1000146243,Right,SOU_UNI,"Shackelford, David",1000114732,Right,HOP_INT,Undefined,9,Top,1,2,0,Slider,Slider,StrikeCalled,Undefined,Undefined,Undefined,0,0,,77.55091,0.35972,-2.381381,2156.914846,166.552137,11:30,5.84716,1.68727,5.13712,-41.59109,6.51662,-1.17689,2.72027,-0.65454,70.78918,-7.233872,-2.589507,0.499205,,,,,,,,,,,,-0.11516,3.62351,-1.46302,50,5.84909,4.72088,-112.37239,-0.70502,-0.14646,21.39339,-27.5659,SOU_UNI,HOP_INT,TedABroerStadium,NAIA,NAIA,20250201-TedABroerStadium-1,15962a20-e10a-11ef-bd34-fd2878f67622,75.50497,,,6.76173,,,,,,,78924947-b10b-4e7a-a348-8922e5fd05be,2025-02-02,02:04:49.43,2025-02-01T21:04:49.4330368-05:00,2025-02-02T02:04:49.4330368Z,,v3,,,,"McMullen, Brock",823662,Right,SOU_UNI,c95cfd71-38e9-4873-817f-9c7b30808c53,55.35965,-113.38816,10.69669,5.85149,0.60383,-13.78295,-1.68734,4.72783,-0.07323,,,,,,,,,,,,,,,,,,,,,,,,,,,,,,,,,,,,,,,,,,,,,,,,,,,High,High,High,,,,,
347,2025-02-01,21:05:03.05,3,4,"Givens-Craig, Hayden",1000146243,Right,SOU_UNI,"Shackelford, David",1000114732,Right,HOP_INT,Undefined,9,Top,1,2,1,ChangeUp,Changeup,BallCalled,Undefined,Undefined,Undefined,0,0,,76.48017,-1.129656,-4.009791,1439.101649,277.26189,3:15,5.56411,1.9356,5.2856,-49.44763,-0.36717,15.19087,0.37992,-0.5701,70.50068,-10.075897,-1.314061,0.504227,,,,,,,,,,,,-8.82319,0.5148,-1.58147,50,5.42425,7.19264,-110.79724,-3.83644,-10.95265,20.05237,-31.53497,SOU_UNI,HOP_INT,TedABroerStadium,NAIA,NAIA,20250201-TedABroerStadium-1,1db4de90-e10a-11ef-bd34-fd2878f67622,74.75299,,,5.97949,,,,,,,78924947-b10b-4e7a-a348-8922e5fd05be,2025-02-02,02:05:03.05,2025-02-01T21:05:03.0524416-05:00,2025-02-02T02:05:03.0524416Z,,v3,,,,"McMullen, Brock",823662,Right,SOU_UNI,31cefb14-b538-4d80-9597-3145b7135180,55.21603,-111.73727,10.02618,5.56945,-2.35813,-15.76749,-1.93068,7.70609,-5.47633,,,,,,,,,,,,,,,,,,,,,,,,,,,,,,,,,,,,,,,,,,,,,,,,,,,High,High,High,,,,,
348,2025-02-01,21:05:27.17,3,5,"Givens-Craig, Hayden",1000146243,Right,SOU_UNI,"Shackelford, David",1000114732,Right,HOP_INT,Undefined,9,Top,1,3,1,Fastball,Four-Seam,StrikeCalled,Undefined,Undefined,Undefined,0,0,,85.59046,-2.923736,-3.608607,2222.764443,207.421272,1:00,5.94406,1.49479,5.93533,-16.08477,22.49781,10.96197,1.88349,-0.94393,77.58823,-6.023812,-1.645087,0.447061,,,,,,,,,,,,-6.67764,12.79119,-1.21253,50,5.70104,7.35913,-123.84547,-6.73836,-10.28445,26.66136,-12.47389,SOU_UNI,HOP_INT,TedABroerStadium,NAIA,NAIA,20250201-TedABroerStadium-1,2c11c7a0-e10a-11ef-bd34-fd2878f67622,84.31159,,,8.00223,,,,,,,78924947-b10b-4e7a-a348-8922e5fd05be,2025-02-02,02:05:27.17,2025-02-01T21:05:27.1770624-05:00,2025-02-02T02:05:27.1770624Z,,v3,,,,"McMullen, Brock",823662,Right,SOU_UNI,c3857e73-e8ba-4abf-ac3d-eca9c74b06a5,54.56082,-124.82346,13.33068,5.93982,-6.28079,-6.23695,-1.4894,7.73638,-5.14222,,,,,,,,,,,,,,,,,,,,,,,,,,,,,,,,,,,,,,,,,,,,,,,,,,,High,High,High,,,,,
349,2025-02-01,21:05:56.49,3,6,"Givens-Craig, Hayden",1000146243,Right,SOU_UNI,"Shackelford, David",1000114732,Right,HOP_INT,Undefined,9,Top,1,3,2,Slider,Slider,StrikeSwinging,Strikeout,Undefined,Undefined,0,0,,77.88408,-1.362729,-2.699994,2196.043528,122.724857,10:00,5.82105,1.84563,5.34905,-43.33632,3.87114,-3.67583,0.92985,-0.99505,71.69182,-9.235267,-3.353173,0.494512,,,,,,,,,,,,1.09004,2.7239,-1.59961,50,5.66705,5.46533,-112.92088,-4.12449,1.40272,21.20834,-28.66882,SOU_UNI,HOP_INT,TedABroerStadium,NAIA,NAIA,20250201-TedABroerStadium-1,3d93e580-e10a-11ef-bd34-fd2878f67622,76.2215,,,6.19225,,,,,,,78924947-b10b-4e7a-a348-8922e5fd05be,2025-02-02,02:05:56.49,2025-02-01T21:05:56.4981248-05:00,2025-02-02T02:05:56.4981248Z,,v3,,,,"McMullen, Brock",823662,Right,SOU_UNI,b0202825-0ac0-4d64-b54d-717fe371d28a,55.15095,-113.88421,10.60417,5.82481,-2.8223,-14.33441,-1.84641,5.40162,0.70136,,,,,,,,,,,,,,,,,,,,,,,,,,,,,,,,,,,,,,,,,,,,,,,,,,,High,High,High,,,,,
350,2025-02-01,21:06:25.52,4,1,"Givens-Craig, Hayden",1000146243,Right,SOU_UNI,"Boston, Trotter",1000269934,Left,HOP_INT,Undefined,9,Top,2,0,0,Fastball,Four-Seam,StrikeCalled,Undefined,Undefined,Undefined,0,0,,86.57021,-3.102321,-1.738064,2321.123669,207.633657,1:00,5.9212,1.63091,5.96772,-15.31418,22.16104,10.92666,1.76454,0.9295,78.73868,-6.051534,0.225175,0.440599,,,,,,,,,,,,-6.09918,12.65733,-1.49912,50,5.66652,3.35749,-125.47825,-7.18698,-9.66564,26.81443,-12.1154,SOU_UNI,HOP_INT,TedABroerStadium,NAIA,NAIA,20250201-TedABroerStadium-1,4ed46680-e10a-11ef-bd34-fd2878f67622,85.5482,,,7.83154,,,,,,,78924947-b10b-4e7a-a348-8922e5fd05be,2025-02-02,02:06:25.52,2025-02-01T21:06:25.5222272-05:00,2025-02-02T02:06:25.5222272Z,,v3,,,,"McMullen, Brock",823662,Right,SOU_UNI,d6c84dbf-bb17-4a18-94b3-a51a1588dfb7,54.52911,-126.4424,13.40721,5.9171,-6.75135,-6.0577,-1.62609,3.70503,-4.83282,,,,,,,,,,,,,,,,,,,,,,,,,,,,,,,,,,,,,,,,,,,,,,,,,,,High,High,High,,,,,
351,2025-02-01,21:06:41.60,4,2,"Givens-Craig, Hayden",1000146243,Right,SOU_UNI,"Boston, Trotter",1000269934,Left,HOP_INT,Undefined,9,Top,2,0,1,Slider,Splitter,BallCalled,Undefined,Undefined,Undefined,0,0,,79.7642,-1.097179,-5.009257,903.883327,219.947474,1:15,5.60234,2.12384,5.21829,-27.42517,18.16391,13.89713,2.28122,-1.43999,72.49224,-6.190779,-2.559172,0.485961,,,,,,,,,,,,-8.36434,9.83709,-1.67111,50,5.48068,9.52313,-115.23053,-3.07953,-11.1952,22.31935,-19.00769,SOU_UNI,HOP_INT,TedABroerStadium,NAIA,NAIA,20250201-TedABroerStadium-1,586aede0-e10a-11ef-bd34-fd2878f67622,77.56261,,,7.27196,,,,,,,78924947-b10b-4e7a-a348-8922e5fd05be,2025-02-02,02:06:41.60,2025-02-01T21:06:41.6045056-05:00,2025-02-02T02:06:41.6045056Z,,v3,,,,"McMullen, Brock",823662,Right,SOU_UNI,224f3c69-042f-403a-8066-169f6f62d940,55.27796,-116.24834,11.15968,5.60135,-2.21274,-9.50385,-2.11702,10.03366,-5.5976,,,,,,,,,,,,,,,,,,,,,,,,,,,,,,,,,,,,,,,,,,,,,,,,,,,High,High,High,,,,,
352,2025-02-01,21:06:57.98,4,3,"Givens-Craig, Hayden",1000146243,Right,SOU_UNI,"Boston, Trotter",1000269934,Left,HOP_INT,Undefined,9,Top,2,1,1,Fastball,Four-Seam,StrikeSwinging,Undefined,Undefined,Undefined,0,0,,85.58718,-0.498373,-2.447034,2254.06088,210.756672,1:00,5.88644,1.84669,5.89629,-17.79973,20.78828,11.55843,3.94001,0.53667,77.24079,-3.925566,-0.374865,0.447093,,,,,,,,,,,,-6.63296,11.16012,-1.6561,50,5.83614,4.81966,-124.0741,-1.54763,-10.22026,27.50183,-14.97817,SOU_UNI,HOP_INT,TedABroerStadium,NAIA,NAIA,20250201-TedABroerStadium-1,622fd840-e10a-11ef-bd34-fd2878f67622,84.30564,,,8.34639,,,,,,,78924947-b10b-4e7a-a348-8922e5fd05be,2025-02-02,02:06:57.98,2025-02-01T21:06:57.9856896-05:00,2025-02-02T02:06:57.9856896Z,,v3,,,,"McMullen, Brock",823662,Right,SOU_UNI,86155771-e201-418c-a291-0b35ef51ab2b,54.59904,-125.08935,13.75092,5.88307,-0.9947,-7.48908,-1.84099,5.19695,-5.11013,,,,,,,,,,,,,,,,,,,,,,,,,,,,,,,,,,,,,,,,,,,,,,,,,,,High,High,High,,,,,
353,2025-02-01,21:07:15.10,4,4,"Givens-Craig, Hayden",1000146243,Right,SOU_UNI,"Boston, Trotter",1000269934,Left,HOP_INT,Undefined,9,Top,2,1,2,ChangeUp,Splitter,InPlay,Undefined,GroundBall,Out,1,0,,78.38083,-1.160778,-3.142327,943.581867,249.80706,2:15,5.47663,2.2504,5.04374,-39.25404,8.07434,17.57588,1.10872,0.74798,71.57964,-8.311989,-0.036954,0.495145,62.10578,9.448278,15.934127,1673.222531,,,,95.31625,93.58454,18.544343,1.152487,-9.70406,4.79654,-1.96545,50,5.33463,5.51912,-113.50939,-3.65054,-12.58251,21.97511,-25.95474,SOU_UNI,HOP_INT,TedABroerStadium,NAIA,NAIA,20250201-TedABroerStadium-1,6c6f97f0-e10a-11ef-bd34-fd2878f67622,76.1241,5.13828,,6.80119,,,,1.76848,1.20848,-0.74145,78924947-b10b-4e7a-a348-8922e5fd05be,2025-02-02,02:07:15.10,2025-02-01T21:07:15.1095808-05:00,2025-02-02T02:07:15.1095808Z,GroundBall,v3,,,,"McMullen, Brock",823662,Right,SOU_UNI,de2551e1-2a97-44bb-b334-ca9f29b9988d,55.45551,-114.5607,10.98755,5.47957,-2.40885,-12.97737,-2.24389,6.12108,-6.29125,238.601665,1.76848,86.40031,-9.8838,1.72138,-0.32007,0.03981,0.00325,-0.00383,0.00091,1.20848,14.95281,-14.49954,0.55527,-0.03161,0.01326,-0.00338,0.00206,-0.0005,-0.74145,24.66743,2.58467,-0.71059,0.19517,-0.03541,0.00319,0.00108,-0.00038,,,,,,,,,,,,,,,,,,,,,,,High,High,High,High,High,,,